name,kind,size
$_TypeDescriptor$_extraBytes_20,struct,28
$_TypeDescriptor$_extraBytes_24,struct,32
$_s__RTTIBaseClassArray$_extraBytes_4,struct,5
$_s__RTTIBaseClassArray$_extraBytes_8,struct,9
<unnamed-tag_0000108D>,struct,16
<unnamed-tag_00001108>,union,4
<unnamed-tag_00001195>,struct,8
<unnamed-tag_00001197>,union,16
<unnamed-tag_000011C4>,struct,16
<unnamed-tag_000011D1>,struct,16
<unnamed-tag_000011E4>,struct,20
<unnamed-tag_00001235>,struct,8
<unnamed-tag_00001237>,union,8
<unnamed-tag_000012B0>,union,4
<unnamed-tag_00001348>,struct,8
<unnamed-tag_0000153C>,struct,4
<unnamed-tag_0000153E>,union,4
<unnamed-tag_00001590>,struct,2
<unnamed-tag_00001663>,struct,24
<unnamed-tag_00001689>,struct,24
<unnamed-tag_000023CE>,struct,8
<unnamed-tag_00002E14>,struct,8
<unnamed-tag_00002E25>,struct,2
<unnamed-tag_0000522B>,struct,32
<unnamed-tag_0000522F>,struct,8
<unnamed-tag_0000523F>,struct,4
<unnamed-tag_00005242>,struct,16
<unnamed-tag_00005244>,struct,20
<unnamed-tag_00005247>,struct,4
<unnamed-tag_0000524E>,struct,4
<unnamed-tag_00005281>,struct,12
<unnamed-tag_00005C07>,struct,8
<unnamed-tag_00006933>,struct,8
<unnamed-tag_00006937>,struct,8
<unnamed-tag_0000BCDD>,struct,16
<unnamed-tag_0000BCDE>,struct,16
<unnamed-tag_0000BD0C>,struct,8
<unnamed-tag_0000BD0E>,union,8
<unnamed-tag_0000BDDA>,union,24
<unnamed-tag_0000BE04>,struct,4
<unnamed-tag_0000BE05>,struct,4
<unnamed-tag_0000BE07>,union,4
<unnamed-tag_0000BE0F>,union,4
<unnamed-tag_0000BE12>,struct,4
<unnamed-tag_0000BE14>,union,4
<unnamed-tag_0000BE15>,struct,8
<unnamed-tag_0000BE16>,struct,8
<unnamed-tag_0000BE18>,union,8
<unnamed-tag_0000BE1A>,struct,18
<unnamed-tag_0000BE1B>,struct,18
<unnamed-tag_0000BE1C>,struct,16
<unnamed-tag_0000BEB0>,struct,8
<unnamed-tag_0000BEB1>,struct,16
<unnamed-tag_0000BEB2>,struct,8
<unnamed-tag_0000BED4>,struct,80
<unnamed-tag_0000BED7>,union,4
<unnamed-tag_0000BF26>,union,4
<unnamed-tag_0000BF2E>,struct,4
<unnamed-tag_0000BF30>,union,4
<unnamed-tag_0000C162>,union,4
<unnamed-tag_0000C1A2>,union,4
<unnamed-tag_0000C1A5>,struct,48
<unnamed-tag_0000C31D>,struct,8
<unnamed-tag_0000C31F>,union,8
<unnamed-tag_0000C32A>,union,4
<unnamed-tag_0000C32D>,struct,1
<unnamed-tag_0000C32E>,struct,4
<unnamed-tag_0000C339>,union,4
<unnamed-tag_0000C393>,struct,16
<unnamed-tag_0000C39C>,struct,4
<unnamed-tag_0000C39D>,struct,2
<unnamed-tag_0000C3CC>,struct,8
<unnamed-tag_0000C3CD>,struct,6
<unnamed-tag_0000C3CE>,struct,40
<unnamed-tag_0000C55A>,struct,12
<unnamed-tag_0000C682>,struct,8
<unnamed-tag_0000C683>,struct,4
<unnamed-tag_0000C685>,union,8
<unnamed-tag_0000C7CD>,union,8
<unnamed-tag_0000C80B>,struct,4
<unnamed-tag_0000C80C>,struct,4
<unnamed-tag_0000C80E>,union,4
<unnamed-tag_0000C811>,union,84
<unnamed-tag_0000C8D4>,struct,8
<unnamed-tag_0000C8D5>,struct,16
<unnamed-tag_0000C983>,struct,8
<unnamed-tag_0000C99E>,union,2
<unnamed-tag_0000C9BC>,struct,20
<unnamed-tag_0000C9BD>,struct,32
<unnamed-tag_0000CB9B>,union,16
<unnamed-tag_0000CBB7>,union,1
<unnamed-tag_0000CBB7>_s_1,struct,1
<unnamed-tag_0000CC6E>,union,24
<unnamed-tag_0000CC6E>_s_0,struct,8
<unnamed-tag_0000CC6E>_s_1,struct,8
<unnamed-tag_0000CC6F>,union,24
<unnamed-tag_0000CC7B>,union,8
<unnamed-tag_0000CD70>,union,4
<unnamed-tag_0000CE87>,struct,6
<unnamed-tag_0000CE88>,struct,4
<unnamed-tag_0000CF28>,struct,1
<unnamed-tag_0000CF5A>,struct,32
<unnamed-tag_0000CF5B>,struct,2
<unnamed-tag_0000CF5D>,union,2
<unnamed-tag_0000CF5F>,struct,20
<unnamed-tag_0000CF61>,union,32
<unnamed-tag_0000CFE7>,union,2
<unnamed-tag_0000CFE7>_s_1,struct,2
<unnamed-tag_0000D263>,union,16
<unnamed-tag_0000D4DD>,union,8
<unnamed-tag_0000D897>,struct,4
<unnamed-tag_0000D8D3>,union,8
<unnamed-tag_0000DE57>,struct,16
<unnamed-tag_00011054>,struct,12
<unnamed-type-APC>,struct,8
<unnamed-type-Allocate>,struct,40
<unnamed-type-Array>,struct,8
<unnamed-type-BitmapWritesUserLevel>,struct,6
<unnamed-type-Bits>,struct,4
<unnamed-type-Block>,struct,16
<unnamed-type-BlockPrefetch>,struct,4
<unnamed-type-Bounds>,union,24
<unnamed-type-Bounds>_s_0,struct,8
<unnamed-type-Bounds>_s_1,struct,8
<unnamed-type-BusSpecificData>,union,2
<unnamed-type-ByName>,struct,20
<unnamed-type-ByObjectId>,struct,32
<unnamed-type-Bytes>,struct,4
<unnamed-type-COMPASS_DIR>,struct,8
<unnamed-type-CURSOR_MAP>,struct,8
<unnamed-type-Char>,union,2
<unnamed-type-Data>,struct,8
<unnamed-type-DeviceSpecific>,union,32
<unnamed-type-DiskInfo>,struct,32
<unnamed-type-Event>,union,16
<unnamed-type-Extents>,struct,16
<unnamed-type-FcnAry>,union,8
<unnamed-type-File>,struct,18
<unnamed-type-Flags>,union,2
<unnamed-type-Flags>_s_1,struct,1
<unnamed-type-Function>,struct,8
<unnamed-type-GenericReparseBuffer>,struct,1
<unnamed-type-Gpt>,struct,16
<unnamed-type-HARDPOINT_INFO>,struct,8
<unnamed-type-HWND>,struct,8
<unnamed-type-HighWord>,union,4
<unnamed-type-IMPLICIT_HANDLE_INFO>,union,4
<unnamed-type-IOC>,struct,16
<unnamed-type-LnSz>,struct,4
<unnamed-type-MAP_NUMBER>,struct,8
<unnamed-type-Mbr>,struct,8
<unnamed-type-Metrics>,union,24
<unnamed-type-Mft2WritesUserLevel>,struct,8
<unnamed-type-MftBitmapWritesUserLevel>,struct,8
<unnamed-type-MftWritesUserLevel>,struct,8
<unnamed-type-Misc>,union,4
<unnamed-type-MultiSampleCaps>,struct,4
<unnamed-type-N>,union,8
<unnamed-type-NDR_SCONTEXT>,struct,12
<unnamed-type-Name>,struct,8
<unnamed-type-NotifyData>,union,8
<unnamed-type-NumaNode>,struct,4
<unnamed-type-PR_IN>,struct,4
<unnamed-type-PR_OUT>,struct,2
<unnamed-type-ProcessorCore>,struct,1
<unnamed-type-RADAR_BACKGROUND>,struct,8
<unnamed-type-RADAR_NUMBER>,struct,8
<unnamed-type-RADAR_PING>,struct,16
<unnamed-type-RING_MAPS>,struct,12
<unnamed-type-Region>,struct,16
<unnamed-type-RemovableDiskInfo>,struct,32
<unnamed-type-S_un>,union,4
<unnamed-type-S_un_b>,struct,4
<unnamed-type-S_un_w>,struct,4
<unnamed-type-Samples>,union,2
<unnamed-type-ScalarPrefetch>,struct,6
<unnamed-type-ScsiInformation>,struct,2
<unnamed-type-Section>,struct,16
<unnamed-type-Sym>,struct,18
<unnamed-type-TITLE_TEXT>,struct,8
<unnamed-type-TapeInfo>,struct,20
<unnamed-type-Target>,struct,48
<unnamed-type-TxfFileId>,struct,16
<unnamed-type-Type>,union,4
<unnamed-type-UNIT_TYPE>,struct,16
<unnamed-type-UNIT_TYPE_INFO>,struct,16
<unnamed-type-ai>,struct,32
<unnamed-type-data>,union,24
<unnamed-type-dist>,union,4
<unnamed-type-gsBytes>,struct,4
<unnamed-type-i>,struct,8
<unnamed-type-l>,struct,2
<unnamed-type-lc_category>,struct,16
<unnamed-type-midi>,struct,4
<unnamed-type-move>,struct,8
<unnamed-type-partinfo>,struct,16
<unnamed-type-parts>,struct,4
<unnamed-type-prereq>,struct,20
<unnamed-type-propertyBlob>,struct,8
<unnamed-type-resource>,struct,4
<unnamed-type-s>,struct,12
<unnamed-type-smpte>,struct,8
<unnamed-type-storage>,union,4
<unnamed-type-u1>,union,4
<unnamed-type-u>,union,84
<unnamed-type-uChar>,union,2
<unnamed-type-undoTile>,struct,6
<unnamed-type-value>,union,8
<unnamed-type-weaponinfo>,struct,4
ACTIVE_BOLT,struct,7224
AGG_PING_PACKET,struct,276
AIBUILD,struct,1252
AIController,struct,1
AIScheduleFeature,struct,40
ANALOG_SINK,struct,52
ANALOG_SOURCE,struct,128
ANON_OBJECT_HEADER,struct,32
ANON_OBJECT_HEADER_V2,struct,44
AOI,struct,24
APC,struct,720
APCAttack,struct,312
APCClass,struct,984
APCClass.conflict,struct,992
APCEnemy,struct,88
APCFriend,struct,88
APCProcess,struct,88
APC_STATE_PACKET,struct,1
ARRAY_INFO,struct,24
ASSOCIATIONELEMENT_,struct,12
AUDIOPREFS,struct,60
ActionInfo,struct,36
ActionMode,struct,1
Addr,struct,16
AdjustItem,struct,4
AdjustVar,struct,4
AiCmdInfo,struct,24
AiMission,struct,64
AiMissionClass,struct,8
AiPath,struct,28
AiProcess,struct,20
AiTask,struct,12
AiTaskAdjItem,struct,8
AiTaskItem,struct,20
AiUtilFeature,struct,40
AmmoPowerup,struct,552
AmmoPowerupClass,struct,376
AnchorRocket,struct,304
AnchorRocketClass,struct,192
AnimBuilding,struct,568
AnimBuildingClass,struct,352
AnimButton,struct,332
AnimMCIMovie,struct,24
AnimSprite,struct,56
Area,struct,16
Armory,struct,816
ArmoryClass,struct,1208
ArmoryClass.conflict,struct,1216
ArmoryProcess,struct,72
Artifact,struct,560
ArtifactClass,struct,352
ArtilleryEnemy,struct,124
ArtilleryFriend,struct,124
ArtilleryProcess,struct,124
Assignment,struct,12
AsyncIAdviseSink,struct,4
AsyncIAdviseSink.conflict,struct,4
AsyncIAdviseSink2,struct,4
AsyncIAdviseSink2.conflict,struct,4
AsyncIAdviseSink2Vtbl,struct,60
AsyncIAdviseSinkVtbl,struct,52
AsyncIMultiQI,struct,4
AsyncIMultiQI.conflict,struct,4
AsyncIMultiQIVtbl,struct,20
AsyncIPipeByte,struct,4
AsyncIPipeByte.conflict,struct,4
AsyncIPipeByteVtbl,struct,28
AsyncIPipeDouble,struct,4
AsyncIPipeDouble.conflict,struct,4
AsyncIPipeDoubleVtbl,struct,28
AsyncIPipeLong,struct,4
AsyncIPipeLong.conflict,struct,4
AsyncIPipeLongVtbl,struct,28
AsyncIUnknown,struct,4
AsyncIUnknown.conflict,struct,4
AsyncIUnknownVtbl,struct,36
Attachable,struct,32
AttachableClass,struct,4
Attachment,struct,4
AttackGroup,struct,36
AttackTask,struct,324
AttackerInfo,struct,8
AudMsgInfo,struct,8
AudioMessageMgr,struct,100
BANDWIDTH_PACKET,struct,8
BASE_STRUCT,struct,6
BATTERY_REPORTING_SCALE,struct,8
BBOX,struct,24
BITMAPV4HEADER,struct,108
BITMAPV5HEADER,struct,124
BITMAP_BLIT_STRUCT,struct,52
BOLT_SEG,struct,4
BOLT_SET,struct,40
BOUNDING_LINE,struct,24
BOX_INFO,struct,120
BSMINFO,struct,20
BSP_CONTAINER,struct,8
BSP_POLYGON,struct,72
BSP_POLYGON.conflict,struct,48
BUILD_LIST,struct,812
BUILD_LIST_NODE,struct,20
BUILD_LIST_NODE_u_16,union,4
BUILD_TYPE_RESOURCE,struct,4
BULK_SECURITY_TEST_DATA,struct,8
Barracks,struct,568
BarracksClass,struct,360
Beam,struct,256
BeamClass,struct,128
BeamGun,struct,192
BeamGunClass,struct,128
BeamPacket,struct,1
BettyVoice,struct,532
BitNum,union,8
Blob,struct,20
BlockCnt,struct,12
BlockingInfo,struct,28
Bolt,struct,256
BoltClass,struct,136
BoltEmitter,struct,4156
BoltSeg,struct,4
BomberEnemy,struct,120
BomberFriend,struct,120
BomberProcess,struct,120
BounceBomb,struct,232
BounceBombClass,struct,200
BoundingBox,struct,12
BroadcastState,struct,20
BucketItem,struct,20
BucketSlot,struct,2564
BuildAttachment,struct,60
BuildGoto,struct,348
BuildItem,struct,36
Building,struct,560
BuildingClass,struct,352
BuildingTypeAttachment,struct,8
Bullet,struct,224
BulletClass,struct,112
CAMERA,struct,472
CCallS,struct,8
CClosure,struct,40
CD3D10_BUFFER_DESC,struct,20
CD3D10_TEXTURE1D_DESC,struct,32
CD3D10_TEXTURE2D_DESC,struct,44
CD3D10_TEXTURE3D_DESC,struct,36
CD3D11_BLEND_DESC,struct,264
CD3D11_BOX,struct,24
CD3D11_BUFFER_DESC,struct,24
CD3D11_COUNTER_DESC,struct,8
CD3D11_DEFAULT,struct,1
CD3D11_DEPTH_STENCIL_DESC,struct,52
CD3D11_DEPTH_STENCIL_VIEW_DESC,struct,24
CD3D11_QUERY_DESC,struct,8
CD3D11_RASTERIZER_DESC,struct,40
CD3D11_RECT,struct,16
CD3D11_RENDER_TARGET_VIEW_DESC,struct,20
CD3D11_SAMPLER_DESC,struct,52
CD3D11_SHADER_RESOURCE_VIEW_DESC,struct,24
CD3D11_TEXTURE1D_DESC,struct,32
CD3D11_TEXTURE2D_DESC,struct,44
CD3D11_TEXTURE3D_DESC,struct,36
CD3D11_UNORDERED_ACCESS_VIEW_DESC,struct,20
CD3D11_VIEWPORT,struct,24
CHARACTER,struct,4
CHUNKDEF,struct,16
CIRCLE,struct,12
CLASS_FUNCTIONS,struct,52
CLIENT_ID,struct,8
CLSN_BOXES,struct,60
CLSN_GEOM,struct,24
CLSN_INFO,struct,120
CMD_COMPOSITION,struct,84
CMD_PARAMETERS,struct,80
CM_Power_Data_s,struct,56
COLOR,struct,4
COMMAND_CONTROLS,struct,52
CONFIRMSAFETY,struct,24
CRAFT_STATE_PACKET,struct,3
CRATER_STATE,struct,12
CREATE_STRUCT,struct,28
CREATE_STRUCT_C,struct,21
CREATE_USN_JOURNAL_DATA,struct,16
CSound,struct,20
CSoundManager,struct,4
CStreamingOggSound,struct,56
CStreamingSound,struct,40
CWaveFile,struct,144
CallInfo,struct,24
CallS,struct,8
CameraAdjItem,struct,20
CameraPod,struct,552
CameraPodClass,struct,384
Cannon,struct,184
CannonClass,struct,128
Carrier,struct,64
Cell,struct,8
ChargeGun,struct,208
ChargeGunClass,struct,152
Chat,struct,4
Chat.conflict,struct,8
ChatColor,struct,8
Chunk,struct,32
ChunkEffect,struct,32856
ChunkType,struct,8
CircleTask,struct,312
ClassIdName,struct,8
Closure,union,40
CmdButton,struct,16
CoastTask,struct,312
CockpitRadar,struct,131224
CockpitTimer,struct,44
CollisionPlaneChunkType,struct,56
Color4444,struct,2
Color565,struct,2
Color8888,struct,4
ColorF,struct,16
ColorFade,struct,56
ColorRGB,struct,3
CommTower,struct,568
CommTowerClass,struct,360
CompositeButton,struct,36
ConsControl,struct,40
ConstructionBlob,struct,380
ConstructionDisplay,struct,120
ConstructionRig,struct,872
ConstructionRigClass,struct,1064
ConstructionRigClass.conflict,struct,1072
ContainerNeighbor,struct,16
ControlPanel,struct,4468
CopyInfo,struct,16
Craft,struct,616
CraftClass,struct,768
Crater,struct,160
D2D1_ARC_SEGMENT,struct,28
D2D1_BEZIER_SEGMENT,struct,24
D2D1_BITMAP_BRUSH_PROPERTIES,struct,12
D2D1_BITMAP_PROPERTIES,struct,16
D2D1_BRUSH_PROPERTIES,struct,28
D2D1_DRAWING_STATE_DESCRIPTION,struct,48
D2D1_ELLIPSE,struct,16
D2D1_FACTORY_OPTIONS,struct,4
D2D1_GRADIENT_STOP,struct,20
D2D1_HWND_RENDER_TARGET_PROPERTIES,struct,16
D2D1_LAYER_PARAMETERS,struct,60
D2D1_LINEAR_GRADIENT_BRUSH_PROPERTIES,struct,16
D2D1_PIXEL_FORMAT,struct,8
D2D1_QUADRATIC_BEZIER_SEGMENT,struct,16
D2D1_RADIAL_GRADIENT_BRUSH_PROPERTIES,struct,24
D2D1_RENDER_TARGET_PROPERTIES,struct,28
D2D1_ROUNDED_RECT,struct,24
D2D1_STROKE_STYLE_PROPERTIES,struct,28
D2D1_TRIANGLE,struct,24
D2D_MATRIX_3X2_F,struct,24
D2D_POINT_2F,struct,8
D2D_POINT_2U,struct,8
D2D_RECT_F,struct,16
D2D_RECT_U,struct,16
D2D_SIZE_F,struct,8
D2D_SIZE_U,struct,8
D3D10_BLEND_DESC,struct,68
D3D10_BOX,struct,24
D3D10_BUFFER_DESC,struct,20
D3D10_BUFFER_RTV,struct,8
D3D10_BUFFER_RTV_u_0,union,4
D3D10_BUFFER_RTV_u_4,union,4
D3D10_BUFFER_SRV,struct,8
D3D10_BUFFER_SRV_u_0,union,4
D3D10_BUFFER_SRV_u_4,union,4
D3D10_COUNTER_DESC,struct,8
D3D10_COUNTER_INFO,struct,12
D3D10_DEPTH_STENCILOP_DESC,struct,16
D3D10_DEPTH_STENCIL_DESC,struct,52
D3D10_DEPTH_STENCIL_VIEW_DESC,struct,20
D3D10_DEPTH_STENCIL_VIEW_DESC_u_8,union,12
D3D10_INPUT_ELEMENT_DESC,struct,28
D3D10_MAPPED_TEXTURE2D,struct,8
D3D10_MAPPED_TEXTURE3D,struct,12
D3D10_QUERY_DESC,struct,8
D3D10_RASTERIZER_DESC,struct,40
D3D10_RENDER_TARGET_VIEW_DESC,struct,20
D3D10_RENDER_TARGET_VIEW_DESC_u_8,union,12
D3D10_SAMPLER_DESC,struct,52
D3D10_SHADER_RESOURCE_VIEW_DESC,struct,24
D3D10_SHADER_RESOURCE_VIEW_DESC_u_8,union,16
D3D10_SO_DECLARATION_ENTRY,struct,12
D3D10_SUBRESOURCE_DATA,struct,12
D3D10_TEX1D_ARRAY_DSV,struct,12
D3D10_TEX1D_ARRAY_RTV,struct,12
D3D10_TEX1D_ARRAY_SRV,struct,16
D3D10_TEX1D_DSV,struct,4
D3D10_TEX1D_RTV,struct,4
D3D10_TEX1D_SRV,struct,8
D3D10_TEX2DMS_ARRAY_DSV,struct,8
D3D10_TEX2DMS_ARRAY_RTV,struct,8
D3D10_TEX2DMS_ARRAY_SRV,struct,8
D3D10_TEX2DMS_DSV,struct,4
D3D10_TEX2DMS_RTV,struct,4
D3D10_TEX2DMS_SRV,struct,4
D3D10_TEX2D_ARRAY_DSV,struct,12
D3D10_TEX2D_ARRAY_RTV,struct,12
D3D10_TEX2D_ARRAY_SRV,struct,16
D3D10_TEX2D_DSV,struct,4
D3D10_TEX2D_RTV,struct,4
D3D10_TEX2D_SRV,struct,8
D3D10_TEX3D_RTV,struct,12
D3D10_TEX3D_SRV,struct,8
D3D10_TEXCUBE_SRV,struct,8
D3D10_TEXTURE1D_DESC,struct,32
D3D10_TEXTURE2D_DESC,struct,44
D3D10_TEXTURE3D_DESC,struct,36
D3D10_VIEWPORT,struct,24
D3D11_BLEND_DESC,struct,264
D3D11_BOX,struct,24
D3D11_BUFFEREX_SRV,struct,12
D3D11_BUFFER_DESC,struct,24
D3D11_BUFFER_RTV,struct,8
D3D11_BUFFER_RTV_u_0,union,4
D3D11_BUFFER_RTV_u_4,union,4
D3D11_BUFFER_SRV,struct,8
D3D11_BUFFER_SRV_u_0,union,4
D3D11_BUFFER_SRV_u_4,union,4
D3D11_BUFFER_UAV,struct,12
D3D11_CLASS_INSTANCE_DESC,struct,32
D3D11_COUNTER_DESC,struct,8
D3D11_COUNTER_INFO,struct,12
D3D11_DEPTH_STENCILOP_DESC,struct,16
D3D11_DEPTH_STENCIL_DESC,struct,52
D3D11_DEPTH_STENCIL_VIEW_DESC,struct,24
D3D11_DEPTH_STENCIL_VIEW_DESC_u_12,union,12
D3D11_INPUT_ELEMENT_DESC,struct,28
D3D11_MAPPED_SUBRESOURCE,struct,12
D3D11_QUERY_DESC,struct,8
D3D11_RASTERIZER_DESC,struct,40
D3D11_RENDER_TARGET_BLEND_DESC,struct,32
D3D11_RENDER_TARGET_VIEW_DESC,struct,20
D3D11_RENDER_TARGET_VIEW_DESC_u_8,union,12
D3D11_SAMPLER_DESC,struct,52
D3D11_SHADER_RESOURCE_VIEW_DESC,struct,24
D3D11_SHADER_RESOURCE_VIEW_DESC_u_8,union,16
D3D11_SO_DECLARATION_ENTRY,struct,16
D3D11_SUBRESOURCE_DATA,struct,12
D3D11_TEX1D_ARRAY_DSV,struct,12
D3D11_TEX1D_ARRAY_RTV,struct,12
D3D11_TEX1D_ARRAY_SRV,struct,16
D3D11_TEX1D_ARRAY_UAV,struct,12
D3D11_TEX1D_DSV,struct,4
D3D11_TEX1D_RTV,struct,4
D3D11_TEX1D_SRV,struct,8
D3D11_TEX1D_UAV,struct,4
D3D11_TEX2DMS_ARRAY_DSV,struct,8
D3D11_TEX2DMS_ARRAY_RTV,struct,8
D3D11_TEX2DMS_ARRAY_SRV,struct,8
D3D11_TEX2DMS_DSV,struct,4
D3D11_TEX2DMS_RTV,struct,4
D3D11_TEX2DMS_SRV,struct,4
D3D11_TEX2D_ARRAY_DSV,struct,12
D3D11_TEX2D_ARRAY_RTV,struct,12
D3D11_TEX2D_ARRAY_SRV,struct,16
D3D11_TEX2D_ARRAY_UAV,struct,12
D3D11_TEX2D_DSV,struct,4
D3D11_TEX2D_RTV,struct,4
D3D11_TEX2D_SRV,struct,8
D3D11_TEX2D_UAV,struct,4
D3D11_TEX3D_RTV,struct,12
D3D11_TEX3D_SRV,struct,8
D3D11_TEX3D_UAV,struct,12
D3D11_TEXCUBE_ARRAY_SRV,struct,16
D3D11_TEXCUBE_SRV,struct,8
D3D11_TEXTURE1D_DESC,struct,32
D3D11_TEXTURE2D_DESC,struct,44
D3D11_TEXTURE3D_DESC,struct,36
D3D11_UNORDERED_ACCESS_VIEW_DESC,struct,20
D3D11_UNORDERED_ACCESS_VIEW_DESC_u_8,union,12
D3D11_VIEWPORT,struct,24
D3DCACHEENTRY,struct,24
D3DEB,struct,56
D3DTLVERTEX,struct,32
D3DX10_IMAGE_INFO,struct,36
D3DX10_IMAGE_LOAD_INFO,struct,52
D3DX11_IMAGE_INFO,struct,36
D3DX11_IMAGE_LOAD_INFO,struct,52
D3DXCOLOR,struct,16
D3DXFLOAT16,struct,2
D3DXMATRIX,struct,64
D3DXPLANE,struct,16
D3DXQUATERNION,struct,16
D3DXVECTOR2,struct,8
D3DXVECTOR2_16F,struct,4
D3DXVECTOR3,struct,12
D3DXVECTOR3_16F,struct,6
D3DXVECTOR4,struct,16
D3DXVECTOR4_16F,struct,8
D3D_CACHE_KEY,union,4
D3D_CACHE_KEY_s_0,struct,4
DAMAGE,struct,16
DAMAGE_PACKET,struct,8
DAMAGE_PACKET.conflict,struct,8
DDEACK,struct,2
DDEADVISE,struct,4
DDEDATA,struct,6
DDELN,struct,4
DDEPOKE,struct,6
DDEUP,struct,6
DDRAW_STUFF,struct,124
DELETE_USN_JOURNAL_DATA,struct,16
DISCRETEMAP,struct,112
DISCRETE_STATE,struct,12
DLGITEMTEMPLATE,struct,18
DLGTEMPLATE,struct,18
DOMDocument,struct,1
DOMFreeThreadedDocument,struct,1
DRVCONFIGINFOEX,struct,16
DWRITE_CLUSTER_METRICS,struct,8
DWRITE_FONT_FEATURE,struct,8
DWRITE_FONT_METRICS,struct,20
DWRITE_GLYPH_METRICS,struct,28
DWRITE_GLYPH_OFFSET,struct,8
DWRITE_GLYPH_RUN,struct,32
DWRITE_GLYPH_RUN_DESCRIPTION,struct,20
DWRITE_HIT_TEST_METRICS,struct,36
DWRITE_INLINE_OBJECT_METRICS,struct,16
DWRITE_LINE_METRICS,struct,24
DWRITE_MATRIX,struct,24
DWRITE_OVERHANG_METRICS,struct,16
DWRITE_STRIKETHROUGH,struct,28
DWRITE_TEXT_METRICS,struct,36
DWRITE_TEXT_RANGE,struct,8
DWRITE_TRIMMING,struct,12
DWRITE_UNDERLINE,struct,32
DXGI_MAPPED_RECT,struct,8
DXGI_SAMPLE_DESC,struct,8
DXGI_SURFACE_DESC,struct,20
DYNAMIC_LIGHT,struct,108
DataHdr,struct,4
DayWrecker,struct,552
DayWreckerClass,struct,376
DayWreckerClass.conflict,struct,384
DefendTask,struct,312
Defense_Map,struct,32
DemoMission,struct,232
DemoMissionClass,struct,8
DemoMission_u_112,union,72
DemoMission_u_112_s_0,struct,72
DemoMission_u_184,union,20
DemoMission_u_184_s_0,struct,20
DemoMission_u_204,union,28
DemoMission_u_204_s_0,struct,28
DemoMission_u_64,union,20
DemoMission_u_64_s_0,struct,20
DemoMission_u_84,union,28
DemoMission_u_84_s_0,struct,28
Disc,struct,208
Dispenser,struct,184
DispenserClass,struct,128
DisplayInterface,struct,8
DisplayViewInfo,struct,8
DistributedObject,struct,128
DotNetPdbInfo,struct,75
DropoffFeature,struct,40
DropoffInfo,struct,8
DumpState,struct,20
DustEffect,struct,65600
DustPuff,struct,32
EDIT_CONTROLS,struct,24
EHExceptionRecord,struct,32
EHParameters,struct,12
ENTITY_LOADER,struct,84
EULER,struct,72
EXPLOSION_GEOMETRY_LOADER,struct,12
EXPLOSION_LOADER,struct,64
EYE_CONTROLS,struct,32
EarthQuake,struct,44
EditTerrain,struct,133428
EmptyMission,struct,64
EmptyMissionClass,struct,8
EngineFlame,struct,4672
EngineSplash,struct,4672
Escort_Goal,struct,88
ExpandingArray<NodeNeighbor>,struct,8
ExpandingArray<_loaded_aip>,struct,8
Explosion,struct,56
ExplosionClass,struct,104
ExplosionDefChunkType,struct,48
ExplosionFeature,struct,40
ExplosionGeoChunkType,struct,12
FACE,struct,64
FACE_NODE,struct,16
FFdate,struct,12
FFversion,struct,12
FIELD_DESC,struct,32
FILENAME,struct,8
FILE_ID_DESCRIPTOR,struct,24
FILE_ID_DESCRIPTOR_u_8,union,16
FILE_REV_INFO,struct,8
FIND_BY_SID_DATA,struct,16
FIND_BY_SID_OUTPUT,struct,16
FLASHWINFO,struct,20
FLAT_EDGE,struct,16
FLOAT2INT,union,8
FLOATINT,union,8
FLOATSIGN,union,4
FONT,struct,524
FSM_CAMERA_RECORD,struct,80
FSM_ENTRY,struct,16
FT,union,8
Face,struct,55
FaceNode,struct,16
Factory,struct,792
FactoryClass,struct,1064
FactoryClass.conflict,struct,1072
FactoryProcess,struct,64
FileData,struct,96
FileIDType,struct,13
FileMap,struct,8
FindSendPoints,struct,32
Fireball,struct,36
FireballEffect,struct,1256
FlagDisplay,struct,60
FlagList,struct,44
Flame,struct,72
FlamePuff,struct,232
FlamePuffClass,struct,128
FlareMine,struct,576
FlareMineClass,struct,392
FollowGroup,struct,32
FollowTask,struct,312
FollowerInfo,struct,8
FormatStringAttribute,struct,8
FrameInfo,struct,20
FuncState,struct,572
GAS_CTRL,struct,44
GAS_MASTER,struct,36
GAS_PREP_INFO,struct,28
GCObject,union,120
GCheader,struct,8
GFCleanupPri,struct,1
GFInitPri,struct,1
GFPostLoadPri,struct,1
GFPostRunPri,struct,1
GFPreDestroyPri,struct,1
GFPreLoadPri,struct,1
GFRenderPri,struct,1
GIDDI_VALS,struct,80
GLL_GenLListType,struct,20
GLL_LinkStruct,struct,12
GOURAUD_EDGE,struct,24
GROUND_SPRITE_ENTITY,struct,16
GameFeature,struct,40
GameObject,struct,544
GameObjectClass,struct,336
GameObjectDialog,struct,1
GameObjectFeature,struct,44
GameObjectHandle,struct,1
GamePlayerList,struct,60
GameSessionList,struct,64
GechAttack,struct,312
GechEnemy,struct,120
GechFriend,struct,120
GechProcess,struct,120
Geizer,struct,576
GeizerClass,struct,352
GeoHeader,struct,36
GoGet,struct,352
GoNear,struct,352
GoNearAndSit,struct,352
GoPoints,struct,340
Goal,struct,56
GotoGeyser,struct,344
GotoTask,struct,336
Grenade,struct,232
GrenadeClass,struct,176
GridPoint,struct,8
GroundBlast,struct,56
GroundBlastClass,struct,104
GunTowerAttack,struct,312
GunTowerEnemy,struct,88
GunTowerFriend,struct,88
GunTowerProcess,struct,88
HACCEL__,struct,4
HBITMAP__,struct,4
HBRUSH__,struct,4
HCOLORSPACE__,struct,4
HCONVLIST__,struct,4
HCONV__,struct,4
HDC__,struct,4
HDDEDATA__,struct,4
HDESK__,struct,4
HDROP__,struct,4
HDRVR__,struct,4
HENHMETAFILE__,struct,4
HFONT__,struct,4
HGLRC__,struct,4
HHOOK__,struct,4
HICON__,struct,4
HIMCC__,struct,4
HIMC__,struct,4
HINSTANCE__,struct,4
HKEY__,struct,4
HKL__,struct,4
HMENU__,struct,4
HMETAFILE__,struct,4
HMIDIIN__,struct,4
HMIDIOUT__,struct,4
HMIDISTRM__,struct,4
HMIDI__,struct,4
HMIXEROBJ__,struct,4
HMIXER__,struct,4
HMMIO__,struct,4
HMONITOR__,struct,4
HOVERCRAFT_STATE_PACKET,struct,18
HPALETTE__,struct,4
HPEN__,struct,4
HRASCONN__,struct,4
HRAWINPUT__,struct,4
HRGN__,struct,4
HRSRC__,struct,4
HSPRITE__,struct,4
HSTR__,struct,4
HSZ__,struct,4
HTASK__,struct,4
HUMPD__,struct,4
HWAVEIN__,struct,4
HWAVEOUT__,struct,4
HWAVE__,struct,4
HWINEVENTHOOK__,struct,4
HWINSTA__,struct,4
HWND__,struct,4
HardPoints,struct,12
HealthPowerup,struct,552
HealthPowerupClass,struct,376
"Heap_Class<Strip_*,float>",struct,20
HoverCraft,struct,704
HoverCraftClass,struct,952
HoverCraftClass.conflict,struct,960
HoverInterface,struct,152
Howitzer,struct,824
HowitzerClass,struct,968
HowitzerClass.conflict,struct,976
HuntTask,struct,364
IAddrExclusionControl,struct,4
IAddrExclusionControl.conflict,struct,4
IAddrExclusionControlVtbl,struct,20
IAddrTrackingControl,struct,4
IAddrTrackingControl.conflict,struct,4
IAddrTrackingControlVtbl,struct,20
IAdviseSink,struct,4
IAdviseSink.conflict,struct,4
IAdviseSink2,struct,4
IAdviseSink2.conflict,struct,4
IAdviseSink2Vtbl,struct,36
IAdviseSinkVtbl,struct,32
IAsyncManager,struct,4
IAsyncManager.conflict,struct,4
IAsyncManagerVtbl,struct,24
IAsyncRpcChannelBuffer,struct,4
IAsyncRpcChannelBuffer.conflict,struct,4
IAsyncRpcChannelBufferVtbl,struct,48
IAuthenticate,struct,4
IAuthenticate.conflict,struct,4
IAuthenticateVtbl,struct,16
IBindCtx,struct,4
IBindCtx.conflict,struct,4
IBindCtxVtbl,struct,52
IBindHost,struct,4
IBindHost.conflict,struct,4
IBindHostVtbl,struct,24
IBindProtocol,struct,4
IBindProtocol.conflict,struct,4
IBindProtocolVtbl,struct,16
IBindStatusCallback,struct,4
IBindStatusCallback.conflict,struct,4
IBindStatusCallbackVtbl,struct,44
IBinding,struct,4
IBinding.conflict,struct,4
IBindingVtbl,struct,36
IBlockingLock,struct,4
IBlockingLock.conflict,struct,4
IBlockingLockVtbl,struct,20
ICallFactory,struct,4
ICallFactory.conflict,struct,4
ICallFactoryVtbl,struct,16
ICancelMethodCalls,struct,4
ICancelMethodCalls.conflict,struct,4
ICancelMethodCallsVtbl,struct,20
ICatalogFileInfo,struct,4
ICatalogFileInfo.conflict,struct,4
ICatalogFileInfoVtbl,struct,20
IChannelHook,struct,4
IChannelHook.conflict,struct,4
IChannelHookVtbl,struct,36
IClassActivator,struct,4
IClassActivator.conflict,struct,4
IClassActivatorVtbl,struct,16
IClassFactory,struct,4
IClassFactory.conflict,struct,4
IClassFactoryVtbl,struct,20
IClientSecurity,struct,4
IClientSecurity.conflict,struct,4
IClientSecurityVtbl,struct,24
ICodeInstall,struct,4
ICodeInstall.conflict,struct,4
ICodeInstallVtbl,struct,20
IComThreadingInfo,struct,4
IComThreadingInfo.conflict,struct,4
IComThreadingInfoVtbl,struct,28
IContext,struct,1
IContinue,struct,4
IContinue.conflict,struct,4
IContinueVtbl,struct,16
ICreateErrorInfo,struct,4
ICreateErrorInfo.conflict,struct,4
ICreateErrorInfoVtbl,struct,32
ICreateTypeInfo,struct,4
ICreateTypeInfo.conflict,struct,4
ICreateTypeInfo2,struct,4
ICreateTypeInfo2.conflict,struct,4
ICreateTypeInfo2Vtbl,struct,164
ICreateTypeInfoVtbl,struct,104
ICreateTypeLib,struct,4
ICreateTypeLib.conflict,struct,4
ICreateTypeLib2,struct,4
ICreateTypeLib2.conflict,struct,4
ICreateTypeLib2Vtbl,struct,68
ICreateTypeLibVtbl,struct,52
ID2D1Bitmap,struct,4
ID2D1BitmapBrush,struct,4
ID2D1BitmapRenderTarget,struct,4
ID2D1Brush,struct,4
ID2D1DCRenderTarget,struct,4
ID2D1DrawingStateBlock,struct,4
ID2D1EllipseGeometry,struct,4
ID2D1Factory,struct,4
ID2D1Geometry,struct,4
ID2D1GeometryGroup,struct,4
ID2D1GeometrySink,struct,4
ID2D1GradientStopCollection,struct,4
ID2D1HwndRenderTarget,struct,4
ID2D1Layer,struct,4
ID2D1LinearGradientBrush,struct,4
ID2D1Mesh,struct,4
ID2D1PathGeometry,struct,4
ID2D1RadialGradientBrush,struct,4
ID2D1RectangleGeometry,struct,4
ID2D1RenderTarget,struct,4
ID2D1Resource,struct,4
ID2D1RoundedRectangleGeometry,struct,4
ID2D1SimplifiedGeometrySink,struct,4
ID2D1SolidColorBrush,struct,4
ID2D1StrokeStyle,struct,4
ID2D1TessellationSink,struct,4
ID2D1TransformedGeometry,struct,4
ID3D10Asynchronous,struct,4
ID3D10BlendState,struct,4
ID3D10Buffer,struct,4
ID3D10Counter,struct,4
ID3D10DepthStencilState,struct,4
ID3D10DepthStencilView,struct,4
ID3D10Device,struct,4
ID3D10DeviceChild,struct,4
ID3D10GeometryShader,struct,4
ID3D10InputLayout,struct,4
ID3D10PixelShader,struct,4
ID3D10Predicate,struct,4
ID3D10Query,struct,4
ID3D10RasterizerState,struct,4
ID3D10RenderTargetView,struct,4
ID3D10Resource,struct,4
ID3D10SamplerState,struct,4
ID3D10ShaderResourceView,struct,4
ID3D10Texture1D,struct,4
ID3D10Texture2D,struct,4
ID3D10Texture3D,struct,4
ID3D10VertexShader,struct,4
ID3D10View,struct,4
ID3D11Asynchronous,struct,4
ID3D11BlendState,struct,4
ID3D11Buffer,struct,4
ID3D11ClassInstance,struct,4
ID3D11ClassLinkage,struct,4
ID3D11CommandList,struct,4
ID3D11ComputeShader,struct,4
ID3D11Counter,struct,4
ID3D11DepthStencilState,struct,4
ID3D11DepthStencilView,struct,4
ID3D11Device,struct,4
ID3D11DeviceChild,struct,4
ID3D11DeviceContext,struct,4
ID3D11DomainShader,struct,4
ID3D11GeometryShader,struct,4
ID3D11HullShader,struct,4
ID3D11InputLayout,struct,4
ID3D11PixelShader,struct,4
ID3D11Predicate,struct,4
ID3D11Query,struct,4
ID3D11RasterizerState,struct,4
ID3D11RenderTargetView,struct,4
ID3D11Resource,struct,4
ID3D11SamplerState,struct,4
ID3D11ShaderResourceView,struct,4
ID3D11Texture1D,struct,4
ID3D11Texture2D,struct,4
ID3D11Texture3D,struct,4
ID3D11UnorderedAccessView,struct,4
ID3D11VertexShader,struct,4
ID3D11View,struct,4
ID3DX10Font,struct,4
ID3DX10Sprite,struct,4
ID3DXFont,struct,4
ID3DXSprite,struct,4
IDStructType,struct,4
IDType,union,4
IDWriteFont,struct,4
IDWriteFontCollection,struct,4
IDWriteFontFace,struct,4
IDWriteFontFamily,struct,4
IDWriteFontFile,struct,4
IDWriteFontFileLoader,struct,4
IDWriteFontFileStream,struct,4
IDWriteFontList,struct,4
IDWriteInlineObject,struct,4
IDWriteLocalizedStrings,struct,4
IDWritePixelSnapping,struct,4
IDWriteRenderingParams,struct,4
IDWriteTextFormat,struct,4
IDWriteTextLayout,struct,4
IDWriteTextRenderer,struct,4
IDWriteTypography,struct,4
IDXGIDeviceSubObject,struct,4
IDXGIObject,struct,4
IDXGISurface,struct,4
IDataAdviseHolder,struct,4
IDataAdviseHolder.conflict,struct,4
IDataAdviseHolderVtbl,struct,28
IDataFilter,struct,4
IDataFilter.conflict,struct,4
IDataFilterVtbl,struct,24
IDataObject,struct,4
IDataObject.conflict,struct,4
IDataObjectVtbl,struct,48
IDirect3D9,struct,4
IDirect3D9.conflict,struct,4
IDirect3D9Vtbl,struct,68
IDirect3DBaseTexture9,struct,4
IDirect3DBaseTexture9.conflict,struct,4
IDirect3DBaseTexture9Vtbl,struct,68
IDirect3DCubeTexture9,struct,4
IDirect3DCubeTexture9.conflict,struct,4
IDirect3DCubeTexture9Vtbl,struct,88
IDirect3DDevice9,struct,4
IDirect3DDevice9.conflict,struct,4
IDirect3DDevice9Vtbl,struct,476
IDirect3DIndexBuffer9,struct,4
IDirect3DIndexBuffer9.conflict,struct,4
IDirect3DIndexBuffer9Vtbl,struct,56
IDirect3DPixelShader9,struct,4
IDirect3DPixelShader9.conflict,struct,4
IDirect3DPixelShader9Vtbl,struct,20
IDirect3DQuery9,struct,4
IDirect3DQuery9.conflict,struct,4
IDirect3DQuery9Vtbl,struct,32
IDirect3DResource9,struct,4
IDirect3DStateBlock9,struct,4
IDirect3DStateBlock9.conflict,struct,4
IDirect3DStateBlock9Vtbl,struct,24
IDirect3DSurface9,struct,4
IDirect3DSurface9.conflict,struct,4
IDirect3DSurface9Vtbl,struct,68
IDirect3DSwapChain9,struct,4
IDirect3DSwapChain9.conflict,struct,4
IDirect3DSwapChain9Vtbl,struct,40
IDirect3DTexture9,struct,4
IDirect3DTexture9.conflict,struct,4
IDirect3DTexture9Vtbl,struct,88
IDirect3DVertexBuffer9,struct,4
IDirect3DVertexBuffer9.conflict,struct,4
IDirect3DVertexBuffer9Vtbl,struct,56
IDirect3DVertexDeclaration9,struct,4
IDirect3DVertexDeclaration9.conflict,struct,4
IDirect3DVertexDeclaration9Vtbl,struct,20
IDirect3DVertexShader9,struct,4
IDirect3DVertexShader9.conflict,struct,4
IDirect3DVertexShader9Vtbl,struct,20
IDirect3DVolume9,struct,4
IDirect3DVolume9.conflict,struct,4
IDirect3DVolume9Vtbl,struct,44
IDirect3DVolumeTexture9,struct,4
IDirect3DVolumeTexture9.conflict,struct,4
IDirect3DVolumeTexture9Vtbl,struct,88
IDirectDraw,struct,4
IDirectDraw.conflict,struct,4
IDirectDraw2,struct,4
IDirectDraw2.conflict,struct,4
IDirectDraw2Vtbl,struct,96
IDirectDraw4,struct,4
IDirectDraw4.conflict,struct,4
IDirectDraw4Vtbl,struct,112
IDirectDraw7,struct,4
IDirectDraw7.conflict,struct,4
IDirectDraw7Vtbl,struct,120
IDirectDrawClipper,struct,4
IDirectDrawClipper.conflict,struct,4
IDirectDrawClipperVtbl,struct,36
IDirectDrawColorControl,struct,4
IDirectDrawColorControl.conflict,struct,4
IDirectDrawColorControlVtbl,struct,20
IDirectDrawGammaControl,struct,4
IDirectDrawGammaControl.conflict,struct,4
IDirectDrawGammaControlVtbl,struct,20
IDirectDrawPalette,struct,4
IDirectDrawPalette.conflict,struct,4
IDirectDrawPaletteVtbl,struct,28
IDirectDrawSurface,struct,4
IDirectDrawSurface.conflict,struct,4
IDirectDrawSurface2,struct,4
IDirectDrawSurface2.conflict,struct,4
IDirectDrawSurface2Vtbl,struct,156
IDirectDrawSurface3,struct,4
IDirectDrawSurface3.conflict,struct,4
IDirectDrawSurface3Vtbl,struct,160
IDirectDrawSurface4,struct,4
IDirectDrawSurface4.conflict,struct,4
IDirectDrawSurface4Vtbl,struct,180
IDirectDrawSurface7,struct,4
IDirectDrawSurface7.conflict,struct,4
IDirectDrawSurface7Vtbl,struct,196
IDirectDrawSurfaceVtbl,struct,144
IDirectDrawVtbl,struct,92
IDirectSound,struct,4
IDirectSound.conflict,struct,4
IDirectSound3DBuffer,struct,4
IDirectSound3DBuffer.conflict,struct,4
IDirectSound3DBufferVtbl,struct,84
IDirectSound3DListener,struct,4
IDirectSound3DListener.conflict,struct,4
IDirectSound3DListenerVtbl,struct,72
IDirectSound8,struct,4
IDirectSound8.conflict,struct,4
IDirectSound8Vtbl,struct,48
IDirectSoundBuffer,struct,4
IDirectSoundBuffer.conflict,struct,4
IDirectSoundBuffer8,struct,4
IDirectSoundBuffer8.conflict,struct,4
IDirectSoundBuffer8Vtbl,struct,96
IDirectSoundBufferVtbl,struct,84
IDirectSoundCapture,struct,4
IDirectSoundCapture.conflict,struct,4
IDirectSoundCaptureBuffer,struct,4
IDirectSoundCaptureBuffer.conflict,struct,4
IDirectSoundCaptureBuffer8,struct,4
IDirectSoundCaptureBuffer8.conflict,struct,4
IDirectSoundCaptureBuffer8Vtbl,struct,56
IDirectSoundCaptureBufferVtbl,struct,48
IDirectSoundCaptureFXAec,struct,4
IDirectSoundCaptureFXAec.conflict,struct,4
IDirectSoundCaptureFXAecVtbl,struct,28
IDirectSoundCaptureFXNoiseSuppress,struct,4
IDirectSoundCaptureFXNoiseSuppress.conflict,struct,4
IDirectSoundCaptureFXNoiseSuppressVtbl,struct,24
IDirectSoundCaptureVtbl,struct,24
IDirectSoundFXChorus,struct,4
IDirectSoundFXChorus.conflict,struct,4
IDirectSoundFXChorusVtbl,struct,20
IDirectSoundFXCompressor,struct,4
IDirectSoundFXCompressor.conflict,struct,4
IDirectSoundFXCompressorVtbl,struct,20
IDirectSoundFXDistortion,struct,4
IDirectSoundFXDistortion.conflict,struct,4
IDirectSoundFXDistortionVtbl,struct,20
IDirectSoundFXEcho,struct,4
IDirectSoundFXEcho.conflict,struct,4
IDirectSoundFXEchoVtbl,struct,20
IDirectSoundFXFlanger,struct,4
IDirectSoundFXFlanger.conflict,struct,4
IDirectSoundFXFlangerVtbl,struct,20
IDirectSoundFXGargle,struct,4
IDirectSoundFXGargle.conflict,struct,4
IDirectSoundFXGargleVtbl,struct,20
IDirectSoundFXI3DL2Reverb,struct,4
IDirectSoundFXI3DL2Reverb.conflict,struct,4
IDirectSoundFXI3DL2ReverbVtbl,struct,36
IDirectSoundFXParamEq,struct,4
IDirectSoundFXParamEq.conflict,struct,4
IDirectSoundFXParamEqVtbl,struct,20
IDirectSoundFXWavesReverb,struct,4
IDirectSoundFXWavesReverb.conflict,struct,4
IDirectSoundFXWavesReverbVtbl,struct,20
IDirectSoundFullDuplex,struct,4
IDirectSoundFullDuplex.conflict,struct,4
IDirectSoundFullDuplexVtbl,struct,16
IDirectSoundNotify,struct,4
IDirectSoundNotify.conflict,struct,4
IDirectSoundNotifyVtbl,struct,16
IDirectSoundVtbl,struct,44
IDirectWriterLock,struct,4
IDirectWriterLock.conflict,struct,4
IDirectWriterLockVtbl,struct,24
IDispatch,struct,4
IDispatch.conflict,struct,4
IDispatchVtbl,struct,28
IDropSource,struct,4
IDropSource.conflict,struct,4
IDropSourceNotify,struct,4
IDropSourceNotify.conflict,struct,4
IDropSourceNotifyVtbl,struct,20
IDropSourceVtbl,struct,20
IDropTarget,struct,4
IDropTarget.conflict,struct,4
IDropTargetVtbl,struct,28
IDummyHICONIncluder,struct,4
IDummyHICONIncluder.conflict,struct,4
IDummyHICONIncluderVtbl,struct,16
IEncodingFilterFactory,struct,4
IEncodingFilterFactory.conflict,struct,4
IEncodingFilterFactoryVtbl,struct,20
IEnumContextProps,struct,1
IEnumFORMATETC,struct,4
IEnumFORMATETC.conflict,struct,4
IEnumFORMATETCVtbl,struct,28
IEnumMoniker,struct,4
IEnumMoniker.conflict,struct,4
IEnumMonikerVtbl,struct,28
IEnumOLEVERB,struct,4
IEnumOLEVERB.conflict,struct,4
IEnumOLEVERBVtbl,struct,28
IEnumSTATDATA,struct,4
IEnumSTATDATA.conflict,struct,4
IEnumSTATDATAVtbl,struct,28
IEnumSTATPROPSETSTG,struct,4
IEnumSTATPROPSETSTG.conflict,struct,4
IEnumSTATPROPSETSTGVtbl,struct,28
IEnumSTATPROPSTG,struct,4
IEnumSTATPROPSTG.conflict,struct,4
IEnumSTATPROPSTGVtbl,struct,28
IEnumSTATSTG,struct,4
IEnumSTATSTG.conflict,struct,4
IEnumSTATSTGVtbl,struct,28
IEnumString,struct,4
IEnumString.conflict,struct,4
IEnumStringVtbl,struct,28
IEnumUnknown,struct,4
IEnumUnknown.conflict,struct,4
IEnumUnknownVtbl,struct,28
IEnumVARIANT,struct,4
IEnumVARIANT.conflict,struct,4
IEnumVARIANTVtbl,struct,28
IErrorInfo,struct,4
IErrorInfo.conflict,struct,4
IErrorInfoVtbl,struct,32
IErrorLog,struct,4
IErrorLog.conflict,struct,4
IErrorLogVtbl,struct,16
IExternalConnection,struct,4
IExternalConnection.conflict,struct,4
IExternalConnectionVtbl,struct,20
IFillLockBytes,struct,4
IFillLockBytes.conflict,struct,4
IFillLockBytesVtbl,struct,28
IForegroundTransfer,struct,4
IForegroundTransfer.conflict,struct,4
IForegroundTransferVtbl,struct,16
IGlobalInterfaceTable,struct,4
IGlobalInterfaceTable.conflict,struct,4
IGlobalInterfaceTableVtbl,struct,24
IHttpNegotiate,struct,4
IHttpNegotiate.conflict,struct,4
IHttpNegotiate2,struct,4
IHttpNegotiate2.conflict,struct,4
IHttpNegotiate2Vtbl,struct,24
IHttpNegotiateVtbl,struct,20
IHttpSecurity,struct,4
IHttpSecurity.conflict,struct,4
IHttpSecurityVtbl,struct,20
IInitializeSpy,struct,4
IInitializeSpy.conflict,struct,4
IInitializeSpyVtbl,struct,28
IInternalUnknown,struct,4
IInternalUnknown.conflict,struct,4
IInternalUnknownVtbl,struct,16
IInternet,struct,4
IInternet.conflict,struct,4
IInternetBindInfo,struct,4
IInternetBindInfo.conflict,struct,4
IInternetBindInfoVtbl,struct,20
IInternetHostSecurityManager,struct,4
IInternetHostSecurityManager.conflict,struct,4
IInternetHostSecurityManagerVtbl,struct,24
IInternetPriority,struct,4
IInternetPriority.conflict,struct,4
IInternetPriorityVtbl,struct,20
IInternetProtocol,struct,4
IInternetProtocol.conflict,struct,4
IInternetProtocolEx,struct,4
IInternetProtocolEx.conflict,struct,4
IInternetProtocolExVtbl,struct,56
IInternetProtocolInfo,struct,4
IInternetProtocolInfo.conflict,struct,4
IInternetProtocolInfoVtbl,struct,28
IInternetProtocolRoot,struct,4
IInternetProtocolRoot.conflict,struct,4
IInternetProtocolRootVtbl,struct,36
IInternetProtocolSink,struct,4
IInternetProtocolSink.conflict,struct,4
IInternetProtocolSinkStackable,struct,4
IInternetProtocolSinkStackable.conflict,struct,4
IInternetProtocolSinkStackableVtbl,struct,24
IInternetProtocolSinkVtbl,struct,28
IInternetProtocolVtbl,struct,52
IInternetSecurityManager,struct,4
IInternetSecurityManager.conflict,struct,4
IInternetSecurityManagerEx,struct,4
IInternetSecurityManagerEx.conflict,struct,4
IInternetSecurityManagerEx2,struct,4
IInternetSecurityManagerEx2.conflict,struct,4
IInternetSecurityManagerEx2Vtbl,struct,64
IInternetSecurityManagerExVtbl,struct,48
IInternetSecurityManagerVtbl,struct,44
IInternetSecurityMgrSite,struct,4
IInternetSecurityMgrSite.conflict,struct,4
IInternetSecurityMgrSiteVtbl,struct,20
IInternetSession,struct,4
IInternetSession.conflict,struct,4
IInternetSessionVtbl,struct,40
IInternetThreadSwitch,struct,4
IInternetThreadSwitch.conflict,struct,4
IInternetThreadSwitchVtbl,struct,20
IInternetVtbl,struct,12
IInternetZoneManager,struct,4
IInternetZoneManager.conflict,struct,4
IInternetZoneManagerEx,struct,4
IInternetZoneManagerEx.conflict,struct,4
IInternetZoneManagerEx2,struct,4
IInternetZoneManagerEx2.conflict,struct,4
IInternetZoneManagerEx2Vtbl,struct,84
IInternetZoneManagerExVtbl,struct,68
IInternetZoneManagerVtbl,struct,60
IKsPropertySet,struct,4
IKsPropertySet.conflict,struct,4
IKsPropertySetVtbl,struct,24
ILayoutStorage,struct,4
ILayoutStorage.conflict,struct,4
ILayoutStorageVtbl,struct,32
ILockBytes,struct,4
ILockBytes.conflict,struct,4
ILockBytesVtbl,struct,40
IMAGE_AUX_SYMBOL_TOKEN_DEF,struct,18
IMAGE_COR20_HEADER,struct,72
IMAGE_DATA_DIRECTORY,struct,8
IMAGE_DEBUG_DIRECTORY,struct,28
IMAGE_DOS_HEADER,struct,128
IMAGE_FILE_HEADER,struct,20
IMAGE_LOAD_CONFIG_DIRECTORY32,struct,72
IMAGE_LOAD_CONFIG_DIRECTORY64,struct,112
IMAGE_NT_HEADERS32,struct,248
IMAGE_OPTIONAL_HEADER32,struct,224
IMAGE_RESOURCE_DATA_ENTRY,struct,16
IMAGE_RESOURCE_DIRECTORY,struct,16
IMAGE_RESOURCE_DIRECTORY_ENTRY,struct,8
IMAGE_RESOURCE_DIRECTORY_ENTRY_DirectoryStruct,struct,4
IMAGE_RESOURCE_DIRECTORY_ENTRY_DirectoryUnion,union,4
IMAGE_RESOURCE_DIRECTORY_ENTRY_NameStruct,struct,4
IMAGE_RESOURCE_DIRECTORY_ENTRY_NameUnion,union,4
IMAGE_SECTION_HEADER,struct,40
IMPORT_OBJECT_HEADER,struct,20
IMPORT_OBJECT_HEADER_u_16,union,2
IMalloc,struct,4
IMalloc.conflict,struct,4
IMallocSpy,struct,4
IMallocSpy.conflict,struct,4
IMallocSpyVtbl,struct,60
IMallocVtbl,struct,36
IMarshal,struct,4
IMarshal.conflict,struct,4
IMarshal2,struct,4
IMarshal2.conflict,struct,4
IMarshal2Vtbl,struct,36
IMarshalVtbl,struct,36
IMessageFilter,struct,4
IMessageFilter.conflict,struct,4
IMessageFilterVtbl,struct,24
IMoniker,struct,4
IMoniker.conflict,struct,4
IMonikerProp,struct,4
IMonikerProp.conflict,struct,4
IMonikerPropVtbl,struct,16
IMonikerVtbl,struct,92
IMultiQI,struct,4
IMultiQI.conflict,struct,4
IMultiQIVtbl,struct,16
INPUT_REGION,struct,304
INTER_OBJECT_NODE,struct,52
IObjContext,struct,1
IOleAdviseHolder,struct,4
IOleAdviseHolder.conflict,struct,4
IOleAdviseHolderVtbl,struct,36
IOleCache,struct,4
IOleCache.conflict,struct,4
IOleCache2,struct,4
IOleCache2.conflict,struct,4
IOleCache2Vtbl,struct,40
IOleCacheControl,struct,4
IOleCacheControl.conflict,struct,4
IOleCacheControlVtbl,struct,20
IOleCacheVtbl,struct,32
IOleClientSite,struct,4
IOleClientSite.conflict,struct,4
IOleClientSiteVtbl,struct,36
IOleContainer,struct,4
IOleContainer.conflict,struct,4
IOleContainerVtbl,struct,24
IOleInPlaceActiveObject,struct,4
IOleInPlaceActiveObject.conflict,struct,4
IOleInPlaceActiveObjectVtbl,struct,40
IOleInPlaceFrame,struct,4
IOleInPlaceFrame.conflict,struct,4
IOleInPlaceFrameVtbl,struct,60
IOleInPlaceObject,struct,4
IOleInPlaceObject.conflict,struct,4
IOleInPlaceObjectVtbl,struct,36
IOleInPlaceSite,struct,4
IOleInPlaceSite.conflict,struct,4
IOleInPlaceSiteVtbl,struct,60
IOleInPlaceUIWindow,struct,4
IOleInPlaceUIWindow.conflict,struct,4
IOleInPlaceUIWindowVtbl,struct,36
IOleItemContainer,struct,4
IOleItemContainer.conflict,struct,4
IOleItemContainerVtbl,struct,36
IOleLink,struct,4
IOleLink.conflict,struct,4
IOleLinkVtbl,struct,56
IOleObject,struct,4
IOleObject.conflict,struct,4
IOleObjectVtbl,struct,96
IOleWindow,struct,4
IOleWindow.conflict,struct,4
IOleWindowVtbl,struct,20
IOplockStorage,struct,4
IOplockStorage.conflict,struct,4
IOplockStorageVtbl,struct,20
IPSFactoryBuffer,struct,4
IPSFactoryBuffer.conflict,struct,4
IPSFactoryBufferVtbl,struct,20
IParseDisplayName,struct,4
IParseDisplayName.conflict,struct,4
IParseDisplayNameVtbl,struct,16
IPersist,struct,4
IPersist.conflict,struct,4
IPersistFile,struct,4
IPersistFile.conflict,struct,4
IPersistFileVtbl,struct,36
IPersistMoniker,struct,4
IPersistMoniker.conflict,struct,4
IPersistMonikerVtbl,struct,36
IPersistStorage,struct,4
IPersistStorage.conflict,struct,4
IPersistStorageVtbl,struct,40
IPersistStream,struct,4
IPersistStream.conflict,struct,4
IPersistStreamVtbl,struct,32
IPersistVtbl,struct,16
IPipeByte,struct,4
IPipeByte.conflict,struct,4
IPipeByteVtbl,struct,20
IPipeDouble,struct,4
IPipeDouble.conflict,struct,4
IPipeDoubleVtbl,struct,20
IPipeLong,struct,4
IPipeLong.conflict,struct,4
IPipeLongVtbl,struct,20
IPrintDialogCallback,struct,4
IPrintDialogCallback.conflict,struct,4
IPrintDialogCallbackVtbl,struct,24
IPrintDialogServices,struct,4
IPrintDialogServices.conflict,struct,4
IPrintDialogServicesVtbl,struct,24
IProcessInitControl,struct,4
IProcessInitControl.conflict,struct,4
IProcessInitControlVtbl,struct,16
IProcessLock,struct,4
IProcessLock.conflict,struct,4
IProcessLockVtbl,struct,20
IProgressNotify,struct,4
IProgressNotify.conflict,struct,4
IProgressNotifyVtbl,struct,16
IPropertyBag,struct,4
IPropertyBag.conflict,struct,4
IPropertyBagVtbl,struct,20
IPropertySetStorage,struct,4
IPropertySetStorage.conflict,struct,4
IPropertySetStorageVtbl,struct,28
IPropertyStorage,struct,4
IPropertyStorage.conflict,struct,4
IPropertyStorageVtbl,struct,60
IROTData,struct,4
IROTData.conflict,struct,4
IROTDataVtbl,struct,16
IRecordInfo,struct,4
IRecordInfo.conflict,struct,4
IRecordInfoVtbl,struct,76
IReferenceClock,struct,4
IReferenceClock.conflict,struct,4
IReferenceClockVtbl,struct,28
IReleaseMarshalBuffers,struct,4
IReleaseMarshalBuffers.conflict,struct,4
IReleaseMarshalBuffersVtbl,struct,16
IRootStorage,struct,4
IRootStorage.conflict,struct,4
IRootStorageVtbl,struct,16
IRpcChannelBuffer,struct,4
IRpcChannelBuffer.conflict,struct,4
IRpcChannelBuffer2,struct,4
IRpcChannelBuffer2.conflict,struct,4
IRpcChannelBuffer2Vtbl,struct,36
IRpcChannelBuffer3,struct,4
IRpcChannelBuffer3.conflict,struct,4
IRpcChannelBuffer3Vtbl,struct,64
IRpcChannelBufferVtbl,struct,32
IRpcHelper,struct,4
IRpcHelper.conflict,struct,4
IRpcHelperVtbl,struct,20
IRpcOptions,struct,4
IRpcOptions.conflict,struct,4
IRpcOptionsVtbl,struct,20
IRpcProxyBuffer,struct,4
IRpcProxyBuffer.conflict,struct,4
IRpcProxyBufferVtbl,struct,20
IRpcStubBuffer,struct,4
IRpcStubBuffer.conflict,struct,4
IRpcStubBufferVtbl,struct,40
IRpcSyntaxNegotiate,struct,4
IRpcSyntaxNegotiate.conflict,struct,4
IRpcSyntaxNegotiateVtbl,struct,16
IRunnableObject,struct,4
IRunnableObject.conflict,struct,4
IRunnableObjectVtbl,struct,32
IRunningObjectTable,struct,4
IRunningObjectTable.conflict,struct,4
IRunningObjectTableVtbl,struct,40
ISequentialStream,struct,4
ISequentialStream.conflict,struct,4
ISequentialStreamVtbl,struct,20
IServerSecurity,struct,4
IServerSecurity.conflict,struct,4
IServerSecurityVtbl,struct,28
IServiceProvider,struct,4
IServiceProvider.conflict,struct,4
IServiceProviderVtbl,struct,16
ISoftDistExt,struct,4
ISoftDistExt.conflict,struct,4
ISoftDistExtVtbl,struct,28
IStdMarshalInfo,struct,4
IStdMarshalInfo.conflict,struct,4
IStdMarshalInfoVtbl,struct,16
IStorage,struct,4
IStorage.conflict,struct,4
IStorageVtbl,struct,72
IStream,struct,4
IStream.conflict,struct,4
IStreamVtbl,struct,56
ISupportErrorInfo,struct,4
ISupportErrorInfo.conflict,struct,4
ISupportErrorInfoVtbl,struct,16
ISurrogate,struct,4
ISurrogate.conflict,struct,4
ISurrogateService,struct,4
ISurrogateService.conflict,struct,4
ISurrogateServiceVtbl,struct,32
ISurrogateVtbl,struct,20
ISynchronize,struct,4
ISynchronize.conflict,struct,4
ISynchronizeContainer,struct,4
ISynchronizeContainer.conflict,struct,4
ISynchronizeContainerVtbl,struct,20
ISynchronizeEvent,struct,4
ISynchronizeEvent.conflict,struct,4
ISynchronizeEventVtbl,struct,20
ISynchronizeHandle,struct,4
ISynchronizeHandle.conflict,struct,4
ISynchronizeHandleVtbl,struct,16
ISynchronizeMutex,struct,4
ISynchronizeMutex.conflict,struct,4
ISynchronizeMutexVtbl,struct,28
ISynchronizeVtbl,struct,24
IThumbnailExtractor,struct,4
IThumbnailExtractor.conflict,struct,4
IThumbnailExtractorVtbl,struct,20
ITimeAndNoticeControl,struct,4
ITimeAndNoticeControl.conflict,struct,4
ITimeAndNoticeControlVtbl,struct,16
ITypeChangeEvents,struct,4
ITypeChangeEvents.conflict,struct,4
ITypeChangeEventsVtbl,struct,20
ITypeComp,struct,4
ITypeComp.conflict,struct,4
ITypeCompVtbl,struct,20
ITypeFactory,struct,4
ITypeFactory.conflict,struct,4
ITypeFactoryVtbl,struct,16
ITypeInfo,struct,4
ITypeInfo.conflict,struct,4
ITypeInfo2,struct,4
ITypeInfo2.conflict,struct,4
ITypeInfo2Vtbl,struct,148
ITypeInfoVtbl,struct,88
ITypeLib,struct,4
ITypeLib.conflict,struct,4
ITypeLib2,struct,4
ITypeLib2.conflict,struct,4
ITypeLib2Vtbl,struct,68
ITypeLibVtbl,struct,52
ITypeMarshal,struct,4
ITypeMarshal.conflict,struct,4
ITypeMarshalVtbl,struct,28
IUnknown,struct,4
IUnknown.conflict,struct,4
IUnknownVtbl,struct,12
IUri,struct,4
IUri.conflict,struct,4
IUriBuilder,struct,4
IUriBuilder.conflict,struct,4
IUriBuilderFactory,struct,4
IUriBuilderFactory.conflict,struct,4
IUriBuilderFactoryVtbl,struct,20
IUriBuilderVtbl,struct,104
IUriContainer,struct,4
IUriContainer.conflict,struct,4
IUriContainerVtbl,struct,16
IUriVtbl,struct,112
IUrlMon,struct,4
IUrlMon.conflict,struct,4
IUrlMonVtbl,struct,16
IViewObject,struct,4
IViewObject.conflict,struct,4
IViewObject2,struct,4
IViewObject2.conflict,struct,4
IViewObject2Vtbl,struct,40
IViewObjectVtbl,struct,36
IWICBitmap,struct,4
IWICBitmapLock,struct,4
IWICBitmapSource,struct,4
IWICPalette,struct,4
IWaitMultiple,struct,4
IWaitMultiple.conflict,struct,4
IWaitMultipleVtbl,struct,20
IWinInetCacheHints,struct,4
IWinInetCacheHints.conflict,struct,4
IWinInetCacheHints2,struct,4
IWinInetCacheHints2.conflict,struct,4
IWinInetCacheHints2Vtbl,struct,20
IWinInetCacheHintsVtbl,struct,16
IWinInetFileStream,struct,4
IWinInetFileStream.conflict,struct,4
IWinInetFileStreamVtbl,struct,20
IWinInetHttpInfo,struct,4
IWinInetHttpInfo.conflict,struct,4
IWinInetHttpInfoVtbl,struct,20
IWinInetInfo,struct,4
IWinInetInfo.conflict,struct,4
IWinInetInfoVtbl,struct,16
IWindowForBindingUI,struct,4
IWindowForBindingUI.conflict,struct,4
IWindowForBindingUIVtbl,struct,16
IWrappedProtocol,struct,4
IWrappedProtocol.conflict,struct,4
IWrappedProtocolVtbl,struct,16
IXAudio2,struct,4
IXAudio2EngineCallback,struct,4
IXAudio2MasteringVoice,struct,4
IXAudio2SourceVoice,struct,4
IXAudio2SubmixVoice,struct,4
IXAudio2Voice,struct,4
IXAudio2VoiceCallback,struct,4
IXMLAttribute,struct,4
IXMLAttribute.conflict,struct,4
IXMLAttributeVtbl,struct,36
IXMLDOMAttribute,struct,4
IXMLDOMAttribute.conflict,struct,4
IXMLDOMAttributeVtbl,struct,184
IXMLDOMCDATASection,struct,4
IXMLDOMCDATASection.conflict,struct,4
IXMLDOMCDATASectionVtbl,struct,208
IXMLDOMCharacterData,struct,4
IXMLDOMCharacterData.conflict,struct,4
IXMLDOMCharacterDataVtbl,struct,204
IXMLDOMComment,struct,4
IXMLDOMComment.conflict,struct,4
IXMLDOMCommentVtbl,struct,204
IXMLDOMDocument,struct,4
IXMLDOMDocument.conflict,struct,4
IXMLDOMDocumentFragment,struct,4
IXMLDOMDocumentFragment.conflict,struct,4
IXMLDOMDocumentFragmentVtbl,struct,172
IXMLDOMDocumentType,struct,4
IXMLDOMDocumentType.conflict,struct,4
IXMLDOMDocumentTypeVtbl,struct,184
IXMLDOMDocumentVtbl,struct,304
IXMLDOMElement,struct,4
IXMLDOMElement.conflict,struct,4
IXMLDOMElementVtbl,struct,208
IXMLDOMEntity,struct,4
IXMLDOMEntity.conflict,struct,4
IXMLDOMEntityReference,struct,4
IXMLDOMEntityReference.conflict,struct,4
IXMLDOMEntityReferenceVtbl,struct,172
IXMLDOMEntityVtbl,struct,184
IXMLDOMImplementation,struct,4
IXMLDOMImplementation.conflict,struct,4
IXMLDOMImplementationVtbl,struct,32
IXMLDOMNamedNodeMap,struct,4
IXMLDOMNamedNodeMap.conflict,struct,4
IXMLDOMNamedNodeMapVtbl,struct,68
IXMLDOMNode,struct,4
IXMLDOMNode.conflict,struct,4
IXMLDOMNodeList,struct,4
IXMLDOMNodeList.conflict,struct,4
IXMLDOMNodeListVtbl,struct,48
IXMLDOMNodeVtbl,struct,172
IXMLDOMNotation,struct,4
IXMLDOMNotation.conflict,struct,4
IXMLDOMNotationVtbl,struct,180
IXMLDOMParseError,struct,4
IXMLDOMParseError.conflict,struct,4
IXMLDOMParseErrorVtbl,struct,56
IXMLDOMProcessingInstruction,struct,4
IXMLDOMProcessingInstruction.conflict,struct,4
IXMLDOMProcessingInstructionVtbl,struct,184
IXMLDOMText,struct,4
IXMLDOMText.conflict,struct,4
IXMLDOMTextVtbl,struct,208
IXMLDSOControl,struct,4
IXMLDSOControl.conflict,struct,4
IXMLDSOControlVtbl,struct,48
IXMLDocument,struct,4
IXMLDocument.conflict,struct,4
IXMLDocument2,struct,4
IXMLDocument2.conflict,struct,4
IXMLDocument2Vtbl,struct,92
IXMLDocumentVtbl,struct,84
IXMLElement,struct,4
IXMLElement.conflict,struct,4
IXMLElement2,struct,4
IXMLElement2.conflict,struct,4
IXMLElement2Vtbl,struct,80
IXMLElementCollection,struct,4
IXMLElementCollection.conflict,struct,4
IXMLElementCollectionVtbl,struct,44
IXMLElementVtbl,struct,76
IXMLError,struct,4
IXMLError.conflict,struct,4
IXMLErrorVtbl,struct,16
IXMLHttpRequest,struct,4
IXMLHttpRequest.conflict,struct,4
IXMLHttpRequestVtbl,struct,84
IXTLRuntime,struct,4
IXTLRuntime.conflict,struct,4
IXTLRuntimeVtbl,struct,208
IZoneIdentifier,struct,4
IZoneIdentifier.conflict,struct,4
IZoneIdentifierVtbl,struct,24
ImageLauncher,struct,208
ImageLauncherClass,struct,192
ImageMissile,struct,240
ImageMissileClass,struct,184
ImageRefract,struct,192
ImageRefractClass,struct,168
InfoDisplay,struct,304
Inst01Event,struct,44
Inst01Mission,struct,72
Inst01MissionClass,struct,8
Inst02Mission,struct,72
Inst02MissionClass,struct,8
Inst03Mission,struct,76
Inst03MissionClass,struct,8
Inst4XMission,struct,108
Inst4XMissionClass,struct,8
Inst4XMission_u_100,union,8
Inst4XMission_u_100_s_0,struct,8
Inst4XMission_u_76,union,4
Inst4XMission_u_76_s_0,struct,4
Inst4XMission_u_80,union,12
Inst4XMission_u_80_s_0,struct,12
Inst4XMission_u_92,union,8
Inst4XMission_u_92_s_0,struct,8
InternalAdjuster,struct,48
InvalidCheckAttribute,struct,4
IsMyView,struct,4
Item,struct,44
IterateInfo,struct,12
JOYSTICK_DATA,struct,236
Jammer,struct,8
JoystickPosition,struct,16
JoystickRecord,struct,60
KILLMESSAGE_PACKET,struct,4
KILL_PACKET,struct,1
KeyConfig,struct,51604
LClosure,struct,24
LG,struct,376
LHS_assign,struct,32
LIGHT_MODEL_STRUCT,struct,55428
LIGHT_OBJECT_DEF,struct,72
LIST_ENTRY32,struct,8
LIST_ENTRY64,struct,16
LIVES_PACKET,struct,4
LOCALE_INFO,struct,36
LOG_PALETTE,struct,1028
LOOPANIM,struct,28
LP2_FILTER,struct,40
LUMA,union,4
L_Umaxalign,union,8
LabelButton,struct,32
Launcher,struct,208
LauncherClass,struct,192
LauncherInterface,struct,28
LayMinesTask,struct,380
LeaderRound,struct,312
LeaderRoundClass,struct,184
LensFlare,struct,40
LexState,struct,72
LightObjectChunkType,struct,80
Lightning,struct,7232
LightningFeature,struct,66604
LoadF,struct,520
LoadS,struct,8
LoadState,struct,16
LocVar,struct,12
LuaMission,struct,72
LuaMissionClass,struct,8
MACHINE_CAPS,struct,24
MARK_HANDLE_INFO,struct,12
MAT,struct,36
MATRIX_LIST,struct,72
MATRIX_STACK,struct,8
MAT_3D,struct,64
MAT_3D_FILE,struct,48
MCIMovie,struct,28
MCI_DGV_OPEN_PARMSA,struct,28
MCI_DGV_RECT_PARMS,struct,20
MCI_DGV_WINDOW_PARMSA,struct,16
MENUITEMTEMPLATE,struct,6
MENUITEMTEMPLATEHEADER,struct,4
MENU_CONTROLS,struct,16
MFT_ENUM_DATA,struct,24
MILES_FONT,struct,16
MILES_FONT_INFO,struct,8
MM_HANDLE,struct,12
MOUSE_DATA,struct,16
MOVE_FILE_DATA,struct,32
MOVE_FILE_RECORD_DATA,struct,24
MPMission,struct,64
MPMissionClass,struct,8
MSN_CHUNK_REV_INFO,struct,8
MUFEnemy,struct,64
MUFFriend,struct,64
MULTICACHE,struct,28
MachineGun,struct,192
MachineGunClass,struct,128
MagnetMine,struct,568
MagnetMineClass,struct,392
MapFilterInfo,struct,12
MapList,struct,144
MapList.conflict,struct,148
MapRadar,struct,48
MapTypeInfo,struct,16
Mapgrid_Goal,struct,136
MatchState,struct,272
Matrix3x2F,struct,24
Mbuffer,struct,12
MemoryPool,struct,16
MenuItem,struct,16
MessageInfo,struct,24
Mine,struct,568
MineClass,struct,360
MineLayerEnemy,struct,88
MineLayerFriend,struct,88
MineLayerProcess,struct,88
Minelayer,struct,720
MinelayerClass,struct,968
MinelayerClass.conflict,struct,976
Misc,union,4
Misn01Mission,struct,152
Misn01Mission_u_100,union,16
Misn01Mission_u_100_s_0,struct,16
Misn01Mission_u_116,union,20
Misn01Mission_u_116_s_0,struct,20
Misn01Mission_u_136,union,16
Misn01Mission_u_136_s_0,struct,16
Misn01Mission_u_64,union,17
Misn01Mission_u_64_s_0,struct,17
Misn01Mission_u_84,union,16
Misn01Mission_u_84_s_0,struct,16
Misn03Mission,struct,592
Misn03Mission_u_120,union,100
Misn03Mission_u_120_s_0,struct,100
Misn03Mission_u_220,union,352
Misn03Mission_u_220_s_0,struct,352
Misn03Mission_u_572,union,20
Misn03Mission_u_572_s_0,struct,20
Misn03Mission_u_64,union,54
Misn03Mission_u_64_s_0,struct,54
Misn04Mission,struct,548
Misn04Mission_u_136,union,124
Misn04Mission_u_136_s_0,struct,124
Misn04Mission_u_260,union,264
Misn04Mission_u_260_s_0,struct,264
Misn04Mission_u_524,union,24
Misn04Mission_u_524_s_0,struct,24
Misn04Mission_u_64,union,69
Misn04Mission_u_64_s_0,struct,69
Misn05Mission,struct,572
Misn05Mission_u_136,union,164
Misn05Mission_u_136_s_0,struct,164
Misn05Mission_u_300,union,264
Misn05Mission_u_300_s_0,struct,264
Misn05Mission_u_564,union,8
Misn05Mission_u_564_s_0,struct,8
Misn05Mission_u_64,union,71
Misn05Mission_u_64_s_0,struct,71
Misn06Mission,struct,848
Misn06Mission_u_164,union,140
Misn06Mission_u_164_s_0,struct,140
Misn06Mission_u_304,union,480
Misn06Mission_u_304_s_0,struct,480
Misn06Mission_u_64,union,99
Misn06Mission_u_64_s_0,struct,99
Misn06Mission_u_784,union,64
Misn06Mission_u_784_s_0,struct,64
Misn07Mission,struct,1764
Misn07Mission_u_1288,union,452
Misn07Mission_u_1288_s_0,struct,452
Misn07Mission_u_1740,union,24
Misn07Mission_u_1740_s_0,struct,24
Misn07Mission_u_364,union,120
Misn07Mission_u_364_s_0,struct,120
Misn07Mission_u_484,union,804
Misn07Mission_u_484_s_0,struct,804
Misn07Mission_u_64,union,299
Misn07Mission_u_64_s_0,struct,299
Misn08Mission,struct,428
Misn08Mission_u_112,union,136
Misn08Mission_u_112_s_0,struct,136
Misn08Mission_u_248,union,168
Misn08Mission_u_248_s_0,struct,168
Misn08Mission_u_416,union,12
Misn08Mission_u_416_s_0,struct,12
Misn08Mission_u_64,union,45
Misn08Mission_u_64_s_0,struct,45
Misn09Mission,struct,480
Misn09Mission_u_120,union,116
Misn09Mission_u_120_s_0,struct,116
Misn09Mission_u_236,union,220
Misn09Mission_u_236_s_0,struct,220
Misn09Mission_u_456,union,24
Misn09Mission_u_456_s_0,struct,24
Misn09Mission_u_64,union,55
Misn09Mission_u_64_s_0,struct,55
Misn10Mission,struct,324
Misn10Mission_u_132,union,56
Misn10Mission_u_132_s_0,struct,56
Misn10Mission_u_188,union,128
Misn10Mission_u_188_s_0,struct,128
Misn10Mission_u_316,union,8
Misn10Mission_u_316_s_0,struct,8
Misn10Mission_u_64,union,67
Misn10Mission_u_64_s_0,struct,67
Misn11Mission,struct,184
Misn11Mission_u_108,union,68
Misn11Mission_u_108_s_0,struct,68
Misn11Mission_u_176,union,8
Misn11Mission_u_176_s_0,struct,8
Misn11Mission_u_64,union,18
Misn11Mission_u_64_s_0,struct,18
Misn11Mission_u_84,union,24
Misn11Mission_u_84_s_0,struct,24
Misn12Mission,struct,512
Misn12Mission_u_160,union,112
Misn12Mission_u_160_s_0,struct,112
Misn12Mission_u_272,union,232
Misn12Mission_u_272_s_0,struct,232
Misn12Mission_u_504,union,8
Misn12Mission_u_504_s_0,struct,8
Misn12Mission_u_64,union,93
Misn12Mission_u_64_s_0,struct,93
Misn13Mission,struct,496
Misn13Mission_u_124,union,48
Misn13Mission_u_124_s_0,struct,48
Misn13Mission_u_172,union,308
Misn13Mission_u_172_s_0,struct,308
Misn13Mission_u_480,union,16
Misn13Mission_u_480_s_0,struct,16
Misn13Mission_u_64,union,60
Misn13Mission_u_64_s_0,struct,60
Misn14Mission,struct,236
Misn14Mission_u_136,union,92
Misn14Mission_u_136_s_0,struct,92
Misn14Mission_u_228,union,8
Misn14Mission_u_228_s_0,struct,8
Misn14Mission_u_64,union,25
Misn14Mission_u_64_s_0,struct,25
Misn14Mission_u_92,union,44
Misn14Mission_u_92_s_0,struct,44
Misn15Mission,struct,660
Misn15Mission_u_128,union,520
Misn15Mission_u_128_s_0,struct,520
Misn15Mission_u_64,union,16
Misn15Mission_u_648,union,12
Misn15Mission_u_648_s_0,struct,12
Misn15Mission_u_64_s_0,struct,16
Misn15Mission_u_80,union,48
Misn15Mission_u_80_s_0,struct,48
Misn16Mission,struct,212
Misn16Mission_u_112,union,88
Misn16Mission_u_112_s_0,struct,88
Misn16Mission_u_200,union,12
Misn16Mission_u_200_s_0,struct,12
Misn16Mission_u_64,union,7
Misn16Mission_u_64_s_0,struct,7
Misn16Mission_u_72,union,40
Misn16Mission_u_72_s_0,struct,40
Misn17Mission,struct,860
Misn17Mission_u_132,union,140
Misn17Mission_u_132_s_0,struct,140
Misn17Mission_u_272,union,572
Misn17Mission_u_272_s_0,struct,572
Misn17Mission_u_64,union,65
Misn17Mission_u_64_s_0,struct,65
Misn17Mission_u_844,union,16
Misn17Mission_u_844_s_0,struct,16
Misn18Mission,struct,448
Misn18Mission_u_108,union,56
Misn18Mission_u_108_s_0,struct,56
Misn18Mission_u_164,union,260
Misn18Mission_u_164_s_0,struct,260
Misn18Mission_u_424,union,24
Misn18Mission_u_424_s_0,struct,24
Misn18Mission_u_64,union,43
Misn18Mission_u_64_s_0,struct,43
Misns1Mission,struct,460
Misns1Mission_u_132,union,112
Misns1Mission_u_132_s_0,struct,112
Misns1Mission_u_244,union,184
Misns1Mission_u_244_s_0,struct,184
Misns1Mission_u_428,union,32
Misns1Mission_u_428_s_0,struct,32
Misns1Mission_u_64,union,65
Misns1Mission_u_64_s_0,struct,65
Misns2Mission,struct,604
Misns2Mission_u_104,union,40
Misns2Mission_u_104_s_0,struct,40
Misns2Mission_u_144,union,420
Misns2Mission_u_144_s_0,struct,420
Misns2Mission_u_564,union,40
Misns2Mission_u_564_s_0,struct,40
Misns2Mission_u_64,union,38
Misns2Mission_u_64_s_0,struct,38
Misns3Mission,struct,292
Misns3Mission_u_112,union,148
Misns3Mission_u_112_s_0,struct,148
Misns3Mission_u_260,union,32
Misns3Mission_u_260_s_0,struct,32
Misns3Mission_u_64,union,27
Misns3Mission_u_64_s_0,struct,27
Misns3Mission_u_92,union,20
Misns3Mission_u_92_s_0,struct,20
Misns4Mission,struct,232
Misns4Mission_u_124,union,88
Misns4Mission_u_124_s_0,struct,88
Misns4Mission_u_212,union,20
Misns4Mission_u_212_s_0,struct,20
Misns4Mission_u_64,union,30
Misns4Mission_u_64_s_0,struct,30
Misns4Mission_u_96,union,28
Misns4Mission_u_96_s_0,struct,28
Misns5Mission,struct,184
Misns5Mission_u_104,union,64
Misns5Mission_u_104_s_0,struct,64
Misns5Mission_u_168,union,16
Misns5Mission_u_168_s_0,struct,16
Misns5Mission_u_64,union,14
Misns5Mission_u_64_s_0,struct,14
Misns5Mission_u_80,union,24
Misns5Mission_u_80_s_0,struct,24
Misns6Mission,struct,188
Misns6Mission_u_108,union,68
Misns6Mission_u_108_s_0,struct,68
Misns6Mission_u_176,union,12
Misns6Mission_u_176_s_0,struct,12
Misns6Mission_u_64,union,16
Misns6Mission_u_64_s_0,struct,16
Misns6Mission_u_80,union,28
Misns6Mission_u_80_s_0,struct,28
Misns7Mission,struct,632
Misns7Mission_u_160,union,144
Misns7Mission_u_160_s_0,struct,144
Misns7Mission_u_304,union,308
Misns7Mission_u_304_s_0,struct,308
Misns7Mission_u_612,union,20
Misns7Mission_u_612_s_0,struct,20
Misns7Mission_u_64,union,96
Misns7Mission_u_64_s_0,struct,96
Misns8Mission,struct,684
Misns8Mission_u_180,union,124
Misns8Mission_u_180_s_0,struct,124
Misns8Mission_u_304,union,324
Misns8Mission_u_304_s_0,struct,324
Misns8Mission_u_628,union,56
Misns8Mission_u_628_s_0,struct,56
Misns8Mission_u_64,union,114
Misns8Mission_u_64_s_0,struct,114
Missile,struct,240
MissileClass,struct,184
MissilePacket,struct,4
MissionDialog,struct,88
ModeButton,struct,24
ModeButton_u_0,union,4
ModeList,struct,52
Mortar,struct,184
MortarClass,struct,128
Mult01Event,struct,996
Mult01Mission,struct,64
Mult01MissionClass,struct,8
Mult02Mission,struct,64
Mult02MissionClass,struct,8
Mult03Event,struct,548
Mult03Mission,struct,64
Mult03MissionClass,struct,8
Mult04Event,struct,548
Mult04Mission,struct,64
Mult04MissionClass,struct,8
MultDMEvent,struct,56
MultDMMission,struct,112
MultDMMissionClass,struct,8
MultGEvent,struct,1036
MultGMission,struct,64
MultGMissionClass,struct,8
MultSTMission,struct,112
MultSTMissionClass,struct,8
NCryptKeyName,struct,16
NCryptKeyName.conflict,struct,16
NCryptProviderName,struct,8
NCryptProviderName.conflict,struct,8
NDR_ALLOC_ALL_NODES_CONTEXT,struct,1
NDR_POINTER_QUEUE_STATE,struct,1
NET_ADDRESS_INFO_,struct,1
NOTEPAD_DATA,struct,164
NOTIFY_USER_POWER_SETTING,struct,16
NTFS_EXTENDED_VOLUME_DATA,struct,8
NTFS_FILE_RECORD_INPUT_BUFFER,struct,8
NTFS_FILE_RECORD_OUTPUT_BUFFER,struct,16
NTFS_VOLUME_DATA_BUFFER,struct,96
NUMPARSE,struct,24
NameToGameKey,struct,8
NativeDll,struct,1
Net,struct,2156
Net.conflict,struct,2156
Net.conflict1,struct,2152
NetDisplayObject,struct,544
NetGameObject,struct,544
NetPlayer,struct,632
NetProcess,struct,20
Node,struct,40
NodeNeighbor,struct,4
OBJECTIVE_DATA,struct,124
OBJECT_NODE,struct,32
OFFENSEINFO,struct,4
OPENCARDNAMEA,struct,92
OPENCARDNAMEW,struct,92
OPENCARDNAMEW.conflict,struct,92
OPENCARDNAME_EXA,struct,72
OPENCARDNAME_EXW,struct,72
OPENCARDNAME_EXW.conflict,struct,72
OPENCARD_SEARCH_CRITERIAA,struct,52
OPENCARD_SEARCH_CRITERIAW,struct,52
OPENCARD_SEARCH_CRITERIAW.conflict,struct,52
ObjChunkType,struct,108
ObjectClassInfo,struct,8
ObjectHandle,union,4
ObjectHandle_s_1,struct,4
ObjectLobber,struct,192
ObjectLobberClass,struct,128
ObjectType,struct,100
OffensiveProcess,struct,120
OggStreamInfo,struct,784
OggVorbis_File,struct,720
OldNew,struct,8
OpenNode,struct,12
OpenNodeLT,struct,1
OptionBox,struct,13036
Ordnance,struct,216
OrdnanceClass,struct,112
OrdnanceData,struct,36
OrdnancePacket,struct,20
OverView,struct,80
OverView.conflict,struct,84
PACKET,struct,3
PACKET.conflict,struct,4
PACKET.conflict1,struct,1
PAGE,struct,32768
PANE,struct,16
PCX_HEADER,struct,128
PERM_PACKET,struct,8
PERSON_STATE_PACKET,struct,20
PINGREPLY_PACKET,struct,8
PING_PACKET,struct,20
PLANE,struct,16
PMD,struct,12
POINT_3D,struct,24
POINT_VEL,struct,24
POLYGON_SKIN,union,4
POWERBROADCAST_SETTING,struct,24
POWER_ACTION_POLICY,struct,12
PPM_IDLESTATE_EVENT,struct,16
PPM_IDLE_ACCOUNTING,struct,72
PPM_IDLE_STATE_ACCOUNTING,struct,48
PPM_PERFSTATE_DOMAIN_EVENT,struct,24
PPM_PERFSTATE_EVENT,struct,20
PPM_SIMULATED_PROCESSOR_LOAD,struct,33
PPM_THERMALCHANGE_EVENT,struct,16
PPM_THERMAL_POLICY_EVENT,struct,16
PPM_WMI_IDLE_STATE,struct,32
PPM_WMI_IDLE_STATES,struct,56
PPM_WMI_LEGACY_PERFSTATE,struct,12
PPM_WMI_PERF_STATE,struct,64
PPM_WMI_PERF_STATES,struct,144
PREREQ_equiv,struct,8
PREREQ_struct,struct,156
PRESET_VIEW,struct,568
PROCESSOR_IDLESTATE_INFO,struct,8
PROCESSOR_IDLESTATE_POLICY,struct,32
PROCESSOR_PERFSTATE_POLICY,struct,28
PROCESSOR_PERFSTATE_POLICY_u_7,union,1
PS,struct,16
PVECTOR,struct,16
ParameterDB,struct,4
ParameterDBFeature,struct,40
Particle,struct,32
ParticleEffect,struct,8260
PathDialog,struct,1
PathDisplay,struct,272
PathDisplay.conflict,struct,280
PathPlan,struct,64
PathPoint,struct,16
PathSpawn,struct,4428
PathZone,struct,292
PatrolTask,struct,348
Person,struct,632
PersonAttack,struct,312
PersonClass,struct,1200
PersonEnemy,struct,128
PersonFriend,struct,128
PersonGetIn,struct,336
PersonGlide,struct,312
PersonParameters,struct,52
PersonProcess,struct,128
PersonRetreat,struct,336
PersonStraight,struct,312
PhoneNumberList,struct,20
PlanarExplosion,struct,60
PlanarExplosionClass,struct,104
Player,struct,76
PlayerInfo,struct,20
PlayerList,struct,60
PlayerNameList,struct,48
Popper,struct,232
PopperClass,struct,192
PopperGun,struct,184
PopperGunClass,struct,128
PortData,struct,8
PostAttribute,struct,88
PostBoundAttribute,struct,4
PostRangeAttribute,struct,12
PowerPlant,struct,568
PowerPlantClass,struct,360
PowerUp,struct,552
PowerUpClass,struct,368
PowerUpProcess,struct,20
PreAttribute,struct,84
PreBoundAttribute,struct,4
PreRangeAttribute,struct,12
PrintNamedProperty,struct,24
PrintNamedProperty.conflict,struct,24
PrintPropertiesCollection,struct,8
PrintPropertyValue,struct,16
PrintPropertyValue.conflict,struct,16
Producer,struct,792
ProducerClass,struct,1064
ProducerClass.conflict,struct,1072
Proto,struct,76
ProximityMine,struct,576
ProximityMineClass,struct,376
QUAT,struct,16
QuakeBlast,struct,64
QuakeBlastClass,struct,112
RADAR_MESH,struct,131100
RDFONT,struct,260
READ_USN_JOURNAL_DATA,struct,40
RECORD,struct,8
REDUCED_MAT,struct,14
REDUCED_VEC,struct,6
REFRESH_MODE_CLASS,struct,16
REGION_DEF,struct,68
RESERVED_AREA,struct,8
RESOURCE_AT,struct,8
RETRIEVAL_POINTERS_BUFFER,struct,32
RGB,struct,3
RMAT,struct,10
ROAD_INFO,struct,44
RPC_CLIENT_INFORMATION1,struct,16
RPC_DISPATCH_TABLE,struct,12
RPC_IF_ID_VECTOR,struct,8
RPC_IMPORT_CONTEXT_P,struct,12
RPC_STATS_VECTOR,struct,8
RadarDamper,struct,192
RadarDamperClass,struct,168
RadarItem,struct,8
RadarLauncher,struct,208
RadarLauncherClass,struct,192
Range,struct,64
Range_Search_Results,struct,44
Rect,struct,16
RecycleFeature,struct,40
RecycleTask,struct,112
Recycler,struct,800
RecyclerClass,struct,1064
RecyclerClass.conflict,struct,1072
RecyclerEnemy,struct,88
RecyclerFriend,struct,88
RecyclerProcess,struct,64
RemoteDetonator,struct,208
RemoteDetonatorClass,struct,136
RepairDepot,struct,568
RepairDepotClass,struct,384
ResRefType,struct,8
RescueTask,struct,312
Reticle,struct,216
RevisionChunkType,struct,12
RigEnemy,struct,88
RigFriend,struct,88
RigProcess,struct,88
RoadPair,struct,24
RoadSegChunkType,struct,16
RoadSegType,struct,8
Rocket,struct,232
RocketClass,struct,176
RocketTankAttack,struct,312
RocketTankEnemy,struct,120
RocketTankFriend,struct,120
RocketTankProcess,struct,120
RtimeClass,struct,12
SAV,struct,712
SAVAttackPersonTask,struct,312
SAVAttackVehicleTask,struct,312
SAVClass,struct,960
SAVClass.conflict,struct,968
SAVEnemy,struct,88
SAVProcess,struct,88
SCARD_READERSTATEA,struct,56
SCARD_READERSTATEW,struct,56
SCARD_T0_COMMAND,struct,5
SCARD_T0_REQUEST,struct,16
SCARD_T0_REQUEST_u_10,union,5
SCARD_T1_REQUEST,struct,8
SCREEN,struct,4
SCROLL_LINE,struct,88
SCROLL_REGION,struct,100
SC_HANDLE__,struct,4
SChannelHookCallInfo,struct,48
SDF_STRUCTURE_DEFINITION,struct,70
SDF_STRUCTURE_GEOMETRY,struct,4
SERVICE_STATUS_HANDLE__,struct,4
SET_POWER_SETTING_VALUE,struct,32
SHELLHOOKINFO,struct,20
SIM_CONTROLS,struct,52
SINCOS,struct,8
SLFEnemy,struct,72
SLFFriend,struct,72
SNIPE_PACKET,struct,8
SORTING_LIST_ENTITY,struct,40
SObject,struct,8
SPAWNPOINT_PACKET,struct,16
SPHERE,struct,16
SPINNER,struct,20
SPRITE,struct,32
SPRITE_3D_POLY_ENTITY,struct,48
SPRITE_LOADER,struct,52
SPRITE_POLY_ENTITY,struct,36
SParser,struct,20
STACK_FRAME,struct,2008
STACK_FRAME.conflict,struct,1752
STACK_FRAME.conflict1,struct,1760
STACK_FRAME.conflict2,struct,1792
STACK_FRAME.conflict3,struct,1640
STACK_FRAME.conflict4,struct,1784
STACK_FRAME.conflict5,struct,1792
STACK_FRAME.conflict6,struct,1768
STARTING_LCN_INPUT_BUFFER,struct,8
STARTING_VCN_INPUT_BUFFER,struct,8
STATE_PACKET,struct,18
STORAGE_BREAK_RESERVATION_REQUEST,struct,8
STRUCTURE_GEOMETRY_LOADER,struct,24
SURFACE_ATTRIBUTE,struct,20
SYSTEM_BATTERY_STATE,struct,32
SYSTEM_POWER_CAPABILITIES,struct,76
SYSTEM_POWER_LEVEL,struct,24
Scanner,struct,20
ScavGotoDrop,struct,352
ScavGotoRepair,struct,352
ScavGotoScrap,struct,352
Scavenger,struct,728
ScavengerClass,struct,1040
ScavengerClass.conflict,struct,1048
ScavengerEnemy,struct,88
ScavengerFriend,struct,88
ScavengerProcess,struct,88
Scheduler,struct,160
ScorePlayer,struct,136
ScoutEnemy,struct,120
ScoutFriend,struct,120
ScoutProcess,struct,120
Scrap,struct,568
ScrapClass,struct,352
ScrapDropoff,struct,552
ScrapDropoffClass,struct,368
ScrapField,struct,560
ScrapFieldClass,struct,352
ScrapFieldFeature,struct,52
ScrapGauge,struct,24
ScrapSilo,struct,568
ScrapSiloClass,struct,360
Search,struct,1
SeismicWave,struct,264
SeismicWaveClass,struct,192
SelectionDisplay,struct,1072
SemInfo,union,8
Server,struct,140
ServerList,struct,100
Session,struct,104
SessionList,struct,64
ShellBitmap,struct,32
ShellButton,struct,272
ShellPoint,struct,4
ShellScrollBar,struct,88
ShieldTower,struct,568
ShieldTowerClass,struct,392
ShockBlast,struct,56
ShockBlastClass,struct,104
ShockWave,struct,36
ShockWaveEffect,struct,1204
SimpleVehicleList,struct,8
SitSpinTask,struct,312
SitTask,struct,312
SmokeEffect,struct,110668
SmokeEmitter,struct,20
SmokePuff,struct,44
SniperGun,struct,184
SniperGunClass,struct,128
SniperInterface,struct,496
SniperShell,struct,224
SniperShellClass,struct,120
SoldierAttack,struct,312
SoldierEnemy,struct,120
SoldierFriend,struct,120
SoldierProcess,struct,120
SoldierRetreat,struct,336
SoldierReturn,struct,336
SpawnBuoy,struct,568
SpawnBuoyClass,struct,352
SpawnPoint,struct,16
SpawnPoint.conflict,struct,20
SpecialItem,struct,192
SpecialItemClass,struct,168
Splash,struct,72
SprayBomb,struct,232
SprayBombClass,struct,200
SprayBuilding,struct,576
SprayBuildingClass,struct,392
SquadUnitInfo,struct,8
StatusDisplay,struct,44
StrLookup_table,struct,8
StringFileInfo,struct,6
StringInfo,struct,6
StringTable,struct,6
Strip,struct,60
StripHeap,struct,20
StructObjectType,struct,120
StructureDefChunkType,struct,78
StructureGeoChunkType,struct,12
StructureGlue,struct,8
SuccessAttribute,struct,4
SupplyDepot,struct,568
SupplyDepotClass,struct,384
SurfacePlane,struct,16
SwitchType,struct,32
SyncGamePlayerList,struct,68
TACTICS_INFO,struct,5404
TEAM_CPU,struct,16
TEAM_DATA,struct,488
TEAM_RESOURCE,struct,12
TEAM_STATS,struct,44
TERRAIN,struct,65572
TEX8BPP,struct,8
TEXEL,struct,12
TEXEL_u_8,union,4
TEXTINPUT_DEF,struct,72
TEXTURE,struct,8
TEXTURE_CACHE,struct,2112
TEXTURE_EDGE,struct,40
TEXTURE_EDGE.conflict,struct,48
TEXTURE_STACK_FRAME,struct,1752
TEXTURE_TABLE,struct,64
TEX_INFO,struct,40
TIME_OF_DAY,struct,20
TKey,union,16
TString,union,16
TUG_STATE_PACKET,struct,8
TURRETCRAFT_STATE_PACKET,struct,10
TabTextWindow,struct,128136
Table,struct,32
TankEnemy,struct,120
TankFriend,struct,120
TankProcess,struct,120
TargetCam,struct,496
Targeting,struct,8
TargetingGun,struct,200
TargetingGunClass,struct,168
Team,struct,384
TeamSlotName,struct,8
TeamSwitcher,struct,312
TeamSwitcherClass,struct,184
TerrainExpose,struct,200
TerrainExposeClass,struct,168
TestInterface,struct,8
TextLabel,struct,296
TextWindow,struct,128056
ThermalLauncher,struct,208
ThermalLauncherClass,struct,192
ThermalMissile,struct,248
ThermalMissileClass,struct,192
TimeAdjItem,struct,8
Token,struct,16
Torpedo,struct,560
TorpedoClass,struct,424
TorpedoClass.conflict,struct,432
TorpedoProcess,struct,20
Tracer,struct,256
TracerClass,struct,136
Tran02Mission,struct,156
Tran02Mission_u_100,union,20
Tran02Mission_u_100_s_0,struct,20
Tran02Mission_u_120,union,20
Tran02Mission_u_120_s_0,struct,20
Tran02Mission_u_140,union,16
Tran02Mission_u_140_s_0,struct,16
Tran02Mission_u_64,union,23
Tran02Mission_u_64_s_0,struct,23
Tran02Mission_u_88,union,12
Tran02Mission_u_88_s_0,struct,12
Tran03Mission,struct,148
Tran03Mission_u_100,union,20
Tran03Mission_u_100_s_0,struct,20
Tran03Mission_u_120,union,20
Tran03Mission_u_120_s_0,struct,20
Tran03Mission_u_140,union,8
Tran03Mission_u_140_s_0,struct,8
Tran03Mission_u_64,union,25
Tran03Mission_u_64_s_0,struct,25
Tran03Mission_u_92,union,8
Tran03Mission_u_92_s_0,struct,8
Tran04Mission,struct,184
Tran04Mission_u_100,union,36
Tran04Mission_u_100_s_0,struct,36
Tran04Mission_u_136,union,36
Tran04Mission_u_136_s_0,struct,36
Tran04Mission_u_172,union,12
Tran04Mission_u_172_s_0,struct,12
Tran04Mission_u_64,union,23
Tran04Mission_u_64_s_0,struct,23
Tran04Mission_u_88,union,12
Tran04Mission_u_88_s_0,struct,12
Tran05Mission,struct,232
Tran05Mission_u_124,union,72
Tran05Mission_u_124_s_0,struct,72
Tran05Mission_u_196,union,20
Tran05Mission_u_196_s_0,struct,20
Tran05Mission_u_216,union,16
Tran05Mission_u_216_s_0,struct,16
Tran05Mission_u_64,union,26
Tran05Mission_u_64_s_0,struct,26
Tran05Mission_u_92,union,32
Tran05Mission_u_92_s_0,struct,32
Tug,struct,736
TugClass,struct,960
TugClass.conflict,struct,968
TugEnemy,struct,76
TugFriend,struct,76
TugPickup,struct,352
TugProcess,struct,76
TurretAttack,struct,320
TurretBlastAttack,struct,312
TurretCraft,struct,664
TurretCraftClass,struct,784
TurretTank,struct,824
TurretTankClass,struct,968
TurretTankClass.conflict,struct,976
TurretTankEnemy,struct,136
TurretTankFriend,struct,136
TurretTankProcess,struct,136
TypeDescriptor,struct,8
UDATE,struct,18
USERPREFS,struct,16
USN_JOURNAL_DATA,struct,56
USN_RECORD,struct,64
Udata,union,24
UnBuild,struct,356
UnitAttachment,struct,112
UnitProcess,struct,88
UnitTask,struct,312
UnitTypeAttachment,struct,140
UpVal,struct,32
UserProcess,struct,112
VDF_COLLISION_PLANES,struct,48
VDF_LOCATION,struct,52
VDF_SPECIAL_SLOTS,struct,12
VDF_VEHICLE_DEFINITION,struct,60
VDF_VEHICLE_GEOMETRY,struct,4
VDF_VEHICLE_SHELL_INFO,struct,45
VECTOR_2D,struct,8
VECTOR_3D,struct,12
VECTOR_3D_LONG,struct,24
VEHICLE,struct,284
VEHICLE_GEOMETRY_LOADER,struct,112
VHCL_CONTROL,struct,36
VIDEOMODE_REC,struct,32
VIDEO_DEVICE,struct,1016
VIDEO_MODE_CLASS,struct,52
VIEWS_VTRLFNT,struct,8
VIRTUAL_MEMORY_CHAIN,struct,16
VOLUME_BITMAP_BUFFER,struct,24
VQCODEBOOK,struct,4
VQTEXTURE,struct,24
VS_VERSION_INFO,struct,92
Value,union,8
Var,struct,6
VarFileInfo,struct,6
Vector3D,struct,12
VehicleDefChunkType,struct,68
VehicleGeoChunkType,struct,12
VehicleList,struct,24
VehicleLocationChunkType,struct,60
WALKER_STATE_PACKET,struct,18
WAVEFORMATEXTENSIBLE,struct,40
WICRect,struct,16
WIN_BITMAPINFO,struct,1064
WRAP_INFO,struct,12
WSAData,struct,400
Walker,struct,664
WalkerClass,struct,976
WalkerParameters,struct,52
Weapon,struct,168
WeaponClass,struct,120
WeaponMine,struct,576
WeaponMineClass,struct,376
WeaponPowerup,struct,552
WeaponPowerupClass,struct,376
Wingman,struct,704
WingmanBlastAttack,struct,312
WingmanClass,struct,952
WingmanClass.conflict,struct,960
WingmanProcess,struct,120
WorldDefChunkType,struct,310
WorldDefType,struct,302
WorldInterface,struct,8
XAUDIO2_BUFFER,struct,36
XAUDIO2_BUFFER_WMA,struct,8
XAUDIO2_DEBUG_CONFIGURATION,struct,24
XAUDIO2_DEVICE_DETAILS,struct,1068
XAUDIO2_EFFECT_CHAIN,struct,8
XAUDIO2_EFFECT_DESCRIPTOR,struct,12
XAUDIO2_FILTER_PARAMETERS,struct,12
XAUDIO2_PERFORMANCE_DATA,struct,64
XAUDIO2_SEND_DESCRIPTOR,struct,8
XAUDIO2_VOICE_DETAILS,struct,12
XAUDIO2_VOICE_SENDS,struct,8
XAUDIO2_VOICE_STATE,struct,16
XDF_EXPLOSION_DEFINITION,struct,40
XDF_EXPLOSION_GEOMETRY,struct,4
XMA2WAVEFORMATEX,struct,52
XMLDOMDocumentEvents,struct,4
XMLDOMDocumentEvents.conflict,struct,4
XMLDOMDocumentEventsVtbl,struct,28
XMLDSOControl,struct,1
XMLDocument,struct,1
XMLHTTPRequest,struct,1
ZFS_COOKIE,struct,44
ZFS_DTABLE,struct,3604
ZFS_FHEADER,struct,28
ZFS_RENTRY,struct,36
ZIX_CD_TYPE,struct,768
ZIX_FENTRY_TYPE,struct,48
ZIX_FENTRY_TYPE.conflict,struct,32
ZIX_PATH_TYPE,struct,268
Zio,struct,20
ZoneType,struct,14
_ABC,struct,12
_ABCFLOAT,struct,12
_ACCESS_ALLOWED_ACE,struct,12
_ACCESS_ALLOWED_CALLBACK_ACE,struct,12
_ACCESS_ALLOWED_CALLBACK_OBJECT_ACE,struct,48
_ACCESS_ALLOWED_OBJECT_ACE,struct,48
_ACCESS_DENIED_ACE,struct,12
_ACCESS_DENIED_CALLBACK_ACE,struct,12
_ACCESS_DENIED_CALLBACK_OBJECT_ACE,struct,48
_ACCESS_DENIED_OBJECT_ACE,struct,48
_ACE_HEADER,struct,4
_ACL,struct,8
_ACL_REVISION_INFORMATION,struct,4
_ACL_SIZE_INFORMATION,struct,12
_ACTION_HEADER,struct,8
_ACTIVATION_CONTEXT,struct,1
_ACTIVATION_CONTEXT_ASSEMBLY_DETAILED_INFORMATION,struct,88
_ACTIVATION_CONTEXT_BASIC_INFORMATION,struct,8
_ACTIVATION_CONTEXT_DATA,struct,1
_ACTIVATION_CONTEXT_DETAILED_INFORMATION,struct,48
_ACTIVATION_CONTEXT_QUERY_INDEX,struct,8
_ACTIVATION_CONTEXT_RUN_LEVEL_INFORMATION,struct,12
_ACTIVATION_CONTEXT_STACK,struct,20
_ADAPTER_STATUS,struct,60
_ADDJOB_INFO_1A,struct,8
_ADDJOB_INFO_1W,struct,8
_ADDJOB_INFO_1W.conflict,struct,8
_ADMINISTRATOR_POWER_POLICY,struct,24
_APPLICATIONLAUNCH_SETTING_VALUE,struct,16
_ASSEMBLY_FILE_DETAILED_INFORMATION,struct,20
_ASSEMBLY_STORAGE_MAP,struct,1
_AUTHENTICODE_EXTRA_CERT_CHAIN_POLICY_PARA,struct,12
_AUTHENTICODE_EXTRA_CERT_CHAIN_POLICY_STATUS,struct,8
_AUTHENTICODE_TS_EXTRA_CERT_CHAIN_POLICY_PARA,struct,12
_Allocator_base<AOI_*>,struct,1
_Allocator_base<Addr_*>,struct,1
_Allocator_base<AdjustItem_*>,struct,1
_Allocator_base<AiMissionClass_*>,struct,1
_Allocator_base<AiPath_*>,struct,1
_Allocator_base<AiProcess_*>,struct,1
_Allocator_base<AiTask_*>,struct,1
_Allocator_base<AnimSprite_*>,struct,1
_Allocator_base<Attachment_*>,struct,1
_Allocator_base<AttackGroup_*>,struct,1
_Allocator_base<AttackerInfo>,struct,1
_Allocator_base<AudMsgInfo_*>,struct,1
_Allocator_base<BASE_STRUCT>,struct,1
_Allocator_base<BASE_STRUCT_*>,struct,1
_Allocator_base<Craft_*>,struct,1
_Allocator_base<DisplayInterface_*>,struct,1
_Allocator_base<DisplayViewInfo_*>,struct,1
_Allocator_base<DistributedObject_*>,struct,1
_Allocator_base<ExplosionClass_*>,struct,1
_Allocator_base<Explosion_*>,struct,1
_Allocator_base<FollowGroup_*>,struct,1
_Allocator_base<FollowerInfo>,struct,1
_Allocator_base<GameFeature_*>,struct,1
_Allocator_base<GameObjectClass_*>,struct,1
_Allocator_base<GameObject_*>,struct,1
_Allocator_base<Geizer_*>,struct,1
_Allocator_base<GridPoint>,struct,1
_Allocator_base<ObjectClassInfo_*>,struct,1
_Allocator_base<OldNew_*>,struct,1
_Allocator_base<OrdnanceClass_*>,struct,1
_Allocator_base<Ordnance_*>,struct,1
_Allocator_base<PathPoint>,struct,1
_Allocator_base<Player_*>,struct,1
_Allocator_base<PortData_*>,struct,1
_Allocator_base<PowerPlant_*>,struct,1
_Allocator_base<RadarItem>,struct,1
_Allocator_base<RtimeClass_*>,struct,1
_Allocator_base<Scanner_*>,struct,1
_Allocator_base<ScorePlayer_*>,struct,1
_Allocator_base<Scrap_*>,struct,1
_Allocator_base<Server_*>,struct,1
_Allocator_base<Session_*>,struct,1
_Allocator_base<ShortPath::OpenList::OpenNode>,struct,1
_Allocator_base<SpawnPoint_*>,struct,1
_Allocator_base<Strip_*>,struct,1
_Allocator_base<WeaponClass_*>,struct,1
_Allocator_base<Weapon_*>,struct,1
_Allocator_base<char>,struct,1
_Allocator_base<std::_Aux_cont>,struct,1
"_Allocator_base<std::_List_nod<AOI_*,std::allocator<AOI_*>_>::_Node>",struct,1
"_Allocator_base<std::_List_nod<AOI_*,std::allocator<AOI_*>_>::_Node_*>",struct,1
"_Allocator_base<std::_List_nod<Addr_*,std::allocator<Addr_*>_>::_Node>",struct,1
"_Allocator_base<std::_List_nod<Addr_*,std::allocator<Addr_*>_>::_Node_*>",struct,1
"_Allocator_base<std::_List_nod<AdjustItem_*,std::allocator<AdjustItem_*>_>::_Node>",struct,1
"_Allocator_base<std::_List_nod<AdjustItem_*,std::allocator<AdjustItem_*>_>::_Node_*>",struct,1
"_Allocator_base<std::_List_nod<AiMissionClass_*,std::allocator<AiMissionClass_*>_>::_Node>",struct,1
"_Allocator_base<std::_List_nod<AiMissionClass_*,std::allocator<AiMissionClass_*>_>::_Node_*>",struct,1
"_Allocator_base<std::_List_nod<AiPath_*,std::allocator<AiPath_*>_>::_Node>",struct,1
"_Allocator_base<std::_List_nod<AiPath_*,std::allocator<AiPath_*>_>::_Node_*>",struct,1
"_Allocator_base<std::_List_nod<AiProcess_*,std::allocator<AiProcess_*>_>::_Node>",struct,1
"_Allocator_base<std::_List_nod<AiProcess_*,std::allocator<AiProcess_*>_>::_Node_*>",struct,1
"_Allocator_base<std::_List_nod<AiTask_*,std::allocator<AiTask_*>_>::_Node>",struct,1
"_Allocator_base<std::_List_nod<AiTask_*,std::allocator<AiTask_*>_>::_Node_*>",struct,1
"_Allocator_base<std::_List_nod<AttackGroup_*,std::allocator<AttackGroup_*>_>::_Node>",struct,1
"_Allocator_base<std::_List_nod<AttackGroup_*,std::allocator<AttackGroup_*>_>::_Node_*>",struct,1
"_Allocator_base<std::_List_nod<AttackerInfo,std::allocator<AttackerInfo>_>::_Node>",struct,1
"_Allocator_base<std::_List_nod<AttackerInfo,std::allocator<AttackerInfo>_>::_Node_*>",struct,1
"_Allocator_base<std::_List_nod<AudMsgInfo_*,std::allocator<AudMsgInfo_*>_>::_Node>",struct,1
"_Allocator_base<std::_List_nod<AudMsgInfo_*,std::allocator<AudMsgInfo_*>_>::_Node_*>",struct,1
"_Allocator_base<std::_List_nod<DisplayInterface_*,std::allocator<DisplayInterface_*>_>::_Node>",struct,1
"_Allocator_base<std::_List_nod<DisplayInterface_*,std::allocator<DisplayInterface_*>_>::_Node_*>",struct,1
"_Allocator_base<std::_List_nod<DisplayViewInfo_*,std::allocator<DisplayViewInfo_*>_>::_Node>",struct,1
"_Allocator_base<std::_List_nod<DisplayViewInfo_*,std::allocator<DisplayViewInfo_*>_>::_Node_*>",struct,1
"_Allocator_base<std::_List_nod<Explosion_*,std::allocator<Explosion_*>_>::_Node>",struct,1
"_Allocator_base<std::_List_nod<Explosion_*,std::allocator<Explosion_*>_>::_Node_*>",struct,1
"_Allocator_base<std::_List_nod<FollowGroup_*,std::allocator<FollowGroup_*>_>::_Node>",struct,1
"_Allocator_base<std::_List_nod<FollowGroup_*,std::allocator<FollowGroup_*>_>::_Node_*>",struct,1
"_Allocator_base<std::_List_nod<FollowerInfo,std::allocator<FollowerInfo>_>::_Node>",struct,1
"_Allocator_base<std::_List_nod<FollowerInfo,std::allocator<FollowerInfo>_>::_Node_*>",struct,1
"_Allocator_base<std::_List_nod<OldNew_*,std::allocator<OldNew_*>_>::_Node>",struct,1
"_Allocator_base<std::_List_nod<OldNew_*,std::allocator<OldNew_*>_>::_Node_*>",struct,1
"_Allocator_base<std::_List_nod<Ordnance_*,std::allocator<Ordnance_*>_>::_Node>",struct,1
"_Allocator_base<std::_List_nod<Ordnance_*,std::allocator<Ordnance_*>_>::_Node_*>",struct,1
"_Allocator_base<std::_List_nod<RtimeClass_*,std::allocator<RtimeClass_*>_>::_Node>",struct,1
"_Allocator_base<std::_List_nod<RtimeClass_*,std::allocator<RtimeClass_*>_>::_Node_*>",struct,1
"_Allocator_base<std::_List_nod<Weapon_*,std::allocator<Weapon_*>_>::_Node>",struct,1
"_Allocator_base<std::_List_nod<Weapon_*,std::allocator<Weapon_*>_>::_Node_*>",struct,1
"_Allocator_base<std::_List_nod<std::pair<unsigned_int_const_,ParameterDB::FileData_*>,std::allocator<std::pair<unsigned_int_const_,ParameterDB::FileData_*>_>_>::_Node>",struct,1
"_Allocator_base<std::_List_nod<std::pair<unsigned_int_const_,ParameterDB::FileData_*>,std::allocator<std::pair<unsigned_int_const_,ParameterDB::FileData_*>_>_>::_Node_*>",struct,1
"_Allocator_base<std::_List_nod<std::pair<unsigned_int_const_,char_const_*>,std::allocator<std::pair<unsigned_int_const_,char_const_*>_>_>::_Node>",struct,1
"_Allocator_base<std::_List_nod<std::pair<unsigned_int_const_,char_const_*>,std::allocator<std::pair<unsigned_int_const_,char_const_*>_>_>::_Node_*>",struct,1
"_Allocator_base<std::_List_nod<std::pair<unsigned_int_const_,stdext::hash_map<unsigned_int,char_const_*,stdext::hash_compare<unsigned_int,std::less<unsigned_int>_>,std::allocator<std::pair<unsigned_int_const_,char_const_*>_>_>_>,std::allocator<std::pair<unsigned_int_const_,stdext::hash_map<unsigned_int,char_const_*,stdext::hash_compare<unsigned_int,std::less<unsigned_int>_>,std::allocator<std::pair<unsigned_int_const_,char_const_*>_>_>_>_>_>::_Node>",struct,1
"_Allocator_base<std::_List_nod<std::pair<unsigned_int_const_,stdext::hash_map<unsigned_int,char_const_*,stdext::hash_compare<unsigned_int,std::less<unsigned_int>_>,std::allocator<std::pair<unsigned_int_const_,char_const_*>_>_>_>,std::allocator<std::pair<unsigned_int_const_,stdext::hash_map<unsigned_int,char_const_*,stdext::hash_compare<unsigned_int,std::less<unsigned_int>_>,std::allocator<std::pair<unsigned_int_const_,char_const_*>_>_>_>_>_>::_Node_*>",struct,1
"_Allocator_base<std::_List_nod<std::pair<unsigned_long_const_,float>,std::allocator<std::pair<unsigned_long_const_,float>_>_>::_Node>",struct,1
"_Allocator_base<std::_List_nod<std::pair<unsigned_long_const_,float>,std::allocator<std::pair<unsigned_long_const_,float>_>_>::_Node_*>",struct,1
"_Allocator_base<std::_List_nod<std::pair<unsigned_long_const_,unsigned_long>,std::allocator<std::pair<unsigned_long_const_,unsigned_long>_>_>::_Node>",struct,1
"_Allocator_base<std::_List_nod<std::pair<unsigned_long_const_,unsigned_long>,std::allocator<std::pair<unsigned_long_const_,unsigned_long>_>_>::_Node_*>",struct,1
"_Allocator_base<std::_Tree_nod<std::_Tmap_traits<GameObject_*,Area,std::less<GameObject_*>,std::allocator<std::pair<GameObject_*_const,Area>_>,0>_>::_Node>",struct,1
"_Allocator_base<std::_Tree_nod<std::_Tmap_traits<GameObject_*,Area,std::less<GameObject_*>,std::allocator<std::pair<GameObject_*_const,Area>_>,0>_>::_Node_*>",struct,1
"_Allocator_base<std::_Tree_nod<std::_Tmap_traits<std::pair<unsigned_short,unsigned_short>,Ordnance_*,std::less<std::pair<unsigned_short,unsigned_short>_>,std::allocator<std::pair<std::pair<unsigned_short,unsigned_short>_const_,Ordnance_*>_>,0>_>::_Node>",struct,1
"_Allocator_base<std::_Tree_nod<std::_Tmap_traits<std::pair<unsigned_short,unsigned_short>,Ordnance_*,std::less<std::pair<unsigned_short,unsigned_short>_>,std::allocator<std::pair<std::pair<unsigned_short,unsigned_short>_const_,Ordnance_*>_>,0>_>::_Node_*>",struct,1
"_Allocator_base<std::_Tree_nod<std::_Tmap_traits<unsigned_long,DistributedObject_*,std::less<unsigned_long>,std::allocator<std::pair<unsigned_long_const_,DistributedObject_*>_>,0>_>::_Node>",struct,1
"_Allocator_base<std::_Tree_nod<std::_Tmap_traits<unsigned_long,DistributedObject_*,std::less<unsigned_long>,std::allocator<std::pair<unsigned_long_const_,DistributedObject_*>_>,0>_>::_Node_*>",struct,1
"_Allocator_base<std::_Tree_nod<std::_Tmap_traits<unsigned_short,NetPlayer_*,std::less<unsigned_short>,std::allocator<std::pair<unsigned_short_const_,NetPlayer_*>_>,0>_>::_Node>",struct,1
"_Allocator_base<std::_Tree_nod<std::_Tmap_traits<unsigned_short,NetPlayer_*,std::less<unsigned_short>,std::allocator<std::pair<unsigned_short_const_,NetPlayer_*>_>,0>_>::_Node_*>",struct,1
"_Allocator_base<std::_Tree_nod<std::_Tset_traits<ShortPath::OpenList::OpenNode,ShortPath::OpenList::OpenNodeLT,std::allocator<ShortPath::OpenList::OpenNode>,1>_>::_Node>",struct,1
"_Allocator_base<std::_Tree_nod<std::_Tset_traits<ShortPath::OpenList::OpenNode,ShortPath::OpenList::OpenNodeLT,std::allocator<ShortPath::OpenList::OpenNode>,1>_>::_Node_*>",struct,1
"_Allocator_base<std::pair<GameObject_*_const,Area>_>",struct,1
"_Allocator_base<std::pair<std::pair<unsigned_short,unsigned_short>_const_,Ordnance_*>_>",struct,1
"_Allocator_base<std::pair<unsigned_int_const_,ParameterDB::FileData_*>_>",struct,1
"_Allocator_base<std::pair<unsigned_int_const_,char_const_*>_>",struct,1
"_Allocator_base<std::pair<unsigned_int_const_,stdext::hash_map<unsigned_int,char_const_*,stdext::hash_compare<unsigned_int,std::less<unsigned_int>_>,std::allocator<std::pair<unsigned_int_const_,char_const_*>_>_>_>_>",struct,1
"_Allocator_base<std::pair<unsigned_long_const_,DistributedObject_*>_>",struct,1
"_Allocator_base<std::pair<unsigned_long_const_,float>_>",struct,1
"_Allocator_base<std::pair<unsigned_long_const_,unsigned_long>_>",struct,1
"_Allocator_base<std::pair<unsigned_short,unsigned_short>_>",struct,1
"_Allocator_base<std::pair<unsigned_short_const_,NetPlayer_*>_>",struct,1
"_Allocator_base<stdext::_Hash<stdext::_Hmap_traits<unsigned_int,ParameterDB::FileData_*,stdext::hash_compare<unsigned_int,std::less<unsigned_int>_>,std::allocator<std::pair<unsigned_int_const_,ParameterDB::FileData_*>_>,0>_>::_List_position>",struct,1
"_Allocator_base<stdext::_Hash<stdext::_Hmap_traits<unsigned_int,char_const_*,stdext::hash_compare<unsigned_int,std::less<unsigned_int>_>,std::allocator<std::pair<unsigned_int_const_,char_const_*>_>,0>_>::_List_position>",struct,1
"_Allocator_base<stdext::_Hash<stdext::_Hmap_traits<unsigned_int,stdext::hash_map<unsigned_int,char_const_*,stdext::hash_compare<unsigned_int,std::less<unsigned_int>_>,std::allocator<std::pair<unsigned_int_const_,char_const_*>_>_>,stdext::hash_compare<unsigned_int,std::less<unsigned_int>_>,std::allocator<std::pair<unsigned_int_const_,stdext::hash_map<unsigned_int,char_const_*,stdext::hash_compare<unsigned_int,std::less<unsigned_int>_>,std::allocator<std::pair<unsigned_int_const_,char_const_*>_>_>_>_>,0>_>::_List_position>",struct,1
"_Allocator_base<stdext::_Hash<stdext::_Hmap_traits<unsigned_long,float,stdext::hash_compare<unsigned_long,std::less<unsigned_long>_>,std::allocator<std::pair<unsigned_long_const_,float>_>,0>_>::_List_position>",struct,1
"_Allocator_base<stdext::_Hash<stdext::_Hmap_traits<unsigned_long,unsigned_long,stdext::hash_compare<unsigned_long,std::less<unsigned_long>_>,std::allocator<std::pair<unsigned_long_const_,unsigned_long>_>,0>_>::_List_position>",struct,1
_Allocator_base<unsigned_long>,struct,1
_Allocator_base<unsigned_short>,struct,1
_Allocator_base<wchar_t>,struct,1
_AppBarData,struct,36
_Aux_cont,struct,4
_BCRYPT_ALGORITHM_IDENTIFIER,struct,12
_BCRYPT_ALGORITHM_IDENTIFIER.conflict,struct,12
_BCRYPT_DH_KEY_BLOB,struct,8
_BCRYPT_DH_PARAMETER_HEADER,struct,12
_BCRYPT_DSA_KEY_BLOB,struct,52
_BCRYPT_DSA_PARAMETER_HEADER,struct,56
_BCRYPT_ECCKEY_BLOB,struct,8
_BCRYPT_INTERFACE_VERSION,struct,4
_BCRYPT_KEY_BLOB,struct,4
_BCRYPT_KEY_DATA_BLOB_HEADER,struct,12
_BCRYPT_OAEP_PADDING_INFO,struct,12
_BCRYPT_OID,struct,8
_BCRYPT_OID_LIST,struct,8
_BCRYPT_PKCS1_PADDING_INFO,struct,4
_BCRYPT_PROVIDER_NAME,struct,4
_BCRYPT_PROVIDER_NAME.conflict,struct,4
_BCRYPT_PSS_PADDING_INFO,struct,8
_BCRYPT_RSAKEY_BLOB,struct,24
_BCryptBuffer,struct,12
_BCryptBufferDesc,struct,12
_BIDI_DATA,struct,12
_BIDI_DATA.conflict,struct,12
_BIDI_REQUEST_CONTAINER,struct,32
_BIDI_REQUEST_DATA,struct,20
_BIDI_REQUEST_DATA.conflict,struct,20
_BIDI_RESPONSE_CONTAINER,struct,36
_BIDI_RESPONSE_DATA,struct,24
_BIDI_RESPONSE_DATA.conflict,struct,24
_BINARY_CONTAINER,struct,8
_BIN_COUNT,struct,24
_BIN_RANGE,struct,16
_BIN_RESULTS,struct,32
_BLENDFUNCTION,struct,4
_BYTE_BLOB,struct,8
_BYTE_SIZEDARR,struct,8
_BY_HANDLE_FILE_INFORMATION,struct,52
"_Bidit<AOI_*,int,AOI_*_const_*,AOI_*_const_&>",struct,4
"_Bidit<Addr_*,int,Addr_*_const_*,Addr_*_const_&>",struct,4
"_Bidit<AdjustItem_*,int,AdjustItem_*_const_*,AdjustItem_*_const_&>",struct,4
"_Bidit<AiMissionClass_*,int,AiMissionClass_*_const_*,AiMissionClass_*_const_&>",struct,4
"_Bidit<AiPath_*,int,AiPath_*_const_*,AiPath_*_const_&>",struct,4
"_Bidit<AiProcess_*,int,AiProcess_*_const_*,AiProcess_*_const_&>",struct,4
"_Bidit<AiTask_*,int,AiTask_*_const_*,AiTask_*_const_&>",struct,4
"_Bidit<AttackGroup_*,int,AttackGroup_*_const_*,AttackGroup_*_const_&>",struct,4
"_Bidit<AttackerInfo,int,AttackerInfo_const_*,AttackerInfo_const_&>",struct,4
"_Bidit<AudMsgInfo_*,int,AudMsgInfo_*_const_*,AudMsgInfo_*_const_&>",struct,4
"_Bidit<DisplayInterface_*,int,DisplayInterface_*_const_*,DisplayInterface_*_const_&>",struct,4
"_Bidit<DisplayViewInfo_*,int,DisplayViewInfo_*_const_*,DisplayViewInfo_*_const_&>",struct,4
"_Bidit<Explosion_*,int,Explosion_*_const_*,Explosion_*_const_&>",struct,4
"_Bidit<FollowGroup_*,int,FollowGroup_*_const_*,FollowGroup_*_const_&>",struct,4
"_Bidit<FollowerInfo,int,FollowerInfo_const_*,FollowerInfo_const_&>",struct,4
"_Bidit<OldNew_*,int,OldNew_*_const_*,OldNew_*_const_&>",struct,4
"_Bidit<Ordnance_*,int,Ordnance_*_const_*,Ordnance_*_const_&>",struct,4
"_Bidit<RtimeClass_*,int,RtimeClass_*_const_*,RtimeClass_*_const_&>",struct,4
"_Bidit<ShortPath::OpenList::OpenNode,int,ShortPath::OpenList::OpenNode_const_*,ShortPath::OpenList::OpenNode_const_&>",struct,4
"_Bidit<Weapon_*,int,Weapon_*_const_*,Weapon_*_const_&>",struct,4
"_Bidit<std::pair<GameObject_*_const,Area>,int,std::pair<GameObject_*_const,Area>_const_*,std::pair<GameObject_*_const,Area>_const_&>",struct,4
"_Bidit<std::pair<std::pair<unsigned_short,unsigned_short>_const_,Ordnance_*>,int,std::pair<std::pair<unsigned_short,unsigned_short>_const_,Ordnance_*>_const_*,std::pair<std::pair<unsigned_short,unsigned_short>_const_,Ordnance_*>_const_&>",struct,4
"_Bidit<std::pair<unsigned_int_const_,ParameterDB::FileData_*>,int,std::pair<unsigned_int_const_,ParameterDB::FileData_*>_const_*,std::pair<unsigned_int_const_,ParameterDB::FileData_*>_const_&>",struct,4
"_Bidit<std::pair<unsigned_int_const_,char_const_*>,int,std::pair<unsigned_int_const_,char_const_*>_const_*,std::pair<unsigned_int_const_,char_const_*>_const_&>",struct,4
"_Bidit<std::pair<unsigned_int_const_,stdext::hash_map<unsigned_int,char_const_*,stdext::hash_compare<unsigned_int,std::less<unsigned_int>_>,std::allocator<std::pair<unsigned_int_const_,char_const_*>_>_>_>,int,std::pair<unsigned_int_const_,stdext::hash_map<unsigned_int,char_const_*,stdext::hash_compare<unsigned_int,std::less<unsigned_int>_>,std::allocator<std::pair<unsigned_int_const_,char_const_*>_>_>_>_const_*,std::pair<unsigned_int_const_,stdext::hash_map<unsigned_int,char_const_*,stdext::hash_compare<unsigned_int,std::less<unsigned_int>_>,std::allocator<std::pair<unsigned_int_const_,char_const_*>_>_>_>_const_&>",struct,4
"_Bidit<std::pair<unsigned_long_const_,DistributedObject_*>,int,std::pair<unsigned_long_const_,DistributedObject_*>_const_*,std::pair<unsigned_long_const_,DistributedObject_*>_const_&>",struct,4
"_Bidit<std::pair<unsigned_long_const_,float>,int,std::pair<unsigned_long_const_,float>_const_*,std::pair<unsigned_long_const_,float>_const_&>",struct,4
"_Bidit<std::pair<unsigned_long_const_,unsigned_long>,int,std::pair<unsigned_long_const_,unsigned_long>_const_*,std::pair<unsigned_long_const_,unsigned_long>_const_&>",struct,4
"_Bidit<std::pair<unsigned_short_const_,NetPlayer_*>,int,std::pair<unsigned_short_const_,NetPlayer_*>_const_*,std::pair<unsigned_short_const_,NetPlayer_*>_const_&>",struct,4
"_Binder<0,0>",struct,1
"_Binder<0,10>",struct,1
"_Binder<0,1>",struct,1
"_Binder<0,2>",struct,1
"_Binder<0,3>",struct,1
"_Binder<0,4>",struct,1
"_Binder<0,5>",struct,1
"_Binder<0,6>",struct,1
"_Binder<0,7>",struct,1
"_Binder<0,8>",struct,1
"_Binder<0,9>",struct,1
"_Binder<1,0>",struct,1
_Bool_struct,struct,4
_Bxty,union,16
_CACHE_DESCRIPTOR,struct,12
_CACHE_INFO,struct,24
_CERTIFICATE_BLOB,struct,12
_CERT_ACCESS_DESCRIPTION,struct,16
_CERT_ALT_NAME_ENTRY,struct,12
_CERT_ALT_NAME_ENTRY.conflict,struct,12
_CERT_ALT_NAME_ENTRY_u_4,union,8
_CERT_ALT_NAME_ENTRY_u_4.conflict,union,8
_CERT_ALT_NAME_INFO,struct,8
_CERT_AUTHORITY_INFO_ACCESS,struct,8
_CERT_AUTHORITY_KEY_ID2_INFO,struct,24
_CERT_AUTHORITY_KEY_ID_INFO,struct,24
_CERT_BASIC_CONSTRAINTS2_INFO,struct,12
_CERT_BASIC_CONSTRAINTS_INFO,struct,28
_CERT_BIOMETRIC_DATA,struct,32
_CERT_BIOMETRIC_DATA_u_4,union,4
_CERT_BIOMETRIC_EXT_INFO,struct,8
_CERT_CHAIN,struct,36
_CERT_CHAIN_CONTEXT,struct,56
_CERT_CHAIN_ELEMENT,struct,32
_CERT_CHAIN_ENGINE_CONFIG,struct,40
_CERT_CHAIN_FIND_BY_ISSUER_PARA,struct,32
_CERT_CHAIN_PARA,struct,16
_CERT_CHAIN_POLICY_PARA,struct,12
_CERT_CHAIN_POLICY_STATUS,struct,20
_CERT_CONTEXT,struct,20
_CERT_CREATE_CONTEXT_PARA,struct,20
_CERT_CRL_CONTEXT_PAIR,struct,8
_CERT_DH_PARAMETERS,struct,16
_CERT_DSS_PARAMETERS,struct,24
_CERT_ECC_SIGNATURE,struct,16
_CERT_EXTENSION,struct,16
_CERT_EXTENSIONS,struct,8
_CERT_FORTEZZA_DATA_PROP,struct,48
_CERT_GENERAL_SUBTREE,struct,24
_CERT_HASHED_URL,struct,24
_CERT_HASHED_URL.conflict,struct,24
_CERT_ID,struct,20
_CERT_ID_u_4,union,16
_CERT_INFO,struct,112
_CERT_ISSUER_SERIAL_NUMBER,struct,16
_CERT_KEYGEN_REQUEST_INFO,struct,32
_CERT_KEYGEN_REQUEST_INFO.conflict,struct,32
_CERT_KEY_ATTRIBUTES_INFO,struct,24
_CERT_KEY_CONTEXT,struct,12
_CERT_KEY_CONTEXT_u_4,union,4
_CERT_KEY_USAGE_RESTRICTION_INFO,struct,20
_CERT_LDAP_STORE_OPENED_PARA,struct,8
_CERT_LOGOTYPE_AUDIO,struct,16
_CERT_LOGOTYPE_AUDIO_INFO,struct,20
_CERT_LOGOTYPE_AUDIO_INFO.conflict,struct,20
_CERT_LOGOTYPE_DATA,struct,16
_CERT_LOGOTYPE_DETAILS,struct,12
_CERT_LOGOTYPE_DETAILS.conflict,struct,12
_CERT_LOGOTYPE_EXT_INFO,struct,24
_CERT_LOGOTYPE_IMAGE,struct,16
_CERT_LOGOTYPE_IMAGE_INFO,struct,28
_CERT_LOGOTYPE_IMAGE_INFO.conflict,struct,28
_CERT_LOGOTYPE_IMAGE_INFO_u_20,union,4
_CERT_LOGOTYPE_INFO,struct,8
_CERT_LOGOTYPE_INFO_u_4,union,4
_CERT_LOGOTYPE_REFERENCE,struct,8
_CERT_NAME_CONSTRAINTS_INFO,struct,16
_CERT_NAME_INFO,struct,8
_CERT_NAME_VALUE,struct,12
_CERT_OTHER_LOGOTYPE_INFO,struct,12
_CERT_OTHER_NAME,struct,12
_CERT_PAIR,struct,16
_CERT_PHYSICAL_STORE_INFO,struct,32
_CERT_POLICIES_INFO,struct,8
_CERT_POLICY95_QUALIFIER1,struct,20
_CERT_POLICY95_QUALIFIER1.conflict,struct,20
_CERT_POLICY_CONSTRAINTS_INFO,struct,16
_CERT_POLICY_ID,struct,8
_CERT_POLICY_INFO,struct,12
_CERT_POLICY_MAPPING,struct,8
_CERT_POLICY_MAPPINGS_INFO,struct,8
_CERT_POLICY_QUALIFIER_INFO,struct,12
_CERT_POLICY_QUALIFIER_NOTICE_REFERENCE,struct,12
_CERT_POLICY_QUALIFIER_USER_NOTICE,struct,8
_CERT_POLICY_QUALIFIER_USER_NOTICE.conflict,struct,8
_CERT_PRIVATE_KEY_VALIDITY,struct,16
_CERT_PUBLIC_KEY_INFO,struct,24
_CERT_QC_STATEMENT,struct,12
_CERT_QC_STATEMENTS_EXT_INFO,struct,8
_CERT_RDN,struct,8
_CERT_RDN_ATTR,struct,16
_CERT_REGISTRY_STORE_CLIENT_GPT_PARA,struct,8
_CERT_REGISTRY_STORE_CLIENT_GPT_PARA.conflict,struct,8
_CERT_REGISTRY_STORE_ROAMING_PARA,struct,8
_CERT_REGISTRY_STORE_ROAMING_PARA.conflict,struct,8
_CERT_REQUEST_INFO,struct,44
_CERT_REVOCATION_CRL_INFO,struct,20
_CERT_REVOCATION_INFO,struct,28
_CERT_REVOCATION_PARA,struct,24
_CERT_REVOCATION_STATUS,struct,24
_CERT_SERVER_OCSP_RESPONSE_CONTEXT,struct,12
_CERT_SIGNED_CONTENT_INFO,struct,32
_CERT_SIMPLE_CHAIN,struct,32
_CERT_STORE_PROV_FIND_INFO,struct,20
_CERT_STORE_PROV_INFO,struct,24
_CERT_SYSTEM_STORE_INFO,struct,4
_CERT_SYSTEM_STORE_RELOCATE_PARA,struct,8
_CERT_SYSTEM_STORE_RELOCATE_PARA_u_0,union,4
_CERT_SYSTEM_STORE_RELOCATE_PARA_u_4,union,4
_CERT_TEMPLATE_EXT,struct,16
_CERT_TRUST_LIST_INFO,struct,12
_CERT_TRUST_STATUS,struct,8
_CERT_USAGE_MATCH,struct,12
_CERT_X942_DH_PARAMETERS,struct,36
_CERT_X942_DH_VALIDATION_PARAMS,struct,16
_CHANGER_ELEMENT,struct,8
_CHANGER_ELEMENT_LIST,struct,12
_CHANGER_ELEMENT_STATUS,struct,100
_CHANGER_ELEMENT_STATUS_EX,struct,156
_CHANGER_EXCHANGE_MEDIUM,struct,36
_CHANGER_INITIALIZE_ELEMENT_STATUS,struct,16
_CHANGER_MOVE_MEDIUM,struct,28
_CHANGER_PRODUCT_DATA,struct,61
_CHANGER_READ_ELEMENT_STATUS,struct,16
_CHANGER_SEND_VOLUME_TAG_INFORMATION,struct,52
_CHANGER_SET_ACCESS,struct,12
_CHANGER_SET_POSITION,struct,20
_CHAR_INFO,struct,4
_CLASS_MEDIA_CHANGE_CONTEXT,struct,8
_CLIENT_CALL_RETURN,union,4
_CLIENT_ID,struct,8
_CMC_ADD_ATTRIBUTES_INFO,struct,20
_CMC_ADD_EXTENSIONS_INFO,struct,20
_CMC_DATA_INFO,struct,32
_CMC_PEND_INFO,struct,16
_CMC_RESPONSE_INFO,struct,24
_CMC_STATUS_INFO,struct,24
_CMC_STATUS_INFO.conflict,struct,24
_CMC_STATUS_INFO_u_20,union,4
_CMC_TAGGED_ATTRIBUTE,struct,16
_CMC_TAGGED_CERT_REQUEST,struct,12
_CMC_TAGGED_CONTENT_INFO,struct,12
_CMC_TAGGED_OTHER_MSG,struct,16
_CMC_TAGGED_REQUEST,struct,8
_CMSG_CMS_RECIPIENT_INFO,struct,8
_CMSG_CMS_RECIPIENT_INFO_u_4,union,4
_CMSG_CMS_SIGNER_INFO,struct,72
_CMSG_CNG_CONTENT_DECRYPT_INFO,struct,44
_CMSG_CONTENT_ENCRYPT_INFO,struct,68
_CMSG_CONTENT_ENCRYPT_INFO_u_44,union,4
_CMSG_CTRL_ADD_SIGNER_UNAUTH_ATTR_PARA,struct,16
_CMSG_CTRL_DECRYPT_PARA,struct,16
_CMSG_CTRL_DECRYPT_PARA_u_4,union,4
_CMSG_CTRL_DEL_SIGNER_UNAUTH_ATTR_PARA,struct,12
_CMSG_CTRL_KEY_AGREE_DECRYPT_PARA,struct,36
_CMSG_CTRL_KEY_AGREE_DECRYPT_PARA_u_4,union,4
_CMSG_CTRL_KEY_TRANS_DECRYPT_PARA,struct,20
_CMSG_CTRL_KEY_TRANS_DECRYPT_PARA_u_4,union,4
_CMSG_CTRL_MAIL_LIST_DECRYPT_PARA,struct,24
_CMSG_CTRL_MAIL_LIST_DECRYPT_PARA_u_20,union,4
_CMSG_CTRL_VERIFY_SIGNATURE_EX_PARA,struct,20
_CMSG_ENCRYPTED_ENCODE_INFO,struct,20
_CMSG_ENVELOPED_ENCODE_INFO,struct,32
_CMSG_HASHED_ENCODE_INFO,struct,24
_CMSG_KEY_AGREE_ENCRYPT_INFO,struct,68
_CMSG_KEY_AGREE_ENCRYPT_INFO_u_32,union,24
_CMSG_KEY_AGREE_KEY_ENCRYPT_INFO,struct,12
_CMSG_KEY_AGREE_RECIPIENT_ENCODE_INFO,struct,68
_CMSG_KEY_AGREE_RECIPIENT_ENCODE_INFO_u_48,union,4
_CMSG_KEY_AGREE_RECIPIENT_INFO,struct,60
_CMSG_KEY_AGREE_RECIPIENT_INFO_u_8,union,24
_CMSG_KEY_TRANS_ENCRYPT_INFO,struct,32
_CMSG_KEY_TRANS_RECIPIENT_ENCODE_INFO,struct,56
_CMSG_KEY_TRANS_RECIPIENT_INFO,struct,44
_CMSG_MAIL_LIST_ENCRYPT_INFO,struct,32
_CMSG_MAIL_LIST_RECIPIENT_ENCODE_INFO,struct,52
_CMSG_MAIL_LIST_RECIPIENT_ENCODE_INFO_u_28,union,4
_CMSG_MAIL_LIST_RECIPIENT_INFO,struct,44
_CMSG_RC2_AUX_INFO,struct,8
_CMSG_RC4_AUX_INFO,struct,8
_CMSG_RECIPIENT_ENCODE_INFO,struct,8
_CMSG_RECIPIENT_ENCODE_INFO_u_4,union,4
_CMSG_RECIPIENT_ENCRYPTED_KEY_ENCODE_INFO,struct,48
_CMSG_RECIPIENT_ENCRYPTED_KEY_INFO,struct,40
_CMSG_SIGNED_AND_ENVELOPED_ENCODE_INFO,struct,64
_CMSG_SIGNED_ENCODE_INFO,struct,28
_CMSG_SIGNER_ENCODE_INFO,struct,48
_CMSG_SIGNER_ENCODE_INFO_u_8,union,4
_CMSG_SIGNER_INFO,struct,68
_CMSG_SP3_COMPATIBLE_AUX_INFO,struct,8
_CMSG_STREAM_INFO,struct,12
_CMS_DH_KEY_INFO,struct,24
_CMS_KEY_INFO,struct,16
_COAUTHIDENTITY,struct,28
_COAUTHINFO,struct,28
_COAUTHINFO.conflict,struct,28
_COMMCONFIG,struct,52
_COMMPROP,struct,64
_COMMTIMEOUTS,struct,20
_COMM_FAULT_OFFSETS,struct,4
_COMSTAT,struct,12
_CONNECTDLGSTRUCTA,struct,20
_CONNECTDLGSTRUCTW,struct,20
_CONSOLE_CURSOR_INFO,struct,8
_CONSOLE_FONT_INFO,struct,8
_CONSOLE_FONT_INFOEX,struct,84
_CONSOLE_HISTORY_INFO,struct,16
_CONSOLE_READCONSOLE_CONTROL,struct,16
_CONSOLE_SCREEN_BUFFER_INFO,struct,22
_CONSOLE_SCREEN_BUFFER_INFOEX,struct,96
_CONSOLE_SELECTION_INFO,struct,16
_CONTEXT,struct,716
_COORD,struct,4
_CORE_PRINTER_DRIVERA,struct,296
_CORE_PRINTER_DRIVERW,struct,552
_COSERVERINFO,struct,16
_COSERVERINFO.conflict,struct,16
_CPS_URLS,struct,12
_CPS_URLS.conflict,struct,12
_CREATE_DISK,struct,24
_CREATE_DISK_GPT,struct,20
_CREATE_DISK_MBR,struct,4
_CREATE_DISK_u_4,union,20
_CREATE_PROCESS_DEBUG_INFO,struct,40
_CREATE_THREAD_DEBUG_INFO,struct,12
_CRL_CONTEXT,struct,20
_CRL_DIST_POINT,struct,32
_CRL_DIST_POINTS_INFO,struct,8
_CRL_DIST_POINT_NAME,struct,12
_CRL_ENTRY,struct,24
_CRL_FIND_ISSUED_FOR_PARA,struct,8
_CRL_INFO,struct,56
_CRL_ISSUING_DIST_POINT,struct,36
_CRL_REVOCATION_INFO,struct,12
_CROSS_CERT_DIST_POINTS_INFO,struct,12
_CRT_DOUBLE,struct,8
_CRT_FLOAT,struct,4
_CRYPTNET_URL_CACHE_FLUSH_INFO,struct,16
_CRYPTNET_URL_CACHE_PRE_FETCH_INFO,struct,40
_CRYPTNET_URL_CACHE_RESPONSE_INFO,struct,28
_CRYPTOAPI_BLOB,struct,8
_CRYPTPROTECT_PROMPTSTRUCT,struct,16
_CRYPT_3DES_KEY_STATE,struct,40
_CRYPT_AES_128_KEY_STATE,struct,400
_CRYPT_AES_256_KEY_STATE,struct,544
_CRYPT_ALGORITHM_IDENTIFIER,struct,12
_CRYPT_ASYNC_RETRIEVAL_COMPLETION,struct,8
_CRYPT_ATTRIBUTE,struct,12
_CRYPT_ATTRIBUTES,struct,8
_CRYPT_ATTRIBUTE_TYPE_VALUE,struct,12
_CRYPT_BIT_BLOB,struct,12
_CRYPT_BLOB_ARRAY,struct,8
_CRYPT_CONTENT_INFO,struct,12
_CRYPT_CONTENT_INFO_SEQUENCE_OF_ANY,struct,12
_CRYPT_CONTEXTS,struct,8
_CRYPT_CONTEXTS.conflict,struct,8
_CRYPT_CONTEXT_CONFIG,struct,8
_CRYPT_CONTEXT_FUNCTIONS,struct,8
_CRYPT_CONTEXT_FUNCTIONS.conflict,struct,8
_CRYPT_CONTEXT_FUNCTION_CONFIG,struct,8
_CRYPT_CONTEXT_FUNCTION_PROVIDERS,struct,8
_CRYPT_CONTEXT_FUNCTION_PROVIDERS.conflict,struct,8
_CRYPT_CREDENTIALS,struct,12
_CRYPT_CSP_PROVIDER,struct,20
_CRYPT_CSP_PROVIDER.conflict,struct,20
_CRYPT_DECODE_PARA,struct,12
_CRYPT_DECRYPT_MESSAGE_PARA,struct,16
_CRYPT_DEFAULT_CONTEXT_MULTI_OID_PARA,struct,8
_CRYPT_DES_KEY_STATE,struct,24
_CRYPT_ECC_CMS_SHARED_INFO,struct,24
_CRYPT_ENCODE_PARA,struct,12
_CRYPT_ENCRYPTED_PRIVATE_KEY_INFO,struct,20
_CRYPT_ENCRYPT_MESSAGE_PARA,struct,36
_CRYPT_ENROLLMENT_NAME_VALUE_PAIR,struct,8
_CRYPT_ENROLLMENT_NAME_VALUE_PAIR.conflict,struct,8
_CRYPT_GET_TIME_VALID_OBJECT_EXTRA_INFO,struct,20
_CRYPT_HASH_INFO,struct,20
_CRYPT_HASH_MESSAGE_PARA,struct,28
_CRYPT_IMAGE_REF,struct,8
_CRYPT_IMAGE_REF.conflict,struct,8
_CRYPT_IMAGE_REG,struct,12
_CRYPT_IMAGE_REG.conflict,struct,12
_CRYPT_INTERFACE_REG,struct,16
_CRYPT_INTERFACE_REG.conflict,struct,16
_CRYPT_KEY_PROV_INFO,struct,28
_CRYPT_KEY_PROV_INFO.conflict,struct,28
_CRYPT_KEY_PROV_PARAM,struct,16
_CRYPT_KEY_SIGN_MESSAGE_PARA,struct,44
_CRYPT_KEY_SIGN_MESSAGE_PARA_u_8,union,4
_CRYPT_KEY_VERIFY_MESSAGE_PARA,struct,12
_CRYPT_MASK_GEN_ALGORITHM,struct,16
_CRYPT_OBJID_TABLE,struct,8
_CRYPT_OID_FUNC_ENTRY,struct,8
_CRYPT_OID_INFO,struct,28
_CRYPT_OID_INFO_u_16,union,4
_CRYPT_PASSWORD_CREDENTIALSA,struct,12
_CRYPT_PASSWORD_CREDENTIALSW,struct,12
_CRYPT_PASSWORD_CREDENTIALSW.conflict,struct,12
_CRYPT_PKCS12_PBE_PARAMS,struct,8
_CRYPT_PKCS8_EXPORT_PARAMS,struct,20
_CRYPT_PKCS8_IMPORT_PARAMS,struct,24
_CRYPT_PRIVATE_KEY_INFO,struct,28
_CRYPT_PROPERTY_REF,struct,12
_CRYPT_PROPERTY_REF.conflict,struct,12
_CRYPT_PROVIDERS,struct,8
_CRYPT_PROVIDERS.conflict,struct,8
_CRYPT_PROVIDER_REF,struct,28
_CRYPT_PROVIDER_REF.conflict,struct,28
_CRYPT_PROVIDER_REFS,struct,8
_CRYPT_PROVIDER_REG,struct,16
_CRYPT_PROVIDER_REG.conflict,struct,16
_CRYPT_PSOURCE_ALGORITHM,struct,12
_CRYPT_RC2_CBC_PARAMETERS,struct,16
_CRYPT_RC4_KEY_STATE,struct,274
_CRYPT_RETRIEVE_AUX_INFO,struct,40
_CRYPT_RETRIEVE_AUX_INFO.conflict,struct,40
_CRYPT_RSAES_OAEP_PARAMETERS,struct,40
_CRYPT_RSA_SSA_PSS_PARAMETERS,struct,36
_CRYPT_SEQUENCE_OF_ANY,struct,8
_CRYPT_SIGN_MESSAGE_PARA,struct,68
_CRYPT_SMART_CARD_ROOT_INFO,struct,24
_CRYPT_SMIME_CAPABILITIES,struct,8
_CRYPT_SMIME_CAPABILITY,struct,12
_CRYPT_TIME_STAMP_REQUEST_INFO,struct,24
_CRYPT_URL_ARRAY,struct,8
_CRYPT_URL_ARRAY.conflict,struct,8
_CRYPT_URL_INFO,struct,16
_CRYPT_VERIFY_MESSAGE_PARA,struct,20
_CRYPT_X942_OTHER_INFO,struct,20
_CTL_ANY_SUBJECT_INFO,struct,20
_CTL_CONTEXT,struct,32
_CTL_ENTRY,struct,16
_CTL_FIND_SUBJECT_PARA,struct,16
_CTL_FIND_USAGE_PARA,struct,24
_CTL_INFO,struct,72
_CTL_USAGE,struct,8
_CTL_USAGE_MATCH,struct,12
_CTL_VERIFY_USAGE_PARA,struct,28
_CTL_VERIFY_USAGE_STATUS,struct,28
_Cat_base<0>,struct,1
_Cat_base<1>,struct,1
_Char_traits_base,struct,1
_Char_traits_category<std::char_traits<char>_>,struct,1
"_Char_traits_category_helper<std::char_traits<char>,1>",struct,1
_Const_iterator<0>,struct,8
_Const_iterator<1>,struct,8
_Const_tag,struct,1
_Container_base_aux,struct,4
_Container_base_aux_alloc_real<std::allocator<AOI_*>_>,struct,8
_Container_base_aux_alloc_real<std::allocator<Addr_*>_>,struct,8
_Container_base_aux_alloc_real<std::allocator<AdjustItem_*>_>,struct,8
_Container_base_aux_alloc_real<std::allocator<AiMissionClass_*>_>,struct,8
_Container_base_aux_alloc_real<std::allocator<AiPath_*>_>,struct,8
_Container_base_aux_alloc_real<std::allocator<AiProcess_*>_>,struct,8
_Container_base_aux_alloc_real<std::allocator<AiTask_*>_>,struct,8
_Container_base_aux_alloc_real<std::allocator<AnimSprite_*>_>,struct,8
_Container_base_aux_alloc_real<std::allocator<Attachment_*>_>,struct,8
_Container_base_aux_alloc_real<std::allocator<AttackGroup_*>_>,struct,8
_Container_base_aux_alloc_real<std::allocator<AttackerInfo>_>,struct,8
_Container_base_aux_alloc_real<std::allocator<AudMsgInfo_*>_>,struct,8
_Container_base_aux_alloc_real<std::allocator<BASE_STRUCT>_>,struct,8
_Container_base_aux_alloc_real<std::allocator<Craft_*>_>,struct,8
_Container_base_aux_alloc_real<std::allocator<DisplayInterface_*>_>,struct,8
_Container_base_aux_alloc_real<std::allocator<DisplayViewInfo_*>_>,struct,8
_Container_base_aux_alloc_real<std::allocator<DistributedObject_*>_>,struct,8
_Container_base_aux_alloc_real<std::allocator<ExplosionClass_*>_>,struct,8
_Container_base_aux_alloc_real<std::allocator<Explosion_*>_>,struct,8
_Container_base_aux_alloc_real<std::allocator<FollowGroup_*>_>,struct,8
_Container_base_aux_alloc_real<std::allocator<FollowerInfo>_>,struct,8
_Container_base_aux_alloc_real<std::allocator<GameFeature_*>_>,struct,8
_Container_base_aux_alloc_real<std::allocator<GameObjectClass_*>_>,struct,8
_Container_base_aux_alloc_real<std::allocator<GameObject_*>_>,struct,8
_Container_base_aux_alloc_real<std::allocator<Geizer_*>_>,struct,8
_Container_base_aux_alloc_real<std::allocator<GridPoint>_>,struct,8
_Container_base_aux_alloc_real<std::allocator<ObjectClassInfo_*>_>,struct,8
_Container_base_aux_alloc_real<std::allocator<OldNew_*>_>,struct,8
_Container_base_aux_alloc_real<std::allocator<OrdnanceClass_*>_>,struct,8
_Container_base_aux_alloc_real<std::allocator<Ordnance_*>_>,struct,8
_Container_base_aux_alloc_real<std::allocator<PathPoint>_>,struct,8
_Container_base_aux_alloc_real<std::allocator<Player_*>_>,struct,8
_Container_base_aux_alloc_real<std::allocator<PortData_*>_>,struct,8
_Container_base_aux_alloc_real<std::allocator<PowerPlant_*>_>,struct,8
_Container_base_aux_alloc_real<std::allocator<RadarItem>_>,struct,8
_Container_base_aux_alloc_real<std::allocator<RtimeClass_*>_>,struct,8
_Container_base_aux_alloc_real<std::allocator<Scanner_*>_>,struct,8
_Container_base_aux_alloc_real<std::allocator<ScorePlayer_*>_>,struct,8
_Container_base_aux_alloc_real<std::allocator<Scrap_*>_>,struct,8
_Container_base_aux_alloc_real<std::allocator<Server_*>_>,struct,8
_Container_base_aux_alloc_real<std::allocator<Session_*>_>,struct,8
_Container_base_aux_alloc_real<std::allocator<ShortPath::OpenList::OpenNode>_>,struct,8
_Container_base_aux_alloc_real<std::allocator<SpawnPoint_*>_>,struct,8
_Container_base_aux_alloc_real<std::allocator<Strip_*>_>,struct,8
_Container_base_aux_alloc_real<std::allocator<WeaponClass_*>_>,struct,8
_Container_base_aux_alloc_real<std::allocator<Weapon_*>_>,struct,8
"_Container_base_aux_alloc_real<std::allocator<std::pair<GameObject_*_const,Area>_>_>",struct,8
"_Container_base_aux_alloc_real<std::allocator<std::pair<std::pair<unsigned_short,unsigned_short>_const_,Ordnance_*>_>_>",struct,8
"_Container_base_aux_alloc_real<std::allocator<std::pair<unsigned_int_const_,ParameterDB::FileData_*>_>_>",struct,8
"_Container_base_aux_alloc_real<std::allocator<std::pair<unsigned_int_const_,char_const_*>_>_>",struct,8
"_Container_base_aux_alloc_real<std::allocator<std::pair<unsigned_int_const_,stdext::hash_map<unsigned_int,char_const_*,stdext::hash_compare<unsigned_int,std::less<unsigned_int>_>,std::allocator<std::pair<unsigned_int_const_,char_const_*>_>_>_>_>_>",struct,8
"_Container_base_aux_alloc_real<std::allocator<std::pair<unsigned_long_const_,DistributedObject_*>_>_>",struct,8
"_Container_base_aux_alloc_real<std::allocator<std::pair<unsigned_long_const_,float>_>_>",struct,8
"_Container_base_aux_alloc_real<std::allocator<std::pair<unsigned_long_const_,unsigned_long>_>_>",struct,8
"_Container_base_aux_alloc_real<std::allocator<std::pair<unsigned_short_const_,NetPlayer_*>_>_>",struct,8
"_Container_base_aux_alloc_real<std::allocator<stdext::_Hash<stdext::_Hmap_traits<unsigned_int,ParameterDB::FileData_*,stdext::hash_compare<unsigned_int,std::less<unsigned_int>_>,std::allocator<std::pair<unsigned_int_const_,ParameterDB::FileData_*>_>,0>_>::_List_position>_>",struct,8
"_Container_base_aux_alloc_real<std::allocator<stdext::_Hash<stdext::_Hmap_traits<unsigned_int,char_const_*,stdext::hash_compare<unsigned_int,std::less<unsigned_int>_>,std::allocator<std::pair<unsigned_int_const_,char_const_*>_>,0>_>::_List_position>_>",struct,8
"_Container_base_aux_alloc_real<std::allocator<stdext::_Hash<stdext::_Hmap_traits<unsigned_int,stdext::hash_map<unsigned_int,char_const_*,stdext::hash_compare<unsigned_int,std::less<unsigned_int>_>,std::allocator<std::pair<unsigned_int_const_,char_const_*>_>_>,stdext::hash_compare<unsigned_int,std::less<unsigned_int>_>,std::allocator<std::pair<unsigned_int_const_,stdext::hash_map<unsigned_int,char_const_*,stdext::hash_compare<unsigned_int,std::less<unsigned_int>_>,std::allocator<std::pair<unsigned_int_const_,char_const_*>_>_>_>_>,0>_>::_List_position>_>",struct,8
"_Container_base_aux_alloc_real<std::allocator<stdext::_Hash<stdext::_Hmap_traits<unsigned_long,float,stdext::hash_compare<unsigned_long,std::less<unsigned_long>_>,std::allocator<std::pair<unsigned_long_const_,float>_>,0>_>::_List_position>_>",struct,8
"_Container_base_aux_alloc_real<std::allocator<stdext::_Hash<stdext::_Hmap_traits<unsigned_long,unsigned_long,stdext::hash_compare<unsigned_long,std::less<unsigned_long>_>,std::allocator<std::pair<unsigned_long_const_,unsigned_long>_>,0>_>::_List_position>_>",struct,8
_Container_base_secure,struct,1
_CrtMemBlockHeader,struct,1
_CrtMemState,struct,52
_D3DADAPTER_IDENTIFIER9,struct,1100
_D3DBOX,struct,24
_D3DCAPS9,struct,304
_D3DCLIPSTATUS9,struct,8
_D3DCOLORVALUE,struct,16
_D3DDEVICE_CREATION_PARAMETERS,struct,16
_D3DDISPLAYMODE,struct,16
_D3DGAMMARAMP,struct,1536
_D3DINDEXBUFFER_DESC,struct,20
_D3DLIGHT9,struct,104
_D3DLOCKED_BOX,struct,12
_D3DLOCKED_RECT,struct,8
_D3DMATERIAL9,struct,68
_D3DMATRIX,struct,64
_D3DMATRIX_u_0,union,64
_D3DMATRIX_u_0_s_0,struct,64
_D3DPRESENT_PARAMETERS_,struct,56
_D3DPSHADERCAPS2_0,struct,20
_D3DRASTER_STATUS,struct,8
_D3DRECT,struct,16
_D3DRECTPATCH_INFO,struct,28
_D3DSURFACE_DESC,struct,32
_D3DTRIPATCH_INFO,struct,16
_D3DVECTOR,struct,12
_D3DVERTEXBUFFER_DESC,struct,24
_D3DVERTEXELEMENT9,struct,8
_D3DVIEWPORT9,struct,24
_D3DVOLUME_DESC,struct,28
_D3DVSHADERCAPS2_0,struct,16
_D3DX10_FONT_DESCA,struct,56
_D3DX10_FONT_DESCW,struct,88
_D3DX10_SPRITE,struct,104
_D3DX10_TEXTURE_LOAD_INFO,struct,40
_D3DX11_TEXTURE_LOAD_INFO,struct,40
_D3DXFONT_DESCA,struct,56
_D3DXFONT_DESCW,struct,88
_D3DXMATRIXA16,struct,64
_DATATYPES_INFO_1A,struct,4
_DATATYPES_INFO_1W,struct,4
_DATATYPES_INFO_1W.conflict,struct,4
_DCB,struct,28
_DDARGB,struct,4
_DDBLTBATCH,struct,20
_DDBLTFX,struct,100
_DDBLTFX_u_40,union,4
_DDBLTFX_u_48,union,4
_DDBLTFX_u_68,union,4
_DDBLTFX_u_76,union,4
_DDBLTFX_u_80,union,4
_DDCAPS_DX1,struct,172
_DDCAPS_DX3,struct,316
_DDCAPS_DX5,struct,364
_DDCAPS_DX6,struct,380
_DDCAPS_DX7,struct,380
_DDCOLORCONTROL,struct,40
_DDCOLORKEY,struct,8
_DDFXROP,struct,1
_DDGAMMARAMP,struct,1536
_DDOPTSURFACEDESC,struct,48
_DDOSCAPS,struct,4
_DDOVERLAYFX,struct,56
_DDOVERLAYFX_u_20,union,4
_DDOVERLAYFX_u_28,union,4
_DDPIXELFORMAT,struct,32
_DDPIXELFORMAT_u_12,union,4
_DDPIXELFORMAT_u_16,union,4
_DDPIXELFORMAT_u_20,union,4
_DDPIXELFORMAT_u_24,union,4
_DDPIXELFORMAT_u_28,union,4
_DDRGBA,struct,4
_DDSCAPS,struct,4
_DDSCAPS2,struct,16
_DDSCAPS2_u_12,union,4
_DDSCAPSEX,struct,12
_DDSCAPSEX_u_8,union,4
_DDSURFACEDESC,struct,108
_DDSURFACEDESC2,struct,124
_DDSURFACEDESC2_u_16,union,4
_DDSURFACEDESC2_u_20,union,4
_DDSURFACEDESC2_u_24,union,4
_DDSURFACEDESC2_u_40,union,8
_DDSURFACEDESC2_u_72,union,32
_DDSURFACEDESC_u_16,union,4
_DDSURFACEDESC_u_24,union,4
_DEBUG_EVENT,struct,96
_DECRYPTION_STATUS_BUFFER,struct,1
_DEVICE_MEDIA_INFO,struct,32
_DISCDLGSTRUCTA,struct,20
_DISCDLGSTRUCTW,struct,20
_DISCDLGSTRUCTW.conflict,struct,20
_DISK_CACHE_INFORMATION,struct,24
_DISK_CACHE_INFORMATION_u_16,union,6
_DISK_CONTROLLER_NUMBER,struct,8
_DISK_DETECTION_INFO,struct,56
_DISK_EXTENT,struct,24
_DISK_EX_INT13_INFO,struct,32
_DISK_GEOMETRY,struct,24
_DISK_GEOMETRY_EX,struct,40
_DISK_GROW_PARTITION,struct,16
_DISK_HISTOGRAM,struct,72
_DISK_INT13_INFO,struct,16
_DISK_LOGGING,struct,12
_DISK_PARTITION_INFO,struct,24
_DISK_PARTITION_INFO_u_8,union,16
_DISK_PERFORMANCE,struct,88
_DISK_RECORD,struct,40
_DISPLAY_DEVICEA,struct,424
_DISPLAY_DEVICEW,struct,840
_DOCINFOA,struct,20
_DOCINFOW,struct,20
_DOC_INFO_1A,struct,12
_DOC_INFO_1W,struct,12
_DOC_INFO_1W.conflict,struct,12
_DOC_INFO_2A,struct,20
_DOC_INFO_2W,struct,20
_DOC_INFO_2W.conflict,struct,20
_DOC_INFO_3A,struct,16
_DOC_INFO_3W,struct,16
_DOC_INFO_3W.conflict,struct,16
_DPA,struct,1
_DRAGINFOA,struct,24
_DRAGINFOW,struct,24
_DRAGINFOW.conflict,struct,24
_DRAWPATRECT,struct,20
_DRIVERSTATUS,struct,12
_DRIVER_INFO_1A,struct,4
_DRIVER_INFO_1W,struct,4
_DRIVER_INFO_1W.conflict,struct,4
_DRIVER_INFO_2A,struct,24
_DRIVER_INFO_2W,struct,24
_DRIVER_INFO_2W.conflict,struct,24
_DRIVER_INFO_3A,struct,40
_DRIVER_INFO_3W,struct,40
_DRIVER_INFO_3W.conflict,struct,40
_DRIVER_INFO_4A,struct,44
_DRIVER_INFO_4W,struct,44
_DRIVER_INFO_4W.conflict,struct,44
_DRIVER_INFO_5A,struct,36
_DRIVER_INFO_5W,struct,36
_DRIVER_INFO_5W.conflict,struct,36
_DRIVER_INFO_6A,struct,80
_DRIVER_INFO_6W,struct,80
_DRIVER_INFO_6W.conflict,struct,80
_DRIVER_INFO_8A,struct,120
_DRIVER_INFO_8W,struct,120
_DRIVER_INFO_8W.conflict,struct,120
_DRIVE_LAYOUT_INFORMATION,struct,40
_DRIVE_LAYOUT_INFORMATION_EX,struct,192
_DRIVE_LAYOUT_INFORMATION_EX_u_8,union,40
_DRIVE_LAYOUT_INFORMATION_GPT,struct,40
_DRIVE_LAYOUT_INFORMATION_MBR,struct,4
_DS3DBUFFER,struct,64
_DS3DLISTENER,struct,64
_DSA,struct,1
_DSBCAPS,struct,20
_DSBPOSITIONNOTIFY,struct,8
_DSBUFFERDESC,struct,36
_DSBUFFERDESC1,struct,20
_DSCAPS,struct,96
_DSCBCAPS,struct,16
_DSCBUFFERDESC,struct,28
_DSCBUFFERDESC1,struct,20
_DSCCAPS,struct,16
_DSCEFFECTDESC,struct,48
_DSCFXAec,struct,12
_DSCFXNoiseSuppress,struct,4
_DSEFFECTDESC,struct,32
_DSFXChorus,struct,28
_DSFXCompressor,struct,24
_DSFXDistortion,struct,20
_DSFXEcho,struct,20
_DSFXFlanger,struct,28
_DSFXGargle,struct,8
_DSFXI3DL2Reverb,struct,48
_DSFXParamEq,struct,12
_DSFXWavesReverb,struct,16
_DSSSEED,struct,24
_DWORD_BLOB,struct,8
"_Deque_const_iterator<BASE_STRUCT,std::allocator<BASE_STRUCT>,0>",struct,1
"_Deque_const_iterator<BASE_STRUCT,std::allocator<BASE_STRUCT>,1>",struct,8
"_Deque_iterator<BASE_STRUCT,std::allocator<BASE_STRUCT>,0>",struct,1
"_Deque_iterator<BASE_STRUCT,std::allocator<BASE_STRUCT>,1>",struct,8
"_Deque_map<BASE_STRUCT,std::allocator<BASE_STRUCT>_>",struct,12
"_Deque_val<BASE_STRUCT,std::allocator<BASE_STRUCT>_>",struct,16
_Different_checked_iterator_base_type_tag,struct,1
_Dynamic_tag,struct,1
_EFS_DECRYPTION_STATUS_INFO,struct,12
_EFS_ENCRYPTION_STATUS_INFO,struct,8
_EFS_HASH_BLOB,struct,8
_EFS_KEY_INFO,struct,16
_EFS_PIN_BLOB,struct,12
_EFS_RPC_BLOB,struct,8
_ENCRYPTED_DATA_INFO,struct,32
_ENCRYPTED_FILE_METADATA_SIGNATURE,struct,16
_ENCRYPTION_BUFFER,struct,8
_ENCRYPTION_CERTIFICATE,struct,12
_ENCRYPTION_CERTIFICATE_HASH,struct,16
_ENCRYPTION_CERTIFICATE_HASH.conflict,struct,16
_ENCRYPTION_CERTIFICATE_HASH_LIST,struct,8
_ENCRYPTION_CERTIFICATE_LIST,struct,8
_ENLISTMENT_BASIC_INFORMATION,struct,48
_ENUM_SERVICE_STATUSA,struct,36
_ENUM_SERVICE_STATUSW,struct,36
_ENUM_SERVICE_STATUSW.conflict,struct,36
_ENUM_SERVICE_STATUS_PROCESSA,struct,44
_ENUM_SERVICE_STATUS_PROCESSW,struct,44
_ENUM_SERVICE_STATUS_PROCESSW.conflict,struct,44
_EVENTLOGRECORD,struct,56
_EVENTLOG_FULL_INFORMATION,struct,4
_EVENTSFORLOGFILE,struct,520
_EXCEPTION_DEBUG_INFO,struct,84
_EXCEPTION_POINTERS,struct,8
_EXCEPTION_RECORD,struct,80
_EXCEPTION_RECORD.conflict,struct,80
_EXCEPTION_RECORD32,struct,80
_EXCEPTION_RECORD64,struct,152
_EXCEPTION_REGISTRATION_RECORD,struct,8
_EXIT_PROCESS_DEBUG_INFO,struct,4
_EXIT_THREAD_DEBUG_INFO,struct,4
_FAT_STATISTICS,struct,36
_FILEMUIINFO,struct,80
_FILESYSTEM_STATISTICS,struct,56
_FILETIME,struct,8
_FILE_ALLOCATED_RANGE_BUFFER,struct,16
_FILE_ALLOCATION_INFO,struct,8
_FILE_ATTRIBUTE_TAG_INFO,struct,8
_FILE_BASIC_INFO,struct,40
_FILE_COMPRESSION_INFO,struct,16
_FILE_DISPOSITION_INFO,struct,1
_FILE_END_OF_FILE_INFO,struct,8
_FILE_ID_BOTH_DIR_INFO,struct,112
_FILE_IO_PRIORITY_HINT_INFO,struct,4
_FILE_MAKE_COMPATIBLE_BUFFER,struct,1
_FILE_NAME_INFO,struct,8
_FILE_NOTIFY_INFORMATION,struct,16
_FILE_OBJECTID_BUFFER,struct,64
_FILE_OBJECTID_BUFFER_u_16,union,48
_FILE_OBJECTID_BUFFER_u_16_s_0,struct,48
_FILE_PREFETCH,struct,16
_FILE_PREFETCH_EX,struct,24
_FILE_QUERY_ON_DISK_VOL_INFO_BUFFER,struct,336
_FILE_QUERY_SPARING_BUFFER,struct,16
_FILE_RENAME_INFO,struct,16
_FILE_SEGMENT_ELEMENT,union,8
_FILE_SET_DEFECT_MGMT_BUFFER,struct,1
_FILE_SET_SPARSE_BUFFER,struct,1
_FILE_STANDARD_INFO,struct,24
_FILE_STREAM_INFO,struct,32
_FILE_ZERO_DATA_INFORMATION,struct,16
_FIND_NAME_BUFFER,struct,33
_FIND_NAME_HEADER,struct,4
_FIXED,struct,4
_FLAGGED_BYTE_BLOB,struct,12
_FLAGGED_WORD_BLOB,struct,12
_FLAG_STGMEDIUM,struct,20
_FLOAT128,struct,16
_FLOATING_SAVE_AREA,struct,112
_FOCUS_EVENT_RECORD,struct,4
_FORMAT_EX_PARAMETERS,struct,28
_FORMAT_PARAMETERS,struct,20
_FORM_INFO_1A,struct,32
_FORM_INFO_1W,struct,32
_FORM_INFO_1W.conflict,struct,32
_FORM_INFO_2A,struct,56
_FORM_INFO_2W,struct,56
_FPO_DATA,struct,16
_FSCTL_QUERY_FAT_BPB_BUFFER,struct,36
_FULL_PTR_XLAT_TABLES,struct,16
_False,struct,1
_Float_iterator_tag,struct,1
_FontSpec,struct,12
_GDI_NONREMOTE,struct,8
_GDI_OBJECT,struct,8
_GDI_TEB_BATCH,struct,1248
_GENERIC_BINDING_ROUTINE_PAIR,struct,8
_GENERIC_MAPPING,struct,16
_GEOMETRY,struct,24
_GETVERSIONINPARAMS,struct,24
_GET_CHANGER_PARAMETERS,struct,60
_GET_LENGTH_INFORMATION,struct,8
_GET_MEDIA_TYPES,struct,40
_GIDDI_DEVDESC,struct,116
_GLYPHMETRICS,struct,20
_GLYPHMETRICSFLOAT,struct,24
_GRADIENT_RECT,struct,8
_GRADIENT_TRIANGLE,struct,12
_GRAPHIC_BUFFER,struct,52
_GUID,struct,16
_HISTOGRAM_BUCKET,struct,8
_HMAC_Info,struct,20
_HTTPSPolicyCallbackData,struct,16
_HTTPSPolicyCallbackData.conflict,struct,16
_HTTPSPolicyCallbackData_u_0,union,4
_HYPER_SIZEDARR,struct,8
"_Hash<stdext::_Hmap_traits<unsigned_int,ParameterDB::FileData_*,stdext::hash_compare<unsigned_int,std::less<unsigned_int>_>,std::allocator<std::pair<unsigned_int_const_,ParameterDB::FileData_*>_>,0>_>",struct,72
"_Hash<stdext::_Hmap_traits<unsigned_int,char_const_*,stdext::hash_compare<unsigned_int,std::less<unsigned_int>_>,std::allocator<std::pair<unsigned_int_const_,char_const_*>_>,0>_>",struct,72
"_Hash<stdext::_Hmap_traits<unsigned_int,stdext::hash_map<unsigned_int,char_const_*,stdext::hash_compare<unsigned_int,std::less<unsigned_int>_>,std::allocator<std::pair<unsigned_int_const_,char_const_*>_>_>,stdext::hash_compare<unsigned_int,std::less<unsigned_int>_>,std::allocator<std::pair<unsigned_int_const_,stdext::hash_map<unsigned_int,char_const_*,stdext::hash_compare<unsigned_int,std::less<unsigned_int>_>,std::allocator<std::pair<unsigned_int_const_,char_const_*>_>_>_>_>,0>_>",struct,72
"_Hash<stdext::_Hmap_traits<unsigned_long,float,stdext::hash_compare<unsigned_long,std::less<unsigned_long>_>,std::allocator<std::pair<unsigned_long_const_,float>_>,0>_>",struct,72
"_Hash<stdext::_Hmap_traits<unsigned_long,unsigned_long,stdext::hash_compare<unsigned_long,std::less<unsigned_long>_>,std::allocator<std::pair<unsigned_long_const_,unsigned_long>_>,0>_>",struct,72
"_Hmap_traits<unsigned_int,ParameterDB::FileData_*,stdext::hash_compare<unsigned_int,std::less<unsigned_int>_>,std::allocator<std::pair<unsigned_int_const_,ParameterDB::FileData_*>_>,0>",struct,8
"_Hmap_traits<unsigned_int,char_const_*,stdext::hash_compare<unsigned_int,std::less<unsigned_int>_>,std::allocator<std::pair<unsigned_int_const_,char_const_*>_>,0>",struct,8
"_Hmap_traits<unsigned_int,stdext::hash_map<unsigned_int,char_const_*,stdext::hash_compare<unsigned_int,std::less<unsigned_int>_>,std::allocator<std::pair<unsigned_int_const_,char_const_*>_>_>,stdext::hash_compare<unsigned_int,std::less<unsigned_int>_>,std::allocator<std::pair<unsigned_int_const_,stdext::hash_map<unsigned_int,char_const_*,stdext::hash_compare<unsigned_int,std::less<unsigned_int>_>,std::allocator<std::pair<unsigned_int_const_,char_const_*>_>_>_>_>,0>",struct,8
"_Hmap_traits<unsigned_long,float,stdext::hash_compare<unsigned_long,std::less<unsigned_long>_>,std::allocator<std::pair<unsigned_long_const_,float>_>,0>",struct,8
"_Hmap_traits<unsigned_long,unsigned_long,stdext::hash_compare<unsigned_long,std::less<unsigned_long>_>,std::allocator<std::pair<unsigned_long_const_,unsigned_long>_>,0>",struct,8
_ICONINFO,struct,20
_ICONINFOEXA,struct,548
_ICONINFOEXW,struct,1068
_IDEREGS,struct,8
_IMAGELIST,struct,1
_IMAGE_ALPHA64_RUNTIME_FUNCTION_ENTRY,struct,40
_IMAGE_ALPHA_RUNTIME_FUNCTION_ENTRY,struct,20
_IMAGE_ARCHIVE_MEMBER_HEADER,struct,60
_IMAGE_AUX_SYMBOL,union,18
_IMAGE_BASE_RELOCATION,struct,8
_IMAGE_BOUND_FORWARDER_REF,struct,8
_IMAGE_BOUND_IMPORT_DESCRIPTOR,struct,8
_IMAGE_CE_RUNTIME_FUNCTION_ENTRY,struct,8
_IMAGE_COFF_SYMBOLS_HEADER,struct,32
_IMAGE_DATA_DIRECTORY,struct,8
_IMAGE_DEBUG_DIRECTORY,struct,28
_IMAGE_DEBUG_MISC,struct,16
_IMAGE_DOS_HEADER,struct,64
_IMAGE_EXPORT_DIRECTORY,struct,40
_IMAGE_FILE_HEADER,struct,20
_IMAGE_FUNCTION_ENTRY,struct,12
_IMAGE_FUNCTION_ENTRY64,struct,24
_IMAGE_FUNCTION_ENTRY64_u_16,union,8
_IMAGE_IMPORT_BY_NAME,struct,4
_IMAGE_IMPORT_DESCRIPTOR,struct,20
_IMAGE_IMPORT_DESCRIPTOR_u_0,union,4
_IMAGE_LINENUMBER,struct,6
_IMAGE_NT_HEADERS,struct,248
_IMAGE_NT_HEADERS64,struct,264
_IMAGE_OPTIONAL_HEADER,struct,224
_IMAGE_OPTIONAL_HEADER64,struct,240
_IMAGE_OS2_HEADER,struct,64
_IMAGE_RELOCATION,struct,10
_IMAGE_RELOCATION_u_0,union,4
_IMAGE_RESOURCE_DATA_ENTRY,struct,16
_IMAGE_RESOURCE_DIRECTORY,struct,16
_IMAGE_RESOURCE_DIRECTORY_ENTRY,struct,8
_IMAGE_RESOURCE_DIRECTORY_ENTRY_u_0,union,4
_IMAGE_RESOURCE_DIRECTORY_ENTRY_u_0_s_0,struct,4
_IMAGE_RESOURCE_DIRECTORY_ENTRY_u_4,union,4
_IMAGE_RESOURCE_DIRECTORY_ENTRY_u_4_s_1,struct,4
_IMAGE_RESOURCE_DIRECTORY_STRING,struct,4
_IMAGE_RESOURCE_DIR_STRING_U,struct,4
_IMAGE_ROM_HEADERS,struct,76
_IMAGE_ROM_OPTIONAL_HEADER,struct,56
_IMAGE_RUNTIME_FUNCTION_ENTRY,struct,12
_IMAGE_SECTION_HEADER,struct,40
_IMAGE_SEPARATE_DEBUG_HEADER,struct,48
_IMAGE_SYMBOL,struct,18
_IMAGE_THUNK_DATA32,struct,4
_IMAGE_THUNK_DATA64,struct,8
_IMAGE_TLS_DIRECTORY32,struct,24
_IMAGE_TLS_DIRECTORY64,struct,40
_IMAGE_VXD_HEADER,struct,196
_INPUT_RECORD,struct,20
_IO_COUNTERS,struct,48
_ITEMIDLIST,struct,3
"_If<1,std::list<AiPath_*,std::allocator<AiPath_*>_>::_Const_iterator<0>,std::_Unchanged_checked_iterator_base_type_tag>",struct,1
"_If<1,std::list<AiPath_*,std::allocator<AiPath_*>_>::_Iterator<0>,std::_Unchanged_checked_iterator_base_type_tag>",struct,1
"_If<1,std::list<Explosion_*,std::allocator<Explosion_*>_>::_Const_iterator<0>,std::_Unchanged_checked_iterator_base_type_tag>",struct,1
"_If<1,std::list<Explosion_*,std::allocator<Explosion_*>_>::_Iterator<0>,std::_Unchanged_checked_iterator_base_type_tag>",struct,1
"_If<1,std::list<Ordnance_*,std::allocator<Ordnance_*>_>::_Const_iterator<0>,std::_Unchanged_checked_iterator_base_type_tag>",struct,1
"_If<1,std::list<Ordnance_*,std::allocator<Ordnance_*>_>::_Iterator<0>,std::_Unchanged_checked_iterator_base_type_tag>",struct,1
_ImageArchitectureEntry,struct,8
_ImageArchitectureHeader,struct,8
_Inherits_from_char_traits_base<std::char_traits<char>_>,struct,1
_Init_locks,struct,1
_Int_iterator_tag,struct,1
_Is_checked_iterator_helper<std::_Range_checked_iterator_tag>,struct,1
_Is_floating_point<double>,struct,1
_Is_floating_point<float>,struct,1
_Is_floating_point<long_double>,struct,1
_Is_integral<__int64>,struct,1
_Is_integral<bool>,struct,1
_Is_integral<char>,struct,1
_Is_integral<int>,struct,1
_Is_integral<long>,struct,1
_Is_integral<short>,struct,1
_Is_integral<signed_char>,struct,1
_Is_integral<unsigned___int64>,struct,1
_Is_integral<unsigned_char>,struct,1
_Is_integral<unsigned_int>,struct,1
_Is_integral<unsigned_long>,struct,1
_Is_integral<unsigned_short>,struct,1
_Is_integral<wchar_t>,struct,1
_Is_swap_move<std::_Swap_move_tag>,struct,1
"_Iter_random_helper3<std::random_access_iterator_tag,std::random_access_iterator_tag,std::random_access_iterator_tag>",struct,1
"_Iter_random_helper<std::random_access_iterator_tag,std::random_access_iterator_tag>",struct,1
_Iterator<0>,struct,8
_Iterator<1>,struct,8
_Iterator_base_aux,struct,4
_Iterator_base_secure,struct,4
_Iterator_base_universal,struct,1
"_Iterator_with_base<std::bidirectional_iterator_tag,AOI_*,int,AOI_*_const_*,AOI_*_const_&,std::_Iterator_base_aux>",struct,4
"_Iterator_with_base<std::bidirectional_iterator_tag,Addr_*,int,Addr_*_const_*,Addr_*_const_&,std::_Iterator_base_aux>",struct,4
"_Iterator_with_base<std::bidirectional_iterator_tag,AdjustItem_*,int,AdjustItem_*_const_*,AdjustItem_*_const_&,std::_Iterator_base_aux>",struct,4
"_Iterator_with_base<std::bidirectional_iterator_tag,AiMissionClass_*,int,AiMissionClass_*_const_*,AiMissionClass_*_const_&,std::_Iterator_base_aux>",struct,4
"_Iterator_with_base<std::bidirectional_iterator_tag,AiPath_*,int,AiPath_*_const_*,AiPath_*_const_&,std::_Iterator_base_aux>",struct,4
"_Iterator_with_base<std::bidirectional_iterator_tag,AiProcess_*,int,AiProcess_*_const_*,AiProcess_*_const_&,std::_Iterator_base_aux>",struct,4
"_Iterator_with_base<std::bidirectional_iterator_tag,AiTask_*,int,AiTask_*_const_*,AiTask_*_const_&,std::_Iterator_base_aux>",struct,4
"_Iterator_with_base<std::bidirectional_iterator_tag,AttackGroup_*,int,AttackGroup_*_const_*,AttackGroup_*_const_&,std::_Iterator_base_aux>",struct,4
"_Iterator_with_base<std::bidirectional_iterator_tag,AttackerInfo,int,AttackerInfo_const_*,AttackerInfo_const_&,std::_Iterator_base_aux>",struct,4
"_Iterator_with_base<std::bidirectional_iterator_tag,AudMsgInfo_*,int,AudMsgInfo_*_const_*,AudMsgInfo_*_const_&,std::_Iterator_base_aux>",struct,4
"_Iterator_with_base<std::bidirectional_iterator_tag,DisplayInterface_*,int,DisplayInterface_*_const_*,DisplayInterface_*_const_&,std::_Iterator_base_aux>",struct,4
"_Iterator_with_base<std::bidirectional_iterator_tag,DisplayViewInfo_*,int,DisplayViewInfo_*_const_*,DisplayViewInfo_*_const_&,std::_Iterator_base_aux>",struct,4
"_Iterator_with_base<std::bidirectional_iterator_tag,Explosion_*,int,Explosion_*_const_*,Explosion_*_const_&,std::_Iterator_base_aux>",struct,4
"_Iterator_with_base<std::bidirectional_iterator_tag,FollowGroup_*,int,FollowGroup_*_const_*,FollowGroup_*_const_&,std::_Iterator_base_aux>",struct,4
"_Iterator_with_base<std::bidirectional_iterator_tag,FollowerInfo,int,FollowerInfo_const_*,FollowerInfo_const_&,std::_Iterator_base_aux>",struct,4
"_Iterator_with_base<std::bidirectional_iterator_tag,OldNew_*,int,OldNew_*_const_*,OldNew_*_const_&,std::_Iterator_base_aux>",struct,4
"_Iterator_with_base<std::bidirectional_iterator_tag,Ordnance_*,int,Ordnance_*_const_*,Ordnance_*_const_&,std::_Iterator_base_aux>",struct,4
"_Iterator_with_base<std::bidirectional_iterator_tag,RtimeClass_*,int,RtimeClass_*_const_*,RtimeClass_*_const_&,std::_Iterator_base_aux>",struct,4
"_Iterator_with_base<std::bidirectional_iterator_tag,ShortPath::OpenList::OpenNode,int,ShortPath::OpenList::OpenNode_const_*,ShortPath::OpenList::OpenNode_const_&,std::_Iterator_base_aux>",struct,4
"_Iterator_with_base<std::bidirectional_iterator_tag,Weapon_*,int,Weapon_*_const_*,Weapon_*_const_&,std::_Iterator_base_aux>",struct,4
"_Iterator_with_base<std::bidirectional_iterator_tag,std::pair<GameObject_*_const,Area>,int,std::pair<GameObject_*_const,Area>_const_*,std::pair<GameObject_*_const,Area>_const_&,std::_Iterator_base_aux>",struct,4
"_Iterator_with_base<std::bidirectional_iterator_tag,std::pair<std::pair<unsigned_short,unsigned_short>_const_,Ordnance_*>,int,std::pair<std::pair<unsigned_short,unsigned_short>_const_,Ordnance_*>_const_*,std::pair<std::pair<unsigned_short,unsigned_short>_const_,Ordnance_*>_const_&,std::_Iterator_base_aux>",struct,4
"_Iterator_with_base<std::bidirectional_iterator_tag,std::pair<unsigned_int_const_,ParameterDB::FileData_*>,int,std::pair<unsigned_int_const_,ParameterDB::FileData_*>_const_*,std::pair<unsigned_int_const_,ParameterDB::FileData_*>_const_&,std::_Iterator_base_aux>",struct,4
"_Iterator_with_base<std::bidirectional_iterator_tag,std::pair<unsigned_int_const_,char_const_*>,int,std::pair<unsigned_int_const_,char_const_*>_const_*,std::pair<unsigned_int_const_,char_const_*>_const_&,std::_Iterator_base_aux>",struct,4
"_Iterator_with_base<std::bidirectional_iterator_tag,std::pair<unsigned_int_const_,stdext::hash_map<unsigned_int,char_const_*,stdext::hash_compare<unsigned_int,std::less<unsigned_int>_>,std::allocator<std::pair<unsigned_int_const_,char_const_*>_>_>_>,int,std::pair<unsigned_int_const_,stdext::hash_map<unsigned_int,char_const_*,stdext::hash_compare<unsigned_int,std::less<unsigned_int>_>,std::allocator<std::pair<unsigned_int_const_,char_const_*>_>_>_>_const_*,std::pair<unsigned_int_const_,stdext::hash_map<unsigned_int,char_const_*,stdext::hash_compare<unsigned_int,std::less<unsigned_int>_>,std::allocator<std::pair<unsigned_int_const_,char_const_*>_>_>_>_const_&,std::_Iterator_base_aux>",struct,4
"_Iterator_with_base<std::bidirectional_iterator_tag,std::pair<unsigned_long_const_,DistributedObject_*>,int,std::pair<unsigned_long_const_,DistributedObject_*>_const_*,std::pair<unsigned_long_const_,DistributedObject_*>_const_&,std::_Iterator_base_aux>",struct,4
"_Iterator_with_base<std::bidirectional_iterator_tag,std::pair<unsigned_long_const_,float>,int,std::pair<unsigned_long_const_,float>_const_*,std::pair<unsigned_long_const_,float>_const_&,std::_Iterator_base_aux>",struct,4
"_Iterator_with_base<std::bidirectional_iterator_tag,std::pair<unsigned_long_const_,unsigned_long>,int,std::pair<unsigned_long_const_,unsigned_long>_const_*,std::pair<unsigned_long_const_,unsigned_long>_const_&,std::_Iterator_base_aux>",struct,4
"_Iterator_with_base<std::bidirectional_iterator_tag,std::pair<unsigned_short_const_,NetPlayer_*>,int,std::pair<unsigned_short_const_,NetPlayer_*>_const_*,std::pair<unsigned_short_const_,NetPlayer_*>_const_&,std::_Iterator_base_aux>",struct,4
"_Iterator_with_base<std::random_access_iterator_tag,AnimSprite_*,int,AnimSprite_*_const_*,AnimSprite_*_const_&,std::_Iterator_base_aux>",struct,4
"_Iterator_with_base<std::random_access_iterator_tag,Attachment_*,int,Attachment_*_const_*,Attachment_*_const_&,std::_Iterator_base_aux>",struct,4
"_Iterator_with_base<std::random_access_iterator_tag,BASE_STRUCT,int,BASE_STRUCT_const_*,BASE_STRUCT_const_&,std::_Iterator_base_aux>",struct,4
"_Iterator_with_base<std::random_access_iterator_tag,Craft_*,int,Craft_*_const_*,Craft_*_const_&,std::_Iterator_base_aux>",struct,4
"_Iterator_with_base<std::random_access_iterator_tag,DistributedObject_*,int,DistributedObject_*_const_*,DistributedObject_*_const_&,std::_Iterator_base_aux>",struct,4
"_Iterator_with_base<std::random_access_iterator_tag,ExplosionClass_*,int,ExplosionClass_*_const_*,ExplosionClass_*_const_&,std::_Iterator_base_aux>",struct,4
"_Iterator_with_base<std::random_access_iterator_tag,GameFeature_*,int,GameFeature_*_const_*,GameFeature_*_const_&,std::_Iterator_base_aux>",struct,4
"_Iterator_with_base<std::random_access_iterator_tag,GameObjectClass_*,int,GameObjectClass_*_const_*,GameObjectClass_*_const_&,std::_Iterator_base_aux>",struct,4
"_Iterator_with_base<std::random_access_iterator_tag,GameObject_*,int,GameObject_*_const_*,GameObject_*_const_&,std::_Iterator_base_aux>",struct,4
"_Iterator_with_base<std::random_access_iterator_tag,Geizer_*,int,Geizer_*_const_*,Geizer_*_const_&,std::_Iterator_base_aux>",struct,4
"_Iterator_with_base<std::random_access_iterator_tag,GridPoint,int,GridPoint_const_*,GridPoint_const_&,std::_Iterator_base_aux>",struct,4
"_Iterator_with_base<std::random_access_iterator_tag,ObjectClassInfo_*,int,ObjectClassInfo_*_const_*,ObjectClassInfo_*_const_&,std::_Iterator_base_aux>",struct,4
"_Iterator_with_base<std::random_access_iterator_tag,OrdnanceClass_*,int,OrdnanceClass_*_const_*,OrdnanceClass_*_const_&,std::_Iterator_base_aux>",struct,4
"_Iterator_with_base<std::random_access_iterator_tag,PathPoint,int,PathPoint_const_*,PathPoint_const_&,std::_Iterator_base_aux>",struct,4
"_Iterator_with_base<std::random_access_iterator_tag,Player_*,int,Player_*_const_*,Player_*_const_&,std::_Iterator_base_aux>",struct,4
"_Iterator_with_base<std::random_access_iterator_tag,PortData_*,int,PortData_*_const_*,PortData_*_const_&,std::_Iterator_base_aux>",struct,4
"_Iterator_with_base<std::random_access_iterator_tag,PowerPlant_*,int,PowerPlant_*_const_*,PowerPlant_*_const_&,std::_Iterator_base_aux>",struct,4
"_Iterator_with_base<std::random_access_iterator_tag,RadarItem,int,RadarItem_const_*,RadarItem_const_&,std::_Iterator_base_aux>",struct,4
"_Iterator_with_base<std::random_access_iterator_tag,Scanner_*,int,Scanner_*_const_*,Scanner_*_const_&,std::_Iterator_base_aux>",struct,4
"_Iterator_with_base<std::random_access_iterator_tag,ScorePlayer_*,int,ScorePlayer_*_const_*,ScorePlayer_*_const_&,std::_Iterator_base_aux>",struct,4
"_Iterator_with_base<std::random_access_iterator_tag,Scrap_*,int,Scrap_*_const_*,Scrap_*_const_&,std::_Iterator_base_aux>",struct,4
"_Iterator_with_base<std::random_access_iterator_tag,Server_*,int,Server_*_const_*,Server_*_const_&,std::_Iterator_base_aux>",struct,4
"_Iterator_with_base<std::random_access_iterator_tag,Session_*,int,Session_*_const_*,Session_*_const_&,std::_Iterator_base_aux>",struct,4
"_Iterator_with_base<std::random_access_iterator_tag,SpawnPoint_*,int,SpawnPoint_*_const_*,SpawnPoint_*_const_&,std::_Iterator_base_aux>",struct,4
"_Iterator_with_base<std::random_access_iterator_tag,Strip_*,int,Strip_*_const_*,Strip_*_const_&,std::_Iterator_base_aux>",struct,4
"_Iterator_with_base<std::random_access_iterator_tag,WeaponClass_*,int,WeaponClass_*_const_*,WeaponClass_*_const_&,std::_Iterator_base_aux>",struct,4
"_Iterator_with_base<std::random_access_iterator_tag,stdext::_Hash<stdext::_Hmap_traits<unsigned_int,ParameterDB::FileData_*,stdext::hash_compare<unsigned_int,std::less<unsigned_int>_>,std::allocator<std::pair<unsigned_int_const_,ParameterDB::FileData_*>_>,0>_>::_List_position,int,stdext::_Hash<stdext::_Hmap_traits<unsigned_int,ParameterDB::FileData_*,stdext::hash_compare<unsigned_int,std::less<unsigned_int>_>,std::allocator<std::pair<unsigned_int_const_,ParameterDB::FileData_*>_>,0>_>::_List_position_const_*,stdext::_Hash<stdext::_Hmap_traits<unsigned_int,ParameterDB::FileData_*,stdext::hash_compare<unsigned_int,std::less<unsigned_int>_>,std::allocator<std::pair<unsigned_int_const_,ParameterDB::FileData_*>_>,0>_>::_List_position_const_&,std::_Iterator_base_aux>",struct,4
"_Iterator_with_base<std::random_access_iterator_tag,stdext::_Hash<stdext::_Hmap_traits<unsigned_int,char_const_*,stdext::hash_compare<unsigned_int,std::less<unsigned_int>_>,std::allocator<std::pair<unsigned_int_const_,char_const_*>_>,0>_>::_List_position,int,stdext::_Hash<stdext::_Hmap_traits<unsigned_int,char_const_*,stdext::hash_compare<unsigned_int,std::less<unsigned_int>_>,std::allocator<std::pair<unsigned_int_const_,char_const_*>_>,0>_>::_List_position_const_*,stdext::_Hash<stdext::_Hmap_traits<unsigned_int,char_const_*,stdext::hash_compare<unsigned_int,std::less<unsigned_int>_>,std::allocator<std::pair<unsigned_int_const_,char_const_*>_>,0>_>::_List_position_const_&,std::_Iterator_base_aux>",struct,4
"_Iterator_with_base<std::random_access_iterator_tag,stdext::_Hash<stdext::_Hmap_traits<unsigned_int,stdext::hash_map<unsigned_int,char_const_*,stdext::hash_compare<unsigned_int,std::less<unsigned_int>_>,std::allocator<std::pair<unsigned_int_const_,char_const_*>_>_>,stdext::hash_compare<unsigned_int,std::less<unsigned_int>_>,std::allocator<std::pair<unsigned_int_const_,stdext::hash_map<unsigned_int,char_const_*,stdext::hash_compare<unsigned_int,std::less<unsigned_int>_>,std::allocator<std::pair<unsigned_int_const_,char_const_*>_>_>_>_>,0>_>::_List_position,int,stdext::_Hash<stdext::_Hmap_traits<unsigned_int,stdext::hash_map<unsigned_int,char_const_*,stdext::hash_compare<unsigned_int,std::less<unsigned_int>_>,std::allocator<std::pair<unsigned_int_const_,char_const_*>_>_>,stdext::hash_compare<unsigned_int,std::less<unsigned_int>_>,std::allocator<std::pair<unsigned_int_const_,stdext::hash_map<unsigned_int,char_const_*,stdext::hash_compare<unsigned_int,std::less<unsigned_int>_>,std::allocator<std::pair<unsigned_int_const_,char_const_*>_>_>_>_>,0>_>::_List_position_const_*,stdext::_Hash<stdext::_Hmap_traits<unsigned_int,stdext::hash_map<unsigned_int,char_const_*,stdext::hash_compare<unsigned_int,std::less<unsigned_int>_>,std::allocator<std::pair<unsigned_int_const_,char_const_*>_>_>,stdext::hash_compare<unsigned_int,std::less<unsigned_int>_>,std::allocator<std::pair<unsigned_int_const_,stdext::hash_map<unsigned_int,char_const_*,stdext::hash_compare<unsigned_int,std::less<unsigned_int>_>,std::allocator<std::pair<unsigned_int_const_,char_const_*>_>_>_>_>,0>_>::_List_position_const_&,std::_Iterator_base_aux>",struct,4
"_Iterator_with_base<std::random_access_iterator_tag,stdext::_Hash<stdext::_Hmap_traits<unsigned_long,float,stdext::hash_compare<unsigned_long,std::less<unsigned_long>_>,std::allocator<std::pair<unsigned_long_const_,float>_>,0>_>::_List_position,int,stdext::_Hash<stdext::_Hmap_traits<unsigned_long,float,stdext::hash_compare<unsigned_long,std::less<unsigned_long>_>,std::allocator<std::pair<unsigned_long_const_,float>_>,0>_>::_List_position_const_*,stdext::_Hash<stdext::_Hmap_traits<unsigned_long,float,stdext::hash_compare<unsigned_long,std::less<unsigned_long>_>,std::allocator<std::pair<unsigned_long_const_,float>_>,0>_>::_List_position_const_&,std::_Iterator_base_aux>",struct,4
"_Iterator_with_base<std::random_access_iterator_tag,stdext::_Hash<stdext::_Hmap_traits<unsigned_long,unsigned_long,stdext::hash_compare<unsigned_long,std::less<unsigned_long>_>,std::allocator<std::pair<unsigned_long_const_,unsigned_long>_>,0>_>::_List_position,int,stdext::_Hash<stdext::_Hmap_traits<unsigned_long,unsigned_long,stdext::hash_compare<unsigned_long,std::less<unsigned_long>_>,std::allocator<std::pair<unsigned_long_const_,unsigned_long>_>,0>_>::_List_position_const_*,stdext::_Hash<stdext::_Hmap_traits<unsigned_long,unsigned_long,stdext::hash_compare<unsigned_long,std::less<unsigned_long>_>,std::allocator<std::pair<unsigned_long_const_,unsigned_long>_>,0>_>::_List_position_const_&,std::_Iterator_base_aux>",struct,4
_JIT_DEBUG_INFO,struct,40
_JOBOBJECT_ASSOCIATE_COMPLETION_PORT,struct,8
_JOBOBJECT_BASIC_ACCOUNTING_INFORMATION,struct,48
_JOBOBJECT_BASIC_AND_IO_ACCOUNTING_INFORMATION,struct,96
_JOBOBJECT_BASIC_LIMIT_INFORMATION,struct,48
_JOBOBJECT_BASIC_PROCESS_ID_LIST,struct,12
_JOBOBJECT_BASIC_UI_RESTRICTIONS,struct,4
_JOBOBJECT_END_OF_JOB_TIME_INFORMATION,struct,4
_JOBOBJECT_EXTENDED_LIMIT_INFORMATION,struct,112
_JOBOBJECT_JOBSET_INFORMATION,struct,4
_JOBOBJECT_SECURITY_LIMIT_INFORMATION,struct,20
_JOB_INFO_1A,struct,64
_JOB_INFO_1W,struct,64
_JOB_INFO_1W.conflict,struct,64
_JOB_INFO_2A,struct,104
_JOB_INFO_2W,struct,104
_JOB_INFO_2W.conflict,struct,104
_JOB_INFO_3,struct,12
_JOB_INFO_4A,struct,108
_JOB_INFO_4W,struct,108
_JOB_INFO_4W.conflict,struct,108
_JOB_SET_ARRAY,struct,12
_JoystickListItem,struct,320
_KCRM_MARSHAL_HEADER,struct,16
_KCRM_PROTOCOL_BLOB,struct,32
_KCRM_TRANSACTION_BLOB,struct,172
_KEY_EVENT_RECORD,struct,16
_KEY_TYPE_SUBTYPE,struct,36
_KSYSTEM_TIME,struct,12
_KTMOBJECT_CURSOR,struct,36
_KUSER_SHARED_DATA,struct,816
_KUSER_SHARED_DATA_u_800,union,16
_KeyItem,struct,516
_LANA_ENUM,struct,256
_LARGE_INTEGER,union,8
_LARGE_INTEGER_s_0,struct,8
_LDBL12,struct,12
_LDOUBLE,struct,10
_LDT_ENTRY,struct,8
_LIST_ENTRY,struct,8
_LOAD_DLL_DEBUG_INFO,struct,24
_LONGDOUBLE,struct,8
_LONG_SIZEDARR,struct,8
_LUID,struct,8
_LUID_AND_ATTRIBUTES,struct,12
_Layout,struct,8
"_List_nod<AOI_*,std::allocator<AOI_*>_>",struct,12
"_List_nod<Addr_*,std::allocator<Addr_*>_>",struct,12
"_List_nod<AdjustItem_*,std::allocator<AdjustItem_*>_>",struct,12
"_List_nod<AiMissionClass_*,std::allocator<AiMissionClass_*>_>",struct,12
"_List_nod<AiPath_*,std::allocator<AiPath_*>_>",struct,12
"_List_nod<AiProcess_*,std::allocator<AiProcess_*>_>",struct,12
"_List_nod<AiTask_*,std::allocator<AiTask_*>_>",struct,12
"_List_nod<AttackGroup_*,std::allocator<AttackGroup_*>_>",struct,12
"_List_nod<AttackerInfo,std::allocator<AttackerInfo>_>",struct,12
"_List_nod<AudMsgInfo_*,std::allocator<AudMsgInfo_*>_>",struct,12
"_List_nod<DisplayInterface_*,std::allocator<DisplayInterface_*>_>",struct,12
"_List_nod<DisplayViewInfo_*,std::allocator<DisplayViewInfo_*>_>",struct,12
"_List_nod<Explosion_*,std::allocator<Explosion_*>_>",struct,12
"_List_nod<FollowGroup_*,std::allocator<FollowGroup_*>_>",struct,12
"_List_nod<FollowerInfo,std::allocator<FollowerInfo>_>",struct,12
"_List_nod<OldNew_*,std::allocator<OldNew_*>_>",struct,12
"_List_nod<Ordnance_*,std::allocator<Ordnance_*>_>",struct,12
"_List_nod<RtimeClass_*,std::allocator<RtimeClass_*>_>",struct,12
"_List_nod<Weapon_*,std::allocator<Weapon_*>_>",struct,12
"_List_nod<std::pair<unsigned_int_const_,ParameterDB::FileData_*>,std::allocator<std::pair<unsigned_int_const_,ParameterDB::FileData_*>_>_>",struct,12
"_List_nod<std::pair<unsigned_int_const_,char_const_*>,std::allocator<std::pair<unsigned_int_const_,char_const_*>_>_>",struct,12
"_List_nod<std::pair<unsigned_int_const_,stdext::hash_map<unsigned_int,char_const_*,stdext::hash_compare<unsigned_int,std::less<unsigned_int>_>,std::allocator<std::pair<unsigned_int_const_,char_const_*>_>_>_>,std::allocator<std::pair<unsigned_int_const_,stdext::hash_map<unsigned_int,char_const_*,stdext::hash_compare<unsigned_int,std::less<unsigned_int>_>,std::allocator<std::pair<unsigned_int_const_,char_const_*>_>_>_>_>_>",struct,12
"_List_nod<std::pair<unsigned_long_const_,float>,std::allocator<std::pair<unsigned_long_const_,float>_>_>",struct,12
"_List_nod<std::pair<unsigned_long_const_,unsigned_long>,std::allocator<std::pair<unsigned_long_const_,unsigned_long>_>_>",struct,12
_List_position,struct,8
"_List_ptr<AOI_*,std::allocator<AOI_*>_>",struct,16
"_List_ptr<Addr_*,std::allocator<Addr_*>_>",struct,16
"_List_ptr<AdjustItem_*,std::allocator<AdjustItem_*>_>",struct,16
"_List_ptr<AiMissionClass_*,std::allocator<AiMissionClass_*>_>",struct,16
"_List_ptr<AiPath_*,std::allocator<AiPath_*>_>",struct,16
"_List_ptr<AiProcess_*,std::allocator<AiProcess_*>_>",struct,16
"_List_ptr<AiTask_*,std::allocator<AiTask_*>_>",struct,16
"_List_ptr<AttackGroup_*,std::allocator<AttackGroup_*>_>",struct,16
"_List_ptr<AttackerInfo,std::allocator<AttackerInfo>_>",struct,16
"_List_ptr<AudMsgInfo_*,std::allocator<AudMsgInfo_*>_>",struct,16
"_List_ptr<DisplayInterface_*,std::allocator<DisplayInterface_*>_>",struct,16
"_List_ptr<DisplayViewInfo_*,std::allocator<DisplayViewInfo_*>_>",struct,16
"_List_ptr<Explosion_*,std::allocator<Explosion_*>_>",struct,16
"_List_ptr<FollowGroup_*,std::allocator<FollowGroup_*>_>",struct,16
"_List_ptr<FollowerInfo,std::allocator<FollowerInfo>_>",struct,16
"_List_ptr<OldNew_*,std::allocator<OldNew_*>_>",struct,16
"_List_ptr<Ordnance_*,std::allocator<Ordnance_*>_>",struct,16
"_List_ptr<RtimeClass_*,std::allocator<RtimeClass_*>_>",struct,16
"_List_ptr<Weapon_*,std::allocator<Weapon_*>_>",struct,16
"_List_ptr<std::pair<unsigned_int_const_,ParameterDB::FileData_*>,std::allocator<std::pair<unsigned_int_const_,ParameterDB::FileData_*>_>_>",struct,16
"_List_ptr<std::pair<unsigned_int_const_,char_const_*>,std::allocator<std::pair<unsigned_int_const_,char_const_*>_>_>",struct,16
"_List_ptr<std::pair<unsigned_int_const_,stdext::hash_map<unsigned_int,char_const_*,stdext::hash_compare<unsigned_int,std::less<unsigned_int>_>,std::allocator<std::pair<unsigned_int_const_,char_const_*>_>_>_>,std::allocator<std::pair<unsigned_int_const_,stdext::hash_map<unsigned_int,char_const_*,stdext::hash_compare<unsigned_int,std::less<unsigned_int>_>,std::allocator<std::pair<unsigned_int_const_,char_const_*>_>_>_>_>_>",struct,16
"_List_ptr<std::pair<unsigned_long_const_,float>,std::allocator<std::pair<unsigned_long_const_,float>_>_>",struct,16
"_List_ptr<std::pair<unsigned_long_const_,unsigned_long>,std::allocator<std::pair<unsigned_long_const_,unsigned_long>_>_>",struct,16
"_List_val<AOI_*,std::allocator<AOI_*>_>",struct,20
"_List_val<Addr_*,std::allocator<Addr_*>_>",struct,20
"_List_val<AdjustItem_*,std::allocator<AdjustItem_*>_>",struct,20
"_List_val<AiMissionClass_*,std::allocator<AiMissionClass_*>_>",struct,20
"_List_val<AiPath_*,std::allocator<AiPath_*>_>",struct,20
"_List_val<AiProcess_*,std::allocator<AiProcess_*>_>",struct,20
"_List_val<AiTask_*,std::allocator<AiTask_*>_>",struct,20
"_List_val<AttackGroup_*,std::allocator<AttackGroup_*>_>",struct,20
"_List_val<AttackerInfo,std::allocator<AttackerInfo>_>",struct,20
"_List_val<AudMsgInfo_*,std::allocator<AudMsgInfo_*>_>",struct,20
"_List_val<DisplayInterface_*,std::allocator<DisplayInterface_*>_>",struct,20
"_List_val<DisplayViewInfo_*,std::allocator<DisplayViewInfo_*>_>",struct,20
"_List_val<Explosion_*,std::allocator<Explosion_*>_>",struct,20
"_List_val<FollowGroup_*,std::allocator<FollowGroup_*>_>",struct,20
"_List_val<FollowerInfo,std::allocator<FollowerInfo>_>",struct,20
"_List_val<OldNew_*,std::allocator<OldNew_*>_>",struct,20
"_List_val<Ordnance_*,std::allocator<Ordnance_*>_>",struct,20
"_List_val<RtimeClass_*,std::allocator<RtimeClass_*>_>",struct,20
"_List_val<Weapon_*,std::allocator<Weapon_*>_>",struct,20
"_List_val<std::pair<unsigned_int_const_,ParameterDB::FileData_*>,std::allocator<std::pair<unsigned_int_const_,ParameterDB::FileData_*>_>_>",struct,20
"_List_val<std::pair<unsigned_int_const_,char_const_*>,std::allocator<std::pair<unsigned_int_const_,char_const_*>_>_>",struct,20
"_List_val<std::pair<unsigned_int_const_,stdext::hash_map<unsigned_int,char_const_*,stdext::hash_compare<unsigned_int,std::less<unsigned_int>_>,std::allocator<std::pair<unsigned_int_const_,char_const_*>_>_>_>,std::allocator<std::pair<unsigned_int_const_,stdext::hash_map<unsigned_int,char_const_*,stdext::hash_compare<unsigned_int,std::less<unsigned_int>_>,std::allocator<std::pair<unsigned_int_const_,char_const_*>_>_>_>_>_>",struct,20
"_List_val<std::pair<unsigned_long_const_,float>,std::allocator<std::pair<unsigned_long_const_,float>_>_>",struct,20
"_List_val<std::pair<unsigned_long_const_,unsigned_long>,std::allocator<std::pair<unsigned_long_const_,unsigned_long>_>_>",struct,20
_LoadScreenItem,struct,264
_Lockit,struct,4
_MALLOC_FREE_STRUCT,struct,8
_MAT2,struct,16
_MEMORYSTATUS,struct,32
_MEMORYSTATUSEX,struct,64
_MEMORY_BASIC_INFORMATION,struct,28
_MEMORY_BASIC_INFORMATION32,struct,28
_MEMORY_BASIC_INFORMATION64,struct,48
_MENU_EVENT_RECORD,struct,4
_MESSAGE_RESOURCE_BLOCK,struct,12
_MESSAGE_RESOURCE_DATA,struct,16
_MESSAGE_RESOURCE_ENTRY,struct,6
_MIDL_FORMAT_STRING,struct,2
_MIDL_SERVER_INFO_,struct,32
_MIDL_STUBLESS_PROXY_INFO,struct,24
_MIDL_STUB_DESC,struct,80
_MIDL_STUB_MESSAGE,struct,220
_MIDL_STUB_MESSAGE.conflict,struct,220
_MIDL_SYNTAX_INFO,struct,48
_MMCKINFO,struct,20
_MMIOINFO,struct,72
_MODEMDEVCAPS,struct,80
_MODEMSETTINGS,struct,48
_MONITOR_INFO_1A,struct,4
_MONITOR_INFO_1W,struct,4
_MONITOR_INFO_1W.conflict,struct,4
_MONITOR_INFO_2A,struct,12
_MONITOR_INFO_2W,struct,12
_MONITOR_INFO_2W.conflict,struct,12
_MOUSE_EVENT_RECORD,struct,16
_Mutex,struct,4
_NAME_BUFFER,struct,18
_NCB,struct,64
_NCryptAlgorithmName,struct,16
_NCryptAlgorithmName.conflict,struct,16
_NDR_ASYNC_MESSAGE,struct,1
_NDR_CORRELATION_INFO,struct,1
_NDR_CS_ROUTINES,struct,8
_NDR_CS_SIZE_CONVERT_ROUTINES,struct,16
_NDR_EXPR_DESC,struct,8
_NDR_PROC_CONTEXT,struct,1
_NDR_USER_MARSHAL_INFO,struct,44
_NDR_USER_MARSHAL_INFO_LEVEL1,struct,40
_NETCONNECTINFOSTRUCT,struct,20
_NETINFOSTRUCT,struct,32
_NETRESOURCEA,struct,32
_NETRESOURCEW,struct,32
_NETRESOURCEW.conflict,struct,32
_NON_PAGED_DEBUG_INFO,struct,32
_NOTIFYICONDATAA,struct,508
_NOTIFYICONDATAA_u_416,union,4
_NOTIFYICONDATAW,struct,956
_NOTIFYICONDATAW_u_800,union,4
_NTFS_STATISTICS,struct,212
_NT_TIB,struct,28
_NT_TIB32,struct,28
_NT_TIB32_u_16,union,4
_NT_TIB64,struct,56
_NT_TIB64_u_32,union,8
_NT_TIB_u_16,union,4
_Nil,struct,1
_Node,struct,36
_Nonscalar_ptr_iterator_tag,struct,1
_Notforced,struct,1
_OBJ76,struct,240
_OBJECTID,struct,20
_OBJECT_TYPE_LIST,struct,8
_OBJHANDLE,union,4
_OBJHANDLE_s_0,struct,4
_OCSP_BASIC_RESPONSE_ENTRY,struct,68
_OCSP_BASIC_RESPONSE_INFO,struct,40
_OCSP_BASIC_RESPONSE_INFO_u_8,union,8
_OCSP_BASIC_REVOKED_INFO,struct,12
_OCSP_BASIC_SIGNED_RESPONSE_INFO,struct,40
_OCSP_CERT_ID,struct,36
_OCSP_REQUEST_ENTRY,struct,44
_OCSP_REQUEST_INFO,struct,24
_OCSP_RESPONSE_INFO,struct,16
_OCSP_SIGNATURE_INFO,struct,32
_OCSP_SIGNED_REQUEST_INFO,struct,12
_OFNOTIFYA,struct,20
_OFNOTIFYEXA,struct,24
_OFNOTIFYEXW,struct,24
_OFNOTIFYW,struct,20
_OFNOTIFYW.conflict,struct,20
_OFSTRUCT,struct,136
_OLESTREAM,struct,4
_OLESTREAMVTBL,struct,8
_OPEN_PRINTER_PROPS_INFOA,struct,20
_OPEN_PRINTER_PROPS_INFOW,struct,20
_OPEN_PRINTER_PROPS_INFOW.conflict,struct,20
_OSVERSIONINFOA,struct,148
_OSVERSIONINFOEXA,struct,156
_OSVERSIONINFOEXW,struct,284
_OSVERSIONINFOW,struct,276
_OUTLINETEXTMETRICA,struct,212
_OUTLINETEXTMETRICW,struct,216
_OUTPUT_DEBUG_STRING_INFO,struct,8
_OVERLAPPED,struct,20
_OVERLAPPED_ENTRY,struct,16
_OVERLAPPED_u_8,union,8
_OVERLAPPED_u_8_s_0,struct,8
_OptionItem,struct,260
"_Or<0,0>",struct,1
"_Or<0,1>",struct,1
"_Or<1,0>",struct,1
"_Or<1,1>",struct,1
_Outit,struct,1
_PACKEDEVENTINFO,struct,8
_PARTITION_INFORMATION,struct,32
_PARTITION_INFORMATION_EX,struct,144
_PARTITION_INFORMATION_EX_u_32,union,112
_PARTITION_INFORMATION_GPT,struct,112
_PARTITION_INFORMATION_MBR,struct,8
_PATHNAME_BUFFER,struct,8
_PEB,struct,560
_PEB_FREE_BLOCK,struct,8
_PEB_LDR_DATA,struct,40
_PERF_BIN,struct,24
_PERF_COUNTER_BLOCK,struct,4
_PERF_COUNTER_DEFINITION,struct,40
_PERF_COUNTER_DEFINITION.conflict,struct,40
_PERF_DATA_BLOCK,struct,88
_PERF_INSTANCE_DEFINITION,struct,24
_PERF_OBJECT_TYPE,struct,64
_PERF_OBJECT_TYPE.conflict,struct,64
_PERSISTENT_RESERVE_COMMAND,struct,12
_PERSISTENT_RESERVE_COMMAND_u_8,union,4
_PLEX_READ_DATA_REQUEST,struct,16
_PMD,struct,12
_POINTFLOAT,struct,8
_POINTL,struct,8
_PORT_INFO_1A,struct,4
_PORT_INFO_1W,struct,4
_PORT_INFO_1W.conflict,struct,4
_PORT_INFO_2A,struct,20
_PORT_INFO_2W,struct,20
_PORT_INFO_2W.conflict,struct,20
_PORT_INFO_3A,struct,12
_PORT_INFO_3W,struct,12
_PORT_INFO_3W.conflict,struct,12
_PO_TRANSITION_VETO,struct,20
_PO_TRANSITION_VETOES,struct,24
_PO_TRANSITION_VETO_REASON,struct,8
_PO_TRANSITION_VETO_SERVICE,struct,4
_PO_TRANSITION_VETO_WINDOW,struct,4
_PO_TRANSITION_VETO_u_16,union,4
_PO_WAKE_SOURCE_DEVICE,struct,12
_PO_WAKE_SOURCE_FIXED,struct,12
_PO_WAKE_SOURCE_HEADER,struct,8
_PO_WAKE_SOURCE_HISTORY,struct,8
_PO_WAKE_SOURCE_INFO,struct,8
_PREVENT_MEDIA_REMOVAL,struct,1
_PRINTER_CONNECTION_INFO_1A,struct,8
_PRINTER_CONNECTION_INFO_1W,struct,8
_PRINTER_CONNECTION_INFO_1W.conflict,struct,8
_PRINTER_DEFAULTSA,struct,12
_PRINTER_DEFAULTSW,struct,12
_PRINTER_DEFAULTSW.conflict,struct,12
_PRINTER_ENUM_VALUESA,struct,20
_PRINTER_ENUM_VALUESW,struct,20
_PRINTER_ENUM_VALUESW.conflict,struct,20
_PRINTER_INFO_1A,struct,16
_PRINTER_INFO_1W,struct,16
_PRINTER_INFO_1W.conflict,struct,16
_PRINTER_INFO_2A,struct,84
_PRINTER_INFO_2W,struct,84
_PRINTER_INFO_2W.conflict,struct,84
_PRINTER_INFO_3,struct,4
_PRINTER_INFO_4A,struct,12
_PRINTER_INFO_4W,struct,12
_PRINTER_INFO_4W.conflict,struct,12
_PRINTER_INFO_5A,struct,20
_PRINTER_INFO_5W,struct,20
_PRINTER_INFO_5W.conflict,struct,20
_PRINTER_INFO_6,struct,4
_PRINTER_INFO_7A,struct,8
_PRINTER_INFO_7W,struct,8
_PRINTER_INFO_7W.conflict,struct,8
_PRINTER_INFO_8A,struct,4
_PRINTER_INFO_8W,struct,4
_PRINTER_INFO_9A,struct,4
_PRINTER_INFO_9W,struct,4
_PRINTER_NOTIFY_INFO,struct,32
_PRINTER_NOTIFY_INFO_DATA,struct,20
_PRINTER_NOTIFY_OPTIONS,struct,16
_PRINTER_NOTIFY_OPTIONS_TYPE,struct,20
_PRINTER_OPTIONSA,struct,8
_PRINTER_OPTIONSW,struct,8
_PRINTPROCESSOR_CAPS_1,struct,16
_PRINTPROCESSOR_CAPS_2,struct,36
_PRINTPROCESSOR_INFO_1A,struct,4
_PRINTPROCESSOR_INFO_1W,struct,4
_PRINTPROCESSOR_INFO_1W.conflict,struct,4
_PRIVILEGE_SET,struct,20
_PRIVKEYVER3,struct,44
_PROCESSOR_POWER_POLICY,struct,76
_PROCESSOR_POWER_POLICY_INFO,struct,20
_PROCESS_HEAP_ENTRY,struct,28
_PROCESS_HEAP_ENTRY_u_12,union,16
_PROCESS_INFORMATION,struct,16
_PROC_THREAD_ATTRIBUTE_LIST,struct,1
_PROPSHEETHEADERA_V1,struct,40
_PROPSHEETHEADERA_V1_u_16,union,4
_PROPSHEETHEADERA_V1_u_28,union,4
_PROPSHEETHEADERA_V1_u_32,union,4
_PROPSHEETHEADERA_V2,struct,52
_PROPSHEETHEADERA_V2_u_16,union,4
_PROPSHEETHEADERA_V2_u_28,union,4
_PROPSHEETHEADERA_V2_u_32,union,4
_PROPSHEETHEADERA_V2_u_40,union,4
_PROPSHEETHEADERA_V2_u_48,union,4
_PROPSHEETHEADERW_V1,struct,40
_PROPSHEETHEADERW_V1_u_16,union,4
_PROPSHEETHEADERW_V1_u_28,union,4
_PROPSHEETHEADERW_V1_u_32,union,4
_PROPSHEETHEADERW_V2,struct,52
_PROPSHEETHEADERW_V2_u_16,union,4
_PROPSHEETHEADERW_V2_u_28,union,4
_PROPSHEETHEADERW_V2_u_32,union,4
_PROPSHEETHEADERW_V2_u_40,union,4
_PROPSHEETHEADERW_V2_u_48,union,4
_PROPSHEETPAGEA,struct,56
_PROPSHEETPAGEA_V1,struct,40
_PROPSHEETPAGEA_V1_u_12,union,4
_PROPSHEETPAGEA_V1_u_16,union,4
_PROPSHEETPAGEA_V2,struct,48
_PROPSHEETPAGEA_V2_u_12,union,4
_PROPSHEETPAGEA_V2_u_16,union,4
_PROPSHEETPAGEA_V3,struct,52
_PROPSHEETPAGEA_V3_u_12,union,4
_PROPSHEETPAGEA_V3_u_16,union,4
_PROPSHEETPAGEA_u_12,union,4
_PROPSHEETPAGEA_u_16,union,4
_PROPSHEETPAGEA_u_52,union,4
_PROPSHEETPAGEW,struct,56
_PROPSHEETPAGEW_V1,struct,40
_PROPSHEETPAGEW_V1_u_12,union,4
_PROPSHEETPAGEW_V1_u_16,union,4
_PROPSHEETPAGEW_V2,struct,48
_PROPSHEETPAGEW_V2_u_12,union,4
_PROPSHEETPAGEW_V2_u_16,union,4
_PROPSHEETPAGEW_V3,struct,52
_PROPSHEETPAGEW_V3_u_12,union,4
_PROPSHEETPAGEW_V3_u_16,union,4
_PROPSHEETPAGEW_u_12,union,4
_PROPSHEETPAGEW_u_16,union,4
_PROPSHEETPAGEW_u_52,union,4
_PROVIDOR_INFO_1A,struct,12
_PROVIDOR_INFO_1W,struct,12
_PROVIDOR_INFO_1W.conflict,struct,12
_PROVIDOR_INFO_2A,struct,4
_PROVIDOR_INFO_2W,struct,4
_PROVIDOR_INFO_2W.conflict,struct,4
_PROV_ENUMALGS,struct,32
_PROV_ENUMALGS_EX,struct,88
_PSFEATURE_CUSTPAPER,struct,20
_PSFEATURE_OUTPUT,struct,8
_PSHNOTIFY,struct,16
_PSINJECTDATA,struct,8
_PSP,struct,1
_PUBKEY,struct,8
_PUBKEYVER3,struct,40
_PUBLICKEYSTRUC,struct,8
_Ph<10>,struct,1
_Ph<1>,struct,1
_Ph<2>,struct,1
_Ph<3>,struct,1
_Ph<4>,struct,1
_Ph<5>,struct,1
_Ph<6>,struct,1
_Ph<7>,struct,1
_Ph<8>,struct,1
_Ph<9>,struct,1
"_Ptr_cat_helper<ExplosionClass_*_*,ExplosionClass_*_*>",struct,1
"_Ptr_cat_helper<GameObjectClass_*_*,GameObjectClass_*_*>",struct,1
"_Ptr_cat_helper<OrdnanceClass_*_*,OrdnanceClass_*_*>",struct,1
"_Ptr_cat_helper<WeaponClass_*_*,WeaponClass_*_*>",struct,1
"_Ptr_cat_helper<__int64_*,__int64_*>",struct,1
"_Ptr_cat_helper<__int64_const_*,__int64_*>",struct,1
"_Ptr_cat_helper<bool_*,bool_*>",struct,1
"_Ptr_cat_helper<bool_const_*,bool_*>",struct,1
"_Ptr_cat_helper<char_*,char_*>",struct,1
"_Ptr_cat_helper<char_const_*,char_*>",struct,1
"_Ptr_cat_helper<double_*,double_*>",struct,1
"_Ptr_cat_helper<double_const_*,double_*>",struct,1
"_Ptr_cat_helper<float_*,float_*>",struct,1
"_Ptr_cat_helper<float_const_*,float_*>",struct,1
"_Ptr_cat_helper<int_*,int_*>",struct,1
"_Ptr_cat_helper<int_const_*,int_*>",struct,1
"_Ptr_cat_helper<long_*,long_*>",struct,1
"_Ptr_cat_helper<long_const_*,long_*>",struct,1
"_Ptr_cat_helper<long_double_*,long_double_*>",struct,1
"_Ptr_cat_helper<long_double_const_*,long_double_*>",struct,1
"_Ptr_cat_helper<short_*,short_*>",struct,1
"_Ptr_cat_helper<short_const_*,short_*>",struct,1
"_Ptr_cat_helper<signed_char_*,signed_char_*>",struct,1
"_Ptr_cat_helper<signed_char_const_*,signed_char_*>",struct,1
"_Ptr_cat_helper<std::_Undefined_inner_type_tag,std::_Undefined_inner_type_tag>",struct,1
"_Ptr_cat_helper<unsigned___int64_*,unsigned___int64_*>",struct,1
"_Ptr_cat_helper<unsigned___int64_const_*,unsigned___int64_*>",struct,1
"_Ptr_cat_helper<unsigned_char_*,unsigned_char_*>",struct,1
"_Ptr_cat_helper<unsigned_char_const_*,unsigned_char_*>",struct,1
"_Ptr_cat_helper<unsigned_int_*,unsigned_int_*>",struct,1
"_Ptr_cat_helper<unsigned_int_const_*,unsigned_int_*>",struct,1
"_Ptr_cat_helper<unsigned_long_*,unsigned_long_*>",struct,1
"_Ptr_cat_helper<unsigned_long_const_*,unsigned_long_*>",struct,1
"_Ptr_cat_helper<unsigned_short_*,unsigned_short_*>",struct,1
"_Ptr_cat_helper<unsigned_short_const_*,unsigned_short_*>",struct,1
"_Ptr_cat_helper<wchar_t_*,wchar_t_*>",struct,1
"_Ptr_cat_helper<wchar_t_const_*,wchar_t_*>",struct,1
_QUERY_SERVICE_CONFIGA,struct,36
_QUERY_SERVICE_CONFIGW,struct,36
_QUERY_SERVICE_CONFIGW.conflict,struct,36
_QUERY_SERVICE_LOCK_STATUSA,struct,12
_QUERY_SERVICE_LOCK_STATUSW,struct,12
_QUERY_SERVICE_LOCK_STATUSW.conflict,struct,12
_QUOTA_LIMITS,struct,32
_QUOTA_LIMITS_EX,struct,56
_RASTERIZER_STATUS,struct,6
_RATE_QUOTA_LIMIT,union,4
_RATE_QUOTA_LIMIT_s_1,struct,4
_RDR_CALLOUT_STATE,struct,96
_READ_ELEMENT_ADDRESS_INFO,struct,104
_REASSIGN_BLOCKS,struct,8
_REASSIGN_BLOCKS_EX,struct,12
_RECTL,struct,16
_REMOTE_NAME_INFOA,struct,12
_REMOTE_NAME_INFOW,struct,12
_REMOTE_NAME_INFOW.conflict,struct,12
_REMSECURITY_ATTRIBUTES,struct,12
_REPARSE_GUID_DATA_BUFFER,struct,28
_REPS,struct,16
_REP_INFO,struct,16
_REQUEST_RAW_ENCRYPTED_DATA,struct,16
_RESOURCEMANAGER_BASIC_INFORMATION,struct,24
_RESOURCEMANAGER_COMPLETION_INFORMATION,struct,8
_RGNDATA,struct,36
_RGNDATAHEADER,struct,32
_RIP_INFO,struct,8
_ROOT_INFO_LUID,struct,8
_RPC_ASYNC_NOTIFICATION_INFO,union,16
_RPC_ASYNC_STATE,struct,68
_RPC_BINDING_HANDLE_OPTIONS_V1,struct,16
_RPC_BINDING_HANDLE_SECURITY_V1_A,struct,24
_RPC_BINDING_HANDLE_SECURITY_V1_W,struct,24
_RPC_BINDING_HANDLE_TEMPLATE_V1_A,struct,40
_RPC_BINDING_HANDLE_TEMPLATE_V1_W,struct,40
_RPC_BINDING_VECTOR,struct,8
_RPC_CALL_LOCAL_ADDRESS_V1,struct,16
_RPC_CLIENT_INTERFACE,struct,68
_RPC_C_OPT_METADATA_DESCRIPTOR,struct,8
_RPC_HTTP_TRANSPORT_CREDENTIALS_A,struct,24
_RPC_HTTP_TRANSPORT_CREDENTIALS_V2_A,struct,36
_RPC_HTTP_TRANSPORT_CREDENTIALS_V2_W,struct,36
_RPC_HTTP_TRANSPORT_CREDENTIALS_W,struct,24
_RPC_IF_ID,struct,20
_RPC_MESSAGE,struct,44
_RPC_POLICY,struct,12
_RPC_PROTSEQ_ENDPOINT,struct,8
_RPC_PROTSEQ_VECTORA,struct,8
_RPC_PROTSEQ_VECTORW,struct,8
_RPC_SECURITY_QOS,struct,16
_RPC_SECURITY_QOS_V2_A,struct,24
_RPC_SECURITY_QOS_V2_W,struct,24
_RPC_SECURITY_QOS_V3_A,struct,28
_RPC_SECURITY_QOS_V3_W,struct,28
_RPC_SECURITY_QOS_V4_A,struct,32
_RPC_SECURITY_QOS_V4_W,struct,32
_RPC_SERVER_INTERFACE,struct,68
_RPC_SYNTAX_IDENTIFIER,struct,20
_RPC_TRANSFER_SYNTAX,struct,20
_RPC_VERSION,struct,4
_RSAPUBKEY,struct,12
_RTL_ACTIVATION_CONTEXT_STACK_FRAME,struct,1
_RTL_CONDITION_VARIABLE,struct,4
_RTL_CRITICAL_SECTION,struct,24
_RTL_CRITICAL_SECTION_DEBUG,struct,32
_RTL_RUN_ONCE,union,4
_RTL_SRWLOCK,struct,4
_RTL_USER_PROCESS_PARAMETERS,struct,1
_Range_checked_iterator_tag,struct,1
"_Ranit<AnimSprite_*,int,AnimSprite_*_const_*,AnimSprite_*_const_&>",struct,4
"_Ranit<Attachment_*,int,Attachment_*_const_*,Attachment_*_const_&>",struct,4
"_Ranit<BASE_STRUCT,int,BASE_STRUCT_const_*,BASE_STRUCT_const_&>",struct,4
"_Ranit<Craft_*,int,Craft_*_const_*,Craft_*_const_&>",struct,4
"_Ranit<DistributedObject_*,int,DistributedObject_*_const_*,DistributedObject_*_const_&>",struct,4
"_Ranit<ExplosionClass_*,int,ExplosionClass_*_const_*,ExplosionClass_*_const_&>",struct,4
"_Ranit<GameFeature_*,int,GameFeature_*_const_*,GameFeature_*_const_&>",struct,4
"_Ranit<GameObjectClass_*,int,GameObjectClass_*_const_*,GameObjectClass_*_const_&>",struct,4
"_Ranit<GameObject_*,int,GameObject_*_const_*,GameObject_*_const_&>",struct,4
"_Ranit<Geizer_*,int,Geizer_*_const_*,Geizer_*_const_&>",struct,4
"_Ranit<GridPoint,int,GridPoint_const_*,GridPoint_const_&>",struct,4
"_Ranit<ObjectClassInfo_*,int,ObjectClassInfo_*_const_*,ObjectClassInfo_*_const_&>",struct,4
"_Ranit<OrdnanceClass_*,int,OrdnanceClass_*_const_*,OrdnanceClass_*_const_&>",struct,4
"_Ranit<PathPoint,int,PathPoint_const_*,PathPoint_const_&>",struct,4
"_Ranit<Player_*,int,Player_*_const_*,Player_*_const_&>",struct,4
"_Ranit<PortData_*,int,PortData_*_const_*,PortData_*_const_&>",struct,4
"_Ranit<PowerPlant_*,int,PowerPlant_*_const_*,PowerPlant_*_const_&>",struct,4
"_Ranit<RadarItem,int,RadarItem_const_*,RadarItem_const_&>",struct,4
"_Ranit<Scanner_*,int,Scanner_*_const_*,Scanner_*_const_&>",struct,4
"_Ranit<ScorePlayer_*,int,ScorePlayer_*_const_*,ScorePlayer_*_const_&>",struct,4
"_Ranit<Scrap_*,int,Scrap_*_const_*,Scrap_*_const_&>",struct,4
"_Ranit<Server_*,int,Server_*_const_*,Server_*_const_&>",struct,4
"_Ranit<Session_*,int,Session_*_const_*,Session_*_const_&>",struct,4
"_Ranit<SpawnPoint_*,int,SpawnPoint_*_const_*,SpawnPoint_*_const_&>",struct,4
"_Ranit<Strip_*,int,Strip_*_const_*,Strip_*_const_&>",struct,4
"_Ranit<WeaponClass_*,int,WeaponClass_*_const_*,WeaponClass_*_const_&>",struct,4
"_Ranit<stdext::_Hash<stdext::_Hmap_traits<unsigned_int,ParameterDB::FileData_*,stdext::hash_compare<unsigned_int,std::less<unsigned_int>_>,std::allocator<std::pair<unsigned_int_const_,ParameterDB::FileData_*>_>,0>_>::_List_position,int,stdext::_Hash<stdext::_Hmap_traits<unsigned_int,ParameterDB::FileData_*,stdext::hash_compare<unsigned_int,std::less<unsigned_int>_>,std::allocator<std::pair<unsigned_int_const_,ParameterDB::FileData_*>_>,0>_>::_List_position_const_*,stdext::_Hash<stdext::_Hmap_traits<unsigned_int,ParameterDB::FileData_*,stdext::hash_compare<unsigned_int,std::less<unsigned_int>_>,std::allocator<std::pair<unsigned_int_const_,ParameterDB::FileData_*>_>,0>_>::_List_position_const_&>",struct,4
"_Ranit<stdext::_Hash<stdext::_Hmap_traits<unsigned_int,char_const_*,stdext::hash_compare<unsigned_int,std::less<unsigned_int>_>,std::allocator<std::pair<unsigned_int_const_,char_const_*>_>,0>_>::_List_position,int,stdext::_Hash<stdext::_Hmap_traits<unsigned_int,char_const_*,stdext::hash_compare<unsigned_int,std::less<unsigned_int>_>,std::allocator<std::pair<unsigned_int_const_,char_const_*>_>,0>_>::_List_position_const_*,stdext::_Hash<stdext::_Hmap_traits<unsigned_int,char_const_*,stdext::hash_compare<unsigned_int,std::less<unsigned_int>_>,std::allocator<std::pair<unsigned_int_const_,char_const_*>_>,0>_>::_List_position_const_&>",struct,4
"_Ranit<stdext::_Hash<stdext::_Hmap_traits<unsigned_int,stdext::hash_map<unsigned_int,char_const_*,stdext::hash_compare<unsigned_int,std::less<unsigned_int>_>,std::allocator<std::pair<unsigned_int_const_,char_const_*>_>_>,stdext::hash_compare<unsigned_int,std::less<unsigned_int>_>,std::allocator<std::pair<unsigned_int_const_,stdext::hash_map<unsigned_int,char_const_*,stdext::hash_compare<unsigned_int,std::less<unsigned_int>_>,std::allocator<std::pair<unsigned_int_const_,char_const_*>_>_>_>_>,0>_>::_List_position,int,stdext::_Hash<stdext::_Hmap_traits<unsigned_int,stdext::hash_map<unsigned_int,char_const_*,stdext::hash_compare<unsigned_int,std::less<unsigned_int>_>,std::allocator<std::pair<unsigned_int_const_,char_const_*>_>_>,stdext::hash_compare<unsigned_int,std::less<unsigned_int>_>,std::allocator<std::pair<unsigned_int_const_,stdext::hash_map<unsigned_int,char_const_*,stdext::hash_compare<unsigned_int,std::less<unsigned_int>_>,std::allocator<std::pair<unsigned_int_const_,char_const_*>_>_>_>_>,0>_>::_List_position_const_*,stdext::_Hash<stdext::_Hmap_traits<unsigned_int,stdext::hash_map<unsigned_int,char_const_*,stdext::hash_compare<unsigned_int,std::less<unsigned_int>_>,std::allocator<std::pair<unsigned_int_const_,char_const_*>_>_>,stdext::hash_compare<unsigned_int,std::less<unsigned_int>_>,std::allocator<std::pair<unsigned_int_const_,stdext::hash_map<unsigned_int,char_const_*,stdext::hash_compare<unsigned_int,std::less<unsigned_int>_>,std::allocator<std::pair<unsigned_int_const_,char_const_*>_>_>_>_>,0>_>::_List_position_const_&>",struct,4
"_Ranit<stdext::_Hash<stdext::_Hmap_traits<unsigned_long,float,stdext::hash_compare<unsigned_long,std::less<unsigned_long>_>,std::allocator<std::pair<unsigned_long_const_,float>_>,0>_>::_List_position,int,stdext::_Hash<stdext::_Hmap_traits<unsigned_long,float,stdext::hash_compare<unsigned_long,std::less<unsigned_long>_>,std::allocator<std::pair<unsigned_long_const_,float>_>,0>_>::_List_position_const_*,stdext::_Hash<stdext::_Hmap_traits<unsigned_long,float,stdext::hash_compare<unsigned_long,std::less<unsigned_long>_>,std::allocator<std::pair<unsigned_long_const_,float>_>,0>_>::_List_position_const_&>",struct,4
"_Ranit<stdext::_Hash<stdext::_Hmap_traits<unsigned_long,unsigned_long,stdext::hash_compare<unsigned_long,std::less<unsigned_long>_>,std::allocator<std::pair<unsigned_long_const_,unsigned_long>_>,0>_>::_List_position,int,stdext::_Hash<stdext::_Hmap_traits<unsigned_long,unsigned_long,stdext::hash_compare<unsigned_long,std::less<unsigned_long>_>,std::allocator<std::pair<unsigned_long_const_,unsigned_long>_>,0>_>::_List_position_const_*,stdext::_Hash<stdext::_Hmap_traits<unsigned_long,unsigned_long,stdext::hash_compare<unsigned_long,std::less<unsigned_long>_>,std::allocator<std::pair<unsigned_long_const_,unsigned_long>_>,0>_>::_List_position_const_&>",struct,4
"_Ranit_base<char,int,char_const_*,char_const_&,std::_Iterator_base_secure>",struct,4
_Ref<void>,struct,1
_Ref<void_const_>,struct,1
_Ref<void_const_volatile_>,struct,1
_Ref<void_volatile_>,struct,1
_Ref_count_base,struct,16
_RemotableHandle,struct,8
_SCARD_ATRMASK,struct,76
_SCARD_IO_REQUEST,struct,8
_SCHANNEL_ALG,struct,20
_SCONTEXT_QUEUE,struct,8
_SCONTEXT_QUEUE.conflict,struct,8
_SC_ACTION,struct,8
_SECURITY_ATTRIBUTES,struct,12
_SECURITY_DESCRIPTOR,struct,20
_SECURITY_DESCRIPTOR_RELATIVE,struct,20
_SECURITY_QUALITY_OF_SERVICE,struct,12
_SEC_WINNT_AUTH_IDENTITY_A,struct,28
_SEC_WINNT_AUTH_IDENTITY_W,struct,28
_SENDCMDINPARAMS,struct,33
_SENDCMDOUTPARAMS,struct,17
_SERVICE_CONTROL_STATUS_REASON_PARAMSA,struct,44
_SERVICE_CONTROL_STATUS_REASON_PARAMSW,struct,44
_SERVICE_CONTROL_STATUS_REASON_PARAMSW.conflict,struct,44
_SERVICE_DELAYED_AUTO_START_INFO,struct,4
_SERVICE_DESCRIPTIONA,struct,4
_SERVICE_DESCRIPTIONW,struct,4
_SERVICE_DESCRIPTIONW.conflict,struct,4
_SERVICE_FAILURE_ACTIONSA,struct,20
_SERVICE_FAILURE_ACTIONSW,struct,20
_SERVICE_FAILURE_ACTIONSW.conflict,struct,20
_SERVICE_FAILURE_ACTIONS_FLAG,struct,4
_SERVICE_NOTIFY_1,struct,52
_SERVICE_NOTIFY_2A,struct,60
_SERVICE_NOTIFY_2W,struct,60
_SERVICE_NOTIFY_2W.conflict,struct,60
_SERVICE_PRESHUTDOWN_INFO,struct,4
_SERVICE_REQUIRED_PRIVILEGES_INFOA,struct,4
_SERVICE_REQUIRED_PRIVILEGES_INFOW,struct,4
_SERVICE_REQUIRED_PRIVILEGES_INFOW.conflict,struct,4
_SERVICE_SID_INFO,struct,4
_SERVICE_STATUS,struct,28
_SERVICE_STATUS_PROCESS,struct,36
_SERVICE_TABLE_ENTRYA,struct,8
_SERVICE_TABLE_ENTRYW,struct,8
_SERVICE_TABLE_ENTRYW.conflict,struct,8
_SESSION_BUFFER,struct,36
_SESSION_HEADER,struct,4
_SET_PARTITION_INFORMATION,struct,1
_SET_PARTITION_INFORMATION_EX,struct,120
_SET_PARTITION_INFORMATION_EX_u_8,union,112
_SE_IMPERSONATION_STATE,struct,12
_SHCREATEPROCESSINFOW,struct,52
_SHELLEXECUTEINFOA,struct,60
_SHELLEXECUTEINFOA_u_52,union,4
_SHELLEXECUTEINFOW,struct,60
_SHELLEXECUTEINFOW_u_52,union,4
_SHFILEINFOA,struct,352
_SHFILEINFOW,struct,692
_SHFILEOPSTRUCTA,struct,30
_SHFILEOPSTRUCTW,struct,30
_SHITEMID,struct,3
_SHNAMEMAPPINGA,struct,16
_SHNAMEMAPPINGW,struct,16
_SHNAMEMAPPINGW.conflict,struct,16
_SHORT_SIZEDARR,struct,8
_SHQUERYRBINFO,struct,20
_SHRINK_VOLUME_INFORMATION,struct,24
_SHSTOCKICONINFO,struct,536
_SID,struct,12
_SID_AND_ATTRIBUTES,struct,8
_SID_AND_ATTRIBUTES_HASH,struct,136
_SID_IDENTIFIER_AUTHORITY,struct,6
_SINGLE_LIST_ENTRY,struct,4
_SI_COPYFILE,struct,16
_SLIST_HEADER,union,8
_SLIST_HEADER_s_1,struct,8
_SMALL_RECT,struct,8
_STARTUPINFOA,struct,68
_STARTUPINFOEXA,struct,72
_STARTUPINFOEXW,struct,72
_STARTUPINFOW,struct,68
_STARTUPINFOW.conflict,struct,68
_STGMEDIUM_UNION,struct,8
_STORAGE_ACCESS_ALIGNMENT_DESCRIPTOR,struct,28
_STORAGE_ADAPTER_DESCRIPTOR,struct,32
_STORAGE_ALLOCATE_BC_STREAM_INPUT,struct,24
_STORAGE_ALLOCATE_BC_STREAM_OUTPUT,struct,16
_STORAGE_BUS_RESET_REQUEST,struct,1
_STORAGE_DESCRIPTOR_HEADER,struct,8
_STORAGE_DEVICE_DESCRIPTOR,struct,40
_STORAGE_DEVICE_ID_DESCRIPTOR,struct,16
_STORAGE_DEVICE_NUMBER,struct,12
_STORAGE_GET_BC_PROPERTIES_OUTPUT,struct,32
_STORAGE_HOTPLUG_INFO,struct,8
_STORAGE_IDENTIFIER,struct,20
_STORAGE_MEDIA_SERIAL_NUMBER_DATA,struct,4
_STORAGE_MINIPORT_DESCRIPTOR,struct,16
_STORAGE_PREDICT_FAILURE,struct,516
_STORAGE_PRIORITY_HINT_SUPPORT,struct,4
_STORAGE_PROPERTY_QUERY,struct,12
_STORAGE_READ_CAPACITY,struct,32
_STORAGE_WRITE_CACHE_PROPERTY,struct,28
_SYSTEMTIME,struct,16
_SYSTEM_ALARM_ACE,struct,12
_SYSTEM_ALARM_CALLBACK_ACE,struct,12
_SYSTEM_ALARM_CALLBACK_OBJECT_ACE,struct,48
_SYSTEM_ALARM_OBJECT_ACE,struct,48
_SYSTEM_AUDIT_ACE,struct,12
_SYSTEM_AUDIT_CALLBACK_ACE,struct,12
_SYSTEM_AUDIT_CALLBACK_OBJECT_ACE,struct,48
_SYSTEM_AUDIT_OBJECT_ACE,struct,48
_SYSTEM_INFO,struct,36
_SYSTEM_INFO_u_0,union,4
_SYSTEM_INFO_u_0_s_1,struct,4
_SYSTEM_LOGICAL_PROCESSOR_INFORMATION,struct,24
_SYSTEM_LOGICAL_PROCESSOR_INFORMATION_u_8,union,16
_SYSTEM_MANDATORY_LABEL_ACE,struct,12
_SYSTEM_POWER_POLICY,struct,232
_SYSTEM_POWER_STATUS,struct,12
_Scalar_ptr_iterator_tag,struct,1
_Secure_char_traits_tag,struct,1
_Secure_validation_helper<1>,struct,1
_Static_tag,struct,1
_StrLookup,struct,8
_StrLookup.conflict,struct,8
_String_base,struct,1
"_String_const_iterator<char,std::char_traits<char>,std::allocator<char>_>",struct,8
"_String_const_iterator<wchar_t,std::char_traits<wchar_t>,std::allocator<wchar_t>_>",struct,1
"_String_iterator<char,std::char_traits<char>,std::allocator<char>_>",struct,1
"_String_iterator<wchar_t,std::char_traits<wchar_t>,std::allocator<wchar_t>_>",struct,1
"_String_val<char,std::allocator<char>_>",struct,1
"_String_val<wchar_t,std::allocator<wchar_t>_>",struct,1
_Swap_move_tag,struct,1
_TAPE_CREATE_PARTITION,struct,12
_TAPE_ERASE,struct,8
_TAPE_GET_DRIVE_PARAMETERS,struct,32
_TAPE_GET_MEDIA_PARAMETERS,struct,32
_TAPE_GET_POSITION,struct,16
_TAPE_GET_STATISTICS,struct,4
_TAPE_PREPARE,struct,8
_TAPE_SET_DRIVE_PARAMETERS,struct,8
_TAPE_SET_MEDIA_PARAMETERS,struct,4
_TAPE_SET_POSITION,struct,24
_TAPE_STATISTICS,struct,48
_TAPE_WMI_OPERATIONS,struct,12
_TAPE_WRITE_MARKS,struct,12
_TEB,struct,4024
_TEB_ACTIVE_FRAME,struct,12
_TEB_ACTIVE_FRAME_CONTEXT,struct,8
_TIME_DYNAMIC_ZONE_INFORMATION,struct,432
_TIME_ZONE_INFORMATION,struct,172
_TOKEN_ACCESS_INFORMATION,struct,36
_TOKEN_AUDIT_POLICY,struct,26
_TOKEN_CONTROL,struct,40
_TOKEN_DEFAULT_DACL,struct,4
_TOKEN_ELEVATION,struct,4
_TOKEN_GROUPS,struct,12
_TOKEN_GROUPS_AND_PRIVILEGES,struct,44
_TOKEN_LINKED_TOKEN,struct,4
_TOKEN_MANDATORY_LABEL,struct,8
_TOKEN_MANDATORY_POLICY,struct,4
_TOKEN_ORIGIN,struct,8
_TOKEN_OWNER,struct,4
_TOKEN_PRIMARY_GROUP,struct,4
_TOKEN_PRIVILEGES,struct,16
_TOKEN_SOURCE,struct,16
_TOKEN_STATISTICS,struct,56
_TOKEN_USER,struct,8
_TP_CALLBACK_ENVIRON,struct,32
_TP_CALLBACK_ENVIRON_V1,struct,32
_TP_CALLBACK_INSTANCE,struct,1
_TP_CLEANUP_GROUP,struct,1
_TP_IO,struct,1
_TP_POOL,struct,1
_TP_TIMER,struct,1
_TP_WAIT,struct,1
_TP_WORK,struct,1
_TRANSACTIONMANAGER_BASIC_INFORMATION,struct,24
_TRANSACTIONMANAGER_LOGPATH_INFORMATION,struct,8
_TRANSACTIONMANAGER_LOG_INFORMATION,struct,16
_TRANSACTION_BASIC_INFORMATION,struct,24
_TRANSACTION_BIND_INFORMATION,struct,4
_TRANSACTION_ENLISTMENTS_INFORMATION,struct,36
_TRANSACTION_ENLISTMENT_PAIR,struct,32
_TRANSACTION_FULL_INFORMATION,struct,4
_TRANSACTION_LIST_ENTRY,struct,16
_TRANSACTION_LIST_INFORMATION,struct,20
_TRANSACTION_NAME_INFORMATION,struct,8
_TRANSACTION_NOTIFICATION,struct,24
_TRANSACTION_NOTIFICATION_MARSHAL_ARGUMENT,struct,20
_TRANSACTION_NOTIFICATION_PROPAGATE_ARGUMENT,struct,40
_TRANSACTION_NOTIFICATION_RECOVERY_ARGUMENT,struct,32
_TRANSACTION_NOTIFICATION_SAVEPOINT_ARGUMENT,struct,4
_TRANSACTION_PROPERTIES_INFORMATION,struct,32
_TRANSMIT_FILE_BUFFERS,struct,16
_TRIVERTEX,struct,16
_TXFS_CREATE_MINIVERSION_INFO,struct,12
_TXFS_GET_METADATA_INFO_OUT,struct,48
_TXFS_GET_TRANSACTED_VERSION,struct,16
_TXFS_LIST_TRANSACTIONS,struct,16
_TXFS_LIST_TRANSACTIONS_ENTRY,struct,40
_TXFS_LIST_TRANSACTION_LOCKED_FILES,struct,40
_TXFS_LIST_TRANSACTION_LOCKED_FILES_ENTRY,struct,48
_TXFS_MODIFY_RM,struct,40
_TXFS_QUERY_RM_INFORMATION,struct,176
_TXFS_READ_BACKUP_INFORMATION_OUT,struct,4
_TXFS_READ_BACKUP_INFORMATION_OUT_u_0,union,4
_TXFS_ROLLFORWARD_REDO_INFORMATION,struct,32
_TXFS_START_RM_INFORMATION,struct,48
_TXFS_TRANSACTION_ACTIVE_INFO,struct,1
_TXFS_WRITE_BACKUP_INFORMATION,struct,1
"_Tmap_traits<GameObject_*,Area,std::less<GameObject_*>,std::allocator<std::pair<GameObject_*_const,Area>_>,0>",struct,12
"_Tmap_traits<std::pair<unsigned_short,unsigned_short>,Ordnance_*,std::less<std::pair<unsigned_short,unsigned_short>_>,std::allocator<std::pair<std::pair<unsigned_short,unsigned_short>_const_,Ordnance_*>_>,0>",struct,12
"_Tmap_traits<unsigned_long,DistributedObject_*,std::less<unsigned_long>,std::allocator<std::pair<unsigned_long_const_,DistributedObject_*>_>,0>",struct,12
"_Tmap_traits<unsigned_short,NetPlayer_*,std::less<unsigned_short>,std::allocator<std::pair<unsigned_short_const_,NetPlayer_*>_>,0>",struct,12
_ToBeSent,struct,8
_TrainingMission,struct,1024
"_Tree<std::_Tmap_traits<GameObject_*,Area,std::less<GameObject_*>,std::allocator<std::pair<GameObject_*_const,Area>_>,0>_>",struct,32
"_Tree<std::_Tmap_traits<std::pair<unsigned_short,unsigned_short>,Ordnance_*,std::less<std::pair<unsigned_short,unsigned_short>_>,std::allocator<std::pair<std::pair<unsigned_short,unsigned_short>_const_,Ordnance_*>_>,0>_>",struct,32
"_Tree<std::_Tmap_traits<unsigned_long,DistributedObject_*,std::less<unsigned_long>,std::allocator<std::pair<unsigned_long_const_,DistributedObject_*>_>,0>_>",struct,32
"_Tree<std::_Tmap_traits<unsigned_short,NetPlayer_*,std::less<unsigned_short>,std::allocator<std::pair<unsigned_short_const_,NetPlayer_*>_>,0>_>",struct,32
"_Tree<std::_Tset_traits<ShortPath::OpenList::OpenNode,ShortPath::OpenList::OpenNodeLT,std::allocator<ShortPath::OpenList::OpenNode>,1>_>",struct,32
"_Tree_nod<std::_Tmap_traits<GameObject_*,Area,std::less<GameObject_*>,std::allocator<std::pair<GameObject_*_const,Area>_>,0>_>",struct,16
"_Tree_nod<std::_Tmap_traits<std::pair<unsigned_short,unsigned_short>,Ordnance_*,std::less<std::pair<unsigned_short,unsigned_short>_>,std::allocator<std::pair<std::pair<unsigned_short,unsigned_short>_const_,Ordnance_*>_>,0>_>",struct,16
"_Tree_nod<std::_Tmap_traits<unsigned_long,DistributedObject_*,std::less<unsigned_long>,std::allocator<std::pair<unsigned_long_const_,DistributedObject_*>_>,0>_>",struct,16
"_Tree_nod<std::_Tmap_traits<unsigned_short,NetPlayer_*,std::less<unsigned_short>,std::allocator<std::pair<unsigned_short_const_,NetPlayer_*>_>,0>_>",struct,16
"_Tree_nod<std::_Tset_traits<ShortPath::OpenList::OpenNode,ShortPath::OpenList::OpenNodeLT,std::allocator<ShortPath::OpenList::OpenNode>,1>_>",struct,16
"_Tree_ptr<std::_Tmap_traits<GameObject_*,Area,std::less<GameObject_*>,std::allocator<std::pair<GameObject_*_const,Area>_>,0>_>",struct,20
"_Tree_ptr<std::_Tmap_traits<std::pair<unsigned_short,unsigned_short>,Ordnance_*,std::less<std::pair<unsigned_short,unsigned_short>_>,std::allocator<std::pair<std::pair<unsigned_short,unsigned_short>_const_,Ordnance_*>_>,0>_>",struct,20
"_Tree_ptr<std::_Tmap_traits<unsigned_long,DistributedObject_*,std::less<unsigned_long>,std::allocator<std::pair<unsigned_long_const_,DistributedObject_*>_>,0>_>",struct,20
"_Tree_ptr<std::_Tmap_traits<unsigned_short,NetPlayer_*,std::less<unsigned_short>,std::allocator<std::pair<unsigned_short_const_,NetPlayer_*>_>,0>_>",struct,20
"_Tree_ptr<std::_Tset_traits<ShortPath::OpenList::OpenNode,ShortPath::OpenList::OpenNodeLT,std::allocator<ShortPath::OpenList::OpenNode>,1>_>",struct,20
"_Tree_val<std::_Tmap_traits<GameObject_*,Area,std::less<GameObject_*>,std::allocator<std::pair<GameObject_*_const,Area>_>,0>_>",struct,24
"_Tree_val<std::_Tmap_traits<std::pair<unsigned_short,unsigned_short>,Ordnance_*,std::less<std::pair<unsigned_short,unsigned_short>_>,std::allocator<std::pair<std::pair<unsigned_short,unsigned_short>_const_,Ordnance_*>_>,0>_>",struct,24
"_Tree_val<std::_Tmap_traits<unsigned_long,DistributedObject_*,std::less<unsigned_long>,std::allocator<std::pair<unsigned_long_const_,DistributedObject_*>_>,0>_>",struct,24
"_Tree_val<std::_Tmap_traits<unsigned_short,NetPlayer_*,std::less<unsigned_short>,std::allocator<std::pair<unsigned_short_const_,NetPlayer_*>_>,0>_>",struct,24
"_Tree_val<std::_Tset_traits<ShortPath::OpenList::OpenNode,ShortPath::OpenList::OpenNodeLT,std::allocator<ShortPath::OpenList::OpenNode>,1>_>",struct,24
"_Tset_traits<ShortPath::OpenList::OpenNode,ShortPath::OpenList::OpenNodeLT,std::allocator<ShortPath::OpenList::OpenNode>,1>",struct,12
_TypeDescriptor,struct,8
_ULARGE_INTEGER,union,8
_ULARGE_INTEGER_s_0,struct,8
_UNICODE_STRING,struct,8
_UNIVERSAL_NAME_INFOA,struct,4
_UNIVERSAL_NAME_INFOW,struct,4
_UNIVERSAL_NAME_INFOW.conflict,struct,4
_UNLOAD_DLL_DEBUG_INFO,struct,4
_USAMission,struct,1028
_USER_MARSHAL_CB,struct,28
_USER_MARSHAL_ROUTINE_QUADRUPLE,struct,16
_USSRMission,struct,1028
_UUID_VECTOR,struct,8
_Unchanged_checked_iterator_base_type_tag,struct,1
_Unchecked_iterator_tag,struct,1
_Undefined_inner_type_tag,struct,1
_Undefined_move_tag,struct,1
_Unsecure_char_traits_tag,struct,1
_VERIFY_INFORMATION,struct,16
_VIDEOPARAMETERS,struct,356
_VOLUME_COMPRESSION_STATE,struct,1
_VOLUME_DISK_EXTENTS,struct,32
"_Vector_const_iterator<AnimSprite_*,std::allocator<AnimSprite_*>_>",struct,8
"_Vector_const_iterator<Attachment_*,std::allocator<Attachment_*>_>",struct,8
"_Vector_const_iterator<Craft_*,std::allocator<Craft_*>_>",struct,8
"_Vector_const_iterator<DistributedObject_*,std::allocator<DistributedObject_*>_>",struct,8
"_Vector_const_iterator<ExplosionClass_*,std::allocator<ExplosionClass_*>_>",struct,8
"_Vector_const_iterator<GameFeature_*,std::allocator<GameFeature_*>_>",struct,8
"_Vector_const_iterator<GameObjectClass_*,std::allocator<GameObjectClass_*>_>",struct,8
"_Vector_const_iterator<GameObject_*,std::allocator<GameObject_*>_>",struct,8
"_Vector_const_iterator<Geizer_*,std::allocator<Geizer_*>_>",struct,8
"_Vector_const_iterator<GridPoint,std::allocator<GridPoint>_>",struct,8
"_Vector_const_iterator<ObjectClassInfo_*,std::allocator<ObjectClassInfo_*>_>",struct,8
"_Vector_const_iterator<OrdnanceClass_*,std::allocator<OrdnanceClass_*>_>",struct,8
"_Vector_const_iterator<PathPoint,std::allocator<PathPoint>_>",struct,8
"_Vector_const_iterator<Player_*,std::allocator<Player_*>_>",struct,8
"_Vector_const_iterator<PortData_*,std::allocator<PortData_*>_>",struct,8
"_Vector_const_iterator<PowerPlant_*,std::allocator<PowerPlant_*>_>",struct,8
"_Vector_const_iterator<RadarItem,std::allocator<RadarItem>_>",struct,8
"_Vector_const_iterator<Scanner_*,std::allocator<Scanner_*>_>",struct,8
"_Vector_const_iterator<ScorePlayer_*,std::allocator<ScorePlayer_*>_>",struct,8
"_Vector_const_iterator<Scrap_*,std::allocator<Scrap_*>_>",struct,8
"_Vector_const_iterator<Server_*,std::allocator<Server_*>_>",struct,8
"_Vector_const_iterator<Session_*,std::allocator<Session_*>_>",struct,8
"_Vector_const_iterator<SpawnPoint_*,std::allocator<SpawnPoint_*>_>",struct,8
"_Vector_const_iterator<Strip_*,std::allocator<Strip_*>_>",struct,8
"_Vector_const_iterator<WeaponClass_*,std::allocator<WeaponClass_*>_>",struct,8
"_Vector_const_iterator<stdext::_Hash<stdext::_Hmap_traits<unsigned_int,ParameterDB::FileData_*,stdext::hash_compare<unsigned_int,std::less<unsigned_int>_>,std::allocator<std::pair<unsigned_int_const_,ParameterDB::FileData_*>_>,0>_>::_List_position,std::allocator<stdext::_Hash<stdext::_Hmap_traits<unsigned_int,ParameterDB::FileData_*,stdext::hash_compare<unsigned_int,std::less<unsigned_int>_>,std::allocator<std::pair<unsigned_int_const_,ParameterDB::FileData_*>_>,0>_>::_List_position>_>",struct,8
"_Vector_const_iterator<stdext::_Hash<stdext::_Hmap_traits<unsigned_int,char_const_*,stdext::hash_compare<unsigned_int,std::less<unsigned_int>_>,std::allocator<std::pair<unsigned_int_const_,char_const_*>_>,0>_>::_List_position,std::allocator<stdext::_Hash<stdext::_Hmap_traits<unsigned_int,char_const_*,stdext::hash_compare<unsigned_int,std::less<unsigned_int>_>,std::allocator<std::pair<unsigned_int_const_,char_const_*>_>,0>_>::_List_position>_>",struct,8
"_Vector_const_iterator<stdext::_Hash<stdext::_Hmap_traits<unsigned_int,stdext::hash_map<unsigned_int,char_const_*,stdext::hash_compare<unsigned_int,std::less<unsigned_int>_>,std::allocator<std::pair<unsigned_int_const_,char_const_*>_>_>,stdext::hash_compare<unsigned_int,std::less<unsigned_int>_>,std::allocator<std::pair<unsigned_int_const_,stdext::hash_map<unsigned_int,char_const_*,stdext::hash_compare<unsigned_int,std::less<unsigned_int>_>,std::allocator<std::pair<unsigned_int_const_,char_const_*>_>_>_>_>,0>_>::_List_position,std::allocator<stdext::_Hash<stdext::_Hmap_traits<unsigned_int,stdext::hash_map<unsigned_int,char_const_*,stdext::hash_compare<unsigned_int,std::less<unsigned_int>_>,std::allocator<std::pair<unsigned_int_const_,char_const_*>_>_>,stdext::hash_compare<unsigned_int,std::less<unsigned_int>_>,std::allocator<std::pair<unsigned_int_const_,stdext::hash_map<unsigned_int,char_const_*,stdext::hash_compare<unsigned_int,std::less<unsigned_int>_>,std::allocator<std::pair<unsigned_int_const_,char_const_*>_>_>_>_>,0>_>::_List_position>_>",struct,8
"_Vector_const_iterator<stdext::_Hash<stdext::_Hmap_traits<unsigned_long,float,stdext::hash_compare<unsigned_long,std::less<unsigned_long>_>,std::allocator<std::pair<unsigned_long_const_,float>_>,0>_>::_List_position,std::allocator<stdext::_Hash<stdext::_Hmap_traits<unsigned_long,float,stdext::hash_compare<unsigned_long,std::less<unsigned_long>_>,std::allocator<std::pair<unsigned_long_const_,float>_>,0>_>::_List_position>_>",struct,8
"_Vector_const_iterator<stdext::_Hash<stdext::_Hmap_traits<unsigned_long,unsigned_long,stdext::hash_compare<unsigned_long,std::less<unsigned_long>_>,std::allocator<std::pair<unsigned_long_const_,unsigned_long>_>,0>_>::_List_position,std::allocator<stdext::_Hash<stdext::_Hmap_traits<unsigned_long,unsigned_long,stdext::hash_compare<unsigned_long,std::less<unsigned_long>_>,std::allocator<std::pair<unsigned_long_const_,unsigned_long>_>,0>_>::_List_position>_>",struct,8
"_Vector_iterator<AnimSprite_*,std::allocator<AnimSprite_*>_>",struct,8
"_Vector_iterator<Attachment_*,std::allocator<Attachment_*>_>",struct,8
"_Vector_iterator<Craft_*,std::allocator<Craft_*>_>",struct,8
"_Vector_iterator<DistributedObject_*,std::allocator<DistributedObject_*>_>",struct,8
"_Vector_iterator<ExplosionClass_*,std::allocator<ExplosionClass_*>_>",struct,8
"_Vector_iterator<GameFeature_*,std::allocator<GameFeature_*>_>",struct,8
"_Vector_iterator<GameObjectClass_*,std::allocator<GameObjectClass_*>_>",struct,8
"_Vector_iterator<GameObject_*,std::allocator<GameObject_*>_>",struct,8
"_Vector_iterator<Geizer_*,std::allocator<Geizer_*>_>",struct,8
"_Vector_iterator<GridPoint,std::allocator<GridPoint>_>",struct,8
"_Vector_iterator<ObjectClassInfo_*,std::allocator<ObjectClassInfo_*>_>",struct,8
"_Vector_iterator<OrdnanceClass_*,std::allocator<OrdnanceClass_*>_>",struct,8
"_Vector_iterator<PathPoint,std::allocator<PathPoint>_>",struct,8
"_Vector_iterator<Player_*,std::allocator<Player_*>_>",struct,8
"_Vector_iterator<PortData_*,std::allocator<PortData_*>_>",struct,8
"_Vector_iterator<PowerPlant_*,std::allocator<PowerPlant_*>_>",struct,8
"_Vector_iterator<RadarItem,std::allocator<RadarItem>_>",struct,8
"_Vector_iterator<Scanner_*,std::allocator<Scanner_*>_>",struct,8
"_Vector_iterator<ScorePlayer_*,std::allocator<ScorePlayer_*>_>",struct,8
"_Vector_iterator<Scrap_*,std::allocator<Scrap_*>_>",struct,8
"_Vector_iterator<Server_*,std::allocator<Server_*>_>",struct,8
"_Vector_iterator<Session_*,std::allocator<Session_*>_>",struct,8
"_Vector_iterator<SpawnPoint_*,std::allocator<SpawnPoint_*>_>",struct,8
"_Vector_iterator<Strip_*,std::allocator<Strip_*>_>",struct,8
"_Vector_iterator<WeaponClass_*,std::allocator<WeaponClass_*>_>",struct,8
"_Vector_iterator<stdext::_Hash<stdext::_Hmap_traits<unsigned_int,ParameterDB::FileData_*,stdext::hash_compare<unsigned_int,std::less<unsigned_int>_>,std::allocator<std::pair<unsigned_int_const_,ParameterDB::FileData_*>_>,0>_>::_List_position,std::allocator<stdext::_Hash<stdext::_Hmap_traits<unsigned_int,ParameterDB::FileData_*,stdext::hash_compare<unsigned_int,std::less<unsigned_int>_>,std::allocator<std::pair<unsigned_int_const_,ParameterDB::FileData_*>_>,0>_>::_List_position>_>",struct,8
"_Vector_iterator<stdext::_Hash<stdext::_Hmap_traits<unsigned_int,char_const_*,stdext::hash_compare<unsigned_int,std::less<unsigned_int>_>,std::allocator<std::pair<unsigned_int_const_,char_const_*>_>,0>_>::_List_position,std::allocator<stdext::_Hash<stdext::_Hmap_traits<unsigned_int,char_const_*,stdext::hash_compare<unsigned_int,std::less<unsigned_int>_>,std::allocator<std::pair<unsigned_int_const_,char_const_*>_>,0>_>::_List_position>_>",struct,8
"_Vector_iterator<stdext::_Hash<stdext::_Hmap_traits<unsigned_int,stdext::hash_map<unsigned_int,char_const_*,stdext::hash_compare<unsigned_int,std::less<unsigned_int>_>,std::allocator<std::pair<unsigned_int_const_,char_const_*>_>_>,stdext::hash_compare<unsigned_int,std::less<unsigned_int>_>,std::allocator<std::pair<unsigned_int_const_,stdext::hash_map<unsigned_int,char_const_*,stdext::hash_compare<unsigned_int,std::less<unsigned_int>_>,std::allocator<std::pair<unsigned_int_const_,char_const_*>_>_>_>_>,0>_>::_List_position,std::allocator<stdext::_Hash<stdext::_Hmap_traits<unsigned_int,stdext::hash_map<unsigned_int,char_const_*,stdext::hash_compare<unsigned_int,std::less<unsigned_int>_>,std::allocator<std::pair<unsigned_int_const_,char_const_*>_>_>,stdext::hash_compare<unsigned_int,std::less<unsigned_int>_>,std::allocator<std::pair<unsigned_int_const_,stdext::hash_map<unsigned_int,char_const_*,stdext::hash_compare<unsigned_int,std::less<unsigned_int>_>,std::allocator<std::pair<unsigned_int_const_,char_const_*>_>_>_>_>,0>_>::_List_position>_>",struct,8
"_Vector_iterator<stdext::_Hash<stdext::_Hmap_traits<unsigned_long,float,stdext::hash_compare<unsigned_long,std::less<unsigned_long>_>,std::allocator<std::pair<unsigned_long_const_,float>_>,0>_>::_List_position,std::allocator<stdext::_Hash<stdext::_Hmap_traits<unsigned_long,float,stdext::hash_compare<unsigned_long,std::less<unsigned_long>_>,std::allocator<std::pair<unsigned_long_const_,float>_>,0>_>::_List_position>_>",struct,8
"_Vector_iterator<stdext::_Hash<stdext::_Hmap_traits<unsigned_long,unsigned_long,stdext::hash_compare<unsigned_long,std::less<unsigned_long>_>,std::allocator<std::pair<unsigned_long_const_,unsigned_long>_>,0>_>::_List_position,std::allocator<stdext::_Hash<stdext::_Hmap_traits<unsigned_long,unsigned_long,stdext::hash_compare<unsigned_long,std::less<unsigned_long>_>,std::allocator<std::pair<unsigned_long_const_,unsigned_long>_>,0>_>::_List_position>_>",struct,8
"_Vector_val<AnimSprite_*,std::allocator<AnimSprite_*>_>",struct,12
"_Vector_val<Attachment_*,std::allocator<Attachment_*>_>",struct,12
"_Vector_val<Craft_*,std::allocator<Craft_*>_>",struct,12
"_Vector_val<DistributedObject_*,std::allocator<DistributedObject_*>_>",struct,12
"_Vector_val<ExplosionClass_*,std::allocator<ExplosionClass_*>_>",struct,12
"_Vector_val<GameFeature_*,std::allocator<GameFeature_*>_>",struct,12
"_Vector_val<GameObjectClass_*,std::allocator<GameObjectClass_*>_>",struct,12
"_Vector_val<GameObject_*,std::allocator<GameObject_*>_>",struct,12
"_Vector_val<Geizer_*,std::allocator<Geizer_*>_>",struct,12
"_Vector_val<GridPoint,std::allocator<GridPoint>_>",struct,12
"_Vector_val<ObjectClassInfo_*,std::allocator<ObjectClassInfo_*>_>",struct,12
"_Vector_val<OrdnanceClass_*,std::allocator<OrdnanceClass_*>_>",struct,12
"_Vector_val<PathPoint,std::allocator<PathPoint>_>",struct,12
"_Vector_val<Player_*,std::allocator<Player_*>_>",struct,12
"_Vector_val<PortData_*,std::allocator<PortData_*>_>",struct,12
"_Vector_val<PowerPlant_*,std::allocator<PowerPlant_*>_>",struct,12
"_Vector_val<RadarItem,std::allocator<RadarItem>_>",struct,12
"_Vector_val<Scanner_*,std::allocator<Scanner_*>_>",struct,12
"_Vector_val<ScorePlayer_*,std::allocator<ScorePlayer_*>_>",struct,12
"_Vector_val<Scrap_*,std::allocator<Scrap_*>_>",struct,12
"_Vector_val<Server_*,std::allocator<Server_*>_>",struct,12
"_Vector_val<Session_*,std::allocator<Session_*>_>",struct,12
"_Vector_val<SpawnPoint_*,std::allocator<SpawnPoint_*>_>",struct,12
"_Vector_val<Strip_*,std::allocator<Strip_*>_>",struct,12
"_Vector_val<WeaponClass_*,std::allocator<WeaponClass_*>_>",struct,12
"_Vector_val<stdext::_Hash<stdext::_Hmap_traits<unsigned_int,ParameterDB::FileData_*,stdext::hash_compare<unsigned_int,std::less<unsigned_int>_>,std::allocator<std::pair<unsigned_int_const_,ParameterDB::FileData_*>_>,0>_>::_List_position,std::allocator<stdext::_Hash<stdext::_Hmap_traits<unsigned_int,ParameterDB::FileData_*,stdext::hash_compare<unsigned_int,std::less<unsigned_int>_>,std::allocator<std::pair<unsigned_int_const_,ParameterDB::FileData_*>_>,0>_>::_List_position>_>",struct,12
"_Vector_val<stdext::_Hash<stdext::_Hmap_traits<unsigned_int,char_const_*,stdext::hash_compare<unsigned_int,std::less<unsigned_int>_>,std::allocator<std::pair<unsigned_int_const_,char_const_*>_>,0>_>::_List_position,std::allocator<stdext::_Hash<stdext::_Hmap_traits<unsigned_int,char_const_*,stdext::hash_compare<unsigned_int,std::less<unsigned_int>_>,std::allocator<std::pair<unsigned_int_const_,char_const_*>_>,0>_>::_List_position>_>",struct,12
"_Vector_val<stdext::_Hash<stdext::_Hmap_traits<unsigned_int,stdext::hash_map<unsigned_int,char_const_*,stdext::hash_compare<unsigned_int,std::less<unsigned_int>_>,std::allocator<std::pair<unsigned_int_const_,char_const_*>_>_>,stdext::hash_compare<unsigned_int,std::less<unsigned_int>_>,std::allocator<std::pair<unsigned_int_const_,stdext::hash_map<unsigned_int,char_const_*,stdext::hash_compare<unsigned_int,std::less<unsigned_int>_>,std::allocator<std::pair<unsigned_int_const_,char_const_*>_>_>_>_>,0>_>::_List_position,std::allocator<stdext::_Hash<stdext::_Hmap_traits<unsigned_int,stdext::hash_map<unsigned_int,char_const_*,stdext::hash_compare<unsigned_int,std::less<unsigned_int>_>,std::allocator<std::pair<unsigned_int_const_,char_const_*>_>_>,stdext::hash_compare<unsigned_int,std::less<unsigned_int>_>,std::allocator<std::pair<unsigned_int_const_,stdext::hash_map<unsigned_int,char_const_*,stdext::hash_compare<unsigned_int,std::less<unsigned_int>_>,std::allocator<std::pair<unsigned_int_const_,char_const_*>_>_>_>_>,0>_>::_List_position>_>",struct,12
"_Vector_val<stdext::_Hash<stdext::_Hmap_traits<unsigned_long,float,stdext::hash_compare<unsigned_long,std::less<unsigned_long>_>,std::allocator<std::pair<unsigned_long_const_,float>_>,0>_>::_List_position,std::allocator<stdext::_Hash<stdext::_Hmap_traits<unsigned_long,float,stdext::hash_compare<unsigned_long,std::less<unsigned_long>_>,std::allocator<std::pair<unsigned_long_const_,float>_>,0>_>::_List_position>_>",struct,12
"_Vector_val<stdext::_Hash<stdext::_Hmap_traits<unsigned_long,unsigned_long,stdext::hash_compare<unsigned_long,std::less<unsigned_long>_>,std::allocator<std::pair<unsigned_long_const_,unsigned_long>_>,0>_>::_List_position,std::allocator<stdext::_Hash<stdext::_Hmap_traits<unsigned_long,unsigned_long,stdext::hash_compare<unsigned_long,std::less<unsigned_long>_>,std::allocator<std::pair<unsigned_long_const_,unsigned_long>_>,0>_>::_List_position>_>",struct,12
_WGLSWAP,struct,8
_WIN32_FILE_ATTRIBUTE_DATA,struct,36
_WIN32_FIND_DATAA,struct,320
_WIN32_FIND_DATAW,struct,592
_WIN32_FIND_STREAM_DATA,struct,600
_WIN32_STREAM_ID,struct,24
_WINDOW_BUFFER_SIZE_RECORD,struct,4
_WORD_BLOB,struct,8
_WOW64_CONTEXT,struct,716
_WOW64_FLOATING_SAVE_AREA,struct,112
_Wx86ThreadState,struct,12
_XMIT_ROUTINE_QUINTUPLE,struct,16
_ZONEATTRIBUTES,struct,1460
_ZSORTING,struct,28
_ZSORTINGAMOUNT,struct,12
__BCRYPT_KEY_LENGTHS_STRUCT,struct,12
__GENERIC_BINDING_INFO,struct,16
__MIDL_IAdviseSink_0002,union,4
__MIDL_IAdviseSink_0003,union,4
__MIDL_IOleAutomationTypes_0001,union,24
__MIDL_IWinTypes_0001,union,4
__MIDL_IWinTypes_0002,union,4
__MIDL_IWinTypes_0003,union,8
__MIDL_IWinTypes_0004,union,8
__MIDL_IWinTypes_0005,union,8
__MIDL_IWinTypes_0006,union,8
__MIDL_IWinTypes_0007,union,8
__MIDL_IWinTypes_0008,union,8
__MIDL_IWinTypes_0009,union,4
__MIDL___MIDL_itf_wtypes_0000_0001_0001,struct,36
__MIDL___MIDL_itf_wtypes_0000_0001_0001.conflict,struct,36
__MIDL___MIDL_itf_wtypes_0000_0001_0005,union,32
__NCRYPT_SUPPORTED_LENGTHS,struct,16
__NCRYPT_UI_POLICY,struct,20
__NCRYPT_UI_POLICY_BLOB,struct,20
__lc_time_data,struct,1
__m128,union,16
__m64,union,8
__non_rtti_object,struct,8
__s_GUID,struct,16
__timeb64,struct,16
__type_info_node,struct,8
_cb_queue,struct,36
_charformat,struct,60
_clsn_poly,struct,24
_coloring_point,struct,8
_complex,struct,16
_cpinfo,struct,20
_cpinfoexA,struct,284
_cpinfoexW,struct,544
_currencyfmtA,struct,32
_currencyfmtW,struct,32
_currencyfmtW.conflict,struct,32
_devicemodeA,struct,156
_devicemodeA_u_116,union,4
_devicemodeA_u_44,union,16
_devicemodeA_u_44_s_0,struct,16
_devicemodeA_u_44_s_1,struct,16
_devicemodeW,struct,220
_devicemodeW_u_180,union,4
_devicemodeW_u_76,union,16
_devicemodeW_u_76_s_0,struct,16
_devicemodeW_u_76_s_1,struct,16
_displayelement,struct,4
_div_t,struct,8
_domain,struct,36
_exception,struct,32
_field_def,struct,16
_floor_geom,struct,28
_gas_object,struct,132
_heapinfo,struct,12
_iobuf,struct,32
_ldiv_t,struct,8
_lldiv_t,struct,16
_loaded_aip,struct,20
_menu,struct,152
_menu_info,struct,260
_menu_item,struct,60
_nlsversioninfo,struct,12
_nlsversioninfoex,struct,32
_numberfmtA,struct,24
_numberfmtW,struct,24
_numberfmtW.conflict,struct,24
_remoteMETAFILEPICT,struct,16
_s,struct,20
_s_CatchableType,struct,28
_s_CatchableTypeArray,struct,4
_s_ThrowInfo,struct,16
_s__CatchableType,struct,28
_s__CatchableTypeArray,struct,4
_s__RTTIBaseClassArray,struct,1
_s__RTTIBaseClassDescriptor2,struct,28
_s__RTTIClassHierarchyDescriptor,struct,16
_s__RTTICompleteObjectLocator,struct,20
_s__ThrowInfo,struct,16
_startupinfo,struct,4
_stat32,struct,36
_stat32i64,struct,48
_stat64,struct,56
_stat64i32,struct,48
_struct_19,struct,8
_struct_20,struct,8
_struct_519,struct,8
_struct_531,struct,4
_struct_list_element,struct,16
_tagBINDINFO,struct,84
_tagBINDINFO.conflict,struct,84
_tagCODEBASEHOLD,struct,24
_tagCODEBASEHOLD.conflict,struct,24
_tagDATAINFO,struct,16
_tagGIDDI_DRIVER,struct,32
_tagHIT_LOGGING_INFO,struct,44
_tagPROTOCOLDATA,struct,16
_tagPROTOCOLFILTERDATA,struct,20
_tagRemBINDINFO,struct,72
_tagRemBINDINFO.conflict,struct,72
_tagSOFTDISTINFO,struct,52
_tagSOFTDISTINFO.conflict,struct,52
_tagStartParam,struct,24
_tagpropertykey,struct,20
_texcache,struct,36
_union_518,union,8
_union_530,union,4
_userBITMAP,struct,28
_userCLIPFORMAT,struct,8
_userCLIPFORMAT.conflict,struct,8
_userFLAG_STGMEDIUM,struct,12
_userFLAG_STGMEDIUM.conflict,struct,20
_userHBITMAP,struct,16
_userHENHMETAFILE,struct,16
_userHGLOBAL,struct,16
_userHMETAFILE,struct,16
_userHMETAFILEPICT,struct,16
_userHPALETTE,struct,16
_userSTGMEDIUM,struct,4
_userSTGMEDIUM.conflict,struct,12
_variable_struct,struct,40
_wfinddata32_t,struct,540
_wfinddata32i64_t,struct,544
_wfinddata64_t,struct,560
_wfinddata64i32_t,struct,560
_wireBRECORD,struct,16
_wireSAFEARRAY,struct,48
_wireSAFEARRAY_UNION,struct,28
_wireSAFEARRAY_UNION.conflict,struct,28
_wireSAFEARR_BRECORD,struct,8
_wireSAFEARR_BSTR,struct,8
_wireSAFEARR_DISPATCH,struct,8
_wireSAFEARR_HAVEIID,struct,24
_wireSAFEARR_UNKNOWN,struct,8
_wireSAFEARR_VARIANT,struct,8
_wireVARIANT,struct,32
_wireVARIANT_u_16,union,16
_xml_error,struct,32
_xml_error.conflict,struct,32
aggregatableAttribute,struct,4
aggregatesAttribute,struct,4
alloc_chain,struct,8
allocator<AOI_*>,struct,1
allocator<Addr_*>,struct,1
allocator<AdjustItem_*>,struct,1
allocator<AiMissionClass_*>,struct,1
allocator<AiPath_*>,struct,1
allocator<AiProcess_*>,struct,1
allocator<AiTask_*>,struct,1
allocator<AnimSprite_*>,struct,1
allocator<Attachment_*>,struct,1
allocator<AttackGroup_*>,struct,1
allocator<AttackerInfo>,struct,1
allocator<AudMsgInfo_*>,struct,1
allocator<BASE_STRUCT>,struct,1
allocator<BASE_STRUCT_*>,struct,1
allocator<Craft_*>,struct,1
allocator<DisplayInterface_*>,struct,1
allocator<DisplayViewInfo_*>,struct,1
allocator<DistributedObject_*>,struct,1
allocator<ExplosionClass_*>,struct,1
allocator<Explosion_*>,struct,1
allocator<FollowGroup_*>,struct,1
allocator<FollowerInfo>,struct,1
allocator<GameFeature_*>,struct,1
allocator<GameObjectClass_*>,struct,1
allocator<GameObject_*>,struct,1
allocator<Geizer_*>,struct,1
allocator<GridPoint>,struct,1
allocator<ObjectClassInfo_*>,struct,1
allocator<OldNew_*>,struct,1
allocator<OrdnanceClass_*>,struct,1
allocator<Ordnance_*>,struct,1
allocator<PathPoint>,struct,1
allocator<Player_*>,struct,1
allocator<PortData_*>,struct,1
allocator<PowerPlant_*>,struct,1
allocator<RadarItem>,struct,1
allocator<RtimeClass_*>,struct,1
allocator<Scanner_*>,struct,1
allocator<ScorePlayer_*>,struct,1
allocator<Scrap_*>,struct,1
allocator<Server_*>,struct,1
allocator<Session_*>,struct,1
allocator<ShortPath::OpenList::OpenNode>,struct,1
allocator<SpawnPoint_*>,struct,1
allocator<Strip_*>,struct,1
allocator<WeaponClass_*>,struct,1
allocator<Weapon_*>,struct,1
allocator<char>,struct,1
allocator<std::_Aux_cont>,struct,1
"allocator<std::_List_nod<AOI_*,std::allocator<AOI_*>_>::_Node>",struct,1
"allocator<std::_List_nod<AOI_*,std::allocator<AOI_*>_>::_Node_*>",struct,1
"allocator<std::_List_nod<Addr_*,std::allocator<Addr_*>_>::_Node>",struct,1
"allocator<std::_List_nod<Addr_*,std::allocator<Addr_*>_>::_Node_*>",struct,1
"allocator<std::_List_nod<AdjustItem_*,std::allocator<AdjustItem_*>_>::_Node>",struct,1
"allocator<std::_List_nod<AdjustItem_*,std::allocator<AdjustItem_*>_>::_Node_*>",struct,1
"allocator<std::_List_nod<AiMissionClass_*,std::allocator<AiMissionClass_*>_>::_Node>",struct,1
"allocator<std::_List_nod<AiMissionClass_*,std::allocator<AiMissionClass_*>_>::_Node_*>",struct,1
"allocator<std::_List_nod<AiPath_*,std::allocator<AiPath_*>_>::_Node>",struct,1
"allocator<std::_List_nod<AiPath_*,std::allocator<AiPath_*>_>::_Node_*>",struct,1
"allocator<std::_List_nod<AiProcess_*,std::allocator<AiProcess_*>_>::_Node>",struct,1
"allocator<std::_List_nod<AiProcess_*,std::allocator<AiProcess_*>_>::_Node_*>",struct,1
"allocator<std::_List_nod<AiTask_*,std::allocator<AiTask_*>_>::_Node>",struct,1
"allocator<std::_List_nod<AiTask_*,std::allocator<AiTask_*>_>::_Node_*>",struct,1
"allocator<std::_List_nod<AttackGroup_*,std::allocator<AttackGroup_*>_>::_Node>",struct,1
"allocator<std::_List_nod<AttackGroup_*,std::allocator<AttackGroup_*>_>::_Node_*>",struct,1
"allocator<std::_List_nod<AttackerInfo,std::allocator<AttackerInfo>_>::_Node>",struct,1
"allocator<std::_List_nod<AttackerInfo,std::allocator<AttackerInfo>_>::_Node_*>",struct,1
"allocator<std::_List_nod<AudMsgInfo_*,std::allocator<AudMsgInfo_*>_>::_Node>",struct,1
"allocator<std::_List_nod<AudMsgInfo_*,std::allocator<AudMsgInfo_*>_>::_Node_*>",struct,1
"allocator<std::_List_nod<DisplayInterface_*,std::allocator<DisplayInterface_*>_>::_Node>",struct,1
"allocator<std::_List_nod<DisplayInterface_*,std::allocator<DisplayInterface_*>_>::_Node_*>",struct,1
"allocator<std::_List_nod<DisplayViewInfo_*,std::allocator<DisplayViewInfo_*>_>::_Node>",struct,1
"allocator<std::_List_nod<DisplayViewInfo_*,std::allocator<DisplayViewInfo_*>_>::_Node_*>",struct,1
"allocator<std::_List_nod<Explosion_*,std::allocator<Explosion_*>_>::_Node>",struct,1
"allocator<std::_List_nod<Explosion_*,std::allocator<Explosion_*>_>::_Node_*>",struct,1
"allocator<std::_List_nod<FollowGroup_*,std::allocator<FollowGroup_*>_>::_Node>",struct,1
"allocator<std::_List_nod<FollowGroup_*,std::allocator<FollowGroup_*>_>::_Node_*>",struct,1
"allocator<std::_List_nod<FollowerInfo,std::allocator<FollowerInfo>_>::_Node>",struct,1
"allocator<std::_List_nod<FollowerInfo,std::allocator<FollowerInfo>_>::_Node_*>",struct,1
"allocator<std::_List_nod<OldNew_*,std::allocator<OldNew_*>_>::_Node>",struct,1
"allocator<std::_List_nod<OldNew_*,std::allocator<OldNew_*>_>::_Node_*>",struct,1
"allocator<std::_List_nod<Ordnance_*,std::allocator<Ordnance_*>_>::_Node>",struct,1
"allocator<std::_List_nod<Ordnance_*,std::allocator<Ordnance_*>_>::_Node_*>",struct,1
"allocator<std::_List_nod<RtimeClass_*,std::allocator<RtimeClass_*>_>::_Node>",struct,1
"allocator<std::_List_nod<RtimeClass_*,std::allocator<RtimeClass_*>_>::_Node_*>",struct,1
"allocator<std::_List_nod<Weapon_*,std::allocator<Weapon_*>_>::_Node>",struct,1
"allocator<std::_List_nod<Weapon_*,std::allocator<Weapon_*>_>::_Node_*>",struct,1
"allocator<std::_List_nod<std::pair<unsigned_int_const_,ParameterDB::FileData_*>,std::allocator<std::pair<unsigned_int_const_,ParameterDB::FileData_*>_>_>::_Node>",struct,1
"allocator<std::_List_nod<std::pair<unsigned_int_const_,ParameterDB::FileData_*>,std::allocator<std::pair<unsigned_int_const_,ParameterDB::FileData_*>_>_>::_Node_*>",struct,1
"allocator<std::_List_nod<std::pair<unsigned_int_const_,char_const_*>,std::allocator<std::pair<unsigned_int_const_,char_const_*>_>_>::_Node>",struct,1
"allocator<std::_List_nod<std::pair<unsigned_int_const_,char_const_*>,std::allocator<std::pair<unsigned_int_const_,char_const_*>_>_>::_Node_*>",struct,1
"allocator<std::_List_nod<std::pair<unsigned_int_const_,stdext::hash_map<unsigned_int,char_const_*,stdext::hash_compare<unsigned_int,std::less<unsigned_int>_>,std::allocator<std::pair<unsigned_int_const_,char_const_*>_>_>_>,std::allocator<std::pair<unsigned_int_const_,stdext::hash_map<unsigned_int,char_const_*,stdext::hash_compare<unsigned_int,std::less<unsigned_int>_>,std::allocator<std::pair<unsigned_int_const_,char_const_*>_>_>_>_>_>::_Node>",struct,1
"allocator<std::_List_nod<std::pair<unsigned_int_const_,stdext::hash_map<unsigned_int,char_const_*,stdext::hash_compare<unsigned_int,std::less<unsigned_int>_>,std::allocator<std::pair<unsigned_int_const_,char_const_*>_>_>_>,std::allocator<std::pair<unsigned_int_const_,stdext::hash_map<unsigned_int,char_const_*,stdext::hash_compare<unsigned_int,std::less<unsigned_int>_>,std::allocator<std::pair<unsigned_int_const_,char_const_*>_>_>_>_>_>::_Node_*>",struct,1
"allocator<std::_List_nod<std::pair<unsigned_long_const_,float>,std::allocator<std::pair<unsigned_long_const_,float>_>_>::_Node>",struct,1
"allocator<std::_List_nod<std::pair<unsigned_long_const_,float>,std::allocator<std::pair<unsigned_long_const_,float>_>_>::_Node_*>",struct,1
"allocator<std::_List_nod<std::pair<unsigned_long_const_,unsigned_long>,std::allocator<std::pair<unsigned_long_const_,unsigned_long>_>_>::_Node>",struct,1
"allocator<std::_List_nod<std::pair<unsigned_long_const_,unsigned_long>,std::allocator<std::pair<unsigned_long_const_,unsigned_long>_>_>::_Node_*>",struct,1
"allocator<std::_Tree_nod<std::_Tmap_traits<GameObject_*,Area,std::less<GameObject_*>,std::allocator<std::pair<GameObject_*_const,Area>_>,0>_>::_Node>",struct,1
"allocator<std::_Tree_nod<std::_Tmap_traits<GameObject_*,Area,std::less<GameObject_*>,std::allocator<std::pair<GameObject_*_const,Area>_>,0>_>::_Node_*>",struct,1
"allocator<std::_Tree_nod<std::_Tmap_traits<std::pair<unsigned_short,unsigned_short>,Ordnance_*,std::less<std::pair<unsigned_short,unsigned_short>_>,std::allocator<std::pair<std::pair<unsigned_short,unsigned_short>_const_,Ordnance_*>_>,0>_>::_Node>",struct,1
"allocator<std::_Tree_nod<std::_Tmap_traits<std::pair<unsigned_short,unsigned_short>,Ordnance_*,std::less<std::pair<unsigned_short,unsigned_short>_>,std::allocator<std::pair<std::pair<unsigned_short,unsigned_short>_const_,Ordnance_*>_>,0>_>::_Node_*>",struct,1
"allocator<std::_Tree_nod<std::_Tmap_traits<unsigned_long,DistributedObject_*,std::less<unsigned_long>,std::allocator<std::pair<unsigned_long_const_,DistributedObject_*>_>,0>_>::_Node>",struct,1
"allocator<std::_Tree_nod<std::_Tmap_traits<unsigned_long,DistributedObject_*,std::less<unsigned_long>,std::allocator<std::pair<unsigned_long_const_,DistributedObject_*>_>,0>_>::_Node_*>",struct,1
"allocator<std::_Tree_nod<std::_Tmap_traits<unsigned_short,NetPlayer_*,std::less<unsigned_short>,std::allocator<std::pair<unsigned_short_const_,NetPlayer_*>_>,0>_>::_Node>",struct,1
"allocator<std::_Tree_nod<std::_Tmap_traits<unsigned_short,NetPlayer_*,std::less<unsigned_short>,std::allocator<std::pair<unsigned_short_const_,NetPlayer_*>_>,0>_>::_Node_*>",struct,1
"allocator<std::_Tree_nod<std::_Tset_traits<ShortPath::OpenList::OpenNode,ShortPath::OpenList::OpenNodeLT,std::allocator<ShortPath::OpenList::OpenNode>,1>_>::_Node>",struct,1
"allocator<std::_Tree_nod<std::_Tset_traits<ShortPath::OpenList::OpenNode,ShortPath::OpenList::OpenNodeLT,std::allocator<ShortPath::OpenList::OpenNode>,1>_>::_Node_*>",struct,1
"allocator<std::pair<GameObject_*_const,Area>_>",struct,1
"allocator<std::pair<std::pair<unsigned_short,unsigned_short>_const_,Ordnance_*>_>",struct,1
"allocator<std::pair<unsigned_int_const_,ParameterDB::FileData_*>_>",struct,1
"allocator<std::pair<unsigned_int_const_,char_const_*>_>",struct,1
"allocator<std::pair<unsigned_int_const_,stdext::hash_map<unsigned_int,char_const_*,stdext::hash_compare<unsigned_int,std::less<unsigned_int>_>,std::allocator<std::pair<unsigned_int_const_,char_const_*>_>_>_>_>",struct,1
"allocator<std::pair<unsigned_long_const_,DistributedObject_*>_>",struct,1
"allocator<std::pair<unsigned_long_const_,float>_>",struct,1
"allocator<std::pair<unsigned_long_const_,unsigned_long>_>",struct,1
"allocator<std::pair<unsigned_short,unsigned_short>_>",struct,1
"allocator<std::pair<unsigned_short_const_,NetPlayer_*>_>",struct,1
"allocator<stdext::_Hash<stdext::_Hmap_traits<unsigned_int,ParameterDB::FileData_*,stdext::hash_compare<unsigned_int,std::less<unsigned_int>_>,std::allocator<std::pair<unsigned_int_const_,ParameterDB::FileData_*>_>,0>_>::_List_position>",struct,1
"allocator<stdext::_Hash<stdext::_Hmap_traits<unsigned_int,char_const_*,stdext::hash_compare<unsigned_int,std::less<unsigned_int>_>,std::allocator<std::pair<unsigned_int_const_,char_const_*>_>,0>_>::_List_position>",struct,1
"allocator<stdext::_Hash<stdext::_Hmap_traits<unsigned_int,stdext::hash_map<unsigned_int,char_const_*,stdext::hash_compare<unsigned_int,std::less<unsigned_int>_>,std::allocator<std::pair<unsigned_int_const_,char_const_*>_>_>,stdext::hash_compare<unsigned_int,std::less<unsigned_int>_>,std::allocator<std::pair<unsigned_int_const_,stdext::hash_map<unsigned_int,char_const_*,stdext::hash_compare<unsigned_int,std::less<unsigned_int>_>,std::allocator<std::pair<unsigned_int_const_,char_const_*>_>_>_>_>,0>_>::_List_position>",struct,1
"allocator<stdext::_Hash<stdext::_Hmap_traits<unsigned_long,float,stdext::hash_compare<unsigned_long,std::less<unsigned_long>_>,std::allocator<std::pair<unsigned_long_const_,float>_>,0>_>::_List_position>",struct,1
"allocator<stdext::_Hash<stdext::_Hmap_traits<unsigned_long,unsigned_long,stdext::hash_compare<unsigned_long,std::less<unsigned_long>_>,std::allocator<std::pair<unsigned_long_const_,unsigned_long>_>,0>_>::_List_position>",struct,1
allocator<unsigned_long>,struct,1
allocator<unsigned_short>,struct,1
allocator<void>,struct,1
allocator<wchar_t>,struct,1
appobjectAttribute,struct,1
as_stringAttribute,struct,1
async_uuidAttribute,struct,4
attributeAttribute,struct,8
bad_alloc,struct,12
bad_cast,struct,8
bad_exception,struct,12
bad_function_call,struct,8
bad_typeid,struct,8
bad_weak_ptr,struct,8
"basic_filebuf<char,std::char_traits<char>_>",struct,1
"basic_filebuf<wchar_t,std::char_traits<wchar_t>_>",struct,1
"basic_fstream<char,std::char_traits<char>_>",struct,1
"basic_fstream<wchar_t,std::char_traits<wchar_t>_>",struct,1
"basic_ifstream<char,std::char_traits<char>_>",struct,1
"basic_ifstream<wchar_t,std::char_traits<wchar_t>_>",struct,1
"basic_ios<char,std::char_traits<char>_>",struct,1
"basic_ios<wchar_t,std::char_traits<wchar_t>_>",struct,1
"basic_iostream<char,std::char_traits<char>_>",struct,1
"basic_iostream<wchar_t,std::char_traits<wchar_t>_>",struct,1
"basic_istream<char,std::char_traits<char>_>",struct,1
"basic_istream<wchar_t,std::char_traits<wchar_t>_>",struct,1
"basic_istringstream<char,std::char_traits<char>,std::allocator<char>_>",struct,1
"basic_istringstream<wchar_t,std::char_traits<wchar_t>,std::allocator<wchar_t>_>",struct,1
"basic_ofstream<char,std::char_traits<char>_>",struct,1
"basic_ofstream<wchar_t,std::char_traits<wchar_t>_>",struct,1
"basic_ostream<char,std::char_traits<char>_>",struct,1
"basic_ostream<wchar_t,std::char_traits<wchar_t>_>",struct,1
"basic_ostringstream<char,std::char_traits<char>,std::allocator<char>_>",struct,1
"basic_ostringstream<wchar_t,std::char_traits<wchar_t>,std::allocator<wchar_t>_>",struct,1
"basic_streambuf<char,std::char_traits<char>_>",struct,1
"basic_streambuf<wchar_t,std::char_traits<wchar_t>_>",struct,1
"basic_string<char,std::char_traits<char>,std::allocator<char>_>",struct,28
"basic_string<char,struct_std::char_traits<char>,class_std::allocator<char>_>",struct,1
"basic_string<wchar_t,std::char_traits<wchar_t>,std::allocator<wchar_t>_>",struct,28
"basic_stringbuf<char,std::char_traits<char>,std::allocator<char>_>",struct,1
"basic_stringbuf<wchar_t,std::char_traits<wchar_t>,std::allocator<wchar_t>_>",struct,1
"basic_stringstream<char,std::char_traits<char>,std::allocator<char>_>",struct,1
"basic_stringstream<wchar_t,std::char_traits<wchar_t>,std::allocator<wchar_t>_>",struct,1
bidirectional_iterator_tag,struct,1
"binary_function<GameObject_*,GameObject_*,bool>",struct,1
"binary_function<std::pair<unsigned_short,unsigned_short>,std::pair<unsigned_short,unsigned_short>,bool>",struct,1
"binary_function<unsigned_int,unsigned_int,bool>",struct,1
"binary_function<unsigned_long,unsigned_long,bool>",struct,1
"binary_function<unsigned_short,unsigned_short,bool>",struct,1
bindableAttribute,struct,1
bitrate_manager_info,struct,32
bitrate_manager_state,struct,48
bzoneConfig,struct,24
cachenode,struct,40
call_asAttribute,struct,4
caseAttribute,struct,4
char_traits<char>,struct,1
char_traits<wchar_t>,struct,1
coclassAttribute,struct,1
codebook,struct,56
codec_setup_info,struct,3664
collate<char>,struct,1
collate<wchar_t>,struct,1
com_interface_entryAttribute,struct,4
commInitReq_t,struct,44
commPortName_t,struct,68
comm_driverInfo_t,struct,50
comp,struct,1
const_iterator,struct,8
controlAttribute,struct,1
cpp_quoteAttribute,struct,4
customAttribute,struct,4
data_handle_info,struct,8
db_accessorAttribute,struct,8
db_columnAttribute,struct,24
db_commandAttribute,struct,24
db_paramAttribute,struct,28
db_sourceAttribute,struct,12
db_tableAttribute,struct,20
defaultAttribute,struct,4
default_valueAttribute,struct,4
defaultbindAttribute,struct,1
defaultcollelemAttribute,struct,1
defaultvalueAttribute,struct,4
defaultvtableAttribute,struct,4
"deque<BASE_STRUCT,std::allocator<BASE_STRUCT>_>",struct,32
dest,struct,28
dibs_stack,struct,12
dispinterfaceAttribute,struct,1
displayPrefType,struct,20
displaybindAttribute,struct,1
domain_error,struct,36
dpLaunchApp_result_t,struct,4
dp_account_packet_t,struct,12
dp_addPlayerToGroup_packet_t,struct,6
dp_appParam_t,struct,33
dp_caps_t,struct,40
dp_groupId_s,struct,30
dp_objectDelta_packet_t,struct,716
dp_object_t,union,676
dp_playerId_t,struct,55
dp_playerId_t_u_0,union,2
dp_s,struct,4096
dp_scoreInfo_t,struct,8
dp_serverInfo_s,struct,98
dp_sessionResult_packet_t,struct,99
dp_session_t,struct,95
dp_session_t_u_0,union,1
dp_session_t_u_13,union,2
dp_session_t_u_15,union,2
dp_session_t_u_17,union,2
dp_session_t_u_19,union,2
dp_session_t_u_21,union,2
dp_session_t_u_23,union,32
dp_stat_t,struct,24
dp_transport_t,struct,128
dp_userInfo_t,struct,676
dp_user_playerData_packet_t,struct,12
dp_version_t,struct,4
drft_lookup,struct,12
dualAttribute,struct,1
emitidlAttribute,struct,8
entryAttribute,struct,4
envelope_band,struct,16
envelope_filter_state,struct,144
envelope_lookup,struct,180
event_receiverAttribute,struct,8
event_sourceAttribute,struct,12
exception,struct,12
expdesc,struct,24
exportAttribute,struct,1
fd_set,struct,260
first_isAttribute,struct,4
forward_iterator_tag,struct,1
fpos<int>,struct,1
global_State,struct,256
"hash<std::basic_string<char,std::char_traits<char>,std::allocator<char>_>_>",struct,1
"hash<std::basic_string<wchar_t,std::char_traits<wchar_t>,std::allocator<wchar_t>_>_>",struct,1
"hash_compare<unsigned_int,std::less<unsigned_int>_>",struct,1
"hash_compare<unsigned_long,std::less<unsigned_long>_>",struct,1
"hash_map<unsigned_int,ParameterDB::FileData_*,stdext::hash_compare<unsigned_int,std::less<unsigned_int>_>,std::allocator<std::pair<unsigned_int_const_,ParameterDB::FileData_*>_>_>",struct,72
"hash_map<unsigned_int,char_const_*,stdext::hash_compare<unsigned_int,std::less<unsigned_int>_>,std::allocator<std::pair<unsigned_int_const_,char_const_*>_>_>",struct,72
"hash_map<unsigned_int,stdext::hash_map<unsigned_int,char_const_*,stdext::hash_compare<unsigned_int,std::less<unsigned_int>_>,std::allocator<std::pair<unsigned_int_const_,char_const_*>_>_>,stdext::hash_compare<unsigned_int,std::less<unsigned_int>_>,std::allocator<std::pair<unsigned_int_const_,stdext::hash_map<unsigned_int,char_const_*,stdext::hash_compare<unsigned_int,std::less<unsigned_int>_>,std::allocator<std::pair<unsigned_int_const_,char_const_*>_>_>_>_>_>",struct,72
"hash_map<unsigned_long,float,stdext::hash_compare<unsigned_long,std::less<unsigned_long>_>,std::allocator<std::pair<unsigned_long_const_,float>_>_>",struct,72
"hash_map<unsigned_long,unsigned_long,stdext::hash_compare<unsigned_long,std::less<unsigned_long>_>,std::allocator<std::pair<unsigned_long_const_,unsigned_long>_>_>",struct,72
help_stringAttribute,struct,4
helpcontextAttribute,struct,4
helpfileAttribute,struct,4
helpstringAttribute,struct,4
helpstringcontextAttribute,struct,4
helpstringdllAttribute,struct,4
hiddenAttribute,struct,1
highlevel_byblocktype,struct,32
highlevel_encode_setup,struct,264
hist,struct,28
hookAttribute,struct,16
hostent,struct,16
i76_audioControl,struct,6
i76_graphicDetail,struct,16
i76_total,struct,116
i76player,struct,64
idAttribute,struct,4
idl_moduleAttribute,struct,32
idl_quoteAttribute,struct,4
iid_isAttribute,struct,4
immediatebindAttribute,struct,1
implementsAttribute,struct,8
implements_categoryAttribute,struct,4
importAttribute,struct,4
importidlAttribute,struct,4
importlibAttribute,struct,4
inAttribute,struct,1
in_addr,struct,4
includeAttribute,struct,4
includelibAttribute,struct,4
input_iterator_tag,struct,1
"integral_constant<bool,0>",struct,1
"integral_constant<bool,1>",struct,1
invalid_argument,struct,36
ip_mreq,struct,8
iterator,struct,8
"iterator<std::output_iterator_tag,void,void,void,void>",struct,1
iterator_traits<__int64>,struct,1
iterator_traits<bool>,struct,1
iterator_traits<char>,struct,1
iterator_traits<double>,struct,1
iterator_traits<float>,struct,1
iterator_traits<int>,struct,1
iterator_traits<long>,struct,1
iterator_traits<short>,struct,1
iterator_traits<signed_char>,struct,1
iterator_traits<unsigned___int64>,struct,1
iterator_traits<unsigned_char>,struct,1
iterator_traits<unsigned_int>,struct,1
iterator_traits<unsigned_long>,struct,1
iterator_traits<unsigned_short>,struct,1
iterator_traits<wchar_t>,struct,1
joyinfo_tag,struct,16
joyinfoex_tag,struct,52
king_comp,struct,1
last_isAttribute,struct,4
lcidAttribute,struct,1
lconv,struct,80
length_error,struct,36
length_isAttribute,struct,4
less<GameObject_*>,struct,1
"less<std::pair<unsigned_short,unsigned_short>_>",struct,1
less<unsigned_int>,struct,1
less<unsigned_long>,struct,1
less<unsigned_short>,struct,1
library_blockAttribute,struct,1
licensedAttribute,struct,1
linger,struct,4
"list<AOI_*,std::allocator<AOI_*>_>",struct,28
"list<Addr_*,std::allocator<Addr_*>_>",struct,28
"list<AdjustItem_*,std::allocator<AdjustItem_*>_>",struct,28
"list<AiMissionClass_*,std::allocator<AiMissionClass_*>_>",struct,28
"list<AiPath_*,std::allocator<AiPath_*>_>",struct,28
"list<AiProcess_*,std::allocator<AiProcess_*>_>",struct,28
"list<AiTask_*,std::allocator<AiTask_*>_>",struct,28
"list<AttackGroup_*,std::allocator<AttackGroup_*>_>",struct,28
"list<AttackerInfo,std::allocator<AttackerInfo>_>",struct,28
"list<AudMsgInfo_*,std::allocator<AudMsgInfo_*>_>",struct,28
"list<DisplayInterface_*,std::allocator<DisplayInterface_*>_>",struct,28
"list<DisplayViewInfo_*,std::allocator<DisplayViewInfo_*>_>",struct,28
"list<Explosion_*,std::allocator<Explosion_*>_>",struct,28
"list<FollowGroup_*,std::allocator<FollowGroup_*>_>",struct,28
"list<FollowerInfo,std::allocator<FollowerInfo>_>",struct,28
"list<OldNew_*,std::allocator<OldNew_*>_>",struct,28
"list<Ordnance_*,std::allocator<Ordnance_*>_>",struct,28
"list<RtimeClass_*,std::allocator<RtimeClass_*>_>",struct,28
"list<Weapon_*,std::allocator<Weapon_*>_>",struct,28
"list<std::pair<unsigned_int_const_,ParameterDB::FileData_*>,std::allocator<std::pair<unsigned_int_const_,ParameterDB::FileData_*>_>_>",struct,28
"list<std::pair<unsigned_int_const_,char_const_*>,std::allocator<std::pair<unsigned_int_const_,char_const_*>_>_>",struct,28
"list<std::pair<unsigned_int_const_,stdext::hash_map<unsigned_int,char_const_*,stdext::hash_compare<unsigned_int,std::less<unsigned_int>_>,std::allocator<std::pair<unsigned_int_const_,char_const_*>_>_>_>,std::allocator<std::pair<unsigned_int_const_,stdext::hash_map<unsigned_int,char_const_*,stdext::hash_compare<unsigned_int,std::less<unsigned_int>_>,std::allocator<std::pair<unsigned_int_const_,char_const_*>_>_>_>_>_>",struct,28
"list<std::pair<unsigned_long_const_,float>,std::allocator<std::pair<unsigned_long_const_,float>_>_>",struct,28
"list<std::pair<unsigned_long_const_,unsigned_long>,std::allocator<std::pair<unsigned_long_const_,unsigned_long>_>_>",struct,28
lives_comp,struct,1
localAttribute,struct,1
localeinfo_struct,struct,8
logic_error,struct,36
lsfit_acc,struct,56
luaL_Buffer,struct,524
luaL_Reg,struct,8
lua_Debug,struct,100
lua_State,struct,120
lua_TValue,struct,16
lua_longjmp,struct,72
lzo1x_999_swd_t,struct,455016
lzo1x_999_t,struct,116
lzo1y_999_swd_t,struct,455016
lzo1y_999_t,struct,116
lzo_callback_t,struct,24
lzo_config_check_union,union,16
"map<GameObject_*,Area,std::less<GameObject_*>,std::allocator<std::pair<GameObject_*_const,Area>_>_>",struct,32
"map<std::pair<unsigned_short,unsigned_short>,Ordnance_*,std::less<std::pair<unsigned_short,unsigned_short>_>,std::allocator<std::pair<std::pair<unsigned_short,unsigned_short>_const_,Ordnance_*>_>_>",struct,32
"map<unsigned_long,DistributedObject_*,std::less<unsigned_long>,std::allocator<std::pair<unsigned_long_const_,DistributedObject_*>_>_>",struct,32
"map<unsigned_short,NetPlayer_*,std::less<unsigned_short>,std::allocator<std::pair<unsigned_short_const_,NetPlayer_*>_>_>",struct,32
matrix<unsigned_char>,struct,16
max_isAttribute,struct,4
mdct_lookup,struct,20
midievent_tag,struct,16
midihdr_tag,struct,64
midiproptempo_tag,struct,8
midiproptimediv_tag,struct,8
midistrmbuffver_tag,struct,12
mmtime_tag,struct,12
moduleAttribute,struct,56
ms_unionAttribute,struct,1
multi_valueAttribute,struct,1
"multiset<ShortPath::OpenList::OpenNode,ShortPath::OpenList::OpenNodeLT,std::allocator<ShortPath::OpenList::OpenNode>_>",struct,32
net_defaults_s,struct,632
netent,struct,16
no_injected_textAttribute,struct,1
nonbrowsableAttribute,struct,1
noncreatableAttribute,struct,1
nonextensibleAttribute,struct,1
nothrow_t,struct,1
notify_atlprovAttribute,struct,1
"num_get<char,std::istreambuf_iterator<char,std::char_traits<char>_>_>",struct,1
"num_get<wchar_t,std::istreambuf_iterator<wchar_t,std::char_traits<wchar_t>_>_>",struct,1
"num_put<char,std::ostreambuf_iterator<char,std::char_traits<char>_>_>",struct,1
"num_put<wchar_t,std::ostreambuf_iterator<wchar_t,std::char_traits<wchar_t>_>_>",struct,1
objectAttribute,struct,1
odlAttribute,struct,1
ogg_packet,struct,32
ogg_page,struct,16
ogg_stream_state,struct,360
ogg_sync_state,struct,28
oggpack_buffer,struct,20
oleautomationAttribute,struct,1
optionalAttribute,struct,1
outAttribute,struct,1
out_of_range,struct,36
output_iterator_tag,struct,1
ov_callbacks,struct,16
overflow_error,struct,36
"pair<GameFeature_*_*,GameFeature_*_*>",struct,8
"pair<GameObject_*_const,Area>",struct,20
"pair<RadarItem_*,RadarItem_*>",struct,8
"pair<ScorePlayer_*_*,ScorePlayer_*_*>",struct,8
"pair<Strip_*_*,Strip_*_*>",struct,8
"pair<std::_Tree<std::_Tmap_traits<GameObject_*,Area,std::less<GameObject_*>,std::allocator<std::pair<GameObject_*_const,Area>_>,0>_>::const_iterator,std::_Tree<std::_Tmap_traits<GameObject_*,Area,std::less<GameObject_*>,std::allocator<std::pair<GameObject_*_const,Area>_>,0>_>::const_iterator>",struct,1
"pair<std::_Tree<std::_Tmap_traits<GameObject_*,Area,std::less<GameObject_*>,std::allocator<std::pair<GameObject_*_const,Area>_>,0>_>::iterator,bool>",struct,12
"pair<std::_Tree<std::_Tmap_traits<GameObject_*,Area,std::less<GameObject_*>,std::allocator<std::pair<GameObject_*_const,Area>_>,0>_>::iterator,std::_Tree<std::_Tmap_traits<GameObject_*,Area,std::less<GameObject_*>,std::allocator<std::pair<GameObject_*_const,Area>_>,0>_>::iterator>",struct,1
"pair<std::_Tree<std::_Tmap_traits<std::pair<unsigned_short,unsigned_short>,Ordnance_*,std::less<std::pair<unsigned_short,unsigned_short>_>,std::allocator<std::pair<std::pair<unsigned_short,unsigned_short>_const_,Ordnance_*>_>,0>_>::const_iterator,std::_Tree<std::_Tmap_traits<std::pair<unsigned_short,unsigned_short>,Ordnance_*,std::less<std::pair<unsigned_short,unsigned_short>_>,std::allocator<std::pair<std::pair<unsigned_short,unsigned_short>_const_,Ordnance_*>_>,0>_>::const_iterator>",struct,1
"pair<std::_Tree<std::_Tmap_traits<std::pair<unsigned_short,unsigned_short>,Ordnance_*,std::less<std::pair<unsigned_short,unsigned_short>_>,std::allocator<std::pair<std::pair<unsigned_short,unsigned_short>_const_,Ordnance_*>_>,0>_>::iterator,bool>",struct,12
"pair<std::_Tree<std::_Tmap_traits<std::pair<unsigned_short,unsigned_short>,Ordnance_*,std::less<std::pair<unsigned_short,unsigned_short>_>,std::allocator<std::pair<std::pair<unsigned_short,unsigned_short>_const_,Ordnance_*>_>,0>_>::iterator,std::_Tree<std::_Tmap_traits<std::pair<unsigned_short,unsigned_short>,Ordnance_*,std::less<std::pair<unsigned_short,unsigned_short>_>,std::allocator<std::pair<std::pair<unsigned_short,unsigned_short>_const_,Ordnance_*>_>,0>_>::iterator>",struct,16
"pair<std::_Tree<std::_Tmap_traits<unsigned_long,DistributedObject_*,std::less<unsigned_long>,std::allocator<std::pair<unsigned_long_const_,DistributedObject_*>_>,0>_>::const_iterator,std::_Tree<std::_Tmap_traits<unsigned_long,DistributedObject_*,std::less<unsigned_long>,std::allocator<std::pair<unsigned_long_const_,DistributedObject_*>_>,0>_>::const_iterator>",struct,1
"pair<std::_Tree<std::_Tmap_traits<unsigned_long,DistributedObject_*,std::less<unsigned_long>,std::allocator<std::pair<unsigned_long_const_,DistributedObject_*>_>,0>_>::iterator,bool>",struct,12
"pair<std::_Tree<std::_Tmap_traits<unsigned_long,DistributedObject_*,std::less<unsigned_long>,std::allocator<std::pair<unsigned_long_const_,DistributedObject_*>_>,0>_>::iterator,std::_Tree<std::_Tmap_traits<unsigned_long,DistributedObject_*,std::less<unsigned_long>,std::allocator<std::pair<unsigned_long_const_,DistributedObject_*>_>,0>_>::iterator>",struct,16
"pair<std::_Tree<std::_Tmap_traits<unsigned_short,NetPlayer_*,std::less<unsigned_short>,std::allocator<std::pair<unsigned_short_const_,NetPlayer_*>_>,0>_>::const_iterator,std::_Tree<std::_Tmap_traits<unsigned_short,NetPlayer_*,std::less<unsigned_short>,std::allocator<std::pair<unsigned_short_const_,NetPlayer_*>_>,0>_>::const_iterator>",struct,1
"pair<std::_Tree<std::_Tmap_traits<unsigned_short,NetPlayer_*,std::less<unsigned_short>,std::allocator<std::pair<unsigned_short_const_,NetPlayer_*>_>,0>_>::iterator,bool>",struct,12
"pair<std::_Tree<std::_Tmap_traits<unsigned_short,NetPlayer_*,std::less<unsigned_short>,std::allocator<std::pair<unsigned_short_const_,NetPlayer_*>_>,0>_>::iterator,std::_Tree<std::_Tmap_traits<unsigned_short,NetPlayer_*,std::less<unsigned_short>,std::allocator<std::pair<unsigned_short_const_,NetPlayer_*>_>,0>_>::iterator>",struct,16
"pair<std::_Tree<std::_Tset_traits<ShortPath::OpenList::OpenNode,ShortPath::OpenList::OpenNodeLT,std::allocator<ShortPath::OpenList::OpenNode>,1>_>::const_iterator,std::_Tree<std::_Tset_traits<ShortPath::OpenList::OpenNode,ShortPath::OpenList::OpenNodeLT,std::allocator<ShortPath::OpenList::OpenNode>,1>_>::const_iterator>",struct,1
"pair<std::_Tree<std::_Tset_traits<ShortPath::OpenList::OpenNode,ShortPath::OpenList::OpenNodeLT,std::allocator<ShortPath::OpenList::OpenNode>,1>_>::iterator,bool>",struct,12
"pair<std::_Tree<std::_Tset_traits<ShortPath::OpenList::OpenNode,ShortPath::OpenList::OpenNodeLT,std::allocator<ShortPath::OpenList::OpenNode>,1>_>::iterator,std::_Tree<std::_Tset_traits<ShortPath::OpenList::OpenNode,ShortPath::OpenList::OpenNodeLT,std::allocator<ShortPath::OpenList::OpenNode>,1>_>::iterator>",struct,1
"pair<std::list<std::pair<unsigned_int_const_,ParameterDB::FileData_*>,std::allocator<std::pair<unsigned_int_const_,ParameterDB::FileData_*>_>_>::_Const_iterator<1>,std::list<std::pair<unsigned_int_const_,ParameterDB::FileData_*>,std::allocator<std::pair<unsigned_int_const_,ParameterDB::FileData_*>_>_>::_Const_iterator<1>_>",struct,1
"pair<std::list<std::pair<unsigned_int_const_,ParameterDB::FileData_*>,std::allocator<std::pair<unsigned_int_const_,ParameterDB::FileData_*>_>_>::_Iterator<1>,bool>",struct,12
"pair<std::list<std::pair<unsigned_int_const_,ParameterDB::FileData_*>,std::allocator<std::pair<unsigned_int_const_,ParameterDB::FileData_*>_>_>::_Iterator<1>,std::list<std::pair<unsigned_int_const_,ParameterDB::FileData_*>,std::allocator<std::pair<unsigned_int_const_,ParameterDB::FileData_*>_>_>::_Iterator<1>_>",struct,1
"pair<std::list<std::pair<unsigned_int_const_,char_const_*>,std::allocator<std::pair<unsigned_int_const_,char_const_*>_>_>::_Const_iterator<1>,std::list<std::pair<unsigned_int_const_,char_const_*>,std::allocator<std::pair<unsigned_int_const_,char_const_*>_>_>::_Const_iterator<1>_>",struct,1
"pair<std::list<std::pair<unsigned_int_const_,char_const_*>,std::allocator<std::pair<unsigned_int_const_,char_const_*>_>_>::_Iterator<1>,bool>",struct,12
"pair<std::list<std::pair<unsigned_int_const_,char_const_*>,std::allocator<std::pair<unsigned_int_const_,char_const_*>_>_>::_Iterator<1>,std::list<std::pair<unsigned_int_const_,char_const_*>,std::allocator<std::pair<unsigned_int_const_,char_const_*>_>_>::_Iterator<1>_>",struct,1
"pair<std::list<std::pair<unsigned_int_const_,stdext::hash_map<unsigned_int,char_const_*,stdext::hash_compare<unsigned_int,std::less<unsigned_int>_>,std::allocator<std::pair<unsigned_int_const_,char_const_*>_>_>_>,std::allocator<std::pair<unsigned_int_const_,stdext::hash_map<unsigned_int,char_const_*,stdext::hash_compare<unsigned_int,std::less<unsigned_int>_>,std::allocator<std::pair<unsigned_int_const_,char_const_*>_>_>_>_>_>::_Const_iterator<1>,std::list<std::pair<unsigned_int_const_,stdext::hash_map<unsigned_int,char_const_*,stdext::hash_compare<unsigned_int,std::less<unsigned_int>_>,std::allocator<std::pair<unsigned_int_const_,char_const_*>_>_>_>,std::allocator<std::pair<unsigned_int_const_,stdext::hash_map<unsigned_int,char_const_*,stdext::hash_compare<unsigned_int,std::less<unsigned_int>_>,std::allocator<std::pair<unsigned_int_const_,char_const_*>_>_>_>_>_>::_Const_iterator<1>_>",struct,1
"pair<std::list<std::pair<unsigned_int_const_,stdext::hash_map<unsigned_int,char_const_*,stdext::hash_compare<unsigned_int,std::less<unsigned_int>_>,std::allocator<std::pair<unsigned_int_const_,char_const_*>_>_>_>,std::allocator<std::pair<unsigned_int_const_,stdext::hash_map<unsigned_int,char_const_*,stdext::hash_compare<unsigned_int,std::less<unsigned_int>_>,std::allocator<std::pair<unsigned_int_const_,char_const_*>_>_>_>_>_>::_Iterator<1>,bool>",struct,12
"pair<std::list<std::pair<unsigned_int_const_,stdext::hash_map<unsigned_int,char_const_*,stdext::hash_compare<unsigned_int,std::less<unsigned_int>_>,std::allocator<std::pair<unsigned_int_const_,char_const_*>_>_>_>,std::allocator<std::pair<unsigned_int_const_,stdext::hash_map<unsigned_int,char_const_*,stdext::hash_compare<unsigned_int,std::less<unsigned_int>_>,std::allocator<std::pair<unsigned_int_const_,char_const_*>_>_>_>_>_>::_Iterator<1>,std::list<std::pair<unsigned_int_const_,stdext::hash_map<unsigned_int,char_const_*,stdext::hash_compare<unsigned_int,std::less<unsigned_int>_>,std::allocator<std::pair<unsigned_int_const_,char_const_*>_>_>_>,std::allocator<std::pair<unsigned_int_const_,stdext::hash_map<unsigned_int,char_const_*,stdext::hash_compare<unsigned_int,std::less<unsigned_int>_>,std::allocator<std::pair<unsigned_int_const_,char_const_*>_>_>_>_>_>::_Iterator<1>_>",struct,1
"pair<std::list<std::pair<unsigned_long_const_,float>,std::allocator<std::pair<unsigned_long_const_,float>_>_>::_Const_iterator<1>,std::list<std::pair<unsigned_long_const_,float>,std::allocator<std::pair<unsigned_long_const_,float>_>_>::_Const_iterator<1>_>",struct,1
"pair<std::list<std::pair<unsigned_long_const_,float>,std::allocator<std::pair<unsigned_long_const_,float>_>_>::_Iterator<1>,bool>",struct,12
"pair<std::list<std::pair<unsigned_long_const_,float>,std::allocator<std::pair<unsigned_long_const_,float>_>_>::_Iterator<1>,std::list<std::pair<unsigned_long_const_,float>,std::allocator<std::pair<unsigned_long_const_,float>_>_>::_Iterator<1>_>",struct,1
"pair<std::list<std::pair<unsigned_long_const_,unsigned_long>,std::allocator<std::pair<unsigned_long_const_,unsigned_long>_>_>::_Const_iterator<1>,std::list<std::pair<unsigned_long_const_,unsigned_long>,std::allocator<std::pair<unsigned_long_const_,unsigned_long>_>_>::_Const_iterator<1>_>",struct,1
"pair<std::list<std::pair<unsigned_long_const_,unsigned_long>,std::allocator<std::pair<unsigned_long_const_,unsigned_long>_>_>::_Iterator<1>,bool>",struct,12
"pair<std::list<std::pair<unsigned_long_const_,unsigned_long>,std::allocator<std::pair<unsigned_long_const_,unsigned_long>_>_>::_Iterator<1>,std::list<std::pair<unsigned_long_const_,unsigned_long>,std::allocator<std::pair<unsigned_long_const_,unsigned_long>_>_>::_Iterator<1>_>",struct,16
"pair<std::pair<unsigned_short,unsigned_short>,Ordnance_*>",struct,8
"pair<std::pair<unsigned_short,unsigned_short>_const_,Ordnance_*>",struct,8
"pair<unsigned_int_const_,ParameterDB::FileData_*>",struct,8
"pair<unsigned_int_const_,char_const_*>",struct,8
"pair<unsigned_int_const_,stdext::hash_map<unsigned_int,char_const_*,stdext::hash_compare<unsigned_int,std::less<unsigned_int>_>,std::allocator<std::pair<unsigned_int_const_,char_const_*>_>_>_>",struct,76
"pair<unsigned_long_const_,DistributedObject_*>",struct,8
"pair<unsigned_long_const_,float>",struct,8
"pair<unsigned_long_const_,unsigned_long>",struct,8
"pair<unsigned_short,unsigned_short>",struct,4
"pair<unsigned_short_const_,NetPlayer_*>",struct,8
path_map,struct,88
pcmwaveformat_tag,struct,16
pdm_1c42d5a3,struct,1
perfPrefType,struct,20
perf_counterAttribute,struct,40
perf_objectAttribute,struct,32
perfmonAttribute,struct,8
pointer_defaultAttribute,struct,4
pragmaAttribute,struct,4
private_state,struct,136
process_earlyAttribute,struct,1
progidAttribute,struct,4
propgetAttribute,struct,1
propputAttribute,struct,1
propputrefAttribute,struct,1
protoent,struct,12
providerAttribute,struct,12
provider_info,struct,24
prup,struct,32
ptrAttribute,struct,1
publicAttribute,struct,1
pvalueA,struct,16
pvalueW,struct,16
pvalueW.conflict,struct,16
random_access_iterator_tag,struct,1
rangeAttribute,struct,8
range_error,struct,36
rdxAttribute,struct,12
readonlyAttribute,struct,1
rebind<AOI_*>,struct,1
rebind<Addr_*>,struct,1
rebind<AdjustItem_*>,struct,1
rebind<AiMissionClass_*>,struct,1
rebind<AiPath_*>,struct,1
rebind<AiProcess_*>,struct,1
rebind<AiTask_*>,struct,1
rebind<AnimSprite_*>,struct,1
rebind<Attachment_*>,struct,1
rebind<AttackGroup_*>,struct,1
rebind<AttackerInfo>,struct,1
rebind<AudMsgInfo_*>,struct,1
rebind<BASE_STRUCT>,struct,1
rebind<BASE_STRUCT_*>,struct,1
rebind<Craft_*>,struct,1
rebind<DisplayInterface_*>,struct,1
rebind<DisplayViewInfo_*>,struct,1
rebind<DistributedObject_*>,struct,1
rebind<ExplosionClass_*>,struct,1
rebind<Explosion_*>,struct,1
rebind<FollowGroup_*>,struct,1
rebind<FollowerInfo>,struct,1
rebind<GameFeature_*>,struct,1
rebind<GameObjectClass_*>,struct,1
rebind<GameObject_*>,struct,1
rebind<Geizer_*>,struct,1
rebind<GridPoint>,struct,1
rebind<ObjectClassInfo_*>,struct,1
rebind<OldNew_*>,struct,1
rebind<OrdnanceClass_*>,struct,1
rebind<Ordnance_*>,struct,1
rebind<PathPoint>,struct,1
rebind<Player_*>,struct,1
rebind<PortData_*>,struct,1
rebind<PowerPlant_*>,struct,1
rebind<RadarItem>,struct,1
rebind<RtimeClass_*>,struct,1
rebind<Scanner_*>,struct,1
rebind<ScorePlayer_*>,struct,1
rebind<Scrap_*>,struct,1
rebind<Server_*>,struct,1
rebind<Session_*>,struct,1
rebind<ShortPath::OpenList::OpenNode>,struct,1
rebind<SpawnPoint_*>,struct,1
rebind<Strip_*>,struct,1
rebind<WeaponClass_*>,struct,1
rebind<Weapon_*>,struct,1
rebind<char>,struct,1
rebind<std::_Aux_cont>,struct,1
"rebind<std::_List_nod<AOI_*,std::allocator<AOI_*>_>::_Node>",struct,1
"rebind<std::_List_nod<AOI_*,std::allocator<AOI_*>_>::_Node_*>",struct,1
"rebind<std::_List_nod<Addr_*,std::allocator<Addr_*>_>::_Node>",struct,1
"rebind<std::_List_nod<Addr_*,std::allocator<Addr_*>_>::_Node_*>",struct,1
"rebind<std::_List_nod<AdjustItem_*,std::allocator<AdjustItem_*>_>::_Node>",struct,1
"rebind<std::_List_nod<AdjustItem_*,std::allocator<AdjustItem_*>_>::_Node_*>",struct,1
"rebind<std::_List_nod<AiMissionClass_*,std::allocator<AiMissionClass_*>_>::_Node>",struct,1
"rebind<std::_List_nod<AiMissionClass_*,std::allocator<AiMissionClass_*>_>::_Node_*>",struct,1
"rebind<std::_List_nod<AiPath_*,std::allocator<AiPath_*>_>::_Node>",struct,1
"rebind<std::_List_nod<AiPath_*,std::allocator<AiPath_*>_>::_Node_*>",struct,1
"rebind<std::_List_nod<AiProcess_*,std::allocator<AiProcess_*>_>::_Node>",struct,1
"rebind<std::_List_nod<AiProcess_*,std::allocator<AiProcess_*>_>::_Node_*>",struct,1
"rebind<std::_List_nod<AiTask_*,std::allocator<AiTask_*>_>::_Node>",struct,1
"rebind<std::_List_nod<AiTask_*,std::allocator<AiTask_*>_>::_Node_*>",struct,1
"rebind<std::_List_nod<AttackGroup_*,std::allocator<AttackGroup_*>_>::_Node>",struct,1
"rebind<std::_List_nod<AttackGroup_*,std::allocator<AttackGroup_*>_>::_Node_*>",struct,1
"rebind<std::_List_nod<AttackerInfo,std::allocator<AttackerInfo>_>::_Node>",struct,1
"rebind<std::_List_nod<AttackerInfo,std::allocator<AttackerInfo>_>::_Node_*>",struct,1
"rebind<std::_List_nod<AudMsgInfo_*,std::allocator<AudMsgInfo_*>_>::_Node>",struct,1
"rebind<std::_List_nod<AudMsgInfo_*,std::allocator<AudMsgInfo_*>_>::_Node_*>",struct,1
"rebind<std::_List_nod<DisplayInterface_*,std::allocator<DisplayInterface_*>_>::_Node>",struct,1
"rebind<std::_List_nod<DisplayInterface_*,std::allocator<DisplayInterface_*>_>::_Node_*>",struct,1
"rebind<std::_List_nod<DisplayViewInfo_*,std::allocator<DisplayViewInfo_*>_>::_Node>",struct,1
"rebind<std::_List_nod<DisplayViewInfo_*,std::allocator<DisplayViewInfo_*>_>::_Node_*>",struct,1
"rebind<std::_List_nod<Explosion_*,std::allocator<Explosion_*>_>::_Node>",struct,1
"rebind<std::_List_nod<Explosion_*,std::allocator<Explosion_*>_>::_Node_*>",struct,1
"rebind<std::_List_nod<FollowGroup_*,std::allocator<FollowGroup_*>_>::_Node>",struct,1
"rebind<std::_List_nod<FollowGroup_*,std::allocator<FollowGroup_*>_>::_Node_*>",struct,1
"rebind<std::_List_nod<FollowerInfo,std::allocator<FollowerInfo>_>::_Node>",struct,1
"rebind<std::_List_nod<FollowerInfo,std::allocator<FollowerInfo>_>::_Node_*>",struct,1
"rebind<std::_List_nod<OldNew_*,std::allocator<OldNew_*>_>::_Node>",struct,1
"rebind<std::_List_nod<OldNew_*,std::allocator<OldNew_*>_>::_Node_*>",struct,1
"rebind<std::_List_nod<Ordnance_*,std::allocator<Ordnance_*>_>::_Node>",struct,1
"rebind<std::_List_nod<Ordnance_*,std::allocator<Ordnance_*>_>::_Node_*>",struct,1
"rebind<std::_List_nod<RtimeClass_*,std::allocator<RtimeClass_*>_>::_Node>",struct,1
"rebind<std::_List_nod<RtimeClass_*,std::allocator<RtimeClass_*>_>::_Node_*>",struct,1
"rebind<std::_List_nod<Weapon_*,std::allocator<Weapon_*>_>::_Node>",struct,1
"rebind<std::_List_nod<Weapon_*,std::allocator<Weapon_*>_>::_Node_*>",struct,1
"rebind<std::_List_nod<std::pair<unsigned_int_const_,ParameterDB::FileData_*>,std::allocator<std::pair<unsigned_int_const_,ParameterDB::FileData_*>_>_>::_Node>",struct,1
"rebind<std::_List_nod<std::pair<unsigned_int_const_,ParameterDB::FileData_*>,std::allocator<std::pair<unsigned_int_const_,ParameterDB::FileData_*>_>_>::_Node_*>",struct,1
"rebind<std::_List_nod<std::pair<unsigned_int_const_,char_const_*>,std::allocator<std::pair<unsigned_int_const_,char_const_*>_>_>::_Node>",struct,1
"rebind<std::_List_nod<std::pair<unsigned_int_const_,char_const_*>,std::allocator<std::pair<unsigned_int_const_,char_const_*>_>_>::_Node_*>",struct,1
"rebind<std::_List_nod<std::pair<unsigned_int_const_,stdext::hash_map<unsigned_int,char_const_*,stdext::hash_compare<unsigned_int,std::less<unsigned_int>_>,std::allocator<std::pair<unsigned_int_const_,char_const_*>_>_>_>,std::allocator<std::pair<unsigned_int_const_,stdext::hash_map<unsigned_int,char_const_*,stdext::hash_compare<unsigned_int,std::less<unsigned_int>_>,std::allocator<std::pair<unsigned_int_const_,char_const_*>_>_>_>_>_>::_Node>",struct,1
"rebind<std::_List_nod<std::pair<unsigned_int_const_,stdext::hash_map<unsigned_int,char_const_*,stdext::hash_compare<unsigned_int,std::less<unsigned_int>_>,std::allocator<std::pair<unsigned_int_const_,char_const_*>_>_>_>,std::allocator<std::pair<unsigned_int_const_,stdext::hash_map<unsigned_int,char_const_*,stdext::hash_compare<unsigned_int,std::less<unsigned_int>_>,std::allocator<std::pair<unsigned_int_const_,char_const_*>_>_>_>_>_>::_Node_*>",struct,1
"rebind<std::_List_nod<std::pair<unsigned_long_const_,float>,std::allocator<std::pair<unsigned_long_const_,float>_>_>::_Node>",struct,1
"rebind<std::_List_nod<std::pair<unsigned_long_const_,float>,std::allocator<std::pair<unsigned_long_const_,float>_>_>::_Node_*>",struct,1
"rebind<std::_List_nod<std::pair<unsigned_long_const_,unsigned_long>,std::allocator<std::pair<unsigned_long_const_,unsigned_long>_>_>::_Node>",struct,1
"rebind<std::_List_nod<std::pair<unsigned_long_const_,unsigned_long>,std::allocator<std::pair<unsigned_long_const_,unsigned_long>_>_>::_Node_*>",struct,1
"rebind<std::_Tree_nod<std::_Tmap_traits<GameObject_*,Area,std::less<GameObject_*>,std::allocator<std::pair<GameObject_*_const,Area>_>,0>_>::_Node>",struct,1
"rebind<std::_Tree_nod<std::_Tmap_traits<GameObject_*,Area,std::less<GameObject_*>,std::allocator<std::pair<GameObject_*_const,Area>_>,0>_>::_Node_*>",struct,1
"rebind<std::_Tree_nod<std::_Tmap_traits<std::pair<unsigned_short,unsigned_short>,Ordnance_*,std::less<std::pair<unsigned_short,unsigned_short>_>,std::allocator<std::pair<std::pair<unsigned_short,unsigned_short>_const_,Ordnance_*>_>,0>_>::_Node>",struct,1
"rebind<std::_Tree_nod<std::_Tmap_traits<std::pair<unsigned_short,unsigned_short>,Ordnance_*,std::less<std::pair<unsigned_short,unsigned_short>_>,std::allocator<std::pair<std::pair<unsigned_short,unsigned_short>_const_,Ordnance_*>_>,0>_>::_Node_*>",struct,1
"rebind<std::_Tree_nod<std::_Tmap_traits<unsigned_long,DistributedObject_*,std::less<unsigned_long>,std::allocator<std::pair<unsigned_long_const_,DistributedObject_*>_>,0>_>::_Node>",struct,1
"rebind<std::_Tree_nod<std::_Tmap_traits<unsigned_long,DistributedObject_*,std::less<unsigned_long>,std::allocator<std::pair<unsigned_long_const_,DistributedObject_*>_>,0>_>::_Node_*>",struct,1
"rebind<std::_Tree_nod<std::_Tmap_traits<unsigned_short,NetPlayer_*,std::less<unsigned_short>,std::allocator<std::pair<unsigned_short_const_,NetPlayer_*>_>,0>_>::_Node>",struct,1
"rebind<std::_Tree_nod<std::_Tmap_traits<unsigned_short,NetPlayer_*,std::less<unsigned_short>,std::allocator<std::pair<unsigned_short_const_,NetPlayer_*>_>,0>_>::_Node_*>",struct,1
"rebind<std::_Tree_nod<std::_Tset_traits<ShortPath::OpenList::OpenNode,ShortPath::OpenList::OpenNodeLT,std::allocator<ShortPath::OpenList::OpenNode>,1>_>::_Node>",struct,1
"rebind<std::_Tree_nod<std::_Tset_traits<ShortPath::OpenList::OpenNode,ShortPath::OpenList::OpenNodeLT,std::allocator<ShortPath::OpenList::OpenNode>,1>_>::_Node_*>",struct,1
"rebind<std::pair<GameObject_*_const,Area>_>",struct,1
"rebind<std::pair<std::pair<unsigned_short,unsigned_short>_const_,Ordnance_*>_>",struct,1
"rebind<std::pair<unsigned_int_const_,ParameterDB::FileData_*>_>",struct,1
"rebind<std::pair<unsigned_int_const_,char_const_*>_>",struct,1
"rebind<std::pair<unsigned_int_const_,stdext::hash_map<unsigned_int,char_const_*,stdext::hash_compare<unsigned_int,std::less<unsigned_int>_>,std::allocator<std::pair<unsigned_int_const_,char_const_*>_>_>_>_>",struct,1
"rebind<std::pair<unsigned_long_const_,DistributedObject_*>_>",struct,1
"rebind<std::pair<unsigned_long_const_,float>_>",struct,1
"rebind<std::pair<unsigned_long_const_,unsigned_long>_>",struct,1
"rebind<std::pair<unsigned_short,unsigned_short>_>",struct,1
"rebind<std::pair<unsigned_short_const_,NetPlayer_*>_>",struct,1
"rebind<stdext::_Hash<stdext::_Hmap_traits<unsigned_int,ParameterDB::FileData_*,stdext::hash_compare<unsigned_int,std::less<unsigned_int>_>,std::allocator<std::pair<unsigned_int_const_,ParameterDB::FileData_*>_>,0>_>::_List_position>",struct,1
"rebind<stdext::_Hash<stdext::_Hmap_traits<unsigned_int,char_const_*,stdext::hash_compare<unsigned_int,std::less<unsigned_int>_>,std::allocator<std::pair<unsigned_int_const_,char_const_*>_>,0>_>::_List_position>",struct,1
"rebind<stdext::_Hash<stdext::_Hmap_traits<unsigned_int,stdext::hash_map<unsigned_int,char_const_*,stdext::hash_compare<unsigned_int,std::less<unsigned_int>_>,std::allocator<std::pair<unsigned_int_const_,char_const_*>_>_>,stdext::hash_compare<unsigned_int,std::less<unsigned_int>_>,std::allocator<std::pair<unsigned_int_const_,stdext::hash_map<unsigned_int,char_const_*,stdext::hash_compare<unsigned_int,std::less<unsigned_int>_>,std::allocator<std::pair<unsigned_int_const_,char_const_*>_>_>_>_>,0>_>::_List_position>",struct,1
"rebind<stdext::_Hash<stdext::_Hmap_traits<unsigned_long,float,stdext::hash_compare<unsigned_long,std::less<unsigned_long>_>,std::allocator<std::pair<unsigned_long_const_,float>_>,0>_>::_List_position>",struct,1
"rebind<stdext::_Hash<stdext::_Hmap_traits<unsigned_long,unsigned_long,stdext::hash_compare<unsigned_long,std::less<unsigned_long>_>,std::allocator<std::pair<unsigned_long_const_,unsigned_long>_>,0>_>::_List_position>",struct,1
rebind<unsigned_long>,struct,1
rebind<unsigned_short>,struct,1
rebind<wchar_t>,struct,1
refAttribute,struct,1
region_i,struct,44
registration_scriptAttribute,struct,4
repeatableAttribute,struct,1
request_handlerAttribute,struct,8
requesteditAttribute,struct,1
requires_categoryAttribute,struct,4
requires_valueAttribute,struct,1
restrictedAttribute,struct,4
retvalAttribute,struct,1
"reverse_iterator<std::_Deque_const_iterator<BASE_STRUCT,std::allocator<BASE_STRUCT>,1>_>",struct,1
"reverse_iterator<std::_Deque_iterator<BASE_STRUCT,std::allocator<BASE_STRUCT>,1>_>",struct,1
"reverse_iterator<std::_String_const_iterator<char,std::char_traits<char>,std::allocator<char>_>_>",struct,1
"reverse_iterator<std::_String_const_iterator<wchar_t,std::char_traits<wchar_t>,std::allocator<wchar_t>_>_>",struct,1
"reverse_iterator<std::_String_iterator<char,std::char_traits<char>,std::allocator<char>_>_>",struct,1
"reverse_iterator<std::_String_iterator<wchar_t,std::char_traits<wchar_t>,std::allocator<wchar_t>_>_>",struct,1
"reverse_iterator<std::_Tree<std::_Tmap_traits<GameObject_*,Area,std::less<GameObject_*>,std::allocator<std::pair<GameObject_*_const,Area>_>,0>_>::const_iterator>",struct,1
"reverse_iterator<std::_Tree<std::_Tmap_traits<GameObject_*,Area,std::less<GameObject_*>,std::allocator<std::pair<GameObject_*_const,Area>_>,0>_>::iterator>",struct,1
"reverse_iterator<std::_Tree<std::_Tmap_traits<std::pair<unsigned_short,unsigned_short>,Ordnance_*,std::less<std::pair<unsigned_short,unsigned_short>_>,std::allocator<std::pair<std::pair<unsigned_short,unsigned_short>_const_,Ordnance_*>_>,0>_>::const_iterator>",struct,1
"reverse_iterator<std::_Tree<std::_Tmap_traits<std::pair<unsigned_short,unsigned_short>,Ordnance_*,std::less<std::pair<unsigned_short,unsigned_short>_>,std::allocator<std::pair<std::pair<unsigned_short,unsigned_short>_const_,Ordnance_*>_>,0>_>::iterator>",struct,1
"reverse_iterator<std::_Tree<std::_Tmap_traits<unsigned_long,DistributedObject_*,std::less<unsigned_long>,std::allocator<std::pair<unsigned_long_const_,DistributedObject_*>_>,0>_>::const_iterator>",struct,1
"reverse_iterator<std::_Tree<std::_Tmap_traits<unsigned_long,DistributedObject_*,std::less<unsigned_long>,std::allocator<std::pair<unsigned_long_const_,DistributedObject_*>_>,0>_>::iterator>",struct,1
"reverse_iterator<std::_Tree<std::_Tmap_traits<unsigned_short,NetPlayer_*,std::less<unsigned_short>,std::allocator<std::pair<unsigned_short_const_,NetPlayer_*>_>,0>_>::const_iterator>",struct,1
"reverse_iterator<std::_Tree<std::_Tmap_traits<unsigned_short,NetPlayer_*,std::less<unsigned_short>,std::allocator<std::pair<unsigned_short_const_,NetPlayer_*>_>,0>_>::iterator>",struct,1
"reverse_iterator<std::_Tree<std::_Tset_traits<ShortPath::OpenList::OpenNode,ShortPath::OpenList::OpenNodeLT,std::allocator<ShortPath::OpenList::OpenNode>,1>_>::const_iterator>",struct,1
"reverse_iterator<std::_Tree<std::_Tset_traits<ShortPath::OpenList::OpenNode,ShortPath::OpenList::OpenNodeLT,std::allocator<ShortPath::OpenList::OpenNode>,1>_>::iterator>",struct,1
"reverse_iterator<std::_Vector_const_iterator<AnimSprite_*,std::allocator<AnimSprite_*>_>_>",struct,1
"reverse_iterator<std::_Vector_const_iterator<Attachment_*,std::allocator<Attachment_*>_>_>",struct,1
"reverse_iterator<std::_Vector_const_iterator<Craft_*,std::allocator<Craft_*>_>_>",struct,1
"reverse_iterator<std::_Vector_const_iterator<DistributedObject_*,std::allocator<DistributedObject_*>_>_>",struct,1
"reverse_iterator<std::_Vector_const_iterator<ExplosionClass_*,std::allocator<ExplosionClass_*>_>_>",struct,1
"reverse_iterator<std::_Vector_const_iterator<GameFeature_*,std::allocator<GameFeature_*>_>_>",struct,1
"reverse_iterator<std::_Vector_const_iterator<GameObjectClass_*,std::allocator<GameObjectClass_*>_>_>",struct,1
"reverse_iterator<std::_Vector_const_iterator<GameObject_*,std::allocator<GameObject_*>_>_>",struct,1
"reverse_iterator<std::_Vector_const_iterator<Geizer_*,std::allocator<Geizer_*>_>_>",struct,1
"reverse_iterator<std::_Vector_const_iterator<GridPoint,std::allocator<GridPoint>_>_>",struct,1
"reverse_iterator<std::_Vector_const_iterator<ObjectClassInfo_*,std::allocator<ObjectClassInfo_*>_>_>",struct,1
"reverse_iterator<std::_Vector_const_iterator<OrdnanceClass_*,std::allocator<OrdnanceClass_*>_>_>",struct,1
"reverse_iterator<std::_Vector_const_iterator<PathPoint,std::allocator<PathPoint>_>_>",struct,1
"reverse_iterator<std::_Vector_const_iterator<Player_*,std::allocator<Player_*>_>_>",struct,1
"reverse_iterator<std::_Vector_const_iterator<PortData_*,std::allocator<PortData_*>_>_>",struct,1
"reverse_iterator<std::_Vector_const_iterator<PowerPlant_*,std::allocator<PowerPlant_*>_>_>",struct,1
"reverse_iterator<std::_Vector_const_iterator<RadarItem,std::allocator<RadarItem>_>_>",struct,1
"reverse_iterator<std::_Vector_const_iterator<Scanner_*,std::allocator<Scanner_*>_>_>",struct,1
"reverse_iterator<std::_Vector_const_iterator<ScorePlayer_*,std::allocator<ScorePlayer_*>_>_>",struct,1
"reverse_iterator<std::_Vector_const_iterator<Scrap_*,std::allocator<Scrap_*>_>_>",struct,1
"reverse_iterator<std::_Vector_const_iterator<Server_*,std::allocator<Server_*>_>_>",struct,1
"reverse_iterator<std::_Vector_const_iterator<Session_*,std::allocator<Session_*>_>_>",struct,1
"reverse_iterator<std::_Vector_const_iterator<SpawnPoint_*,std::allocator<SpawnPoint_*>_>_>",struct,1
"reverse_iterator<std::_Vector_const_iterator<Strip_*,std::allocator<Strip_*>_>_>",struct,1
"reverse_iterator<std::_Vector_const_iterator<WeaponClass_*,std::allocator<WeaponClass_*>_>_>",struct,1
"reverse_iterator<std::_Vector_const_iterator<stdext::_Hash<stdext::_Hmap_traits<unsigned_int,ParameterDB::FileData_*,stdext::hash_compare<unsigned_int,std::less<unsigned_int>_>,std::allocator<std::pair<unsigned_int_const_,ParameterDB::FileData_*>_>,0>_>::_List_position,std::allocator<stdext::_Hash<stdext::_Hmap_traits<unsigned_int,ParameterDB::FileData_*,stdext::hash_compare<unsigned_int,std::less<unsigned_int>_>,std::allocator<std::pair<unsigned_int_const_,ParameterDB::FileData_*>_>,0>_>::_List_position>_>_>",struct,1
"reverse_iterator<std::_Vector_const_iterator<stdext::_Hash<stdext::_Hmap_traits<unsigned_int,char_const_*,stdext::hash_compare<unsigned_int,std::less<unsigned_int>_>,std::allocator<std::pair<unsigned_int_const_,char_const_*>_>,0>_>::_List_position,std::allocator<stdext::_Hash<stdext::_Hmap_traits<unsigned_int,char_const_*,stdext::hash_compare<unsigned_int,std::less<unsigned_int>_>,std::allocator<std::pair<unsigned_int_const_,char_const_*>_>,0>_>::_List_position>_>_>",struct,1
"reverse_iterator<std::_Vector_const_iterator<stdext::_Hash<stdext::_Hmap_traits<unsigned_int,stdext::hash_map<unsigned_int,char_const_*,stdext::hash_compare<unsigned_int,std::less<unsigned_int>_>,std::allocator<std::pair<unsigned_int_const_,char_const_*>_>_>,stdext::hash_compare<unsigned_int,std::less<unsigned_int>_>,std::allocator<std::pair<unsigned_int_const_,stdext::hash_map<unsigned_int,char_const_*,stdext::hash_compare<unsigned_int,std::less<unsigned_int>_>,std::allocator<std::pair<unsigned_int_const_,char_const_*>_>_>_>_>,0>_>::_List_position,std::allocator<stdext::_Hash<stdext::_Hmap_traits<unsigned_int,stdext::hash_map<unsigned_int,char_const_*,stdext::hash_compare<unsigned_int,std::less<unsigned_int>_>,std::allocator<std::pair<unsigned_int_const_,char_const_*>_>_>,stdext::hash_compare<unsigned_int,std::less<unsigned_int>_>,std::allocator<std::pair<unsigned_int_const_,stdext::hash_map<unsigned_int,char_const_*,stdext::hash_compare<unsigned_int,std::less<unsigned_int>_>,std::allocator<std::pair<unsigned_int_const_,char_const_*>_>_>_>_>,0>_>::_List_position>_>_>",struct,1
"reverse_iterator<std::_Vector_const_iterator<stdext::_Hash<stdext::_Hmap_traits<unsigned_long,float,stdext::hash_compare<unsigned_long,std::less<unsigned_long>_>,std::allocator<std::pair<unsigned_long_const_,float>_>,0>_>::_List_position,std::allocator<stdext::_Hash<stdext::_Hmap_traits<unsigned_long,float,stdext::hash_compare<unsigned_long,std::less<unsigned_long>_>,std::allocator<std::pair<unsigned_long_const_,float>_>,0>_>::_List_position>_>_>",struct,1
"reverse_iterator<std::_Vector_const_iterator<stdext::_Hash<stdext::_Hmap_traits<unsigned_long,unsigned_long,stdext::hash_compare<unsigned_long,std::less<unsigned_long>_>,std::allocator<std::pair<unsigned_long_const_,unsigned_long>_>,0>_>::_List_position,std::allocator<stdext::_Hash<stdext::_Hmap_traits<unsigned_long,unsigned_long,stdext::hash_compare<unsigned_long,std::less<unsigned_long>_>,std::allocator<std::pair<unsigned_long_const_,unsigned_long>_>,0>_>::_List_position>_>_>",struct,1
"reverse_iterator<std::_Vector_iterator<AnimSprite_*,std::allocator<AnimSprite_*>_>_>",struct,1
"reverse_iterator<std::_Vector_iterator<Attachment_*,std::allocator<Attachment_*>_>_>",struct,1
"reverse_iterator<std::_Vector_iterator<Craft_*,std::allocator<Craft_*>_>_>",struct,1
"reverse_iterator<std::_Vector_iterator<DistributedObject_*,std::allocator<DistributedObject_*>_>_>",struct,1
"reverse_iterator<std::_Vector_iterator<ExplosionClass_*,std::allocator<ExplosionClass_*>_>_>",struct,1
"reverse_iterator<std::_Vector_iterator<GameFeature_*,std::allocator<GameFeature_*>_>_>",struct,1
"reverse_iterator<std::_Vector_iterator<GameObjectClass_*,std::allocator<GameObjectClass_*>_>_>",struct,1
"reverse_iterator<std::_Vector_iterator<GameObject_*,std::allocator<GameObject_*>_>_>",struct,1
"reverse_iterator<std::_Vector_iterator<Geizer_*,std::allocator<Geizer_*>_>_>",struct,1
"reverse_iterator<std::_Vector_iterator<GridPoint,std::allocator<GridPoint>_>_>",struct,1
"reverse_iterator<std::_Vector_iterator<ObjectClassInfo_*,std::allocator<ObjectClassInfo_*>_>_>",struct,1
"reverse_iterator<std::_Vector_iterator<OrdnanceClass_*,std::allocator<OrdnanceClass_*>_>_>",struct,1
"reverse_iterator<std::_Vector_iterator<PathPoint,std::allocator<PathPoint>_>_>",struct,1
"reverse_iterator<std::_Vector_iterator<Player_*,std::allocator<Player_*>_>_>",struct,1
"reverse_iterator<std::_Vector_iterator<PortData_*,std::allocator<PortData_*>_>_>",struct,1
"reverse_iterator<std::_Vector_iterator<PowerPlant_*,std::allocator<PowerPlant_*>_>_>",struct,1
"reverse_iterator<std::_Vector_iterator<RadarItem,std::allocator<RadarItem>_>_>",struct,1
"reverse_iterator<std::_Vector_iterator<Scanner_*,std::allocator<Scanner_*>_>_>",struct,1
"reverse_iterator<std::_Vector_iterator<ScorePlayer_*,std::allocator<ScorePlayer_*>_>_>",struct,1
"reverse_iterator<std::_Vector_iterator<Scrap_*,std::allocator<Scrap_*>_>_>",struct,1
"reverse_iterator<std::_Vector_iterator<Server_*,std::allocator<Server_*>_>_>",struct,1
"reverse_iterator<std::_Vector_iterator<Session_*,std::allocator<Session_*>_>_>",struct,1
"reverse_iterator<std::_Vector_iterator<SpawnPoint_*,std::allocator<SpawnPoint_*>_>_>",struct,1
"reverse_iterator<std::_Vector_iterator<Strip_*,std::allocator<Strip_*>_>_>",struct,1
"reverse_iterator<std::_Vector_iterator<WeaponClass_*,std::allocator<WeaponClass_*>_>_>",struct,1
"reverse_iterator<std::_Vector_iterator<stdext::_Hash<stdext::_Hmap_traits<unsigned_int,ParameterDB::FileData_*,stdext::hash_compare<unsigned_int,std::less<unsigned_int>_>,std::allocator<std::pair<unsigned_int_const_,ParameterDB::FileData_*>_>,0>_>::_List_position,std::allocator<stdext::_Hash<stdext::_Hmap_traits<unsigned_int,ParameterDB::FileData_*,stdext::hash_compare<unsigned_int,std::less<unsigned_int>_>,std::allocator<std::pair<unsigned_int_const_,ParameterDB::FileData_*>_>,0>_>::_List_position>_>_>",struct,1
"reverse_iterator<std::_Vector_iterator<stdext::_Hash<stdext::_Hmap_traits<unsigned_int,char_const_*,stdext::hash_compare<unsigned_int,std::less<unsigned_int>_>,std::allocator<std::pair<unsigned_int_const_,char_const_*>_>,0>_>::_List_position,std::allocator<stdext::_Hash<stdext::_Hmap_traits<unsigned_int,char_const_*,stdext::hash_compare<unsigned_int,std::less<unsigned_int>_>,std::allocator<std::pair<unsigned_int_const_,char_const_*>_>,0>_>::_List_position>_>_>",struct,1
"reverse_iterator<std::_Vector_iterator<stdext::_Hash<stdext::_Hmap_traits<unsigned_int,stdext::hash_map<unsigned_int,char_const_*,stdext::hash_compare<unsigned_int,std::less<unsigned_int>_>,std::allocator<std::pair<unsigned_int_const_,char_const_*>_>_>,stdext::hash_compare<unsigned_int,std::less<unsigned_int>_>,std::allocator<std::pair<unsigned_int_const_,stdext::hash_map<unsigned_int,char_const_*,stdext::hash_compare<unsigned_int,std::less<unsigned_int>_>,std::allocator<std::pair<unsigned_int_const_,char_const_*>_>_>_>_>,0>_>::_List_position,std::allocator<stdext::_Hash<stdext::_Hmap_traits<unsigned_int,stdext::hash_map<unsigned_int,char_const_*,stdext::hash_compare<unsigned_int,std::less<unsigned_int>_>,std::allocator<std::pair<unsigned_int_const_,char_const_*>_>_>,stdext::hash_compare<unsigned_int,std::less<unsigned_int>_>,std::allocator<std::pair<unsigned_int_const_,stdext::hash_map<unsigned_int,char_const_*,stdext::hash_compare<unsigned_int,std::less<unsigned_int>_>,std::allocator<std::pair<unsigned_int_const_,char_const_*>_>_>_>_>,0>_>::_List_position>_>_>",struct,1
"reverse_iterator<std::_Vector_iterator<stdext::_Hash<stdext::_Hmap_traits<unsigned_long,float,stdext::hash_compare<unsigned_long,std::less<unsigned_long>_>,std::allocator<std::pair<unsigned_long_const_,float>_>,0>_>::_List_position,std::allocator<stdext::_Hash<stdext::_Hmap_traits<unsigned_long,float,stdext::hash_compare<unsigned_long,std::less<unsigned_long>_>,std::allocator<std::pair<unsigned_long_const_,float>_>,0>_>::_List_position>_>_>",struct,1
"reverse_iterator<std::_Vector_iterator<stdext::_Hash<stdext::_Hmap_traits<unsigned_long,unsigned_long,stdext::hash_compare<unsigned_long,std::less<unsigned_long>_>,std::allocator<std::pair<unsigned_long_const_,unsigned_long>_>,0>_>::_List_position,std::allocator<stdext::_Hash<stdext::_Hmap_traits<unsigned_long,unsigned_long,stdext::hash_compare<unsigned_long,std::less<unsigned_long>_>,std::allocator<std::pair<unsigned_long_const_,unsigned_long>_>,0>_>::_List_position>_>_>",struct,1
"reverse_iterator<std::list<AOI_*,std::allocator<AOI_*>_>::_Const_iterator<1>_>",struct,1
"reverse_iterator<std::list<AOI_*,std::allocator<AOI_*>_>::_Iterator<1>_>",struct,1
"reverse_iterator<std::list<Addr_*,std::allocator<Addr_*>_>::_Const_iterator<1>_>",struct,1
"reverse_iterator<std::list<Addr_*,std::allocator<Addr_*>_>::_Iterator<1>_>",struct,1
"reverse_iterator<std::list<AdjustItem_*,std::allocator<AdjustItem_*>_>::_Const_iterator<1>_>",struct,1
"reverse_iterator<std::list<AdjustItem_*,std::allocator<AdjustItem_*>_>::_Iterator<1>_>",struct,1
"reverse_iterator<std::list<AiMissionClass_*,std::allocator<AiMissionClass_*>_>::_Const_iterator<1>_>",struct,1
"reverse_iterator<std::list<AiMissionClass_*,std::allocator<AiMissionClass_*>_>::_Iterator<1>_>",struct,1
"reverse_iterator<std::list<AiPath_*,std::allocator<AiPath_*>_>::_Const_iterator<1>_>",struct,1
"reverse_iterator<std::list<AiPath_*,std::allocator<AiPath_*>_>::_Iterator<1>_>",struct,1
"reverse_iterator<std::list<AiProcess_*,std::allocator<AiProcess_*>_>::_Const_iterator<1>_>",struct,1
"reverse_iterator<std::list<AiProcess_*,std::allocator<AiProcess_*>_>::_Iterator<1>_>",struct,1
"reverse_iterator<std::list<AiTask_*,std::allocator<AiTask_*>_>::_Const_iterator<1>_>",struct,1
"reverse_iterator<std::list<AiTask_*,std::allocator<AiTask_*>_>::_Iterator<1>_>",struct,1
"reverse_iterator<std::list<AttackGroup_*,std::allocator<AttackGroup_*>_>::_Const_iterator<1>_>",struct,1
"reverse_iterator<std::list<AttackGroup_*,std::allocator<AttackGroup_*>_>::_Iterator<1>_>",struct,1
"reverse_iterator<std::list<AttackerInfo,std::allocator<AttackerInfo>_>::_Const_iterator<1>_>",struct,1
"reverse_iterator<std::list<AttackerInfo,std::allocator<AttackerInfo>_>::_Iterator<1>_>",struct,1
"reverse_iterator<std::list<AudMsgInfo_*,std::allocator<AudMsgInfo_*>_>::_Const_iterator<1>_>",struct,1
"reverse_iterator<std::list<AudMsgInfo_*,std::allocator<AudMsgInfo_*>_>::_Iterator<1>_>",struct,1
"reverse_iterator<std::list<DisplayInterface_*,std::allocator<DisplayInterface_*>_>::_Const_iterator<1>_>",struct,1
"reverse_iterator<std::list<DisplayInterface_*,std::allocator<DisplayInterface_*>_>::_Iterator<1>_>",struct,1
"reverse_iterator<std::list<DisplayViewInfo_*,std::allocator<DisplayViewInfo_*>_>::_Const_iterator<1>_>",struct,1
"reverse_iterator<std::list<DisplayViewInfo_*,std::allocator<DisplayViewInfo_*>_>::_Iterator<1>_>",struct,1
"reverse_iterator<std::list<Explosion_*,std::allocator<Explosion_*>_>::_Const_iterator<1>_>",struct,1
"reverse_iterator<std::list<Explosion_*,std::allocator<Explosion_*>_>::_Iterator<1>_>",struct,1
"reverse_iterator<std::list<FollowGroup_*,std::allocator<FollowGroup_*>_>::_Const_iterator<1>_>",struct,1
"reverse_iterator<std::list<FollowGroup_*,std::allocator<FollowGroup_*>_>::_Iterator<1>_>",struct,1
"reverse_iterator<std::list<FollowerInfo,std::allocator<FollowerInfo>_>::_Const_iterator<1>_>",struct,1
"reverse_iterator<std::list<FollowerInfo,std::allocator<FollowerInfo>_>::_Iterator<1>_>",struct,1
"reverse_iterator<std::list<OldNew_*,std::allocator<OldNew_*>_>::_Const_iterator<1>_>",struct,1
"reverse_iterator<std::list<OldNew_*,std::allocator<OldNew_*>_>::_Iterator<1>_>",struct,1
"reverse_iterator<std::list<Ordnance_*,std::allocator<Ordnance_*>_>::_Const_iterator<1>_>",struct,1
"reverse_iterator<std::list<Ordnance_*,std::allocator<Ordnance_*>_>::_Iterator<1>_>",struct,1
"reverse_iterator<std::list<RtimeClass_*,std::allocator<RtimeClass_*>_>::_Const_iterator<1>_>",struct,1
"reverse_iterator<std::list<RtimeClass_*,std::allocator<RtimeClass_*>_>::_Iterator<1>_>",struct,1
"reverse_iterator<std::list<Weapon_*,std::allocator<Weapon_*>_>::_Const_iterator<1>_>",struct,1
"reverse_iterator<std::list<Weapon_*,std::allocator<Weapon_*>_>::_Iterator<1>_>",struct,1
"reverse_iterator<std::list<std::pair<unsigned_int_const_,ParameterDB::FileData_*>,std::allocator<std::pair<unsigned_int_const_,ParameterDB::FileData_*>_>_>::_Const_iterator<1>_>",struct,1
"reverse_iterator<std::list<std::pair<unsigned_int_const_,ParameterDB::FileData_*>,std::allocator<std::pair<unsigned_int_const_,ParameterDB::FileData_*>_>_>::_Iterator<1>_>",struct,1
"reverse_iterator<std::list<std::pair<unsigned_int_const_,char_const_*>,std::allocator<std::pair<unsigned_int_const_,char_const_*>_>_>::_Const_iterator<1>_>",struct,1
"reverse_iterator<std::list<std::pair<unsigned_int_const_,char_const_*>,std::allocator<std::pair<unsigned_int_const_,char_const_*>_>_>::_Iterator<1>_>",struct,1
"reverse_iterator<std::list<std::pair<unsigned_int_const_,stdext::hash_map<unsigned_int,char_const_*,stdext::hash_compare<unsigned_int,std::less<unsigned_int>_>,std::allocator<std::pair<unsigned_int_const_,char_const_*>_>_>_>,std::allocator<std::pair<unsigned_int_const_,stdext::hash_map<unsigned_int,char_const_*,stdext::hash_compare<unsigned_int,std::less<unsigned_int>_>,std::allocator<std::pair<unsigned_int_const_,char_const_*>_>_>_>_>_>::_Const_iterator<1>_>",struct,1
"reverse_iterator<std::list<std::pair<unsigned_int_const_,stdext::hash_map<unsigned_int,char_const_*,stdext::hash_compare<unsigned_int,std::less<unsigned_int>_>,std::allocator<std::pair<unsigned_int_const_,char_const_*>_>_>_>,std::allocator<std::pair<unsigned_int_const_,stdext::hash_map<unsigned_int,char_const_*,stdext::hash_compare<unsigned_int,std::less<unsigned_int>_>,std::allocator<std::pair<unsigned_int_const_,char_const_*>_>_>_>_>_>::_Iterator<1>_>",struct,1
"reverse_iterator<std::list<std::pair<unsigned_long_const_,float>,std::allocator<std::pair<unsigned_long_const_,float>_>_>::_Const_iterator<1>_>",struct,1
"reverse_iterator<std::list<std::pair<unsigned_long_const_,float>,std::allocator<std::pair<unsigned_long_const_,float>_>_>::_Iterator<1>_>",struct,1
"reverse_iterator<std::list<std::pair<unsigned_long_const_,unsigned_long>,std::allocator<std::pair<unsigned_long_const_,unsigned_long>_>_>::_Const_iterator<1>_>",struct,1
"reverse_iterator<std::list<std::pair<unsigned_long_const_,unsigned_long>,std::allocator<std::pair<unsigned_long_const_,unsigned_long>_>_>::_Iterator<1>_>",struct,1
runtime_error,struct,36
sTransport,struct,178
satypeAttribute,struct,4
servent,struct,16
size_isAttribute,struct,4
soap_handlerAttribute,struct,20
soap_headerAttribute,struct,8
soap_methodAttribute,struct,4
soap_namespaceAttribute,struct,4
sockaddr,struct,16
sockaddr_in,struct,16
sockproto,struct,4
sourceAttribute,struct,4
source_annotation_attributeAttribute,struct,8
stat,struct,48
static_codebook,struct,40
static_codebook.conflict,struct,40
stringAttribute,struct,1
stringtable,struct,12
support_error_infoAttribute,struct,4
switch_isAttribute,struct,4
switch_typeAttribute,struct,4
synchronizeAttribute,struct,1
tMIXERCONTROLDETAILS,struct,24
tMIXERCONTROLDETAILS_BOOLEAN,struct,4
tMIXERCONTROLDETAILS_SIGNED,struct,4
tMIXERCONTROLDETAILS_UNSIGNED,struct,4
tMIXERCONTROLDETAILS_u_12,union,4
tWAVEFORMATEX,struct,18
tagABORTPATH,struct,8
tagACCEL,struct,6
tagACCESSTIMEOUT,struct,12
tagACTCTXA,struct,32
tagACTCTXW,struct,32
tagACTCTX_SECTION_KEYED_DATA,struct,64
tagACTCTX_SECTION_KEYED_DATA_2600,struct,40
tagACTCTX_SECTION_KEYED_DATA_ASSEMBLY_METADATA,struct,20
tagAIP_struct,struct,1384
tagAIP_struct.conflict,struct,1080
tagALTTABINFO,struct,40
tagANIMATIONINFO,struct,8
tagANIMOBJ_ACTIVE_LIST,struct,32
tagANIMOBJ_ANIM,struct,148
tagANIMOBJ_HEADER,struct,64
tagANIMOBJ_MESH,struct,132
tagANIMOBJ_POSKEY,struct,16
tagANIMOBJ_ROTKEY,struct,20
tagANIMOBJ_SCLKEY,struct,16
tagARRAYDESC,struct,20
tagATEXITNODE,struct,8
tagAUDIODESCRIPTION,struct,12
tagAUXCAPS2A,struct,96
tagAUXCAPS2W,struct,128
tagAUXCAPSA,struct,48
tagAUXCAPSW,struct,80
tagAXESLISTA,struct,392
tagAXESLISTW,struct,648
tagAXISINFOA,struct,24
tagAXISINFOW,struct,40
tagActiveAnim,struct,184
tagActiveSkyAnim,struct,192
tagAnimSet,struct,68
tagBINDPTR,union,4
tagBIND_OPTS,struct,16
tagBIND_OPTS2,struct,32
tagBIND_OPTS2.conflict,struct,32
tagBIND_OPTS3,struct,36
tagBIND_OPTS3.conflict,struct,36
tagBITMAP,struct,24
tagBITMAPCOREHEADER,struct,12
tagBITMAPCOREINFO,struct,16
tagBITMAPFILEHEADER,struct,14
tagBITMAPINFO,struct,44
tagBITMAPINFOHEADER,struct,40
tagBLOB,struct,8
tagBSTRBLOB,struct,8
tagBUILDID,struct,8
tagBUILDING,struct,56
tagBUILDINGTYPE,struct,128
tagBinaryParam,struct,8
tagCABOOL,struct,8
tagCABSTR,struct,8
tagCABSTR.conflict,struct,8
tagCABSTRBLOB,struct,8
tagCAC,struct,8
tagCACLIPDATA,struct,8
tagCACLSID,struct,8
tagCACY,struct,8
tagCADATE,struct,8
tagCADBL,struct,8
tagCAFILETIME,struct,8
tagCAFLT,struct,8
tagCAH,struct,8
tagCAI,struct,8
tagCAL,struct,8
tagCALPSTR,struct,8
tagCALPWSTR,struct,8
tagCALPWSTR.conflict,struct,8
tagCANDIDATEFORM,struct,32
tagCANDIDATELIST,struct,28
tagCAPROPVARIANT,struct,8
tagCASCODE,struct,8
tagCAUB,struct,8
tagCAUH,struct,8
tagCAUI,struct,8
tagCAUL,struct,8
tagCBTACTIVATESTRUCT,struct,8
tagCBT_CREATEWNDA,struct,8
tagCBT_CREATEWNDW,struct,8
tagCHARSETINFO,struct,32
tagCHOOSECOLORA,struct,36
tagCHOOSECOLORW,struct,36
tagCHOOSEFONTA,struct,60
tagCHOOSEFONTW,struct,60
tagCHOOSEFONTW.conflict,struct,60
tagCIEXYZ,struct,12
tagCLEANLOCALSTORAGE,struct,12
tagCLIENTCREATESTRUCT,struct,8
tagCLIPDATA,struct,12
tagCOLORADJUSTMENT,struct,24
tagCOLORCORRECTPALETTE,struct,24
tagCOLORMATCHTOTARGET,struct,28
tagCOMBOBOXINFO,struct,52
tagCOMPAREITEMSTRUCT,struct,32
tagCOMPOSITIONFORM,struct,28
tagCONSTRUCTION_PROGRAM,struct,128
tagCONVCONTEXT,struct,36
tagCONVINFO,struct,96
tagCOPYDATASTRUCT,struct,12
tagCP_ACCOUNT,struct,8
tagCP_NODE,struct,12
tagCP_NODE_u_4,union,4
tagCP_NODE_u_8,union,4
tagCP_PRIORITY_LEVEL,struct,16
tagCREATESTRUCTA,struct,48
tagCREATESTRUCTW,struct,48
tagCRGB,struct,4
tagCSPLATFORM,struct,16
tagCURSORINFO,struct,20
tagCURSORSHAPE,struct,24
tagCUSTDATA,struct,8
tagCUSTDATAITEM,struct,32
tagCWPRETSTRUCT,struct,20
tagCWPSTRUCT,struct,16
tagCY,union,8
tagCY_s_0,struct,8
tagCloudSet,struct,240
tagD3DAppInfo,struct,2488
tagDDDEVICEIDENTIFIER,struct,1064
tagDDDEVICEIDENTIFIER2,struct,1072
tagDDEML_MSG_HOOK_DATA,struct,44
tagDEBUGHOOKINFO,struct,20
tagDEC,struct,16
tagDEC_u_2,union,2
tagDEC_u_2_s_0,struct,2
tagDEC_u_8,union,8
tagDEC_u_8_s_0,struct,8
tagDELETEITEMSTRUCT,struct,20
tagDESIGNVECTOR,struct,72
tagDEVNAMES,struct,8
tagDIBSECTION,struct,84
tagDISPPARAMS,struct,16
tagDRAWITEMSTRUCT,struct,48
tagDRAWTEXTPARAMS,struct,20
tagDROPSTRUCT,struct,28
tagDRVCONFIGINFO,struct,12
tagDVTARGETDEVICE,struct,16
tagELEMDESC,struct,16
tagELEMDESC_u_8,union,8
tagEMR,struct,8
tagEMRALPHABLEND,struct,108
tagEMRANGLEARC,struct,28
tagEMRARC,struct,40
tagEMRBITBLT,struct,100
tagEMRCREATEBRUSHINDIRECT,struct,24
tagEMRCREATECOLORSPACE,struct,340
tagEMRCREATECOLORSPACEW,struct,612
tagEMRCREATEDIBPATTERNBRUSHPT,struct,32
tagEMRCREATEMONOBRUSH,struct,32
tagEMRCREATEPALETTE,struct,20
tagEMRCREATEPEN,struct,28
tagEMRELLIPSE,struct,24
tagEMREOF,struct,20
tagEMREXCLUDECLIPRECT,struct,24
tagEMREXTCREATEFONTINDIRECTW,struct,332
tagEMREXTCREATEPEN,struct,56
tagEMREXTESCAPE,struct,20
tagEMREXTFLOODFILL,struct,24
tagEMREXTSELECTCLIPRGN,struct,20
tagEMREXTTEXTOUTA,struct,76
tagEMRFILLPATH,struct,24
tagEMRFILLRGN,struct,36
tagEMRFORMAT,struct,16
tagEMRFRAMERGN,struct,44
tagEMRGDICOMMENT,struct,16
tagEMRGLSBOUNDEDRECORD,struct,32
tagEMRGLSRECORD,struct,16
tagEMRGRADIENTFILL,struct,52
tagEMRINVERTRGN,struct,32
tagEMRLINETO,struct,16
tagEMRMASKBLT,struct,128
tagEMRMODIFYWORLDTRANSFORM,struct,36
tagEMRNAMEDESCAPE,struct,24
tagEMROFFSETCLIPRGN,struct,16
tagEMRPIXELFORMAT,struct,48
tagEMRPLGBLT,struct,140
tagEMRPOLYDRAW,struct,40
tagEMRPOLYDRAW16,struct,36
tagEMRPOLYLINE,struct,36
tagEMRPOLYLINE16,struct,32
tagEMRPOLYPOLYLINE,struct,44
tagEMRPOLYPOLYLINE16,struct,40
tagEMRPOLYTEXTOUTA,struct,80
tagEMRRESIZEPALETTE,struct,16
tagEMRRESTOREDC,struct,12
tagEMRROUNDRECT,struct,32
tagEMRSCALEVIEWPORTEXTEX,struct,24
tagEMRSELECTCLIPPATH,struct,12
tagEMRSELECTOBJECT,struct,12
tagEMRSELECTPALETTE,struct,12
tagEMRSETARCDIRECTION,struct,12
tagEMRSETCOLORADJUSTMENT,struct,32
tagEMRSETCOLORSPACE,struct,12
tagEMRSETDIBITSTODEVICE,struct,76
tagEMRSETICMPROFILE,struct,24
tagEMRSETMAPPERFLAGS,struct,12
tagEMRSETMITERLIMIT,struct,12
tagEMRSETPALETTEENTRIES,struct,24
tagEMRSETPIXELV,struct,20
tagEMRSETTEXTCOLOR,struct,12
tagEMRSETVIEWPORTEXTEX,struct,16
tagEMRSETVIEWPORTORGEX,struct,16
tagEMRSETWORLDTRANSFORM,struct,32
tagEMRSTRETCHBLT,struct,108
tagEMRSTRETCHDIBITS,struct,80
tagEMRTEXT,struct,40
tagEMRTRANSPARENTBLT,struct,108
tagENHMETAHEADER,struct,108
tagENHMETARECORD,struct,12
tagENTITY,struct,196
tagENUMLOGFONTA,struct,156
tagENUMLOGFONTEXA,struct,188
tagENUMLOGFONTEXDVA,struct,260
tagENUMLOGFONTEXDVW,struct,420
tagENUMLOGFONTEXW,struct,348
tagENUMLOGFONTW,struct,284
tagENUMTEXTMETRICA,struct,488
tagENUMTEXTMETRICW,struct,748
tagEVENTMSG,struct,20
tagEXCEPINFO,struct,32
tagEXCEPINFO.conflict,struct,32
tagEXTLOGFONTA,struct,192
tagEXTLOGFONTW,struct,320
tagEXTLOGPEN,struct,28
tagFILTERKEYS,struct,24
tagFINDREPLACEA,struct,40
tagFINDREPLACEW,struct,40
tagFINDREPLACEW.conflict,struct,40
tagFLOATVEC2,struct,8
tagFONTSIGNATURE,struct,24
tagFORMATETC,struct,20
tagFUNCDESC,struct,52
tagGCP_RESULTSA,struct,36
tagGCP_RESULTSA.conflict,struct,36
tagGCP_RESULTSW,struct,36
tagGCP_RESULTSW.conflict,struct,36
tagGLYPHSET,struct,20
tagGUITHREADINFO,struct,48
tagHANDLETABLE,struct,4
tagHARDWAREHOOKSTRUCT,struct,16
tagHARDWAREINPUT,struct,8
tagHELPINFO,struct,28
tagHELPWININFOA,struct,28
tagHELPWININFOW,struct,28
tagHIGHCONTRASTA,struct,12
tagHIGHCONTRASTW,struct,12
tagHIGHCONTRASTW.conflict,struct,12
tagHSZPAIR,struct,8
tagHW_PROFILE_INFOA,struct,124
tagHW_PROFILE_INFOW,struct,244
tagICEXYZTRIPLE,struct,36
tagICONMETRICSA,struct,76
tagICONMETRICSW,struct,108
tagIDLDESC,struct,8
tagIMECHARPOSITION,struct,36
tagIMEMENUITEMINFOA,struct,112
tagIMEMENUITEMINFOW,struct,192
tagINPUT,struct,28
tagINPUT_u_4,union,24
tagINTERFACEDATA,struct,8
tagINTERFACEINFO,struct,24
tagINTVEC2,struct,8
tagITERATOR,struct,80
tagI_RpcProxyCallbackInterface,struct,28
tagIcon,struct,36
tagIconMenu,struct,28
tagJOYCAPS2A,struct,452
tagJOYCAPS2W,struct,776
tagJOYCAPSA,struct,404
tagJOYCAPSW,struct,728
tagKBDLLHOOKSTRUCT,struct,20
tagKERNINGPAIR,struct,8
tagKEYBDINPUT,struct,16
tagKNOWNFOLDER_DEFINITION,struct,76
tagLASTINPUTINFO,struct,8
tagLAYERPLANEDESCRIPTOR,struct,32
tagLC_ID,struct,6
tagLIGHTING,union,4
tagLOCALESIGNATURE,struct,32
tagLODINFO,struct,100
tagLOGBRUSH,struct,12
tagLOGBRUSH32,struct,12
tagLOGCOLORSPACEA,struct,328
tagLOGCOLORSPACEW,struct,588
tagLOGFONTA,struct,60
tagLOGFONTW,struct,92
tagLOGPALETTE,struct,8
tagLOGPEN,struct,16
tagMAPGRID,struct,268
tagMAP_ELEMENT,struct,20
tagMCI_ANIM_OPEN_PARMSA,struct,28
tagMCI_ANIM_OPEN_PARMSW,struct,28
tagMCI_ANIM_PLAY_PARMS,struct,16
tagMCI_ANIM_RECT_PARMS,struct,20
tagMCI_ANIM_STEP_PARMS,struct,8
tagMCI_ANIM_UPDATE_PARMS,struct,24
tagMCI_ANIM_WINDOW_PARMSA,struct,16
tagMCI_ANIM_WINDOW_PARMSW,struct,16
tagMCI_BREAK_PARMS,struct,12
tagMCI_GENERIC_PARMS,struct,4
tagMCI_GETDEVCAPS_PARMS,struct,12
tagMCI_INFO_PARMSA,struct,12
tagMCI_INFO_PARMSW,struct,12
tagMCI_INFO_PARMSW.conflict,struct,12
tagMCI_LOAD_PARMSA,struct,8
tagMCI_LOAD_PARMSW,struct,8
tagMCI_OPEN_PARMSA,struct,20
tagMCI_OPEN_PARMSW,struct,20
tagMCI_OVLY_LOAD_PARMSA,struct,24
tagMCI_OVLY_LOAD_PARMSW,struct,24
tagMCI_OVLY_OPEN_PARMSA,struct,28
tagMCI_OVLY_OPEN_PARMSW,struct,28
tagMCI_OVLY_RECT_PARMS,struct,20
tagMCI_OVLY_SAVE_PARMSA,struct,24
tagMCI_OVLY_SAVE_PARMSW,struct,24
tagMCI_OVLY_WINDOW_PARMSA,struct,16
tagMCI_OVLY_WINDOW_PARMSW,struct,16
tagMCI_PLAY_PARMS,struct,12
tagMCI_RECORD_PARMS,struct,12
tagMCI_SAVE_PARMSA,struct,8
tagMCI_SAVE_PARMSW,struct,8
tagMCI_SEEK_PARMS,struct,8
tagMCI_SEQ_SET_PARMS,struct,32
tagMCI_SET_PARMS,struct,12
tagMCI_STATUS_PARMS,struct,16
tagMCI_SYSINFO_PARMSA,struct,20
tagMCI_SYSINFO_PARMSW,struct,20
tagMCI_SYSINFO_PARMSW.conflict,struct,20
tagMCI_VD_ESCAPE_PARMSA,struct,8
tagMCI_VD_ESCAPE_PARMSW,struct,8
tagMCI_VD_PLAY_PARMS,struct,16
tagMCI_VD_STEP_PARMS,struct,8
tagMCI_WAVE_DELETE_PARMS,struct,12
tagMCI_WAVE_OPEN_PARMSA,struct,24
tagMCI_WAVE_OPEN_PARMSW,struct,24
tagMCI_WAVE_SET_PARMS,struct,44
tagMDICREATESTRUCTA,struct,36
tagMDICREATESTRUCTW,struct,36
tagMDINEXTMENU,struct,12
tagMEASUREITEMSTRUCT,struct,24
tagMENUBARINFO,struct,32
tagMENUGETOBJECTINFO,struct,20
tagMENUINFO,struct,28
tagMENUITEMINFOA,struct,48
tagMENUITEMINFOW,struct,48
tagMENUITEMINFOW.conflict,struct,48
tagMETAFILEPICT,struct,16
tagMETAHEADER,struct,18
tagMETARECORD,struct,8
tagMETHODDATA,struct,28
tagMETHODDATA.conflict,struct,28
tagMIDIINCAPS2A,struct,92
tagMIDIINCAPS2W,struct,124
tagMIDIINCAPSA,struct,44
tagMIDIINCAPSW,struct,76
tagMIDIOUTCAPS2A,struct,100
tagMIDIOUTCAPS2W,struct,132
tagMIDIOUTCAPSA,struct,52
tagMIDIOUTCAPSW,struct,84
tagMINIBUILDING,struct,16
tagMINIMIZEDMETRICS,struct,20
tagMINMAXINFO,struct,40
tagMIX2UV,struct,32
tagMIXERCAPS2A,struct,96
tagMIXERCAPS2W,struct,128
tagMIXERCAPSA,struct,48
tagMIXERCAPSW,struct,80
tagMIXERCONTROLA,struct,148
tagMIXERCONTROLDETAILS_LISTTEXTA,struct,72
tagMIXERCONTROLDETAILS_LISTTEXTW,struct,136
tagMIXERCONTROLW,struct,228
tagMIXERLINEA,struct,168
tagMIXERLINECONTROLSA,struct,24
tagMIXERLINECONTROLSA_u_8,union,4
tagMIXERLINECONTROLSW,struct,24
tagMIXERLINECONTROLSW_u_8,union,4
tagMIXERLINEW,struct,280
tagMONCBSTRUCT,struct,120
tagMONCONVSTRUCT,struct,32
tagMONERRSTRUCT,struct,16
tagMONHSZSTRUCTA,struct,24
tagMONHSZSTRUCTW,struct,24
tagMONITORINFO,struct,40
tagMONITORINFOEXA,struct,72
tagMONITORINFOEXA.conflict,struct,72
tagMONITORINFOEXW,struct,104
tagMONITORINFOEXW.conflict,struct,104
tagMONLINKSTRUCT,struct,48
tagMONMSGSTRUCT,struct,72
tagMOUSEHOOKSTRUCT,struct,20
tagMOUSEHOOKSTRUCTEX,struct,24
tagMOUSEHOOKSTRUCTEX.conflict,struct,24
tagMOUSEINPUT,struct,24
tagMOUSEKEYS,struct,28
tagMOUSEMOVEPOINT,struct,16
tagMSG,struct,28
tagMSGBOXPARAMSA,struct,40
tagMSGBOXPARAMSW,struct,40
tagMSLLHOOKSTRUCT,struct,24
tagMULTIKEYHELPA,struct,8
tagMULTIKEYHELPW,struct,8
tagMULTI_QI,struct,12
tagNCCALCSIZE_PARAMS,struct,52
tagNC_ADDRESS,struct,8
tagNEWTEXTMETRICA,struct,72
tagNEWTEXTMETRICEXA,struct,96
tagNEWTEXTMETRICEXW,struct,100
tagNEWTEXTMETRICW,struct,76
tagNMHDR,struct,12
tagNONCLIENTMETRICSA,struct,344
tagNONCLIENTMETRICSW,struct,504
tagOBJECTDESCRIPTOR,struct,52
tagOFNA,struct,88
tagOFNW,struct,88
tagOFNW.conflict,struct,88
tagOFN_NT4A,struct,76
tagOFN_NT4W,struct,76
tagOFN_NT4W.conflict,struct,76
tagOIFI,struct,20
tagOLEVERB,struct,16
tagOLEVERB.conflict,struct,16
tagOVERLAY,struct,28
tagOVERLAYTYPE,struct,4
tagOleMenuGroupWidths,struct,24
tagPAINTSTRUCT,struct,64
tagPALETTEENTRY,struct,4
tagPANOSE,struct,10
tagPARAMDATA,struct,8
tagPARAMDATA.conflict,struct,8
tagPARAMDESC,struct,8
tagPARAMDESCEX,struct,24
tagPART,struct,4
tagPARTID,struct,8
tagPARTTYPE,struct,20
tagPDA,struct,66
tagPDEXA,struct,84
tagPDEXW,struct,84
tagPDW,struct,66
tagPELARRAY,struct,20
tagPIXELFORMATDESCRIPTOR,struct,40
tagPOINT,struct,8
tagPOINTFX,struct,8
tagPOINTS,struct,4
tagPOLYTEXTA,struct,40
tagPOLYTEXTW,struct,40
tagPRINTPAGERANGE,struct,8
tagPROPSPEC,struct,8
tagPROPSPEC.conflict,struct,8
tagPROPSPEC_u_4,union,4
tagPROPSPEC_u_4.conflict,union,4
tagPROPVARIANT,struct,16
tagPROPVARIANT.conflict,struct,16
tagPROPVARIANT_u_0,union,16
tagPROPVARIANT_u_0.conflict,union,16
tagPROPVARIANT_u_0_s_0,struct,16
tagPROPVARIANT_u_0_s_0.conflict,struct,16
tagPROPVARIANT_u_0_s_0_u_8,union,8
tagPROPVARIANT_u_0_s_0_u_8.conflict,union,8
tagPSDA,struct,84
tagPSDW,struct,84
tagQUERYCONTEXT,struct,32
tagRASCONNA,struct,720
tagRASCONNSTATUSA,struct,288
tagRAWHID,struct,12
tagRAWINPUT,struct,40
tagRAWINPUTDEVICE,struct,12
tagRAWINPUTDEVICELIST,struct,8
tagRAWINPUTHEADER,struct,16
tagRAWKEYBOARD,struct,16
tagRAWMOUSE,struct,24
tagRAWMOUSE_u_4,union,4
tagRAWMOUSE_u_4_s_1,struct,4
tagRECONVERTSTRING,struct,32
tagRECT,struct,16
tagREGISTERWORDA,struct,8
tagREGISTERWORDW,struct,8
tagREGISTERWORDW.conflict,struct,8
tagRGBQUAD,struct,4
tagRGBTRIPLE,struct,3
tagRID_DEVICE_INFO,struct,32
tagRID_DEVICE_INFO_HID,struct,16
tagRID_DEVICE_INFO_KEYBOARD,struct,24
tagRID_DEVICE_INFO_MOUSE,struct,16
tagRID_DEVICE_INFO_u_8,union,24
tagRPCOLEMESSAGE,struct,44
tagRPC_CALL_ATTRIBUTES_V1_A,struct,36
tagRPC_CALL_ATTRIBUTES_V1_W,struct,36
tagRPC_CALL_ATTRIBUTES_V2_A,struct,84
tagRPC_CALL_ATTRIBUTES_V2_W,struct,84
tagRPC_EE_INFO_PARAM,struct,16
tagRPC_EE_INFO_PARAM.conflict,struct,16
tagRPC_ERROR_ENUM_HANDLE,struct,12
tagRPC_EXTENDED_ERROR_INFO,struct,112
tagRPC_EXTENDED_ERROR_INFO.conflict,struct,112
tagRemBRUSH,struct,8
tagRemFORMATETC,struct,20
tagRemHBITMAP,struct,8
tagRemHENHMETAFILE,struct,8
tagRemHGLOBAL,struct,12
tagRemHMETAFILEPICT,struct,20
tagRemHPALETTE,struct,8
tagRemSNB,struct,12
tagRemSTGMEDIUM,struct,24
tagSAFEARRAY,struct,24
tagSAFEARRAYBOUND,struct,8
tagSCROLLBARINFO,struct,60
tagSCROLLINFO,struct,28
tagSERIALIZEDPROPERTYVALUE,struct,8
tagSERIALKEYSA,struct,28
tagSERIALKEYSW,struct,28
tagSERIALKEYSW.conflict,struct,28
tagSIZE,struct,8
tagSOLE_AUTHENTICATION_INFO,struct,12
tagSOLE_AUTHENTICATION_LIST,struct,8
tagSOLE_AUTHENTICATION_SERVICE,struct,16
tagSOLE_AUTHENTICATION_SERVICE.conflict,struct,16
tagSOUNDSENTRYA,struct,48
tagSOUNDSENTRYW,struct,48
tagSOUNDSENTRYW.conflict,struct,48
tagSOleTlsDataPublic,struct,60
tagSPECIAL_FORCES_BODY,struct,28
tagSTATDATA,struct,32
tagSTATPROPSETSTG,struct,64
tagSTATPROPSTG,struct,12
tagSTATPROPSTG.conflict,struct,12
tagSTATSTG,struct,72
tagSTATSTG.conflict,struct,72
tagSTGMEDIUM,struct,12
tagSTGMEDIUM.conflict,struct,12
tagSTGMEDIUM_u_4,union,4
tagSTGMEDIUM_u_4.conflict,union,4
tagSTGOPTIONS,struct,12
tagSTICKYKEYS,struct,8
tagSTRIP,struct,12
tagSTYLEBUFA,struct,36
tagSTYLEBUFW,struct,68
tagSTYLESTRUCT,struct,8
tagSessionFLAG,struct,8
tagShortcutKey,struct,12
tagSkyAnimSet,struct,340
tagSkyBackdrop,struct,40
tagStarSet,struct,8
tagStorageLayout,struct,24
tagStorageLayout.conflict,struct,24
tagTARGETS,struct,64
tagTERRAIN_VIEW,struct,48
tagTEXTMETRICA,struct,56
tagTEXTMETRICW,struct,60
tagTHREADNAME_INFO,struct,16
tagTILE_FILE_INFO,struct,5
tagTITLEBARINFO,struct,44
tagTITLEBARINFOEX,struct,140
tagTLIBATTR,struct,32
tagTOGGLEKEYS,struct,8
tagTPMPARAMS,struct,20
tagTRACKMOUSEEVENT,struct,16
tagTTPOLYCURVE,struct,12
tagTTPOLYGONHEADER,struct,16
tagTYPEATTR,struct,76
tagTYPEATTR.conflict,struct,76
tagTYPEDESC,struct,8
tagTYPEDESC_u_0,union,4
tagUNIT,struct,108
tagUNITID,struct,8
tagUNITTYPE,struct,136
tagUNITTYPE_ABILITIES,struct,4
tagUPDATELAYEREDWINDOWINFO,struct,40
tagUSEROBJECTFLAGS,struct,12
tagVARDESC,struct,36
tagVARDESC.conflict,struct,36
tagVARDESC_u_8,union,4
tagVARIANT,struct,16
tagVARIANT.conflict,struct,16
tagVARIANT_u_0,union,16
tagVARIANT_u_0.conflict,union,16
tagVARIANT_u_0_s_0,struct,16
tagVARIANT_u_0_s_0.conflict,struct,16
tagVARIANT_u_0_s_0_u_8,union,8
tagVARIANT_u_0_s_0_u_8.conflict,union,8
tagVARIANT_u_0_s_0_u_8_s_43,struct,8
tagVS_FIXEDFILEINFO,struct,52
tagVersionedStream,struct,20
tagVisibleCloud,struct,20
tagVisibleStar,struct,44
tagWAVEINCAPS2A,struct,96
tagWAVEINCAPS2W,struct,128
tagWAVEINCAPSA,struct,48
tagWAVEINCAPSW,struct,80
tagWAVEOUTCAPS2A,struct,100
tagWAVEOUTCAPS2W,struct,132
tagWAVEOUTCAPSA,struct,52
tagWAVEOUTCAPSW,struct,84
tagWCRANGE,struct,4
tagWEAPONTYPE,struct,8
tagWINDOWINFO,struct,60
tagWINDOWPLACEMENT,struct,44
tagWINDOWPOS,struct,28
tagWNDCLASSA,struct,40
tagWNDCLASSEXA,struct,48
tagWNDCLASSEXW,struct,48
tagWNDCLASSW,struct,40
tagWTSSESSION_NOTIFICATION,struct,8
tagXFORM,struct,24
tag_c_linked_list,struct,20
tag_c_list_cell,struct,12
tag_nameAttribute,struct,8
tag_sortlist,struct,16
tag_squad,struct,72
tag_squad_matching,struct,40
tag_strategy_map,struct,148
tag_team,struct,1436
tag_troop_flow,struct,8
texanim,struct,36
textab,struct,52
threadingAttribute,struct,4
threadlocaleinfostruct,struct,216
threadlocaleinfostruct.conflict,struct,216
threadmbcinfostruct,struct,1
tileid,struct,12
timeb,struct,16
timecaps_tag,struct,8
timeval,struct,8
tm,struct,36
transmit_asAttribute,struct,4
type_info,struct,12
uidefaultAttribute,struct,1
"unary_function<std::basic_string<char,std::char_traits<char>,std::allocator<char>_>,unsigned_int>",struct,1
"unary_function<std::basic_string<wchar_t,std::char_traits<wchar_t>,std::allocator<wchar_t>_>,unsigned_int>",struct,1
underflow_error,struct,36
unhookAttribute,struct,16
uniqueAttribute,struct,1
upvaldesc,struct,2
usageAttribute,struct,4
usesgetlasterrorAttribute,struct,1
uuidAttribute,struct,4
v1_alttypeAttribute,struct,4
v1_earlyAttribute,struct,1
v1_enumAttribute,struct,1
v1_nameAttribute,struct,4
val_context,struct,12
value_compare,struct,1
value_entA,struct,16
value_entW,struct,16
value_entW.conflict,struct,16
varargAttribute,struct,1
"vector<AnimSprite_*,std::allocator<AnimSprite_*>_>",struct,24
"vector<Attachment_*,std::allocator<Attachment_*>_>",struct,24
"vector<Craft_*,std::allocator<Craft_*>_>",struct,24
"vector<DistributedObject_*,std::allocator<DistributedObject_*>_>",struct,24
"vector<ExplosionClass_*,std::allocator<ExplosionClass_*>_>",struct,24
"vector<GameFeature_*,std::allocator<GameFeature_*>_>",struct,24
"vector<GameObjectClass_*,std::allocator<GameObjectClass_*>_>",struct,24
"vector<GameObject_*,std::allocator<GameObject_*>_>",struct,24
"vector<Geizer_*,std::allocator<Geizer_*>_>",struct,24
"vector<GridPoint,std::allocator<GridPoint>_>",struct,24
"vector<ObjectClassInfo_*,std::allocator<ObjectClassInfo_*>_>",struct,24
"vector<OrdnanceClass_*,std::allocator<OrdnanceClass_*>_>",struct,24
"vector<PathPoint,std::allocator<PathPoint>_>",struct,24
"vector<Player_*,std::allocator<Player_*>_>",struct,24
"vector<PortData_*,std::allocator<PortData_*>_>",struct,24
"vector<PowerPlant_*,std::allocator<PowerPlant_*>_>",struct,24
"vector<RadarItem,std::allocator<RadarItem>_>",struct,24
"vector<Scanner_*,std::allocator<Scanner_*>_>",struct,24
"vector<ScorePlayer_*,std::allocator<ScorePlayer_*>_>",struct,24
"vector<Scrap_*,std::allocator<Scrap_*>_>",struct,24
"vector<Server_*,std::allocator<Server_*>_>",struct,24
"vector<Session_*,std::allocator<Session_*>_>",struct,24
"vector<SpawnPoint_*,std::allocator<SpawnPoint_*>_>",struct,24
"vector<Strip_*,std::allocator<Strip_*>_>",struct,24
"vector<WeaponClass_*,std::allocator<WeaponClass_*>_>",struct,24
"vector<bool,std::allocator<bool>_>",struct,1
"vector<class_ExplosionClass*,class_std::allocator<class_ExplosionClass*>_>",struct,1
"vector<class_GameObjectClass*,class_std::allocator<class_GameObjectClass*>_>",struct,1
"vector<class_OrdnanceClass*,class_std::allocator<class_OrdnanceClass*>_>",struct,1
"vector<class_WeaponClass*,class_std::allocator<class_WeaponClass*>_>",struct,1
"vector<stdext::_Hash<stdext::_Hmap_traits<unsigned_int,ParameterDB::FileData_*,stdext::hash_compare<unsigned_int,std::less<unsigned_int>_>,std::allocator<std::pair<unsigned_int_const_,ParameterDB::FileData_*>_>,0>_>::_List_position,std::allocator<stdext::_Hash<stdext::_Hmap_traits<unsigned_int,ParameterDB::FileData_*,stdext::hash_compare<unsigned_int,std::less<unsigned_int>_>,std::allocator<std::pair<unsigned_int_const_,ParameterDB::FileData_*>_>,0>_>::_List_position>_>",struct,24
"vector<stdext::_Hash<stdext::_Hmap_traits<unsigned_int,char_const_*,stdext::hash_compare<unsigned_int,std::less<unsigned_int>_>,std::allocator<std::pair<unsigned_int_const_,char_const_*>_>,0>_>::_List_position,std::allocator<stdext::_Hash<stdext::_Hmap_traits<unsigned_int,char_const_*,stdext::hash_compare<unsigned_int,std::less<unsigned_int>_>,std::allocator<std::pair<unsigned_int_const_,char_const_*>_>,0>_>::_List_position>_>",struct,24
"vector<stdext::_Hash<stdext::_Hmap_traits<unsigned_int,stdext::hash_map<unsigned_int,char_const_*,stdext::hash_compare<unsigned_int,std::less<unsigned_int>_>,std::allocator<std::pair<unsigned_int_const_,char_const_*>_>_>,stdext::hash_compare<unsigned_int,std::less<unsigned_int>_>,std::allocator<std::pair<unsigned_int_const_,stdext::hash_map<unsigned_int,char_const_*,stdext::hash_compare<unsigned_int,std::less<unsigned_int>_>,std::allocator<std::pair<unsigned_int_const_,char_const_*>_>_>_>_>,0>_>::_List_position,std::allocator<stdext::_Hash<stdext::_Hmap_traits<unsigned_int,stdext::hash_map<unsigned_int,char_const_*,stdext::hash_compare<unsigned_int,std::less<unsigned_int>_>,std::allocator<std::pair<unsigned_int_const_,char_const_*>_>_>,stdext::hash_compare<unsigned_int,std::less<unsigned_int>_>,std::allocator<std::pair<unsigned_int_const_,stdext::hash_map<unsigned_int,char_const_*,stdext::hash_compare<unsigned_int,std::less<unsigned_int>_>,std::allocator<std::pair<unsigned_int_const_,char_const_*>_>_>_>_>,0>_>::_List_position>_>",struct,24
"vector<stdext::_Hash<stdext::_Hmap_traits<unsigned_long,float,stdext::hash_compare<unsigned_long,std::less<unsigned_long>_>,std::allocator<std::pair<unsigned_long_const_,float>_>,0>_>::_List_position,std::allocator<stdext::_Hash<stdext::_Hmap_traits<unsigned_long,float,stdext::hash_compare<unsigned_long,std::less<unsigned_long>_>,std::allocator<std::pair<unsigned_long_const_,float>_>,0>_>::_List_position>_>",struct,24
"vector<stdext::_Hash<stdext::_Hmap_traits<unsigned_long,unsigned_long,stdext::hash_compare<unsigned_long,std::less<unsigned_long>_>,std::allocator<std::pair<unsigned_long_const_,unsigned_long>_>,0>_>::_List_position,std::allocator<stdext::_Hash<stdext::_Hmap_traits<unsigned_long,unsigned_long,stdext::hash_compare<unsigned_long,std::less<unsigned_long>_>,std::allocator<std::pair<unsigned_long_const_,unsigned_long>_>,0>_>::_List_position>_>",struct,24
vehicle_loader,struct,968
versionAttribute,struct,4
vi_progidAttribute,struct,4
vorbis_block,struct,112
vorbis_block_internal,struct,72
vorbis_comment,struct,16
vorbis_dsp_state,struct,112
vorbis_func_floor,struct,28
vorbis_func_mapping,struct,20
vorbis_func_residue,struct,32
vorbis_info,struct,32
vorbis_info_floor0,struct,96
vorbis_info_floor1,struct,1120
vorbis_info_mapping0,struct,3208
vorbis_info_mode,struct,16
vorbis_info_psy,struct,520
vorbis_info_psy_global,struct,492
vorbis_info_residue0,struct,2840
vorbis_look_floor0,struct,32
vorbis_look_floor1,struct,1312
vorbis_look_psy,struct,52
vorbis_look_psy_global,struct,36
vorbis_look_residue0,struct,44
vtshape14909,struct,16
vtshape16420,struct,24
vtshape16513,struct,8
vtshape16593,struct,84
vtshape16840,struct,52
vtshape16966,struct,76
vtshape17222,struct,72
vtshape17302,struct,172
vtshape17391,struct,88
vtshape17455,struct,44
vtshape17579,struct,104
vtshape17978,struct,40
vtshape18051,struct,60
vtshape18140,struct,68
vtshape21647,struct,180
vtshape24936,struct,228
vtshape32042,struct,112
vtshape32844,struct,48
vtshape33489,struct,184
vtshape34076,struct,80
vtshape34667,struct,92
vtshape36542,struct,204
vtshape37035,struct,64
vtshape37233,struct,208
vtshape38851,struct,96
vtshape38952,struct,148
vtshape39211,struct,120
vtshape41593,struct,144
vtshape41703,struct,160
vtshape42788,struct,304
vtshape43709,struct,164
vtshape45119,struct,196
vtshape45193,struct,156
vtshape57424,struct,236
vtshape6136,struct,32
vtshape6241,struct,56
vtshape6336,struct,4
vtshape65179,struct,232
vtshape65539,struct,392
vtshape65880,struct,460
vtshape66960,struct,240
vtshape67225,struct,268
vtshape6749,struct,20
vtshape68405,struct,116
vtshape68672,struct,476
vtshape6904,struct,28
vtshape7606,struct,12
vtshape9292,struct,100
vtshape9472,struct,36
waveformat_tag,struct,14
wavehdr_tag,struct,32
wheel_info,struct,56
wheel_loader,struct,64
wire_marshalAttribute,struct,4
wrap_struct,struct,12
