legacy_va,legacy_name,legacy_namespace,redux_rva,redux_va,similarity,significance,rank2_rva,rank2_similarity
0x00426a7e,Execute,Misn06Mission,0x124070,0x524070,0.6509,688.01,,
0x004494e8,Execute,Misns8Mission,0x165f80,0x565f80,0.6671,660.66,,
0x00420d80,Execute,Misn04Mission,0x119ab0,0x519ab0,0.6585,564.94,,
0x0043eeef,Execute,Misns1Mission,0x152a20,0x552a20,0.7309,486.56,,
0x00440799,Execute,Misns2Mission,0x155a20,0x555a20,0.6811,478.72,,
0x004461f7,Execute,Misns7Mission,0x15fca0,0x55fca0,0.5573,473.92,,
0x0043d7e6,Execute,Misn18Mission,0x14fe40,0x54fe40,0.6913,444.32,,
0x0042de61,Execute,Misn09Mission,0x1321d0,0x5321d0,0.6302,406.25,,
0x0043b193,Execute,Misn17Mission,0x14b010,0x54b010,0.6167,360.05,,
0x0041e8a4,Execute,Misn03Mission,0x1156d0,0x5156d0,0.5611,333.22,,
0x005b9f77,symbexec,Global,0x42e24d,0x82e24d,0.7103,330.09,,
0x0042c051,Execute,Misn08Mission,0x12e340,0x52e340,0.5422,282.82,,
0x0051480a,Mutils_MakeFileName,Global,0x29e880,0x69e880,0.8449,223.33,,
0x004bc5dd,giddi_describe_device,Global,0x221b90,0x621b90,0.6945,209.74,,
0x005b8181,luaO_chunkid,Global,0x42e741,0x82e741,0.9777,206.22,0x29c830,0.5136
0x005b8a1b,luaD_precall,Global,0x42f2d3,0x82f2d3,0.9410,200.75,,
0x00524eb9,GetKeyString,Global,0x387660,0x787660,0.9394,180.49,,
0x004bca1b,giddi_open,Global,0x2223a0,0x6223a0,0.7219,178.40,,
0x00404d1e,CellIsSlope,Global,0x68450,0x468450,0.8911,172.57,0x68890,0.5242
0x005bca33,rehash,Global,0x4312f6,0x8312f6,0.8477,170.50,,
0x005b8f76,traversetable,Global,0x43085a,0x83085a,0.7944,166.11,,
0x005b855f,adjust_varargs,Global,0x42ed3d,0x82ed3d,0.9720,165.92,,
0x00439939,Execute,Misn15Mission,0x147f20,0x547f20,0.5026,160.18,,
0x005c7540,_alldiv,Global,0x444250,0x844250,1.0000,158.41,0x4443d0,0.6968
0x005c3bf2,close_func,Global,0x439c1c,0x839c1c,0.9980,155.96,,
0x004bbd49,read_mapping_table,Global,0x220010,0x620010,0.5363,154.03,,
0x004d8280,DoControlObject,PathDisplay,0x19add0,0x59add0,0.5869,151.39,,
0x005b9100,traverseproto,Global,0x4306e5,0x8306e5,0.9437,151.06,,
0x0053b465,Simulate,TargetingGun,0x1dfcb0,0x5dfcb0,0.5697,147.81,,
0x005c573d,LoadDebug,Global,0x43b96c,0x83b96c,0.9129,144.76,0x43b7e1,0.6193
0x004bdc8b,ProcessMouseRawInput,Global,0x357d0,0x4357d0,0.9850,141.97,,
0x00483f73,MCuse_nonpack_item,Global,0x81b80,0x481b80,0.6289,135.98,,
0x00539ea7,Simulate,SpecialItem,0x1d9990,0x5d9990,0.7361,135.04,,
0x004b9750,test_cheat_codes,Global,0x21d2d0,0x61d2d0,0.6918,133.92,,
0x00535a17,OrdnanceClass,OrdnanceClass,0x186440,0x586440,0.5421,133.36,,
0x0051a8fd,Prepare_Goals,Scheduler,0x2a6910,0x6a6910,0.7593,132.58,,
0x0051b2ab,Update_Squads,Scheduler,0x2a79a0,0x6a79a0,0.8060,130.53,,
0x00539d15,Hit,SniperShell,0x1d6e00,0x5d6e00,0.7651,129.90,,
0x005c373a,indexupvalue,Global,0x43a84e,0x83a84e,0.9726,126.22,,
0x004b371d,Simulate,Tug,0x1eca60,0x5eca60,0.6261,125.08,,
0x0051b765,Clean_Up,Scheduler,0x2a7f10,0x6a7f10,0.6562,122.66,,
0x00405427,ProcessCliffs,Global,0x69d90,0x469d90,0.8279,121.01,,
0x005c3883,singlevaraux,Global,0x43b3a9,0x83b3a9,1.0000,120.40,,
0x005b91b6,traverseclosure,Global,0x430650,0x830650,1.0000,120.12,,
0x0051a40f,Squad_Unit_Is_Appropriate,Global,0x2a46b0,0x6a46b0,0.7068,118.68,,
0x004a7355,UnPackTempState,Person,0x1a18a0,0x5a18a0,0.5367,117.91,,
0x005bf2b5,db_errorfb,Global,0x436f9e,0x836f9e,0.7454,117.81,,
0x005c3f80,constructor,Global,0x439e40,0x839e40,0.7956,117.55,,
0x0051ab86,Init_Subscheduling,Scheduler,0x2a6da0,0x6a6da0,0.5873,113.35,,
0x0050a212,AI_Team_Trigger_Rapid_Base_Defense,Global,0x296f00,0x696f00,0.6750,113.27,,
0x0045d681,InitState,ScavengerProcess,0x1c4490,0x5c4490,0.5806,112.82,,
0x005c6b17,luaK_posfix,Global,0x43cafa,0x83cafa,0.9336,112.02,,
0x004c1b2e,DrawGeom,BoundingBox,0x99e40,0x499e40,0.6465,110.63,,
0x005bcb69,newkey,Global,0x43120f,0x83120f,0.8059,110.36,,
0x005144a3,Compute_Matching_Value,Mapgrid_Goal,0x29e200,0x69e200,0.7094,110.32,0x29e520,0.6352
0x00585d02,_lzo_config_check,Global,0x42ad20,0x82ad20,0.6695,110.31,,
0x005b8e1b,reallymarkobject,Global,0x430437,0x830437,1.0000,109.37,,
0x005bc8e2,resize,Global,0x431491,0x831491,0.8130,109.07,,
0x00514640,Compute_Raw_Priority,Mapgrid_Goal,0x29e520,0x69e520,0.8317,108.90,0x29e200,0.6406
0x005bdafd,read_numeral,Global,0x4392cf,0x8392cf,0.9194,106.74,,
0x00530948,Control,Launcher,0xf7fe0,0x4f7fe0,0.6816,106.49,,
0x00534aac,Init,Ordnance,0x184fe0,0x584fe0,0.5010,106.15,,
0x0052a98b,Simulate,BeamGun,0x7b9d0,0x47b9d0,0.5577,105.96,,
0x0044c7ef,UpdatePosition,GameObject,0xdb100,0x4db100,0.7576,105.95,,
0x0052d7cb,Simulate,Dispenser,0xb5da0,0x4b5da0,0.6275,104.00,,
0x00472c3c,BoxSphere,Global,0x423d0,0x4423d0,0.5493,103.59,,
0x00537689,Simulate,RadarLauncher,0x1b2010,0x5b2010,0.6568,103.46,0xf82d0,0.5373
0x004964d3,GameObject_Simulate,Global,0xdeec0,0x4deec0,0.5595,103.27,,
0x005c3a5e,pushclosure,Global,0x43ae74,0x83ae74,0.8959,102.74,,
0x00498d9c,Build,GameObjectClass,0xe1190,0x4e1190,0.5275,102.55,,
0x004bac60,simulate_analog,Global,0x220d10,0x620d10,0.6250,102.55,,
0x0042648c,Setup,Misn06Mission,0x1233b0,0x5233b0,1.0000,102.47,0x119310,0.5595
0x005c0edb,str_format,Global,0x435411,0x835411,0.5652,102.24,,
0x0054ccd3,movie_open,Global,0x29e880,0x69e880,0.5504,102.17,0x29c830,0.5011
0x004bddb7,giddi_read_channels,Global,0x223b20,0x623b20,0.6517,101.15,,
0x0050a79f,AI_Team_Find_Units,Global,0x2955e0,0x6955e0,0.9475,100.28,,
0x005367b1,Simulate,PopperGun,0x1a6f70,0x5a6f70,0.7066,100.12,,
0x005c0d4a,addquoted,Global,0x435822,0x835822,1.0000,99.68,,
0x004fbd16,ClipSprite,Global,0x28bf30,0x68bf30,0.8727,99.20,,
0x004a6e06,RegCollision,Person,0x1a1550,0x5a1550,0.5531,99.11,,
0x0053201e,Control,Missile,0x16a520,0x56a520,0.7543,98.48,,
0x00514056,Classify_Goal,Mapgrid_Goal,0x29da00,0x69da00,0.9302,97.89,,
0x005bcc7c,luaS_resize,Global,0x430af4,0x830af4,0.9510,97.11,,
0x00537b3e,Simulate,RemoteDetonator,0x1b8ff0,0x5b8ff0,0.5440,97.03,,
0x005b991b,singlestep,Global,0x4304dc,0x8304dc,0.9056,96.60,,
0x005b8ee5,luaC_separateudata,Global,0x43018d,0x83018d,0.9915,96.37,,
0x00518213,ScheduleGlue_Get_New_Patrol_Coords,Global,0x2a5b70,0x6a5b70,0.5586,96.33,,
0x0050a8cf,AI_Team_Find_Houses,Global,0x295830,0x695830,0.9162,95.79,,
0x005b967c,GCTM,Global,0x42fc7c,0x82fc7c,1.0000,94.93,,
0x005b92a8,traversestack,Global,0x430791,0x830791,0.7829,94.15,,
0x0047ed2d,GetCommand,Armory,0x72da0,0x472da0,0.5515,94.06,0x1aeb30,0.5048
0x00512805,IParse_Parse_File,Global,0x29c830,0x69c830,0.6953,93.20,,
0x0048120d,LinkCopy,Global,0x3bdc0,0x43bdc0,0.6570,92.28,,
0x004162be,Start,Inst4XMission,0xf6c30,0x4f6c30,0.5427,92.05,,
0x00406a85,AvoidObject,Global,0x643e0,0x4643e0,0.7134,91.63,,
0x00511e5a,IParse_Next_Symbol,Global,0x29b970,0x69b970,0.6821,91.57,,
0x004595bc,DoState,RecyclerProcess,0x74860,0x474860,0.5318,89.68,0x1b41d0,0.5055
0x0053bc14,Simulate,TeamSwitcher,0x1e16f0,0x5e16f0,0.7416,89.67,0x1e07b0,0.5142
0x0046d84d,Execute,UnitTask,0x2002a0,0x6002a0,0.7723,89.24,,
0x004d6bb9,DrawBuildMenu,PathDisplay,0x19b550,0x59b550,0.5309,89.13,,
0x005b672f,lua_setmetatable,Global,0x42d16f,0x82d16f,0.9646,88.99,0x42d08e,0.5024
0x004c2ab9,Render,BoundingBox,0x99540,0x499540,0.5743,88.90,,
0x0040cf28,DoState,ArmoryProcess,0x74860,0x474860,0.5355,88.70,0x1b41d0,0.5154
0x00466909,DoNear,TugPickup,0x1efe30,0x5efe30,0.5426,88.69,,
0x0053c0b1,UpdateTarget,ThermalLauncher,0x1e1ea0,0x5e1ea0,0.5647,87.31,,
0x004a7011,PackTempState,Person,0x1a1e80,0x5a1e80,0.5014,87.21,,
0x004aed1c,Simulate,Scavenger,0x1c2720,0x5c2720,0.5327,87.01,,
0x005bc2bf,luaH_next,Global,0x430fbd,0x830fbd,0.7368,86.17,,
0x0044f1b0,ProcessStrip,Global,0x191510,0x591510,0.7510,85.81,,
0x005baad6,traceexec,Global,0x4333ea,0x8333ea,0.9636,85.65,,
0x005b984e,atomic,Global,0x42fd56,0x82fd56,0.7497,85.59,,
0x00414742,DoStateProlog,GoPoints,0xe74f0,0x4e74f0,0.6198,85.54,,
0x005beae8,db_getinfo,Global,0x437292,0x837292,0.7246,85.54,,
0x00468e3f,DoState,UnitProcess,0x1faac0,0x5faac0,0.8250,84.91,0x1fa7c0,0.5492
0x005b877c,luaD_poscall,Global,0x42f246,0x82f246,1.0000,84.88,,
0x005c3b43,open_func,Global,0x43abfa,0x83abfa,1.0000,84.11,,
0x00405039,CellIsSteep,Global,0x68890,0x468890,0.9058,84.10,0x68980,0.9058
0x004050e5,CellIsCliff,Global,0x68890,0x468890,0.9058,84.10,0x68980,0.9058
0x00480f7e,DSParseWaveResource,Global,0x3c9d0,0x43c9d0,0.7576,84.09,,
0x005b6e91,luaL_findtable,Global,0x42bc6c,0x82bc6c,1.0000,83.96,,
0x005c017a,matchbracketclass,Global,0x435f1e,0x835f1e,0.9200,83.57,,
0x005bcf72,luaF_findupval,Global,0x42f9ac,0x82f9ac,0.9694,83.22,,
0x005b6345,lua_pushcclosure,Global,0x42cc15,0x82cc15,1.0000,82.71,,
0x0050b4c4,AIBuildListGeneratePriorityLevel_RATIO_TO_HAVE,Global,0x291450,0x691450,0.6385,82.51,0x291660,0.5197
0x0050aa33,AI_Team_Update_Team_Strategy,Global,0x296380,0x696380,0.6817,81.94,,
0x00459408,InitState,RecyclerProcess,0x1b3cb0,0x5b3cb0,0.5862,81.32,,
0x00514283,Compute_Needed_Troop_Flow,Mapgrid_Goal,0x29de50,0x69de50,0.6137,81.30,,
0x0045c34d,DoState,SAVAttackPersonTask,0x1c0160,0x5c0160,0.6052,80.67,,
0x004d5097,DoControlPlan,PathDisplay,0x1983a0,0x5983a0,0.6260,80.63,,
0x00511a18,IParse_Fill_Individual_Field,Global,0x29b1f0,0x69b1f0,0.6497,80.17,,
0x0050bbae,AIBuild_ResourceClosestBuildable,Global,0x292030,0x692030,0.8061,79.55,,
0x005091a9,AI_Team_Update_Scouted,Global,0x296080,0x696080,0.8089,78.98,,
0x004aa9af,Load,Producer,0x1afb30,0x5afb30,0.5441,78.94,,
0x004aa540,Producer,Producer,0x1abab0,0x5abab0,0.5304,78.76,,
0x005b69d5,lua_gc,Global,0x42c70b,0x82c70b,1.0000,78.51,,
0x005c6e10,_ftol2_sse,Global,0x43f040,0x83f040,1.0000,78.45,0x43f076,0.8464
0x0051b0c3,Free_Undercommitted_Troops,Scheduler,0x2a7680,0x6a7680,0.5509,78.29,,
0x005bcdbd,luaS_newlstr,Global,0x4309f4,0x8309f4,0.7613,78.29,,
0x005bdbdd,skip_sep,Global,0x43966e,0x83966e,0.9498,77.93,0x43893c,0.5666
0x005bd3d0,DumpConstants,Global,0x431798,0x831798,0.9631,77.88,,
0x00476aeb,Line_Clip_Polygon,Global,0x215560,0x615560,0.5804,77.56,,
0x0042949d,Setup,Misn07Mission,0x1291d0,0x5291d0,0.8472,77.10,0x13ad00,0.7627
0x0040c072,DoState,APCAttack,0x720c0,0x4720c0,0.5782,76.52,,
0x0051175a,IParse_Parse_Pound_Define,Global,0x29aab0,0x69aab0,0.7615,76.30,,
0x004909f2,Close,CWaveFile,0x39b20,0x439b20,0.8937,76.18,,
0x004cc356,ProcessWorldMap,EditTerrain,0xc64f0,0x4c64f0,0.6826,75.50,,
0x00518615,UnitAttachment,UnitAttachment,0x2a0fa0,0x6a0fa0,0.6552,75.50,,
0x004b1672,HandleWaveStreamNotification,CStreamingOggSound,0x16aa0,0x416aa0,0.7122,74.90,,
0x00541d2e,Radar_PolyLines,Global,0x3fb30,0x43fb30,0.5965,74.83,,
0x004d6e1e,DrawTeamMenu,PathDisplay,0x19b980,0x59b980,0.5406,74.49,,
0x00495c05,WriteObject,Global,0xdce70,0x4dce70,0.5639,74.30,,
0x005114fb,IParse_Parse_Char,Global,0x29a480,0x69a480,0.5137,74.18,,
0x00530b0a,Simulate,Launcher,0xf82d0,0x4f82d0,0.6757,73.97,,
0x005ba79d,lua_getinfo,Global,0x42e08b,0x82e08b,0.8909,73.46,,
0x005b959a,sweeplist,Global,0x4305c7,0x8305c7,0.9776,73.41,,
0x005b9373,propagatemark,Global,0x430353,0x830353,0.6993,73.25,,
0x0041721b,BuildAxisRotationMatrix,Global,0x1010f0,0x5010f0,0.8622,73.21,0x101240,0.7185
0x00513d59,Mapgrid_IterateOverlaysInPixelRect,Global,0x29d630,0x69d630,0.5948,73.19,,
0x004f9b94,Clip_Pane,Global,0x28f360,0x68f360,0.7000,73.11,,
0x005c639c,discharge2reg,Global,0x43c185,0x83c185,0.8757,73.07,,
0x0059f8d0,vorbis_comment_add_tag,Global,0x387660,0x787660,0.5589,73.01,0x29c830,0.5365
0x00486c3f,RegCollision,Craft,0xa88b0,0x4a88b0,0.6485,72.78,,
0x00530343,UpdateTarget,ImageLauncher,0xf2210,0x4f2210,0.5636,72.34,,
0x005c0a1a,add_s,Global,0x4356a9,0x8356a9,0.8686,72.10,,
0x004dce65,updown_callback,Global,0x225070,0x625070,1.0000,71.75,,
0x005b9e2e,collectvalidlines,Global,0x42da0c,0x82da0c,1.0000,71.55,,
0x00512697,IParse_Get_Runtime_Struct_Field,Global,0x29c4d0,0x69c4d0,0.5469,71.38,,
0x005b99f9,luaC_step,Global,0x430222,0x830222,1.0000,70.93,,
0x004bc3d3,SetJoystickClassName,Global,0x223810,0x623810,0.7905,70.71,,
0x0041a247,MAT_3D_NewIndex,Global,0x1087f0,0x5087f0,0.6518,70.69,0x107b80,0.5284
0x0040cd58,InitState,ArmoryProcess,0x74300,0x474300,0.5214,70.60,,
0x004ca0f4,ScreenToWorld,EditTerrain,0xc7010,0x4c7010,0.7141,69.91,,
0x0044fab0,Remove,"Heap_Class<Strip_*,float>",0x192c50,0x592c50,0.6928,69.73,,
0x005c6e46,_ftol2,Global,0x43f076,0x83f076,1.0000,69.61,0x43f040,0.8464
0x005075a4,AI_SpentCreditRefund,Global,0x290020,0x690020,0.8530,69.51,,
0x00582455,TextInput_SetPrompt,Global,0x423470,0x823470,0.8118,69.16,,
0x005b67b8,lua_setfenv,Global,0x42d08e,0x82d08e,1.0000,69.05,0x42c7d3,0.5856
0x005bcd2b,newlstr,Global,0x430bc0,0x830bc0,0.9029,69.03,,
0x0050b60f,AIBuildListGeneratePriorityLevel_RATIO_TO_BUILD,Global,0x291660,0x691660,0.6071,68.82,0x291450,0.5206
0x005bafa0,l_strcmp,Global,0x431e54,0x831e54,1.0000,68.52,,
0x005b7cc7,lua_newstate,Global,0x42d752,0x82d752,0.8208,68.44,,
0x004a96d0,PackTempState,PowerUp,0x1aaa20,0x5aaa20,0.6007,68.22,,
0x0049f64d,GetCommand,Howitzer,0xf0dd0,0x4f0dd0,0.6225,68.10,0x72da0,0.5055
0x0049cc94,PackTempState,HoverCraft,0xef640,0x4ef640,0.6252,67.97,0x20fa60,0.6208
0x00468746,Say,Global,0x1f91e0,0x5f91e0,0.6538,67.74,,
0x004a33da,Get,ParameterDB,0x189ab0,0x589ab0,0.7304,67.41,,
0x004904ed,RestoreBuffer,CSound,0x3d6c0,0x43d6c0,1.0000,67.33,0x394a0,0.8986
0x005b887e,f_parser,Global,0x42ef6c,0x82ef6c,0.7797,67.32,,
0x0045bbc8,DoSubTask,SAVProcess,0x1bfba0,0x5bfba0,0.5673,67.24,,
0x005b60fa,lua_tolstring,Global,0x42d377,0x82d377,1.0000,66.90,,
0x0050924c,AI_Team_Update_Squads,Global,0x296170,0x696170,0.6214,66.52,,
0x0041730f,BuildPositionRotationMatrix,Global,0x101240,0x501240,0.7576,66.49,0x1010f0,0.7369
0x004d5c13,DrawGoals,PathDisplay,0x1962a0,0x5962a0,0.6378,66.11,,
0x0047def4,GetCommand,APC,0x70d10,0x470d10,0.6940,65.89,0x1aeb30,0.6802
0x005c486a,check_conflict,Global,0x439ad3,0x839ad3,1.0000,65.66,,
0x004c9cab,MoveCamera,EditTerrain,0xc6760,0x4c6760,0.5261,65.58,,
0x004bdacb,ProcessMouseMessages,Global,0x35400,0x435400,0.5325,65.46,,
0x004be002,GetCommand,ActionMode,0x5bbe0,0x45bbe0,0.5765,65.41,,
0x004ae9bc,GetCommand,Scavenger,0x1aeb30,0x5aeb30,0.6863,64.72,0x1f5d10,0.6739
0x00480e45,ConvertUserGPI,Global,0x3b110,0x43b110,0.9076,64.65,,
0x00485e42,Load,Craft,0xa7ff0,0x4a7ff0,0.5636,64.60,,
0x004812ef,UnlinkCopy,Global,0x3bf80,0x43bf80,0.9321,64.33,,
0x0040ff6c,Collision_Configure,Global,0x9af40,0x49af40,0.8347,64.29,,
0x0052c432,Simulate,Cannon,0x1a6f70,0x5a6f70,0.5543,63.84,,
0x005b97b7,markroot,Global,0x4302c4,0x8302c4,0.9497,63.81,,
0x004908d7,Read,CWaveFile,0x39930,0x439930,0.6107,63.77,,
0x005baeb2,get_compTM,Global,0x431dd4,0x831dd4,0.8417,63.67,,
0x004ecebd,Obj76_Bounding_Box,Global,0x22e3f0,0x62e3f0,0.5821,63.58,,
0x005c6e2c,_ftol2_sse_excpt,Global,0x43f040,0x83f040,0.8214,63.58,0x43f076,0.7981
0x004a7274,GetRank,Person,0x1a22c0,0x5a22c0,0.6106,63.13,,
0x00509f40,AI_Team_Recruit_Single_Neighbor,Global,0x296a70,0x696a70,0.8514,63.08,,
0x00475be1,PointBox,Global,0x45d90,0x445d90,0.5077,62.79,,
0x004ccca7,CmdSetBell,EditTerrain,0xc49a0,0x4c49a0,0.5681,62.59,0xc4bc0,0.5557
0x004cce4c,CmdAddBell,EditTerrain,0xc49a0,0x4c49a0,0.5681,62.59,0xc4bc0,0.5557
0x004ab194,GetCommand,Producer,0x1aeb30,0x5aeb30,0.6609,62.55,0x1f5d10,0.6483
0x0041a455,MAT_3D_Mul,Global,0x108b80,0x508b80,0.8449,62.47,0x1014a0,0.5957
0x005bc701,luaH_get,Global,0x430de6,0x830de6,1.0000,62.36,,
0x0053212c,Simulate,Missile,0x16a7a0,0x56a7a0,0.6621,62.20,,
0x004b519a,GetCommand,TurretTank,0x1aeb30,0x5aeb30,0.6655,62.19,0x1f5d10,0.6520
0x005083d9,AI_UnitRemove,Global,0x28fc60,0x68fc60,0.7090,61.96,0x28fb10,0.5019
0x004ecca6,obj_rel_parent_matrix,Global,0x22e070,0x62e070,0.7754,61.78,,
0x00448af3,Setup,Misns8Mission,0x164d00,0x564d00,1.0000,61.75,0x131730,0.9954
0x004d3676,ClickedOn,OverView,0x1879e0,0x5879e0,0.5593,61.37,,
0x005bd037,luaF_close,Global,0x42f92f,0x82f92f,0.9752,61.24,,
0x004588d0,Search,Range,0x1b2950,0x5b2950,0.6148,61.21,,
0x004f04ab,Camera_Bounding_Sphere_Test,Global,0x2895d0,0x6895d0,0.6816,60.98,,
0x005b84a5,luaD_callhook,Global,0x42f0d6,0x82f0d6,0.9391,60.78,,
0x0044d2cd,Update,MultSTMission,0x16f3a0,0x56f3a0,0.5700,60.73,,
0x005279f4,read_record_info,Global,0x426df0,0x826df0,0.5777,60.67,,
0x005c61d0,luaK_nil,Global,0x43c9f3,0x83c9f3,0.8326,60.58,,
0x00537586,UpdateTarget,RadarLauncher,0x1b1e10,0x5b1e10,0.5909,60.48,,
0x005c68a4,codenot,Global,0x43bf3d,0x83bf3d,0.9201,60.44,,
0x00409905,NearestVehicle,Global,0x63fc0,0x463fc0,0.5755,60.40,,
0x004b4da6,UpdateWeaponAim,TurretTank,0x1f27b0,0x5f27b0,0.5190,60.35,,
0x005b9f36,checkArgMode,Global,0x42d9b5,0x82d9b5,1.0000,60.21,,
0x004b6f65,PackTempState,Walker,0x20fa60,0x60fa60,0.6106,60.09,0xef640,0.5802
0x0041e283,Setup,Misn03Mission,0x114b40,0x514b40,0.9197,60.02,0x12dbf0,0.8616
0x004e0cc5,RecordDeath,NetPlayer,0x177290,0x577290,0.7995,59.76,,
0x0050a19d,AI_Team_End_Rapid_Base_Defense,Global,0x296e40,0x696e40,0.9123,59.70,,
0x005b6bbf,aux_upvalue,Global,0x42c405,0x82c405,0.8582,59.46,,
0x005c647e,exp2reg,Global,0x43c26e,0x83c26e,0.7909,59.43,,
0x00488ec4,GetCommand,Craft,0xae110,0x4ae110,0.6750,59.35,0xf0dd0,0.5790
0x004ec90c,create_obj,Global,0x22ccc0,0x62ccc0,0.6225,59.18,,
0x005b9491,cleartable,Global,0x42fe9e,0x82fe9e,0.5632,59.15,,
0x0049c61f,CleanupSound,HoverCraft,0xee8f0,0x4ee8f0,0.9277,58.90,0x1e4740,0.5387
0x0044d284,SetMostRecentKilled,MultSTMission,0x16f320,0x56f320,0.9886,58.64,0x16c690,0.6396
0x005b658f,lua_getfenv,Global,0x42c7d3,0x82c7d3,1.0000,58.34,0x42d08e,0.5856
0x00582074,SetLoopTimes,Global,0x422ae0,0x822ae0,0.5463,58.27,,
0x005b6f8f,adjuststack,Global,0x42b690,0x82b690,0.9957,58.24,,
0x005b8c2e,resume,Global,0x42f7e4,0x82f7e4,1.0000,58.18,,
0x005b6669,lua_rawset,Global,0x42ced4,0x82ced4,1.0000,58.14,0x42cf37,0.7593
0x005c529c,statement,Global,0x43b46f,0x83b46f,0.8476,58.13,,
0x005c00c0,match_class,Global,0x435e4f,0x835e4f,0.8453,58.12,,
0x004ec5d7,delete_obj,Global,0x22cfe0,0x62cfe0,0.7230,58.05,0x22d200,0.5577
0x0044f9e0,Pop,"Heap_Class<Strip_*,float>",0x192af0,0x592af0,0.6567,57.96,,
0x005b66cb,lua_rawseti,Global,0x42cf37,0x82cf37,1.0000,57.95,0x42ced4,0.7593
0x0044f940,Push,"Heap_Class<Strip_*,float>",0x1929e0,0x5929e0,0.6737,57.84,,
0x005b961b,checkSizes,Global,0x42fe33,0x82fe33,0.9861,57.83,,
0x005b5b82,index2adr,Global,0x42c4a6,0x82c4a6,0.7889,57.81,,
0x005202f7,FacesIn,Global,0x3816d0,0x7816d0,0.8956,57.59,0x440d0,0.5044
0x0048220e,StartGASObject,Global,0x3ad20,0x43ad20,0.7434,57.47,,
0x00403223,Save,AiPath,0x60c20,0x460c20,0.5631,57.28,,
0x005c6602,luaK_exp2RK,Global,0x43c706,0x83c706,0.7582,57.28,,
0x005c48c2,assignment,Global,0x439805,0x839805,0.6731,57.16,,
0x0051af82,Match_Resources_One_Pass,Scheduler,0x2a7440,0x6a7440,0.5085,57.11,,
0x005c5ea8,luaK_setreturns,Global,0x43ce76,0x83ce76,0.8724,56.60,0x43ce20,0.5460
0x004d0d11,GenerateBoltSegs,LightningFeature,0xfb0d0,0x4fb0d0,0.5330,56.55,,
0x0054ca6b,Build_Directinal_Matrix,Global,0x41fa10,0x81fa10,0.6777,56.47,,
0x005c7a10,_FindPESection,Global,0x43f290,0x83f290,1.0000,56.36,,
0x005c1583,tconcat,Global,0x434844,0x834844,0.9354,56.11,,
0x005c66b1,luaK_storevar,Global,0x43cef1,0x83cef1,1.0000,55.97,,
0x00469b98,InitGoto,UnitProcess,0x1fb500,0x5fb500,0.5974,55.91,,
0x005b86a7,tryfuncTM,Global,0x42f8a7,0x82f8a7,0.7524,55.86,,
0x00415d3b,Update,Inst03Mission,0x10aa10,0x50aa10,0.5040,55.80,,
0x0041aee0,Update,LuaMission,0x10aa10,0x50aa10,0.5040,55.80,,
0x0044bfa4,Update,MultDMMission,0x10aa10,0x50aa10,0.5040,55.80,,
0x0044f050,CreateStrip,Global,0x1912f0,0x5912f0,0.7713,55.74,,
0x005bd9b0,luaX_setinput,Global,0x439037,0x839037,0.9444,55.62,,
0x0041b521,Matches,LuaMissionClass,0x10b460,0x50b460,0.8369,55.55,0xf6640,0.5016
0x005b7ed8,luaO_str2d,Global,0x42eb45,0x82eb45,0.8107,55.49,,
0x00403347,SetPoints,AiPath,0x60e90,0x460e90,0.6777,55.36,,
0x0046ac51,InitGoto,UnitTask,0x201070,0x601070,0.6754,55.28,,
0x005c3977,adjust_assign,Global,0x43975c,0x83975c,0.9862,55.10,,
0x004a8f04,PowerUp,PowerUp,0x1a79f0,0x5a79f0,0.7574,54.92,,
0x00521eff,SelectTerrainView,Global,0x380800,0x780800,0.6655,54.90,,
0x00419d85,VECTOR_3D_NewIndex,Global,0x107b80,0x507b80,1.0000,54.83,0x107aa0,0.6097
0x005bd46e,DumpDebug,Global,0x431856,0x831856,0.7123,54.83,,
0x005b6adc,lua_concat,Global,0x42c61c,0x82c61c,1.0000,54.77,,
0x005c2f11,luaB_tostring,Global,0x433da3,0x833da3,0.8563,54.51,,
0x005bab60,callTMres,Global,0x431c7a,0x831c7a,0.8664,54.50,0x431bea,0.7904
0x004d60c3,DrawColorMenu,PathDisplay,0x1973d0,0x5973d0,0.5425,54.34,,
0x005bd283,luaZ_read,Global,0x42ecf4,0x82ecf4,1.0000,54.33,,
0x004ecdea,Obj76_Get_Radius,Global,0x22e2b0,0x62e2b0,0.5711,54.27,,
0x00457bd7,DoUState1,PersonProcess,0x1a46d0,0x5a46d0,0.7192,54.24,,
0x00481361,IncCopy,Global,0x3c070,0x43c070,0.9393,54.24,0x3c120,0.9036
0x005b5c40,lua_checkstack,Global,0x42c5be,0x82c5be,0.9962,54.07,,
0x004a8dc1,GetRank,PowerUp,0x1ab0e0,0x5ab0e0,0.6352,53.76,,
0x0040bff3,InitState,APCAttack,0x71f40,0x471f40,0.7589,53.58,,
0x0044c237,Respawn,MultDMMission,0x16c7c0,0x56c7c0,0.5086,53.17,,
0x0041b743,StartSound,Global,0xff960,0x4ff960,0.8420,53.12,,
0x005b952f,freeobj,Global,0x42ff43,0x82ff43,1.0000,53.10,,
0x005118b5,IParse_Append_Field_To_Structure,Global,0x29adb0,0x69adb0,0.6627,53.02,,
0x0045736e,PersonStraight,PersonStraight,0x1a4fb0,0x5a4fb0,0.6897,52.97,,
0x005c028f,max_expand,Global,0x435f9b,0x835f9b,0.8754,52.76,,
0x0049d7b0,UpdateWeaponAim,HoverCraft,0xeb590,0x4eb590,0.5012,52.70,,
0x004a6cef,UpdateWeaponAim,Person,0xeb590,0x4eb590,0.5012,52.70,,
0x0046768d,PostLoad,TurretAttack,0x1ff8a0,0x5ff8a0,0.6194,52.66,,
0x0046a7d9,PostLoad,UnitTask,0x1ff8a0,0x5ff8a0,0.6194,52.66,,
0x00409565,GetClosestSilo,Global,0x62fd0,0x462fd0,0.5683,52.62,,
0x004ec86a,remove_obj_from_tree,Global,0x22d4b0,0x62d4b0,0.7263,52.40,,
0x005b5c9d,lua_xmove,Global,0x42d4cc,0x82d4cc,1.0000,52.38,,
0x005c0910,gmatch_aux,Global,0x435999,0x835999,0.8478,52.37,,
0x0050a0dd,AI_Team_UnRecruit_Neighbors,Global,0x296d10,0x696d10,1.0000,52.23,,
0x004e2dc6,GetUnsignedFromBitfield,Global,0x225160,0x625160,1.0000,52.13,,
0x004836ed,MCremove_from_purge,Global,0x81550,0x481550,0.9330,52.03,,
0x005c472e,subexpr,Global,0x43b5a6,0x83b5a6,0.7100,51.95,,
0x005b790d,luaL_gsub,Global,0x42bd93,0x82bd93,0.9302,51.89,,
0x005bb0e1,luaV_equalval,Global,0x4320e0,0x8320e0,0.7247,51.72,,
0x00419428,PackTable,Global,0x105a10,0x505a10,0.6352,51.63,,
0x00418bd3,BuildAt,Global,0x104ad0,0x504ad0,1.0000,51.61,0x107720,0.7398
0x00410fcf,Matches,DemoMissionClass,0xb1740,0x4b1740,0.6067,51.51,0x5c5e0,0.6679
0x00483e9e,MCReallyNukeItem,Global,0x81880,0x481880,0.6092,51.47,,
0x005b8d2c,luaD_pcall,Global,0x42f1b5,0x82f1b5,1.0000,51.04,,
0x005babfe,callTM,Global,0x431bea,0x831bea,1.0000,51.04,0x431c7a,0.7892
0x005bd783,luaX_init,Global,0x438eb8,0x838eb8,1.0000,50.87,,
0x0051aa85,Prepare_Squads,Scheduler,0x2a6bf0,0x6a6bf0,0.5840,50.71,,
0x00511698,IParse_Assign_To_Variable,Global,0x29a8a0,0x69a8a0,0.6153,50.59,,
0x005ba63b,luaG_errormsg,Global,0x42de88,0x82de88,0.8065,50.47,,
0x0046a3b8,DoRecycle,UnitProcess,0x1fca60,0x5fca60,0.7535,50.46,0x205780,0.5561
0x005ba964,luaT_init,Global,0x4334ee,0x8334ee,0.9784,50.46,,
0x0053bd10,Hit,TeamSwitcher,0x1e18a0,0x5e18a0,0.5675,50.42,0x6dc40,0.5172
0x0042f449,Setup,Misn10Mission,0x134ab0,0x534ab0,0.8760,50.13,0x141a20,0.8349
0x0040afdc,Load,AOI,0x6f840,0x46f840,0.9427,50.09,0x1b4b80,0.5352
0x0040b075,Save,AOI,0x6f940,0x46f940,0.9427,50.09,0x5c2a0,0.7023
0x0048f80b,SetLocal,DistributedObject,0xb8460,0x4b8460,0.6544,50.03,,
0x0051312c,C_Linked_List_Remove_Cell,Global,0x29d440,0x69d440,0.8041,50.02,,
0x005bc4b3,setarrayvector,Global,0x4315d2,0x8315d2,0.9027,50.02,,
0x004b3d7f,PackTempState,TurretCraft,0x1f1b30,0x5f1b30,0.6110,49.99,0xef640,0.5119
0x0048342d,Simulate,Building,0x7fcb0,0x47fcb0,0.5798,49.89,,
0x004e2e35,AddToBitfield,Global,0x225220,0x625220,0.6369,49.78,,
0x004e7978,ComputeFrameToPlay,Global,0x22b4c0,0x62b4c0,0.5309,49.74,,
0x004b3148,GetCommand,Tug,0x1ed0b0,0x5ed0b0,0.6441,49.37,,
0x0042d8cd,Setup,Misn09Mission,0x131730,0x531730,0.9044,49.32,0x164d00,0.9002
0x005c2418,luaopen_package,Global,0x437fd1,0x837fd1,0.9342,49.27,,
0x005bd6ab,luaM_growaux_,Global,0x4387f7,0x8387f7,1.0000,49.20,,
0x00482d9c,RegCollision,Building,0x7edf0,0x47edf0,0.7151,49.06,,
0x0050afb5,AIBuild_ReservedAreaIsAreaReserved,Global,0x290950,0x690950,0.6841,48.96,,
0x00519fd8,AddObjectClass,Global,0x2a2200,0x6a2200,0.6400,48.89,,
0x005c1b69,ll_loadfunc,Global,0x437e92,0x837e92,1.0000,48.88,,
0x005ba526,getfuncname,Global,0x42dbdc,0x82dbdc,0.7153,48.83,,
0x00517b24,Units_SOrderConstruct,Global,0x2a44d0,0x6a44d0,0.5562,48.44,,
0x005b5d86,lua_remove,Global,0x42cf99,0x82cf99,1.0000,48.39,,
0x004174d6,GetTransform,Global,0x101550,0x501550,0.9157,48.27,0x1014a0,0.5486
0x0045b0d4,InitGotoRepair,RecycleTask,0x1b6d20,0x5b6d20,0.6258,48.26,,
0x005b87fc,resume_error,Global,0x42f852,0x82f852,1.0000,48.26,0x42ebda,0.7898
0x0046cf87,UpdateSpecial,UnitTask,0x205560,0x605560,0.5476,48.25,,
0x0040f193,InitState,AttackTask,0x78770,0x478770,0.5933,48.12,0x1f86e0,0.5610
0x0041c004,ObjectiveObjectsNext,Global,0x102760,0x502760,0.9082,48.10,,
0x004dc6db,Chat_DisplayMessage,Global,0x224550,0x624550,0.8038,48.00,,
0x0044c1ff,SetMostRecentKilled,MultDMMission,0x16c690,0x56c690,1.0000,47.95,0x16f320,0.6323
0x00419fbb,VECTOR_3D_Div,Global,0x108040,0x508040,0.5229,47.87,,
0x005c4f51,ifstat,Global,0x43a7a5,0x83a7a5,0.9200,47.85,,
0x005b9b35,luaC_linkupval,Global,0x43012f,0x83012f,0.8707,47.81,,
0x004018d3,Matches,AiMissionClass,0x5c5e0,0x45c5e0,0.8290,47.80,0xb1740,0.5592
0x005b9a69,luaC_fullgc,Global,0x4300aa,0x8300aa,0.9023,47.75,,
0x005c62e8,luaK_dischargevars,Global,0x43c667,0x83c667,0.8263,47.75,,
0x005b76d3,luaL_optlstring,Global,0x42c225,0x82c225,1.0000,47.47,,
0x005b834a,correctstack,Global,0x42eef5,0x82eef5,0.6602,47.23,,
0x005b7086,luaL_addvalue,Global,0x42b87b,0x82b87b,0.9938,47.12,,
0x0046045c,BuildAt,Global,0x1cc9a0,0x5cc9a0,0.5628,47.07,,
0x005c4bf8,forbody,Global,0x43a220,0x83a220,0.7515,47.05,,
0x005bfc73,str_lower,Global,0x434e28,0x834e28,0.9220,47.00,0x434ecf,0.9220
0x005bfd0b,str_upper,Global,0x434e28,0x834e28,0.9220,47.00,0x434ecf,0.9220
0x005b8425,luaD_reallocCI,Global,0x42f536,0x82f536,1.0000,46.89,,
0x0050a66c,AI_Team_Delete,Global,0x295340,0x695340,0.6049,46.62,,
0x00518878,Iterate_BuildNext,Global,0x2a3c70,0x6a3c70,0.6558,46.59,,
0x0053b946,Simulate,LeaderRound,0x1e07b0,0x5e07b0,0.6426,46.50,0x1e16f0,0.5188
0x00528617,get_nonblank_line,Global,0x4276b0,0x8276b0,0.5137,46.44,,
0x004ec6f0,remove_obj,Global,0x22d200,0x62d200,0.8918,46.38,0x2a89e0,0.5347
0x00531bf9,Simulate,Mine,0x111460,0x511460,0.7650,46.19,,
0x005c14b4,tremove,Global,0x4347bd,0x8347bd,1.0000,46.18,,
0x00548f8b,in,Global,0xcf350,0x4cf350,0.6951,46.09,,
0x00537191,Init,QuakeBlast,0x1b17b0,0x5b17b0,0.5198,45.96,,
0x004dd990,Net_CreateMission,Global,0x172c20,0x572c20,0.5602,45.95,,
0x00482a11,Init,Building,0xdb650,0x4db650,0.6951,45.91,,
0x00496c94,Init,GameObject,0xdb650,0x4db650,0.6951,45.91,,
0x004a8b75,Init,PowerUp,0xdb650,0x4db650,0.6951,45.91,,
0x005b6874,lua_pcall,Global,0x42cb8c,0x82cb8c,0.9660,45.87,,
0x00529e75,Hit,AnchorRocket,0x6dc40,0x46dc40,0.5855,45.83,0x1e18a0,0.5334
0x004b4c1f,PackTempState,TurretTank,0x1f61e0,0x5f61e0,0.5491,45.78,,
0x004d7126,DrawEditMenu,PathDisplay,0x19bec0,0x59bec0,0.5513,45.76,,
0x00473452,CreateMovingBBoxe,Global,0x42a90,0x442a90,0.5570,45.50,,
0x004d10c8,Simulate,LightningFeature,0xfa9a0,0x4fa9a0,0.5973,45.49,,
0x005b9b90,currentpc,Global,0x42dad3,0x82dad3,1.0000,45.42,0x42dc5a,0.6404
0x0048ff56,Explode,DistributedObject,0xb9890,0x4b9890,0.7746,45.37,,
0x005c5bb0,patchtestreg,Global,0x43d02b,0x83d02b,0.8996,45.34,,
0x005b872f,callrethooks,Global,0x42ee9e,0x82ee9e,1.0000,45.30,,
0x005b7f64,pushstr,Global,0x42ebda,0x82ebda,1.0000,45.25,0x42f852,0.7898
0x0040bb97,ChangesState,APCProcess,0x715f0,0x4715f0,0.5933,45.16,,
0x00521833,AddTerrainSpecial,Global,0x37d460,0x77d460,0.8081,44.76,,
0x0041a087,VECTOR_3D_Eq,Global,0x108270,0x508270,1.0000,44.71,0x100cd0,0.5091
0x00485d1f,AddSmoke,SmokeEffect,0x910c0,0x4910c0,0.7708,44.59,0xc0930,0.5013
0x0053e68f,Weapon,Weapon,0x211300,0x611300,0.5534,44.47,,
0x004bd201,InitKeyboard,Global,0x34740,0x434740,0.5404,44.41,,
0x00464b33,AddObject,Tran04Mission,0x1e94a0,0x5e94a0,0.9210,44.38,0x147d30,0.6710
0x00527169,find_obj_prjid,Global,0x426b80,0x826b80,1.0000,44.34,,
0x005177a3,IsUnit,Global,0x2a3ad0,0x6a3ad0,0.7704,44.24,,
0x0046613e,PostLoad,TugProcess,0x1ede50,0x5ede50,0.8411,44.11,,
0x005b7a87,stack_init,Global,0x42d86b,0x82d86b,0.8941,44.07,,
0x00548450,in,Global,0xce1c0,0x4ce1c0,0.5815,44.00,,
0x0054822a,out,Global,0xcdb40,0x4cdb40,0.7060,43.84,0x6f940,0.6004
0x0053dfa6,Control,Weapon,0x1b17b0,0x5b17b0,0.5455,43.82,0x1b1e10,0.5262
0x00528e87,fentry_compare1,Global,0x428180,0x828180,0.6515,43.78,0x428260,0.6972
0x0041b80c,StopSound,Global,0xffa90,0x4ffa90,0.8661,43.60,0xff960,0.5164
0x0050bc69,AIBuild_CanUnitBuildHere,Global,0x292150,0x692150,0.8366,43.58,,
0x0047dcbf,SetMode,ModeList,0x6fa60,0x46fa60,0.7797,43.35,,
0x00419618,UnpackUserData,Global,0x105db0,0x505db0,0.5970,43.27,,
0x00485dd6,FindSmokeSource,Craft,0x1aba30,0x5aba30,0.9757,43.20,0xa79a0,0.9757
0x004aa4fb,FindSmokeSource,Producer,0x1aba30,0x5aba30,0.9757,43.20,0xa79a0,0.9757
0x005110a7,IParse_Which_Variable,Global,0x2998c0,0x6998c0,0.6286,43.17,0xb1740,0.5154
0x00481be8,OpenGASObject,Global,0x3b520,0x43b520,0.6267,43.06,,
0x004813b1,CountCopies,Global,0x3c120,0x43c120,0.8793,43.02,0x3c070,0.7603
0x005bd8e4,luaX_newstring,Global,0x438fac,0x838fac,1.0000,42.95,,
0x0053b9d5,Hit,LeaderRound,0x1e08c0,0x5e08c0,0.5719,42.92,0x6dc40,0.5555
0x005b5d4d,lua_settop,Global,0x42d226,0x82d226,1.0000,42.91,,
0x00415d08,Save,Inst03Mission,0x10a7c0,0x50a7c0,0.5590,42.90,,
0x0041ad29,Save,LuaMission,0x10a7c0,0x50a7c0,0.5590,42.90,,
0x0044bf9c,Save,MultDMMission,0x10a7c0,0x50a7c0,0.5590,42.90,,
0x0044d130,Save,MultSTMission,0x10a7c0,0x50a7c0,0.5590,42.90,,
0x0054cb72,Plane_Equation,Global,0x41fc00,0x81fc00,0.7323,42.88,,
0x0054c343,Vector_Transform,Global,0x420180,0x820180,0.6480,42.86,,
0x00490558,GetFreeBuffer,CSound,0x39550,0x439550,0.6350,42.80,,
0x0050a093,AI_Team_UnRecruit_Single_Neighbor,Global,0x296c90,0x696c90,0.9784,42.79,,
0x005bef4b,makemask,Global,0x437783,0x837783,1.0000,42.78,,
0x00407b2c,CalcRange,Global,0x66be0,0x466be0,0.5234,42.75,,
0x0053c774,Load,Torpedo,0x1e4e30,0x5e4e30,0.6250,42.75,,
0x005b9461,iscleared,Global,0x42ffca,0x82ffca,0.9814,42.66,,
0x0045ac3c,DoStateProlog,ScavGotoScrap,0x1b8530,0x5b8530,0.5170,42.51,,
0x004b0e68,GetRtimeClass,RtimeClass,0x1d7230,0x5d7230,0.5228,42.44,,
0x005b9d95,funcinfo,Global,0x42db70,0x82db70,0.9711,42.36,,
0x00445d9c,Setup,Misns7Mission,0x15f5d0,0x55f5d0,0.8405,42.33,0x23b710,0.7025
0x00460ae4,BuildObject,Global,0x1c8080,0x5c8080,0.5742,42.31,,
0x004866c9,BuildPilot,Craft,0xadb00,0x4adb00,0.5098,42.27,,
0x0051ad4c,Init_Precomputation,Scheduler,0x2a70b0,0x6a70b0,0.7674,42.24,0x2a7900,0.5167
0x00458250,InitState,PersonAttack,0x71f40,0x471f40,0.5402,42.20,,
0x00463412,InitState,SoldierAttack,0x71f40,0x471f40,0.5402,42.20,,
0x0041ceb0,ObjectsInRange,Global,0x102490,0x502490,0.5083,42.16,,
0x00525849,GetClsnPlanes,Global,0x425510,0x825510,0.9604,42.13,,
0x005beed3,hookf,Global,0x4376eb,0x8376eb,0.9811,41.97,,
0x005bc817,unbound_search,Global,0x4316d8,0x8316d8,0.6182,41.94,,
0x00510dab,IParse_Find_Char_Type,Global,0x2991d0,0x6991d0,0.8389,41.83,,
0x004014dc,out,AiCmdInfo,0x5c2a0,0x45c2a0,0.9306,41.78,0x6f940,0.7026
0x004b25de,find_texture,Global,0x817a0,0x4817a0,0.5694,41.78,,
0x004051d7,BuildingUnblock,Global,0x697c0,0x4697c0,0.9796,41.76,,
0x005bd2cd,luaZ_openspace,Global,0x42ecad,0x82ecad,0.9848,41.74,,
0x0043adc8,Setup,Misn17Mission,0x14a760,0x54a760,0.9994,41.71,0x1552b0,0.9608
0x0040476d,Get_Next_Object,Range_Search_Results,0x62710,0x462710,0.6641,41.69,,
0x0051658b,UpdateAOI,Global,0x2a1bc0,0x6a1bc0,0.5036,41.69,,
0x0049c347,AddDust,DustEffect,0xc0930,0x4c0930,0.6433,41.66,0x910c0,0.5887
0x005c6953,codearith,Global,0x43be46,0x83be46,0.8174,41.62,,
0x004d4806,DrawPath,PathDisplay,0x195e80,0x595e80,0.5389,41.25,,
0x004e9bd1,ClassCallFirst,Global,0x22bbb0,0x62bbb0,0.7476,41.18,,
0x0040aae2,ProcessBuildings,Global,0x69c70,0x469c70,0.5409,41.15,,
0x00490842,ResetFile,CWaveFile,0x39830,0x439830,0.6835,40.98,,
0x004ec817,add_obj_to_tree,Global,0x22d410,0x62d410,0.9215,40.91,0x22d3b0,0.5940
0x004927f8,"_Median<GameFeature_*_*,GFInitPri>",std,0xd7e70,0x4d7e70,0.8961,40.90,0xd6f10,0.8961
0x00492924,"_Median<GameFeature_*_*,GFPreLoadPri>",std,0xd7e70,0x4d7e70,0.8961,40.90,0xd6f10,0.8961
0x00492a50,"_Median<GameFeature_*_*,GFPostLoadPri>",std,0xd7e70,0x4d7e70,0.8961,40.90,0xd6f10,0.8961
0x00492b7c,"_Median<GameFeature_*_*,GFRenderPri>",std,0xd7e70,0x4d7e70,0.8961,40.90,0xd6f10,0.8961
0x00492ca8,"_Median<GameFeature_*_*,GFPreDestroyPri>",std,0xd7e70,0x4d7e70,0.8961,40.90,0xd6f10,0.8961
0x00492dd4,"_Median<GameFeature_*_*,GFPostRunPri>",std,0xd7e70,0x4d7e70,0.8961,40.90,0xd6f10,0.8961
0x00492f00,"_Median<GameFeature_*_*,GFCleanupPri>",std,0xd7e70,0x4d7e70,0.8961,40.90,0xd6f10,0.8961
0x004e484f,"_Median<ScorePlayer_*_*,king_comp>",std,0xd7e70,0x4d7e70,0.8961,40.90,0xd6f10,0.8961
0x004e498f,"_Median<ScorePlayer_*_*,lives_comp>",std,0xd7e70,0x4d7e70,0.8961,40.90,0xd6f10,0.8961
0x004e4abb,"_Median<ScorePlayer_*_*,comp>",std,0xd7e70,0x4d7e70,0.8961,40.90,0xd6f10,0.8961
0x00534df9,Build,OrdnanceClass,0x186ff0,0x586ff0,0.6051,40.79,,
0x0049133c,CSound,CSound,0x390b0,0x4390b0,0.6133,40.71,,
0x004f48b8,Graphic_Buffer_Set_Pane,Global,0x289fa0,0x689fa0,0.8985,40.71,0x1872e0,0.5352
0x005c7630,_allshl,Global,0x444490,0x844490,1.0000,40.66,0x4445a0,0.5834
0x0041bf78,SelectedObjectsNext,Global,0x102660,0x502660,0.7262,40.65,,
0x00470f75,DoAudioFixedLoc,Global,0x37720,0x437720,0.8229,40.65,0x376c0,0.5305
0x004953ba,AssignColor,GameObject,0xdb800,0x4db800,0.7636,40.60,,
0x005ba6e4,auxgetinfo,Global,0x42d8f0,0x82d8f0,0.5581,40.56,,
0x0049c3e0,Load,HoverCraft,0xe9fa0,0x4e9fa0,0.5889,40.50,,
0x004b6bc6,Load,Walker,0xe9fa0,0x4e9fa0,0.5889,40.50,,
0x00511f64,IParse_Parse_New_Command,Global,0x29bb80,0x69bb80,0.6386,40.49,,
0x0043d56b,Setup,Misn18Mission,0x14a760,0x54a760,0.9928,40.43,0x1552b0,0.9671
0x004c9083,Simulate,DustEffect,0xc0410,0x4c0410,0.5383,40.32,,
0x0050b3a7,AIBuildListGeneratePriorityLevel_NUMBER_TO_HAVE,Global,0x2912b0,0x6912b0,0.6060,40.32,,
0x005c51f2,retstat,Global,0x43b18d,0x83b18d,0.5773,40.31,,
0x0052d029,Simulate,DayWrecker,0xb0460,0x4b0460,0.6092,40.26,,
0x0041cdde,ObjectsInRangeNext,Global,0x102360,0x502360,0.5350,40.18,,
0x005b6c4f,lua_setupvalue,Global,0x42d265,0x82d265,0.7150,40.17,0x42cf37,0.5165
0x005bda2e,check_next,Global,0x4388ea,0x8388ea,0.8414,40.15,,
0x00495192,Init,GameObject,0xdada0,0x4dada0,0.7223,40.14,,
0x00496311,GameObject_Init,Global,0xdada0,0x4dada0,0.7223,40.14,,
0x00528ed0,fentry_compare2,Global,0x428260,0x828260,0.7706,40.14,0x428180,0.6339
0x00405721,BlockedCellInit,Global,0x6aac0,0x46aac0,0.6898,40.09,,
0x004be155,Simulate,BettyVoice,0x7c5f0,0x47c5f0,0.6240,40.08,,
0x005bcef1,luaF_newLclosure,Global,0x42fba1,0x82fba1,0.9183,40.04,,
0x0051a821,Subschedule_Clean_Up,Scheduler,0x2a67b0,0x6a67b0,0.6621,40.03,0x2a6880,0.5152
0x004d7289,DrawMenuBar,PathDisplay,0x195250,0x595250,0.8345,39.93,,
0x005081a4,DR_AI_Init,Global,0x28f7b0,0x68f7b0,0.5710,39.85,,
0x005bd1c1,luaF_getlocalname,Global,0x42fb1b,0x82fb1b,0.7423,39.84,,
0x005c5f27,luaK_setoneret,Global,0x43ce20,0x83ce20,0.8317,39.76,0x43ce76,0.5065
0x005bc888,luaH_getn,Global,0x430e70,0x830e70,0.6539,39.72,,
0x005bc6cf,luaH_getstr,Global,0x430f2e,0x830f2e,0.8683,39.52,,
0x00418b2f,Dropoff,Global,0x1049b0,0x5049b0,1.0000,39.48,0x1045d0,0.6851
0x005b615e,lua_objlen,Global,0x42cb3b,0x82cb3b,0.7569,39.40,0x42d465,0.5252
0x005b6543,lua_getmetatable,Global,0x42c882,0x82c882,0.7975,39.38,0x42c7d3,0.5277
0x0052981e,zixGetFileSize,Global,0x429150,0x829150,0.5390,39.37,,
0x0046a4ee,Load,UnitTask,0xe9fa0,0x4e9fa0,0.5103,39.34,,
0x00508c6c,AI_Team_Initialize_Regions_Of_Control,Global,0x294fc0,0x694fc0,0.5659,39.30,,
0x00477f18,Update_Rotator_Matrix,Global,0x216e80,0x616e80,0.9559,39.27,,
0x005b75f2,luaL_checkudata,Global,0x42bbcf,0x82bbcf,1.0000,39.27,0xff320,0.5022
0x004b30e1,PackTempState,Tug,0x1ed6d0,0x5ed6d0,0.8116,39.14,0x70f40,0.5618
0x00416c94,BuildObject,Global,0xffb70,0x4ffb70,0.6973,39.06,0x104ad0,0.6116
0x005238e2,Submit_Terrain_Mesh,Global,0x380c70,0x780c70,0.7124,39.06,,
0x00440448,Setup,Misns2Mission,0x1552b0,0x5552b0,1.0000,39.05,0x14a760,0.9601
0x005823dc,TextInput_AllowInput,Global,0x423390,0x823390,0.6769,38.97,,
0x005b8996,luaD_throw,Global,0x42f657,0x82f657,1.0000,38.94,,
0x005caa41,`dynamic_initializer_for_'codes'',Global,0x5c00,0x405c00,1.0000,38.91,0x97e0,0.8784
0x00512f0e,IParse_Append_Path,Global,0x29d0f0,0x69d0f0,0.6179,38.87,,
0x0045b03f,InitGotoRecycler,RecycleTask,0x1b6b50,0x5b6b50,0.5510,38.84,,
0x005c125d,foreachi,Global,0x43454c,0x83454c,0.9069,38.79,,
0x0040d306,DoWait,ArtilleryProcess,0x75970,0x475970,0.7194,38.73,0x1f7690,0.6632
0x005bb2f0,Arith,Global,0x431a97,0x831a97,0.5023,38.69,,
0x0046ae9a,GetOrdnanceDamage,Global,0x1fce50,0x5fce50,0.6903,38.68,,
0x004bd422,StoreGameKey,Global,0x34b00,0x434b00,0.5946,38.68,,
0x0053c85a,GetRank,Torpedo,0x1e4fa0,0x5e4fa0,0.6876,38.67,,
0x00480eef,CheckWave,Global,0x3b210,0x43b210,0.5431,38.61,,
0x005baf32,call_orderTM,Global,0x431d67,0x831d67,0.7880,38.59,,
0x005196a6,AISchedule_PostLoad,Global,0x2a31e0,0x6a31e0,0.7135,38.51,,
0x0043ec49,Setup,Misns1Mission,0x1523a0,0x5523a0,0.9990,38.50,0x11d900,0.9305
0x0040acad,AddObject,AiUtilFeature,0x6b100,0x46b100,0.7720,38.44,0x6b1a0,0.7720
0x0040ad0f,DeleteObject,AiUtilFeature,0x6b100,0x46b100,0.7720,38.44,0x6b1a0,0.7720
0x0040edba,CleanState,AttackTask,0x78930,0x478930,0.6778,38.43,,
0x0042bc40,Setup,Misn08Mission,0x12dbf0,0x52dbf0,0.8647,38.31,0x15f5d0,0.7232
0x004836bb,MCadd_to_purge,Global,0x814e0,0x4814e0,0.9023,38.30,,
0x00423795,NoEscorts,Global,0x123260,0x523260,1.0000,38.25,,
0x0040ade6,Extents,Global,0x6eb60,0x46eb60,0.5442,38.22,,
0x00457ab4,DoWait,PersonProcess,0x1a4500,0x5a4500,0.5868,38.19,,
0x00484c7c,StopSpinners,CommTower,0x1ca980,0x5ca980,0.9801,38.17,0x1ca920,0.8906
0x00508a3a,AI_Parts_AddBuildingToTeam,Global,0x294b20,0x694b20,0.6981,38.16,,
0x004ca27b,PushUndoGrid,EditTerrain,0xc73b0,0x4c73b0,0.6931,38.15,,
0x00478ba0,GetMissionID,Global,0x34390,0x434390,1.0000,38.13,,
0x0041465f,DoStateProlog,GoNear,0xe7150,0x4e7150,0.5349,38.08,,
0x0051627f,Random_Rand,Global,0x2a0690,0x6a0690,0.9944,38.05,,
0x0045d222,ChangeState,ScavengerProcess,0x1c4370,0x5c4370,0.5327,38.03,,
0x00484c41,StartSpinners,CommTower,0x1ca920,0x5ca920,0.9800,38.02,0x1ca980,0.8907
0x004733f9,CreateBBoxe,Global,0x429d0,0x4429d0,0.8958,38.01,,
0x005b6612,lua_setfield,Global,0x42d102,0x82d102,1.0000,38.00,0x42c82c,0.8879
0x00481903,NewGASObject,Global,0x3af00,0x43af00,0.5206,37.96,,
0x005c12d6,foreach,Global,0x4345c9,0x8345c9,0.8792,37.92,,
0x004e9b3d,ClassCreate,Global,0x22b940,0x62b940,0.7598,37.87,,
0x005bc1b4,mainposition,Global,0x431196,0x831196,0.6275,37.87,,
0x004d9f78,GetSpriteTextureUV,Global,0x28f0f0,0x68f0f0,0.6464,37.86,,
0x00508bf9,AI_Parts_SubtractUnitFromTeam,Global,0x294c10,0x694c10,0.9881,37.86,0x294ba0,0.7859
0x005bce57,luaS_newudata,Global,0x430a95,0x830a95,0.8435,37.75,,
0x005b9790,markmt,Global,0x430294,0x830294,1.0000,37.70,,
0x0051f3c3,TerrainSaveName,Global,0x3800c0,0x7800c0,0.8519,37.63,,
0x00423300,Setup,Misn05Mission,0x11d900,0x51d900,1.0000,37.45,0x1523a0,0.9316
0x005bd201,luaZ_fill,Global,0x42ec27,0x82ec27,1.0000,37.45,,
0x004d3167,SetObject,OverView,0x188970,0x588970,0.9976,37.32,0x1b7080,0.6538
0x005b6446,lua_getfield,Global,0x42c82c,0x82c82c,1.0000,37.13,0x42d102,0.8879
0x005276d5,ReadBWD2File,Global,0x426780,0x826780,0.7296,37.03,,
0x0048ffb7,RemoteDelete,DistributedObject,0xb9940,0x4b9940,0.5204,36.98,,
0x0044bdce,Matches,MPMissionClass,0x5c5e0,0x45c5e0,0.5351,36.90,,
0x004d46a8,WorldToScreen,PathDisplay,0x1946f0,0x5946f0,1.0000,36.81,,
0x00460970,CameraObject,Global,0x1cd440,0x5cd440,0.7522,36.66,0x1c96a0,0.5219
0x004209fc,Setup,Misn04Mission,0x14a760,0x54a760,0.8697,36.39,0x119310,0.8740
0x004be44e,AddEmitter,SmokeEffect,0x91000,0x491000,0.7282,36.39,,
0x00507277,AI_UnitAppeared,Global,0x28fb10,0x68fb10,0.5968,36.38,,
0x005b62b7,lua_pushstring,Global,0x42cd77,0x82cd77,1.0000,36.36,0x16290,0.5071
0x00458fa7,Load,RecyclerFriend,0x1b4b80,0x5b4b80,0.7438,36.35,0x1b4e50,0.7438
0x004590bc,Load,RecyclerEnemy,0x1b4b80,0x5b4b80,0.7438,36.35,0x1b4e50,0.7438
0x0045f814,Deploy,Global,0x1ccd00,0x5ccd00,1.0000,36.27,0x1ccc90,1.0000
0x00460623,EjectPilot,Global,0x1ccd00,0x5ccd00,1.0000,36.27,0x1ccc90,1.0000
0x00460659,HopOut,Global,0x1ccd00,0x5ccd00,1.0000,36.27,0x1ccc90,1.0000
0x0041c091,SetCommand,Global,0x104230,0x504230,0.5042,36.26,,
0x004ae759,BestDropoff,Global,0x1c2680,0x5c2680,0.5830,36.20,,
0x005c69d2,codecomp,Global,0x43bed9,0x83bed9,1.0000,36.18,,
0x0050b83e,AIBuild_IsAreaLevel,Global,0x291b80,0x691b80,0.6069,36.11,0x291ae0,0.5127
0x00508b6f,AI_Parts_AddUnitToTeam,Global,0x294ba0,0x694ba0,0.9874,36.07,0x294c10,0.7864
0x0054c491,Plane_Transform,Global,0x4202b0,0x8202b0,0.6719,36.07,0x40300,0.7709
0x0054c50c,Transform_Plane,Global,0x4202b0,0x8202b0,0.6719,36.07,0x40300,0.7709
0x00405821,CellTeam,Global,0x6ad30,0x46ad30,0.7578,35.93,0x6acc0,0.6331
0x005b9c2c,lua_getstack,Global,0x42e171,0x82e171,0.5718,35.90,,
0x0055164d,FindVehicle,VehicleList,0x184d0,0x4184d0,0.5197,35.85,0x5c5e0,0.5429
0x004b1789,Reset,CStreamingOggSound,0x16cf0,0x416cf0,0.6077,35.69,,
0x00495468,SetAsUser,GameObject,0xdb930,0x4db930,0.6457,35.64,,
0x005b6b7e,lua_newuserdata,Global,0x42cac6,0x82cac6,1.0000,35.64,0x42ca93,0.6913
0x005ba9da,luaT_gettmbyobj,Global,0x4334a2,0x8334a2,0.8132,35.60,,
0x004c2e17,Load,CockpitTimer,0x9ab50,0x49ab50,0.6238,35.58,0x6f840,0.6247
0x005b64d1,lua_rawgeti,Global,0x42ce9d,0x82ce9d,1.0000,35.43,0x42cdd2,0.5290
0x0051bcad,Squad_Set_Goal,Global,0x2a8980,0x6a8980,0.9620,35.38,0x2a89e0,0.6505
0x0046ad95,CleanStuck,UnitTask,0x202920,0x602920,0.8360,35.37,0x1b7080,0.7068
0x0052e811,Build,ExplosionClass,0xcb7b0,0x4cb7b0,0.7218,35.37,0x186ff0,0.5117
0x005c4132,parlist,Global,0x43acb0,0x83acb0,0.5429,35.37,,
0x005c6a34,luaK_prefix,Global,0x43cca2,0x83cca2,0.9504,35.33,,
0x005c75f0,_allmul,Global,0x444300,0x844300,1.0000,35.30,,
0x004e765a,InterpolatePosition,Global,0x22aca0,0x62aca0,1.0000,35.23,,
0x00482b47,GetRank,Building,0x7fb80,0x47fb80,0.6442,35.22,,
0x0044f460,operator[],ExpandingArray<NodeNeighbor>,0x1924d0,0x5924d0,0.5612,35.15,,
0x0041060b,DoNear,UnBuild,0x9ec50,0x49ec50,0.5120,35.05,,
0x005c167a,sort_comp,Global,0x434c5d,0x834c5d,1.0000,34.95,,
0x005c53f5,luaY_parser,Global,0x43aae9,0x83aae9,0.7953,34.89,0x2be280,0.5324
0x004da22f,Simulate,SmokeEffect,0x1d5810,0x5d5810,0.5183,34.84,,
0x00404b2a,Vector_Unrotate,Global,0x40210,0x440210,0.8409,34.80,0x40300,0.8409
0x0046acdd,Vector_Rotate,Global,0x40210,0x440210,0.8409,34.80,0x40300,0.8409
0x0050b357,AIBuild_CanUpgradeTo,Global,0x291230,0x691230,0.8355,34.80,,
0x0045e609,SetObjective,GameObject,0x9f300,0x49f300,0.6277,34.74,,
0x004673ba,DoWait,TurretTankProcess,0x1f7690,0x5f7690,0.7935,34.74,0x75970,0.6697
0x005b6e33,luaL_callmeta,Global,0x42b9a1,0x82b9a1,1.0000,34.72,,
0x005bae64,call_binTM,Global,0x431d18,0x831d18,1.0000,34.70,,
0x00582524,TextInput_SetString,Global,0x423600,0x823600,0.7692,34.66,,
0x00417f50,ClearScrapAround,Global,0x102ea0,0x502ea0,0.6005,34.62,0x104ad0,0.5120
0x00495538,GetWhat,GameObject,0xdbb40,0x4dbb40,0.7782,34.57,0x425da0,0.6021
0x004d0f07,SetBoltPos,LightningFeature,0xfb520,0x4fb520,0.6219,34.48,,
0x0041cd46,AllCraftNext,Global,0x102170,0x502170,0.6580,34.46,0x102270,0.6580
0x005c0656,lmemfind,Global,0x435a7d,0x835a7d,0.5865,34.46,,
0x005cc07a,`dynamic_initializer_for_'sCompactCfg'',Global,0x97e0,0x4097e0,1.0000,34.42,0x5c00,0.8784
0x004d134f,Submit,LightningFeature,0xfaaf0,0x4faaf0,0.9488,34.36,,
0x005c7b9e,__security_init_cookie,Global,0x43f3d1,0x83f3d1,0.6567,34.32,,
0x005b6499,lua_rawget,Global,0x42ce65,0x82ce65,1.0000,34.24,,
0x004a945e,PowerUp_GiveRemote,Global,0x1aa2b0,0x5aa2b0,0.6998,34.23,,
0x0050ecb8,Execute_Task,Escort_Goal,0x2977a0,0x6977a0,0.5171,34.10,,
0x00551a23,FindVehicle,SimpleVehicleList,0x184d0,0x4184d0,0.5034,34.10,0x5c5e0,0.5453
0x004de8d5,dpEnumSessionsCallback,Global,0x41c0d0,0x81c0d0,0.5513,34.09,0x29a370,0.5016
0x00415859,Matches,Inst01MissionClass,0x5c5e0,0x45c5e0,0.5004,34.02,,
0x005c67f5,luaK_goiftrue,Global,0x43c8d6,0x83c8d6,0.7830,33.94,0x43c87c,0.5253
0x004188d7,Mine,Global,0x1049b0,0x5049b0,0.8116,33.92,0x1045d0,0.5978
0x0048490d,CameraPod,CameraPod,0x81f30,0x481f30,0.5224,33.92,,
0x004e9ab1,DeleteFromObjlist,Global,0x22c100,0x62c100,1.0000,33.86,0x44f20,0.6470
0x005b9751,luaC_freeall,Global,0x430068,0x830068,1.0000,33.86,,
0x0051105f,IParse_Which_Struct,Global,0x2998c0,0x6998c0,0.5281,33.83,0x299800,0.5231
0x004a8156,Simulate,PowerPlant,0x1a76a0,0x5a76a0,0.7306,33.82,,
0x0046d785,Init,UnitTask,0x1fedd0,0x5fedd0,0.5905,33.81,,
0x004c2ec8,Save,CockpitTimer,0x6f940,0x46f940,0.7361,33.64,0x1b4f40,0.7026
0x005258ad,File_Matrix_To_I76_Matrix,Global,0x424a30,0x824a30,1.0000,33.63,0x2c2f60,0.5262
0x004ed73b,Init_Scrounge_Object,Global,0x22e860,0x62e860,0.9918,33.62,0x22d3b0,0.6189
0x004bffe5,_Median<RadarItem_*>,std,0x229270,0x629270,0.7642,33.57,0xd6f10,0.7642
0x00457443,PersonGetIn,PersonGetIn,0x1a54c0,0x5a54c0,0.8971,33.54,,
0x004b220c,find_textable,Global,0x41c190,0x81c190,0.5195,33.50,0x41c380,0.5142
0x005c6ab8,luaK_infix,Global,0x43c95a,0x83c95a,0.8324,33.45,,
0x00418a67,Retreat,Global,0x104860,0x504860,1.0000,33.32,0x1049b0,0.5554
0x00511841,IParse_Parse_Include,Global,0x29aca0,0x69aca0,0.6503,33.30,0x16290,0.5074
0x0041ccb2,AllObjectsNext,Global,0x102170,0x502170,0.6306,33.29,0x102270,0.6306
0x004b0a7e,IsKindOf,SObject,0x1d7690,0x5d7690,1.0000,33.26,,
0x004857d5,GetCommand,ConstructionRig,0x9d150,0x49d150,0.5699,33.23,,
0x00442e96,Setup,Misns3Mission,0x159ae0,0x559ae0,1.0000,33.18,0x1552b0,0.9068
0x005b620c,lua_topointer,Global,0x42d414,0x82d414,0.8724,33.18,0x42d465,0.5913
0x004ec761,release_tree,Global,0x22d2c0,0x62d2c0,0.9669,33.14,0x1ca920,0.5932
0x0048570b,SetConstructionMatrix,ConstructionRig,0x9cf90,0x49cf90,0.5461,33.11,0x1ddc20,0.5231
0x00417b1e,GetDistance,Global,0x101fc0,0x501fc0,0.5152,33.10,,
0x00418827,Goto,Global,0x1044a0,0x5044a0,0.5901,33.03,0x104ad0,0.5713
0x005b61ac,lua_tocfunction,Global,0x42d311,0x82d311,1.0000,32.97,0x42c99e,0.8843
0x0044db00,Load,OffensiveProcess,0x6f840,0x46f840,0.6877,32.96,0x1b4b80,0.5807
0x0050ce51,AIBuild_CreditAdd,Global,0x292ba0,0x692ba0,0.8110,32.96,,
0x00416d95,GetTeamSlot,Global,0xffd30,0x4ffd30,1.0000,32.93,0xffcd0,0.5571
0x005bc17e,hashnum,Global,0x430d4e,0x830d4e,1.0000,32.86,,
0x005c53ac,chunk,Global,0x439bcd,0x839bcd,0.8361,32.86,,
0x00558a91,InfoChanged,PlayerList,0x428180,0x828180,0.5385,32.81,0x41c190,0.5053
0x00419400,UnpackString,Global,0x1059b0,0x5059b0,0.9885,32.79,0x105b50,0.6128
0x005c6ed0,_chkstk,Global,0x444340,0x844340,1.0000,32.74,,
0x0049f62c,Save,Howitzer,0x1aff90,0x5aff90,0.5439,32.62,0x6f940,0.5353
0x0041384a,Load,GotoTask,0xe5b10,0x4e5b10,0.5337,32.60,0x1b4b80,0.5465
0x004ea253,del_entity,Global,0x22c7d0,0x62c7d0,0.9801,32.59,,
0x00417c45,GetNearestObject,Global,0x102840,0x502840,0.5481,32.54,0x102960,0.5481
0x00417cea,GetNearestVehicle,Global,0x102840,0x502840,0.5481,32.54,0x102960,0.5481
0x00417d8f,GetNearestBuilding,Global,0x102840,0x502840,0.5481,32.54,0x102960,0.5481
0x00417e34,GetNearestEnemy,Global,0x102840,0x502840,0.5481,32.54,0x102960,0.5481
0x005b700a,luaL_addlstring,Global,0x42b81b,0x82b81b,0.8924,32.53,,
0x004cf250,SetObject,InfoDisplay,0xf3f60,0x4f3f60,0.8595,32.50,,
0x004cd696,AddFlame,EngineFlame,0xc8800,0x4c8800,0.6815,32.42,,
0x004cda77,AddSplash,EngineSplash,0xc8800,0x4c8800,0.6815,32.42,,
0x00468093,InitState,TurretAttack,0x1f86e0,0x5f86e0,0.5169,32.41,0x71f40,0.5366
0x00419d1e,VECTOR_3D_Index,Global,0x107aa0,0x507aa0,0.6440,32.40,0x107b80,0.5638
0x00458c75,Save,RecyclerProcess,0xcdb40,0x4cdb40,0.5691,32.34,0x1aff90,0.5387
0x005b83c9,luaD_reallocstack,Global,0x42f596,0x82f596,0.8559,32.34,,
0x005c2cf3,luaB_dofile,Global,0x433b59,0x833b59,1.0000,32.31,,
0x005c3e1c,recfield,Global,0x43af59,0x83af59,0.6965,32.30,,
0x005c6d2e,_onexit,Global,0x43e8d0,0x83e8d0,0.6739,32.15,,
0x005c26f8,luaB_error,Global,0x4336ee,0x8336ee,1.0000,32.14,,
0x00413904,Save,GotoTask,0x1b4f40,0x5b4f40,0.6849,32.09,0x6f940,0.6164
0x005c3832,searchvar,Global,0x43b3a9,0x83b3a9,0.5223,32.02,,
0x00483678,compute_hash,Global,0x81440,0x481440,0.8155,32.01,0x46460,0.5307
0x0045cc64,GetScrapPosition,ScavengerProcess,0x1c40b0,0x5c40b0,0.8142,31.99,,
0x0050c19f,AIBuild_CreditAddNonProportional,Global,0x292ce0,0x692ce0,0.6315,31.99,,
0x0050b317,AIBuild_CanThisUpgradeToThat,Global,0x290f50,0x690f50,0.8222,31.97,,
0x005bd10c,luaF_freeproto,Global,0x42fa62,0x82fa62,1.0000,31.92,,
0x0047a5a1,Pop_Camera,Global,0x21a080,0x61a080,0.8876,31.85,0x21a000,0.6390
0x005b61ce,lua_touserdata,Global,0x42d465,0x82d465,1.0000,31.68,0x42c99e,0.6254
0x0050b990,AIBuild_CanMineFitExactlyHere,Global,0x291d60,0x691d60,0.9743,31.65,,
0x004b0a08,Save,RtimeClass,0x1d7580,0x5d7580,0.6011,31.63,,
0x004b07d0,Load,ScrapSilo,0x1d3e30,0x5d3e30,0.6891,31.62,,
0x004ec57c,i_got_dibs_on_obj,Global,0x22cf50,0x62cf50,0.7097,31.59,,
0x004d478d,ScreenToWorld,PathDisplay,0x1947d0,0x5947d0,1.0000,31.58,0x10d690,0.7272
0x0047894d,ControlWeapons,Global,0x217fa0,0x617fa0,0.5862,31.56,,
0x00473319,CarHierarchyCheck,Global,0x44d50,0x444d50,0.5352,31.53,0x4b8d0,0.6045
0x0050b7c5,AIBuild_IsAreaFreeOfBuildings,Global,0x291ae0,0x691ae0,0.5922,31.49,0x291b80,0.5130
0x005b7da9,lua_close,Global,0x42d6fd,0x82d6fd,0.8017,31.49,,
0x0045f535,GetDistance,Global,0x1c9800,0x5c9800,0.5255,31.46,,
0x0051bcfd,Squad_Compute_Location,Global,0x2a8a30,0x6a8a30,0.6677,31.44,,
0x00451260,"_Median<Strip_*_*,bool_(__cdecl*)(Strip_*,Strip_*)>",std,0x193750,0x593750,0.7226,31.43,0x229270,0.6277
0x0049550f,SetCommand,GameObject,0xdbaf0,0x4dbaf0,0.9791,31.43,0x599e0,0.5359
0x005153d2,PREREQ_Search,Global,0x2a0350,0x6a0350,0.7957,31.42,,
0x0048d307,ReceiveDamage,DistributedObject,0xb9c80,0x4b9c80,0.5926,31.38,,
0x0048dcbf,DistributedObject_ReceiveDamage,Global,0xb9c80,0x4b9c80,0.5926,31.38,,
0x004c48bc,SetCommand,ControlPanel,0xa7230,0x4a7230,0.8942,31.37,,
0x0053e851,Build,WeaponClass,0x2121c0,0x6121c0,0.8732,31.35,,
0x00474519,ClearObjCollision,Global,0x43a20,0x443a20,0.8190,31.28,0x1ca920,0.8149
0x005b627b,lua_pushlstring,Global,0x42c68b,0x82c68b,1.0000,31.26,0x42cd08,1.0000
0x005b6507,lua_createtable,Global,0x42c68b,0x82c68b,1.0000,31.26,0x42cd08,1.0000
0x005c1aa8,ll_register,Global,0x437eff,0x837eff,0.8329,31.24,0x437655,0.5423
0x0050750d,AI_SpentCreditRemove,Global,0x28ffb0,0x68ffb0,0.6747,31.23,,
0x0046194a,Node,ShortPath::Node,0x1d28b0,0x5d28b0,0.8589,31.17,,
0x004c363f,AddBlob,ConstructionBlob,0x9c0a0,0x49c0a0,0.6836,31.17,,
0x0048a144,PermStateRead,DistributedObject,0xb7e60,0x4b7e60,0.7147,31.14,,
0x004df3ba,HandleSnipe,Net,0x173ae0,0x573ae0,0.5629,31.13,,
0x00480ddd,ConvertFileGPI,Global,0x3b040,0x43b040,0.6493,31.10,,
0x0051265f,IParse_Trash_Structs,Global,0x29c470,0x69c470,0.9690,31.07,0x29c3c0,0.7929
0x00472e85,CarSphereCheck,Global,0x40690,0x440690,0.5087,31.02,0x4b8d0,0.5504
0x0051a8a7,Reset_Subschedule,Scheduler,0x2a6880,0x6a6880,0.8785,30.90,,
0x005b5d0f,lua_newthread,Global,0x42ca93,0x82ca93,1.0000,30.85,0x42c68b,0.7633
0x0045fac8,CanBuild,Global,0x1cb550,0x5cb550,0.7263,30.79,0x1cb4e0,0.7263
0x0045fb0b,IsBusy,Global,0x1cb550,0x5cb550,0.7263,30.79,0x1cb4e0,0.7263
0x0045ecc0,IsOdf,Global,0x1c8410,0x5c8410,0.7169,30.78,0x1cd610,0.5296
0x005c6793,jumponcond,Global,0x43c488,0x83c488,0.6910,30.75,,
0x004dd42f,HandleSpawnPoint,Net,0x171c70,0x571c70,0.7647,30.74,,
0x004d5388,InitControlTask,PathDisplay,0x199740,0x599740,1.0000,30.70,0x16f860,0.6384
0x00475de5,PointCarCheck,Global,0x4b8d0,0x44b8d0,0.5006,30.68,,
0x005b5dc2,lua_insert,Global,0x42c953,0x82c953,0.6677,30.68,,
0x005c3702,removevars,Global,0x43b0a4,0x83b0a4,0.7205,30.66,,
0x0041bb6f,CrossProduct,Global,0x100a80,0x500a80,0.8540,30.64,,
0x0050acff,AIBuild_ConstructionDelete,Global,0x2906b0,0x6906b0,0.9653,30.63,0x290630,0.6398
0x0050b442,AIBuildListGeneratePriorityLevel_NUMBER_TO_BUILD,Global,0x291390,0x691390,0.5856,30.62,,
0x005b5ebe,lua_pushvalue,Global,0x42cdd2,0x82cdd2,1.0000,30.57,0x42ce9d,0.5290
0x005250a1,GetINIInt,Global,0x387ac0,0x787ac0,0.7383,30.56,0x387b60,0.7383
0x004587c1,Reset_Results,Range_Search_Results,0x1b26e0,0x5b26e0,0.9872,30.55,,
0x004b3377,SetCargo,Tug,0x1ed4b0,0x5ed4b0,0.6397,30.54,,
0x00518cc3,Iterate_UnitNext,Global,0x2a3b60,0x6a3b60,0.5670,30.54,,
0x004047d7,AiUtil_GetExtents,Global,0x627d0,0x4627d0,1.0000,30.52,,
0x004e9a15,ClassRegisterClsn,Global,0x22c000,0x62c000,0.6375,30.50,,
0x004175bc,Cross_Product,Global,0x440d0,0x4440d0,0.8945,30.47,0x3816d0,0.5127
0x005c659c,luaK_exp2anyreg,Global,0x43c7b7,0x83c7b7,0.8511,30.45,,
0x0048394a,MCunlock_nonpack_item,Global,0x819e0,0x4819e0,0.7685,30.44,,
0x00510e00,IParse_Is_OK_Char_Not_Float,Global,0x299250,0x699250,0.7497,30.44,,
0x0045ed7e,IsAliveAndPilot,Global,0x1c8560,0x5c8560,0.5670,30.41,0x1c84d0,0.5459
0x005125fe,IParse_Trash_Variables,Global,0x29c3c0,0x69c3c0,0.9804,30.39,0x29c470,0.8144
0x0040330b,SetLabel,AiPath,0x2995a0,0x6995a0,0.6594,30.35,0x299400,0.6433
0x005b6827,lua_call,Global,0x42c585,0x82c585,1.0000,30.30,,
0x004ec7e2,tree_add_dibs,Global,0x22d3b0,0x62d3b0,0.9919,30.29,0x22e860,0.6189
0x0041d213,Save,LayMinesTask,0xcdb40,0x4cdb40,0.5686,30.27,0x1b4f40,0.6414
0x00465e81,Save,TugProcess,0xcdb40,0x4cdb40,0.5686,30.27,0x1b4f40,0.6414
0x004660ba,Save,TugFriend,0xcdb40,0x4cdb40,0.5686,30.27,0x1b4f40,0.6414
0x004660ca,Save,TugEnemy,0xcdb40,0x4cdb40,0.5686,30.27,0x1b4f40,0.6414
0x00459f09,CleanStuck,RecycleTask,0x1b7080,0x5b7080,0.8274,30.24,0x202920,0.6925
0x0047dc80,PackTempState,APC,0x70f40,0x470f40,0.8640,30.20,0x1ed6d0,0.5396
0x004aa970,PackTempState,Producer,0x70f40,0x470f40,0.8640,30.20,0x1ed6d0,0.5396
0x004179ee,Matrix_Set,Global,0xfefc0,0x4fefc0,1.0000,30.17,0x46360,0.5331
0x0041d133,Load,LayMinesTask,0xcf350,0x4cf350,0.5621,30.12,0x6f840,0.6078
0x00461b59,Enumerate,ShortPath::Neighbors,0x1d2c80,0x5d2c80,1.0000,30.12,,
0x00456dea,PatrolTask,PatrolTask,0x19c8e0,0x59c8e0,0.8893,30.04,,
0x00456e33,PatrolTask,PatrolTask,0x19c8e0,0x59c8e0,0.8893,30.04,,
0x004671ed,Init,TurretTankProcess,0x1f6b50,0x5f6b50,0.8877,30.03,0x1f6d90,0.7440
0x005b6030,lua_lessthan,Global,0x42ca18,0x82ca18,1.0000,30.00,0x42ce29,0.7409
0x005b6999,lua_dump,Global,0x42c6c8,0x82c6c8,1.0000,29.98,0x42dc5a,0.5653
0x00465db7,Load,TugProcess,0x5c160,0x45c160,0.5206,29.96,0x1b4b80,0.5974
0x004660b5,Load,TugFriend,0x5c160,0x45c160,0.5206,29.96,0x1b4b80,0.5974
0x004660c5,Load,TugEnemy,0x5c160,0x45c160,0.5206,29.96,0x1b4b80,0.5974
0x0054cc1a,Normal_Surface,Global,0x41fc00,0x81fc00,0.5752,29.95,,
0x00416dde,GetRecyclerHandle,Global,0xffdb0,0x4ffdb0,1.0000,29.94,0xffe20,1.0000
0x00416e1a,GetFactoryHandle,Global,0xffdb0,0x4ffdb0,1.0000,29.94,0xffe20,1.0000
0x00416e58,GetArmoryHandle,Global,0xffdb0,0x4ffdb0,1.0000,29.94,0xffe20,1.0000
0x00416e96,GetConstructorHandle,Global,0xffdb0,0x4ffdb0,1.0000,29.94,0xffe20,1.0000
0x00450790,"Heap_Class<Strip_*,float>","Heap_Class<Strip_*,float>",0x192380,0x592380,0.7135,29.94,,
0x00467461,DoAttack,TurretTankProcess,0x1f77c0,0x5f77c0,0.7217,29.91,0x1fb770,0.5970
0x004691b7,DoAttack,UnitProcess,0x1f77c0,0x5f77c0,0.7217,29.91,0x1fb770,0.5970
0x005112ff,IParse_Append_Good_Char,Global,0x29a090,0x69a090,0.7553,29.91,,
0x005a4250,_vp_psy_clear,Global,0x222ca0,0x622ca0,0.5882,29.89,,
0x00508577,AI_SpentCreditSpend,Global,0x28ff30,0x68ff30,0.6708,29.87,,
0x00416d5c,GetPlayerHandle,Global,0xffcd0,0x4ffcd0,1.0000,29.86,0xfff00,0.5659
0x0041774e,GetCircularPos,Global,0x101a20,0x501a20,0.6592,29.82,0x101b00,0.6592
0x004177c8,GetPositionNear,Global,0x101a20,0x501a20,0.6592,29.82,0x101b00,0.6592
0x005b5f1a,lua_iscfunction,Global,0x42c99e,0x82c99e,1.0000,29.76,0x42d311,0.8843
0x005c7a60,_IsNonwritableInCurrentImage,Global,0x43f2e0,0x83f2e0,0.7886,29.74,,
0x004db76b,Init,TargetCam,0x211840,0x611840,0.6209,29.73,0x1d6240,0.5992
0x00403df6,Attach,AiProcess,0x61440,0x461440,0.5263,29.71,,
0x004b9391,GivePower,WeaponPowerup,0x213260,0x613260,0.8075,29.70,,
0x00583252,DeleteWrapper,Global,0x4245a0,0x8245a0,0.9768,29.66,,
0x0041a517,SetLabel,GameObject,0x2995a0,0x6995a0,0.6571,29.65,0x299400,0.6411
0x0040c806,Save,ArmoryProcess,0x1aff90,0x5aff90,0.5309,29.63,0xcdb40,0.5387
0x0045f7e4,IsDeployed,Global,0x1caec0,0x5caec0,0.7588,29.63,0x1ccdd0,0.7766
0x00405984,Vec2D_Normalize,Global,0x622a0,0x4622a0,0.8875,29.58,,
0x004853b0,FinishUnbuild,ConstructionRig,0x9cee0,0x49cee0,0.6198,29.58,,
0x004748f9,AddCollisionEntity,Global,0x42ca0,0x442ca0,0.7535,29.56,,
0x0041d04c,DoUState1,MineLayerProcess,0x1122c0,0x5122c0,0.7269,29.47,0x1fb770,0.6784
0x00458b3a,Load,RecyclerProcess,0x1b4b80,0x5b4b80,0.5236,29.43,0x1b4e50,0.5236
0x004383be,Setup,Misn14Mission,0x14a760,0x54a760,0.9226,29.32,0x1456a0,0.9017
0x0048a1af,PermStateChanged,DistributedObject,0xb9750,0x4b9750,0.8986,29.32,0x1ab260,0.6288
0x00583221,NewWrapper,Global,0x424540,0x824540,0.8408,29.25,,
0x0045ed36,IsAlive,Global,0x1c8560,0x5c8560,0.5475,29.24,0x1c84d0,0.5082
0x0046068f,KillPilot,Global,0x1ccdd0,0x5ccdd0,0.7908,29.19,0x1ccd70,0.7908
0x004606bd,RemovePilotAI,Global,0x1ccdd0,0x5ccdd0,0.7908,29.19,0x1ccd70,0.7908
0x004145b6,DrawStateA,GoNear,0xe7020,0x4e7020,0.5938,29.10,,
0x005ba9b4,luaT_gettm,Global,0x43347b,0x83347b,1.0000,29.10,0x42d447,0.5008
0x005b9aca,luaC_barrierf,Global,0x43001b,0x83001b,1.0000,29.07,,
0x00483e44,MCRebuildDamagedPurgeList,Global,0x815e0,0x4815e0,0.5949,29.06,,
0x00516d1a,Line_GetElement,Global,0x2a6120,0x6a6120,0.8002,29.05,,
0x004b1c47,FirstFilledSlot,Team,0x1e0fd0,0x5e0fd0,1.0000,28.98,0x1e0f90,0.8314
0x0050839c,AI_UnitAdd,Global,0x28fac0,0x68fac0,0.8276,28.97,0x28fe40,0.5512
0x004059d0,GetWeapon,Carrier,0x17f60,0x417f60,1.0000,28.95,,
0x004bd3c2,giddi_read_key,Global,0x34a80,0x434a80,1.0000,28.95,,
0x005b9be7,lua_sethook,Global,0x42e1d1,0x82e1d1,1.0000,28.93,,
0x004b1c2e,FirstEmptySlot,Team,0x1e0f90,0x5e0f90,1.0000,28.91,0x1e0fd0,0.8314
0x0051bcdd,Squad_Detach_Goal,Global,0x2a89e0,0x6a89e0,0.9677,28.90,0x2a8980,0.6114
0x0051478e,Execute_Task,Mapgrid_Goal,0x29e820,0x69e820,0.9922,28.88,,
0x0041b8a1,GetWeaponClass,Global,0x100060,0x500060,0.6967,28.87,0x1008e0,0.6333
0x005b8958,resetstack,Global,0x42f76f,0x82f76f,1.0000,28.85,,
0x0046920f,DoFollow,UnitProcess,0x1fbb10,0x5fbb10,0.6973,28.83,0x1fbc80,0.6359
0x004319f8,Setup,Misn11Mission,0x138fc0,0x538fc0,1.0000,28.82,0x15cf50,0.9200
0x004c483a,SelectOne,ControlPanel,0xa6cd0,0x4a6cd0,0.7178,28.75,0xa6c70,0.6269
0x00552a57,PortData,PortData,0x2995a0,0x6995a0,0.6196,28.74,0x299400,0.6046
0x004c787d,WorldLine,Global,0xb7150,0x4b7150,1.0000,28.73,0xb71f0,0.6312
0x00416868,luaL_testudata,Global,0xff320,0x4ff320,0.7360,28.72,0x42bbcf,0.7242
0x00511b98,IParse_Parse_Struct_Array,Global,0x29b4e0,0x69b4e0,0.5210,28.72,,
0x004589e0,Insert,Range,0x1b2c30,0x5b2c30,0.5786,28.70,,
0x005be605,bit_band,Global,0x438404,0x838404,0.8425,28.68,0x438458,0.6836
0x005be650,bit_bor,Global,0x438458,0x838458,0.8425,28.68,0x438404,0.6836
0x005be69b,bit_bxor,Global,0x4384ac,0x8384ac,0.8425,28.68,0x438404,0.6836
0x005bee44,auxupvalue,Global,0x4375e9,0x8375e9,0.6455,28.67,,
0x0051325c,C_Linked_List_Return_Data_By_Number,Global,0x29d590,0x69d590,0.5364,28.64,,
0x0051dd8c,ChangeIntersectionH,Global,0x384c50,0x784c50,0.6545,28.64,0x384d10,0.6545
0x0051ddeb,ChangeIntersectionV,Global,0x384c50,0x784c50,0.6545,28.64,0x384d10,0.6545
0x005c23b6,setpath,Global,0x4382b3,0x8382b3,1.0000,28.60,,
0x0045bb68,InitAttack,SAVProcess,0x1bfa90,0x5bfa90,0.5185,28.55,,
0x00459af9,Load,RecycleTask,0xe9fa0,0x4e9fa0,0.5070,28.54,0xcf350,0.5084
0x004d32d8,RectVolume,Global,0x187360,0x587360,1.0000,28.54,,
0x004847f3,MCFreeCache,Global,0x81690,0x481690,0.5728,28.51,,
0x0048bab8,_Tidy,"std::deque<BASE_STRUCT,std::allocator<BASE_STRUCT>_>",0x3a7e70,0x7a7e70,0.5451,28.51,0x2f6e70,0.5451
0x0048c376,clear,"std::deque<BASE_STRUCT,std::allocator<BASE_STRUCT>_>",0x3a7e70,0x7a7e70,0.5451,28.51,0x2f6e70,0.5451
0x005b892f,restore_stack_limit,Global,0x42f7b4,0x82f7b4,1.0000,28.51,,
0x005bfda3,str_rep,Global,0x434f76,0x834f76,0.8735,28.49,,
0x004ee051,Spinner_Simulate,Global,0x22f1c0,0x62f1c0,0.6514,28.47,,
0x004606eb,HoppedOutOf,Global,0x1cce30,0x5cce30,0.5477,28.44,0x1ccc90,0.6039
0x0045cae2,Save,ScavengerProcess,0xcdb40,0x4cdb40,0.5617,28.39,0x1b4f40,0.6173
0x0045cded,Save,ScavengerFriend,0xcdb40,0x4cdb40,0.5617,28.39,0x1b4f40,0.6173
0x0045cdfd,Save,ScavengerEnemy,0xcdb40,0x4cdb40,0.5617,28.39,0x1b4f40,0.6173
0x00475229,ReferenceFrame,Global,0x4b8d0,0x44b8d0,0.5517,28.33,,
0x0045ec6a,BuildObject,Global,0x1ce280,0x5ce280,0.8099,28.31,0x1c8380,0.6406
0x004e9d7f,ClassDelete,Global,0x22ba00,0x62ba00,0.5964,28.31,,
0x0040c6a0,Load,ArmoryProcess,0x1b4b80,0x5b4b80,0.5113,28.30,0x1b4e50,0.5113
0x005c18f5,sort,Global,0x434925,0x834925,1.0000,28.25,,
0x005b609c,lua_tointeger,Global,0x42d338,0x82d338,0.8035,28.21,0x42d3e1,0.6911
0x0047a6db,Set_View,Global,0x21d120,0x61d120,0.5252,28.19,,
0x0041b997,GetClassSig,Global,0x1001f0,0x5001f0,0.7219,28.17,0x100280,0.5792
0x004ad374,CleanupSound,SAV,0x1e4740,0x5e4740,0.9290,28.15,0xee8f0,0.5287
0x0053c6a3,CleanupSound,Torpedo,0x1e4740,0x5e4740,0.9290,28.15,0xee8f0,0.5287
0x00467263,Load,TurretTankProcess,0x1b4b80,0x5b4b80,0.6286,28.13,0x1b4e50,0.6286
0x0041bee5,SetPosition,Global,0x101710,0x501710,0.5545,28.12,,
0x00582025,Pause,Global,0x422a70,0x822a70,1.0000,28.08,,
0x004105a4,DoUState1,RigProcess,0x9ea50,0x49ea50,0.6422,28.07,,
0x004c3ef6,SetSelected,GameObject,0x9f3c0,0x49f3c0,0.7677,28.05,,
0x00459ac7,PostInit,RecycleTask,0x1b5920,0x5b5920,1.0000,28.03,,
0x004ca3a7,EditTerrain_Exit,Global,0xc8310,0x4c8310,0.9762,28.01,,
0x0045776d,CleanWait,PersonProcess,0x1a3d10,0x5a3d10,0.6318,27.96,,
0x00457b89,CleanUState1,PersonProcess,0x1a3d10,0x5a3d10,0.6318,27.96,,
0x005bd193,luaF_freeclosure,Global,0x42fa32,0x82fa32,1.0000,27.95,,
0x00444a24,Setup,Misns5Mission,0x15cf50,0x55cf50,0.9292,27.94,0x138fc0,0.8764
0x0048697c,SetWeapon,Carrier,0xa77a0,0x4a77a0,0.7171,27.94,,
0x004b2077,AddPilot,Team,0x1e11b0,0x5e11b0,0.7860,27.94,,
0x0045de4d,IsAlly,Global,0x1c9580,0x5c9580,0.7762,27.91,0x1c96a0,0.6398
0x0040160f,Manage_AI,Global,0x5bf90,0x45bf90,0.5387,27.90,,
0x005c6857,luaK_goiffalse,Global,0x43c87c,0x83c87c,0.7565,27.89,0x43c8d6,0.5138
0x0040af97,InitGrid,Global,0x6f2c0,0x46f2c0,0.6991,27.88,,
0x00516b51,Schedule_Distance_From_Squad_To_Goal,Global,0x2a4f60,0x6a4f60,0.7841,27.88,,
0x004057dc,CellType,Global,0x6ad30,0x46ad30,0.6082,27.85,0x6acc0,0.5890
0x00405869,CellRegion,Global,0x6ad30,0x46ad30,0.6082,27.85,0x6acc0,0.5890
0x0046a419,DoPackup,UnitProcess,0x1fcb40,0x5fcb40,0.6349,27.84,0x1fbb10,0.6335
0x00403e8e,Matches,EmptyMissionClass,0x61910,0x461910,0.9703,27.76,0xf6640,0.6240
0x0041627e,Matches,Inst4XMissionClass,0x61910,0x461910,0.9703,27.76,0xf6640,0.6240
0x0044c76e,Matches,MultGMissionClass,0x61910,0x461910,0.9703,27.76,0xf6640,0.6240
0x00470e96,DoAudioNew,Global,0x376c0,0x4376c0,0.7770,27.74,0x37720,0.5340
0x004f0ae5,Camera_Set_Window,Global,0x2886a0,0x6886a0,0.6704,27.73,,
0x0056e671,set_joystick,Global,0x1d4280,0x5d4280,1.0000,27.72,0x3b58f0,0.7878
0x00485dac,Craft_New,Global,0x22f430,0x62f430,0.6871,27.70,0x2a8850,0.5320
0x004ee1f9,new_vehicle,Global,0x22f430,0x62f430,0.6871,27.70,0x2a8850,0.5320
0x004697d9,Execute,UnitProcess,0x1fa6e0,0x5fa6e0,0.5043,27.69,,
0x005b606d,lua_tonumber,Global,0x42d3e1,0x82d3e1,0.7908,27.69,0x42d338,0.6972
0x005c51a1,exprstat,Global,0x43a167,0x83a167,0.8158,27.68,,
0x00417620,GetFront,Global,0x100b10,0x500b10,0.8424,27.65,0x101800,0.8424
0x0041765e,GetVelocity,Global,0x100b10,0x500b10,0.8424,27.65,0x101800,0.8424
0x004176c9,GetOmega,Global,0x100b10,0x500b10,0.8424,27.65,0x101800,0.8424
0x0041bbba,Normalize,Global,0x100b10,0x500b10,0.8424,27.65,0x101800,0.8424
0x00508e81,AI_Team_Relax_Two_Cells,Global,0x295a70,0x695a70,0.6666,27.62,,
0x004b9f60,getNonBlankLine,Global,0x21e470,0x61e470,0.5031,27.59,,
0x004ed27f,Init_Object_Database,Global,0x22d5a0,0x62d5a0,1.0000,27.57,,
0x004058ae,CellIsBuilding,Global,0x6ad30,0x46ad30,0.5784,27.56,0x6acc0,0.5601
0x005b71eb,getF,Global,0x42b77d,0x82b77d,0.6966,27.55,,
0x00406169,ImportantFriend,Global,0x9d150,0x49d150,0.5024,27.54,,
0x00419a4d,GetODFFloat,Global,0x1066a0,0x5066a0,0.6292,27.49,0x1065d0,0.5901
0x00405903,CellIsBlocked,Global,0x6ae20,0x46ae20,0.5249,27.48,0x6ad30,0.5302
0x0040801e,IsWall,Global,0x6ae20,0x46ae20,0.5249,27.48,0x6ad30,0.5302
0x005befb6,gethooktable,Global,0x437655,0x837655,1.0000,27.46,,
0x0045c9d5,Load,ScavengerProcess,0xcf350,0x4cf350,0.5026,27.41,0x1b4b80,0.5742
0x0045cde8,Load,ScavengerFriend,0xcf350,0x4cf350,0.5026,27.41,0x1b4b80,0.5742
0x0045cdf8,Load,ScavengerEnemy,0xcf350,0x4cf350,0.5026,27.41,0x1b4b80,0.5742
0x004c8fc3,DrawHorizontalGauge,Global,0xc0000,0x4c0000,0.5719,27.35,,
0x004b088a,PostLoad,ScrapSilo,0x1d3f60,0x5d3f60,0.8824,27.30,0x3d4450,0.5272
0x004d752c,DrawColorLayer,PathDisplay,0x1972d0,0x5972d0,0.5627,27.30,,
0x004608c8,HasCargo,Global,0x1cd1d0,0x5cd1d0,0.7323,27.29,0x1cb4e0,0.5404
0x005b7e64,luaO_fb2int,Global,0x42e863,0x82e863,1.0000,27.28,,
0x00412d65,InitState,GechAttack,0xe2490,0x4e2490,0.7226,27.27,0xe62f0,0.5159
0x00459e92,DoWait,RecycleTask,0x1b6ee0,0x5b6ee0,0.5879,27.27,,
0x004c2d52,Init,CockpitTimer,0x9a180,0x49a180,0.7921,27.27,0x233590,0.5011
0x005b9c91,getluaproto,Global,0x42dc5a,0x82dc5a,1.0000,27.25,0x42dad3,0.6404
0x0047ecd6,GetCommand,Armory,0x72cf0,0x472cf0,0.6758,27.24,,
0x005b9f0e,luaG_checkopenop,Global,0x42de36,0x82de36,1.0000,27.22,,
0x005bc602,luaH_free,Global,0x430d93,0x830d93,0.9883,27.22,,
0x0046f873,TriggerSpecial,Carrier,0x208aa0,0x608aa0,0.7700,27.21,,
0x004c4549,SelectAdd,ControlPanel,0xa6c70,0x4a6c70,0.7636,27.21,0xa6cd0,0.6100
0x0052788e,decrypt_buffer,Global,0x426bf0,0x826bf0,1.0000,27.14,0x2b3480,0.5110
0x005278ae,encrypt_buffer,Global,0x426bf0,0x826bf0,1.0000,27.14,0x2b3480,0.5110
0x0045f87b,GiveWeapon,Global,0x1cb050,0x5cb050,0.7153,27.07,0x1cb0d0,0.6382
0x004e2ee7,AddUnsignedToBitfield,Global,0x225370,0x625370,0.9661,27.07,,
0x004ed34c,Find_Inter_Object_Info,Global,0x22d8d0,0x62d8d0,0.6099,27.05,,
0x00547573,DEBUG_printf,Global,0x3d6370,0x7d6370,0.6050,27.05,,
0x004f97a1,Graphic_Rect_Filled,Global,0x28afb0,0x68afb0,0.6478,27.04,,
0x005bd23b,luaZ_lookahead,Global,0x42ec83,0x82ec83,0.7904,27.02,,
0x005c3a1a,leaveblock,Global,0x43a945,0x83a945,0.7833,27.02,,
0x0047a55f,Push_Camera,Global,0x21a000,0x61a000,0.7936,27.01,0x21a080,0.5368
0x004e72fd,AddEntCallback,Global,0x22a070,0x62a070,0.9140,26.95,,
0x005c5002,localfunc,Global,0x43a9d0,0x83a9d0,0.6330,26.94,0x43b0a4,0.5381
0x00478792,OpenConsoleBuffer,Global,0x3d6020,0x7d6020,0.9322,26.88,,
0x0045a39e,DoGotoRecycler,RecycleTask,0x1b6cb0,0x5b6cb0,0.6743,26.85,0x205780,0.5664
0x004c78ec,WorldCircle,Global,0xb71f0,0x4b71f0,0.8361,26.84,0xb7150,0.7306
0x0040bc41,DoAttack,APCProcess,0x1fbc80,0x5fbc80,0.6963,26.75,0x71800,0.6963
0x0046925e,DoDefend,UnitProcess,0x1fbc80,0x5fbc80,0.6963,26.75,0x71800,0.6963
0x004692d2,DoRescue,UnitProcess,0x1fbc80,0x5fbc80,0.6963,26.75,0x71800,0.6963
0x004ec793,release_obj,Global,0x22d310,0x62d310,0.9688,26.71,,
0x005c512e,funcstat,Global,0x43a68b,0x83a68b,0.7114,26.71,,
0x0048114b,FreeSound,Global,0x3bbf0,0x43bbf0,0.8714,26.70,,
0x004618c4,ClearScrapAround,Global,0x1cabd0,0x5cabd0,0.6677,26.68,0x1c9b10,0.6677
0x005c3948,singlevar,Global,0x43b36f,0x83b36f,1.0000,26.62,,
0x005b6de0,luaL_getmetafield,Global,0x42bd41,0x82bd41,0.8153,26.58,,
0x004dd92f,Net_KillPlayer,Global,0x172ad0,0x572ad0,0.7644,26.57,,
0x00470653,ShouldAttack,WingmanProcess,0x213b70,0x613b70,0.5461,26.54,,
0x0045f741,GetNearestEnemy,Global,0x1ca400,0x5ca400,0.7395,26.50,0x1ca150,0.7395
0x0054c108,Build_Axis_Rotation_Matrix,Global,0x41f490,0x81f490,0.6753,26.45,,
0x004eca74,clear_flags_in_subtree,Global,0x22dde0,0x62dde0,0.9739,26.44,0x22e710,0.7660
0x005b7e7c,luaO_log2,Global,0x42e8a8,0x82e8a8,1.0000,26.44,,
0x0045e5b1,SetName,GameObject,0x2995a0,0x6995a0,0.5935,26.42,0x299400,0.5790
0x0045eba9,GetPosition,Global,0x1c8190,0x5c8190,0.6826,26.40,,
0x0045f77e,GetNearestEnemy,Global,0x1c9d10,0x5c9d10,0.6282,26.39,0x1c9b10,0.6282
0x00460f45,GetNearestObject,Global,0x1c9d10,0x5c9d10,0.6282,26.39,0x1c9b10,0.6282
0x004610b9,GetNearestVehicle,Global,0x1c9d10,0x5c9d10,0.6282,26.39,0x1c9b10,0.6282
0x0046122d,GetNearestBuilding,Global,0x1c9d10,0x5c9d10,0.6282,26.39,0x1c9b10,0.6282
0x0054c2ed,Long_Vector_Transform,Global,0x4202b0,0x8202b0,0.5426,26.37,0x40300,0.6161
0x005bd669,luaM_realloc_,Global,0x438869,0x838869,0.7778,26.37,,
0x00525827,Process_SDFC_Chunk,Global,0x425da0,0x825da0,0.9365,26.32,0x2f69d0,0.5966
0x00526c60,Process_COLP_Chunk,Global,0x425da0,0x825da0,0.9365,26.32,0x2f69d0,0.5966
0x004ed042,get_obj_bounding_box,Global,0x22e650,0x62e650,0.6721,26.25,0x4b8d0,0.5603
0x00475160,Euler_SetMass,Global,0x44a80,0x444a80,0.8221,26.22,,
0x0051333a,C_Linked_List_Return_Cell_By_Number,Global,0x29d590,0x69d590,0.5185,26.22,,
0x005bd388,DumpString,Global,0x4319de,0x8319de,0.9301,26.21,,
0x0050ac99,AIBuild_ConstructionNew,Global,0x290630,0x690630,0.6771,26.18,0x2906b0,0.6365
0x00461a4d,HeightChange,ShortPath::Neighbors,0x1d2ab0,0x5d2ab0,0.9008,26.05,,
0x0054be47,Build_Position_Rotation_Matrix,Global,0x41ee70,0x81ee70,0.5170,26.05,,
0x005c01f7,singlematch,Global,0x43619b,0x83619b,0.6527,26.04,,
0x004daf99,Init,StatusDisplay,0x1dbd70,0x5dbd70,0.5892,25.97,0x9a180,0.5268
0x0050c8c2,AIBuild_BuildListRebuild,Global,0x290e80,0x690e80,0.5735,25.97,,
0x005b7c3e,luaE_newthread,Global,0x42d69e,0x82d69e,0.7027,25.96,,
0x00413ffb,InitState,GotoTask,0xe6220,0x4e6220,0.5383,25.94,0xe2490,0.5315
0x005b9446,propagateall,Global,0x43032f,0x83032f,1.0000,25.91,,
0x004b3e61,GetRank,TurretCraft,0x1f1cc0,0x5f1cc0,0.5094,25.87,,
0x0051bf15,Squad_Matching_Delete,Global,0x2a88c0,0x6a88c0,0.9681,25.85,,
0x0047ef93,LaunchItem,Armory,0x73210,0x473210,0.6298,25.79,,
0x0046f786,Load,UserProcess,0x208e40,0x608e40,0.5195,25.78,,
0x005c3695,new_localvar,Global,0x43abae,0x83abae,0.7273,25.78,,
0x0051b241,Match_Resources,Scheduler,0x2a7900,0x6a7900,0.5916,25.76,0x2a70b0,0.5155
0x005c673d,luaK_self,Global,0x43cd68,0x83cd68,1.0000,25.75,,
0x005c2b44,ipairsaux,Global,0x43432e,0x83432e,1.0000,25.69,,
0x0050ec07,Compute_Matching_Value,Escort_Goal,0x2975e0,0x6975e0,0.5038,25.68,,
0x005167ba,Save,FindSendPoints,0x1b4f40,0x5b4f40,0.5386,25.66,0x5c2a0,0.5515
0x005c5d1c,freereg,Global,0x43c3cb,0x83c3cb,1.0000,25.66,,
0x005b7792,luaL_checkinteger,Global,0x42ba1c,0x82ba1c,1.0000,25.65,0x42ba89,0.5855
0x0041911c,PackHandle,Global,0x105410,0x505410,0.6534,25.64,,
0x004810cd,VolumeBump,Global,0x3b4a0,0x43b4a0,0.7545,25.64,,
0x004d31cf,GetCameraMatrix,OverView,0x188a40,0x588a40,0.5336,25.63,,
0x005b7be5,close_state,Global,0x42d56c,0x82d56c,0.7377,25.62,,
0x0050cebc,AIBuild_TeamInit,Global,0x292fe0,0x692fe0,0.5562,25.58,,
0x005c4810,block_follow,Global,0x439963,0x839963,1.0000,25.55,0x43c95a,0.5173
0x004a3374,Get,ParameterDB,0x189a10,0x589a10,0.6112,25.53,,
0x00419910,GetODFBool,Global,0x1064d0,0x5064d0,0.5280,25.47,,
0x0044c929,SetTransform,GameObject,0x16d6a0,0x56d6a0,0.8851,25.45,0x2b3480,0.5844
0x00485425,GetConstructionMatrix,ConstructionRig,0x27a800,0x67a800,1.0000,25.42,0x3efe70,0.9284
0x004ecd45,obj_find_class,Global,0x22e250,0x62e250,0.6930,25.42,0xd9ca0,0.5300
0x0056d834,Set_Camera_to_Target,Global,0x421c50,0x821c50,0.5606,25.29,,
0x005c5b5b,getjumpcontrol,Global,0x43c410,0x83c410,0.7666,25.29,,
0x0046007d,Dropoff,Global,0x1cc2e0,0x5cc2e0,0.5866,25.24,,
0x005c1bce,ll_loadlib,Global,0x43784f,0x83784f,0.7021,25.22,,
0x004199be,GetODFInt,Global,0x1065d0,0x5065d0,0.6375,25.14,0x1066a0,0.5995
0x00516b08,Squad_Send_Rapid_Base_Defense,Global,0x2a4ed0,0x6a4ed0,0.6031,25.11,,
0x00548411,in_assign,Global,0xce120,0x4ce120,1.0000,25.11,,
0x005b6d60,luaL_newmetatable,Global,0x42c058,0x82c058,1.0000,25.11,,
0x0044e3a0,WorldLine,Global,0x18bce0,0x58bce0,1.0000,25.09,0x18bd70,1.0000
0x0044e40a,WorldRect,Global,0x18bce0,0x58bce0,1.0000,25.09,0x18bd70,1.0000
0x0044e474,WorldRectOutline,Global,0x18bce0,0x58bce0,1.0000,25.09,0x18bd70,1.0000
0x005c7650,_allshr,Global,0x4445a0,0x8445a0,0.6593,25.02,0x444490,0.5143
0x0046189d,ClearScrapAround,Global,0x1cab80,0x5cab80,1.0000,24.99,0x1c9ec0,0.7009
0x0052513d,find_obj_damage,Global,0x424710,0x824710,0.5086,24.97,,
0x004ae7c8,Explode,Scavenger,0x1c2af0,0x5c2af0,0.5067,24.92,,
0x0044f140,UpdateSlab,Global,0x191470,0x591470,0.5338,24.87,,
0x005c5ada,isnumeral,Global,0x43c468,0x83c468,1.0000,24.87,0x373bd0,0.5254
0x004eca3e,set_flags_in_subtree,Global,0x22dd80,0x62dd80,0.9720,24.80,0x22e710,0.7936
0x00468a7e,Save,UnitProcess,0xcdb40,0x4cdb40,0.5133,24.77,0x1aff90,0.5059
0x004c3dfa,Load,ControlPanel,0xa73a0,0x4a73a0,0.8781,24.76,0x78040,0.6072
0x005ba417,kname,Global,0x42ddb5,0x82ddb5,0.7917,24.75,,
0x004e3ffe,"_Push_heap<ScorePlayer_*_*,int,ScorePlayer_*,king_comp>",std,0x229bf0,0x629bf0,0.5707,24.73,0xd8e40,0.5707
0x005baa25,luaV_tonumber,Global,0x43332e,0x83332e,0.7225,24.72,,
0x0047e875,SetHardpoint,Carrier,0x72420,0x472420,1.0000,24.69,,
0x005bd007,luaF_freeupval,Global,0x42fae9,0x82fae9,1.0000,24.64,,
0x004d886a,PreLoad,Reticle,0x1ba190,0x5ba190,1.0000,24.62,0x9c390,0.7430
0x004d9c4c,Init,ScrapGauge,0x1ba190,0x5ba190,1.0000,24.62,0x9c390,0.7430
0x005c46ac,getbinopr,Global,0x43a71a,0x83a71a,0.7311,24.61,,
0x004690fc,DoPatrol,UnitProcess,0x1fb840,0x5fb840,0.5406,24.57,0x213d70,0.5406
0x00470287,DoUState1,WingmanProcess,0x1fb840,0x5fb840,0.5406,24.57,0x213d70,0.5406
0x004ec681,remove_tree,Global,0x22d150,0x62d150,0.5975,24.56,,
0x005b9bc2,currentline,Global,0x42da9d,0x82da9d,0.7382,24.56,,
0x005b7e9e,luaO_rawequalObj,Global,0x42eafa,0x82eafa,0.6641,24.53,,
0x005b6c0d,lua_getupvalue,Global,0x42c907,0x82c907,0.6829,24.47,,
0x0041b9f1,GetClassLabel,Global,0x100280,0x500280,0.7427,24.43,0x1002e0,0.7427
0x0041ba25,GetClassId,Global,0x100280,0x500280,0.7427,24.43,0x1002e0,0.7427
0x004e2eaf,AddSignedToBitfield,Global,0x225310,0x625310,0.8045,24.38,,
0x0054f38b,HandlePauseKeyInput,Global,0x4210b0,0x8210b0,1.0000,24.37,,
0x004ee1bd,init_vehicle,Global,0x22f5c0,0x62f5c0,1.0000,24.35,0x1757d0,0.5027
0x005c7028,__SEH_prolog4,Global,0x43f67a,0x83f67a,0.8930,24.35,0x43f170,0.8930
0x005bc672,luaH_getnum,Global,0x430ecf,0x830ecf,0.5344,24.31,,
0x0045fc27,SetCommand,Global,0x1cb790,0x5cb790,0.7658,24.28,0x1cc5f0,0.6169
0x004950ac,FindHardpoint,Global,0xd9ca0,0x4d9ca0,0.6183,24.28,,
0x004aa4b1,FindHardpoint,Global,0xd9ca0,0x4d9ca0,0.6183,24.28,,
0x00483986,MCGetItemSize,Global,0x81a80,0x481a80,0.6262,24.25,,
0x004672d4,PostLoad,TurretTankProcess,0x1f6d90,0x5f6d90,0.7752,24.16,0x1f6b50,0.7228
0x004c3c22,InsideRect,Global,0x9f100,0x49f100,0.7690,24.15,,
0x0054d98f,IsWithinRect,Global,0x9f100,0x49f100,0.7690,24.15,,
0x005bb005,luaV_lessthan,Global,0x431eb4,0x831eb4,0.5326,24.12,0x4331b4,0.5180
0x004f8a37,Rotate_Sunlight,Global,0x28a150,0x68a150,0.5383,24.11,,
0x005b7044,luaL_addstring,Global,0x42b858,0x82b858,1.0000,24.10,0x307f0,0.7602
0x0045dd9c,Ally,Global,0x1c9470,0x5c9470,0.8595,24.07,0x1c94d0,0.8595
0x0045dddf,UnAlly,Global,0x1c9470,0x5c9470,0.8595,24.07,0x1c94d0,0.8595
0x00512634,IParse_Trash_Field_Definitions,Global,0x29c420,0x69c420,0.9790,24.04,0x29c3c0,0.7174
0x0050ebe0,Compute_Needed_Troop_Flow,Escort_Goal,0x297580,0x697580,0.8062,23.98,0x284c10,0.5699
0x00404873,IsMine,Global,0x631d0,0x4631d0,0.6284,23.94,,
0x0047174e,StartCB,Global,0x3d460,0x43d460,0.6510,23.91,,
0x004b1cde,EnemyP,Team,0x1e1350,0x5e1350,0.8733,23.90,0x1e1310,0.7615
0x00510f41,IParse_Get_New_Field,Global,0x2995a0,0x6995a0,0.5323,23.88,0x299400,0.5193
0x005c1351,maxn,Global,0x434647,0x834647,0.5518,23.85,,
0x0045a355,Say,RecycleTask,0x1b6500,0x5b6500,0.5950,23.83,,
0x004b1cbd,FriendP,Team,0x1e1310,0x5e1310,0.8727,23.80,0x1e1350,0.7615
0x00404b7d,Normalize_Vector,Global,0x621a0,0x4621a0,0.5564,23.78,0x428b0,0.5538
0x004619aa,Make,ShortPath::Node,0x1d2970,0x5d2970,0.6481,23.77,,
0x00410695,CleanUState2,RigProcess,0x3ba270,0x7ba270,1.0000,23.70,0x3c18b0,1.0000
0x0047ec4f,SetActiveMode,Armory,0x72c10,0x472c10,0.5056,23.64,,
0x004b1104,Init,SpawnBuoy,0x1d8a20,0x5d8a20,0.5215,23.64,,
0x004b20bb,AddMaxPilot,Team,0x1e1240,0x5e1240,0.7513,23.63,,
0x005163e5,~UnitAttachment,UnitAttachment,0x2a11d0,0x6a11d0,0.5817,23.63,,
0x004ecacf,obj_clear_flag,Global,0x22de80,0x62de80,0.9722,23.61,0x22e780,0.7317
0x005b5c09,getcurrenv,Global,0x42c489,0x82c489,1.0000,23.61,,
0x004d0a05,AddBoltEmitter,LightningFeature,0xfab60,0x4fab60,0.9602,23.52,,
0x0047b221,Set_Satellite_View,Global,0x21bc90,0x61bc90,0.5865,23.50,0x21bed0,0.5865
0x0047b34b,Set_Edit_View,Global,0x21bc90,0x61bc90,0.5865,23.50,0x21bed0,0.5865
0x004f896b,Remove_Light_Source,Global,0x28a2d0,0x68a2d0,0.5432,23.48,0x21a000,0.6099
0x004652e5,Setup,Tran05Mission,0x14a760,0x54a760,0.8877,23.45,0x15cf50,0.8362
0x0048040c,IsDone,AudioMessageMgr,0x37f30,0x437f30,0.5538,23.45,,
0x00478a59,clear_events,Global,0x34600,0x434600,1.0000,23.42,0x218bc0,0.6885
0x0056ea1c,clear_events,Global,0x34600,0x434600,1.0000,23.42,0x218bc0,0.6885
0x0045fd6e,Goto,Global,0x1cdfb0,0x5cdfb0,0.5035,23.41,,
0x0045ffc4,GetIn,Global,0x1cdfb0,0x5cdfb0,0.5035,23.41,,
0x0058284a,TextInput_IsActive,Global,0x423ce0,0x823ce0,0.8201,23.40,0x44f20,0.5495
0x0049060b,Stop,CSound,0x39700,0x439700,0.5945,23.38,,
0x00417408,BuildOrthogonalMatrix,Global,0x2f69d0,0x6f69d0,0.5628,23.36,0x101550,0.5088
0x0041746f,BuildDirectionalMatrix,Global,0x2f69d0,0x6f69d0,0.5628,23.36,0x101550,0.5088
0x00488c00,RemovePilot,Craft,0xada30,0x4ada30,0.5579,23.36,0x1b6a90,0.5033
0x0054c9f6,Build_Orthogonal_Matrix,Global,0x4b810,0x44b810,0.5237,23.34,,
0x005be821,bit_bswap,Global,0x43864a,0x83864a,0.8096,23.31,,
0x0041cfd5,ChangesState,MineLayerProcess,0x112190,0x512190,0.6037,23.26,,
0x004dc38c,ALLIE_InputMessage,Global,0x6cd10,0x46cd10,0.6601,23.25,,
0x00415dcf,SetTimerDown,CockpitTimer,0xf6a10,0x4f6a10,1.0000,23.23,0xff080,0.7662
0x00510e91,IParse_Get_New_Struct,Global,0x2995a0,0x6995a0,0.5195,23.22,0x299400,0.5068
0x004852f7,PostLoad,ConstructionRig,0x1afec0,0x5afec0,0.5208,23.21,,
0x004aba11,PostLoad,Producer,0x1afec0,0x5afec0,0.5208,23.21,,
0x0045f8b7,GiveWeapon,Global,0x1cb0d0,0x5cb0d0,0.6822,23.16,0x1cb050,0.6332
0x00461b02,Make,ShortPath::Neighbors,0x1d2c00,0x5d2c00,0.5755,23.15,,
0x005263d5,Process_XDFC_Chunk,Global,0x425da0,0x825da0,0.8870,23.13,0x3efe70,0.7024
0x00403d0c,Load,AiProcess,0x616d0,0x4616d0,0.6584,23.08,,
0x00415837,Load,Inst01Event,0x616d0,0x4616d0,0.6584,23.08,,
0x004e08c2,Net_BroadCastMessage,Global,0x172da0,0x572da0,0.7697,23.04,0x41e710,0.5879
0x004c4907,AltCommand,ControlPanel,0xa72a0,0x4a72a0,0.8525,23.03,,
0x0050887f,AI_Match_Team_Unit_Strength_Recalculate,Global,0x294950,0x694950,0.6558,23.03,,
0x005bf00e,db_sethook,Global,0x436cfc,0x836cfc,0.5482,23.01,,
0x00481f38,DeleteGASObject,Global,0x3bbf0,0x43bbf0,0.7313,23.00,,
0x004d52cd,EditPathName,PathDisplay,0x199580,0x599580,0.5543,23.00,,
0x004161c3,Save,Inst4XMission,0x5c2a0,0x45c2a0,0.5493,22.99,0xcdb40,0.5037
0x004231f0,Save,Misn04Mission,0x5c2a0,0x45c2a0,0.5493,22.99,0xcdb40,0.5037
0x0042d6be,Save,Misn08Mission,0x5c2a0,0x45c2a0,0.5493,22.99,0xcdb40,0.5037
0x00431b59,Save,Misn11Mission,0x5c2a0,0x45c2a0,0.5493,22.99,0xcdb40,0.5037
0x00432670,Save,Misn12Mission,0x5c2a0,0x45c2a0,0.5493,22.99,0xcdb40,0.5037
0x0043862c,Save,Misn14Mission,0x5c2a0,0x45c2a0,0.5493,22.99,0xcdb40,0.5037
0x0043acc4,Save,Misn16Mission,0x5c2a0,0x45c2a0,0.5493,22.99,0xcdb40,0.5037
0x0043eb5f,Save,Misn18Mission,0x5c2a0,0x45c2a0,0.5493,22.99,0xcdb40,0.5037
0x00440356,Save,Misns1Mission,0x5c2a0,0x45c2a0,0.5493,22.99,0xcdb40,0.5037
0x004440f3,Save,Misns3Mission,0x5c2a0,0x45c2a0,0.5493,22.99,0xcdb40,0.5037
0x00444920,Save,Misns4Mission,0x5c2a0,0x45c2a0,0.5493,22.99,0xcdb40,0.5037
0x00445205,Save,Misns5Mission,0x5c2a0,0x45c2a0,0.5493,22.99,0xcdb40,0.5037
0x00445c98,Save,Misns6Mission,0x5c2a0,0x45c2a0,0.5493,22.99,0xcdb40,0.5037
0x004488de,Save,Misns7Mission,0x5c2a0,0x45c2a0,0.5493,22.99,0xcdb40,0.5037
0x00473542,DeleteCollisionHandler,Global,0x42e10,0x442e10,0.8981,22.96,,
0x0041b960,SetLabel,Global,0x1001a0,0x5001a0,0.9182,22.95,0x100150,0.6566
0x005c2add,luaB_next,Global,0x433a6d,0x833a6d,1.0000,22.94,0x437254,0.6186
0x004ca1f3,PushUndoTile,EditTerrain,0xc7250,0x4c7250,0.5794,22.93,,
0x00546a04,crc32seed,Global,0xafde0,0x4afde0,0.6506,22.86,,
0x005bd0ac,luaF_newproto,Global,0x42fbf2,0x82fbf2,0.7259,22.86,,
0x004d47d4,CenterRect,Global,0x1953c0,0x5953c0,1.0000,22.84,,
0x004e99a1,ClassIDtoIndex,Global,0x22be60,0x62be60,0.6185,22.83,,
0x0046add8,CleanSpecial,UnitTask,0x205780,0x605780,0.7280,22.78,0x1b6ae0,0.6034
0x005bd314,DumpBlock,Global,0x431758,0x831758,1.0000,22.77,0x1f7c70,0.5310
0x0043a2c2,Setup,Misn16Mission,0x1491b0,0x5491b0,0.8524,22.76,0x15cf50,0.8105
0x00529f7b,Beam,Beam,0x7a2d0,0x47a2d0,0.6713,22.76,0x7cb50,0.5903
0x004bd30d,giddi_describe_device,Global,0x34920,0x434920,0.7567,22.75,0x1b0820,0.5250
0x005c28b0,luaB_getfenv,Global,0x4337f6,0x8337f6,1.0000,22.75,0x433742,0.8144
0x004752a7,Spinner,Global,0x2f69d0,0x6f69d0,0.5386,22.73,,
0x0053b0b7,Control,TargetingGun,0x1dfbc0,0x5dfbc0,0.5331,22.73,,
0x00530260,UpdateTimer,ImageLauncher,0xf2500,0x4f2500,0.9885,22.70,0x1b2410,0.9885
0x00537456,UpdateTimer,RadarLauncher,0xf2500,0x4f2500,0.9885,22.70,0x1b2410,0.9885
0x0053bfce,UpdateTimer,ThermalLauncher,0xf2500,0x4f2500,0.9885,22.70,0x1b2410,0.9885
0x005b631a,lua_pushfstring,Global,0x42cc9e,0x82cc9e,1.0000,22.69,0x42cdfe,0.7886
0x005b9b12,luaC_link,Global,0x43010b,0x83010b,1.0000,22.68,,
0x0050abfe,AIBuild_ConstructionBegin,Global,0x290570,0x690570,0.6819,22.64,0x2905d0,0.6819
0x004e9cb3,ClassCallSimulate,Global,0x22bd40,0x62bd40,0.6554,22.58,0x22bdf0,0.6554
0x004e9cf2,ClassPostSimulate,Global,0x22bd40,0x62bd40,0.6554,22.58,0x22bdf0,0.6554
0x00404a05,SetPositionV,Global,0x62160,0x462160,1.0000,22.55,0x39de0,0.5124
0x005c611a,luaK_codeABC,Global,0x43c5d2,0x83c5d2,1.0000,22.54,0x43c5ff,0.9011
0x00405191,PerimeterBlock,Global,0x69340,0x469340,0.9581,22.52,0x69380,0.7869
0x004051b4,PerimeterUnblock,Global,0x69380,0x469380,0.9581,22.52,0x69340,0.7869
0x004a345a,Get,ParameterDB,0x189c20,0x589c20,0.6203,22.46,0x189fe0,0.5789
0x004ecfe8,get_obj_radius,Global,0x22e590,0x62e590,0.5374,22.46,0x4b8d0,0.5001
0x005b61f3,lua_tothread,Global,0x42d447,0x82d447,1.0000,22.46,0x42d465,0.6790
0x00507c58,AI_AIPLoad,Global,0x2902b0,0x6902b0,0.5582,22.42,,
0x0052925f,zixMatchWild,Global,0x4287d0,0x8287d0,0.5463,22.40,,
0x0047dc3f,UnPackTempState,APC,0x70e90,0x470e90,0.5790,22.36,0x1afa70,0.5131
0x0051b228,Check_Fully_Done,Scheduler,0x2a78c0,0x6a78c0,0.7509,22.30,,
0x0048ebaf,GlobalSetLocal,DistributedObject,0xb9bd0,0x4b9bd0,0.7844,22.26,,
0x005b8486,luaD_growstack,Global,0x42f194,0x82f194,1.0000,22.25,,
0x005b5f6a,lua_isstring,Global,0x42c9f5,0x82c9f5,1.0000,22.23,0x42ca18,0.5000
0x0045e477,SetOrigin,GameObject,0x1873a0,0x5873a0,0.8664,22.22,,
0x005b5c1e,luaA_pushobject,Global,0x42c54d,0x82c54d,1.0000,22.19,0x4e950,0.5392
0x0047db66,Load,APC,0xa73a0,0x4a73a0,0.7767,22.18,0x78040,0.5371
0x0047123b,PauseMusic,Global,0x379d0,0x4379d0,0.6813,22.17,0x37a20,0.5233
0x0040bf32,DoReload,APCProcess,0x71b50,0x471b50,0.5650,22.15,,
0x00471284,UnPauseMusic,Global,0x37a20,0x437a20,0.6834,22.14,,
0x0050ed4b,negation,Global,0x2984f0,0x6984f0,0.5676,22.12,,
0x005bc7dc,luaH_setnum,Global,0x431114,0x831114,1.0000,22.12,0x431159,0.8589
0x005c3a00,enterblock,Global,0x43a00d,0x83a00d,1.0000,22.12,,
0x0046907a,DoGoto,UnitProcess,0x1122c0,0x5122c0,0.5707,22.11,0x1fbb10,0.5376
0x004d0a66,BoltInit,LightningFeature,0xfabb0,0x4fabb0,0.5296,22.11,,
0x004af1fc,Scrap_InitRange,Global,0x1c5870,0x5c5870,0.7897,22.09,0xdfa20,0.7462
0x004397e3,Setup,Misn15Mission,0x15cf50,0x55cf50,0.8087,22.08,0x147c60,0.7533
0x00445309,Setup,Misns6Mission,0x15e150,0x55e150,1.0000,22.06,0x138fc0,0.8390
0x00486c0d,IsDeployedCraft,Global,0xa8850,0x4a8850,0.7039,22.05,,
0x005c3255,luaB_auxwrap,Global,0x434399,0x834399,0.6321,22.04,,
0x005c3f4f,listfield,Global,0x43a994,0x83a994,0.9053,22.04,,
0x005b62f0,lua_pushvfstring,Global,0x42cdfe,0x82cdfe,1.0000,22.00,0x42cc9e,0.7886
0x00401928,AddObject,AiMission,0x5cc40,0x45cc40,0.6054,21.98,,
0x00404c7a,PlanPossible,Global,0x682f0,0x4682f0,0.7482,21.98,,
0x0042934c,AddObject,Misn06Mission,0x5cc40,0x45cc40,0.6054,21.98,,
0x0042bb09,AddObject,Misn07Mission,0x5cc40,0x45cc40,0.6054,21.98,,
0x0043624d,AddObject,Misn12Mission,0x5cc40,0x45cc40,0.6054,21.98,,
0x00440443,AddObject,Misns1Mission,0x5cc40,0x45cc40,0.6054,21.98,,
0x00442e91,AddObject,Misns2Mission,0x5cc40,0x45cc40,0.6054,21.98,,
0x004441d7,AddObject,Misns3Mission,0x5cc40,0x45cc40,0.6054,21.98,,
0x004643c5,AddObject,Tran02Mission,0x5cc40,0x45cc40,0.6054,21.98,,
0x00470249,InitUState1,WingmanProcess,0x213d10,0x613d10,0.9798,21.96,0x1fb7e0,0.6310
0x004ecaac,obj_set_flag,Global,0x22de40,0x62de40,0.9698,21.96,0x22e780,0.7630
0x00473398,CarEntityCheck,Global,0x405e0,0x4405e0,0.6760,21.95,0x214520,0.5327
0x005b5f3c,lua_isnumber,Global,0x42c9c5,0x82c9c5,0.7599,21.95,0x42d338,0.6704
0x004194ea,UnpackTable,Global,0x105b50,0x505b50,0.5519,21.94,0x1059b0,0.5497
0x00419aea,GetODFString,Global,0x106780,0x506780,0.5080,21.94,,
0x0045fd25,Goto,Global,0x1cb960,0x5cb960,0.8420,21.93,0x1cbbb0,0.8420
0x0045fe51,Mine,Global,0x1cb960,0x5cb960,0.8420,21.93,0x1cbbb0,0.8420
0x00460272,Build,Global,0x1cb960,0x5cb960,0.8420,21.93,0x1cbbb0,0.8420
0x00481c81,CloseGASObject,Global,0x3cf50,0x43cf50,0.5758,21.87,0x3b6b0,0.5388
0x0046091a,CameraPath,Global,0x1cd440,0x5cd440,0.5652,21.81,0x1cd300,0.5435
0x00534d9d,~OrdnanceClass,OrdnanceClass,0x186c00,0x586c00,0.9831,21.78,0x38efe0,0.6160
0x0049063f,Reset,CSound,0x39770,0x439770,0.5567,21.77,,
0x00459df8,DoGotoScrap,RecycleTask,0x1b6ae0,0x5b6ae0,0.5521,21.75,0x205780,0.6299
0x005ae860,mdct_clear,Global,0x222ca0,0x622ca0,0.6868,21.73,0x29c3c0,0.6836
0x004690bb,InitPatrol,UnitProcess,0x1fb7e0,0x5fb7e0,0.9795,21.70,0x213d10,0.6312
0x005b7ba4,preinit_state,Global,0x42d824,0x82d824,0.8432,21.70,0x1491b0,0.6237
0x004a8fff,Init,PowerUp,0x1a7d00,0x5a7d00,0.5498,21.68,,
0x005bca0c,luaH_resizearray,Global,0x43108b,0x83108b,1.0000,21.66,0x3ce730,0.5077
0x005beaae,treatstackoption,Global,0x43780f,0x83780f,1.0000,21.66,,
0x00513fc4,Is_Goal_Undercommitted,Mapgrid_Goal,0x29d8a0,0x69d8a0,0.5249,21.65,,
0x004a8e9a,PermStateChanged,PowerUp,0x1ab260,0x5ab260,1.0000,21.62,0xbacd0,0.7014
0x005b60d5,lua_toboolean,Global,0x42d2e8,0x82d2e8,0.7173,21.62,0x42d465,0.5837
0x00468835,UnitProcess,UnitProcess,0x1f9350,0x5f9350,0.7528,21.61,0x1491b0,0.6423
0x004139aa,CleanState,GotoTask,0xe62f0,0x4e62f0,0.6678,21.54,0xe2490,0.5110
0x005b6400,lua_pushthread,Global,0x42cdaf,0x82cdaf,1.0000,21.51,0x42cced,0.7581
0x00582052,Resume,Global,0x422ab0,0x822ab0,1.0000,21.46,0x18c220,0.5872
0x004c3620,Control,ConstructionBlob,0x9c050,0x49c050,0.9840,21.45,0xc95e0,0.9840
0x004cd6df,Control,EngineFlame,0x9c050,0x49c050,0.9840,21.45,0xc95e0,0.9840
0x005b8dbc,luaD_protectedparser,Global,0x42f478,0x82f478,1.0000,21.45,,
0x005c79d0,_ValidateImageBase,Global,0x43f3a0,0x83f3a0,0.7262,21.45,,
0x0055237c,DupString,Global,0x2995a0,0x6995a0,0.5209,21.43,0x299400,0.5082
0x0050b106,AIBuild_ResourceListNew,Global,0x290b10,0x690b10,1.0000,21.41,0x331030,0.5322
0x0041d0c6,LayMinesTask,LayMinesTask,0x1124f0,0x5124f0,0.5148,21.38,0x1b7080,0.6098
0x0044dc4f,ChangesState,OffensiveProcess,0x1833a0,0x5833a0,0.6247,21.38,0x213a40,0.5109
0x00515417,PREREQ_Prune,Global,0x2a0430,0x6a0430,0.9625,21.35,0x500d0,0.5610
0x004ed30b,Find_Object_Info,Global,0x22d690,0x62d690,0.5683,21.33,,
0x005b77cf,luaL_optinteger,Global,0x42c1fd,0x82c1fd,1.0000,21.29,,
0x0040adb7,AddRect,Global,0x6eb10,0x46eb10,1.0000,21.28,,
0x0050a9e9,AI_Team_Compute_Mapgrid,Global,0x295ff0,0x695ff0,1.0000,21.27,,
0x00514021,Clear_Goal,Mapgrid_Goal,0x29d940,0x69d940,1.0000,21.27,0x42d824,0.7348
0x00413478,GotoGeyser,GotoGeyser,0xe48e0,0x4e48e0,0.5960,21.23,,
0x0040557b,Find,Global,0x69fd0,0x469fd0,0.8149,21.21,,
0x0051736e,ScheduleGlue_Translate_Pos_To_Tiles,Global,0x2a09e0,0x6a09e0,1.0000,21.21,,
0x0054f668,Scroll_AdvanceLine,Global,0x4213c0,0x8213c0,0.5817,21.21,,
0x0040eba3,AttackTask,AttackTask,0x77e60,0x477e60,0.5686,21.18,,
0x00508d48,AI_Team_Trash_Regions_Of_Control,Global,0x295130,0x695130,1.0000,21.15,,
0x0051236b,do_parse,Global,0x29c150,0x69c150,0.6573,21.14,,
0x005bd7c0,luaX_token2str,Global,0x4390ce,0x8390ce,0.6618,21.13,,
0x0044ead0,operator=,Strip,0x39e1d0,0x79e1d0,0.6300,21.12,0x2c3020,0.5995
0x00480c1f,SetDS3DDefaults,Global,0x3c2a0,0x43c2a0,0.7262,21.10,,
0x0059bfd0,ov_halfrate_p,Global,0x3d4450,0x7d4450,1.0000,21.04,0x3d3d60,0.6512
0x005b6aaa,lua_next,Global,0x42cb08,0x82cb08,0.6813,21.04,,
0x005280ee,zfsFindRecordNum,Global,0x42d490,0x82d490,1.0000,21.03,0x1cbdd0,0.6319
0x005b5ee7,lua_type,Global,0x42d490,0x82d490,1.0000,21.03,0x1cbdd0,0.6319
0x004af97c,ScrapDropoff_Get,Global,0x1c6230,0x5c6230,0.7046,21.02,,
0x005c3089,costatus,Global,0x434188,0x834188,0.6234,21.02,,
0x004751e6,PositionVelocity,Global,0x44b00,0x444b00,0.7407,21.01,0x2eac90,0.6238
0x005c7e10,ogg_stream_clear,Global,0x29c470,0x69c470,0.6516,21.01,0x222ca0,0.6218
0x004b2319,remove_from_purge,Global,0x2b1570,0x6b1570,0.5509,20.96,,
0x0052ad2a,Bolt,Bolt,0x7cb50,0x47cb50,0.6531,20.94,0x7a2d0,0.5885
0x0051b702,Scheduler,Scheduler,0x2a7d90,0x6a7d90,0.6550,20.91,,
0x004677fb,ShouldAttack,TurretTankProcess,0x1f75c0,0x5f75c0,0.5727,20.90,,
0x00547806,Trace,Global,0x3d6b70,0x7d6b70,0.6355,20.88,0x3d6c70,0.6355
0x0054788b,TraceWarning,Global,0x3d6b70,0x7d6b70,0.6355,20.88,0x3d6c70,0.6355
0x00547910,TraceError,Global,0x3d6b70,0x7d6b70,0.6355,20.88,0x3d6c70,0.6355
0x00477e1d,Init_Sky,Global,0x2151c0,0x6151c0,0.6269,20.87,,
0x005bcc41,luaH_setstr,Global,0x431159,0x831159,1.0000,20.84,0x431114,0.8589
0x004dc4b6,allie_cb,Global,0x6ced0,0x46ced0,0.5385,20.82,,
0x00419e38,VECTOR_3D_Add,Global,0x107cd0,0x507cd0,0.5377,20.81,0x107d80,0.5377
0x00419e9d,VECTOR_3D_Sub,Global,0x107cd0,0x507cd0,0.5377,20.81,0x107d80,0.5377
0x00481054,FillDSBuffer,Global,0x3cb70,0x43cb70,0.5355,20.81,,
0x005ad840,drft_clear,Global,0x29c3c0,0x69c3c0,0.7033,20.77,0x222ca0,0.6491
0x0041833f,SetAIControl,Global,0x103650,0x503650,0.7412,20.75,0x103450,0.7412
0x00464ae6,Setup,Tran04Mission,0x1e93e0,0x5e93e0,0.8495,20.74,0x138fc0,0.8026
0x0048a083,encode_odf,Global,0xb7650,0x4b7650,0.5591,20.73,0x183e70,0.5591
0x00532c52,encode_cfg,Global,0xb7650,0x4b7650,0.5591,20.73,0x183e70,0.5591
0x0045e159,IsInfo,Global,0x1c8410,0x5c8410,0.5248,20.71,0x1cd610,0.5244
0x004e9ee3,Set_User_Entity,Global,0x22c190,0x62c190,0.8146,20.71,,
0x004127c3,ResetOffset,FollowTask,0xd39f0,0x4d39f0,0.5110,20.67,,
0x004905d3,Get3DBufferInterface,CSound,0x39610,0x439610,0.7018,20.65,,
0x004e99cd,ClassGetEuler,Global,0x22bf70,0x62bf70,0.5015,20.65,,
0x004aac75,GetZonePtr,Global,0x92d60,0x492d60,0.7069,20.62,,
0x0053c6e2,UpdateSound,Torpedo,0x1e47c0,0x5e47c0,0.5433,20.62,,
0x005c2bdc,luaB_loadstring,Global,0x433aaa,0x833aaa,1.0000,20.61,,
0x0041bce2,Distance3D,Global,0x100cd0,0x500cd0,0.6185,20.60,0x100d50,0.6185
0x0041bd2c,Distance3DSquared,Global,0x100cd0,0x500cd0,0.6185,20.60,0x100d50,0.6185
0x0041d7dd,Setup,Misn01Mission,0x138fc0,0x538fc0,0.8137,20.57,0x15cf50,0.8123
0x004106b3,DoUState2,RigProcess,0x1b6e60,0x5b6e60,0.6660,20.55,0x9ee70,0.6660
0x00412cb8,DoSubAttack,GechProcess,0x1b6e60,0x5b6e60,0.6660,20.55,0x9ee70,0.6660
0x0044dccd,DoSubAttack,OffensiveProcess,0x1b6e60,0x5b6e60,0.6660,20.55,0x9ee70,0.6660
0x0045727d,DoSubAttack,PersonProcess,0x1b6e60,0x5b6e60,0.6660,20.55,0x9ee70,0.6660
0x00459e5d,DoGotoRepair,RecycleTask,0x1b6e60,0x5b6e60,0.6660,20.55,0x9ee70,0.6660
0x00462fa6,DoSubAttack,SoldierProcess,0x1b6e60,0x5b6e60,0.6660,20.55,0x9ee70,0.6660
0x00462fdd,DoUState1,SoldierProcess,0x1b6e60,0x5b6e60,0.6660,20.55,0x9ee70,0.6660
0x00463014,DoUState2,SoldierProcess,0x1b6e60,0x5b6e60,0.6660,20.55,0x9ee70,0.6660
0x00470228,DoSubAttack,WingmanProcess,0x1b6e60,0x5b6e60,0.6660,20.55,0x9ee70,0.6660
0x004accc8,giddi_read_channels,Global,0x1b08b0,0x5b08b0,0.8205,20.54,,
0x005c6f00,_alloca_probe_16,Global,0x4443a0,0x8443a0,1.0000,20.53,0x4443b6,1.0000
0x0054bcea,Build_Yaw_Matrix,Global,0x41ebb0,0x81ebb0,0.5498,20.51,0x41ec40,0.5498
0x0054bd7f,Build_Roll_Matrix,Global,0x41ebb0,0x81ebb0,0.5498,20.51,0x41ec40,0.5498
0x005b9af9,luaC_barrierback,Global,0x430000,0x830000,1.0000,20.47,,
0x004674b9,DoSubAttack,TurretTankProcess,0x1f7910,0x5f7910,0.7178,20.46,0x1b6e60,0.6748
0x00459c2f,PostLoad,RecycleTask,0x1b5ce0,0x5b5ce0,0.6874,20.44,0x1f9a30,0.5289
0x004b2291,TexCache_Init,Global,0x4b8d0,0x44b8d0,0.5476,20.44,0x211840,0.5132
0x0046914c,InitStage,UnitProcess,0x1fb8d0,0x5fb8d0,0.6145,20.42,,
0x0054bd34,Build_Pitch_Matrix,Global,0x41ebb0,0x81ebb0,0.5475,20.39,0x41ec40,0.5475
0x0054f57c,Scroll_SetFlags,Global,0x421310,0x821310,1.0000,20.39,,
0x005bc3ce,countint,Global,0x430c97,0x830c97,0.6629,20.39,,
0x004957df,SetCommand,GameObject,0xdbf90,0x4dbf90,0.8691,20.37,0xdbce0,0.7999
0x0047574c,DeleteFloorHandler,Global,0x44eb0,0x444eb0,1.0000,20.36,0x421a80,0.6297
0x005a7230,vorbis_staticbook_destroy,Global,0x222ca0,0x622ca0,0.6129,20.36,0x29c3c0,0.6325
0x0040bc73,CleanAttack,APCProcess,0x71860,0x471860,1.0000,20.34,0x75050,1.0000
0x0040bc89,CleanReload,APCProcess,0x71860,0x471860,1.0000,20.34,0x75050,1.0000
0x0040ccdd,CleanWait,ArmoryProcess,0x71860,0x471860,1.0000,20.34,0x75050,1.0000
0x00412c8c,CleanAttack,GechProcess,0x71860,0x471860,1.0000,20.34,0x75050,1.0000
0x00412ca2,CleanSubAttack,GechProcess,0x71860,0x471860,1.0000,20.34,0x75050,1.0000
0x00414ca4,CleanAttack,GunTowerProcess,0x71860,0x471860,1.0000,20.34,0x75050,1.0000
0x0041d036,CleanUState1,MineLayerProcess,0x71860,0x471860,1.0000,20.34,0x75050,1.0000
0x0044dcb7,CleanSubAttack,OffensiveProcess,0x71860,0x471860,1.0000,20.34,0x75050,1.0000
0x00457251,CleanAttack,PersonProcess,0x71860,0x471860,1.0000,20.34,0x75050,1.0000
0x00457267,CleanSubAttack,PersonProcess,0x71860,0x471860,1.0000,20.34,0x75050,1.0000
0x00458f59,CleanWait,RecyclerProcess,0x71860,0x471860,1.0000,20.34,0x75050,1.0000
0x0045ba07,CleanAttack,SAVProcess,0x71860,0x471860,1.0000,20.34,0x75050,1.0000
0x00462f7a,CleanAttack,SoldierProcess,0x71860,0x471860,1.0000,20.34,0x75050,1.0000
0x00462f90,CleanSubAttack,SoldierProcess,0x71860,0x471860,1.0000,20.34,0x75050,1.0000
0x00462fc7,CleanUState1,SoldierProcess,0x71860,0x471860,1.0000,20.34,0x75050,1.0000
0x00462ffe,CleanUState2,SoldierProcess,0x71860,0x471860,1.0000,20.34,0x75050,1.0000
0x0046744b,CleanAttack,TurretTankProcess,0x71860,0x471860,1.0000,20.34,0x75050,1.0000
0x004674a3,CleanSubAttack,TurretTankProcess,0x71860,0x471860,1.0000,20.34,0x75050,1.0000
0x0046901c,CleanWait,UnitProcess,0x71860,0x471860,1.0000,20.34,0x75050,1.0000
0x00469064,CleanGoto,UnitProcess,0x71860,0x471860,1.0000,20.34,0x75050,1.0000
0x004690e6,CleanPatrol,UnitProcess,0x71860,0x471860,1.0000,20.34,0x75050,1.0000
0x0046918b,CleanStage,UnitProcess,0x71860,0x471860,1.0000,20.34,0x75050,1.0000
0x004691a1,CleanAttack,UnitProcess,0x71860,0x471860,1.0000,20.34,0x75050,1.0000
0x004691f9,CleanFollow,UnitProcess,0x71860,0x471860,1.0000,20.34,0x75050,1.0000
0x00469248,CleanDefend,UnitProcess,0x71860,0x471860,1.0000,20.34,0x75050,1.0000
0x004692bc,CleanRescue,UnitProcess,0x71860,0x471860,1.0000,20.34,0x75050,1.0000
0x00470212,CleanSubAttack,WingmanProcess,0x71860,0x471860,1.0000,20.34,0x75050,1.0000
0x00470271,CleanUState1,WingmanProcess,0x71860,0x471860,1.0000,20.34,0x75050,1.0000
0x0047049a,CleanAttack,RocketTankProcess,0x71860,0x471860,1.0000,20.34,0x75050,1.0000
0x0041b869,GetOdf,Global,0x100280,0x500280,0.6500,20.24,0x1002e0,0.6500
0x0041b8f8,GetBase,Global,0x100280,0x500280,0.6500,20.24,0x1002e0,0.6500
0x0041ba59,GetNation,Global,0x100280,0x500280,0.6500,20.24,0x1002e0,0.6500
0x00463336,InitUState2,SoldierProcess,0x1d7a70,0x5d7a70,0.5347,20.24,,
0x004f246f,OverlayDefaultPalette,Global,0x1c8380,0x5c8380,0.6993,20.23,0x1ce280,0.6352
0x0045e456,GetOrigin,GameObject,0xc0af0,0x4c0af0,0.8387,20.20,,
0x0048a0d4,SendCommand,DistributedObject,0xb7b00,0x4b7b00,0.5414,20.15,,
0x004e7be7,Cache_Create_Bsp_Heap,Global,0xc8250,0x4c8250,0.6471,20.15,0x188bd0,0.6471
0x0040ccf3,DoWait,ArmoryProcess,0x750a0,0x4750a0,0.5776,20.13,0x1b49d0,0.5776
0x00458f6f,DoWait,RecyclerProcess,0x750a0,0x4750a0,0.5776,20.13,0x1b49d0,0.5776
0x00469032,DoWait,UnitProcess,0x750a0,0x4750a0,0.5776,20.13,0x1b49d0,0.5776
0x005be97c,db_getmetatable,Global,0x4371bf,0x8371bf,1.0000,20.13,0x433742,0.7277
0x00470ed2,DoAudioPriority,Global,0x376c0,0x4376c0,0.5973,20.06,0x37720,0.5054
0x00470f22,DoAudioLooping,Global,0x376c0,0x4376c0,0.5973,20.06,0x37720,0.5054
0x004d5359,InVerbArea,Global,0x1996f0,0x5996f0,0.6204,20.06,,
0x005306fa,Activate,ImageRefract,0xf2d20,0x4f2d20,0.9483,20.04,0xf2d70,0.7772
0x005c35c7,codestring,Global,0x439dc7,0x839dc7,1.0000,20.03,0x2a8520,0.6811
0x00459f5e,CombineVectors,Global,0x59570,0x459570,0.8378,20.02,,
0x0048b98c,"_Uninit_copy<stdext::_Hash<stdext::_Hmap_traits<unsigned_long,unsigned_long,stdext::hash_compare<unsigned_long,std::less<unsigned_long>_>,std::allocator<std::pair<unsigned_long_const_,unsigned_long>_>,0>_>::_List_position_*,stdext::_Hash<stdext::_Hmap_traits<unsigned_long,unsigned_long,stdext::hash_compare<unsigned_long,std::less<unsigned_long>_>,std::allocator<std::pair<unsigned_long_const_,unsigned_long>_>,0>_>::_List_position_*,std::allocator<stdext::_Hash<stdext::_Hmap_traits<unsigned_long,unsigned_long,stdext::hash_compare<unsigned_long,std::less<unsigned_long>_>,std::allocator<std::pair<unsigned_long_const_,unsigned_long>_>,0>_>::_List_position>_>",std,0x8bd40,0x48bd40,0.9033,20.02,0x3cf320,0.9033
0x0048b9b2,"_Uninit_copy<stdext::_Hash<stdext::_Hmap_traits<unsigned_long,float,stdext::hash_compare<unsigned_long,std::less<unsigned_long>_>,std::allocator<std::pair<unsigned_long_const_,float>_>,0>_>::_List_position_*,stdext::_Hash<stdext::_Hmap_traits<unsigned_long,float,stdext::hash_compare<unsigned_long,std::less<unsigned_long>_>,std::allocator<std::pair<unsigned_long_const_,float>_>,0>_>::_List_position_*,std::allocator<stdext::_Hash<stdext::_Hmap_traits<unsigned_long,float,stdext::hash_compare<unsigned_long,std::less<unsigned_long>_>,std::allocator<std::pair<unsigned_long_const_,float>_>,0>_>::_List_position>_>",std,0x8bd40,0x48bd40,0.9033,20.02,0x3cf320,0.9033
0x004a1749,"_Uninit_copy<stdext::_Hash<stdext::_Hmap_traits<unsigned_int,ParameterDB::FileData_*,stdext::hash_compare<unsigned_int,std::less<unsigned_int>_>,std::allocator<std::pair<unsigned_int_const_,ParameterDB::FileData_*>_>,0>_>::_List_position_*,stdext::_Hash<stdext::_Hmap_traits<unsigned_int,ParameterDB::FileData_*,stdext::hash_compare<unsigned_int,std::less<unsigned_int>_>,std::allocator<std::pair<unsigned_int_const_,ParameterDB::FileData_*>_>,0>_>::_List_position_*,std::allocator<stdext::_Hash<stdext::_Hmap_traits<unsigned_int,ParameterDB::FileData_*,stdext::hash_compare<unsigned_int,std::less<unsigned_int>_>,std::allocator<std::pair<unsigned_int_const_,ParameterDB::FileData_*>_>,0>_>::_List_position>_>",std,0x8bd40,0x48bd40,0.9033,20.02,0x3cf320,0.9033
0x004a176f,"_Uninit_copy<stdext::_Hash<stdext::_Hmap_traits<unsigned_int,char_const_*,stdext::hash_compare<unsigned_int,std::less<unsigned_int>_>,std::allocator<std::pair<unsigned_int_const_,char_const_*>_>,0>_>::_List_position_*,stdext::_Hash<stdext::_Hmap_traits<unsigned_int,char_const_*,stdext::hash_compare<unsigned_int,std::less<unsigned_int>_>,std::allocator<std::pair<unsigned_int_const_,char_const_*>_>,0>_>::_List_position_*,std::allocator<stdext::_Hash<stdext::_Hmap_traits<unsigned_int,char_const_*,stdext::hash_compare<unsigned_int,std::less<unsigned_int>_>,std::allocator<std::pair<unsigned_int_const_,char_const_*>_>,0>_>::_List_position>_>",std,0x8bd40,0x48bd40,0.9033,20.02,0x3cf320,0.9033
0x004a1795,"_Uninit_copy<stdext::_Hash<stdext::_Hmap_traits<unsigned_int,stdext::hash_map<unsigned_int,char_const_*,stdext::hash_compare<unsigned_int,std::less<unsigned_int>_>,std::allocator<std::pair<unsigned_int_const_,char_const_*>_>_>,stdext::hash_compare<unsigned_int,std::less<unsigned_int>_>,std::allocator<std::pair<unsigned_int_const_,stdext::hash_map<unsigned_int,char_const_*,stdext::hash_compare<unsigned_int,std::less<unsigned_int>_>,std::allocator<std::pair<unsigned_int_const_,char_const_*>_>_>_>_>,0>_>::_List_position_*,stdext::_Hash<stdext::_Hmap_traits<unsigned_int,stdext::hash_map<unsigned_int,char_const_*,stdext::hash_compare<unsigned_int,std::less<unsigned_int>_>,std::allocator<std::pair<unsigned_int_const_,char_const_*>_>_>,stdext::hash_compare<unsigned_int,std::less<unsigned_int>_>,std::allocator<std::pair<unsigned_int_const_,stdext::hash_map<unsigned_int,char_const_*,stdext::hash_compare<unsigned_int,std::less<unsigned_int>_>,std::allocator<std::pair<unsigned_int_const_,char_const_*>_>_>_>_>,0>_>::_List_position_*,std::allocator<stdext::_Hash<stdext::_Hmap_traits<unsigned_int,stdext::hash_map<unsigned_int,char_const_*,stdext::hash_compare<unsigned_int,std::less<unsigned_int>_>,std::allocator<std::pair<unsigned_int_const_,char_const_*>_>_>,stdext::hash_compare<unsigned_int,std::less<unsigned_int>_>,std::allocator<std::pair<unsigned_int_const_,stdext::hash_map<unsigned_int,char_const_*,stdext::hash_compare<unsigned_int,std::less<unsigned_int>_>,std::allocator<std::pair<unsigned_int_const_,char_const_*>_>_>_>_>,0>_>::_List_position>_>",std,0x8bd40,0x48bd40,0.9033,20.02,0x3cf320,0.9033
0x0051859e,"_Uninit_copy<GridPoint_*,GridPoint_*,std::allocator<GridPoint>_>",std,0x8bd40,0x48bd40,0.9033,20.02,0x3cf320,0.9033
0x0045e3a2,"_Fill<Scrap_*_*,Scrap_*>",std,0x3c99b0,0x7c99b0,1.0000,20.01,0x500d0,1.0000
0x00460cbe,"fill<Scrap_*_*,Scrap_*>",std,0x3c99b0,0x7c99b0,1.0000,20.01,0x500d0,1.0000
0x0046ad34,DoCircle,UnitTask,0x202790,0x602790,1.0000,20.01,0x202730,1.0000
0x0046ad5a,DoCoast,UnitTask,0x202790,0x602790,1.0000,20.01,0x202730,1.0000
0x0046ae11,DoState,CircleTask,0x202790,0x602790,1.0000,20.01,0x202730,1.0000
0x0046ae1e,DoState,CoastTask,0x202790,0x602790,1.0000,20.01,0x202730,1.0000
0x0047c7a3,"_Fill<AnimSprite_*_*,AnimSprite_*>",std,0x3c99b0,0x7c99b0,1.0000,20.01,0x500d0,1.0000
0x0047cda8,"fill<AnimSprite_*_*,AnimSprite_*>",std,0x3c99b0,0x7c99b0,1.0000,20.01,0x500d0,1.0000
0x0047f4a5,"_Fill<Attachment_*_*,Attachment_*>",std,0x3c99b0,0x7c99b0,1.0000,20.01,0x500d0,1.0000
0x0047f777,"fill<Attachment_*_*,Attachment_*>",std,0x3c99b0,0x7c99b0,1.0000,20.01,0x500d0,1.0000
0x004868a5,"_Fill<Craft_*_*,Craft_*>",std,0x3c99b0,0x7c99b0,1.0000,20.01,0x500d0,1.0000
0x00489254,"fill<Craft_*_*,Craft_*>",std,0x3c99b0,0x7c99b0,1.0000,20.01,0x500d0,1.0000
0x0048ad8b,"_Fill<DistributedObject_*_*,DistributedObject_*>",std,0x3c99b0,0x7c99b0,1.0000,20.01,0x500d0,1.0000
0x0048c142,"fill<DistributedObject_*_*,DistributedObject_*>",std,0x3c99b0,0x7c99b0,1.0000,20.01,0x500d0,1.0000
0x00491c0d,"_Fill<GameFeature_*_*,GameFeature_*>",std,0x3c99b0,0x7c99b0,1.0000,20.01,0x500d0,1.0000
0x00492785,"fill<GameFeature_*_*,GameFeature_*>",std,0x3c99b0,0x7c99b0,1.0000,20.01,0x500d0,1.0000
0x00496b1e,"_Fill<GameObject_*_*,GameObject_*>",std,0x3c99b0,0x7c99b0,1.0000,20.01,0x500d0,1.0000
0x004978cd,"fill<GameObject_*_*,GameObject_*>",std,0x3c99b0,0x7c99b0,1.0000,20.01,0x500d0,1.0000
0x0049943e,"_Fill<GameObjectClass_*_*,GameObjectClass_*>",std,0x3c99b0,0x7c99b0,1.0000,20.01,0x500d0,1.0000
0x00499730,"fill<GameObjectClass_*_*,GameObjectClass_*>",std,0x3c99b0,0x7c99b0,1.0000,20.01,0x500d0,1.0000
0x0049a4e3,"_Fill<Geizer_*_*,Geizer_*>",std,0x3c99b0,0x7c99b0,1.0000,20.01,0x500d0,1.0000
0x0049a8e6,"fill<Geizer_*_*,Geizer_*>",std,0x3c99b0,0x7c99b0,1.0000,20.01,0x500d0,1.0000
0x004a807f,"_Fill<PowerPlant_*_*,PowerPlant_*>",std,0x3c99b0,0x7c99b0,1.0000,20.01,0x500d0,1.0000
0x004a8403,"fill<PowerPlant_*_*,PowerPlant_*>",std,0x3c99b0,0x7c99b0,1.0000,20.01,0x500d0,1.0000
0x004adae6,"_Fill<Scanner_*_*,Scanner_*>",std,0x3c99b0,0x7c99b0,1.0000,20.01,0x500d0,1.0000
0x004adf8c,"fill<Scanner_*_*,Scanner_*>",std,0x3c99b0,0x7c99b0,1.0000,20.01,0x500d0,1.0000
0x004e3f17,"_Fill<ScorePlayer_*_*,ScorePlayer_*>",std,0x3c99b0,0x7c99b0,1.0000,20.01,0x500d0,1.0000
0x004e47dc,"fill<ScorePlayer_*_*,ScorePlayer_*>",std,0x3c99b0,0x7c99b0,1.0000,20.01,0x500d0,1.0000
0x004e6222,"_Fill<SpawnPoint_*_*,SpawnPoint_*>",std,0x3c99b0,0x7c99b0,1.0000,20.01,0x500d0,1.0000
0x004e6507,"fill<SpawnPoint_*_*,SpawnPoint_*>",std,0x3c99b0,0x7c99b0,1.0000,20.01,0x500d0,1.0000
0x005171c7,"_Fill<ObjectClassInfo_*_*,ObjectClassInfo_*>",std,0x3c99b0,0x7c99b0,1.0000,20.01,0x500d0,1.0000
0x00518b42,"fill<ObjectClassInfo_*_*,ObjectClassInfo_*>",std,0x3c99b0,0x7c99b0,1.0000,20.01,0x500d0,1.0000
0x0052ea48,"_Fill<ExplosionClass_*_*,ExplosionClass_*>",std,0x3c99b0,0x7c99b0,1.0000,20.01,0x500d0,1.0000
0x0052ed3a,"fill<ExplosionClass_*_*,ExplosionClass_*>",std,0x3c99b0,0x7c99b0,1.0000,20.01,0x500d0,1.0000
0x00535081,"_Fill<OrdnanceClass_*_*,OrdnanceClass_*>",std,0x3c99b0,0x7c99b0,1.0000,20.01,0x500d0,1.0000
0x00535373,"fill<OrdnanceClass_*_*,OrdnanceClass_*>",std,0x3c99b0,0x7c99b0,1.0000,20.01,0x500d0,1.0000
0x0053ea84,"_Fill<WeaponClass_*_*,WeaponClass_*>",std,0x3c99b0,0x7c99b0,1.0000,20.01,0x500d0,1.0000
0x0053ed77,"fill<WeaponClass_*_*,WeaponClass_*>",std,0x3c99b0,0x7c99b0,1.0000,20.01,0x500d0,1.0000
0x00555701,"_Fill<Server_*_*,Server_*>",std,0x3c99b0,0x7c99b0,1.0000,20.01,0x500d0,1.0000
0x00555720,"_Fill<Session_*_*,Session_*>",std,0x3c99b0,0x7c99b0,1.0000,20.01,0x500d0,1.0000
0x0055573f,"_Fill<Player_*_*,Player_*>",std,0x3c99b0,0x7c99b0,1.0000,20.01,0x500d0,1.0000
0x0055575e,"_Fill<PortData_*_*,PortData_*>",std,0x3c99b0,0x7c99b0,1.0000,20.01,0x500d0,1.0000
0x00557ffd,"fill<Server_*_*,Server_*>",std,0x3c99b0,0x7c99b0,1.0000,20.01,0x500d0,1.0000
0x0055802a,"fill<Session_*_*,Session_*>",std,0x3c99b0,0x7c99b0,1.0000,20.01,0x500d0,1.0000
0x00558057,"fill<Player_*_*,Player_*>",std,0x3c99b0,0x7c99b0,1.0000,20.01,0x500d0,1.0000
0x00558084,"fill<PortData_*_*,PortData_*>",std,0x3c99b0,0x7c99b0,1.0000,20.01,0x500d0,1.0000
0x005b7455,luaL_loadstring,Global,0x42b858,0x82b858,0.8282,20.01,0x307f0,0.7602
0x0040ec41,Load,AttackTask,0x1b4b80,0x5b4b80,0.5248,19.99,0x1b4e50,0.5248
0x004139e8,Load,GoNear,0x1b4b80,0x5b4b80,0.5248,19.99,0x1b4e50,0.5248
0x004b2f32,FindHitch,Global,0x1ec1c0,0x5ec1c0,0.5645,19.98,,
0x00457305,PersonGlide,PersonGlide,0x1b7080,0x5b7080,0.5721,19.96,0x188970,0.5754
0x005c42b1,explist1,Global,0x43a118,0x83a118,0.6489,19.96,,
0x005a7290,vorbis_book_clear,Global,0x222ca0,0x622ca0,0.5954,19.95,,
0x00516bd0,tlog,Global,0x2a5f50,0x6a5f50,0.6607,19.94,,
0x005b7410,getS,Global,0x42b7d7,0x82b7d7,1.0000,19.93,,
0x0049559d,ClearCommand,GameObject,0xdbc00,0x4dbc00,0.9593,19.92,0xdbce0,0.8770
0x0040142c,AI_Cleanup,Global,0x5c030,0x45c030,0.6237,19.91,,
0x00535ebc,PlanarExplosion,PlanarExplosion,0x1a6160,0x5a6160,0.8284,19.91,0x54020,0.5175
0x0041114d,Setup,DemoMission,0xb1ec0,0x4b1ec0,0.8570,19.90,0x1491b0,0.7593
0x004c971b,StopQuake,EarthQuake,0xc0ca0,0x4c0ca0,1.0000,19.90,0xc0c40,0.5829
0x004c973a,PostRun,EarthQuake,0xc0ca0,0x4c0ca0,1.0000,19.90,0xc0c40,0.5829
0x00481884,ShellIsGASSoundPlaying,Global,0x44f20,0x444f20,0.7413,19.89,0x22c100,0.6853
0x005b65e7,lua_settable,Global,0x42d1fa,0x82d1fa,1.0000,19.89,0xcbb80,0.5557
0x005b9df4,info_tailcall,Global,0x42dd72,0x82dd72,1.0000,19.89,0x18760,0.7096
0x0041ba93,GetPilotClass,Global,0x1008e0,0x5008e0,0.6639,19.87,0x1000f0,0.5150
0x0048a0b5,decode_odf,Global,0xb76c0,0x4b76c0,0.6538,19.87,0x183ee0,0.6538
0x0049118e,~CWaveFile,CWaveFile,0x397e0,0x4397e0,0.8157,19.87,,
0x00532c84,decode_cfg,Global,0xb76c0,0x4b76c0,0.6538,19.87,0x183ee0,0.6538
0x005c6c9b,luaK_patchlist,Global,0x43caac,0x83caac,1.0000,19.87,0x43b6c3,0.5005
0x0051689d,AISchedule_AddScrap,Global,0x2a3730,0x6a3730,0.7084,19.84,,
0x00544f14,ReleaseTLExecuteBuffer,Global,0x3c790,0x43c790,0.5200,19.83,,
0x0045e065,CameraPathDir,Global,0x1cd390,0x5cd390,0.6665,19.81,,
0x004b1595,FillBufferWithSound,CStreamingOggSound,0x16e10,0x416e10,0.5157,19.81,,
0x004dd1b9,DisplayMessage,Global,0x3d6370,0x7d6370,0.5661,19.81,0x433372,0.5152
0x0050ac28,AIBuild_ConstructionEnd,Global,0x290570,0x690570,0.5241,19.81,0x2905d0,0.5241
0x004869c7,AddVelocity,GameObject,0xa75b0,0x4a75b0,0.5511,19.79,,
0x004a32c5,Get,ParameterDB,0x189fe0,0x589fe0,0.6165,19.77,0x18a050,0.6165
0x004701c2,ChangesState,WingmanProcess,0x213a40,0x613a40,0.7234,19.75,0x1833a0,0.5380
0x0051b5d6,Planning_Status_Reset,Scheduler,0x2a7e90,0x6a7e90,1.0000,19.75,0x18760,0.7869
0x0048186d,FindGASObject,Global,0x44f20,0x444f20,0.7700,19.68,0x22c100,0.7118
0x004a3245,Get,ParameterDB,0x189fe0,0x589fe0,0.6478,19.67,0x18a050,0.6478
0x004a3285,Get,ParameterDB,0x189fe0,0x589fe0,0.6478,19.67,0x18a050,0.6478
0x004955d5,CanCommand,GameObject,0xdbc80,0x4dbc80,0.6042,19.61,,
0x0052504c,GetINIString,Global,0x387ac0,0x787ac0,0.5706,19.53,0x387b60,0.5706
0x005b9d0b,lua_getlocal,Global,0x42e12e,0x82e12e,0.6721,19.52,,
0x004ab9c6,UnPackTempState,Producer,0x1afa70,0x5afa70,0.5176,19.51,0x70e90,0.5039
0x00516c10,tlog_cbc,Global,0x2a6090,0x6a6090,0.9001,19.51,0x2a6030,0.9001
0x00516c50,tlog_gdm,Global,0x2a6090,0x6a6090,0.9001,19.51,0x2a6030,0.9001
0x00516c93,tlog_ild,Global,0x2a6090,0x6a6090,0.9001,19.51,0x2a6030,0.9001
0x00516cd6,tlog_wbp,Global,0x2a6090,0x6a6090,0.9001,19.51,0x2a6030,0.9001
0x004841fc,MCNukeItem,Global,0x81ec0,0x481ec0,0.8150,19.50,,
0x004afd72,Simulate,ScrapField,0x1c6940,0x5c6940,0.7199,19.45,,
0x005c6147,luaK_codeABx,Global,0x43c5ff,0x83c5ff,1.0000,19.43,0x43c5d2,0.9011
0x0045edd2,IsCraft,Global,0x1c86c0,0x5c86c0,0.6722,19.40,0x1c8660,0.6722
0x0045edf9,IsBuilding,Global,0x1c86c0,0x5c86c0,0.6722,19.40,0x1c8660,0.6722
0x0054f32d,PauseKeyToggle,Global,0x421050,0x821050,0.5744,19.38,,
0x005b6262,lua_pushinteger,Global,0x42ccca,0x82ccca,1.0000,19.37,0x42cd45,0.7433
0x004788ba,FindI76Instance,Global,0x218b70,0x618b70,1.0000,19.33,0x42c0b0,0.8158
0x0044426b,AddObject,Misns4Mission,0x119a60,0x519a60,0.7135,19.29,0x1e7f50,0.7135
0x0044f3e0,"~Heap_Class<Strip_*,float>","Heap_Class<Strip_*,float>",0x192410,0x592410,1.0000,19.29,0x2c8db0,0.6436
0x00450080,~StripHeap,StripHeap,0x192410,0x592410,1.0000,19.29,0x2c8db0,0.6436
0x004c39ef,CleanupBuildItem,Global,0x9f880,0x49f880,0.6615,19.28,0x44540,0.5819
0x00414f19,InitAttack,GunTowerProcess,0xe8ab0,0x4e8ab0,0.5677,19.24,0x1f7710,0.5677
0x00467871,InitAttack,TurretTankProcess,0xe8ab0,0x4e8ab0,0.5677,19.24,0x1f7710,0.5677
0x005b973a,luaC_callGCTM,Global,0x43004c,0x83004c,1.0000,19.24,0x3cf2f0,0.5674
0x0040bd01,APCAttack,APCAttack,0x188970,0x588970,0.5474,19.23,0x1b7080,0.5345
0x004168c5,DebugPrint,Global,0x41e710,0x81e710,0.5934,19.22,0x3d6c70,0.5325
0x0046440b,Setup,Tran03Mission,0x15e150,0x55e150,0.9771,19.20,0x138fc0,0.8198
0x00495603,SetCommand,GameObject,0xdbce0,0x4dbce0,0.8537,19.17,0xdbf90,0.8128
0x00483739,InitCache,Global,0xc8250,0x4c8250,0.6104,19.16,0x188bd0,0.6104
0x004acdea,Save,Recycler,0x1b2f00,0x5b2f00,0.7736,19.13,0x1d3ef0,0.7736
0x004b0849,Save,ScrapSilo,0x1b2f00,0x5b2f00,0.7736,19.13,0x1d3ef0,0.7736
0x004e25dd,NetPlayer,NetPlayer,0x1491b0,0x5491b0,0.6494,19.11,0x15cf50,0.6068
0x005b8304,luaD_rawrunprotected,Global,0x42f4cb,0x82f4cb,0.7683,19.09,,
0x004b1162,Cleanup,SpawnBuoy,0x1d8b10,0x5d8b10,0.7082,19.06,,
0x00543b3c,releaseTexture,Global,0x3cf50,0x43cf50,0.6067,19.06,0x1fca00,0.6556
0x004d30d9,DeleteEntity,OverView,0x187750,0x587750,1.0000,19.05,0x1ddd50,0.9497
0x0041bb2e,DotProduct,Global,0x100cd0,0x500cd0,0.5853,19.04,0x100d50,0.5853
0x00539ba8,SniperShellClass,SniperShellClass,0x1d6b00,0x5d6b00,0.5049,19.04,,
0x00453730,FreePath,Global,0x190b90,0x590b90,0.6730,19.01,,
0x0053bec4,Activate,TerrainExpose,0x1e1da0,0x5e1da0,0.6634,18.99,0x1e1cd0,0.6634
0x0053bf2c,Deactivate,TerrainExpose,0x1e1da0,0x5e1da0,0.6634,18.99,0x1e1cd0,0.6634
0x0044e840,Clean,ContainerNeighbor,0x18c220,0x58c220,1.0000,18.98,0xafe80,0.7477
0x0051691d,AISchedule_SwitchAIP,Global,0x290150,0x690150,1.0000,18.98,0x2a3840,1.0000
0x0040c5e7,CanBuild,Producer,0x738b0,0x4738b0,0.7166,18.97,0x723d0,0.6364
0x004821e8,ShellStopGASEvent,Global,0x22c100,0x62c100,0.5997,18.96,0x44f20,0.6487
0x0040b7ca,GetForces,AOI,0x6f600,0x46f600,1.0000,18.89,,
0x005b7723,luaL_checknumber,Global,0x42ba1c,0x82ba1c,0.7377,18.89,0x42ba89,0.6266
0x00401ac9,PostLoadMission,AiMission,0x5d4f0,0x45d4f0,0.6512,18.88,,
0x00467574,InitState,TurretBlastAttack,0x1f7c70,0x5f7c70,0.8164,18.88,0x431758,0.5310
0x005086ed,AI_AIPClose,Global,0x2903c0,0x6903c0,0.5312,18.87,,
0x0053a21d,Trigger,SpecialItem,0x1d9880,0x5d9880,0.5973,18.86,,
0x005b76a3,luaL_checklstring,Global,0x42ba59,0x82ba59,1.0000,18.81,,
0x0046b243,UnitTask,UnitTask,0x1552b0,0x5552b0,0.6214,18.80,0x14f8a0,0.6117
0x005b7b06,freestack,Global,0x42d63f,0x82d63f,1.0000,18.80,,
0x00496361,GameObject_GetEuler,Global,0x27a870,0x67a870,0.5942,18.79,,
0x00532cd9,Ordnance_GetEuler,Global,0x27a870,0x67a870,0.5942,18.79,,
0x005c3591,str_checkname,Global,0x43b57b,0x83b57b,1.0000,18.78,0x3d540,0.8509
0x004afb2c,PreLoad,ScrapFieldFeature,0x9c390,0x49c390,0.8595,18.75,0x1ba190,0.8545
0x0049fde6,Ogg_read_func,Global,0x3e790,0x43e790,0.6152,18.73,,
0x005129db,IParse_Get_Runtime_Char,Global,0x29ce40,0x69ce40,0.6571,18.72,0x29cef0,0.6571
0x00473645,ZeroVector,Global,0x42850,0x442850,0.7131,18.71,,
0x0047a692,Get_Chase_Quaternion,Global,0x4b810,0x44b810,0.6670,18.68,0x44b00,0.6461
0x00495bdc,PostLoad,GameObject,0xdce20,0x4dce20,0.9765,18.68,0x1f9a30,0.6512
0x004be507,PostRun,ChunkEffect,0x91770,0x491770,0.5875,18.68,,
0x005483df,in_prep,Global,0xce0b0,0x4ce0b0,0.7089,18.68,,
0x0040c600,IsBusy,Producer,0x723d0,0x4723d0,0.6478,18.67,0x738b0,0.6678
0x00484d5b,Init,CommTower,0x9ba40,0x49ba40,0.7168,18.67,0x9ba90,0.5351
0x00473688,FirstCollidable,Global,0x435f0,0x4435f0,0.7218,18.66,,
0x0047db61,Cleanup,APC,0xdb780,0x4db780,0.6775,18.66,0x198340,0.5011
0x00482a16,Cleanup,Building,0xdb780,0x4db780,0.6775,18.66,0x198340,0.5011
0x00485e3d,Cleanup,Craft,0xdb780,0x4db780,0.6775,18.66,0x198340,0.5011
0x00495371,Cleanup,GameObject,0xdb780,0x4db780,0.6775,18.66,0x198340,0.5011
0x004a532d,Cleanup,Person,0xdb780,0x4db780,0.6775,18.66,0x198340,0.5011
0x004a8b7a,Cleanup,PowerUp,0xdb780,0x4db780,0.6775,18.66,0x198340,0.5011
0x0051bd7b,Squad_Remove_Unit,Global,0x2a8b30,0x6a8b30,0.6672,18.66,,
0x0040b969,AOI,AOI,0x6f190,0x46f190,0.7019,18.65,0x407150,0.5094
0x00521736,GetTerrainExtents,Global,0x383590,0x783590,1.0000,18.65,,
0x004cd00d,EditTerrain_Enter,Global,0xc82d0,0x4c82d0,0.9614,18.60,,
0x0051424e,Is_Satisfied,Mapgrid_Goal,0x29ddd0,0x69ddd0,0.7043,18.57,0xae2b0,0.5592
0x005c65e2,luaK_exp2val,Global,0x43c835,0x83c835,0.8997,18.57,0x23b90,0.6468
0x004191b9,PackDouble,Global,0x105590,0x505590,0.6802,18.54,0x1055e0,0.6317
0x00512c81,IParse_Get_Runtime_Char_Field,Global,0x29cef0,0x69cef0,0.6791,18.54,0x29ce40,0.6791
0x00468cd7,InitState,UnitProcess,0x1fa7c0,0x5fa7c0,0.5652,18.53,0x1fa940,0.5652
0x00468d8b,CleanState,UnitProcess,0x1fa7c0,0x5fa7c0,0.5652,18.53,0x1fa940,0.5652
0x00405fce,_Node,"std::_Tree_nod<std::_Tmap_traits<GameObject_*,Area,std::less<GameObject_*>,std::allocator<std::pair<GameObject_*_const,Area>_>,0>_>::_Node",0x2f69d0,0x6f69d0,0.5696,18.52,0xdbaf0,0.5386
0x00475319,InitEuler,Global,0x2aa230,0x6aa230,0.9848,18.50,0x42d824,0.6801
0x00484d8e,Cleanup,CommTower,0x9ba90,0x49ba90,0.7305,18.50,0x9ba40,0.5307
0x0053bf04,Update,TerrainExpose,0x1e1d50,0x5e1d50,0.7036,18.49,0x1e1cd0,0.5439
0x0059be40,_fseek64_wrap,Global,0x17a10,0x417a10,1.0000,18.48,0x162e0,0.7508
0x005b5fab,lua_rawequal,Global,0x42ce29,0x82ce29,0.6655,18.46,0x42ca18,0.5988
0x0050eb36,Is_Satisfied,Escort_Goal,0x297420,0x697420,0.5430,18.41,0x29ddd0,0.5078
0x004ed399,Pointer_Ordering,Global,0x22dc80,0x62dc80,0.9701,18.37,,
0x00467642,Load,TurretAttack,0xa73a0,0x4a73a0,0.6494,18.34,,
0x004b4078,SetHazard,TurretCraft,0x188970,0x588970,0.5515,18.34,,
0x005506cd,Session,Session,0x2b3480,0x6b3480,0.7213,18.34,0x3049a0,0.5552
0x00404963,AddMultVectors,Global,0x39d00,0x439d00,0.8231,18.31,,
0x0049c5d1,V3DL_AddMult,Global,0x39d00,0x439d00,0.8231,18.31,,
0x0048a653,"pair<std::list<std::pair<unsigned_long_const_,unsigned_long>,std::allocator<std::pair<unsigned_long_const_,unsigned_long>_>_>::_Iterator<1>,std::list<std::pair<unsigned_long_const_,unsigned_long>,std::allocator<std::pair<unsigned_long_const_,unsigned_long>_>_>::_Iterator<1>_>","std::pair<std::list<std::pair<unsigned_long_const_,unsigned_long>,std::allocator<std::pair<unsigned_long_const_,unsigned_long>_>_>::_Iterator<1>,std::list<std::pair<unsigned_long_const_,unsigned_long>,std::allocator<std::pair<unsigned_long_const_,unsigned_long>_>_>::_Iterator<1>_>",0x3080b0,0x7080b0,0.8915,18.30,0x311890,0.8419
0x0048a7e8,"pair<std::_Tree<std::_Tmap_traits<unsigned_long,DistributedObject_*,std::less<unsigned_long>,std::allocator<std::pair<unsigned_long_const_,DistributedObject_*>_>,0>_>::iterator,std::_Tree<std::_Tmap_traits<unsigned_long,DistributedObject_*,std::less<unsigned_long>,std::allocator<std::pair<unsigned_long_const_,DistributedObject_*>_>,0>_>::iterator>","std::pair<std::_Tree<std::_Tmap_traits<unsigned_long,DistributedObject_*,std::less<unsigned_long>,std::allocator<std::pair<unsigned_long_const_,DistributedObject_*>_>,0>_>::iterator,std::_Tree<std::_Tmap_traits<unsigned_long,DistributedObject_*,std::less<unsigned_long>,std::allocator<std::pair<unsigned_long_const_,DistributedObject_*>_>,0>_>::iterator>",0x3080b0,0x7080b0,0.8915,18.30,0x311890,0.8419
0x004e1066,"pair<std::_Tree<std::_Tmap_traits<unsigned_short,NetPlayer_*,std::less<unsigned_short>,std::allocator<std::pair<unsigned_short_const_,NetPlayer_*>_>,0>_>::iterator,std::_Tree<std::_Tmap_traits<unsigned_short,NetPlayer_*,std::less<unsigned_short>,std::allocator<std::pair<unsigned_short_const_,NetPlayer_*>_>,0>_>::iterator>","std::pair<std::_Tree<std::_Tmap_traits<unsigned_short,NetPlayer_*,std::less<unsigned_short>,std::allocator<std::pair<unsigned_short_const_,NetPlayer_*>_>,0>_>::iterator,std::_Tree<std::_Tmap_traits<unsigned_short,NetPlayer_*,std::less<unsigned_short>,std::allocator<std::pair<unsigned_short_const_,NetPlayer_*>_>,0>_>::iterator>",0x3080b0,0x7080b0,0.8915,18.30,0x311890,0.8419
0x00532fc3,"pair<std::_Tree<std::_Tmap_traits<std::pair<unsigned_short,unsigned_short>,Ordnance_*,std::less<std::pair<unsigned_short,unsigned_short>_>,std::allocator<std::pair<std::pair<unsigned_short,unsigned_short>_const_,Ordnance_*>_>,0>_>::iterator,std::_Tree<std::_Tmap_traits<std::pair<unsigned_short,unsigned_short>,Ordnance_*,std::less<std::pair<unsigned_short,unsigned_short>_>,std::allocator<std::pair<std::pair<unsigned_short,unsigned_short>_const_,Ordnance_*>_>,0>_>::iterator>","std::pair<std::_Tree<std::_Tmap_traits<std::pair<unsigned_short,unsigned_short>,Ordnance_*,std::less<std::pair<unsigned_short,unsigned_short>_>,std::allocator<std::pair<std::pair<unsigned_short,unsigned_short>_const_,Ordnance_*>_>,0>_>::iterator,std::_Tree<std::_Tmap_traits<std::pair<unsigned_short,unsigned_short>,Ordnance_*,std::less<std::pair<unsigned_short,unsigned_short>_>,std::allocator<std::pair<std::pair<unsigned_short,unsigned_short>_const_,Ordnance_*>_>,0>_>::iterator>",0x3080b0,0x7080b0,0.8915,18.30,0x311890,0.8419
0x004acd82,Simulate,Recycler,0x1b2e50,0x5b2e50,0.8111,18.28,0x22c240,0.6183
0x0046658c,CleanState,TugProcess,0x1eec50,0x5eec50,0.6376,18.27,0x1fca00,0.6426
0x005be51e,luaX_next,Global,0x438ffd,0x838ffd,0.5807,18.25,0x425430,0.5236
0x0041322c,Load,GotoGeyser,0xe4a50,0x4e4a50,0.6309,18.22,0xa73a0,0.5141
0x0045e1be,Clear,ExpandingArray<_loaded_aip>,0x2a8fe0,0x6a8fe0,0.9680,18.22,0x192490,0.9680
0x004609d4,~ExpandingArray<_loaded_aip>,ExpandingArray<_loaded_aip>,0x2a8fe0,0x6a8fe0,0.9680,18.22,0x192490,0.9680
0x0051bf64,Clean_Up,matrix<unsigned_char>,0x2a8fe0,0x6a8fe0,0.9680,18.22,0x192490,0.9680
0x0051bf97,~matrix<unsigned_char>,matrix<unsigned_char>,0x2a8fe0,0x6a8fe0,0.9680,18.22,0x192490,0.9680
0x005c6071,luaK_fixline,Global,0x43c857,0x83c857,1.0000,18.22,,
0x00458ab9,RecyclerProcess,RecyclerProcess,0x1b31c0,0x5b31c0,0.7539,18.21,0x1f9350,0.7096
0x0045cc1e,Init_Escorts,ScavengerProcess,0x1c3fd0,0x5c3fd0,0.8107,18.20,,
0x0040eca2,PostLoad,AttackTask,0x78140,0x478140,0.6599,18.13,,
0x0052611b,Process_SGEO_Chunk,Global,0x1ce280,0x5ce280,0.5799,18.13,0x425da0,0.5177
0x00460236,Dropoff,Global,0x1cc5f0,0x5cc5f0,0.6804,18.11,0x1cb790,0.6595
0x004e0a74,AddHist,NetPlayer,0x176280,0x576280,0.5387,18.11,,
0x004ecd7f,obj_find_gameflag,Global,0x22e250,0x62e250,0.5115,18.11,,
0x005c2ab2,luaB_type,Global,0x433a3c,0x833a3c,1.0000,18.10,,
0x0053e003,GetLeadPosition,Weapon,0x188970,0x588970,0.6707,18.09,0x1b7080,0.6092
0x0054ecbe,CloseMemoryMapFile,Global,0x3388e0,0x7388e0,0.6556,18.07,0x306cf0,0.6556
0x005c34fb,testnext,Global,0x43b6c3,0x83b6c3,1.0000,18.06,0x43caac,0.5005
0x004b0717,Cleanup,ScrapSilo,0x1d3d00,0x5d3d00,0.7106,18.05,0x1b2f70,0.5649
0x004d336d,PostLoad,OverView,0x187600,0x587600,0.5067,18.05,0x42dd72,0.5241
0x004998ca,GetProtoList,GameObjectClass,0x3d6ec0,0x7d6ec0,0.8096,18.03,0x2abd00,0.8096
0x00526f28,GetNextSubChunk,Global,0x426100,0x826100,0.6136,18.03,,
0x0052eed4,GetProtoList,ExplosionClass,0x3d6ec0,0x7d6ec0,0.8096,18.03,0x2abd00,0.8096
0x0053550d,GetProtoList,OrdnanceClass,0x3d6ec0,0x7d6ec0,0.8096,18.03,0x2abd00,0.8096
0x0053ef11,GetProtoList,WeaponClass,0x3d6ec0,0x7d6ec0,0.8096,18.03,0x2abd00,0.8096
0x0045ef41,SetTarget,Global,0x1c88e0,0x5c88e0,0.8892,17.97,0x3d0f60,0.7308
0x0045ef8e,SetOwner,Global,0x1c88e0,0x5c88e0,0.8892,17.97,0x3d0f60,0.7308
0x005bc213,arrayindex,Global,0x430c5b,0x830c5b,0.6978,17.96,,
0x005bceb1,luaF_newCclosure,Global,0x42fb61,0x82fb61,0.6908,17.96,,
0x00456f61,Try_New_Patrol,PatrolTask,0x188970,0x588970,0.5391,17.94,,
0x004ee0c7,Spinner_RegClsn,Global,0x22f330,0x62f330,0.7808,17.92,0x429d0,0.5495
0x004b2f72,Tug,Tug,0x1ec220,0x5ec220,0.5495,17.91,0x1c1d90,0.5497
0x0050ec4b,Compute_Raw_Priority,Escort_Goal,0x2976a0,0x6976a0,0.5569,17.90,,
0x005b6ff2,luaL_prepbuffer,Global,0x42c2ac,0x82c2ac,1.0000,17.90,0x433fb5,0.8356
0x0045a075,UnloadScrap,Scavenger,0x1b50a0,0x5b50a0,0.9845,17.89,0x192600,0.5402
0x005108ce,Goal,Goal,0x2a7e90,0x6a7e90,0.9785,17.86,0x298b40,0.7452
0x0047dc12,FullSoldiers,APC,0x6ff40,0x46ff40,1.0000,17.84,,
0x00458af5,Init,RecyclerProcess,0x1b32e0,0x5b32e0,0.6794,17.83,0x1da1e0,0.5115
0x0052acb9,BoltClass,BoltClass,0x7c790,0x47c790,0.7476,17.83,0x79f50,0.7364
0x005b6249,lua_pushnumber,Global,0x42cced,0x82cced,1.0000,17.82,0x42cd58,1.0000
0x005b63e7,lua_pushlightuserdata,Global,0x42cced,0x82cced,1.0000,17.82,0x42cd58,1.0000
0x00460f1d,GetNearestObject,Global,0x1c9ec0,0x5c9ec0,0.6545,17.80,0x1c9ac0,0.6545
0x00461091,GetNearestVehicle,Global,0x1c9ec0,0x5c9ec0,0.6545,17.80,0x1c9ac0,0.6545
0x00461205,GetNearestBuilding,Global,0x1c9ec0,0x5c9ec0,0.6545,17.80,0x1c9ac0,0.6545
0x0050c7e9,AIBuild_PriorityLevelNodeIs,Global,0x2934e0,0x6934e0,0.5242,17.80,,
0x0051c239,Team_ChangeCredits,Global,0x2a90a0,0x6a90a0,0.6878,17.79,,
0x00416727,SetTimerUp,CockpitTimer,0xff080,0x4ff080,0.8109,17.78,0xf6a10,0.5872
0x005b74cd,luaL_newstate,Global,0x42c0b0,0x82c0b0,1.0000,17.78,0x218b70,0.8158
0x004adbbd,SetVisibility,GameObject,0x1c17c0,0x5c17c0,0.8933,17.77,0x1a3870,0.8590
0x004b3066,RegCollision,Tug,0x1ec9f0,0x5ec9f0,0.5469,17.76,,
0x0041793d,SetUp,Global,0x1704a0,0x5704a0,1.0000,17.74,0x4b7d0,1.0000
0x004179d4,SetFront,Global,0x1704a0,0x5704a0,1.0000,17.74,0x4b7d0,1.0000
0x0048632e,V3DL_SetPosition,Global,0x1704a0,0x5704a0,1.0000,17.74,0x4b7d0,1.0000
0x004ca021,SetTarget,EditTerrain,0x1704a0,0x5704a0,1.0000,17.74,0x4b7d0,1.0000
0x004dd347,SetStartLocation,Net,0x1704a0,0x5704a0,1.0000,17.74,0x4b7d0,1.0000
0x005c2ec7,luaB_xpcall,Global,0x433d56,0x833d56,0.7796,17.74,,
0x004bd907,giddi_reset,Global,0x72c10,0x472c10,0.5317,17.73,0x1833a0,0.5139
0x005bd262,luaZ_init,Global,0x42ec62,0x82ec62,1.0000,17.73,0x23660,0.8675
0x005c90c0,oggpack_readinit,Global,0x42ec62,0x82ec62,1.0000,17.73,0x23660,0.8675
0x005b5f8a,lua_isuserdata,Global,0x42d465,0x82d465,0.7188,17.67,0x42d414,0.6397
0x0056ff6a,movie_close,AnimButton,0x198340,0x598340,0.7366,17.56,0x201200,0.7366
0x00571550,clean_bitmap_dialog,Global,0x285410,0x685410,0.6667,17.55,,
0x005c9060,oggpack_writeclear,Global,0x5b9c0,0x45b9c0,0.8360,17.53,0xdbc00,0.8121
0x004049d2,RightVector,Global,0xfef60,0x4fef60,1.0000,17.52,0x3d7110,0.8650
0x00417989,SetRight,Global,0xfef60,0x4fef60,1.0000,17.52,0x3d7110,0.8650
0x00529f12,BeamClass,BeamClass,0x79f50,0x479f50,0.7430,17.51,0x7c790,0.7363
0x004c4889,SetCommand,ControlPanel,0xa71e0,0x4a71e0,0.8006,17.50,,
0x0046014f,Dropoff,Global,0x1cd1d0,0x5cd1d0,0.5032,17.49,,
0x00490348,~CSoundManager,CSoundManager,0x4dca0,0x44dca0,0.8183,17.49,0x49c60,0.8183
0x00520002,GetTextureIndexColor,Global,0x380fd0,0x780fd0,0.8853,17.49,,
0x0045afff,InitGotoScrap,RecycleTask,0x1b69e0,0x5b69e0,0.5089,17.47,0x1fc950,0.5089
0x00469304,InitRecycle,UnitProcess,0x1b69e0,0x5b69e0,0.5089,17.47,0x1fc950,0.5089
0x004ddf34,Net_SetParams,Global,0x2b3480,0x6b3480,0.7190,17.47,0x27a800,0.6994
0x00414c49,Pseudo_Rand,Global,0x464c0,0x4464c0,1.0000,17.46,,
0x005b7dff,luaL_openlibs,Global,0x42d51d,0x82d51d,0.6794,17.45,,
0x005c5d34,freeexp,Global,0x43c3b1,0x83c3b1,1.0000,17.44,0x357f60,0.7023
0x00419177,PackShort,Global,0x105540,0x505540,0.6910,17.42,0x1054f0,0.5468
0x00419199,PackInt,Global,0x105590,0x505590,0.6910,17.42,0x1055e0,0.5826
0x0045e004,GetAIControl,Global,0x1cb2a0,0x5cb2a0,1.0000,17.42,,
0x005c6257,luaK_jump,Global,0x43c9bd,0x83c9bd,1.0000,17.42,,
0x00546a4f,crc32logprintf,Global,0x433372,0x833372,0.5740,17.41,,
0x00465d53,TugProcess,TugProcess,0x1edab0,0x5edab0,0.8415,17.37,0x111c50,0.7479
0x004905b9,GetBuffer,CSound,0x39610,0x439610,0.6871,17.32,,
0x00481ee5,StopGAS,Global,0x3cf50,0x43cf50,0.5001,17.30,,
0x004e8710,Graphic_Buffer_Get_Pane,Global,0x288340,0x688340,0.8833,17.30,0xc9850,0.8833
0x0052dc50,GetDamage,Explosion,0x288340,0x688340,0.8833,17.30,0xc9850,0.8833
0x005c2bb6,load_aux,Global,0x434371,0x834371,1.0000,17.29,,
0x0044e930,CleanStrip,Global,0x18c930,0x58c930,0.8154,17.28,0xb1ec0,0.7469
0x00469cfb,InitFollow,UnitProcess,0x1fba40,0x5fba40,0.5050,17.28,0x1fb8d0,0.5073
0x00482be8,Building,Building,0x7e9c0,0x47e9c0,0.5778,17.27,,
0x004049eb,GetPositionV,Global,0x39de0,0x439de0,0.8097,17.26,0x62160,0.6881
0x004ecdb6,get_obj_loc,Global,0x39de0,0x439de0,0.8097,17.26,0x62160,0.6881
0x004f0606,Camera_Get_Position,Global,0x39de0,0x439de0,0.8097,17.26,0x62160,0.6881
0x004685e2,GetUnitMsg,Global,0x1f8fb0,0x5f8fb0,0.5712,17.22,,
0x005c3340,luaB_corunning,Global,0x433fb5,0x833fb5,1.0000,17.20,0x42c2ac,0.8356
0x00549aa8,Addr,Addr,0xcc620,0x4cc620,0.5024,17.18,,
0x0040c631,ArmoryProcess,ArmoryProcess,0x73960,0x473960,0.7781,17.17,0x1b31c0,0.7402
0x0048c21b,"_Uninit_fill_n<stdext::_Hash<stdext::_Hmap_traits<unsigned_long,unsigned_long,stdext::hash_compare<unsigned_long,std::less<unsigned_long>_>,std::allocator<std::pair<unsigned_long_const_,unsigned_long>_>,0>_>::_List_position_*,unsigned_int,stdext::_Hash<stdext::_Hmap_traits<unsigned_long,unsigned_long,stdext::hash_compare<unsigned_long,std::less<unsigned_long>_>,std::allocator<std::pair<unsigned_long_const_,unsigned_long>_>,0>_>::_List_position,std::allocator<stdext::_Hash<stdext::_Hmap_traits<unsigned_long,unsigned_long,stdext::hash_compare<unsigned_long,std::less<unsigned_long>_>,std::allocator<std::pair<unsigned_long_const_,unsigned_long>_>,0>_>::_List_position>_>",std,0x3cf350,0x7cf350,0.8024,17.16,0x969c0,0.8024
0x0048c23c,"_Uninit_fill_n<stdext::_Hash<stdext::_Hmap_traits<unsigned_long,float,stdext::hash_compare<unsigned_long,std::less<unsigned_long>_>,std::allocator<std::pair<unsigned_long_const_,float>_>,0>_>::_List_position_*,unsigned_int,stdext::_Hash<stdext::_Hmap_traits<unsigned_long,float,stdext::hash_compare<unsigned_long,std::less<unsigned_long>_>,std::allocator<std::pair<unsigned_long_const_,float>_>,0>_>::_List_position,std::allocator<stdext::_Hash<stdext::_Hmap_traits<unsigned_long,float,stdext::hash_compare<unsigned_long,std::less<unsigned_long>_>,std::allocator<std::pair<unsigned_long_const_,float>_>,0>_>::_List_position>_>",std,0x3cf350,0x7cf350,0.8024,17.16,0x969c0,0.8024
0x004a202d,"_Uninit_fill_n<stdext::_Hash<stdext::_Hmap_traits<unsigned_int,ParameterDB::FileData_*,stdext::hash_compare<unsigned_int,std::less<unsigned_int>_>,std::allocator<std::pair<unsigned_int_const_,ParameterDB::FileData_*>_>,0>_>::_List_position_*,unsigned_int,stdext::_Hash<stdext::_Hmap_traits<unsigned_int,ParameterDB::FileData_*,stdext::hash_compare<unsigned_int,std::less<unsigned_int>_>,std::allocator<std::pair<unsigned_int_const_,ParameterDB::FileData_*>_>,0>_>::_List_position,std::allocator<stdext::_Hash<stdext::_Hmap_traits<unsigned_int,ParameterDB::FileData_*,stdext::hash_compare<unsigned_int,std::less<unsigned_int>_>,std::allocator<std::pair<unsigned_int_const_,ParameterDB::FileData_*>_>,0>_>::_List_position>_>",std,0x3cf350,0x7cf350,0.8024,17.16,0x969c0,0.8024
0x004a2076,"_Uninit_fill_n<stdext::_Hash<stdext::_Hmap_traits<unsigned_int,char_const_*,stdext::hash_compare<unsigned_int,std::less<unsigned_int>_>,std::allocator<std::pair<unsigned_int_const_,char_const_*>_>,0>_>::_List_position_*,unsigned_int,stdext::_Hash<stdext::_Hmap_traits<unsigned_int,char_const_*,stdext::hash_compare<unsigned_int,std::less<unsigned_int>_>,std::allocator<std::pair<unsigned_int_const_,char_const_*>_>,0>_>::_List_position,std::allocator<stdext::_Hash<stdext::_Hmap_traits<unsigned_int,char_const_*,stdext::hash_compare<unsigned_int,std::less<unsigned_int>_>,std::allocator<std::pair<unsigned_int_const_,char_const_*>_>,0>_>::_List_position>_>",std,0x3cf350,0x7cf350,0.8024,17.16,0x969c0,0.8024
0x004a2097,"_Uninit_fill_n<stdext::_Hash<stdext::_Hmap_traits<unsigned_int,stdext::hash_map<unsigned_int,char_const_*,stdext::hash_compare<unsigned_int,std::less<unsigned_int>_>,std::allocator<std::pair<unsigned_int_const_,char_const_*>_>_>,stdext::hash_compare<unsigned_int,std::less<unsigned_int>_>,std::allocator<std::pair<unsigned_int_const_,stdext::hash_map<unsigned_int,char_const_*,stdext::hash_compare<unsigned_int,std::less<unsigned_int>_>,std::allocator<std::pair<unsigned_int_const_,char_const_*>_>_>_>_>,0>_>::_List_position_*,unsigned_int,stdext::_Hash<stdext::_Hmap_traits<unsigned_int,stdext::hash_map<unsigned_int,char_const_*,stdext::hash_compare<unsigned_int,std::less<unsigned_int>_>,std::allocator<std::pair<unsigned_int_const_,char_const_*>_>_>,stdext::hash_compare<unsigned_int,std::less<unsigned_int>_>,std::allocator<std::pair<unsigned_int_const_,stdext::hash_map<unsigned_int,char_const_*,stdext::hash_compare<unsigned_int,std::less<unsigned_int>_>,std::allocator<std::pair<unsigned_int_const_,char_const_*>_>_>_>_>,0>_>::_List_position,std::allocator<stdext::_Hash<stdext::_Hmap_traits<unsigned_int,stdext::hash_map<unsigned_int,char_const_*,stdext::hash_compare<unsigned_int,std::less<unsigned_int>_>,std::allocator<std::pair<unsigned_int_const_,char_const_*>_>_>,stdext::hash_compare<unsigned_int,std::less<unsigned_int>_>,std::allocator<std::pair<unsigned_int_const_,stdext::hash_map<unsigned_int,char_const_*,stdext::hash_compare<unsigned_int,std::less<unsigned_int>_>,std::allocator<std::pair<unsigned_int_const_,char_const_*>_>_>_>_>,0>_>::_List_position>_>",std,0x3cf350,0x7cf350,0.8024,17.16,0x969c0,0.8024
0x004c019b,"_Uninit_fill_n<RadarItem_*,unsigned_int,RadarItem,std::allocator<RadarItem>_>",std,0x3cf350,0x7cf350,0.8024,17.16,0x969c0,0.8024
0x00518b75,"_Uninit_fill_n<GridPoint_*,unsigned_int,GridPoint,std::allocator<GridPoint>_>",std,0x3cf350,0x7cf350,0.8024,17.16,0x969c0,0.8024
0x004d5326,SetEditPath,PathDisplay,0x199670,0x599670,0.6515,17.14,0x175810,0.6084
0x00419159,PackChar,Global,0x1054f0,0x5054f0,0.6250,17.11,,
0x0049f9cf,Minelayer,Minelayer,0x54020,0x454020,0.8471,17.11,0x49f60,0.6536
0x0047e7eb,CanSendReload,Armory,0x72680,0x472680,0.5307,17.10,0x72700,0.5307
0x0047e830,CanSendRepair,Armory,0x72680,0x472680,0.5307,17.10,0x72700,0.5307
0x005c85b0,ogg_sync_init,Global,0x349d0,0x4349d0,0.8954,17.09,0x223a50,0.5454
0x0045cea6,PostLoad,ScavengerProcess,0x1c36b0,0x5c36b0,0.5391,17.07,,
0x00482a9c,PackTempState,Building,0x7fa00,0x47fa00,0.9834,17.04,0x7fa50,0.6143
0x00486b0b,Init,Craft,0xa84b0,0x4a84b0,0.5082,17.02,,
0x0050dc9c,AIP_Delete,Global,0x2947c0,0x6947c0,0.7702,16.99,,
0x00485280,FindFloor,Global,0x2ba840,0x6ba840,0.6040,16.95,0x2b37f0,0.5733
0x0045fb7a,SetIndependence,Global,0x2835e0,0x6835e0,0.7053,16.93,0x1caf20,0.5732
0x00407c68,DistToOffBlocked,Global,0x2f69d0,0x6f69d0,0.5284,16.92,0x22f2d0,0.5348
0x00407ca3,DistToOnBlocked,Global,0x2f69d0,0x6f69d0,0.5284,16.92,0x22f2d0,0.5348
0x004952fa,SetTeam,GameObject,0xdb4b0,0x4db4b0,0.9719,16.92,,
0x005c09cb,gmatch,Global,0x4351fa,0x8351fa,1.0000,16.89,0x43393d,0.5892
0x004bc18f,joystick_scale,Global,0x221b50,0x621b50,0.6338,16.82,,
0x0052dae7,Explosion_Delete,Global,0x2ac390,0x6ac390,1.0000,16.82,0x267000,1.0000
0x00532ca6,Ordnance_Delete,Global,0x2ac390,0x6ac390,1.0000,16.82,0x267000,1.0000
0x0053df49,Weapon_Delete,Global,0x2ac390,0x6ac390,1.0000,16.82,0x267000,1.0000
0x004748ea,ClearCollisionType,Global,0x43a00,0x443a00,1.0000,16.79,0x346610,0.8077
0x0048ed50,DistributedObject,DistributedObject,0xb7950,0x4b7950,0.5807,16.79,0x1491b0,0.6569
0x005c2976,luaB_rawequal,Global,0x4338d4,0x8338d4,1.0000,16.78,,
0x0045b978,IsInTransition,Global,0x1bf8d0,0x5bf8d0,0.5488,16.77,,
0x0048ae80,"_Copy_opt<stdext::_Hash<stdext::_Hmap_traits<unsigned_long,unsigned_long,stdext::hash_compare<unsigned_long,std::less<unsigned_long>_>,std::allocator<std::pair<unsigned_long_const_,unsigned_long>_>,0>_>::_List_position_*,stdext::_Hash<stdext::_Hmap_traits<unsigned_long,unsigned_long,stdext::hash_compare<unsigned_long,std::less<unsigned_long>_>,std::allocator<std::pair<unsigned_long_const_,unsigned_long>_>,0>_>::_List_position_*,std::forward_iterator_tag>",std,0x50100,0x450100,0.7419,16.77,0x2b3480,0.6331
0x0048aea9,"_Copy_opt<stdext::_Hash<stdext::_Hmap_traits<unsigned_long,float,stdext::hash_compare<unsigned_long,std::less<unsigned_long>_>,std::allocator<std::pair<unsigned_long_const_,float>_>,0>_>::_List_position_*,stdext::_Hash<stdext::_Hmap_traits<unsigned_long,float,stdext::hash_compare<unsigned_long,std::less<unsigned_long>_>,std::allocator<std::pair<unsigned_long_const_,float>_>,0>_>::_List_position_*,std::forward_iterator_tag>",std,0x50100,0x450100,0.7419,16.77,0x2b3480,0.6331
0x004a0e4b,"_Copy_opt<stdext::_Hash<stdext::_Hmap_traits<unsigned_int,ParameterDB::FileData_*,stdext::hash_compare<unsigned_int,std::less<unsigned_int>_>,std::allocator<std::pair<unsigned_int_const_,ParameterDB::FileData_*>_>,0>_>::_List_position_*,stdext::_Hash<stdext::_Hmap_traits<unsigned_int,ParameterDB::FileData_*,stdext::hash_compare<unsigned_int,std::less<unsigned_int>_>,std::allocator<std::pair<unsigned_int_const_,ParameterDB::FileData_*>_>,0>_>::_List_position_*,std::forward_iterator_tag>",std,0x50100,0x450100,0.7419,16.77,0x2b3480,0.6331
0x004a0e74,"_Copy_opt<stdext::_Hash<stdext::_Hmap_traits<unsigned_int,stdext::hash_map<unsigned_int,char_const_*,stdext::hash_compare<unsigned_int,std::less<unsigned_int>_>,std::allocator<std::pair<unsigned_int_const_,char_const_*>_>_>,stdext::hash_compare<unsigned_int,std::less<unsigned_int>_>,std::allocator<std::pair<unsigned_int_const_,stdext::hash_map<unsigned_int,char_const_*,stdext::hash_compare<unsigned_int,std::less<unsigned_int>_>,std::allocator<std::pair<unsigned_int_const_,char_const_*>_>_>_>_>,0>_>::_List_position_*,stdext::_Hash<stdext::_Hmap_traits<unsigned_int,stdext::hash_map<unsigned_int,char_const_*,stdext::hash_compare<unsigned_int,std::less<unsigned_int>_>,std::allocator<std::pair<unsigned_int_const_,char_const_*>_>_>,stdext::hash_compare<unsigned_int,std::less<unsigned_int>_>,std::allocator<std::pair<unsigned_int_const_,stdext::hash_map<unsigned_int,char_const_*,stdext::hash_compare<unsigned_int,std::less<unsigned_int>_>,std::allocator<std::pair<unsigned_int_const_,char_const_*>_>_>_>_>,0>_>::_List_position_*,std::forward_iterator_tag>",std,0x50100,0x450100,0.7419,16.77,0x2b3480,0.6331
0x004a0e9d,"_Copy_opt<stdext::_Hash<stdext::_Hmap_traits<unsigned_int,char_const_*,stdext::hash_compare<unsigned_int,std::less<unsigned_int>_>,std::allocator<std::pair<unsigned_int_const_,char_const_*>_>,0>_>::_List_position_*,stdext::_Hash<stdext::_Hmap_traits<unsigned_int,char_const_*,stdext::hash_compare<unsigned_int,std::less<unsigned_int>_>,std::allocator<std::pair<unsigned_int_const_,char_const_*>_>,0>_>::_List_position_*,std::forward_iterator_tag>",std,0x50100,0x450100,0.7419,16.77,0x2b3480,0.6331
0x0047e51f,APCClass,APCClass,0x70fd0,0x470fd0,0.7702,16.74,0x10c140,0.7708
0x0054fbb4,Scroll_DestroyRegion,Global,0x421a40,0x821a40,1.0000,16.72,,
0x00410179,Collision_Create_Range_Search_Structure,Global,0x9b2d0,0x49b2d0,0.5897,16.70,,
0x005c2c17,luaB_loadfile,Global,0x433aea,0x833aea,1.0000,16.70,,
0x00410434,Load,BuildGoto,0xa73a0,0x4a73a0,0.5351,16.68,,
0x00405c53,"pair<GameObject_*_const,Area>","std::pair<GameObject_*_const,Area>",0x2bdeb0,0x6bdeb0,0.8192,16.66,0x40c530,0.6791
0x0056dbe4,fsm_camera_obj_path_pnt,Global,0x421f00,0x821f00,0.7108,16.66,,
0x004e3e53,Font_Print_String_Shadowed,Global,0x227b10,0x627b10,1.0000,16.65,,
0x00512da3,IParse_Get_Runtime_Double_Field,Global,0x29cef0,0x69cef0,0.5864,16.64,0x29ce40,0.5864
0x0045a0d1,RecycleTask,RecycleTask,0x1be1b0,0x5be1b0,0.6746,16.63,0x208b80,0.6978
0x0045a051,LoadScrap,Scavenger,0x1b5060,0x5b5060,0.9829,16.61,,
0x00459de2,CleanGotoScrap,RecycleTask,0x1b4980,0x5b4980,0.7998,16.59,0x75050,0.7998
0x00459e31,CleanGotoRecycler,RecycleTask,0x1b4980,0x5b4980,0.7998,16.59,0x75050,0.7998
0x00459e47,CleanGotoRepair,RecycleTask,0x1b4980,0x5b4980,0.7998,16.59,0x75050,0.7998
0x0045cdcc,CleanRepair,ScavengerProcess,0x1b4980,0x5b4980,0.7998,16.59,0x75050,0.7998
0x00465f6b,CleanRepair,TugProcess,0x1b4980,0x5b4980,0.7998,16.59,0x75050,0.7998
0x00469290,CleanRepair,UnitProcess,0x1b4980,0x5b4980,0.7998,16.59,0x75050,0.7998
0x004692a6,CleanReload,UnitProcess,0x1b4980,0x5b4980,0.7998,16.59,0x75050,0.7998
0x00509fbd,AI_Team_Recruit_Neighbors,Global,0x296b60,0x696b60,1.0000,16.59,,
0x0045dd01,SetTeamNum,Global,0x1cab80,0x5cab80,0.7453,16.57,0x1ce150,0.7874
0x004607cf,AddHealth,Global,0x1cab80,0x5cab80,0.7453,16.57,0x1ce150,0.7874
0x004531d0,MakeNode,Global,0x18d8a0,0x58d8a0,0.7239,16.54,,
0x004575e4,UnSetLocked,GameObject,0x1a38a0,0x5a38a0,0.9714,16.54,0x1e12e0,0.9714
0x004b1ca7,UnAlly,Team,0x1a38a0,0x5a38a0,0.9714,16.54,0x1e12e0,0.9714
0x00526bc6,Process_VDFC_Chunk,Global,0x425da0,0x825da0,0.6199,16.54,0xdbaf0,0.5451
0x005c3512,check,Global,0x439aba,0x839aba,1.0000,16.54,0x326c00,0.5949
0x0054bc1b,GetMachineCaps,Global,0x27a800,0x67a800,0.6990,16.51,0x2b3480,0.6383
0x004803b5,Insert,AudioMessageMgr,0x37dc0,0x437dc0,0.5028,16.49,,
0x0050cfe1,AIBuild_ConstructionProgramDelete,Global,0x293230,0x693230,0.5371,16.49,,
0x0054747c,DEBUG_monoMessage,Global,0x3cf980,0x7cf980,0.5016,16.47,0x30830,0.5303
0x004170a2,GetTeamNum,Global,0x1007e0,0x5007e0,1.0000,16.44,0x100860,1.0000
0x004170eb,GetPerceivedTeam,Global,0x1007e0,0x5007e0,1.0000,16.44,0x100860,1.0000
0x00417187,GetTarget,Global,0x1007e0,0x5007e0,1.0000,16.44,0x100860,1.0000
0x004171d0,GetOwner,Global,0x1007e0,0x5007e0,1.0000,16.44,0x100860,1.0000
0x00417842,GetWhoShotMe,Global,0x1007e0,0x5007e0,1.0000,16.44,0x100860,1.0000
0x00418065,GetPilot,Global,0x1007e0,0x5007e0,1.0000,16.44,0x100860,1.0000
0x004180e5,GetMaxPilot,Global,0x1007e0,0x5007e0,1.0000,16.44,0x100860,1.0000
0x00418165,GetScrap,Global,0x1007e0,0x5007e0,1.0000,16.44,0x100860,1.0000
0x004181e5,GetMaxScrap,Global,0x1007e0,0x5007e0,1.0000,16.44,0x100860,1.0000
0x00418764,GetCurrentCommand,Global,0x1007e0,0x5007e0,1.0000,16.44,0x100860,1.0000
0x00418786,GetCurrentWho,Global,0x1007e0,0x5007e0,1.0000,16.44,0x100860,1.0000
0x004187cf,GetIndependence,Global,0x1007e0,0x5007e0,1.0000,16.44,0x100860,1.0000
0x00418d08,HoppedOutOf,Global,0x1007e0,0x5007e0,1.0000,16.44,0x100860,1.0000
0x00418e3e,GetCurAmmo,Global,0x1007e0,0x5007e0,1.0000,16.44,0x100860,1.0000
0x00418e60,GetMaxAmmo,Global,0x1007e0,0x5007e0,1.0000,16.44,0x100860,1.0000
0x00418ef7,GetTug,Global,0x1007e0,0x5007e0,1.0000,16.44,0x100860,1.0000
0x005bcf43,luaF_newupval,Global,0x42fc4b,0x82fc4b,0.7865,16.44,0x42fbf2,0.5253
0x00495022,set_obj_team,Global,0xd9ae0,0x4d9ae0,1.0000,16.43,,
0x0052802b,delete_cookie,Global,0x4272d0,0x8272d0,1.0000,16.42,0x2cd6e0,0.6766
0x00478741,AllocConsoleIfNeeded,Global,0x3d61b0,0x7d61b0,0.5331,16.41,,
0x005b7066,luaL_pushresult,Global,0x42c2cb,0x82c2cb,1.0000,16.41,0x2ff7b0,0.5197
0x00507238,AI_IsEnabled,Global,0x28fa90,0x68fa90,0.6365,16.40,0x28fa20,0.5790
0x004810f6,InitGASObject,Global,0x3b640,0x43b640,0.7262,16.35,,
0x00531f7f,UpdateTarget,Missile,0x16a4e0,0x56a4e0,0.8613,16.35,0x1ac90,0.5637
0x00450eb0,_Tidy,"std::vector<Strip_*,std::allocator<Strip_*>_>",0xdbc00,0x4dbc00,0.9120,16.34,0xdbce0,0.8589
0x004525b0,_Tidy,"std::vector<PathPoint,std::allocator<PathPoint>_>",0xdbc00,0x4dbc00,0.9120,16.34,0xdbce0,0.8589
0x00460c52,_Tidy,"std::vector<Scrap_*,std::allocator<Scrap_*>_>",0xdbc00,0x4dbc00,0.9120,16.34,0xdbce0,0.8589
0x0047cba3,_Tidy,"std::vector<AnimSprite_*,std::allocator<AnimSprite_*>_>",0xdbc00,0x4dbc00,0.9120,16.34,0xdbce0,0.8589
0x0047ce8c,_Tidy,"std::vector<DistributedObject_*,std::allocator<DistributedObject_*>_>",0xdbc00,0x4dbc00,0.9120,16.34,0xdbce0,0.8589
0x0047cec0,_Tidy,"std::vector<Craft_*,std::allocator<Craft_*>_>",0xdbc00,0x4dbc00,0.9120,16.34,0xdbce0,0.8589
0x0047f7e2,_Tidy,"std::vector<Attachment_*,std::allocator<Attachment_*>_>",0xdbc00,0x4dbc00,0.9120,16.34,0xdbce0,0.8589
0x0048da62,_Tidy,"std::vector<stdext::_Hash<stdext::_Hmap_traits<unsigned_long,unsigned_long,stdext::hash_compare<unsigned_long,std::less<unsigned_long>_>,std::allocator<std::pair<unsigned_long_const_,unsigned_long>_>,0>_>::_List_position,std::allocator<stdext::_Hash<stdext::_Hmap_traits<unsigned_long,unsigned_long,stdext::hash_compare<unsigned_long,std::less<unsigned_long>_>,std::allocator<std::pair<unsigned_long_const_,unsigned_long>_>,0>_>::_List_position>_>",0xdbc00,0x4dbc00,0.9120,16.34,0xdbce0,0.8589
0x0048daa4,_Tidy,"std::vector<stdext::_Hash<stdext::_Hmap_traits<unsigned_long,float,stdext::hash_compare<unsigned_long,std::less<unsigned_long>_>,std::allocator<std::pair<unsigned_long_const_,float>_>,0>_>::_List_position,std::allocator<stdext::_Hash<stdext::_Hmap_traits<unsigned_long,float,stdext::hash_compare<unsigned_long,std::less<unsigned_long>_>,std::allocator<std::pair<unsigned_long_const_,float>_>,0>_>::_List_position>_>",0xdbc00,0x4dbc00,0.9120,16.34,0xdbce0,0.8589
0x0049968f,_Tidy,"std::vector<GameObjectClass_*,std::allocator<GameObjectClass_*>_>",0xdbc00,0x4dbc00,0.9120,16.34,0xdbce0,0.8589
0x0049a85d,_Tidy,"std::vector<Geizer_*,std::allocator<Geizer_*>_>",0xdbc00,0x4dbc00,0.9120,16.34,0xdbce0,0.8589
0x004a2e6c,_Tidy,"std::vector<stdext::_Hash<stdext::_Hmap_traits<unsigned_int,ParameterDB::FileData_*,stdext::hash_compare<unsigned_int,std::less<unsigned_int>_>,std::allocator<std::pair<unsigned_int_const_,ParameterDB::FileData_*>_>,0>_>::_List_position,std::allocator<stdext::_Hash<stdext::_Hmap_traits<unsigned_int,ParameterDB::FileData_*,stdext::hash_compare<unsigned_int,std::less<unsigned_int>_>,std::allocator<std::pair<unsigned_int_const_,ParameterDB::FileData_*>_>,0>_>::_List_position>_>",0xdbc00,0x4dbc00,0.9120,16.34,0xdbce0,0.8589
0x004a2e8b,_Tidy,"std::vector<stdext::_Hash<stdext::_Hmap_traits<unsigned_int,stdext::hash_map<unsigned_int,char_const_*,stdext::hash_compare<unsigned_int,std::less<unsigned_int>_>,std::allocator<std::pair<unsigned_int_const_,char_const_*>_>_>,stdext::hash_compare<unsigned_int,std::less<unsigned_int>_>,std::allocator<std::pair<unsigned_int_const_,stdext::hash_map<unsigned_int,char_const_*,stdext::hash_compare<unsigned_int,std::less<unsigned_int>_>,std::allocator<std::pair<unsigned_int_const_,char_const_*>_>_>_>_>,0>_>::_List_position,std::allocator<stdext::_Hash<stdext::_Hmap_traits<unsigned_int,stdext::hash_map<unsigned_int,char_const_*,stdext::hash_compare<unsigned_int,std::less<unsigned_int>_>,std::allocator<std::pair<unsigned_int_const_,char_const_*>_>_>,stdext::hash_compare<unsigned_int,std::less<unsigned_int>_>,std::allocator<std::pair<unsigned_int_const_,stdext::hash_map<unsigned_int,char_const_*,stdext::hash_compare<unsigned_int,std::less<unsigned_int>_>,std::allocator<std::pair<unsigned_int_const_,char_const_*>_>_>_>_>,0>_>::_List_position>_>",0xdbc00,0x4dbc00,0.9120,16.34,0xdbce0,0.8589
0x004a2ee6,_Tidy,"std::vector<stdext::_Hash<stdext::_Hmap_traits<unsigned_int,char_const_*,stdext::hash_compare<unsigned_int,std::less<unsigned_int>_>,std::allocator<std::pair<unsigned_int_const_,char_const_*>_>,0>_>::_List_position,std::allocator<stdext::_Hash<stdext::_Hmap_traits<unsigned_int,char_const_*,stdext::hash_compare<unsigned_int,std::less<unsigned_int>_>,std::allocator<std::pair<unsigned_int_const_,char_const_*>_>,0>_>::_List_position>_>",0xdbc00,0x4dbc00,0.9120,16.34,0xdbce0,0.8589
0x004a837a,_Tidy,"std::vector<PowerPlant_*,std::allocator<PowerPlant_*>_>",0xdbc00,0x4dbc00,0.9120,16.34,0xdbce0,0.8589
0x004adf03,_Tidy,"std::vector<Scanner_*,std::allocator<Scanner_*>_>",0xdbc00,0x4dbc00,0.9120,16.34,0xdbce0,0.8589
0x004c0445,_Tidy,"std::vector<RadarItem,std::allocator<RadarItem>_>",0xdbc00,0x4dbc00,0.9120,16.34,0xdbce0,0.8589
0x004e4736,_Tidy,"std::vector<ScorePlayer_*,std::allocator<ScorePlayer_*>_>",0xdbc00,0x4dbc00,0.9120,16.34,0xdbce0,0.8589
0x005189c6,_Tidy,"std::vector<ObjectClassInfo_*,std::allocator<ObjectClassInfo_*>_>",0xdbc00,0x4dbc00,0.9120,16.34,0xdbce0,0.8589
0x005192d0,_Tidy,"std::vector<GridPoint,std::allocator<GridPoint>_>",0xdbc00,0x4dbc00,0.9120,16.34,0xdbce0,0.8589
0x0052ec99,_Tidy,"std::vector<ExplosionClass_*,std::allocator<ExplosionClass_*>_>",0xdbc00,0x4dbc00,0.9120,16.34,0xdbce0,0.8589
0x005352d2,_Tidy,"std::vector<OrdnanceClass_*,std::allocator<OrdnanceClass_*>_>",0xdbc00,0x4dbc00,0.9120,16.34,0xdbce0,0.8589
0x0053ecd6,_Tidy,"std::vector<WeaponClass_*,std::allocator<WeaponClass_*>_>",0xdbc00,0x4dbc00,0.9120,16.34,0xdbce0,0.8589
0x00557c66,_Tidy,"std::vector<Server_*,std::allocator<Server_*>_>",0xdbc00,0x4dbc00,0.9120,16.34,0xdbce0,0.8589
0x00557d03,_Tidy,"std::vector<Session_*,std::allocator<Session_*>_>",0xdbc00,0x4dbc00,0.9120,16.34,0xdbce0,0.8589
0x00557da0,_Tidy,"std::vector<Player_*,std::allocator<Player_*>_>",0xdbc00,0x4dbc00,0.9120,16.34,0xdbce0,0.8589
0x00557e3d,_Tidy,"std::vector<PortData_*,std::allocator<PortData_*>_>",0xdbc00,0x4dbc00,0.9120,16.34,0xdbce0,0.8589
0x00482ad2,UnPackTempState,Building,0x7faa0,0x47faa0,0.6783,16.33,,
0x00454630,LinkContainer,Global,0x18c810,0x58c810,1.0000,16.31,,
0x004ad325,SAV,SAV,0x1be8f0,0x5be8f0,0.7856,16.30,,
0x004190e5,UnpackNil,Global,0x42cd45,0x82cd45,1.0000,16.26,0x42cd58,0.7907
0x005b6239,lua_pushnil,Global,0x42cd45,0x82cd45,1.0000,16.26,0x42cd58,0.7907
0x00401d70,operator++,"std::list<AiProcess_*,std::allocator<AiProcess_*>_>::_Const_iterator<1>",0x2f4660,0x6f4660,1.0000,16.25,0x405040,0.6831
0x0040224f,operator++,"std::list<AiMissionClass_*,std::allocator<AiMissionClass_*>_>::_Iterator<1>",0x2f4660,0x6f4660,1.0000,16.25,0x405040,0.6831
0x0040226e,operator++,"std::list<AiProcess_*,std::allocator<AiProcess_*>_>::_Iterator<1>",0x2f4660,0x6f4660,1.0000,16.25,0x405040,0.6831
0x0040357e,operator++,"std::list<AiPath_*,std::allocator<AiPath_*>_>::_Const_iterator<1>",0x2f4660,0x6f4660,1.0000,16.25,0x405040,0.6831
0x0040363a,operator++,"std::list<AiPath_*,std::allocator<AiPath_*>_>::_Iterator<1>",0x2f4660,0x6f4660,1.0000,16.25,0x405040,0.6831
0x004040af,operator++,"std::list<AiTask_*,std::allocator<AiTask_*>_>::_Const_iterator<1>",0x2f4660,0x6f4660,1.0000,16.25,0x405040,0.6831
0x00404280,operator++,"std::list<AiTask_*,std::allocator<AiTask_*>_>::_Iterator<1>",0x2f4660,0x6f4660,1.0000,16.25,0x405040,0.6831
0x00408b0d,operator++,"std::_Tree<std::_Tmap_traits<GameObject_*,Area,std::less<GameObject_*>,std::allocator<std::pair<GameObject_*_const,Area>_>,0>_>::const_iterator",0x2f4660,0x6f4660,1.0000,16.25,0x405040,0.6831
0x00408c6f,operator++,"std::_Vector_iterator<GameObject_*,std::allocator<GameObject_*>_>",0x2f4660,0x6f4660,1.0000,16.25,0x405040,0.6831
0x00408c89,operator++,"std::_Vector_iterator<PathPoint,std::allocator<PathPoint>_>",0x2f4660,0x6f4660,1.0000,16.25,0x405040,0.6831
0x0040b2e3,operator++,"std::list<AOI_*,std::allocator<AOI_*>_>::_Const_iterator<1>",0x2f4660,0x6f4660,1.0000,16.25,0x405040,0.6831
0x0040b41a,operator++,"std::list<AOI_*,std::allocator<AOI_*>_>::_Iterator<1>",0x2f4660,0x6f4660,1.0000,16.25,0x405040,0.6831
0x0040e064,operator++,"std::list<AttackGroup_*,std::allocator<AttackGroup_*>_>::_Const_iterator<1>",0x2f4660,0x6f4660,1.0000,16.25,0x405040,0.6831
0x0040e1e9,operator++,"std::list<AttackerInfo,std::allocator<AttackerInfo>_>::_Const_iterator<1>",0x2f4660,0x6f4660,1.0000,16.25,0x405040,0.6831
0x0040e3d2,operator++,"std::list<AttackGroup_*,std::allocator<AttackGroup_*>_>::_Iterator<1>",0x2f4660,0x6f4660,1.0000,16.25,0x405040,0.6831
0x0040e3ec,operator++,"std::list<AttackerInfo,std::allocator<AttackerInfo>_>::_Iterator<1>",0x2f4660,0x6f4660,1.0000,16.25,0x405040,0.6831
0x0041021b,operator++,"std::_Vector_iterator<Craft_*,std::allocator<Craft_*>_>",0x2f4660,0x6f4660,1.0000,16.25,0x405040,0.6831
0x00411b4d,operator++,"std::list<FollowGroup_*,std::allocator<FollowGroup_*>_>::_Const_iterator<1>",0x2f4660,0x6f4660,1.0000,16.25,0x405040,0.6831
0x00411ce7,operator++,"std::list<FollowerInfo,std::allocator<FollowerInfo>_>::_Const_iterator<1>",0x2f4660,0x6f4660,1.0000,16.25,0x405040,0.6831
0x00411ed0,operator++,"std::list<FollowGroup_*,std::allocator<FollowGroup_*>_>::_Iterator<1>",0x2f4660,0x6f4660,1.0000,16.25,0x405040,0.6831
0x00411eea,operator++,"std::list<FollowerInfo,std::allocator<FollowerInfo>_>::_Iterator<1>",0x2f4660,0x6f4660,1.0000,16.25,0x405040,0.6831
0x0041338a,operator++,"std::_Vector_iterator<Geizer_*,std::allocator<Geizer_*>_>",0x2f4660,0x6f4660,1.0000,16.25,0x405040,0.6831
0x0045b1e4,operator++,"std::_Vector_iterator<Scrap_*,std::allocator<Scrap_*>_>",0x2f4660,0x6f4660,1.0000,16.25,0x405040,0.6831
0x00462252,operator++,"std::_Tree<std::_Tset_traits<ShortPath::OpenList::OpenNode,ShortPath::OpenList::OpenNodeLT,std::allocator<ShortPath::OpenList::OpenNode>,1>_>::const_iterator",0x2f4660,0x6f4660,1.0000,16.25,0x405040,0.6831
0x0047ca6c,operator++,"std::_Vector_iterator<AnimSprite_*,std::allocator<AnimSprite_*>_>",0x2f4660,0x6f4660,1.0000,16.25,0x405040,0.6831
0x0047ccf8,operator++,"std::_Tree<std::_Tmap_traits<unsigned_long,DistributedObject_*,std::less<unsigned_long>,std::allocator<std::pair<unsigned_long_const_,DistributedObject_*>_>,0>_>::const_iterator",0x2f4660,0x6f4660,1.0000,16.25,0x405040,0.6831
0x0048010a,operator++,"std::list<AudMsgInfo_*,std::allocator<AudMsgInfo_*>_>::_Const_iterator<1>",0x2f4660,0x6f4660,1.0000,16.25,0x405040,0.6831
0x004801e2,operator++,"std::list<AudMsgInfo_*,std::allocator<AudMsgInfo_*>_>::_Iterator<1>",0x2f4660,0x6f4660,1.0000,16.25,0x405040,0.6831
0x00480da8,InitGASPrep,Global,0x2bd380,0x6bd380,0.9734,16.25,0x2a7e90,0.9508
0x00484ec4,operator++,"std::_Vector_iterator<PowerPlant_*,std::allocator<PowerPlant_*>_>",0x2f4660,0x6f4660,1.0000,16.25,0x405040,0.6831
0x0048a635,operator++,"std::list<std::pair<unsigned_long_const_,float>,std::allocator<std::pair<unsigned_long_const_,float>_>_>::_Const_iterator<1>",0x2f4660,0x6f4660,1.0000,16.25,0x405040,0.6831
0x0048b28a,operator++,"std::_Vector_iterator<DistributedObject_*,std::allocator<DistributedObject_*>_>",0x2f4660,0x6f4660,1.0000,16.25,0x405040,0.6831
0x0048b4da,operator++,"std::list<std::pair<unsigned_long_const_,unsigned_long>,std::allocator<std::pair<unsigned_long_const_,unsigned_long>_>_>::_Const_iterator<1>",0x2f4660,0x6f4660,1.0000,16.25,0x405040,0.6831
0x004930fe,operator++,"std::_Vector_iterator<GameFeature_*,std::allocator<GameFeature_*>_>",0x2f4660,0x6f4660,1.0000,16.25,0x405040,0.6831
0x0049777e,operator++,"std::_Vector_iterator<Scanner_*,std::allocator<Scanner_*>_>",0x2f4660,0x6f4660,1.0000,16.25,0x405040,0.6831
0x00499623,operator++,"std::_Vector_iterator<GameObjectClass_*,std::allocator<GameObjectClass_*>_>",0x2f4660,0x6f4660,1.0000,16.25,0x405040,0.6831
0x004a1283,operator++,"std::list<std::pair<unsigned_int_const_,ParameterDB::FileData_*>,std::allocator<std::pair<unsigned_int_const_,ParameterDB::FileData_*>_>_>::_Const_iterator<1>",0x2f4660,0x6f4660,1.0000,16.25,0x405040,0.6831
0x004a1457,operator++,"std::list<std::pair<unsigned_int_const_,stdext::hash_map<unsigned_int,char_const_*,stdext::hash_compare<unsigned_int,std::less<unsigned_int>_>,std::allocator<std::pair<unsigned_int_const_,char_const_*>_>_>_>,std::allocator<std::pair<unsigned_int_const_,stdext::hash_map<unsigned_int,char_const_*,stdext::hash_compare<unsigned_int,std::less<unsigned_int>_>,std::allocator<std::pair<unsigned_int_const_,char_const_*>_>_>_>_>_>::_Const_iterator<1>",0x2f4660,0x6f4660,1.0000,16.25,0x405040,0.6831
0x004a1471,operator++,"std::list<std::pair<unsigned_int_const_,char_const_*>,std::allocator<std::pair<unsigned_int_const_,char_const_*>_>_>::_Const_iterator<1>",0x2f4660,0x6f4660,1.0000,16.25,0x405040,0.6831
0x004afebc,operator++,"std::list<Ordnance_*,std::allocator<Ordnance_*>_>::_Iterator<1>",0x2f4660,0x6f4660,1.0000,16.25,0x405040,0.6831
0x004b0cee,operator++,"std::list<RtimeClass_*,std::allocator<RtimeClass_*>_>::_Iterator<1>",0x2f4660,0x6f4660,1.0000,16.25,0x405040,0.6831
0x004c00f2,operator++,"std::_Vector_iterator<RadarItem,std::allocator<RadarItem>_>",0x2f4660,0x6f4660,1.0000,16.25,0x405040,0.6831
0x004c7b97,operator++,"std::list<DisplayViewInfo_*,std::allocator<DisplayViewInfo_*>_>::_Const_iterator<1>",0x2f4660,0x6f4660,1.0000,16.25,0x405040,0.6831
0x004c7be6,operator++,"std::list<DisplayInterface_*,std::allocator<DisplayInterface_*>_>::_Const_iterator<1>",0x2f4660,0x6f4660,1.0000,16.25,0x405040,0.6831
0x004c7f9a,operator++,"std::list<DisplayViewInfo_*,std::allocator<DisplayViewInfo_*>_>::_Iterator<1>",0x2f4660,0x6f4660,1.0000,16.25,0x405040,0.6831
0x004c7fb4,operator++,"std::list<DisplayInterface_*,std::allocator<DisplayInterface_*>_>::_Iterator<1>",0x2f4660,0x6f4660,1.0000,16.25,0x405040,0.6831
0x004ce89e,operator++,"std::_Tree<std::_Tmap_traits<unsigned_short,NetPlayer_*,std::less<unsigned_short>,std::allocator<std::pair<unsigned_short_const_,NetPlayer_*>_>,0>_>::iterator",0x2f4660,0x6f4660,1.0000,16.25,0x405040,0.6831
0x004e117f,operator++,"std::_Tree<std::_Tmap_traits<unsigned_short,NetPlayer_*,std::less<unsigned_short>,std::allocator<std::pair<unsigned_short_const_,NetPlayer_*>_>,0>_>::const_iterator",0x2f4660,0x6f4660,1.0000,16.25,0x405040,0.6831
0x004e4c8a,operator++,"std::_Vector_iterator<ScorePlayer_*,std::allocator<ScorePlayer_*>_>",0x2f4660,0x6f4660,1.0000,16.25,0x405040,0.6831
0x004e657a,operator++,"std::_Vector_iterator<SpawnPoint_*,std::allocator<SpawnPoint_*>_>",0x2f4660,0x6f4660,1.0000,16.25,0x405040,0.6831
0x00518951,operator++,"std::_Vector_iterator<ObjectClassInfo_*,std::allocator<ObjectClassInfo_*>_>",0x2f4660,0x6f4660,1.0000,16.25,0x405040,0.6831
0x0052e067,operator++,"std::list<Explosion_*,std::allocator<Explosion_*>_>::_Const_iterator<1>",0x2f4660,0x6f4660,1.0000,16.25,0x405040,0.6831
0x0052e123,operator++,"std::list<Explosion_*,std::allocator<Explosion_*>_>::_Iterator<1>",0x2f4660,0x6f4660,1.0000,16.25,0x405040,0.6831
0x0052ec2d,operator++,"std::_Vector_iterator<ExplosionClass_*,std::allocator<ExplosionClass_*>_>",0x2f4660,0x6f4660,1.0000,16.25,0x405040,0.6831
0x005331c3,operator++,"std::list<Ordnance_*,std::allocator<Ordnance_*>_>::_Const_iterator<1>",0x2f4660,0x6f4660,1.0000,16.25,0x405040,0.6831
0x0053354c,operator++,"std::_Tree<std::_Tmap_traits<std::pair<unsigned_short,unsigned_short>,Ordnance_*,std::less<std::pair<unsigned_short,unsigned_short>_>,std::allocator<std::pair<std::pair<unsigned_short,unsigned_short>_const_,Ordnance_*>_>,0>_>::const_iterator",0x2f4660,0x6f4660,1.0000,16.25,0x405040,0.6831
0x00535266,operator++,"std::_Vector_iterator<OrdnanceClass_*,std::allocator<OrdnanceClass_*>_>",0x2f4660,0x6f4660,1.0000,16.25,0x405040,0.6831
0x0053e23f,operator++,"std::list<Weapon_*,std::allocator<Weapon_*>_>::_Const_iterator<1>",0x2f4660,0x6f4660,1.0000,16.25,0x405040,0.6831
0x0053e317,operator++,"std::list<Weapon_*,std::allocator<Weapon_*>_>::_Iterator<1>",0x2f4660,0x6f4660,1.0000,16.25,0x405040,0.6831
0x0053ec6a,operator++,"std::_Vector_iterator<WeaponClass_*,std::allocator<WeaponClass_*>_>",0x2f4660,0x6f4660,1.0000,16.25,0x405040,0.6831
0x0054960b,operator++,"std::list<Addr_*,std::allocator<Addr_*>_>::_Iterator<1>",0x2f4660,0x6f4660,1.0000,16.25,0x405040,0.6831
0x00549625,operator++,"std::list<OldNew_*,std::allocator<OldNew_*>_>::_Iterator<1>",0x2f4660,0x6f4660,1.0000,16.25,0x405040,0.6831
0x00557ba2,operator++,"std::_Vector_iterator<Server_*,std::allocator<Server_*>_>",0x2f4660,0x6f4660,1.0000,16.25,0x405040,0.6831
0x00557bbc,operator++,"std::_Vector_iterator<Session_*,std::allocator<Session_*>_>",0x2f4660,0x6f4660,1.0000,16.25,0x405040,0.6831
0x00557bd6,operator++,"std::_Vector_iterator<Player_*,std::allocator<Player_*>_>",0x2f4660,0x6f4660,1.0000,16.25,0x405040,0.6831
0x0044e790,Unlink,ContainerNeighbor,0x18c1b0,0x58c1b0,0.5151,16.24,,
0x005c29d3,luaB_rawset,Global,0x43393d,0x83393d,1.0000,16.24,0x4343fb,0.7988
0x004d14ac,MapToWorld,MapRadar,0x10d690,0x50d690,0.6062,16.23,0x1947d0,0.5604
0x0045a033,SetTarget,GameObject,0x1d7800,0x5d7800,0.7829,16.22,0x1f5ce0,0.6719
0x00531ff3,SetTarget,Missile,0x1d7800,0x5d7800,0.7829,16.22,0x1f5ce0,0.6719
0x0054fbde,Scroll_Cleanup,Global,0x424030,0x824030,1.0000,16.18,0x421a80,1.0000
0x00582b46,TextInput_Cleanup,Global,0x424030,0x824030,1.0000,16.18,0x421a80,1.0000
0x00404cbe,PlanExists,Global,0x68370,0x468370,0.5493,16.17,,
0x00403b27,~AiPath,AiPath,0x60590,0x460590,0.6434,16.16,0x3ed960,0.5300
0x004bd82f,giddi_flush_key,Global,0x219f00,0x619f00,0.8380,16.16,,
0x00495321,FriendP,GameObject,0xdb560,0x4db560,0.5956,16.15,0xdb600,0.5956
0x00495349,EnemyP,GameObject,0xdb560,0x4db560,0.5956,16.15,0xdb600,0.5956
0x00488f77,GetCommand,Craft,0x28fa90,0x68fa90,0.7363,16.10,0x28fa20,0.6697
0x00413b7a,GotoTask,GotoTask,0x1f9350,0x5f9350,0.6951,16.09,0x1b31c0,0.6532
0x00551c69,MapList,MapList,0x2aa230,0x6aa230,0.7283,16.08,0x42d824,0.6870
0x004d507a,InitControlPlan,PathDisplay,0x16f860,0x56f860,1.0000,16.07,0x1982c0,1.0000
0x0047daf5,APC,APC,0x6fcf0,0x46fcf0,0.7279,16.03,0x1c1d90,0.7096
0x0045ce65,Init,ScavengerProcess,0x1c3340,0x5c3340,0.5924,16.02,,
0x00529fe7,Init,Beam,0x7a3d0,0x47a3d0,0.6108,16.01,,
0x0057101d,stop_load_voice,Global,0x1d52b0,0x5d52b0,0.6436,15.99,0x1d5270,0.5391
0x00571049,stop_anim_sound,Global,0x1d52b0,0x5d52b0,0.6436,15.99,0x1d5270,0.5391
0x0041c1b7,UnpackHandle,Global,0x105490,0x505490,0.5250,15.98,,
0x00546ac4,crc32closelog,Global,0x34470,0x434470,1.0000,15.98,0xafe80,1.0000
0x004e3a12,operator(),comp,0x226850,0x626850,0.7958,15.97,0x333360,0.5387
0x0052dafd,PreDestroy,Explosion,0xca350,0x4ca350,0.9547,15.96,0x3d3e80,0.7618
0x005b6f6a,emptybuffer,Global,0x42b708,0x82b708,0.5719,15.96,,
0x0040d2e0,PostLoad,ArtilleryProcess,0x758a0,0x4758a0,0.6573,15.95,0x42de60,0.5304
0x004dd35b,SetSession,Net,0x2b3480,0x6b3480,0.6521,15.95,0x2f69d0,0.5254
0x004dd37a,Net_SetSession,Global,0x2b3480,0x6b3480,0.6521,15.95,0x2f69d0,0.5254
0x0044e9e0,Next,NodeNeighbor,0x18d470,0x58d470,1.0000,15.94,,
0x00550e78,PlayerNameList,PlayerNameList,0x298b40,0x698b40,0.7888,15.94,0x18760,0.8380
0x00485fff,Save,Craft,0xe4b00,0x4e4b00,0.5924,15.93,0xe7460,0.5924
0x0049c5cc,Save,HoverCraft,0xe4b00,0x4e4b00,0.5924,15.93,0xe7460,0.5924
0x004b6db2,Save,Walker,0xe4b00,0x4e4b00,0.5924,15.93,0xe7460,0.5924
0x0050eaac,Escort_Goal,Escort_Goal,0x297340,0x697340,0.6650,15.93,0x1edab0,0.5924
0x0041522b,Done,HuntTask,0xf1770,0x4f1770,0.6576,15.89,0x17e20,0.5074
0x004a5524,Person,Person,0x19cf20,0x59cf20,0.5161,15.88,,
0x00526c10,Process_VGEO_Chunk,Global,0x425d10,0x825d10,0.7467,15.88,0x425480,0.6982
0x0041bca1,Distance2DSquared,Global,0x100cd0,0x500cd0,0.5081,15.85,0x100d50,0.5081
0x0045f93d,Damage,Global,0x1cb1c0,0x5cb1c0,0.5375,15.84,0x1cab80,0.5867
0x0040f937,CellTypeChange,Global,0x8fd00,0x48fd00,0.5817,15.83,,
0x005c6d18,__security_check_cookie,Global,0x43e885,0x83e885,1.0000,15.80,0x42bbb2,0.5251
0x0052e22d,Explosion,Explosion,0x42ec62,0x82ec62,0.8892,15.79,0x23660,0.7549
0x005c6dd3,atexit,Global,0x43e979,0x83e979,1.0000,15.79,,
0x00412759,FollowTask,FollowTask,0xd3790,0x4d3790,0.5019,15.74,,
0x0040dd02,get_ring,Global,0x77230,0x477230,0.5857,15.73,,
0x00408e0e,_Buynode,"std::_Tree<std::_Tmap_traits<GameObject_*,Area,std::less<GameObject_*>,std::allocator<std::pair<GameObject_*_const,Area>_>,0>_>",0x42c0b0,0x82c0b0,0.8680,15.70,0x218b70,0.6917
0x00462350,_Buynode,"std::_Tree<std::_Tset_traits<ShortPath::OpenList::OpenNode,ShortPath::OpenList::OpenNodeLT,std::allocator<ShortPath::OpenList::OpenNode>,1>_>",0x42c0b0,0x82c0b0,0.8680,15.70,0x218b70,0.6917
0x0048bcb3,_Buynode,"std::_Tree<std::_Tmap_traits<unsigned_long,DistributedObject_*,std::less<unsigned_long>,std::allocator<std::pair<unsigned_long_const_,DistributedObject_*>_>,0>_>",0x42c0b0,0x82c0b0,0.8680,15.70,0x218b70,0.6917
0x004e128d,_Buynode,"std::_Tree<std::_Tmap_traits<unsigned_short,NetPlayer_*,std::less<unsigned_short>,std::allocator<std::pair<unsigned_short_const_,NetPlayer_*>_>,0>_>",0x42c0b0,0x82c0b0,0.8680,15.70,0x218b70,0.6917
0x005334f3,_Buynode,"std::_Tree<std::_Tmap_traits<std::pair<unsigned_short,unsigned_short>,Ordnance_*,std::less<std::pair<unsigned_short,unsigned_short>_>,std::allocator<std::pair<std::pair<unsigned_short,unsigned_short>_const_,Ordnance_*>_>,0>_>",0x42c0b0,0x82c0b0,0.8680,15.70,0x218b70,0.6917
0x00451700,"_Uninit_fill_n<PathPoint_*,unsigned_int,PathPoint,std::allocator<PathPoint>_>",std,0x42b81b,0x82b81b,0.5190,15.69,,
0x004b14e0,~CStreamingOggSound,CStreamingOggSound,0x16940,0x416940,0.8012,15.68,0x3ccc50,0.5886
0x004d88b4,DeleteObject,Reticle,0x358ac0,0x758ac0,0.9693,15.68,0x1ac90,0.9693
0x00526efe,wildmat,Global,0x4260a0,0x8260a0,0.5566,15.64,,
0x005b6d31,luaL_error,Global,0x42bc39,0x82bc39,1.0000,15.64,,
0x00485db1,Craft_Delete,Global,0x75050,0x475050,0.7483,15.62,0x71860,0.7483
0x004a52f1,Person_Delete,Global,0x75050,0x475050,0.7483,15.62,0x71860,0.7483
0x004a8edf,PowerUp_Delete,Global,0x75050,0x475050,0.7483,15.62,0x71860,0.7483
0x00480a1b,SetGASMaxObjects,Global,0x3a660,0x43a660,1.0000,15.61,0x170440,0.8381
0x005549f2,encrypt_password,Global,0x16290,0x416290,0.5044,15.61,,
0x0051baf4,Sortlist_Delete,Global,0x2a85f0,0x6a85f0,1.0000,15.60,,
0x004608fa,GetTug,Global,0x1ce580,0x5ce580,0.6197,15.59,0x1cd240,0.6197
0x0054bc30,InitMachineCaps,Global,0x27a800,0x67a800,0.6300,15.59,0x3efe70,0.5632
0x00480d7d,InitGASCtrl,Global,0x3a990,0x43a990,1.0000,15.56,0xe7370,0.5980
0x004b9ee8,ProcessInput,Global,0x21dba0,0x61dba0,0.5559,15.54,,
0x005b6422,lua_gettable,Global,0x42c8d1,0x82c8d1,1.0000,15.54,0x42d1fa,0.6935
0x005b765c,luaL_checktype,Global,0x42bbb2,0x82bbb2,0.7958,15.54,,
0x00480a9d,DSDisable,Global,0x4dca0,0x44dca0,0.7204,15.53,0x49c60,0.7204
0x0049c5fc,InitSound,HoverCraft,0xee890,0x4ee890,1.0000,15.52,0x16f860,0.9725
0x004b3a36,TugClass,TugClass,0x2f7400,0x6f7400,0.8748,15.50,0x1c3220,0.8206
0x004e9f3c,Entity_Clean,Global,0x22c240,0x62c240,0.6810,15.50,0x1b2e50,0.5253
0x00512eea,IParse_Get_Struct_Array_Element_Count,Global,0x42d490,0x82d490,0.7348,15.50,0x1ccfd0,0.5504
0x00531eb6,MineClass,MineClass,0x2f7400,0x6f7400,0.8748,15.50,0x1c3220,0.8206
0x00490328,Remove,DistributedObject,0xb7ab0,0x4b7ab0,0.6178,15.49,,
0x004b2367,TexCache_CleanupD3DVideoFlag,Global,0x37d510,0x77d510,0.6947,15.49,0x22cc80,0.7279
0x00511c89,IParse_Get_Next_Statement_Start_And_End,Global,0x29b690,0x69b690,0.5059,15.47,,
0x004192b3,UnpackChar,Global,0x105740,0x505740,0.9610,15.44,,
0x004192ca,UnpackShort,Global,0x105770,0x505770,0.9610,15.44,,
0x0047a75b,Get_Camera_Owner,Global,0x39e70,0x439e70,0.8650,15.44,,
0x005168eb,AISchedule_LoadAIP,Global,0x2a37a0,0x6a37a0,0.5622,15.44,,
0x005b776a,luaL_optnumber,Global,0x42c1fd,0x82c1fd,0.7262,15.44,,
0x0045e4ee,SetCurHealth,GameObject,0x1c73f0,0x5c73f0,0.7765,15.43,0xa76a0,0.7765
0x0044daa2,OffensiveProcess,OffensiveProcess,0x182b60,0x582b60,0.6571,15.42,0x1f9350,0.6894
0x0040bd4d,CleanState,APCAttack,0x72060,0x472060,0.5178,15.40,0x31bd50,0.5126
0x004441dc,Setup,Misns4Mission,0x15cf50,0x55cf50,0.5073,15.40,0x147c60,0.5222
0x004f05f2,Graphic_Buffer_Get_Width,Global,0x288310,0x688310,1.0000,15.40,0x42c8f6,0.6792
0x0045e676,SetOwner,GameObject,0x6fc40,0x46fc40,0.7234,15.38,0x1d7800,0.7645
0x0051b6c2,Add_Goal,Scheduler,0x2a8520,0x6a8520,1.0000,15.36,0x439dc7,0.6811
0x0046ad7a,InitStuck,UnitTask,0x2028d0,0x6028d0,0.8849,15.34,0x1b1d30,0.6630
0x00510900,~Goal,Goal,0x298be0,0x698be0,0.9418,15.32,0x20fd0,0.7606
0x00410587,CleanUState1,RigProcess,0x9e9f0,0x49e9f0,0.5772,15.30,0x1fb720,0.6714
0x004ce6c2,PostRun,FlagDisplay,0x22dd80,0x62dd80,0.5650,15.30,0x22dde0,0.5463
0x005451d6,Set_Primitive_Type,Global,0x1b0900,0x5b0900,0.9335,15.28,0x377c0,0.8524
0x00405967,size,"std::vector<PathPoint,std::allocator<PathPoint>_>",0x2e6070,0x6e6070,1.0000,15.27,0x27b590,1.0000
0x004152ca,size,"std::vector<Scrap_*,std::allocator<Scrap_*>_>",0x2e6070,0x6e6070,1.0000,15.27,0x27b590,1.0000
0x00415309,size,"std::vector<GameObject_*,std::allocator<GameObject_*>_>",0x2e6070,0x6e6070,1.0000,15.27,0x27b590,1.0000
0x0041b5c3,size,"std::vector<Craft_*,std::allocator<Craft_*>_>",0x2e6070,0x6e6070,1.0000,15.27,0x27b590,1.0000
0x0044bfca,size,"std::vector<SpawnPoint_*,std::allocator<SpawnPoint_*>_>",0x2e6070,0x6e6070,1.0000,15.27,0x27b590,1.0000
0x0044f390,size,"std::vector<Strip_*,std::allocator<Strip_*>_>",0x2e6070,0x6e6070,1.0000,15.27,0x27b590,1.0000
0x0047c1f7,size,"std::vector<AnimSprite_*,std::allocator<AnimSprite_*>_>",0x2e6070,0x6e6070,1.0000,15.27,0x27b590,1.0000
0x0047f438,size,"std::vector<Attachment_*,std::allocator<Attachment_*>_>",0x2e6070,0x6e6070,1.0000,15.27,0x27b590,1.0000
0x0048a362,size,"std::vector<DistributedObject_*,std::allocator<DistributedObject_*>_>",0x2e6070,0x6e6070,1.0000,15.27,0x27b590,1.0000
0x0048a523,size,"std::vector<stdext::_Hash<stdext::_Hmap_traits<unsigned_long,float,stdext::hash_compare<unsigned_long,std::less<unsigned_long>_>,std::allocator<std::pair<unsigned_long_const_,float>_>,0>_>::_List_position,std::allocator<stdext::_Hash<stdext::_Hmap_traits<unsigned_long,float,stdext::hash_compare<unsigned_long,std::less<unsigned_long>_>,std::allocator<std::pair<unsigned_long_const_,float>_>,0>_>::_List_position>_>",0x2e6070,0x6e6070,1.0000,15.27,0x27b590,1.0000
0x0048a709,size,"std::vector<stdext::_Hash<stdext::_Hmap_traits<unsigned_long,unsigned_long,stdext::hash_compare<unsigned_long,std::less<unsigned_long>_>,std::allocator<std::pair<unsigned_long_const_,unsigned_long>_>,0>_>::_List_position,std::allocator<stdext::_Hash<stdext::_Hmap_traits<unsigned_long,unsigned_long,stdext::hash_compare<unsigned_long,std::less<unsigned_long>_>,std::allocator<std::pair<unsigned_long_const_,unsigned_long>_>,0>_>::_List_position>_>",0x2e6070,0x6e6070,1.0000,15.27,0x27b590,1.0000
0x00491bdc,size,"std::vector<GameFeature_*,std::allocator<GameFeature_*>_>",0x2e6070,0x6e6070,1.0000,15.27,0x27b590,1.0000
0x00499252,size,"std::vector<GameObjectClass_*,std::allocator<GameObjectClass_*>_>",0x2e6070,0x6e6070,1.0000,15.27,0x27b590,1.0000
0x0049a47c,size,"std::vector<Geizer_*,std::allocator<Geizer_*>_>",0x2e6070,0x6e6070,1.0000,15.27,0x27b590,1.0000
0x004a0741,size,"std::vector<stdext::_Hash<stdext::_Hmap_traits<unsigned_int,ParameterDB::FileData_*,stdext::hash_compare<unsigned_int,std::less<unsigned_int>_>,std::allocator<std::pair<unsigned_int_const_,ParameterDB::FileData_*>_>,0>_>::_List_position,std::allocator<stdext::_Hash<stdext::_Hmap_traits<unsigned_int,ParameterDB::FileData_*,stdext::hash_compare<unsigned_int,std::less<unsigned_int>_>,std::allocator<std::pair<unsigned_int_const_,ParameterDB::FileData_*>_>,0>_>::_List_position>_>",0x2e6070,0x6e6070,1.0000,15.27,0x27b590,1.0000
0x004a07d5,size,"std::vector<stdext::_Hash<stdext::_Hmap_traits<unsigned_int,stdext::hash_map<unsigned_int,char_const_*,stdext::hash_compare<unsigned_int,std::less<unsigned_int>_>,std::allocator<std::pair<unsigned_int_const_,char_const_*>_>_>,stdext::hash_compare<unsigned_int,std::less<unsigned_int>_>,std::allocator<std::pair<unsigned_int_const_,stdext::hash_map<unsigned_int,char_const_*,stdext::hash_compare<unsigned_int,std::less<unsigned_int>_>,std::allocator<std::pair<unsigned_int_const_,char_const_*>_>_>_>_>,0>_>::_List_position,std::allocator<stdext::_Hash<stdext::_Hmap_traits<unsigned_int,stdext::hash_map<unsigned_int,char_const_*,stdext::hash_compare<unsigned_int,std::less<unsigned_int>_>,std::allocator<std::pair<unsigned_int_const_,char_const_*>_>_>,stdext::hash_compare<unsigned_int,std::less<unsigned_int>_>,std::allocator<std::pair<unsigned_int_const_,stdext::hash_map<unsigned_int,char_const_*,stdext::hash_compare<unsigned_int,std::less<unsigned_int>_>,std::allocator<std::pair<unsigned_int_const_,char_const_*>_>_>_>_>,0>_>::_List_position>_>",0x2e6070,0x6e6070,1.0000,15.27,0x27b590,1.0000
0x004a080c,size,"std::vector<stdext::_Hash<stdext::_Hmap_traits<unsigned_int,char_const_*,stdext::hash_compare<unsigned_int,std::less<unsigned_int>_>,std::allocator<std::pair<unsigned_int_const_,char_const_*>_>,0>_>::_List_position,std::allocator<stdext::_Hash<stdext::_Hmap_traits<unsigned_int,char_const_*,stdext::hash_compare<unsigned_int,std::less<unsigned_int>_>,std::allocator<std::pair<unsigned_int_const_,char_const_*>_>,0>_>::_List_position>_>",0x2e6070,0x6e6070,1.0000,15.27,0x27b590,1.0000
0x004a8018,size,"std::vector<PowerPlant_*,std::allocator<PowerPlant_*>_>",0x2e6070,0x6e6070,1.0000,15.27,0x27b590,1.0000
0x004ada7f,size,"std::vector<Scanner_*,std::allocator<Scanner_*>_>",0x2e6070,0x6e6070,1.0000,15.27,0x27b590,1.0000
0x004e3ec3,size,"std::vector<ScorePlayer_*,std::allocator<ScorePlayer_*>_>",0x2e6070,0x6e6070,1.0000,15.27,0x27b590,1.0000
0x00516e10,size,"std::vector<ObjectClassInfo_*,std::allocator<ObjectClassInfo_*>_>",0x2e6070,0x6e6070,1.0000,15.27,0x27b590,1.0000
0x00516e4f,size,"std::vector<GridPoint,std::allocator<GridPoint>_>",0x2e6070,0x6e6070,1.0000,15.27,0x27b590,1.0000
0x0052e890,size,"std::vector<ExplosionClass_*,std::allocator<ExplosionClass_*>_>",0x2e6070,0x6e6070,1.0000,15.27,0x27b590,1.0000
0x00534ec9,size,"std::vector<OrdnanceClass_*,std::allocator<OrdnanceClass_*>_>",0x2e6070,0x6e6070,1.0000,15.27,0x27b590,1.0000
0x0053e8b2,size,"std::vector<WeaponClass_*,std::allocator<WeaponClass_*>_>",0x2e6070,0x6e6070,1.0000,15.27,0x27b590,1.0000
0x00554f3a,size,"std::vector<Player_*,std::allocator<Player_*>_>",0x2e6070,0x6e6070,1.0000,15.27,0x27b590,1.0000
0x00554fb6,size,"std::vector<PortData_*,std::allocator<PortData_*>_>",0x2e6070,0x6e6070,1.0000,15.27,0x27b590,1.0000
0x00554fe2,size,"std::vector<Server_*,std::allocator<Server_*>_>",0x2e6070,0x6e6070,1.0000,15.27,0x27b590,1.0000
0x00555039,size,"std::vector<Session_*,std::allocator<Session_*>_>",0x2e6070,0x6e6070,1.0000,15.27,0x27b590,1.0000
0x00555e31,Count,PlayerList,0x2e6070,0x6e6070,1.0000,15.27,0x27b590,1.0000
0x005b5d3f,lua_gettop,Global,0x2e6070,0x6e6070,1.0000,15.27,0x27b590,1.0000
0x005c29a4,luaB_rawget,Global,0x4343fb,0x8343fb,1.0000,15.25,0x433908,1.0000
0x005c2b84,luaB_ipairs,Global,0x4343fb,0x8343fb,1.0000,15.25,0x433908,1.0000
0x0040d418,V3DL_GetPosition,Global,0x10cdc0,0x50cdc0,0.8622,15.24,0x4094e0,0.8622
0x00413b60,FrontVector,Global,0x10cdc0,0x50cdc0,0.8622,15.24,0x4094e0,0.8622
0x00417734,UpVector,Global,0x10cdc0,0x50cdc0,0.8622,15.24,0x4094e0,0.8622
0x00459a99,RecycleTask_GetScrapPos,Global,0x10cdc0,0x50cdc0,0.8622,15.24,0x4094e0,0.8622
0x004d1388,GetViewCenter,OverView,0x10cdc0,0x50cdc0,0.8622,15.24,0x4094e0,0.8622
0x004dc457,send_ally,Global,0x6ce50,0x46ce50,0.6048,15.24,,
0x004dd331,GetStartLocation,Net,0x10cdc0,0x50cdc0,0.8622,15.24,0x4094e0,0.8622
0x004ecdd0,get_obj_front,Global,0x10cdc0,0x50cdc0,0.8622,15.24,0x4094e0,0.8622
0x0052a885,~BeamGun,BeamGun,0x7b860,0x47b860,0.5668,15.23,,
0x005c2b14,luaB_pairs,Global,0x4344ef,0x8344ef,1.0000,15.23,0x433908,0.6647
0x00571826,~CompositeButton,CompositeButton,0x175810,0x575810,0.5376,15.22,,
0x00414cbc,DoUState1,GunTowerProcess,0xe8b60,0x4e8b60,1.0000,15.20,0x3d05c0,0.6619
0x00511b58,IParse_Fill_All_Fields,Global,0x29b480,0x69b480,0.5516,15.19,,
0x004ec7c4,validate_obj,Global,0x22d370,0x62d370,0.6545,15.18,,
0x0045b5e7,InitState,RescueTask,0x1b9d40,0x5b9d40,0.5792,15.17,,
0x0044f410,operator[],"Heap_Class<Strip_*,float>",0x192450,0x592450,1.0000,15.16,0x2934e0,0.5134
0x0045efdb,SetPilotClass,Global,0x1c88e0,0x5c88e0,0.7655,15.15,0x1ce150,0.6524
0x00469368,InitPackup,UnitProcess,0x1fcb20,0x5fcb20,1.0000,15.14,0x3d05c0,0.6640
0x00415d8e,ShowTimer,CockpitTimer,0x9a020,0x49a020,0.6496,15.13,0x2c8db0,0.5594
0x00415200,HuntTask,HuntTask,0x2f7400,0x6f7400,0.8915,15.11,0x1e2480,0.7271
0x0045ee20,IsPerson,Global,0x1ca150,0x5ca150,0.5467,15.11,0x1ca400,0.5467
0x0053071c,Deactivate,ImageRefract,0xf2d70,0x4f2d70,0.9337,15.11,0x1b1d60,0.6634
0x0041580d,Inst01Event,Inst01Event,0xf5520,0x4f5520,0.7641,15.08,,
0x00482a5e,Building_New,Global,0x7ed40,0x47ed40,0.8604,15.05,0x29d1d0,0.6860
0x00480698,LoadAudioMessage,Global,0x38af0,0x438af0,0.7649,15.03,,
0x00516dc6,ScheduleGlue_Request_Escort_Goal,Global,0x290150,0x690150,0.8075,15.03,0x2a3840,0.8075
0x00516de7,ScheduleGlue_Retract_Escort_Goal_Request,Global,0x290150,0x690150,0.8075,15.03,0x2a3840,0.8075
0x00465d85,Init,TugProcess,0x1edbc0,0x5edbc0,0.7647,15.02,0x73a70,0.7129
0x004ecbd5,is_vhcl,Global,0x22df80,0x62df80,0.6284,15.02,,
0x005b7c9d,luaE_freethread,Global,0x42d672,0x82d672,1.0000,15.02,,
0x004af801,ScrapDropoff_GetObj,Global,0x42d4b1,0x82d4b1,0.8084,15.01,0x34bd0,0.5924
0x004ca370,EditTerrain_GetCameraMatrix,Global,0x27a800,0x67a800,0.5922,15.00,0xdeaa0,0.5148
0x004d327c,OverView_GetCameraMatrix,Global,0x27a800,0x67a800,0.5922,15.00,0xdeaa0,0.5148
0x00504fb2,AllocViewport,Global,0x27a800,0x67a800,0.5922,15.00,0xdeaa0,0.5148
0x0051bd4e,Squad_Add_Unit,Global,0x2a8ae0,0x6a8ae0,0.6473,15.00,,
0x00550aa5,~PlayerInfo,PlayerInfo,0x222ca0,0x622ca0,0.5084,14.95,0x22c240,0.5045
0x0040c668,Init,ArmoryProcess,0x18760,0x418760,0.7253,14.94,0x182b60,0.6335
0x0045f8f4,FireAt,Global,0x2835e0,0x6835e0,0.5339,14.94,,
0x004852a8,ConstructionRig,ConstructionRig,0x9c940,0x49c940,0.7015,14.94,0x1d9e70,0.6608
0x00451a30,~PathZone,PathZone,0xdbc00,0x4dbc00,0.7393,14.91,0xdbce0,0.6963
0x004b2e8a,Texture_Clone,Global,0x425da0,0x825da0,0.5105,14.91,,
0x00515506,PREREQ_CanThisMakeThat,Global,0x2a0560,0x6a0560,0.5030,14.90,,
0x004575d0,SetLocked,GameObject,0x1a3870,0x5a3870,0.9672,14.86,0x1e12b0,0.9672
0x004b1c93,Ally,Team,0x1a3870,0x5a3870,0.9672,14.86,0x1e12b0,0.9672
0x0047dc2c,GetAmmoGauge,APC,0x6ff80,0x46ff80,0.8167,14.84,0x1c1d60,0.5943
0x00415d0d,Start,Inst03Mission,0xf68b0,0x4f68b0,0.5079,14.83,,
0x004756b1,OwnsFloor,Global,0x45220,0x445220,0.6404,14.82,,
0x004ad946,SAVClass,SAVClass,0x1c3220,0x5c3220,0.7952,14.82,0xbc140,0.8576
0x005b63c9,lua_pushboolean,Global,0x42cbf5,0x82cbf5,0.6875,14.79,0x42ccca,0.6163
0x0044ffd0,"_Fill_n<Strip_*_*,unsigned_int,Strip_*>",std,0x42b81b,0x82b81b,0.6309,14.78,,
0x00450b90,"_Fill_n<Strip_*_*,unsigned_int,Strip_*>",std,0x42b81b,0x82b81b,0.6309,14.78,,
0x00451240,"unchecked_fill_n<Strip_*_*,unsigned_int,Strip_*>",stdext,0x42b81b,0x82b81b,0.6309,14.78,,
0x00451740,"_Uninit_fill_n<Strip_*_*,unsigned_int,Strip_*,std::allocator<Strip_*>_>",std,0x42b81b,0x82b81b,0.6309,14.78,,
0x00452270,"unchecked_uninitialized_fill_n<Strip_*_*,unsigned_int,Strip_*,std::allocator<Strip_*>_>",stdext,0x42b81b,0x82b81b,0.6309,14.78,,
0x0045e435,"_Fill_n<Scrap_*_*,unsigned_int,Scrap_*>",std,0x42b81b,0x82b81b,0.6309,14.78,,
0x0045fc85,Attack,Global,0x1ce680,0x5ce680,0.7570,14.78,0x1cbce0,0.7570
0x0045fe9a,Follow,Global,0x1ce680,0x5ce680,0.7570,14.78,0x1cbce0,0.7570
0x0045fed5,Defend,Global,0x1ce5d0,0x5ce5d0,0.7570,14.78,0x1cbd40,0.7570
0x0045ff0d,Defend2,Global,0x1ce680,0x5ce680,0.7570,14.78,0x1cbce0,0.7570
0x0045ff48,Stop,Global,0x1ce5d0,0x5ce5d0,0.7570,14.78,0x1cbd40,0.7570
0x00460042,Pickup,Global,0x1ce680,0x5ce680,0.7570,14.78,0x1cbce0,0.7570
0x0047c829,"_Fill_n<AnimSprite_*_*,unsigned_int,AnimSprite_*>",std,0x42b81b,0x82b81b,0.6309,14.78,,
0x0047f52f,"_Fill_n<Attachment_*_*,unsigned_int,Attachment_*>",std,0x42b81b,0x82b81b,0.6309,14.78,,
0x0048692b,"_Fill_n<Craft_*_*,unsigned_int,Craft_*>",std,0x42b81b,0x82b81b,0.6309,14.78,,
0x0048af8d,"_Fill_n<DistributedObject_*_*,unsigned_int,DistributedObject_*>",std,0x42b81b,0x82b81b,0.6309,14.78,,
0x0048afae,"_Fill_n<BASE_STRUCT_*_*,unsigned_int,BASE_STRUCT_*>",std,0x42b81b,0x82b81b,0.6309,14.78,,
0x00491ca4,"_Fill_n<GameFeature_*_*,unsigned_int,GameFeature_*>",std,0x42b81b,0x82b81b,0.6309,14.78,,
0x00496bd4,"_Fill_n<GameObject_*_*,unsigned_int,GameObject_*>",std,0x42b81b,0x82b81b,0.6309,14.78,,
0x0049949d,"_Fill_n<GameObjectClass_*_*,unsigned_int,GameObjectClass_*>",std,0x42b81b,0x82b81b,0.6309,14.78,,
0x0049a569,"_Fill_n<Geizer_*_*,unsigned_int,Geizer_*>",std,0x42b81b,0x82b81b,0.6309,14.78,,
0x004a8105,"_Fill_n<PowerPlant_*_*,unsigned_int,PowerPlant_*>",std,0x42b81b,0x82b81b,0.6309,14.78,,
0x004adb6c,"_Fill_n<Scanner_*_*,unsigned_int,Scanner_*>",std,0x42b81b,0x82b81b,0.6309,14.78,,
0x004e3fad,"_Fill_n<ScorePlayer_*_*,unsigned_int,ScorePlayer_*>",std,0x42b81b,0x82b81b,0.6309,14.78,,
0x004e62a8,"_Fill_n<SpawnPoint_*_*,unsigned_int,SpawnPoint_*>",std,0x42b81b,0x82b81b,0.6309,14.78,,
0x004e9bac,ZapClass,Global,0x22bab0,0x62bab0,0.5756,14.78,,
0x00517298,"_Fill_n<ObjectClassInfo_*_*,unsigned_int,ObjectClassInfo_*>",std,0x42b81b,0x82b81b,0.6309,14.78,,
0x0052eaa7,"_Fill_n<ExplosionClass_*_*,unsigned_int,ExplosionClass_*>",std,0x42b81b,0x82b81b,0.6309,14.78,,
0x005350e0,"_Fill_n<OrdnanceClass_*_*,unsigned_int,OrdnanceClass_*>",std,0x42b81b,0x82b81b,0.6309,14.78,,
0x0053eae3,"_Fill_n<WeaponClass_*_*,unsigned_int,WeaponClass_*>",std,0x42b81b,0x82b81b,0.6309,14.78,,
0x0055586e,"_Fill_n<Server_*_*,unsigned_int,Server_*>",std,0x42b81b,0x82b81b,0.6309,14.78,,
0x0055588f,"_Fill_n<Session_*_*,unsigned_int,Session_*>",std,0x42b81b,0x82b81b,0.6309,14.78,,
0x005558b0,"_Fill_n<Player_*_*,unsigned_int,Player_*>",std,0x42b81b,0x82b81b,0.6309,14.78,,
0x005558d1,"_Fill_n<PortData_*_*,unsigned_int,PortData_*>",std,0x42b81b,0x82b81b,0.6309,14.78,,
0x0040af31,Init,AOI,0x2f69d0,0x6f69d0,0.5190,14.76,,
0x0046ba3c,CleanGoto,UnitTask,0x44540,0x444540,0.8048,14.76,0x38efe0,0.7411
0x004d679f,CleanControlPlan,PathDisplay,0x44540,0x444540,0.8048,14.76,0x38efe0,0.7411
0x005717b4,~OptionBox,OptionBox,0x44540,0x444540,0.8048,14.76,0x38efe0,0.7411
0x0040d3a9,InitAttack,ArtilleryProcess,0x75af0,0x475af0,0.6702,14.75,0x27aa50,0.5894
0x0048a30e,GetRank,DistributedObject,0xbacd0,0x4bacd0,0.6689,14.75,0x1ab260,0.6689
0x004c96e2,UpdateQuake,EarthQuake,0xc0c40,0x4c0c40,0.6093,14.75,0xc0ca0,0.5287
0x00409cb2,FindPlan,Global,0x188970,0x588970,0.5731,14.73,,
0x0047626e,PointHierarchyCheck,Global,0x57240,0x457240,0.5093,14.70,,
0x00558768,SessionList,SessionList,0x79f50,0x479f50,0.6826,14.68,0x81220,0.6943
0x0047dbab,PostLoad,APC,0xa82e0,0x4a82e0,0.5996,14.67,,
0x00485fc4,PostLoad,Craft,0xa82e0,0x4a82e0,0.5996,14.67,,
0x0044c7b0,MyMessageHandler,Global,0x16e2f0,0x56e2f0,0.6378,14.65,,
0x004103b4,ChangeState,RigProcess,0x9deb0,0x49deb0,0.5238,14.64,,
0x004166ee,HideTimer,CockpitTimer,0x9a080,0x49a080,0.6447,14.64,0x9a240,0.6559
0x0046939a,PostLoad,UnitProcess,0x1f9a30,0x5f9a30,0.5705,14.62,0x1b5ce0,0.5145
0x0054ec9e,PreloadItem,Global,0x42c2ac,0x82c2ac,0.7830,14.62,0x433fb5,0.8070
0x0056f607,CleanItemList,OptionBox,0x425da0,0x825da0,0.5620,14.61,,
0x00460742,GetHealth,Global,0x1cab80,0x5cab80,0.5915,14.58,0x1cd980,0.5323
0x0051553c,PREREQ_IsValid,Global,0x2a0640,0x6a0640,0.7030,14.56,,
0x00415e4f,Setup,Inst4XMission,0x3fdef0,0x7fdef0,0.5067,14.55,0x2fa1e0,0.5067
0x004accf7,SetControlMode,Global,0x43e885,0x83e885,0.9290,14.54,,
0x00537920,RemoteDetonator,RemoteDetonator,0x1ab2c0,0x5ab2c0,0.7127,14.54,0x260c60,0.7646
0x00510cd7,Grassfire_Trash,Global,0x2990e0,0x6990e0,0.5530,14.53,,
0x0045fa8a,GetAIP,Global,0x1cb470,0x5cb470,0.5579,14.48,,
0x0056ff9a,movie_stop,AnimButton,0x196140,0x596140,0.5851,14.48,0x37450,0.5126
0x00536c33,Cleanup,ProximityMine,0x188970,0x588970,0.5111,14.43,,
0x005c1a8a,ll_sym,Global,0x42b9f2,0x82b9f2,0.7529,14.43,0x42bb89,0.7529
0x0041b930,GetLabel,Global,0x100340,0x500340,0.5758,14.42,0x1000f0,0.5758
0x0045fab0,CanCommand,Global,0x182a0,0x4182a0,0.5975,14.42,0x173060,0.5285
0x004aa7f2,PostSimulate,Producer,0x1ae610,0x5ae610,0.7519,14.42,0x43c835,0.6702
0x004ae6d0,Scavenger,Scavenger,0x1c1d90,0x5c1d90,0.6463,14.42,0x6fcf0,0.6105
0x0055613f,Add,PlayerNameList,0x3d4450,0x7d4450,0.7065,14.41,,
0x00531f5e,Cleanup,Missile,0x16a440,0x56a440,0.7808,14.40,,
0x005b5fe4,lua_equal,Global,0x42ca18,0x82ca18,0.5139,14.40,,
0x005bc5a8,luaH_new,Global,0x430f66,0x830f66,0.5205,14.37,,
0x0045e01c,SetPathType,Global,0x1ce150,0x5ce150,0.7972,14.36,0x3d0f20,0.6704
0x0045f862,SetWeaponMask,Global,0x1ce150,0x5ce150,0.7972,14.36,0x3d0f20,0.6704
0x00474abf,Cgeom_Delete,Global,0x44540,0x444540,0.9257,14.36,0x20fa0,0.8647
0x004dd3d7,SetGameName,Net,0x3c2fa0,0x7c2fa0,0.6125,14.32,0x3c2ff0,0.6125
0x004dd403,SetMissionFile,Net,0x3c2fa0,0x7c2fa0,0.6125,14.32,0x3c2ff0,0.6125
0x004dd419,Net_SetMissionFile,Global,0x3c2fa0,0x7c2fa0,0.6125,14.32,0x3c2ff0,0.6125
0x004dd8f9,Net_SetGameName,Global,0x3c2fa0,0x7c2fa0,0.6125,14.32,0x3c2ff0,0.6125
0x004dda4c,Net_SetPlayerName,Global,0x3c2fa0,0x7c2fa0,0.6125,14.32,0x3c2ff0,0.6125
0x004dda62,Net_SetTransport,Global,0x3c2fa0,0x7c2fa0,0.6125,14.32,0x3c2ff0,0.6125
0x00570ffb,check_load_voice,Global,0x1d5270,0x5d5270,0.6099,14.30,0x1d52b0,0.6168
0x00555e57,~FlagList,FlagList,0x175810,0x575810,0.6252,14.29,0x306950,0.6308
0x004a55c1,ControlSpeed,Person,0x1dfaf0,0x5dfaf0,0.5373,14.27,,
0x00558a5f,PlayerList,PlayerList,0xe7f60,0x4e7f60,0.6172,14.27,0x182b60,0.5922
0x004ea2dc,is_user_dead,Global,0x22c850,0x62c850,0.6546,14.26,0x3c6e0,0.5308
0x00468f93,ChangeState,UnitProcess,0x9deb0,0x49deb0,0.5075,14.25,,
0x0049b175,GeoCache_ClearLOD,Global,0x201200,0x601200,0.6468,14.23,0x198340,0.6468
0x004b2bd3,Texture_Delete,Global,0x201200,0x601200,0.6468,14.23,0x198340,0.6468
0x004b2bfb,Texture_Purge,Global,0x201200,0x601200,0.6468,14.23,0x198340,0.6468
0x004c32ad,ClearFade,ColorFade,0x9b480,0x49b480,0.7710,14.23,0x277a00,0.6553
0x004afa57,Save,ScrapDropoff,0x1a7ca0,0x5a7ca0,0.7372,14.22,0x172c0,0.5039
0x0046f4b4,DoState,SitSpinTask,0x208790,0x608790,0.7602,14.19,0x202790,0.6256
0x004b3c1d,ClearHazard,TurretCraft,0x1f08c0,0x5f08c0,0.7563,14.16,0x44540,0.7384
0x004bf63a,RenderMesh,CockpitRadar,0x3ed9a0,0x7ed9a0,0.6938,14.15,0xe2e60,0.6932
0x00460860,AddAmmo,Global,0x182a0,0x4182a0,0.6582,14.14,0x173060,0.6536
0x0056f3dc,CheckRollOver,ShellButton,0x17e20,0x417e20,0.6787,14.14,0x2b8ef0,0.6735
0x004170c4,SetTeamNum,Global,0x3173a0,0x7173a0,0.8473,14.08,0x328510,0.8473
0x0041710d,SetPerceivedTeam,Global,0x3173a0,0x7173a0,0.8473,14.08,0x328510,0.8473
0x00417160,SetTarget,Global,0x3173a0,0x7173a0,0.8473,14.08,0x328510,0.8473
0x004171a9,SetOwner,Global,0x3173a0,0x7173a0,0.8473,14.08,0x328510,0.8473
0x004178d5,Ally,Global,0x3173a0,0x7173a0,0.8473,14.08,0x328510,0.8473
0x00417916,UnAlly,Global,0x3173a0,0x7173a0,0.8473,14.08,0x328510,0.8473
0x00418268,SetWeaponMask,Global,0x3173a0,0x7173a0,0.8473,14.08,0x328510,0.8473
0x004182f1,FireAt,Global,0x3173a0,0x7173a0,0.8473,14.08,0x328510,0.8473
0x00418318,Damage,Global,0x3173a0,0x7173a0,0.8473,14.08,0x328510,0.8473
0x004187a8,SetIndependence,Global,0x3173a0,0x7173a0,0.8473,14.08,0x328510,0.8473
0x00418e82,SetCurAmmo,Global,0x3173a0,0x7173a0,0.8473,14.08,0x328510,0.8473
0x00418ea9,SetMaxAmmo,Global,0x3173a0,0x7173a0,0.8473,14.08,0x328510,0.8473
0x00418ed0,AddAmmo,Global,0x3173a0,0x7173a0,0.8473,14.08,0x328510,0.8473
0x00582234,TextInput_AdjustScrollPosLeft,Global,0x422f10,0x822f10,0.7536,14.08,0x358ac0,0.6894
0x0048adcc,"_Fill<stdext::_Hash<stdext::_Hmap_traits<unsigned_long,unsigned_long,stdext::hash_compare<unsigned_long,std::less<unsigned_long>_>,std::allocator<std::pair<unsigned_long_const_,unsigned_long>_>,0>_>::_List_position_*,stdext::_Hash<stdext::_Hmap_traits<unsigned_long,unsigned_long,stdext::hash_compare<unsigned_long,std::less<unsigned_long>_>,std::allocator<std::pair<unsigned_long_const_,unsigned_long>_>,0>_>::_List_position>",std,0x277900,0x677900,0.5539,14.07,,
0x0048adf5,"_Fill<stdext::_Hash<stdext::_Hmap_traits<unsigned_long,float,stdext::hash_compare<unsigned_long,std::less<unsigned_long>_>,std::allocator<std::pair<unsigned_long_const_,float>_>,0>_>::_List_position_*,stdext::_Hash<stdext::_Hmap_traits<unsigned_long,float,stdext::hash_compare<unsigned_long,std::less<unsigned_long>_>,std::allocator<std::pair<unsigned_long_const_,float>_>,0>_>::_List_position>",std,0x277900,0x677900,0.5539,14.07,,
0x0048c1bf,"fill<stdext::_Hash<stdext::_Hmap_traits<unsigned_long,unsigned_long,stdext::hash_compare<unsigned_long,std::less<unsigned_long>_>,std::allocator<std::pair<unsigned_long_const_,unsigned_long>_>,0>_>::_List_position_*,stdext::_Hash<stdext::_Hmap_traits<unsigned_long,unsigned_long,stdext::hash_compare<unsigned_long,std::less<unsigned_long>_>,std::allocator<std::pair<unsigned_long_const_,unsigned_long>_>,0>_>::_List_position>",std,0x277900,0x677900,0.5539,14.07,,
0x0048c1c4,"fill<stdext::_Hash<stdext::_Hmap_traits<unsigned_long,float,stdext::hash_compare<unsigned_long,std::less<unsigned_long>_>,std::allocator<std::pair<unsigned_long_const_,float>_>,0>_>::_List_position_*,stdext::_Hash<stdext::_Hmap_traits<unsigned_long,float,stdext::hash_compare<unsigned_long,std::less<unsigned_long>_>,std::allocator<std::pair<unsigned_long_const_,float>_>,0>_>::_List_position>",std,0x277900,0x677900,0.5539,14.07,,
0x004a0dbf,"_Fill<stdext::_Hash<stdext::_Hmap_traits<unsigned_int,ParameterDB::FileData_*,stdext::hash_compare<unsigned_int,std::less<unsigned_int>_>,std::allocator<std::pair<unsigned_int_const_,ParameterDB::FileData_*>_>,0>_>::_List_position_*,stdext::_Hash<stdext::_Hmap_traits<unsigned_int,ParameterDB::FileData_*,stdext::hash_compare<unsigned_int,std::less<unsigned_int>_>,std::allocator<std::pair<unsigned_int_const_,ParameterDB::FileData_*>_>,0>_>::_List_position>",std,0x277900,0x677900,0.5539,14.07,,
0x004a0df2,"_Fill<stdext::_Hash<stdext::_Hmap_traits<unsigned_int,char_const_*,stdext::hash_compare<unsigned_int,std::less<unsigned_int>_>,std::allocator<std::pair<unsigned_int_const_,char_const_*>_>,0>_>::_List_position_*,stdext::_Hash<stdext::_Hmap_traits<unsigned_int,char_const_*,stdext::hash_compare<unsigned_int,std::less<unsigned_int>_>,std::allocator<std::pair<unsigned_int_const_,char_const_*>_>,0>_>::_List_position>",std,0x277900,0x677900,0.5539,14.07,,
0x004a0e1b,"_Fill<stdext::_Hash<stdext::_Hmap_traits<unsigned_int,stdext::hash_map<unsigned_int,char_const_*,stdext::hash_compare<unsigned_int,std::less<unsigned_int>_>,std::allocator<std::pair<unsigned_int_const_,char_const_*>_>_>,stdext::hash_compare<unsigned_int,std::less<unsigned_int>_>,std::allocator<std::pair<unsigned_int_const_,stdext::hash_map<unsigned_int,char_const_*,stdext::hash_compare<unsigned_int,std::less<unsigned_int>_>,std::allocator<std::pair<unsigned_int_const_,char_const_*>_>_>_>_>,0>_>::_List_position_*,stdext::_Hash<stdext::_Hmap_traits<unsigned_int,stdext::hash_map<unsigned_int,char_const_*,stdext::hash_compare<unsigned_int,std::less<unsigned_int>_>,std::allocator<std::pair<unsigned_int_const_,char_const_*>_>_>,stdext::hash_compare<unsigned_int,std::less<unsigned_int>_>,std::allocator<std::pair<unsigned_int_const_,stdext::hash_map<unsigned_int,char_const_*,stdext::hash_compare<unsigned_int,std::less<unsigned_int>_>,std::allocator<std::pair<unsigned_int_const_,char_const_*>_>_>_>_>,0>_>::_List_position>",std,0x277900,0x677900,0.5539,14.07,,
0x004a1f73,"fill<stdext::_Hash<stdext::_Hmap_traits<unsigned_int,ParameterDB::FileData_*,stdext::hash_compare<unsigned_int,std::less<unsigned_int>_>,std::allocator<std::pair<unsigned_int_const_,ParameterDB::FileData_*>_>,0>_>::_List_position_*,stdext::_Hash<stdext::_Hmap_traits<unsigned_int,ParameterDB::FileData_*,stdext::hash_compare<unsigned_int,std::less<unsigned_int>_>,std::allocator<std::pair<unsigned_int_const_,ParameterDB::FileData_*>_>,0>_>::_List_position>",std,0x277900,0x677900,0.5539,14.07,,
0x004a1fc8,"fill<stdext::_Hash<stdext::_Hmap_traits<unsigned_int,char_const_*,stdext::hash_compare<unsigned_int,std::less<unsigned_int>_>,std::allocator<std::pair<unsigned_int_const_,char_const_*>_>,0>_>::_List_position_*,stdext::_Hash<stdext::_Hmap_traits<unsigned_int,char_const_*,stdext::hash_compare<unsigned_int,std::less<unsigned_int>_>,std::allocator<std::pair<unsigned_int_const_,char_const_*>_>,0>_>::_List_position>",std,0x277900,0x677900,0.5539,14.07,,
0x004a1fcd,"fill<stdext::_Hash<stdext::_Hmap_traits<unsigned_int,stdext::hash_map<unsigned_int,char_const_*,stdext::hash_compare<unsigned_int,std::less<unsigned_int>_>,std::allocator<std::pair<unsigned_int_const_,char_const_*>_>_>,stdext::hash_compare<unsigned_int,std::less<unsigned_int>_>,std::allocator<std::pair<unsigned_int_const_,stdext::hash_map<unsigned_int,char_const_*,stdext::hash_compare<unsigned_int,std::less<unsigned_int>_>,std::allocator<std::pair<unsigned_int_const_,char_const_*>_>_>_>_>,0>_>::_List_position_*,stdext::_Hash<stdext::_Hmap_traits<unsigned_int,stdext::hash_map<unsigned_int,char_const_*,stdext::hash_compare<unsigned_int,std::less<unsigned_int>_>,std::allocator<std::pair<unsigned_int_const_,char_const_*>_>_>,stdext::hash_compare<unsigned_int,std::less<unsigned_int>_>,std::allocator<std::pair<unsigned_int_const_,stdext::hash_map<unsigned_int,char_const_*,stdext::hash_compare<unsigned_int,std::less<unsigned_int>_>,std::allocator<std::pair<unsigned_int_const_,char_const_*>_>_>_>_>,0>_>::_List_position>",std,0x277900,0x677900,0.5539,14.07,,
0x005171eb,"_Fill<GridPoint_*,GridPoint>",std,0x277900,0x677900,0.5539,14.07,,
0x00518b6f,"fill<GridPoint_*,GridPoint>",std,0x277900,0x677900,0.5539,14.07,,
0x004d5747,GetObjectName,Global,0x195400,0x595400,0.5235,14.06,0x37450,0.5071
0x0040491f,AddVectors,Global,0x40130,0x440130,0.7690,14.04,,
0x00404941,SubVectors,Global,0x401a0,0x4401a0,0.7690,14.04,,
0x00504fe3,GDI_Close,Global,0x1fca00,0x5fca00,0.5211,14.03,0x1b6a90,0.5392
0x0051133d,IParse_Append_Quote_Char,Global,0x29a120,0x69a120,0.6340,14.03,,
0x00582e9a,Total_Virtual_Memory_Used,Global,0x37d510,0x77d510,0.6411,14.03,0x22cc80,0.6718
0x00548437,in_char,Global,0xce180,0x4ce180,0.7225,14.02,,
0x005080aa,AI_PartIntoTeam,Global,0x3beed0,0x7beed0,0.6891,14.01,0x28f630,0.6256
0x004803fd,RepeatLast,AudioMessageMgr,0x1a330,0x41a330,0.8540,14.00,0x2c8de0,0.7707
0x004183ae,GetAIP,Global,0x103750,0x503750,0.6069,13.99,0x106e80,0.5410
0x00570d92,CleanCurrentBackground,Global,0x34470,0x434470,0.8522,13.98,0xafe80,0.8522
0x005c3470,anchor_token,Global,0x1c10e0,0x5c10e0,0.7748,13.98,0x1b62c0,0.5555
0x005cc740,neighbors'',`dynamic_atexit_destructor_for_'NodeNeighbor,0x34470,0x434470,0.8492,13.98,0xafe80,0.8492
0x004bd652,get_key_name_from_scan_code,Global,0x34f60,0x434f60,0.5650,13.92,,
0x004ecb6b,get_obj_heading,Global,0x22d890,0x62d890,0.5604,13.92,,
0x004ecb98,get_obj_orientation,Global,0x22d890,0x62d890,0.5604,13.92,,
0x004ed457,ObjDB_GetHeading,Global,0x22d890,0x62d890,0.5604,13.92,,
0x004ed471,ObjDB_GetOrientation,Global,0x22d890,0x62d890,0.5604,13.92,,
0x004ed4b0,ObjDB_GetWorldRadius,Global,0x22d890,0x62d890,0.5604,13.92,,
0x004d1453,Cleanup,MapRadar,0xdbc00,0x4dbc00,0.8660,13.90,0xdbce0,0.8156
0x00471ceb,PlayerDone,Global,0x34470,0x434470,0.8527,13.89,0xafe80,0.8527
0x0051c274,Team_Stats_BuildingKill,Global,0x1c6230,0x5c6230,0.5497,13.89,,
0x0051c29d,Team_Stats_UnitKill,Global,0x1c6230,0x5c6230,0.5497,13.89,,
0x0045f1e5,SetOmega,Global,0x1c8f80,0x5c8f80,0.5435,13.87,0x1ce150,0.6087
0x0056fe28,ShowButton,LabelButton,0xe6360,0x4e6360,0.5815,13.85,0x9cdb0,0.6790
0x005246d8,ZSORTTerminate,Global,0x285410,0x685410,0.6549,13.84,,
0x004c479c,Cleanup,ControlPanel,0x2ba840,0x6ba840,0.5937,13.83,0x3efe70,0.5295
0x004ecc4a,dynamic_object,Global,0x45220,0x445220,0.5893,13.81,,
0x00402e48,AiMission,AiMission,0x5ca60,0x45ca60,0.5161,13.80,0x1b31c0,0.5426
0x00410347,~GoNear,GoNear,0xe5a70,0x4e5a70,0.5478,13.80,,
0x00410383,~UnBuild,UnBuild,0xe5a70,0x4e5a70,0.5478,13.80,,
0x004131fa,~GotoGeyser,GotoGeyser,0xe5a70,0x4e5a70,0.5478,13.80,,
0x00413e7a,~GotoTask,GotoTask,0xe5a70,0x4e5a70,0.5478,13.80,,
0x00414a62,~GoPoints,GoPoints,0xe5a70,0x4e5a70,0.5478,13.80,,
0x00414a79,~GoGet,GoGet,0xe5a70,0x4e5a70,0.5478,13.80,,
0x00414a90,~GoNearAndSit,GoNearAndSit,0xe5a70,0x4e5a70,0.5478,13.80,,
0x0041cfa4,~LayMinesTask,LayMinesTask,0xe5a70,0x4e5a70,0.5478,13.80,,
0x0045714a,~PersonRetreat,PersonRetreat,0xe5a70,0x4e5a70,0.5478,13.80,,
0x004571ff,~PersonGetIn,PersonGetIn,0xe5a70,0x4e5a70,0.5478,13.80,,
0x00459a30,~ScavGotoDrop,ScavGotoDrop,0xe5a70,0x4e5a70,0.5478,13.80,,
0x00459a59,~ScavGotoRepair,ScavGotoRepair,0xe5a70,0x4e5a70,0.5478,13.80,,
0x00462ea0,~SoldierRetreat,SoldierRetreat,0xe5a70,0x4e5a70,0.5478,13.80,,
0x00462eb7,~SoldierReturn,SoldierReturn,0xe5a70,0x4e5a70,0.5478,13.80,,
0x00465d4e,~TugPickup,TugPickup,0xe5a70,0x4e5a70,0.5478,13.80,,
0x00470533,RocketTankAttack,RocketTankAttack,0x366140,0x766140,0.7076,13.79,0x111690,0.7076
0x00417a94,GetObjectiveName,Global,0x101ed0,0x501ed0,0.6017,13.76,0x1001a0,0.5719
0x0050e9df,Debug_Strdup,Global,0x307f0,0x4307f0,0.5650,13.74,0x2be280,0.5309
0x0054d423,Mono_Cleanup,Global,0x41bf10,0x81bf10,0.5357,13.73,,
0x0044ef20,DistToCellRegion,Global,0x190340,0x590340,0.5953,13.69,0x66de0,0.5444
0x005711bd,SetNetworkFont2,Global,0x1d98f0,0x5d98f0,0.6186,13.65,0x1d9880,0.5282
0x0054bba7,get_cpuid,Global,0x18fb40,0x58fb40,0.5370,13.64,,
0x004cf7c7,MapJObjective,Global,0x1c88e0,0x5c88e0,0.6655,13.62,0x18d330,0.6069
0x0044f320,PathPoint,PathPoint,0x377620,0x777620,0.8475,13.59,0x191fc0,0.8475
0x00478c12,I76FatalError,Global,0x219ba0,0x619ba0,0.7148,13.59,,
0x0045fb9a,GetIndependence,Global,0x1ce580,0x5ce580,0.5610,13.56,0x1cd240,0.5610
0x00550af4,Player,Player,0xb1ec0,0x4b1ec0,0.5565,13.56,,
0x00462f0a,ChangeState,SoldierProcess,0x1d7830,0x5d7830,0.5745,13.55,,
0x0049682a,GameObject_InitRange,Global,0xdfa20,0x4dfa20,0.5278,13.55,0x1c5870,0.5090
0x004901cc,DistributedObject_ReadPermState,Global,0xb77a0,0x4b77a0,0.5103,13.54,,
0x00543b1e,GetTextureMemSize,Global,0x3c710,0x43c710,0.9277,13.54,0x3c6c0,0.6601
0x00543ad6,CountFlushes,Global,0x3a660,0x43a660,0.8381,13.52,0x170440,0.8381
0x005ad790,drft_forward,Global,0x303d70,0x703d70,0.7340,13.50,0x330900,0.7292
0x005ad7c0,drft_backward,Global,0x303d70,0x703d70,0.7340,13.50,0x330900,0.7292
0x0045d1ff,Increment_Escort_Count,ScavengerProcess,0x1d7800,0x5d7800,0.6693,13.49,0x1ed1f0,0.5413
0x0047e89f,FindMode,ModeList,0x72370,0x472370,0.5244,13.49,,
0x004bf774,GetColor,GameObject,0x92ce0,0x492ce0,0.6349,13.49,0x42c489,0.6094
0x005308fa,EnoughAmmo,Launcher,0x29ddd0,0x69ddd0,0.5558,13.49,,
0x00452c40,~PathPlan,PathPlan,0xdbc00,0x4dbc00,0.6466,13.45,0xdbce0,0.6090
0x004dd984,Net_CreatePlayer,Global,0x33ad10,0x73ad10,0.7338,13.44,0x33ad40,0.7338
0x00482a78,Building_Delete,Global,0x2ac570,0x6ac570,0.7157,13.42,0x7ed80,0.5487
0x0048af0f,"_Copy_backward_opt<stdext::_Hash<stdext::_Hmap_traits<unsigned_long,unsigned_long,stdext::hash_compare<unsigned_long,std::less<unsigned_long>_>,std::allocator<std::pair<unsigned_long_const_,unsigned_long>_>,0>_>::_List_position_*,stdext::_Hash<stdext::_Hmap_traits<unsigned_long,unsigned_long,stdext::hash_compare<unsigned_long,std::less<unsigned_long>_>,std::allocator<std::pair<unsigned_long_const_,unsigned_long>_>,0>_>::_List_position_*,std::forward_iterator_tag>",std,0x277900,0x677900,0.5410,13.42,,
0x0048af34,"_Copy_backward_opt<stdext::_Hash<stdext::_Hmap_traits<unsigned_long,float,stdext::hash_compare<unsigned_long,std::less<unsigned_long>_>,std::allocator<std::pair<unsigned_long_const_,float>_>,0>_>::_List_position_*,stdext::_Hash<stdext::_Hmap_traits<unsigned_long,float,stdext::hash_compare<unsigned_long,std::less<unsigned_long>_>,std::allocator<std::pair<unsigned_long_const_,float>_>,0>_>::_List_position_*,std::forward_iterator_tag>",std,0x277900,0x677900,0.5410,13.42,,
0x004a0f0b,"_Copy_backward_opt<stdext::_Hash<stdext::_Hmap_traits<unsigned_int,ParameterDB::FileData_*,stdext::hash_compare<unsigned_int,std::less<unsigned_int>_>,std::allocator<std::pair<unsigned_int_const_,ParameterDB::FileData_*>_>,0>_>::_List_position_*,stdext::_Hash<stdext::_Hmap_traits<unsigned_int,ParameterDB::FileData_*,stdext::hash_compare<unsigned_int,std::less<unsigned_int>_>,std::allocator<std::pair<unsigned_int_const_,ParameterDB::FileData_*>_>,0>_>::_List_position_*,std::forward_iterator_tag>",std,0x277900,0x677900,0.5410,13.42,,
0x004a0f30,"_Copy_backward_opt<stdext::_Hash<stdext::_Hmap_traits<unsigned_int,char_const_*,stdext::hash_compare<unsigned_int,std::less<unsigned_int>_>,std::allocator<std::pair<unsigned_int_const_,char_const_*>_>,0>_>::_List_position_*,stdext::_Hash<stdext::_Hmap_traits<unsigned_int,char_const_*,stdext::hash_compare<unsigned_int,std::less<unsigned_int>_>,std::allocator<std::pair<unsigned_int_const_,char_const_*>_>,0>_>::_List_position_*,std::forward_iterator_tag>",std,0x277900,0x677900,0.5410,13.42,,
0x004a0f55,"_Copy_backward_opt<stdext::_Hash<stdext::_Hmap_traits<unsigned_int,stdext::hash_map<unsigned_int,char_const_*,stdext::hash_compare<unsigned_int,std::less<unsigned_int>_>,std::allocator<std::pair<unsigned_int_const_,char_const_*>_>_>,stdext::hash_compare<unsigned_int,std::less<unsigned_int>_>,std::allocator<std::pair<unsigned_int_const_,stdext::hash_map<unsigned_int,char_const_*,stdext::hash_compare<unsigned_int,std::less<unsigned_int>_>,std::allocator<std::pair<unsigned_int_const_,char_const_*>_>_>_>_>,0>_>::_List_position_*,stdext::_Hash<stdext::_Hmap_traits<unsigned_int,stdext::hash_map<unsigned_int,char_const_*,stdext::hash_compare<unsigned_int,std::less<unsigned_int>_>,std::allocator<std::pair<unsigned_int_const_,char_const_*>_>_>,stdext::hash_compare<unsigned_int,std::less<unsigned_int>_>,std::allocator<std::pair<unsigned_int_const_,stdext::hash_map<unsigned_int,char_const_*,stdext::hash_compare<unsigned_int,std::less<unsigned_int>_>,std::allocator<std::pair<unsigned_int_const_,char_const_*>_>_>_>_>,0>_>::_List_position_*,std::forward_iterator_tag>",std,0x277900,0x677900,0.5410,13.42,,
0x004bf74f,"_Copy_backward_opt<RadarItem_*,RadarItem_*,std::forward_iterator_tag>",std,0x277900,0x677900,0.5410,13.42,,
0x00517273,"_Copy_backward_opt<GridPoint_*,GridPoint_*,std::forward_iterator_tag>",std,0x277900,0x677900,0.5410,13.42,,
0x00418f84,CameraPathDir,Global,0x107460,0x507460,0.5970,13.41,,
0x0049f5fc,IsSnipable,TurretTank,0x1b53a0,0x5b53a0,0.6604,13.41,0x2b8ef0,0.6542
0x00530925,Deselect,Launcher,0xee890,0x4ee890,0.8109,13.40,0x18760,0.9085
0x004d67bf,CleanControlPath,PathDisplay,0x3c30e0,0x7c30e0,0.8357,13.39,0x198930,0.8357
0x00550b58,Redraw,PlayerList,0x2084c0,0x6084c0,0.8445,13.39,0x2cde40,0.8445
0x00550cb9,ModifyListItem,PlayerList,0x2084c0,0x6084c0,0.8445,13.39,0x2cde40,0.8445
0x0052a048,UnPack,Beam,0x7b660,0x47b660,0.5086,13.38,,
0x00534017,Ordnance,Ordnance,0x2b3520,0x6b3520,0.6020,13.37,0x3a9e0,0.6925
0x0048160c,IsObjectPlaying,Global,0x31bd50,0x71bd50,0.6022,13.36,0x3d3310,0.5436
0x00486797,Deploy,Craft,0xae2b0,0x4ae2b0,0.5569,13.36,0xae330,0.5569
0x004867d2,Packup,Craft,0xae2b0,0x4ae2b0,0.5569,13.36,0xae330,0.5569
0x005c6566,luaK_exp2nextreg,Global,0x43c800,0x83c800,0.7290,13.32,,
0x005c645b,discharge2anyreg,Global,0x4440a0,0x8440a0,0.7344,13.28,0x43c15a,0.7885
0x0051b6d9,Remove_Goal,Scheduler,0x2a8550,0x6a8550,0.6517,13.27,0xca350,0.5900
0x0041a4f8,~LuaMission,LuaMission,0x3cc560,0x7cc560,0.7490,13.26,0x3ccc50,0.7490
0x0047bf35,~BuildingClass,BuildingClass,0x3cc560,0x7cc560,0.7490,13.26,0x3ccc50,0.7490
0x00498d7a,~GameObjectClass,GameObjectClass,0x3cc560,0x7cc560,0.7490,13.26,0x3ccc50,0.7490
0x0052cc96,~ChargeGunClass,ChargeGunClass,0x3cc560,0x7cc560,0.7490,13.26,0x3ccc50,0.7490
0x0045eca9,RemoveObject,Global,0x1cab80,0x5cab80,0.5727,13.25,0x1ce150,0.5939
0x0045eeb8,GetTeamNum,Global,0x1cab80,0x5cab80,0.5727,13.25,0x1ce150,0.5939
0x004975fa,GameObject_GetOBJ76,Global,0x1cab80,0x5cab80,0.5727,13.25,0x1ce150,0.5939
0x004a5332,Load,Person,0x19d0a0,0x59d0a0,0.6938,13.25,0x2aba00,0.5184
0x004acdb9,Load,Recycler,0x1b2eb0,0x5b2eb0,0.6938,13.25,0x1ec3e0,0.6938
0x004b3005,Load,Tug,0x1b2eb0,0x5b2eb0,0.6938,13.25,0x1ec3e0,0.6938
0x004b3036,Save,Tug,0x19d0f0,0x59d0f0,0.6938,13.25,0x1ec470,0.6938
0x005717d4,UpdateOptionBox,OptionBox,0x2a0810,0x6a0810,0.5122,13.24,0x1b53a0,0.5030
0x00468cb5,Init,UnitProcess,0x1fa6a0,0x5fa6a0,0.7290,13.23,,
0x004dda78,Net_ChatCommand,Global,0x33ada0,0x73ada0,0.5409,13.21,0x33ad70,0.5194
0x004e2e0b,GetSignedFromBitfield,Global,0x2251e0,0x6251e0,0.5222,13.21,,
0x00508dbe,AI_Team_Assign_AIP,Global,0x295560,0x695560,0.5387,13.21,,
0x0059f810,vorbis_comment_init,Global,0x377670,0x777670,0.8412,13.21,0x4ea00,0.8412
0x0052a964,EnoughAmmo,BeamGun,0xf1770,0x4f1770,0.5045,13.20,,
0x004cddc3,PostLoad,FireballEffect,0x91700,0x491700,0.5928,13.18,0xd1040,0.5862
0x0040b7a4,GetValues,AOI,0x6f5c0,0x46f5c0,0.5269,13.17,0x6f600,0.5532
0x0051935c,InitCommonGameSystems,Global,0x2a1ac0,0x6a1ac0,0.7910,13.17,0x2a3170,0.5811
0x005c5b3e,getjump,Global,0x43c3e8,0x83c3e8,0.5221,13.17,,
0x00416f08,IsValid,Global,0x1003a0,0x5003a0,0.7067,13.16,0x1003e0,0.7067
0x00416f36,IsAlive,Global,0x1003a0,0x5003a0,0.7067,13.16,0x1003e0,0.7067
0x00416f64,IsAliveAndPilot,Global,0x1003a0,0x5003a0,0.7067,13.16,0x1003e0,0.7067
0x005b6960,lua_load,Global,0x42ca58,0x82ca58,0.6747,13.15,,
0x0053a281,Control,SpecialItem,0x1d9930,0x5d9930,0.5280,13.14,,
0x005c0eb8,addintlen,Global,0x307f0,0x4307f0,0.5731,13.14,0x2be280,0.5998
0x00466fcf,ctrl_steer,Global,0x214520,0x614520,0.5502,13.13,0x1b9d40,0.5432
0x00467037,ctrl_braccel,Global,0x214520,0x614520,0.5502,13.13,0x1b9d40,0.5432
0x004acd5f,Cleanup,Recycler,0x1b2e10,0x5b2e10,0.7486,13.13,0x3d540,0.5804
0x004cff24,Inc,TimeAdjItem,0x421ec0,0x821ec0,0.6699,13.12,0x2240f0,0.7140
0x004e08a0,Net_Delete,Global,0xafe80,0x4afe80,0.8187,13.12,0x34470,0.8187
0x004d5426,PathDisplay,PathDisplay,0x2a2900,0x6a2900,0.6739,13.11,0x1c3220,0.6907
0x004906d6,OpenFromMemory,CWaveFile,0x407150,0x807150,0.7101,13.10,0x46360,0.6037
0x00504354,Device_Graphic_Close,Global,0x37450,0x437450,0.7252,13.10,0x37500,0.6619
0x0044bfa9,AddObject,MultDMMission,0x43d895,0x83d895,0.6233,13.08,0x16c950,0.5267
0x004598ed,RecyclerEnemy,RecyclerEnemy,0x2f7400,0x6f7400,0.7995,13.08,0x1b4de0,0.5554
0x0054bc65,GetMachineDefaults,Global,0x383590,0x783590,0.9146,13.07,,
0x00536b98,ProximityMine,ProximityMine,0x1b0c80,0x5b0c80,0.7243,13.06,0x1e2cf0,0.7243
0x0053c664,Torpedo,Torpedo,0x1b0c80,0x5b0c80,0.7243,13.06,0x1e2cf0,0.7243
0x00457741,InitWait,PersonProcess,0x1a3cb0,0x5a3cb0,0.5307,13.05,,
0x0045eee5,SetPerceivedTeam,Global,0x433fb5,0x833fb5,0.7254,13.05,0x44ef0,0.7601
0x0045f02c,SetTransform,Global,0x433fb5,0x833fb5,0.7254,13.05,0x44ef0,0.7601
0x0045f0ca,SetPosition,Global,0x433fb5,0x833fb5,0.7254,13.05,0x44ef0,0.7601
0x0045f194,SetVelocity,Global,0x433fb5,0x833fb5,0.7254,13.05,0x44ef0,0.7601
0x0045f3e5,SetObjectiveOn,Global,0x433fb5,0x833fb5,0.7254,13.05,0x44ef0,0.7601
0x0045f3fd,SetObjectiveOff,Global,0x433fb5,0x833fb5,0.7254,13.05,0x44ef0,0.7601
0x0045f415,SetObjectiveName,Global,0x433fb5,0x833fb5,0.7254,13.05,0x44ef0,0.7601
0x00460793,SetCurHealth,Global,0x433fb5,0x833fb5,0.7254,13.05,0x44ef0,0.7601
0x004607b1,SetMaxHealth,Global,0x433fb5,0x833fb5,0.7254,13.05,0x44ef0,0.7601
0x00460846,SetMaxAmmo,Global,0x433fb5,0x833fb5,0.7254,13.05,0x44ef0,0.7601
0x00460be6,SetCurAmmo,Global,0x433fb5,0x833fb5,0.7254,13.05,0x44ef0,0.7601
0x00556633,VehicleList,VehicleList,0x111690,0x511690,0.6734,13.04,0x1a7760,0.6734
0x004b971c,test_for_cheat,Global,0x307f0,0x4307f0,0.5297,13.03,,
0x00535ef5,Simulate,PlanarExplosion,0x1a6210,0x5a6210,0.7313,13.03,,
0x0053b3ac,TargetingGun,TargetingGun,0x25ff70,0x65ff70,0.5571,13.02,0x1c1d90,0.5244
0x005523ae,PhoneNumberList,PhoneNumberList,0x2b2f00,0x6b2f00,0.7565,13.02,0x2ac9d0,0.7386
0x0053f80b,Cleanup,WeaponMine,0x2128e0,0x6128e0,0.5659,13.00,0x183a50,0.5052
0x0045d617,ScavengerProcess,ScavengerProcess,0x2a2900,0x6a2900,0.6678,12.99,0x1c3220,0.6844
0x00451470,"~vector<Strip_*,std::allocator<Strip_*>_>","std::vector<Strip_*,std::allocator<Strip_*>_>",0xdbce0,0x4dbce0,0.6458,12.98,0xdbc00,0.6857
0x00452900,"~vector<PathPoint,std::allocator<PathPoint>_>","std::vector<PathPoint,std::allocator<PathPoint>_>",0xdbce0,0x4dbce0,0.6458,12.98,0xdbc00,0.6857
0x0056f585,SetLabelText,ShellButton,0x3c2ff0,0x7c2ff0,0.5658,12.98,0x3c2fa0,0.5658
0x00570307,SetLabelText,TextLabel,0x3c2ff0,0x7c2ff0,0.5658,12.98,0x3c2fa0,0.5658
0x00570561,SetWindowTextA,TextWindow,0x3c2ff0,0x7c2ff0,0.5658,12.98,0x3c2fa0,0.5658
0x0056f3bb,~ShellButton,ShellButton,0x2cd6e0,0x6cd6e0,0.8219,12.97,0x2a7e50,0.5220
0x00470455,InitState,WingmanBlastAttack,0x1b9d40,0x5b9d40,0.5197,12.89,,
0x004ae71f,GetAmmoGauge,Scavenger,0x1c1d60,0x5c1d60,0.7873,12.89,0x6ff80,0.6002
0x0059fba0,vorbis_info_init,Global,0x2122e0,0x6122e0,0.5912,12.89,0x111c50,0.6153
0x004cf582,CleanupJChar,Global,0x2aba00,0x6aba00,0.7628,12.88,0x2ab9e0,0.7628
0x00552e01,PreInternetDpCreate,Global,0x2ab9e0,0x6ab9e0,0.7582,12.88,0x2aba00,0.7582
0x0046753a,TurretBlastAttack,TurretBlastAttack,0x2143d0,0x6143d0,0.6739,12.87,0xf1310,0.6808
0x00470417,WingmanBlastAttack,WingmanBlastAttack,0x2143d0,0x6143d0,0.6739,12.87,0xf1310,0.6808
0x00452620,_Ufill,"std::vector<Strip_*,std::allocator<Strip_*>_>",0x42b81b,0x82b81b,0.5282,12.82,,
0x00531f35,Init,Missile,0x16a3f0,0x56a3f0,0.6022,12.80,,
0x00404bfb,Clamp,Global,0x53d10,0x453d10,0.6084,12.77,,
0x004c8fa9,Clamp<long>,Global,0x53d10,0x453d10,0.6084,12.77,,
0x004d540c,Clamp<int>,Global,0x53d10,0x453d10,0.6084,12.77,,
0x004b246e,remove_animation,Global,0xae2b0,0x4ae2b0,0.5238,12.76,0xae330,0.5238
0x00532d28,Ordnance_GetOwner,Global,0x183d90,0x583d90,0.7523,12.75,0x79f30,0.7523
0x0048b79c,"_Copy_opt<stdext::_Hash<stdext::_Hmap_traits<unsigned_long,unsigned_long,stdext::hash_compare<unsigned_long,std::less<unsigned_long>_>,std::allocator<std::pair<unsigned_long_const_,unsigned_long>_>,0>_>::_List_position_*,stdext::_Hash<stdext::_Hmap_traits<unsigned_long,unsigned_long,stdext::hash_compare<unsigned_long,std::less<unsigned_long>_>,std::allocator<std::pair<unsigned_long_const_,unsigned_long>_>,0>_>::_List_position_*>",std,0x2adc0,0x42adc0,0.6451,12.74,0xd8e00,0.5794
0x0048b7dd,"_Copy_opt<stdext::_Hash<stdext::_Hmap_traits<unsigned_long,float,stdext::hash_compare<unsigned_long,std::less<unsigned_long>_>,std::allocator<std::pair<unsigned_long_const_,float>_>,0>_>::_List_position_*,stdext::_Hash<stdext::_Hmap_traits<unsigned_long,float,stdext::hash_compare<unsigned_long,std::less<unsigned_long>_>,std::allocator<std::pair<unsigned_long_const_,float>_>,0>_>::_List_position_*>",std,0x2adc0,0x42adc0,0.6451,12.74,0xd8e00,0.5794
0x0048b89c,"_Copy_backward_opt<stdext::_Hash<stdext::_Hmap_traits<unsigned_long,unsigned_long,stdext::hash_compare<unsigned_long,std::less<unsigned_long>_>,std::allocator<std::pair<unsigned_long_const_,unsigned_long>_>,0>_>::_List_position_*,stdext::_Hash<stdext::_Hmap_traits<unsigned_long,unsigned_long,stdext::hash_compare<unsigned_long,std::less<unsigned_long>_>,std::allocator<std::pair<unsigned_long_const_,unsigned_long>_>,0>_>::_List_position_*>",std,0x2adc0,0x42adc0,0.6451,12.74,0xd8e00,0.5794
0x0048b8da,"_Copy_backward_opt<stdext::_Hash<stdext::_Hmap_traits<unsigned_long,float,stdext::hash_compare<unsigned_long,std::less<unsigned_long>_>,std::allocator<std::pair<unsigned_long_const_,float>_>,0>_>::_List_position_*,stdext::_Hash<stdext::_Hmap_traits<unsigned_long,float,stdext::hash_compare<unsigned_long,std::less<unsigned_long>_>,std::allocator<std::pair<unsigned_long_const_,float>_>,0>_>::_List_position_*>",std,0x2adc0,0x42adc0,0.6451,12.74,0xd8e00,0.5794
0x004a158c,"_Copy_opt<stdext::_Hash<stdext::_Hmap_traits<unsigned_int,ParameterDB::FileData_*,stdext::hash_compare<unsigned_int,std::less<unsigned_int>_>,std::allocator<std::pair<unsigned_int_const_,ParameterDB::FileData_*>_>,0>_>::_List_position_*,stdext::_Hash<stdext::_Hmap_traits<unsigned_int,ParameterDB::FileData_*,stdext::hash_compare<unsigned_int,std::less<unsigned_int>_>,std::allocator<std::pair<unsigned_int_const_,ParameterDB::FileData_*>_>,0>_>::_List_position_*>",std,0x2adc0,0x42adc0,0.6451,12.74,0xd8e00,0.5794
0x004a15cd,"_Copy_opt<stdext::_Hash<stdext::_Hmap_traits<unsigned_int,stdext::hash_map<unsigned_int,char_const_*,stdext::hash_compare<unsigned_int,std::less<unsigned_int>_>,std::allocator<std::pair<unsigned_int_const_,char_const_*>_>_>,stdext::hash_compare<unsigned_int,std::less<unsigned_int>_>,std::allocator<std::pair<unsigned_int_const_,stdext::hash_map<unsigned_int,char_const_*,stdext::hash_compare<unsigned_int,std::less<unsigned_int>_>,std::allocator<std::pair<unsigned_int_const_,char_const_*>_>_>_>_>,0>_>::_List_position_*,stdext::_Hash<stdext::_Hmap_traits<unsigned_int,stdext::hash_map<unsigned_int,char_const_*,stdext::hash_compare<unsigned_int,std::less<unsigned_int>_>,std::allocator<std::pair<unsigned_int_const_,char_const_*>_>_>,stdext::hash_compare<unsigned_int,std::less<unsigned_int>_>,std::allocator<std::pair<unsigned_int_const_,stdext::hash_map<unsigned_int,char_const_*,stdext::hash_compare<unsigned_int,std::less<unsigned_int>_>,std::allocator<std::pair<unsigned_int_const_,char_const_*>_>_>_>_>,0>_>::_List_position_*>",std,0x2adc0,0x42adc0,0.6451,12.74,0xd8e00,0.5794
0x004a160e,"_Copy_opt<stdext::_Hash<stdext::_Hmap_traits<unsigned_int,char_const_*,stdext::hash_compare<unsigned_int,std::less<unsigned_int>_>,std::allocator<std::pair<unsigned_int_const_,char_const_*>_>,0>_>::_List_position_*,stdext::_Hash<stdext::_Hmap_traits<unsigned_int,char_const_*,stdext::hash_compare<unsigned_int,std::less<unsigned_int>_>,std::allocator<std::pair<unsigned_int_const_,char_const_*>_>,0>_>::_List_position_*>",std,0x2adc0,0x42adc0,0.6451,12.74,0xd8e00,0.5794
0x004a168f,"_Copy_backward_opt<stdext::_Hash<stdext::_Hmap_traits<unsigned_int,ParameterDB::FileData_*,stdext::hash_compare<unsigned_int,std::less<unsigned_int>_>,std::allocator<std::pair<unsigned_int_const_,ParameterDB::FileData_*>_>,0>_>::_List_position_*,stdext::_Hash<stdext::_Hmap_traits<unsigned_int,ParameterDB::FileData_*,stdext::hash_compare<unsigned_int,std::less<unsigned_int>_>,std::allocator<std::pair<unsigned_int_const_,ParameterDB::FileData_*>_>,0>_>::_List_position_*>",std,0x2adc0,0x42adc0,0.6451,12.74,0xd8e00,0.5794
0x004a16cd,"_Copy_backward_opt<stdext::_Hash<stdext::_Hmap_traits<unsigned_int,char_const_*,stdext::hash_compare<unsigned_int,std::less<unsigned_int>_>,std::allocator<std::pair<unsigned_int_const_,char_const_*>_>,0>_>::_List_position_*,stdext::_Hash<stdext::_Hmap_traits<unsigned_int,char_const_*,stdext::hash_compare<unsigned_int,std::less<unsigned_int>_>,std::allocator<std::pair<unsigned_int_const_,char_const_*>_>,0>_>::_List_position_*>",std,0x2adc0,0x42adc0,0.6451,12.74,0xd8e00,0.5794
0x004a170b,"_Copy_backward_opt<stdext::_Hash<stdext::_Hmap_traits<unsigned_int,stdext::hash_map<unsigned_int,char_const_*,stdext::hash_compare<unsigned_int,std::less<unsigned_int>_>,std::allocator<std::pair<unsigned_int_const_,char_const_*>_>_>,stdext::hash_compare<unsigned_int,std::less<unsigned_int>_>,std::allocator<std::pair<unsigned_int_const_,stdext::hash_map<unsigned_int,char_const_*,stdext::hash_compare<unsigned_int,std::less<unsigned_int>_>,std::allocator<std::pair<unsigned_int_const_,char_const_*>_>_>_>_>,0>_>::_List_position_*,stdext::_Hash<stdext::_Hmap_traits<unsigned_int,stdext::hash_map<unsigned_int,char_const_*,stdext::hash_compare<unsigned_int,std::less<unsigned_int>_>,std::allocator<std::pair<unsigned_int_const_,char_const_*>_>_>,stdext::hash_compare<unsigned_int,std::less<unsigned_int>_>,std::allocator<std::pair<unsigned_int_const_,stdext::hash_map<unsigned_int,char_const_*,stdext::hash_compare<unsigned_int,std::less<unsigned_int>_>,std::allocator<std::pair<unsigned_int_const_,char_const_*>_>_>_>_>,0>_>::_List_position_*>",std,0x2adc0,0x42adc0,0.6451,12.74,0xd8e00,0.5794
0x004bff08,"_Copy_backward_opt<RadarItem_*,RadarItem_*>",std,0x2adc0,0x42adc0,0.6451,12.74,0xd8e00,0.5794
0x0050aeae,AIBuild_ReservedAreaNew,Global,0x27a800,0x67a800,0.5669,12.74,0x2b3480,0.5044
0x00518516,"_Copy_backward_opt<GridPoint_*,GridPoint_*>",std,0x2adc0,0x42adc0,0.6451,12.74,0xd8e00,0.5794
0x0040d35d,InitGoto,ArtilleryProcess,0x3c38d0,0x7c38d0,0.7457,12.72,0x75a30,0.7457
0x0040d370,InitFollow,ArtilleryProcess,0x3c38d0,0x7c38d0,0.7457,12.72,0x75a30,0.7457
0x0040d383,InitRescue,ArtilleryProcess,0x3c38d0,0x7c38d0,0.7457,12.72,0x75a30,0.7457
0x0040d396,InitRecycle,ArtilleryProcess,0x3c38d0,0x7c38d0,0.7457,12.72,0x75a30,0.7457
0x004673ff,InitGoto,TurretTankProcess,0x3c38d0,0x7c38d0,0.7457,12.72,0x75a30,0.7457
0x00467412,InitFollow,TurretTankProcess,0x3c38d0,0x7c38d0,0.7457,12.72,0x75a30,0.7457
0x00467425,InitRescue,TurretTankProcess,0x3c38d0,0x7c38d0,0.7457,12.72,0x75a30,0.7457
0x00467438,InitRecycle,TurretTankProcess,0x3c38d0,0x7c38d0,0.7457,12.72,0x75a30,0.7457
0x004ed1a2,obj_get_world_position,Global,0x29b480,0x69b480,0.5244,12.72,0x39de0,0.5217
0x004f4887,Graphic_Buffer_Close,Global,0x22c240,0x62c240,0.6134,12.72,,
0x00504fde,FreeViewport,Global,0x22c240,0x62c240,0.6134,12.72,,
0x004860a4,AddHealth,Craft,0xa8800,0x4a8800,0.7187,12.70,,
0x00461e42,ActualCost,ShortPath,0x1d2870,0x5d2870,0.6372,12.69,,
0x005076e5,AI_UnspentCredits,Global,0x28fa60,0x68fa60,0.5413,12.69,,
0x00550e37,GetSelection,FlagList,0x42f7b4,0x82f7b4,0.5067,12.67,,
0x0056dad7,fsm_camera_obj_obj,Global,0x421f00,0x821f00,0.6390,12.65,,
0x0044bf6c,~MultDMMission,MultDMMission,0x20f50,0x420f50,0.5224,12.64,,
0x00524115,Render_Single_Entity,Global,0x22c240,0x62c240,0.5598,12.64,0x9deb0,0.5027
0x00551d3e,Name,MapList,0x17f60,0x417f60,0.5194,12.61,0x1c4050,0.5983
0x004e0d91,FindUnusedTeam,NetPlayer,0x287ce0,0x687ce0,0.5139,12.59,,
0x005280a3,zfsFindRecordInfo,Global,0x427330,0x827330,0.7187,12.58,0x43a0d3,0.5258
0x004e7f17,Cache_Invalidate_Bsp,Global,0x61890,0x461890,0.6596,12.57,0xca350,0.6040
0x005166d1,FindSendPoints,FindSendPoints,0xbc140,0x4bc140,0.7030,12.57,0x2a2900,0.6436
0x005c9000,oggpack_reset,Global,0x4ddc0,0x44ddc0,0.5633,12.56,0x5b9c0,0.5560
0x0054d6a5,Alloc,MemoryPool,0x22c240,0x62c240,0.5770,12.55,0x43c468,0.5218
0x00480798,MessageDone,AudioMessageMgr,0x38080,0x438080,0.5293,12.54,,
0x0047b46b,Toggle_Edit_View,Global,0x21c110,0x61c110,0.6052,12.52,,
0x004bd943,GetWindowScreenCoordinates,Global,0x223e30,0x623e30,0.5770,12.50,,
0x00519764,AISchedule_PostRun,Global,0x367e30,0x767e30,0.7291,12.50,0x88260,0.7031
0x0054d318,Mono_Init,Global,0x27a800,0x67a800,0.6056,12.49,0x2b3480,0.5389
0x0054df0f,ExitFailMenu,Global,0x43eb46,0x83eb46,0.5972,12.48,0x2aa170,0.5558
0x0049fa19,~Minelayer,Minelayer,0x1fb720,0x5fb720,0.5564,12.44,0x75050,0.5854
0x00473b91,ClearCollision,Global,0x2ac9d0,0x6ac9d0,0.6997,12.43,0x366140,0.6313
0x0053b075,~TargetingGun,TargetingGun,0x16940,0x416940,0.6282,12.43,0x90e90,0.5343
0x004ed24b,obj_get_xz_position,Global,0x2ff4a0,0x6ff4a0,0.6775,12.41,0x2d8e00,0.6775
0x0044fe80,"_Construct<PathPoint,PathPoint>",std,0x2b2f70,0x6b2f70,0.5878,12.39,0x40c530,0.5822
0x00450a90,construct,std::allocator<PathPoint>,0x2b2f70,0x6b2f70,0.5878,12.39,0x40c530,0.5822
0x005c3df1,yindex,Global,0x43b767,0x83b767,0.7081,12.39,,
0x005b6b4a,lua_getallocf,Global,0x43d680,0x83d680,0.5887,12.38,,
0x0044f430,Clear,ExpandingArray<NodeNeighbor>,0x4422b0,0x8422b0,0.6373,12.37,0x192490,0.6590
0x004507f0,~ExpandingArray<NodeNeighbor>,ExpandingArray<NodeNeighbor>,0x4422b0,0x8422b0,0.6373,12.37,0x192490,0.6590
0x00555e08,~Player,Player,0x3d3da0,0x7d3da0,0.7549,12.35,0x20fd0,0.7549
0x0047057d,InitState,RocketTankAttack,0x1b9d40,0x5b9d40,0.5034,12.32,,
0x0050830f,AI_EnableTeam,Global,0x28fa90,0x68fa90,0.5013,12.32,,
0x00508355,AI_DisableTeam,Global,0x28fa90,0x68fa90,0.5013,12.32,,
0x0040180d,`scalar_deleting_destructor',std::logic_error,0x404f30,0x804f30,0.6490,12.30,0x10d030,0.6490
0x0040310d,`scalar_deleting_destructor',AiMission,0x404f30,0x804f30,0.6490,12.30,0x10d030,0.6490
0x00403b5b,`scalar_deleting_destructor',AiPath,0x404f30,0x804f30,0.6490,12.30,0x10d030,0.6490
0x00403e5a,`scalar_deleting_destructor',AiProcess,0x404f30,0x804f30,0.6490,12.30,0x10d030,0.6490
0x0040471b,`scalar_deleting_destructor',AiTask,0x404f30,0x804f30,0.6490,12.30,0x10d030,0.6490
0x0040bab1,`scalar_deleting_destructor',AOI,0x404f30,0x804f30,0.6490,12.30,0x10d030,0.6490
0x0040bb7b,`scalar_deleting_destructor',APCProcess,0x404f30,0x804f30,0.6490,12.30,0x10d030,0.6490
0x0040bf88,`scalar_deleting_destructor',APCFriend,0x404f30,0x804f30,0.6490,12.30,0x10d030,0.6490
0x0040bfba,`scalar_deleting_destructor',APCEnemy,0x404f30,0x804f30,0.6490,12.30,0x10d030,0.6490
0x0040c1e4,`scalar_deleting_destructor',APCAttack,0x404f30,0x804f30,0.6490,12.30,0x10d030,0.6490
0x0040d1ce,`scalar_deleting_destructor',ArmoryProcess,0x404f30,0x804f30,0.6490,12.30,0x10d030,0.6490
0x0040d25d,`scalar_deleting_destructor',SLFFriend,0x404f30,0x804f30,0.6490,12.30,0x10d030,0.6490
0x0040d28f,`scalar_deleting_destructor',SLFEnemy,0x404f30,0x804f30,0.6490,12.30,0x10d030,0.6490
0x0040d439,`scalar_deleting_destructor',ArtilleryProcess,0x404f30,0x804f30,0.6490,12.30,0x10d030,0.6490
0x0040dcb4,`scalar_deleting_destructor',ArtilleryFriend,0x404f30,0x804f30,0.6490,12.30,0x10d030,0.6490
0x0040dce6,`scalar_deleting_destructor',ArtilleryEnemy,0x404f30,0x804f30,0.6490,12.30,0x10d030,0.6490
0x0040ee7c,`scalar_deleting_destructor',AttackTask,0x404f30,0x804f30,0.6490,12.30,0x10d030,0.6490
0x004101dd,`scalar_deleting_destructor',Range,0x404f30,0x804f30,0.6490,12.30,0x10d030,0.6490
0x00410744,`scalar_deleting_destructor',GoNear,0x404f30,0x804f30,0.6490,12.30,0x10d030,0.6490
0x00410760,`scalar_deleting_destructor',BuildGoto,0x404f30,0x804f30,0.6490,12.30,0x10d030,0.6490
0x0041077c,`scalar_deleting_destructor',UnBuild,0x404f30,0x804f30,0.6490,12.30,0x10d030,0.6490
0x00410798,`scalar_deleting_destructor',RigProcess,0x404f30,0x804f30,0.6490,12.30,0x10d030,0.6490
0x00410b1a,`scalar_deleting_destructor',RigFriend,0x404f30,0x804f30,0.6490,12.30,0x10d030,0.6490
0x00410b4c,`scalar_deleting_destructor',RigEnemy,0x404f30,0x804f30,0.6490,12.30,0x10d030,0.6490
0x00410e41,`scalar_deleting_destructor',DefendTask,0x404f30,0x804f30,0.6490,12.30,0x10d030,0.6490
0x00411867,`scalar_deleting_destructor',FactoryProcess,0x404f30,0x804f30,0.6490,12.30,0x10d030,0.6490
0x004118b7,`scalar_deleting_destructor',MUFFriend,0x404f30,0x804f30,0.6490,12.30,0x10d030,0.6490
0x0041193f,`scalar_deleting_destructor',MUFEnemy,0x404f30,0x804f30,0.6490,12.30,0x10d030,0.6490
0x00412531,`scalar_deleting_destructor',FollowGroup,0x404f30,0x804f30,0.6490,12.30,0x10d030,0.6490
0x00412c28,`scalar_deleting_destructor',FollowTask,0x404f30,0x804f30,0.6490,12.30,0x10d030,0.6490
0x00412c70,`scalar_deleting_destructor',GechProcess,0x404f30,0x804f30,0.6490,12.30,0x10d030,0.6490
0x00412f81,`scalar_deleting_destructor',GechFriend,0x404f30,0x804f30,0.6490,12.30,0x10d030,0.6490
0x00412fb3,`scalar_deleting_destructor',GechEnemy,0x404f30,0x804f30,0.6490,12.30,0x10d030,0.6490
0x004131b6,`scalar_deleting_destructor',GechAttack,0x404f30,0x804f30,0.6490,12.30,0x10d030,0.6490
0x004132a7,`scalar_deleting_destructor',GotoGeyser,0x404f30,0x804f30,0.6490,12.30,0x10d030,0.6490
0x00414aae,`scalar_deleting_destructor',GotoTask,0x404f30,0x804f30,0.6490,12.30,0x10d030,0.6490
0x00414be9,`scalar_deleting_destructor',GoPoints,0x404f30,0x804f30,0.6490,12.30,0x10d030,0.6490
0x00414c05,`scalar_deleting_destructor',GoGet,0x404f30,0x804f30,0.6490,12.30,0x10d030,0.6490
0x00414c21,`scalar_deleting_destructor',GoNearAndSit,0x404f30,0x804f30,0.6490,12.30,0x10d030,0.6490
0x00414daa,`scalar_deleting_destructor',GunTowerProcess,0x404f30,0x804f30,0.6490,12.30,0x10d030,0.6490
0x00414f6b,`scalar_deleting_destructor',GunTowerFriend,0x404f30,0x804f30,0.6490,12.30,0x10d030,0.6490
0x00414f9d,`scalar_deleting_destructor',GunTowerEnemy,0x404f30,0x804f30,0.6490,12.30,0x10d030,0.6490
0x004150f5,`scalar_deleting_destructor',GunTowerAttack,0x404f30,0x804f30,0.6490,12.30,0x10d030,0.6490
0x0041595e,`scalar_deleting_destructor',Inst01Event,0x404f30,0x804f30,0.6490,12.30,0x10d030,0.6490
0x00416687,`scalar_deleting_destructor',Inst4XMission,0x404f30,0x804f30,0.6490,12.30,0x10d030,0.6490
0x004198f4,`scalar_deleting_destructor',ParameterDB,0x404f30,0x804f30,0.6490,12.30,0x10d030,0.6490
0x0041c424,`scalar_deleting_destructor',LuaMission,0x404f30,0x804f30,0.6490,12.30,0x10d030,0.6490
0x0041d3ce,`scalar_deleting_destructor',LayMinesTask,0x404f30,0x804f30,0.6490,12.30,0x10d030,0.6490
0x0041d3ea,`scalar_deleting_destructor',MineLayerProcess,0x404f30,0x804f30,0.6490,12.30,0x10d030,0.6490
0x0041d670,`scalar_deleting_destructor',MineLayerFriend,0x404f30,0x804f30,0.6490,12.30,0x10d030,0.6490
0x0041d68c,`scalar_deleting_destructor',MineLayerEnemy,0x404f30,0x804f30,0.6490,12.30,0x10d030,0.6490
0x0044bfea,`scalar_deleting_destructor',MultDMEvent,0x404f30,0x804f30,0.6490,12.30,0x10d030,0.6490
0x0044c1e3,`scalar_deleting_destructor',MultDMMission,0x404f30,0x804f30,0.6490,12.30,0x10d030,0.6490
0x0044c964,`scalar_deleting_destructor',MultGEvent,0x404f30,0x804f30,0.6490,12.30,0x10d030,0.6490
0x0044d268,`scalar_deleting_destructor',MultSTMission,0x404f30,0x804f30,0.6490,12.30,0x10d030,0.6490
0x0044dcee,`scalar_deleting_destructor',OffensiveProcess,0x404f30,0x804f30,0.6490,12.30,0x10d030,0.6490
0x00456a40,`scalar_deleting_destructor',PathSpawn,0x404f30,0x804f30,0.6490,12.30,0x10d030,0.6490
0x004575fa,`scalar_deleting_destructor',PersonRetreat,0x404f30,0x804f30,0.6490,12.30,0x10d030,0.6490
0x00457616,`scalar_deleting_destructor',PersonGetIn,0x404f30,0x804f30,0.6490,12.30,0x10d030,0.6490
0x00457632,`scalar_deleting_destructor',PersonProcess,0x404f30,0x804f30,0.6490,12.30,0x10d030,0.6490
0x00457cec,`scalar_deleting_destructor',PersonFriend,0x404f30,0x804f30,0.6490,12.30,0x10d030,0.6490
0x00457d2f,`scalar_deleting_destructor',PersonEnemy,0x404f30,0x804f30,0.6490,12.30,0x10d030,0.6490
0x0045855f,`scalar_deleting_destructor',PersonAttack,0x404f30,0x804f30,0.6490,12.30,0x10d030,0.6490
0x0045991a,`scalar_deleting_destructor',RecyclerProcess,0x404f30,0x804f30,0.6490,12.30,0x10d030,0.6490
0x004599a9,`scalar_deleting_destructor',RecyclerFriend,0x404f30,0x804f30,0.6490,12.30,0x10d030,0.6490
0x004599db,`scalar_deleting_destructor',RecyclerEnemy,0x404f30,0x804f30,0.6490,12.30,0x10d030,0.6490
0x0045a099,`scalar_deleting_destructor',ScavGotoDrop,0x404f30,0x804f30,0.6490,12.30,0x10d030,0.6490
0x0045a0b5,`scalar_deleting_destructor',ScavGotoRepair,0x404f30,0x804f30,0.6490,12.30,0x10d030,0.6490
0x0045af68,`scalar_deleting_destructor',ScavGotoScrap,0x404f30,0x804f30,0.6490,12.30,0x10d030,0.6490
0x0045b1c8,`scalar_deleting_destructor',RecycleTask,0x404f30,0x804f30,0.6490,12.30,0x10d030,0.6490
0x0045b938,`scalar_deleting_destructor',RescueTask,0x404f30,0x804f30,0.6490,12.30,0x10d030,0.6490
0x0045b9b6,`scalar_deleting_destructor',SAVProcess,0x404f30,0x804f30,0.6490,12.30,0x10d030,0.6490
0x0045bd0d,`scalar_deleting_destructor',SAVEnemy,0x404f30,0x804f30,0.6490,12.30,0x10d030,0.6490
0x0045c2f1,`scalar_deleting_destructor',SAVAttackPersonTask,0x404f30,0x804f30,0.6490,12.30,0x10d030,0.6490
0x0045c30d,`scalar_deleting_destructor',SAVAttackVehicleTask,0x404f30,0x804f30,0.6490,12.30,0x10d030,0.6490
0x0045dc1b,`scalar_deleting_destructor',ScavengerProcess,0x404f30,0x804f30,0.6490,12.30,0x10d030,0.6490
0x0045dcaa,`scalar_deleting_destructor',ScavengerFriend,0x404f30,0x804f30,0.6490,12.30,0x10d030,0.6490
0x0045dcc6,`scalar_deleting_destructor',ScavengerEnemy,0x404f30,0x804f30,0.6490,12.30,0x10d030,0.6490
0x00462ed6,`scalar_deleting_destructor',SoldierProcess,0x404f30,0x804f30,0.6490,12.30,0x10d030,0.6490
0x00463199,`scalar_deleting_destructor',SoldierRetreat,0x404f30,0x804f30,0.6490,12.30,0x10d030,0.6490
0x004631b5,`scalar_deleting_destructor',SoldierReturn,0x404f30,0x804f30,0.6490,12.30,0x10d030,0.6490
0x00463395,`scalar_deleting_destructor',SoldierFriend,0x404f30,0x804f30,0.6490,12.30,0x10d030,0.6490
0x004633c7,`scalar_deleting_destructor',SoldierEnemy,0x404f30,0x804f30,0.6490,12.30,0x10d030,0.6490
0x00463911,`scalar_deleting_destructor',SoldierAttack,0x404f30,0x804f30,0.6490,12.30,0x10d030,0.6490
0x00466122,`scalar_deleting_destructor',TugPickup,0x404f30,0x804f30,0.6490,12.30,0x10d030,0.6490
0x00466f1e,`scalar_deleting_destructor',TugProcess,0x404f30,0x804f30,0.6490,12.30,0x10d030,0.6490
0x00466f97,`scalar_deleting_destructor',TugFriend,0x404f30,0x804f30,0.6490,12.30,0x10d030,0.6490
0x00466fb3,`scalar_deleting_destructor',TugEnemy,0x404f30,0x804f30,0.6490,12.30,0x10d030,0.6490
0x00467713,`scalar_deleting_destructor',TurretTankProcess,0x404f30,0x804f30,0.6490,12.30,0x10d030,0.6490
0x00467913,`scalar_deleting_destructor',TurretTankFriend,0x404f30,0x804f30,0.6490,12.30,0x10d030,0.6490
0x00467948,`scalar_deleting_destructor',TurretTankEnemy,0x404f30,0x804f30,0.6490,12.30,0x10d030,0.6490
0x00467a8d,`scalar_deleting_destructor',TurretBlastAttack,0x404f30,0x804f30,0.6490,12.30,0x10d030,0.6490
0x00467aa9,`scalar_deleting_destructor',TurretAttack,0x404f30,0x804f30,0.6490,12.30,0x10d030,0.6490
0x0046a485,`scalar_deleting_destructor',UnitProcess,0x404f30,0x804f30,0.6490,12.30,0x10d030,0.6490
0x0046d6c3,`scalar_deleting_destructor',SitTask,0x404f30,0x804f30,0.6490,12.30,0x10d030,0.6490
0x0046d6f1,`scalar_deleting_destructor',SitSpinTask,0x404f30,0x804f30,0.6490,12.30,0x10d030,0.6490
0x0046d71f,`scalar_deleting_destructor',CircleTask,0x404f30,0x804f30,0.6490,12.30,0x10d030,0.6490
0x0046d74d,`scalar_deleting_destructor',CoastTask,0x404f30,0x804f30,0.6490,12.30,0x10d030,0.6490
0x0046d769,`scalar_deleting_destructor',UnitTask,0x404f30,0x804f30,0.6490,12.30,0x10d030,0.6490
0x004700e8,`scalar_deleting_destructor',UserProcess,0x404f30,0x804f30,0.6490,12.30,0x10d030,0.6490
0x004702f4,`scalar_deleting_destructor',TankProcess,0x404f30,0x804f30,0.6490,12.30,0x10d030,0.6490
0x0047035b,`scalar_deleting_destructor',ScoutProcess,0x404f30,0x804f30,0.6490,12.30,0x10d030,0.6490
0x004703b1,`scalar_deleting_destructor',BomberProcess,0x404f30,0x804f30,0.6490,12.30,0x10d030,0.6490
0x004704cd,`scalar_deleting_destructor',RocketTankProcess,0x404f30,0x804f30,0.6490,12.30,0x10d030,0.6490
0x004705ce,`scalar_deleting_destructor',WingmanProcess,0x404f30,0x804f30,0.6490,12.30,0x10d030,0.6490
0x00470741,`scalar_deleting_destructor',TankFriend,0x404f30,0x804f30,0.6490,12.30,0x10d030,0.6490
0x00470781,`scalar_deleting_destructor',TankEnemy,0x404f30,0x804f30,0.6490,12.30,0x10d030,0.6490
0x004707b4,`scalar_deleting_destructor',ScoutFriend,0x404f30,0x804f30,0.6490,12.30,0x10d030,0.6490
0x004707e6,`scalar_deleting_destructor',ScoutEnemy,0x404f30,0x804f30,0.6490,12.30,0x10d030,0.6490
0x00470819,`scalar_deleting_destructor',BomberFriend,0x404f30,0x804f30,0.6490,12.30,0x10d030,0.6490
0x00470859,`scalar_deleting_destructor',BomberEnemy,0x404f30,0x804f30,0.6490,12.30,0x10d030,0.6490
0x00470b25,`scalar_deleting_destructor',RocketTankFriend,0x404f30,0x804f30,0.6490,12.30,0x10d030,0.6490
0x00470b57,`scalar_deleting_destructor',RocketTankEnemy,0x404f30,0x804f30,0.6490,12.30,0x10d030,0.6490
0x00470dfd,`scalar_deleting_destructor',WingmanBlastAttack,0x404f30,0x804f30,0.6490,12.30,0x10d030,0.6490
0x00470e19,`scalar_deleting_destructor',RocketTankAttack,0x404f30,0x804f30,0.6490,12.30,0x10d030,0.6490
0x0047bd25,`scalar_deleting_destructor',AmmoPowerup,0x404f30,0x804f30,0.6490,12.30,0x10d030,0.6490
0x0047bfbf,`scalar_deleting_destructor',AnimBuilding,0x404f30,0x804f30,0.6490,12.30,0x10d030,0.6490
0x0047d872,`scalar_deleting_destructor',AnimSprite,0x404f30,0x804f30,0.6490,12.30,0x10d030,0.6490
0x0047dd44,`scalar_deleting_destructor',APC,0x404f30,0x804f30,0.6490,12.30,0x10d030,0.6490
0x0047e94d,`scalar_deleting_destructor',Armory,0x404f30,0x804f30,0.6490,12.30,0x10d030,0.6490
0x0047f33b,`scalar_deleting_destructor',Artifact,0x404f30,0x804f30,0.6490,12.30,0x10d030,0.6490
0x0047f918,`scalar_deleting_destructor',Attachable,0x404f30,0x804f30,0.6490,12.30,0x10d030,0.6490
0x00482588,`scalar_deleting_destructor',Barracks,0x404f30,0x804f30,0.6490,12.30,0x10d030,0.6490
0x00482c3a,`scalar_deleting_destructor',Building,0x404f30,0x804f30,0.6490,12.30,0x10d030,0.6490
0x00483582,`scalar_deleting_destructor',BuildingClass,0x404f30,0x804f30,0.6490,12.30,0x10d030,0.6490
0x004849d8,`scalar_deleting_destructor',CameraPod,0x404f30,0x804f30,0.6490,12.30,0x10d030,0.6490
0x00484c25,`scalar_deleting_destructor',Scanner,0x404f30,0x804f30,0.6490,12.30,0x10d030,0.6490
0x00484e49,`scalar_deleting_destructor',CommTower,0x404f30,0x804f30,0.6490,12.30,0x10d030,0.6490
0x00485530,`scalar_deleting_destructor',ConstructionRig,0x404f30,0x804f30,0.6490,12.30,0x10d030,0.6490
0x00489749,`scalar_deleting_destructor',Craft,0x404f30,0x804f30,0.6490,12.30,0x10d030,0.6490
0x00491320,`scalar_deleting_destructor',CWaveFile,0x404f30,0x804f30,0.6490,12.30,0x10d030,0.6490
0x004919ac,`scalar_deleting_destructor',CSound,0x404f30,0x804f30,0.6490,12.30,0x10d030,0.6490
0x00491a1f,`scalar_deleting_destructor',Factory,0x404f30,0x804f30,0.6490,12.30,0x10d030,0.6490
0x004987d3,`scalar_deleting_destructor',GameObject,0x404f30,0x804f30,0.6490,12.30,0x10d030,0.6490
0x004994ee,`scalar_deleting_destructor',GameObjectClass,0x404f30,0x804f30,0.6490,12.30,0x10d030,0.6490
0x0049af65,`scalar_deleting_destructor',Geizer,0x404f30,0x804f30,0.6490,12.30,0x10d030,0.6490
0x0049c177,`scalar_deleting_destructor',HealthPowerup,0x404f30,0x804f30,0.6490,12.30,0x10d030,0.6490
0x0049d01c,`scalar_deleting_destructor',HoverCraft,0x404f30,0x804f30,0.6490,12.30,0x10d030,0.6490
0x0049f631,`scalar_deleting_destructor',Howitzer,0x404f30,0x804f30,0.6490,12.30,0x10d030,0.6490
0x0049fa59,`scalar_deleting_destructor',Minelayer,0x404f30,0x804f30,0.6490,12.30,0x10d030,0.6490
0x004a25f2,"_Fill<stdext::_Hash<stdext::_Hmap_traits<unsigned_int,char_const_*,stdext::hash_compare<unsigned_int,std::less<unsigned_int>_>,std::allocator<std::pair<unsigned_int_const_,char_const_*>_>,0>_>::_List_position_*,std::list<std::pair<unsigned_int_const_,char_const_*>,std::allocator<std::pair<unsigned_int_const_,char_const_*>_>_>::_Iterator<1>_>",std,0x277900,0x677900,0.5083,12.30,,
0x004a4ae6,`scalar_deleting_destructor',ParameterDB::FileData,0x404f30,0x804f30,0.6490,12.30,0x10d030,0.6490
0x004a55a5,`scalar_deleting_destructor',Person,0x404f30,0x804f30,0.6490,12.30,0x10d030,0.6490
0x004a8a2f,`scalar_deleting_destructor',PowerPlant,0x404f30,0x804f30,0.6490,12.30,0x10d030,0.6490
0x004a8fe3,`scalar_deleting_destructor',PowerUp,0x404f30,0x804f30,0.6490,12.30,0x10d030,0.6490
0x004aacb2,`scalar_deleting_destructor',Producer,0x404f30,0x804f30,0.6490,12.30,0x10d030,0.6490
0x004ace5a,`scalar_deleting_destructor',Recycler,0x404f30,0x804f30,0.6490,12.30,0x10d030,0.6490
0x004acf94,`scalar_deleting_destructor',RepairDepot,0x404f30,0x804f30,0.6490,12.30,0x10d030,0.6490
0x004ad444,`scalar_deleting_destructor',SAV,0x404f30,0x804f30,0.6490,12.30,0x10d030,0.6490
0x004ae891,`scalar_deleting_destructor',Scavenger,0x404f30,0x804f30,0.6490,12.30,0x10d030,0.6490
0x004af608,`scalar_deleting_destructor',Scrap,0x404f30,0x804f30,0.6490,12.30,0x10d030,0.6490
0x004afaa4,`scalar_deleting_destructor',ScrapDropoff,0x404f30,0x804f30,0.6490,12.30,0x10d030,0.6490
0x004afd56,`scalar_deleting_destructor',ScrapField,0x404f30,0x804f30,0.6490,12.30,0x10d030,0.6490
0x004afea0,`scalar_deleting_destructor',ShieldTower,0x404f30,0x804f30,0.6490,12.30,0x10d030,0.6490
0x004b08cd,`scalar_deleting_destructor',ScrapSilo,0x404f30,0x804f30,0.6490,12.30,0x10d030,0.6490
0x004b10e8,`scalar_deleting_destructor',SpawnPoint,0x404f30,0x804f30,0.6490,12.30,0x10d030,0.6490
0x004b1200,`scalar_deleting_destructor',SpawnBuoy,0x404f30,0x804f30,0.6490,12.30,0x10d030,0.6490
0x004b1656,`scalar_deleting_destructor',CStreamingOggSound,0x404f30,0x804f30,0.6490,12.30,0x10d030,0.6490
0x004b185e,`scalar_deleting_destructor',SupplyDepot,0x404f30,0x804f30,0.6490,12.30,0x10d030,0.6490
0x004b3a1a,`scalar_deleting_destructor',Tug,0x404f30,0x804f30,0.6490,12.30,0x10d030,0.6490
0x004b404c,`scalar_deleting_destructor',TurretCraft,0x404f30,0x804f30,0.6490,12.30,0x10d030,0.6490
0x004b4d8a,`scalar_deleting_destructor',TurretTank,0x404f30,0x804f30,0.6490,12.30,0x10d030,0.6490
0x004b70e8,`scalar_deleting_destructor',Walker,0x404f30,0x804f30,0.6490,12.30,0x10d030,0.6490
0x004b91e3,`scalar_deleting_destructor',WeaponPowerup,0x404f30,0x804f30,0.6490,12.30,0x10d030,0.6490
0x004b95b2,`scalar_deleting_destructor',Wingman,0x404f30,0x804f30,0.6490,12.30,0x10d030,0.6490
0x004bf3f2,`scalar_deleting_destructor',CockpitRadar,0x404f30,0x804f30,0.6490,12.30,0x10d030,0.6490
0x004c15b4,`scalar_deleting_destructor',SelectionDisplay,0x404f30,0x804f30,0.6490,12.30,0x10d030,0.6490
0x004c177e,`scalar_deleting_destructor',HardPoints,0x404f30,0x804f30,0.6490,12.30,0x10d030,0.6490
0x004c1844,`scalar_deleting_destructor',BoundingBox,0x404f30,0x804f30,0.6490,12.30,0x10d030,0.6490
0x004c2d36,`scalar_deleting_destructor',CockpitTimer,0x404f30,0x804f30,0.6490,12.30,0x10d030,0.6490
0x004c8e76,`scalar_deleting_destructor',DisplayInterface,0x404f30,0x804f30,0.6490,12.30,0x10d030,0.6490
0x004c9945,`scalar_deleting_destructor',EditTerrain,0x404f30,0x804f30,0.6490,12.30,0x10d030,0.6490
0x004cedb2,`scalar_deleting_destructor',HoverInterface,0x404f30,0x804f30,0.6490,12.30,0x10d030,0.6490
0x004cefc1,`scalar_deleting_destructor',InfoDisplay,0x404f30,0x804f30,0.6490,12.30,0x10d030,0.6490
0x004d06c2,`scalar_deleting_destructor',InternalAdjuster,0x404f30,0x804f30,0.6490,12.30,0x10d030,0.6490
0x004d13e8,`scalar_deleting_destructor',MapRadar,0x404f30,0x804f30,0.6490,12.30,0x10d030,0.6490
0x004d3096,`scalar_deleting_destructor',OverView,0x404f30,0x804f30,0.6490,12.30,0x10d030,0.6490
0x004d472d,`scalar_deleting_destructor',WorldInterface,0x404f30,0x804f30,0.6490,12.30,0x10d030,0.6490
0x004db74f,`scalar_deleting_destructor',TargetCam,0x404f30,0x804f30,0.6490,12.30,0x10d030,0.6490
0x004df1a0,`scalar_deleting_destructor',Net,0x404f30,0x804f30,0.6490,12.30,0x10d030,0.6490
0x004e27e6,`scalar_deleting_destructor',NetPlayer,0x404f30,0x804f30,0.6490,12.30,0x10d030,0.6490
0x00508c50,`scalar_deleting_destructor',Mapgrid_Goal,0x404f30,0x804f30,0.6490,12.30,0x10d030,0.6490
0x00508da2,`scalar_deleting_destructor',Scheduler,0x404f30,0x804f30,0.6490,12.30,0x10d030,0.6490
0x005174c9,`scalar_deleting_destructor',UnitTypeAttachment,0x404f30,0x804f30,0.6490,12.30,0x10d030,0.6490
0x005174e5,`scalar_deleting_destructor',UnitAttachment,0x404f30,0x804f30,0.6490,12.30,0x10d030,0.6490
0x00517627,`scalar_deleting_destructor',BuildingTypeAttachment,0x404f30,0x804f30,0.6490,12.30,0x10d030,0.6490
0x00519d0b,`scalar_deleting_destructor',FindSendPoints,0x404f30,0x804f30,0.6490,12.30,0x10d030,0.6490
0x0051b5fc,`scalar_deleting_destructor',Goal,0x404f30,0x804f30,0.6490,12.30,0x10d030,0.6490
0x0051c059,`scalar_deleting_destructor',matrix<unsigned_char>,0x404f30,0x804f30,0.6490,12.30,0x10d030,0.6490
0x0052a948,`scalar_deleting_destructor',BeamGun,0x404f30,0x804f30,0.6490,12.30,0x10d030,0.6490
0x0052ccde,`scalar_deleting_destructor',ChargeGunClass,0x404f30,0x804f30,0.6490,12.30,0x10d030,0.6490
0x0052d10f,`scalar_deleting_destructor',DayWrecker,0x404f30,0x804f30,0.6490,12.30,0x10d030,0.6490
0x0052d3ec,`scalar_deleting_destructor',DayWreckerClass,0x404f30,0x804f30,0.6490,12.30,0x10d030,0.6490
0x0052eaf8,`scalar_deleting_destructor',ExplosionClass,0x404f30,0x804f30,0.6490,12.30,0x10d030,0.6490
0x0052fd99,`scalar_deleting_destructor',FlareMine,0x404f30,0x804f30,0.6490,12.30,0x10d030,0.6490
0x005307a2,`scalar_deleting_destructor',ImageRefract,0x404f30,0x804f30,0.6490,12.30,0x10d030,0.6490
0x00530f2b,`scalar_deleting_destructor',LauncherClass,0x404f30,0x804f30,0.6490,12.30,0x10d030,0.6490
0x005317e9,`scalar_deleting_destructor',MagnetMine,0x404f30,0x804f30,0.6490,12.30,0x10d030,0.6490
0x00531de4,`scalar_deleting_destructor',Mine,0x404f30,0x804f30,0.6490,12.30,0x10d030,0.6490
0x00534d67,`scalar_deleting_destructor',Ordnance,0x404f30,0x804f30,0.6490,12.30,0x10d030,0.6490
0x00535131,`scalar_deleting_destructor',OrdnanceClass,0x404f30,0x804f30,0.6490,12.30,0x10d030,0.6490
0x00536db9,`scalar_deleting_destructor',ProximityMine,0x404f30,0x804f30,0.6490,12.30,0x10d030,0.6490
0x00537413,`scalar_deleting_destructor',RadarDamper,0x404f30,0x804f30,0.6490,12.30,0x10d030,0.6490
0x00537d74,`scalar_deleting_destructor',RemoteDetonator,0x404f30,0x804f30,0.6490,12.30,0x10d030,0.6490
0x00538cee,`scalar_deleting_destructor',SeismicWave,0x404f30,0x804f30,0.6490,12.30,0x10d030,0.6490
0x0053a75d,`scalar_deleting_destructor',SprayBuilding,0x404f30,0x804f30,0.6490,12.30,0x10d030,0.6490
0x0053b416,`scalar_deleting_destructor',TargetingGun,0x404f30,0x804f30,0.6490,12.30,0x10d030,0.6490
0x0053bf8b,`scalar_deleting_destructor',TerrainExpose,0x404f30,0x804f30,0.6490,12.30,0x10d030,0.6490
0x0053c8e1,`scalar_deleting_destructor',Torpedo,0x404f30,0x804f30,0.6490,12.30,0x10d030,0.6490
0x0053e808,`scalar_deleting_destructor',Weapon,0x404f30,0x804f30,0.6490,12.30,0x10d030,0.6490
0x0053f897,`scalar_deleting_destructor',WeaponMine,0x404f30,0x804f30,0.6490,12.30,0x10d030,0.6490
0x00550b3c,`scalar_deleting_destructor',PlayerInfo,0x404f30,0x804f30,0.6490,12.30,0x10d030,0.6490
0x00550e5c,`scalar_deleting_destructor',ShellBitmap,0x404f30,0x804f30,0.6490,12.30,0x10d030,0.6490
0x00552ccc,`scalar_deleting_destructor',TextLabel,0x404f30,0x804f30,0.6490,12.30,0x10d030,0.6490
0x00552ce8,`scalar_deleting_destructor',ShellButton,0x404f30,0x804f30,0.6490,12.30,0x10d030,0.6490
0x00552e58,`scalar_deleting_destructor',OptionBox,0x404f30,0x804f30,0.6490,12.30,0x10d030,0.6490
0x00552e74,`scalar_deleting_destructor',TextWindow,0x404f30,0x804f30,0.6490,12.30,0x10d030,0.6490
0x00553175,`scalar_deleting_destructor',SimpleVehicleList,0x404f30,0x804f30,0.6490,12.30,0x10d030,0.6490
0x00553191,`scalar_deleting_destructor',TabTextWindow,0x404f30,0x804f30,0.6490,12.30,0x10d030,0.6490
0x00555e3b,`scalar_deleting_destructor',Player,0x404f30,0x804f30,0.6490,12.30,0x10d030,0.6490
0x00557113,`scalar_deleting_destructor',FlagList,0x404f30,0x804f30,0.6490,12.30,0x10d030,0.6490
0x0055712f,`scalar_deleting_destructor',VehicleList,0x404f30,0x804f30,0.6490,12.30,0x10d030,0.6490
0x00558952,`scalar_deleting_destructor',SessionList,0x404f30,0x804f30,0.6490,12.30,0x10d030,0.6490
0x00558a43,`scalar_deleting_destructor',GameSessionList,0x404f30,0x804f30,0.6490,12.30,0x10d030,0.6490
0x0055af09,`scalar_deleting_destructor',ServerList,0x404f30,0x804f30,0.6490,12.30,0x10d030,0.6490
0x0055c1b3,`scalar_deleting_destructor',PlayerList,0x404f30,0x804f30,0.6490,12.30,0x10d030,0.6490
0x0055c1ff,`scalar_deleting_destructor',GamePlayerList,0x404f30,0x804f30,0.6490,12.30,0x10d030,0.6490
0x0055c30f,`scalar_deleting_destructor',SyncGamePlayerList,0x404f30,0x804f30,0.6490,12.30,0x10d030,0.6490
0x005714b2,`scalar_deleting_destructor',ShellScrollBar,0x404f30,0x804f30,0.6490,12.30,0x10d030,0.6490
0x0057209c,`scalar_deleting_destructor',AnimButton,0x404f30,0x804f30,0.6490,12.30,0x10d030,0.6490
0x0051ba9a,~Scheduler,Scheduler,0x2a7e50,0x6a7e50,0.7167,12.29,0x439934,0.6591
0x0044efe0,DrawStrip,Global,0x190bf0,0x590bf0,0.5048,12.28,,
0x0044bf3f,MultDMMission,MultDMMission,0x16b320,0x56b320,0.5724,12.27,0x277a00,0.5652
0x0048a281,RecordDeath,DistributedObject,0x2796d0,0x6796d0,0.7022,12.26,,
0x004716b3,IsObj76Destroyed,Global,0x3d170,0x43d170,0.6050,12.25,0x22dfe0,0.6050
0x004b237f,thash,Global,0x3fcf40,0x7fcf40,0.6371,12.25,,
0x004d09f6,Cleanup,LightningFeature,0x27a800,0x67a800,0.6382,12.25,0x2bd780,0.5318
0x0056e64a,Shell_EndDialog,Global,0xa7fc0,0x4a7fc0,0.7136,12.23,,
0x00530800,LauncherInterface,LauncherInterface,0x1edab0,0x5edab0,0.6448,12.19,0x1c3220,0.6511
0x004160d9,~Inst4XMission,Inst4XMission,0x75050,0x475050,0.5755,12.18,0x1b4980,0.5755
0x0044d10d,~MultSTMission,MultSTMission,0x75050,0x475050,0.5755,12.18,0x1b4980,0.5755
0x004c2dc4,Cleanup,CockpitTimer,0x9a270,0x49a270,0.5543,12.18,,
0x004a8b7f,Load,PowerUp,0x1a7ca0,0x5a7ca0,0.6245,12.17,0x172c0,0.5039
0x004c8347,_Checked_iterator_base,"std::list<DisplayViewInfo_*,std::allocator<DisplayViewInfo_*>_>::_Iterator<1>",0xb7580,0x4b7580,0.6764,12.15,0x267170,0.5533
0x00458a81,Search,Range,0x1b28e0,0x5b28e0,0.6994,12.13,,
0x0050ec95,Commit_Unit,Escort_Goal,0x431758,0x831758,0.5859,12.13,0x1f7c70,0.5564
0x0057403d,HideBox,OptionBox,0x198340,0x598340,0.5460,12.13,0x201200,0.5460
0x00528109,zfsFindFileSize,Global,0x42d490,0x82d490,0.6053,12.12,,
0x005520a2,GetName,MapList,0x6faf0,0x46faf0,0.5528,12.11,,
0x00552603,GetNumber,PhoneNumberList,0x6faf0,0x46faf0,0.5528,12.11,,
0x00552620,GetName,PhoneNumberList,0x6faf0,0x46faf0,0.5528,12.11,,
0x0048d4a1,"deque<BASE_STRUCT,std::allocator<BASE_STRUCT>_>","std::deque<BASE_STRUCT,std::allocator<BASE_STRUCT>_>",0x1d6a70,0x5d6a70,0.6353,12.10,0xf1310,0.6353
0x005704db,SetWindowTextColor,TextWindow,0x2e33f0,0x6e33f0,0.6991,12.10,0x267000,0.5556
0x004e9c67,ClassCallClean,Global,0x22bcc0,0x62bcc0,0.5760,12.09,,
0x004773b8,Close_SkyBackdrop,Global,0xdbaf0,0x4dbaf0,0.5304,12.06,,
0x0045c9b8,ScavengerProcess,ScavengerProcess,0xbc140,0x4bc140,0.7514,12.04,0x2f7400,0.7279
0x004ce5c0,FlagDisplay,FlagDisplay,0xbc140,0x4bc140,0.7514,12.04,0x2f7400,0.7279
0x00405fac,"pair<std::_Tree<std::_Tmap_traits<GameObject_*,Area,std::less<GameObject_*>,std::allocator<std::pair<GameObject_*_const,Area>_>,0>_>::iterator,bool>","std::pair<std::_Tree<std::_Tmap_traits<GameObject_*,Area,std::less<GameObject_*>,std::allocator<std::pair<GameObject_*_const,Area>_>,0>_>::iterator,bool>",0x321260,0x721260,0.6281,12.03,0x31d2a0,0.6692
0x00461d9c,"pair<std::_Tree<std::_Tset_traits<ShortPath::OpenList::OpenNode,ShortPath::OpenList::OpenNodeLT,std::allocator<ShortPath::OpenList::OpenNode>,1>_>::iterator,bool>","std::pair<std::_Tree<std::_Tset_traits<ShortPath::OpenList::OpenNode,ShortPath::OpenList::OpenNodeLT,std::allocator<ShortPath::OpenList::OpenNode>,1>_>::iterator,bool>",0x321260,0x721260,0.6281,12.03,0x31d2a0,0.6692
0x0048a80a,"pair<std::list<std::pair<unsigned_long_const_,unsigned_long>,std::allocator<std::pair<unsigned_long_const_,unsigned_long>_>_>::_Iterator<1>,bool>","std::pair<std::list<std::pair<unsigned_long_const_,unsigned_long>,std::allocator<std::pair<unsigned_long_const_,unsigned_long>_>_>::_Iterator<1>,bool>",0x321260,0x721260,0.6281,12.03,0x31d2a0,0.6692
0x0048a826,"pair<std::list<std::pair<unsigned_long_const_,float>,std::allocator<std::pair<unsigned_long_const_,float>_>_>::_Iterator<1>,bool>","std::pair<std::list<std::pair<unsigned_long_const_,float>,std::allocator<std::pair<unsigned_long_const_,float>_>_>::_Iterator<1>,bool>",0x321260,0x721260,0.6281,12.03,0x31d2a0,0.6692
0x0048a842,"pair<std::_Tree<std::_Tmap_traits<unsigned_long,DistributedObject_*,std::less<unsigned_long>,std::allocator<std::pair<unsigned_long_const_,DistributedObject_*>_>,0>_>::iterator,bool>","std::pair<std::_Tree<std::_Tmap_traits<unsigned_long,DistributedObject_*,std::less<unsigned_long>,std::allocator<std::pair<unsigned_long_const_,DistributedObject_*>_>,0>_>::iterator,bool>",0x321260,0x721260,0.6281,12.03,0x31d2a0,0.6692
0x0048f59a,Cleanup,DistributedObject,0x388f40,0x788f40,0.7356,12.03,,
0x004a0816,"pair<std::list<std::pair<unsigned_int_const_,ParameterDB::FileData_*>,std::allocator<std::pair<unsigned_int_const_,ParameterDB::FileData_*>_>_>::_Iterator<1>,bool>","std::pair<std::list<std::pair<unsigned_int_const_,ParameterDB::FileData_*>,std::allocator<std::pair<unsigned_int_const_,ParameterDB::FileData_*>_>_>::_Iterator<1>,bool>",0x321260,0x721260,0.6281,12.03,0x31d2a0,0.6692
0x004a0832,"pair<std::list<std::pair<unsigned_int_const_,stdext::hash_map<unsigned_int,char_const_*,stdext::hash_compare<unsigned_int,std::less<unsigned_int>_>,std::allocator<std::pair<unsigned_int_const_,char_const_*>_>_>_>,std::allocator<std::pair<unsigned_int_const_,stdext::hash_map<unsigned_int,char_const_*,stdext::hash_compare<unsigned_int,std::less<unsigned_int>_>,std::allocator<std::pair<unsigned_int_const_,char_const_*>_>_>_>_>_>::_Iterator<1>,bool>","std::pair<std::list<std::pair<unsigned_int_const_,stdext::hash_map<unsigned_int,char_const_*,stdext::hash_compare<unsigned_int,std::less<unsigned_int>_>,std::allocator<std::pair<unsigned_int_const_,char_const_*>_>_>_>,std::allocator<std::pair<unsigned_int_const_,stdext::hash_map<unsigned_int,char_const_*,stdext::hash_compare<unsigned_int,std::less<unsigned_int>_>,std::allocator<std::pair<unsigned_int_const_,char_const_*>_>_>_>_>_>::_Iterator<1>,bool>",0x321260,0x721260,0.6281,12.03,0x31d2a0,0.6692
0x004a084e,"pair<std::list<std::pair<unsigned_int_const_,char_const_*>,std::allocator<std::pair<unsigned_int_const_,char_const_*>_>_>::_Iterator<1>,bool>","std::pair<std::list<std::pair<unsigned_int_const_,char_const_*>,std::allocator<std::pair<unsigned_int_const_,char_const_*>_>_>::_Iterator<1>,bool>",0x321260,0x721260,0.6281,12.03,0x31d2a0,0.6692
0x004e1088,"pair<std::_Tree<std::_Tmap_traits<unsigned_short,NetPlayer_*,std::less<unsigned_short>,std::allocator<std::pair<unsigned_short_const_,NetPlayer_*>_>,0>_>::iterator,bool>","std::pair<std::_Tree<std::_Tmap_traits<unsigned_short,NetPlayer_*,std::less<unsigned_short>,std::allocator<std::pair<unsigned_short_const_,NetPlayer_*>_>,0>_>::iterator,bool>",0x321260,0x721260,0.6281,12.03,0x31d2a0,0.6692
0x00532e81,"pair<std::_Tree<std::_Tmap_traits<std::pair<unsigned_short,unsigned_short>,Ordnance_*,std::less<std::pair<unsigned_short,unsigned_short>_>,std::allocator<std::pair<std::pair<unsigned_short,unsigned_short>_const_,Ordnance_*>_>,0>_>::iterator,bool>","std::pair<std::_Tree<std::_Tmap_traits<std::pair<unsigned_short,unsigned_short>,Ordnance_*,std::less<std::pair<unsigned_short,unsigned_short>_>,std::allocator<std::pair<std::pair<unsigned_short,unsigned_short>_const_,Ordnance_*>_>,0>_>::iterator,bool>",0x321260,0x721260,0.6281,12.03,0x31d2a0,0.6692
0x00556b6b,VehicleSelectionUp,MapList,0x3d540,0x43d540,0.7988,12.03,0x43b57b,0.6936
0x00556b82,VehicleSelectionDown,MapList,0x3d540,0x43d540,0.7988,12.03,0x43b57b,0.6936
0x005c4f27,test_then_block,Global,0x43b690,0x83b690,0.6953,11.99,0x2f5bf0,0.5058
0x0047b48e,Apply_2D_View,Global,0x2a6090,0x6a6090,0.6035,11.98,0x2a6030,0.6035
0x005c50f1,funcname,Global,0x43a68b,0x83a68b,0.5028,11.97,,
0x004599fe,IsFull,Scavenger,0x6ff40,0x46ff40,0.7807,11.96,,
0x004059f1,GetHandle,GameObject,0x62380,0x462380,0.6123,11.87,0x42b7d7,0.5825
0x00460806,GetCurAmmo,Global,0x1ce150,0x5ce150,0.5613,11.87,,
0x00460826,GetMaxAmmo,Global,0x1ce150,0x5ce150,0.5613,11.87,,
0x00489ef1,Crater,Crater,0x9c940,0x49c940,0.6388,11.87,0x1a3a60,0.7033
0x004e32dc,NetUtil_ReduceVector,Global,0x2259c0,0x6259c0,0.5311,11.87,,
0x0051632b,BuildingVehicle,Global,0x2a07e0,0x6a07e0,0.5839,11.87,0x299180,0.5329
0x00451510,pop_back,"std::vector<Strip_*,std::allocator<Strip_*>_>",0x9b7f0,0x49b7f0,0.5472,11.86,0x3cb500,0.5755
0x004997d5,pop_back,"std::vector<GameObjectClass_*,std::allocator<GameObjectClass_*>_>",0x9b7f0,0x49b7f0,0.5472,11.86,0x3cb500,0.5755
0x004e4c73,pop_back,"std::vector<ScorePlayer_*,std::allocator<ScorePlayer_*>_>",0x9b7f0,0x49b7f0,0.5472,11.86,0x3cb500,0.5755
0x00518e14,pop_back,"std::vector<ObjectClassInfo_*,std::allocator<ObjectClassInfo_*>_>",0x9b7f0,0x49b7f0,0.5472,11.86,0x3cb500,0.5755
0x0051994d,pop_back,"std::vector<GridPoint,std::allocator<GridPoint>_>",0x9b7f0,0x49b7f0,0.5472,11.86,0x3cb500,0.5755
0x0052eddf,pop_back,"std::vector<ExplosionClass_*,std::allocator<ExplosionClass_*>_>",0x9b7f0,0x49b7f0,0.5472,11.86,0x3cb500,0.5755
0x00535418,pop_back,"std::vector<OrdnanceClass_*,std::allocator<OrdnanceClass_*>_>",0x9b7f0,0x49b7f0,0.5472,11.86,0x3cb500,0.5755
0x0053ee1c,pop_back,"std::vector<WeaponClass_*,std::allocator<WeaponClass_*>_>",0x9b7f0,0x49b7f0,0.5472,11.86,0x3cb500,0.5755
0x0055825f,pop_back,"std::vector<Session_*,std::allocator<Session_*>_>",0x9b7f0,0x49b7f0,0.5472,11.86,0x3cb500,0.5755
0x005582d6,pop_back,"std::vector<Player_*,std::allocator<Player_*>_>",0x9b7f0,0x49b7f0,0.5472,11.86,0x3cb500,0.5755
0x00558325,pop_back,"std::vector<PortData_*,std::allocator<PortData_*>_>",0x9b7f0,0x49b7f0,0.5472,11.86,0x3cb500,0.5755
0x00558536,pop_back,"std::vector<Server_*,std::allocator<Server_*>_>",0x9b7f0,0x49b7f0,0.5472,11.86,0x3cb500,0.5755
0x00489fd9,Crater_Create,Global,0x172380,0x572380,0.5266,11.85,,
0x004675d2,TurretAttack,TurretAttack,0x1c1d90,0x5c1d90,0.5578,11.83,0x6fcf0,0.5295
0x0049a43b,StopSteam,Geizer,0x1b1d30,0x5b1d30,0.7149,11.81,,
0x0040ed47,IsBuilding,Global,0x214520,0x614520,0.5088,11.80,0x1b9d40,0.5023
0x0047a511,InitialFrames,Global,0x2aa170,0x6aa170,0.5994,11.80,,
0x0052b594,Init,BounceBomb,0x1bcfc0,0x5bcfc0,0.6952,11.80,0xd2730,0.5311
0x0052fddc,Init,Grenade,0x1bcfc0,0x5bcfc0,0.6952,11.80,0xd2730,0.5311
0x00537e53,Init,Rocket,0x1bcfc0,0x5bcfc0,0.6952,11.80,0xd2730,0.5311
0x004c3e97,IsEnabled,ModeList,0x9f230,0x49f230,0.7402,11.78,0x1a3870,0.5213
0x004ccc8c,CreateWorldMap,EditTerrain,0xc1c10,0x4c1c10,0.6897,11.78,0x43a00,0.6110
0x004e3e92,Scores_Show,Global,0x227d90,0x627d90,0.5119,11.78,,
0x0054d5fd,Mono_PageDown,Global,0x18c220,0x58c220,0.6149,11.78,0x422ab0,0.5634
0x005a2c60,_vi_gpsy_free,Global,0x27d090,0x67d090,0.6895,11.78,0x267000,0.5264
0x005a2c90,_vi_psy_free,Global,0x27d090,0x67d090,0.6895,11.78,0x267000,0.5264
0x005b01c0,mapping0_free_info,Global,0x27d090,0x67d090,0.6895,11.78,0x267000,0.5264
0x005b14b0,res0_free_info,Global,0x27d090,0x67d090,0.6895,11.78,0x267000,0.5264
0x005b28e0,floor1_free_info,Global,0x27d090,0x67d090,0.6895,11.78,0x267000,0.5264
0x005b2910,floor1_free_look,Global,0x27d090,0x67d090,0.6895,11.78,0x267000,0.5264
0x005b4b70,floor0_free_info,Global,0x27d090,0x67d090,0.6895,11.78,0x267000,0.5264
0x005bea80,getthread,Global,0x4376b6,0x8376b6,0.5069,11.77,,
0x0055289b,Change,PhoneNumberList,0xa8520,0x4a8520,0.6264,11.76,0x2e0f70,0.7279
0x0049c3b1,~HoverCraft,HoverCraft,0x1fb720,0x5fb720,0.5334,11.75,0x71860,0.5613
0x004ad367,~SAV,SAV,0x1fb720,0x5fb720,0.5334,11.75,0x71860,0.5613
0x004b957c,~Wingman,Wingman,0x1fb720,0x5fb720,0.5334,11.75,0x71860,0.5613
0x0047be74,Build,AmmoPowerupClass,0x3fe2a0,0x7fe2a0,0.5717,11.73,0x43d8ce,0.5218
0x0047bf65,Build,AnimBuildingClass,0x3fe2a0,0x7fe2a0,0.5717,11.73,0x43d8ce,0.5218
0x0047e78e,Build,APCClass,0x3fe2a0,0x7fe2a0,0.5717,11.73,0x43d8ce,0.5218
0x0047f0a6,Build,ArmoryClass,0x3fe2a0,0x7fe2a0,0.5717,11.73,0x43d8ce,0.5218
0x0047f3ac,Build,ArtifactClass,0x3fe2a0,0x7fe2a0,0.5717,11.73,0x43d8ce,0.5218
0x00482972,Build,BarracksClass,0x3fe2a0,0x7fe2a0,0.5717,11.73,0x43d8ce,0.5218
0x004835ce,Build,BuildingClass,0x3fe2a0,0x7fe2a0,0.5717,11.73,0x43d8ce,0.5218
0x00484bdd,Build,CameraPodClass,0x3fe2a0,0x7fe2a0,0.5717,11.73,0x43d8ce,0.5218
0x004851db,Build,CommTowerClass,0x3fe2a0,0x7fe2a0,0.5717,11.73,0x43d8ce,0.5218
0x00485cac,Build,ConstructionRigClass,0x3fe2a0,0x7fe2a0,0.5717,11.73,0x43d8ce,0.5218
0x00489a90,Build,CraftClass,0x3fe2a0,0x7fe2a0,0.5717,11.73,0x43d8ce,0.5218
0x00491abf,Build,FactoryClass,0x3fe2a0,0x7fe2a0,0.5717,11.73,0x43d8ce,0.5218
0x0049afac,Build,GeizerClass,0x3fe2a0,0x7fe2a0,0.5717,11.73,0x43d8ce,0.5218
0x0049c2bd,Build,HealthPowerupClass,0x3fe2a0,0x7fe2a0,0.5717,11.73,0x43d8ce,0.5218
0x0049f14d,Build,HoverCraftClass,0x3fe2a0,0x7fe2a0,0.5717,11.73,0x43d8ce,0.5218
0x0049f987,Build,HowitzerClass,0x3fe2a0,0x7fe2a0,0.5717,11.73,0x43d8ce,0.5218
0x0049fd1e,Build,MinelayerClass,0x3fe2a0,0x7fe2a0,0.5717,11.73,0x43d8ce,0.5218
0x004a792d,Build,PersonClass,0x3fe2a0,0x7fe2a0,0.5717,11.73,0x43d8ce,0.5218
0x004a8ab1,Build,PowerPlantClass,0x3fe2a0,0x7fe2a0,0.5717,11.73,0x43d8ce,0.5218
0x004aa3c4,Build,PowerUpClass,0x3fe2a0,0x7fe2a0,0.5717,11.73,0x43d8ce,0.5218
0x004aca29,Build,ProducerClass,0x3fe2a0,0x7fe2a0,0.5717,11.73,0x43d8ce,0.5218
0x004acefa,Build,RecyclerClass,0x3fe2a0,0x7fe2a0,0.5717,11.73,0x43d8ce,0.5218
0x004ad18e,Build,RepairDepotClass,0x3fe2a0,0x7fe2a0,0.5717,11.73,0x43d8ce,0.5218
0x004ada06,Build,SAVClass,0x3fe2a0,0x7fe2a0,0.5717,11.73,0x43d8ce,0.5218
0x004af022,Build,ScavengerClass,0x3fe2a0,0x7fe2a0,0.5717,11.73,0x43d8ce,0.5218
0x004af73b,Build,ScrapClass,0x3fe2a0,0x7fe2a0,0.5717,11.73,0x43d8ce,0.5218
0x004afa7e,Build,ScrapDropoffClass,0x3fe2a0,0x7fe2a0,0.5717,11.73,0x43d8ce,0.5218
0x004afdfc,Build,ScrapFieldClass,0x3fe2a0,0x7fe2a0,0.5717,11.73,0x43d8ce,0.5218
0x004b05ce,Build,ShieldTowerClass,0x3fe2a0,0x7fe2a0,0.5717,11.73,0x43d8ce,0.5218
0x004b0975,Build,ScrapSiloClass,0x3fe2a0,0x7fe2a0,0.5717,11.73,0x43d8ce,0.5218
0x004b144c,Build,SpawnBuoyClass,0x3fe2a0,0x7fe2a0,0.5717,11.73,0x43d8ce,0.5218
0x004b1a58,Build,SupplyDepotClass,0x3fe2a0,0x7fe2a0,0.5717,11.73,0x43d8ce,0.5218
0x004b3a81,Build,TugClass,0x3fe2a0,0x7fe2a0,0.5717,11.73,0x43d8ce,0.5218
0x004b4a47,Build,TurretCraftClass,0x3fe2a0,0x7fe2a0,0.5717,11.73,0x43d8ce,0.5218
0x004b6b18,Build,TurretTankClass,0x3fe2a0,0x7fe2a0,0.5717,11.73,0x43d8ce,0.5218
0x004b8bd8,Build,WalkerClass,0x3fe2a0,0x7fe2a0,0.5717,11.73,0x43d8ce,0.5218
0x004b94e7,Build,WeaponPowerupClass,0x3fe2a0,0x7fe2a0,0.5717,11.73,0x43d8ce,0.5218
0x004b968e,Build,WingmanClass,0x3fe2a0,0x7fe2a0,0.5717,11.73,0x43d8ce,0.5218
0x004d3658,OverView_SetObject,Global,0x79f30,0x479f30,0.6777,11.73,0x183d90,0.6777
0x00529cb2,Build,AnchorRocketClass,0x3fe2a0,0x7fe2a0,0.5717,11.73,0x43d8ce,0.5218
0x0052a18f,Build,BeamClass,0x3fe2a0,0x7fe2a0,0.5717,11.73,0x43d8ce,0.5218
0x0052ac71,Build,BeamGunClass,0x3fe2a0,0x7fe2a0,0.5717,11.73,0x43d8ce,0.5218
0x0052aed2,Build,BoltClass,0x3fe2a0,0x7fe2a0,0.5717,11.73,0x43d8ce,0.5218
0x0052b666,Build,BounceBombClass,0x3fe2a0,0x7fe2a0,0.5717,11.73,0x43d8ce,0.5218
0x0052c320,Build,BulletClass,0x3fe2a0,0x7fe2a0,0.5717,11.73,0x43d8ce,0.5218
0x0052c75a,Build,CannonClass,0x3fe2a0,0x7fe2a0,0.5717,11.73,0x43d8ce,0.5218
0x0052ccb8,Build,ChargeGunClass,0x3fe2a0,0x7fe2a0,0.5717,11.73,0x43d8ce,0.5218
0x0052d595,Build,DayWreckerClass,0x3fe2a0,0x7fe2a0,0.5717,11.73,0x43d8ce,0.5218
0x0052d9f3,Build,DispenserClass,0x3fe2a0,0x7fe2a0,0.5717,11.73,0x43d8ce,0.5218
0x0052e7ee,Build,ExplosionClass,0x3fe2a0,0x7fe2a0,0.5717,11.73,0x43d8ce,0.5218
0x0052f8a7,Build,FlamePuffClass,0x3fe2a0,0x7fe2a0,0.5717,11.73,0x43d8ce,0.5218
0x0052fd73,Build,FlareMineClass,0x3fe2a0,0x7fe2a0,0.5717,11.73,0x43d8ce,0.5218
0x0052ffe5,Build,GrenadeClass,0x3fe2a0,0x7fe2a0,0.5717,11.73,0x43d8ce,0.5218
0x005301f4,Build,GroundBlastClass,0x3fe2a0,0x7fe2a0,0.5717,11.73,0x43d8ce,0.5218
0x005302fb,Build,ImageLauncherClass,0x3fe2a0,0x7fe2a0,0.5717,11.73,0x43d8ce,0.5218
0x005305d5,Build,ImageMissileClass,0x3fe2a0,0x7fe2a0,0.5717,11.73,0x43d8ce,0.5218
0x00530759,Build,ImageRefractClass,0x3fe2a0,0x7fe2a0,0.5717,11.73,0x43d8ce,0.5218
0x00530f05,Build,LauncherClass,0x3fe2a0,0x7fe2a0,0.5717,11.73,0x43d8ce,0.5218
0x0053151a,Build,MachineGunClass,0x3fe2a0,0x7fe2a0,0.5717,11.73,0x43d8ce,0.5218
0x005317c3,Build,MagnetMineClass,0x3fe2a0,0x7fe2a0,0.5717,11.73,0x43d8ce,0.5218
0x00531e90,Build,MineClass,0x3fe2a0,0x7fe2a0,0.5717,11.73,0x43d8ce,0.5218
0x00532334,Build,MissileClass,0x3fe2a0,0x7fe2a0,0.5717,11.73,0x43d8ce,0.5218
0x005325b9,Build,MortarClass,0x3fe2a0,0x7fe2a0,0.5717,11.73,0x43d8ce,0.5218
0x00532bd4,Build,ObjectLobberClass,0x3fe2a0,0x7fe2a0,0.5717,11.73,0x43d8ce,0.5218
0x00534dd3,Build,OrdnanceClass,0x3fe2a0,0x7fe2a0,0.5717,11.73,0x43d8ce,0.5218
0x00535f3a,Build,PlanarExplosionClass,0x3fe2a0,0x7fe2a0,0.5717,11.73,0x43d8ce,0.5218
0x0053669f,Build,PopperClass,0x3fe2a0,0x7fe2a0,0.5717,11.73,0x43d8ce,0.5218
0x00536a13,Build,PopperGunClass,0x3fe2a0,0x7fe2a0,0.5717,11.73,0x43d8ce,0.5218
0x00536d93,Build,ProximityMineClass,0x3fe2a0,0x7fe2a0,0.5717,11.73,0x43d8ce,0.5218
0x005372c3,Build,QuakeBlastClass,0x3fe2a0,0x7fe2a0,0.5717,11.73,0x43d8ce,0.5218
0x005373d5,Build,RadarDamperClass,0x3fe2a0,0x7fe2a0,0.5717,11.73,0x43d8ce,0.5218
0x0053753e,Build,RadarLauncherClass,0x3fe2a0,0x7fe2a0,0.5717,11.73,0x43d8ce,0.5218
0x00537b02,Build,RemoteDetonatorClass,0x3fe2a0,0x7fe2a0,0.5717,11.73,0x43d8ce,0.5218
0x00538546,Build,RocketClass,0x3fe2a0,0x7fe2a0,0.5717,11.73,0x43d8ce,0.5218
0x00538cc8,Build,SeismicWaveClass,0x3fe2a0,0x7fe2a0,0.5717,11.73,0x43d8ce,0.5218
0x0053997e,Build,ShockBlastClass,0x3fe2a0,0x7fe2a0,0.5717,11.73,0x43d8ce,0.5218
0x00539b32,Build,SniperGunClass,0x3fe2a0,0x7fe2a0,0.5717,11.73,0x43d8ce,0.5218
0x00539ccd,Build,SniperShellClass,0x3fe2a0,0x7fe2a0,0.5717,11.73,0x43d8ce,0.5218
0x0053a314,Build,SpecialItemClass,0x3fe2a0,0x7fe2a0,0.5717,11.73,0x43d8ce,0.5218
0x0053a737,Build,SprayBuildingClass,0x3fe2a0,0x7fe2a0,0.5717,11.73,0x43d8ce,0.5218
0x0053ab77,Build,SprayBombClass,0x3fe2a0,0x7fe2a0,0.5717,11.73,0x43d8ce,0.5218
0x0053b386,Build,LeaderRoundClass,0x3fe2a0,0x7fe2a0,0.5717,11.73,0x43d8ce,0.5218
0x0053ba6b,Build,TargetingGunClass,0x3fe2a0,0x7fe2a0,0.5717,11.73,0x43d8ce,0.5218
0x0053bb9b,Build,TeamSwitcherClass,0x3fe2a0,0x7fe2a0,0.5717,11.73,0x43d8ce,0.5218
0x0053be9e,Build,TerrainExposeClass,0x3fe2a0,0x7fe2a0,0.5717,11.73,0x43d8ce,0.5218
0x0053c069,Build,ThermalLauncherClass,0x3fe2a0,0x7fe2a0,0.5717,11.73,0x43d8ce,0.5218
0x0053c63e,Build,ThermalMissileClass,0x3fe2a0,0x7fe2a0,0.5717,11.73,0x43d8ce,0.5218
0x0053d6bd,Build,TorpedoClass,0x3fe2a0,0x7fe2a0,0.5717,11.73,0x43d8ce,0.5218
0x0053db63,Build,TracerClass,0x3fe2a0,0x7fe2a0,0.5717,11.73,0x43d8ce,0.5218
0x0053e82b,Build,WeaponClass,0x3fe2a0,0x7fe2a0,0.5717,11.73,0x43d8ce,0.5218
0x0053f871,Build,WeaponMineClass,0x3fe2a0,0x7fe2a0,0.5717,11.73,0x43d8ce,0.5218
0x005c3523,checknext,Global,0x439aba,0x839aba,0.6983,11.73,0x43b57b,0.5041
0x00457216,PersonProcess,PersonProcess,0x1d5b10,0x5d5b10,0.6373,11.69,0x1f6a70,0.6272
0x00496c40,FriendP,GameObject,0x22dfe0,0x62dfe0,0.5650,11.69,0x3d170,0.5650
0x00496c6a,EnemyP,GameObject,0x22dfe0,0x62dfe0,0.5650,11.69,0x3d170,0.5650
0x0040c7e9,PostLoad,ArmoryProcess,0x73e20,0x473e20,0.5591,11.68,0xdce20,0.5344
0x00458c58,PostLoad,RecyclerProcess,0x73e20,0x473e20,0.5591,11.68,0xdce20,0.5344
0x0049a426,StartSteam,Geizer,0x1b1d60,0x5b1d60,0.7114,11.68,0x1bd010,0.5931
0x00403c70,Release,AiPath,0x373c10,0x773c10,0.6465,11.66,0x43c3b1,0.6208
0x0048b445,pop_back,"std::deque<BASE_STRUCT,std::allocator<BASE_STRUCT>_>",0x72420,0x472420,0.5123,11.64,,
0x005520d1,GetMaxPlayers,MapList,0x6faf0,0x46faf0,0.5421,11.64,,
0x0056f5b9,GetCurrentIndex,OptionBox,0x42b7d7,0x82b7d7,0.6875,11.64,0x20fd0,0.5207
0x0053b432,EnoughAmmo,TargetingGun,0x92ce0,0x492ce0,0.5482,11.63,0x9b7f0,0.5008
0x0044f560,capacity,"std::vector<PathPoint,std::allocator<PathPoint>_>",0x42b7d7,0x82b7d7,0.5893,11.62,0x42c8f6,0.5781
0x0044f590,capacity,"std::vector<Strip_*,std::allocator<Strip_*>_>",0x42b7d7,0x82b7d7,0.5893,11.62,0x42c8f6,0.5781
0x0045e26e,capacity,"std::vector<Scrap_*,std::allocator<Scrap_*>_>",0x42b7d7,0x82b7d7,0.5893,11.62,0x42c8f6,0.5781
0x0047c1e4,capacity,"std::vector<AnimSprite_*,std::allocator<AnimSprite_*>_>",0x42b7d7,0x82b7d7,0.5893,11.62,0x42c8f6,0.5781
0x0047f44f,capacity,"std::vector<Attachment_*,std::allocator<Attachment_*>_>",0x42b7d7,0x82b7d7,0.5893,11.62,0x42c8f6,0.5781
0x0048680b,capacity,"std::vector<Craft_*,std::allocator<Craft_*>_>",0x42b7d7,0x82b7d7,0.5893,11.62,0x42c8f6,0.5781
0x0048a34f,capacity,"std::vector<DistributedObject_*,std::allocator<DistributedObject_*>_>",0x42b7d7,0x82b7d7,0.5893,11.62,0x42c8f6,0.5781
0x0048aa5a,capacity,"std::vector<stdext::_Hash<stdext::_Hmap_traits<unsigned_long,unsigned_long,stdext::hash_compare<unsigned_long,std::less<unsigned_long>_>,std::allocator<std::pair<unsigned_long_const_,unsigned_long>_>,0>_>::_List_position,std::allocator<stdext::_Hash<stdext::_Hmap_traits<unsigned_long,unsigned_long,stdext::hash_compare<unsigned_long,std::less<unsigned_long>_>,std::allocator<std::pair<unsigned_long_const_,unsigned_long>_>,0>_>::_List_position>_>",0x42b7d7,0x82b7d7,0.5893,11.62,0x42c8f6,0.5781
0x0048aa6d,capacity,"std::vector<stdext::_Hash<stdext::_Hmap_traits<unsigned_long,float,stdext::hash_compare<unsigned_long,std::less<unsigned_long>_>,std::allocator<std::pair<unsigned_long_const_,float>_>,0>_>::_List_position,std::allocator<stdext::_Hash<stdext::_Hmap_traits<unsigned_long,float,stdext::hash_compare<unsigned_long,std::less<unsigned_long>_>,std::allocator<std::pair<unsigned_long_const_,float>_>,0>_>::_List_position>_>",0x42b7d7,0x82b7d7,0.5893,11.62,0x42c8f6,0.5781
0x00491bc9,capacity,"std::vector<GameFeature_*,std::allocator<GameFeature_*>_>",0x42b7d7,0x82b7d7,0.5893,11.62,0x42c8f6,0.5781
0x0049696a,capacity,"std::vector<GameObject_*,std::allocator<GameObject_*>_>",0x42b7d7,0x82b7d7,0.5893,11.62,0x42c8f6,0.5781
0x0049923f,capacity,"std::vector<GameObjectClass_*,std::allocator<GameObjectClass_*>_>",0x42b7d7,0x82b7d7,0.5893,11.62,0x42c8f6,0.5781
0x0049a469,capacity,"std::vector<Geizer_*,std::allocator<Geizer_*>_>",0x42b7d7,0x82b7d7,0.5893,11.62,0x42c8f6,0.5781
0x004a0a3b,capacity,"std::vector<stdext::_Hash<stdext::_Hmap_traits<unsigned_int,ParameterDB::FileData_*,stdext::hash_compare<unsigned_int,std::less<unsigned_int>_>,std::allocator<std::pair<unsigned_int_const_,ParameterDB::FileData_*>_>,0>_>::_List_position,std::allocator<stdext::_Hash<stdext::_Hmap_traits<unsigned_int,ParameterDB::FileData_*,stdext::hash_compare<unsigned_int,std::less<unsigned_int>_>,std::allocator<std::pair<unsigned_int_const_,ParameterDB::FileData_*>_>,0>_>::_List_position>_>",0x42b7d7,0x82b7d7,0.5893,11.62,0x42c8f6,0.5781
0x004a0a4e,capacity,"std::vector<stdext::_Hash<stdext::_Hmap_traits<unsigned_int,char_const_*,stdext::hash_compare<unsigned_int,std::less<unsigned_int>_>,std::allocator<std::pair<unsigned_int_const_,char_const_*>_>,0>_>::_List_position,std::allocator<stdext::_Hash<stdext::_Hmap_traits<unsigned_int,char_const_*,stdext::hash_compare<unsigned_int,std::less<unsigned_int>_>,std::allocator<std::pair<unsigned_int_const_,char_const_*>_>,0>_>::_List_position>_>",0x42b7d7,0x82b7d7,0.5893,11.62,0x42c8f6,0.5781
0x004a0aa1,capacity,"std::vector<stdext::_Hash<stdext::_Hmap_traits<unsigned_int,stdext::hash_map<unsigned_int,char_const_*,stdext::hash_compare<unsigned_int,std::less<unsigned_int>_>,std::allocator<std::pair<unsigned_int_const_,char_const_*>_>_>,stdext::hash_compare<unsigned_int,std::less<unsigned_int>_>,std::allocator<std::pair<unsigned_int_const_,stdext::hash_map<unsigned_int,char_const_*,stdext::hash_compare<unsigned_int,std::less<unsigned_int>_>,std::allocator<std::pair<unsigned_int_const_,char_const_*>_>_>_>_>,0>_>::_List_position,std::allocator<stdext::_Hash<stdext::_Hmap_traits<unsigned_int,stdext::hash_map<unsigned_int,char_const_*,stdext::hash_compare<unsigned_int,std::less<unsigned_int>_>,std::allocator<std::pair<unsigned_int_const_,char_const_*>_>_>,stdext::hash_compare<unsigned_int,std::less<unsigned_int>_>,std::allocator<std::pair<unsigned_int_const_,stdext::hash_map<unsigned_int,char_const_*,stdext::hash_compare<unsigned_int,std::less<unsigned_int>_>,std::allocator<std::pair<unsigned_int_const_,char_const_*>_>_>_>_>,0>_>::_List_position>_>",0x42b7d7,0x82b7d7,0.5893,11.62,0x42c8f6,0.5781
0x004a8005,capacity,"std::vector<PowerPlant_*,std::allocator<PowerPlant_*>_>",0x42b7d7,0x82b7d7,0.5893,11.62,0x42c8f6,0.5781
0x004ada6c,capacity,"std::vector<Scanner_*,std::allocator<Scanner_*>_>",0x42b7d7,0x82b7d7,0.5893,11.62,0x42c8f6,0.5781
0x004e3edc,capacity,"std::vector<ScorePlayer_*,std::allocator<ScorePlayer_*>_>",0x42b7d7,0x82b7d7,0.5893,11.62,0x42c8f6,0.5781
0x004e61b2,capacity,"std::vector<SpawnPoint_*,std::allocator<SpawnPoint_*>_>",0x42b7d7,0x82b7d7,0.5893,11.62,0x42c8f6,0.5781
0x00516e8e,capacity,"std::vector<ObjectClassInfo_*,std::allocator<ObjectClassInfo_*>_>",0x42b7d7,0x82b7d7,0.5893,11.62,0x42c8f6,0.5781
0x00516efa,capacity,"std::vector<GridPoint,std::allocator<GridPoint>_>",0x42b7d7,0x82b7d7,0.5893,11.62,0x42c8f6,0.5781
0x0052e87d,capacity,"std::vector<ExplosionClass_*,std::allocator<ExplosionClass_*>_>",0x42b7d7,0x82b7d7,0.5893,11.62,0x42c8f6,0.5781
0x00534eb6,capacity,"std::vector<OrdnanceClass_*,std::allocator<OrdnanceClass_*>_>",0x42b7d7,0x82b7d7,0.5893,11.62,0x42c8f6,0.5781
0x0053e89f,capacity,"std::vector<WeaponClass_*,std::allocator<WeaponClass_*>_>",0x42b7d7,0x82b7d7,0.5893,11.62,0x42c8f6,0.5781
0x0054f3b4,HandleMapInput,Global,0x43e885,0x83e885,0.6825,11.62,0x42bbb2,0.5251
0x0054f3c4,HandleNotepadInput,Global,0x43e885,0x83e885,0.6825,11.62,0x42bbb2,0.5251
0x00554fcf,capacity,"std::vector<Server_*,std::allocator<Server_*>_>",0x42b7d7,0x82b7d7,0.5893,11.62,0x42c8f6,0.5781
0x00555026,capacity,"std::vector<Session_*,std::allocator<Session_*>_>",0x42b7d7,0x82b7d7,0.5893,11.62,0x42c8f6,0.5781
0x0055507d,capacity,"std::vector<Player_*,std::allocator<Player_*>_>",0x42b7d7,0x82b7d7,0.5893,11.62,0x42c8f6,0.5781
0x005550ca,capacity,"std::vector<PortData_*,std::allocator<PortData_*>_>",0x42b7d7,0x82b7d7,0.5893,11.62,0x42c8f6,0.5781
0x005a7960,vorbis_book_codeword,Global,0x42b7d7,0x82b7d7,0.5803,11.62,0x39610,0.5425
0x004d5be8,DrawCommand,PathDisplay,0x196140,0x596140,0.5378,11.61,,
0x00512fa5,C_Linked_List_Init,Global,0x29d210,0x69d210,0.6973,11.57,0x1b2fd0,0.5140
0x0048359e,BuildingClass,BuildingClass,0x7ff80,0x47ff80,0.5565,11.56,0x407150,0.5055
0x004906c3,CWaveFile,CWaveFile,0x377670,0x777670,0.7006,11.56,0x4ea00,0.7006
0x004b56c7,Init,TurretTank,0x22bcc0,0x62bcc0,0.6149,11.56,0x43a00,0.5687
0x0044f520,`scalar_deleting_destructor',"Heap_Class<Strip_*,float>",0x192410,0x592410,0.6107,11.55,,
0x00450d40,`scalar_deleting_destructor',StripHeap,0x192410,0x592410,0.6107,11.55,,
0x005076a2,AI_UnspentCreditRemove,Global,0x290150,0x690150,0.6358,11.55,0x2a3840,0.6358
0x00572935,HideLabelText,TextLabel,0x17e20,0x417e20,0.5553,11.54,,
0x0059f7e0,_v_readstring,Global,0x42b81b,0x82b81b,0.5021,11.52,,
0x0059e3f0,ov_raw_tell,Global,0x3cb1a0,0x7cb1a0,0.5018,11.51,0x9b7f0,0.5306
0x0059e420,ov_pcm_tell,Global,0x3cb1a0,0x7cb1a0,0.5018,11.51,0x9b7f0,0.5306
0x00510f91,IParse_Insert_Variable,Global,0x299650,0x699650,0.6002,11.50,,
0x00515446,PREREQ_MapPrereqIdToBuildingId,Global,0x2a0480,0x6a0480,0.5619,11.50,,
0x00412d3b,GechAttack,GechAttack,0x212690,0x612690,0.6799,11.47,0xb0f40,0.6799
0x0045ba62,SAVAttackPersonTask,SAVAttackPersonTask,0x212690,0x612690,0.6799,11.47,0xb0f40,0.6799
0x004be4be,PostLoad,ChunkEffect,0x91700,0x491700,0.5733,11.47,0xd1040,0.5669
0x004b4300,Init,TurretCraft,0x3c2450,0x7c2450,0.7246,11.46,0x3c30e0,0.7246
0x004e80cf,Cache_Sorting_Planes,Global,0x3c2450,0x7c2450,0.7246,11.46,0x3c30e0,0.7246
0x00484d29,~CommTower,CommTower,0x3d540,0x43d540,0.5545,11.45,0x90e90,0.5291
0x004b11be,~SpawnBuoy,SpawnBuoy,0x3d540,0x43d540,0.5545,11.45,0x90e90,0.5291
0x004dc375,adialup_willdial,Global,0x2af160,0x6af160,0.5271,11.45,,
0x00480cc7,SetGASVolumeLevels,Global,0x6ee80,0x46ee80,0.5162,11.44,0xe3250,0.5185
0x0056fdea,HideButton,LabelButton,0x431758,0x831758,0.5101,11.44,,
0x00405d1e,Dist2DSq,Global,0x62160,0x462160,0.5028,11.43,,
0x0046192d,DistSq,ShortPath,0x62160,0x462160,0.5028,11.43,,
0x0045eecf,GetPerceivedTeam,Global,0x1ce150,0x5ce150,0.5930,11.41,0x1cab80,0.5231
0x0045f42f,GetObjectiveName,Global,0x1ce150,0x5ce150,0.5930,11.41,0x1cab80,0.5231
0x0045fb4e,GetCurrentCommand,Global,0x1ce150,0x5ce150,0.5930,11.41,0x1cab80,0.5231
0x0045fb64,GetCurrentWho,Global,0x1ce150,0x5ce150,0.5930,11.41,0x1cab80,0.5231
0x0046087a,GetWhoShotMe,Global,0x1ce150,0x5ce150,0.5930,11.41,0x1cab80,0.5231
0x005508d3,dpJoinRoomOpenCallback,Global,0x16670,0x416670,0.6280,11.41,0x1c2250,0.5652
0x005bcff4,unlinkupval,Global,0x4e950,0x44e950,0.7077,11.41,0x42c54d,0.6237
0x00482b10,UnPackPermState,Building,0x2d0e00,0x6d0e00,0.5367,11.38,0xca350,0.5022
0x004192fa,UnpackDouble,Global,0x1057e0,0x5057e0,0.6079,11.36,0x1057b0,0.5249
0x004b34b6,PostLoad,Tug,0x43b57b,0x83b57b,0.6936,11.35,0x1e0780,0.6141
0x005134a9,Mapgrid_Done,Global,0x2a6090,0x6a6090,0.6059,11.35,0x2a5fd0,0.6059
0x0051bf3d,Allocate,matrix<unsigned_char>,0x2a8f90,0x6a8f90,0.5760,11.35,,
0x00415724,HuntTask,HuntTask,0x1b9830,0x5b9830,0.5223,11.34,0x1dd850,0.5223
0x00415769,HuntTask,HuntTask,0x1b9830,0x5b9830,0.5223,11.34,0x1dd850,0.5223
0x0041751b,SetTransform,Global,0x1015d0,0x5015d0,0.5110,11.33,0x101900,0.5110
0x0041769c,SetVelocity,Global,0x1015d0,0x5015d0,0.5110,11.33,0x101900,0.5110
0x00417707,SetOmega,Global,0x1015d0,0x5015d0,0.5110,11.33,0x101900,0.5110
0x004b225b,oneshot_cb,Global,0x3d0f60,0x7d0f60,0.5697,11.33,0x3d0f20,0.5697
0x005c59b2,luaU_header,Global,0x18c930,0x58c930,0.5766,11.33,0x15e150,0.7405
0x00486039,Remove,Craft,0xe2e60,0x4e2e60,0.5739,11.32,0x43b57b,0.5390
0x005c5c0a,removevalues,Global,0x43d092,0x83d092,0.5045,11.30,,
0x004aa7a1,Init,Producer,0x1ac180,0x5ac180,0.5422,11.27,,
0x004acd5a,Init,Recycler,0x1ac180,0x5ac180,0.5422,11.27,,
0x004c3de9,GetCurrentMode,ControlPanel,0xa7370,0x4a7370,0.6833,11.27,0x38ac0,0.5010
0x00474a39,Clsn_Recompute,Global,0x34c9b0,0x74c9b0,0.5408,11.26,,
0x004b6b60,Walker,Walker,0x1a7240,0x5a7240,0.5130,11.24,0xe92f0,0.5226
0x00483f37,MCUnlockItem,Global,0x819b0,0x4819b0,0.6219,11.22,,
0x00405df2,IsCraft,Global,0x1c10e0,0x5c10e0,0.5533,11.21,0x1b53a0,0.5333
0x004ecc6f,radar_object,Global,0x1c10e0,0x5c10e0,0.5533,11.21,0x1b53a0,0.5333
0x0047be9a,BuildClass,AmmoPowerupClass,0xdfa20,0x4dfa20,0.5131,11.20,0x3fe2a0,0.5464
0x0047bf8b,BuildClass,AnimBuildingClass,0xdfa20,0x4dfa20,0.5131,11.20,0x3fe2a0,0.5464
0x0047e764,BuildClass,APCClass,0xdfa20,0x4dfa20,0.5131,11.20,0x3fe2a0,0.5464
0x0047f2d0,BuildClass,ArmoryClass,0xdfa20,0x4dfa20,0.5131,11.20,0x3fe2a0,0.5464
0x0047f382,BuildClass,ArtifactClass,0xdfa20,0x4dfa20,0.5131,11.20,0x3fe2a0,0.5464
0x00482948,BuildClass,BarracksClass,0xdfa20,0x4dfa20,0.5131,11.20,0x3fe2a0,0.5464
0x0048364e,BuildClass,BuildingClass,0xdfa20,0x4dfa20,0.5131,11.20,0x3fe2a0,0.5464
0x00484bb3,BuildClass,CameraPodClass,0xdfa20,0x4dfa20,0.5131,11.20,0x3fe2a0,0.5464
0x004851b1,BuildClass,CommTowerClass,0xdfa20,0x4dfa20,0.5131,11.20,0x3fe2a0,0.5464
0x00485c82,BuildClass,ConstructionRigClass,0xdfa20,0x4dfa20,0.5131,11.20,0x3fe2a0,0.5464
0x00489e81,BuildClass,CraftClass,0xdfa20,0x4dfa20,0.5131,11.20,0x3fe2a0,0.5464
0x00491a95,BuildClass,FactoryClass,0xdfa20,0x4dfa20,0.5131,11.20,0x3fe2a0,0.5464
0x0049afd2,BuildClass,GeizerClass,0xdfa20,0x4dfa20,0.5131,11.20,0x3fe2a0,0.5464
0x0049c2e3,BuildClass,HealthPowerupClass,0xdfa20,0x4dfa20,0.5131,11.20,0x3fe2a0,0.5464
0x0049f5af,BuildClass,HoverCraftClass,0xdfa20,0x4dfa20,0.5131,11.20,0x3fe2a0,0.5464
0x0049f95d,BuildClass,HowitzerClass,0xdfa20,0x4dfa20,0.5131,11.20,0x3fe2a0,0.5464
0x0049fcf4,BuildClass,MinelayerClass,0xdfa20,0x4dfa20,0.5131,11.20,0x3fe2a0,0.5464
0x004a7fdb,BuildClass,PersonClass,0xdfa20,0x4dfa20,0.5131,11.20,0x3fe2a0,0.5464
0x004a8ad7,BuildClass,PowerPlantClass,0xdfa20,0x4dfa20,0.5131,11.20,0x3fe2a0,0.5464
0x004aa487,BuildClass,PowerUpClass,0xdfa20,0x4dfa20,0.5131,11.20,0x3fe2a0,0.5464
0x004acc35,BuildClass,ProducerClass,0xdfa20,0x4dfa20,0.5131,11.20,0x3fe2a0,0.5464
0x004aced0,BuildClass,RecyclerClass,0xdfa20,0x4dfa20,0.5131,11.20,0x3fe2a0,0.5464
0x004ad2fb,BuildClass,RepairDepotClass,0xdfa20,0x4dfa20,0.5131,11.20,0x3fe2a0,0.5464
0x004ad9dc,BuildClass,SAVClass,0xdfa20,0x4dfa20,0.5131,11.20,0x3fe2a0,0.5464
0x004af1d2,BuildClass,ScavengerClass,0xdfa20,0x4dfa20,0.5131,11.20,0x3fe2a0,0.5464
0x004af761,BuildClass,ScrapClass,0xdfa20,0x4dfa20,0.5131,11.20,0x3fe2a0,0.5464
0x004af8b3,BuildClass,ScrapDropoffClass,0xdfa20,0x4dfa20,0.5131,11.20,0x3fe2a0,0.5464
0x004afdd2,BuildClass,ScrapFieldClass,0xdfa20,0x4dfa20,0.5131,11.20,0x3fe2a0,0.5464
0x004b05a4,BuildClass,ShieldTowerClass,0xdfa20,0x4dfa20,0.5131,11.20,0x3fe2a0,0.5464
0x004b094b,BuildClass,ScrapSiloClass,0xdfa20,0x4dfa20,0.5131,11.20,0x3fe2a0,0.5464
0x004b1422,BuildClass,SpawnBuoyClass,0xdfa20,0x4dfa20,0.5131,11.20,0x3fe2a0,0.5464
0x004b1bbf,BuildClass,SupplyDepotClass,0xdfa20,0x4dfa20,0.5131,11.20,0x3fe2a0,0.5464
0x004b3b77,BuildClass,TugClass,0xdfa20,0x4dfa20,0.5131,11.20,0x3fe2a0,0.5464
0x004b4a1d,BuildClass,TurretCraftClass,0xdfa20,0x4dfa20,0.5131,11.20,0x3fe2a0,0.5464
0x004b6aee,BuildClass,TurretTankClass,0xdfa20,0x4dfa20,0.5131,11.20,0x3fe2a0,0.5464
0x004b9191,BuildClass,WalkerClass,0xdfa20,0x4dfa20,0.5131,11.20,0x3fe2a0,0.5464
0x004b950d,BuildClass,WeaponPowerupClass,0xdfa20,0x4dfa20,0.5131,11.20,0x3fe2a0,0.5464
0x004b9664,BuildClass,WingmanClass,0xdfa20,0x4dfa20,0.5131,11.20,0x3fe2a0,0.5464
0x00511215,IParse_Search_For_Next_Declaration,Global,0x42c1fd,0x82c1fd,0.5063,11.20,,
0x00529c1c,BuildClass,AnchorRocketClass,0xdfa20,0x4dfa20,0.5131,11.20,0x3fe2a0,0.5464
0x0052a165,BuildClass,BeamClass,0xdfa20,0x4dfa20,0.5131,11.20,0x3fe2a0,0.5464
0x0052ac47,BuildClass,BeamGunClass,0xdfa20,0x4dfa20,0.5131,11.20,0x3fe2a0,0.5464
0x0052aea8,BuildClass,BoltClass,0xdfa20,0x4dfa20,0.5131,11.20,0x3fe2a0,0.5464
0x0052b63c,BuildClass,BounceBombClass,0xdfa20,0x4dfa20,0.5131,11.20,0x3fe2a0,0.5464
0x0052c2f9,BuildClass,BulletClass,0xdfa20,0x4dfa20,0.5131,11.20,0x3fe2a0,0.5464
0x0052c730,BuildClass,CannonClass,0xdfa20,0x4dfa20,0.5131,11.20,0x3fe2a0,0.5464
0x0052cfd7,BuildClass,ChargeGunClass,0xdfa20,0x4dfa20,0.5131,11.20,0x3fe2a0,0.5464
0x0052d5bb,BuildClass,DayWreckerClass,0xdfa20,0x4dfa20,0.5131,11.20,0x3fe2a0,0.5464
0x0052d6af,BuildClass,DispenserClass,0xdfa20,0x4dfa20,0.5131,11.20,0x3fe2a0,0.5464
0x0052f655,BuildClass,ExplosionClass,0xdfa20,0x4dfa20,0.5131,11.20,0x3fe2a0,0.5464
0x0052f87d,BuildClass,FlamePuffClass,0xdfa20,0x4dfa20,0.5131,11.20,0x3fe2a0,0.5464
0x0052fd49,BuildClass,FlareMineClass,0xdfa20,0x4dfa20,0.5131,11.20,0x3fe2a0,0.5464
0x0052ffbb,BuildClass,GrenadeClass,0xdfa20,0x4dfa20,0.5131,11.20,0x3fe2a0,0.5464
0x00530078,BuildClass,GroundBlastClass,0xdfa20,0x4dfa20,0.5131,11.20,0x3fe2a0,0.5464
0x005302d1,BuildClass,ImageLauncherClass,0xdfa20,0x4dfa20,0.5131,11.20,0x3fe2a0,0.5464
0x00530562,BuildClass,ImageMissileClass,0xdfa20,0x4dfa20,0.5131,11.20,0x3fe2a0,0.5464
0x0053069d,BuildClass,ImageRefractClass,0xdfa20,0x4dfa20,0.5131,11.20,0x3fe2a0,0.5464
0x0053116b,BuildClass,LauncherClass,0xdfa20,0x4dfa20,0.5131,11.20,0x3fe2a0,0.5464
0x005314f0,BuildClass,MachineGunClass,0xdfa20,0x4dfa20,0.5131,11.20,0x3fe2a0,0.5464
0x00531742,BuildClass,MagnetMineClass,0xdfa20,0x4dfa20,0.5131,11.20,0x3fe2a0,0.5464
0x00531e66,BuildClass,MineClass,0xdfa20,0x4dfa20,0.5131,11.20,0x3fe2a0,0.5464
0x0053230a,BuildClass,MissileClass,0xdfa20,0x4dfa20,0.5131,11.20,0x3fe2a0,0.5464
0x0053258f,BuildClass,MortarClass,0xdfa20,0x4dfa20,0.5131,11.20,0x3fe2a0,0.5464
0x00532baa,BuildClass,ObjectLobberClass,0xdfa20,0x4dfa20,0.5131,11.20,0x3fe2a0,0.5464
0x00535e23,BuildClass,OrdnanceClass,0xdfa20,0x4dfa20,0.5131,11.20,0x3fe2a0,0.5464
0x00535e95,BuildClass,PlanarExplosionClass,0xdfa20,0x4dfa20,0.5131,11.20,0x3fe2a0,0.5464
0x00536675,BuildClass,PopperClass,0xdfa20,0x4dfa20,0.5131,11.20,0x3fe2a0,0.5464
0x005369e9,BuildClass,PopperGunClass,0xdfa20,0x4dfa20,0.5131,11.20,0x3fe2a0,0.5464
0x00536b6e,BuildClass,ProximityMineClass,0xdfa20,0x4dfa20,0.5131,11.20,0x3fe2a0,0.5464
0x00537143,BuildClass,QuakeBlastClass,0xdfa20,0x4dfa20,0.5131,11.20,0x3fe2a0,0.5464
0x00537353,BuildClass,RadarDamperClass,0xdfa20,0x4dfa20,0.5131,11.20,0x3fe2a0,0.5464
0x00537514,BuildClass,RadarLauncherClass,0xdfa20,0x4dfa20,0.5131,11.20,0x3fe2a0,0.5464
0x00537ad8,BuildClass,RemoteDetonatorClass,0xdfa20,0x4dfa20,0.5131,11.20,0x3fe2a0,0.5464
0x005387e1,BuildClass,RocketClass,0xdfa20,0x4dfa20,0.5131,11.20,0x3fe2a0,0.5464
0x00538b3e,BuildClass,SeismicWaveClass,0xdfa20,0x4dfa20,0.5131,11.20,0x3fe2a0,0.5464
0x0053990e,BuildClass,ShockBlastClass,0xdfa20,0x4dfa20,0.5131,11.20,0x3fe2a0,0.5464
0x00539a78,BuildClass,SniperGunClass,0xdfa20,0x4dfa20,0.5131,11.20,0x3fe2a0,0.5464
0x00539c53,BuildClass,SniperShellClass,0xdfa20,0x4dfa20,0.5131,11.20,0x3fe2a0,0.5464
0x0053a433,BuildClass,SpecialItemClass,0xdfa20,0x4dfa20,0.5131,11.20,0x3fe2a0,0.5464
0x0053a70d,BuildClass,SprayBuildingClass,0xdfa20,0x4dfa20,0.5131,11.20,0x3fe2a0,0.5464
0x0053ab4d,BuildClass,SprayBombClass,0xdfa20,0x4dfa20,0.5131,11.20,0x3fe2a0,0.5464
0x0053b04b,BuildClass,LeaderRoundClass,0xdfa20,0x4dfa20,0.5131,11.20,0x3fe2a0,0.5464
0x0053b33a,BuildClass,TargetingGunClass,0xdfa20,0x4dfa20,0.5131,11.20,0x3fe2a0,0.5464
0x0053bb23,BuildClass,TeamSwitcherClass,0xdfa20,0x4dfa20,0.5131,11.20,0x3fe2a0,0.5464
0x0053be28,BuildClass,TerrainExposeClass,0xdfa20,0x4dfa20,0.5131,11.20,0x3fe2a0,0.5464
0x0053c03f,BuildClass,ThermalLauncherClass,0xdfa20,0x4dfa20,0.5131,11.20,0x3fe2a0,0.5464
0x0053c345,BuildClass,ThermalMissileClass,0xdfa20,0x4dfa20,0.5131,11.20,0x3fe2a0,0.5464
0x0053d989,BuildClass,TorpedoClass,0xdfa20,0x4dfa20,0.5131,11.20,0x3fe2a0,0.5464
0x0053db39,BuildClass,TracerClass,0xdfa20,0x4dfa20,0.5131,11.20,0x3fe2a0,0.5464
0x0053f626,BuildClass,WeaponClass,0xdfa20,0x4dfa20,0.5131,11.20,0x3fe2a0,0.5464
0x0053f7a5,BuildClass,WeaponMineClass,0xdfa20,0x4dfa20,0.5131,11.20,0x3fe2a0,0.5464
0x0051ca3a,GetCloudTexture,Global,0x42d4b1,0x82d4b1,0.5730,11.19,,
0x0051cee0,GetStarTexture,Global,0x42d4b1,0x82d4b1,0.5730,11.19,,
0x0052f6bd,FlamePuff,FlamePuff,0xd26a0,0x4d26a0,0.6702,11.18,0x54020,0.8055
0x004b15fe,CStreamingOggSound,CStreamingOggSound,0x908a0,0x4908a0,0.5101,11.16,0x1b9830,0.5304
0x005c8ec0,oggpack_writeinit,Global,0x3a9e0,0x43a9e0,0.6370,11.14,0x2ac9d0,0.6403
0x004101f9,Collision_Trash_Range_Search_Structure,Global,0xafe80,0x4afe80,0.6832,11.13,0x34470,0.6832
0x00497611,GameObject_CleanupRange,Global,0xafe80,0x4afe80,0.6832,11.13,0x34470,0.6832
0x004af2c3,Scrap_CleanupRange,Global,0xafe80,0x4afe80,0.6832,11.13,0x34470,0.6832
0x004b4d09,TurretTank,TurretTank,0xdbc00,0x4dbc00,0.5043,11.13,,
0x0054d59f,Mono_Next,Global,0x1d4900,0x5d4900,0.5514,11.13,,
0x004cf06b,ToggleObjectives,InfoDisplay,0xf3890,0x4f3890,0.5130,11.10,,
0x004e3986,KillMessage,Global,0x226470,0x626470,0.6013,11.09,,
0x004eb1ee,Separable,Global,0x62010,0x462010,0.5376,11.09,0x1d27d0,0.5376
0x00508bc5,AI_Parts_SubtractPartFromSquad,Global,0x294c90,0x694c90,0.6754,11.08,0x326c00,0.5767
0x0047db5c,Init,APC,0xa7fc0,0x4a7fc0,0.5891,11.07,0x421ec0,0.5499
0x00485e1b,Init,Craft,0xa7fc0,0x4a7fc0,0.5891,11.07,0x421ec0,0.5499
0x004a5328,Init,Person,0xa7fc0,0x4a7fc0,0.5891,11.07,0x421ec0,0.5499
0x00416a42,LuaCheckStatus,Global,0x434371,0x834371,0.5876,11.06,,
0x0050e93c,Debug_Fclose,Global,0x1cd130,0x5cd130,0.5225,11.06,0x433fb5,0.5058
0x004dd8ad,Net_Close,Global,0xafe80,0x4afe80,0.6757,11.05,0x34470,0.6757
0x0048067e,SaveAudioMessage,Global,0x38ac0,0x438ac0,0.6637,11.03,0x3d4500,0.6140
0x00489f1e,PackPermState,Crater,0x7fa00,0x47fa00,0.6878,11.03,0x795e0,0.5761
0x0046075b,GetCurHealth,Global,0x1ce150,0x5ce150,0.5291,11.02,,
0x00460777,GetMaxHealth,Global,0x1ce150,0x5ce150,0.5291,11.02,,
0x004607ee,GetAmmo,Global,0x1ce150,0x5ce150,0.5291,11.02,,
0x00460890,GetLastEnemyShot,Global,0x1ce150,0x5ce150,0.5291,11.02,,
0x004608ac,GetLastFriendShot,Global,0x1ce150,0x5ce150,0.5291,11.02,,
0x0050c2dd,AIBuild_TeamClose,Global,0x2930e0,0x6930e0,0.6769,11.01,,
0x005bd5ef,luaU_dump,Global,0x431a2e,0x831a2e,0.6172,10.99,,
0x0056f409,MoveButton,ShellButton,0x226850,0x626850,0.5419,10.98,,
0x0056f834,BltBitmap,ShellBitmap,0xf2d20,0x4f2d20,0.5210,10.98,,
0x0045eeff,SetUserTarget,Global,0x1d5300,0x5d5300,0.6680,10.97,0x2854f0,0.6813
0x00414704,GoPoints,GoPoints,0xe7370,0x4e7370,0.5376,10.94,0xe7320,0.5442
0x004cf887,Cleanup,InfoDisplay,0x2aa170,0x6aa170,0.5857,10.94,0x2a8550,0.5245
0x00571324,ShellPlaySound,Global,0x5c4f0,0x45c4f0,0.5325,10.94,0x1cd130,0.5086
0x0056f59e,GetCurrentValue,OptionBox,0x42b7d7,0x82b7d7,0.5572,10.93,,
0x0040e161,"_Construct<AttackerInfo,AttackerInfo>",std,0x43d680,0x83d680,0.6213,10.90,0x22cb60,0.5553
0x00411c5b,"_Construct<FollowerInfo,FollowerInfo>",std,0x43d680,0x83d680,0.6213,10.90,0x22cb60,0.5553
0x0048acdc,"_Construct<std::pair<unsigned_long_const_,unsigned_long>,std::pair<unsigned_long_const_,unsigned_long>_>",std,0x43d680,0x83d680,0.6213,10.90,0x22cb60,0.5553
0x0048acf8,"_Construct<std::pair<unsigned_long_const_,float>,std::pair<unsigned_long_const_,float>_>",std,0x43d680,0x83d680,0.6213,10.90,0x22cb60,0.5553
0x0048aecb,"_Construct<stdext::_Hash<stdext::_Hmap_traits<unsigned_long,unsigned_long,stdext::hash_compare<unsigned_long,std::less<unsigned_long>_>,std::allocator<std::pair<unsigned_long_const_,unsigned_long>_>,0>_>::_List_position,stdext::_Hash<stdext::_Hmap_traits<unsigned_long,unsigned_long,stdext::hash_compare<unsigned_long,std::less<unsigned_long>_>,std::allocator<std::pair<unsigned_long_const_,unsigned_long>_>,0>_>::_List_position>",std,0x43d680,0x83d680,0.6213,10.90,0x22cb60,0.5553
0x0048aee3,"_Construct<stdext::_Hash<stdext::_Hmap_traits<unsigned_long,float,stdext::hash_compare<unsigned_long,std::less<unsigned_long>_>,std::allocator<std::pair<unsigned_long_const_,float>_>,0>_>::_List_position,stdext::_Hash<stdext::_Hmap_traits<unsigned_long,float,stdext::hash_compare<unsigned_long,std::less<unsigned_long>_>,std::allocator<std::pair<unsigned_long_const_,float>_>,0>_>::_List_position>",std,0x43d680,0x83d680,0.6213,10.90,0x22cb60,0.5553
0x004a0d54,"_Construct<std::pair<unsigned_int_const_,ParameterDB::FileData_*>,std::pair<unsigned_int_const_,ParameterDB::FileData_*>_>",std,0x43d680,0x83d680,0.6213,10.90,0x22cb60,0.5553
0x004a0d75,"_Construct<std::pair<unsigned_int_const_,char_const_*>,std::pair<unsigned_int_const_,char_const_*>_>",std,0x43d680,0x83d680,0.6213,10.90,0x22cb60,0.5553
0x004a0ebf,"_Construct<stdext::_Hash<stdext::_Hmap_traits<unsigned_int,ParameterDB::FileData_*,stdext::hash_compare<unsigned_int,std::less<unsigned_int>_>,std::allocator<std::pair<unsigned_int_const_,ParameterDB::FileData_*>_>,0>_>::_List_position,stdext::_Hash<stdext::_Hmap_traits<unsigned_int,ParameterDB::FileData_*,stdext::hash_compare<unsigned_int,std::less<unsigned_int>_>,std::allocator<std::pair<unsigned_int_const_,ParameterDB::FileData_*>_>,0>_>::_List_position>",std,0x43d680,0x83d680,0.6213,10.90,0x22cb60,0.5553
0x004a0ed7,"_Construct<stdext::_Hash<stdext::_Hmap_traits<unsigned_int,stdext::hash_map<unsigned_int,char_const_*,stdext::hash_compare<unsigned_int,std::less<unsigned_int>_>,std::allocator<std::pair<unsigned_int_const_,char_const_*>_>_>,stdext::hash_compare<unsigned_int,std::less<unsigned_int>_>,std::allocator<std::pair<unsigned_int_const_,stdext::hash_map<unsigned_int,char_const_*,stdext::hash_compare<unsigned_int,std::less<unsigned_int>_>,std::allocator<std::pair<unsigned_int_const_,char_const_*>_>_>_>_>,0>_>::_List_position,stdext::_Hash<stdext::_Hmap_traits<unsigned_int,stdext::hash_map<unsigned_int,char_const_*,stdext::hash_compare<unsigned_int,std::less<unsigned_int>_>,std::allocator<std::pair<unsigned_int_const_,char_const_*>_>_>,stdext::hash_compare<unsigned_int,std::less<unsigned_int>_>,std::allocator<std::pair<unsigned_int_const_,stdext::hash_map<unsigned_int,char_const_*,stdext::hash_compare<unsigned_int,std::less<unsigned_int>_>,std::allocator<std::pair<unsigned_int_const_,char_const_*>_>_>_>_>,0>_>::_List_position>",std,0x43d680,0x83d680,0.6213,10.90,0x22cb60,0.5553
0x004a0eef,"_Construct<stdext::_Hash<stdext::_Hmap_traits<unsigned_int,char_const_*,stdext::hash_compare<unsigned_int,std::less<unsigned_int>_>,std::allocator<std::pair<unsigned_int_const_,char_const_*>_>,0>_>::_List_position,stdext::_Hash<stdext::_Hmap_traits<unsigned_int,char_const_*,stdext::hash_compare<unsigned_int,std::less<unsigned_int>_>,std::allocator<std::pair<unsigned_int_const_,char_const_*>_>,0>_>::_List_position>",std,0x43d680,0x83d680,0.6213,10.90,0x22cb60,0.5553
0x004bfe3b,"_Construct<RadarItem,RadarItem>",std,0x43d680,0x83d680,0.6213,10.90,0x22cb60,0.5553
0x00517256,"_Construct<GridPoint,GridPoint>",std,0x43d680,0x83d680,0.6213,10.90,0x22cb60,0.5553
0x00542fcd,D3D_Clear,Global,0x3c6c0,0x43c6c0,0.6601,10.89,0x285560,0.6622
0x0059fb80,vorbis_info_blocksize,Global,0x42b7d7,0x82b7d7,0.5594,10.85,,
0x005285eb,strcasecpy,Global,0x3fcf40,0x7fcf40,0.5916,10.83,,
0x0041040f,~BuildGoto,BuildGoto,0x3d540,0x43d540,0.5391,10.82,0x90e90,0.5147
0x0054b76e,CheckResaveMission,Global,0xfbff0,0x4fbff0,0.5094,10.82,,
0x0047bc81,IncVar,Global,0x364f30,0x764f30,0.5522,10.80,0x3c6e0,0.5522
0x0047bc91,DecVar,Global,0x364f30,0x764f30,0.5522,10.80,0x3c6e0,0.5522
0x0053f999,Explode,WeaponMine,0xf2d70,0x4f2d70,0.5485,10.80,,
0x00542afd,D3D_Get_DC,Global,0x3c6e0,0x43c6e0,0.5493,10.80,0x1d4f60,0.5493
0x0040892e,PerimeterCells,Global,0x69840,0x469840,0.6661,10.79,0x698a0,0.6661
0x0040896a,BuildingCells,Global,0x69840,0x469840,0.6661,10.79,0x698a0,0.6661
0x00507689,AI_UnspentCreditAdd,Global,0x290120,0x690120,0.5670,10.76,,
0x00405a17,GetSphere,GameObject,0x42b7d7,0x82b7d7,0.5366,10.70,0x62400,0.5378
0x004b0eef,CreateObject,RtimeClass,0x172c00,0x572c00,0.6744,10.70,0x2aad90,0.6744
0x004716da,DeleteCBQueueItem,Global,0x22e710,0x62e710,0.5373,10.67,0x175810,0.5152
0x00510fa5,IParse_Insert_Struct,Global,0x299680,0x699680,0.5939,10.64,,
0x0044fe50,"_Copy_backward_opt<Strip_*_*,Strip_*_*,std::random_access_iterator_tag>",std,0xd8e00,0x4d8e00,0.5180,10.63,,
0x00450a60,"_Move_backward_opt<Strip_*_*,Strip_*_*,std::random_access_iterator_tag,std::_Undefined_move_tag>",std,0xd8e00,0x4d8e00,0.5180,10.63,,
0x00450c90,"unchecked_copy_backward<Strip_*_*,Strip_*_*>",stdext,0xd8e00,0x4d8e00,0.5180,10.63,,
0x00451180,"_Unchecked_move_backward<Strip_*_*,Strip_*_*>",stdext,0xd8e00,0x4d8e00,0.5180,10.63,,
0x0045e3cd,"_Copy_backward_opt<Scrap_*_*,Scrap_*_*,std::random_access_iterator_tag>",std,0xd8e00,0x4d8e00,0.5180,10.63,,
0x0047c7e7,"_Copy_backward_opt<AnimSprite_*_*,AnimSprite_*_*,std::random_access_iterator_tag>",std,0xd8e00,0x4d8e00,0.5180,10.63,,
0x0047f4cb,"_Copy_backward_opt<Attachment_*_*,Attachment_*_*,std::random_access_iterator_tag>",std,0xd8e00,0x4d8e00,0.5180,10.63,,
0x0048605a,SetActiveMode,Craft,0x2a07e0,0x6a07e0,0.5666,10.63,,
0x004868e9,"_Copy_backward_opt<Craft_*_*,Craft_*_*,std::random_access_iterator_tag>",std,0xd8e00,0x4d8e00,0.5180,10.63,,
0x0048ae4a,"_Copy_backward_opt<DistributedObject_*_*,DistributedObject_*_*,std::random_access_iterator_tag>",std,0xd8e00,0x4d8e00,0.5180,10.63,,
0x00491c39,"_Copy_backward_opt<GameFeature_*_*,GameFeature_*_*,std::random_access_iterator_tag>",std,0xd8e00,0x4d8e00,0.5180,10.63,,
0x00496b62,"_Copy_backward_opt<GameObject_*_*,GameObject_*_*,std::random_access_iterator_tag>",std,0xd8e00,0x4d8e00,0.5180,10.63,,
0x00499469,"_Copy_backward_opt<GameObjectClass_*_*,GameObjectClass_*_*,std::random_access_iterator_tag>",std,0xd8e00,0x4d8e00,0.5180,10.63,,
0x0049a527,"_Copy_backward_opt<Geizer_*_*,Geizer_*_*,std::random_access_iterator_tag>",std,0xd8e00,0x4d8e00,0.5180,10.63,,
0x004a80c3,"_Copy_backward_opt<PowerPlant_*_*,PowerPlant_*_*,std::random_access_iterator_tag>",std,0xd8e00,0x4d8e00,0.5180,10.63,,
0x004adb2a,"_Copy_backward_opt<Scanner_*_*,Scanner_*_*,std::random_access_iterator_tag>",std,0xd8e00,0x4d8e00,0.5180,10.63,,
0x004e3f42,"_Copy_backward_opt<ScorePlayer_*_*,ScorePlayer_*_*,std::random_access_iterator_tag>",std,0xd8e00,0x4d8e00,0.5180,10.63,,
0x004e6266,"_Copy_backward_opt<SpawnPoint_*_*,SpawnPoint_*_*,std::random_access_iterator_tag>",std,0xd8e00,0x4d8e00,0.5180,10.63,,
0x00517220,"_Copy_backward_opt<ObjectClassInfo_*_*,ObjectClassInfo_*_*,std::random_access_iterator_tag>",std,0xd8e00,0x4d8e00,0.5180,10.63,,
0x0052ea73,"_Copy_backward_opt<ExplosionClass_*_*,ExplosionClass_*_*,std::random_access_iterator_tag>",std,0xd8e00,0x4d8e00,0.5180,10.63,,
0x005350ac,"_Copy_backward_opt<OrdnanceClass_*_*,OrdnanceClass_*_*,std::random_access_iterator_tag>",std,0xd8e00,0x4d8e00,0.5180,10.63,,
0x0053eaaf,"_Copy_backward_opt<WeaponClass_*_*,WeaponClass_*_*,std::random_access_iterator_tag>",std,0xd8e00,0x4d8e00,0.5180,10.63,,
0x00555797,"_Copy_backward_opt<Server_*_*,Server_*_*,std::random_access_iterator_tag>",std,0xd8e00,0x4d8e00,0.5180,10.63,,
0x005557c6,"_Copy_backward_opt<Session_*_*,Session_*_*,std::random_access_iterator_tag>",std,0xd8e00,0x4d8e00,0.5180,10.63,,
0x005557f5,"_Copy_backward_opt<Player_*_*,Player_*_*,std::random_access_iterator_tag>",std,0xd8e00,0x4d8e00,0.5180,10.63,,
0x0055582b,"_Copy_backward_opt<PortData_*_*,PortData_*_*,std::random_access_iterator_tag>",std,0xd8e00,0x4d8e00,0.5180,10.63,,
0x00478c54,SetResolutionFont,Global,0x2a8550,0x6a8550,0.5137,10.61,0x2aa170,0.5736
0x00550746,WaitLobby,SessionList,0x9b480,0x49b480,0.6694,10.61,0x15e150,0.5747
0x00418d98,SetCurHealth,Global,0x3173a0,0x7173a0,0.6470,10.60,0x328510,0.6470
0x00418dc3,SetMaxHealth,Global,0x3173a0,0x7173a0,0.6470,10.60,0x328510,0.6470
0x00418dee,AddHealth,Global,0x3173a0,0x7173a0,0.6470,10.60,0x328510,0.6470
0x0046f8ba,~UserProcess,UserProcess,0x90e90,0x490e90,0.5273,10.59,0xe0f20,0.5273
0x0047f30c,Artifact,Artifact,0x321260,0x721260,0.6084,10.54,0x1a3a60,0.5126
0x004848c2,MCGetItem,Global,0x819b0,0x4819b0,0.6560,10.48,,
0x00461dbe,_Node,"std::_Tree_nod<std::_Tset_traits<ShortPath::OpenList::OpenNode,ShortPath::OpenList::OpenNodeLT,std::allocator<ShortPath::OpenList::OpenNode>,1>_>::_Node",0x2bdeb0,0x6bdeb0,0.5379,10.47,0x1704a0,0.5633
0x0041cbbc,operator+,"std::_Vector_iterator<Craft_*,std::allocator<Craft_*>_>",0x405040,0x805040,0.5622,10.46,0x326220,0.5622
0x0041cbe9,operator+,"std::_Vector_iterator<GameObject_*,std::allocator<GameObject_*>_>",0x405040,0x805040,0.5622,10.46,0x326220,0.5622
0x0045cc46,Get_Escort_Count,ScavengerProcess,0x42b7d7,0x82b7d7,0.6209,10.46,0x42c489,0.5595
0x00460c91,operator+,"std::_Vector_iterator<Scrap_*,std::allocator<Scrap_*>_>",0x405040,0x805040,0.5622,10.46,0x326220,0.5622
0x0047cc55,operator+,"std::_Vector_iterator<AnimSprite_*,std::allocator<AnimSprite_*>_>",0x405040,0x805040,0.5622,10.46,0x326220,0.5622
0x0047f801,operator+,"std::_Vector_iterator<Attachment_*,std::allocator<Attachment_*>_>",0x405040,0x805040,0.5622,10.46,0x326220,0.5622
0x0048bc5d,operator+,"std::_Vector_iterator<DistributedObject_*,std::allocator<DistributedObject_*>_>",0x405040,0x805040,0.5622,10.46,0x326220,0.5622
0x00493193,operator+,"std::_Vector_iterator<GameFeature_*,std::allocator<GameFeature_*>_>",0x405040,0x805040,0.5622,10.46,0x326220,0.5622
0x004996ee,operator+,"std::_Vector_iterator<GameObjectClass_*,std::allocator<GameObjectClass_*>_>",0x405040,0x805040,0.5622,10.46,0x326220,0.5622
0x0049a9c6,operator+,"std::_Vector_iterator<Geizer_*,std::allocator<Geizer_*>_>",0x405040,0x805040,0.5622,10.46,0x326220,0.5622
0x004a1e25,operator+,"std::_Vector_iterator<stdext::_Hash<stdext::_Hmap_traits<unsigned_int,char_const_*,stdext::hash_compare<unsigned_int,std::less<unsigned_int>_>,std::allocator<std::pair<unsigned_int_const_,char_const_*>_>,0>_>::_List_position,std::allocator<stdext::_Hash<stdext::_Hmap_traits<unsigned_int,char_const_*,stdext::hash_compare<unsigned_int,std::less<unsigned_int>_>,std::allocator<std::pair<unsigned_int_const_,char_const_*>_>,0>_>::_List_position>_>",0x405040,0x805040,0.5622,10.46,0x326220,0.5622
0x004a84e3,operator+,"std::_Vector_iterator<PowerPlant_*,std::allocator<PowerPlant_*>_>",0x405040,0x805040,0.5622,10.46,0x326220,0.5622
0x004ae06c,operator+,"std::_Vector_iterator<Scanner_*,std::allocator<Scanner_*>_>",0x405040,0x805040,0.5622,10.46,0x326220,0.5622
0x004e4d1f,operator+,"std::_Vector_iterator<ScorePlayer_*,std::allocator<ScorePlayer_*>_>",0x405040,0x805040,0.5622,10.46,0x326220,0.5622
0x004e65f9,operator+,"std::_Vector_iterator<SpawnPoint_*,std::allocator<SpawnPoint_*>_>",0x405040,0x805040,0.5622,10.46,0x326220,0.5622
0x00518a6b,operator+,"std::_Vector_iterator<ObjectClassInfo_*,std::allocator<ObjectClassInfo_*>_>",0x405040,0x805040,0.5622,10.46,0x326220,0.5622
0x00518acd,operator+,"std::_Vector_iterator<GridPoint,std::allocator<GridPoint>_>",0x405040,0x805040,0.5622,10.46,0x326220,0.5622
0x0052ecf8,operator+,"std::_Vector_iterator<ExplosionClass_*,std::allocator<ExplosionClass_*>_>",0x405040,0x805040,0.5622,10.46,0x326220,0.5622
0x00535331,operator+,"std::_Vector_iterator<OrdnanceClass_*,std::allocator<OrdnanceClass_*>_>",0x405040,0x805040,0.5622,10.46,0x326220,0.5622
0x0053ed35,operator+,"std::_Vector_iterator<WeaponClass_*,std::allocator<WeaponClass_*>_>",0x405040,0x805040,0.5622,10.46,0x326220,0.5622
0x00557bf0,operator+,"std::_Vector_iterator<PortData_*,std::allocator<PortData_*>_>",0x405040,0x805040,0.5622,10.46,0x326220,0.5622
0x00557ea1,operator+,"std::_Vector_iterator<Server_*,std::allocator<Server_*>_>",0x405040,0x805040,0.5622,10.46,0x326220,0.5622
0x00557ece,operator+,"std::_Vector_iterator<Session_*,std::allocator<Session_*>_>",0x405040,0x805040,0.5622,10.46,0x326220,0.5622
0x00557f10,operator+,"std::_Vector_iterator<Player_*,std::allocator<Player_*>_>",0x405040,0x805040,0.5622,10.46,0x326220,0.5622
0x00516300,tlog_enable,Global,0x2a0780,0x6a0780,0.5636,10.44,,
0x005a2c30,_vp_global_free,Global,0x298b40,0x698b40,0.5341,10.44,0x1f1dd0,0.5094
0x005a7980,vorbis_book_codelen,Global,0x42b7d7,0x82b7d7,0.5202,10.44,,
0x0040ee4d,~AttackTask,AttackTask,0x3d540,0x43d540,0.5314,10.41,0x43b57b,0.5214
0x004128c2,~FollowTask,FollowTask,0x3d540,0x43d540,0.5314,10.41,0x43b57b,0.5214
0x00458221,~PersonAttack,PersonAttack,0x3d540,0x43d540,0.5314,10.41,0x43b57b,0.5214
0x0045bf85,~SAVAttackVehicleTask,SAVAttackVehicleTask,0x3d540,0x43d540,0.5314,10.41,0x43b57b,0.5214
0x004633e3,~SoldierAttack,SoldierAttack,0x3d540,0x43d540,0.5314,10.41,0x43b57b,0.5214
0x00467a1d,~TurretAttack,TurretAttack,0x3d540,0x43d540,0.5314,10.41,0x43b57b,0.5214
0x00570263,~TextLabel,TextLabel,0x4272d0,0x8272d0,0.5819,10.40,0x42c2cb,0.5312
0x005c1a70,ll_load,Global,0x38ef20,0x78ef20,0.5839,10.39,0x433fb5,0.5122
0x004ccb17,Cleanup,EditTerrain,0x298be0,0x698be0,0.5244,10.38,0x9ee10,0.5339
0x005c35b5,init_exp,Global,0x289ee0,0x689ee0,0.5805,10.36,0x377620,0.5463
0x0045bb56,CleanState,SAVAttackVehicleTask,0x1c10e0,0x5c10e0,0.5191,10.35,0x1b53a0,0.5004
0x005c49da,cond,Global,0x439df0,0x839df0,0.5269,10.34,,
0x004c049f,_Construct_n,"std::vector<RadarItem,std::allocator<RadarItem>_>",0x3fb000,0x7fb000,0.5957,10.33,,
0x005c81e0,ogg_stream_packetin,Global,0x409740,0x809740,0.6576,10.33,0x416750,0.6576
0x00405d7d,get_obj_vhcl,Global,0x5c4f0,0x45c4f0,0.5585,10.32,0x42c2ac,0.5390
0x0050adf4,AIBuild_UnassignedCCGet,Global,0x3beed0,0x7beed0,0.5144,10.32,,
0x0053061d,UpdateTarget,ImageMissile,0x16a4e0,0x56a4e0,0.5570,10.31,,
0x0052c3a9,Cannon,Cannon,0x1c4050,0x5c4050,0.5555,10.30,,
0x0052d742,Dispenser,Dispenser,0x1c4050,0x5c4050,0.5555,10.30,,
0x00536728,PopperGun,PopperGun,0x1c4050,0x5c4050,0.5555,10.30,,
0x0040498e,Dot_Product,Global,0x3c550,0x43c550,0.5392,10.28,0x62160,0.5056
0x0044d0cc,MultSTMission,MultSTMission,0x1f9350,0x5f9350,0.5985,10.28,,
0x00482527,Init,Barracks,0x796f0,0x4796f0,0.5436,10.28,,
0x0050506d,GDI_Blit,Global,0x17e20,0x417e20,0.5373,10.28,,
0x0054a2df,isHanKataOpening,Global,0x42d4b1,0x82d4b1,0.5228,10.27,,
0x0053dbab,Init,Tracer,0x7a3d0,0x47a3d0,0.5184,10.26,,
0x004958a9,SetWhoIShot,GameObject,0xdc2c0,0x4dc2c0,0.6286,10.23,,
0x0052a8b4,Trigger,BeamGun,0x1dfb50,0x5dfb50,0.6286,10.23,0x8ef70,0.6286
0x0052c373,Trigger,Cannon,0x1dfb50,0x5dfb50,0.6286,10.23,0x8ef70,0.6286
0x0052d6fa,Trigger,Dispenser,0x1dfb50,0x5dfb50,0.6286,10.23,0x8ef70,0.6286
0x0052dc72,Explosion_GetDamage,Global,0x7a3d0,0x47a3d0,0.5072,10.23,,
0x005307c9,Trigger,Launcher,0x1dfb50,0x5dfb50,0.6286,10.23,0x8ef70,0.6286
0x0053260c,Trigger,ObjectLobber,0x1dfb50,0x5dfb50,0.6286,10.23,0x8ef70,0.6286
0x005366f2,Trigger,PopperGun,0x1dfb50,0x5dfb50,0.6286,10.23,0x8ef70,0.6286
0x0053b091,Trigger,TargetingGun,0x1dfb50,0x5dfb50,0.6286,10.23,0x8ef70,0.6286
0x0053b189,Cleanup,LeaderRound,0x43b57b,0x83b57b,0.5811,10.23,0x3ce730,0.5962
0x00468732,IsSelectMsg,Global,0x263d10,0x663d10,0.5372,10.21,0x1f91b0,0.5425
0x004bff46,"_Pop_heap<RadarItem_*,int,RadarItem>",std,0x39d80,0x439d80,0.5066,10.20,0x405040,0.5477
0x004152d4,empty,"std::vector<Scrap_*,std::allocator<Scrap_*>_>",0x42c8f6,0x82c8f6,0.6278,10.19,0x23eb0,0.6278
0x0044c348,empty,"std::vector<SpawnPoint_*,std::allocator<SpawnPoint_*>_>",0x42c8f6,0x82c8f6,0.6278,10.19,0x23eb0,0.6278
0x0044f3a0,empty,"std::vector<Strip_*,std::allocator<Strip_*>_>",0x42c8f6,0x82c8f6,0.6278,10.19,0x23eb0,0.6278
0x0047c87a,empty,"std::vector<AnimSprite_*,std::allocator<AnimSprite_*>_>",0x42c8f6,0x82c8f6,0.6278,10.19,0x23eb0,0.6278
0x0049950a,empty,"std::vector<GameObjectClass_*,std::allocator<GameObjectClass_*>_>",0x42c8f6,0x82c8f6,0.6278,10.19,0x23eb0,0.6278
0x004e3ecd,empty,"std::vector<ScorePlayer_*,std::allocator<ScorePlayer_*>_>",0x42c8f6,0x82c8f6,0.6278,10.19,0x23eb0,0.6278
0x005147c0,Mapgrid_Goal,Mapgrid_Goal,0x297340,0x697340,0.5325,10.19,0x2f7400,0.5539
0x00516e1a,empty,"std::vector<ObjectClassInfo_*,std::allocator<ObjectClassInfo_*>_>",0x42c8f6,0x82c8f6,0.6278,10.19,0x23eb0,0.6278
0x00516e59,empty,"std::vector<GridPoint,std::allocator<GridPoint>_>",0x42c8f6,0x82c8f6,0.6278,10.19,0x23eb0,0.6278
0x0052eb14,empty,"std::vector<ExplosionClass_*,std::allocator<ExplosionClass_*>_>",0x42c8f6,0x82c8f6,0.6278,10.19,0x23eb0,0.6278
0x0053514d,empty,"std::vector<OrdnanceClass_*,std::allocator<OrdnanceClass_*>_>",0x42c8f6,0x82c8f6,0.6278,10.19,0x23eb0,0.6278
0x0053eb51,empty,"std::vector<WeaponClass_*,std::allocator<WeaponClass_*>_>",0x42c8f6,0x82c8f6,0.6278,10.19,0x23eb0,0.6278
0x00551cf8,Type,MapList,0x1c4050,0x5c4050,0.5011,10.19,,
0x00554f44,empty,"std::vector<Player_*,std::allocator<Player_*>_>",0x42c8f6,0x82c8f6,0.6278,10.19,0x23eb0,0.6278
0x00554fc0,empty,"std::vector<PortData_*,std::allocator<PortData_*>_>",0x42c8f6,0x82c8f6,0.6278,10.19,0x23eb0,0.6278
0x0055765b,empty,"std::vector<Server_*,std::allocator<Server_*>_>",0x42c8f6,0x82c8f6,0.6278,10.19,0x23eb0,0.6278
0x0055766f,empty,"std::vector<Session_*,std::allocator<Session_*>_>",0x42c8f6,0x82c8f6,0.6278,10.19,0x23eb0,0.6278
0x0044fdc0,"_Fill<Strip_*_*,Strip_*>",std,0x277900,0x677900,0.5134,10.15,,
0x00451160,"fill<Strip_*_*,Strip_*>",std,0x277900,0x677900,0.5134,10.15,,
0x004edfee,PrecomputeShadowPoly,Global,0x425430,0x825430,0.5750,10.15,0x2bdeb0,0.5101
0x00525117,Flame_Damage_Resolve,Global,0x2ab9e0,0x6ab9e0,0.5670,10.15,0x1c8e90,0.5396
0x004def1b,~Net,Net,0x82800,0x482800,0.6291,10.14,0x2a1ac0,0.6255
0x0059c0a0,ov_test_open,Global,0x1c2250,0x5c2250,0.5532,10.14,0x111c20,0.5532
0x00467599,CleanState,TurretBlastAttack,0x43b6c3,0x83b6c3,0.5390,10.12,,
0x004ace2b,PostLoad,Recycler,0x1b2f70,0x5b2f70,0.5021,10.12,,
0x005b6b65,lua_setallocf,Global,0x42cd45,0x82cd45,0.5455,10.07,0x1b1d60,0.5301
0x005b8e0d,removeentry,Global,0x3cb500,0x7cb500,0.6602,10.06,0xaeb30,0.5072
0x0045b5b4,RescueTask,RescueTask,0x2143d0,0x6143d0,0.5013,10.05,0x9d850,0.5065
0x004671b4,TurretTankProcess,TurretTankProcess,0xf5520,0x4f5520,0.5972,10.03,0x1f6a70,0.5052
0x00469340,CleanRecycle,UnitProcess,0x37450,0x437450,0.5198,10.03,,
0x004dc7f2,DMessage,Global,0x16fcb0,0x56fcb0,0.5639,10.03,,
0x00404bdd,Min,Global,0x3d130,0x43d130,0.6539,10.02,0x6b550,0.6539
0x00404bec,Max,Global,0x3d130,0x43d130,0.6539,10.02,0x6b550,0.6539
0x004d0713,max<long>,Global,0x3d130,0x43d130,0.6539,10.02,0x6b550,0.6539
0x00581c0e,Gradient,Global,0x422940,0x822940,0.5578,10.01,,
0x00401728,what,stdext::exception,0x1f7cc0,0x5f7cc0,0.5706,10.00,0x346610,0.5706
0x0047dcfb,GetMode,ModeList,0x3d74e0,0x7d74e0,0.5511,10.00,,
0x00482bc5,min<int>,Global,0x3d130,0x43d130,0.6592,10.00,0x6b550,0.6592
0x00490c55,min<unsigned_long>,Global,0x227ee0,0x627ee0,0.6592,10.00,,
0x004c186f,min<long>,Global,0x3d130,0x43d130,0.6592,10.00,0x6b550,0.6592
0x0052c7a2,ChargeGun,ChargeGun,0x54020,0x454020,0.5351,10.00,,
0x00496bf5,RemoveAllModes,ModeList,0x2a1a80,0x6a1a80,0.5096,9.98,,
0x0045dea6,SetPilot,Global,0x2d4a20,0x6d4a20,0.5059,9.96,0x3aba40,0.5529
0x0045df01,SetMaxPilot,Global,0x2d4a20,0x6d4a20,0.5059,9.96,0x3aba40,0.5529
0x0045df5c,SetScrap,Global,0x2d4a20,0x6d4a20,0.5059,9.96,0x3aba40,0.5529
0x0045dfb7,SetMaxScrap,Global,0x2d4a20,0x6d4a20,0.5059,9.96,0x3aba40,0.5529
0x0045e518,SetMaxHealth,GameObject,0xa76a0,0x4a76a0,0.5494,9.96,0x1c73f0,0.5494
0x0054340f,Begin_D3D_Scene,Global,0x3c710,0x43c710,0.6223,9.96,0x3c6c0,0.5386
0x0055caae,dpEnumGamePlayersCallback,Global,0x16670,0x416670,0.5153,9.94,0xff770,0.5153
0x00406001,swap<float>,std,0x276d40,0x676d40,0.5233,9.93,0x22dc80,0.5790
0x00406016,swap<char>,std,0x276d40,0x676d40,0.5079,9.93,0x2d5780,0.5916
0x0044ff70,swap<Strip_*>,std,0x276d40,0x676d40,0.5233,9.93,0x22dc80,0.5790
0x00450b20,"iter_swap<Strip_*_*,Strip_*_*>",std,0x276d40,0x676d40,0.5233,9.93,0x22dc80,0.5790
0x00491c8d,swap<GameFeature_*>,std,0x276d40,0x676d40,0.5233,9.93,0x22dc80,0.5790
0x00492080,"iter_swap<GameFeature_*_*,GameFeature_*_*>",std,0x276d40,0x676d40,0.5233,9.93,0x22dc80,0.5790
0x004e3f96,swap<ScorePlayer_*>,std,0x276d40,0x676d40,0.5233,9.93,0x22dc80,0.5790
0x004e43d6,"iter_swap<ScorePlayer_*_*,ScorePlayer_*_*>",std,0x276d40,0x676d40,0.5233,9.93,0x22dc80,0.5790
0x004c1731,Hide,HardPoints,0x43393d,0x83393d,0.5720,9.92,,
0x004c17f7,Hide,BoundingBox,0x43393d,0x83393d,0.5720,9.92,,
0x00550bd0,Init,PlayerList,0x3c6bf0,0x7c6bf0,0.5917,9.90,,
0x005a86d0,fdrffti,Global,0x1e7f0,0x41e7f0,0.5792,9.88,0x267000,0.5075
0x0057057a,HideWindowText,TextWindow,0x17e20,0x417e20,0.5098,9.87,,
0x004c76db,PrintValue,DisplayInterface,0xb6fa0,0x4b6fa0,0.5148,9.86,,
0x004c7741,PrintValue,DisplayInterface,0xb6fa0,0x4b6fa0,0.5148,9.86,,
0x004ed09d,set_obj_loc,Global,0xfefc0,0x4fefc0,0.6471,9.81,,
0x00414b3f,GoGet,GoGet,0x212690,0x612690,0.5578,9.80,0xb0f40,0.5578
0x004824ea,Barracks,Barracks,0x212690,0x612690,0.5578,9.80,0xb0f40,0.5578
0x004acd1e,Recycler,Recycler,0x212690,0x612690,0.5578,9.80,0xb0f40,0.5578
0x004afe64,ShieldTower,ShieldTower,0x212690,0x612690,0.5578,9.80,0xb0f40,0.5578
0x004b06b4,ScrapSilo,ScrapSilo,0x212690,0x612690,0.5578,9.80,0xb0f40,0.5578
0x0053f7cf,WeaponMine,WeaponMine,0x212690,0x612690,0.5578,9.80,0xb0f40,0.5578
0x0055b3ba,Init,SessionList,0x4053c0,0x8053c0,0.5126,9.80,,
0x00415111,HovTooClose,Global,0x42d490,0x82d490,0.5534,9.79,0x42d447,0.5349
0x00415134,StandTooClose,Global,0x42d490,0x82d490,0.5534,9.79,0x42d447,0.5349
0x004151af,FleePlentyFar,Global,0x42d490,0x82d490,0.5534,9.79,0x42d447,0.5349
0x005bf680,math_ceil,Global,0x1007e0,0x5007e0,0.6164,9.78,0x100860,0.6164
0x00553e75,do_error,Global,0x224710,0x624710,0.5010,9.74,,
0x005570f0,`scalar_deleting_destructor',MapList,0x41bae0,0x81bae0,0.5343,9.73,0x8e920,0.5343
0x0052648d,Process_LOBJ_Chunk,Global,0x66de0,0x466de0,0.5603,9.72,0x190340,0.5296
0x00527319,EndBWD2Write,Global,0x2e0f70,0x6e0f70,0.5335,9.72,,
0x0048ab2f,"_Construct<BASE_STRUCT,BASE_STRUCT>",std,0x43d680,0x83d680,0.5598,9.69,0x2e33f0,0.5177
0x0048b33e,construct,std::allocator<BASE_STRUCT>,0x43d680,0x83d680,0.5598,9.69,0x2e33f0,0.5177
0x005479f2,`scalar_deleting_destructor',Addr,0x32b580,0x72b580,0.6203,9.68,,
0x005491b0,`scalar_deleting_destructor',OldNew,0x32b580,0x72b580,0.6203,9.68,,
0x005714ce,`scalar_deleting_destructor',KeyConfig,0x32b580,0x72b580,0.6203,9.68,,
0x00545029,SetZBufferRange,Global,0x1b53a0,0x5b53a0,0.5115,9.67,0x188dd0,0.5082
0x0046f892,GameObject_GetFromObj,Global,0x42d4b1,0x82d4b1,0.5965,9.65,0x434371,0.5016
0x00532c1c,GetFromObj,Ordnance,0x42d4b1,0x82d4b1,0.5965,9.65,0x434371,0.5016
0x0053df34,GetFromObj,Weapon,0x42d4b1,0x82d4b1,0.5965,9.65,0x434371,0.5016
0x005be5dc,bit_bnot,Global,0x4383d8,0x8383d8,0.6115,9.63,,
0x00459aae,RecycleTask_GetState,Global,0x1c10e0,0x5c10e0,0.5140,9.62,,
0x0048c3d2,operator-,"std::_Deque_iterator<BASE_STRUCT,std::allocator<BASE_STRUCT>,1>",0xfef60,0x4fef60,0.5589,9.60,0x405040,0.5332
0x004979fe,operator-,"std::_Vector_iterator<GameObject_*,std::allocator<GameObject_*>_>",0xfef60,0x4fef60,0.5589,9.60,0x405040,0.5332
0x0049980b,operator-,"std::_Vector_iterator<GameObjectClass_*,std::allocator<GameObjectClass_*>_>",0xfef60,0x4fef60,0.5589,9.60,0x405040,0.5332
0x004e5383,operator-,"std::_Vector_iterator<ScorePlayer_*,std::allocator<ScorePlayer_*>_>",0xfef60,0x4fef60,0.5589,9.60,0x405040,0.5332
0x004ecc93,obj_get_root,Global,0x22e050,0x62e050,0.5597,9.60,0x18e940,0.5267
0x00518e4a,operator-,"std::_Vector_iterator<ObjectClassInfo_*,std::allocator<ObjectClassInfo_*>_>",0xfef60,0x4fef60,0.5589,9.60,0x405040,0.5332
0x00518e8f,operator-,"std::_Vector_iterator<GridPoint,std::allocator<GridPoint>_>",0xfef60,0x4fef60,0.5589,9.60,0x405040,0.5332
0x0052ee15,operator-,"std::_Vector_iterator<ExplosionClass_*,std::allocator<ExplosionClass_*>_>",0xfef60,0x4fef60,0.5589,9.60,0x405040,0.5332
0x0053544e,operator-,"std::_Vector_iterator<OrdnanceClass_*,std::allocator<OrdnanceClass_*>_>",0xfef60,0x4fef60,0.5589,9.60,0x405040,0.5332
0x0053ee52,operator-,"std::_Vector_iterator<WeaponClass_*,std::allocator<WeaponClass_*>_>",0xfef60,0x4fef60,0.5589,9.60,0x405040,0.5332
0x00557e71,operator-,"std::_Vector_iterator<PortData_*,std::allocator<PortData_*>_>",0xfef60,0x4fef60,0.5589,9.60,0x405040,0.5332
0x00558366,operator-,"std::_Vector_iterator<Session_*,std::allocator<Session_*>_>",0xfef60,0x4fef60,0.5589,9.60,0x405040,0.5332
0x005583ab,operator-,"std::_Vector_iterator<Player_*,std::allocator<Player_*>_>",0xfef60,0x4fef60,0.5589,9.60,0x405040,0.5332
0x0055854d,operator-,"std::_Vector_iterator<Server_*,std::allocator<Server_*>_>",0xfef60,0x4fef60,0.5589,9.60,0x405040,0.5332
0x0048ebe1,GlobalSetRemote,DistributedObject,0xb9c30,0x4b9c30,0.5131,9.59,,
0x00556605,Load,PlayerNameList,0x4053c0,0x8053c0,0.5199,9.59,0x407150,0.5045
0x0054d375,Mono_Clear,Global,0xa7fc0,0x4a7fc0,0.5292,9.58,0x43ea64,0.5572
0x00486a4b,Craft_ControlSpeed,Global,0x79f30,0x479f30,0.5799,9.53,0x183d90,0.5799
0x00486ab4,Craft_MaxTurningSpeed,Global,0x79f30,0x479f30,0.5807,9.53,0x183d90,0.5807
0x004a5452,Person_ControlSpeed,Global,0x79f30,0x479f30,0.5799,9.53,0x183d90,0.5799
0x004a54bb,Person_MaxTurningSpeed,Global,0x79f30,0x479f30,0.5807,9.53,0x183d90,0.5807
0x0053df58,Weapon_Trigger,Global,0x79f30,0x479f30,0.5807,9.53,0x183d90,0.5807
0x00410725,GetBoundingSphere,GameObjectClass,0x42c2ac,0x82c2ac,0.5215,9.52,0x3c2450,0.5812
0x0048543d,GetBoundingBox,GameObjectClass,0x42c2ac,0x82c2ac,0.5215,9.52,0x3c2450,0.5812
0x0054f300,FreeMap,Global,0xafe80,0x4afe80,0.5804,9.50,0x34470,0.5804
0x004968b4,GameObject_SetUserTeamAlly,Global,0x43e885,0x83e885,0.5749,9.45,,
0x004968d7,GameObject_UnSetUserTeamAlly,Global,0x43e885,0x83e885,0.5749,9.45,,
0x004ea42d,Entity_WorldSphere,Global,0x299650,0x699650,0.5516,9.45,,
0x00570107,~ShellScrollBar,ShellScrollBar,0x2cd6e0,0x6cd6e0,0.5498,9.44,0x42c2cb,0.5254
0x004e86e8,Submit_Sorting_Planes,Global,0x326c00,0x726c00,0.5767,9.40,0x2084c0,0.5828
0x00570499,~TextWindow,TextWindow,0x42c2cb,0x82c2cb,0.5017,9.40,,
0x00405c6f,GetObj,GameObjectHandle,0x1ce150,0x5ce150,0.5006,9.38,,
0x0046f76c,UserProcess,UserProcess,0x2d0dc0,0x6d0dc0,0.5271,9.38,0xbc140,0.6563
0x004954d7,SetAsNotUser,GameObject,0x71860,0x471860,0.5142,9.34,0x75050,0.5142
0x0051711f,operator(),matrix<unsigned_char>,0x2a65e0,0x6a65e0,0.5112,9.28,,
0x0059c300,ov_bitrate_instant,Global,0x1b53a0,0x5b53a0,0.5272,9.27,,
0x00571b16,SetScrollPos,ShellScrollBar,0x3054c0,0x7054c0,0.5300,9.25,,
0x00571bcc,DrawLabelText,TextLabel,0x3054c0,0x7054c0,0.5300,9.25,,
0x00573f55,SetButtonTextColor,ShellButton,0x3c2450,0x7c2450,0.5217,9.22,0x3c30e0,0.5217
0x00586238,StringValidateDestA,Global,0x28b310,0x68b310,0.5044,9.21,,
0x004be394,HullWarning,BettyVoice,0x420fe0,0x820fe0,0.5513,9.20,,
0x00529c88,Cleanup,AnchorRocket,0x1bd010,0x5bd010,0.6521,9.19,0x1b1d60,0.5814
0x0052b599,Cleanup,BounceBomb,0x1bd010,0x5bd010,0.6521,9.19,0x1b1d60,0.5814
0x0052fde1,Cleanup,Grenade,0x1bd010,0x5bd010,0.6521,9.19,0x1b1d60,0.5814
0x00536231,Cleanup,Popper,0x1bd010,0x5bd010,0.6521,9.19,0x1b1d60,0.5814
0x00537e76,Cleanup,Rocket,0x1bd010,0x5bd010,0.6521,9.19,0x1b1d60,0.5814
0x0053bb74,Cleanup,TeamSwitcher,0x1bd010,0x5bd010,0.6521,9.19,0x1b1d60,0.5814
0x00570ef7,init_option_box,Global,0x1f0cb0,0x5f0cb0,0.6017,9.17,,
0x00482abc,PackPermState,Building,0x7fa00,0x47fa00,0.7053,9.16,0x7fa50,0.6396
0x004b3ee1,PackPermState,TurretCraft,0x7fa00,0x47fa00,0.7053,9.16,0x7fa50,0.6396
0x00401855,`scalar_deleting_destructor',std::length_error,0x41daf0,0x81daf0,0.5011,9.15,0x165f0,0.5011
0x00403f0c,`scalar_deleting_destructor',EmptyMission,0x41daf0,0x81daf0,0.5011,9.15,0x165f0,0.5011
0x0040563c,`scalar_deleting_destructor',std::out_of_range,0x41daf0,0x81daf0,0.5011,9.15,0x165f0,0.5011
0x004111c1,`scalar_deleting_destructor',DemoMission,0x41daf0,0x81daf0,0.5011,9.15,0x165f0,0.5011
0x00415352,`scalar_deleting_destructor',HuntTask,0x41daf0,0x81daf0,0.5011,9.15,0x165f0,0.5011
0x00415ad9,`scalar_deleting_destructor',Inst01Mission,0x41daf0,0x81daf0,0.5011,9.15,0x165f0,0.5011
0x00415c5e,`scalar_deleting_destructor',Inst02Mission,0x41daf0,0x81daf0,0.5011,9.15,0x165f0,0.5011
0x00415d6c,`scalar_deleting_destructor',Inst03Mission,0x41daf0,0x81daf0,0.5011,9.15,0x165f0,0.5011
0x0041d406,InitUState1,MineLayerProcess,0x3fe2a0,0x7fe2a0,0.5154,9.15,,
0x0041d83d,`scalar_deleting_destructor',Misn01Mission,0x41daf0,0x81daf0,0.5011,9.15,0x165f0,0.5011
0x004209b7,`scalar_deleting_destructor',Misn03Mission,0x41daf0,0x81daf0,0.5011,9.15,0x165f0,0.5011
0x004232bb,`scalar_deleting_destructor',Misn04Mission,0x41daf0,0x81daf0,0.5011,9.15,0x165f0,0.5011
0x0042645a,`scalar_deleting_destructor',Misn05Mission,0x41daf0,0x81daf0,0.5011,9.15,0x165f0,0.5011
0x0042932a,`scalar_deleting_destructor',Misn06Mission,0x41daf0,0x81daf0,0.5011,9.15,0x165f0,0.5011
0x0042bae7,`scalar_deleting_destructor',Misn07Mission,0x41daf0,0x81daf0,0.5011,9.15,0x165f0,0.5011
0x0042d789,`scalar_deleting_destructor',Misn08Mission,0x41daf0,0x81daf0,0.5011,9.15,0x165f0,0.5011
0x0042f234,`scalar_deleting_destructor',Misn09Mission,0x41daf0,0x81daf0,0.5011,9.15,0x165f0,0.5011
0x004318e4,`scalar_deleting_destructor',Misn10Mission,0x41daf0,0x81daf0,0.5011,9.15,0x165f0,0.5011
0x00431c08,`scalar_deleting_destructor',Misn11Mission,0x41daf0,0x81daf0,0.5011,9.15,0x165f0,0.5011
0x0043622b,`scalar_deleting_destructor',Misn12Mission,0x41daf0,0x81daf0,0.5011,9.15,0x165f0,0.5011
0x00438379,`scalar_deleting_destructor',Misn13Mission,0x41daf0,0x81daf0,0.5011,9.15,0x165f0,0.5011
0x004386de,`scalar_deleting_destructor',Misn14Mission,0x41daf0,0x81daf0,0.5011,9.15,0x165f0,0.5011
0x0043a27d,`scalar_deleting_destructor',Misn15Mission,0x41daf0,0x81daf0,0.5011,9.15,0x165f0,0.5011
0x0043ada6,`scalar_deleting_destructor',Misn16Mission,0x41daf0,0x81daf0,0.5011,9.15,0x165f0,0.5011
0x0043d526,`scalar_deleting_destructor',Misn17Mission,0x41daf0,0x81daf0,0.5011,9.15,0x165f0,0.5011
0x0043ec27,`scalar_deleting_destructor',Misn18Mission,0x41daf0,0x81daf0,0.5011,9.15,0x165f0,0.5011
0x00440421,`scalar_deleting_destructor',Misns1Mission,0x41daf0,0x81daf0,0.5011,9.15,0x165f0,0.5011
0x00442e6f,`scalar_deleting_destructor',Misns2Mission,0x41daf0,0x81daf0,0.5011,9.15,0x165f0,0.5011
0x004441b5,`scalar_deleting_destructor',Misns3Mission,0x41daf0,0x81daf0,0.5011,9.15,0x165f0,0.5011
0x004449df,`scalar_deleting_destructor',Misns4Mission,0x41daf0,0x81daf0,0.5011,9.15,0x165f0,0.5011
0x004452c4,`scalar_deleting_destructor',Misns5Mission,0x41daf0,0x81daf0,0.5011,9.15,0x165f0,0.5011
0x00445d57,`scalar_deleting_destructor',Misns6Mission,0x41daf0,0x81daf0,0.5011,9.15,0x165f0,0.5011
0x004489ac,`scalar_deleting_destructor',Misns7Mission,0x41daf0,0x81daf0,0.5011,9.15,0x165f0,0.5011
0x0044bc9a,`scalar_deleting_destructor',Misns8Mission,0x41daf0,0x81daf0,0.5011,9.15,0x165f0,0.5011
0x0044be88,`scalar_deleting_destructor',MPMission,0x41daf0,0x81daf0,0.5011,9.15,0x165f0,0.5011
0x0044cd8e,`scalar_deleting_destructor',MultGMission,0x41daf0,0x81daf0,0.5011,9.15,0x165f0,0.5011
0x0044d79e,`scalar_deleting_destructor',NetProcess,0x41daf0,0x81daf0,0.5011,9.15,0x165f0,0.5011
0x004570ca,`scalar_deleting_destructor',PatrolTask,0x41daf0,0x81daf0,0.5011,9.15,0x165f0,0.5011
0x004585cd,`scalar_deleting_destructor',PowerUpProcess,0x41daf0,0x81daf0,0.5011,9.15,0x165f0,0.5011
0x004639e1,`scalar_deleting_destructor',TorpedoProcess,0x41daf0,0x81daf0,0.5011,9.15,0x165f0,0.5011
0x004643a3,`scalar_deleting_destructor',Tran02Mission,0x41daf0,0x81daf0,0.5011,9.15,0x165f0,0.5011
0x00464a91,`scalar_deleting_destructor',Tran03Mission,0x41daf0,0x81daf0,0.5011,9.15,0x165f0,0.5011
0x00465290,`scalar_deleting_destructor',Tran04Mission,0x41daf0,0x81daf0,0.5011,9.15,0x165f0,0.5011
0x00465ce7,`scalar_deleting_destructor',Tran05Mission,0x41daf0,0x81daf0,0.5011,9.15,0x165f0,0.5011
0x0047bec4,`scalar_deleting_destructor',AmmoPowerupClass,0x41daf0,0x81daf0,0.5011,9.15,0x165f0,0.5011
0x0047bffb,`scalar_deleting_destructor',AnimBuildingClass,0x41daf0,0x81daf0,0.5011,9.15,0x165f0,0.5011
0x0047e7b4,`scalar_deleting_destructor',APCClass,0x41daf0,0x81daf0,0.5011,9.15,0x165f0,0.5011
0x0047f0cc,`scalar_deleting_destructor',ArmoryClass,0x41daf0,0x81daf0,0.5011,9.15,0x165f0,0.5011
0x0047f3f2,`scalar_deleting_destructor',ArtifactClass,0x41daf0,0x81daf0,0.5011,9.15,0x165f0,0.5011
0x004829dd,`scalar_deleting_destructor',BarracksClass,0x41daf0,0x81daf0,0.5011,9.15,0x165f0,0.5011
0x00484c03,`scalar_deleting_destructor',CameraPodClass,0x41daf0,0x81daf0,0.5011,9.15,0x165f0,0.5011
0x00485249,`scalar_deleting_destructor',CommTowerClass,0x41daf0,0x81daf0,0.5011,9.15,0x165f0,0.5011
0x00485cd2,`scalar_deleting_destructor',ConstructionRigClass,0x41daf0,0x81daf0,0.5011,9.15,0x165f0,0.5011
0x00489ab6,`scalar_deleting_destructor',CraftClass,0x41daf0,0x81daf0,0.5011,9.15,0x165f0,0.5011
0x004919c8,`scalar_deleting_destructor',CStreamingSound,0x41daf0,0x81daf0,0.5011,9.15,0x165f0,0.5011
0x00491ae5,`scalar_deleting_destructor',FactoryClass,0x41daf0,0x81daf0,0.5011,9.15,0x165f0,0.5011
0x0049b01c,`scalar_deleting_destructor',GeizerClass,0x41daf0,0x81daf0,0.5011,9.15,0x165f0,0.5011
0x0049c30d,`scalar_deleting_destructor',HealthPowerupClass,0x41daf0,0x81daf0,0.5011,9.15,0x165f0,0.5011
0x0049f173,`scalar_deleting_destructor',HoverCraftClass,0x41daf0,0x81daf0,0.5011,9.15,0x165f0,0.5011
0x0049f9ad,`scalar_deleting_destructor',HowitzerClass,0x41daf0,0x81daf0,0.5011,9.15,0x165f0,0.5011
0x0049fd44,`scalar_deleting_destructor',MinelayerClass,0x41daf0,0x81daf0,0.5011,9.15,0x165f0,0.5011
0x004a407a,`scalar_deleting_destructor',"std::_List_nod<std::pair<unsigned_int_const_,stdext::hash_map<unsigned_int,char_const_*,stdext::hash_compare<unsigned_int,std::less<unsigned_int>_>,std::allocator<std::pair<unsigned_int_const_,char_const_*>_>_>_>,std::allocator<std::pair<unsigned_int_const_,stdext::hash_map<unsigned_int,char_const_*,stdext::hash_compare<unsigned_int,std::less<unsigned_int>_>,std::allocator<std::pair<unsigned_int_const_,char_const_*>_>_>_>_>_>::_Node",0x41daf0,0x81daf0,0.5105,9.15,0x165f0,0.5105
0x004a7953,`scalar_deleting_destructor',PersonClass,0x41daf0,0x81daf0,0.5011,9.15,0x165f0,0.5011
0x004a8b41,`scalar_deleting_destructor',PowerPlantClass,0x41daf0,0x81daf0,0.5011,9.15,0x165f0,0.5011
0x004aa3ea,`scalar_deleting_destructor',PowerUpClass,0x41daf0,0x81daf0,0.5011,9.15,0x165f0,0.5011
0x004aca4f,`scalar_deleting_destructor',ProducerClass,0x41daf0,0x81daf0,0.5011,9.15,0x165f0,0.5011
0x004acf20,`scalar_deleting_destructor',RecyclerClass,0x41daf0,0x81daf0,0.5011,9.15,0x165f0,0.5011
0x004ad21f,`scalar_deleting_destructor',RepairDepotClass,0x41daf0,0x81daf0,0.5011,9.15,0x165f0,0.5011
0x004ada2c,`scalar_deleting_destructor',SAVClass,0x41daf0,0x81daf0,0.5011,9.15,0x165f0,0.5011
0x004af048,`scalar_deleting_destructor',ScavengerClass,0x41daf0,0x81daf0,0.5011,9.15,0x165f0,0.5011
0x004af7b2,`scalar_deleting_destructor',ScrapClass,0x41daf0,0x81daf0,0.5011,9.15,0x165f0,0.5011
0x004afa5c,`scalar_deleting_destructor',ScrapDropoffClass,0x41daf0,0x81daf0,0.5011,9.15,0x165f0,0.5011
0x004afe42,`scalar_deleting_destructor',ScrapFieldClass,0x41daf0,0x81daf0,0.5011,9.15,0x165f0,0.5011
0x004b0692,`scalar_deleting_destructor',ShieldTowerClass,0x41daf0,0x81daf0,0.5011,9.15,0x165f0,0.5011
0x004b09cf,`scalar_deleting_destructor',ScrapSiloClass,0x41daf0,0x81daf0,0.5011,9.15,0x165f0,0.5011
0x004b1499,`scalar_deleting_destructor',SpawnBuoyClass,0x41daf0,0x81daf0,0.5011,9.15,0x165f0,0.5011
0x004b1ae7,`scalar_deleting_destructor',SupplyDepotClass,0x41daf0,0x81daf0,0.5011,9.15,0x165f0,0.5011
0x004b3aa7,`scalar_deleting_destructor',TugClass,0x41daf0,0x81daf0,0.5011,9.15,0x165f0,0.5011
0x004b4a6d,`scalar_deleting_destructor',TurretCraftClass,0x41daf0,0x81daf0,0.5011,9.15,0x165f0,0.5011
0x004b6b3e,`scalar_deleting_destructor',TurretTankClass,0x41daf0,0x81daf0,0.5011,9.15,0x165f0,0.5011
0x004b8bfe,`scalar_deleting_destructor',WalkerClass,0x41daf0,0x81daf0,0.5011,9.15,0x165f0,0.5011
0x004b9537,`scalar_deleting_destructor',WeaponPowerupClass,0x41daf0,0x81daf0,0.5011,9.15,0x165f0,0.5011
0x004b96b4,`scalar_deleting_destructor',WingmanClass,0x41daf0,0x81daf0,0.5011,9.15,0x165f0,0.5011
0x004c4138,`scalar_deleting_destructor',ControlPanel,0x41daf0,0x81daf0,0.5011,9.15,0x165f0,0.5011
0x004d5452,`scalar_deleting_destructor',PathDisplay,0x41daf0,0x81daf0,0.5011,9.15,0x165f0,0.5011
0x004d9c8c,`scalar_deleting_destructor',ScrapGauge,0x41daf0,0x81daf0,0.5011,9.15,0x165f0,0.5011
0x004daa56,`scalar_deleting_destructor',SniperInterface,0x41daf0,0x81daf0,0.5011,9.15,0x165f0,0.5011
0x004db06f,`scalar_deleting_destructor',StatusDisplay,0x41daf0,0x81daf0,0.5011,9.15,0x165f0,0.5011
0x004dbe1b,`scalar_deleting_destructor',Targeting,0x41daf0,0x81daf0,0.5011,9.15,0x165f0,0.5011
0x005176ae,`scalar_deleting_destructor',BuildAttachment,0x41daf0,0x81daf0,0.5011,9.15,0x165f0,0.5011
0x00529c90,`scalar_deleting_destructor',AnchorRocketClass,0x41daf0,0x81daf0,0.5011,9.15,0x165f0,0.5011
0x00529cd8,`scalar_deleting_destructor',AnchorRocket,0x41daf0,0x81daf0,0.5011,9.15,0x165f0,0.5011
0x0052a074,`scalar_deleting_destructor',BeamClass,0x41daf0,0x81daf0,0.5011,9.15,0x165f0,0.5011
0x0052a1b5,`scalar_deleting_destructor',Beam,0x41daf0,0x81daf0,0.5011,9.15,0x165f0,0.5011
0x0052ac97,`scalar_deleting_destructor',BeamGunClass,0x41daf0,0x81daf0,0.5011,9.15,0x165f0,0.5011
0x0052ad97,`scalar_deleting_destructor',BoltClass,0x41daf0,0x81daf0,0.5011,9.15,0x165f0,0.5011
0x0052aef8,`scalar_deleting_destructor',Bolt,0x41daf0,0x81daf0,0.5011,9.15,0x165f0,0.5011
0x0052b59e,`scalar_deleting_destructor',BounceBombClass,0x41daf0,0x81daf0,0.5011,9.15,0x165f0,0.5011
0x0052b68c,`scalar_deleting_destructor',BounceBomb,0x41daf0,0x81daf0,0.5011,9.15,0x165f0,0.5011
0x0052bb44,`scalar_deleting_destructor',Bullet,0x41daf0,0x81daf0,0.5011,9.15,0x165f0,0.5011
0x0052c346,`scalar_deleting_destructor',BulletClass,0x41daf0,0x81daf0,0.5011,9.15,0x165f0,0.5011
0x0052c3eb,`scalar_deleting_destructor',Cannon,0x41daf0,0x81daf0,0.5011,9.15,0x165f0,0.5011
0x0052c780,`scalar_deleting_destructor',CannonClass,0x41daf0,0x81daf0,0.5011,9.15,0x165f0,0.5011
0x0052c809,`scalar_deleting_destructor',ChargeGun,0x41daf0,0x81daf0,0.5011,9.15,0x165f0,0.5011
0x0052d720,`scalar_deleting_destructor',DispenserClass,0x41daf0,0x81daf0,0.5011,9.15,0x165f0,0.5011
0x0052d784,`scalar_deleting_destructor',Dispenser,0x41daf0,0x81daf0,0.5011,9.15,0x165f0,0.5011
0x0052f784,`scalar_deleting_destructor',FlamePuffClass,0x41daf0,0x81daf0,0.5011,9.15,0x165f0,0.5011
0x0052f8cd,`scalar_deleting_destructor',FlamePuff,0x41daf0,0x81daf0,0.5011,9.15,0x165f0,0.5011
0x0052fc34,`scalar_deleting_destructor',FlareMineClass,0x41daf0,0x81daf0,0.5011,9.15,0x165f0,0.5011
0x0052feae,`scalar_deleting_destructor',Grenade,0x41daf0,0x81daf0,0.5011,9.15,0x165f0,0.5011
0x0053000b,`scalar_deleting_destructor',GrenadeClass,0x41daf0,0x81daf0,0.5011,9.15,0x165f0,0.5011
0x005301d2,`scalar_deleting_destructor',GroundBlastClass,0x41daf0,0x81daf0,0.5011,9.15,0x165f0,0.5011
0x00530217,`scalar_deleting_destructor',GroundBlast,0x41daf0,0x81daf0,0.5011,9.15,0x165f0,0.5011
0x00530321,`scalar_deleting_destructor',ImageLauncher,0x41daf0,0x81daf0,0.5011,9.15,0x165f0,0.5011
0x005304da,`scalar_deleting_destructor',ImageLauncherClass,0x41daf0,0x81daf0,0.5011,9.15,0x165f0,0.5011
0x005305b3,`scalar_deleting_destructor',ImageMissileClass,0x41daf0,0x81daf0,0.5011,9.15,0x165f0,0.5011
0x005305fb,`scalar_deleting_destructor',ImageMissile,0x41daf0,0x81daf0,0.5011,9.15,0x165f0,0.5011
0x00530737,`scalar_deleting_destructor',ImageRefractClass,0x41daf0,0x81daf0,0.5011,9.15,0x165f0,0.5011
0x005308d8,`scalar_deleting_destructor',Launcher,0x41daf0,0x81daf0,0.5011,9.15,0x165f0,0.5011
0x00530c8d,`scalar_deleting_destructor',LauncherInterface,0x41daf0,0x81daf0,0.5011,9.15,0x165f0,0.5011
0x005311c3,`scalar_deleting_destructor',MachineGun,0x41daf0,0x81daf0,0.5011,9.15,0x165f0,0.5011
0x00531540,`scalar_deleting_destructor',MachineGunClass,0x41daf0,0x81daf0,0.5011,9.15,0x165f0,0.5011
0x005317a1,`scalar_deleting_destructor',MagnetMineClass,0x41daf0,0x81daf0,0.5011,9.15,0x165f0,0.5011
0x00531ef0,`scalar_deleting_destructor',MineClass,0x41daf0,0x81daf0,0.5011,9.15,0x165f0,0.5011
0x00531fd1,`scalar_deleting_destructor',Missile,0x41daf0,0x81daf0,0.5011,9.15,0x165f0,0.5011
0x0053235a,`scalar_deleting_destructor',MissileClass,0x41daf0,0x81daf0,0.5011,9.15,0x165f0,0.5011
0x005323a3,`scalar_deleting_destructor',Mortar,0x41daf0,0x81daf0,0.5011,9.15,0x165f0,0.5011
0x005325df,`scalar_deleting_destructor',MortarClass,0x41daf0,0x81daf0,0.5011,9.15,0x165f0,0.5011
0x0053269e,`scalar_deleting_destructor',ObjectLobber,0x41daf0,0x81daf0,0.5011,9.15,0x165f0,0.5011
0x00532bfa,`scalar_deleting_destructor',ObjectLobberClass,0x41daf0,0x81daf0,0.5011,9.15,0x165f0,0.5011
0x00535f18,`scalar_deleting_destructor',PlanarExplosionClass,0x41daf0,0x81daf0,0.5011,9.15,0x165f0,0.5011
0x00535f5d,`scalar_deleting_destructor',PlanarExplosion,0x41daf0,0x81daf0,0.5011,9.15,0x165f0,0.5011
0x00536246,`scalar_deleting_destructor',Popper,0x41daf0,0x81daf0,0.5011,9.15,0x165f0,0.5011
0x005366c5,`scalar_deleting_destructor',PopperClass,0x41daf0,0x81daf0,0.5011,9.15,0x165f0,0.5011
0x0053676a,`scalar_deleting_destructor',PopperGun,0x41daf0,0x81daf0,0.5011,9.15,0x165f0,0.5011
0x00536a39,`scalar_deleting_destructor',PopperGunClass,0x41daf0,0x81daf0,0.5011,9.15,0x165f0,0.5011
0x00536d71,`scalar_deleting_destructor',ProximityMineClass,0x41daf0,0x81daf0,0.5011,9.15,0x165f0,0.5011
0x005372a1,`scalar_deleting_destructor',QuakeBlastClass,0x41daf0,0x81daf0,0.5011,9.15,0x165f0,0.5011
0x005372e6,`scalar_deleting_destructor',QuakeBlast,0x41daf0,0x81daf0,0.5011,9.15,0x165f0,0.5011
0x005373b3,`scalar_deleting_destructor',RadarDamperClass,0x41daf0,0x81daf0,0.5011,9.15,0x165f0,0.5011
0x00537564,`scalar_deleting_destructor',RadarLauncher,0x41daf0,0x81daf0,0.5011,9.15,0x165f0,0.5011
0x005378ca,`scalar_deleting_destructor',RadarLauncherClass,0x41daf0,0x81daf0,0.5011,9.15,0x165f0,0.5011
0x00537a2f,`scalar_deleting_destructor',RemoteDetonatorClass,0x41daf0,0x81daf0,0.5011,9.15,0x165f0,0.5011
0x00537e8d,`scalar_deleting_destructor',Rocket,0x41daf0,0x81daf0,0.5011,9.15,0x165f0,0.5011
0x0053856c,`scalar_deleting_destructor',RocketClass,0x41daf0,0x81daf0,0.5011,9.15,0x165f0,0.5011
0x00538ca6,`scalar_deleting_destructor',SeismicWaveClass,0x41daf0,0x81daf0,0.5011,9.15,0x165f0,0.5011
0x0053995c,`scalar_deleting_destructor',ShockBlastClass,0x41daf0,0x81daf0,0.5011,9.15,0x165f0,0.5011
0x005399a1,`scalar_deleting_destructor',ShockBlast,0x41daf0,0x81daf0,0.5011,9.15,0x165f0,0.5011
0x00539b10,`scalar_deleting_destructor',SniperGunClass,0x41daf0,0x81daf0,0.5011,9.15,0x165f0,0.5011
0x00539b58,`scalar_deleting_destructor',SniperGun,0x41daf0,0x81daf0,0.5011,9.15,0x165f0,0.5011
0x00539cab,`scalar_deleting_destructor',SniperShellClass,0x41daf0,0x81daf0,0.5011,9.15,0x165f0,0.5011
0x00539cf3,`scalar_deleting_destructor',SniperShell,0x41daf0,0x81daf0,0.5011,9.15,0x165f0,0.5011
0x0053a16b,`scalar_deleting_destructor',SpecialItem,0x41daf0,0x81daf0,0.5011,9.15,0x165f0,0.5011
0x0053a33a,`scalar_deleting_destructor',SpecialItemClass,0x41daf0,0x81daf0,0.5011,9.15,0x165f0,0.5011
0x0053a5ba,`scalar_deleting_destructor',SprayBuildingClass,0x41daf0,0x81daf0,0.5011,9.15,0x165f0,0.5011
0x0053aa82,`scalar_deleting_destructor',SprayBombClass,0x41daf0,0x81daf0,0.5011,9.15,0x165f0,0.5011
0x0053ab9d,`scalar_deleting_destructor',SprayBomb,0x41daf0,0x81daf0,0.5011,9.15,0x165f0,0.5011
0x0053b19f,`scalar_deleting_destructor',TargetingGunClass,0x41daf0,0x81daf0,0.5011,9.15,0x165f0,0.5011
0x0053b364,`scalar_deleting_destructor',LeaderRoundClass,0x41daf0,0x81daf0,0.5011,9.15,0x165f0,0.5011
0x0053b924,`scalar_deleting_destructor',LeaderRound,0x41daf0,0x81daf0,0.5011,9.15,0x165f0,0.5011
0x0053bb79,`scalar_deleting_destructor',TeamSwitcherClass,0x41daf0,0x81daf0,0.5011,9.15,0x165f0,0.5011
0x0053bbc1,`scalar_deleting_destructor',TeamSwitcher,0x41daf0,0x81daf0,0.5011,9.15,0x165f0,0.5011
0x0053be7c,`scalar_deleting_destructor',TerrainExposeClass,0x41daf0,0x81daf0,0.5011,9.15,0x165f0,0.5011
0x0053c08f,`scalar_deleting_destructor',ThermalLauncher,0x41daf0,0x81daf0,0.5011,9.15,0x165f0,0.5011
0x0053c276,`scalar_deleting_destructor',ThermalLauncherClass,0x41daf0,0x81daf0,0.5011,9.15,0x165f0,0.5011
0x0053c37a,`scalar_deleting_destructor',ThermalMissileClass,0x41daf0,0x81daf0,0.5011,9.15,0x165f0,0.5011
0x0053c3cd,`scalar_deleting_destructor',ThermalMissile,0x41daf0,0x81daf0,0.5011,9.15,0x165f0,0.5011
0x0053d6e3,`scalar_deleting_destructor',TorpedoClass,0x41daf0,0x81daf0,0.5011,9.15,0x165f0,0.5011
0x0053da28,`scalar_deleting_destructor',TracerClass,0x41daf0,0x81daf0,0.5011,9.15,0x165f0,0.5011
0x0053db89,`scalar_deleting_destructor',Tracer,0x41daf0,0x81daf0,0.5011,9.15,0x165f0,0.5011
0x0053f84f,`scalar_deleting_destructor',WeaponMineClass,0x41daf0,0x81daf0,0.5011,9.15,0x165f0,0.5011
0x004eba5b,Entity_WorldCircle,Global,0x22c8f0,0x62c8f0,0.5096,9.14,,
0x0047889c,stop_net_loop,Global,0x421a80,0x821a80,0.5028,9.13,0x424030,0.5028
0x004018b6,IsJapanese,Global,0x34700,0x434700,0.5130,9.11,,
0x004bd1ea,IsGerman,Global,0x34700,0x434700,0.5130,9.11,,
0x004c192c,GetSpriteWidth,Global,0x34bd0,0x434bd0,0.5057,9.11,,
0x004c194c,GetSpriteHeight,Global,0x34bd0,0x434bd0,0.5057,9.11,,
0x00495138,operator_delete,GameObject,0xda010,0x4da010,0.5079,9.10,,
0x00534a78,~Ordnance,Ordnance,0x298be0,0x698be0,0.5047,9.10,,
0x0045f15d,GetVelocity,Global,0x5c4f0,0x45c4f0,0.5024,9.03,,
0x0045f1ae,GetOmega,Global,0x5c4f0,0x45c4f0,0.5024,9.03,,
0x00482d82,Building_Remove,Global,0x79f30,0x479f30,0.5674,8.98,0x183d90,0.5674
0x00486a31,Craft_Explode,Global,0x79f30,0x479f30,0.5674,8.98,0x183d90,0.5674
0x00486ace,Craft_ControlForward,Global,0x79f30,0x479f30,0.5551,8.98,0x183d90,0.5551
0x00486aec,Craft_SetTeam,Global,0x79f30,0x479f30,0.5667,8.98,0x183d90,0.5667
0x004967ef,GameObject_RegCollision,Global,0x79f30,0x479f30,0.5548,8.98,0x183d90,0.5548
0x004a54d5,Person_ControlForward,Global,0x79f30,0x479f30,0.5551,8.98,0x183d90,0.5551
0x004a9a77,PowerUp_Remove,Global,0x79f30,0x479f30,0.5674,8.98,0x183d90,0.5674
0x00453fb0,`scalar_deleting_destructor',PathPlan,0x90e90,0x490e90,0.5102,8.96,0x3cc560,0.5102
0x004b2b8c,ReleaseSelection,Global,0x16f860,0x56f860,0.5104,8.96,0x1982c0,0.5104
0x0052f6f3,Init,FlamePuff,0x1be8f0,0x5be8f0,0.5340,8.95,,
0x00544eef,CloseTLExecuteBuffer,Global,0x2b9ed0,0x6b9ed0,0.5549,8.95,,
0x004536f0,SortStrips,Global,0x18f710,0x58f710,0.5721,8.93,,
0x004b4f77,ClearHazard,TurretTank,0x1f08c0,0x5f08c0,0.5417,8.93,0x38efe0,0.5379
0x0052a8f9,BeamGun,BeamGun,0x1c4050,0x5c4050,0.5199,8.92,,
0x0053264f,ObjectLobber,ObjectLobber,0x1c4050,0x5c4050,0.5211,8.92,,
0x00417864,GetLastEnemyShot,Global,0x1007e0,0x5007e0,0.5838,8.91,0x100860,0.5838
0x00417889,GetLastFriendShot,Global,0x1007e0,0x5007e0,0.5838,8.91,0x100860,0.5838
0x00418d29,GetHealth,Global,0x1007e0,0x5007e0,0.5838,8.91,0x100860,0.5838
0x00418d4e,GetCurHealth,Global,0x1007e0,0x5007e0,0.5838,8.91,0x100860,0.5838
0x00418d73,GetMaxHealth,Global,0x1007e0,0x5007e0,0.5838,8.91,0x100860,0.5838
0x00418e19,GetAmmo,Global,0x1007e0,0x5007e0,0.5838,8.91,0x100860,0.5838
0x004a06c3,isnewline,Global,0x28b310,0x68b310,0.5034,8.91,,
0x00571ee9,play_anim_sound,Global,0x3820f0,0x7820f0,0.5348,8.91,,
0x00494afc,"sort<std::_Vector_iterator<GameFeature_*,std::allocator<GameFeature_*>_>,GFInitPri>",std,0x40fbd0,0x80fbd0,0.5448,8.88,0x2c9300,0.5239
0x00494b1f,"sort<std::_Vector_iterator<GameFeature_*,std::allocator<GameFeature_*>_>,GFPreLoadPri>",std,0x40fbd0,0x80fbd0,0.5448,8.88,0x2c9300,0.5239
0x00494b42,"sort<std::_Vector_iterator<GameFeature_*,std::allocator<GameFeature_*>_>,GFPostLoadPri>",std,0x40fbd0,0x80fbd0,0.5448,8.88,0x2c9300,0.5239
0x00494b65,"sort<std::_Vector_iterator<GameFeature_*,std::allocator<GameFeature_*>_>,GFRenderPri>",std,0x40fbd0,0x80fbd0,0.5448,8.88,0x2c9300,0.5239
0x00494b88,"sort<std::_Vector_iterator<GameFeature_*,std::allocator<GameFeature_*>_>,GFPreDestroyPri>",std,0x40fbd0,0x80fbd0,0.5448,8.88,0x2c9300,0.5239
0x00494bab,"sort<std::_Vector_iterator<GameFeature_*,std::allocator<GameFeature_*>_>,GFPostRunPri>",std,0x40fbd0,0x80fbd0,0.5448,8.88,0x2c9300,0.5239
0x00494bce,"sort<std::_Vector_iterator<GameFeature_*,std::allocator<GameFeature_*>_>,GFCleanupPri>",std,0x40fbd0,0x80fbd0,0.5448,8.88,0x2c9300,0.5239
0x004e59d6,"sort<std::_Vector_iterator<ScorePlayer_*,std::allocator<ScorePlayer_*>_>,king_comp>",std,0x40fbd0,0x80fbd0,0.5448,8.88,0x2c9300,0.5239
0x004e59f9,"sort<std::_Vector_iterator<ScorePlayer_*,std::allocator<ScorePlayer_*>_>,lives_comp>",std,0x40fbd0,0x80fbd0,0.5448,8.88,0x2c9300,0.5239
0x004e5a1c,"sort<std::_Vector_iterator<ScorePlayer_*,std::allocator<ScorePlayer_*>_>,comp>",std,0x40fbd0,0x80fbd0,0.5448,8.88,0x2c9300,0.5239
0x00402629,_Tidy,"std::list<AiPath_*,std::allocator<AiPath_*>_>",0x42c2cb,0x82c2cb,0.6277,8.87,,
0x004026bd,_Tidy,"std::list<AiProcess_*,std::allocator<AiProcess_*>_>",0x42c2cb,0x82c2cb,0.6277,8.87,,
0x004026d4,_Tidy,"std::list<AOI_*,std::allocator<AOI_*>_>",0x42c2cb,0x82c2cb,0.6277,8.87,,
0x0040e1ba,_Tidy,"std::list<AttackerInfo,std::allocator<AttackerInfo>_>",0x42c2cb,0x82c2cb,0.6277,8.87,,
0x0040e44e,_Tidy,"std::list<AttackGroup_*,std::allocator<AttackGroup_*>_>",0x42c2cb,0x82c2cb,0.6277,8.87,,
0x00411cb8,_Tidy,"std::list<FollowerInfo,std::allocator<FollowerInfo>_>",0x42c2cb,0x82c2cb,0.6277,8.87,,
0x00411f31,_Tidy,"std::list<FollowGroup_*,std::allocator<FollowGroup_*>_>",0x42c2cb,0x82c2cb,0.6277,8.87,,
0x0047cef4,_Tidy,"std::list<Explosion_*,std::allocator<Explosion_*>_>",0x42c2cb,0x82c2cb,0.6277,8.87,,
0x004800e7,_Tidy,"std::list<AudMsgInfo_*,std::allocator<AudMsgInfo_*>_>",0x42c2cb,0x82c2cb,0.6277,8.87,,
0x0048bc2f,_Tidy,"std::list<std::pair<unsigned_long_const_,unsigned_long>,std::allocator<std::pair<unsigned_long_const_,unsigned_long>_>_>",0x42c2cb,0x82c2cb,0.6277,8.87,,
0x0048bc46,_Tidy,"std::list<std::pair<unsigned_long_const_,float>,std::allocator<std::pair<unsigned_long_const_,float>_>_>",0x42c2cb,0x82c2cb,0.6277,8.87,,
0x004a188e,_Tidy,"std::list<std::pair<unsigned_int_const_,ParameterDB::FileData_*>,std::allocator<std::pair<unsigned_int_const_,ParameterDB::FileData_*>_>_>",0x42c2cb,0x82c2cb,0.6277,8.87,,
0x004a2295,_Tidy,"std::list<std::pair<unsigned_int_const_,char_const_*>,std::allocator<std::pair<unsigned_int_const_,char_const_*>_>_>",0x42c2cb,0x82c2cb,0.6277,8.87,,
0x004a493a,_Tidy,"std::list<std::pair<unsigned_int_const_,stdext::hash_map<unsigned_int,char_const_*,stdext::hash_compare<unsigned_int,std::less<unsigned_int>_>,std::allocator<std::pair<unsigned_int_const_,char_const_*>_>_>_>,std::allocator<std::pair<unsigned_int_const_,stdext::hash_map<unsigned_int,char_const_*,stdext::hash_compare<unsigned_int,std::less<unsigned_int>_>,std::allocator<std::pair<unsigned_int_const_,char_const_*>_>_>_>_>_>",0x42c2cb,0x82c2cb,0.6277,8.87,,
0x004d031a,_Tidy,"std::list<AdjustItem_*,std::allocator<AdjustItem_*>_>",0x42c2cb,0x82c2cb,0.6277,8.87,,
0x005333fe,_Tidy,"std::list<Ordnance_*,std::allocator<Ordnance_*>_>",0x42c2cb,0x82c2cb,0.6277,8.87,,
0x0053e355,_Tidy,"std::list<Weapon_*,std::allocator<Weapon_*>_>",0x42c2cb,0x82c2cb,0.6277,8.87,,
0x0054966c,_Tidy,"std::list<Addr_*,std::allocator<Addr_*>_>",0x42c2cb,0x82c2cb,0.6277,8.87,,
0x0054969e,_Tidy,"std::list<OldNew_*,std::allocator<OldNew_*>_>",0x42c2cb,0x82c2cb,0.6277,8.87,,
0x00549951,`scalar_deleting_destructor',"std::list<Addr_*,std::allocator<Addr_*>_>",0x41bae0,0x81bae0,0.5175,8.83,0x8e920,0.5175
0x00549975,`scalar_deleting_destructor',"std::list<OldNew_*,std::allocator<OldNew_*>_>",0x41bae0,0x81bae0,0.5175,8.83,0x8e920,0.5175
0x00552338,VehicleGetName,MapList,0x42b7d7,0x82b7d7,0.5022,8.79,,
0x0055234a,VehicleGetAvi,MapList,0x42b7d7,0x82b7d7,0.5022,8.79,,
0x005b692f,lua_cpcall,Global,0x42f478,0x82f478,0.5491,8.79,0x23eb0,0.5181
0x0048aa20,_Node,"std::_Tree_nod<std::_Tmap_traits<unsigned_long,DistributedObject_*,std::less<unsigned_long>,std::allocator<std::pair<unsigned_long_const_,DistributedObject_*>_>,0>_>::_Node",0x46360,0x446360,0.5350,8.78,0x4053c0,0.5380
0x004c7cca,_Checked_iterator_assign_from_base,"std::list<DisplayViewInfo_*,std::allocator<DisplayViewInfo_*>_>::_Iterator<1>",0x2e4760,0x6e4760,0.5254,8.78,,
0x004e10aa,_Node,"std::_Tree_nod<std::_Tmap_traits<unsigned_short,NetPlayer_*,std::less<unsigned_short>,std::allocator<std::pair<unsigned_short_const_,NetPlayer_*>_>,0>_>::_Node",0x46360,0x446360,0.5350,8.78,0x4053c0,0.5380
0x004f2041,Get_RGB_Values,Global,0x55440,0x455440,0.5182,8.78,,
0x00532fe5,_Node,"std::_Tree_nod<std::_Tmap_traits<std::pair<unsigned_short,unsigned_short>,Ordnance_*,std::less<std::pair<unsigned_short,unsigned_short>_>,std::allocator<std::pair<std::pair<unsigned_short,unsigned_short>_const_,Ordnance_*>_>,0>_>::_Node",0x46360,0x446360,0.5350,8.78,0x4053c0,0.5380
0x00555d3c,Append,Chat,0x16b2d0,0x56b2d0,0.5107,8.74,,
0x004b21e4,make_table_from_texid,Global,0xee890,0x4ee890,0.5120,8.70,,
0x005bd800,txtToken,Global,0x1f91b0,0x5f91b0,0.5065,8.69,0x263d10,0.5016
0x004af7e6,Init,DropoffFeature,0x3bd20,0x43bd20,0.5046,8.67,,
0x0053a10a,SpecialItem,SpecialItem,0x1c4050,0x5c4050,0.5177,8.66,,
0x0048211b,StopGASEvent,Global,0x434371,0x834371,0.5354,8.64,,
0x00525348,freeBuf,Global,0x434371,0x834371,0.5354,8.64,,
0x00401758,`scalar_deleting_destructor',stdext::exception,0x32b580,0x72b580,0.5868,8.61,,
0x00401797,`scalar_deleting_destructor',stdext::bad_alloc,0x32b580,0x72b580,0.5868,8.61,,
0x0047f41b,`scalar_deleting_destructor',Attachment,0x32b580,0x72b580,0.5868,8.61,,
0x004b0adf,`scalar_deleting_destructor',SObject,0x32b580,0x72b580,0.5868,8.61,,
0x0052dc8e,`scalar_deleting_destructor',Explosion,0x32b580,0x72b580,0.5868,8.61,,
0x0053eb34,`scalar_deleting_destructor',WeaponClass,0x32b580,0x72b580,0.5868,8.61,,
0x00471d6e,PlayerEject,Global,0x2cde40,0x6cde40,0.5275,8.60,0x2cef10,0.5275
0x00571711,UpdateButton,ShellButton,0x17e20,0x417e20,0.5255,8.58,,
0x0054068d,D3D_DEBUG_systemWarning,Global,0x16fcb0,0x56fcb0,0.5216,8.53,0x16b2d0,0.5423
0x0054d45c,Mono_Line,Global,0x16fcb0,0x56fcb0,0.5170,8.53,0x16b2d0,0.5376
0x004967c9,GameObject_DamageAlloc,Global,0x79f30,0x479f30,0.5431,8.50,0x183d90,0.5431
0x004514b0,begin,"std::vector<Strip_*,std::allocator<Strip_*>_>",0x2dcb0,0x42dcb0,0.5041,8.47,0x33a740,0.5041
0x004514e0,end,"std::vector<Strip_*,std::allocator<Strip_*>_>",0x2dcb0,0x42dcb0,0.5041,8.47,0x33a740,0.5041
0x00452010,end,"std::vector<PathPoint,std::allocator<PathPoint>_>",0x2dcb0,0x42dcb0,0.5041,8.47,0x33a740,0.5041
0x00544e9d,Get_Texture_Handle,Global,0x43e885,0x83e885,0.5323,8.38,,
0x0051522a,PREREQ_HowMany,Global,0x29fe90,0x69fe90,0.5644,8.34,0x2a0670,0.5644
0x004f8ab9,Init_Light_Model,Global,0x28a230,0x68a230,0.5017,8.30,,
0x0048c679,_List_position,"stdext::_Hash<stdext::_Hmap_traits<unsigned_long,unsigned_long,stdext::hash_compare<unsigned_long,std::less<unsigned_long>_>,std::allocator<std::pair<unsigned_long_const_,unsigned_long>_>,0>_>::_List_position",0x183d90,0x583d90,0.5166,8.28,0x79f30,0.5166
0x0048ce16,_List_position,"stdext::_Hash<stdext::_Hmap_traits<unsigned_long,float,stdext::hash_compare<unsigned_long,std::less<unsigned_long>_>,std::allocator<std::pair<unsigned_long_const_,float>_>,0>_>::_List_position",0x183d90,0x583d90,0.5166,8.28,0x79f30,0.5166
0x004a22ac,_List_position,"stdext::_Hash<stdext::_Hmap_traits<unsigned_int,stdext::hash_map<unsigned_int,char_const_*,stdext::hash_compare<unsigned_int,std::less<unsigned_int>_>,std::allocator<std::pair<unsigned_int_const_,char_const_*>_>_>,stdext::hash_compare<unsigned_int,std::less<unsigned_int>_>,std::allocator<std::pair<unsigned_int_const_,stdext::hash_map<unsigned_int,char_const_*,stdext::hash_compare<unsigned_int,std::less<unsigned_int>_>,std::allocator<std::pair<unsigned_int_const_,char_const_*>_>_>_>_>,0>_>::_List_position",0x183d90,0x583d90,0.5166,8.28,0x79f30,0.5166
0x004a22cd,_List_position,"stdext::_Hash<stdext::_Hmap_traits<unsigned_int,char_const_*,stdext::hash_compare<unsigned_int,std::less<unsigned_int>_>,std::allocator<std::pair<unsigned_int_const_,char_const_*>_>,0>_>::_List_position",0x183d90,0x583d90,0.5166,8.28,0x79f30,0.5166
0x004a2a07,_List_position,"stdext::_Hash<stdext::_Hmap_traits<unsigned_int,ParameterDB::FileData_*,stdext::hash_compare<unsigned_int,std::less<unsigned_int>_>,std::allocator<std::pair<unsigned_int_const_,ParameterDB::FileData_*>_>,0>_>::_List_position",0x183d90,0x583d90,0.5166,8.28,0x79f30,0.5166
0x00414cce,NearPower,GunTowerProcess,0x6ff40,0x46ff40,0.5176,8.17,,
0x0046a4b4,IsChargeReady,ChargeGun,0x6ff40,0x46ff40,0.5176,8.17,,
0x004bf6dc,swap<RadarItem>,std,0xfef60,0x4fef60,0.5008,8.12,0x2dcb0,0.5008
0x004bfe52,"iter_swap<RadarItem_*,RadarItem_*>",std,0xfef60,0x4fef60,0.5008,8.12,0x2dcb0,0.5008
0x00542fae,D3D_Unlock_Buffer,Global,0x1d4ee0,0x5d4ee0,0.5338,8.10,0xdfbb0,0.5338
0x00482563,Cleanup,Barracks,0x79750,0x479750,0.5365,8.07,,
0x004bb35a,MapKeyInput,Global,0x2217f0,0x6217f0,0.5434,7.95,,
0x0053fd6f,D3DAppISetErrorString,Global,0x2ba660,0x6ba660,0.5448,7.94,0x2ef8c0,0.5352
0x00532cfe,Ordnance_GetVelocity,Global,0x79f30,0x479f30,0.5345,7.81,0x183d90,0.5345
0x00450050,`scalar_deleting_destructor',Strip,0x32b580,0x72b580,0.5612,7.74,,
0x0052e3b5,CleanupAll,Explosion,0x421a80,0x821a80,0.5456,7.73,0x424030,0.5456
0x0052e46d,PostRun,ExplosionFeature,0x421a80,0x821a80,0.5456,7.73,0x424030,0.5456
0x0056ffc2,movie_seek,AnimButton,0x198930,0x598930,0.5428,7.72,0x31da80,0.5428
0x00533081,min<float>,std,0x185c40,0x585c40,0.5069,7.71,0x27ba40,0.5069
0x0050e646,LogError,Global,0x16b2d0,0x56b2d0,0.5055,7.69,,
0x00532cb5,Ordnance_GetDamage,Global,0x79f30,0x479f30,0.5317,7.60,0x183d90,0.5317
0x00467166,FastStraight,Global,0x3ccb10,0x7ccb10,0.5136,7.53,,
0x004ec4c5,obj_heap_destroy,Global,0x34470,0x434470,0.5391,7.46,0xafe80,0.5391
0x0047013f,SetupUserProcess,Global,0x79f30,0x479f30,0.5007,7.33,0x183d90,0.5007
0x005bd5b8,DumpHeader,Global,0x431a2e,0x831a2e,0.5640,7.00,,
0x00412dba,V3DL_Expand,Global,0xfefc0,0x4fefc0,0.5452,6.97,,
0x0055053d,Server,Server,0xe7830,0x4e7830,0.5086,6.91,,
0x005be6e6,bit_lshift,Global,0x3173a0,0x7173a0,0.5019,6.82,0x328510,0.5019
0x005be725,bit_rshift,Global,0x3173a0,0x7173a0,0.5019,6.82,0x328510,0.5019
0x005be764,bit_arshift,Global,0x3173a0,0x7173a0,0.5019,6.82,0x328510,0.5019
0x0040d2c0,ArtilleryProcess,ArtilleryProcess,0xbc140,0x4bc140,0.5311,6.80,0x2f7400,0.5145
0x00544e30,D3DAppISetDefaults,Global,0x1f0cb0,0x5f0cb0,0.5911,6.65,,
0x00452bf0,PathPlan,PathPlan,0x3fe2a0,0x7fe2a0,0.5054,6.61,,
0x0050734a,AI_BuildingCommenced,Global,0x198930,0x598930,0.5341,6.44,0x31da80,0.5341
0x0050504f,GDI_Blit_Fill,Global,0x416f00,0x816f00,0.5084,6.42,0x40a030,0.5084
0x004152e3,operator[],"std::vector<Scrap_*,std::allocator<Scrap_*>_>",0x23eb0,0x423eb0,0.5006,5.97,0x1927c0,0.5006
0x00415313,operator[],"std::vector<GameObject_*,std::allocator<GameObject_*>_>",0x23eb0,0x423eb0,0.5006,5.97,0x1927c0,0.5006
0x0044f360,operator[],"std::vector<PathPoint,std::allocator<PathPoint>_>",0x23eb0,0x423eb0,0.5006,5.97,0x1927c0,0.5006
0x0044f3b0,operator[],"std::vector<Strip_*,std::allocator<Strip_*>_>",0x23eb0,0x423eb0,0.5006,5.97,0x1927c0,0.5006
0x0047f556,operator[],"std::vector<Attachment_*,std::allocator<Attachment_*>_>",0x23eb0,0x423eb0,0.5006,5.97,0x1927c0,0.5006
0x0048b2ff,operator[],"std::vector<stdext::_Hash<stdext::_Hmap_traits<unsigned_long,float,stdext::hash_compare<unsigned_long,std::less<unsigned_long>_>,std::allocator<std::pair<unsigned_long_const_,float>_>,0>_>::_List_position,std::allocator<stdext::_Hash<stdext::_Hmap_traits<unsigned_long,float,stdext::hash_compare<unsigned_long,std::less<unsigned_long>_>,std::allocator<std::pair<unsigned_long_const_,float>_>,0>_>::_List_position>_>",0x23eb0,0x423eb0,0.5006,5.97,0x1927c0,0.5006
0x0048b3fb,operator[],"std::vector<stdext::_Hash<stdext::_Hmap_traits<unsigned_long,unsigned_long,stdext::hash_compare<unsigned_long,std::less<unsigned_long>_>,std::allocator<std::pair<unsigned_long_const_,unsigned_long>_>,0>_>::_List_position,std::allocator<stdext::_Hash<stdext::_Hmap_traits<unsigned_long,unsigned_long,stdext::hash_compare<unsigned_long,std::less<unsigned_long>_>,std::allocator<std::pair<unsigned_long_const_,unsigned_long>_>,0>_>::_List_position>_>",0x23eb0,0x423eb0,0.5006,5.97,0x1927c0,0.5006
0x004a0f89,operator[],"std::vector<stdext::_Hash<stdext::_Hmap_traits<unsigned_int,ParameterDB::FileData_*,stdext::hash_compare<unsigned_int,std::less<unsigned_int>_>,std::allocator<std::pair<unsigned_int_const_,ParameterDB::FileData_*>_>,0>_>::_List_position,std::allocator<stdext::_Hash<stdext::_Hmap_traits<unsigned_int,ParameterDB::FileData_*,stdext::hash_compare<unsigned_int,std::less<unsigned_int>_>,std::allocator<std::pair<unsigned_int_const_,ParameterDB::FileData_*>_>,0>_>::_List_position>_>",0x23eb0,0x423eb0,0.5006,5.97,0x1927c0,0.5006
0x004a1185,operator[],"std::vector<stdext::_Hash<stdext::_Hmap_traits<unsigned_int,stdext::hash_map<unsigned_int,char_const_*,stdext::hash_compare<unsigned_int,std::less<unsigned_int>_>,std::allocator<std::pair<unsigned_int_const_,char_const_*>_>_>,stdext::hash_compare<unsigned_int,std::less<unsigned_int>_>,std::allocator<std::pair<unsigned_int_const_,stdext::hash_map<unsigned_int,char_const_*,stdext::hash_compare<unsigned_int,std::less<unsigned_int>_>,std::allocator<std::pair<unsigned_int_const_,char_const_*>_>_>_>_>,0>_>::_List_position,std::allocator<stdext::_Hash<stdext::_Hmap_traits<unsigned_int,stdext::hash_map<unsigned_int,char_const_*,stdext::hash_compare<unsigned_int,std::less<unsigned_int>_>,std::allocator<std::pair<unsigned_int_const_,char_const_*>_>_>,stdext::hash_compare<unsigned_int,std::less<unsigned_int>_>,std::allocator<std::pair<unsigned_int_const_,stdext::hash_map<unsigned_int,char_const_*,stdext::hash_compare<unsigned_int,std::less<unsigned_int>_>,std::allocator<std::pair<unsigned_int_const_,char_const_*>_>_>_>_>,0>_>::_List_position>_>",0x23eb0,0x423eb0,0.5006,5.97,0x1927c0,0.5006
0x004a11ab,operator[],"std::vector<stdext::_Hash<stdext::_Hmap_traits<unsigned_int,stdext::hash_map<unsigned_int,char_const_*,stdext::hash_compare<unsigned_int,std::less<unsigned_int>_>,std::allocator<std::pair<unsigned_int_const_,char_const_*>_>_>,stdext::hash_compare<unsigned_int,std::less<unsigned_int>_>,std::allocator<std::pair<unsigned_int_const_,stdext::hash_map<unsigned_int,char_const_*,stdext::hash_compare<unsigned_int,std::less<unsigned_int>_>,std::allocator<std::pair<unsigned_int_const_,char_const_*>_>_>_>_>,0>_>::_List_position,std::allocator<stdext::_Hash<stdext::_Hmap_traits<unsigned_int,stdext::hash_map<unsigned_int,char_const_*,stdext::hash_compare<unsigned_int,std::less<unsigned_int>_>,std::allocator<std::pair<unsigned_int_const_,char_const_*>_>_>,stdext::hash_compare<unsigned_int,std::less<unsigned_int>_>,std::allocator<std::pair<unsigned_int_const_,stdext::hash_map<unsigned_int,char_const_*,stdext::hash_compare<unsigned_int,std::less<unsigned_int>_>,std::allocator<std::pair<unsigned_int_const_,char_const_*>_>_>_>_>,0>_>::_List_position>_>",0x23eb0,0x423eb0,0.5006,5.97,0x1927c0,0.5006
0x004a1202,operator[],"std::vector<stdext::_Hash<stdext::_Hmap_traits<unsigned_int,char_const_*,stdext::hash_compare<unsigned_int,std::less<unsigned_int>_>,std::allocator<std::pair<unsigned_int_const_,char_const_*>_>,0>_>::_List_position,std::allocator<stdext::_Hash<stdext::_Hmap_traits<unsigned_int,char_const_*,stdext::hash_compare<unsigned_int,std::less<unsigned_int>_>,std::allocator<std::pair<unsigned_int_const_,char_const_*>_>,0>_>::_List_position>_>",0x23eb0,0x423eb0,0.5006,5.97,0x1927c0,0.5006
0x004a1228,operator[],"std::vector<stdext::_Hash<stdext::_Hmap_traits<unsigned_int,char_const_*,stdext::hash_compare<unsigned_int,std::less<unsigned_int>_>,std::allocator<std::pair<unsigned_int_const_,char_const_*>_>,0>_>::_List_position,std::allocator<stdext::_Hash<stdext::_Hmap_traits<unsigned_int,char_const_*,stdext::hash_compare<unsigned_int,std::less<unsigned_int>_>,std::allocator<std::pair<unsigned_int_const_,char_const_*>_>,0>_>::_List_position>_>",0x23eb0,0x423eb0,0.5006,5.97,0x1927c0,0.5006
0x00516e29,operator[],"std::vector<ObjectClassInfo_*,std::allocator<ObjectClassInfo_*>_>",0x23eb0,0x423eb0,0.5006,5.97,0x1927c0,0.5006
0x00516e68,operator[],"std::vector<GridPoint,std::allocator<GridPoint>_>",0x23eb0,0x423eb0,0.5006,5.97,0x1927c0,0.5006
0x00554f53,operator[],"std::vector<Player_*,std::allocator<Player_*>_>",0x23eb0,0x423eb0,0.5006,5.97,0x1927c0,0.5006
0x0054045b,D3DAppGetViewport,Global,0x3c6c0,0x43c6c0,0.5085,5.86,0x285560,0.5101
