label,thread,symbol,module,self_samples,self_percent,total_samples,window_seconds
fourteam_ai_postfix,12132,ntdll.dll!_ZwQueryVirtualMemory@24+0xc,ntdll.dll,530,3.6057,14699,20.0
fourteam_ai_postfix,12132,ntdll.dll!_ZwQueryFullAttributesFile@8+0xc,ntdll.dll,356,2.4219,14699,20.0
fourteam_ai_postfix,12132,battlezone98redux.exe!sub_678950,battlezone98redux.exe,347,2.3607,14699,20.0
fourteam_ai_postfix,12132,battlezone98redux.exe!sub_454cf0,battlezone98redux.exe,160,1.0885,14699,20.0
fourteam_ai_postfix,12132,MSVCR120.dll!memmove+0xc9,MSVCR120.dll,136,0.9252,14699,20.0
fourteam_ai_postfix,12132,battlezone98redux.exe!sub_463fc0,battlezone98redux.exe,120,0.8164,14699,20.0
fourteam_ai_postfix,12132,ntdll.dll!_ZwContinue@8+0xc,ntdll.dll,120,0.8164,14699,20.0
fourteam_ai_postfix,12132,battlezone98redux.exe!sub_461fd0,battlezone98redux.exe,113,0.7688,14699,20.0
fourteam_ai_postfix,12132,battlezone98redux.exe!sub_446360,battlezone98redux.exe,113,0.7688,14699,20.0
fourteam_ai_postfix,12132,battlezone98redux.exe!sub_784180,battlezone98redux.exe,103,0.7007,14699,20.0
fourteam_ai_postfix,12132,battlezone98redux.exe!sub_463240,battlezone98redux.exe,103,0.7007,14699,20.0
fourteam_ai_postfix,12132,battlezone98redux.exe!sub_678cd0,battlezone98redux.exe,96,0.6531,14699,20.0
fourteam_ai_postfix,12132,MSVCR120.dll!floor+0x15,MSVCR120.dll,81,0.5511,14699,20.0
fourteam_ai_postfix,12132,battlezone98redux.exe!get,battlezone98redux.exe,81,0.5511,14699,20.0
fourteam_ai_postfix,12132,battlezone98redux.exe!sub_4620b0,battlezone98redux.exe,79,0.5375,14699,20.0
fourteam_ai_postfix,12132,battlezone98redux.exe!sub_4933e0,battlezone98redux.exe,75,0.5102,14699,20.0
fourteam_ai_postfix,12132,battlezone98redux.exe!sub_81fe60,battlezone98redux.exe,73,0.4966,14699,20.0
fourteam_ai_postfix,12132,battlezone98redux.exe!sub_687340,battlezone98redux.exe,67,0.4558,14699,20.0
fourteam_ai_postfix,12132,win32u.dll!_NtUserPeekMessage@24+0xc,win32u.dll,66,0.449,14699,20.0
fourteam_ai_postfix,12132,battlezone98redux.exe!sub_4401a0,battlezone98redux.exe,64,0.4354,14699,20.0
fourteam_ai_postfix,12132,battlezone98redux.exe!sub_417780,battlezone98redux.exe,64,0.4354,14699,20.0
fourteam_ai_postfix,12132,battlezone98redux.exe!sub_45c4b0,battlezone98redux.exe,63,0.4286,14699,20.0
fourteam_ai_postfix,12132,battlezone98redux.exe!sub_465320,battlezone98redux.exe,61,0.415,14699,20.0
fourteam_ai_postfix,12132,battlezone98redux.exe!sub_462710,battlezone98redux.exe,60,0.4082,14699,20.0
fourteam_ai_postfix,12132,battlezone98redux.exe!sub_4428b0,battlezone98redux.exe,58,0.3946,14699,20.0
fourteam_ai_postfix,12132,battlezone98redux.exe!sub_4da060,battlezone98redux.exe,58,0.3946,14699,20.0
fourteam_ai_postfix,12132,MSVCR120.dll!floor+0x19,MSVCR120.dll,56,0.381,14699,20.0
fourteam_ai_postfix,12132,MSVCR120.dll!memmove+0xc7,MSVCR120.dll,54,0.3674,14699,20.0
fourteam_ai_postfix,12132,battlezone98redux.exe!sub_447e70,battlezone98redux.exe,54,0.3674,14699,20.0
fourteam_ai_postfix,12132,battlezone98redux.exe!_Vector_iterator<>,battlezone98redux.exe,53,0.3606,14699,20.0
fourteam_ai_postfix,12132,VCRUNTIME140.dll!@_EH4_GlobalUnwind2@8+0x15,VCRUNTIME140.dll,52,0.3538,14699,20.0
fourteam_ai_postfix,12132,battlezone98redux.exe!sub_493330,battlezone98redux.exe,51,0.347,14699,20.0
fourteam_ai_postfix,12132,battlezone98redux.exe!sub_784620,battlezone98redux.exe,48,0.3266,14699,20.0
fourteam_ai_postfix,12132,RenderSystem_Direct3D11.dll!?bindGpuProgramParameters@D3D11RenderSystem@Ogre@@UAEXW4GpuProgramType@2@V?$SharedPtr@VGpuProgramParameters@Ogre@@@2@G@Z+0x54a,RenderSystem_Direct3D11.dll,47,0.3197,14699,20.0
fourteam_ai_postfix,12132,WINMM.dll@6ea10000!BZROpenShim::`anonymous namespace'::CaptureChunkBridgeSnapshot+0x120,WINMM.dll@6ea10000,46,0.3129,14699,20.0
fourteam_ai_postfix,12132,"battlezone98redux.exe!FID_conflict:_Vector_const_iterator<class_std::_Vector_val<struct_std::_Simple_types<class_std::shared_ptr<struct_Concurrency::details::_Task_impl<struct_std::pair<unsigned_char,class_Concurrency::details::_CancellationTokenState*>_>_>_>_>_>",battlezone98redux.exe,46,0.3129,14699,20.0
fourteam_ai_postfix,12132,OgreMain.dll!?isVisible@ShadowRenderable@Ogre@@UBE_NXZ+0x236,OgreMain.dll,45,0.3061,14699,20.0
fourteam_ai_postfix,12132,ntdll.dll!_KiUserExceptionDispatcher@8,ntdll.dll,42,0.2857,14699,20.0
fourteam_ai_postfix,12132,ntdll.dll!_ZwOpenFile@24+0xc,ntdll.dll,40,0.2721,14699,20.0
fourteam_ai_postfix,12132,battlezone98redux.exe!sub_4f90a0,battlezone98redux.exe,38,0.2585,14699,20.0
fourteam_ai_postfix,12132,battlezone98redux.exe!sub_784100,battlezone98redux.exe,38,0.2585,14699,20.0
fourteam_ai_postfix,12132,battlezone98redux.exe!sub_6897e0,battlezone98redux.exe,36,0.2449,14699,20.0
fourteam_ai_postfix,12132,ntdll.dll!_ZwWriteFile@36+0xc,ntdll.dll,36,0.2449,14699,20.0
fourteam_ai_postfix,12132,battlezone98redux.exe!sub_462070,battlezone98redux.exe,36,0.2449,14699,20.0
fourteam_ai_postfix,12132,OgreMain.dll!?_updateBounds@SceneNode@Ogre@@UAEXXZ+0x19c,OgreMain.dll,35,0.2381,14699,20.0
fourteam_ai_postfix,12132,battlezone98redux.exe!sub_820570,battlezone98redux.exe,35,0.2381,14699,20.0
fourteam_ai_postfix,12132,battlezone98redux.exe!sub_62e710,battlezone98redux.exe,33,0.2245,14699,20.0
fourteam_ai_postfix,12132,MSVCR120.dll!__libm_sse2_acosf+0xa6,MSVCR120.dll,32,0.2177,14699,20.0
fourteam_ai_postfix,12132,OgreMain.dll!?isInLightRange@Light@Ogre@@QBE_NABVSphere@2@@Z+0x74,OgreMain.dll,32,0.2177,14699,20.0
fourteam_ai_postfix,12132,WINMM.dll@6ea10000!BZROpenShim::`anonymous namespace'::TrackChunkProxyDebugEntry+0x17a,WINMM.dll@6ea10000,32,0.2177,14699,20.0
fourteam_ai_postfix,12132,battlezone98redux.exe!sub_593200,battlezone98redux.exe,31,0.2109,14699,20.0
fourteam_ai_postfix,12132,OgreMain.dll!?getUseIdentityView@Renderable@Ogre@@QBE_NXZ,OgreMain.dll,31,0.2109,14699,20.0
fourteam_ai_postfix,12132,WINMM.dll@6ea10000!BZROpenShim::`anonymous namespace'::AppendGenericChunkBatchGeometry+0x77,WINMM.dll@6ea10000,30,0.2041,14699,20.0
fourteam_ai_postfix,12132,battlezone98redux.exe!sub_6786f0,battlezone98redux.exe,30,0.2041,14699,20.0
fourteam_ai_postfix,12132,OgreMain.dll!?getUseIdentityProjection@Renderable@Ogre@@QBE_NXZ,OgreMain.dll,29,0.1973,14699,20.0
fourteam_ai_postfix,12132,OgreMain.dll!?getHasInstanceData@VertexBufferBinding@Ogre@@UBE_NXZ+0x17,OgreMain.dll,29,0.1973,14699,20.0
fourteam_ai_postfix,12132,battlezone98redux.exe!sub_4ebfd0,battlezone98redux.exe,29,0.1973,14699,20.0
fourteam_ai_postfix,12132,battlezone98redux.exe!sub_4f90f0,battlezone98redux.exe,28,0.1905,14699,20.0
fourteam_ai_postfix,12132,OgreMain.dll!?isInLightRange@Light@Ogre@@QBE_NABVSphere@2@@Z+0x172,OgreMain.dll,28,0.1905,14699,20.0
fourteam_ai_postfix,12132,battlezone98redux.exe!sub_4675f0,battlezone98redux.exe,28,0.1905,14699,20.0
fourteam_ai_postfix,12132,OgreMain.dll!?_calcTempSquareDist@Light@Ogre@@QAEXABVVector3@2@@Z+0x28,OgreMain.dll,27,0.1837,14699,20.0
fourteam_ai_postfix,12132,OgreMain.dll!?getParameters@GpuProgramUsage@Ogre@@QAE?AV?$SharedPtr@VGpuProgramParameters@Ogre@@@2@XZ+0xe7,OgreMain.dll,27,0.1837,14699,20.0
fourteam_ai_postfix,12132,MSVCR120.dll!__libm_sse2_acosf+0xf3,MSVCR120.dll,27,0.1837,14699,20.0
fourteam_ai_postfix,12132,ntdll.dll!_ZwReleaseSemaphore@12+0xc,ntdll.dll,27,0.1837,14699,20.0
fourteam_ai_postfix,12132,ntdll.dll!_ZwQuerySystemInformation@16+0xc,ntdll.dll,27,0.1837,14699,20.0
fourteam_ai_postfix,12132,WINMM.dll@6ea10000!BZROpenShim::`anonymous namespace'::RotateGenericChunkVector+0x9f,WINMM.dll@6ea10000,26,0.1769,14699,20.0
fourteam_ai_postfix,12132,MSVCR120.dll!__libm_sse2_acosf+0x4c,MSVCR120.dll,26,0.1769,14699,20.0
fourteam_ai_postfix,12132,win32u.dll!_NtUserGetLayeredWindowAttributes@16+0xc,win32u.dll,26,0.1769,14699,20.0
fourteam_ai_postfix,12132,win32u.dll!_NtUserSystemParametersInfo@16+0xc,win32u.dll,26,0.1769,14699,20.0
fourteam_ai_postfix,12132,battlezone98redux.exe!sub_5e1350,battlezone98redux.exe,26,0.1769,14699,20.0
fourteam_ai_postfix,12132,battlezone98redux.exe!sub_4db600,battlezone98redux.exe,26,0.1769,14699,20.0
fourteam_ai_postfix,12132,WINMM.dll@6ea10000!BZROpenShim::`anonymous namespace'::RotateGenericChunkVector+0xa1,WINMM.dll@6ea10000,26,0.1769,14699,20.0
fourteam_ai_postfix,12132,ntdll.dll!_ZwQueryDirectoryFileEx@40+0xc,ntdll.dll,26,0.1769,14699,20.0
fourteam_ai_postfix,12132,battlezone98redux.exe!sub_458d70,battlezone98redux.exe,25,0.1701,14699,20.0
fourteam_ai_postfix,12132,OgreMain.dll!?_findVisibleObjects@SceneNode@Ogre@@UAEXPAVCamera@2@PAVRenderQueue@2@PAUVisibleObjectsBoundsInfo@2@_N33@Z+0x7e,OgreMain.dll,24,0.1633,14699,20.0
fourteam_ai_postfix,12132,OgreMain.dll!?lock@HardwareBuffer@Ogre@@UAEPAXIIW4LockOptions@12@W4UploadOptions@12@@Z+0x19c,OgreMain.dll,24,0.1633,14699,20.0
fourteam_ai_postfix,12132,battlezone98redux.exe!FID_conflict:operator==,battlezone98redux.exe,24,0.1633,14699,20.0
fourteam_ai_postfix,12132,battlezone98redux.exe!sub_421f70,battlezone98redux.exe,24,0.1633,14699,20.0
fourteam_ai_postfix,12132,ntdll.dll!_RtlpLocalInfoAllocFromCache@8+0x279,ntdll.dll,24,0.1633,14699,20.0
fourteam_ai_postfix,12132,OgreMain.dll+0x1ba22,OgreMain.dll,24,0.1633,14699,20.0
fourteam_ai_postfix,12132,RenderSystem_Direct3D11.dll!?getILayoutByShader@D3D11VertexDeclaration@Ogre@@IAEPAUID3D11InputLayout@@PAVD3D11HLSLProgram@2@PAVVertexBufferBinding@2@@Z+0x6a,RenderSystem_Direct3D11.dll,23,0.1565,14699,20.0
fourteam_ai_postfix,12132,battlezone98redux.exe!sub_462630,battlezone98redux.exe,23,0.1565,14699,20.0
fourteam_ai_postfix,12132,battlezone98redux.exe!sub_46d0a0,battlezone98redux.exe,23,0.1565,14699,20.0
fourteam_ai_postfix,12132,battlezone98redux.exe!sub_4200d0,battlezone98redux.exe,23,0.1565,14699,20.0
fourteam_ai_postfix,12132,battlezone98redux.exe!FID_conflict:operator!=,battlezone98redux.exe,23,0.1565,14699,20.0
fourteam_ai_postfix,12132,OgreMain.dll+0x27089,OgreMain.dll,23,0.1565,14699,20.0
fourteam_ai_postfix,12132,d3d11.dll+0x27010,d3d11.dll,22,0.1497,14699,20.0
fourteam_ai_postfix,12132,ntdll.dll!_ZwWaitForSingleObject@12+0xc,ntdll.dll,22,0.1497,14699,20.0
fourteam_ai_postfix,12132,OgreMain.dll!?getHasInstanceData@VertexBufferBinding@Ogre@@UBE_NXZ+0x5,OgreMain.dll,22,0.1497,14699,20.0
fourteam_ai_postfix,12132,battlezone98redux.exe!sub_449910,battlezone98redux.exe,22,0.1497,14699,20.0
fourteam_ai_postfix,12132,battlezone98redux.exe!FID_conflict:end,battlezone98redux.exe,22,0.1497,14699,20.0
fourteam_ai_postfix,12132,battlezone98redux.exe!sub_440130,battlezone98redux.exe,21,0.1429,14699,20.0
fourteam_ai_postfix,12132,RenderSystem_Direct3D11.dll!?getILayoutByShader@D3D11VertexDeclaration@Ogre@@IAEPAUID3D11InputLayout@@PAVD3D11HLSLProgram@2@PAVVertexBufferBinding@2@@Z+0x24f,RenderSystem_Direct3D11.dll,21,0.1429,14699,20.0
fourteam_ai_postfix,12132,battlezone98redux.exe!sub_46b260,battlezone98redux.exe,21,0.1429,14699,20.0
fourteam_ai_postfix,12132,WINMM.dll@6ea10000!BZROpenShim::`anonymous namespace'::RotateGenericChunkVector+0x56,WINMM.dll@6ea10000,21,0.1429,14699,20.0
fourteam_ai_postfix,12132,battlezone98redux.exe!sub_43fb30,battlezone98redux.exe,21,0.1429,14699,20.0
fourteam_ai_postfix,12132,battlezone98redux.exe!sub_4621a0,battlezone98redux.exe,21,0.1429,14699,20.0
fourteam_ai_postfix,12132,battlezone98redux.exe!sub_678b40,battlezone98redux.exe,21,0.1429,14699,20.0
fourteam_ai_postfix,12132,WINMM.dll@6ea10000!BZROpenShim::`anonymous namespace'::RotateGenericChunkVector+0x98,WINMM.dll@6ea10000,20,0.1361,14699,20.0
fourteam_ai_postfix,12132,OgreMain.dll!?getDistance@Plane@Ogre@@QBEMABVVector3@2@@Z+0x37,OgreMain.dll,20,0.1361,14699,20.0
fourteam_ai_postfix,12132,WINMM.dll@6ea10000!BZROpenShim::`anonymous namespace'::InstallEmissionLightFixIfPossible+0xa2,WINMM.dll@6ea10000,20,0.1361,14699,20.0
fourteam_ai_postfix,12132,battlezone98redux.exe!sub_44dca0,battlezone98redux.exe,20,0.1361,14699,20.0
fourteam_ai_postfix,12132,battlezone98redux.exe!FID_conflict:begin,battlezone98redux.exe,20,0.1361,14699,20.0
fourteam_ai_postfix,12132,d3d11.dll!D3D11CoreCreateDevice+0x26530,d3d11.dll,20,0.1361,14699,20.0
fourteam_ai_postfix,12132,OgreMain.dll!?getHasInstanceData@VertexBufferBinding@Ogre@@UBE_NXZ+0x13,OgreMain.dll,19,0.1293,14699,20.0
fourteam_ai_postfix,12132,ntdll.dll!_ZwCallbackReturn@12+0xc,ntdll.dll,19,0.1293,14699,20.0
fourteam_ai_postfix,12132,MSVCR120.dll!__libm_sse2_asinf+0x3a,MSVCR120.dll,19,0.1293,14699,20.0
fourteam_ai_postfix,12132,RenderSystem_Direct3D11.dll!?createImpl@D3D11GpuProgramManager@Ogre@@MAEPAVResource@2@ABV?$basic_string@DU?$char_traits@D@std@@V?$allocator@D@2@@std@@_K0_NPAVManualResourceLoader@2@W4GpuProgramType@2@0@Z+0x6144,RenderSystem_Direct3D11.dll,19,0.1293,14699,20.0
fourteam_ai_postfix,12132,battlezone98redux.exe!sub_6895d0,battlezone98redux.exe,19,0.1293,14699,20.0
fourteam_ai_postfix,12132,d3d11.dll+0x2703b,d3d11.dll,19,0.1293,14699,20.0
fourteam_ai_postfix,12132,ntdll.dll!_ZwTraceEvent@16+0xc,ntdll.dll,19,0.1293,14699,20.0
fourteam_ai_postfix,12132,OgreMain.dll+0x21c01,OgreMain.dll,19,0.1293,14699,20.0
fourteam_ai_postfix,12132,battlezone98redux.exe!sub_439d00,battlezone98redux.exe,19,0.1293,14699,20.0
fourteam_ai_postfix,12132,battlezone98redux.exe!sub_686830,battlezone98redux.exe,19,0.1293,14699,20.0
fourteam_ai_postfix,12132,ntdll.dll!_ZwQueryInformationProcess@20+0x26,ntdll.dll,18,0.1225,14699,20.0
fourteam_ai_postfix,12132,RenderSystem_Direct3D11.dll!?getILayoutByShader@D3D11VertexDeclaration@Ogre@@IAEPAUID3D11InputLayout@@PAVD3D11HLSLProgram@2@PAVVertexBufferBinding@2@@Z+0x56,RenderSystem_Direct3D11.dll,18,0.1225,14699,20.0
fourteam_ai_postfix,12132,OgreMain.dll!?isHardwareAnimationEnabled@Entity@Ogre@@QAE_NXZ+0x43,OgreMain.dll,18,0.1225,14699,20.0
fourteam_ai_postfix,12132,OgreMain.dll!?getFragmentProgramParameters@Pass@Ogre@@QBE?AV?$SharedPtr@VGpuProgramParameters@Ogre@@@2@XZ+0x7a,OgreMain.dll,18,0.1225,14699,20.0
fourteam_ai_postfix,12132,WINMM.dll@6ea10000!BZROpenShim::`anonymous namespace'::RotateGenericChunkVector+0xa5,WINMM.dll@6ea10000,18,0.1225,14699,20.0
fourteam_ai_postfix,12132,OgreMain.dll!?isHardwareAnimationEnabled@Entity@Ogre@@QAE_NXZ+0x28,OgreMain.dll,18,0.1225,14699,20.0
fourteam_ai_postfix,12132,OgreMain.dll!?getProgram@Pass@Ogre@@IBEABV?$SharedPtr@VGpuProgram@Ogre@@@2@PBQAVGpuProgramUsage@2@@Z+0x38,OgreMain.dll,18,0.1225,14699,20.0
fourteam_ai_postfix,12132,battlezone98redux.exe!sub_41fe40,battlezone98redux.exe,18,0.1225,14699,20.0
fourteam_ai_postfix,12132,OgreMain.dll!?findLightsAffectingFrustum@SceneManager@Ogre@@MAEXPBVCamera@2@@Z+0x119,OgreMain.dll,18,0.1225,14699,20.0
fourteam_ai_postfix,12132,win32u.dll!_NtGdiDdDDIQueryVidPnExclusiveOwnership@4+0xc,win32u.dll,17,0.1157,14699,20.0
fourteam_ai_postfix,12132,battlezone98redux.exe!sub_62e070,battlezone98redux.exe,17,0.1157,14699,20.0
fourteam_ai_postfix,12132,battlezone98redux.exe!sub_417910,battlezone98redux.exe,17,0.1157,14699,20.0
fourteam_ai_postfix,12132,d3d11.dll!CreateDirect3D11DeviceFromDXGIDevice+0x9f925,d3d11.dll,17,0.1157,14699,20.0
fourteam_ai_postfix,12132,OgreMain.dll!?ACos@Math@Ogre@@SA?AVRadian@2@M@Z+0x8,OgreMain.dll,17,0.1157,14699,20.0
fourteam_ai_postfix,12132,OgreMain.dll!?angleBetween@Vector3@Ogre@@QBE?AVRadian@2@ABV12@@Z+0xd0,OgreMain.dll,17,0.1157,14699,20.0
fourteam_ai_postfix,12132,RenderSystem_Direct3D11.dll!?getMonitorSequentialNumberFromSwapChain@MonitorInfo@Ogre@@QAEGPAUIDXGISwapChain@@_N@Z+0x27a7,RenderSystem_Direct3D11.dll,17,0.1157,14699,20.0
fourteam_ai_postfix,12132,OgreMain.dll!?_populateLightList@SceneManager@Ogre@@UAEXABVVector3@2@MAAV?$HashedVector@PAVLight@Ogre@@@2@I@Z+0xb2,OgreMain.dll,17,0.1157,14699,20.0
fourteam_ai_postfix,12132,OgreMain.dll!?isInLightRange@Light@Ogre@@QBE_NABVSphere@2@@Z+0x7e,OgreMain.dll,17,0.1157,14699,20.0
fourteam_ai_postfix,12132,OgreMain.dll!?touchVertexBufferCopy@HardwareBufferManagerBase@Ogre@@UAEXABVHardwareVertexBufferSharedPtr@2@@Z+0x47,OgreMain.dll,17,0.1157,14699,20.0
fourteam_ai_postfix,12132,battlezone98redux.exe!allocator<char>,battlezone98redux.exe,17,0.1157,14699,20.0
fourteam_ai_postfix,12132,battlezone98redux.exe!sub_8203f0,battlezone98redux.exe,16,0.1089,14699,20.0
fourteam_ai_postfix,12132,battlezone98redux.exe!sub_81f1e0,battlezone98redux.exe,16,0.1089,14699,20.0
fourteam_ai_postfix,12132,d3d11.dll+0x30d82,d3d11.dll,16,0.1089,14699,20.0
fourteam_ai_postfix,12132,ntdll.dll!_ZwRaiseException@12+0xc,ntdll.dll,16,0.1089,14699,20.0
fourteam_ai_postfix,12132,ntdll.dll!_RtlpLocalInfoAllocFromCache@8+0x28,ntdll.dll,16,0.1089,14699,20.0
fourteam_ai_postfix,12132,battlezone98redux.exe!sub_679f10,battlezone98redux.exe,16,0.1089,14699,20.0
fourteam_ai_postfix,12132,battlezone98redux.exe!sub_4178a0,battlezone98redux.exe,16,0.1089,14699,20.0
fourteam_ai_postfix,12132,battlezone98redux.exe!sub_447e90,battlezone98redux.exe,16,0.1089,14699,20.0
fourteam_ai_postfix,12132,battlezone98redux.exe!sub_448e60,battlezone98redux.exe,16,0.1089,14699,20.0
fourteam_ai_postfix,12132,battlezone98redux.exe!sub_44ecb0,battlezone98redux.exe,16,0.1089,14699,20.0
fourteam_ai_postfix,12132,OgreMain.dll+0x3942d,OgreMain.dll,16,0.1089,14699,20.0
fourteam_ai_postfix,12132,d3d11.dll+0x2b4fb,d3d11.dll,15,0.102,14699,20.0
fourteam_ai_postfix,12132,battlezone98redux.exe!sub_492d60,battlezone98redux.exe,15,0.102,14699,20.0
fourteam_ai_postfix,12132,battlezone98redux.exe!sub_6111e0,battlezone98redux.exe,15,0.102,14699,20.0
fourteam_ai_postfix,12132,battlezone98redux.exe!sub_417e20,battlezone98redux.exe,15,0.102,14699,20.0
fourteam_ai_postfix,12132,OgreMain.dll!?isInLightRange@Light@Ogre@@QBE_NABVSphere@2@@Z+0x4e,OgreMain.dll,15,0.102,14699,20.0
fourteam_ai_postfix,12132,OgreMain.dll!?update@Light@Ogre@@MBEXXZ+0xda,OgreMain.dll,15,0.102,14699,20.0
fourteam_ai_postfix,12132,RenderSystem_Direct3D11.dll!?bindToShader@D3D11VertexDeclaration@Ogre@@QAEXPAVD3D11HLSLProgram@2@PAVVertexBufferBinding@2@@Z+0xa,RenderSystem_Direct3D11.dll,15,0.102,14699,20.0
fourteam_ai_postfix,12132,WINMM.dll@6ea10000!BZROpenShim::`anonymous namespace'::TrackChunkProxyDebugEntry+0x186,WINMM.dll@6ea10000,15,0.102,14699,20.0
fourteam_ai_postfix,12132,OgreMain.dll+0x41fb,OgreMain.dll,15,0.102,14699,20.0
fourteam_ai_postfix,12132,battlezone98redux.exe!sub_46d020,battlezone98redux.exe,15,0.102,14699,20.0
fourteam_ai_postfix,12132,RenderSystem_Direct3D11.dll!?getILayoutByShader@D3D11VertexDeclaration@Ogre@@IAEPAUID3D11InputLayout@@PAVD3D11HLSLProgram@2@PAVVertexBufferBinding@2@@Z+0x52,RenderSystem_Direct3D11.dll,15,0.102,14699,20.0
fourteam_ai_postfix,12132,WINMM.dll@6ea10000!BZROpenShim::`anonymous namespace'::TrackChunkProxyDebugEntry+0x272,WINMM.dll@6ea10000,15,0.102,14699,20.0
fourteam_ai_postfix,12132,RenderSystem_Direct3D11.dll!??0D3D11RenderWindowSwapChainBased@Ogre@@QAE@ABV01@@Z+0x310,RenderSystem_Direct3D11.dll,15,0.102,14699,20.0
fourteam_ai_postfix,12132,OgreMain.dll!?_populateLightList@SceneManager@Ogre@@UAEXABVVector3@2@MAAV?$HashedVector@PAVLight@Ogre@@@2@I@Z+0x140,OgreMain.dll,14,0.0952,14699,20.0
fourteam_ai_postfix,12132,RenderSystem_Direct3D11.dll!?_render@D3D11RenderSystem@Ogre@@UAEXABVRenderOperation@2@@Z+0x5b,RenderSystem_Direct3D11.dll,14,0.0952,14699,20.0
fourteam_ai_postfix,12132,battlezone98redux.exe!sub_60f320,battlezone98redux.exe,14,0.0952,14699,20.0
fourteam_ai_postfix,12132,battlezone98redux.exe!sub_462b60,battlezone98redux.exe,14,0.0952,14699,20.0
fourteam_ai_postfix,12132,RenderSystem_Direct3D11.dll!?getConstantBuffer@D3D11HLSLProgram@Ogre@@QAEPAUID3D11Buffer@@V?$SharedPtr@VGpuProgramParameters@Ogre@@@2@G@Z+0xe7,RenderSystem_Direct3D11.dll,14,0.0952,14699,20.0
fourteam_ai_postfix,12132,d3d11.dll!CreateDirect3D11DeviceFromDXGIDevice+0x9da48,d3d11.dll,14,0.0952,14699,20.0
fourteam_ai_postfix,12132,ntdll.dll!_ZwWaitForMultipleObjects@20+0xc,ntdll.dll,14,0.0952,14699,20.0
fourteam_ai_postfix,12132,battlezone98redux.exe!sub_67a780,battlezone98redux.exe,14,0.0952,14699,20.0
fourteam_ai_postfix,12132,battlezone98redux.exe!sub_462850,battlezone98redux.exe,14,0.0952,14699,20.0
fourteam_ai_postfix,12132,battlezone98redux.exe!sub_4cbb80,battlezone98redux.exe,14,0.0952,14699,20.0
fourteam_ai_postfix,12132,ntdll.dll!_RtlAnsiCharToUnicodeChar@4+0x36,ntdll.dll,14,0.0952,14699,20.0
fourteam_ai_postfix,12132,OgreMain.dll!?findLightsAffectingFrustum@SceneManager@Ogre@@MAEXPBVCamera@2@@Z+0xc0,OgreMain.dll,14,0.0952,14699,20.0
fourteam_ai_postfix,12132,OgreMain.dll!?_findVisibleObjects@SceneNode@Ogre@@UAEXPAVCamera@2@PAVRenderQueue@2@PAUVisibleObjectsBoundsInfo@2@_N33@Z+0x76,OgreMain.dll,13,0.0884,14699,20.0
fourteam_ai_postfix,12132,ucrtbase.dll!__ldclass+0x19,ucrtbase.dll,13,0.0884,14699,20.0
fourteam_ai_postfix,12132,battlezone98redux.exe!sub_421ec0,battlezone98redux.exe,13,0.0884,14699,20.0
fourteam_ai_postfix,12132,battlezone98redux.exe!sub_820180,battlezone98redux.exe,13,0.0884,14699,20.0
fourteam_ai_postfix,12132,ucrtbase.dll!__math_exit+0x29,ucrtbase.dll,13,0.0884,14699,20.0
fourteam_ai_postfix,12132,OgreMain.dll!?isInLightRange@Light@Ogre@@QBE_NABVSphere@2@@Z+0x6,OgreMain.dll,13,0.0884,14699,20.0
fourteam_ai_postfix,12132,win32u.dll!_NtUserSetCursorPos@8+0xc,win32u.dll,13,0.0884,14699,20.0
fourteam_ai_postfix,12132,RenderSystem_Direct3D11.dll!?getD3DVertexBuffer@D3D11HardwareVertexBuffer@Ogre@@QBEPAUID3D11Buffer@@XZ+0x6,RenderSystem_Direct3D11.dll,13,0.0884,14699,20.0
fourteam_ai_postfix,12132,battlezone98redux.exe!sub_462450,battlezone98redux.exe,13,0.0884,14699,20.0
fourteam_ai_postfix,12132,OgreMain.dll!?_calcTempSquareDist@Light@Ogre@@QAEXABVVector3@2@@Z+0x58,OgreMain.dll,13,0.0884,14699,20.0
fourteam_ai_postfix,12132,battlezone98redux.exe!construct<>,battlezone98redux.exe,13,0.0884,14699,20.0
fourteam_ai_postfix,12132,OgreMain.dll!?update@Light@Ogre@@MBEXXZ,OgreMain.dll,13,0.0884,14699,20.0
fourteam_ai_postfix,12132,battlezone98redux.exe!sub_5938f0,battlezone98redux.exe,13,0.0884,14699,20.0
fourteam_ai_postfix,12132,battlezone98redux.exe!sub_5d5930,battlezone98redux.exe,13,0.0884,14699,20.0
fourteam_ai_postfix,12132,ntdll.dll!_ZwDuplicateObject@28+0xc,ntdll.dll,12,0.0816,14699,20.0
fourteam_ai_postfix,12132,battlezone98redux.exe!sub_444ba0,battlezone98redux.exe,12,0.0816,14699,20.0
fourteam_ai_postfix,12132,battlezone98redux.exe!sub_422e80,battlezone98redux.exe,12,0.0816,14699,20.0
fourteam_ai_postfix,12132,battlezone98redux.exe!sub_462a70,battlezone98redux.exe,12,0.0816,14699,20.0
fourteam_ai_postfix,12132,battlezone98redux.exe!sub_785730,battlezone98redux.exe,12,0.0816,14699,20.0
fourteam_ai_postfix,12132,battlezone98redux.exe!sub_4440d0,battlezone98redux.exe,12,0.0816,14699,20.0
fourteam_ai_postfix,12132,battlezone98redux.exe!sub_4245c0,battlezone98redux.exe,12,0.0816,14699,20.0
fourteam_ai_postfix,12132,"WINMM.dll@6ea10000!std::_Hash<std::_Umap_traits<int,BZROpenShim::`anonymous namespace'::HudSpriteRectRecord,std::_Uhash_compare<int,std::hash<int>,std::equal_to<int> >,std::allocator<std::pair<int const ,BZROpenShim::`anonymous namespace'::HudSpriteRectRecord> >,0> >::erase+0x55",WINMM.dll@6ea10000,12,0.0816,14699,20.0
fourteam_ai_postfix,12132,battlezone98redux.exe!sub_447e50,battlezone98redux.exe,12,0.0816,14699,20.0
fourteam_ai_postfix,12132,OgreMain.dll!?_calcTempSquareDist@Light@Ogre@@QAEXABVVector3@2@@Z+0x4c,OgreMain.dll,12,0.0816,14699,20.0
fourteam_ai_postfix,12132,battlezone98redux.exe!sub_4917f0,battlezone98redux.exe,12,0.0816,14699,20.0
fourteam_ai_postfix,12132,ntdll.dll!_ZwClose@4+0xc,ntdll.dll,12,0.0816,14699,20.0
fourteam_ai_postfix,12132,battlezone98redux.exe!sub_6116a0,battlezone98redux.exe,12,0.0816,14699,20.0
fourteam_ai_postfix,12132,RenderSystem_Direct3D11.dll+0x3ee0,RenderSystem_Direct3D11.dll,12,0.0816,14699,20.0
fourteam_ai_postfix,12132,OgreMain.dll!?getTransparentSortingForced@Pass@Ogre@@QBE_NXZ+0x6,OgreMain.dll,11,0.0748,14699,20.0
fourteam_ai_postfix,12132,OgreMain.dll!?_populateLightList@SceneManager@Ogre@@UAEXABVVector3@2@MAAV?$HashedVector@PAVLight@Ogre@@@2@I@Z+0x136,OgreMain.dll,11,0.0748,14699,20.0
fourteam_ai_postfix,12132,OgreMain.dll!?isHardwareAnimationEnabled@Entity@Ogre@@QAE_NXZ+0x2c,OgreMain.dll,11,0.0748,14699,20.0
fourteam_ai_postfix,12132,OgreMain.dll!??4GpuSharedParametersUsage@Ogre@@QAEAAV01@ABV01@@Z+0x27b5,OgreMain.dll,11,0.0748,14699,20.0
fourteam_ai_postfix,12132,battlezone98redux.exe!sub_5e1310,battlezone98redux.exe,11,0.0748,14699,20.0
fourteam_ai_postfix,12132,OgreMain.dll!?getDerivedPosition@Light@Ogre@@QBEABVVector3@2@_N@Z+0x8,OgreMain.dll,11,0.0748,14699,20.0
fourteam_ai_postfix,12132,OgreMain.dll!?_populateLightList@SceneManager@Ogre@@UAEXABVVector3@2@MAAV?$HashedVector@PAVLight@Ogre@@@2@I@Z+0xbd,OgreMain.dll,11,0.0748,14699,20.0
fourteam_ai_postfix,12132,ntdll.dll!_RtlpGetCodePageData@4+0x29,ntdll.dll,11,0.0748,14699,20.0
fourteam_ai_postfix,12132,RenderSystem_Direct3D11.dll!?_render@D3D11RenderSystem@Ogre@@UAEXABVRenderOperation@2@@Z+0x97,RenderSystem_Direct3D11.dll,11,0.0748,14699,20.0
fourteam_ai_postfix,12132,battlezone98redux.exe!sub_83f040,battlezone98redux.exe,11,0.0748,14699,20.0
fourteam_ai_postfix,12132,ntdll.dll!_ZwReleaseMutant@8+0xc,ntdll.dll,11,0.0748,14699,20.0
fourteam_ai_postfix,12132,OgreMain.dll+0x3e42d,OgreMain.dll,11,0.0748,14699,20.0
fourteam_ai_postfix,12132,OgreMain.dll!?ACos@Math@Ogre@@SA?AVRadian@2@M@Z+0xf,OgreMain.dll,11,0.0748,14699,20.0
fourteam_ai_postfix,12132,WINMM.dll@6ea10000!BZROpenShim::`anonymous namespace'::InstallEmissionLightFixIfPossible+0xb5,WINMM.dll@6ea10000,11,0.0748,14699,20.0
fourteam_ai_postfix,12132,OgreMain.dll!?_findVisibleObjects@SceneNode@Ogre@@UAEXPAVCamera@2@PAVRenderQueue@2@PAUVisibleObjectsBoundsInfo@2@_N33@Z+0x35,OgreMain.dll,11,0.0748,14699,20.0
fourteam_ai_postfix,12132,OgreMain.dll!?isInLightRange@Light@Ogre@@QBE_NABVSphere@2@@Z+0x175,OgreMain.dll,11,0.0748,14699,20.0
fourteam_ai_postfix,12132,OgreMain.dll!?clone@Animation@Ogre@@QBEPAV12@ABV?$basic_string@DU?$char_traits@D@std@@V?$allocator@D@2@@std@@@Z+0x2c6,OgreMain.dll,11,0.0748,14699,20.0
fourteam_ai_postfix,12132,OgreMain.dll!?_calcTempSquareDist@Light@Ogre@@QAEXABVVector3@2@@Z+0x20,OgreMain.dll,11,0.0748,14699,20.0
fourteam_ai_postfix,12132,battlezone98redux.exe!sub_4624f0,battlezone98redux.exe,11,0.0748,14699,20.0
fourteam_ai_postfix,12132,OgreMain.dll!?_calcTempSquareDist@Light@Ogre@@QAEXABVVector3@2@@Z+0x25,OgreMain.dll,11,0.0748,14699,20.0
fourteam_ai_postfix,12132,battlezone98redux.exe!sub_83e885,battlezone98redux.exe,11,0.0748,14699,20.0
fourteam_ai_postfix,12132,battlezone98redux.exe!sub_451250,battlezone98redux.exe,11,0.0748,14699,20.0
fourteam_ai_postfix,12132,KERNEL32.DLL!GetCurrentThreadId,KERNEL32.DLL,11,0.0748,14699,20.0
fourteam_ai_postfix,12132,battlezone98redux.exe!sub_44de20,battlezone98redux.exe,11,0.0748,14699,20.0
fourteam_ai_postfix,12132,WINMM.dll@6ea10000!BZROpenShim::`anonymous namespace'::RotateGenericChunkVector+0x58,WINMM.dll@6ea10000,11,0.0748,14699,20.0
fourteam_ai_postfix,12132,battlezone98redux.exe!FID_conflict:operator-=,battlezone98redux.exe,11,0.0748,14699,20.0
fourteam_ai_postfix,12132,ntdll.dll!_RtlpIsUtf8Process@4+0xe,ntdll.dll,11,0.0748,14699,20.0
fourteam_ai_postfix,12132,ntdll.dll!_RtlpFreeNTHeapInternal@12+0x2ed,ntdll.dll,11,0.0748,14699,20.0
fourteam_ai_postfix,12132,battlezone98redux.exe!sub_679ac0,battlezone98redux.exe,11,0.0748,14699,20.0
fourteam_ai_postfix,12132,OgreMain.dll!?setNull@?$SharedPtr@VHardwareIndexBuffer@Ogre@@@Ogre@@QAEXXZ+0xa,OgreMain.dll,11,0.0748,14699,20.0
fourteam_ai_postfix,12132,win32u.dll!_NtGdiDdDDIGetDeviceState@4+0xc,win32u.dll,10,0.068,14699,20.0
fourteam_ai_postfix,12132,OgreMain.dll!?getNumWorldTransforms@SubEntity@Ogre@@UBEGXZ+0xe,OgreMain.dll,10,0.068,14699,20.0
fourteam_ai_postfix,12132,OgreMain.dll!?getDerivedPosition@Light@Ogre@@QBEABVVector3@2@_N@Z+0x29,OgreMain.dll,10,0.068,14699,20.0
fourteam_ai_postfix,12132,OgreMain.dll!?addRenderable@RenderQueue@Ogre@@QAEXPAVRenderable@2@EG@Z+0x39,OgreMain.dll,10,0.068,14699,20.0
fourteam_ai_postfix,12132,OgreMain.dll+0x2e866,OgreMain.dll,10,0.068,14699,20.0
fourteam_ai_postfix,12132,battlezone98redux.exe!sub_452580,battlezone98redux.exe,10,0.068,14699,20.0
fourteam_ai_postfix,12132,WINMM.dll@6ea10000!BZROpenShim::`anonymous namespace'::RotateGenericChunkVector+0x75,WINMM.dll@6ea10000,10,0.068,14699,20.0
fourteam_ai_postfix,12132,RenderSystem_Direct3D11.dll+0x4b38,RenderSystem_Direct3D11.dll,10,0.068,14699,20.0
fourteam_ai_postfix,12132,WINMM.dll@6ea10000!BZROpenShim::`anonymous namespace'::RotateGenericChunkVector+0x1b,WINMM.dll@6ea10000,10,0.068,14699,20.0
fourteam_ai_postfix,12132,battlezone98redux.exe!sub_42de70,battlezone98redux.exe,10,0.068,14699,20.0
fourteam_ai_postfix,12132,WINMM.dll@6ea10000!BZROpenShim::`anonymous namespace'::IsOgreEntityObject+0x44,WINMM.dll@6ea10000,10,0.068,14699,20.0
fourteam_ai_postfix,12132,MSVCR120.dll!__libm_sse2_acosf+0x1b6,MSVCR120.dll,10,0.068,14699,20.0
fourteam_ai_postfix,12132,WINMM.dll@6ea10000!BZROpenShim::`anonymous namespace'::RotateGenericChunkVector+0x77,WINMM.dll@6ea10000,10,0.068,14699,20.0
fourteam_ai_postfix,12132,OgreMain.dll!?_updateBounds@SceneNode@Ogre@@UAEXXZ+0x193,OgreMain.dll,10,0.068,14699,20.0
fourteam_ai_postfix,12132,battlezone98redux.exe!sub_44f1b0,battlezone98redux.exe,10,0.068,14699,20.0
fourteam_ai_postfix,12132,MSVCR120.dll!__libm_sse2_acosf+0x36,MSVCR120.dll,10,0.068,14699,20.0
fourteam_ai_postfix,12132,battlezone98redux.exe!sub_447eb0,battlezone98redux.exe,10,0.068,14699,20.0
fourteam_ai_postfix,12132,ntdll.dll!_RtlpLocalInfoAllocFromCache@8+0x36,ntdll.dll,10,0.068,14699,20.0
fourteam_ai_postfix,12132,OgreMain.dll!?_populateLightList@SceneManager@Ogre@@UAEXABVVector3@2@MAAV?$HashedVector@PAVLight@Ogre@@@2@I@Z+0x142,OgreMain.dll,10,0.068,14699,20.0
fourteam_ai_postfix,12132,battlezone98redux.exe!sub_42de50,battlezone98redux.exe,10,0.068,14699,20.0
fourteam_ai_postfix,12132,MSVCR120.dll!log2+0xad,MSVCR120.dll,10,0.068,14699,20.0
fourteam_ai_postfix,12132,OgreMain.dll!?merge@VisibleObjectsBoundsInfo@Ogre@@QAEXABVAxisAlignedBox@2@ABVSphere@2@PBVCamera@2@_N@Z+0x11d,OgreMain.dll,10,0.068,14699,20.0
fourteam_ai_postfix,12132,MSVCR120.dll!__libm_sse2_acosf+0x17e,MSVCR120.dll,10,0.068,14699,20.0
fourteam_ai_postfix,12132,battlezone98redux.exe!back,battlezone98redux.exe,10,0.068,14699,20.0
fourteam_ai_postfix,12132,battlezone98redux.exe!_Hash_seq,battlezone98redux.exe,10,0.068,14699,20.0
fourteam_ai_postfix,12132,battlezone98redux.exe!destroy<>,battlezone98redux.exe,10,0.068,14699,20.0
fourteam_ai_postfix,12132,battlezone98redux.exe!sub_4c0560,battlezone98redux.exe,10,0.068,14699,20.0
fourteam_ai_postfix,12132,battlezone98redux.exe!sub_6855e0,battlezone98redux.exe,10,0.068,14699,20.0
fourteam_ai_postfix,12132,MSVCR120.dll!__libm_sse2_acosf+0x1f1,MSVCR120.dll,9,0.0612,14699,20.0
fourteam_ai_postfix,12132,RenderSystem_Direct3D11.dll!?getMonitorSequentialNumberFromSwapChain@MonitorInfo@Ogre@@QAEGPAUIDXGISwapChain@@_N@Z+0x2ab9,RenderSystem_Direct3D11.dll,9,0.0612,14699,20.0
fourteam_ai_postfix,12132,ntdll.dll!_ZwOpenSection@12+0xc,ntdll.dll,9,0.0612,14699,20.0
fourteam_ai_postfix,12132,OgreMain.dll!??4GpuSharedParametersUsage@Ogre@@QAEAAV01@ABV01@@Z+0x2785,OgreMain.dll,9,0.0612,14699,20.0
fourteam_ai_postfix,12132,MSVCR120.dll!__libm_sse2_acosf+0x13d,MSVCR120.dll,9,0.0612,14699,20.0
fourteam_ai_postfix,12132,ucrtbase.dll!__ldclass+0xc,ucrtbase.dll,9,0.0612,14699,20.0
fourteam_ai_postfix,12132,win32u.dll!_NtGdiDdDDISetQueuedLimit@4+0xc,win32u.dll,9,0.0612,14699,20.0
fourteam_ai_postfix,12132,battlezone98redux.exe!sub_4498d0,battlezone98redux.exe,9,0.0612,14699,20.0
fourteam_ai_postfix,12132,OgreMain.dll!?isFloat@GpuConstantDefinition@Ogre@@SA_NW4GpuConstantType@2@@Z+0x13,OgreMain.dll,9,0.0612,14699,20.0
fourteam_ai_postfix,12132,win32u.dll!_NtUserSetCursor@4+0xc,win32u.dll,9,0.0612,14699,20.0
fourteam_ai_postfix,12132,OgreMain.dll!?isInLightRange@Light@Ogre@@QBE_NABVSphere@2@@Z+0x159,OgreMain.dll,9,0.0612,14699,20.0
fourteam_ai_postfix,12132,OgreMain.dll!?clone@Animation@Ogre@@QBEPAV12@ABV?$basic_string@DU?$char_traits@D@std@@V?$allocator@D@2@@std@@@Z+0x249,OgreMain.dll,9,0.0612,14699,20.0
fourteam_ai_postfix,12132,battlezone98redux.exe!sub_81ee70,battlezone98redux.exe,9,0.0612,14699,20.0
fourteam_ai_postfix,12132,OgreMain.dll!?angleBetween@Vector3@Ogre@@QBE?AVRadian@2@ABV12@@Z+0x3a,OgreMain.dll,9,0.0612,14699,20.0
fourteam_ai_postfix,12132,ntdll.dll!_RtlpFreeNTHeapInternal@12+0x237,ntdll.dll,9,0.0612,14699,20.0
fourteam_ai_postfix,12132,OgreMain.dll!?getFragmentProgramParameters@Pass@Ogre@@QBE?AV?$SharedPtr@VGpuProgramParameters@Ogre@@@2@XZ+0x86,OgreMain.dll,9,0.0612,14699,20.0
fourteam_ai_postfix,12132,OgreMain.dll!?_setPass@SceneManager@Ogre@@UAEPBVPass@2@PBV32@_N1@Z+0x87d,OgreMain.dll,9,0.0612,14699,20.0
fourteam_ai_postfix,12132,OgreMain.dll!?isInLightRange@Light@Ogre@@QBE_NABVSphere@2@@Z+0x138,OgreMain.dll,9,0.0612,14699,20.0
fourteam_ai_postfix,12132,OgreMain.dll!?createTechnique@Material@Ogre@@QAEPAVTechnique@2@XZ+0xaf6,OgreMain.dll,9,0.0612,14699,20.0
fourteam_ai_postfix,12132,OgreMain.dll!?getVertexProgramParameters@Pass@Ogre@@QBE?AV?$SharedPtr@VGpuProgramParameters@Ogre@@@2@XZ+0x127,OgreMain.dll,9,0.0612,14699,20.0
fourteam_ai_postfix,12132,d3d11.dll+0x35e90,d3d11.dll,9,0.0612,14699,20.0
fourteam_ai_postfix,12132,OgreMain.dll!?getProgram@Pass@Ogre@@IBEABV?$SharedPtr@VGpuProgram@Ogre@@@2@PBQAVGpuProgramUsage@2@@Z+0x44,OgreMain.dll,9,0.0612,14699,20.0
fourteam_ai_postfix,12132,battlezone98redux.exe!sub_784000,battlezone98redux.exe,9,0.0612,14699,20.0
fourteam_ai_postfix,12132,WINMM.dll@6ea10000!BZROpenShim::`anonymous namespace'::TrackChunkEffectActiveEntries+0x1a5,WINMM.dll@6ea10000,9,0.0612,14699,20.0
fourteam_ai_postfix,12132,ucrtbase.dll!__fdclass+0x13,ucrtbase.dll,9,0.0612,14699,20.0
fourteam_ai_postfix,12132,OgreMain.dll!?_detectImplementation@OptimisedUtil@Ogre@@KAPAV12@XZ+0x459c,OgreMain.dll,9,0.0612,14699,20.0
fourteam_ai_postfix,12132,battlezone98redux.exe!swap<>,battlezone98redux.exe,9,0.0612,14699,20.0
fourteam_ai_postfix,12132,OgreMain.dll!??4GpuSharedParametersUsage@Ogre@@QAEAAV01@ABV01@@Z+0x2742,OgreMain.dll,9,0.0612,14699,20.0
fourteam_ai_postfix,12132,OgreMain.dll!?findLightsAffectingFrustum@SceneManager@Ogre@@MAEXPBVCamera@2@@Z+0xd8,OgreMain.dll,9,0.0612,14699,20.0
fourteam_ai_postfix,12132,OgreMain.dll!?touchVertexBufferCopy@HardwareBufferManagerBase@Ogre@@UAEXABVHardwareVertexBufferSharedPtr@2@@Z+0x41,OgreMain.dll,8,0.0544,14699,20.0
fourteam_ai_postfix,12132,d3d11.dll!CreateDirect3D11DeviceFromDXGIDevice+0x9dfbd,d3d11.dll,8,0.0544,14699,20.0
fourteam_ai_postfix,12132,battlezone98redux.exe!sub_4588c0,battlezone98redux.exe,8,0.0544,14699,20.0
fourteam_ai_postfix,12132,OgreMain.dll!?ACos@Math@Ogre@@SA?AVRadian@2@M@Z+0x11,OgreMain.dll,8,0.0544,14699,20.0
fourteam_ai_postfix,12132,OgreMain.dll!?getLightMask@MovableObject@Ogre@@UBEIXZ,OgreMain.dll,8,0.0544,14699,20.0
fourteam_ai_postfix,12132,OgreMain.dll!?touchVertexBufferCopy@HardwareBufferManagerBase@Ogre@@UAEXABVHardwareVertexBufferSharedPtr@2@@Z+0x7e,OgreMain.dll,8,0.0544,14699,20.0
fourteam_ai_postfix,12132,WINMM.dll@6ea10000!BZROpenShim::`anonymous namespace'::RotateGenericChunkVector+0x4e,WINMM.dll@6ea10000,8,0.0544,14699,20.0
fourteam_ai_postfix,12132,ntdll.dll!_ZwSetInformationThread@16+0xc,ntdll.dll,8,0.0544,14699,20.0
fourteam_ai_postfix,12132,ntdll.dll!_RtlAbPostRelease@8+0x28,ntdll.dll,8,0.0544,14699,20.0
fourteam_ai_postfix,12132,OgreMain.dll!?isInLightRange@Light@Ogre@@QBE_NABVSphere@2@@Z+0x2b,OgreMain.dll,8,0.0544,14699,20.0
fourteam_ai_postfix,12132,battlezone98redux.exe!sub_62bf70,battlezone98redux.exe,8,0.0544,14699,20.0
fourteam_ai_postfix,12132,ucrtbase.dll!__sqrt_common+0x21,ucrtbase.dll,8,0.0544,14699,20.0
fourteam_ai_postfix,12132,WINMM.dll@6ea10000!BZROpenShim::`anonymous namespace'::CaptureChunkObjectLinkProbe+0x89,WINMM.dll@6ea10000,8,0.0544,14699,20.0
fourteam_ai_postfix,12132,VCRUNTIME140.dll!memset+0x3e,VCRUNTIME140.dll,8,0.0544,14699,20.0
fourteam_ai_postfix,12132,MSVCR120.dll!floor+0x30,MSVCR120.dll,8,0.0544,14699,20.0
fourteam_ai_postfix,12132,WINMM.dll@6ea10000!_except_handler4_noexcept+0x33,WINMM.dll@6ea10000,8,0.0544,14699,20.0
fourteam_ai_postfix,12132,OgreMain.dll!?getVertexProgramParameters@Pass@Ogre@@QBE?AV?$SharedPtr@VGpuProgramParameters@Ogre@@@2@XZ+0x133,OgreMain.dll,8,0.0544,14699,20.0
fourteam_ai_postfix,12132,VCRUNTIME140.dll!memset+0x3c,VCRUNTIME140.dll,8,0.0544,14699,20.0
fourteam_ai_postfix,12132,battlezone98redux.exe!sub_447ed0,battlezone98redux.exe,8,0.0544,14699,20.0
fourteam_ai_postfix,12132,OgreMain.dll!?_updateAutoParams@GpuProgramParameters@Ogre@@QAEXPBVAutoParamDataSource@2@G@Z+0x84,OgreMain.dll,8,0.0544,14699,20.0
fourteam_ai_postfix,12132,battlezone98redux.exe!sub_679610,battlezone98redux.exe,8,0.0544,14699,20.0
fourteam_ai_postfix,12132,OgreMain.dll!?determinant@Matrix4@Ogre@@QBEMXZ+0x159,OgreMain.dll,8,0.0544,14699,20.0
fourteam_ai_postfix,12132,battlezone98redux.exe!sub_46eaf0,battlezone98redux.exe,8,0.0544,14699,20.0
fourteam_ai_postfix,12132,battlezone98redux.exe!sub_774f80,battlezone98redux.exe,8,0.0544,14699,20.0
fourteam_ai_postfix,12132,battlezone98redux.exe!sub_447f60,battlezone98redux.exe,8,0.0544,14699,20.0
fourteam_ai_postfix,12132,WINMM.dll@6ea10000!BZROpenShim::`anonymous namespace'::RotateGenericChunkVector+0xc6,WINMM.dll@6ea10000,8,0.0544,14699,20.0
fourteam_ai_postfix,12132,OgreMain.dll!?isInLightRange@Light@Ogre@@QBE_NABVSphere@2@@Z+0x80,OgreMain.dll,8,0.0544,14699,20.0
fourteam_ai_postfix,12132,d3d11.dll+0x2703e,d3d11.dll,8,0.0544,14699,20.0
fourteam_ai_postfix,12132,d3d11.dll!CreateDirect3D11DeviceFromDXGIDevice+0xbc587,d3d11.dll,8,0.0544,14699,20.0
fourteam_ai_postfix,12132,OgreMain.dll!?_populateLightList@SceneManager@Ogre@@UAEXABVVector3@2@MAAV?$HashedVector@PAVLight@Ogre@@@2@I@Z+0xb5,OgreMain.dll,8,0.0544,14699,20.0
fourteam_ai_postfix,12132,battlezone98redux.exe!sub_4625b0,battlezone98redux.exe,8,0.0544,14699,20.0
fourteam_ai_postfix,12132,ntdll.dll!_RtlpLfhFindClearBitAndSet@16+0x13,ntdll.dll,8,0.0544,14699,20.0
fourteam_ai_postfix,12132,WINMM.dll@6ea10000!BZROpenShim::`anonymous namespace'::AppendGenericChunkBatchGeometry+0x8c,WINMM.dll@6ea10000,8,0.0544,14699,20.0
fourteam_ai_postfix,12132,d3d11.dll+0x27041,d3d11.dll,8,0.0544,14699,20.0
fourteam_ai_postfix,12132,ntdll.dll!_ZwReadFile@36+0xc,ntdll.dll,8,0.0544,14699,20.0
fourteam_ai_postfix,12132,d3d11.dll+0x35ebe,d3d11.dll,8,0.0544,14699,20.0
fourteam_ai_postfix,12132,OgreMain.dll!?processVisibleObject@RenderQueue@Ogre@@QAEXPAVMovableObject@2@PAVCamera@2@_NPAUVisibleObjectsBoundsInfo@2@@Z+0x11,OgreMain.dll,8,0.0544,14699,20.0
fourteam_ai_postfix,12132,OgreMain.dll!?FastHash@Ogre@@YAIPBDHI@Z+0xb0,OgreMain.dll,8,0.0544,14699,20.0
fourteam_ai_postfix,12132,battlezone98redux.exe!sub_421ee0,battlezone98redux.exe,8,0.0544,14699,20.0
fourteam_ai_postfix,12132,MSVCR120.dll!__libm_sse2_asinf+0xa0,MSVCR120.dll,8,0.0544,14699,20.0
fourteam_ai_postfix,12132,OgreMain.dll!?_calcTempSquareDist@Light@Ogre@@QAEXABVVector3@2@@Z+0x48,OgreMain.dll,8,0.0544,14699,20.0
fourteam_ai_postfix,12132,battlezone98redux.exe!sub_440300,battlezone98redux.exe,8,0.0544,14699,20.0
fourteam_ai_postfix,12132,battlezone98redux.exe!sub_44efd0,battlezone98redux.exe,8,0.0544,14699,20.0
fourteam_ai_postfix,12132,d3d11.dll!CreateDirect3D11DeviceFromDXGIDevice+0xbc53d,d3d11.dll,8,0.0544,14699,20.0
fourteam_ai_postfix,12132,ntdll.dll!_RtlpFreeNTHeapInternal@12+0x217,ntdll.dll,7,0.0476,14699,20.0
fourteam_ai_postfix,12132,WINMM.dll@6ea10000!BZROpenShim::`anonymous namespace'::RotateGenericChunkVector+0x21,WINMM.dll@6ea10000,7,0.0476,14699,20.0
fourteam_ai_postfix,12132,ntdll.dll!_RtlpFreeNTHeapInternal@12+0x32e,ntdll.dll,7,0.0476,14699,20.0
fourteam_ai_postfix,12132,OgreMain.dll!?isInLightRange@Light@Ogre@@QBE_NABVSphere@2@@Z+0x161,OgreMain.dll,7,0.0476,14699,20.0
fourteam_ai_postfix,12132,battlezone98redux.exe!sub_81fa10,battlezone98redux.exe,7,0.0476,14699,20.0
fourteam_ai_postfix,12132,"WINMM.dll@6ea10000!`anonymous namespace'::__std_find_trivial_impl<`anonymous namespace'::_Find_traits_2,unsigned short>+0x13",WINMM.dll@6ea10000,7,0.0476,14699,20.0
fourteam_ai_postfix,12132,OgreMain.dll!?buffersCheckedOut@TempBlendedBufferInfo@Ogre@@QBE_N_N0@Z+0x2f,OgreMain.dll,7,0.0476,14699,20.0
fourteam_ai_postfix,12132,OgreMain.dll!?FastHash@Ogre@@YAIPBDHI@Z+0x6,OgreMain.dll,7,0.0476,14699,20.0
fourteam_ai_postfix,12132,RenderSystem_Direct3D11.dll!?uninstall@D3D11Plugin@Ogre@@UAEXXZ+0x50e2,RenderSystem_Direct3D11.dll,7,0.0476,14699,20.0
fourteam_ai_postfix,12132,battlezone98redux.exe!sub_5e0f70,battlezone98redux.exe,7,0.0476,14699,20.0
fourteam_ai_postfix,12132,OgreMain.dll!?_updateAutoParams@GpuProgramParameters@Ogre@@QAEXPBVAutoParamDataSource@2@G@Z+0x26,OgreMain.dll,7,0.0476,14699,20.0
fourteam_ai_postfix,12132,battlezone98redux.exe!sub_6a3490,battlezone98redux.exe,7,0.0476,14699,20.0
fourteam_ai_postfix,12132,d3d11.dll!CreateDirect3D11DeviceFromDXGIDevice+0xa2171,d3d11.dll,7,0.0476,14699,20.0
fourteam_ai_postfix,12132,battlezone98redux.exe!sub_5b2950,battlezone98redux.exe,7,0.0476,14699,20.0
fourteam_ai_postfix,12132,OgreMain.dll!?_detectImplementation@OptimisedUtil@Ogre@@KAPAV12@XZ+0x464e,OgreMain.dll,7,0.0476,14699,20.0
fourteam_ai_postfix,12132,OgreMain.dll!?getConstantDefinition@GpuProgramParameters@Ogre@@QBEABUGpuConstantDefinition@2@ABV?$basic_string@DU?$char_traits@D@std@@V?$allocator@D@2@@std@@@Z+0xd2,OgreMain.dll,7,0.0476,14699,20.0
fourteam_ai_postfix,12132,OgreMain.dll!?getLight@AutoParamDataSource@Ogre@@IBEABVLight@2@I@Z+0x11,OgreMain.dll,7,0.0476,14699,20.0
fourteam_ai_postfix,12132,WINMM.dll@6ea10000!BZROpenShim::ChunkBatchInvalidation::SourceVersion::MixFloat+0x77,WINMM.dll@6ea10000,7,0.0476,14699,20.0
fourteam_ai_postfix,12132,OgreMain.dll!?ASin@Math@Ogre@@SA?AVRadian@2@M@Z+0x8,OgreMain.dll,7,0.0476,14699,20.0
fourteam_ai_postfix,12132,OgreMain.dll!??4GpuSharedParametersUsage@Ogre@@QAEAAV01@ABV01@@Z+0x2704,OgreMain.dll,7,0.0476,14699,20.0
fourteam_ai_postfix,12132,OgreMain.dll!?_getParentNodeFullTransform@MovableObject@Ogre@@UBEABVMatrix4@2@XZ+0x9,OgreMain.dll,7,0.0476,14699,20.0
fourteam_ai_postfix,12132,OgreMain.dll!?copyTempVertexToBuffer@ManualObject@Ogre@@MAEXXZ+0x154,OgreMain.dll,7,0.0476,14699,20.0
fourteam_ai_postfix,12132,MSVCR120.dll!__libm_sse2_acosf+0xe8,MSVCR120.dll,7,0.0476,14699,20.0
fourteam_ai_postfix,12132,OgreMain.dll!?_detectImplementation@OptimisedUtil@Ogre@@KAPAV12@XZ+0x4630,OgreMain.dll,7,0.0476,14699,20.0
fourteam_ai_postfix,12132,battlezone98redux.exe!sub_680bd0,battlezone98redux.exe,7,0.0476,14699,20.0
fourteam_ai_postfix,12132,ucrtbase.dll!_tolower+0xe0,ucrtbase.dll,7,0.0476,14699,20.0
fourteam_ai_postfix,12132,battlezone98redux.exe!sub_4624d0,battlezone98redux.exe,7,0.0476,14699,20.0
fourteam_ai_postfix,12132,battlezone98redux.exe!sub_81fd40,battlezone98redux.exe,7,0.0476,14699,20.0
fourteam_ai_postfix,12132,ntdll.dll!_RtlpLocalInfoAllocFromCache@8+0x233,ntdll.dll,7,0.0476,14699,20.0
fourteam_ai_postfix,12132,MSVCR120.dll!__libm_sse2_asinf+0x50,MSVCR120.dll,7,0.0476,14699,20.0
fourteam_ai_postfix,12132,battlezone98redux.exe!sub_4db560,battlezone98redux.exe,7,0.0476,14699,20.0
fourteam_ai_postfix,12132,OgreMain.dll!??4GpuSharedParametersUsage@Ogre@@QAEAAV01@ABV01@@Z+0x2700,OgreMain.dll,7,0.0476,14699,20.0
fourteam_ai_postfix,12132,battlezone98redux.exe!sub_4ab380,battlezone98redux.exe,7,0.0476,14699,20.0
fourteam_ai_postfix,12132,ucrtbase.dll!_floor+0x1f,ucrtbase.dll,7,0.0476,14699,20.0
fourteam_ai_postfix,12132,ntdll.dll!__woutput_l+0x8a1,ntdll.dll,7,0.0476,14699,20.0
fourteam_ai_postfix,12132,battlezone98redux.exe!sub_462670,battlezone98redux.exe,7,0.0476,14699,20.0
fourteam_ai_postfix,12132,battlezone98redux.exe!sub_42d4c0,battlezone98redux.exe,7,0.0476,14699,20.0
fourteam_ai_postfix,12132,RenderSystem_Direct3D11.dll!?_setTexture@D3D11RenderSystem@Ogre@@UAEXI_NABV?$SharedPtr@VTexture@Ogre@@@2@@Z+0x94,RenderSystem_Direct3D11.dll,7,0.0476,14699,20.0
fourteam_ai_postfix,12132,OgreMain.dll!?_findVisibleObjects@SceneNode@Ogre@@UAEXPAVCamera@2@PAVRenderQueue@2@PAUVisibleObjectsBoundsInfo@2@_N33@Z+0x4c,OgreMain.dll,7,0.0476,14699,20.0
fourteam_ai_postfix,12132,RenderSystem_Direct3D11.dll!?_render@D3D11RenderSystem@Ogre@@UAEXABVRenderOperation@2@@Z+0x225,RenderSystem_Direct3D11.dll,7,0.0476,14699,20.0
fourteam_ai_postfix,12132,battlezone98redux.exe!sub_44ef90,battlezone98redux.exe,7,0.0476,14699,20.0
fourteam_ai_postfix,12132,MSVCR120.dll!__libm_sse2_acosf+0xec,MSVCR120.dll,7,0.0476,14699,20.0
fourteam_ai_postfix,12132,OgreMain.dll!?_updateAutoParams@GpuProgramParameters@Ogre@@QAEXPBVAutoParamDataSource@2@G@Z+0x1f0c,OgreMain.dll,7,0.0476,14699,20.0
fourteam_ai_postfix,12132,battlezone98redux.exe!sub_44eb20,battlezone98redux.exe,7,0.0476,14699,20.0
fourteam_ai_postfix,12132,battlezone98redux.exe!sub_5b26e0,battlezone98redux.exe,7,0.0476,14699,20.0
fourteam_ai_postfix,12132,battlezone98redux.exe!sub_423830,battlezone98redux.exe,7,0.0476,14699,20.0
fourteam_ai_postfix,12132,battlezone98redux.exe!operator-,battlezone98redux.exe,7,0.0476,14699,20.0
fourteam_ai_postfix,12132,MSVCR120.dll!log2+0x75,MSVCR120.dll,7,0.0476,14699,20.0
fourteam_ai_postfix,12132,battlezone98redux.exe!sub_4242f0,battlezone98redux.exe,7,0.0476,14699,20.0
fourteam_ai_postfix,12132,OgreMain.dll!?findLightsAffectingFrustum@SceneManager@Ogre@@MAEXPBVCamera@2@@Z+0xca,OgreMain.dll,7,0.0476,14699,20.0
fourteam_ai_postfix,12132,OgreMain.dll!?isTransparentSortingForced@Technique@Ogre@@QBE_NXZ+0xc,OgreMain.dll,6,0.0408,14699,20.0
fourteam_ai_postfix,12132,OgreMain.dll!?createTechnique@Material@Ogre@@QAEPAVTechnique@2@XZ+0xb03,OgreMain.dll,6,0.0408,14699,20.0
fourteam_ai_postfix,12132,RenderSystem_Direct3D11.dll!?uninstall@D3D11Plugin@Ogre@@UAEXXZ+0x51a0,RenderSystem_Direct3D11.dll,6,0.0408,14699,20.0
fourteam_ai_postfix,12132,ntdll.dll!_RtlpFreeNTHeapInternal@12+0x24b,ntdll.dll,6,0.0408,14699,20.0
fourteam_ai_postfix,12132,WINMM.dll@6ea10000!ceilf+0x1f,WINMM.dll@6ea10000,6,0.0408,14699,20.0
fourteam_ai_postfix,12132,OgreMain.dll!?touchVertexBufferCopy@HardwareBufferManagerBase@Ogre@@UAEXABVHardwareVertexBufferSharedPtr@2@@Z+0x3d,OgreMain.dll,6,0.0408,14699,20.0
fourteam_ai_postfix,12132,battlezone98redux.exe!sub_464f80,battlezone98redux.exe,6,0.0408,14699,20.0
fourteam_ai_postfix,12132,OgreMain.dll!?_detectImplementation@OptimisedUtil@Ogre@@KAPAV12@XZ+0x4599,OgreMain.dll,6,0.0408,14699,20.0
fourteam_ai_postfix,12132,OgreMain.dll!?copyTempVertexToBuffer@ManualObject@Ogre@@MAEXXZ+0x94,OgreMain.dll,6,0.0408,14699,20.0
fourteam_ai_postfix,12132,OgreMain.dll!?_writeRawConstant@GpuProgramParameters@Ogre@@QAEXIABVVector4@2@I@Z+0x25,OgreMain.dll,6,0.0408,14699,20.0
fourteam_ai_postfix,12132,nvwgf2um.dll!NVENCODEAPI_Thunk+0x2175ea,nvwgf2um.dll,6,0.0408,14699,20.0
fourteam_ai_postfix,12132,WINMM.dll@6ea10000!BZROpenShim::ChunkBatchInvalidation::SourceVersion::MixFloat+0x55,WINMM.dll@6ea10000,6,0.0408,14699,20.0
fourteam_ai_postfix,12132,battlezone98redux.exe!sub_677a80,battlezone98redux.exe,6,0.0408,14699,20.0
fourteam_ai_postfix,12132,OgreMain.dll+0xebe2,OgreMain.dll,6,0.0408,14699,20.0
fourteam_ai_postfix,12132,OgreMain.dll!?angleBetween@Vector3@Ogre@@QBE?AVRadian@2@ABV12@@Z+0x79,OgreMain.dll,6,0.0408,14699,20.0
fourteam_ai_postfix,12132,OgreMain.dll+0x17bb6,OgreMain.dll,6,0.0408,14699,20.0
fourteam_ai_postfix,12132,OgreMain.dll!?getSide@Plane@Ogre@@QBE?AW4Side@12@ABVVector3@2@0@Z+0x63,OgreMain.dll,6,0.0408,14699,20.0
fourteam_ai_postfix,12132,OgreMain.dll!?isInLightRange@Light@Ogre@@QBE_NABVSphere@2@@Z+0x134,OgreMain.dll,6,0.0408,14699,20.0
fourteam_ai_postfix,12132,OgreMain.dll!?angleBetween@Vector3@Ogre@@QBE?AVRadian@2@ABV12@@Z+0xe3,OgreMain.dll,6,0.0408,14699,20.0
fourteam_ai_postfix,12132,OgreMain.dll!?createTechnique@Material@Ogre@@QAEPAVTechnique@2@XZ+0xb1b,OgreMain.dll,6,0.0408,14699,20.0
fourteam_ai_postfix,12132,d3d11.dll!CreateDirect3D11DeviceFromDXGIDevice+0xbda6d,d3d11.dll,6,0.0408,14699,20.0
fourteam_ai_postfix,12132,MSVCR120.dll!__libm_sse2_acosf+0x93,MSVCR120.dll,6,0.0408,14699,20.0
fourteam_ai_postfix,12132,OgreMain.dll!?getWorldViewProjMatrix@AutoParamDataSource@Ogre@@UBEABVMatrix4@2@XZ+0x39c,OgreMain.dll,6,0.0408,14699,20.0
fourteam_ai_postfix,12132,OgreMain.dll!?_notifyCurrentCamera@Entity@Ogre@@UAEXPAVCamera@2@@Z+0x107,OgreMain.dll,6,0.0408,14699,20.0
fourteam_ai_postfix,12132,RenderSystem_Direct3D11.dll!?getConstantBuffer@D3D11HLSLProgram@Ogre@@QAEPAUID3D11Buffer@@V?$SharedPtr@VGpuProgramParameters@Ogre@@@2@G@Z+0x9a,RenderSystem_Direct3D11.dll,6,0.0408,14699,20.0
fourteam_ai_postfix,12132,battlezone98redux.exe!sub_611610,battlezone98redux.exe,6,0.0408,14699,20.0
fourteam_ai_postfix,12132,OgreMain.dll!?isVisible@Frustum@Ogre@@UBE_NABVAxisAlignedBox@2@PAW4FrustumPlane@2@@Z+0xb3,OgreMain.dll,6,0.0408,14699,20.0
fourteam_ai_postfix,12132,OgreMain.dll!?createTechnique@Material@Ogre@@QAEPAVTechnique@2@XZ+0xa3b,OgreMain.dll,6,0.0408,14699,20.0
fourteam_ai_postfix,12132,OgreMain.dll!??4GpuSharedParametersUsage@Ogre@@QAEAAV01@ABV01@@Z+0x2749,OgreMain.dll,6,0.0408,14699,20.0
fourteam_ai_postfix,12132,WINMM.dll@6ea10000!BZROpenShim::ChunkBatchInvalidation::SourceVersion::MixFloat+0x7c,WINMM.dll@6ea10000,6,0.0408,14699,20.0
fourteam_ai_postfix,12132,"WINMM.dll@6ea10000!std::_Hash<std::_Umap_traits<std::basic_string<char,std::char_traits<char>,std::allocator<char> >,int,std::_Uhash_compare<std::basic_string<char,std::char_traits<char>,std::allocator<char> >,std::hash<std::basic_string<char,std::char_traits<char>,std::allocator<char> > >,std::equal_to<std::basic_string<char,std::char_traits<char>,std::allocator<char> > > >,std::allocator<std::pair<std::basic_string<char,std::char_traits<char>,std::allocator<char> > const ,int> >,0> >::emplace<char const * &,int &>+0x119",WINMM.dll@6ea10000,6,0.0408,14699,20.0
fourteam_ai_postfix,12132,MSVCR120.dll!log2+0x166,MSVCR120.dll,6,0.0408,14699,20.0
fourteam_ai_postfix,12132,battlezone98redux.exe!sub_444d50,battlezone98redux.exe,6,0.0408,14699,20.0
fourteam_ai_postfix,12132,MSVCR120.dll!floor+0x1e,MSVCR120.dll,6,0.0408,14699,20.0
fourteam_ai_postfix,12132,battlezone98redux.exe!sub_679d70,battlezone98redux.exe,6,0.0408,14699,20.0
fourteam_ai_postfix,12132,RenderSystem_Direct3D11.dll!?getMonitorSequentialNumberFromSwapChain@MonitorInfo@Ogre@@QAEGPAUIDXGISwapChain@@_N@Z+0x2797,RenderSystem_Direct3D11.dll,6,0.0408,14699,20.0
fourteam_ai_postfix,12132,ntdll.dll!_RtlpFreeNTHeapInternal@12+0x206,ntdll.dll,6,0.0408,14699,20.0
fourteam_ai_postfix,12132,battlezone98redux.exe!sub_449b50,battlezone98redux.exe,6,0.0408,14699,20.0
fourteam_ai_postfix,12132,battlezone98redux.exe!sub_67a4a0,battlezone98redux.exe,6,0.0408,14699,20.0
fourteam_ai_postfix,12132,WINMM.dll@6ea10000!BZROpenShim::`anonymous namespace'::RotateGenericChunkVector+0x42,WINMM.dll@6ea10000,6,0.0408,14699,20.0
fourteam_ai_postfix,12132,battlezone98redux.exe!sub_686600,battlezone98redux.exe,6,0.0408,14699,20.0
fourteam_ai_postfix,12132,battlezone98redux.exe!sub_5c19d0,battlezone98redux.exe,6,0.0408,14699,20.0
fourteam_ai_postfix,12132,battlezone98redux.exe!sub_442fd0,battlezone98redux.exe,6,0.0408,14699,20.0
fourteam_ai_postfix,12132,OgreMain.dll!?isFloat@GpuConstantDefinition@Ogre@@SA_NW4GpuConstantType@2@@Z+0x1a,OgreMain.dll,6,0.0408,14699,20.0
fourteam_ai_postfix,12132,OgreMain.dll!??4GpuSharedParametersUsage@Ogre@@QAEAAV01@ABV01@@Z+0x275a,OgreMain.dll,6,0.0408,14699,20.0
fourteam_ai_postfix,12132,OgreMain.dll!?_updateAutoParams@Pass@Ogre@@QBEXPBVAutoParamDataSource@2@G@Z+0x11c,OgreMain.dll,6,0.0408,14699,20.0
fourteam_ai_postfix,12132,ucrtbase.dll!_floor+0x15,ucrtbase.dll,6,0.0408,14699,20.0
fourteam_ai_postfix,12132,OgreMain.dll!?_notifyCurrentCamera@Entity@Ogre@@UAEXPAVCamera@2@@Z+0x109,OgreMain.dll,6,0.0408,14699,20.0
fourteam_ai_postfix,12132,MSVCR120.dll!log2+0xa7,MSVCR120.dll,6,0.0408,14699,20.0
fourteam_ai_postfix,12132,MSVCR120.dll!floor,MSVCR120.dll,6,0.0408,14699,20.0
fourteam_ai_postfix,12132,d3d11.dll!CreateDirect3D11DeviceFromDXGIDevice+0xbae48,d3d11.dll,6,0.0408,14699,20.0
fourteam_ai_postfix,12132,OgreMain.dll!?createTechnique@Material@Ogre@@QAEPAVTechnique@2@XZ+0xa23,OgreMain.dll,6,0.0408,14699,20.0
fourteam_ai_postfix,12132,OgreMain.dll!?isVisible@MovableObject@Ogre@@UBE_NXZ+0x7,OgreMain.dll,6,0.0408,14699,20.0
fourteam_ai_postfix,12132,battlezone98redux.exe!sub_44cb70,battlezone98redux.exe,6,0.0408,14699,20.0
fourteam_ai_postfix,12132,WINMM.dll@6ea10000!_except_handler4_noexcept+0x41,WINMM.dll@6ea10000,6,0.0408,14699,20.0
fourteam_ai_postfix,12132,OgreMain.dll!?update@Light@Ogre@@MBEXXZ+0x10,OgreMain.dll,5,0.034,14699,20.0
fourteam_ai_postfix,12132,ntdll.dll!_RtlpFreeNTHeapInternal@12+0x200,ntdll.dll,5,0.034,14699,20.0
fourteam_ai_postfix,12132,OgreMain.dll!?angleBetween@Vector3@Ogre@@QBE?AVRadian@2@ABV12@@Z+0xc9,OgreMain.dll,5,0.034,14699,20.0
fourteam_ai_postfix,12132,OgreMain.dll!?ACos@Math@Ogre@@SA?AVRadian@2@M@Z,OgreMain.dll,5,0.034,14699,20.0
fourteam_ai_postfix,12132,battlezone98redux.exe!sub_442e70,battlezone98redux.exe,5,0.034,14699,20.0
fourteam_ai_postfix,12132,MSVCR120.dll!log2+0xdd,MSVCR120.dll,5,0.034,14699,20.0
fourteam_ai_postfix,12132,WINMM.dll@6ea10000!BZROpenShim::`anonymous namespace'::RotateGenericChunkVector+0xea,WINMM.dll@6ea10000,5,0.034,14699,20.0
fourteam_ai_postfix,12132,battlezone98redux.exe!sub_603ad0,battlezone98redux.exe,5,0.034,14699,20.0
fourteam_ai_postfix,12132,d3d11.dll!CreateDirect3D11DeviceFromDXGIDevice+0xbc657,d3d11.dll,5,0.034,14699,20.0
fourteam_ai_postfix,12132,WINMM.dll@6ea10000!_except_handler4_noexcept+0x4b,WINMM.dll@6ea10000,5,0.034,14699,20.0
fourteam_ai_postfix,12132,VCRUNTIME140.dll!memset+0x4,VCRUNTIME140.dll,5,0.034,14699,20.0
fourteam_ai_postfix,12132,OgreMain.dll!??4GpuSharedParametersUsage@Ogre@@QAEAAV01@ABV01@@Z+0x2744,OgreMain.dll,5,0.034,14699,20.0
fourteam_ai_postfix,12132,d3d11.dll!D3D11CoreCreateDevice+0xe002,d3d11.dll,5,0.034,14699,20.0
fourteam_ai_postfix,12132,OgreMain.dll!?_updateBounds@SceneNode@Ogre@@UAEXXZ+0x213,OgreMain.dll,5,0.034,14699,20.0
fourteam_ai_postfix,12132,battlezone98redux.exe!sub_4631d0,battlezone98redux.exe,5,0.034,14699,20.0
fourteam_ai_postfix,12132,MSVCR120.dll!log2+0x153,MSVCR120.dll,5,0.034,14699,20.0
fourteam_ai_postfix,12132,OgreMain.dll!?isVisible@ShadowRenderable@Ogre@@UBE_NXZ+0x141,OgreMain.dll,5,0.034,14699,20.0
fourteam_ai_postfix,12132,battlezone98redux.exe!sub_44fb20,battlezone98redux.exe,5,0.034,14699,20.0
fourteam_ai_postfix,12132,MSVCR120.dll!__libm_sse2_acosf+0xe0,MSVCR120.dll,5,0.034,14699,20.0
fourteam_ai_postfix,12132,d3d11.dll+0x30dcc,d3d11.dll,5,0.034,14699,20.0
fourteam_ai_postfix,12132,OgreMain.dll!?_getActiveSchemeIndex@MaterialManager@Ogre@@UBEGXZ,OgreMain.dll,5,0.034,14699,20.0
fourteam_ai_postfix,12132,OgreMain.dll+0x13f52,OgreMain.dll,5,0.034,14699,20.0
fourteam_ai_postfix,12132,OgreMain.dll!?_populateLightList@SceneManager@Ogre@@UAEXABVVector3@2@MAAV?$HashedVector@PAVLight@Ogre@@@2@I@Z+0x97,OgreMain.dll,5,0.034,14699,20.0
fourteam_ai_postfix,12132,WINMM.dll@6ea10000!_except_handler4_noexcept+0x53,WINMM.dll@6ea10000,5,0.034,14699,20.0
fourteam_ai_postfix,12132,WINMM.dll@6ea10000!BZROpenShim::`anonymous namespace'::RebuildAndSubmitGenericChunkBatch+0x228,WINMM.dll@6ea10000,5,0.034,14699,20.0
fourteam_ai_postfix,12132,battlezone98redux.exe!sub_605f70,battlezone98redux.exe,5,0.034,14699,20.0
fourteam_ai_postfix,12132,OgreMain.dll!??4GpuSharedParametersUsage@Ogre@@QAEAAV01@ABV01@@Z+0x2758,OgreMain.dll,5,0.034,14699,20.0
fourteam_ai_postfix,12132,d3d11.dll!CreateDirect3D11DeviceFromDXGIDevice+0x9f257,d3d11.dll,5,0.034,14699,20.0
fourteam_ai_postfix,12132,battlezone98redux.exe!sub_46ae20,battlezone98redux.exe,5,0.034,14699,20.0
fourteam_ai_postfix,12132,OgreMain.dll!?isViewOutOfDate@Camera@Ogre@@MBE_NXZ+0x51a,OgreMain.dll,5,0.034,14699,20.0
fourteam_ai_postfix,12132,battlezone98redux.exe!sub_422f60,battlezone98redux.exe,5,0.034,14699,20.0
fourteam_ai_postfix,12132,OgreMain.dll!??1QueuedRenderableCollection@Ogre@@QAE@XZ+0xb16,OgreMain.dll,5,0.034,14699,20.0
fourteam_ai_postfix,12132,OgreMain.dll!?getLightDiffuseColourWithPower@AutoParamDataSource@Ogre@@UBE?BVColourValue@2@I@Z+0x43,OgreMain.dll,5,0.034,14699,20.0
fourteam_ai_postfix,12132,WINMM.dll@6ea10000!_except_handler4_noexcept+0x3e,WINMM.dll@6ea10000,5,0.034,14699,20.0
fourteam_ai_postfix,12132,MSVCR120.dll!floor+0x3e,MSVCR120.dll,5,0.034,14699,20.0
fourteam_ai_postfix,12132,OgreMain.dll!?_findNamedConstantDefinition@GpuProgramParameters@Ogre@@QBEPBUGpuConstantDefinition@2@ABV?$basic_string@DU?$char_traits@D@std@@V?$allocator@D@2@@std@@_N@Z+0x1a9,OgreMain.dll,5,0.034,14699,20.0
fourteam_ai_postfix,12132,WINMM.dll@6ea10000!BZROpenShim::`anonymous namespace'::RotateGenericChunkVector+0xb4,WINMM.dll@6ea10000,5,0.034,14699,20.0
fourteam_ai_postfix,12132,WINMM.dll@6ea10000!BZROpenShim::`anonymous namespace'::AppendGenericChunkBatchGeometry+0xc4,WINMM.dll@6ea10000,5,0.034,14699,20.0
fourteam_ai_postfix,12132,MSVCR120.dll!__libm_sse2_acosf+0x169,MSVCR120.dll,5,0.034,14699,20.0
fourteam_ai_postfix,12132,battlezone98redux.exe!sub_46cfe0,battlezone98redux.exe,5,0.034,14699,20.0
fourteam_ai_postfix,12132,OgreMain.dll!?isViewOutOfDate@Camera@Ogre@@MBE_NXZ+0x1bd,OgreMain.dll,5,0.034,14699,20.0
fourteam_ai_postfix,12132,OgreMain.dll!?_calcTempSquareDist@Light@Ogre@@QAEXABVVector3@2@@Z+0x30,OgreMain.dll,5,0.034,14699,20.0
fourteam_ai_postfix,12132,ntdll.dll!_RtlpLocalInfoAllocFromCache@8+0x9,ntdll.dll,5,0.034,14699,20.0
fourteam_ai_postfix,12132,OgreMain.dll!?waitForNextRequest@DefaultWorkQueue@Ogre@@MAEXXZ+0x11ce58,OgreMain.dll,5,0.034,14699,20.0
fourteam_ai_postfix,12132,ucrtbase.dll!_ceil+0xf,ucrtbase.dll,5,0.034,14699,20.0
fourteam_ai_postfix,12132,OgreMain.dll!?hasViewRelativeTextureCoordinateGeneration@TextureUnitState@Ogre@@QBE_NXZ+0x14,OgreMain.dll,5,0.034,14699,20.0
fourteam_ai_postfix,12132,OgreMain.dll!?ASin@Math@Ogre@@SA?AVRadian@2@M@Z+0x11,OgreMain.dll,5,0.034,14699,20.0
fourteam_ai_postfix,12132,OgreMain.dll!?angleBetween@Vector3@Ogre@@QBE?AVRadian@2@ABV12@@Z+0xc2,OgreMain.dll,5,0.034,14699,20.0
fourteam_ai_postfix,12132,OgreMain.dll!?waitForNextRequest@DefaultWorkQueue@Ogre@@MAEXXZ+0x11ce5e,OgreMain.dll,5,0.034,14699,20.0
fourteam_ai_postfix,12132,OgreMain.dll!?transpose@Matrix4@Ogre@@QBE?AV12@XZ+0x1c,OgreMain.dll,5,0.034,14699,20.0
fourteam_ai_postfix,12132,OgreMain.dll!?getWorldViewMatrix@AutoParamDataSource@Ogre@@UBEABVMatrix4@2@XZ+0x241,OgreMain.dll,5,0.034,14699,20.0
fourteam_ai_postfix,12132,WINMM.dll@6ea10000!BZROpenShim::`anonymous namespace'::AppendGenericChunkBatchGeometry+0x135,WINMM.dll@6ea10000,5,0.034,14699,20.0
fourteam_ai_postfix,12132,RenderSystem_Direct3D11.dll!?bindGpuProgramParameters@D3D11RenderSystem@Ogre@@UAEXW4GpuProgramType@2@V?$SharedPtr@VGpuProgramParameters@Ogre@@@2@G@Z+0x580,RenderSystem_Direct3D11.dll,5,0.034,14699,20.0
fourteam_ai_postfix,12132,MSVCR120.dll!__libm_sse2_asinf+0x78,MSVCR120.dll,5,0.034,14699,20.0
fourteam_ai_postfix,12132,OgreMain.dll!?acceptVisitorGrouped@QueuedRenderableCollection@Ogre@@IBEXPAVQueuedRenderableVisitor@2@@Z+0x25,OgreMain.dll,5,0.034,14699,20.0
fourteam_ai_postfix,12132,battlezone98redux.exe!sub_778450,battlezone98redux.exe,5,0.034,14699,20.0
fourteam_ai_postfix,12132,OgreMain.dll!?_updateBounds@SceneNode@Ogre@@UAEXXZ+0x268,OgreMain.dll,5,0.034,14699,20.0
fourteam_ai_postfix,12132,OgreMain.dll!?setVisible@MovableObject@Ogre@@UAEX_N@Z+0x25,OgreMain.dll,5,0.034,14699,20.0
fourteam_ai_postfix,12132,OgreMain.dll!?normalise@Vector3@Ogre@@QAEMXZ+0x42,OgreMain.dll,5,0.034,14699,20.0
fourteam_ai_postfix,12132,MSVCR120.dll!floor+0x9c,MSVCR120.dll,5,0.034,14699,20.0
fourteam_ai_postfix,12132,WINMM.dll@6ea10000!BZROpenShim::`anonymous namespace'::RotateGenericChunkVector+0x94,WINMM.dll@6ea10000,5,0.034,14699,20.0
fourteam_ai_postfix,12132,battlezone98redux.exe!sub_4513e0,battlezone98redux.exe,5,0.034,14699,20.0
fourteam_ai_postfix,12132,battlezone98redux.exe!sub_7783d0,battlezone98redux.exe,5,0.034,14699,20.0
fourteam_ai_postfix,12132,WINMM.dll@6ea10000!BZROpenShim::`anonymous namespace'::AppendGenericChunkBatchGeometry+0x13b,WINMM.dll@6ea10000,5,0.034,14699,20.0
fourteam_ai_postfix,12132,OgreMain.dll!?normal@ManualObject@Ogre@@UAEXMMM@Z+0x2e,OgreMain.dll,5,0.034,14699,20.0
fourteam_ai_postfix,12132,OgreMain.dll!?createTechnique@Material@Ogre@@QAEPAVTechnique@2@XZ+0xa1f,OgreMain.dll,5,0.034,14699,20.0
fourteam_ai_postfix,12132,battlezone98redux.exe!sub_44eea0,battlezone98redux.exe,5,0.034,14699,20.0
fourteam_ai_postfix,12132,battlezone98redux.exe!sub_442f40,battlezone98redux.exe,5,0.034,14699,20.0
fourteam_ai_postfix,12132,OgreMain.dll!?_findVisibleObjects@SceneNode@Ogre@@UAEXPAVCamera@2@PAVRenderQueue@2@PAUVisibleObjectsBoundsInfo@2@_N33@Z+0x20,OgreMain.dll,5,0.034,14699,20.0
fourteam_ai_postfix,12132,OgreMain.dll!?determinant@Matrix4@Ogre@@QBEMXZ+0xc3,OgreMain.dll,5,0.034,14699,20.0
fourteam_ai_postfix,12132,MSVCR120.dll!log2+0xe0,MSVCR120.dll,5,0.034,14699,20.0
fourteam_ai_postfix,12132,battlezone98redux.exe!sub_420f10,battlezone98redux.exe,5,0.034,14699,20.0
fourteam_ai_postfix,12132,OgreMain.dll!?determinant@Matrix4@Ogre@@QBEMXZ+0x129,OgreMain.dll,5,0.034,14699,20.0
fourteam_ai_postfix,12132,"WINMM.dll@6ea10000!std::_Hash<std::_Umap_traits<int,BZROpenShim::`anonymous namespace'::HudSpriteRectRecord,std::_Uhash_compare<int,std::hash<int>,std::equal_to<int> >,std::allocator<std::pair<int const ,BZROpenShim::`anonymous namespace'::HudSpriteRectRecord> >,0> >::erase+0x5c",WINMM.dll@6ea10000,5,0.034,14699,20.0
fourteam_ai_postfix,12132,OgreMain.dll!?isVisible@ShadowRenderable@Ogre@@UBE_NXZ+0x21f,OgreMain.dll,5,0.034,14699,20.0
fourteam_ai_postfix,12132,battlezone98redux.exe!sub_46acc0,battlezone98redux.exe,5,0.034,14699,20.0
fourteam_ai_postfix,12132,OgreMain.dll!?RealEqual@Math@Ogre@@SA_NMMM@Z+0x19,OgreMain.dll,5,0.034,14699,20.0
fourteam_ai_postfix,12132,battlezone98redux.exe!sub_44ef20,battlezone98redux.exe,5,0.034,14699,20.0
fourteam_ai_postfix,12132,MSVCR120.dll!__libm_sse2_acosf+0x104,MSVCR120.dll,5,0.034,14699,20.0
fourteam_ai_postfix,12132,OgreMain.dll!?getLight@AutoParamDataSource@Ogre@@IBEABVLight@2@I@Z+0x22,OgreMain.dll,5,0.034,14699,20.0
fourteam_ai_postfix,12132,ntdll.dll!_RtlpLocalInfoAllocFromCache@8+0x273,ntdll.dll,5,0.034,14699,20.0
fourteam_ai_postfix,12132,battlezone98redux.exe!sub_45bdf0,battlezone98redux.exe,5,0.034,14699,20.0
fourteam_ai_postfix,12132,battlezone98redux.exe!sub_44eef0,battlezone98redux.exe,5,0.034,14699,20.0
fourteam_ai_postfix,12132,OgreMain.dll!?_updateAutoParams@Pass@Ogre@@QBEXPBVAutoParamDataSource@2@G@Z+0x6a,OgreMain.dll,5,0.034,14699,20.0
fourteam_ai_postfix,12132,battlezone98redux.exe!sub_480f40,battlezone98redux.exe,5,0.034,14699,20.0
fourteam_ai_postfix,12132,battlezone98redux.exe!sub_4178b0,battlezone98redux.exe,5,0.034,14699,20.0
fourteam_ai_postfix,12132,nvwgf2um.dll!NVENCODEAPI_Thunk+0x21760e,nvwgf2um.dll,5,0.034,14699,20.0
fourteam_ai_postfix,12132,OgreMain.dll!?isVisible@Frustum@Ogre@@UBE_NABVAxisAlignedBox@2@PAW4FrustumPlane@2@@Z+0xb0,OgreMain.dll,5,0.034,14699,20.0
fourteam_ai_postfix,12132,battlezone98redux.exe!sub_8205a0,battlezone98redux.exe,5,0.034,14699,20.0
fourteam_ai_postfix,12132,OgreMain.dll!?_detectImplementation@OptimisedUtil@Ogre@@KAPAV12@XZ+0x44b7,OgreMain.dll,5,0.034,14699,20.0
fourteam_ai_postfix,12132,battlezone98redux.exe!sub_44efb0,battlezone98redux.exe,5,0.034,14699,20.0
fourteam_ai_postfix,12132,battlezone98redux.exe!sub_4d8e00,battlezone98redux.exe,5,0.034,14699,20.0
fourteam_ai_postfix,12132,KERNELBASE.dll!RaiseException+0x64,KERNELBASE.dll,5,0.034,14699,20.0
fourteam_ai_postfix,12132,battlezone98redux.exe!sub_4cab60,battlezone98redux.exe,5,0.034,14699,20.0
fourteam_ai_postfix,12132,battlezone98redux.exe!sub_41fc90,battlezone98redux.exe,5,0.034,14699,20.0
fourteam_ai_postfix,12132,MSVCR120.dll!wcschr+0xca,MSVCR120.dll,5,0.034,14699,20.0
fourteam_ai_postfix,12132,MSVCR120.dll!log2f+0x6,MSVCR120.dll,5,0.034,14699,20.0
fourteam_ai_postfix,12132,OgreMain.dll!?getWorldBoundingSphere@MovableObject@Ogre@@UBEABVSphere@2@_N@Z+0x4a,OgreMain.dll,5,0.034,14699,20.0
fourteam_ai_postfix,12132,OgreMain.dll!?_findNamedConstantDefinition@GpuProgramParameters@Ogre@@QBEPBUGpuConstantDefinition@2@ABV?$basic_string@DU?$char_traits@D@std@@V?$allocator@D@2@@std@@_N@Z+0xba,OgreMain.dll,5,0.034,14699,20.0
fourteam_ai_postfix,12132,battlezone98redux.exe!sub_68e600,battlezone98redux.exe,5,0.034,14699,20.0
fourteam_ai_postfix,12132,battlezone98redux.exe!sub_5d5810,battlezone98redux.exe,5,0.034,14699,20.0
fourteam_ai_postfix,12132,OgreMain.dll!?getBestTechnique@Material@Ogre@@QAEPAVTechnique@2@GPBVRenderable@2@@Z+0xf,OgreMain.dll,5,0.034,14699,20.0
fourteam_ai_postfix,12132,battlezone98redux.exe!sub_68d2f0,battlezone98redux.exe,5,0.034,14699,20.0
fourteam_ai_postfix,12132,OgreMain.dll!?_update@Node@Ogre@@UAEX_N0@Z+0x73,OgreMain.dll,5,0.034,14699,20.0
fourteam_ai_postfix,12132,battlezone98redux.exe!sub_67a150,battlezone98redux.exe,5,0.034,14699,20.0
fourteam_ai_postfix,12132,OgreMain.dll!?getTextureUnitStateIterator@Pass@Ogre@@QBE?AV?$ConstVectorIterator@V?$vector@PAVTextureUnitState@Ogre@@V?$STLAllocator@PAVTextureUnitState@Ogre@@V?$CategorisedAllocPolicy@$0A@@2@@2@@std@@@2@XZ+0x1a,OgreMain.dll,4,0.0272,14699,20.0
fourteam_ai_postfix,12132,OgreMain.dll!?touch@Resource@Ogre@@UAEXXZ+0x18,OgreMain.dll,4,0.0272,14699,20.0
fourteam_ai_postfix,12132,OgreMain.dll!?isInLightRange@Light@Ogre@@QBE_NABVSphere@2@@Z+0x3f,OgreMain.dll,4,0.0272,14699,20.0
fourteam_ai_postfix,12132,OgreMain.dll!?setVisible@MovableObject@Ogre@@UAEX_N@Z+0x2c,OgreMain.dll,4,0.0272,14699,20.0
fourteam_ai_postfix,12132,ntdll.dll!_RtlpLfhFindClearBitAndSet@16+0x96,ntdll.dll,4,0.0272,14699,20.0
fourteam_ai_postfix,12132,OgreMain.dll!??4GpuSharedParametersUsage@Ogre@@QAEAAV01@ABV01@@Z+0x27ae,OgreMain.dll,4,0.0272,14699,20.0
fourteam_ai_postfix,12132,battlezone98redux.exe!sub_67b990,battlezone98redux.exe,4,0.0272,14699,20.0
fourteam_ai_postfix,12132,OgreMain.dll+0x358eb,OgreMain.dll,4,0.0272,14699,20.0
fourteam_ai_postfix,12132,WINMM.dll@6ea10000!BZROpenShim::`anonymous namespace'::TryBuildOgreQuaternionFromLegacyTransform+0x174,WINMM.dll@6ea10000,4,0.0272,14699,20.0
fourteam_ai_postfix,12132,OgreMain.dll!?isInLightRange@Light@Ogre@@QBE_NABVSphere@2@@Z+0x14c,OgreMain.dll,4,0.0272,14699,20.0
fourteam_ai_postfix,12132,MSVCR120.dll!ceil+0x1ce,MSVCR120.dll,4,0.0272,14699,20.0
fourteam_ai_postfix,12132,ntdll.dll!_RtlAllocateHeap@12+0xa9,ntdll.dll,4,0.0272,14699,20.0
fourteam_ai_postfix,12132,WINMM.dll@6ea10000!BZROpenShim::`anonymous namespace'::TryBuildOgreQuaternionFromLegacyTransform+0x1e6,WINMM.dll@6ea10000,4,0.0272,14699,20.0
fourteam_ai_postfix,12132,battlezone98redux.exe!sub_479f30,battlezone98redux.exe,4,0.0272,14699,20.0
fourteam_ai_postfix,12132,OgreMain.dll!?_updateAutoParams@GpuProgramParameters@Ogre@@QAEXPBVAutoParamDataSource@2@G@Z+0x1,OgreMain.dll,4,0.0272,14699,20.0
fourteam_ai_postfix,12132,ntdll.dll!_RtlpAllocateNTHeapInternal@12+0xf6,ntdll.dll,4,0.0272,14699,20.0
fourteam_ai_postfix,12132,d3d11.dll!CreateDirect3D11DeviceFromDXGIDevice+0xa21cf,d3d11.dll,4,0.0272,14699,20.0
fourteam_ai_postfix,12132,d3d11.dll!CreateDirect3D11DeviceFromDXGIDevice+0xa20c1,d3d11.dll,4,0.0272,14699,20.0
fourteam_ai_postfix,12132,ucrtbase.dll!_ceil+0x1f,ucrtbase.dll,4,0.0272,14699,20.0
fourteam_ai_postfix,12132,ntdll.dll!_RtlpLfhFindClearBitAndSet@16+0xaf,ntdll.dll,4,0.0272,14699,20.0
fourteam_ai_postfix,12132,battlezone98redux.exe!sub_678779,battlezone98redux.exe,4,0.0272,14699,20.0
fourteam_ai_postfix,12132,ntdll.dll!_RtlpLocalInfoAllocFromCache@8+0x1c9,ntdll.dll,4,0.0272,14699,20.0
fourteam_ai_postfix,12132,battlezone98redux.exe!sub_442a90,battlezone98redux.exe,4,0.0272,14699,20.0
fourteam_ai_postfix,12132,RenderSystem_Direct3D11.dll!?getMonitorSequentialNumberFromSwapChain@MonitorInfo@Ogre@@QAEGPAUIDXGISwapChain@@_N@Z+0xdca,RenderSystem_Direct3D11.dll,4,0.0272,14699,20.0
fourteam_ai_postfix,12132,"WINMM.dll@6ea10000!std::_Hash<std::_Umap_traits<std::basic_string<char,std::char_traits<char>,std::allocator<char> >,bool,std::_Uhash_compare<std::basic_string<char,std::char_traits<char>,std::allocator<char> >,std::hash<std::basic_string<char,std::char_traits<char>,std::allocator<char> > >,std::equal_to<std::basic_string<char,std::char_traits<char>,std::allocator<char> > > >,std::allocator<std::pair<std::basic_string<char,std::char_traits<char>,std::allocator<char> > const ,bool> >,0> >::emplace<std::basic_string<char,std::char_traits<char>,std::allocator<char> > const &,bool &>+0x140",WINMM.dll@6ea10000,4,0.0272,14699,20.0
fourteam_ai_postfix,12132,OgreMain.dll!?queryLights@MovableObject@Ogre@@UBEABV?$HashedVector@PAVLight@Ogre@@@2@XZ+0xd,OgreMain.dll,4,0.0272,14699,20.0
fourteam_ai_postfix,12132,MSVCR120.dll!truncl+0x3a4e,MSVCR120.dll,4,0.0272,14699,20.0
fourteam_ai_postfix,12132,OgreMain.dll!?_getDerivedPosition@Node@Ogre@@UBEABVVector3@2@XZ+0x7,OgreMain.dll,4,0.0272,14699,20.0
fourteam_ai_postfix,12132,OgreMain.dll!?copyTempVertexToBuffer@ManualObject@Ogre@@MAEXXZ+0xbd,OgreMain.dll,4,0.0272,14699,20.0
fourteam_ai_postfix,12132,OgreMain.dll!?isInLightRange@Light@Ogre@@QBE_NABVSphere@2@@Z+0xc6,OgreMain.dll,4,0.0272,14699,20.0
fourteam_ai_postfix,12132,ntdll.dll!_ZwOpenThread@16+0xc,ntdll.dll,4,0.0272,14699,20.0
fourteam_ai_postfix,12132,OgreMain.dll!?getQueueGroup@RenderQueue@Ogre@@QAEPAVRenderQueueGroup@2@E@Z+0x43,OgreMain.dll,4,0.0272,14699,20.0
fourteam_ai_postfix,12132,OgreMain.dll!??4GpuSharedParametersUsage@Ogre@@QAEAAV01@ABV01@@Z+0x2795,OgreMain.dll,4,0.0272,14699,20.0
fourteam_ai_postfix,12132,OgreMain.dll+0x35774,OgreMain.dll,4,0.0272,14699,20.0
fourteam_ai_postfix,12132,ntdll.dll!_RtlpFreeNTHeapInternal@12+0x2df,ntdll.dll,4,0.0272,14699,20.0
fourteam_ai_postfix,12132,OgreMain.dll!?updateAnimation@Entity@Ogre@@IAEXXZ+0x10f,OgreMain.dll,4,0.0272,14699,20.0
fourteam_ai_postfix,12132,battlezone98redux.exe!sub_4221b0,battlezone98redux.exe,4,0.0272,14699,20.0
fourteam_ai_postfix,12132,OgreMain.dll!?_updateAutoParams@GpuProgramParameters@Ogre@@QAEXPBVAutoParamDataSource@2@G@Z+0x2031,OgreMain.dll,4,0.0272,14699,20.0
fourteam_ai_postfix,12132,ntdll.dll!_RtlpLocalInfoAllocFromCache@8+0x244,ntdll.dll,4,0.0272,14699,20.0
fourteam_ai_postfix,12132,RenderSystem_Direct3D11.dll!?lock@D3D11HardwareUniformBuffer@Ogre@@UAEPAXIIW4LockOptions@HardwareBuffer@2@W4UploadOptions@42@@Z+0x8,RenderSystem_Direct3D11.dll,4,0.0272,14699,20.0
fourteam_ai_postfix,12132,OgreMain.dll!?renderSingleObject@SceneManager@Ogre@@MAEXPAVRenderable@2@PBVPass@2@_N2PBV?$HashedVector@PAVLight@Ogre@@@2@@Z+0x247,OgreMain.dll,4,0.0272,14699,20.0
fourteam_ai_postfix,12132,battlezone98redux.exe!sub_417f60,battlezone98redux.exe,4,0.0272,14699,20.0
fourteam_ai_postfix,12132,OgreMain.dll!?ensureLoaded@TextureUnitState@Ogre@@IBEXI@Z+0x53,OgreMain.dll,4,0.0272,14699,20.0
fourteam_ai_postfix,12132,OgreMain.dll!?updatePoint@RotationalSpline@Ogre@@QAEXGABVQuaternion@2@@Z+0x9d4e,OgreMain.dll,4,0.0272,14699,20.0
fourteam_ai_postfix,12132,MSVCR120.dll!memcpy+0x14,MSVCR120.dll,4,0.0272,14699,20.0
fourteam_ai_postfix,12132,OgreMain.dll!?RealEqual@Math@Ogre@@SA_NMMM@Z+0xd,OgreMain.dll,4,0.0272,14699,20.0
fourteam_ai_postfix,12132,MSVCR120.dll!__libm_sse2_acosf+0x97,MSVCR120.dll,4,0.0272,14699,20.0
fourteam_ai_postfix,12132,d3d11.dll+0x2b527,d3d11.dll,4,0.0272,14699,20.0
fourteam_ai_postfix,12132,WINMM.dll@6ea10000!BZROpenShim::`anonymous namespace'::ProcessVisibleObjectHook+0x17,WINMM.dll@6ea10000,4,0.0272,14699,20.0
fourteam_ai_postfix,12132,OgreMain.dll!?merge@VisibleObjectsBoundsInfo@Ogre@@QAEXABVAxisAlignedBox@2@ABVSphere@2@PBVCamera@2@_N@Z+0x183,OgreMain.dll,4,0.0272,14699,20.0
fourteam_ai_postfix,12132,OgreMain.dll!?renderSingleObject@SceneManager@Ogre@@MAEXPAVRenderable@2@PBVPass@2@_N2PBV?$HashedVector@PAVLight@Ogre@@@2@@Z+0x64,OgreMain.dll,4,0.0272,14699,20.0
fourteam_ai_postfix,12132,ucrtbase.dll!__malloc_base+0x31,ucrtbase.dll,4,0.0272,14699,20.0
fourteam_ai_postfix,12132,battlezone98redux.exe!sub_68c560,battlezone98redux.exe,4,0.0272,14699,20.0
fourteam_ai_postfix,12132,OgreMain.dll!?angleBetween@Vector3@Ogre@@QBE?AVRadian@2@ABV12@@Z+0xd5,OgreMain.dll,4,0.0272,14699,20.0
fourteam_ai_postfix,12132,"WINMM.dll@6ea10000!std::_Hash<std::_Umap_traits<std::basic_string<char,std::char_traits<char>,std::allocator<char> >,std::vector<std::basic_string<char,std::char_traits<char>,std::allocator<char> >,std::allocator<std::basic_string<char,std::char_traits<char>,std::allocator<char> > > >,std::_Uhash_compare<std::basic_string<char,std::char_traits<char>,std::allocator<char> >,std::hash<std::basic_string<char,std::char_traits<char>,std::allocator<char> > >,std::equal_to<std::basic_string<char,std::char_traits<char>,std::allocator<char> > > >,std::allocator<std::pair<std::basic_string<char,std::char_traits<char>,std::allocator<char> > const ,std::vector<std::basic_string<char,std::char_traits<char>,std::allocator<char> >,std::allocator<std::basic_string<char,std::char_traits<char>,std::allocator<char> > > > > >,0> >::_Forced_rehash+0x159",WINMM.dll@6ea10000,4,0.0272,14699,20.0
fourteam_ai_postfix,12132,OgreMain.dll!?update@Light@Ogre@@MBEXXZ+0x132,OgreMain.dll,4,0.0272,14699,20.0
fourteam_ai_postfix,12132,battlezone98redux.exe!sub_462470,battlezone98redux.exe,4,0.0272,14699,20.0
fourteam_ai_postfix,12132,OgreMain.dll!?_writeRawConstant@GpuProgramParameters@Ogre@@QAEXIABVVector4@2@I@Z+0x18,OgreMain.dll,4,0.0272,14699,20.0
fourteam_ai_postfix,12132,OgreMain.dll!?_detectImplementation@OptimisedUtil@Ogre@@KAPAV12@XZ+0x4671,OgreMain.dll,4,0.0272,14699,20.0
fourteam_ai_postfix,12132,WINMM.dll@6ea10000!BZROpenShim::ChunkBatchInvalidation::SourceVersion::MixFloat+0x57,WINMM.dll@6ea10000,4,0.0272,14699,20.0
fourteam_ai_postfix,12132,OgreMain.dll!?angleBetween@Vector3@Ogre@@QBE?AVRadian@2@ABV12@@Z+0xcc,OgreMain.dll,4,0.0272,14699,20.0
fourteam_ai_postfix,12132,OgreMain.dll!?getSide@Plane@Ogre@@QBE?AW4Side@12@ABVVector3@2@0@Z+0x31,OgreMain.dll,4,0.0272,14699,20.0
fourteam_ai_postfix,12132,OgreMain.dll!?_updateBounds@SceneNode@Ogre@@UAEXXZ+0x235,OgreMain.dll,4,0.0272,14699,20.0
fourteam_ai_postfix,12132,WINMM.dll@6ea10000!BZROpenShim::ChunkBatchInvalidation::SourceVersion::MixFloat+0x1,WINMM.dll@6ea10000,4,0.0272,14699,20.0
fourteam_ai_postfix,12132,d3d11.dll!CreateDirect3D11DeviceFromDXGIDevice+0xa204b,d3d11.dll,4,0.0272,14699,20.0
fourteam_ai_postfix,12132,d3d11.dll!CreateDirect3D11DeviceFromDXGIDevice+0x9da45,d3d11.dll,4,0.0272,14699,20.0
fourteam_ai_postfix,12132,OgreMain.dll!?_issueRenderOp@SceneManager@Ogre@@UAEXPAVRenderable@2@PBVPass@2@@Z+0x76,OgreMain.dll,4,0.0272,14699,20.0
fourteam_ai_postfix,12132,OgreMain.dll!?isVisible@ShadowRenderable@Ogre@@UBE_NXZ+0x25a,OgreMain.dll,4,0.0272,14699,20.0
fourteam_ai_postfix,12132,OgreMain.dll!?getConstantDefinition@GpuProgramParameters@Ogre@@QBEABUGpuConstantDefinition@2@ABV?$basic_string@DU?$char_traits@D@std@@V?$allocator@D@2@@std@@@Z+0x35,OgreMain.dll,4,0.0272,14699,20.0
fourteam_ai_postfix,12132,ucrtbase.dll!__ldclass+0x2,ucrtbase.dll,4,0.0272,14699,20.0
fourteam_ai_postfix,12132,OgreMain.dll!?renderSingleObject@SceneManager@Ogre@@MAEXPAVRenderable@2@PBVPass@2@_N2PBV?$HashedVector@PAVLight@Ogre@@@2@@Z+0x122,OgreMain.dll,4,0.0272,14699,20.0
fourteam_ai_postfix,12132,OgreMain.dll+0x6c12,OgreMain.dll,4,0.0272,14699,20.0
fourteam_ai_postfix,12132,OgreMain.dll!??4GpuSharedParametersUsage@Ogre@@QAEAAV01@ABV01@@Z+0x27a4,OgreMain.dll,4,0.0272,14699,20.0
fourteam_ai_postfix,12132,OgreMain.dll!?_getFullTransform@Node@Ogre@@UBEABVMatrix4@2@XZ+0x1,OgreMain.dll,4,0.0272,14699,20.0
fourteam_ai_postfix,12132,battlezone98redux.exe!sub_438c10,battlezone98redux.exe,4,0.0272,14699,20.0
fourteam_ai_postfix,12132,OgreMain.dll+0x14b05,OgreMain.dll,4,0.0272,14699,20.0
fourteam_ai_postfix,12132,WINMM.dll@6ea10000!BZROpenShim::`anonymous namespace'::NormalizeChunkMeshBaseName+0x1e3,WINMM.dll@6ea10000,4,0.0272,14699,20.0
fourteam_ai_postfix,12132,OgreMain.dll+0x33460,OgreMain.dll,4,0.0272,14699,20.0
fourteam_ai_postfix,12132,OgreMain.dll!?angleBetween@Vector3@Ogre@@QBE?AVRadian@2@ABV12@@Z+0x1,OgreMain.dll,4,0.0272,14699,20.0
fourteam_ai_postfix,12132,ntdll.dll!_RtlpLocalInfoAllocFromCache@8+0x106,ntdll.dll,4,0.0272,14699,20.0
fourteam_ai_postfix,12132,ntdll.dll!_RtlGetCurrentServiceSessionId@0+0x6,ntdll.dll,4,0.0272,14699,20.0
fourteam_ai_postfix,12132,WINMM.dll@6ea10000!BZROpenShim::ChunkBatchInvalidation::SourceVersion::MixFloat+0x25,WINMM.dll@6ea10000,4,0.0272,14699,20.0
fourteam_ai_postfix,12132,OgreMain.dll!?normal@ManualObject@Ogre@@UAEXMMM@Z+0x17,OgreMain.dll,4,0.0272,14699,20.0
fourteam_ai_postfix,12132,battlezone98redux.exe!sub_583520,battlezone98redux.exe,4,0.0272,14699,20.0
fourteam_ai_postfix,12132,OgreMain.dll+0x13ba6,OgreMain.dll,4,0.0272,14699,20.0
fourteam_ai_postfix,12132,WINMM.dll@6ea10000!BZROpenShim::`anonymous namespace'::RotateGenericChunkVector+0x1,WINMM.dll@6ea10000,4,0.0272,14699,20.0
fourteam_ai_postfix,12132,WINMM.dll@6ea10000!_except_handler4_noexcept+0x25,WINMM.dll@6ea10000,4,0.0272,14699,20.0
fourteam_ai_postfix,12132,WINMM.dll@6ea10000!BZROpenShim::`anonymous namespace'::RotateGenericChunkVector+0x15,WINMM.dll@6ea10000,4,0.0272,14699,20.0
fourteam_ai_postfix,12132,battlezone98redux.exe!sub_5b2bd0,battlezone98redux.exe,4,0.0272,14699,20.0
fourteam_ai_postfix,12132,OgreMain.dll!?getSide@Plane@Ogre@@QBE?AW4Side@12@ABVVector3@2@0@Z+0x69,OgreMain.dll,4,0.0272,14699,20.0
fourteam_ai_postfix,12132,d3d11.dll!CreateDirect3D11DeviceFromDXGIDevice+0xa45e0,d3d11.dll,4,0.0272,14699,20.0
fourteam_ai_postfix,12132,OgreMain.dll!?visit@SceneMgrQueuedRenderableVisitor@SceneManager@Ogre@@UAEXPAVRenderable@3@@Z+0x16,OgreMain.dll,4,0.0272,14699,20.0
fourteam_ai_postfix,12132,OgreMain.dll!?isVisible@Frustum@Ogre@@UBE_NABVSphere@2@PAW4FrustumPlane@2@@Z+0x62,OgreMain.dll,4,0.0272,14699,20.0
fourteam_ai_postfix,12132,OgreMain.dll!?index@ManualObject@Ogre@@UAEXI@Z+0x136,OgreMain.dll,4,0.0272,14699,20.0
fourteam_ai_postfix,12132,OgreMain.dll!?createTechnique@Material@Ogre@@QAEPAVTechnique@2@XZ+0xaff,OgreMain.dll,4,0.0272,14699,20.0
fourteam_ai_postfix,12132,battlezone98redux.exe!sub_443060,battlezone98redux.exe,4,0.0272,14699,20.0
fourteam_ai_postfix,12132,OgreMain.dll!?getChildObjectsBoundingBox@Entity@Ogre@@QBE?AVAxisAlignedBox@2@XZ+0xfa,OgreMain.dll,4,0.0272,14699,20.0
fourteam_ai_postfix,12132,OgreMain.dll!?_findNamedConstantDefinition@GpuProgramParameters@Ogre@@QBEPBUGpuConstantDefinition@2@ABV?$basic_string@DU?$char_traits@D@std@@V?$allocator@D@2@@std@@_N@Z+0xfe,OgreMain.dll,4,0.0272,14699,20.0
fourteam_ai_postfix,12132,OgreMain.dll!?getGlobalInstanceVertexBufferVertexDeclaration@RenderSystem@Ogre@@QBEPAVVertexDeclaration@2@XZ,OgreMain.dll,4,0.0272,14699,20.0
fourteam_ai_postfix,12132,MSVCR120.dll!__libm_sse2_asinf+0x3e,MSVCR120.dll,4,0.0272,14699,20.0
fourteam_ai_postfix,12132,OgreMain.dll!?getConstantDefinition@GpuProgramParameters@Ogre@@QBEABUGpuConstantDefinition@2@ABV?$basic_string@DU?$char_traits@D@std@@V?$allocator@D@2@@std@@@Z+0x17,OgreMain.dll,4,0.0272,14699,20.0
fourteam_ai_postfix,12132,battlezone98redux.exe!sub_4a8ab0,battlezone98redux.exe,4,0.0272,14699,20.0
fourteam_ai_postfix,12132,ntdll.dll!_RtlLeaveCriticalSection@4+0x2e,ntdll.dll,4,0.0272,14699,20.0
fourteam_ai_postfix,12132,WINMM.dll@6ea10000!BZROpenShim::`anonymous namespace'::TrackChunkEffectActiveEntries+0x339,WINMM.dll@6ea10000,4,0.0272,14699,20.0
fourteam_ai_postfix,12132,OgreMain.dll!??RlightLess@SceneManager@Ogre@@QBE_NPBVLight@2@0@Z+0x1d,OgreMain.dll,4,0.0272,14699,20.0
fourteam_ai_postfix,12132,ucrtbase.dll!___ascii_stricmp+0x30,ucrtbase.dll,4,0.0272,14699,20.0
fourteam_ai_postfix,12132,nvwgf2um.dll!OpenAdapter10+0x72b10,nvwgf2um.dll,4,0.0272,14699,20.0
fourteam_ai_postfix,12132,RenderSystem_Direct3D11.dll!?getMonitorSequentialNumberFromSwapChain@MonitorInfo@Ogre@@QAEGPAUIDXGISwapChain@@_N@Z+0xf44,RenderSystem_Direct3D11.dll,4,0.0272,14699,20.0
fourteam_ai_postfix,12132,OgreMain.dll!?getType@Light@Ogre@@QBE?AW4LightTypes@12@XZ+0x6,OgreMain.dll,4,0.0272,14699,20.0
fourteam_ai_postfix,12132,RenderSystem_Direct3D11.dll!?getConstantBuffer@D3D11HLSLProgram@Ogre@@QAEPAUID3D11Buffer@@V?$SharedPtr@VGpuProgramParameters@Ogre@@@2@G@Z+0x9c,RenderSystem_Direct3D11.dll,4,0.0272,14699,20.0
fourteam_ai_postfix,12132,win32u.dll!_NtNotifyPresentToCompositionSurface@8+0xc,win32u.dll,4,0.0272,14699,20.0
fourteam_ai_postfix,12132,battlezone98redux.exe!sub_611270,battlezone98redux.exe,4,0.0272,14699,20.0
fourteam_ai_postfix,12132,d3d11.dll+0x35ec1,d3d11.dll,4,0.0272,14699,20.0
fourteam_ai_postfix,12132,RenderSystem_Direct3D11.dll!?_render@D3D11RenderSystem@Ogre@@UAEXABVRenderOperation@2@@Z+0x9a,RenderSystem_Direct3D11.dll,4,0.0272,14699,20.0
fourteam_ai_postfix,12132,battlezone98redux.exe!sub_4462d0,battlezone98redux.exe,4,0.0272,14699,20.0
fourteam_ai_postfix,12132,OgreMain.dll!?touchVertexBufferCopy@HardwareBufferManagerBase@Ogre@@UAEXABVHardwareVertexBufferSharedPtr@2@@Z+0x4b,OgreMain.dll,4,0.0272,14699,20.0
fourteam_ai_postfix,12132,OgreMain.dll!?FastHash@Ogre@@YAIPBDHI@Z+0x5a,OgreMain.dll,4,0.0272,14699,20.0
fourteam_ai_postfix,12132,battlezone98redux.exe!sub_5bc640,battlezone98redux.exe,4,0.0272,14699,20.0
fourteam_ai_postfix,12132,WINMM.dll@6ea10000!BZROpenShim::ChunkBatchInvalidation::SourceVersion::MixFloat+0x4e,WINMM.dll@6ea10000,4,0.0272,14699,20.0
fourteam_ai_postfix,12132,MSVCR120.dll!floor+0x10,MSVCR120.dll,4,0.0272,14699,20.0
fourteam_ai_postfix,12132,MSVCR120.dll!__libm_sse2_acosf+0xe4,MSVCR120.dll,4,0.0272,14699,20.0
fourteam_ai_postfix,12132,OgreMain.dll!?getContentType@TextureUnitState@Ogre@@QBE?AW4ContentType@12@XZ+0x6,OgreMain.dll,4,0.0272,14699,20.0
fourteam_ai_postfix,12132,OgreMain.dll!?_updateBounds@SceneNode@Ogre@@UAEXXZ+0x249,OgreMain.dll,4,0.0272,14699,20.0
fourteam_ai_postfix,12132,battlezone98redux.exe!sub_677a60,battlezone98redux.exe,4,0.0272,14699,20.0
fourteam_ai_postfix,12132,OgreMain.dll!?buildKeyFrameTimeList@Animation@Ogre@@IBEXXZ+0x6aa,OgreMain.dll,4,0.0272,14699,20.0
fourteam_ai_postfix,12132,battlezone98redux.exe!sub_462590,battlezone98redux.exe,4,0.0272,14699,20.0
fourteam_ai_postfix,12132,battlezone98redux.exe!sub_4db510,battlezone98redux.exe,4,0.0272,14699,20.0
fourteam_ai_postfix,12132,battlezone98redux.exe!sub_4db800,battlezone98redux.exe,4,0.0272,14699,20.0
fourteam_ai_postfix,12132,OgreMain.dll!?updateGpuProgramParameters@SceneManager@Ogre@@MAEXPBVPass@2@@Z+0x7,OgreMain.dll,4,0.0272,14699,20.0
fourteam_ai_postfix,12132,OgreMain.dll!?_detectImplementation@OptimisedUtil@Ogre@@KAPAV12@XZ+0x4581,OgreMain.dll,4,0.0272,14699,20.0
fourteam_ai_postfix,12132,battlezone98redux.exe!size,battlezone98redux.exe,4,0.0272,14699,20.0
fourteam_ai_postfix,12132,battlezone98redux.exe!sub_67a630,battlezone98redux.exe,4,0.0272,14699,20.0
fourteam_ai_postfix,12132,RenderSystem_Direct3D11.dll!?unlockImpl@D3D11HardwareBuffer@Ogre@@MAEXXZ+0x50,RenderSystem_Direct3D11.dll,4,0.0272,14699,20.0
fourteam_ai_postfix,12132,battlezone98redux.exe!sub_5c1b30,battlezone98redux.exe,4,0.0272,14699,20.0
fourteam_ai_postfix,12132,MSVCR120.dll!__libm_sse2_asinf+0x1f0,MSVCR120.dll,4,0.0272,14699,20.0
fourteam_ai_postfix,12132,OgreMain.dll!?isVisible@ShadowRenderable@Ogre@@UBE_NXZ+0x21c,OgreMain.dll,4,0.0272,14699,20.0
fourteam_ai_postfix,12132,battlezone98redux.exe!sub_604130,battlezone98redux.exe,4,0.0272,14699,20.0
fourteam_ai_postfix,12132,OgreMain.dll!?_setPass@SceneManager@Ogre@@UAEPBVPass@2@PBV32@_N1@Z+0x100,OgreMain.dll,4,0.0272,14699,20.0
fourteam_ai_postfix,12132,battlezone98redux.exe!Getal,battlezone98redux.exe,4,0.0272,14699,20.0
fourteam_ai_postfix,12132,d3d11.dll!D3D11CoreCreateDevice+0x11b02,d3d11.dll,4,0.0272,14699,20.0
fourteam_ai_postfix,12132,nvwgf2um.dll!SetDependencyInfo+0x54d17,nvwgf2um.dll,4,0.0272,14699,20.0
fourteam_ai_postfix,12132,battlezone98redux.exe!sub_67a110,battlezone98redux.exe,4,0.0272,14699,20.0
fourteam_ai_postfix,12132,OgreMain.dll!?isFloat@GpuConstantDefinition@Ogre@@SA_NW4GpuConstantType@2@@Z,OgreMain.dll,4,0.0272,14699,20.0
fourteam_ai_postfix,12132,OgreMain.dll!??4GpuSharedParametersUsage@Ogre@@QAEAAV01@ABV01@@Z+0x2723,OgreMain.dll,4,0.0272,14699,20.0
fourteam_ai_postfix,12132,WINMM.dll@6ea10000!BZROpenShim::OgreProfilerAlgorithms::QuantizeDynamicAlphaDepthKey+0x6,WINMM.dll@6ea10000,4,0.0272,14699,20.0
fourteam_ai_postfix,12132,battlezone98redux.exe!sub_68d570,battlezone98redux.exe,4,0.0272,14699,20.0
fourteam_ai_postfix,12132,OgreMain.dll!?_update@Node@Ogre@@UAEX_N0@Z+0x6a,OgreMain.dll,4,0.0272,14699,20.0
fourteam_ai_postfix,12132,MSVCR120.dll!log2+0x86,MSVCR120.dll,4,0.0272,14699,20.0
fourteam_ai_postfix,12132,battlezone98redux.exe!sub_7816d0,battlezone98redux.exe,4,0.0272,14699,20.0
fourteam_ai_postfix,12132,battlezone98redux.exe!sub_44b030,battlezone98redux.exe,4,0.0272,14699,20.0
fourteam_ai_postfix,12132,battlezone98redux.exe!sub_68d690,battlezone98redux.exe,4,0.0272,14699,20.0
fourteam_ai_postfix,12132,OgreMain.dll!?getBestTechnique@Material@Ogre@@QAEPAVTechnique@2@GPBVRenderable@2@@Z+0x7c,OgreMain.dll,3,0.0204,14699,20.0
fourteam_ai_postfix,12132,OgreMain.dll!?_detectImplementation@OptimisedUtil@Ogre@@KAPAV12@XZ+0x46e9,OgreMain.dll,3,0.0204,14699,20.0
fourteam_ai_postfix,12132,WINMM.dll@6ea10000!BZROpenShim::`anonymous namespace'::RotateGenericChunkVector+0x39,WINMM.dll@6ea10000,3,0.0204,14699,20.0
fourteam_ai_postfix,12132,battlezone98redux.exe!sub_614dd0,battlezone98redux.exe,3,0.0204,14699,20.0
fourteam_ai_postfix,12132,OgreMain.dll!?getRenderOperation@ManualObjectSection@ManualObject@Ogre@@QAEPAVRenderOperation@3@XZ+0x3,OgreMain.dll,3,0.0204,14699,20.0
fourteam_ai_postfix,12132,OgreMain.dll!?angleBetween@Vector3@Ogre@@QBE?AVRadian@2@ABV12@@Z+0xb3,OgreMain.dll,3,0.0204,14699,20.0
fourteam_ai_postfix,12132,OgreMain.dll+0x2bbc0,OgreMain.dll,3,0.0204,14699,20.0
fourteam_ai_postfix,12132,WINMM.dll@6ea10000!fabsf+0x9,WINMM.dll@6ea10000,3,0.0204,14699,20.0
fourteam_ai_postfix,12132,OgreMain.dll!?ACos@Math@Ogre@@SA?AVRadian@2@M@Z+0x1e,OgreMain.dll,3,0.0204,14699,20.0
fourteam_ai_postfix,12132,OgreMain.dll!??RlightLess@SceneManager@Ogre@@QBE_NPBVLight@2@0@Z+0x1,OgreMain.dll,3,0.0204,14699,20.0
fourteam_ai_postfix,12132,ntdll.dll!_RtlAnsiCharToUnicodeChar@4+0x9d,ntdll.dll,3,0.0204,14699,20.0
fourteam_ai_postfix,12132,OgreMain.dll!?getBestTechnique@Material@Ogre@@QAEPAVTechnique@2@GPBVRenderable@2@@Z+0x27,OgreMain.dll,3,0.0204,14699,20.0
fourteam_ai_postfix,12132,RenderSystem_Direct3D11.dll!?getMonitorSequentialNumberFromSwapChain@MonitorInfo@Ogre@@QAEGPAUIDXGISwapChain@@_N@Z+0x2f08,RenderSystem_Direct3D11.dll,3,0.0204,14699,20.0
fourteam_ai_postfix,12132,OgreMain.dll!??4GpuSharedParametersUsage@Ogre@@QAEAAV01@ABV01@@Z+0x2727,OgreMain.dll,3,0.0204,14699,20.0
fourteam_ai_postfix,12132,RenderSystem_Direct3D11.dll!?_setTexture@D3D11RenderSystem@Ogre@@UAEXI_NABV?$SharedPtr@VTexture@Ogre@@@2@@Z+0xeb,RenderSystem_Direct3D11.dll,3,0.0204,14699,20.0
fourteam_ai_postfix,12132,WINMM.dll@6ea10000!BZROpenShim::`anonymous namespace'::TryGetEntityMesh+0x3a,WINMM.dll@6ea10000,3,0.0204,14699,20.0
fourteam_ai_postfix,12132,RenderSystem_Direct3D11.dll!?getMonitorSequentialNumberFromSwapChain@MonitorInfo@Ogre@@QAEGPAUIDXGISwapChain@@_N@Z+0x27cf,RenderSystem_Direct3D11.dll,3,0.0204,14699,20.0
fourteam_ai_postfix,12132,OgreMain.dll!?index@ManualObject@Ogre@@UAEXI@Z+0x1c,OgreMain.dll,3,0.0204,14699,20.0
fourteam_ai_postfix,12132,nvwgf2um.dll!SetDependencyInfo+0x4b30d,nvwgf2um.dll,3,0.0204,14699,20.0
fourteam_ai_postfix,12132,OgreMain.dll!?inverseAffine@Matrix4@Ogre@@QBE?AV12@XZ+0x1c6,OgreMain.dll,3,0.0204,14699,20.0
fourteam_ai_postfix,12132,WINMM.dll@6ea10000!BZROpenShim::`anonymous namespace'::AppendGenericChunkBatchGeometry+0x129,WINMM.dll@6ea10000,3,0.0204,14699,20.0
fourteam_ai_postfix,12132,d3d11.dll!CreateDirect3D11DeviceFromDXGIDevice+0x9f8a2,d3d11.dll,3,0.0204,14699,20.0
fourteam_ai_postfix,12132,OgreMain.dll!?normalise@Vector3@Ogre@@QAEMXZ+0x33,OgreMain.dll,3,0.0204,14699,20.0
fourteam_ai_postfix,12132,OgreMain.dll!?_updateBounds@SceneNode@Ogre@@UAEXXZ+0x238,OgreMain.dll,3,0.0204,14699,20.0
fourteam_ai_postfix,12132,nvwgf2um.dll!OpenAdapter10+0x72070,nvwgf2um.dll,3,0.0204,14699,20.0
fourteam_ai_postfix,12132,OgreMain.dll!?normal@ManualObject@Ogre@@UAEXMMM@Z+0x121,OgreMain.dll,3,0.0204,14699,20.0
fourteam_ai_postfix,12132,OgreMain.dll!?getWorldViewProjMatrix@AutoParamDataSource@Ogre@@UBEABVMatrix4@2@XZ+0x38a,OgreMain.dll,3,0.0204,14699,20.0
fourteam_ai_postfix,12132,OgreMain.dll+0x1d354,OgreMain.dll,3,0.0204,14699,20.0
fourteam_ai_postfix,12132,OgreMain.dll!?updatePoint@RotationalSpline@Ogre@@QAEXGABVQuaternion@2@@Z+0x9e40,OgreMain.dll,3,0.0204,14699,20.0
fourteam_ai_postfix,12132,WINMM.dll@6ea10000!BZROpenShim::ChunkBatchInvalidation::SourceVersion::MixFloat+0x70,WINMM.dll@6ea10000,3,0.0204,14699,20.0
fourteam_ai_postfix,12132,OgreMain.dll!?tangent@ManualObject@Ogre@@UAEXMMM@Z+0x17,OgreMain.dll,3,0.0204,14699,20.0
fourteam_ai_postfix,12132,ntdll.dll!RtlpLocateActivationContextSection+0x28,ntdll.dll,3,0.0204,14699,20.0
fourteam_ai_postfix,12132,OgreMain.dll!?getDerivedPosition@Light@Ogre@@QBEABVVector3@2@_N@Z,OgreMain.dll,3,0.0204,14699,20.0
fourteam_ai_postfix,12132,OgreMain.dll!?isInLightRange@Light@Ogre@@QBE_NABVSphere@2@@Z+0x130,OgreMain.dll,3,0.0204,14699,20.0
fourteam_ai_postfix,12132,ucrtbase.dll!_tolower+0x2,ucrtbase.dll,3,0.0204,14699,20.0
fourteam_ai_postfix,12132,OgreMain.dll!?getWorldViewMatrix@AutoParamDataSource@Ogre@@UBEABVMatrix4@2@XZ+0x22f,OgreMain.dll,3,0.0204,14699,20.0
fourteam_ai_postfix,12132,battlezone98redux.exe!sub_62d370,battlezone98redux.exe,3,0.0204,14699,20.0
fourteam_ai_postfix,12132,OgreMain.dll!?getLodIndex@Material@Ogre@@QBEGM@Z+0x24,OgreMain.dll,3,0.0204,14699,20.0
fourteam_ai_postfix,12132,ntdll.dll!_RtlpLfhFindClearBitAndSet@16+0x11,ntdll.dll,3,0.0204,14699,20.0
fourteam_ai_postfix,12132,OgreMain.dll!?lock@HardwareBuffer@Ogre@@UAEPAXIIW4LockOptions@12@W4UploadOptions@12@@Z+0x107,OgreMain.dll,3,0.0204,14699,20.0
fourteam_ai_postfix,12132,battlezone98redux.exe!sub_689d10,battlezone98redux.exe,3,0.0204,14699,20.0
fourteam_ai_postfix,12132,OgreMain.dll!?position@ManualObject@Ogre@@UAEXMMM@Z+0x18f,OgreMain.dll,3,0.0204,14699,20.0
fourteam_ai_postfix,12132,OgreMain.dll!?_populateLightList@SceneManager@Ogre@@UAEXABVVector3@2@MAAV?$HashedVector@PAVLight@Ogre@@@2@I@Z+0x16a,OgreMain.dll,3,0.0204,14699,20.0
fourteam_ai_postfix,12132,OgreMain.dll!?_writeRawConstant@GpuProgramParameters@Ogre@@QAEXIABVVector4@2@I@Z,OgreMain.dll,3,0.0204,14699,20.0
fourteam_ai_postfix,12132,d3d11.dll+0x2b4ff,d3d11.dll,3,0.0204,14699,20.0
fourteam_ai_postfix,12132,OgreMain.dll!?getBestTechnique@Material@Ogre@@QAEPAVTechnique@2@GPBVRenderable@2@@Z+0x4f,OgreMain.dll,3,0.0204,14699,20.0
fourteam_ai_postfix,12132,d3d11.dll!CreateDirect3D11DeviceFromDXGIDevice+0x9f9db,d3d11.dll,3,0.0204,14699,20.0
fourteam_ai_postfix,12132,OgreMain.dll+0x22a16,OgreMain.dll,3,0.0204,14699,20.0
fourteam_ai_postfix,12132,battlezone98redux.exe!sub_62d200,battlezone98redux.exe,3,0.0204,14699,20.0
fourteam_ai_postfix,12132,ntdll.dll!_RtlpGetThreadAffinityIndex@8+0x12,ntdll.dll,3,0.0204,14699,20.0
fourteam_ai_postfix,12132,OgreMain.dll!?isInLightRange@Light@Ogre@@QBE_NABVSphere@2@@Z+0x70,OgreMain.dll,3,0.0204,14699,20.0
fourteam_ai_postfix,12132,battlezone98redux.exe!sub_4c0fe0,battlezone98redux.exe,3,0.0204,14699,20.0
fourteam_ai_postfix,12132,d3d11.dll!CreateDirect3D11DeviceFromDXGIDevice+0xbc59b,d3d11.dll,3,0.0204,14699,20.0
fourteam_ai_postfix,12132,OgreMain.dll!?position@ManualObject@Ogre@@UAEXMMM@Z+0x17,OgreMain.dll,3,0.0204,14699,20.0
fourteam_ai_postfix,12132,ntdll.dll!_RtlpFreeNTHeapInternal@12+0x22d,ntdll.dll,3,0.0204,14699,20.0
fourteam_ai_postfix,12132,ucrtbase.dll!__free_base+0x1b,ucrtbase.dll,3,0.0204,14699,20.0
fourteam_ai_postfix,12132,OgreMain.dll!?getIndexAscending@LodStrategy@Ogre@@KAGMABV?$vector@MV?$STLAllocator@MV?$CategorisedAllocPolicy@$0A@@Ogre@@@Ogre@@@std@@@Z+0x24,OgreMain.dll,3,0.0204,14699,20.0
fourteam_ai_postfix,12132,OgreMain.dll!?buffersCheckedOut@TempBlendedBufferInfo@Ogre@@QBE_N_N0@Z+0x32,OgreMain.dll,3,0.0204,14699,20.0
fourteam_ai_postfix,12132,OgreMain.dll!?getReceivesShadows@MovableObject@Ogre@@QAE_NXZ+0xa,OgreMain.dll,3,0.0204,14699,20.0
fourteam_ai_postfix,12132,MSVCR120.dll!__libm_sse2_acosf+0x26,MSVCR120.dll,3,0.0204,14699,20.0
fourteam_ai_postfix,12132,OgreMain.dll+0x1bdb5,OgreMain.dll,3,0.0204,14699,20.0
fourteam_ai_postfix,12132,nvwgf2um.dll!NVENCODEAPI_Thunk+0x68f53,nvwgf2um.dll,3,0.0204,14699,20.0
fourteam_ai_postfix,12132,battlezone98redux.exe!sub_822970,battlezone98redux.exe,3,0.0204,14699,20.0
fourteam_ai_postfix,12132,OgreMain.dll!?normalise@Vector3@Ogre@@QAEMXZ+0x10,OgreMain.dll,3,0.0204,14699,20.0
fourteam_ai_postfix,12132,OgreMain.dll!?index@ManualObject@Ogre@@UAEXI@Z+0x14c,OgreMain.dll,3,0.0204,14699,20.0
fourteam_ai_postfix,12132,battlezone98redux.exe!sub_62be60,battlezone98redux.exe,3,0.0204,14699,20.0
fourteam_ai_postfix,12132,OgreMain.dll!?copyTempVertexToBuffer@ManualObject@Ogre@@MAEXXZ+0xb,OgreMain.dll,3,0.0204,14699,20.0
fourteam_ai_postfix,12132,battlezone98redux.exe!sub_5fed30,battlezone98redux.exe,3,0.0204,14699,20.0
fourteam_ai_postfix,12132,MSVCR120.dll!ceil+0x1b6,MSVCR120.dll,3,0.0204,14699,20.0
fourteam_ai_postfix,12132,battlezone98redux.exe!sub_5fa6e0,battlezone98redux.exe,3,0.0204,14699,20.0
fourteam_ai_postfix,12132,OgreMain.dll!?getSquaredViewDepth@Node@Ogre@@UBEMPBVCamera@2@@Z+0x55,OgreMain.dll,3,0.0204,14699,20.0
fourteam_ai_postfix,12132,nvwgf2um.dll!NVENCODEAPI_Thunk+0x2175d5,nvwgf2um.dll,3,0.0204,14699,20.0
fourteam_ai_postfix,12132,RenderSystem_Direct3D11.dll!?_render@D3D11RenderSystem@Ogre@@UAEXABVRenderOperation@2@@Z+0x1961,RenderSystem_Direct3D11.dll,3,0.0204,14699,20.0
fourteam_ai_postfix,12132,WINMM.dll@6ea10000!BZROpenShim::`anonymous namespace'::AppendGenericChunkBatchGeometry+0x168,WINMM.dll@6ea10000,3,0.0204,14699,20.0
fourteam_ai_postfix,12132,ucrtbase.dll!__fdclass+0xb,ucrtbase.dll,3,0.0204,14699,20.0
fourteam_ai_postfix,12132,ntdll.dll!_RtlFreeHeap@12+0x1b,ntdll.dll,3,0.0204,14699,20.0
fourteam_ai_postfix,12132,OgreMain.dll!?_updateAutoParams@GpuProgramParameters@Ogre@@QAEXPBVAutoParamDataSource@2@G@Z+0x1246,OgreMain.dll,3,0.0204,14699,20.0
fourteam_ai_postfix,12132,OgreMain.dll!?lock@HardwareBuffer@Ogre@@QAEPAXW4LockOptions@12@W4UploadOptions@12@@Z+0x14,OgreMain.dll,3,0.0204,14699,20.0
fourteam_ai_postfix,12132,OgreMain.dll!?getWorldTransforms@SubEntity@Ogre@@UBEXPAVMatrix4@2@@Z+0xd4,OgreMain.dll,3,0.0204,14699,20.0
fourteam_ai_postfix,12132,RenderSystem_Direct3D11.dll+0x2554,RenderSystem_Direct3D11.dll,3,0.0204,14699,20.0
fourteam_ai_postfix,12132,battlezone98redux.exe!sub_449be0,battlezone98redux.exe,3,0.0204,14699,20.0
fourteam_ai_postfix,12132,OgreMain.dll!?getSide@Plane@Ogre@@QBE?AW4Side@12@ABVVector3@2@0@Z+0x6c,OgreMain.dll,3,0.0204,14699,20.0
fourteam_ai_postfix,12132,d3d11.dll+0x35ece,d3d11.dll,3,0.0204,14699,20.0
fourteam_ai_postfix,12132,OgreMain.dll+0x2865a,OgreMain.dll,3,0.0204,14699,20.0
fourteam_ai_postfix,12132,MSVCR120.dll!__libm_sse2_asinf+0x21c,MSVCR120.dll,3,0.0204,14699,20.0
fourteam_ai_postfix,12132,OgreMain.dll!?getLight@AutoParamDataSource@Ogre@@IBEABVLight@2@I@Z+0x19,OgreMain.dll,3,0.0204,14699,20.0
fourteam_ai_postfix,12132,OgreMain.dll!?getWorldViewMatrix@AutoParamDataSource@Ogre@@UBEABVMatrix4@2@XZ+0x45,OgreMain.dll,3,0.0204,14699,20.0
fourteam_ai_postfix,12132,OgreMain.dll!?_findVisibleObjects@SceneNode@Ogre@@UAEXPAVCamera@2@PAVRenderQueue@2@PAUVisibleObjectsBoundsInfo@2@_N33@Z+0x8b,OgreMain.dll,3,0.0204,14699,20.0
fourteam_ai_postfix,12132,OgreMain.dll!?updatePassIterationRenderState@RenderSystem@Ogre@@IAE_NXZ+0x1,OgreMain.dll,3,0.0204,14699,20.0
fourteam_ai_postfix,12132,battlezone98redux.exe!sub_4976f0,battlezone98redux.exe,3,0.0204,14699,20.0
fourteam_ai_postfix,12132,OgreMain.dll!?index@ManualObject@Ogre@@UAEXI@Z+0x133,OgreMain.dll,3,0.0204,14699,20.0
fourteam_ai_postfix,12132,WINMM.dll@6ea10000!BZROpenShim::`anonymous namespace'::AppendGenericChunkBatchGeometry+0xaf,WINMM.dll@6ea10000,3,0.0204,14699,20.0
fourteam_ai_postfix,12132,WINMM.dll@6ea10000!BZROpenShim::`anonymous namespace'::TryReadChunkGeomIdentity+0x54,WINMM.dll@6ea10000,3,0.0204,14699,20.0
fourteam_ai_postfix,12132,MSVCR120.dll!__libm_sse2_acosf+0x18e,MSVCR120.dll,3,0.0204,14699,20.0
fourteam_ai_postfix,12132,d3d11.dll+0x35ed1,d3d11.dll,3,0.0204,14699,20.0
fourteam_ai_postfix,12132,nvwgf2um.dll!OpenAdapter10+0x72b11,nvwgf2um.dll,3,0.0204,14699,20.0
fourteam_ai_postfix,12132,OgreMain.dll!?getBoundingBox@Entity@Ogre@@UBEABVAxisAlignedBox@2@XZ+0x3d,OgreMain.dll,3,0.0204,14699,20.0
fourteam_ai_postfix,12132,WINMM.dll@6ea10000!BZROpenShim::`anonymous namespace'::AppendGenericChunkBatchGeometry+0xa9,WINMM.dll@6ea10000,3,0.0204,14699,20.0
fourteam_ai_postfix,12132,OgreMain.dll!?updateFrustum@Frustum@Ogre@@MBEXXZ+0xf,OgreMain.dll,3,0.0204,14699,20.0
fourteam_ai_postfix,12132,OgreMain.dll!??4GpuSharedParametersUsage@Ogre@@QAEAAV01@ABV01@@Z+0x278c,OgreMain.dll,3,0.0204,14699,20.0
fourteam_ai_postfix,12132,battlezone98redux.exe!sub_50b960,battlezone98redux.exe,3,0.0204,14699,20.0
fourteam_ai_postfix,12132,d3d11.dll!CreateDirect3D11DeviceFromDXGIDevice+0x9f9ea,d3d11.dll,3,0.0204,14699,20.0
fourteam_ai_postfix,12132,OgreMain.dll!??RlightsForShadowTextureLess@SceneManager@Ogre@@QBE_NPBVLight@2@0@Z+0x48,OgreMain.dll,3,0.0204,14699,20.0
fourteam_ai_postfix,12132,battlezone98redux.exe!sub_44b7d0,battlezone98redux.exe,3,0.0204,14699,20.0
fourteam_ai_postfix,12132,OgreMain.dll!??4GpuSharedParametersUsage@Ogre@@QAEAAV01@ABV01@@Z+0x2711,OgreMain.dll,3,0.0204,14699,20.0
fourteam_ai_postfix,12132,OgreMain.dll!?clone@Animation@Ogre@@QBEPAV12@ABV?$basic_string@DU?$char_traits@D@std@@V?$allocator@D@2@@std@@@Z+0x2e4,OgreMain.dll,3,0.0204,14699,20.0
fourteam_ai_postfix,12132,OgreMain.dll!?angleBetween@Vector3@Ogre@@QBE?AVRadian@2@ABV12@@Z+0x6e,OgreMain.dll,3,0.0204,14699,20.0
fourteam_ai_postfix,12132,battlezone98redux.exe!sub_453ea0,battlezone98redux.exe,3,0.0204,14699,20.0
fourteam_ai_postfix,12132,KERNEL32.DLL!HeapFree,KERNEL32.DLL,3,0.0204,14699,20.0
fourteam_ai_postfix,12132,OgreMain.dll!??1QueuedRenderableCollection@Ogre@@QAE@XZ+0xb09,OgreMain.dll,3,0.0204,14699,20.0
fourteam_ai_postfix,12132,OgreMain.dll!?_getRenderOperation@SubMesh@Ogre@@QAEXAAVRenderOperation@2@G@Z+0x2c,OgreMain.dll,3,0.0204,14699,20.0
fourteam_ai_postfix,12132,battlezone98redux.exe!sub_5b2c30,battlezone98redux.exe,3,0.0204,14699,20.0
fourteam_ai_postfix,12132,OgreMain.dll!??4GpuSharedParametersUsage@Ogre@@QAEAAV01@ABV01@@Z+0x2730,OgreMain.dll,3,0.0204,14699,20.0
fourteam_ai_postfix,12132,OgreMain.dll+0x3a468,OgreMain.dll,3,0.0204,14699,20.0
fourteam_ai_postfix,12132,RenderSystem_Direct3D11.dll!?setVertexBufferBinding@D3D11RenderSystem@Ogre@@UAEXPAVVertexBufferBinding@2@@Z+0x9f,RenderSystem_Direct3D11.dll,3,0.0204,14699,20.0
fourteam_ai_postfix,12132,nvwgf2um.dll!OpenAdapter10+0x72c10,nvwgf2um.dll,3,0.0204,14699,20.0
fourteam_ai_postfix,12132,OgreMain.dll!?updateGpuProgramParameters@SceneManager@Ogre@@MAEXPBVPass@2@@Z+0x62,OgreMain.dll,3,0.0204,14699,20.0
fourteam_ai_postfix,12132,ucrtbase.dll!___ascii_stricmp+0x11,ucrtbase.dll,3,0.0204,14699,20.0
fourteam_ai_postfix,12132,WINMM.dll@6ea10000!BZROpenShim::`anonymous namespace'::NormalizeChunkMeshBaseName+0x1a6,WINMM.dll@6ea10000,3,0.0204,14699,20.0
fourteam_ai_postfix,12132,KERNEL32.DLL!GetCurrentThreadId+0x6,KERNEL32.DLL,3,0.0204,14699,20.0
fourteam_ai_postfix,12132,OgreMain.dll!?_updateAutoParams@GpuProgramParameters@Ogre@@QAEXPBVAutoParamDataSource@2@G@Z+0x1bee,OgreMain.dll,3,0.0204,14699,20.0
fourteam_ai_postfix,12132,WINMM.dll@6ea10000!__scrt_initialize_onexit_tables+0xf,WINMM.dll@6ea10000,3,0.0204,14699,20.0
fourteam_ai_postfix,12132,MSVCR120.dll!__libm_sse2_asinf+0x210,MSVCR120.dll,3,0.0204,14699,20.0
fourteam_ai_postfix,12132,WINMM.dll@6ea10000!BZROpenShim::ChunkBatchInvalidation::SourceVersion::MixFloat+0x7,WINMM.dll@6ea10000,3,0.0204,14699,20.0
fourteam_ai_postfix,12132,ntdll.dll!_RtlpAllocateNTHeapInternal@12+0x10,ntdll.dll,3,0.0204,14699,20.0
fourteam_ai_postfix,12132,WINMM.dll@6ea10000!__scrt_dllmain_uninitialize_critical+0x9,WINMM.dll@6ea10000,3,0.0204,14699,20.0
fourteam_ai_postfix,12132,OgreMain.dll!?_getCurrentSceneManager@Root@Ogre@@QBEPAVSceneManager@2@XZ+0x50,OgreMain.dll,3,0.0204,14699,20.0
fourteam_ai_postfix,12132,WINMM.dll@6ea10000!BZROpenShim::`anonymous namespace'::UpdateChunkProxySlotPosition+0x669,WINMM.dll@6ea10000,3,0.0204,14699,20.0
fourteam_ai_postfix,12132,OgreMain.dll!?position@ManualObject@Ogre@@UAEXMMM@Z+0x1bb,OgreMain.dll,3,0.0204,14699,20.0
fourteam_ai_postfix,12132,"WINMM.dll@6ea10000!std::_Hash<std::_Umap_traits<int,BZROpenShim::`anonymous namespace'::HudSpriteRectRecord,std::_Uhash_compare<int,std::hash<int>,std::equal_to<int> >,std::allocator<std::pair<int const ,BZROpenShim::`anonymous namespace'::HudSpriteRectRecord> >,0> >::_Try_emplace<int const &>+0x32",WINMM.dll@6ea10000,3,0.0204,14699,20.0
fourteam_ai_postfix,12132,battlezone98redux.exe!sub_45acc0,battlezone98redux.exe,3,0.0204,14699,20.0
fourteam_ai_postfix,12132,MSVCR120.dll!log2+0xb4,MSVCR120.dll,3,0.0204,14699,20.0
fourteam_ai_postfix,12132,OgreMain.dll!?findLights@SceneNode@Ogre@@UBEXAAV?$HashedVector@PAVLight@Ogre@@@2@MI@Z+0x2a,OgreMain.dll,3,0.0204,14699,20.0
fourteam_ai_postfix,12132,OgreMain.dll!??RlightLess@SceneManager@Ogre@@QBE_NPBVLight@2@0@Z+0x6,OgreMain.dll,3,0.0204,14699,20.0
fourteam_ai_postfix,12132,WINMM.dll@6ea10000!BZROpenShim::`anonymous namespace'::AppendGenericChunkBatchGeometry+0x10a,WINMM.dll@6ea10000,3,0.0204,14699,20.0
fourteam_ai_postfix,12132,OgreMain.dll!?getAttenuationRange@Light@Ogre@@QBEMXZ+0x6,OgreMain.dll,3,0.0204,14699,20.0
fourteam_ai_postfix,12132,WINMM.dll@6ea10000!BZROpenShim::`anonymous namespace'::RebuildAndSubmitGenericChunkBatch+0x1ad,WINMM.dll@6ea10000,3,0.0204,14699,20.0
fourteam_ai_postfix,12132,OgreMain.dll!?getSide@Plane@Ogre@@QBE?AW4Side@12@ABVVector3@2@0@Z+0x4b,OgreMain.dll,3,0.0204,14699,20.0
fourteam_ai_postfix,12132,OgreMain.dll!?_setPass@SceneManager@Ogre@@UAEPBVPass@2@PBV32@_N1@Z+0x680,OgreMain.dll,3,0.0204,14699,20.0
fourteam_ai_postfix,12132,WINMM.dll@6ea10000!BZROpenShim::`anonymous namespace'::TryBuildOgreQuaternionFromLegacyTransform+0x356,WINMM.dll@6ea10000,3,0.0204,14699,20.0
fourteam_ai_postfix,12132,OgreMain.dll+0x24b36,OgreMain.dll,3,0.0204,14699,20.0
fourteam_ai_postfix,12132,RenderSystem_Direct3D11.dll!?_render@D3D11RenderSystem@Ogre@@UAEXABVRenderOperation@2@@Z+0x64b,RenderSystem_Direct3D11.dll,3,0.0204,14699,20.0
fourteam_ai_postfix,12132,ucrtbase.dll!_free+0x13,ucrtbase.dll,3,0.0204,14699,20.0
fourteam_ai_postfix,12132,"WINMM.dll@6ea10000!std::_Hash<std::_Umap_traits<int,BZROpenShim::`anonymous namespace'::HudSpriteRectRecord,std::_Uhash_compare<int,std::hash<int>,std::equal_to<int> >,std::allocator<std::pair<int const ,BZROpenShim::`anonymous namespace'::HudSpriteRectRecord> >,0> >::_Try_emplace<int const &>+0x52",WINMM.dll@6ea10000,3,0.0204,14699,20.0
fourteam_ai_postfix,12132,OgreMain.dll!?isViewOutOfDate@Camera@Ogre@@MBE_NXZ+0x18d,OgreMain.dll,3,0.0204,14699,20.0
fourteam_ai_postfix,12132,battlezone98redux.exe!sub_440210,battlezone98redux.exe,3,0.0204,14699,20.0
fourteam_ai_postfix,12132,d3d11.dll+0x30e83,d3d11.dll,3,0.0204,14699,20.0
fourteam_ai_postfix,12132,OgreMain.dll!?getConstantDefinition@GpuProgramParameters@Ogre@@QBEABUGpuConstantDefinition@2@ABV?$basic_string@DU?$char_traits@D@std@@V?$allocator@D@2@@std@@@Z+0xcf,OgreMain.dll,3,0.0204,14699,20.0
fourteam_ai_postfix,12132,battlezone98redux.exe!forward<>,battlezone98redux.exe,3,0.0204,14699,20.0
fourteam_ai_postfix,12132,d3d11.dll+0x27012,d3d11.dll,3,0.0204,14699,20.0
fourteam_ai_postfix,12132,OgreMain.dll!?getConstantDefinition@GpuProgramParameters@Ogre@@QBEABUGpuConstantDefinition@2@ABV?$basic_string@DU?$char_traits@D@std@@V?$allocator@D@2@@std@@@Z,OgreMain.dll,3,0.0204,14699,20.0
fourteam_ai_postfix,12132,OgreMain.dll!?copyTempVertexToBuffer@ManualObject@Ogre@@MAEXXZ+0x120,OgreMain.dll,3,0.0204,14699,20.0
fourteam_ai_postfix,12132,MSVCR120.dll!memcpy+0xa,MSVCR120.dll,3,0.0204,14699,20.0
fourteam_ai_postfix,12132,OgreMain.dll!?getSide@Plane@Ogre@@QBE?AW4Side@12@ABVVector3@2@0@Z+0x11,OgreMain.dll,3,0.0204,14699,20.0
fourteam_ai_postfix,12132,win32u.dll!_NtQueryCompositionSurfaceStatistics@8+0xc,win32u.dll,3,0.0204,14699,20.0
fourteam_ai_postfix,12132,OgreMain.dll!?getSourceBlendFactor@Pass@Ogre@@QBE?AW4SceneBlendFactor@2@XZ+0x3,OgreMain.dll,3,0.0204,14699,20.0
fourteam_ai_postfix,12132,OgreMain.dll!?getViewMatrix@AutoParamDataSource@Ogre@@UBEABVMatrix4@2@XZ+0x7c,OgreMain.dll,3,0.0204,14699,20.0
fourteam_ai_postfix,12132,d3d11.dll!CreateDirect3D11DeviceFromDXGIDevice+0x9d997,d3d11.dll,3,0.0204,14699,20.0
fourteam_ai_postfix,12132,ucrtbase.dll!_tolower+0xe2,ucrtbase.dll,3,0.0204,14699,20.0
fourteam_ai_postfix,12132,battlezone98redux.exe!sub_45d240,battlezone98redux.exe,3,0.0204,14699,20.0
fourteam_ai_postfix,12132,WINMM.dll@6ea10000!BZROpenShim::`anonymous namespace'::RotateGenericChunkVector+0x1e,WINMM.dll@6ea10000,3,0.0204,14699,20.0
fourteam_ai_postfix,12132,OgreMain.dll!?RealEqual@Math@Ogre@@SA_NMMM@Z+0x3,OgreMain.dll,3,0.0204,14699,20.0
fourteam_ai_postfix,12132,battlezone98redux.exe!sub_67a760,battlezone98redux.exe,3,0.0204,14699,20.0
fourteam_ai_postfix,12132,OgreMain.dll!?_updateAutoParams@Pass@Ogre@@QBEXPBVAutoParamDataSource@2@G@Z+0x46,OgreMain.dll,3,0.0204,14699,20.0
fourteam_ai_postfix,12132,OgreMain.dll!?index@ManualObject@Ogre@@UAEXI@Z+0x13c,OgreMain.dll,3,0.0204,14699,20.0
fourteam_ai_postfix,12132,OgreMain.dll!?_writeRawConstant@GpuProgramParameters@Ogre@@QAEXIABVVector4@2@I@Z+0x27,OgreMain.dll,3,0.0204,14699,20.0
fourteam_ai_postfix,12132,OgreMain.dll!?isFloat@GpuConstantDefinition@Ogre@@SA_NW4GpuConstantType@2@@Z+0x6,OgreMain.dll,3,0.0204,14699,20.0
fourteam_ai_postfix,12132,WINMM.dll@6ea10000!BZROpenShim::ChunkBatchInvalidation::SourceVersion::MixU32+0x6b,WINMM.dll@6ea10000,3,0.0204,14699,20.0
fourteam_ai_postfix,12132,OgreMain.dll!?_calcTempSquareDist@Light@Ogre@@QAEXABVVector3@2@@Z+0x3a,OgreMain.dll,3,0.0204,14699,20.0
fourteam_ai_postfix,12132,battlezone98redux.exe!sub_6809f0,battlezone98redux.exe,3,0.0204,14699,20.0
fourteam_ai_postfix,12132,OgreMain.dll!?hasViewRelativeTextureCoordinateGeneration@TextureUnitState@Ogre@@QBE_NXZ+0xe0,OgreMain.dll,3,0.0204,14699,20.0
fourteam_ai_postfix,12132,OgreMain.dll!?lock@HardwareBuffer@Ogre@@UAEPAXIIW4LockOptions@12@W4UploadOptions@12@@Z+0x191,OgreMain.dll,3,0.0204,14699,20.0
fourteam_ai_postfix,12132,OgreMain.dll!?updateGpuProgramParameters@SceneManager@Ogre@@MAEXPBVPass@2@@Z+0xcb,OgreMain.dll,3,0.0204,14699,20.0
fourteam_ai_postfix,12132,OgreMain.dll!?_writeRawConstants@GpuProgramParameters@Ogre@@QAEXIPBMI@Z+0x1c,OgreMain.dll,3,0.0204,14699,20.0
fourteam_ai_postfix,12132,OgreMain.dll!?ASin@Math@Ogre@@SA?AVRadian@2@M@Z+0x1e,OgreMain.dll,3,0.0204,14699,20.0
fourteam_ai_postfix,12132,OgreMain.dll!?getFragmentProgramParameters@Pass@Ogre@@QBE?AV?$SharedPtr@VGpuProgramParameters@Ogre@@@2@XZ+0x5b,OgreMain.dll,3,0.0204,14699,20.0
fourteam_ai_postfix,12132,WINMM.dll@6ea10000!_floor+0x1,WINMM.dll@6ea10000,3,0.0204,14699,20.0
fourteam_ai_postfix,12132,OgreMain.dll!?_findNamedConstantDefinition@GpuProgramParameters@Ogre@@QBEPBUGpuConstantDefinition@2@ABV?$basic_string@DU?$char_traits@D@std@@V?$allocator@D@2@@std@@_N@Z+0xb8,OgreMain.dll,3,0.0204,14699,20.0
fourteam_ai_postfix,12132,"WINMM.dll@6ea10000!std::_Hash<std::_Umap_traits<std::basic_string<char,std::char_traits<char>,std::allocator<char> >,bool,std::_Uhash_compare<std::basic_string<char,std::char_traits<char>,std::allocator<char> >,std::hash<std::basic_string<char,std::char_traits<char>,std::allocator<char> > >,std::equal_to<std::basic_string<char,std::char_traits<char>,std::allocator<char> > > >,std::allocator<std::pair<std::basic_string<char,std::char_traits<char>,std::allocator<char> > const ,bool> >,0> >::emplace<std::basic_string<char,std::char_traits<char>,std::allocator<char> > const &,bool &>+0x74",WINMM.dll@6ea10000,3,0.0204,14699,20.0
fourteam_ai_postfix,12132,WINMM.dll@6ea10000!BZROpenShim::`anonymous namespace'::AppendGenericChunkBatchGeometry+0xee,WINMM.dll@6ea10000,3,0.0204,14699,20.0
fourteam_ai_postfix,12132,nvwgf2um.dll!SetDependencyInfo+0x4b369,nvwgf2um.dll,3,0.0204,14699,20.0
fourteam_ai_postfix,12132,OgreMain.dll!?getDistance@Plane@Ogre@@QBEMABVVector3@2@@Z+0x1,OgreMain.dll,3,0.0204,14699,20.0
fourteam_ai_postfix,12132,OgreMain.dll!?setCurrentLightList@AutoParamDataSource@Ogre@@UAEXPBV?$HashedVector@PAVLight@Ogre@@@2@@Z+0x43,OgreMain.dll,3,0.0204,14699,20.0
fourteam_ai_postfix,12132,d3d11.dll!CreateDirect3D11DeviceFromDXGIDevice+0x9f9c1,d3d11.dll,3,0.0204,14699,20.0
fourteam_ai_postfix,12132,OgreMain.dll!?determinant@Matrix4@Ogre@@QBEMXZ+0x6,OgreMain.dll,3,0.0204,14699,20.0
fourteam_ai_postfix,12132,"WINMM.dll@6ea10000!std::_Hash<std::_Umap_traits<std::basic_string<char,std::char_traits<char>,std::allocator<char> >,bool,std::_Uhash_compare<std::basic_string<char,std::char_traits<char>,std::allocator<char> >,std::hash<std::basic_string<char,std::char_traits<char>,std::allocator<char> > >,std::equal_to<std::basic_string<char,std::char_traits<char>,std::allocator<char> > > >,std::allocator<std::pair<std::basic_string<char,std::char_traits<char>,std::allocator<char> > const ,bool> >,0> >::emplace<std::basic_string<char,std::char_traits<char>,std::allocator<char> > const &,bool &>+0x160",WINMM.dll@6ea10000,3,0.0204,14699,20.0
fourteam_ai_postfix,12132,OgreMain.dll!?getVertexProgramParameters@Pass@Ogre@@QBE?AV?$SharedPtr@VGpuProgramParameters@Ogre@@@2@XZ+0xff,OgreMain.dll,3,0.0204,14699,20.0
fourteam_ai_postfix,12132,d3d11.dll+0x30d77,d3d11.dll,3,0.0204,14699,20.0
fourteam_ai_postfix,12132,d3d11.dll+0x37583,d3d11.dll,3,0.0204,14699,20.0
fourteam_ai_postfix,12132,d3d11.dll!CreateDirect3D11DeviceFromDXGIDevice+0xa461e,d3d11.dll,3,0.0204,14699,20.0
fourteam_ai_postfix,12132,OgreMain.dll!?_detectImplementation@OptimisedUtil@Ogre@@KAPAV12@XZ+0x4517,OgreMain.dll,3,0.0204,14699,20.0
fourteam_ai_postfix,12132,OgreMain.dll!?_findNamedConstantDefinition@GpuProgramParameters@Ogre@@QBEPBUGpuConstantDefinition@2@ABV?$basic_string@DU?$char_traits@D@std@@V?$allocator@D@2@@std@@_N@Z+0x30,OgreMain.dll,3,0.0204,14699,20.0
fourteam_ai_postfix,12132,OgreMain.dll!?position@ManualObject@Ogre@@UAEXMMM@Z,OgreMain.dll,3,0.0204,14699,20.0
fourteam_ai_postfix,12132,OgreMain.dll!?updatePoint@RotationalSpline@Ogre@@QAEXGABVQuaternion@2@@Z+0x9d47,OgreMain.dll,3,0.0204,14699,20.0
fourteam_ai_postfix,12132,nvwgf2um.dll!SetDependencyInfo+0x4c42d,nvwgf2um.dll,3,0.0204,14699,20.0
fourteam_ai_postfix,12132,d3d11.dll!CreateDirect3D11DeviceFromDXGIDevice+0x9f73d,d3d11.dll,3,0.0204,14699,20.0
fourteam_ai_postfix,12132,battlezone98redux.exe!sub_4deaa0,battlezone98redux.exe,3,0.0204,14699,20.0
fourteam_ai_postfix,12132,OgreMain.dll!??4GpuSharedParametersUsage@Ogre@@QAEAAV01@ABV01@@Z+0x26f9,OgreMain.dll,3,0.0204,14699,20.0
fourteam_ai_postfix,12132,OgreMain.dll!?useRenderableViewProjMode@SceneManager@Ogre@@MAEXPBVRenderable@2@_N@Z+0x7a,OgreMain.dll,3,0.0204,14699,20.0
fourteam_ai_postfix,12132,battlezone98redux.exe!sub_449ce0,battlezone98redux.exe,3,0.0204,14699,20.0
fourteam_ai_postfix,12132,OgreMain.dll!?getProjectionMatrix@AutoParamDataSource@Ogre@@UBEABVMatrix4@2@XZ+0x9b,OgreMain.dll,3,0.0204,14699,20.0
fourteam_ai_postfix,12132,OgreMain.dll!?getSpecular@Pass@Ogre@@QBEABVColourValue@2@XZ+0x3,OgreMain.dll,3,0.0204,14699,20.0
fourteam_ai_postfix,12132,OgreMain.dll!?_updateAutoParams@GpuProgramParameters@Ogre@@QAEXPBVAutoParamDataSource@2@G@Z+0x1b5b,OgreMain.dll,3,0.0204,14699,20.0
fourteam_ai_postfix,12132,OgreMain.dll!?updateAnimation@Entity@Ogre@@IAEXXZ+0x11d,OgreMain.dll,3,0.0204,14699,20.0
fourteam_ai_postfix,12132,WINMM.dll@6ea10000!BZROpenShim::`anonymous namespace'::GetChunkPayloadStockResourceDirectory+0xf8,WINMM.dll@6ea10000,3,0.0204,14699,20.0
fourteam_ai_postfix,12132,OgreMain.dll+0x2f8e2,OgreMain.dll,3,0.0204,14699,20.0
fourteam_ai_postfix,12132,d3d11.dll!CreateDirect3D11DeviceFromDXGIDevice+0xbdb38,d3d11.dll,3,0.0204,14699,20.0
fourteam_ai_postfix,12132,RenderSystem_Direct3D11.dll!?lockImpl@D3D11HardwareBuffer@Ogre@@MAEPAXIIW4LockOptions@HardwareBuffer@2@@Z,RenderSystem_Direct3D11.dll,3,0.0204,14699,20.0
fourteam_ai_postfix,12132,OgreMain.dll!?_writeRawConstants@GpuProgramParameters@Ogre@@QAEXIPBMI@Z+0x17,OgreMain.dll,3,0.0204,14699,20.0
fourteam_ai_postfix,12132,d3d11.dll+0x2b4d8,d3d11.dll,3,0.0204,14699,20.0
fourteam_ai_postfix,12132,"WINMM.dll@6ea10000!std::vector<BZROpenShim::`anonymous namespace'::FlagCatalogEntry,std::allocator<BZROpenShim::`anonymous namespace'::FlagCatalogEntry> >::_Emplace_reallocate<BZROpenShim::`anonymous namespace'::FlagCatalogEntry>+0x4d",WINMM.dll@6ea10000,3,0.0204,14699,20.0
fourteam_ai_postfix,12132,WINMM.dll@6ea10000!ceilf+0xc,WINMM.dll@6ea10000,3,0.0204,14699,20.0
fourteam_ai_postfix,12132,OgreMain.dll!?_detectImplementation@OptimisedUtil@Ogre@@KAPAV12@XZ+0x447d,OgreMain.dll,3,0.0204,14699,20.0
fourteam_ai_postfix,12132,RenderSystem_Direct3D11.dll!?bindGpuProgramParameters@D3D11RenderSystem@Ogre@@UAEXW4GpuProgramType@2@V?$SharedPtr@VGpuProgramParameters@Ogre@@@2@G@Z+0x18e,RenderSystem_Direct3D11.dll,3,0.0204,14699,20.0
fourteam_ai_postfix,12132,RenderSystem_Direct3D11.dll!?getMonitorSequentialNumberFromSwapChain@MonitorInfo@Ogre@@QAEGPAUIDXGISwapChain@@_N@Z+0x2ac4,RenderSystem_Direct3D11.dll,3,0.0204,14699,20.0
fourteam_ai_postfix,12132,OgreMain.dll!?ensureLoaded@TextureUnitState@Ogre@@IBEXI@Z+0x1ef,OgreMain.dll,3,0.0204,14699,20.0
fourteam_ai_postfix,12132,ntdll.dll!_RtlAllocateHeap@12,ntdll.dll,3,0.0204,14699,20.0
fourteam_ai_postfix,12132,OgreMain.dll!?getInverseViewMatrix@AutoParamDataSource@Ogre@@UBEABVMatrix4@2@XZ+0x26,OgreMain.dll,3,0.0204,14699,20.0
fourteam_ai_postfix,12132,OgreMain.dll+0x10d11,OgreMain.dll,3,0.0204,14699,20.0
fourteam_ai_postfix,12132,OgreMain.dll!??4GpuSharedParametersUsage@Ogre@@QAEAAV01@ABV01@@Z+0x2735,OgreMain.dll,3,0.0204,14699,20.0
fourteam_ai_postfix,12132,ntdll.dll!_RtlpFreeNTHeapInternal@12+0x248,ntdll.dll,3,0.0204,14699,20.0
fourteam_ai_postfix,12132,OgreMain.dll!?getLightAttenuation@AutoParamDataSource@Ogre@@UBE?AVVector4@2@I@Z+0x3e,OgreMain.dll,3,0.0204,14699,20.0
fourteam_ai_postfix,12132,OgreMain.dll!?getKeyFramesAtTime@AnimationTrack@Ogre@@UBEMABVTimeIndex@2@PAPAVKeyFrame@2@1PAG@Z+0x2e,OgreMain.dll,3,0.0204,14699,20.0
fourteam_ai_postfix,12132,OgreMain.dll!?_updateAutoParams@GpuProgramParameters@Ogre@@QAEXPBVAutoParamDataSource@2@G@Z+0x3d,OgreMain.dll,3,0.0204,14699,20.0
fourteam_ai_postfix,12132,battlezone98redux.exe!sub_5c1850,battlezone98redux.exe,3,0.0204,14699,20.0
fourteam_ai_postfix,12132,OgreMain.dll!?isInLightRange@Light@Ogre@@QBE_NABVSphere@2@@Z+0x9f,OgreMain.dll,3,0.0204,14699,20.0
fourteam_ai_postfix,12132,battlezone98redux.exe!sub_45b050,battlezone98redux.exe,3,0.0204,14699,20.0
fourteam_ai_postfix,12132,OgreMain.dll!?addRenderable@RenderQueue@Ogre@@QAEXPAVRenderable@2@EG@Z+0x58,OgreMain.dll,3,0.0204,14699,20.0
fourteam_ai_postfix,12132,battlezone98redux.exe!sub_4ae300,battlezone98redux.exe,3,0.0204,14699,20.0
fourteam_ai_postfix,12132,OgreMain.dll!?prepareWorldGeometry@SceneManager@Ogre@@UAEXABV?$basic_string@DU?$char_traits@D@std@@V?$allocator@D@2@@std@@@Z+0x23a,OgreMain.dll,3,0.0204,14699,20.0
fourteam_ai_postfix,12132,battlezone98redux.exe!sub_4178f0,battlezone98redux.exe,3,0.0204,14699,20.0
fourteam_ai_postfix,12132,OgreMain.dll!?_detectImplementation@OptimisedUtil@Ogre@@KAPAV12@XZ+0x468a,OgreMain.dll,3,0.0204,14699,20.0
fourteam_ai_postfix,12132,ntdll.dll!_RtlFreeHeap@12,ntdll.dll,3,0.0204,14699,20.0
fourteam_ai_postfix,12132,WINMM.dll@6ea10000!BZROpenShim::`anonymous namespace'::AppendGenericChunkBatchGeometry+0x159,WINMM.dll@6ea10000,3,0.0204,14699,20.0
fourteam_ai_postfix,12132,OgreMain.dll!?findLightsAffectingFrustum@SceneManager@Ogre@@MAEXPBVCamera@2@@Z+0xfa,OgreMain.dll,3,0.0204,14699,20.0
fourteam_ai_postfix,12132,d3d11.dll!CreateDirect3D11DeviceFromDXGIDevice+0xbdaa1,d3d11.dll,3,0.0204,14699,20.0
fourteam_ai_postfix,12132,ucrtbase.dll!__ldclass+0x1b,ucrtbase.dll,3,0.0204,14699,20.0
fourteam_ai_postfix,12132,MSVCR120.dll!__libm_sse2_acosf+0x76,MSVCR120.dll,3,0.0204,14699,20.0
fourteam_ai_postfix,12132,ntdll.dll!_RtlpGetThreadAffinityIndex@8+0x3f,ntdll.dll,3,0.0204,14699,20.0
fourteam_ai_postfix,12132,WINMM.dll@6ea10000!BZROpenShim::OgreProfilerAlgorithms::QuantizeDynamicAlphaDepthKey+0x5f,WINMM.dll@6ea10000,3,0.0204,14699,20.0
fourteam_ai_postfix,12132,battlezone98redux.exe!sub_48f5e0,battlezone98redux.exe,3,0.0204,14699,20.0
fourteam_ai_postfix,12132,MSVCR120.dll!__libm_sse2_asinf+0x9c,MSVCR120.dll,3,0.0204,14699,20.0
fourteam_ai_postfix,12132,OgreMain.dll!?_updateAutoParams@GpuProgramParameters@Ogre@@QAEXPBVAutoParamDataSource@2@G@Z+0x1e6e,OgreMain.dll,3,0.0204,14699,20.0
fourteam_ai_postfix,12132,OgreMain.dll!?_updateAutoParams@GpuProgramParameters@Ogre@@QAEXPBVAutoParamDataSource@2@G@Z+0x1f08,OgreMain.dll,3,0.0204,14699,20.0
fourteam_ai_postfix,12132,RenderSystem_Direct3D11.dll!?getD3DIndexBuffer@D3D11HardwareIndexBuffer@Ogre@@QBEPAUID3D11Buffer@@XZ+0x6,RenderSystem_Direct3D11.dll,3,0.0204,14699,20.0
fourteam_ai_postfix,12132,OgreMain.dll!?merge@RenderPriorityGroup@Ogre@@QAEXPBV12@@Z+0xfb,OgreMain.dll,3,0.0204,14699,20.0
fourteam_ai_postfix,12132,MSVCR120.dll!wcschr+0xcd,MSVCR120.dll,3,0.0204,14699,20.0
fourteam_ai_postfix,12132,MSVCR120.dll!__libm_sse2_acosf+0x20b,MSVCR120.dll,3,0.0204,14699,20.0
fourteam_ai_postfix,12132,ucrtbase.dll!_isalnum+0x24,ucrtbase.dll,3,0.0204,14699,20.0
fourteam_ai_postfix,12132,RenderSystem_Direct3D11.dll!?_render@D3D11RenderSystem@Ogre@@UAEXABVRenderOperation@2@@Z+0x230,RenderSystem_Direct3D11.dll,3,0.0204,14699,20.0
fourteam_ai_postfix,12132,OgreMain.dll!?_writeRawConstants@GpuProgramParameters@Ogre@@QAEXIPBMI@Z+0xd,OgreMain.dll,3,0.0204,14699,20.0
fourteam_ai_postfix,12132,battlezone98redux.exe!sub_423b10,battlezone98redux.exe,3,0.0204,14699,20.0
fourteam_ai_postfix,12132,battlezone98redux.exe!sub_67a1e0,battlezone98redux.exe,3,0.0204,14699,20.0
fourteam_ai_postfix,12132,WINMM.dll@6ea10000!BZROpenShim::OgreProfilerAlgorithms::QuantizeDynamicAlphaDepthKey+0x59,WINMM.dll@6ea10000,3,0.0204,14699,20.0
fourteam_ai_postfix,12132,OgreMain.dll!?textureCoord@ManualObject@Ogre@@UAEXMM@Z+0x132,OgreMain.dll,3,0.0204,14699,20.0
fourteam_ai_postfix,12132,OgreMain.dll!?_detectImplementation@OptimisedUtil@Ogre@@KAPAV12@XZ+0x4651,OgreMain.dll,3,0.0204,14699,20.0
fourteam_ai_postfix,12132,MSVCR120.dll!truncl+0x39db,MSVCR120.dll,3,0.0204,14699,20.0
fourteam_ai_postfix,12132,VCRUNTIME140.dll!memmove+0x51f,VCRUNTIME140.dll,3,0.0204,14699,20.0
fourteam_ai_postfix,12132,OgreMain.dll!?_calcTempSquareDist@Light@Ogre@@QAEXABVVector3@2@@Z+0x2c,OgreMain.dll,3,0.0204,14699,20.0
fourteam_ai_postfix,12132,battlezone98redux.exe!sub_679570,battlezone98redux.exe,3,0.0204,14699,20.0
fourteam_ai_postfix,12132,battlezone98redux.exe!sub_45bbc0,battlezone98redux.exe,3,0.0204,14699,20.0
fourteam_ai_postfix,12132,"WINMM.dll@6ea10000!std::_Hash<std::_Umap_traits<unsigned int,BZROpenShim::`anonymous namespace'::ScrapRetargetState,std::_Uhash_compare<unsigned int,std::hash<unsigned int>,std::equal_to<unsigned int> >,std::allocator<std::pair<unsigned int const ,BZROpenShim::`anonymous namespace'::ScrapRetargetState> >,0> >::_Find_last<unsigned int>+0x5d",WINMM.dll@6ea10000,3,0.0204,14699,20.0
fourteam_ai_postfix,12132,MSVCR120.dll!log2+0x3e,MSVCR120.dll,3,0.0204,14699,20.0
fourteam_ai_postfix,12132,RenderSystem_Direct3D11.dll!?bindGpuProgramParameters@D3D11RenderSystem@Ogre@@UAEXW4GpuProgramType@2@V?$SharedPtr@VGpuProgramParameters@Ogre@@@2@G@Z+0x187,RenderSystem_Direct3D11.dll,3,0.0204,14699,20.0
fourteam_ai_postfix,12132,OgreMain.dll!?isHardwareAnimationEnabled@Entity@Ogre@@QAE_NXZ+0x1a,OgreMain.dll,3,0.0204,14699,20.0
fourteam_ai_postfix,12132,MSVCR120.dll!floor+0x2c,MSVCR120.dll,3,0.0204,14699,20.0
fourteam_ai_postfix,12132,"WINMM.dll@6ea10000!std::_Hash<std::_Umap_traits<std::basic_string<char,std::char_traits<char>,std::allocator<char> >,int,std::_Uhash_compare<std::basic_string<char,std::char_traits<char>,std::allocator<char> >,std::hash<std::basic_string<char,std::char_traits<char>,std::allocator<char> > >,std::equal_to<std::basic_string<char,std::char_traits<char>,std::allocator<char> > > >,std::allocator<std::pair<std::basic_string<char,std::char_traits<char>,std::allocator<char> > const ,int> >,0> >::emplace<char const * &,int &>+0x127",WINMM.dll@6ea10000,3,0.0204,14699,20.0
fourteam_ai_postfix,12132,MSVCR120.dll!log2+0xa1,MSVCR120.dll,3,0.0204,14699,20.0
fourteam_ai_postfix,12132,MSVCR120.dll!log2+0x14b,MSVCR120.dll,3,0.0204,14699,20.0
fourteam_ai_postfix,12132,WINMM.dll@6ea10000!BZROpenShim::`anonymous namespace'::InstallEmissionLightFixIfPossible+0x99,WINMM.dll@6ea10000,3,0.0204,14699,20.0
fourteam_ai_postfix,12132,OgreMain.dll!?_getCurrentSceneManager@Root@Ogre@@QBEPAVSceneManager@2@XZ,OgreMain.dll,3,0.0204,14699,20.0
fourteam_ai_postfix,12132,OgreMain.dll!?setUseIdentityView@Renderable@Ogre@@QAEX_N@Z,OgreMain.dll,3,0.0204,14699,20.0
fourteam_ai_postfix,12132,"WINMM.dll@6ea10000!std::_Hash<std::_Umap_traits<unsigned int,BZROpenShim::`anonymous namespace'::RetargetPeriodState,std::_Uhash_compare<unsigned int,std::hash<unsigned int>,std::equal_to<unsigned int> >,std::allocator<std::pair<unsigned int const ,BZROpenShim::`anonymous namespace'::RetargetPeriodState> >,0> >::_Find_last<unsigned int>+0xb",WINMM.dll@6ea10000,3,0.0204,14699,20.0
fourteam_ai_postfix,12132,battlezone98redux.exe!sub_44f020,battlezone98redux.exe,3,0.0204,14699,20.0
fourteam_ai_postfix,12132,WINMM.dll@6ea10000!BZROpenShim::`anonymous namespace'::CaptureChunkBridgeSnapshot+0x11a,WINMM.dll@6ea10000,3,0.0204,14699,20.0
