label,thread,symbol,inclusive_samples,inclusive_percent,total_samples,window_seconds
fourteam_fire_postfix,34852,battlezone98redux.exe!sub_618270,14293,99.9231,14304,20.002
fourteam_fire_postfix,34852,battlezone98redux.exe!sub_618a40,14291,99.9091,14304,20.002
fourteam_fire_postfix,34852,battlezone98redux.exe!sub_619fc0,14291,99.9091,14304,20.002
fourteam_fire_postfix,34852,battlezone98redux.exe!sub_618ff0,14290,99.9021,14304,20.002
fourteam_fire_postfix,34852,battlezone98redux.exe!sub_618b10,14286,99.8742,14304,20.002
fourteam_fire_postfix,34852,battlezone98redux.exe!entry,14283,99.8532,14304,20.002
fourteam_fire_postfix,34852,KERNEL32.DLL!BaseThreadInitThunk+0x19,14282,99.8462,14304,20.002
fourteam_fire_postfix,34852,ntdll.dll!___RtlUserThreadStart@8+0x2b,14279,99.8252,14304,20.002
fourteam_fire_postfix,34852,battlezone98redux.exe!sub_618130,14265,99.7273,14304,20.002
fourteam_fire_postfix,34852,ntdll.dll!__RtlUserThreadStart@8+0x1b,14264,99.7204,14304,20.002
fourteam_fire_postfix,34852,OgreMain.dll!?renderOneFrame@Root@Ogre@@QAE_NXZ+0x17,9403,65.7369,14304,20.002
fourteam_fire_postfix,34852,OgreMain.dll!?_updateAllRenderTargets@RenderSystem@Ogre@@UAEX_N@Z+0x3d,9107,63.6675,14304,20.002
fourteam_fire_postfix,34852,OgreMain.dll!?_updateAllRenderTargets@Root@Ogre@@QAE_NXZ+0x17,9107,63.6675,14304,20.002
fourteam_fire_postfix,34852,RenderSystem_Direct3D11.dll!?_updateAllRenderTargets@D3D11RenderSystem@Ogre@@UAEX_N@Z+0x3e,9107,63.6675,14304,20.002
fourteam_fire_postfix,34852,OgreMain.dll!?updateImpl@RenderTarget@Ogre@@MAEXXZ+0x17,9070,63.4088,14304,20.002
fourteam_fire_postfix,34852,OgreMain.dll!?_updateAutoUpdatedViewports@RenderTarget@Ogre@@UAEX_N@Z+0x30,9068,63.3949,14304,20.002
fourteam_fire_postfix,34852,OgreMain.dll!?update@Viewport@Ogre@@QAEXXZ+0x23,9055,63.304,14304,20.002
fourteam_fire_postfix,34852,OgreMain.dll!?_renderScene@Camera@Ogre@@QAEXPAVViewport@2@_N@Z+0xf3,9043,63.2201,14304,20.002
fourteam_fire_postfix,34852,OgreMain.dll!?_beginUpdate@RenderTarget@Ogre@@UAEXXZ+0xb,8842,61.8149,14304,20.002
fourteam_fire_postfix,34852,OgreMain.dll!?updateImpl@RenderTarget@Ogre@@MAEXXZ+0xb,8842,61.8149,14304,20.002
fourteam_fire_postfix,34852,OgreMain.dll!?preRenderTargetUpdate@CompositorChain@Ogre@@UAEXABURenderTargetEvent@2@@Z+0x6c,8836,61.7729,14304,20.002
fourteam_fire_postfix,34852,OgreMain.dll!?_renderScene@SceneManager@Ogre@@UAEXPAVCamera@2@PAVViewport@2@_N@Z+0x5c0,6566,45.9032,14304,20.002
fourteam_fire_postfix,34852,OgreMain.dll!?renderVisibleObjectsDefaultSequence@SceneManager@Ogre@@MAEXXZ+0xd0,6357,44.4421,14304,20.002
fourteam_fire_postfix,34852,OgreMain.dll!?renderObjects@SceneManager@Ogre@@MAEXABVQueuedRenderableCollection@2@W4OrganisationMode@32@_N2PBV?$HashedVector@PAVLight@Ogre@@@2@@Z+0x45,6337,44.3023,14304,20.002
fourteam_fire_postfix,34852,OgreMain.dll!?acceptVisitor@QueuedRenderableCollection@Ogre@@QBEXPAVQueuedRenderableVisitor@2@W4OrganisationMode@12@@Z+0xf6,5933,41.4779,14304,20.002
fourteam_fire_postfix,34852,OgreMain.dll!?acceptVisitorGrouped@QueuedRenderableCollection@Ogre@@IBEXPAVQueuedRenderableVisitor@2@@Z+0x6a,5842,40.8417,14304,20.002
fourteam_fire_postfix,34852,OgreMain.dll!?visit@SceneMgrQueuedRenderableVisitor@SceneManager@Ogre@@UAEXPAVRenderable@3@@Z+0x35,5818,40.6739,14304,20.002
fourteam_fire_postfix,34852,OgreMain.dll!?_renderQueueGroupObjects@SceneManager@Ogre@@UAEXPAVRenderQueueGroup@2@W4OrganisationMode@QueuedRenderableCollection@2@@Z+0x111,5124,35.8221,14304,20.002
fourteam_fire_postfix,34852,OgreMain.dll!?renderBasicQueueGroupObjects@SceneManager@Ogre@@MAEXPAVRenderQueueGroup@2@W4OrganisationMode@QueuedRenderableCollection@2@@Z+0x8c,4711,32.9348,14304,20.002
fourteam_fire_postfix,34852,OgreMain.dll!?renderSingleObject@SceneManager@Ogre@@MAEXPAVRenderable@2@PBVPass@2@_N2PBV?$HashedVector@PAVLight@Ogre@@@2@@Z+0x9a0,2600,18.1767,14304,20.002
fourteam_fire_postfix,34852,battlezone98redux.exe!sub_6175c0,2423,16.9393,14304,20.002
fourteam_fire_postfix,34852,battlezone98redux.exe!sub_6176a0,2422,16.9323,14304,20.002
fourteam_fire_postfix,34852,OgreMain.dll!?_issueRenderOp@SceneManager@Ogre@@UAEXPAVRenderable@2@PBVPass@2@@Z+0x30,2230,15.59,14304,20.002
fourteam_fire_postfix,34852,OgreMain.dll!?_renderScene@SceneManager@Ogre@@UAEXPAVCamera@2@PAVViewport@2@_N@Z+0x246,2005,14.0171,14304,20.002
fourteam_fire_postfix,34852,OgreMain.dll!?queryLights@MovableObject@Ogre@@UBEABV?$HashedVector@PAVLight@Ogre@@@2@XZ+0xc4,1992,13.9262,14304,20.002
fourteam_fire_postfix,34852,OgreMain.dll!?findLights@SceneNode@Ogre@@UBEXAAV?$HashedVector@PAVLight@Ogre@@@2@MI@Z+0x29,1992,13.9262,14304,20.002
fourteam_fire_postfix,34852,OgreMain.dll!?_populateLightList@SceneManager@Ogre@@UAEXPBVSceneNode@2@MAAV?$HashedVector@PAVLight@Ogre@@@2@I@Z+0x2e,1991,13.9192,14304,20.002
fourteam_fire_postfix,34852,OgreMain.dll!?renderSingleObject@SceneManager@Ogre@@MAEXPAVRenderable@2@PBVPass@2@_N2PBV?$HashedVector@PAVLight@Ogre@@@2@@Z+0x322,1985,13.8772,14304,20.002
fourteam_fire_postfix,34852,OgreMain.dll!?prepareShadowTextures@SceneManager@Ogre@@UAEXPAVCamera@2@PAVViewport@2@PBV?$HashedVector@PAVLight@Ogre@@@2@@Z+0x39f,1947,13.6116,14304,20.002
fourteam_fire_postfix,34852,OgreMain.dll!?_renderScene@SceneManager@Ogre@@UAEXPAVCamera@2@PAVViewport@2@_N@Z+0x3cb,1901,13.29,14304,20.002
fourteam_fire_postfix,34852,OgreMain.dll!?_findVisibleObjects@SceneManager@Ogre@@UAEXPAVCamera@2@PAUVisibleObjectsBoundsInfo@2@_N@Z+0x3a,1900,13.283,14304,20.002
fourteam_fire_postfix,34852,OgreMain.dll!?_findVisibleObjects@SceneNode@Ogre@@UAEXPAVCamera@2@PAVRenderQueue@2@PAUVisibleObjectsBoundsInfo@2@_N33@Z+0x89,1822,12.7377,14304,20.002
fourteam_fire_postfix,34852,OgreMain.dll!?_findVisibleObjects@SceneNode@Ogre@@UAEXPAVCamera@2@PAVRenderQueue@2@PAUVisibleObjectsBoundsInfo@2@_N33@Z+0x51,1603,11.2067,14304,20.002
fourteam_fire_postfix,34852,WINMM.dll@6ea10000!BZROpenShim::`anonymous namespace'::ProcessVisibleObjectHook+0x170,1474,10.3048,14304,20.002
fourteam_fire_postfix,34852,OgreMain.dll!?_populateLightList@SceneManager@Ogre@@UAEXABVVector3@2@MAAV?$HashedVector@PAVLight@Ogre@@@2@I@Z+0x140,1438,10.0531,14304,20.002
fourteam_fire_postfix,34852,battlezone98redux.exe!sub_617600,1329,9.2911,14304,20.002
fourteam_fire_postfix,34852,OgreMain.dll!?_issueRenderOp@SceneManager@Ogre@@UAEXPAVRenderable@2@PBVPass@2@@Z+0x73,1327,9.2771,14304,20.002
fourteam_fire_postfix,34852,battlezone98redux.exe!sub_4b6f10,1317,9.2072,14304,20.002
fourteam_fire_postfix,34852,battlezone98redux.exe!sub_4b6db0,1317,9.2072,14304,20.002
fourteam_fire_postfix,34852,OgreMain.dll!?_renderQueueGroupObjects@SceneManager@Ogre@@UAEXPAVRenderQueueGroup@2@W4OrganisationMode@QueuedRenderableCollection@2@@Z+0xb6,1231,8.606,14304,20.002
fourteam_fire_postfix,34852,OgreMain.dll!?renderTextureShadowCasterQueueGroupObjects@SceneManager@Ogre@@MAEXPAVRenderQueueGroup@2@W4OrganisationMode@QueuedRenderableCollection@2@@Z+0x124,1224,8.557,14304,20.002
fourteam_fire_postfix,34852,OgreMain.dll!?renderSingleObject@SceneManager@Ogre@@MAEXPAVRenderable@2@PBVPass@2@_N2PBV?$HashedVector@PAVLight@Ogre@@@2@@Z+0xaf4,1041,7.2777,14304,20.002
fourteam_fire_postfix,34852,battlezone98redux.exe!sub_4d4610,1012,7.0749,14304,20.002
fourteam_fire_postfix,34852,battlezone98redux.exe!sub_451f80,988,6.9072,14304,20.002
fourteam_fire_postfix,34852,OgreMain.dll!?processVisibleObject@RenderQueue@Ogre@@QAEXPAVMovableObject@2@PAVCamera@2@_NPAUVisibleObjectsBoundsInfo@2@@Z+0xb0,986,6.8932,14304,20.002
fourteam_fire_postfix,34852,battlezone98redux.exe!sub_493ec0,852,5.9564,14304,20.002
fourteam_fire_postfix,34852,OgreMain.dll!?updateGpuProgramParameters@SceneManager@Ogre@@MAEXPBVPass@2@@Z+0x62,822,5.7466,14304,20.002
fourteam_fire_postfix,34852,OgreMain.dll!?isInLightRange@Light@Ogre@@QBE_NABVSphere@2@@Z+0x159,775,5.4181,14304,20.002
fourteam_fire_postfix,34852,battlezone98redux.exe!sub_44e880,752,5.2573,14304,20.002
fourteam_fire_postfix,34852,battlezone98redux.exe!sub_618060,747,5.2223,14304,20.002
fourteam_fire_postfix,34852,OgreMain.dll!?updateGpuProgramParameters@SceneManager@Ogre@@MAEXPBVPass@2@@Z+0xdd,623,4.3554,14304,20.002
fourteam_fire_postfix,34852,OgreMain.dll!?angleBetween@Vector3@Ogre@@QBE?AVRadian@2@ABV12@@Z+0xdd,606,4.2366,14304,20.002
fourteam_fire_postfix,34852,OgreMain.dll!?updateGpuProgramParameters@SceneManager@Ogre@@MAEXPBVPass@2@@Z+0x8b,572,3.9989,14304,20.002
fourteam_fire_postfix,34852,battlezone98redux.exe!sub_617fa0,567,3.9639,14304,20.002
fourteam_fire_postfix,34852,battlezone98redux.exe!sub_62bc80,563,3.936,14304,20.002
fourteam_fire_postfix,34852,battlezone98redux.exe!sub_62bd40,559,3.908,14304,20.002
fourteam_fire_postfix,34852,battlezone98redux.exe!sub_4deec0,557,3.894,14304,20.002
fourteam_fire_postfix,34852,battlezone98redux.exe!sub_4ebfd0,555,3.88,14304,20.002
fourteam_fire_postfix,34852,RenderSystem_Direct3D11.dll!?bindGpuProgramParameters@D3D11RenderSystem@Ogre@@UAEXW4GpuProgramType@2@V?$SharedPtr@VGpuProgramParameters@Ogre@@@2@G@Z+0x16a,552,3.8591,14304,20.002
fourteam_fire_postfix,34852,battlezone98redux.exe!sub_4933e0,516,3.6074,14304,20.002
fourteam_fire_postfix,34852,OgreMain.dll!?_updateAutoParams@Pass@Ogre@@QBEXPBVAutoParamDataSource@2@G@Z+0x103,489,3.4186,14304,20.002
fourteam_fire_postfix,34852,WINMM.dll@6ea10000!BZROpenShim::`anonymous namespace'::AutoSaveWorldUpdateRenderQueueHook+0x16,476,3.3277,14304,20.002
fourteam_fire_postfix,34852,WINMM.dll@6ea10000!__std_fs_get_stats+0x23e,472,3.2998,14304,20.002
fourteam_fire_postfix,34852,KERNELBASE.dll!GetFileAttributesExW+0x13,471,3.2928,14304,20.002
fourteam_fire_postfix,34852,battlezone98redux.exe!sub_682540,469,3.2788,14304,20.002
fourteam_fire_postfix,34852,ntdll.dll!_ZwQueryFullAttributesFile@8+0xc,461,3.2229,14304,20.002
fourteam_fire_postfix,34852,battlezone98redux.exe!sub_454cf0,451,3.153,14304,20.002
fourteam_fire_postfix,34852,RenderSystem_Direct3D11.dll!?getConstantBuffer@D3D11HLSLProgram@Ogre@@QAEPAUID3D11Buffer@@V?$SharedPtr@VGpuProgramParameters@Ogre@@@2@G@Z+0x9a,429,2.9992,14304,20.002
fourteam_fire_postfix,34852,RenderSystem_Direct3D11.dll!?bindGpuProgramParameters@D3D11RenderSystem@Ogre@@UAEXW4GpuProgramType@2@V?$SharedPtr@VGpuProgramParameters@Ogre@@@2@G@Z+0x90,408,2.8523,14304,20.002
fourteam_fire_postfix,34852,OgreMain.dll!?renderBasicQueueGroupObjects@SceneManager@Ogre@@MAEXPAVRenderQueueGroup@2@W4OrganisationMode@QueuedRenderableCollection@2@@Z+0xc1,402,2.8104,14304,20.002
fourteam_fire_postfix,34852,OgreMain.dll!?acceptVisitor@QueuedRenderableCollection@Ogre@@QBEXPAVQueuedRenderableVisitor@2@W4OrganisationMode@12@@Z+0xec,401,2.8034,14304,20.002
fourteam_fire_postfix,34852,OgreMain.dll!?acceptVisitorDescending@QueuedRenderableCollection@Ogre@@IBEXPAVQueuedRenderableVisitor@2@@Z+0x1b,398,2.7824,14304,20.002
fourteam_fire_postfix,34852,battlezone98redux.exe!sub_6854f0,395,2.7615,14304,20.002
fourteam_fire_postfix,34852,OgreMain.dll!?getConstantDefinition@GpuProgramParameters@Ogre@@QBEABUGpuConstantDefinition@2@ABV?$basic_string@DU?$char_traits@D@std@@V?$allocator@D@2@@std@@@Z+0xcf,388,2.7125,14304,20.002
fourteam_fire_postfix,34852,battlezone98redux.exe!sub_497aa0,355,2.4818,14304,20.002
fourteam_fire_postfix,34852,ntdll.dll!_ZwQueryVirtualMemory@24+0xc,355,2.4818,14304,20.002
fourteam_fire_postfix,34852,WINMM.dll@6ea10000!BZROpenShim::`anonymous namespace'::GetGameObjectActualTeam+0x42,350,2.4469,14304,20.002
fourteam_fire_postfix,34852,WINMM.dll@6ea10000!BZROpenShim::DamageRevealProbeHook+0x13c,344,2.4049,14304,20.002
fourteam_fire_postfix,34852,battlezone98redux.exe!sub_678cd0,340,2.377,14304,20.002
fourteam_fire_postfix,34852,battlezone98redux.exe!sub_4ab380,335,2.342,14304,20.002
fourteam_fire_postfix,34852,WINMM.dll@6ea10000!BZROpenShim::AutoSaveTick+0x10b,332,2.321,14304,20.002
fourteam_fire_postfix,34852,WINMM.dll@6ea10000!std::filesystem::exists+0x3e,331,2.314,14304,20.002
fourteam_fire_postfix,34852,battlezone98redux.exe!sub_493e60,314,2.1952,14304,20.002
fourteam_fire_postfix,34852,battlezone98redux.exe!sub_43fb30,314,2.1952,14304,20.002
fourteam_fire_postfix,34852,OgreMain.dll!?visit@SceneMgrQueuedRenderableVisitor@SceneManager@Ogre@@UAEXPAURenderablePass@3@@Z+0x63,312,2.1812,14304,20.002
fourteam_fire_postfix,34852,OgreMain.dll!?_updateRenderQueue@Entity@Ogre@@UAEXPAVRenderQueue@2@@Z+0x1ed,308,2.1532,14304,20.002
fourteam_fire_postfix,34852,battlezone98redux.exe!sub_5840e0,307,2.1463,14304,20.002
fourteam_fire_postfix,34852,OgreMain.dll!?_updateAllRenderTargets@Root@Ogre@@QAE_NXZ+0x2b,296,2.0694,14304,20.002
fourteam_fire_postfix,34852,OgreMain.dll!?_swapAllRenderTargetBuffers@RenderSystem@Ogre@@UAEXXZ+0x3a,294,2.0554,14304,20.002
fourteam_fire_postfix,34852,battlezone98redux.exe!sub_493330,281,1.9645,14304,20.002
fourteam_fire_postfix,34852,battlezone98redux.exe!sub_442e70,278,1.9435,14304,20.002
fourteam_fire_postfix,34852,RenderSystem_Direct3D11.dll!?swapBuffers@D3D11RenderWindowSwapChainBased@Ogre@@UAEXXZ+0x251,274,1.9155,14304,20.002
fourteam_fire_postfix,34852,dxgi.dll!DXGIGetDebugInterface1+0xa584,268,1.8736,14304,20.002
fourteam_fire_postfix,34852,battlezone98redux.exe!sub_687340,267,1.8666,14304,20.002
fourteam_fire_postfix,34852,OgreMain.dll!?_updateAutoParams@Pass@Ogre@@QBEXPBVAutoParamDataSource@2@G@Z+0x55,267,1.8666,14304,20.002
fourteam_fire_postfix,34852,dxgi.dll!CompatString+0x20eb,266,1.8596,14304,20.002
fourteam_fire_postfix,34852,OgreMain.dll!?_populateLightList@SceneManager@Ogre@@UAEXABVVector3@2@MAAV?$HashedVector@PAVLight@Ogre@@@2@I@Z+0xb2,259,1.8107,14304,20.002
fourteam_fire_postfix,34852,battlezone98redux.exe!sub_443060,256,1.7897,14304,20.002
fourteam_fire_postfix,34852,OgreMain.dll!?isInLightRange@Light@Ogre@@QBE_NABVSphere@2@@Z+0x143,223,1.559,14304,20.002
fourteam_fire_postfix,34852,battlezone98redux.exe!sub_4405e0,222,1.552,14304,20.002
fourteam_fire_postfix,34852,battlezone98redux.exe!sub_440690,222,1.552,14304,20.002
fourteam_fire_postfix,34852,OgreMain.dll!?_findNamedConstantDefinition@GpuProgramParameters@Ogre@@QBEPBUGpuConstantDefinition@2@ABV?$basic_string@DU?$char_traits@D@std@@V?$allocator@D@2@@std@@_N@Z+0xb8,220,1.538,14304,20.002
fourteam_fire_postfix,34852,battlezone98redux.exe!sub_679d70,218,1.524,14304,20.002
fourteam_fire_postfix,34852,OgreMain.dll!?_renderScene@SceneManager@Ogre@@UAEXPAVCamera@2@PAVViewport@2@_N@Z+0x187,208,1.4541,14304,20.002
fourteam_fire_postfix,34852,RenderSystem_Direct3D11.dll!?_render@D3D11RenderSystem@Ogre@@UAEXABVRenderOperation@2@@Z+0x1622,207,1.4471,14304,20.002
fourteam_fire_postfix,34852,OgreMain.dll!?_updateSceneGraph@SceneManager@Ogre@@UAEXPAVCamera@2@@Z+0x2b,206,1.4402,14304,20.002
fourteam_fire_postfix,34852,battlezone98redux.exe!sub_480470,206,1.4402,14304,20.002
fourteam_fire_postfix,34852,RenderSystem_Direct3D11.dll!?setVertexDeclaration@D3D11RenderSystem@Ogre@@QAEXPAVVertexDeclaration@2@PAVVertexBufferBinding@2@@Z+0x14,202,1.4122,14304,20.002
fourteam_fire_postfix,34852,WINMM.dll@6ea10000!BZROpenShim::`anonymous namespace'::WingmanUpdateWeaponAimWithConvergence+0x33,202,1.4122,14304,20.002
fourteam_fire_postfix,34852,WINMM.dll@6ea10000!BZROpenShim::`anonymous namespace'::TryGetGameObjectFieldBase+0xd4,201,1.4052,14304,20.002
fourteam_fire_postfix,34852,battlezone98redux.exe!sub_60f320,199,1.3912,14304,20.002
fourteam_fire_postfix,34852,battlezone98redux.exe!sub_440e60,198,1.3842,14304,20.002
fourteam_fire_postfix,34852,OgreMain.dll!?renderVisibleObjectsDefaultSequence@SceneManager@Ogre@@MAEXXZ+0xbf,197,1.3772,14304,20.002
fourteam_fire_postfix,34852,OgreMain.dll!?fireRenderQueueStarted@SceneManager@Ogre@@MAE_NEABV?$basic_string@DU?$char_traits@D@std@@V?$allocator@D@2@@std@@@Z+0x41,196,1.3702,14304,20.002
fourteam_fire_postfix,34852,OgreMain.dll!?_renderScene@SceneManager@Ogre@@UAEXPAVCamera@2@PAVViewport@2@_N@Z+0x20a,196,1.3702,14304,20.002
fourteam_fire_postfix,34852,RenderSystem_Direct3D11.dll!?getConstantBuffer@D3D11HLSLProgram@Ogre@@QAEPAUID3D11Buffer@@V?$SharedPtr@VGpuProgramParameters@Ogre@@@2@G@Z+0x5f,195,1.3633,14304,20.002
fourteam_fire_postfix,34852,battlezone98redux.exe!sub_6855e0,194,1.3563,14304,20.002
fourteam_fire_postfix,34852,OgreMain.dll!?addRenderable@RenderQueue@Ogre@@QAEXPAVRenderable@2@@Z+0x15,186,1.3003,14304,20.002
fourteam_fire_postfix,34852,OgreMain.dll!?_updateRenderQueue@Entity@Ogre@@UAEXPAVRenderQueue@2@@Z+0x175,186,1.3003,14304,20.002
fourteam_fire_postfix,34852,OgreMain.dll!?lock@HardwareBuffer@Ogre@@UAEPAXIIW4LockOptions@12@W4UploadOptions@12@@Z+0x103,180,1.2584,14304,20.002
fourteam_fire_postfix,34852,OgreMain.dll!?lock@HardwareBuffer@Ogre@@QAEPAXW4LockOptions@12@W4UploadOptions@12@@Z+0x13,180,1.2584,14304,20.002
fourteam_fire_postfix,34852,battlezone98redux.exe!sub_45bf90,177,1.2374,14304,20.002
fourteam_fire_postfix,34852,OgreMain.dll!?_findVisibleObjects@SceneNode@Ogre@@UAEXPAVCamera@2@PAVRenderQueue@2@PAUVisibleObjectsBoundsInfo@2@_N33@Z+0x20,173,1.2095,14304,20.002
fourteam_fire_postfix,34852,dxgi.dll!CompatString+0x3176,171,1.1955,14304,20.002
fourteam_fire_postfix,34852,MSVCR120.dll!memmove+0xc9,170,1.1885,14304,20.002
fourteam_fire_postfix,34852,RenderSystem_Direct3D11.dll!?_render@D3D11RenderSystem@Ogre@@UAEXABVRenderOperation@2@@Z+0x16df,170,1.1885,14304,20.002
fourteam_fire_postfix,34852,battlezone98redux.exe!sub_679ac0,169,1.1815,14304,20.002
fourteam_fire_postfix,34852,battlezone98redux.exe!sub_44e7f0,167,1.1675,14304,20.002
fourteam_fire_postfix,34852,OgreMain.dll!?processVisibleObject@RenderQueue@Ogre@@QAEXPAVMovableObject@2@PAVCamera@2@_NPAUVisibleObjectsBoundsInfo@2@@Z+0x14,165,1.1535,14304,20.002
fourteam_fire_postfix,34852,RenderSystem_Direct3D11.dll!?bindToShader@D3D11VertexDeclaration@Ogre@@QAEXPAVD3D11HLSLProgram@2@PAVVertexBufferBinding@2@@Z+0x1e,164,1.1465,14304,20.002
fourteam_fire_postfix,34852,battlezone98redux.exe!sub_444ba0,160,1.1186,14304,20.002
fourteam_fire_postfix,34852,battlezone98redux.exe!sub_50aa10,159,1.1116,14304,20.002
fourteam_fire_postfix,34852,dxgi.dll!DXGID3D10CreateDevice+0x3c30,158,1.1046,14304,20.002
fourteam_fire_postfix,34852,RenderSystem_Direct3D11.dll!?lockImpl@D3D11HardwareBuffer@Ogre@@MAEPAXIIW4LockOptions@HardwareBuffer@2@@Z+0x26c,157,1.0976,14304,20.002
fourteam_fire_postfix,34852,OgreMain.dll!?_updateAutoParams@GpuProgramParameters@Ogre@@QAEXPBVAutoParamDataSource@2@G@Z+0x1250,155,1.0836,14304,20.002
fourteam_fire_postfix,34852,WINMM.dll@6ea10000!BZROpenShim::`anonymous namespace'::TryGetGameObjectFieldBase+0x7c,153,1.0696,14304,20.002
fourteam_fire_postfix,34852,OgreMain.dll!?_update@SceneNode@Ogre@@UAEX_N0@Z+0x1b,151,1.0556,14304,20.002
fourteam_fire_postfix,34852,RenderSystem_Direct3D11.dll!?_render@D3D11RenderSystem@Ogre@@UAEXABVRenderOperation@2@@Z+0x1631,146,1.0207,14304,20.002
fourteam_fire_postfix,34852,battlezone98redux.exe!sub_4a8ab0,144,1.0067,14304,20.002
fourteam_fire_postfix,34852,battlezone98redux.exe!sub_663800,144,1.0067,14304,20.002
fourteam_fire_postfix,34852,battlezone98redux.exe!sub_446360,142,0.9927,14304,20.002
fourteam_fire_postfix,34852,WINMM.dll@6ea10000!std::filesystem::last_write_time+0x45,141,0.9857,14304,20.002
fourteam_fire_postfix,34852,WINMM.dll@6ea10000!BZROpenShim::AutoSaveTick+0x124,141,0.9857,14304,20.002
fourteam_fire_postfix,34852,battlezone98redux.exe!sub_458d70,139,0.9718,14304,20.002
fourteam_fire_postfix,34852,OgreMain.dll!?isVisible@Frustum@Ogre@@UBE_NABVAxisAlignedBox@2@PAW4FrustumPlane@2@@Z+0xb0,136,0.9508,14304,20.002
fourteam_fire_postfix,34852,d3d11.dll!CreateDirect3D11DeviceFromDXGIDevice+0xbae61,129,0.9018,14304,20.002
fourteam_fire_postfix,34852,OgreMain.dll!?updateAnimation@Entity@Ogre@@IAEXXZ+0x449,128,0.8949,14304,20.002
fourteam_fire_postfix,34852,battlezone98redux.exe!sub_4aa1d0,124,0.8669,14304,20.002
fourteam_fire_postfix,34852,WINMM.dll@6ea10000!BZROpenShim::`anonymous namespace'::HookSoftwareVertexBlend+0x1f8,123,0.8599,14304,20.002
fourteam_fire_postfix,34852,battlezone98redux.exe!sub_4d4580,122,0.8529,14304,20.002
fourteam_fire_postfix,34852,WINMM.dll@6ea10000!BZROpenShim::`anonymous namespace'::AutoSaveWorldUpdateRenderQueueHook+0x11,121,0.8459,14304,20.002
fourteam_fire_postfix,34852,battlezone98redux.exe!sub_67b9d0,118,0.8249,14304,20.002
fourteam_fire_postfix,34852,battlezone98redux.exe!sub_592f00,118,0.8249,14304,20.002
fourteam_fire_postfix,34852,d3d11.dll!CreateDirect3D11DeviceFromDXGIDevice+0x9aae8,116,0.811,14304,20.002
fourteam_fire_postfix,34852,OgreMain.dll!?getTechnique@SubEntity@Ogre@@UBEPAVTechnique@2@XZ+0xe,113,0.79,14304,20.002
fourteam_fire_postfix,34852,battlezone98redux.exe!sub_6111e0,113,0.79,14304,20.002
fourteam_fire_postfix,34852,battlezone98redux.exe!sub_6192b0,113,0.79,14304,20.002
fourteam_fire_postfix,34852,d3d11.dll+0x35ece,113,0.79,14304,20.002
fourteam_fire_postfix,34852,USER32.dll!PeekMessageA+0x1f1,111,0.776,14304,20.002
fourteam_fire_postfix,34852,OgreMain.dll!?_calcTempSquareDist@Light@Ogre@@QAEXABVVector3@2@@Z+0x25,110,0.769,14304,20.002
fourteam_fire_postfix,34852,RenderSystem_Direct3D11.dll!?setVertexBufferBinding@D3D11RenderSystem@Ogre@@UAEXPAVVertexBufferBinding@2@@Z+0x9f,108,0.755,14304,20.002
fourteam_fire_postfix,34852,OgreMain.dll!?getReceivesShadows@MovableObject@Ogre@@QAE_NXZ+0x45,105,0.7341,14304,20.002
fourteam_fire_postfix,34852,OgreMain.dll!?processVisibleObject@RenderQueue@Ogre@@QAEXPAVMovableObject@2@PAVCamera@2@_NPAUVisibleObjectsBoundsInfo@2@@Z+0x4d,105,0.7341,14304,20.002
fourteam_fire_postfix,34852,d3d11.dll!D3D11CoreCreateLayeredDevice+0xc379,102,0.7131,14304,20.002
fourteam_fire_postfix,34852,dxgi.dll!DXGIReportAdapterConfiguration+0xf99,102,0.7131,14304,20.002
fourteam_fire_postfix,34852,dxgi.dll!DXGID3D10CreateDevice+0x4471,102,0.7131,14304,20.002
fourteam_fire_postfix,34852,battlezone98redux.exe!sub_461fd0,101,0.7061,14304,20.002
fourteam_fire_postfix,34852,OgreMain.dll!?updateAnimation@Entity@Ogre@@IAEXXZ+0x184,99,0.6921,14304,20.002
fourteam_fire_postfix,34852,battlezone98redux.exe!sub_67a4a0,97,0.6781,14304,20.002
fourteam_fire_postfix,34852,battlezone98redux.exe!sub_611270,96,0.6711,14304,20.002
fourteam_fire_postfix,34852,OgreMain.dll!?_populateLightList@SceneManager@Ogre@@UAEXABVVector3@2@MAAV?$HashedVector@PAVLight@Ogre@@@2@I@Z+0x232,96,0.6711,14304,20.002
fourteam_fire_postfix,34852,OgreMain.dll!?updateGpuProgramParameters@SceneManager@Ogre@@MAEXPBVPass@2@@Z+0xd0,96,0.6711,14304,20.002
fourteam_fire_postfix,34852,battlezone98redux.exe!sub_480f40,96,0.6711,14304,20.002
fourteam_fire_postfix,34852,WINMM.dll@6ea10000!BZROpenShim::`anonymous namespace'::ProcessVisibleObjectHook+0xb4,96,0.6711,14304,20.002
fourteam_fire_postfix,34852,OgreMain.dll!?updateGpuProgramParameters@SceneManager@Ogre@@MAEXPBVPass@2@@Z+0x7e,95,0.6641,14304,20.002
fourteam_fire_postfix,34852,OgreMain.dll!?tempSkelAnimBuffersBound@Entity@Ogre@@IBE_N_N@Z+0x5a,95,0.6641,14304,20.002
fourteam_fire_postfix,34852,battlezone98redux.exe!sub_784620,95,0.6641,14304,20.002
fourteam_fire_postfix,34852,battlezone98redux.exe!sub_67a630,95,0.6641,14304,20.002
fourteam_fire_postfix,34852,OgreMain.dll!?_writeRawConstant@GpuProgramParameters@Ogre@@QAEXIABVVector4@2@I@Z+0x25,95,0.6641,14304,20.002
fourteam_fire_postfix,34852,OgreMain.dll!?softwareVertexBlend@Mesh@Ogre@@SAXPBVVertexData@2@0PBQBVMatrix4@2@I_N@Z+0x35a,93,0.6502,14304,20.002
fourteam_fire_postfix,34852,OgreMain.dll!?_findNamedConstantDefinition@GpuProgramParameters@Ogre@@QBEPBUGpuConstantDefinition@2@ABV?$basic_string@DU?$char_traits@D@std@@V?$allocator@D@2@@std@@_N@Z+0xdb,93,0.6502,14304,20.002
fourteam_fire_postfix,34852,battlezone98redux.exe!sub_47b9b0,92,0.6432,14304,20.002
fourteam_fire_postfix,34852,battlezone98redux.exe!sub_611610,92,0.6432,14304,20.002
fourteam_fire_postfix,34852,MSVCR120.dll!floor+0x15,92,0.6432,14304,20.002
fourteam_fire_postfix,34852,OgreMain.dll!?_update@SceneNode@Ogre@@UAEX_N0@Z+0x11,92,0.6432,14304,20.002
fourteam_fire_postfix,34852,OgreMain.dll!?_detectImplementation@OptimisedUtil@Ogre@@KAPAV12@XZ+0x7f48,91,0.6362,14304,20.002
fourteam_fire_postfix,34852,battlezone98redux.exe!sub_452580,90,0.6292,14304,20.002
fourteam_fire_postfix,34852,battlezone98redux.exe!sub_82cb8c,89,0.6222,14304,20.002
fourteam_fire_postfix,34852,battlezone98redux.exe!sub_82f4cb,89,0.6222,14304,20.002
fourteam_fire_postfix,34852,battlezone98redux.exe!sub_82f1b5,89,0.6222,14304,20.002
fourteam_fire_postfix,34852,battlezone98redux.exe!sub_82f062,89,0.6222,14304,20.002
fourteam_fire_postfix,34852,battlezone98redux.exe!sub_82c471,89,0.6222,14304,20.002
fourteam_fire_postfix,34852,OgreMain.dll!?addRenderable@RenderQueue@Ogre@@QAEXPAVRenderable@2@EG@Z+0x1e1,88,0.6152,14304,20.002
fourteam_fire_postfix,34852,battlezone98redux.exe!sub_832183,88,0.6152,14304,20.002
fourteam_fire_postfix,34852,d3d11.dll!CreateDirect3D11DeviceFromDXGIDevice+0x9ac60,87,0.6082,14304,20.002
fourteam_fire_postfix,34852,RenderSystem_Direct3D11.dll!?unlockImpl@D3D11HardwareBuffer@Ogre@@MAEXXZ+0x56,87,0.6082,14304,20.002
fourteam_fire_postfix,34852,RenderSystem_Direct3D11.dll!??0D3D11RenderWindowSwapChainBased@Ogre@@QAE@ABV01@@Z+0x9c2,87,0.6082,14304,20.002
fourteam_fire_postfix,34852,battlezone98redux.exe!sub_81fe60,86,0.6012,14304,20.002
fourteam_fire_postfix,34852,OgreMain.dll!?getVertexProgram@Pass@Ogre@@QBEABV?$SharedPtr@VGpuProgram@Ogre@@@2@XZ+0xc,84,0.5872,14304,20.002
fourteam_fire_postfix,34852,OgreMain.dll!?visit@SceneMgrQueuedRenderableVisitor@SceneManager@Ogre@@UAEXPAURenderablePass@3@@Z+0x48,84,0.5872,14304,20.002
fourteam_fire_postfix,34852,OgreMain.dll!?getWorldViewProjMatrix@AutoParamDataSource@Ogre@@UBEABVMatrix4@2@XZ+0x1c,84,0.5872,14304,20.002
fourteam_fire_postfix,34852,KERNELBASE.dll!GetModuleHandleA+0x23,84,0.5872,14304,20.002
fourteam_fire_postfix,34852,d3d11.dll!D3D11CoreCreateLayeredDevice+0xd40a,81,0.5663,14304,20.002
fourteam_fire_postfix,34852,RenderSystem_Direct3D11.dll!?bindGpuProgramParameters@D3D11RenderSystem@Ogre@@UAEXW4GpuProgramType@2@V?$SharedPtr@VGpuProgramParameters@Ogre@@@2@G@Z+0x54a,81,0.5663,14304,20.002
fourteam_fire_postfix,34852,battlezone98redux.exe!sub_48efe0,80,0.5593,14304,20.002
fourteam_fire_postfix,34852,win32u.dll!_NtUserPeekMessage@24+0xc,80,0.5593,14304,20.002
fourteam_fire_postfix,34852,OgreMain.dll!?buffersCheckedOut@TempBlendedBufferInfo@Ogre@@QBE_N_N0@Z+0x35,79,0.5523,14304,20.002
fourteam_fire_postfix,34852,battlezone98redux.exe!sub_62e070,79,0.5523,14304,20.002
fourteam_fire_postfix,34852,ntdll.dll!_LdrGetDllHandle@16+0x18,79,0.5523,14304,20.002
fourteam_fire_postfix,34852,KERNELBASE.dll!GetModuleHandleW+0x2e,79,0.5523,14304,20.002
fourteam_fire_postfix,34852,battlezone98redux.exe!sub_4428b0,77,0.5383,14304,20.002
fourteam_fire_postfix,34852,d3d11.dll!CreateDirect3D11DeviceFromDXGIDevice+0xa4628,77,0.5383,14304,20.002
fourteam_fire_postfix,34852,battlezone98redux.exe!sub_480340,76,0.5313,14304,20.002
fourteam_fire_postfix,34852,battlezone98redux.exe!sub_584fe0,76,0.5313,14304,20.002
fourteam_fire_postfix,34852,battlezone98redux.exe!sub_586ff0,76,0.5313,14304,20.002
fourteam_fire_postfix,34852,OgreMain.dll!?isInLightRange@Light@Ogre@@QBE_NABVSphere@2@@Z+0x172,76,0.5313,14304,20.002
fourteam_fire_postfix,34852,WINMM.dll@6ea10000!BZROpenShim::ResolveCraftOgreEntity+0xd,76,0.5313,14304,20.002
fourteam_fire_postfix,34852,nvwgf2um.dll!OpenAdapter10+0x74e6d,75,0.5243,14304,20.002
fourteam_fire_postfix,34852,ntdll.dll!_RtlAllocateHeap@12+0xa9,75,0.5243,14304,20.002
fourteam_fire_postfix,34852,OgreMain.dll!?addRenderable@RenderQueueGroup@Ogre@@QAEXPAVRenderable@2@PAVTechnique@2@G@Z+0xfc,75,0.5243,14304,20.002
fourteam_fire_postfix,34852,battlezone98redux.exe!sub_6116a0,73,0.5103,14304,20.002
fourteam_fire_postfix,34852,OgreMain.dll!?visitRenderables@Entity@Ogre@@UAEXPAVVisitor@Renderable@2@_N@Z+0x2f,70,0.4894,14304,20.002
fourteam_fire_postfix,34852,OgreMain.dll!?acceptVisitorGrouped@QueuedRenderableCollection@Ogre@@IBEXPAVQueuedRenderableVisitor@2@@Z+0x37,70,0.4894,14304,20.002
fourteam_fire_postfix,34852,OgreMain.dll!?getWorldBoundingBox@Entity@Ogre@@UBEABVAxisAlignedBox@2@_N@Z+0x7d,70,0.4894,14304,20.002
fourteam_fire_postfix,34852,battlezone98redux.exe!sub_82f2d3,70,0.4894,14304,20.002
fourteam_fire_postfix,34852,OgreMain.dll!?isVisible@ShadowRenderable@Ogre@@UBE_NXZ+0x236,69,0.4824,14304,20.002
fourteam_fire_postfix,34852,OgreMain.dll!?_setPass@SceneManager@Ogre@@UAEPBVPass@2@PBV32@_N1@Z+0x9c0,69,0.4824,14304,20.002
fourteam_fire_postfix,34852,OgreMain.dll!?_update@Node@Ogre@@UAEX_N0@Z+0x54,69,0.4824,14304,20.002
fourteam_fire_postfix,34852,ntdll.dll!_RtlpAllocateNTHeapInternal@12+0xfc,69,0.4824,14304,20.002
fourteam_fire_postfix,34852,OgreMain.dll!?visit@SceneMgrQueuedRenderableVisitor@SceneManager@Ogre@@UAE_NPBVPass@3@@Z+0x2e,68,0.4754,14304,20.002
fourteam_fire_postfix,34852,battlezone98redux.exe!sub_45d240,68,0.4754,14304,20.002
fourteam_fire_postfix,34852,battlezone98redux.exe!sub_4519a0,68,0.4754,14304,20.002
fourteam_fire_postfix,34852,nvwgf2um.dll!OpenAdapter10+0x72b2d,67,0.4684,14304,20.002
fourteam_fire_postfix,34852,battlezone98redux.exe!sub_447e70,67,0.4684,14304,20.002
fourteam_fire_postfix,34852,WINMM.dll@6ea10000!BZROpenShim::`anonymous namespace'::TryGetGameObjectHeadlight+0x8d,67,0.4684,14304,20.002
fourteam_fire_postfix,34852,MSVCR120.dll!__libm_sse2_acosf+0xa6,67,0.4684,14304,20.002
fourteam_fire_postfix,34852,battlezone98redux.exe!sub_4f90a0,67,0.4684,14304,20.002
fourteam_fire_postfix,34852,dxgi.dll!CompatString+0x2600,66,0.4614,14304,20.002
fourteam_fire_postfix,34852,battlezone98redux.exe!sub_593570,66,0.4614,14304,20.002
fourteam_fire_postfix,34852,nvwgf2um.dll!OpenAdapter10+0x23bb0,64,0.4474,14304,20.002
fourteam_fire_postfix,34852,battlezone98redux.exe!sub_678950,63,0.4404,14304,20.002
fourteam_fire_postfix,34852,nvwgf2um.dll!OpenAdapter10+0x73f53,63,0.4404,14304,20.002
fourteam_fire_postfix,34852,nvwgf2um.dll!NVENCODEAPI_Thunk+0x59ceb,63,0.4404,14304,20.002
fourteam_fire_postfix,34852,battlezone98redux.exe!sub_5938f0,63,0.4404,14304,20.002
fourteam_fire_postfix,34852,battlezone98redux.exe!sub_6809f0,62,0.4334,14304,20.002
fourteam_fire_postfix,34852,battlezone98redux.exe!sub_780c70,62,0.4334,14304,20.002
fourteam_fire_postfix,34852,d3d11.dll+0x2b07d,62,0.4334,14304,20.002
fourteam_fire_postfix,34852,battlezone98redux.exe!sub_7753c0,61,0.4265,14304,20.002
fourteam_fire_postfix,34852,d3d11.dll!D3D11CoreCreateLayeredDevice+0x942,61,0.4265,14304,20.002
fourteam_fire_postfix,34852,battlezone98redux.exe!sub_774f80,60,0.4195,14304,20.002
fourteam_fire_postfix,34852,battlezone98redux.exe!sub_44eb20,60,0.4195,14304,20.002
fourteam_fire_postfix,34852,WINMM.dll@6ea10000!BZROpenShim::`anonymous namespace'::RefreshHeadlightState+0x1f8,60,0.4195,14304,20.002
fourteam_fire_postfix,34852,OgreMain.dll!?renderSingleObject@SceneManager@Ogre@@MAEXPAVRenderable@2@PBVPass@2@_N2PBV?$HashedVector@PAVLight@Ogre@@@2@@Z+0x7fb,59,0.4125,14304,20.002
fourteam_fire_postfix,34852,ntdll.dll!_LdrpLogInternal+0x27,59,0.4125,14304,20.002
fourteam_fire_postfix,34852,OgreMain.dll!?needUpdate@Node@Ogre@@UAEX_N@Z+0x31,58,0.4055,14304,20.002
fourteam_fire_postfix,34852,OgreMain.dll!?requestUpdate@Node@Ogre@@UAEXPAV12@_N@Z+0x29,58,0.4055,14304,20.002
fourteam_fire_postfix,34852,OgreMain.dll!?processVisibleObject@RenderQueue@Ogre@@QAEXPAVMovableObject@2@PAVCamera@2@_NPAUVisibleObjectsBoundsInfo@2@@Z+0xd9,58,0.4055,14304,20.002
fourteam_fire_postfix,34852,OgreMain.dll!?getWorldBoundingBox@MovableObject@Ogre@@UBEABVAxisAlignedBox@2@_N@Z+0x12,58,0.4055,14304,20.002
fourteam_fire_postfix,34852,MSVCR120.dll!??2@YAPAXI@Z+0xe,58,0.4055,14304,20.002
fourteam_fire_postfix,34852,MSVCR120.dll!memmove+0xc7,58,0.4055,14304,20.002
fourteam_fire_postfix,34852,ntdll.dll!@RtlpLowFragHeapAllocFromContext@16+0x67,57,0.3985,14304,20.002
fourteam_fire_postfix,34852,MSVCR120.dll!malloc+0x33,57,0.3985,14304,20.002
fourteam_fire_postfix,34852,battlezone98redux.exe!sub_784180,56,0.3915,14304,20.002
fourteam_fire_postfix,34852,OgreMain.dll!?_updateBounds@SceneNode@Ogre@@UAEXXZ+0x19c,56,0.3915,14304,20.002
fourteam_fire_postfix,34852,MSVCR120.dll!__libm_sse2_acosf+0x4c,56,0.3915,14304,20.002
fourteam_fire_postfix,34852,battlezone98redux.exe!sub_4621a0,56,0.3915,14304,20.002
fourteam_fire_postfix,34852,OgreMain.dll!?_findVisibleObjects@SceneNode@Ogre@@UAEXPAVCamera@2@PAVRenderQueue@2@PAUVisibleObjectsBoundsInfo@2@_N33@Z+0x7e,56,0.3915,14304,20.002
fourteam_fire_postfix,34852,battlezone98redux.exe!sub_44ecb0,56,0.3915,14304,20.002
fourteam_fire_postfix,34852,RenderSystem_Direct3D11.dll!?_render@D3D11RenderSystem@Ogre@@UAEXABVRenderOperation@2@@Z+0xe2,56,0.3915,14304,20.002
fourteam_fire_postfix,34852,OgreMain.dll!?setOrientation@Node@Ogre@@UAEXABVQuaternion@2@@Z+0x35,55,0.3845,14304,20.002
fourteam_fire_postfix,34852,d3d11.dll!D3D11CoreCreateDevice+0xa057,55,0.3845,14304,20.002
fourteam_fire_postfix,34852,RenderSystem_Direct3D11.dll!?_render@D3D11RenderSystem@Ogre@@UAEXABVRenderOperation@2@@Z+0x2ba,55,0.3845,14304,20.002
fourteam_fire_postfix,34852,dxgi.dll!DXGIDisableVBlankVirtualization+0x8b36,55,0.3845,14304,20.002
fourteam_fire_postfix,34852,dxgi.dll!DXGIDisableVBlankVirtualization+0x7920,55,0.3845,14304,20.002
fourteam_fire_postfix,34852,battlezone98redux.exe!sub_81fa10,54,0.3775,14304,20.002
fourteam_fire_postfix,34852,battlezone98redux.exe!sub_455990,54,0.3775,14304,20.002
fourteam_fire_postfix,34852,battlezone98redux.exe!sub_480750,54,0.3775,14304,20.002
fourteam_fire_postfix,34852,WINMM.dll@6ea10000!BZROpenShim::ChunkEffectSimulateHook+0x418,54,0.3775,14304,20.002
fourteam_fire_postfix,34852,d3d11.dll!D3D11CoreCreateDevice+0xa024,53,0.3705,14304,20.002
fourteam_fire_postfix,34852,d3d11.dll!D3D11CoreCreateLayeredDevice+0x9df,53,0.3705,14304,20.002
fourteam_fire_postfix,34852,dxgi.dll!DXGIDisableVBlankVirtualization+0x138f9,53,0.3705,14304,20.002
fourteam_fire_postfix,34852,dxgi.dll!DXGIDisableVBlankVirtualization+0x6f4e,53,0.3705,14304,20.002
fourteam_fire_postfix,34852,dxgi.dll!DXGIDisableVBlankVirtualization+0x13893,53,0.3705,14304,20.002
fourteam_fire_postfix,34852,OgreMain.dll!?_updateAutoParams@GpuProgramParameters@Ogre@@QAEXPBVAutoParamDataSource@2@G@Z+0x125b,53,0.3705,14304,20.002
fourteam_fire_postfix,34852,battlezone98redux.exe!sub_67a780,53,0.3705,14304,20.002
fourteam_fire_postfix,34852,WINMM.dll@6ea10000!BZROpenShim::DynamicGeometryAddRenderableHook+0x11b,53,0.3705,14304,20.002
fourteam_fire_postfix,34852,ntdll.dll!_LdrpWriteToSnapsBuffer@16+0xc7,53,0.3705,14304,20.002
fourteam_fire_postfix,34852,dxgi.dll!DXGIDisableVBlankVirtualization+0x14f03,52,0.3635,14304,20.002
fourteam_fire_postfix,34852,RenderSystem_Direct3D11.dll!?bindGpuProgramParameters@D3D11RenderSystem@Ogre@@UAEXW4GpuProgramType@2@V?$SharedPtr@VGpuProgramParameters@Ogre@@@2@G@Z+0xad,52,0.3635,14304,20.002
fourteam_fire_postfix,34852,OgreMain.dll!?prepareShadowTextures@SceneManager@Ogre@@UAEXPAVCamera@2@PAVViewport@2@PBV?$HashedVector@PAVLight@Ogre@@@2@@Z+0x377,52,0.3635,14304,20.002
fourteam_fire_postfix,34852,battlezone98redux.exe!sub_4cb7b0,52,0.3635,14304,20.002
fourteam_fire_postfix,34852,OgreMain.dll!?getProgram@Pass@Ogre@@IBEABV?$SharedPtr@VGpuProgram@Ogre@@@2@PBQAVGpuProgramUsage@2@@Z+0x1c,51,0.3565,14304,20.002
fourteam_fire_postfix,34852,OgreMain.dll!?_writeRawConstant@GpuProgramParameters@Ogre@@QAEXIABVColourValue@2@I@Z+0x25,51,0.3565,14304,20.002
fourteam_fire_postfix,34852,OgreMain.dll!?getShadowCamera@PSSMShadowCameraSetup@Ogre@@UBEXPBVSceneManager@2@PBVCamera@2@PBVViewport@2@PBVLight@2@PAV42@I@Z+0xbc,51,0.3565,14304,20.002
fourteam_fire_postfix,34852,battlezone98redux.exe!sub_4c9ab0,51,0.3565,14304,20.002
fourteam_fire_postfix,34852,battlezone98redux.exe!sub_43b520,50,0.3496,14304,20.002
fourteam_fire_postfix,34852,battlezone98redux.exe!sub_43aa30,50,0.3496,14304,20.002
fourteam_fire_postfix,34852,battlezone98redux.exe!sub_4a08e0,50,0.3496,14304,20.002
fourteam_fire_postfix,34852,OgreMain.dll!?_notifyCurrentCamera@Entity@Ogre@@UAEXPAVCamera@2@@Z+0x35,50,0.3496,14304,20.002
fourteam_fire_postfix,34852,OgreMain.dll!?getMovableType@MovablePlane@Ogre@@UBEABV?$basic_string@DU?$char_traits@D@std@@V?$allocator@D@2@@std@@XZ+0xb21,49,0.3426,14304,20.002
fourteam_fire_postfix,34852,battlezone98redux.exe!sub_68c560,49,0.3426,14304,20.002
fourteam_fire_postfix,34852,OgreMain.dll!?getSide@Plane@Ogre@@QBE?AW4Side@12@ABVVector3@2@0@Z+0xe,49,0.3426,14304,20.002
fourteam_fire_postfix,34852,OgreMain.dll!?getValue@LodStrategy@Ogre@@QBEMPBVMovableObject@2@PBVCamera@2@@Z+0x1e,49,0.3426,14304,20.002
fourteam_fire_postfix,34852,RenderSystem_Direct3D11.dll!?_render@D3D11RenderSystem@Ogre@@UAEXABVRenderOperation@2@@Z+0x1a07,48,0.3356,14304,20.002
fourteam_fire_postfix,34852,battlezone98redux.exe!sub_4aeb80,48,0.3356,14304,20.002
fourteam_fire_postfix,34852,battlezone98redux.exe!sub_62e780,48,0.3356,14304,20.002
fourteam_fire_postfix,34852,battlezone98redux.exe!sub_62e710,48,0.3356,14304,20.002
fourteam_fire_postfix,34852,OgreMain.dll!?getBestTechnique@Material@Ogre@@QAEPAVTechnique@2@GPBVRenderable@2@@Z+0x4c,48,0.3356,14304,20.002
fourteam_fire_postfix,34852,battlezone98redux.exe!sub_440130,48,0.3356,14304,20.002
fourteam_fire_postfix,34852,OgreMain.dll!?_issueRenderOp@SceneManager@Ogre@@UAEXPAVRenderable@2@PBVPass@2@@Z+0x64,47,0.3286,14304,20.002
fourteam_fire_postfix,34852,OgreMain.dll!?_calcTempSquareDist@Light@Ogre@@QAEXABVVector3@2@@Z+0x28,47,0.3286,14304,20.002
fourteam_fire_postfix,34852,battlezone98redux.exe!_Vector_iterator<>,47,0.3286,14304,20.002
fourteam_fire_postfix,34852,RenderSystem_Direct3D11.dll!?_render@D3D11RenderSystem@Ogre@@UAEXABVRenderOperation@2@@Z+0x177,47,0.3286,14304,20.002
fourteam_fire_postfix,34852,battlezone98redux.exe!sub_593200,46,0.3216,14304,20.002
fourteam_fire_postfix,34852,OgreMain.dll!?renderQueueStarted@RQListener@CompositorChain@Ogre@@UAEXEABV?$basic_string@DU?$char_traits@D@std@@V?$allocator@D@2@@std@@AA_N@Z+0x1c,46,0.3216,14304,20.002
fourteam_fire_postfix,34852,d3d11.dll+0x2704e,46,0.3216,14304,20.002
fourteam_fire_postfix,34852,OgreMain.dll!?ACos@Math@Ogre@@SA?AVRadian@2@M@Z+0x8,46,0.3216,14304,20.002
fourteam_fire_postfix,34852,d3d11.dll+0x36548,46,0.3216,14304,20.002
fourteam_fire_postfix,34852,battlezone98redux.exe!sub_4db100,46,0.3216,14304,20.002
fourteam_fire_postfix,34852,OgreMain.dll!?_renderScene@SceneManager@Ogre@@UAEXPAVCamera@2@PAVViewport@2@_N@Z+0x286,45,0.3146,14304,20.002
fourteam_fire_postfix,34852,MSVCR120.dll!floor+0x19,45,0.3146,14304,20.002
fourteam_fire_postfix,34852,OgreMain.dll!?flushUpTo@RQListener@CompositorChain@Ogre@@QAEXE@Z+0x27,45,0.3146,14304,20.002
fourteam_fire_postfix,34852,OgreMain.dll!?processVisibleObject@RenderQueue@Ogre@@QAEXPAVMovableObject@2@PAVCamera@2@_NPAUVisibleObjectsBoundsInfo@2@@Z+0xd1,45,0.3146,14304,20.002
fourteam_fire_postfix,34852,battlezone98redux.exe!sub_67df70,45,0.3146,14304,20.002
fourteam_fire_postfix,34852,OgreMain.dll!?addRenderable@RenderPriorityGroup@Ogre@@QAEXPAVRenderable@2@PAVTechnique@2@@Z+0xb5,45,0.3146,14304,20.002
fourteam_fire_postfix,34852,battlezone98redux.exe!sub_4513e0,45,0.3146,14304,20.002
fourteam_fire_postfix,34852,OgreMain.dll!?_writeRawConstant@GpuProgramParameters@Ogre@@QAEXIABVMatrix4@2@I@Z+0x3a,45,0.3146,14304,20.002
fourteam_fire_postfix,34852,battlezone98redux.exe!sub_62bf70,44,0.3076,14304,20.002
fourteam_fire_postfix,34852,OgreMain.dll!?getParameters@GpuProgramUsage@Ogre@@QAE?AV?$SharedPtr@VGpuProgramParameters@Ogre@@@2@XZ+0xe7,44,0.3076,14304,20.002
fourteam_fire_postfix,34852,RenderSystem_Direct3D11.dll!?uninstall@D3D11Plugin@Ogre@@UAEXXZ+0x625f,44,0.3076,14304,20.002
fourteam_fire_postfix,34852,battlezone98redux.exe!sub_583f30,43,0.3006,14304,20.002
fourteam_fire_postfix,34852,d3d11.dll+0x30d82,42,0.2936,14304,20.002
fourteam_fire_postfix,34852,OgreMain.dll!?isVisible@ShadowRenderable@Ogre@@UBE_NXZ+0x231,42,0.2936,14304,20.002
fourteam_fire_postfix,34852,MSVCR120.dll!__libm_sse2_acosf+0x36,42,0.2936,14304,20.002
fourteam_fire_postfix,34852,ntdll.dll!RtlStringCchPrintfExW+0x65,42,0.2936,14304,20.002
fourteam_fire_postfix,34852,ntdll.dll!__vsnwprintf+0x18,42,0.2936,14304,20.002
fourteam_fire_postfix,34852,ntdll.dll!RtlStringVPrintfWorkerW+0x1c,42,0.2936,14304,20.002
fourteam_fire_postfix,34852,ntdll.dll!_LdrpGenerateSnapsUnicodeStrings@28+0x141,42,0.2936,14304,20.002
fourteam_fire_postfix,34852,battlezone98redux.exe!sub_44dca0,42,0.2936,14304,20.002
fourteam_fire_postfix,34852,OgreMain.dll!?getFragmentProgramParameters@Pass@Ogre@@QBE?AV?$SharedPtr@VGpuProgramParameters@Ogre@@@2@XZ+0x45,41,0.2866,14304,20.002
fourteam_fire_postfix,34852,WINMM.dll@6ea10000!BZROpenShim::`anonymous namespace'::DecideFrustumCull+0x5d,41,0.2866,14304,20.002
fourteam_fire_postfix,34852,battlezone98redux.exe!sub_689d10,41,0.2866,14304,20.002
fourteam_fire_postfix,34852,OgreMain.dll!?getVertexProgramParameters@Pass@Ogre@@QBE?AV?$SharedPtr@VGpuProgramParameters@Ogre@@@2@XZ+0x60,41,0.2866,14304,20.002
fourteam_fire_postfix,34852,ntdll.dll!__vsnwprintf_l+0x5b,41,0.2866,14304,20.002
fourteam_fire_postfix,34852,d3d11.dll+0x31412,40,0.2796,14304,20.002
fourteam_fire_postfix,34852,d3d11.dll+0x30af7,40,0.2796,14304,20.002
fourteam_fire_postfix,34852,battlezone98redux.exe!sub_7d6a70,39,0.2727,14304,20.002
fourteam_fire_postfix,34852,battlezone98redux.exe!sub_43bdc0,39,0.2727,14304,20.002
fourteam_fire_postfix,34852,OgreMain.dll!?updatePoint@RotationalSpline@Ogre@@QAEXGABVQuaternion@2@@Z+0xafcf,39,0.2727,14304,20.002
fourteam_fire_postfix,34852,OgreMain.dll!?setViewport@SceneManager@Ogre@@MAEXPAVViewport@2@@Z+0x16,39,0.2727,14304,20.002
fourteam_fire_postfix,34852,OgreMain.dll!?lock@HardwareBuffer@Ogre@@UAEPAXIIW4LockOptions@12@W4UploadOptions@12@@Z+0x19c,39,0.2727,14304,20.002
fourteam_fire_postfix,34852,battlezone98redux.exe!sub_679830,39,0.2727,14304,20.002
fourteam_fire_postfix,34852,d3d11.dll!CreateDirect3D11DeviceFromDXGIDevice+0x9f9c3,39,0.2727,14304,20.002
fourteam_fire_postfix,34852,battlezone98redux.exe!sub_680bd0,39,0.2727,14304,20.002
fourteam_fire_postfix,34852,OgreMain.dll!?isInLightRange@Light@Ogre@@QBE_NABVSphere@2@@Z+0x74,38,0.2657,14304,20.002
fourteam_fire_postfix,34852,OgreMain.dll!?getBestTechnique@Material@Ogre@@QAEPAVTechnique@2@GPBVRenderable@2@@Z+0x8b,38,0.2657,14304,20.002
fourteam_fire_postfix,34852,battlezone98redux.exe!sub_445d90,38,0.2657,14304,20.002
fourteam_fire_postfix,34852,OgreMain.dll!?getNumWorldTransforms@SubEntity@Ogre@@UBEGXZ+0x15,38,0.2657,14304,20.002
fourteam_fire_postfix,34852,battlezone98redux.exe!sub_4f90f0,37,0.2587,14304,20.002
fourteam_fire_postfix,34852,d3d11.dll!D3D11CoreCreateDevice+0x1d1e8,37,0.2587,14304,20.002
fourteam_fire_postfix,34852,RenderSystem_Direct3D11.dll!?_render@D3D11RenderSystem@Ogre@@UAEXABVRenderOperation@2@@Z+0x3b7,37,0.2587,14304,20.002
fourteam_fire_postfix,34852,OgreMain.dll!?clone@Animation@Ogre@@QBEPAV12@ABV?$basic_string@DU?$char_traits@D@std@@V?$allocator@D@2@@std@@@Z+0x283,37,0.2587,14304,20.002
fourteam_fire_postfix,34852,OgreMain.dll!?deriveTextureRenderTargetOptions@CompositorInstance@Ogre@@AAEXABV?$basic_string@DU?$char_traits@D@std@@V?$allocator@D@2@@std@@PA_NPAIPAV34@@Z+0xcfc,37,0.2587,14304,20.002
fourteam_fire_postfix,34852,OgreMain.dll!?getHasInstanceData@VertexBufferBinding@Ogre@@UBE_NXZ+0x17,37,0.2587,14304,20.002
fourteam_fire_postfix,34852,d3d11.dll!CreateDirect3D11DeviceFromDXGIDevice+0x9f925,37,0.2587,14304,20.002
fourteam_fire_postfix,34852,MSVCR120.dll!__libm_sse2_acosf+0x17e,37,0.2587,14304,20.002
fourteam_fire_postfix,34852,RenderSystem_Direct3D11.dll!?_setViewport@D3D11RenderSystem@Ogre@@UAEXPAVViewport@2@@Z+0xb8,36,0.2517,14304,20.002
fourteam_fire_postfix,34852,battlezone98redux.exe!sub_6854b0,36,0.2517,14304,20.002
fourteam_fire_postfix,34852,battlezone98redux.exe!sub_6832c8,36,0.2517,14304,20.002
fourteam_fire_postfix,34852,nvwgf2um.dll!SetDependencyInfo+0x55f6b,36,0.2517,14304,20.002
fourteam_fire_postfix,34852,nvwgf2um.dll!SetDependencyInfo+0x5a32d,36,0.2517,14304,20.002
fourteam_fire_postfix,34852,RenderSystem_Direct3D11.dll!?_render@D3D11RenderSystem@Ogre@@UAEXABVRenderOperation@2@@Z+0x5b4,36,0.2517,14304,20.002
fourteam_fire_postfix,34852,OgreMain.dll!?getMovableType@MovablePlane@Ogre@@UBEABV?$basic_string@DU?$char_traits@D@std@@V?$allocator@D@2@@std@@XZ+0x820,35,0.2447,14304,20.002
fourteam_fire_postfix,34852,RenderSystem_Direct3D11.dll!?getConstantBuffer@D3D11HLSLProgram@Ogre@@QAEPAUID3D11Buffer@@V?$SharedPtr@VGpuProgramParameters@Ogre@@@2@G@Z+0xa4,35,0.2447,14304,20.002
fourteam_fire_postfix,34852,d3d11.dll!D3D11CoreCreateDevice+0x9538,35,0.2447,14304,20.002
fourteam_fire_postfix,34852,battlezone98redux.exe!sub_820180,35,0.2447,14304,20.002
fourteam_fire_postfix,34852,d3d11.dll!CreateDirect3D11DeviceFromDXGIDevice+0x9da47,34,0.2377,14304,20.002
fourteam_fire_postfix,34852,battlezone98redux.exe!sub_4dfbf0,34,0.2377,14304,20.002
fourteam_fire_postfix,34852,OgreMain.dll!?renderSingleObject@SceneManager@Ogre@@MAEXPAVRenderable@2@PBVPass@2@_N2PBV?$HashedVector@PAVLight@Ogre@@@2@@Z+0x23d,34,0.2377,14304,20.002
fourteam_fire_postfix,34852,battlezone98redux.exe!back,34,0.2377,14304,20.002
fourteam_fire_postfix,34852,OgreMain.dll!?_updateAutoParams@GpuProgramParameters@Ogre@@QAEXPBVAutoParamDataSource@2@G@Z+0x1b5b,34,0.2377,14304,20.002
fourteam_fire_postfix,34852,OgreMain.dll+0x3942d,33,0.2307,14304,20.002
fourteam_fire_postfix,34852,battlezone98redux.exe!sub_5fa6e0,33,0.2307,14304,20.002
fourteam_fire_postfix,34852,RenderSystem_Direct3D11.dll!?bindGpuProgramParameters@D3D11RenderSystem@Ogre@@UAEXW4GpuProgramType@2@V?$SharedPtr@VGpuProgramParameters@Ogre@@@2@G@Z+0x187,33,0.2307,14304,20.002
fourteam_fire_postfix,34852,OgreMain.dll!?_updateBounds@SceneNode@Ogre@@UAEXXZ+0x2e,33,0.2307,14304,20.002
fourteam_fire_postfix,34852,RenderSystem_Direct3D11.dll!?getILayoutByShader@D3D11VertexDeclaration@Ogre@@IAEPAUID3D11InputLayout@@PAVD3D11HLSLProgram@2@PAVVertexBufferBinding@2@@Z+0x253,33,0.2307,14304,20.002
fourteam_fire_postfix,34852,OgreMain.dll!?_renderScene@SceneManager@Ogre@@UAEXPAVCamera@2@PAVViewport@2@_N@Z+0x350,33,0.2307,14304,20.002
fourteam_fire_postfix,34852,battlezone98redux.exe!sub_686600,33,0.2307,14304,20.002
fourteam_fire_postfix,34852,ntdll.dll!_KiUserExceptionDispatcher@8+0xf,32,0.2237,14304,20.002
fourteam_fire_postfix,34852,battlezone98redux.exe!sub_5dc300,32,0.2237,14304,20.002
fourteam_fire_postfix,34852,OgreMain.dll!?getHasInstanceData@VertexBufferBinding@Ogre@@UBE_NXZ+0x13,32,0.2237,14304,20.002
fourteam_fire_postfix,34852,WINMM.dll@6ea10000!BZROpenShim::`anonymous namespace'::RefreshHeadlightState+0x203,32,0.2237,14304,20.002
fourteam_fire_postfix,34852,OgreMain.dll!?isInLightRange@Light@Ogre@@QBE_NABVSphere@2@@Z+0x4e,32,0.2237,14304,20.002
fourteam_fire_postfix,34852,battlezone98redux.exe!FID_conflict:begin,32,0.2237,14304,20.002
fourteam_fire_postfix,34852,battlezone98redux.exe!sub_44cb70,32,0.2237,14304,20.002
fourteam_fire_postfix,34852,dxgi.dll!DXGIDisableVBlankVirtualization+0x20a1e,31,0.2167,14304,20.002
fourteam_fire_postfix,34852,d3d11.dll!CreateDirect3D11DeviceFromDXGIDevice+0xa5747,31,0.2167,14304,20.002
fourteam_fire_postfix,34852,battlezone98redux.exe!sub_785730,31,0.2167,14304,20.002
fourteam_fire_postfix,34852,OgreMain.dll!?Ogre_InterlockedIncrement64@InterlockedCompareExchange64Wrapper@Ogre@@SA_JPC_J@Z+0x72b,31,0.2167,14304,20.002
fourteam_fire_postfix,34852,nvwgf2um.dll!OpenAdapter10+0x7459d,31,0.2167,14304,20.002
fourteam_fire_postfix,34852,ntdll.dll!__woutput_l+0x870,31,0.2167,14304,20.002
fourteam_fire_postfix,34852,RenderSystem_Direct3D11.dll!?createImpl@D3D11GpuProgramManager@Ogre@@MAEPAVResource@2@ABV?$basic_string@DU?$char_traits@D@std@@V?$allocator@D@2@@std@@_K0_NPAVManualResourceLoader@2@W4GpuProgramType@2@0@Z+0x6144,30,0.2097,14304,20.002
fourteam_fire_postfix,34852,USER32.dll!SystemParametersInfoA+0x66,30,0.2097,14304,20.002
fourteam_fire_postfix,34852,MSVCR120.dll!__libm_sse2_acosf+0xf3,30,0.2097,14304,20.002
fourteam_fire_postfix,34852,MSVCR120.dll!log2f+0x11,30,0.2097,14304,20.002
fourteam_fire_postfix,34852,OgreMain.dll!?addSolidRenderable@RenderPriorityGroup@Ogre@@IAEXPAVTechnique@2@PAVRenderable@2@_N@Z+0x42,30,0.2097,14304,20.002
fourteam_fire_postfix,34852,nvwgf2um.dll!OpenAdapter10+0x726fd,30,0.2097,14304,20.002
fourteam_fire_postfix,34852,battlezone98redux.exe!sub_4ff750,30,0.2097,14304,20.002
fourteam_fire_postfix,34852,OgreMain.dll!?getWorldBoundingBox@MovableObject@Ogre@@UBEABVAxisAlignedBox@2@_N@Z+0x67,30,0.2097,14304,20.002
fourteam_fire_postfix,34852,win32u.dll!_NtUserSystemParametersInfo@16+0xc,29,0.2027,14304,20.002
fourteam_fire_postfix,34852,uxtheme.dll!GetImmersiveUserColorSetPreference+0x1113f,29,0.2027,14304,20.002
fourteam_fire_postfix,34852,uxtheme.dll!GetImmersiveUserColorSetPreference+0x1195f,29,0.2027,14304,20.002
fourteam_fire_postfix,34852,uxtheme.dll!EnableThemeDialogTexture+0x1143,29,0.2027,14304,20.002
fourteam_fire_postfix,34852,OgreMain.dll!?_updateAutoParams@GpuProgramParameters@Ogre@@QAEXPBVAutoParamDataSource@2@G@Z+0x1cf5,29,0.2027,14304,20.002
fourteam_fire_postfix,34852,RenderSystem_Direct3D11.dll!?_render@D3D11RenderSystem@Ogre@@UAEXABVRenderOperation@2@@Z+0x18cf,29,0.2027,14304,20.002
fourteam_fire_postfix,34852,battlezone98redux.exe!sub_820570,29,0.2027,14304,20.002
fourteam_fire_postfix,34852,OgreMain.dll!?_updateAutoParams@GpuProgramParameters@Ogre@@QAEXPBVAutoParamDataSource@2@G@Z+0x1f65,29,0.2027,14304,20.002
fourteam_fire_postfix,34852,OgreMain.dll!?getShadowCamera@LiSPSMShadowCameraSetup@Ogre@@UBEXPBVSceneManager@2@PBVCamera@2@PBVViewport@2@PBVLight@2@PAV42@I@Z+0x277,29,0.2027,14304,20.002
fourteam_fire_postfix,34852,OgreMain.dll!?useLightsGpuProgram@SceneManager@Ogre@@MAEXPBVPass@2@PBV?$HashedVector@PAVLight@Ogre@@@2@@Z+0x2b,29,0.2027,14304,20.002
fourteam_fire_postfix,34852,battlezone98redux.exe!get,29,0.2027,14304,20.002
fourteam_fire_postfix,34852,battlezone98redux.exe!sub_81e1e0,29,0.2027,14304,20.002
fourteam_fire_postfix,34852,nvwgf2um.dll!SetDependencyInfo+0x55997,29,0.2027,14304,20.002
fourteam_fire_postfix,34852,battlezone98redux.exe!sub_4ff320,29,0.2027,14304,20.002
fourteam_fire_postfix,34852,WINMM.dll@6ea10000!BZROpenShim::ChunkEffectSimulateHook+0x1de,29,0.2027,14304,20.002
fourteam_fire_postfix,34852,ntdll.dll!_mbtowc+0x36,29,0.2027,14304,20.002
fourteam_fire_postfix,34852,battlezone98redux.exe!sub_5faac0,28,0.1957,14304,20.002
fourteam_fire_postfix,34852,RenderSystem_Direct3D11.dll!?getILayoutByShader@D3D11VertexDeclaration@Ogre@@IAEPAUID3D11InputLayout@@PAVD3D11HLSLProgram@2@PAVVertexBufferBinding@2@@Z+0x24f,28,0.1957,14304,20.002
fourteam_fire_postfix,34852,OgreMain.dll!?_updateAutoParams@GpuProgramParameters@Ogre@@QAEXPBVAutoParamDataSource@2@G@Z+0x1eb5,28,0.1957,14304,20.002
fourteam_fire_postfix,34852,OgreMain.dll!?_updateAutoParams@GpuProgramParameters@Ogre@@QAEXPBVAutoParamDataSource@2@G@Z+0x1c2f,28,0.1957,14304,20.002
fourteam_fire_postfix,34852,OgreMain.dll!?ACos@Math@Ogre@@SA?AVRadian@2@M@Z+0x11,28,0.1957,14304,20.002
fourteam_fire_postfix,34852,ntdll.dll!_KiUserCallbackDispatcher@12+0x36,28,0.1957,14304,20.002
fourteam_fire_postfix,34852,battlezone98redux.exe!sub_43a170,28,0.1957,14304,20.002
fourteam_fire_postfix,34852,OgreMain.dll!?isInLightRange@Light@Ogre@@QBE_NABVSphere@2@@Z+0x138,28,0.1957,14304,20.002
fourteam_fire_postfix,34852,OgreMain.dll!?findLightsAffectingFrustum@SceneManager@Ogre@@MAEXPBVCamera@2@@Z+0x119,28,0.1957,14304,20.002
fourteam_fire_postfix,34852,OgreMain.dll!?_updateAutoParams@GpuProgramParameters@Ogre@@QAEXPBVAutoParamDataSource@2@G@Z+0x1ca9,28,0.1957,14304,20.002
fourteam_fire_postfix,34852,WINMM.dll@6ea10000!BZROpenShim::`anonymous namespace'::TrackChunkEffectActiveEntries+0x3b7,28,0.1957,14304,20.002
fourteam_fire_postfix,34852,battlezone98redux.exe!sub_5fb450,27,0.1888,14304,20.002
fourteam_fire_postfix,34852,battlezone98redux.exe!sub_44d180,27,0.1888,14304,20.002
fourteam_fire_postfix,34852,OgreMain.dll!?updateAnimation@Entity@Ogre@@IAEXXZ+0x38,27,0.1888,14304,20.002
fourteam_fire_postfix,34852,dxgi.dll!DXGIDisableVBlankVirtualization+0x20b89,27,0.1888,14304,20.002
fourteam_fire_postfix,34852,win32u.dll!_NtUserGetLayeredWindowAttributes@16+0xc,27,0.1888,14304,20.002
fourteam_fire_postfix,34852,OgreMain.dll!?_updateAutoParams@GpuProgramParameters@Ogre@@QAEXPBVAutoParamDataSource@2@G@Z+0x1a72,27,0.1888,14304,20.002
fourteam_fire_postfix,34852,OgreMain.dll!?isInLightRange@Light@Ogre@@QBE_NABVSphere@2@@Z+0x175,27,0.1888,14304,20.002
fourteam_fire_postfix,34852,OgreMain.dll!?addRenderable@RenderQueue@Ogre@@QAEXPAVRenderable@2@E@Z+0x13,27,0.1888,14304,20.002
fourteam_fire_postfix,34852,WINMM.dll@6ea10000!BZROpenShim::`anonymous namespace'::DecideFrustumCull+0x8b,27,0.1888,14304,20.002
fourteam_fire_postfix,34852,ntdll.dll!ExecuteHandler@20+0x24,26,0.1818,14304,20.002
fourteam_fire_postfix,34852,ntdll.dll!ExecuteHandler2@20+0x26,26,0.1818,14304,20.002
fourteam_fire_postfix,34852,battlezone98redux.exe!sub_81f1e0,26,0.1818,14304,20.002
fourteam_fire_postfix,34852,battlezone98redux.exe!sub_439d00,26,0.1818,14304,20.002
fourteam_fire_postfix,34852,OgreMain.dll!?_updateAutoParams@GpuProgramParameters@Ogre@@QAEXPBVAutoParamDataSource@2@G@Z+0x1cbc,26,0.1818,14304,20.002
fourteam_fire_postfix,34852,OgreMain.dll!?getBoundingBox@Entity@Ogre@@UBEABVAxisAlignedBox@2@XZ+0x8e2,26,0.1818,14304,20.002
fourteam_fire_postfix,34852,battlezone98redux.exe!sub_6796d0,26,0.1818,14304,20.002
fourteam_fire_postfix,34852,nvwgf2um.dll!SetDependencyInfo+0x5560f,26,0.1818,14304,20.002
fourteam_fire_postfix,34852,ntdll.dll!_ZwReleaseSemaphore@12+0xc,26,0.1818,14304,20.002
fourteam_fire_postfix,34852,OgreMain.dll!?processVisibleObject@RenderQueue@Ogre@@QAEXPAVMovableObject@2@PAVCamera@2@_NPAUVisibleObjectsBoundsInfo@2@@Z+0xc7,26,0.1818,14304,20.002
fourteam_fire_postfix,34852,ntdll.dll!_LdrGetDllHandleEx@20+0x2f1,26,0.1818,14304,20.002
fourteam_fire_postfix,34852,RenderSystem_Direct3D11.dll!??0D3D11RenderWindowSwapChainBased@Ogre@@QAE@ABV01@@Z+0x9da,26,0.1818,14304,20.002
fourteam_fire_postfix,34852,battlezone98redux.exe!sub_4440d0,26,0.1818,14304,20.002
fourteam_fire_postfix,34852,battlezone98redux.exe!sub_451370,26,0.1818,14304,20.002
fourteam_fire_postfix,34852,MSVCR120.dll!wcsnlen+0x13c,25,0.1748,14304,20.002
fourteam_fire_postfix,34852,RenderSystem_Direct3D11.dll!?getILayoutByShader@D3D11VertexDeclaration@Ogre@@IAEPAUID3D11InputLayout@@PAVD3D11HLSLProgram@2@PAVVertexBufferBinding@2@@Z+0x56,25,0.1748,14304,20.002
fourteam_fire_postfix,34852,dxgi.dll!DXGIGetDebugInterface1+0x204dd,25,0.1748,14304,20.002
fourteam_fire_postfix,34852,OgreMain.dll!?_injectRenderWithPass@SceneManager@Ogre@@UAEXPAVPass@2@PAVRenderable@2@_N2PBV?$HashedVector@PAVLight@Ogre@@@2@@Z+0x29,25,0.1748,14304,20.002
fourteam_fire_postfix,34852,OgreMain.dll!?_populateLightList@SceneManager@Ogre@@UAEXABVVector3@2@MAAV?$HashedVector@PAVLight@Ogre@@@2@I@Z+0xb5,25,0.1748,14304,20.002
fourteam_fire_postfix,34852,OgreMain.dll!?getProgram@Pass@Ogre@@IBEABV?$SharedPtr@VGpuProgram@Ogre@@@2@PBQAVGpuProgramUsage@2@@Z+0x38,25,0.1748,14304,20.002
fourteam_fire_postfix,34852,WINMM.dll@6ea10000!BZROpenShim::`anonymous namespace'::InstallEmissionLightFixIfPossible+0xb5,25,0.1748,14304,20.002
fourteam_fire_postfix,34852,OgreMain.dll!?getDerivedPosition@Light@Ogre@@QBEABVVector3@2@_N@Z+0xe,25,0.1748,14304,20.002
fourteam_fire_postfix,34852,nvwgf2um.dll!SetDependencyInfo+0x557ac,25,0.1748,14304,20.002
fourteam_fire_postfix,34852,OgreMain.dll!?getValueImpl@DistanceLodStrategyBase@Ogre@@MBEMPBVMovableObject@2@PBVCamera@2@@Z+0x15,25,0.1748,14304,20.002
fourteam_fire_postfix,34852,battlezone98redux.exe!sub_8203f0,25,0.1748,14304,20.002
fourteam_fire_postfix,34852,battlezone98redux.exe!sub_679610,25,0.1748,14304,20.002
fourteam_fire_postfix,34852,OgreMain.dll!?isHardwareAnimationEnabled@Entity@Ogre@@QAE_NXZ+0x28,25,0.1748,14304,20.002
fourteam_fire_postfix,34852,OgreMain.dll!?renderSingleObject@SceneManager@Ogre@@MAEXPAVRenderable@2@PBVPass@2@_N2PBV?$HashedVector@PAVLight@Ogre@@@2@@Z+0x1d5,25,0.1748,14304,20.002
fourteam_fire_postfix,34852,OgreMain.dll!?renderSingleObject@SceneManager@Ogre@@MAEXPAVRenderable@2@PBVPass@2@_N2PBV?$HashedVector@PAVLight@Ogre@@@2@@Z+0x87,25,0.1748,14304,20.002
fourteam_fire_postfix,34852,OgreMain.dll!?ASin@Math@Ogre@@SA?AVRadian@2@M@Z+0x8,25,0.1748,14304,20.002
fourteam_fire_postfix,34852,OgreMain.dll!?_updateAutoParams@GpuProgramParameters@Ogre@@QAEXPBVAutoParamDataSource@2@G@Z+0x1d08,25,0.1748,14304,20.002
fourteam_fire_postfix,34852,RenderSystem_Direct3D11.dll!?getConstantBuffer@D3D11HLSLProgram@Ogre@@QAEPAUID3D11Buffer@@V?$SharedPtr@VGpuProgramParameters@Ogre@@@2@G@Z+0xe7,25,0.1748,14304,20.002
fourteam_fire_postfix,34852,MSVCR120.dll!__libm_sse2_acosf+0x13d,25,0.1748,14304,20.002
fourteam_fire_postfix,34852,OgreMain.dll!?findLightsAffectingFrustum@SceneManager@Ogre@@MAEXPBVCamera@2@@Z+0x398,25,0.1748,14304,20.002
fourteam_fire_postfix,34852,WINMM.dll@6ea10000!BZROpenShim::`anonymous namespace'::TrackChunkEffectActiveEntries+0x327,25,0.1748,14304,20.002
fourteam_fire_postfix,34852,OgreMain.dll!?angleBetween@Vector3@Ogre@@QBE?AVRadian@2@ABV12@@Z+0xc9,24,0.1678,14304,20.002
fourteam_fire_postfix,34852,OgreMain.dll!?_updateBounds@SceneNode@Ogre@@UAEXXZ+0x193,24,0.1678,14304,20.002
fourteam_fire_postfix,34852,battlezone98redux.exe!sub_417780,24,0.1678,14304,20.002
fourteam_fire_postfix,34852,battlezone98redux.exe!sub_6002a0,24,0.1678,14304,20.002
fourteam_fire_postfix,34852,d3d11.dll+0x27010,24,0.1678,14304,20.002
fourteam_fire_postfix,34852,battlezone98redux.exe!sub_680fe0,24,0.1678,14304,20.002
fourteam_fire_postfix,34852,OgreMain.dll+0x21c01,24,0.1678,14304,20.002
fourteam_fire_postfix,34852,battlezone98redux.exe!sub_4deaa0,24,0.1678,14304,20.002
fourteam_fire_postfix,34852,RenderSystem_Direct3D11.dll!?getILayoutByShader@D3D11VertexDeclaration@Ogre@@IAEPAUID3D11InputLayout@@PAVD3D11HLSLProgram@2@PAVVertexBufferBinding@2@@Z+0x52,24,0.1678,14304,20.002
fourteam_fire_postfix,34852,RenderSystem_Direct3D11.dll!?_render@D3D11RenderSystem@Ogre@@UAEXABVRenderOperation@2@@Z+0x1295,24,0.1678,14304,20.002
fourteam_fire_postfix,34852,ntdll.dll!_LdrGetDllHandleEx@20+0x61,24,0.1678,14304,20.002
fourteam_fire_postfix,34852,battlezone98redux.exe!sub_784100,24,0.1678,14304,20.002
fourteam_fire_postfix,34852,OgreMain.dll!?updatePoint@RotationalSpline@Ogre@@QAEXGABVQuaternion@2@@Z+0xb042,24,0.1678,14304,20.002
fourteam_fire_postfix,34852,ntdll.dll!_ZwContinue@8+0xc,23,0.1608,14304,20.002
fourteam_fire_postfix,34852,RenderSystem_Direct3D11.dll!?_render@D3D11RenderSystem@Ogre@@UAEXABVRenderOperation@2@@Z+0x132f,23,0.1608,14304,20.002
fourteam_fire_postfix,34852,battlezone98redux.exe!sub_6897e0,23,0.1608,14304,20.002
fourteam_fire_postfix,34852,battlezone98redux.exe!sub_6210a0,23,0.1608,14304,20.002
fourteam_fire_postfix,34852,OgreMain.dll!?isInLightRange@Light@Ogre@@QBE_NABVSphere@2@@Z+0x6,23,0.1608,14304,20.002
fourteam_fire_postfix,34852,dxgi.dll!DXGIGetDebugInterface1+0x209d0,23,0.1608,14304,20.002
fourteam_fire_postfix,34852,d3d11.dll!CreateDirect3D11DeviceFromDXGIDevice+0x8ee16,23,0.1608,14304,20.002
fourteam_fire_postfix,34852,RenderSystem_Direct3D11.dll!?_render@D3D11RenderSystem@Ogre@@UAEXABVRenderOperation@2@@Z+0x423,23,0.1608,14304,20.002
fourteam_fire_postfix,34852,battlezone98redux.exe!sub_67ae70,23,0.1608,14304,20.002
fourteam_fire_postfix,34852,battlezone98redux.exe!sub_447e50,23,0.1608,14304,20.002
fourteam_fire_postfix,34852,RenderSystem_Direct3D11.dll+0x3ee0,23,0.1608,14304,20.002
fourteam_fire_postfix,34852,battlezone98redux.exe!sub_44d670,23,0.1608,14304,20.002
fourteam_fire_postfix,34852,OgreMain.dll!?isVisible@MovableObject@Ogre@@UBE_NXZ+0x25,23,0.1608,14304,20.002
fourteam_fire_postfix,34852,battlezone98redux.exe!sub_585680,23,0.1608,14304,20.002
fourteam_fire_postfix,34852,battlezone98redux.exe!sub_480450,23,0.1608,14304,20.002
fourteam_fire_postfix,34852,OgreMain.dll!?isInLightRange@Light@Ogre@@QBE_NABVSphere@2@@Z+0x7e,23,0.1608,14304,20.002
fourteam_fire_postfix,34852,RenderSystem_Direct3D11.dll!?getILayoutByShader@D3D11VertexDeclaration@Ogre@@IAEPAUID3D11InputLayout@@PAVD3D11HLSLProgram@2@PAVVertexBufferBinding@2@@Z+0x274,22,0.1538,14304,20.002
fourteam_fire_postfix,34852,RenderSystem_Direct3D11.dll!?getMonitorSequentialNumberFromSwapChain@MonitorInfo@Ogre@@QAEGPAUIDXGISwapChain@@_N@Z+0x27a7,22,0.1538,14304,20.002
fourteam_fire_postfix,34852,RenderSystem_Direct3D11.dll!?bindToShader@D3D11VertexDeclaration@Ogre@@QAEXPAVD3D11HLSLProgram@2@PAVVertexBufferBinding@2@@Z+0xa,22,0.1538,14304,20.002
fourteam_fire_postfix,34852,d3d11.dll+0x2b4fb,22,0.1538,14304,20.002
fourteam_fire_postfix,34852,battlezone98redux.exe!sub_444f70,22,0.1538,14304,20.002
fourteam_fire_postfix,34852,OgreMain.dll!?prepareRenderQueue@SceneManager@Ogre@@MAEXXZ+0x2f,22,0.1538,14304,20.002
fourteam_fire_postfix,34852,OgreMain.dll!?_updateAutoParams@Pass@Ogre@@QBEXPBVAutoParamDataSource@2@G@Z+0xf1,22,0.1538,14304,20.002
fourteam_fire_postfix,34852,battlezone98redux.exe!sub_82c82c,22,0.1538,14304,20.002
fourteam_fire_postfix,34852,battlezone98redux.exe!sub_81cb40,22,0.1538,14304,20.002
fourteam_fire_postfix,34852,WINMM.dll@6ea10000!BZROpenShim::ResolveCraftOgreEntity+0x8,22,0.1538,14304,20.002
fourteam_fire_postfix,34852,battlezone98redux.exe!sub_679570,22,0.1538,14304,20.002
fourteam_fire_postfix,34852,battlezone98redux.exe!sub_585560,22,0.1538,14304,20.002
fourteam_fire_postfix,34852,OgreMain.dll!?_calcTempSquareDist@Light@Ogre@@QAEXABVVector3@2@@Z+0x4c,22,0.1538,14304,20.002
fourteam_fire_postfix,34852,OgreMain.dll!?findLightsAffectingFrustum@SceneManager@Ogre@@MAEXPBVCamera@2@@Z+0xd8,22,0.1538,14304,20.002
fourteam_fire_postfix,34852,OgreMain.dll!?updatePoint@RotationalSpline@Ogre@@QAEXGABVQuaternion@2@@Z+0x1522,22,0.1538,14304,20.002
fourteam_fire_postfix,34852,OgreMain.dll!?_notifyCurrentCamera@Entity@Ogre@@UAEXPAVCamera@2@@Z+0x169,21,0.1468,14304,20.002
fourteam_fire_postfix,34852,OgreMain.dll!?getVertexProgramParameters@Pass@Ogre@@QBE?AV?$SharedPtr@VGpuProgramParameters@Ogre@@@2@XZ+0x127,21,0.1468,14304,20.002
fourteam_fire_postfix,34852,OgreMain.dll!?getHasInstanceData@VertexBufferBinding@Ogre@@UBE_NXZ+0x5,21,0.1468,14304,20.002
fourteam_fire_postfix,34852,OgreMain.dll!?isFloat@GpuConstantDefinition@Ogre@@SA_NW4GpuConstantType@2@@Z+0x1a,21,0.1468,14304,20.002
fourteam_fire_postfix,34852,OgreMain.dll!?_updateAutoParams@GpuProgramParameters@Ogre@@QAEXPBVAutoParamDataSource@2@G@Z+0x1e50,21,0.1468,14304,20.002
fourteam_fire_postfix,34852,battlezone98redux.exe!sub_68ca30,21,0.1468,14304,20.002
fourteam_fire_postfix,34852,OgreMain.dll!?angleBetween@Vector3@Ogre@@QBE?AVRadian@2@ABV12@@Z+0xd0,21,0.1468,14304,20.002
fourteam_fire_postfix,34852,d3d11.dll+0x31a6a,21,0.1468,14304,20.002
fourteam_fire_postfix,34852,OgreMain.dll!?hasScale@Matrix4@Ogre@@QBE_NXZ+0x42,21,0.1468,14304,20.002
fourteam_fire_postfix,34852,MSVCR120.dll!__libm_sse2_acosf+0xe8,21,0.1468,14304,20.002
fourteam_fire_postfix,34852,OgreMain.dll!?_populateLightList@SceneManager@Ogre@@UAEXABVVector3@2@MAAV?$HashedVector@PAVLight@Ogre@@@2@I@Z+0x136,21,0.1468,14304,20.002
fourteam_fire_postfix,34852,OgreMain.dll!?updatePoint@RotationalSpline@Ogre@@QAEXGABVQuaternion@2@@Z+0xb054,21,0.1468,14304,20.002
fourteam_fire_postfix,34852,"battlezone98redux.exe!FID_conflict:_Vector_const_iterator<class_std::_Vector_val<struct_std::_Simple_types<class_std::shared_ptr<struct_Concurrency::details::_Task_impl<struct_std::pair<unsigned_char,class_Concurrency::details::_CancellationTokenState*>_>_>_>_>_>",21,0.1468,14304,20.002
fourteam_fire_postfix,34852,OgreMain.dll!?isInLightRange@Light@Ogre@@QBE_NABVSphere@2@@Z+0x161,21,0.1468,14304,20.002
fourteam_fire_postfix,34852,RenderSystem_Direct3D11.dll!?_render@D3D11RenderSystem@Ogre@@UAEXABVRenderOperation@2@@Z+0x229,21,0.1468,14304,20.002
fourteam_fire_postfix,34852,RenderSystem_Direct3D11.dll!?_render@D3D11RenderSystem@Ogre@@UAEXABVRenderOperation@2@@Z+0x195a,21,0.1468,14304,20.002
fourteam_fire_postfix,34852,OgreMain.dll!?isInLightRange@Light@Ogre@@QBE_NABVSphere@2@@Z+0x2b,20,0.1398,14304,20.002
fourteam_fire_postfix,34852,nvwgf2um.dll!OpenAdapter10+0x744c7,20,0.1398,14304,20.002
fourteam_fire_postfix,34852,OgreMain.dll!?touchVertexBufferCopy@HardwareBufferManagerBase@Ogre@@UAEXABVHardwareVertexBufferSharedPtr@2@@Z+0x1f,20,0.1398,14304,20.002
fourteam_fire_postfix,34852,OgreMain.dll!?ACos@Math@Ogre@@SA?AVRadian@2@M@Z+0xf,20,0.1398,14304,20.002
fourteam_fire_postfix,34852,battlezone98redux.exe!sub_5c19d0,20,0.1398,14304,20.002
fourteam_fire_postfix,34852,battlezone98redux.exe!sub_67bad0,20,0.1398,14304,20.002
fourteam_fire_postfix,34852,battlezone98redux.exe!sub_4da060,20,0.1398,14304,20.002
fourteam_fire_postfix,34852,RenderSystem_Direct3D11.dll!?_setRenderTarget@D3D11RenderSystem@Ogre@@UAEXPAVRenderTarget@2@@Z+0x4c,20,0.1398,14304,20.002
fourteam_fire_postfix,34852,battlezone98redux.exe!sub_81e660,20,0.1398,14304,20.002
fourteam_fire_postfix,34852,OgreMain.dll!?getViewMatrix@AutoParamDataSource@Ogre@@UBEABVMatrix4@2@XZ+0x7c,20,0.1398,14304,20.002
fourteam_fire_postfix,34852,battlezone98redux.exe!sub_5c6f70,20,0.1398,14304,20.002
fourteam_fire_postfix,34852,battlezone98redux.exe!sub_44c840,20,0.1398,14304,20.002
fourteam_fire_postfix,34852,OgreMain.dll!?getDistance@Plane@Ogre@@QBEMABVVector3@2@@Z+0x37,20,0.1398,14304,20.002
fourteam_fire_postfix,34852,battlezone98redux.exe!sub_44b4c0,20,0.1398,14304,20.002
fourteam_fire_postfix,34852,MSVCR120.dll!__crtFlsGetValue+0x19,19,0.1328,14304,20.002
fourteam_fire_postfix,34852,RenderSystem_Direct3D11.dll!?bindGpuProgramParameters@D3D11RenderSystem@Ogre@@UAEXW4GpuProgramType@2@V?$SharedPtr@VGpuProgramParameters@Ogre@@@2@G@Z+0x15f,19,0.1328,14304,20.002
fourteam_fire_postfix,34852,d3d11.dll!D3D11CoreCreateDevice+0x8faa,19,0.1328,14304,20.002
fourteam_fire_postfix,34852,d3d11.dll!D3D11CoreCreateDevice+0x8b17,19,0.1328,14304,20.002
fourteam_fire_postfix,34852,OgreMain.dll!?getNumWorldTransforms@SubEntity@Ogre@@UBEGXZ+0xe,19,0.1328,14304,20.002
fourteam_fire_postfix,34852,battlezone98redux.exe!sub_492d60,19,0.1328,14304,20.002
fourteam_fire_postfix,34852,ntdll.dll!_RtlFreeHeap@12+0xca,19,0.1328,14304,20.002
fourteam_fire_postfix,34852,OgreMain.dll!?_calcTempSquareDist@Light@Ogre@@QAEXABVVector3@2@@Z+0x58,19,0.1328,14304,20.002
fourteam_fire_postfix,34852,OgreMain.dll!?addRenderable@QueuedRenderableCollection@Ogre@@QAEXPAVPass@2@PAVRenderable@2@@Z+0x3c,19,0.1328,14304,20.002
fourteam_fire_postfix,34852,battlezone98redux.exe!sub_4461b0,19,0.1328,14304,20.002
fourteam_fire_postfix,34852,battlezone98redux.exe!sub_6dba70,19,0.1328,14304,20.002
fourteam_fire_postfix,34852,OgreMain.dll!?getSquaredDepth@DistanceLodSphereStrategy@Ogre@@UBEMPBVMovableObject@2@PBVCamera@2@@Z+0x2c,19,0.1328,14304,20.002
fourteam_fire_postfix,34852,OgreMain.dll!?getFragmentProgramParameters@Pass@Ogre@@QBE?AV?$SharedPtr@VGpuProgramParameters@Ogre@@@2@XZ+0x5b,19,0.1328,14304,20.002
fourteam_fire_postfix,34852,RenderSystem_Direct3D11.dll!??0D3D11RenderWindowSwapChainBased@Ogre@@QAE@ABV01@@Z+0x9f2,19,0.1328,14304,20.002
fourteam_fire_postfix,34852,RenderSystem_Direct3D11.dll!?bindGpuProgramParameters@D3D11RenderSystem@Ogre@@UAEXW4GpuProgramType@2@V?$SharedPtr@VGpuProgramParameters@Ogre@@@2@G@Z+0x85,19,0.1328,14304,20.002
fourteam_fire_postfix,34852,OgreMain.dll!?_populateLightList@SceneManager@Ogre@@UAEXABVVector3@2@MAAV?$HashedVector@PAVLight@Ogre@@@2@I@Z+0xbd,19,0.1328,14304,20.002
fourteam_fire_postfix,34852,battlezone98redux.exe!sub_462710,19,0.1328,14304,20.002
fourteam_fire_postfix,34852,battlezone98redux.exe!sub_681a00,19,0.1328,14304,20.002
fourteam_fire_postfix,34852,OgreMain.dll!?isHardwareAnimationEnabled@Entity@Ogre@@QAE_NXZ+0x43,19,0.1328,14304,20.002
fourteam_fire_postfix,34852,d3d11.dll!CreateDirect3D11DeviceFromDXGIDevice+0xbc60f,19,0.1328,14304,20.002
fourteam_fire_postfix,34852,battlezone98redux.exe!sub_81fd40,19,0.1328,14304,20.002
fourteam_fire_postfix,34852,OgreMain.dll!?_updateAutoParams@GpuProgramParameters@Ogre@@QAEXPBVAutoParamDataSource@2@G@Z+0x1f00,19,0.1328,14304,20.002
fourteam_fire_postfix,34852,OgreMain.dll!?_findVisibleObjects@SceneNode@Ogre@@UAEXPAVCamera@2@PAVRenderQueue@2@PAUVisibleObjectsBoundsInfo@2@_N33@Z+0x4c,19,0.1328,14304,20.002
fourteam_fire_postfix,34852,VCRUNTIME140.dll!@_EH4_GlobalUnwind2@8+0x15,19,0.1328,14304,20.002
fourteam_fire_postfix,34852,WINMM.dll@6ea10000!BZROpenShim::`anonymous namespace'::SubmitChunkProxiesToRenderQueue+0x48,19,0.1328,14304,20.002
fourteam_fire_postfix,34852,WINMM.dll@6ea10000!BZROpenShim::ResolveCraftOgreEntity+0x3a,19,0.1328,14304,20.002
fourteam_fire_postfix,34852,OgreMain.dll!?getVertexProgramParameters@Pass@Ogre@@QBE?AV?$SharedPtr@VGpuProgramParameters@Ogre@@@2@XZ+0x133,18,0.1258,14304,20.002
fourteam_fire_postfix,34852,nvwgf2um.dll!OpenAdapter10+0x71b17,18,0.1258,14304,20.002
fourteam_fire_postfix,34852,OgreMain.dll!?_updateAutoParams@GpuProgramParameters@Ogre@@QAEXPBVAutoParamDataSource@2@G@Z+0x1b85,18,0.1258,14304,20.002
fourteam_fire_postfix,34852,MSVCR120.dll!__libm_sse2_asinf+0xa0,18,0.1258,14304,20.002
fourteam_fire_postfix,34852,RenderSystem_Direct3D11.dll!?_render@D3D11RenderSystem@Ogre@@UAEXABVRenderOperation@2@@Z+0x5b,18,0.1258,14304,20.002
fourteam_fire_postfix,34852,RenderSystem_Direct3D11.dll!?_render@D3D11RenderSystem@Ogre@@UAEXABVRenderOperation@2@@Z+0x257,18,0.1258,14304,20.002
fourteam_fire_postfix,34852,battlezone98redux.exe!sub_686520,18,0.1258,14304,20.002
fourteam_fire_postfix,34852,d3d11.dll+0x31b92,18,0.1258,14304,20.002
fourteam_fire_postfix,34852,battlezone98redux.exe!FID_conflict:end,18,0.1258,14304,20.002
fourteam_fire_postfix,34852,OgreMain.dll!?_populateLightList@SceneManager@Ogre@@UAEXABVVector3@2@MAAV?$HashedVector@PAVLight@Ogre@@@2@I@Z+0x164,18,0.1258,14304,20.002
fourteam_fire_postfix,34852,OgreMain.dll!?update@Light@Ogre@@MBEXXZ+0xda,18,0.1258,14304,20.002
fourteam_fire_postfix,34852,OgreMain.dll!?getDerivedPosition@Light@Ogre@@QBEABVVector3@2@_N@Z+0x8,18,0.1258,14304,20.002
fourteam_fire_postfix,34852,battlezone98redux.exe!sub_6e1e90,18,0.1258,14304,20.002
fourteam_fire_postfix,34852,OgreMain.dll!?update@Light@Ogre@@MBEXXZ,18,0.1258,14304,20.002
fourteam_fire_postfix,34852,ntdll.dll!_RtlAnsiCharToUnicodeChar@4+0x8d,18,0.1258,14304,20.002
fourteam_fire_postfix,34852,ntdll.dll!_RtlpLocalInfoAllocFromCache@8+0x279,18,0.1258,14304,20.002
fourteam_fire_postfix,34852,OgreMain.dll!?getFragmentProgramParameters@Pass@Ogre@@QBE?AV?$SharedPtr@VGpuProgramParameters@Ogre@@@2@XZ+0x7a,18,0.1258,14304,20.002
fourteam_fire_postfix,34852,nvwgf2um.dll!OpenAdapter10+0x77bed,18,0.1258,14304,20.002
fourteam_fire_postfix,34852,battlezone98redux.exe!sub_678779,18,0.1258,14304,20.002
fourteam_fire_postfix,34852,RenderSystem_Direct3D11.dll!?swapBuffers@D3D11RenderWindowSwapChainBased@Ogre@@UAEXXZ+0x80,18,0.1258,14304,20.002
fourteam_fire_postfix,34852,win32u.dll!_NtGdiDdDDIQueryVidPnExclusiveOwnership@4+0xc,18,0.1258,14304,20.002
fourteam_fire_postfix,34852,dxgi.dll!CompatString+0x2a87,18,0.1258,14304,20.002
fourteam_fire_postfix,34852,d3d11.dll!D3D11CoreCreateDevice+0x26530,18,0.1258,14304,20.002
fourteam_fire_postfix,34852,VCRUNTIME140.dll!_except_handler4_common+0x127,18,0.1258,14304,20.002
fourteam_fire_postfix,34852,WINMM.dll@6ea10000!__scrt_initialize_crt+0x2d,18,0.1258,14304,20.002
fourteam_fire_postfix,34852,KERNEL32.DLL!GetCurrentThreadId,17,0.1188,14304,20.002
fourteam_fire_postfix,34852,battlezone98redux.exe!sub_6786f0,17,0.1188,14304,20.002
fourteam_fire_postfix,34852,battlezone98redux.exe!sub_440210,17,0.1188,14304,20.002
fourteam_fire_postfix,34852,d3d11.dll+0x35e90,17,0.1188,14304,20.002
fourteam_fire_postfix,34852,OgreMain.dll!?getLightMask@MovableObject@Ogre@@UBEIXZ,17,0.1188,14304,20.002
fourteam_fire_postfix,34852,battlezone98redux.exe!sub_679bc0,17,0.1188,14304,20.002
fourteam_fire_postfix,34852,battlezone98redux.exe!sub_44f020,17,0.1188,14304,20.002
fourteam_fire_postfix,34852,battlezone98redux.exe!sub_442f40,17,0.1188,14304,20.002
fourteam_fire_postfix,34852,MSVCR120.dll!free+0x1a,17,0.1188,14304,20.002
fourteam_fire_postfix,34852,battlezone98redux.exe!sub_45acc0,17,0.1188,14304,20.002
fourteam_fire_postfix,34852,battlezone98redux.exe!sub_44de20,17,0.1188,14304,20.002
fourteam_fire_postfix,34852,RenderSystem_Direct3D11.dll!?_render@D3D11RenderSystem@Ogre@@UAEXABVRenderOperation@2@@Z+0x97,17,0.1188,14304,20.002
fourteam_fire_postfix,34852,OgreMain.dll!?updatePoint@RotationalSpline@Ogre@@QAEXGABVQuaternion@2@@Z+0x1612,17,0.1188,14304,20.002
fourteam_fire_postfix,34852,nvwgf2um.dll!NVENCODEAPI_Thunk+0x2175ea,17,0.1188,14304,20.002
fourteam_fire_postfix,34852,OgreMain.dll!?getWorldBoundingSphere@Entity@Ogre@@UBEABVSphere@2@_N@Z+0x7d,17,0.1188,14304,20.002
fourteam_fire_postfix,34852,OgreMain.dll!?getTechnique@Renderable@Ogre@@UBEPAVTechnique@2@XZ+0x12,17,0.1188,14304,20.002
fourteam_fire_postfix,34852,RenderSystem_Direct3D11.dll!?_render@D3D11RenderSystem@Ogre@@UAEXABVRenderOperation@2@@Z+0x326,17,0.1188,14304,20.002
fourteam_fire_postfix,34852,battlezone98redux.exe!sub_680620,17,0.1188,14304,20.002
fourteam_fire_postfix,34852,battlezone98redux.exe!sub_623b20,17,0.1188,14304,20.002
fourteam_fire_postfix,34852,WINMM.dll@6ea10000!BZROpenShim::`anonymous namespace'::TrackChunkProxyDebugEntry+0x230,17,0.1188,14304,20.002
fourteam_fire_postfix,34852,KERNELBASE.dll!OutputDebugStringA+0x50,16,0.1119,14304,20.002
fourteam_fire_postfix,34852,RenderSystem_Direct3D11.dll!?_setRenderTarget@D3D11RenderSystem@Ogre@@UAEXPAVRenderTarget@2@@Z+0xdb,16,0.1119,14304,20.002
fourteam_fire_postfix,34852,OgreMain.dll!?_populateLightList@SceneManager@Ogre@@UAEXABVVector3@2@MAAV?$HashedVector@PAVLight@Ogre@@@2@I@Z+0x142,16,0.1119,14304,20.002
fourteam_fire_postfix,34852,WINMM.dll@6ea10000!BZROpenShim::`anonymous namespace'::ProcessVisibleObjectHook+0x89,16,0.1119,14304,20.002
fourteam_fire_postfix,34852,battlezone98redux.exe!sub_438c10,16,0.1119,14304,20.002
fourteam_fire_postfix,34852,RenderSystem_Direct3D11.dll!?getILayoutByShader@D3D11VertexDeclaration@Ogre@@IAEPAUID3D11InputLayout@@PAVD3D11HLSLProgram@2@PAVVertexBufferBinding@2@@Z+0x6a,16,0.1119,14304,20.002
fourteam_fire_postfix,34852,OgreMain.dll!??4GpuSharedParametersUsage@Ogre@@QAEAAV01@ABV01@@Z+0x2742,16,0.1119,14304,20.002
fourteam_fire_postfix,34852,battlezone98redux.exe!sub_49b1f0,16,0.1119,14304,20.002
fourteam_fire_postfix,34852,d3d11.dll!CreateDirect3D11DeviceFromDXGIDevice+0xbdbd5,16,0.1119,14304,20.002
fourteam_fire_postfix,34852,ntdll.dll!_EtwEventWriteTransfer@28+0x26,16,0.1119,14304,20.002
fourteam_fire_postfix,34852,dxgi.dll!DXGIDisableVBlankVirtualization+0x321ec,16,0.1119,14304,20.002
fourteam_fire_postfix,34852,RenderSystem_Direct3D11.dll+0x4b38,16,0.1119,14304,20.002
fourteam_fire_postfix,34852,dxgi.dll!DXGIGetDebugInterface1+0x8986,16,0.1119,14304,20.002
fourteam_fire_postfix,34852,RenderSystem_Direct3D11.dll!?updateStats@D3D11RenderWindowSwapChainBased@Ogre@@UAEXXZ+0x10,16,0.1119,14304,20.002
fourteam_fire_postfix,34852,RenderSystem_Direct3D11.dll!?getVBlankMissCount@D3D11RenderWindowSwapChainBased@Ogre@@IAEHXZ+0x62,16,0.1119,14304,20.002
fourteam_fire_postfix,34852,ntdll.dll!_ZwCallbackReturn@12+0xc,16,0.1119,14304,20.002
fourteam_fire_postfix,34852,OgreMain.dll!?getVertexDataForBinding@SubEntity@Ogre@@QAEPAVVertexData@2@XZ+0x2a,16,0.1119,14304,20.002
fourteam_fire_postfix,34852,battlezone98redux.exe!sub_421ec0,16,0.1119,14304,20.002
fourteam_fire_postfix,34852,nvwgf2um.dll!OpenAdapter10+0x7202d,16,0.1119,14304,20.002
fourteam_fire_postfix,34852,OgreMain.dll!?ASin@Math@Ogre@@SA?AVRadian@2@M@Z+0x11,16,0.1119,14304,20.002
fourteam_fire_postfix,34852,RenderSystem_Direct3D11.dll!?_render@D3D11RenderSystem@Ogre@@UAEXABVRenderOperation@2@@Z+0x34d,16,0.1119,14304,20.002
fourteam_fire_postfix,34852,battlezone98redux.exe!sub_448e60,16,0.1119,14304,20.002
fourteam_fire_postfix,34852,win32u.dll!_NtUserSetCursorPos@8+0xc,16,0.1119,14304,20.002
fourteam_fire_postfix,34852,battlezone98redux.exe!sub_421ee0,16,0.1119,14304,20.002
fourteam_fire_postfix,34852,d3d11.dll!D3D11CoreCreateDevice+0x1d48d,16,0.1119,14304,20.002
fourteam_fire_postfix,34852,d3d11.dll!D3D11CoreCreateDevice+0x1d9a7,16,0.1119,14304,20.002
fourteam_fire_postfix,34852,OgreMain.dll!?getInverseTransposeViewMatrix@AutoParamDataSource@Ogre@@UBE?AVMatrix4@2@XZ+0xb,15,0.1049,14304,20.002
fourteam_fire_postfix,34852,d3d11.dll+0x31542,15,0.1049,14304,20.002
fourteam_fire_postfix,34852,battlezone98redux.exe!sub_5fed30,15,0.1049,14304,20.002
fourteam_fire_postfix,34852,battlezone98redux.exe!FID_conflict:operator!=,15,0.1049,14304,20.002
fourteam_fire_postfix,34852,MSVCR120.dll!__libm_sse2_acosf+0x93,15,0.1049,14304,20.002
fourteam_fire_postfix,34852,battlezone98redux.exe!sub_686590,15,0.1049,14304,20.002
fourteam_fire_postfix,34852,battlezone98redux.exe!sub_442fd0,15,0.1049,14304,20.002
fourteam_fire_postfix,34852,MSVCR120.dll!__libm_sse2_acosf+0xe4,15,0.1049,14304,20.002
fourteam_fire_postfix,34852,OgreMain.dll!?useLightsGpuProgram@SceneManager@Ogre@@MAEXPBVPass@2@PBV?$HashedVector@PAVLight@Ogre@@@2@@Z+0x55,15,0.1049,14304,20.002
fourteam_fire_postfix,34852,OgreMain.dll!?visit@SceneMgrQueuedRenderableVisitor@SceneManager@Ogre@@UAEXPAVRenderable@3@@Z+0x16,15,0.1049,14304,20.002
fourteam_fire_postfix,34852,battlezone98redux.exe!sub_5035c0,15,0.1049,14304,20.002
fourteam_fire_postfix,34852,d3d11.dll+0x375ed,15,0.1049,14304,20.002
fourteam_fire_postfix,34852,d3d11.dll+0x367cd,15,0.1049,14304,20.002
fourteam_fire_postfix,34852,OgreMain.dll!?getLightAs4DVector@AutoParamDataSource@Ogre@@UBE?AVVector4@2@I@Z+0x17,15,0.1049,14304,20.002
fourteam_fire_postfix,34852,OgreMain.dll!??4GpuSharedParametersUsage@Ogre@@QAEAAV01@ABV01@@Z+0x2704,15,0.1049,14304,20.002
fourteam_fire_postfix,34852,battlezone98redux.exe!sub_45b050,15,0.1049,14304,20.002
fourteam_fire_postfix,34852,dxgi.dll!DXGID3D10CreateDevice+0x848,15,0.1049,14304,20.002
fourteam_fire_postfix,34852,MSVCR120.dll!__libm_sse2_asinf+0x50,15,0.1049,14304,20.002
fourteam_fire_postfix,34852,battlezone98redux.exe!sub_67dd60,15,0.1049,14304,20.002
fourteam_fire_postfix,34852,OgreMain.dll!?getProgram@Pass@Ogre@@IBEABV?$SharedPtr@VGpuProgram@Ogre@@@2@PBQAVGpuProgramUsage@2@@Z+0x44,15,0.1049,14304,20.002
fourteam_fire_postfix,34852,battlezone98redux.exe!sub_583dc0,15,0.1049,14304,20.002
fourteam_fire_postfix,34852,d3d11.dll!D3D11CoreCreateDevice+0x2f01d,15,0.1049,14304,20.002
fourteam_fire_postfix,34852,MSVCR120.dll!tolower+0x28,15,0.1049,14304,20.002
fourteam_fire_postfix,34852,OgreMain.dll!?createTechnique@Material@Ogre@@QAEPAVTechnique@2@XZ+0xa3b,15,0.1049,14304,20.002
fourteam_fire_postfix,34852,OgreMain.dll!?_findVisibleObjects@SceneNode@Ogre@@UAEXPAVCamera@2@PAVRenderQueue@2@PAUVisibleObjectsBoundsInfo@2@_N33@Z+0x76,15,0.1049,14304,20.002
fourteam_fire_postfix,34852,OgreMain.dll+0x41fb,15,0.1049,14304,20.002
fourteam_fire_postfix,34852,battlezone98redux.exe!sub_44ff76,15,0.1049,14304,20.002
fourteam_fire_postfix,34852,OgreMain.dll!?clear@RenderQueue@Ogre@@QAEX_N@Z+0x99,15,0.1049,14304,20.002
fourteam_fire_postfix,34852,battlezone98redux.exe!sub_4497c0,15,0.1049,14304,20.002
fourteam_fire_postfix,34852,MSVCR120.dll!ceil+0x1ce,15,0.1049,14304,20.002
fourteam_fire_postfix,34852,WINMM.dll@6ea10000!BZROpenShim::`anonymous namespace'::InstallEmissionLightFixIfPossible+0xa2,15,0.1049,14304,20.002
fourteam_fire_postfix,34852,OgreMain.dll!?_updateAutoParams@GpuProgramParameters@Ogre@@QAEXPBVAutoParamDataSource@2@G@Z+0x1be0,14,0.0979,14304,20.002
fourteam_fire_postfix,34852,OgreMain.dll!?_notifyCurrentCamera@Entity@Ogre@@UAEXPAVCamera@2@@Z+0x5b,14,0.0979,14304,20.002
fourteam_fire_postfix,34852,d3d11.dll!D3D11CoreCreateLayeredDevice+0x17cd,14,0.0979,14304,20.002
fourteam_fire_postfix,34852,OgreMain.dll!?addRenderable@RenderQueue@Ogre@@QAEXPAVRenderable@2@EG@Z+0x39,14,0.0979,14304,20.002
fourteam_fire_postfix,34852,OgreMain.dll!?touchVertexBufferCopy@HardwareBufferManagerBase@Ogre@@UAEXABVHardwareVertexBufferSharedPtr@2@@Z+0x47,14,0.0979,14304,20.002
fourteam_fire_postfix,34852,ntdll.dll!_ZwOpenThread@16+0xc,14,0.0979,14304,20.002
fourteam_fire_postfix,34852,nvwgf2um.dll!SetDependencyInfo+0x54234,14,0.0979,14304,20.002
fourteam_fire_postfix,34852,OgreMain.dll!?_updateAutoParams@GpuProgramParameters@Ogre@@QAEXPBVAutoParamDataSource@2@G@Z+0x11e9,14,0.0979,14304,20.002
fourteam_fire_postfix,34852,nvwgf2um.dll!OpenAdapter10+0x74f64,14,0.0979,14304,20.002
fourteam_fire_postfix,34852,d3d11.dll!D3D11CoreCreateDevice+0x964f,14,0.0979,14304,20.002
fourteam_fire_postfix,34852,OgreMain.dll!?_calcTempSquareDist@Light@Ogre@@QAEXABVVector3@2@@Z+0x20,14,0.0979,14304,20.002
fourteam_fire_postfix,34852,battlezone98redux.exe!sub_67ec70,14,0.0979,14304,20.002
fourteam_fire_postfix,34852,battlezone98redux.exe!sub_6799c0,14,0.0979,14304,20.002
fourteam_fire_postfix,34852,OgreMain.dll!?calculateB@FocusedShadowCameraSetup@Ogre@@IBEXABVSceneManager@2@ABVCamera@2@ABVLight@2@ABVAxisAlignedBox@2@3PAVPointListBody@12@@Z+0x154,14,0.0979,14304,20.002
fourteam_fire_postfix,34852,OgreMain.dll!?updateView@Frustum@Ogre@@MBEXXZ+0xd,14,0.0979,14304,20.002
fourteam_fire_postfix,34852,MSVCR120.dll!__libm_sse2_acosf+0xec,14,0.0979,14304,20.002
fourteam_fire_postfix,34852,battlezone98redux.exe!sub_4495d0,14,0.0979,14304,20.002
fourteam_fire_postfix,34852,OgreMain.dll!??4GpuSharedParametersUsage@Ogre@@QAEAAV01@ABV01@@Z+0x2785,14,0.0979,14304,20.002
fourteam_fire_postfix,34852,battlezone98redux.exe!sub_5ba560,14,0.0979,14304,20.002
fourteam_fire_postfix,34852,OgreMain.dll!?getDerivedPosition@Light@Ogre@@QBEABVVector3@2@_N@Z+0x29,14,0.0979,14304,20.002
fourteam_fire_postfix,34852,RenderSystem_Direct3D11.dll!?getD3DVertexBuffer@D3D11HardwareVertexBuffer@Ogre@@QBEPAUID3D11Buffer@@XZ+0x6,14,0.0979,14304,20.002
fourteam_fire_postfix,34852,ntdll.dll!_ZwTraceEvent@16+0xc,14,0.0979,14304,20.002
fourteam_fire_postfix,34852,nvwgf2um.dll!OpenAdapter10+0x23b36,14,0.0979,14304,20.002
fourteam_fire_postfix,34852,battlezone98redux.exe!sub_8330e3,14,0.0979,14304,20.002
fourteam_fire_postfix,34852,dxgi.dll!DXGIDisableVBlankVirtualization+0x39029,14,0.0979,14304,20.002
fourteam_fire_postfix,34852,d3d11.dll+0x2ba61,14,0.0979,14304,20.002
fourteam_fire_postfix,34852,battlezone98redux.exe!sub_444d50,14,0.0979,14304,20.002
fourteam_fire_postfix,34852,battlezone98redux.exe!sub_41fe40,14,0.0979,14304,20.002
fourteam_fire_postfix,34852,d3d11.dll+0x2703e,14,0.0979,14304,20.002
fourteam_fire_postfix,34852,battlezone98redux.exe!sub_4415f0,14,0.0979,14304,20.002
fourteam_fire_postfix,34852,OgreMain.dll!?ASin@Math@Ogre@@SA?AVRadian@2@M@Z+0xf,14,0.0979,14304,20.002
fourteam_fire_postfix,34852,OgreMain.dll!?clear@RenderQueueGroup@Ogre@@QAEX_N@Z+0xb7,14,0.0979,14304,20.002
fourteam_fire_postfix,34852,OgreMain.dll!?_updateAutoParams@Pass@Ogre@@QBEXPBVAutoParamDataSource@2@G@Z+0x43,14,0.0979,14304,20.002
fourteam_fire_postfix,34852,OgreMain.dll!?lock@HardwareBuffer@Ogre@@UAEPAXIIW4LockOptions@12@W4UploadOptions@12@@Z+0xfa,14,0.0979,14304,20.002
fourteam_fire_postfix,34852,nvwgf2um.dll!NVENCODEAPI_Thunk+0x21760e,14,0.0979,14304,20.002
fourteam_fire_postfix,34852,OgreMain.dll!?touch@Resource@Ogre@@UAEXXZ+0xa,14,0.0979,14304,20.002
fourteam_fire_postfix,34852,d3d11.dll!CreateDirect3D11DeviceFromDXGIDevice+0xa0679,13,0.0909,14304,20.002
fourteam_fire_postfix,34852,OgreMain.dll!?getSide@Plane@Ogre@@QBE?AW4Side@12@ABVVector3@2@0@Z+0x4b,13,0.0909,14304,20.002
fourteam_fire_postfix,34852,d3d11.dll!D3D11CreateDeviceAndSwapChain+0x1140,13,0.0909,14304,20.002
fourteam_fire_postfix,34852,d3d11.dll!D3D11CoreCreateDevice+0xa4c7,13,0.0909,14304,20.002
fourteam_fire_postfix,34852,d3d11.dll!D3D11CoreCreateDevice+0x3943,13,0.0909,14304,20.002
fourteam_fire_postfix,34852,WINMM.dll@6ea10000!BZROpenShim::`anonymous namespace'::IsOgreEntityObject+0x44,13,0.0909,14304,20.002
fourteam_fire_postfix,34852,OgreMain.dll!?findLightsAffectingFrustum@SceneManager@Ogre@@MAEXPBVCamera@2@@Z+0x1d7,13,0.0909,14304,20.002
fourteam_fire_postfix,34852,battlezone98redux.exe+0x2da8f,13,0.0909,14304,20.002
fourteam_fire_postfix,34852,d3d11.dll!D3D11CoreCreateDevice+0x9c8f,13,0.0909,14304,20.002
fourteam_fire_postfix,34852,RenderSystem_Direct3D11.dll!??1D3D11RenderWindowSwapChainBased@Ogre@@UAE@XZ+0x36e,13,0.0909,14304,20.002
fourteam_fire_postfix,34852,battlezone98redux.exe!operator-,13,0.0909,14304,20.002
fourteam_fire_postfix,34852,RenderSystem_Direct3D11.dll!??0D3D11RenderWindowSwapChainBased@Ogre@@QAE@ABV01@@Z+0x310,13,0.0909,14304,20.002
fourteam_fire_postfix,34852,battlezone98redux.exe!sub_5003a0,13,0.0909,14304,20.002
fourteam_fire_postfix,34852,ntdll.dll!_ZwWaitForSingleObject@12+0xc,13,0.0909,14304,20.002
fourteam_fire_postfix,34852,OgreMain.dll!?isInLightRange@Light@Ogre@@QBE_NABVSphere@2@@Z+0xe4,13,0.0909,14304,20.002
fourteam_fire_postfix,34852,OgreMain.dll!?updatePoint@RotationalSpline@Ogre@@QAEXGABVQuaternion@2@@Z+0x1538,13,0.0909,14304,20.002
fourteam_fire_postfix,34852,MSVCR120.dll!__libm_sse2_asinf+0x3a,13,0.0909,14304,20.002
fourteam_fire_postfix,34852,ntdll.dll!_ZwWriteFile@36+0xc,13,0.0909,14304,20.002
fourteam_fire_postfix,34852,battlezone98redux.exe!sub_822e60,13,0.0909,14304,20.002
fourteam_fire_postfix,34852,battlezone98redux.exe!sub_6ce840,13,0.0909,14304,20.002
fourteam_fire_postfix,34852,battlezone98redux.exe!sub_4c0100,13,0.0909,14304,20.002
fourteam_fire_postfix,34852,OgreMain.dll!?updatePoint@RotationalSpline@Ogre@@QAEXGABVQuaternion@2@@Z+0xb224,13,0.0909,14304,20.002
fourteam_fire_postfix,34852,d3d11.dll+0x2c155,13,0.0909,14304,20.002
fourteam_fire_postfix,34852,battlezone98redux.exe!sub_4cbb80,13,0.0909,14304,20.002
fourteam_fire_postfix,34852,battlezone98redux.exe!destroy<>,13,0.0909,14304,20.002
fourteam_fire_postfix,34852,WINMM.dll@6ea10000!BZROpenShim::`anonymous namespace'::HookOMSetRenderTargets+0x69,13,0.0909,14304,20.002
fourteam_fire_postfix,34852,dxgi.dll!DXGIGetDebugInterface1+0x20602,13,0.0909,14304,20.002
fourteam_fire_postfix,34852,d3d11.dll+0x289ab,13,0.0909,14304,20.002
fourteam_fire_postfix,34852,d3d11.dll!CreateDirect3D11DeviceFromDXGIDevice+0x9da48,13,0.0909,14304,20.002
fourteam_fire_postfix,34852,battlezone98redux.exe!sub_8309f4,13,0.0909,14304,20.002
fourteam_fire_postfix,34852,battlezone98redux.exe!sub_44eaa0,13,0.0909,14304,20.002
fourteam_fire_postfix,34852,battlezone98redux.exe!sub_6895d0,13,0.0909,14304,20.002
fourteam_fire_postfix,34852,battlezone98redux.exe!sub_67e550,13,0.0909,14304,20.002
fourteam_fire_postfix,34852,battlezone98redux.exe!sub_479f30,13,0.0909,14304,20.002
fourteam_fire_postfix,34852,battlezone98redux.exe!sub_440300,13,0.0909,14304,20.002
fourteam_fire_postfix,34852,OgreMain.dll!?getConstantDefinition@GpuProgramParameters@Ogre@@QBEABUGpuConstantDefinition@2@ABV?$basic_string@DU?$char_traits@D@std@@V?$allocator@D@2@@std@@@Z+0xd2,12,0.0839,14304,20.002
fourteam_fire_postfix,34852,OgreMain.dll!?getInverseViewMatrix@AutoParamDataSource@Ogre@@UBEABVMatrix4@2@XZ+0x22,12,0.0839,14304,20.002
fourteam_fire_postfix,34852,RenderSystem_Direct3D11.dll!??0D3D11RenderWindowSwapChainBased@Ogre@@QAE@ABV01@@Z+0xa0b,12,0.0839,14304,20.002
fourteam_fire_postfix,34852,WINMM.dll@6ea10000!BZROpenShim::`anonymous namespace'::TextEntryAppendCharNicknameHook+0x39,12,0.0839,14304,20.002
fourteam_fire_postfix,34852,battlezone98redux.exe!sub_444b00,12,0.0839,14304,20.002
fourteam_fire_postfix,34852,battlezone98redux.exe!sub_62c8f0,12,0.0839,14304,20.002
fourteam_fire_postfix,34852,battlezone98redux.exe!sub_44ec90,12,0.0839,14304,20.002
fourteam_fire_postfix,34852,KERNELBASE.dll!WaitForSingleObject+0x12,12,0.0839,14304,20.002
fourteam_fire_postfix,34852,OgreMain.dll!?angleBetween@Vector3@Ogre@@QBE?AVRadian@2@ABV12@@Z+0x9b,12,0.0839,14304,20.002
fourteam_fire_postfix,34852,USER32.dll!MsgWaitForMultipleObjectsEx+0x7cd,12,0.0839,14304,20.002
fourteam_fire_postfix,34852,USER32.dll!GetMessagePos+0x783,12,0.0839,14304,20.002
fourteam_fire_postfix,34852,USER32.dll!SystemParametersInfoW+0x2c9,12,0.0839,14304,20.002
fourteam_fire_postfix,34852,OgreMain.dll!?clone@Animation@Ogre@@QBEPAV12@ABV?$basic_string@DU?$char_traits@D@std@@V?$allocator@D@2@@std@@@Z+0x2c6,12,0.0839,14304,20.002
fourteam_fire_postfix,34852,battlezone98redux.exe!sub_830de6,12,0.0839,14304,20.002
fourteam_fire_postfix,34852,OgreMain.dll!?_injectRenderWithPass@SceneManager@Ogre@@UAEXPAVPass@2@PAVRenderable@2@_N2PBV?$HashedVector@PAVLight@Ogre@@@2@@Z+0x16,12,0.0839,14304,20.002
fourteam_fire_postfix,34852,battlezone98redux.exe!sub_77c5f0,12,0.0839,14304,20.002
fourteam_fire_postfix,34852,battlezone98redux.exe!sub_7783d0,12,0.0839,14304,20.002
fourteam_fire_postfix,34852,battlezone98redux.exe!sub_77bd40,12,0.0839,14304,20.002
fourteam_fire_postfix,34852,OgreMain.dll!?chooseVertexDataForBinding@Entity@Ogre@@QAE?AW4VertexDataBindChoice@12@_N@Z+0x11,12,0.0839,14304,20.002
fourteam_fire_postfix,34852,battlezone98redux.exe!sub_6c9bd0,12,0.0839,14304,20.002
fourteam_fire_postfix,34852,dxgi.dll!DXGIGetDebugInterface1+0x2051a,12,0.0839,14304,20.002
fourteam_fire_postfix,34852,RenderSystem_Direct3D11.dll!?_render@D3D11RenderSystem@Ogre@@UAEXABVRenderOperation@2@@Z+0x114,12,0.0839,14304,20.002
fourteam_fire_postfix,34852,d3d11.dll+0x28a00,12,0.0839,14304,20.002
fourteam_fire_postfix,34852,d3d11.dll+0x29801,12,0.0839,14304,20.002
fourteam_fire_postfix,34852,battlezone98redux.exe!sub_81ee70,12,0.0839,14304,20.002
fourteam_fire_postfix,34852,WINMM.dll@6ea10000!BZROpenShim::`anonymous namespace'::HookEntityUpdateAnimationCore+0xfb,12,0.0839,14304,20.002
fourteam_fire_postfix,34852,OgreMain.dll!?findLightsAffectingFrustum@SceneManager@Ogre@@MAEXPBVCamera@2@@Z+0xc0,12,0.0839,14304,20.002
fourteam_fire_postfix,34852,d3d11.dll+0x27041,12,0.0839,14304,20.002
fourteam_fire_postfix,34852,OgreMain.dll!?clone@Animation@Ogre@@QBEPAV12@ABV?$basic_string@DU?$char_traits@D@std@@V?$allocator@D@2@@std@@@Z+0x249,12,0.0839,14304,20.002
fourteam_fire_postfix,34852,WINMM.dll@6ea10000!BZROpenShim::DynamicGeometryAddRenderableHook+0x147,12,0.0839,14304,20.002
fourteam_fire_postfix,34852,MSVCR120.dll!__libm_sse2_acosf+0xc4,12,0.0839,14304,20.002
fourteam_fire_postfix,34852,RenderSystem_Direct3D11.dll!?fireDeviceEvent@D3D11RenderSystem@Ogre@@QAEXPAVD3D11Device@2@ABV?$basic_string@DU?$char_traits@D@std@@V?$allocator@D@2@@std@@PAVD3D11RenderWindowBase@2@@Z+0xaa,12,0.0839,14304,20.002
fourteam_fire_postfix,34852,battlezone98redux.exe!sub_42de70,12,0.0839,14304,20.002
fourteam_fire_postfix,34852,OgreMain.dll!?Ogre_InterlockedIncrement64@InterlockedCompareExchange64Wrapper@Ogre@@SA_JPC_J@Z+0x11ad,12,0.0839,14304,20.002
fourteam_fire_postfix,34852,OgreMain.dll!?_update@Node@Ogre@@UAEX_N0@Z+0xaa,12,0.0839,14304,20.002
fourteam_fire_postfix,34852,battlezone98redux.exe!sub_81c600,12,0.0839,14304,20.002
fourteam_fire_postfix,34852,battlezone98redux.exe!sub_446460,12,0.0839,14304,20.002
fourteam_fire_postfix,34852,RenderSystem_Direct3D11.dll!?getConstantBuffer@D3D11HLSLProgram@Ogre@@QAEPAUID3D11Buffer@@V?$SharedPtr@VGpuProgramParameters@Ogre@@@2@G@Z+0x1d1,12,0.0839,14304,20.002
fourteam_fire_postfix,34852,battlezone98redux.exe!sub_46b260,12,0.0839,14304,20.002
fourteam_fire_postfix,34852,OgreMain.dll!?createLight@SceneManager@Ogre@@UAEPAVLight@2@XZ+0x3a,12,0.0839,14304,20.002
fourteam_fire_postfix,34852,OgreMain.dll!?isInLightRange@Light@Ogre@@QBE_NABVSphere@2@@Z+0x134,12,0.0839,14304,20.002
fourteam_fire_postfix,34852,WINMM.dll@6ea10000!BZROpenShim::`anonymous namespace'::CaptureChunkBridgeSnapshot+0x120,12,0.0839,14304,20.002
fourteam_fire_postfix,34852,OgreMain.dll!?getLodIndex@Material@Ogre@@QBEGM@Z+0x23,11,0.0769,14304,20.002
fourteam_fire_postfix,34852,battlezone98redux.exe!sub_451250,11,0.0769,14304,20.002
fourteam_fire_postfix,34852,OgreMain.dll!?getFragmentProgramParameters@Pass@Ogre@@QBE?AV?$SharedPtr@VGpuProgramParameters@Ogre@@@2@XZ+0x86,11,0.0769,14304,20.002
fourteam_fire_postfix,34852,OgreMain.dll!?getChildObjectsBoundingBox@Entity@Ogre@@QBE?AVAxisAlignedBox@2@XZ+0xfa,11,0.0769,14304,20.002
fourteam_fire_postfix,34852,d3d11.dll!D3D11CoreCreateLayeredDevice+0x1490,11,0.0769,14304,20.002
fourteam_fire_postfix,34852,OgreMain.dll!?_updateAutoParams@GpuProgramParameters@Ogre@@QAEXPBVAutoParamDataSource@2@G@Z+0x1bab,11,0.0769,14304,20.002
fourteam_fire_postfix,34852,OgreMain.dll!??0LiSPSMShadowCameraSetup@Ogre@@QAE@XZ+0x8,11,0.0769,14304,20.002
fourteam_fire_postfix,34852,OgreMain.dll!??4GpuSharedParametersUsage@Ogre@@QAEAAV01@ABV01@@Z+0x2700,11,0.0769,14304,20.002
fourteam_fire_postfix,34852,OgreMain.dll!?processVisibleObject@RenderQueue@Ogre@@QAEXPAVMovableObject@2@PAVCamera@2@_NPAUVisibleObjectsBoundsInfo@2@@Z+0x11,11,0.0769,14304,20.002
fourteam_fire_postfix,34852,MSVCR120.dll!__libm_sse2_acosf+0x1b6,11,0.0769,14304,20.002
fourteam_fire_postfix,34852,battlezone98redux.exe!sub_42de50,11,0.0769,14304,20.002
fourteam_fire_postfix,34852,nvspcap.dll!QueryShadowPlayDdiShimStatus+0x23eb7,11,0.0769,14304,20.002
fourteam_fire_postfix,34852,d3d11.dll!CreateDirect3D11DeviceFromDXGIDevice+0xa515f,11,0.0769,14304,20.002
fourteam_fire_postfix,34852,OgreMain.dll!?RealEqual@Math@Ogre@@SA_NMMM@Z+0xd,11,0.0769,14304,20.002
fourteam_fire_postfix,34852,USER32.dll!MsgWaitForMultipleObjectsEx+0x270,11,0.0769,14304,20.002
fourteam_fire_postfix,34852,battlezone98redux.exe!sub_619340,11,0.0769,14304,20.002
fourteam_fire_postfix,34852,ntdll.dll!_RtlMultiByteToUnicodeN@20+0x1b,11,0.0769,14304,20.002
fourteam_fire_postfix,34852,nvspcap.dll!CreateShadowPlayProxyShimInterface+0xe53a,11,0.0769,14304,20.002
fourteam_fire_postfix,34852,battlezone98redux.exe!sub_417910,11,0.0769,14304,20.002
fourteam_fire_postfix,34852,RenderSystem_Direct3D11.dll!?_setTexture@D3D11RenderSystem@Ogre@@UAEXI_NABV?$SharedPtr@VTexture@Ogre@@@2@@Z+0x68,11,0.0769,14304,20.002
fourteam_fire_postfix,34852,battlezone98redux.exe!sub_83e885,11,0.0769,14304,20.002
fourteam_fire_postfix,34852,OgreMain.dll!??4GpuSharedParametersUsage@Ogre@@QAEAAV01@ABV01@@Z+0x2723,11,0.0769,14304,20.002
fourteam_fire_postfix,34852,MSVCR120.dll!__libm_sse2_asinf+0x23c,11,0.0769,14304,20.002
fourteam_fire_postfix,34852,d3d11.dll!D3DPerformance_BeginEvent+0xb6,11,0.0769,14304,20.002
fourteam_fire_postfix,34852,d3d11.dll!D3D11CoreCreateDevice+0x8b52,11,0.0769,14304,20.002
fourteam_fire_postfix,34852,MSVCR120.dll!_tolower_l+0x13,11,0.0769,14304,20.002
fourteam_fire_postfix,34852,OgreMain.dll!??4GpuSharedParametersUsage@Ogre@@QAEAAV01@ABV01@@Z+0x27b5,11,0.0769,14304,20.002
fourteam_fire_postfix,34852,OgreMain.dll!?_findNamedConstantDefinition@GpuProgramParameters@Ogre@@QBEPBUGpuConstantDefinition@2@ABV?$basic_string@DU?$char_traits@D@std@@V?$allocator@D@2@@std@@_N@Z+0xba,11,0.0769,14304,20.002
fourteam_fire_postfix,34852,battlezone98redux.exe!sub_450300,11,0.0769,14304,20.002
fourteam_fire_postfix,34852,OgreMain.dll!?processVisibleObject@RenderQueue@Ogre@@QAEXPAVMovableObject@2@PAVCamera@2@_NPAUVisibleObjectsBoundsInfo@2@@Z+0x69,11,0.0769,14304,20.002
fourteam_fire_postfix,34852,OgreMain.dll!?determinant@Matrix4@Ogre@@QBEMXZ+0x159,11,0.0769,14304,20.002
fourteam_fire_postfix,34852,ntdll.dll!_LdrGetDllHandleEx@20+0x150,11,0.0769,14304,20.002
fourteam_fire_postfix,34852,battlezone98redux.exe!sub_8205a0,11,0.0769,14304,20.002
fourteam_fire_postfix,34852,battlezone98redux.exe!sub_4976f0,11,0.0769,14304,20.002
fourteam_fire_postfix,34852,RenderSystem_Direct3D11.dll!?_render@D3D11RenderSystem@Ogre@@UAEXABVRenderOperation@2@@Z+0xb7b,11,0.0769,14304,20.002
fourteam_fire_postfix,34852,OgreMain.dll!?getWorldViewProjMatrix@AutoParamDataSource@Ogre@@UBEABVMatrix4@2@XZ+0x39c,11,0.0769,14304,20.002
fourteam_fire_postfix,34852,OgreMain.dll!?getConstantDefinition@GpuProgramParameters@Ogre@@QBEABUGpuConstantDefinition@2@ABV?$basic_string@DU?$char_traits@D@std@@V?$allocator@D@2@@std@@@Z+0xe4,11,0.0769,14304,20.002
fourteam_fire_postfix,34852,WINMM.dll@6ea10000!BZROpenShim::`anonymous namespace'::DecideFrustumCull+0x119,11,0.0769,14304,20.002
fourteam_fire_postfix,34852,KERNELBASE.dll!WaitForMultipleObjects+0x18,11,0.0769,14304,20.002
fourteam_fire_postfix,34852,ntdll.dll!_ZwWaitForMultipleObjects@20+0xc,11,0.0769,14304,20.002
fourteam_fire_postfix,34852,d3d11.dll!D3D11CoreCreateLayeredDevice+0x17a6,11,0.0769,14304,20.002
fourteam_fire_postfix,34852,RenderSystem_Direct3D11.dll!??0D3D11RenderWindowSwapChainBased@Ogre@@QAE@ABV01@@Z+0x322,11,0.0769,14304,20.002
fourteam_fire_postfix,34852,OgreMain.dll!?findLightsAffectingFrustum@SceneManager@Ogre@@MAEXPBVCamera@2@@Z+0xca,11,0.0769,14304,20.002
fourteam_fire_postfix,34852,WINMM.dll@6ea10000!BZROpenShim::`anonymous namespace'::RebuildAndSubmitGenericChunkBatch+0x1015,11,0.0769,14304,20.002
fourteam_fire_postfix,34852,battlezone98redux.exe!sub_7d6260,10,0.0699,14304,20.002
fourteam_fire_postfix,34852,OgreMain.dll!?getLodIndex@Mesh@Ogre@@QBEGM@Z+0x23,10,0.0699,14304,20.002
fourteam_fire_postfix,34852,battlezone98redux.exe!sub_453ea0,10,0.0699,14304,20.002
fourteam_fire_postfix,34852,OgreMain.dll!?getRenderOperation@SubEntity@Ogre@@UAEXAAVRenderOperation@2@@Z+0x1e,10,0.0699,14304,20.002
fourteam_fire_postfix,34852,nvwgf2um.dll!OpenAdapter10+0x72c24,10,0.0699,14304,20.002
fourteam_fire_postfix,34852,battlezone98redux.exe!sub_5b2950,10,0.0699,14304,20.002
fourteam_fire_postfix,34852,d3d11.dll!D3D11CoreCreateDevice+0xa28d,10,0.0699,14304,20.002
fourteam_fire_postfix,34852,nvwgf2um.dll!NVDEV_Thunk+0x4f7994,10,0.0699,14304,20.002
fourteam_fire_postfix,34852,OgreMain.dll!?_setPass@SceneManager@Ogre@@UAEPBVPass@2@PBV32@_N1@Z+0xc2,10,0.0699,14304,20.002
fourteam_fire_postfix,34852,OgreMain.dll!?createLight@SceneManager@Ogre@@UAEPAVLight@2@ABV?$basic_string@DU?$char_traits@D@std@@V?$allocator@D@2@@std@@@Z+0x15,10,0.0699,14304,20.002
fourteam_fire_postfix,34852,battlezone98redux.exe!sub_440000,10,0.0699,14304,20.002
fourteam_fire_postfix,34852,battlezone98redux.exe!sub_504f90,10,0.0699,14304,20.002
fourteam_fire_postfix,34852,OgreMain.dll!?isInLightRange@Light@Ogre@@QBE_NABVSphere@2@@Z+0x130,10,0.0699,14304,20.002
fourteam_fire_postfix,34852,OgreMain.dll!?FastHash@Ogre@@YAIPBDHI@Z+0x6,10,0.0699,14304,20.002
fourteam_fire_postfix,34852,MSVCR120.dll!__libm_sse2_acosf+0x1f1,10,0.0699,14304,20.002
fourteam_fire_postfix,34852,RenderSystem_Direct3D11.dll!?getMonitorSequentialNumberFromSwapChain@MonitorInfo@Ogre@@QAEGPAUIDXGISwapChain@@_N@Z+0x2ab9,10,0.0699,14304,20.002
fourteam_fire_postfix,34852,OgreMain.dll!?_updateAutoParams@GpuProgramParameters@Ogre@@QAEXPBVAutoParamDataSource@2@G@Z+0x1bbb,10,0.0699,14304,20.002
fourteam_fire_postfix,34852,OgreMain.dll!??4GpuSharedParametersUsage@Ogre@@QAEAAV01@ABV01@@Z+0x2758,10,0.0699,14304,20.002
fourteam_fire_postfix,34852,RenderSystem_Direct3D11.dll!?_render@D3D11RenderSystem@Ogre@@UAEXABVRenderOperation@2@@Z+0x9a,10,0.0699,14304,20.002
fourteam_fire_postfix,34852,nvwgf2um.dll!SetDependencyInfo+0x5a146,10,0.0699,14304,20.002
fourteam_fire_postfix,34852,battlezone98redux.exe!sub_62bdb0,10,0.0699,14304,20.002
fourteam_fire_postfix,34852,battlezone98redux.exe!sub_62bdf0,10,0.0699,14304,20.002
fourteam_fire_postfix,34852,OgreMain.dll!??4GpuSharedParametersUsage@Ogre@@QAEAAV01@ABV01@@Z+0x2744,10,0.0699,14304,20.002
fourteam_fire_postfix,34852,OgreMain.dll!?createTechnique@Material@Ogre@@QAEPAVTechnique@2@XZ+0xaf6,10,0.0699,14304,20.002
fourteam_fire_postfix,34852,OgreMain.dll!?updatePoint@RotationalSpline@Ogre@@QAEXGABVQuaternion@2@@Z+0x9ce3,10,0.0699,14304,20.002
fourteam_fire_postfix,34852,OgreMain.dll!?setOrientation@Node@Ogre@@UAEXABVQuaternion@2@@Z+0x27,10,0.0699,14304,20.002
fourteam_fire_postfix,34852,OgreMain.dll!?isInLightRange@Light@Ogre@@QBE_NABVSphere@2@@Z+0x35,10,0.0699,14304,20.002
fourteam_fire_postfix,34852,OgreMain.dll!?getSide@Plane@Ogre@@QBE?AW4Side@12@ABVVector3@2@0@Z+0x63,10,0.0699,14304,20.002
fourteam_fire_postfix,34852,battlezone98redux.exe!sub_449910,10,0.0699,14304,20.002
fourteam_fire_postfix,34852,battlezone98redux.exe!sub_764a10,10,0.0699,14304,20.002
fourteam_fire_postfix,34852,OgreMain.dll!?findLightsAffectingFrustum@SceneManager@Ogre@@MAEXPBVCamera@2@@Z+0xfa,10,0.0699,14304,20.002
fourteam_fire_postfix,34852,battlezone98redux.exe!sub_6a3490,10,0.0699,14304,20.002
fourteam_fire_postfix,34852,battlezone98redux.exe!sub_44f090,10,0.0699,14304,20.002
fourteam_fire_postfix,34852,battlezone98redux.exe!sub_44f200,10,0.0699,14304,20.002
fourteam_fire_postfix,34852,d3d11.dll+0x366db,10,0.0699,14304,20.002
fourteam_fire_postfix,34852,battlezone98redux.exe!construct<>,10,0.0699,14304,20.002
fourteam_fire_postfix,34852,d3d11.dll+0x30f0b,10,0.0699,14304,20.002
fourteam_fire_postfix,34852,d3d11.dll+0x3665c,10,0.0699,14304,20.002
fourteam_fire_postfix,34852,WINMM.dll@6ea10000!BZROpenShim::`anonymous namespace'::ProcessVisibleObjectHook+0x17b,10,0.0699,14304,20.002
fourteam_fire_postfix,34852,OgreMain.dll!?_updateAutoParams@GpuProgramParameters@Ogre@@QAEXPBVAutoParamDataSource@2@G@Z+0x84,10,0.0699,14304,20.002
fourteam_fire_postfix,34852,ntdll.dll!_ZwSetInformationThread@16+0xc,10,0.0699,14304,20.002
fourteam_fire_postfix,34852,OgreMain.dll!?getWorldBoundingSphere@MovableObject@Ogre@@UBEABVSphere@2@_N@Z+0x4a,10,0.0699,14304,20.002
fourteam_fire_postfix,34852,OgreMain.dll!?_updateRenderQueue@Entity@Ogre@@UAEXPAVRenderQueue@2@@Z+0x16c,10,0.0699,14304,20.002
fourteam_fire_postfix,34852,RenderSystem_Direct3D11.dll!?getMonitorSequentialNumberFromSwapChain@MonitorInfo@Ogre@@QAEGPAUIDXGISwapChain@@_N@Z+0x2797,10,0.0699,14304,20.002
fourteam_fire_postfix,34852,OgreMain.dll!?updateAnimation@Entity@Ogre@@IAEXXZ+0x85,10,0.0699,14304,20.002
fourteam_fire_postfix,34852,OgreMain.dll!?updatePoint@RotationalSpline@Ogre@@QAEXGABVQuaternion@2@@Z+0xb212,10,0.0699,14304,20.002
fourteam_fire_postfix,34852,OgreMain.dll!?_fireFrameEnded@Root@Ogre@@QAE_NXZ+0x1f,10,0.0699,14304,20.002
fourteam_fire_postfix,34852,OgreMain.dll!?touchVertexBufferCopy@HardwareBufferManagerBase@Ogre@@UAEXABVHardwareVertexBufferSharedPtr@2@@Z+0x7e,10,0.0699,14304,20.002
fourteam_fire_postfix,34852,MSVCR120.dll!wcschr+0xca,10,0.0699,14304,20.002
fourteam_fire_postfix,34852,d3d11.dll!D3D11CoreCreateDevice+0x1d016,10,0.0699,14304,20.002
fourteam_fire_postfix,34852,OgreMain.dll!?isHardwareAnimationEnabled@Entity@Ogre@@QAE_NXZ+0x2c,10,0.0699,14304,20.002
fourteam_fire_postfix,34852,battlezone98redux.exe!sub_447e90,10,0.0699,14304,20.002
fourteam_fire_postfix,34852,WINMM.dll@6ea10000!BZROpenShim::`anonymous namespace'::TickChunkProxyDebug+0x7a,10,0.0699,14304,20.002
fourteam_fire_postfix,34852,OgreMain.dll!?getSide@Plane@Ogre@@QBE?AW4Side@12@ABVVector3@2@0@Z+0x4f,9,0.0629,14304,20.002
fourteam_fire_postfix,34852,d3d11.dll!D3D11CoreCreateDevice+0xa1cf,9,0.0629,14304,20.002
fourteam_fire_postfix,34852,OgreMain.dll!?_writeRawConstant@GpuProgramParameters@Ogre@@QAEXIABVVector4@2@I@Z+0x27,9,0.0629,14304,20.002
fourteam_fire_postfix,34852,OgreMain.dll!?updatePoint@RotationalSpline@Ogre@@QAEXGABVQuaternion@2@@Z+0x9d47,9,0.0629,14304,20.002
fourteam_fire_postfix,34852,battlezone98redux.exe!FID_conflict:_Make_iter,9,0.0629,14304,20.002
fourteam_fire_postfix,34852,OgreMain.dll!?_findNamedConstantDefinition@GpuProgramParameters@Ogre@@QBEPBUGpuConstantDefinition@2@ABV?$basic_string@DU?$char_traits@D@std@@V?$allocator@D@2@@std@@_N@Z+0xfe,9,0.0629,14304,20.002
fourteam_fire_postfix,34852,battlezone98redux.exe!sub_423830,9,0.0629,14304,20.002
fourteam_fire_postfix,34852,win32u.dll!_NtGdiDdDDIGetDeviceState@4+0xc,9,0.0629,14304,20.002
fourteam_fire_postfix,34852,OgreMain.dll!?touchVertexBufferCopy@HardwareBufferManagerBase@Ogre@@UAEXABVHardwareVertexBufferSharedPtr@2@@Z+0x3d,9,0.0629,14304,20.002
fourteam_fire_postfix,34852,ntdll.dll!_LdrGetDllHandleEx@20+0x446,9,0.0629,14304,20.002
fourteam_fire_postfix,34852,ntdll.dll!_RtlStringCchVPrintfExA@28+0x19,9,0.0629,14304,20.002
fourteam_fire_postfix,34852,ntdll.dll!_LdrpGenerateSnapsUnicodeStrings@28+0x183,9,0.0629,14304,20.002
fourteam_fire_postfix,34852,d3d11.dll!D3D11CoreCreateLayeredDevice+0x1469,9,0.0629,14304,20.002
fourteam_fire_postfix,34852,OgreMain.dll!?isInLightRange@Light@Ogre@@QBE_NABVSphere@2@@Z+0x70,9,0.0629,14304,20.002
fourteam_fire_postfix,34852,MSVCR120.dll!memcpy+0x57,9,0.0629,14304,20.002
fourteam_fire_postfix,34852,ntdll.dll!_ZwReleaseMutant@8+0xc,9,0.0629,14304,20.002
fourteam_fire_postfix,34852,ntdll.dll!_RtlpLocalInfoAllocFromCache@8+0x242,9,0.0629,14304,20.002
fourteam_fire_postfix,34852,battlezone98redux.exe!sub_4bc878,9,0.0629,14304,20.002
fourteam_fire_postfix,34852,battlezone98redux.exe!sub_4bba20,9,0.0629,14304,20.002
fourteam_fire_postfix,34852,MSVCR120.dll!_write+0x1b8,9,0.0629,14304,20.002
fourteam_fire_postfix,34852,MSVCR120.dll!_write+0x7c,9,0.0629,14304,20.002
fourteam_fire_postfix,34852,MSVCP120.dll!?osfx@?$basic_ostream@_WU?$char_traits@_W@std@@@std@@QAEXXZ+0x2e,9,0.0629,14304,20.002
fourteam_fire_postfix,34852,battlezone98redux.exe!sub_421a50,9,0.0629,14304,20.002
fourteam_fire_postfix,34852,MSVCR120.dll!_write+0xf1,9,0.0629,14304,20.002
fourteam_fire_postfix,34852,MSVCR120.dll!_fflush_nolock+0x15,9,0.0629,14304,20.002
fourteam_fire_postfix,34852,MSVCR120.dll!fflush+0x2c,9,0.0629,14304,20.002
fourteam_fire_postfix,34852,MSVCR120.dll!_strupr+0x53,9,0.0629,14304,20.002
fourteam_fire_postfix,34852,MSVCR120.dll!__crtLCMapStringA+0x32,9,0.0629,14304,20.002
fourteam_fire_postfix,34852,MSVCR120.dll!_strupr_s_l+0x20,9,0.0629,14304,20.002
fourteam_fire_postfix,34852,battlezone98redux.exe!sub_787660,9,0.0629,14304,20.002
fourteam_fire_postfix,34852,battlezone98redux.exe!sub_4af020,9,0.0629,14304,20.002
fourteam_fire_postfix,34852,WINMM.dll@6ea10000!`BZROpenShim::`anonymous namespace'::RefreshHeadlightState'::`2'::<lambda_1>::operator()+0xd0,9,0.0629,14304,20.002
fourteam_fire_postfix,34852,battlezone98redux.exe!sub_44e380,9,0.0629,14304,20.002
fourteam_fire_postfix,34852,nvwgf2um.dll!OpenAdapter10+0x77c4d,9,0.0629,14304,20.002
fourteam_fire_postfix,34852,OgreMain.dll!?processVisibleObject@RenderQueue@Ogre@@QAEXPAVMovableObject@2@PAVCamera@2@_NPAUVisibleObjectsBoundsInfo@2@@Z+0x40,9,0.0629,14304,20.002
fourteam_fire_postfix,34852,battlezone98redux.exe!sub_4aa630,9,0.0629,14304,20.002
fourteam_fire_postfix,34852,MSVCR120.dll!__libm_sse2_acosf+0x169,9,0.0629,14304,20.002
fourteam_fire_postfix,34852,nvwgf2um.dll!SetDependencyInfo+0x5a051,9,0.0629,14304,20.002
fourteam_fire_postfix,34852,nvwgf2um.dll!NVENCODEAPI_Thunk+0x10512,9,0.0629,14304,20.002
fourteam_fire_postfix,34852,battlezone98redux.exe!sub_584d30,9,0.0629,14304,20.002
fourteam_fire_postfix,34852,battlezone98redux.exe!sub_678b40,9,0.0629,14304,20.002
fourteam_fire_postfix,34852,OgreMain.dll!?getVertexProgramParameters@Pass@Ogre@@QBE?AV?$SharedPtr@VGpuProgramParameters@Ogre@@@2@XZ+0xff,9,0.0629,14304,20.002
fourteam_fire_postfix,34852,OgreMain.dll!?getBoundingBox@Entity@Ogre@@UBEABVAxisAlignedBox@2@XZ+0x3d,9,0.0629,14304,20.002
fourteam_fire_postfix,34852,OgreMain.dll!?angleBetween@Vector3@Ogre@@QBE?AVRadian@2@ABV12@@Z+0xcc,9,0.0629,14304,20.002
fourteam_fire_postfix,34852,battlezone98redux.exe!FID_conflict:operator-=,9,0.0629,14304,20.002
fourteam_fire_postfix,34852,MSVCR120.dll!__libm_sse2_acosf+0x130,9,0.0629,14304,20.002
fourteam_fire_postfix,34852,OgreMain.dll!?renderSingleObject@SceneManager@Ogre@@MAEXPAVRenderable@2@PBVPass@2@_N2PBV?$HashedVector@PAVLight@Ogre@@@2@@Z+0x1b7,9,0.0629,14304,20.002
fourteam_fire_postfix,34852,OgreMain.dll!?generate@NameGenerator@Ogre@@QAE?AV?$basic_string@DU?$char_traits@D@std@@V?$allocator@D@2@@std@@XZ+0x10f,9,0.0629,14304,20.002
fourteam_fire_postfix,34852,battlezone98redux.exe!sub_420f10,9,0.0629,14304,20.002
fourteam_fire_postfix,34852,d3d11.dll!D3D11CoreCreateLayeredDevice+0x9aba,9,0.0629,14304,20.002
fourteam_fire_postfix,34852,OgreMain.dll!?getHasInstanceData@VertexBufferBinding@Ogre@@UBE_NXZ+0x45,9,0.0629,14304,20.002
fourteam_fire_postfix,34852,battlezone98redux.exe!sub_67d090,9,0.0629,14304,20.002
fourteam_fire_postfix,34852,RenderSystem_Direct3D11.dll!?_render@D3D11RenderSystem@Ogre@@UAEXABVRenderOperation@2@@Z+0xd7,9,0.0629,14304,20.002
fourteam_fire_postfix,34852,KERNELBASE.dll!_invalid_parameter+0x1eb,8,0.0559,14304,20.002
fourteam_fire_postfix,34852,KERNELBASE.dll!_invalid_parameter+0x3d9,8,0.0559,14304,20.002
fourteam_fire_postfix,34852,OgreMain.dll!?getBestTechnique@Material@Ogre@@QAEPAVTechnique@2@GPBVRenderable@2@@Z+0xf6,8,0.0559,14304,20.002
fourteam_fire_postfix,34852,OgreMain.dll!?_writeRawConstant@GpuProgramParameters@Ogre@@QAEXIABVMatrix4@2@I@Z+0x1e,8,0.0559,14304,20.002
fourteam_fire_postfix,34852,ntdll.dll!_RtlpLocalInfoAllocFromCache@8+0x36,8,0.0559,14304,20.002
fourteam_fire_postfix,34852,OgreMain.dll!?buffersCheckedOut@TempBlendedBufferInfo@Ogre@@QBE_N_N0@Z+0x2f,8,0.0559,14304,20.002
fourteam_fire_postfix,34852,battlezone98redux.exe!sub_4178a0,8,0.0559,14304,20.002
fourteam_fire_postfix,34852,MSVCR120.dll!__libm_sse2_acosf+0x10d,8,0.0559,14304,20.002
fourteam_fire_postfix,34852,battlezone98redux.exe!sub_417f60,8,0.0559,14304,20.002
fourteam_fire_postfix,34852,OgreMain.dll!?getUseIdentityProjection@Renderable@Ogre@@QBE_NXZ,8,0.0559,14304,20.002
fourteam_fire_postfix,34852,d3d11.dll!D3D11CoreCreateDevice+0xa0fd,8,0.0559,14304,20.002
fourteam_fire_postfix,34852,d3d11.dll!D3D11CoreCreateLayeredDevice+0xca91,8,0.0559,14304,20.002
fourteam_fire_postfix,34852,battlezone98redux.exe!sub_442a90,8,0.0559,14304,20.002
fourteam_fire_postfix,34852,battlezone98redux.exe!sub_4d46b0,8,0.0559,14304,20.002
fourteam_fire_postfix,34852,battlezone98redux.exe!sub_82d338,8,0.0559,14304,20.002
fourteam_fire_postfix,34852,battlezone98redux.exe!sub_82ba1c,8,0.0559,14304,20.002
fourteam_fire_postfix,34852,d3d11.dll!D3D11CoreCreateLayeredDevice+0x23481,8,0.0559,14304,20.002
fourteam_fire_postfix,34852,RenderSystem_Direct3D11.dll!?IsDeviceLost@D3D11Device@Ogre@@QAE_NXZ+0xb,8,0.0559,14304,20.002
fourteam_fire_postfix,34852,RenderSystem_Direct3D11.dll!?updateImpl@D3D11RenderWindowBase@Ogre@@MAEXXZ+0x1a,8,0.0559,14304,20.002
fourteam_fire_postfix,34852,battlezone98redux.exe!sub_5bc640,8,0.0559,14304,20.002
fourteam_fire_postfix,34852,ntdll.dll!RtlStringVPrintfWorkerA+0x1e,8,0.0559,14304,20.002
fourteam_fire_postfix,34852,ntdll.dll!__vsnprintf+0x18,8,0.0559,14304,20.002
fourteam_fire_postfix,34852,d3d11.dll!CreateDirect3D11DeviceFromDXGIDevice+0xbc53d,8,0.0559,14304,20.002
fourteam_fire_postfix,34852,d3d11.dll+0x3628f,8,0.0559,14304,20.002
fourteam_fire_postfix,34852,d3d11.dll+0x373f1,8,0.0559,14304,20.002
fourteam_fire_postfix,34852,d3d11.dll+0x38e73,8,0.0559,14304,20.002
fourteam_fire_postfix,34852,RenderSystem_Direct3D11.dll+0x2554,8,0.0559,14304,20.002
fourteam_fire_postfix,34852,OgreMain.dll+0x33460,8,0.0559,14304,20.002
fourteam_fire_postfix,34852,battlezone98redux.exe!sub_4df370,8,0.0559,14304,20.002
fourteam_fire_postfix,34852,OgreMain.dll!?getFragmentProgram@Pass@Ogre@@QBEABV?$SharedPtr@VGpuProgram@Ogre@@@2@XZ+0xc,8,0.0559,14304,20.002
fourteam_fire_postfix,34852,battlezone98redux.exe!sub_44b810,8,0.0559,14304,20.002
fourteam_fire_postfix,34852,RenderSystem_Direct3D11.dll!?uninstall@D3D11Plugin@Ogre@@UAEXXZ+0x50e2,8,0.0559,14304,20.002
fourteam_fire_postfix,34852,battlezone98redux.exe!sub_787ac0,8,0.0559,14304,20.002
fourteam_fire_postfix,34852,OgreMain.dll!?createTechnique@Material@Ogre@@QAEPAVTechnique@2@XZ+0xaff,8,0.0559,14304,20.002
fourteam_fire_postfix,34852,OgreMain.dll!?updatePoint@RotationalSpline@Ogre@@QAEXGABVQuaternion@2@@Z+0xb084,8,0.0559,14304,20.002
fourteam_fire_postfix,34852,d3d11.dll!CreateDirect3D11DeviceFromDXGIDevice+0xa45e0,8,0.0559,14304,20.002
fourteam_fire_postfix,34852,WINMM.dll@6ea10000!BZROpenShim::`anonymous namespace'::HookIASetPrimitiveTopology+0x19,8,0.0559,14304,20.002
fourteam_fire_postfix,34852,d3d11.dll+0x272eb,8,0.0559,14304,20.002
fourteam_fire_postfix,34852,d3d11.dll+0x27562,8,0.0559,14304,20.002
fourteam_fire_postfix,34852,d3d11.dll+0x27340,8,0.0559,14304,20.002
fourteam_fire_postfix,34852,OgreMain.dll!?createLight@SceneManager@Ogre@@UAEPAVLight@2@XZ+0x4f,8,0.0559,14304,20.002
fourteam_fire_postfix,34852,d3d11.dll+0x2b518,8,0.0559,14304,20.002
fourteam_fire_postfix,34852,nvwgf2um.dll!OpenAdapter10+0x7208d,8,0.0559,14304,20.002
fourteam_fire_postfix,34852,MSVCR120.dll!__libm_sse2_acosf+0x1b2,8,0.0559,14304,20.002
fourteam_fire_postfix,34852,WINMM.dll@6ea10000!BZROpenShim::ReadExeSignature+0xc1,8,0.0559,14304,20.002
fourteam_fire_postfix,34852,battlezone98redux.exe!sub_46eaf0,8,0.0559,14304,20.002
fourteam_fire_postfix,34852,OgreMain.dll!?angleBetween@Vector3@Ogre@@QBE?AVRadian@2@ABV12@@Z+0xbf,8,0.0559,14304,20.002
fourteam_fire_postfix,34852,OgreMain.dll!?_notifyCurrentCamera@Entity@Ogre@@UAEXPAVCamera@2@@Z+0x109,8,0.0559,14304,20.002
fourteam_fire_postfix,34852,OgreMain.dll+0x2e866,8,0.0559,14304,20.002
fourteam_fire_postfix,34852,OgreMain.dll!?isFloat@GpuConstantDefinition@Ogre@@SA_NW4GpuConstantType@2@@Z+0x13,8,0.0559,14304,20.002
fourteam_fire_postfix,34852,OgreMain.dll!?isVisible@ShadowRenderable@Ogre@@UBE_NXZ+0x21c,8,0.0559,14304,20.002
fourteam_fire_postfix,34852,RenderSystem_Direct3D11.dll!?_render@D3D11RenderSystem@Ogre@@UAEXABVRenderOperation@2@@Z+0x112e,8,0.0559,14304,20.002
fourteam_fire_postfix,34852,OgreMain.dll!?_setTextureUnitSettings@RenderSystem@Ogre@@UAEXIAAVTextureUnitState@2@@Z+0x119,8,0.0559,14304,20.002
fourteam_fire_postfix,34852,WINMM.dll@6ea10000!BZROpenShim::`anonymous namespace'::DecideFrustumCull+0x101,8,0.0559,14304,20.002
fourteam_fire_postfix,34852,win32u.dll!_NtQueryCompositionSurfaceStatistics@8+0xc,8,0.0559,14304,20.002
fourteam_fire_postfix,34852,battlezone98redux.exe!COleDateTimeSpan,8,0.0559,14304,20.002
fourteam_fire_postfix,34852,battlezone98redux.exe!sub_67ed9d,8,0.0559,14304,20.002
fourteam_fire_postfix,34852,d3d11.dll!D3D11CoreCreateLayeredDevice+0x1c11,8,0.0559,14304,20.002
fourteam_fire_postfix,34852,d3d11.dll!D3D11CoreCreateLayeredDevice+0x1202,8,0.0559,14304,20.002
fourteam_fire_postfix,34852,OgreMain.dll!?createTechnique@Material@Ogre@@QAEPAVTechnique@2@XZ+0xb1b,8,0.0559,14304,20.002
fourteam_fire_postfix,34852,OgreMain.dll!?getValueImpl@DistanceLodStrategyBase@Ogre@@MBEMPBVMovableObject@2@PBVCamera@2@@Z+0x9d,8,0.0559,14304,20.002
fourteam_fire_postfix,34852,OgreMain.dll!?Ogre_InterlockedIncrement64@InterlockedCompareExchange64Wrapper@Ogre@@SA_JPC_J@Z+0x11b5,8,0.0559,14304,20.002
fourteam_fire_postfix,34852,MSVCR120.dll!__libm_sse2_asinf+0xbc,8,0.0559,14304,20.002
fourteam_fire_postfix,34852,d3d11.dll!CreateDirect3D11DeviceFromDXGIDevice+0xbae48,8,0.0559,14304,20.002
fourteam_fire_postfix,34852,WINMM.dll@6ea10000!`anonymous namespace'::ParseBool+0x10c,8,0.0559,14304,20.002
fourteam_fire_postfix,34852,WINMM.dll@6ea10000!BZROpenShim::`anonymous namespace'::InputBindingRowClick11+0xe,8,0.0559,14304,20.002
fourteam_fire_postfix,34852,KERNEL32.DLL!GetPrivateProfileStringA+0x3c,8,0.0559,14304,20.002
fourteam_fire_postfix,34852,ntdll.dll!_LdrpPreprocessDllName@16+0x33a,8,0.0559,14304,20.002
fourteam_fire_postfix,34852,d3d11.dll!D3D11CoreCreateDevice+0x3ad9,8,0.0559,14304,20.002
fourteam_fire_postfix,34852,nvwgf2um.dll!OpenAdapter10+0x76ff7,8,0.0559,14304,20.002
fourteam_fire_postfix,34852,nvwgf2um.dll!OpenAdapter10+0x76f47,8,0.0559,14304,20.002
fourteam_fire_postfix,34852,OgreMain.dll!?ASin@Math@Ogre@@SA?AVRadian@2@M@Z+0x1c,8,0.0559,14304,20.002
fourteam_fire_postfix,34852,OgreMain.dll!?updateFromParentImpl@SceneNode@Ogre@@MBEXXZ+0x9,8,0.0559,14304,20.002
fourteam_fire_postfix,34852,d3d11.dll+0x30e83,8,0.0559,14304,20.002
fourteam_fire_postfix,34852,OgreMain.dll!?getWorldViewMatrix@AutoParamDataSource@Ogre@@UBEABVMatrix4@2@XZ+0x241,8,0.0559,14304,20.002
fourteam_fire_postfix,34852,WINMM.dll@6ea10000!BZROpenShim::`anonymous namespace'::WingmanUpdateWeaponAimWithConvergence+0x48,8,0.0559,14304,20.002
fourteam_fire_postfix,34852,d3d11.dll!CreateDirect3D11DeviceFromDXGIDevice+0x9ae79,8,0.0559,14304,20.002
fourteam_fire_postfix,34852,OgreMain.dll!?_updateBounds@SceneNode@Ogre@@UAEXXZ+0x213,8,0.0559,14304,20.002
fourteam_fire_postfix,34852,battlezone98redux.exe!sub_44ef90,8,0.0559,14304,20.002
fourteam_fire_postfix,34852,battlezone98redux.exe!sub_67d040,8,0.0559,14304,20.002
fourteam_fire_postfix,34852,battlezone98redux.exe!sub_44b7d0,8,0.0559,14304,20.002
fourteam_fire_postfix,34852,RenderSystem_Direct3D11.dll!??1D3D11RenderWindowSwapChainBased@Ogre@@UAE@XZ+0x40e,8,0.0559,14304,20.002
fourteam_fire_postfix,34852,ntdll.dll!_RtlpLocalInfoAllocFromCache@8+0x28,8,0.0559,14304,20.002
fourteam_fire_postfix,34852,MSVCR120.dll!floor+0x30,8,0.0559,14304,20.002
fourteam_fire_postfix,34852,RenderSystem_Direct3D11.dll!?uninstall@D3D11Plugin@Ogre@@UAEXXZ+0x51a0,8,0.0559,14304,20.002
fourteam_fire_postfix,34852,OgreMain.dll!?generate@NameGenerator@Ogre@@QAE?AV?$basic_string@DU?$char_traits@D@std@@V?$allocator@D@2@@std@@XZ+0x104,8,0.0559,14304,20.002
fourteam_fire_postfix,34852,MSVCR120.dll!floor+0x1e,8,0.0559,14304,20.002
fourteam_fire_postfix,34852,OgreMain.dll!?_getParentNodeFullTransform@MovableObject@Ogre@@UBEABVMatrix4@2@XZ+0x9,8,0.0559,14304,20.002
fourteam_fire_postfix,34852,battlezone98redux.exe!sub_45aae0,7,0.0489,14304,20.002
fourteam_fire_postfix,34852,WINMM.dll@6ea10000!BZROpenShim::`anonymous namespace'::RenderMultiplayerFlags+0x621,7,0.0489,14304,20.002
fourteam_fire_postfix,34852,OgreMain.dll!?getDistance@Plane@Ogre@@QBEMABVVector3@2@@Z+0x2f,7,0.0489,14304,20.002
fourteam_fire_postfix,34852,OgreMain.dll!?queryLights@MovableObject@Ogre@@UBEABV?$HashedVector@PAVLight@Ogre@@@2@XZ+0x4f,7,0.0489,14304,20.002
fourteam_fire_postfix,34852,OgreMain.dll!?_findNamedConstantDefinition@GpuProgramParameters@Ogre@@QBEPBUGpuConstantDefinition@2@ABV?$basic_string@DU?$char_traits@D@std@@V?$allocator@D@2@@std@@_N@Z+0xd2,7,0.0489,14304,20.002
fourteam_fire_postfix,34852,battlezone98redux.exe!sub_67a5ed,7,0.0489,14304,20.002
fourteam_fire_postfix,34852,ntdll.dll!_RtlLeaveCriticalSection@4+0x2e,7,0.0489,14304,20.002
fourteam_fire_postfix,34852,battlezone98redux.exe!sub_684ca0,7,0.0489,14304,20.002
fourteam_fire_postfix,34852,MSVCR120.dll!__libm_sse2_asinf+0x30,7,0.0489,14304,20.002
fourteam_fire_postfix,34852,OgreMain.dll!?getTransparentSortingForced@Pass@Ogre@@QBE_NXZ+0x6,7,0.0489,14304,20.002
fourteam_fire_postfix,34852,OgreMain.dll!?FastHash@Ogre@@YAIPBDHI@Z+0xb0,7,0.0489,14304,20.002
fourteam_fire_postfix,34852,d3d11.dll+0x2703b,7,0.0489,14304,20.002
fourteam_fire_postfix,34852,OgreMain.dll!?isTransparentSortingForced@Technique@Ogre@@QBE_NXZ+0xc,7,0.0489,14304,20.002
fourteam_fire_postfix,34852,battlezone98redux.exe!sub_4aaea0,7,0.0489,14304,20.002
fourteam_fire_postfix,34852,KERNEL32.DLL!FlsGetValue+0x1b,7,0.0489,14304,20.002
fourteam_fire_postfix,34852,OgreMain.dll!?getSide@Plane@Ogre@@QBE?AW4Side@12@ABVVector3@2@0@Z+0x69,7,0.0489,14304,20.002
fourteam_fire_postfix,34852,battlezone98redux.exe!sub_5b2bd0,7,0.0489,14304,20.002
fourteam_fire_postfix,34852,KERNELBASE.dll!GetModuleHandleA+0x16,7,0.0489,14304,20.002
fourteam_fire_postfix,34852,OgreMain.dll!?angleBetween@Vector3@Ogre@@QBE?AVRadian@2@ABV12@@Z+0x3a,7,0.0489,14304,20.002
fourteam_fire_postfix,34852,OgreMain.dll!?getIndex@DistanceLodStrategyBase@Ogre@@UBEGMABV?$vector@MV?$STLAllocator@MV?$CategorisedAllocPolicy@$0A@@Ogre@@@Ogre@@@std@@@Z+0x16,7,0.0489,14304,20.002
fourteam_fire_postfix,34852,battlezone98redux.exe!sub_83d4d0,7,0.0489,14304,20.002
fourteam_fire_postfix,34852,battlezone98redux.exe!sub_44c7c0,7,0.0489,14304,20.002
fourteam_fire_postfix,34852,battlezone98redux.exe!sub_844220,7,0.0489,14304,20.002
fourteam_fire_postfix,34852,ntdll.dll!__vsnprintf_l+0x4c,7,0.0489,14304,20.002
fourteam_fire_postfix,34852,OgreMain.dll!?renderBasicQueueGroupObjects@SceneManager@Ogre@@MAEXPAVRenderQueueGroup@2@W4OrganisationMode@QueuedRenderableCollection@2@@Z+0x74,7,0.0489,14304,20.002
fourteam_fire_postfix,34852,OgreMain.dll!?findLightsAffectingFrustum@SceneManager@Ogre@@MAEXPBVCamera@2@@Z+0x194,7,0.0489,14304,20.002
fourteam_fire_postfix,34852,battlezone98redux.exe!sub_4db560,7,0.0489,14304,20.002
fourteam_fire_postfix,34852,battlezone98redux.exe!sub_5c1b30,7,0.0489,14304,20.002
fourteam_fire_postfix,34852,OgreMain.dll!?getAs4DVector@Light@Ogre@@QBE?AVVector4@2@_N@Z+0x54,7,0.0489,14304,20.002
fourteam_fire_postfix,34852,ntdll.dll!_RtlDosPathNameToRelativeNtPathName_U_WithStatus@16+0x4c,7,0.0489,14304,20.002
fourteam_fire_postfix,34852,KERNELBASE.dll!DeleteFile2W+0x346,7,0.0489,14304,20.002
fourteam_fire_postfix,34852,battlezone98redux.exe!sub_4ee780,7,0.0489,14304,20.002
fourteam_fire_postfix,34852,OgreMain.dll!?calculateB@FocusedShadowCameraSetup@Ogre@@IBEXABVSceneManager@2@ABVCamera@2@ABVLight@2@ABVAxisAlignedBox@2@3PAVPointListBody@12@@Z+0x1c0,7,0.0489,14304,20.002
fourteam_fire_postfix,34852,dxgi.dll!DXGIDisableVBlankVirtualization+0x3b0ee,7,0.0489,14304,20.002
fourteam_fire_postfix,34852,battlezone98redux.exe!sub_462630,7,0.0489,14304,20.002
fourteam_fire_postfix,34852,d3d11.dll+0x35ec1,7,0.0489,14304,20.002
fourteam_fire_postfix,34852,MSVCR120.dll!_strnicoll+0x8f,7,0.0489,14304,20.002
fourteam_fire_postfix,34852,OgreMain.dll!?isInLightRange@Light@Ogre@@QBE_NABVSphere@2@@Z+0x14c,7,0.0489,14304,20.002
fourteam_fire_postfix,34852,OgreMain.dll!??4GpuSharedParametersUsage@Ogre@@QAEAAV01@ABV01@@Z+0x26f9,7,0.0489,14304,20.002
fourteam_fire_postfix,34852,battlezone98redux.exe!sub_822ae0,7,0.0489,14304,20.002
fourteam_fire_postfix,34852,OgreMain.dll!?_updateAutoParams@GpuProgramParameters@Ogre@@QAEXPBVAutoParamDataSource@2@G@Z+0x1bee,7,0.0489,14304,20.002
fourteam_fire_postfix,34852,d3d11.dll+0x30e12,7,0.0489,14304,20.002
fourteam_fire_postfix,34852,d3d11.dll+0x2b56b,7,0.0489,14304,20.002
fourteam_fire_postfix,34852,OgreMain.dll!?_findVisibleObjects@SceneNode@Ogre@@UAEXPAVCamera@2@PAVRenderQueue@2@PAUVisibleObjectsBoundsInfo@2@_N33@Z+0x35,7,0.0489,14304,20.002
fourteam_fire_postfix,34852,OgreMain.dll!?isInLightRange@Light@Ogre@@QBE_NABVSphere@2@@Z+0x9f,7,0.0489,14304,20.002
fourteam_fire_postfix,34852,OgreMain.dll!?_getActiveSchemeIndex@MaterialManager@Ogre@@UBEGXZ,7,0.0489,14304,20.002
fourteam_fire_postfix,34852,OgreMain.dll!?updatePoint@RotationalSpline@Ogre@@QAEXGABVQuaternion@2@@Z+0x1585,7,0.0489,14304,20.002
fourteam_fire_postfix,34852,OgreMain.dll+0x19c45,7,0.0489,14304,20.002
fourteam_fire_postfix,34852,RenderSystem_Direct3D11.dll!?unlockImpl@D3D11HardwareBuffer@Ogre@@MAEXXZ+0x53,7,0.0489,14304,20.002
fourteam_fire_postfix,34852,OgreMain.dll!?createTechnique@Material@Ogre@@QAEPAVTechnique@2@XZ+0xb03,7,0.0489,14304,20.002
fourteam_fire_postfix,34852,OgreMain.dll!?fireViewportPreUpdate@RenderTarget@Ogre@@MAEXPAVViewport@2@@Z+0x3b,7,0.0489,14304,20.002
fourteam_fire_postfix,34852,OgreMain.dll!?_updateViewport@RenderTarget@Ogre@@UAEXPAVViewport@2@_N@Z+0x13,7,0.0489,14304,20.002
fourteam_fire_postfix,34852,battlezone98redux.exe!_Uninitialized_move<>,7,0.0489,14304,20.002
fourteam_fire_postfix,34852,OgreMain.dll!?_updateAutoParams@Pass@Ogre@@QBEXPBVAutoParamDataSource@2@G@Z+0x6a,7,0.0489,14304,20.002
fourteam_fire_postfix,34852,d3d11.dll!D3D11CoreCreateLayeredDevice+0x13af,7,0.0489,14304,20.002
fourteam_fire_postfix,34852,d3d11.dll!D3D11CoreCreateLayeredDevice+0xf28,7,0.0489,14304,20.002
fourteam_fire_postfix,34852,MSVCP120.dll!??6?$basic_ostream@DU?$char_traits@D@std@@@std@@QAEAAV01@K@Z+0x7b,7,0.0489,14304,20.002
fourteam_fire_postfix,34852,OgreMain.dll!?toString@StringConverter@Ogre@@SA?AV?$basic_string@DU?$char_traits@D@std@@V?$allocator@D@2@@std@@IGDH@Z+0x16e,7,0.0489,14304,20.002
fourteam_fire_postfix,34852,OgreMain.dll!?isVisible@Frustum@Ogre@@UBE_NABVAxisAlignedBox@2@PAW4FrustumPlane@2@@Z+0x10,7,0.0489,14304,20.002
fourteam_fire_postfix,34852,OgreMain.dll!?angleBetween@Vector3@Ogre@@QBE?AVRadian@2@ABV12@@Z+0xe3,7,0.0489,14304,20.002
fourteam_fire_postfix,34852,OgreMain.dll!?RealEqual@Math@Ogre@@SA_NMMM@Z+0x1f,7,0.0489,14304,20.002
fourteam_fire_postfix,34852,nvwgf2um.dll!SetDependencyInfo+0x5027b,7,0.0489,14304,20.002
fourteam_fire_postfix,34852,OgreMain.dll+0x13f52,7,0.0489,14304,20.002
fourteam_fire_postfix,34852,nvwgf2um.dll!SetDependencyInfo+0x54242,7,0.0489,14304,20.002
fourteam_fire_postfix,34852,KERNEL32.DLL!BaseDllReadWriteIniFile+0xea,7,0.0489,14304,20.002
fourteam_fire_postfix,34852,battlezone98redux.exe!sub_4dfad0,7,0.0489,14304,20.002
fourteam_fire_postfix,34852,OgreMain.dll!?angleBetween@Vector3@Ogre@@QBE?AVRadian@2@ABV12@@Z+0x1,7,0.0489,14304,20.002
fourteam_fire_postfix,34852,OgreMain.dll!?angleBetween@Vector3@Ogre@@QBE?AVRadian@2@ABV12@@Z+0x58,7,0.0489,14304,20.002
fourteam_fire_postfix,34852,battlezone98redux.exe!sub_6f0ea0,7,0.0489,14304,20.002
fourteam_fire_postfix,34852,KERNEL32.DLL!GetProcessAffinityMask+0x2a,7,0.0489,14304,20.002
fourteam_fire_postfix,34852,nvwgf2um.dll!SetDependencyInfo+0x541f0,7,0.0489,14304,20.002
fourteam_fire_postfix,34852,OgreMain.dll!?createEntity@SceneManager@Ogre@@UAEPAVEntity@2@ABV?$basic_string@DU?$char_traits@D@std@@V?$allocator@D@2@@std@@@Z+0x3e,7,0.0489,14304,20.002
fourteam_fire_postfix,34852,MSVCR120.dll!__libm_sse2_asinf+0x1f8,7,0.0489,14304,20.002
fourteam_fire_postfix,34852,ntdll.dll!_RtlAnsiCharToUnicodeChar@4+0x36,7,0.0489,14304,20.002
fourteam_fire_postfix,34852,MSVCR120.dll!__libm_sse2_asinf+0x224,7,0.0489,14304,20.002
fourteam_fire_postfix,34852,MSVCR120.dll!__libm_sse2_acosf+0x76,7,0.0489,14304,20.002
fourteam_fire_postfix,34852,USER32.dll!GetWindow+0xa0,7,0.0489,14304,20.002
fourteam_fire_postfix,34852,dxgi.dll!DXGIDisableVBlankVirtualization+0x20ac8,7,0.0489,14304,20.002
fourteam_fire_postfix,34852,battlezone98redux.exe!sub_83432e,7,0.0489,14304,20.002
fourteam_fire_postfix,34852,OgreMain.dll!?findLightsAffectingFrustum@SceneManager@Ogre@@MAEXPBVCamera@2@@Z+0x117,7,0.0489,14304,20.002
fourteam_fire_postfix,34852,OgreMain.dll!??4GpuSharedParametersUsage@Ogre@@QAEAAV01@ABV01@@Z+0x273c,7,0.0489,14304,20.002
fourteam_fire_postfix,34852,battlezone98redux.exe!sub_421f70,7,0.0489,14304,20.002
fourteam_fire_postfix,34852,OgreMain.dll!?destroySceneNode@SceneManager@Ogre@@UAEXPAVSceneNode@2@@Z+0xd1,7,0.0489,14304,20.002
fourteam_fire_postfix,34852,OgreMain.dll!?_getCurrentSceneManager@Root@Ogre@@QBEPAVSceneManager@2@XZ+0x2c,7,0.0489,14304,20.002
fourteam_fire_postfix,34852,OgreMain.dll!?isInLightRange@Light@Ogre@@QBE_NABVSphere@2@@Z+0xc6,7,0.0489,14304,20.002
fourteam_fire_postfix,34852,OgreMain.dll+0x3db86,7,0.0489,14304,20.002
fourteam_fire_postfix,34852,OgreMain.dll!?merge@VisibleObjectsBoundsInfo@Ogre@@QAEXABVAxisAlignedBox@2@ABVSphere@2@PBVCamera@2@_N@Z+0x11d,7,0.0489,14304,20.002
fourteam_fire_postfix,34852,OgreMain.dll!?_updateBounds@SceneNode@Ogre@@UAEXXZ+0x249,7,0.0489,14304,20.002
fourteam_fire_postfix,34852,OgreMain.dll!?angleBetween@Vector3@Ogre@@QBE?AVRadian@2@ABV12@@Z+0xb3,7,0.0489,14304,20.002
fourteam_fire_postfix,34852,OgreMain.dll!?updateFromParentImpl@SceneNode@Ogre@@MBEXXZ+0x18,7,0.0489,14304,20.002
fourteam_fire_postfix,34852,OgreMain.dll!?_updateAutoParams@GpuProgramParameters@Ogre@@QAEXPBVAutoParamDataSource@2@G@Z+0x1246,7,0.0489,14304,20.002
fourteam_fire_postfix,34852,OgreMain.dll!?softwareVertexBlend@Mesh@Ogre@@SAXPBVVertexData@2@0PBQBVMatrix4@2@I_N@Z+0x22d,7,0.0489,14304,20.002
fourteam_fire_postfix,34852,ntdll.dll!_KiUserExceptionDispatcher@8,7,0.0489,14304,20.002
fourteam_fire_postfix,34852,OgreMain.dll+0x17bb6,7,0.0489,14304,20.002
fourteam_fire_postfix,34852,d3d11.dll+0x328a6,6,0.0419,14304,20.002
fourteam_fire_postfix,34852,d3d11.dll+0x27012,6,0.0419,14304,20.002
fourteam_fire_postfix,34852,d3d11.dll!D3D11CoreCreateLayeredDevice+0xcf8c,6,0.0419,14304,20.002
fourteam_fire_postfix,34852,OgreMain.dll!?normalise@Vector3@Ogre@@QAEMXZ+0x42,6,0.0419,14304,20.002
fourteam_fire_postfix,34852,OgreMain.dll!?isFloat@GpuConstantDefinition@Ogre@@SA_NW4GpuConstantType@2@@Z+0x6,6,0.0419,14304,20.002
fourteam_fire_postfix,34852,d3d11.dll+0x311e7,6,0.0419,14304,20.002
fourteam_fire_postfix,34852,nvwgf2um.dll!OpenAdapter10+0x72c10,6,0.0419,14304,20.002
fourteam_fire_postfix,34852,d3d11.dll+0x30eac,6,0.0419,14304,20.002
fourteam_fire_postfix,34852,OgreMain.dll!?getSide@Plane@Ogre@@QBE?AW4Side@12@ABVVector3@2@0@Z+0x38,6,0.0419,14304,20.002
fourteam_fire_postfix,34852,OgreMain.dll!??0Frustum@Ogre@@QAE@ABV?$basic_string@DU?$char_traits@D@std@@V?$allocator@D@2@@std@@@Z+0x1c2,6,0.0419,14304,20.002
fourteam_fire_postfix,34852,OgreMain.dll!??0FocusedShadowCameraSetup@Ogre@@QAE@XZ+0x62,6,0.0419,14304,20.002
fourteam_fire_postfix,34852,d3d11.dll!D3D11CoreCreateLayeredDevice+0x123ba,6,0.0419,14304,20.002
fourteam_fire_postfix,34852,ntdll.dll!_ZwDuplicateObject@28+0xc,6,0.0419,14304,20.002
fourteam_fire_postfix,34852,battlezone98redux.exe!sub_44eff0,6,0.0419,14304,20.002
fourteam_fire_postfix,34852,battlezone98redux.exe!sub_44efb0,6,0.0419,14304,20.002
fourteam_fire_postfix,34852,OgreMain.dll!?getWorldViewMatrix@AutoParamDataSource@Ogre@@UBEABVMatrix4@2@XZ+0x22f,6,0.0419,14304,20.002
fourteam_fire_postfix,34852,OgreMain.dll!?populateFrameEvent@Root@Ogre@@IAEXW4FrameEventTimeType@12@AAUFrameEvent@2@@Z+0x1f,6,0.0419,14304,20.002
fourteam_fire_postfix,34852,OgreMain.dll!?renderOneFrame@Root@Ogre@@QAE_NXZ+0x8,6,0.0419,14304,20.002
fourteam_fire_postfix,34852,OgreMain.dll!?setVisible@MovableObject@Ogre@@UAEX_N@Z+0x25,6,0.0419,14304,20.002
fourteam_fire_postfix,34852,ntdll.dll!_LdrGetDllHandleEx@20+0x180,6,0.0419,14304,20.002
fourteam_fire_postfix,34852,OgreMain.dll!?updateAnimation@Entity@Ogre@@IAEXXZ+0x10f,6,0.0419,14304,20.002
fourteam_fire_postfix,34852,battlezone98redux.exe!sub_4d9b40,6,0.0419,14304,20.002
fourteam_fire_postfix,34852,battlezone98redux.exe!sub_422e80,6,0.0419,14304,20.002
fourteam_fire_postfix,34852,RenderSystem_Direct3D11.dll!?getConstantBuffer@D3D11HLSLProgram@Ogre@@QAEPAUID3D11Buffer@@V?$SharedPtr@VGpuProgramParameters@Ogre@@@2@G@Z+0x100,6,0.0419,14304,20.002
fourteam_fire_postfix,34852,battlezone98redux.exe!sub_5cb140,6,0.0419,14304,20.002
fourteam_fire_postfix,34852,OgreMain.dll!?getWorldMatrix@AutoParamDataSource@Ogre@@UBEABVMatrix4@2@XZ+0x9e,6,0.0419,14304,20.002
fourteam_fire_postfix,34852,OgreMain.dll!?renderSingleObject@SceneManager@Ogre@@MAEXPAVRenderable@2@PBVPass@2@_N2PBV?$HashedVector@PAVLight@Ogre@@@2@@Z+0x180,6,0.0419,14304,20.002
fourteam_fire_postfix,34852,battlezone98redux.exe!sub_4817a0,6,0.0419,14304,20.002
fourteam_fire_postfix,34852,battlezone98redux.exe!sub_43b210,6,0.0419,14304,20.002
fourteam_fire_postfix,34852,RenderSystem_Direct3D11.dll!?getConstantBuffer@D3D11HLSLProgram@Ogre@@QAEPAUID3D11Buffer@@V?$SharedPtr@VGpuProgramParameters@Ogre@@@2@G@Z+0x141,6,0.0419,14304,20.002
fourteam_fire_postfix,34852,battlezone98redux.exe!sub_830f2e,6,0.0419,14304,20.002
fourteam_fire_postfix,34852,dxgi.dll!DXGID3D10CreateDevice+0xd76,6,0.0419,14304,20.002
fourteam_fire_postfix,34852,MSVCR120.dll!__libm_sse2_asinf+0x230,6,0.0419,14304,20.002
fourteam_fire_postfix,34852,battlezone98redux.exe!sub_4588c0,6,0.0419,14304,20.002
fourteam_fire_postfix,34852,OgreMain.dll!?_setTextureUnitSettings@RenderSystem@Ogre@@UAEXIAAVTextureUnitState@2@@Z+0x73,6,0.0419,14304,20.002
fourteam_fire_postfix,34852,MSVCR120.dll!__libm_sse2_acosf+0x1a9,6,0.0419,14304,20.002
fourteam_fire_postfix,34852,OgreMain.dll!?merge@VisibleObjectsBoundsInfo@Ogre@@QAEXABVAxisAlignedBox@2@ABVSphere@2@PBVCamera@2@_N@Z+0x1f,6,0.0419,14304,20.002
fourteam_fire_postfix,34852,RenderSystem_Direct3D11.dll!?_setTexture@D3D11RenderSystem@Ogre@@UAEXI_NABV?$SharedPtr@VTexture@Ogre@@@2@@Z+0x94,6,0.0419,14304,20.002
fourteam_fire_postfix,34852,OgreMain.dll!?_updateAutoParams@GpuProgramParameters@Ogre@@QAEXPBVAutoParamDataSource@2@G@Z+0x26,6,0.0419,14304,20.002
fourteam_fire_postfix,34852,d3d11.dll!D3D11CoreCreateLayeredDevice+0x128f,6,0.0419,14304,20.002
fourteam_fire_postfix,34852,d3d11.dll+0x317ab,6,0.0419,14304,20.002
fourteam_fire_postfix,34852,OgreMain.dll!?createMovableObject@SceneManager@Ogre@@UAEPAVMovableObject@2@ABV?$basic_string@DU?$char_traits@D@std@@V?$allocator@D@2@@std@@0PBV?$map@V?$basic_string@DU?$char_traits@D@std@@V?$allocator@D@2@@std@@V12@U?$less@V?$basic_string@DU?$char_traits@D@std@@V?$allocator@D@2@@std@@@2@V?$STLAllocator@U?$pair@$$CBV?$basic_string@DU?$char_traits@D@std@@V?$allocator@D@2@@std@@V12@@std@@V?$CategorisedAllocPolicy@$0A@@Ogre@@@Ogre@@@5@@Z+0x210,6,0.0419,14304,20.002
fourteam_fire_postfix,34852,OgreMain.dll!?createInstance@MovableObjectFactory@Ogre@@UAEPAVMovableObject@2@ABV?$basic_string@DU?$char_traits@D@std@@V?$allocator@D@2@@std@@PAVSceneManager@2@PBV?$map@V?$basic_string@DU?$char_traits@D@std@@V?$allocator@D@2@@std@@V12@U?$less@V?$basic_string@DU?$char_traits@D@std@@V?$allocator@D@2@@std@@@2@V?$STLAllocator@U?$pair@$$CBV?$basic_string@DU?$char_traits@D@std@@V?$allocator@D@2@@std@@V12@@std@@V?$CategorisedAllocPolicy@$0A@@Ogre@@@Ogre@@@5@@Z+0x11,6,0.0419,14304,20.002
fourteam_fire_postfix,34852,OgreMain.dll!?hasViewRelativeTextureCoordinateGeneration@TextureUnitState@Ogre@@QBE_NXZ+0x14,6,0.0419,14304,20.002
fourteam_fire_postfix,34852,OgreMain.dll!?_calcTempSquareDist@Light@Ogre@@QAEXABVVector3@2@@Z+0x30,6,0.0419,14304,20.002
fourteam_fire_postfix,34852,OgreMain.dll!?updateFromParentImpl@SceneNode@Ogre@@MBEXXZ+0x1a,6,0.0419,14304,20.002
fourteam_fire_postfix,34852,battlezone98redux.exe!sub_787b60,6,0.0419,14304,20.002
fourteam_fire_postfix,34852,OgreMain.dll!?createEntity@SceneManager@Ogre@@UAEPAVEntity@2@ABV?$basic_string@DU?$char_traits@D@std@@V?$allocator@D@2@@std@@@Z+0x59,6,0.0419,14304,20.002
fourteam_fire_postfix,34852,nvwgf2um.dll!OpenAdapter10+0x72b10,6,0.0419,14304,20.002
fourteam_fire_postfix,34852,ucrtbase.dll!_memcmp+0x240,6,0.0419,14304,20.002
fourteam_fire_postfix,34852,OgreMain.dll!?_detectImplementation@OptimisedUtil@Ogre@@KAPAV12@XZ+0x468a,6,0.0419,14304,20.002
fourteam_fire_postfix,34852,OgreMain.dll!?getBestTechnique@Material@Ogre@@QAEPAVTechnique@2@GPBVRenderable@2@@Z+0x69,6,0.0419,14304,20.002
fourteam_fire_postfix,34852,WINMM.dll@6ea10000!BZROpenShim::ChunkEffectSimulateHook+0x2ee,6,0.0419,14304,20.002
fourteam_fire_postfix,34852,battlezone98redux.exe!sub_663740,6,0.0419,14304,20.002
fourteam_fire_postfix,34852,OgreMain.dll!?getShadowCamera@LiSPSMShadowCameraSetup@Ogre@@UBEXPBVSceneManager@2@PBVCamera@2@PBVViewport@2@PBVLight@2@PAV42@I@Z+0x6c0,6,0.0419,14304,20.002
fourteam_fire_postfix,34852,OgreMain.dll!?merge@VisibleObjectsBoundsInfo@Ogre@@QAEXABVAxisAlignedBox@2@ABVSphere@2@PBVCamera@2@_N@Z+0x2c,6,0.0419,14304,20.002
fourteam_fire_postfix,34852,MSVCR120.dll!__libm_sse2_acosf+0x10,6,0.0419,14304,20.002
fourteam_fire_postfix,34852,battlezone98redux.exe!Getal,6,0.0419,14304,20.002
fourteam_fire_postfix,34852,battlezone98redux.exe!sub_6c69c0,6,0.0419,14304,20.002
fourteam_fire_postfix,34852,battlezone98redux.exe!sub_44f9c0,6,0.0419,14304,20.002
fourteam_fire_postfix,34852,battlezone98redux.exe+0x4f6c8,6,0.0419,14304,20.002
fourteam_fire_postfix,34852,OgreMain.dll!?getBestTechnique@Material@Ogre@@QAEPAVTechnique@2@GPBVRenderable@2@@Z+0x4f,6,0.0419,14304,20.002
fourteam_fire_postfix,34852,d3d11.dll+0x2b095,6,0.0419,14304,20.002
fourteam_fire_postfix,34852,MSVCR120.dll!wcschr+0xcd,6,0.0419,14304,20.002
fourteam_fire_postfix,34852,d3d11.dll!D3D11CoreCreateLayeredDevice+0x13c43,6,0.0419,14304,20.002
fourteam_fire_postfix,34852,d3d11.dll!D3D11CoreCreateLayeredDevice+0x13921,6,0.0419,14304,20.002
fourteam_fire_postfix,34852,OgreMain.dll!?updatePoint@RotationalSpline@Ogre@@QAEXGABVQuaternion@2@@Z+0x9e39,6,0.0419,14304,20.002
fourteam_fire_postfix,34852,OgreMain.dll!??4GpuSharedParametersUsage@Ogre@@QAEAAV01@ABV01@@Z+0x278f,6,0.0419,14304,20.002
fourteam_fire_postfix,34852,MSVCR120.dll!_strnicmp+0x21,6,0.0419,14304,20.002
fourteam_fire_postfix,34852,WINMM.dll@6ea10000!BZROpenShim::`anonymous namespace'::HookEntityUpdateAnimationCore+0xcd,6,0.0419,14304,20.002
fourteam_fire_postfix,34852,MSVCP120.dll!?do_put@?$num_put@DV?$ostreambuf_iterator@DU?$char_traits@D@std@@@std@@@std@@MBE?AV?$ostreambuf_iterator@DU?$char_traits@D@std@@@2@V32@AAVios_base@2@DK@Z+0x56,6,0.0419,14304,20.002
fourteam_fire_postfix,34852,OgreMain.dll!?getSource@Exception@Ogre@@UBEABV?$basic_string@DU?$char_traits@D@std@@V?$allocator@D@2@@std@@XZ+0x305,6,0.0419,14304,20.002
fourteam_fire_postfix,34852,OgreMain.dll!?getSide@Plane@Ogre@@QBE?AW4Side@12@ABVVector3@2@0@Z+0x6c,6,0.0419,14304,20.002
fourteam_fire_postfix,34852,OgreMain.dll!?createTechnique@Material@Ogre@@QAEPAVTechnique@2@XZ+0xa1f,6,0.0419,14304,20.002
fourteam_fire_postfix,34852,OgreMain.dll!?getTextureUnitStateIterator@Pass@Ogre@@QBE?AV?$ConstVectorIterator@V?$vector@PAVTextureUnitState@Ogre@@V?$STLAllocator@PAVTextureUnitState@Ogre@@V?$CategorisedAllocPolicy@$0A@@2@@2@@std@@@2@XZ+0x1a,6,0.0419,14304,20.002
fourteam_fire_postfix,34852,nvwgf2um.dll!SetDependencyInfo+0x35489,6,0.0419,14304,20.002
fourteam_fire_postfix,34852,OgreMain.dll!?RealEqual@Math@Ogre@@SA_NMMM@Z+0x19,6,0.0419,14304,20.002
fourteam_fire_postfix,34852,ntdll.dll!_ZwRaiseException@12+0xc,6,0.0419,14304,20.002
fourteam_fire_postfix,34852,KERNELBASE.dll!RaiseException+0x64,6,0.0419,14304,20.002
fourteam_fire_postfix,34852,ntdll.dll!_RtlAbPostRelease@8+0x28,6,0.0419,14304,20.002
fourteam_fire_postfix,34852,OgreMain.dll!?setShadowCameraSetup@SceneManager@Ogre@@UAEXABV?$SharedPtr@VShadowCameraSetup@Ogre@@@2@@Z+0x5c,6,0.0419,14304,20.002
fourteam_fire_postfix,34852,battlezone98redux.exe!~_AnonymousOriginator<>,6,0.0419,14304,20.002
fourteam_fire_postfix,34852,battlezone98redux.exe!sub_6815b0,6,0.0419,14304,20.002
fourteam_fire_postfix,34852,battlezone98redux.exe!sub_684290,6,0.0419,14304,20.002
fourteam_fire_postfix,34852,battlezone98redux.exe!sub_43c6e0,6,0.0419,14304,20.002
fourteam_fire_postfix,34852,nvwgf2um.dll!NVAPI_DirectMethods+0xb9201,6,0.0419,14304,20.002
fourteam_fire_postfix,34852,battlezone98redux.exe!sub_6ef330,6,0.0419,14304,20.002
fourteam_fire_postfix,34852,ntdll.dll!_ZwQueryInformationProcess@20+0x26,6,0.0419,14304,20.002
fourteam_fire_postfix,34852,MSVCR120.dll!__libm_sse2_acosf+0x3a,6,0.0419,14304,20.002
fourteam_fire_postfix,34852,battlezone98redux.exe!sub_784000,6,0.0419,14304,20.002
fourteam_fire_postfix,34852,WINMM.dll@6ea10000!BZROpenShim::LogShimVA+0xe7,6,0.0419,14304,20.002
fourteam_fire_postfix,34852,OgreMain.dll!?_getDelegate@UnifiedHighLevelGpuProgram@Ogre@@QBEABV?$SharedPtr@VHighLevelGpuProgram@Ogre@@@2@XZ+0x7,6,0.0419,14304,20.002
fourteam_fire_postfix,34852,OgreMain.dll!?_getTexturePtr@TextureUnitState@Ogre@@QBEABV?$SharedPtr@VTexture@Ogre@@@2@XZ+0x7,6,0.0419,14304,20.002
fourteam_fire_postfix,34852,nvwgf2um.dll!OpenAdapter10+0x77cf7,6,0.0419,14304,20.002
fourteam_fire_postfix,34852,d3d11.dll+0x39089,6,0.0419,14304,20.002
fourteam_fire_postfix,34852,battlezone98redux.exe!sub_504de0,6,0.0419,14304,20.002
fourteam_fire_postfix,34852,OgreMain.dll!?touchVertexBufferCopy@HardwareBufferManagerBase@Ogre@@UAEXABVHardwareVertexBufferSharedPtr@2@@Z+0x41,6,0.0419,14304,20.002
fourteam_fire_postfix,34852,OgreMain.dll!?_renderScene@Camera@Ogre@@QAEXPAVViewport@2@_N@Z+0xd8,6,0.0419,14304,20.002
fourteam_fire_postfix,34852,MSVCR120.dll!__libm_sse2_acosf+0xe0,6,0.0419,14304,20.002
fourteam_fire_postfix,34852,battlezone98redux.exe!sub_679f10,6,0.0419,14304,20.002
fourteam_fire_postfix,34852,battlezone98redux.exe!sub_4221b0,6,0.0419,14304,20.002
fourteam_fire_postfix,34852,OgreMain.dll!?angleBetween@Vector3@Ogre@@QBE?AVRadian@2@ABV12@@Z+0x79,6,0.0419,14304,20.002
fourteam_fire_postfix,34852,dxgi.dll!DXGIReportAdapterConfiguration+0xaa96,6,0.0419,14304,20.002
fourteam_fire_postfix,34852,dxgi.dll!DXGIGetDebugInterface1+0xa5e2,6,0.0419,14304,20.002
fourteam_fire_postfix,34852,OgreMain.dll!?_writeRawConstants@GpuProgramParameters@Ogre@@QAEXIPBMI@Z+0xd,6,0.0419,14304,20.002
fourteam_fire_postfix,34852,OgreMain.dll!?_fireFrameEnded@Root@Ogre@@QAE_NAAUFrameEvent@2@@Z+0x9d,6,0.0419,14304,20.002
fourteam_fire_postfix,34852,d3d11.dll+0x30f29,6,0.0419,14304,20.002
fourteam_fire_postfix,34852,OgreMain.dll!?_findNamedConstantDefinition@GpuProgramParameters@Ogre@@QBEPBUGpuConstantDefinition@2@ABV?$basic_string@DU?$char_traits@D@std@@V?$allocator@D@2@@std@@_N@Z+0x19c,6,0.0419,14304,20.002
fourteam_fire_postfix,34852,battlezone98redux.exe!sub_447f60,6,0.0419,14304,20.002
fourteam_fire_postfix,34852,RenderSystem_Direct3D11.dll!?getConstantBuffer@D3D11HLSLProgram@Ogre@@QAEPAUID3D11Buffer@@V?$SharedPtr@VGpuProgramParameters@Ogre@@@2@G@Z+0xb1,6,0.0419,14304,20.002
fourteam_fire_postfix,34852,OgreMain.dll!?calculateB@FocusedShadowCameraSetup@Ogre@@IBEXABVSceneManager@2@ABVCamera@2@ABVLight@2@ABVAxisAlignedBox@2@3PAVPointListBody@12@@Z+0x17,6,0.0419,14304,20.002
fourteam_fire_postfix,34852,OgreMain.dll!?_setTextureUnitSettings@RenderSystem@Ogre@@UAEXIAAVTextureUnitState@2@@Z+0x29a,6,0.0419,14304,20.002
fourteam_fire_postfix,34852,OgreMain.dll!?hasScale@Matrix4@Ogre@@QBE_NXZ+0xd4,6,0.0419,14304,20.002
fourteam_fire_postfix,34852,OgreMain.dll!?getLight@AutoParamDataSource@Ogre@@IBEABVLight@2@I@Z+0x11,6,0.0419,14304,20.002
fourteam_fire_postfix,34852,OgreMain.dll!?getConstantDefinition@GpuProgramParameters@Ogre@@QBEABUGpuConstantDefinition@2@ABV?$basic_string@DU?$char_traits@D@std@@V?$allocator@D@2@@std@@@Z+0x35,6,0.0419,14304,20.002
fourteam_fire_postfix,34852,ntdll.dll!@RtlpLowFragHeapAllocFromContext@16+0x23,6,0.0419,14304,20.002
fourteam_fire_postfix,34852,nvwgf2um.dll!SetDependencyInfo+0x5425a,6,0.0419,14304,20.002
fourteam_fire_postfix,34852,d3d11.dll!CreateDirect3D11DeviceFromDXGIDevice+0x9e040,6,0.0419,14304,20.002
fourteam_fire_postfix,34852,OgreMain.dll!?isInLightRange@Light@Ogre@@QBE_NABVSphere@2@@Z+0x64,6,0.0419,14304,20.002
fourteam_fire_postfix,34852,WINMM.dll@6ea10000!BZROpenShim::`anonymous namespace'::InstallEmissionLightFixIfPossible+0xb9,6,0.0419,14304,20.002
fourteam_fire_postfix,34852,OgreMain.dll!??RlightLess@SceneManager@Ogre@@QBE_NPBVLight@2@0@Z+0x6,6,0.0419,14304,20.002
fourteam_fire_postfix,34852,OgreMain.dll!?isVisible@MovableObject@Ogre@@UBE_NXZ+0x7,6,0.0419,14304,20.002
fourteam_fire_postfix,34852,battlezone98redux.exe!sub_447ed0,6,0.0419,14304,20.002
fourteam_fire_postfix,34852,OgreMain.dll!?getShadowCamera@LiSPSMShadowCameraSetup@Ogre@@UBEXPBVSceneManager@2@PBVCamera@2@PBVViewport@2@PBVLight@2@PAV42@I@Z+0x147e,6,0.0419,14304,20.002
fourteam_fire_postfix,34852,d3d11.dll!D3D11CoreCreateDevice+0x1d0da,6,0.0419,14304,20.002
fourteam_fire_postfix,34852,WINMM.dll@6ea10000!BZROpenShim::ChunkEffectSimulateHook+0x421,6,0.0419,14304,20.002
fourteam_fire_postfix,34852,WINMM.dll@6ea10000!BZROpenShim::`anonymous namespace'::TrackChunkProxyDebugEntry+0x44b,6,0.0419,14304,20.002
fourteam_fire_postfix,34852,OgreMain.dll!?touchVertexBufferCopy@HardwareBufferManagerBase@Ogre@@UAEXABVHardwareVertexBufferSharedPtr@2@@Z+0x38,5,0.035,14304,20.002
fourteam_fire_postfix,34852,d3d11.dll!D3D11CoreCreateDevice+0x1d404,5,0.035,14304,20.002
fourteam_fire_postfix,34852,RenderSystem_Direct3D11.dll!?addToSwitchingFullscreenCounter@D3D11RenderSystem@Ogre@@QAEXXZ+0x62b,5,0.035,14304,20.002
fourteam_fire_postfix,34852,MSVCR120.dll!??2@YAPAXI@Z,5,0.035,14304,20.002
fourteam_fire_postfix,34852,OgreMain.dll+0x3e42d,5,0.035,14304,20.002
fourteam_fire_postfix,34852,d3d11.dll!CreateDirect3D11DeviceFromDXGIDevice+0x9f257,5,0.035,14304,20.002
fourteam_fire_postfix,34852,battlezone98redux.exe!sub_4d44f0,5,0.035,14304,20.002
fourteam_fire_postfix,34852,battlezone98redux.exe!FID_conflict:operator==,5,0.035,14304,20.002
fourteam_fire_postfix,34852,battlezone98redux.exe!sub_608630,5,0.035,14304,20.002
fourteam_fire_postfix,34852,RenderSystem_Direct3D11.dll!?getConstantBuffer@D3D11HLSLProgram@Ogre@@QAEPAUID3D11Buffer@@V?$SharedPtr@VGpuProgramParameters@Ogre@@@2@G@Z+0xf0,5,0.035,14304,20.002
fourteam_fire_postfix,34852,d3d11.dll!D3D11CoreCreateDevice+0x3dc4,5,0.035,14304,20.002
fourteam_fire_postfix,34852,nvwgf2um.dll!OpenAdapter10+0x76d27,5,0.035,14304,20.002
fourteam_fire_postfix,34852,nvwgf2um.dll!OpenAdapter10+0x72ff7,5,0.035,14304,20.002
fourteam_fire_postfix,34852,battlezone98redux.exe!sub_67bdc0,5,0.035,14304,20.002
fourteam_fire_postfix,34852,battlezone98redux.exe!sub_4401a0,5,0.035,14304,20.002
fourteam_fire_postfix,34852,WINMM.dll@6ea10000!BZROpenShim::`anonymous namespace'::HookSoftwareVertexBlend+0x1e2,5,0.035,14304,20.002
fourteam_fire_postfix,34852,OgreMain.dll!?clear@RenderQueue@Ogre@@QAEX_N@Z+0xf1,5,0.035,14304,20.002
fourteam_fire_postfix,34852,USER32.dll!MsgWaitForMultipleObjectsEx+0xd8,5,0.035,14304,20.002
fourteam_fire_postfix,34852,OgreMain.dll!?_detectImplementation@OptimisedUtil@Ogre@@KAPAV12@XZ+0x4599,5,0.035,14304,20.002
fourteam_fire_postfix,34852,OgreMain.dll!?angleBetween@Vector3@Ogre@@QBE?AVRadian@2@ABV12@@Z+0xd5,5,0.035,14304,20.002
fourteam_fire_postfix,34852,OgreMain.dll!?updateAnimation@Entity@Ogre@@IAEXXZ+0x3eb,5,0.035,14304,20.002
fourteam_fire_postfix,34852,d3d11.dll!D3D11CoreCreateLayeredDevice+0xbc34,5,0.035,14304,20.002
fourteam_fire_postfix,34852,OgreMain.dll!??4GpuSharedParametersUsage@Ogre@@QAEAAV01@ABV01@@Z+0x274f,5,0.035,14304,20.002
fourteam_fire_postfix,34852,OgreMain.dll!?merge@VisibleObjectsBoundsInfo@Ogre@@QAEXABVAxisAlignedBox@2@ABVSphere@2@PBVCamera@2@_N@Z+0xc7,5,0.035,14304,20.002
fourteam_fire_postfix,34852,OgreMain.dll!?_notifyCurrentCamera@Entity@Ogre@@UAEXPAVCamera@2@@Z+0x45,5,0.035,14304,20.002
fourteam_fire_postfix,34852,OgreMain.dll!?deriveTextureRenderTargetOptions@CompositorInstance@Ogre@@AAEXABV?$basic_string@DU?$char_traits@D@std@@V?$allocator@D@2@@std@@PA_NPAIPAV34@@Z+0x81c,5,0.035,14304,20.002
fourteam_fire_postfix,34852,OgreMain.dll!?isViewOutOfDate@Camera@Ogre@@MBE_NXZ+0x18d,5,0.035,14304,20.002
fourteam_fire_postfix,34852,OgreMain.dll!?_fireFrameStarted@Root@Ogre@@QAE_NXZ+0x14,5,0.035,14304,20.002
fourteam_fire_postfix,34852,OgreMain.dll!?getValueImpl@DistanceLodStrategyBase@Ogre@@MBEMPBVMovableObject@2@PBVCamera@2@@Z+0x90,5,0.035,14304,20.002
fourteam_fire_postfix,34852,KERNELBASE.dll!LoadLibraryExA+0x58,5,0.035,14304,20.002
fourteam_fire_postfix,34852,OgreMain.dll!?_calcTempSquareDist@Light@Ogre@@QAEXABVVector3@2@@Z+0x54,5,0.035,14304,20.002
fourteam_fire_postfix,34852,OgreMain.dll!?updateView@Frustum@Ogre@@MBEXXZ,5,0.035,14304,20.002
fourteam_fire_postfix,34852,battlezone98redux.exe!sub_42da60,5,0.035,14304,20.002
fourteam_fire_postfix,34852,OgreMain.dll!?isInLightRange@Light@Ogre@@QBE_NABVSphere@2@@Z+0xd4,5,0.035,14304,20.002
fourteam_fire_postfix,34852,OgreMain.dll!?_setTextureUnitSettings@RenderSystem@Ogre@@UAEXIAAVTextureUnitState@2@@Z+0x1c1,5,0.035,14304,20.002
fourteam_fire_postfix,34852,OgreMain.dll!?renderSingleObject@SceneManager@Ogre@@MAEXPAVRenderable@2@PBVPass@2@_N2PBV?$HashedVector@PAVLight@Ogre@@@2@@Z+0x261,5,0.035,14304,20.002
fourteam_fire_postfix,34852,OgreMain.dll!?_findNamedConstantDefinition@GpuProgramParameters@Ogre@@QBEPBUGpuConstantDefinition@2@ABV?$basic_string@DU?$char_traits@D@std@@V?$allocator@D@2@@std@@_N@Z+0x3f,5,0.035,14304,20.002
fourteam_fire_postfix,34852,d3d11.dll!D3D11CoreCreateDevice+0x2eabd,5,0.035,14304,20.002
fourteam_fire_postfix,34852,OgreMain.dll!?updateAnimation@Entity@Ogre@@IAEXXZ+0x4c3,5,0.035,14304,20.002
fourteam_fire_postfix,34852,OgreMain.dll!?_setTextureUnitSettings@RenderSystem@Ogre@@UAEXIAAVTextureUnitState@2@@Z+0x22c,5,0.035,14304,20.002
fourteam_fire_postfix,34852,OgreMain.dll!?getRenderOperation@SubEntity@Ogre@@UAEXAAVRenderOperation@2@@Z+0x17,5,0.035,14304,20.002
fourteam_fire_postfix,34852,OgreMain.dll!??4GpuSharedParametersUsage@Ogre@@QAEAAV01@ABV01@@Z+0x27ae,5,0.035,14304,20.002
fourteam_fire_postfix,34852,win32u.dll!_NtGdiDdDDISetQueuedLimit@4+0xc,5,0.035,14304,20.002
fourteam_fire_postfix,34852,nvwgf2um.dll!NVDEV_Thunk+0x213191,5,0.035,14304,20.002
fourteam_fire_postfix,34852,nvwgf2um.dll!SetDependencyInfo+0x596d0,5,0.035,14304,20.002
fourteam_fire_postfix,34852,RenderSystem_Direct3D11.dll!?getMonitorSequentialNumberFromSwapChain@MonitorInfo@Ogre@@QAEGPAUIDXGISwapChain@@_N@Z+0xdca,5,0.035,14304,20.002
fourteam_fire_postfix,34852,battlezone98redux.exe!sub_437b00,5,0.035,14304,20.002
fourteam_fire_postfix,34852,battlezone98redux.exe!sub_43faa0,5,0.035,14304,20.002
fourteam_fire_postfix,34852,OgreMain.dll!?_notifyCurrentCamera@Entity@Ogre@@UAEXPAVCamera@2@@Z+0x14,5,0.035,14304,20.002
fourteam_fire_postfix,34852,OgreMain.dll!?lock@HardwareBuffer@Ogre@@UAEPAXIIW4LockOptions@12@W4UploadOptions@12@@Z+0x122,5,0.035,14304,20.002
fourteam_fire_postfix,34852,ntdll.dll!_RtlpIsUtf8Process@4+0xe,5,0.035,14304,20.002
fourteam_fire_postfix,34852,ntdll.dll!_RtlpGetCodePageData@4+0x16,5,0.035,14304,20.002
fourteam_fire_postfix,34852,OgreMain.dll!?getDistance@Plane@Ogre@@QBEMABVVector3@2@@Z+0x1c,5,0.035,14304,20.002
fourteam_fire_postfix,34852,battlezone98redux.exe!sub_504f50,5,0.035,14304,20.002
fourteam_fire_postfix,34852,OgreMain.dll!?cacheBoneMatrices@Entity@Ogre@@IAE_NXZ+0x5d,5,0.035,14304,20.002
fourteam_fire_postfix,34852,OgreMain.dll!?setAnimationState@Skeleton@Ogre@@UAEXABVAnimationStateSet@2@@Z+0x15,5,0.035,14304,20.002
fourteam_fire_postfix,34852,ntdll.dll!_RtlpDosPathNameToRelativeNtPathName@28+0xe0,5,0.035,14304,20.002
fourteam_fire_postfix,34852,OgreMain.dll!?isVisible@Frustum@Ogre@@UBE_NABVAxisAlignedBox@2@PAW4FrustumPlane@2@@Z+0xb3,5,0.035,14304,20.002
fourteam_fire_postfix,34852,OgreMain.dll!?clone@Animation@Ogre@@QBEPAV12@ABV?$basic_string@DU?$char_traits@D@std@@V?$allocator@D@2@@std@@@Z+0x2f4,5,0.035,14304,20.002
fourteam_fire_postfix,34852,MSVCR120.dll!__libm_sse2_acosf+0x1da,5,0.035,14304,20.002
fourteam_fire_postfix,34852,battlezone98redux.exe!sub_6c9ab0,5,0.035,14304,20.002
fourteam_fire_postfix,34852,battlezone98redux.exe!sub_6b2960,5,0.035,14304,20.002
fourteam_fire_postfix,34852,battlezone98redux.exe!sub_6ce4a0,5,0.035,14304,20.002
fourteam_fire_postfix,34852,battlezone98redux.exe!sub_6d2040,5,0.035,14304,20.002
fourteam_fire_postfix,34852,ntdll.dll!_RtlpGetCodePageData@4+0x29,5,0.035,14304,20.002
fourteam_fire_postfix,34852,OgreMain.dll!?isVisible@Frustum@Ogre@@UBE_NABVSphere@2@PAW4FrustumPlane@2@@Z+0x4f,5,0.035,14304,20.002
fourteam_fire_postfix,34852,d3d11.dll!CreateDirect3D11DeviceFromDXGIDevice+0x9f8a0,5,0.035,14304,20.002
fourteam_fire_postfix,34852,OgreMain.dll!?getSide@Plane@Ogre@@QBE?AW4Side@12@ABVVector3@2@0@Z+0x67,5,0.035,14304,20.002
fourteam_fire_postfix,34852,battlezone98redux.exe!sub_44eea0,5,0.035,14304,20.002
fourteam_fire_postfix,34852,OgreMain.dll!?setCurrentLightList@AutoParamDataSource@Ogre@@UAEXPBV?$HashedVector@PAVLight@Ogre@@@2@@Z+0x3e,5,0.035,14304,20.002
fourteam_fire_postfix,34852,d3d11.dll+0x2c465,5,0.035,14304,20.002
fourteam_fire_postfix,34852,battlezone98redux.exe!sub_481440,5,0.035,14304,20.002
fourteam_fire_postfix,34852,d3d11.dll+0x2afa5,5,0.035,14304,20.002
fourteam_fire_postfix,34852,d3d11.dll!D3D11CoreCreateLayeredDevice+0x15270,5,0.035,14304,20.002
fourteam_fire_postfix,34852,d3d11.dll!D3D11CoreCreateLayeredDevice+0x151d9,5,0.035,14304,20.002
fourteam_fire_postfix,34852,MSVCR120.dll!floor+0x2c,5,0.035,14304,20.002
fourteam_fire_postfix,34852,RenderSystem_Direct3D11.dll!?bindGpuProgramParameters@D3D11RenderSystem@Ogre@@UAEXW4GpuProgramType@2@V?$SharedPtr@VGpuProgramParameters@Ogre@@@2@G@Z+0x580,5,0.035,14304,20.002
fourteam_fire_postfix,34852,battlezone98redux.exe!sub_62c000,5,0.035,14304,20.002
fourteam_fire_postfix,34852,battlezone98redux.exe!sub_4df930,5,0.035,14304,20.002
fourteam_fire_postfix,34852,battlezone98redux.exe!sub_62c0b0,5,0.035,14304,20.002
fourteam_fire_postfix,34852,battlezone98redux.exe!sub_8245f0,5,0.035,14304,20.002
fourteam_fire_postfix,34852,battlezone98redux.exe!sub_4df970,5,0.035,14304,20.002
fourteam_fire_postfix,34852,WINMM.dll@6ea10000!BZROpenShim::`anonymous namespace'::ResolveAiPreferredHardpoint+0x73,5,0.035,14304,20.002
fourteam_fire_postfix,34852,battlezone98redux.exe!sub_4a88b0,5,0.035,14304,20.002
fourteam_fire_postfix,34852,d3d11.dll!D3D11CoreCreateDevice+0x8ac4,5,0.035,14304,20.002
fourteam_fire_postfix,34852,d3d11.dll!CreateDirect3D11DeviceFromDXGIDevice+0x9dc44,5,0.035,14304,20.002
fourteam_fire_postfix,34852,nvwgf2um.dll!SetDependencyInfo+0x4f24b,5,0.035,14304,20.002
fourteam_fire_postfix,34852,nvwgf2um.dll!OpenAdapter10+0x72c64,5,0.035,14304,20.002
fourteam_fire_postfix,34852,nvwgf2um.dll!OpenAdapter10+0x74fa4,5,0.035,14304,20.002
fourteam_fire_postfix,34852,MSVCR120.dll!__libm_sse2_acosf+0x104,5,0.035,14304,20.002
fourteam_fire_postfix,34852,OgreMain.dll!?sort@RenderPriorityGroup@Ogre@@QAEXPBVCamera@2@@Z+0x46,5,0.035,14304,20.002
fourteam_fire_postfix,34852,OgreMain.dll!?getLightAttenuation@AutoParamDataSource@Ogre@@UBE?AVVector4@2@I@Z+0x2f,5,0.035,14304,20.002
fourteam_fire_postfix,34852,nvwgf2um.dll!NVENCODEAPI_Thunk+0x2178c1,5,0.035,14304,20.002
fourteam_fire_postfix,34852,OgreMain.dll!?calculateLVS@FocusedShadowCameraSetup@Ogre@@IBEXABVSceneManager@2@ABVCamera@2@ABVLight@2@ABVAxisAlignedBox@2@PAVPointListBody@12@@Z+0x94,5,0.035,14304,20.002
fourteam_fire_postfix,34852,OgreMain.dll!?softwareVertexBlend@Mesh@Ogre@@SAXPBVVertexData@2@0PBQBVMatrix4@2@I_N@Z+0x2d9,5,0.035,14304,20.002
fourteam_fire_postfix,34852,d3d11.dll+0x30d63,5,0.035,14304,20.002
fourteam_fire_postfix,34852,OgreMain.dll!?isFloat@GpuConstantDefinition@Ogre@@SA_NW4GpuConstantType@2@@Z,5,0.035,14304,20.002
fourteam_fire_postfix,34852,MSVCR120.dll!__libm_sse2_asinf+0x1f0,5,0.035,14304,20.002
fourteam_fire_postfix,34852,OgreMain.dll!?transpose@Matrix4@Ogre@@QBE?AV12@XZ+0x1c,5,0.035,14304,20.002
fourteam_fire_postfix,34852,battlezone98redux.exe!sub_6c3ad0,5,0.035,14304,20.002
fourteam_fire_postfix,34852,OgreMain.dll!?processVisibleObject@RenderQueue@Ogre@@QAEXPAVMovableObject@2@PAVCamera@2@_NPAUVisibleObjectsBoundsInfo@2@@Z+0x95,5,0.035,14304,20.002
fourteam_fire_postfix,34852,battlezone98redux.exe!sub_4bb060,5,0.035,14304,20.002
fourteam_fire_postfix,34852,OgreMain.dll!?setVisible@MovableObject@Ogre@@UAEX_N@Z+0x2c,5,0.035,14304,20.002
fourteam_fire_postfix,34852,RenderSystem_Direct3D11.dll!?_render@D3D11RenderSystem@Ogre@@UAEXABVRenderOperation@2@@Z+0xc13,5,0.035,14304,20.002
fourteam_fire_postfix,34852,nvwgf2um.dll!OpenAdapter10+0x77157,5,0.035,14304,20.002
fourteam_fire_postfix,34852,nvwgf2um.dll!OpenAdapter10+0x72d57,5,0.035,14304,20.002
fourteam_fire_postfix,34852,d3d11.dll!D3D11CoreCreateLayeredDevice+0x13f6b,5,0.035,14304,20.002
fourteam_fire_postfix,34852,OgreMain.dll!??4GpuSharedParametersUsage@Ogre@@QAEAAV01@ABV01@@Z+0x2735,5,0.035,14304,20.002
fourteam_fire_postfix,34852,MSVCR120.dll!memcpy,5,0.035,14304,20.002
fourteam_fire_postfix,34852,OgreMain.dll!??RlightLess@SceneManager@Ogre@@QBE_NPBVLight@2@0@Z+0x1d,5,0.035,14304,20.002
fourteam_fire_postfix,34852,d3d11.dll+0x27051,5,0.035,14304,20.002
fourteam_fire_postfix,34852,OgreMain.dll+0x165e0,5,0.035,14304,20.002
fourteam_fire_postfix,34852,OgreMain.dll!?addRenderable@RenderQueue@Ogre@@QAEXPAVRenderable@2@EG@Z+0x3e,5,0.035,14304,20.002
fourteam_fire_postfix,34852,OgreMain.dll!?getDistance@Plane@Ogre@@QBEMABVVector3@2@@Z+0x14,5,0.035,14304,20.002
fourteam_fire_postfix,34852,battlezone98redux.exe!sub_481af0,5,0.035,14304,20.002
fourteam_fire_postfix,34852,OgreMain.dll!?renderSingleObject@SceneManager@Ogre@@MAEXPAVRenderable@2@PBVPass@2@_N2PBV?$HashedVector@PAVLight@Ogre@@@2@@Z+0x247,5,0.035,14304,20.002
fourteam_fire_postfix,34852,d3d11.dll!CreateDirect3D11DeviceFromDXGIDevice+0xa460e,5,0.035,14304,20.002
fourteam_fire_postfix,34852,battlezone98redux.exe!sub_449690,5,0.035,14304,20.002
fourteam_fire_postfix,34852,RenderSystem_Direct3D11.dll!?getConstantBuffer@D3D11HLSLProgram@Ogre@@QAEPAUID3D11Buffer@@V?$SharedPtr@VGpuProgramParameters@Ogre@@@2@G@Z+0x9c,5,0.035,14304,20.002
fourteam_fire_postfix,34852,OgreMain.dll!?merge@VisibleObjectsBoundsInfo@Ogre@@QAEXABVAxisAlignedBox@2@ABVSphere@2@PBVCamera@2@_N@Z+0x13a,5,0.035,14304,20.002
fourteam_fire_postfix,34852,OgreMain.dll!?isVisible@Frustum@Ogre@@UBE_NABVAxisAlignedBox@2@PAW4FrustumPlane@2@@Z+0x74,5,0.035,14304,20.002
fourteam_fire_postfix,34852,d3d11.dll+0x35e92,5,0.035,14304,20.002
fourteam_fire_postfix,34852,DSOUND.dll!GetDeviceID+0x48df,5,0.035,14304,20.002
fourteam_fire_postfix,34852,OgreMain.dll!?_calcTempSquareDist@Light@Ogre@@QAEXABVVector3@2@@Z+0x50,5,0.035,14304,20.002
fourteam_fire_postfix,34852,OgreMain.dll!?updatePoint@RotationalSpline@Ogre@@QAEXGABVQuaternion@2@@Z+0x25bf,5,0.035,14304,20.002
fourteam_fire_postfix,34852,OgreMain.dll!?_getDerivedOrientation@Node@Ogre@@UBEABVQuaternion@2@XZ,5,0.035,14304,20.002
fourteam_fire_postfix,34852,RenderSystem_Direct3D11.dll!?getConstantBuffer@D3D11HLSLProgram@Ogre@@QAEPAUID3D11Buffer@@V?$SharedPtr@VGpuProgramParameters@Ogre@@@2@G@Z+0x4d,5,0.035,14304,20.002
fourteam_fire_postfix,34852,OgreMain.dll!?getSide@Plane@Ogre@@QBE?AW4Side@12@ABVVector3@2@0@Z+0x31,5,0.035,14304,20.002
fourteam_fire_postfix,34852,OgreMain.dll!?_setTextureUnitSettings@RenderSystem@Ogre@@UAEXIAAVTextureUnitState@2@@Z+0xc6,5,0.035,14304,20.002
fourteam_fire_postfix,34852,OgreMain.dll!?ACos@Math@Ogre@@SA?AVRadian@2@M@Z,5,0.035,14304,20.002
fourteam_fire_postfix,34852,RenderSystem_Direct3D11.dll!?isVisible@D3D11RenderWindowHwnd@Ogre@@UBE_NXZ+0xf,5,0.035,14304,20.002
fourteam_fire_postfix,34852,battlezone98redux.exe!sub_4ea300,5,0.035,14304,20.002
fourteam_fire_postfix,34852,OgreMain.dll+0x1e6a,5,0.035,14304,20.002
fourteam_fire_postfix,34852,OgreMain.dll!?renderSingleObject@SceneManager@Ogre@@MAEXPAVRenderable@2@PBVPass@2@_N2PBV?$HashedVector@PAVLight@Ogre@@@2@@Z+0x331,5,0.035,14304,20.002
fourteam_fire_postfix,34852,battlezone98redux.exe!sub_70c6f0,5,0.035,14304,20.002
fourteam_fire_postfix,34852,battlezone98redux.exe!sub_6fc7c0,5,0.035,14304,20.002
fourteam_fire_postfix,34852,OgreMain.dll!?softwareVertexBlend@Mesh@Ogre@@SAXPBVVertexData@2@0PBQBVMatrix4@2@I_N@Z+0x271,5,0.035,14304,20.002
fourteam_fire_postfix,34852,OgreMain.dll!?getConstantDefinition@GpuProgramParameters@Ogre@@QBEABUGpuConstantDefinition@2@ABV?$basic_string@DU?$char_traits@D@std@@V?$allocator@D@2@@std@@@Z,5,0.035,14304,20.002
fourteam_fire_postfix,34852,OgreMain.dll!?_getTexturePtr@TextureUnitState@Ogre@@QBEABV?$SharedPtr@VTexture@Ogre@@@2@I@Z+0x47,5,0.035,14304,20.002
fourteam_fire_postfix,34852,MSVCR120.dll!__libm_sse2_asinf+0x9c,5,0.035,14304,20.002
fourteam_fire_postfix,34852,nvwgf2um.dll!SetDependencyInfo+0x4fe6e,5,0.035,14304,20.002
fourteam_fire_postfix,34852,nvwgf2um.dll!OpenAdapter10+0x721f7,5,0.035,14304,20.002
fourteam_fire_postfix,34852,OgreMain.dll!?clone@Animation@Ogre@@QBEPAV12@ABV?$basic_string@DU?$char_traits@D@std@@V?$allocator@D@2@@std@@@Z+0x243,5,0.035,14304,20.002
fourteam_fire_postfix,34852,OgreMain.dll!??4GpuSharedParametersUsage@Ogre@@QAEAAV01@ABV01@@Z+0x2737,5,0.035,14304,20.002
fourteam_fire_postfix,34852,d3d11.dll+0x35ebb,5,0.035,14304,20.002
fourteam_fire_postfix,34852,battlezone98redux.exe!sub_6856e0,5,0.035,14304,20.002
fourteam_fire_postfix,34852,OgreMain.dll!?_populateLightList@SceneManager@Ogre@@UAEXABVVector3@2@MAAV?$HashedVector@PAVLight@Ogre@@@2@I@Z+0x147,5,0.035,14304,20.002
fourteam_fire_postfix,34852,OgreMain.dll!?getWorldBoundingBox@Entity@Ogre@@UBEABVAxisAlignedBox@2@_N@Z+0x19,5,0.035,14304,20.002
fourteam_fire_postfix,34852,MSVCR120.dll!__libm_sse2_acosf+0x4,5,0.035,14304,20.002
fourteam_fire_postfix,34852,battlezone98redux.exe!sub_450130,5,0.035,14304,20.002
fourteam_fire_postfix,34852,OgreMain.dll!?angleBetween@Vector3@Ogre@@QBE?AVRadian@2@ABV12@@Z+0x1c,5,0.035,14304,20.002
fourteam_fire_postfix,34852,battlezone98redux.exe!sub_46d020,5,0.035,14304,20.002
fourteam_fire_postfix,34852,OgreMain.dll!??4GpuSharedParametersUsage@Ogre@@QAEAAV01@ABV01@@Z+0x2749,5,0.035,14304,20.002
fourteam_fire_postfix,34852,battlezone98redux.exe!sub_616500,5,0.035,14304,20.002
fourteam_fire_postfix,34852,d3d11.dll+0x31c42,5,0.035,14304,20.002
fourteam_fire_postfix,34852,OgreMain.dll!?createTechnique@Material@Ogre@@QAEPAVTechnique@2@XZ+0xa2c,5,0.035,14304,20.002
fourteam_fire_postfix,34852,battlezone98redux.exe!sub_473890,5,0.035,14304,20.002
fourteam_fire_postfix,34852,d3d11.dll+0x30df6,5,0.035,14304,20.002
fourteam_fire_postfix,34852,OgreMain.dll!?_updateAutoParams@GpuProgramParameters@Ogre@@QAEXPBVAutoParamDataSource@2@G@Z+0x14,5,0.035,14304,20.002
fourteam_fire_postfix,34852,MSVCP120.dll!?sputn@?$basic_streambuf@_WU?$char_traits@_W@std@@@std@@QAE_JPB_W_J@Z+0x11,5,0.035,14304,20.002
fourteam_fire_postfix,34852,OgreMain.dll!??0InterlockedCompareExchange64Wrapper@Ogre@@QAE@XZ+0x6ac,5,0.035,14304,20.002
fourteam_fire_postfix,34852,MSVCP120.dll!?xsputn@?$basic_streambuf@DU?$char_traits@D@std@@@std@@MAE_JPBD_J@Z+0xad,5,0.035,14304,20.002
fourteam_fire_postfix,34852,OgreMain.dll!??1UnimplementedException@Ogre@@UAE@XZ+0x1527,5,0.035,14304,20.002
fourteam_fire_postfix,34852,OgreMain.dll!?findLightsAffectingFrustum@SceneManager@Ogre@@MAEXPBVCamera@2@@Z+0xc6,5,0.035,14304,20.002
fourteam_fire_postfix,34852,MSVCR120.dll!floor,5,0.035,14304,20.002
fourteam_fire_postfix,34852,OgreMain.dll!?getSide@Plane@Ogre@@QBE?AW4Side@12@ABVVector3@2@0@Z+0x6f,5,0.035,14304,20.002
fourteam_fire_postfix,34852,nvwgf2um.dll!NVENCODEAPI_Thunk+0x68f53,5,0.035,14304,20.002
fourteam_fire_postfix,34852,OgreMain.dll!?_updateAutoParams@GpuProgramParameters@Ogre@@QAEXPBVAutoParamDataSource@2@G@Z+0x2031,5,0.035,14304,20.002
fourteam_fire_postfix,34852,battlezone98redux.exe!sub_6a3b60,5,0.035,14304,20.002
fourteam_fire_postfix,34852,battlezone98redux.exe!sub_4200d0,5,0.035,14304,20.002
fourteam_fire_postfix,34852,RenderSystem_Direct3D11.dll!?_setRenderTargetViews@D3D11RenderSystem@Ogre@@IAEXXZ+0xd0,5,0.035,14304,20.002
fourteam_fire_postfix,34852,OgreMain.dll!?addRenderable@RenderQueueGroup@Ogre@@QAEXPAVRenderable@2@PAVTechnique@2@G@Z+0x2a,5,0.035,14304,20.002
fourteam_fire_postfix,34852,OgreMain.dll+0x1fc30,5,0.035,14304,20.002
fourteam_fire_postfix,34852,WINMM.dll@6ea10000!BZROpenShim::`anonymous namespace'::ApplyLocalPlayerReticleConvergence+0x2b5,5,0.035,14304,20.002
fourteam_fire_postfix,34852,WINMM.dll@6ea10000!BZROpenShim::`anonymous namespace'::TryGetGameObjectHeadlight+0x91,5,0.035,14304,20.002
fourteam_fire_postfix,34852,battlezone98redux.exe!sub_5e1310,5,0.035,14304,20.002
fourteam_fire_postfix,34852,MSVCR120.dll!__libm_sse2_acosf+0x48,5,0.035,14304,20.002
fourteam_fire_postfix,34852,nvwgf2um.dll!NVENCODEAPI_Thunk+0x217652,4,0.028,14304,20.002
fourteam_fire_postfix,34852,MSVCR120.dll!__libm_sse2_asinf+0x4,4,0.028,14304,20.002
fourteam_fire_postfix,34852,OgreMain.dll!?_updateAutoParams@GpuProgramParameters@Ogre@@QAEXPBVAutoParamDataSource@2@G@Z+0x1f0c,4,0.028,14304,20.002
fourteam_fire_postfix,34852,RenderSystem_Direct3D11.dll!?_setRenderTargetViews@D3D11RenderSystem@Ogre@@IAEXXZ+0x68,4,0.028,14304,20.002
fourteam_fire_postfix,34852,battlezone98redux.exe!sub_4801a0,4,0.028,14304,20.002
fourteam_fire_postfix,34852,OgreMain.dll!?getIndex@DistanceLodStrategyBase@Ogre@@UBEGMABV?$vector@UMeshLodUsage@Ogre@@V?$STLAllocator@UMeshLodUsage@Ogre@@V?$CategorisedAllocPolicy@$0A@@2@@2@@std@@@Z+0xb,4,0.028,14304,20.002
fourteam_fire_postfix,34852,OgreMain.dll!?_detectImplementation@OptimisedUtil@Ogre@@KAPAV12@XZ+0x4517,4,0.028,14304,20.002
fourteam_fire_postfix,34852,OgreMain.dll!?getContentType@TextureUnitState@Ogre@@QBE?AW4ContentType@12@XZ+0x6,4,0.028,14304,20.002
fourteam_fire_postfix,34852,OgreMain.dll!?_getRenderOperation@SubMesh@Ogre@@QAEXAAVRenderOperation@2@G@Z+0x2c,4,0.028,14304,20.002
fourteam_fire_postfix,34852,battlezone98redux.exe!sub_602420,4,0.028,14304,20.002
fourteam_fire_postfix,34852,OgreMain.dll!?_writeRawConstant@GpuProgramParameters@Ogre@@QAEXIABVMatrix4@2@I@Z+0x3b,4,0.028,14304,20.002
fourteam_fire_postfix,34852,nvwgf2um.dll!NVENCODEAPI_Thunk+0x217c95,4,0.028,14304,20.002
fourteam_fire_postfix,34852,nvwgf2um.dll!SetDependencyInfo+0x5040f,4,0.028,14304,20.002
fourteam_fire_postfix,34852,battlezone98redux.exe!FID_conflict:_Tidy,4,0.028,14304,20.002
fourteam_fire_postfix,34852,OgreMain.dll!?_findNamedConstantDefinition@GpuProgramParameters@Ogre@@QBEPBUGpuConstantDefinition@2@ABV?$basic_string@DU?$char_traits@D@std@@V?$allocator@D@2@@std@@_N@Z+0xdd,4,0.028,14304,20.002
fourteam_fire_postfix,34852,OgreMain.dll!?_issueRenderOp@SceneManager@Ogre@@UAEXPAVRenderable@2@PBVPass@2@@Z+0x18,4,0.028,14304,20.002
fourteam_fire_postfix,34852,battlezone98redux.exe!sub_67c0e0,4,0.028,14304,20.002
fourteam_fire_postfix,34852,"battlezone98redux.exe!construct<class_std::_Ref_count_obj_alloc<class___ExceptionPtr,struct__StaticAllocator<int>_>,struct__StaticAllocator<int>_const&,struct_EHExceptionRecord*&,bool>",4,0.028,14304,20.002
fourteam_fire_postfix,34852,battlezone98redux.exe!sub_666b50,4,0.028,14304,20.002
fourteam_fire_postfix,34852,OgreMain.dll!?ASin@Math@Ogre@@SA?AVRadian@2@M@Z+0x1,4,0.028,14304,20.002
fourteam_fire_postfix,34852,OgreMain.dll!?addRenderable@QueuedRenderableCollection@Ogre@@QAEXPAVPass@2@PAVRenderable@2@@Z+0xcc,4,0.028,14304,20.002
fourteam_fire_postfix,34852,ntdll.dll!_RtlpFreeNTHeapInternal@12+0x40,4,0.028,14304,20.002
fourteam_fire_postfix,34852,d3d11.dll!D3D11CoreCreateDevice+0x92b5,4,0.028,14304,20.002
fourteam_fire_postfix,34852,OgreMain.dll!??DMatrix3@Ogre@@QBE?AVVector3@1@ABV21@@Z+0x8d,4,0.028,14304,20.002
fourteam_fire_postfix,34852,OgreMain.dll!?RealEqual@Math@Ogre@@SA_NMMM@Z+0x8,4,0.028,14304,20.002
fourteam_fire_postfix,34852,OgreMain.dll!?getDistance@Plane@Ogre@@QBEMABVVector3@2@@Z,4,0.028,14304,20.002
fourteam_fire_postfix,34852,OgreMain.dll!?updateFrustum@Frustum@Ogre@@MBEXXZ+0xf,4,0.028,14304,20.002
fourteam_fire_postfix,34852,OgreMain.dll!?bindTempCopies@TempBlendedBufferInfo@Ogre@@QAEXPAVVertexData@2@_N@Z+0x2e,4,0.028,14304,20.002
fourteam_fire_postfix,34852,OgreMain.dll!?setBinding@VertexBufferBinding@Ogre@@UAEXGABVHardwareVertexBufferSharedPtr@2@@Z+0x14,4,0.028,14304,20.002
fourteam_fire_postfix,34852,OgreMain.dll!?getBoundingBox@Entity@Ogre@@UBEABVAxisAlignedBox@2@XZ+0x8d4,4,0.028,14304,20.002
fourteam_fire_postfix,34852,OgreMain.dll!?angleBetween@Vector3@Ogre@@QBE?AVRadian@2@ABV12@@Z+0x18,4,0.028,14304,20.002
fourteam_fire_postfix,34852,MSVCR120.dll!__libm_sse2_asinf+0x1c,4,0.028,14304,20.002
fourteam_fire_postfix,34852,d3d11.dll+0x27029,4,0.028,14304,20.002
fourteam_fire_postfix,34852,MSVCR120.dll!__libm_sse2_asinf+0x21c,4,0.028,14304,20.002
fourteam_fire_postfix,34852,battlezone98redux.exe!sub_677a80,4,0.028,14304,20.002
fourteam_fire_postfix,34852,d3d11.dll+0x35ed1,4,0.028,14304,20.002
fourteam_fire_postfix,34852,RenderSystem_Direct3D11.dll+0x6582,4,0.028,14304,20.002
fourteam_fire_postfix,34852,battlezone98redux.exe!sub_67a110,4,0.028,14304,20.002
fourteam_fire_postfix,34852,OgreMain.dll!?findLightsAffectingFrustum@SceneManager@Ogre@@MAEXPBVCamera@2@@Z+0x121,4,0.028,14304,20.002
fourteam_fire_postfix,34852,OgreMain.dll!?resourceExists@ResourceManager@Ogre@@UAE_NABV?$basic_string@DU?$char_traits@D@std@@V?$allocator@D@2@@std@@@Z+0x18,4,0.028,14304,20.002
fourteam_fire_postfix,34852,OgreMain.dll!?getResourceByName@ResourceManager@Ogre@@UAE?AV?$SharedPtr@VResource@Ogre@@@2@ABV?$basic_string@DU?$char_traits@D@std@@V?$allocator@D@2@@std@@0@Z+0x62,4,0.028,14304,20.002
fourteam_fire_postfix,34852,RenderSystem_Direct3D11.dll!?isVisible@D3D11RenderWindowHwnd@Ogre@@UBE_NXZ+0x25,4,0.028,14304,20.002
fourteam_fire_postfix,34852,d3d11.dll!CreateDirect3D11DeviceFromDXGIDevice+0xa21d1,4,0.028,14304,20.002
fourteam_fire_postfix,34852,USER32.dll!CallWindowProcA+0x1b,4,0.028,14304,20.002
fourteam_fire_postfix,34852,USER32.dll!SetMenu+0x143,4,0.028,14304,20.002
fourteam_fire_postfix,34852,d3d11.dll!CreateDirect3D11DeviceFromDXGIDevice+0x9f1f0,4,0.028,14304,20.002
fourteam_fire_postfix,34852,OgreMain.dll!?getRenderOperation@SubEntity@Ogre@@UAEXAAVRenderOperation@2@@Z+0x10,4,0.028,14304,20.002
fourteam_fire_postfix,34852,OgreMain.dll!?angleBetween@Vector3@Ogre@@QBE?AVRadian@2@ABV12@@Z+0x6e,4,0.028,14304,20.002
fourteam_fire_postfix,34852,OgreMain.dll!?merge@VisibleObjectsBoundsInfo@Ogre@@QAEXABVAxisAlignedBox@2@ABVSphere@2@PBVCamera@2@_N@Z+0x10,4,0.028,14304,20.002
fourteam_fire_postfix,34852,battlezone98redux.exe!sub_43f8e0,4,0.028,14304,20.002
fourteam_fire_postfix,34852,OgreMain.dll!?_updateAutoParams@GpuProgramParameters@Ogre@@QAEXPBVAutoParamDataSource@2@G@Z+0x1f68,4,0.028,14304,20.002
fourteam_fire_postfix,34852,battlezone98redux.exe!sub_82f246,4,0.028,14304,20.002
fourteam_fire_postfix,34852,OgreMain.dll+0x358af,4,0.028,14304,20.002
fourteam_fire_postfix,34852,RenderSystem_Direct3D11.dll!?_setTexture@D3D11RenderSystem@Ogre@@UAEXI_NABV?$SharedPtr@VTexture@Ogre@@@2@@Z+0xbb,4,0.028,14304,20.002
fourteam_fire_postfix,34852,OgreMain.dll!?needUpdate@Bone@Ogre@@UAEX_N@Z+0xe,4,0.028,14304,20.002
fourteam_fire_postfix,34852,OgreMain.dll!?buildKeyFrameTimeList@Animation@Ogre@@IBEXXZ+0x6aa,4,0.028,14304,20.002
fourteam_fire_postfix,34852,RenderSystem_Direct3D11.dll!?lock@D3D11HardwareUniformBuffer@Ogre@@UAEPAXIIW4LockOptions@HardwareBuffer@2@W4UploadOptions@42@@Z+0x8,4,0.028,14304,20.002
fourteam_fire_postfix,34852,OgreMain.dll!?isTransparentSortingForced@Technique@Ogre@@QBE_NXZ+0x2,4,0.028,14304,20.002
fourteam_fire_postfix,34852,OgreMain.dll!?getLightAs4DVector@AutoParamDataSource@Ogre@@UBE?AVVector4@2@I@Z+0x10,4,0.028,14304,20.002
fourteam_fire_postfix,34852,battlezone98redux.exe!sub_684c10,4,0.028,14304,20.002
fourteam_fire_postfix,34852,OgreMain.dll!?_renderScene@SceneManager@Ogre@@UAEXPAVCamera@2@PAVViewport@2@_N@Z+0x4c4,4,0.028,14304,20.002
fourteam_fire_postfix,34852,d3d11.dll!D3D11CoreCreateDevice+0x11b02,4,0.028,14304,20.002
fourteam_fire_postfix,34852,d3d11.dll!D3D11CoreCreateDevice+0x11a2f,4,0.028,14304,20.002
fourteam_fire_postfix,34852,OgreMain.dll!?getSide@Plane@Ogre@@QBE?AW4Side@12@ABVVector3@2@0@Z+0x1c,4,0.028,14304,20.002
fourteam_fire_postfix,34852,OgreMain.dll!?getBestTechnique@Material@Ogre@@QAEPAVTechnique@2@GPBVRenderable@2@@Z+0x27,4,0.028,14304,20.002
fourteam_fire_postfix,34852,d3d11.dll!D3D11CoreCreateDevice+0xde8f,4,0.028,14304,20.002
fourteam_fire_postfix,34852,OgreMain.dll!?_writeRawConstants@GpuProgramParameters@Ogre@@QAEXIPBMI@Z+0x1c,4,0.028,14304,20.002
fourteam_fire_postfix,34852,OgreMain.dll!??4GpuSharedParametersUsage@Ogre@@QAEAAV01@ABV01@@Z+0x27ab,4,0.028,14304,20.002
fourteam_fire_postfix,34852,d3d11.dll!CreateDirect3D11DeviceFromDXGIDevice+0xa20c1,4,0.028,14304,20.002
fourteam_fire_postfix,34852,OgreMain.dll!?_setPass@SceneManager@Ogre@@UAEPBVPass@2@PBV32@_N1@Z+0x554,4,0.028,14304,20.002
fourteam_fire_postfix,34852,WINMM.dll@6ea10000!BZROpenShim::`anonymous namespace'::HookFactoryCreateSwapChain+0x5,4,0.028,14304,20.002
fourteam_fire_postfix,34852,battlezone98redux.exe!sub_5b2c30,4,0.028,14304,20.002
fourteam_fire_postfix,34852,WINMM.dll@6ea10000!BZROpenShim::LogShimW+0x26,4,0.028,14304,20.002
fourteam_fire_postfix,34852,OgreMain.dll+0x6b22,4,0.028,14304,20.002
fourteam_fire_postfix,34852,OgreMain.dll+0x2a95,4,0.028,14304,20.002
fourteam_fire_postfix,34852,OgreMain.dll!?size@RenderQueueInvocationSequence@Ogre@@QBEIXZ+0x227b,4,0.028,14304,20.002
fourteam_fire_postfix,34852,OgreMain.dll!?sort@QueuedRenderableCollection@Ogre@@QAEXPBVCamera@2@@Z+0x5b,4,0.028,14304,20.002
fourteam_fire_postfix,34852,OgreMain.dll!?size@RenderQueueInvocationSequence@Ogre@@QBEIXZ+0x210f,4,0.028,14304,20.002
fourteam_fire_postfix,34852,OgreMain.dll!?_setTextureUnitSettings@RenderSystem@Ogre@@UAEXIAAVTextureUnitState@2@@Z+0x63,4,0.028,14304,20.002
fourteam_fire_postfix,34852,OgreMain.dll!?_arbitrateMissingTechniqueForActiveScheme@MaterialManager@Ogre@@UAEPAVTechnique@2@PAVMaterial@2@GPBVRenderable@2@@Z+0x22,4,0.028,14304,20.002
fourteam_fire_postfix,34852,OgreMain.dll!?renderSingleObject@SceneManager@Ogre@@MAEXPAVRenderable@2@PBVPass@2@_N2PBV?$HashedVector@PAVLight@Ogre@@@2@@Z+0x2b9,4,0.028,14304,20.002
fourteam_fire_postfix,34852,ntdll.dll!_RtlMultiByteToUnicodeN@20+0x21,4,0.028,14304,20.002
fourteam_fire_postfix,34852,OgreMain.dll!?_issueRenderOp@SceneManager@Ogre@@UAEXPAVRenderable@2@PBVPass@2@@Z+0x11,4,0.028,14304,20.002
fourteam_fire_postfix,34852,OgreMain.dll!?getLightAttenuation@AutoParamDataSource@Ogre@@UBE?AVVector4@2@I@Z+0x3e,4,0.028,14304,20.002
fourteam_fire_postfix,34852,OgreMain.dll+0x2cdd6,4,0.028,14304,20.002
fourteam_fire_postfix,34852,battlezone98redux.exe!sub_504da0,4,0.028,14304,20.002
fourteam_fire_postfix,34852,d3d11.dll!D3D11CoreCreateDevice+0x95ad,4,0.028,14304,20.002
fourteam_fire_postfix,34852,OgreMain.dll!?_updateAutoParams@GpuProgramParameters@Ogre@@QAEXPBVAutoParamDataSource@2@G@Z+0x2034,4,0.028,14304,20.002
fourteam_fire_postfix,34852,nvwgf2um.dll!OpenAdapter10+0x71b00,4,0.028,14304,20.002
fourteam_fire_postfix,34852,battlezone98redux.exe!sub_74d110,4,0.028,14304,20.002
fourteam_fire_postfix,34852,OgreMain.dll!?getLight@AutoParamDataSource@Ogre@@IBEABVLight@2@I@Z+0x1,4,0.028,14304,20.002
fourteam_fire_postfix,34852,OgreMain.dll!?createSceneNode@SceneManager@Ogre@@UAEPAVSceneNode@2@XZ+0x9,4,0.028,14304,20.002
fourteam_fire_postfix,34852,OgreMain.dll!?isViewOutOfDate@Camera@Ogre@@MBE_NXZ+0x51b,4,0.028,14304,20.002
fourteam_fire_postfix,34852,nvwgf2um.dll!SetDependencyInfo+0x4f687,4,0.028,14304,20.002
fourteam_fire_postfix,34852,battlezone98redux.exe!sub_68bed0,4,0.028,14304,20.002
fourteam_fire_postfix,34852,MSVCR120.dll!_strnicmp_l+0x1e,4,0.028,14304,20.002
fourteam_fire_postfix,34852,OgreMain.dll!?clear@RenderPriorityGroup@Ogre@@QAEXXZ+0x205,4,0.028,14304,20.002
fourteam_fire_postfix,34852,OgreMain.dll!?isVisible@ShadowRenderable@Ogre@@UBE_NXZ+0x14a,4,0.028,14304,20.002
fourteam_fire_postfix,34852,OgreMain.dll!?_getRenderOperation@SubMesh@Ogre@@QAEXAAVRenderOperation@2@G@Z+0x37,4,0.028,14304,20.002
fourteam_fire_postfix,34852,OgreMain.dll!?getHalfSize@AxisAlignedBox@Ogre@@QBE?AVVector3@2@XZ+0x1,4,0.028,14304,20.002
fourteam_fire_postfix,34852,MSVCP120.dll!?_Iput@?$num_put@DV?$ostreambuf_iterator@DU?$char_traits@D@std@@@std@@@std@@ABA?AV?$ostreambuf_iterator@DU?$char_traits@D@std@@@2@V32@AAVios_base@2@DPADI@Z+0x259,4,0.028,14304,20.002
fourteam_fire_postfix,34852,OgreMain.dll!?destroyMovableObject@SceneManager@Ogre@@UAEXPAVMovableObject@2@@Z+0xd5,4,0.028,14304,20.002
fourteam_fire_postfix,34852,OgreMain.dll!??4GpuSharedParametersUsage@Ogre@@QAEAAV01@ABV01@@Z+0x2718,4,0.028,14304,20.002
fourteam_fire_postfix,34852,OgreMain.dll!?getLightSpecularColourWithPower@AutoParamDataSource@Ogre@@UBE?BVColourValue@2@I@Z+0x3a,4,0.028,14304,20.002
fourteam_fire_postfix,34852,battlezone98redux.exe!sub_481b10,4,0.028,14304,20.002
fourteam_fire_postfix,34852,OgreMain.dll!?_detectImplementation@OptimisedUtil@Ogre@@KAPAV12@XZ+0x4674,4,0.028,14304,20.002
fourteam_fire_postfix,34852,KERNEL32.DLL!FlsGetValue+0x2,4,0.028,14304,20.002
fourteam_fire_postfix,34852,MSVCR120.dll!__libm_sse2_asinf+0xd6,4,0.028,14304,20.002
fourteam_fire_postfix,34852,ntdll.dll!__woutput_l+0x8a1,4,0.028,14304,20.002
fourteam_fire_postfix,34852,RenderSystem_Direct3D11.dll!?getMonitorSequentialNumberFromSwapChain@MonitorInfo@Ogre@@QAEGPAUIDXGISwapChain@@_N@Z+0x2ac4,4,0.028,14304,20.002
fourteam_fire_postfix,34852,OgreMain.dll!?updatePoint@RotationalSpline@Ogre@@QAEXGABVQuaternion@2@@Z+0x10b72,4,0.028,14304,20.002
fourteam_fire_postfix,34852,OgreMain.dll!?waitForNextRequest@DefaultWorkQueue@Ogre@@MAEXXZ+0x11d906,4,0.028,14304,20.002
fourteam_fire_postfix,34852,RenderSystem_Direct3D11.dll!?lockImpl@D3D11HardwareBuffer@Ogre@@MAEPAXIIW4LockOptions@HardwareBuffer@2@@Z+0x48,4,0.028,14304,20.002
fourteam_fire_postfix,34852,OgreMain.dll!?fireRenderSingleObject@SceneManager@Ogre@@MAEXPAVRenderable@2@PBVPass@2@PBVAutoParamDataSource@2@PBV?$HashedVector@PAVLight@Ogre@@@2@_N@Z,4,0.028,14304,20.002
fourteam_fire_postfix,34852,battlezone98redux.exe!sub_439ec0,4,0.028,14304,20.002
fourteam_fire_postfix,34852,OgreMain.dll!?_setCameraRelative@Light@Ogre@@QAEXPAVCamera@2@@Z+0x14,4,0.028,14304,20.002
fourteam_fire_postfix,34852,d3d11.dll!CreateDirect3D11DeviceFromDXGIDevice+0xa2171,4,0.028,14304,20.002
fourteam_fire_postfix,34852,OgreMain.dll!?touch@Resource@Ogre@@UAEXXZ+0xd,4,0.028,14304,20.002
fourteam_fire_postfix,34852,KERNEL32.DLL!BaseDllReadWriteIniFile+0x1ac,4,0.028,14304,20.002
fourteam_fire_postfix,34852,RenderSystem_Direct3D11.dll+0x5970,4,0.028,14304,20.002
fourteam_fire_postfix,34852,d3d11.dll!CreateDirect3D11DeviceFromDXGIDevice+0xbbd8d,4,0.028,14304,20.002
fourteam_fire_postfix,34852,battlezone98redux.exe!sub_447eb0,4,0.028,14304,20.002
fourteam_fire_postfix,34852,win32u.dll!_NtUserSetCursor@4+0xc,4,0.028,14304,20.002
fourteam_fire_postfix,34852,nvwgf2um.dll!NVENCODEAPI_Thunk+0x44522,4,0.028,14304,20.002
fourteam_fire_postfix,34852,nvwgf2um.dll!OpenAdapter10+0x74efd,4,0.028,14304,20.002
fourteam_fire_postfix,34852,d3d11.dll!CreateDirect3D11DeviceFromDXGIDevice+0x9b092,4,0.028,14304,20.002
fourteam_fire_postfix,34852,nvwgf2um.dll!SetDependencyInfo+0x4f20d,4,0.028,14304,20.002
fourteam_fire_postfix,34852,nvwgf2um.dll!OpenAdapter10+0x72bbd,4,0.028,14304,20.002
fourteam_fire_postfix,34852,OgreMain.dll!?isInLightRange@Light@Ogre@@QBE_NABVSphere@2@@Z+0x89,4,0.028,14304,20.002
fourteam_fire_postfix,34852,battlezone98redux.exe!sub_44ef20,4,0.028,14304,20.002
fourteam_fire_postfix,34852,OgreMain.dll!?ACos@Math@Ogre@@SA?AVRadian@2@M@Z+0x1e,4,0.028,14304,20.002
fourteam_fire_postfix,34852,OgreMain.dll!?ensureLoaded@TextureUnitState@Ogre@@IBEXI@Z+0x1f4,4,0.028,14304,20.002
fourteam_fire_postfix,34852,OgreMain.dll!??4GpuSharedParametersUsage@Ogre@@QAEAAV01@ABV01@@Z+0x278c,4,0.028,14304,20.002
fourteam_fire_postfix,34852,nvwgf2um.dll!NVAPI_Thunk+0x77fe,4,0.028,14304,20.002
fourteam_fire_postfix,34852,nvwgf2um.dll!SetDependencyInfo+0x35072,4,0.028,14304,20.002
fourteam_fire_postfix,34852,RenderSystem_Direct3D11.dll!?_render@D3D11RenderSystem@Ogre@@UAEXABVRenderOperation@2@@Z+0x19fd,4,0.028,14304,20.002
fourteam_fire_postfix,34852,ntdll.dll!_ZwQuerySystemInformation@16+0xc,4,0.028,14304,20.002
fourteam_fire_postfix,34852,d3d11.dll!CreateDirect3D11DeviceFromDXGIDevice+0xbae5f,4,0.028,14304,20.002
fourteam_fire_postfix,34852,ntdll.dll!sxsisol_SearchActCtxForDllName+0x98,4,0.028,14304,20.002
fourteam_fire_postfix,34852,ntdll.dll!RtlDosApplyFileIsolationRedirection_Ustr+0x2e1,4,0.028,14304,20.002
fourteam_fire_postfix,34852,battlezone98redux.exe!sub_4245c0,4,0.028,14304,20.002
fourteam_fire_postfix,34852,battlezone98redux.exe!sub_6d73e0,4,0.028,14304,20.002
fourteam_fire_postfix,34852,battlezone98redux.exe!HasWorkPending,4,0.028,14304,20.002
fourteam_fire_postfix,34852,OgreMain.dll+0x29afa,4,0.028,14304,20.002
fourteam_fire_postfix,34852,OgreMain.dll+0x2c20,4,0.028,14304,20.002
fourteam_fire_postfix,34852,WINMM.dll@6ea10000!BZROpenShim::`anonymous namespace'::DecideFrustumCull+0x5f,4,0.028,14304,20.002
fourteam_fire_postfix,34852,OgreMain.dll!?_writeRawConstants@GpuProgramParameters@Ogre@@QAEXIPBMI@Z+0x6,4,0.028,14304,20.002
fourteam_fire_postfix,34852,OgreMain.dll+0x32515,4,0.028,14304,20.002
fourteam_fire_postfix,34852,d3d11.dll!D3D11CoreCreateDevice+0x1d43a,4,0.028,14304,20.002
fourteam_fire_postfix,34852,RenderSystem_Direct3D11.dll!?getVertexShader@D3D11HLSLProgram@Ogre@@QBEPAUID3D11VertexShader@@XZ+0x6,4,0.028,14304,20.002
fourteam_fire_postfix,34852,battlezone98redux.exe!sub_4498d0,4,0.028,14304,20.002
fourteam_fire_postfix,34852,MSVCR120.dll!__libm_sse2_asinf+0xf,4,0.028,14304,20.002
fourteam_fire_postfix,34852,OgreMain.dll!?getViewMatrix@AutoParamDataSource@Ogre@@UBEABVMatrix4@2@XZ,4,0.028,14304,20.002
fourteam_fire_postfix,34852,OgreMain.dll!?_issueRenderOp@SceneManager@Ogre@@UAEXPAVRenderable@2@PBVPass@2@@Z+0x76,4,0.028,14304,20.002
fourteam_fire_postfix,34852,d3d11.dll+0x2b4eb,4,0.028,14304,20.002
fourteam_fire_postfix,34852,battlezone98redux.exe!sub_67b990,4,0.028,14304,20.002
fourteam_fire_postfix,34852,nvwgf2um.dll!OpenAdapter10+0x72c25,4,0.028,14304,20.002
fourteam_fire_postfix,34852,OgreMain.dll+0x35774,4,0.028,14304,20.002
fourteam_fire_postfix,34852,OgreMain.dll!?determinant@Matrix4@Ogre@@QBEMXZ+0xa0,4,0.028,14304,20.002
fourteam_fire_postfix,34852,OgreMain.dll!?getLightDiffuseColourWithPower@AutoParamDataSource@Ogre@@UBE?BVColourValue@2@I@Z+0xd,4,0.028,14304,20.002
fourteam_fire_postfix,34852,OgreMain.dll!?isInLightRange@Light@Ogre@@QBE_NABVSphere@2@@Z+0x176,4,0.028,14304,20.002
fourteam_fire_postfix,34852,OgreMain.dll!?_getCombinedVisibilityMask@SceneManager@Ogre@@QBEIXZ+0x3,4,0.028,14304,20.002
fourteam_fire_postfix,34852,OgreMain.dll!?transformAffine@AxisAlignedBox@Ogre@@QAEXABVMatrix4@2@@Z+0x1df,4,0.028,14304,20.002
fourteam_fire_postfix,34852,d3d11.dll!D3D11CoreCreateDevice+0x977b,4,0.028,14304,20.002
fourteam_fire_postfix,34852,OgreMain.dll!?hasScale@Matrix4@Ogre@@QBE_NXZ+0x8d,4,0.028,14304,20.002
fourteam_fire_postfix,34852,OgreMain.dll!?addSolidRenderable@RenderPriorityGroup@Ogre@@IAEXPAVTechnique@2@PAVRenderable@2@_N@Z+0x15,4,0.028,14304,20.002
fourteam_fire_postfix,34852,OgreMain.dll!?_updateBounds@SceneNode@Ogre@@UAEXXZ+0x235,4,0.028,14304,20.002
fourteam_fire_postfix,34852,RenderSystem_Direct3D11.dll!?_setTextureAddressingMode@D3D11RenderSystem@Ogre@@UAEXIABUUVWAddressingMode@TextureUnitState@2@@Z+0x1e,4,0.028,14304,20.002
fourteam_fire_postfix,34852,nvwgf2um.dll!NVAPI_DirectMethods+0x185bb,4,0.028,14304,20.002
fourteam_fire_postfix,34852,d3d11.dll!CreateDirect3D11DeviceFromDXGIDevice+0xb961e,4,0.028,14304,20.002
fourteam_fire_postfix,34852,nvwgf2um.dll!OpenAdapter10+0x7b2de,4,0.028,14304,20.002
fourteam_fire_postfix,34852,OgreMain.dll!?clone@Animation@Ogre@@QBEPAV12@ABV?$basic_string@DU?$char_traits@D@std@@V?$allocator@D@2@@std@@@Z+0x2e9,4,0.028,14304,20.002
fourteam_fire_postfix,34852,OgreMain.dll+0x20e0f,4,0.028,14304,20.002
fourteam_fire_postfix,34852,OgreMain.dll!?isVisible@ShadowRenderable@Ogre@@UBE_NXZ+0x24d,4,0.028,14304,20.002
fourteam_fire_postfix,34852,d3d11.dll!CreateDirect3D11DeviceFromDXGIDevice+0x9f73d,4,0.028,14304,20.002
fourteam_fire_postfix,34852,OgreMain.dll!?_findVisibleObjects@SceneNode@Ogre@@UAEXPAVCamera@2@PAVRenderQueue@2@PAUVisibleObjectsBoundsInfo@2@_N33@Z+0xf,4,0.028,14304,20.002
fourteam_fire_postfix,34852,OgreMain.dll+0xd86e,4,0.028,14304,20.002
fourteam_fire_postfix,34852,OgreMain.dll!?_populateLightList@SceneManager@Ogre@@UAEXABVVector3@2@MAAV?$HashedVector@PAVLight@Ogre@@@2@I@Z+0x14f,4,0.028,14304,20.002
fourteam_fire_postfix,34852,battlezone98redux.exe!sub_43b720,4,0.028,14304,20.002
fourteam_fire_postfix,34852,battlezone98redux.exe!sub_450540,4,0.028,14304,20.002
fourteam_fire_postfix,34852,RenderSystem_Direct3D11.dll!?_render@D3D11RenderSystem@Ogre@@UAEXABVRenderOperation@2@@Z+0x1fb,4,0.028,14304,20.002
fourteam_fire_postfix,34852,d3d11.dll!CreateDirect3D11DeviceFromDXGIDevice+0xbbf73,4,0.028,14304,20.002
fourteam_fire_postfix,34852,OgreMain.dll!?getShadowsEnabled@Viewport@Ogre@@QBE_NXZ+0x3,4,0.028,14304,20.002
fourteam_fire_postfix,34852,OgreMain.dll+0x1ba22,4,0.028,14304,20.002
fourteam_fire_postfix,34852,OgreMain.dll!?createEntity@SceneManager@Ogre@@UAEPAVEntity@2@ABV?$basic_string@DU?$char_traits@D@std@@V?$allocator@D@2@@std@@00@Z+0x134,4,0.028,14304,20.002
fourteam_fire_postfix,34852,OgreMain.dll!??1Frustum@Ogre@@UAE@XZ+0xa7,4,0.028,14304,20.002
fourteam_fire_postfix,34852,OgreMain.dll!?destroyVertexDeclaration@HardwareBufferManagerBase@Ogre@@UAEXPAVVertexDeclaration@2@@Z+0x71,4,0.028,14304,20.002
fourteam_fire_postfix,34852,OgreMain.dll!??1VertexData@Ogre@@QAE@XZ+0x4c,4,0.028,14304,20.002
fourteam_fire_postfix,34852,battlezone98redux.exe!sub_62bec0,4,0.028,14304,20.002
fourteam_fire_postfix,34852,battlezone98redux.exe!sub_81ec40,4,0.028,14304,20.002
fourteam_fire_postfix,34852,ucrtbase.dll!__write_internal+0x9a,4,0.028,14304,20.002
fourteam_fire_postfix,34852,"ucrtbase.dll!__crt_seh_guarded_call<int>::operator()<<lambda_6d20deecaf4856105ebacbad442d1079>,<lambda_9a32fed5bf61b6b509b2d3f6003082a1> &,<lambda_63ea2239ed67c638ddbae41947fdf875> >+0x2f",4,0.028,14304,20.002
fourteam_fire_postfix,34852,ucrtbase.dll!___acrt_stdio_flush_nolock+0x49,4,0.028,14304,20.002
fourteam_fire_postfix,34852,WINMM.dll@6ea10000!BZROpenShim::`anonymous namespace'::InitLoggerOnce+0x194,4,0.028,14304,20.002
fourteam_fire_postfix,34852,ucrtbase.dll!_fflush_nolock_internal+0xe,4,0.028,14304,20.002
fourteam_fire_postfix,34852,ucrtbase.dll!_fflush+0x3f,4,0.028,14304,20.002
fourteam_fire_postfix,34852,ucrtbase.dll!__write_nolock+0xc4,4,0.028,14304,20.002
fourteam_fire_postfix,34852,ucrtbase.dll!write_text_ansi_nolock+0x98,4,0.028,14304,20.002
fourteam_fire_postfix,34852,d3d11.dll!D3D11CoreCreateLayeredDevice+0xcef0,4,0.028,14304,20.002
fourteam_fire_postfix,34852,win32u.dll!_NtNotifyPresentToCompositionSurface@8+0xc,4,0.028,14304,20.002
fourteam_fire_postfix,34852,OgreMain.dll!?isVisible@Frustum@Ogre@@UBE_NABVAxisAlignedBox@2@PAW4FrustumPlane@2@@Z+0x5c,4,0.028,14304,20.002
fourteam_fire_postfix,34852,battlezone98redux.exe!sub_6b2520,4,0.028,14304,20.002
fourteam_fire_postfix,34852,OgreMain.dll!?getValueImpl@DistanceLodStrategyBase@Ogre@@MBEMPBVMovableObject@2@PBVCamera@2@@Z+0x81,4,0.028,14304,20.002
fourteam_fire_postfix,34852,OgreMain.dll!?_updateAutoParams@GpuProgramParameters@Ogre@@QAEXPBVAutoParamDataSource@2@G@Z+0x971,4,0.028,14304,20.002
fourteam_fire_postfix,34852,nvwgf2um.dll!SetDependencyInfo+0x59669,4,0.028,14304,20.002
fourteam_fire_postfix,34852,RenderSystem_Direct3D11.dll!?lock@D3D11HardwareUniformBuffer@Ogre@@UAEPAXIIW4LockOptions@HardwareBuffer@2@W4UploadOptions@42@@Z,4,0.028,14304,20.002
fourteam_fire_postfix,34852,OgreMain.dll!?isInLightRange@Light@Ogre@@QBE_NABVSphere@2@@Z+0x68,4,0.028,14304,20.002
fourteam_fire_postfix,34852,OgreMain.dll!?getBestTechnique@Material@Ogre@@QAEPAVTechnique@2@GPBVRenderable@2@@Z+0x8d,4,0.028,14304,20.002
fourteam_fire_postfix,34852,OgreMain.dll+0x2d312,4,0.028,14304,20.002
fourteam_fire_postfix,34852,OgreMain.dll!?updatePoint@RotationalSpline@Ogre@@QAEXGABVQuaternion@2@@Z+0x1675,4,0.028,14304,20.002
fourteam_fire_postfix,34852,OgreMain.dll!?updatePoint@RotationalSpline@Ogre@@QAEXGABVQuaternion@2@@Z+0x26c5,4,0.028,14304,20.002
fourteam_fire_postfix,34852,MSVCP120.dll!?do_put@?$num_put@DV?$ostreambuf_iterator@DU?$char_traits@D@std@@@std@@@std@@MBE?AV?$ostreambuf_iterator@DU?$char_traits@D@std@@@2@V32@AAVios_base@2@D_K@Z+0x59,4,0.028,14304,20.002
fourteam_fire_postfix,34852,MSVCP120.dll!??6?$basic_ostream@DU?$char_traits@D@std@@@std@@QAEAAV01@_K@Z+0x7e,4,0.028,14304,20.002
fourteam_fire_postfix,34852,battlezone98redux.exe!sub_82c882,4,0.028,14304,20.002
fourteam_fire_postfix,34852,WINMM.dll@6ea10000!BZROpenShim::`anonymous namespace'::InstallEmissionLightFixIfPossible+0xa7,4,0.028,14304,20.002
fourteam_fire_postfix,34852,d3d11.dll!D3D11CoreCreateDevice+0x92d5,4,0.028,14304,20.002
fourteam_fire_postfix,34852,OgreMain.dll!?_detectImplementation@OptimisedUtil@Ogre@@KAPAV12@XZ+0x459c,4,0.028,14304,20.002
fourteam_fire_postfix,34852,d3d11.dll!CreateDirect3D11DeviceFromDXGIDevice+0x9da5e,4,0.028,14304,20.002
fourteam_fire_postfix,34852,DSOUND.dll!GetDeviceID+0x1c39,4,0.028,14304,20.002
fourteam_fire_postfix,34852,battlezone98redux.exe!sub_67a4d0,4,0.028,14304,20.002
fourteam_fire_postfix,34852,OgreMain.dll!?normalise@Vector3@Ogre@@QAEMXZ+0x33,4,0.028,14304,20.002
fourteam_fire_postfix,34852,OgreMain.dll!?isVisible@ShadowRenderable@Ogre@@UBE_NXZ+0x25a,4,0.028,14304,20.002
fourteam_fire_postfix,34852,OgreMain.dll!?postRender@Renderable@Ogre@@UAEXPAVSceneManager@2@PAVRenderSystem@2@@Z,4,0.028,14304,20.002
fourteam_fire_postfix,34852,MSVCR120.dll!__libm_sse2_acosf+0x124,4,0.028,14304,20.002
fourteam_fire_postfix,34852,OgreMain.dll!?getDerivedPosition@Light@Ogre@@QBEABVVector3@2@_N@Z+0x6,4,0.028,14304,20.002
fourteam_fire_postfix,34852,OgreMain.dll!?clone@Animation@Ogre@@QBEPAV12@ABV?$basic_string@DU?$char_traits@D@std@@V?$allocator@D@2@@std@@@Z+0x299,4,0.028,14304,20.002
fourteam_fire_postfix,34852,ucrtbase.dll!_memcmp+0x2e1,4,0.028,14304,20.002
fourteam_fire_postfix,34852,KERNEL32.DLL!GetTickCount+0x7,4,0.028,14304,20.002
fourteam_fire_postfix,34852,d3d11.dll+0x2c403,4,0.028,14304,20.002
fourteam_fire_postfix,34852,battlezone98redux.exe!sub_4588f0,4,0.028,14304,20.002
fourteam_fire_postfix,34852,battlezone98redux.exe!sub_458c40,4,0.028,14304,20.002
fourteam_fire_postfix,34852,OgreMain.dll!??4GpuSharedParametersUsage@Ogre@@QAEAAV01@ABV01@@Z+0x2730,4,0.028,14304,20.002
fourteam_fire_postfix,34852,OgreMain.dll!?angleBetween@Vector3@Ogre@@QBE?AVRadian@2@ABV12@@Z+0xb,4,0.028,14304,20.002
fourteam_fire_postfix,34852,OgreMain.dll!?load@Resource@Ogre@@UAEX_N@Z+0x3a3,4,0.028,14304,20.002
fourteam_fire_postfix,34852,nvwgf2um.dll!OpenAdapter10+0x76667,4,0.028,14304,20.002
fourteam_fire_postfix,34852,nvwgf2um.dll!OpenAdapter10+0x72e97,4,0.028,14304,20.002
fourteam_fire_postfix,34852,d3d11.dll!D3D11CoreCreateDevice+0x402d,4,0.028,14304,20.002
fourteam_fire_postfix,34852,nvwgf2um.dll!SetDependencyInfo+0x5004f,4,0.028,14304,20.002
fourteam_fire_postfix,34852,d3d11.dll!CreateDirect3D11DeviceFromDXGIDevice+0xa45e2,4,0.028,14304,20.002
fourteam_fire_postfix,34852,WINMM.dll@6ea10000!BZROpenShim::LegacyWorldUpdateRenderQueueHook+0xd6,4,0.028,14304,20.002
fourteam_fire_postfix,34852,OgreMain.dll!??RlightLess@SceneManager@Ogre@@QBE_NPBVLight@2@0@Z+0x1,3,0.021,14304,20.002
fourteam_fire_postfix,34852,d3d11.dll!CreateDirect3D11DeviceFromDXGIDevice+0x9f991,3,0.021,14304,20.002
fourteam_fire_postfix,34852,ntdll.dll!_RtlFlsGetValue@8,3,0.021,14304,20.002
fourteam_fire_postfix,34852,OgreMain.dll+0x10d11,3,0.021,14304,20.002
fourteam_fire_postfix,34852,ntdll.dll!_RtlEnterCriticalSection@4+0xa,3,0.021,14304,20.002
fourteam_fire_postfix,34852,OgreMain.dll!?merge@VisibleObjectsBoundsInfo@Ogre@@QAEXABVAxisAlignedBox@2@ABVSphere@2@PBVCamera@2@_N@Z+0x13d,3,0.021,14304,20.002
fourteam_fire_postfix,34852,OgreMain.dll!?clone@Animation@Ogre@@QBEPAV12@ABV?$basic_string@DU?$char_traits@D@std@@V?$allocator@D@2@@std@@@Z+0x241,3,0.021,14304,20.002
fourteam_fire_postfix,34852,OgreMain.dll!?_setPass@SceneManager@Ogre@@UAEPBVPass@2@PBV32@_N1@Z+0x87d,3,0.021,14304,20.002
fourteam_fire_postfix,34852,battlezone98redux.exe!sub_606f70,3,0.021,14304,20.002
fourteam_fire_postfix,34852,OgreMain.dll!?_getParentNodeFullTransform@MovableObject@Ogre@@UBEABVMatrix4@2@XZ+0x3,3,0.021,14304,20.002
fourteam_fire_postfix,34852,OgreMain.dll!?renderBasicQueueGroupObjects@SceneManager@Ogre@@MAEXPAVRenderQueueGroup@2@W4OrganisationMode@QueuedRenderableCollection@2@@Z+0xa7,3,0.021,14304,20.002
fourteam_fire_postfix,34852,OgreMain.dll!?clone@Animation@Ogre@@QBEPAV12@ABV?$basic_string@DU?$char_traits@D@std@@V?$allocator@D@2@@std@@@Z+0x2e2,3,0.021,14304,20.002
fourteam_fire_postfix,34852,OgreMain.dll+0x358eb,3,0.021,14304,20.002
fourteam_fire_postfix,34852,OgreMain.dll!?getLightDirection@AutoParamDataSource@Ogre@@UBEABVVector3@2@I@Z+0xb,3,0.021,14304,20.002
fourteam_fire_postfix,34852,ntdll.dll!_RtlAbPostRelease@8+0xe,3,0.021,14304,20.002
fourteam_fire_postfix,34852,OgreMain.dll+0x24b36,3,0.021,14304,20.002
fourteam_fire_postfix,34852,RenderSystem_Direct3D11.dll!?_render@D3D11RenderSystem@Ogre@@UAEXABVRenderOperation@2@@Z+0xaf3,3,0.021,14304,20.002
fourteam_fire_postfix,34852,OgreMain.dll!?getLightDiffuseColourWithPower@AutoParamDataSource@Ogre@@UBE?BVColourValue@2@I@Z+0x43,3,0.021,14304,20.002
fourteam_fire_postfix,34852,OgreMain.dll!?deriveShadowCasterPass@SceneManager@Ogre@@MAEPBVPass@2@PBV32@@Z+0x4b,3,0.021,14304,20.002
fourteam_fire_postfix,34852,OgreMain.dll!?angleBetween@Vector3@Ogre@@QBE?AVRadian@2@ABV12@@Z+0xc2,3,0.021,14304,20.002
fourteam_fire_postfix,34852,OgreMain.dll!?clone@Animation@Ogre@@QBEPAV12@ABV?$basic_string@DU?$char_traits@D@std@@V?$allocator@D@2@@std@@@Z+0x27a,3,0.021,14304,20.002
fourteam_fire_postfix,34852,battlezone98redux.exe!sub_67c2a0,3,0.021,14304,20.002
fourteam_fire_postfix,34852,OgreMain.dll!?createMovableObject@SceneManager@Ogre@@UAEPAVMovableObject@2@ABV?$basic_string@DU?$char_traits@D@std@@V?$allocator@D@2@@std@@0PBV?$map@V?$basic_string@DU?$char_traits@D@std@@V?$allocator@D@2@@std@@V12@U?$less@V?$basic_string@DU?$char_traits@D@std@@V?$allocator@D@2@@std@@@2@V?$STLAllocator@U?$pair@$$CBV?$basic_string@DU?$char_traits@D@std@@V?$allocator@D@2@@std@@V12@@std@@V?$CategorisedAllocPolicy@$0A@@Ogre@@@Ogre@@@5@@Z+0x21e,3,0.021,14304,20.002
fourteam_fire_postfix,34852,OgreMain.dll!?_detectImplementation@OptimisedUtil@Ogre@@KAPAV12@XZ+0x4651,3,0.021,14304,20.002
fourteam_fire_postfix,34852,WINMM.dll@6ea10000!BZROpenShim::`anonymous namespace'::CaptureSourceLayout+0x15a,3,0.021,14304,20.002
fourteam_fire_postfix,34852,d3d11.dll!D3D11CoreCreateLayeredDevice+0x12054,3,0.021,14304,20.002
fourteam_fire_postfix,34852,d3d11.dll!CreateDirect3D11DeviceFromDXGIDevice+0x9ab76,3,0.021,14304,20.002
fourteam_fire_postfix,34852,OgreMain.dll!?_setPass@SceneManager@Ogre@@UAEPBVPass@2@PBV32@_N1@Z+0x125,3,0.021,14304,20.002
fourteam_fire_postfix,34852,battlezone98redux.exe!sub_77d660,3,0.021,14304,20.002
fourteam_fire_postfix,34852,nvwgf2um.dll!NVENCODEAPI_Thunk+0x2175b0,3,0.021,14304,20.002
fourteam_fire_postfix,34852,d3d11.dll!CreateDirect3D11DeviceFromDXGIDevice+0x9acd9,3,0.021,14304,20.002
fourteam_fire_postfix,34852,d3d11.dll!CreateDirect3D11DeviceFromDXGIDevice+0xa3faa,3,0.021,14304,20.002
fourteam_fire_postfix,34852,OgreMain.dll!?setCurrentLightList@AutoParamDataSource@Ogre@@UAEXPBV?$HashedVector@PAVLight@Ogre@@@2@@Z+0x43,3,0.021,14304,20.002
fourteam_fire_postfix,34852,OgreMain.dll!?getConstantDefinition@GpuProgramParameters@Ogre@@QBEABUGpuConstantDefinition@2@ABV?$basic_string@DU?$char_traits@D@std@@V?$allocator@D@2@@std@@@Z+0x17,3,0.021,14304,20.002
fourteam_fire_postfix,34852,OgreMain.dll!?getIndexAscending@LodStrategy@Ogre@@KAGMABV?$vector@MV?$STLAllocator@MV?$CategorisedAllocPolicy@$0A@@Ogre@@@Ogre@@@std@@@Z+0x24,3,0.021,14304,20.002
fourteam_fire_postfix,34852,KERNELBASE.dll!OutputDebugStringA+0xfe,3,0.021,14304,20.002
fourteam_fire_postfix,34852,ntdll.dll!_ZwOpenSection@12+0xc,3,0.021,14304,20.002
fourteam_fire_postfix,34852,ntdll.dll!_LdrpFindLoadedDllByName@20+0x8c,3,0.021,14304,20.002
fourteam_fire_postfix,34852,OgreMain.dll!?_notifyCurrentCamera@Entity@Ogre@@UAEXPAVCamera@2@@Z+0x149,3,0.021,14304,20.002
fourteam_fire_postfix,34852,MSVCR120.dll!memmove+0x5f,3,0.021,14304,20.002
fourteam_fire_postfix,34852,battlezone98redux.exe!sub_61a510,3,0.021,14304,20.002
fourteam_fire_postfix,34852,MSVCR120.dll!floor+0x59,3,0.021,14304,20.002
fourteam_fire_postfix,34852,OgreMain.dll!??DMatrix3@Ogre@@QBE?AVVector3@1@ABV21@@Z+0x8c,3,0.021,14304,20.002
fourteam_fire_postfix,34852,nvspcap.dll+0x39835,3,0.021,14304,20.002
fourteam_fire_postfix,34852,battlezone98redux.exe!_Swap_adl<>,3,0.021,14304,20.002
fourteam_fire_postfix,34852,battlezone98redux.exe!sub_68af40,3,0.021,14304,20.002
fourteam_fire_postfix,34852,battlezone98redux.exe!sub_687770,3,0.021,14304,20.002
fourteam_fire_postfix,34852,d3d11.dll!D3D11CoreCreateDevice+0x2eafe,3,0.021,14304,20.002
fourteam_fire_postfix,34852,OgreMain.dll!?_updateAutoParams@GpuProgramParameters@Ogre@@QAEXPBVAutoParamDataSource@2@G@Z+0x17,3,0.021,14304,20.002
fourteam_fire_postfix,34852,OgreMain.dll!?FastHash@Ogre@@YAIPBDHI@Z+0x5a,3,0.021,14304,20.002
fourteam_fire_postfix,34852,dxgi.dll!DXGID3D10CreateDevice+0x3c27,3,0.021,14304,20.002
fourteam_fire_postfix,34852,dxgi.dll!DXGIGetDebugInterface1+0xed4c,3,0.021,14304,20.002
fourteam_fire_postfix,34852,OgreMain.dll!?_WndProc@WindowEventUtilities@Ogre@@SGJPAUHWND__@@IIJ@Z+0x2bc,3,0.021,14304,20.002
fourteam_fire_postfix,34852,OgreMain.dll!?_detectImplementation@OptimisedUtil@Ogre@@KAPAV12@XZ+0x460b,3,0.021,14304,20.002
fourteam_fire_postfix,34852,OgreMain.dll!?setWorldMatrices@AutoParamDataSource@Ogre@@UAEXPBVMatrix4@2@I@Z+0x1d,3,0.021,14304,20.002
fourteam_fire_postfix,34852,DSOUND.dll!GetDeviceID+0x4965,3,0.021,14304,20.002
fourteam_fire_postfix,34852,battlezone98redux.exe!sub_62e120,3,0.021,14304,20.002
fourteam_fire_postfix,34852,dxgi.dll!DXGID3D10CreateDevice+0x39cc,3,0.021,14304,20.002
fourteam_fire_postfix,34852,dxgi.dll!DXGIReportAdapterConfiguration+0xe7d,3,0.021,14304,20.002
fourteam_fire_postfix,34852,OgreMain.dll!??RlightLess@SceneManager@Ogre@@QBE_NPBVLight@2@0@Z+0x1a,3,0.021,14304,20.002
fourteam_fire_postfix,34852,battlezone98redux.exe!sub_45c4b0,3,0.021,14304,20.002
fourteam_fire_postfix,34852,battlezone98redux.exe!sub_5cd070,3,0.021,14304,20.002
fourteam_fire_postfix,34852,OgreMain.dll!?resetToInitialState@Node@Ogre@@UAEXXZ+0x64,3,0.021,14304,20.002
fourteam_fire_postfix,34852,RenderSystem_Direct3D11.dll!?bindGpuProgramParameters@D3D11RenderSystem@Ogre@@UAEXW4GpuProgramType@2@V?$SharedPtr@VGpuProgramParameters@Ogre@@@2@G@Z+0xb4,3,0.021,14304,20.002
fourteam_fire_postfix,34852,RenderSystem_Direct3D11.dll!??0D3D11RenderWindowSwapChainBased@Ogre@@QAE@ABV01@@Z+0x9f4,3,0.021,14304,20.002
fourteam_fire_postfix,34852,battlezone98redux.exe!sub_83f040,3,0.021,14304,20.002
fourteam_fire_postfix,34852,OgreMain.dll!?renderSingleObject@SceneManager@Ogre@@MAEXPAVRenderable@2@PBVPass@2@_N2PBV?$HashedVector@PAVLight@Ogre@@@2@@Z+0xd6,3,0.021,14304,20.002
fourteam_fire_postfix,34852,OgreMain.dll!?_setTextureUnitSettings@RenderSystem@Ogre@@UAEXIAAVTextureUnitState@2@@Z+0x16c,3,0.021,14304,20.002
fourteam_fire_postfix,34852,OgreMain.dll!?_writeRawConstant@GpuProgramParameters@Ogre@@QAEXIABVMatrix4@2@I@Z+0x35,3,0.021,14304,20.002
fourteam_fire_postfix,34852,OgreMain.dll!?updatePoint@RotationalSpline@Ogre@@QAEXGABVQuaternion@2@@Z+0x1102,3,0.021,14304,20.002
fourteam_fire_postfix,34852,MSVCR120.dll!_fdtest+0x10,3,0.021,14304,20.002
fourteam_fire_postfix,34852,battlezone98redux.exe!sub_4a74e0,3,0.021,14304,20.002
fourteam_fire_postfix,34852,OgreMain.dll!?updateAnimation@Entity@Ogre@@IAEXXZ+0x123,3,0.021,14304,20.002
fourteam_fire_postfix,34852,ntdll.dll!_RtlAnsiCharToUnicodeChar@4+0x19,3,0.021,14304,20.002
fourteam_fire_postfix,34852,battlezone98redux.exe!sub_50b960,3,0.021,14304,20.002
fourteam_fire_postfix,34852,d3d11.dll!D3D11CoreCreateLayeredDevice+0x13126,3,0.021,14304,20.002
fourteam_fire_postfix,34852,battlezone98redux.exe!sub_44eef0,3,0.021,14304,20.002
fourteam_fire_postfix,34852,OgreMain.dll!?getInverseViewMatrix@AutoParamDataSource@Ogre@@UBEABVMatrix4@2@XZ+0x33,3,0.021,14304,20.002
fourteam_fire_postfix,34852,OgreMain.dll!?allocatePolygon@ConvexBody@Ogre@@KAPAVPolygon@2@XZ+0xa1,3,0.021,14304,20.002
fourteam_fire_postfix,34852,OgreMain.dll!?updateFrustumImpl@Frustum@Ogre@@MBEXXZ+0x27,3,0.021,14304,20.002
fourteam_fire_postfix,34852,battlezone98redux.exe!sub_73b690,3,0.021,14304,20.002
fourteam_fire_postfix,34852,OgreMain.dll!?_getCurrentSceneManager@Root@Ogre@@QBEPAVSceneManager@2@XZ+0x50,3,0.021,14304,20.002
fourteam_fire_postfix,34852,OgreMain.dll!??4GpuSharedParametersUsage@Ogre@@QAEAAV01@ABV01@@Z+0x27a2,3,0.021,14304,20.002
fourteam_fire_postfix,34852,OgreMain.dll!?isVisible@MovableObject@Ogre@@UBE_NXZ+0x4b,3,0.021,14304,20.002
fourteam_fire_postfix,34852,OgreMain.dll!?_setPass@SceneManager@Ogre@@UAEPBVPass@2@PBV32@_N1@Z+0x680,3,0.021,14304,20.002
fourteam_fire_postfix,34852,nvwgf2um.dll!OpenAdapter10+0x72c11,3,0.021,14304,20.002
fourteam_fire_postfix,34852,OgreMain.dll!?isShadowTechniqueModulative@SceneManager@Ogre@@UBE_NXZ+0x6,3,0.021,14304,20.002
fourteam_fire_postfix,34852,OgreMain.dll!?hasViewRelativeTextureCoordinateGeneration@TextureUnitState@Ogre@@QBE_NXZ+0xa,3,0.021,14304,20.002
fourteam_fire_postfix,34852,MSVCR120.dll!__libm_sse2_asinf+0x228,3,0.021,14304,20.002
fourteam_fire_postfix,34852,d3d11.dll+0x3137a,3,0.021,14304,20.002
fourteam_fire_postfix,34852,d3d11.dll!D3D11CoreCreateDevice+0x8a8b,3,0.021,14304,20.002
fourteam_fire_postfix,34852,OgreMain.dll!?transformAffine@AxisAlignedBox@Ogre@@QAEXABVMatrix4@2@@Z+0x1c4,3,0.021,14304,20.002
fourteam_fire_postfix,34852,OgreMain.dll!?getQueueGroup@RenderQueue@Ogre@@QAEPAVRenderQueueGroup@2@E@Z+0x52,3,0.021,14304,20.002
fourteam_fire_postfix,34852,OgreMain.dll!??4GpuSharedParametersUsage@Ogre@@QAEAAV01@ABV01@@Z+0x272a,3,0.021,14304,20.002
fourteam_fire_postfix,34852,OgreMain.dll!?getProjectionMatrix@AutoParamDataSource@Ogre@@UBEABVMatrix4@2@XZ+0x95,3,0.021,14304,20.002
fourteam_fire_postfix,34852,OgreMain.dll!?setSplitNoShadowPasses@RenderQueue@Ogre@@QAEX_N@Z+0x1e,3,0.021,14304,20.002
fourteam_fire_postfix,34852,OgreMain.dll!?updateRenderQueueSplitOptions@SceneManager@Ogre@@MAEXXZ+0xcb,3,0.021,14304,20.002
fourteam_fire_postfix,34852,d3d11.dll!CreateDirect3D11DeviceFromDXGIDevice+0xbae56,3,0.021,14304,20.002
fourteam_fire_postfix,34852,battlezone98redux.exe!sub_6cc9c0,3,0.021,14304,20.002
fourteam_fire_postfix,34852,d3d11.dll!CreateDirect3D11DeviceFromDXGIDevice+0xa21cf,3,0.021,14304,20.002
fourteam_fire_postfix,34852,RenderSystem_Direct3D11.dll!?_setVertexTexture@D3D11RenderSystem@Ogre@@UAEXIABV?$SharedPtr@VTexture@Ogre@@@2@@Z+0x19,3,0.021,14304,20.002
fourteam_fire_postfix,34852,OgreMain.dll!?renderSingleObject@SceneManager@Ogre@@MAEXPAVRenderable@2@PBVPass@2@_N2PBV?$HashedVector@PAVLight@Ogre@@@2@@Z+0x122,3,0.021,14304,20.002
fourteam_fire_postfix,34852,OgreMain.dll!?_findNamedConstantDefinition@GpuProgramParameters@Ogre@@QBEPBUGpuConstantDefinition@2@ABV?$basic_string@DU?$char_traits@D@std@@V?$allocator@D@2@@std@@_N@Z+0x30,3,0.021,14304,20.002
fourteam_fire_postfix,34852,MSVCR120.dll!__libm_sse2_asinf+0x78,3,0.021,14304,20.002
fourteam_fire_postfix,34852,RenderSystem_Direct3D11.dll!?_setPolygonMode@D3D11RenderSystem@Ogre@@UAEXW4PolygonMode@2@@Z+0x6,3,0.021,14304,20.002
fourteam_fire_postfix,34852,MSVCR120.dll!memcpy+0x6,3,0.021,14304,20.002
fourteam_fire_postfix,34852,win32u.dll!_NtGdiDdDDICheckMonitorPowerState@4+0xc,3,0.021,14304,20.002
fourteam_fire_postfix,34852,dxgi.dll!CompatString+0x2c08,3,0.021,14304,20.002
fourteam_fire_postfix,34852,nvwgf2um.dll!OpenAdapter10+0x726fe,3,0.021,14304,20.002
fourteam_fire_postfix,34852,OgreMain.dll!?getLightDirection@AutoParamDataSource@Ogre@@UBEABVVector3@2@I@Z,3,0.021,14304,20.002
fourteam_fire_postfix,34852,d3d11.dll!CreateDirect3D11DeviceFromDXGIDevice+0x9da1a,3,0.021,14304,20.002
fourteam_fire_postfix,34852,WINMM.dll@6ea10000!BZROpenShim::`anonymous namespace'::MaybeLogSatelliteVisibilitySample+0x32e,3,0.021,14304,20.002
fourteam_fire_postfix,34852,battlezone98redux.exe!sub_666700,3,0.021,14304,20.002
fourteam_fire_postfix,34852,RenderSystem_Direct3D11.dll!?_render@D3D11RenderSystem@Ogre@@UAEXABVRenderOperation@2@@Z+0xcab,3,0.021,14304,20.002
fourteam_fire_postfix,34852,nvwgf2um.dll!NVENCODEAPI_Thunk+0x21761a,3,0.021,14304,20.002
fourteam_fire_postfix,34852,MSVCR120.dll!memcpy+0x2,3,0.021,14304,20.002
fourteam_fire_postfix,34852,RenderSystem_Direct3D11.dll!?createImpl@D3D11GpuProgramManager@Ogre@@MAEPAVResource@2@ABV?$basic_string@DU?$char_traits@D@std@@V?$allocator@D@2@@std@@_K0_NPAVManualResourceLoader@2@W4GpuProgramType@2@0@Z+0x6127,3,0.021,14304,20.002
fourteam_fire_postfix,34852,battlezone98redux.exe!sub_6b2220,3,0.021,14304,20.002
fourteam_fire_postfix,34852,battlezone98redux.exe!sub_6b2130,3,0.021,14304,20.002
fourteam_fire_postfix,34852,OgreMain.dll!?_getTexturedRectangle2D@CompositorManager@Ogre@@QAEPAVRenderable@2@XZ+0x13e,3,0.021,14304,20.002
fourteam_fire_postfix,34852,OgreMain.dll!?deriveTextureRenderTargetOptions@CompositorInstance@Ogre@@AAEXABV?$basic_string@DU?$char_traits@D@std@@V?$allocator@D@2@@std@@PA_NPAIPAV34@@Z+0x876,3,0.021,14304,20.002
fourteam_fire_postfix,34852,ucrtbase.dll!_floor+0x1f,3,0.021,14304,20.002
fourteam_fire_postfix,34852,OgreMain.dll!?_updateAutoParams@GpuProgramParameters@Ogre@@QAEXPBVAutoParamDataSource@2@G@Z+0x2053,3,0.021,14304,20.002
fourteam_fire_postfix,34852,OgreMain.dll!?_setTextureUnitSettings@RenderSystem@Ogre@@UAEXIAAVTextureUnitState@2@@Z+0x15c,3,0.021,14304,20.002
fourteam_fire_postfix,34852,RenderSystem_Direct3D11.dll!?_setTesselationDomainTexture@D3D11RenderSystem@Ogre@@UAEXIABV?$SharedPtr@VTexture@Ogre@@@2@@Z+0x19,3,0.021,14304,20.002
fourteam_fire_postfix,34852,OgreMain.dll+0x7e50,3,0.021,14304,20.002
fourteam_fire_postfix,34852,d3d11.dll+0x313ba,3,0.021,14304,20.002
fourteam_fire_postfix,34852,OgreMain.dll!?updatePoint@RotationalSpline@Ogre@@QAEXGABVQuaternion@2@@Z+0x9d33,3,0.021,14304,20.002
fourteam_fire_postfix,34852,MSVCR120.dll!__libm_sse2_asinf+0x1db,3,0.021,14304,20.002
fourteam_fire_postfix,34852,OgreMain.dll!?createChild@Node@Ogre@@UAEPAV12@ABVVector3@2@ABVQuaternion@2@@Z+0x31,3,0.021,14304,20.002
fourteam_fire_postfix,34852,OgreMain.dll!?createSceneNodeImpl@SceneManager@Ogre@@MAEPAVSceneNode@2@XZ+0x49,3,0.021,14304,20.002
fourteam_fire_postfix,34852,OgreMain.dll!??4GpuSharedParametersUsage@Ogre@@QAEAAV01@ABV01@@Z+0x2721,3,0.021,14304,20.002
fourteam_fire_postfix,34852,OgreMain.dll!?getProjectionMatrix@AutoParamDataSource@Ogre@@UBEABVMatrix4@2@XZ+0x9b,3,0.021,14304,20.002
fourteam_fire_postfix,34852,battlezone98redux.exe!sub_462450,3,0.021,14304,20.002
fourteam_fire_postfix,34852,OgreMain.dll!?hasEdgeList@Entity@Ogre@@UAE_NXZ+0x13,3,0.021,14304,20.002
fourteam_fire_postfix,34852,OgreMain.dll!?waitForNextRequest@DefaultWorkQueue@Ogre@@MAEXXZ+0x11d872,3,0.021,14304,20.002
fourteam_fire_postfix,34852,d3d11.dll!CreateDirect3D11DeviceFromDXGIDevice+0xbd2e0,3,0.021,14304,20.002
fourteam_fire_postfix,34852,RenderSystem_Direct3D11.dll!?_render@D3D11RenderSystem@Ogre@@UAEXABVRenderOperation@2@@Z+0x21f,3,0.021,14304,20.002
fourteam_fire_postfix,34852,OgreMain.dll!?getSide@Plane@Ogre@@QBE?AW4Side@12@ABVVector3@2@0@Z+0x11,3,0.021,14304,20.002
fourteam_fire_postfix,34852,nvwgf2um.dll!SetDependencyInfo+0x378d1,3,0.021,14304,20.002
fourteam_fire_postfix,34852,d3d11.dll!CreateDirect3D11DeviceFromDXGIDevice+0xa20bf,3,0.021,14304,20.002
fourteam_fire_postfix,34852,OgreMain.dll+0x6c12,3,0.021,14304,20.002
fourteam_fire_postfix,34852,OgreMain.dll!?getWorldViewMatrix@AutoParamDataSource@Ogre@@UBEABVMatrix4@2@XZ+0x39,3,0.021,14304,20.002
fourteam_fire_postfix,34852,OgreMain.dll!?updatePoint@RotationalSpline@Ogre@@QAEXGABVQuaternion@2@@Z+0x1163,3,0.021,14304,20.002
fourteam_fire_postfix,34852,OgreMain.dll!?setCurrentPassIterationCount@RenderSystem@Ogre@@UAEXI@Z+0xd,3,0.021,14304,20.002
fourteam_fire_postfix,34852,OgreMain.dll!?getLodIndex@Mesh@Ogre@@QBEGM@Z+0x14,3,0.021,14304,20.002
fourteam_fire_postfix,34852,OgreMain.dll!?FastHash@Ogre@@YAIPBDHI@Z+0x44,3,0.021,14304,20.002
fourteam_fire_postfix,34852,OgreMain.dll!?updatePoint@RotationalSpline@Ogre@@QAEXGABVQuaternion@2@@Z+0x9d22,3,0.021,14304,20.002
fourteam_fire_postfix,34852,d3d11.dll!CreateDirect3D11DeviceFromDXGIDevice+0x9d953,3,0.021,14304,20.002
fourteam_fire_postfix,34852,RenderSystem_Direct3D11.dll!?_render@D3D11RenderSystem@Ogre@@UAEXABVRenderOperation@2@@Z+0x6e,3,0.021,14304,20.002
fourteam_fire_postfix,34852,OgreMain.dll!??4GpuSharedParametersUsage@Ogre@@QAEAAV01@ABV01@@Z+0x2732,3,0.021,14304,20.002
fourteam_fire_postfix,34852,OgreMain.dll!?setActiveScheme@MaterialManager@Ogre@@UAEXABV?$basic_string@DU?$char_traits@D@std@@V?$allocator@D@2@@std@@@Z+0x3c,3,0.021,14304,20.002
fourteam_fire_postfix,34852,ntdll.dll!_LdrpAddUnicodeStringToSnapsBuffer@4+0x25,3,0.021,14304,20.002
fourteam_fire_postfix,34852,ntdll.dll!_RtlAppendUnicodeStringToString@8+0x3e,3,0.021,14304,20.002
fourteam_fire_postfix,34852,d3d11.dll!CreateDirect3D11DeviceFromDXGIDevice+0xa204b,3,0.021,14304,20.002
fourteam_fire_postfix,34852,OgreMain.dll!?merge@AxisAlignedBox@Ogre@@QAEXABV12@@Z+0x6,3,0.021,14304,20.002
fourteam_fire_postfix,34852,KERNELBASE.dll!GetTickCount,3,0.021,14304,20.002
fourteam_fire_postfix,34852,OgreMain.dll!?isViewOutOfDate@Camera@Ogre@@MBE_NXZ+0x1,3,0.021,14304,20.002
fourteam_fire_postfix,34852,OgreMain.dll!??4GpuSharedParametersUsage@Ogre@@QAEAAV01@ABV01@@Z+0x2714,3,0.021,14304,20.002
fourteam_fire_postfix,34852,RenderSystem_Direct3D11.dll!?getMonitorSequentialNumberFromSwapChain@MonitorInfo@Ogre@@QAEGPAUIDXGISwapChain@@_N@Z+0x2f08,3,0.021,14304,20.002
fourteam_fire_postfix,34852,OgreMain.dll!?clone@Animation@Ogre@@QBEPAV12@ABV?$basic_string@DU?$char_traits@D@std@@V?$allocator@D@2@@std@@@Z+0x32d,3,0.021,14304,20.002
fourteam_fire_postfix,34852,KERNELBASE.dll!GetProcAddressForCaller+0x4d,3,0.021,14304,20.002
fourteam_fire_postfix,34852,KERNEL32.DLL!GetProcAddress+0x14,3,0.021,14304,20.002
fourteam_fire_postfix,34852,WINMM.dll@6ea10000!BZROpenShim::`anonymous namespace'::InstallMultiplayerFlagRenderHookIfPossible+0x106,3,0.021,14304,20.002
fourteam_fire_postfix,34852,WINMM.dll@6ea10000!BZROpenShim::`anonymous namespace'::LogArenaPointerFields+0xc3,3,0.021,14304,20.002
fourteam_fire_postfix,34852,OgreMain.dll!?updateGpuProgramParameters@SceneManager@Ogre@@MAEXPBVPass@2@@Z+0x5b,3,0.021,14304,20.002
fourteam_fire_postfix,34852,OgreMain.dll+0x3f7f6,3,0.021,14304,20.002
fourteam_fire_postfix,34852,OgreMain.dll!?acceptVisitorGrouped@QueuedRenderableCollection@Ogre@@IBEXPAVQueuedRenderableVisitor@2@@Z+0x65,3,0.021,14304,20.002
fourteam_fire_postfix,34852,OgreMain.dll!?updateFrustum@Frustum@Ogre@@MBEXXZ+0x1d,3,0.021,14304,20.002
fourteam_fire_postfix,34852,OgreMain.dll!?updatePoint@RotationalSpline@Ogre@@QAEXGABVQuaternion@2@@Z+0xa856,3,0.021,14304,20.002
fourteam_fire_postfix,34852,d3d11.dll+0x3164c,3,0.021,14304,20.002
fourteam_fire_postfix,34852,ntdll.dll!_RtlpLfhFindClearBitAndSet@16+0x13,3,0.021,14304,20.002
fourteam_fire_postfix,34852,KERNELBASE.dll!LoadLibraryExA+0x77,3,0.021,14304,20.002
fourteam_fire_postfix,34852,OgreMain.dll!?getLightAttenuation@AutoParamDataSource@Ogre@@UBE?AVVector4@2@I@Z+0x1b,3,0.021,14304,20.002
fourteam_fire_postfix,34852,OgreMain.dll!?_findNamedConstantDefinition@GpuProgramParameters@Ogre@@QBEPBUGpuConstantDefinition@2@ABV?$basic_string@DU?$char_traits@D@std@@V?$allocator@D@2@@std@@_N@Z+0xcf,3,0.021,14304,20.002
fourteam_fire_postfix,34852,OgreMain.dll!?_updateAutoParams@GpuProgramParameters@Ogre@@QAEXPBVAutoParamDataSource@2@G@Z+0x1,3,0.021,14304,20.002
fourteam_fire_postfix,34852,OgreMain.dll!?updatePoint@RotationalSpline@Ogre@@QAEXGABVQuaternion@2@@Z+0xb008,3,0.021,14304,20.002
fourteam_fire_postfix,34852,dxgi.dll!CompatString+0x4613,3,0.021,14304,20.002
fourteam_fire_postfix,34852,RenderSystem_Direct3D11.dll!?HasAutoMipMapGenerationEnabled@D3D11Texture@Ogre@@QBE_NXZ+0x276,3,0.021,14304,20.002
fourteam_fire_postfix,34852,battlezone98redux.exe!sub_4b6c80,3,0.021,14304,20.002
fourteam_fire_postfix,34852,battlezone98redux.exe!sub_4b6ef0,3,0.021,14304,20.002
fourteam_fire_postfix,34852,OgreMain.dll!?updateView@Frustum@Ogre@@MBEXXZ+0x1d,3,0.021,14304,20.002
fourteam_fire_postfix,34852,OgreMain.dll!?getHalfSize@AxisAlignedBox@Ogre@@QBE?AVVector3@2@XZ+0x66,3,0.021,14304,20.002
fourteam_fire_postfix,34852,battlezone98redux.exe!sub_4eb7e0,3,0.021,14304,20.002
fourteam_fire_postfix,34852,OgreMain.dll!?getLightSpecularColourWithPower@AutoParamDataSource@Ogre@@UBE?BVColourValue@2@I@Z+0xd,3,0.021,14304,20.002
fourteam_fire_postfix,34852,OgreMain.dll!?createTechnique@Material@Ogre@@QAEPAVTechnique@2@XZ+0xa35,3,0.021,14304,20.002
fourteam_fire_postfix,34852,OgreMain.dll!?_getCurrentSceneManager@Root@Ogre@@QBEPAVSceneManager@2@XZ+0x25,3,0.021,14304,20.002
fourteam_fire_postfix,34852,OgreMain.dll!?_updateAutoParams@GpuProgramParameters@Ogre@@QAEXPBVAutoParamDataSource@2@G@Z+0x1bac,3,0.021,14304,20.002
fourteam_fire_postfix,34852,OgreMain.dll!?touchVertexBufferCopy@HardwareBufferManagerBase@Ogre@@UAEXABVHardwareVertexBufferSharedPtr@2@@Z+0x43,3,0.021,14304,20.002
fourteam_fire_postfix,34852,ntdll.dll!_ZwClose@4+0xc,3,0.021,14304,20.002
fourteam_fire_postfix,34852,OgreMain.dll+0x29ed8,3,0.021,14304,20.002
fourteam_fire_postfix,34852,OgreMain.dll!?updateGpuProgramParameters@SceneManager@Ogre@@MAEXPBVPass@2@@Z+0xd3,3,0.021,14304,20.002
fourteam_fire_postfix,34852,OgreMain.dll!?transformAffine@AxisAlignedBox@Ogre@@QAEXABVMatrix4@2@@Z+0xfb,3,0.021,14304,20.002
fourteam_fire_postfix,34852,d3d11.dll!D3D11CoreCreateLayeredDevice+0x13092,3,0.021,14304,20.002
fourteam_fire_postfix,34852,battlezone98redux.exe!allocate,3,0.021,14304,20.002
fourteam_fire_postfix,34852,battlezone98redux.exe!sub_438ce0,3,0.021,14304,20.002
fourteam_fire_postfix,34852,OgreMain.dll!?_updateAutoParams@GpuProgramParameters@Ogre@@QAEXPBVAutoParamDataSource@2@G@Z+0x1a7f,3,0.021,14304,20.002
fourteam_fire_postfix,34852,OgreMain.dll!?determinant@Matrix4@Ogre@@QBEMXZ+0xc3,3,0.021,14304,20.002
fourteam_fire_postfix,34852,OgreMain.dll!?createTechnique@Material@Ogre@@QAEPAVTechnique@2@XZ+0xa23,3,0.021,14304,20.002
fourteam_fire_postfix,34852,RenderSystem_Direct3D11.dll!?_render@D3D11RenderSystem@Ogre@@UAEXABVRenderOperation@2@@Z+0x65e,3,0.021,14304,20.002
fourteam_fire_postfix,34852,OgreMain.dll!?renderSingleObject@SceneManager@Ogre@@MAEXPAVRenderable@2@PBVPass@2@_N2PBV?$HashedVector@PAVLight@Ogre@@@2@@Z+0x28e,3,0.021,14304,20.002
fourteam_fire_postfix,34852,battlezone98redux.exe!sub_723810,3,0.021,14304,20.002
fourteam_fire_postfix,34852,battlezone98redux.exe!sub_717840,3,0.021,14304,20.002
fourteam_fire_postfix,34852,battlezone98redux.exe!FID_conflict:operator-,3,0.021,14304,20.002
fourteam_fire_postfix,34852,KERNELBASE.dll!GetSystemInfo+0x4a,3,0.021,14304,20.002
fourteam_fire_postfix,34852,OgreMain.dll!?getIndex@DistanceLodStrategyBase@Ogre@@UBEGMABV?$vector@UMeshLodUsage@Ogre@@V?$STLAllocator@UMeshLodUsage@Ogre@@V?$CategorisedAllocPolicy@$0A@@2@@2@@std@@@Z+0x16,3,0.021,14304,20.002
fourteam_fire_postfix,34852,OgreMain.dll!?isInLightRange@Light@Ogre@@QBE_NABVSphere@2@@Z+0x7b,3,0.021,14304,20.002
fourteam_fire_postfix,34852,KERNEL32.DLL!BaseDllReadWriteIniFile+0x2a8,3,0.021,14304,20.002
fourteam_fire_postfix,34852,ntdll.dll!_strlen+0x32,3,0.021,14304,20.002
fourteam_fire_postfix,34852,OgreMain.dll!?getDistance@Plane@Ogre@@QBEMABVVector3@2@@Z+0x6,3,0.021,14304,20.002
fourteam_fire_postfix,34852,d3d11.dll!CreateDirect3D11DeviceFromDXGIDevice+0x9da45,3,0.021,14304,20.002
fourteam_fire_postfix,34852,nvwgf2um.dll!SetDependencyInfo+0x4b369,3,0.021,14304,20.002
fourteam_fire_postfix,34852,nvwgf2um.dll!NVENCODEAPI_Thunk+0x43039,3,0.021,14304,20.002
fourteam_fire_postfix,34852,MSVCR120.dll!__libm_sse2_acosf+0x97,3,0.021,14304,20.002
fourteam_fire_postfix,34852,d3d11.dll!D3D11CoreCreateDevice+0x9768,3,0.021,14304,20.002
fourteam_fire_postfix,34852,OgreMain.dll!?clear@RenderPriorityGroup@Ogre@@QAEXXZ+0x3d,3,0.021,14304,20.002
fourteam_fire_postfix,34852,OgreMain.dll!?_calcTempSquareDist@Light@Ogre@@QAEXABVVector3@2@@Z+0x2c,3,0.021,14304,20.002
fourteam_fire_postfix,34852,MSVCR120.dll!__libm_sse2_acosf+0x16f,3,0.021,14304,20.002
fourteam_fire_postfix,34852,RenderSystem_Direct3D11.dll!?getMonitorSequentialNumberFromSwapChain@MonitorInfo@Ogre@@QAEGPAUIDXGISwapChain@@_N@Z+0x2f17,3,0.021,14304,20.002
fourteam_fire_postfix,34852,OgreMain.dll!?_updateAutoParams@GpuProgramParameters@Ogre@@QAEXPBVAutoParamDataSource@2@G@Z+0x1e5c,3,0.021,14304,20.002
fourteam_fire_postfix,34852,RenderSystem_Direct3D11.dll!?_render@D3D11RenderSystem@Ogre@@UAEXABVRenderOperation@2@@Z+0x225,3,0.021,14304,20.002
fourteam_fire_postfix,34852,OgreMain.dll+0x19a56,3,0.021,14304,20.002
fourteam_fire_postfix,34852,battlezone98redux.exe!sub_417460,3,0.021,14304,20.002
fourteam_fire_postfix,34852,battlezone98redux.exe!allocator<char>,3,0.021,14304,20.002
fourteam_fire_postfix,34852,ntdll.dll!_RtlAllocateHeap@12+0x51,3,0.021,14304,20.002
fourteam_fire_postfix,34852,MSVCR120.dll!??2@YAPAXI@Z+0xbf,3,0.021,14304,20.002
fourteam_fire_postfix,34852,OgreMain.dll!?renderSingleObject@SceneManager@Ogre@@MAEXPAVRenderable@2@PBVPass@2@_N2PBV?$HashedVector@PAVLight@Ogre@@@2@@Z+0x989,3,0.021,14304,20.002
fourteam_fire_postfix,34852,OgreMain.dll!?determinant@Matrix4@Ogre@@QBEMXZ+0x8b,3,0.021,14304,20.002
fourteam_fire_postfix,34852,d3d11.dll!D3D11CoreCreateDevice+0x1d20d,3,0.021,14304,20.002
fourteam_fire_postfix,34852,MSVCR120.dll!memcpy+0x20,3,0.021,14304,20.002
fourteam_fire_postfix,34852,RenderSystem_Direct3D11.dll!?uninstall@D3D11Plugin@Ogre@@UAEXXZ+0x6224,3,0.021,14304,20.002
fourteam_fire_postfix,34852,OgreMain.dll!?_populateLightList@SceneManager@Ogre@@UAEXABVVector3@2@MAAV?$HashedVector@PAVLight@Ogre@@@2@I@Z+0x2bb,3,0.021,14304,20.002
fourteam_fire_postfix,34852,battlezone98redux.exe!sub_6f0e50,3,0.021,14304,20.002
fourteam_fire_postfix,34852,battlezone98redux.exe!sub_416410,3,0.021,14304,20.002
fourteam_fire_postfix,34852,battlezone98redux.exe!sub_6fc6b0,3,0.021,14304,20.002
fourteam_fire_postfix,34852,d3d11.dll!D3D11CoreCreateDevice+0xe002,3,0.021,14304,20.002
fourteam_fire_postfix,34852,d3d11.dll!D3D11CoreCreateDevice+0x1d567,3,0.021,14304,20.002
fourteam_fire_postfix,34852,OgreMain.dll!?findLightsAffectingFrustum@SceneManager@Ogre@@MAEXPBVCamera@2@@Z+0xa2,3,0.021,14304,20.002
fourteam_fire_postfix,34852,OgreMain.dll!?clone@Animation@Ogre@@QBEPAV12@ABV?$basic_string@DU?$char_traits@D@std@@V?$allocator@D@2@@std@@@Z+0x2c3,3,0.021,14304,20.002
fourteam_fire_postfix,34852,nvwgf2um.dll!SetDependencyInfo+0x4af22,3,0.021,14304,20.002
fourteam_fire_postfix,34852,OgreMain.dll!?createTechnique@Material@Ogre@@QAEPAVTechnique@2@XZ+0xa16,3,0.021,14304,20.002
fourteam_fire_postfix,34852,d3d11.dll+0x35ebe,3,0.021,14304,20.002
fourteam_fire_postfix,34852,OgreMain.dll!?isInLightRange@Light@Ogre@@QBE_NABVSphere@2@@Z+0xfc,3,0.021,14304,20.002
fourteam_fire_postfix,34852,MSVCR120.dll!__libm_sse2_acosf+0x1e7,3,0.021,14304,20.002
fourteam_fire_postfix,34852,OgreMain.dll!?_releaseBufferCopies@HardwareBufferManagerBase@Ogre@@UAEX_N@Z+0x98,3,0.021,14304,20.002
fourteam_fire_postfix,34852,OgreMain.dll!?waitForNextRequest@DefaultWorkQueue@Ogre@@MAEXXZ+0x11ce58,3,0.021,14304,20.002
fourteam_fire_postfix,34852,OgreMain.dll!?renderSingleObject@SceneManager@Ogre@@MAEXPAVRenderable@2@PBVPass@2@_N2PBV?$HashedVector@PAVLight@Ogre@@@2@@Z+0x40,3,0.021,14304,20.002
fourteam_fire_postfix,34852,nvwgf2um.dll!SetDependencyInfo+0x4b327,3,0.021,14304,20.002
fourteam_fire_postfix,34852,OgreMain.dll!??0FocusedShadowCameraSetup@Ogre@@QAE@XZ+0xc1,3,0.021,14304,20.002
fourteam_fire_postfix,34852,OgreMain.dll!??0Camera@Ogre@@QAE@ABV?$basic_string@DU?$char_traits@D@std@@V?$allocator@D@2@@std@@PAVSceneManager@1@@Z+0x31,3,0.021,14304,20.002
fourteam_fire_postfix,34852,ntdll.dll!_RtlpFreeNTHeapInternal@12+0x6b5,3,0.021,14304,20.002
fourteam_fire_postfix,34852,OgreMain.dll!?renderSingleObject@SceneManager@Ogre@@MAEXPAVRenderable@2@PBVPass@2@_N2PBV?$HashedVector@PAVLight@Ogre@@@2@@Z+0x17b,3,0.021,14304,20.002
fourteam_fire_postfix,34852,d3d11.dll!CreateDirect3D11DeviceFromDXGIDevice+0x9f255,3,0.021,14304,20.002
fourteam_fire_postfix,34852,OgreMain.dll!?createMovableObject@SceneManager@Ogre@@UAEPAVMovableObject@2@ABV?$basic_string@DU?$char_traits@D@std@@V?$allocator@D@2@@std@@0PBV?$map@V?$basic_string@DU?$char_traits@D@std@@V?$allocator@D@2@@std@@V12@U?$less@V?$basic_string@DU?$char_traits@D@std@@V?$allocator@D@2@@std@@@2@V?$STLAllocator@U?$pair@$$CBV?$basic_string@DU?$char_traits@D@std@@V?$allocator@D@2@@std@@V12@@std@@V?$CategorisedAllocPolicy@$0A@@Ogre@@@Ogre@@@5@@Z+0xfc,3,0.021,14304,20.002
fourteam_fire_postfix,34852,OgreMain.dll!?isInLightRange@Light@Ogre@@QBE_NABVSphere@2@@Z+0x10f,3,0.021,14304,20.002
fourteam_fire_postfix,34852,d3d11.dll!CreateDirect3D11DeviceFromDXGIDevice+0xbda32,3,0.021,14304,20.002
fourteam_fire_postfix,34852,OgreMain.dll!?getSide@Plane@Ogre@@QBE?AW4Side@12@ABVVector3@2@0@Z+0x1,3,0.021,14304,20.002
fourteam_fire_postfix,34852,OgreMain.dll!?fireViewportPostUpdate@RenderTarget@Ogre@@MAEXPAVViewport@2@@Z+0x3b,3,0.021,14304,20.002
fourteam_fire_postfix,34852,battlezone98redux.exe!sub_4badc0,3,0.021,14304,20.002
fourteam_fire_postfix,34852,battlezone98redux.exe!sub_6637a0,3,0.021,14304,20.002
fourteam_fire_postfix,34852,OgreMain.dll!?_updateViewport@RenderTarget@Ogre@@UAEXPAVViewport@2@_N@Z+0x3f,3,0.021,14304,20.002
fourteam_fire_postfix,34852,d3d11.dll!CreateDirect3D11DeviceFromDXGIDevice+0xa17a7,3,0.021,14304,20.002
fourteam_fire_postfix,34852,OgreMain.dll!?RealEqual@Math@Ogre@@SA_NMMM@Z+0x3,3,0.021,14304,20.002
fourteam_fire_postfix,34852,MSVCR120.dll!__libm_sse2_asinf+0x210,3,0.021,14304,20.002
fourteam_fire_postfix,34852,MSVCR120.dll!wcschr+0xe7,3,0.021,14304,20.002
fourteam_fire_postfix,34852,OgreMain.dll!?_detectImplementation@OptimisedUtil@Ogre@@KAPAV12@XZ+0x44ae,3,0.021,14304,20.002
fourteam_fire_postfix,34852,OgreMain.dll!?_updateAutoParams@GpuProgramParameters@Ogre@@QAEXPBVAutoParamDataSource@2@G@Z+0x4a,3,0.021,14304,20.002
fourteam_fire_postfix,34852,OgreMain.dll!?transformAffine@AxisAlignedBox@Ogre@@QAEXABVMatrix4@2@@Z+0xd5,3,0.021,14304,20.002
fourteam_fire_postfix,34852,OgreMain.dll!??1QueuedRenderableCollection@Ogre@@QAE@XZ+0xb16,3,0.021,14304,20.002
fourteam_fire_postfix,34852,MSVCR120.dll!__libm_sse2_acosf+0x18e,3,0.021,14304,20.002
fourteam_fire_postfix,34852,OgreMain.dll!?_notifyCurrentCamera@Entity@Ogre@@UAEXPAVCamera@2@@Z+0x1fa,3,0.021,14304,20.002
fourteam_fire_postfix,34852,WINMM.dll@6ea10000!BZROpenShim::`anonymous namespace'::TryGetGameObjectHeadlight+0x81,3,0.021,14304,20.002
fourteam_fire_postfix,34852,OgreMain.dll!?_populateLightList@SceneManager@Ogre@@UAEXABVVector3@2@MAAV?$HashedVector@PAVLight@Ogre@@@2@I@Z+0x92,3,0.021,14304,20.002
fourteam_fire_postfix,34852,OgreMain.dll!?getTextureUnitStateIterator@Pass@Ogre@@QBE?AV?$ConstVectorIterator@V?$vector@PAVTextureUnitState@Ogre@@V?$STLAllocator@PAVTextureUnitState@Ogre@@V?$CategorisedAllocPolicy@$0A@@2@@2@@std@@@2@XZ+0x6,3,0.021,14304,20.002
fourteam_fire_postfix,34852,battlezone98redux.exe!compare,3,0.021,14304,20.002
fourteam_fire_postfix,34852,OgreMain.dll!?isFrustumOutOfDate@Frustum@Ogre@@MBE_NXZ+0x1,3,0.021,14304,20.002
fourteam_fire_postfix,34852,OgreMain.dll!?normalise@Quaternion@Ogre@@QAEMXZ+0x20,3,0.021,14304,20.002
fourteam_fire_postfix,34852,MSVCR120.dll!__libm_sse2_acosf+0x265,3,0.021,14304,20.002
fourteam_fire_postfix,34852,d3d11.dll!CreateDirect3D11DeviceFromDXGIDevice+0x9f715,3,0.021,14304,20.002
fourteam_fire_postfix,34852,OgreMain.dll!?RealEqual@Math@Ogre@@SA_NMMM@Z+0x1,3,0.021,14304,20.002
fourteam_fire_postfix,34852,OgreMain.dll!?_getCurrentSceneManager@Root@Ogre@@QBEPAVSceneManager@2@XZ+0x4d,3,0.021,14304,20.002
fourteam_fire_postfix,34852,OgreMain.dll!?getUseIdentityProjection@Renderable@Ogre@@QBE_NXZ+0x3,3,0.021,14304,20.002
fourteam_fire_postfix,34852,d3d11.dll+0x30dcc,3,0.021,14304,20.002
fourteam_fire_postfix,34852,OgreMain.dll!?isInLightRange@Light@Ogre@@QBE_NABVSphere@2@@Z+0x80,3,0.021,14304,20.002
fourteam_fire_postfix,34852,battlezone98redux.exe!sub_43d0c0,3,0.021,14304,20.002
fourteam_fire_postfix,34852,MSVCR120.dll!__libm_sse2_acosf+0xa2,3,0.021,14304,20.002
fourteam_fire_postfix,34852,OgreMain.dll!?findAndEraseEdgePair@ConvexBody@Ogre@@IBE_NABVVector3@2@AAV?$multimap@VVector3@Ogre@@V12@U?$less@VVector3@Ogre@@@std@@V?$STLAllocator@U?$pair@$$CBVVector3@Ogre@@V12@@std@@V?$CategorisedAllocPolicy@$0A@@Ogre@@@2@@std@@AAV32@@Z+0x19b,3,0.021,14304,20.002
fourteam_fire_postfix,34852,OgreMain.dll!??4GpuSharedParametersUsage@Ogre@@QAEAAV01@ABV01@@Z+0x2754,3,0.021,14304,20.002
fourteam_fire_postfix,34852,battlezone98redux.exe!sub_45c490,3,0.021,14304,20.002
fourteam_fire_postfix,34852,OgreMain.dll!?_detectImplementation@OptimisedUtil@Ogre@@KAPAV12@XZ+0x468d,3,0.021,14304,20.002
fourteam_fire_postfix,34852,OgreMain.dll!??1FocusedShadowCameraSetup@Ogre@@UAE@XZ+0x50,3,0.021,14304,20.002
fourteam_fire_postfix,34852,OgreMain.dll!??1Camera@Ogre@@UAE@XZ+0x131,3,0.021,14304,20.002
fourteam_fire_postfix,34852,OgreMain.dll!??9Quaternion@Ogre@@QBE_NABV01@@Z+0x1e2,3,0.021,14304,20.002
fourteam_fire_postfix,34852,d3d11.dll!CreateDirect3D11DeviceFromDXGIDevice+0xa572a,3,0.021,14304,20.002
fourteam_fire_postfix,34852,OgreMain.dll!?getLightAttenuation@AutoParamDataSource@Ogre@@UBE?AVVector4@2@I@Z+0xf,3,0.021,14304,20.002
fourteam_fire_postfix,34852,OgreMain.dll!?cacheBoneMatrices@Entity@Ogre@@IAE_NXZ+0x71,3,0.021,14304,20.002
fourteam_fire_postfix,34852,OgreMain.dll!?_getBoneMatrices@Skeleton@Ogre@@UAEXPAVMatrix4@2@@Z+0x48,3,0.021,14304,20.002
fourteam_fire_postfix,34852,battlezone98redux.exe!sub_6be2c0,3,0.021,14304,20.002
fourteam_fire_postfix,34852,OgreMain.dll!?_findVisibleObjects@SceneNode@Ogre@@UAEXPAVCamera@2@PAVRenderQueue@2@PAUVisibleObjectsBoundsInfo@2@_N33@Z,3,0.021,14304,20.002
fourteam_fire_postfix,34852,d3d11.dll+0x2afc1,3,0.021,14304,20.002
fourteam_fire_postfix,34852,"WINMM.dll@6ea10000!std::_Sort_unchecked<BZROpenShim::`anonymous namespace'::DynamicGeometryTopSample *,`BZROpenShim::A0xa90b081b::ReportDynamicGeometryContributors'::`2'::<lambda_1> >+0x10a",3,0.021,14304,20.002
fourteam_fire_postfix,34852,OgreMain.dll!?_detectImplementation@OptimisedUtil@Ogre@@KAPAV12@XZ+0x46ba,3,0.021,14304,20.002
fourteam_fire_postfix,34852,OgreMain.dll!?getWorldBoundingBox@Entity@Ogre@@UBEABVAxisAlignedBox@2@_N@Z,3,0.021,14304,20.002
fourteam_fire_postfix,34852,battlezone98redux.exe!sub_82c4a6,3,0.021,14304,20.002
fourteam_fire_postfix,34852,d3d11.dll!CreateDirect3D11DeviceFromDXGIDevice+0x9f9c1,3,0.021,14304,20.002
fourteam_fire_postfix,34852,MSVCR120.dll!log2+0xa7,3,0.021,14304,20.002
fourteam_fire_postfix,34852,RenderSystem_Direct3D11.dll!?setVertexBufferBinding@D3D11RenderSystem@Ogre@@UAEXPAVVertexBufferBinding@2@@Z+0xcd,3,0.021,14304,20.002
fourteam_fire_postfix,34852,OgreMain.dll!?ASin@Math@Ogre@@SA?AVRadian@2@M@Z+0x1e,3,0.021,14304,20.002
fourteam_fire_postfix,34852,OgreMain.dll!?updatePoint@RotationalSpline@Ogre@@QAEXGABVQuaternion@2@@Z+0x9d4e,3,0.021,14304,20.002
fourteam_fire_postfix,34852,d3d11.dll+0x31c9e,3,0.021,14304,20.002
fourteam_fire_postfix,34852,d3d11.dll!CreateDirect3D11DeviceFromDXGIDevice+0x9df86,3,0.021,14304,20.002
fourteam_fire_postfix,34852,d3d11.dll!CreateDirect3D11DeviceFromDXGIDevice+0xbc591,3,0.021,14304,20.002
fourteam_fire_postfix,34852,OgreMain.dll!?updatePoint@RotationalSpline@Ogre@@QAEXGABVQuaternion@2@@Z+0x9d69,3,0.021,14304,20.002
fourteam_fire_postfix,34852,OgreMain.dll!?getProgram@Pass@Ogre@@IBEABV?$SharedPtr@VGpuProgram@Ogre@@@2@PBQAVGpuProgramUsage@2@@Z+0x1,3,0.021,14304,20.002
fourteam_fire_postfix,34852,OgreMain.dll!?useLightsGpuProgram@SceneManager@Ogre@@MAEXPBVPass@2@PBV?$HashedVector@PAVLight@Ogre@@@2@@Z+0xe,3,0.021,14304,20.002
fourteam_fire_postfix,34852,nvwgf2um.dll!SetDependencyInfo+0x581eb,3,0.021,14304,20.002
fourteam_fire_postfix,34852,RenderSystem_Direct3D11.dll!?_setRenderTargetViews@D3D11RenderSystem@Ogre@@IAEXXZ+0x7e,3,0.021,14304,20.002
fourteam_fire_postfix,34852,OgreMain.dll+0x1f7f3,3,0.021,14304,20.002
fourteam_fire_postfix,34852,battlezone98redux.exe!sub_443370,3,0.021,14304,20.002
fourteam_fire_postfix,34852,OgreMain.dll!?updateFrustumPlanes@Frustum@Ogre@@MBEXXZ,3,0.021,14304,20.002
fourteam_fire_postfix,34852,battlezone98redux.exe!deallocate,3,0.021,14304,20.002
fourteam_fire_postfix,34852,d3d11.dll!CreateDirect3D11DeviceFromDXGIDevice+0xbae12,3,0.021,14304,20.002
fourteam_fire_postfix,34852,RenderSystem_Direct3D11.dll!?throwIfFailed@D3D11Device@Ogre@@QAEXPBD0@Z+0x2de,3,0.021,14304,20.002
fourteam_fire_postfix,34852,RenderSystem_Direct3D11.dll!?getCustomAttribute@D3D11RenderTexture@Ogre@@UAEXABV?$basic_string@DU?$char_traits@D@std@@V?$allocator@D@2@@std@@PAX@Z+0x128,3,0.021,14304,20.002
fourteam_fire_postfix,34852,OgreMain.dll+0xf5ce,3,0.021,14304,20.002
fourteam_fire_postfix,34852,battlezone98redux.exe!sub_4462d0,3,0.021,14304,20.002
fourteam_fire_postfix,34852,OgreMain.dll!?getWorldViewProjMatrix@AutoParamDataSource@Ogre@@UBEABVMatrix4@2@XZ+0x38a,3,0.021,14304,20.002
fourteam_fire_postfix,34852,battlezone98redux.exe!sub_44d520,3,0.021,14304,20.002
fourteam_fire_postfix,34852,ntdll.dll!RtlDispatchException+0x67,3,0.021,14304,20.002
fourteam_fire_postfix,34852,OgreMain.dll+0x2f8e2,3,0.021,14304,20.002
fourteam_fire_postfix,34852,OgreMain.dll!?normalise@Quaternion@Ogre@@QAEMXZ+0x3a,3,0.021,14304,20.002
fourteam_fire_postfix,34852,d3d11.dll!CreateDirect3D11DeviceFromDXGIDevice+0xbbe1e,3,0.021,14304,20.002
fourteam_fire_postfix,34852,OgreMain.dll!?addSolidRenderable@RenderPriorityGroup@Ogre@@IAEXPAVTechnique@2@PAVRenderable@2@_N@Z+0x19,3,0.021,14304,20.002
fourteam_fire_postfix,34852,MSVCP120.dll!??0?$basic_iostream@DU?$char_traits@D@std@@@std@@QAE@PAV?$basic_streambuf@DU?$char_traits@D@std@@@1@@Z+0x45,3,0.021,14304,20.002
fourteam_fire_postfix,34852,MSVCP120.dll!??0?$basic_istream@DU?$char_traits@D@std@@@std@@QAE@PAV?$basic_streambuf@DU?$char_traits@D@std@@@1@_N@Z+0x62,3,0.021,14304,20.002
fourteam_fire_postfix,34852,OgreMain.dll!?getSpotlightParams@AutoParamDataSource@Ogre@@UBE?AVVector4@2@I@Z+0xf,3,0.021,14304,20.002
fourteam_fire_postfix,34852,KERNEL32.DLL!FlsGetValue+0x1d,3,0.021,14304,20.002
fourteam_fire_postfix,34852,OgreMain.dll!?transformAffine@AxisAlignedBox@Ogre@@QAEXABVMatrix4@2@@Z+0x8a,3,0.021,14304,20.002
fourteam_fire_postfix,34852,OgreMain.dll!?clone@Animation@Ogre@@QBEPAV12@ABV?$basic_string@DU?$char_traits@D@std@@V?$allocator@D@2@@std@@@Z+0x2ef,3,0.021,14304,20.002
fourteam_fire_postfix,34852,OgreMain.dll!?_updateAutoParams@GpuProgramParameters@Ogre@@QAEXPBVAutoParamDataSource@2@G@Z+0x1b03,3,0.021,14304,20.002
fourteam_fire_postfix,34852,USER32.dll!GetCurrentMonitorTopologyId+0x5dfe,3,0.021,14304,20.002
fourteam_fire_postfix,34852,USER32.dll!GetNextDlgTabItem+0x538,3,0.021,14304,20.002
fourteam_fire_postfix,34852,MSVCR120.dll!floor+0x3e,3,0.021,14304,20.002
fourteam_fire_postfix,34852,OgreMain.dll+0x1481c,3,0.021,14304,20.002
fourteam_fire_postfix,34852,OgreMain.dll!??4WindowEventUtilities@Ogre@@QAEAAV01@ABV01@@Z+0xa6e,3,0.021,14304,20.002
fourteam_fire_postfix,34852,OgreMain.dll!?setValue@AnimableValue@Ogre@@UAEXABVAny@2@@Z+0x336,3,0.021,14304,20.002
fourteam_fire_postfix,34852,battlezone98redux.exe!sub_427270,3,0.021,14304,20.002
fourteam_fire_postfix,34852,OgreMain.dll!?getBoundingBox@Entity@Ogre@@UBEABVAxisAlignedBox@2@XZ+0x8ee,3,0.021,14304,20.002
fourteam_fire_postfix,34852,OgreMain.dll!?createInstanceImpl@EntityFactory@Ogre@@MAEPAVMovableObject@2@ABV?$basic_string@DU?$char_traits@D@std@@V?$allocator@D@2@@std@@PBV?$map@V?$basic_string@DU?$char_traits@D@std@@V?$allocator@D@2@@std@@V12@U?$less@V?$basic_string@DU?$char_traits@D@std@@V?$allocator@D@2@@std@@@2@V?$STLAllocator@U?$pair@$$CBV?$basic_string@DU?$char_traits@D@std@@V?$allocator@D@2@@std@@V12@@std@@V?$CategorisedAllocPolicy@$0A@@Ogre@@@Ogre@@@5@@Z+0x30d,3,0.021,14304,20.002
fourteam_fire_postfix,34852,d3d11.dll!CreateDirect3D11DeviceFromDXGIDevice+0xa56d0,3,0.021,14304,20.002
fourteam_fire_postfix,34852,OgreMain.dll!?getWorldViewProjMatrix@AutoParamDataSource@Ogre@@UBEABVMatrix4@2@XZ+0x134,3,0.021,14304,20.002
fourteam_fire_postfix,34852,MSVCR120.dll!log2+0xdd,3,0.021,14304,20.002
fourteam_fire_postfix,34852,RenderSystem_Direct3D11.dll!?getD3DVertexBuffer@D3D11HardwareVertexBuffer@Ogre@@QBEPAUID3D11Buffer@@XZ+0x3,3,0.021,14304,20.002
fourteam_fire_postfix,34852,OgreMain.dll!?addSolidRenderable@RenderPriorityGroup@Ogre@@IAEXPAVTechnique@2@PAVRenderable@2@_N@Z+0x45,3,0.021,14304,20.002
fourteam_fire_postfix,34852,d3d11.dll!CreateDirect3D11DeviceFromDXGIDevice+0x603c0,3,0.021,14304,20.002
fourteam_fire_postfix,34852,OgreMain.dll!?update@Light@Ogre@@MBEXXZ+0x132,3,0.021,14304,20.002
fourteam_fire_postfix,34852,OgreMain.dll!?hasScale@Matrix4@Ogre@@QBE_NXZ+0x18,3,0.021,14304,20.002
fourteam_fire_postfix,34852,dxgi.dll!DXGID3D10CreateDevice+0x397f,3,0.021,14304,20.002
fourteam_fire_postfix,34852,OgreMain.dll!??4GpuSharedParametersUsage@Ogre@@QAEAAV01@ABV01@@Z+0x2711,3,0.021,14304,20.002
fourteam_fire_postfix,34852,OgreMain.dll!?detachAllObjects@SceneNode@Ogre@@UAEXXZ+0x7a,3,0.021,14304,20.002
fourteam_fire_postfix,34852,OgreMain.dll!?getUseIdentityView@Renderable@Ogre@@QBE_NXZ,3,0.021,14304,20.002
fourteam_fire_postfix,34852,OgreMain.dll!?setVisible@MovableObject@Ogre@@UAEX_N@Z+0x9,3,0.021,14304,20.002
fourteam_fire_postfix,34852,d3d11.dll!CreateDirect3D11DeviceFromDXGIDevice+0xbae29,3,0.021,14304,20.002
fourteam_fire_postfix,34852,WINMM.dll@6ea10000!BZROpenShim::`anonymous namespace'::TryGetGameObjectHeadlight+0x82,3,0.021,14304,20.002
fourteam_fire_postfix,34852,OgreMain.dll!?FastHash@Ogre@@YAIPBDHI@Z+0xa5,3,0.021,14304,20.002
fourteam_fire_postfix,34852,d3d11.dll!CreateDirect3D11DeviceFromDXGIDevice+0xbc657,3,0.021,14304,20.002
fourteam_fire_postfix,34852,OgreMain.dll!?renderSingleObject@SceneManager@Ogre@@MAEXPAVRenderable@2@PBVPass@2@_N2PBV?$HashedVector@PAVLight@Ogre@@@2@@Z+0x8b9,3,0.021,14304,20.002
fourteam_fire_postfix,34852,battlezone98redux.exe!sub_692e70,3,0.021,14304,20.002
fourteam_fire_postfix,34852,nvwgf2um.dll!SetDependencyInfo+0x4b1ac,3,0.021,14304,20.002
fourteam_fire_postfix,34852,OgreMain.dll!?getLodIndex@Material@Ogre@@QBEGM@Z+0x9,3,0.021,14304,20.002
fourteam_fire_postfix,34852,d3d11.dll+0x2b4d4,3,0.021,14304,20.002
fourteam_fire_postfix,34852,d3d11.dll!CreateDirect3D11DeviceFromDXGIDevice+0xa08d4,3,0.021,14304,20.002
fourteam_fire_postfix,34852,OgreMain.dll!?_findVisibleObjects@SceneNode@Ogre@@UAEXPAVCamera@2@PAVRenderQueue@2@PAUVisibleObjectsBoundsInfo@2@_N33@Z+0x68,3,0.021,14304,20.002
fourteam_fire_postfix,34852,d3d11.dll!CreateDirect3D11DeviceFromDXGIDevice+0xbc59b,3,0.021,14304,20.002
fourteam_fire_postfix,34852,battlezone98redux.exe!sub_447e20,3,0.021,14304,20.002
fourteam_fire_postfix,34852,RenderSystem_Direct3D11.dll!?lockImpl@D3D11HardwareBuffer@Ogre@@MAEPAXIIW4LockOptions@HardwareBuffer@2@@Z+0x250,3,0.021,14304,20.002
fourteam_fire_postfix,34852,OgreMain.dll!?angleBetween@Vector3@Ogre@@QBE?AVRadian@2@ABV12@@Z+0xba,3,0.021,14304,20.002
fourteam_fire_postfix,34852,ntdll.dll!_ZwRemoveIoCompletion@20+0xc,3,0.021,14304,20.002
fourteam_fire_postfix,34852,ntdll.dll!_ZwQueryInformationThread@20+0xc,3,0.021,14304,20.002
fourteam_fire_postfix,34852,OgreMain.dll!?createTechnique@Material@Ogre@@QAEPAVTechnique@2@XZ+0xa33,3,0.021,14304,20.002
fourteam_fire_postfix,34852,OgreMain.dll!?getSquaredViewDepth@Node@Ogre@@UBEMPBVCamera@2@@Z+0x1f,3,0.021,14304,20.002
fourteam_fire_postfix,34852,OgreMain.dll!?preRenderTargetUpdate@CompositorChain@Ogre@@UAEXABURenderTargetEvent@2@@Z+0x63,3,0.021,14304,20.002
fourteam_fire_postfix,34852,OgreMain.dll!?getBestTechnique@Material@Ogre@@QAEPAVTechnique@2@GPBVRenderable@2@@Z+0x1,3,0.021,14304,20.002
fourteam_fire_postfix,34852,MSVCR120.dll!memcpy+0x10,3,0.021,14304,20.002
fourteam_fire_postfix,34852,MSVCR120.dll!_getptd,3,0.021,14304,20.002
fourteam_fire_postfix,34852,WINMM.dll@6ea10000!BZROpenShim::`anonymous namespace'::AppendGenericChunkBatchGeometry+0x165,3,0.021,14304,20.002
fourteam_fire_postfix,34852,battlezone98redux.exe!sub_6a0e20,3,0.021,14304,20.002
fourteam_fire_postfix,34852,WINMM.dll@6ea10000!BZROpenShim::`anonymous namespace'::UpdateChunkProxySlotPosition+0x37b,3,0.021,14304,20.002
fourteam_fire_postfix,34852,OgreMain.dll!?getWorldViewProjMatrix@AutoParamDataSource@Ogre@@UBEABVMatrix4@2@XZ+0x3b,3,0.021,14304,20.002
fourteam_fire_postfix,34852,d3d11.dll!D3D11CoreCreateDevice+0x9712,3,0.021,14304,20.002
fourteam_fire_postfix,34852,battlezone98redux.exe!sub_4917f0,3,0.021,14304,20.002
fourteam_fire_postfix,34852,WINMM.dll@6ea10000!BZROpenShim::HandleCommandHelpBan+0x15e,3,0.021,14304,20.002
fourteam_fire_postfix,34852,RenderSystem_Direct3D11.dll!?fireDeviceEvent@D3D11RenderSystem@Ogre@@QAEXPAVD3D11Device@2@ABV?$basic_string@DU?$char_traits@D@std@@V?$allocator@D@2@@std@@PAVD3D11RenderWindowBase@2@@Z+0x164,3,0.021,14304,20.002
fourteam_fire_postfix,34852,WINMM.dll@6ea10000!BZROpenShim::`anonymous namespace'::TryResolveChunkPayloadMeshResource+0x581,3,0.021,14304,20.002
fourteam_fire_postfix,34852,OgreMain.dll!?buildAndIncludeDirection@PointListBody@FocusedShadowCameraSetup@Ogre@@QAEXABVConvexBody@3@MABVVector3@3@@Z+0xe0,3,0.021,14304,20.002
