label,thread,symbol,inclusive_samples,inclusive_percent,total_samples,window_seconds
fourteam_ai_postfix,12132,battlezone98redux.exe!sub_618270,14649,99.6598,14699,20.0
fourteam_ai_postfix,12132,battlezone98redux.exe!sub_618a40,14649,99.6598,14699,20.0
fourteam_ai_postfix,12132,battlezone98redux.exe!sub_619fc0,14647,99.6462,14699,20.0
fourteam_ai_postfix,12132,battlezone98redux.exe!sub_618ff0,14645,99.6326,14699,20.0
fourteam_ai_postfix,12132,battlezone98redux.exe!sub_618b10,14643,99.619,14699,20.0
fourteam_ai_postfix,12132,battlezone98redux.exe!entry,14637,99.5782,14699,20.0
fourteam_ai_postfix,12132,KERNEL32.DLL!BaseThreadInitThunk+0x19,14632,99.5442,14699,20.0
fourteam_ai_postfix,12132,ntdll.dll!___RtlUserThreadStart@8+0x2b,14627,99.5102,14699,20.0
fourteam_ai_postfix,12132,battlezone98redux.exe!sub_618130,14625,99.4966,14699,20.0
fourteam_ai_postfix,12132,ntdll.dll!__RtlUserThreadStart@8+0x1b,14610,99.3945,14699,20.0
fourteam_ai_postfix,12132,OgreMain.dll!?renderOneFrame@Root@Ogre@@QAE_NXZ+0x17,7313,49.7517,14699,20.0
fourteam_ai_postfix,12132,RenderSystem_Direct3D11.dll!?_updateAllRenderTargets@D3D11RenderSystem@Ogre@@UAEX_N@Z+0x3e,7018,47.7447,14699,20.0
fourteam_ai_postfix,12132,OgreMain.dll!?_updateAllRenderTargets@RenderSystem@Ogre@@UAEX_N@Z+0x3d,7017,47.7379,14699,20.0
fourteam_ai_postfix,12132,OgreMain.dll!?_updateAllRenderTargets@Root@Ogre@@QAE_NXZ+0x17,7017,47.7379,14699,20.0
fourteam_ai_postfix,12132,OgreMain.dll!?updateImpl@RenderTarget@Ogre@@MAEXXZ+0x17,6988,47.5406,14699,20.0
fourteam_ai_postfix,12132,OgreMain.dll!?_updateAutoUpdatedViewports@RenderTarget@Ogre@@UAEX_N@Z+0x30,6988,47.5406,14699,20.0
fourteam_ai_postfix,12132,OgreMain.dll!?update@Viewport@Ogre@@QAEXXZ+0x23,6972,47.4318,14699,20.0
fourteam_ai_postfix,12132,OgreMain.dll!?_renderScene@Camera@Ogre@@QAEXPAVViewport@2@_N@Z+0xf3,6968,47.4046,14699,20.0
fourteam_ai_postfix,12132,OgreMain.dll!?updateImpl@RenderTarget@Ogre@@MAEXXZ+0xb,6683,45.4657,14699,20.0
fourteam_ai_postfix,12132,OgreMain.dll!?_beginUpdate@RenderTarget@Ogre@@UAEXXZ+0xb,6682,45.4589,14699,20.0
fourteam_ai_postfix,12132,OgreMain.dll!?preRenderTargetUpdate@CompositorChain@Ogre@@UAEXABURenderTargetEvent@2@@Z+0x6c,6674,45.4044,14699,20.0
fourteam_ai_postfix,12132,OgreMain.dll!?_renderScene@SceneManager@Ogre@@UAEXPAVCamera@2@PAVViewport@2@_N@Z+0x5c0,4397,29.9136,14699,20.0
fourteam_ai_postfix,12132,OgreMain.dll!?renderVisibleObjectsDefaultSequence@SceneManager@Ogre@@MAEXXZ+0xd0,4105,27.9271,14699,20.0
fourteam_ai_postfix,12132,OgreMain.dll!?renderObjects@SceneManager@Ogre@@MAEXABVQueuedRenderableCollection@2@W4OrganisationMode@32@_N2PBV?$HashedVector@PAVLight@Ogre@@@2@@Z+0x45,4086,27.7978,14699,20.0
fourteam_ai_postfix,12132,OgreMain.dll!?acceptVisitor@QueuedRenderableCollection@Ogre@@QBEXPAVQueuedRenderableVisitor@2@W4OrganisationMode@12@@Z+0xf6,3670,24.9677,14699,20.0
fourteam_ai_postfix,12132,OgreMain.dll!?acceptVisitorGrouped@QueuedRenderableCollection@Ogre@@IBEXPAVQueuedRenderableVisitor@2@@Z+0x6a,3569,24.2806,14699,20.0
fourteam_ai_postfix,12132,OgreMain.dll!?visit@SceneMgrQueuedRenderableVisitor@SceneManager@Ogre@@UAEXPAVRenderable@3@@Z+0x35,3552,24.1649,14699,20.0
fourteam_ai_postfix,12132,OgreMain.dll!?_renderQueueGroupObjects@SceneManager@Ogre@@UAEXPAVRenderQueueGroup@2@W4OrganisationMode@QueuedRenderableCollection@2@@Z+0x111,3217,21.8858,14699,20.0
fourteam_ai_postfix,12132,OgreMain.dll!?renderBasicQueueGroupObjects@SceneManager@Ogre@@MAEXPAVRenderQueueGroup@2@W4OrganisationMode@QueuedRenderableCollection@2@@Z+0x8c,2788,18.9673,14699,20.0
fourteam_ai_postfix,12132,battlezone98redux.exe!sub_6175c0,2655,18.0625,14699,20.0
fourteam_ai_postfix,12132,battlezone98redux.exe!sub_6176a0,2655,18.0625,14699,20.0
fourteam_ai_postfix,12132,OgreMain.dll!?_renderScene@SceneManager@Ogre@@UAEXPAVCamera@2@PAVViewport@2@_N@Z+0x3cb,2187,14.8786,14699,20.0
fourteam_ai_postfix,12132,OgreMain.dll!?_findVisibleObjects@SceneManager@Ogre@@UAEXPAVCamera@2@PAUVisibleObjectsBoundsInfo@2@_N@Z+0x3a,2186,14.8718,14699,20.0
fourteam_ai_postfix,12132,OgreMain.dll!?_findVisibleObjects@SceneNode@Ogre@@UAEXPAVCamera@2@PAVRenderQueue@2@PAUVisibleObjectsBoundsInfo@2@_N33@Z+0x89,2145,14.5928,14699,20.0
fourteam_ai_postfix,12132,OgreMain.dll!?_findVisibleObjects@SceneNode@Ogre@@UAEXPAVCamera@2@PAVRenderQueue@2@PAUVisibleObjectsBoundsInfo@2@_N33@Z+0x51,2024,13.7696,14699,20.0
fourteam_ai_postfix,12132,WINMM.dll@6ea10000!BZROpenShim::`anonymous namespace'::ProcessVisibleObjectHook+0x170,1948,13.2526,14699,20.0
fourteam_ai_postfix,12132,OgreMain.dll!?renderSingleObject@SceneManager@Ogre@@MAEXPAVRenderable@2@PBVPass@2@_N2PBV?$HashedVector@PAVLight@Ogre@@@2@@Z+0x9a0,1761,11.9804,14699,20.0
fourteam_ai_postfix,12132,battlezone98redux.exe!sub_618060,1751,11.9124,14699,20.0
fourteam_ai_postfix,12132,OgreMain.dll!?processVisibleObject@RenderQueue@Ogre@@QAEXPAVMovableObject@2@PAVCamera@2@_NPAUVisibleObjectsBoundsInfo@2@@Z+0xb0,1636,11.13,14699,20.0
fourteam_ai_postfix,12132,battlezone98redux.exe!sub_4d4610,1509,10.266,14699,20.0
fourteam_ai_postfix,12132,OgreMain.dll!?_issueRenderOp@SceneManager@Ogre@@UAEXPAVRenderable@2@PBVPass@2@@Z+0x30,1472,10.0143,14699,20.0
fourteam_ai_postfix,12132,OgreMain.dll!?_renderScene@SceneManager@Ogre@@UAEXPAVCamera@2@PAVViewport@2@_N@Z+0x246,1427,9.7081,14699,20.0
fourteam_ai_postfix,12132,OgreMain.dll!?prepareShadowTextures@SceneManager@Ogre@@UAEXPAVCamera@2@PAVViewport@2@PBV?$HashedVector@PAVLight@Ogre@@@2@@Z+0x39f,1387,9.436,14699,20.0
fourteam_ai_postfix,12132,battlezone98redux.exe!sub_45bf90,1355,9.2183,14699,20.0
fourteam_ai_postfix,12132,battlezone98redux.exe!sub_50aa10,1349,9.1775,14699,20.0
fourteam_ai_postfix,12132,battlezone98redux.exe!sub_45d240,1345,9.1503,14699,20.0
fourteam_ai_postfix,12132,battlezone98redux.exe!sub_5fa6e0,1318,8.9666,14699,20.0
fourteam_ai_postfix,12132,battlezone98redux.exe!sub_4d4580,1204,8.191,14699,20.0
fourteam_ai_postfix,12132,battlezone98redux.exe!sub_617600,1083,7.3678,14699,20.0
fourteam_ai_postfix,12132,battlezone98redux.exe!sub_4b6f10,1073,7.2998,14699,20.0
fourteam_ai_postfix,12132,battlezone98redux.exe!sub_4b6db0,1072,7.293,14699,20.0
fourteam_ai_postfix,12132,OgreMain.dll!?findLights@SceneNode@Ogre@@UBEXAAV?$HashedVector@PAVLight@Ogre@@@2@MI@Z+0x29,1046,7.1161,14699,20.0
fourteam_ai_postfix,12132,OgreMain.dll!?queryLights@MovableObject@Ogre@@UBEABV?$HashedVector@PAVLight@Ogre@@@2@XZ+0xc4,1046,7.1161,14699,20.0
fourteam_ai_postfix,12132,OgreMain.dll!?_populateLightList@SceneManager@Ogre@@UAEXPBVSceneNode@2@MAAV?$HashedVector@PAVLight@Ogre@@@2@I@Z+0x2e,1044,7.1025,14699,20.0
fourteam_ai_postfix,12132,OgreMain.dll!?renderSingleObject@SceneManager@Ogre@@MAEXPAVRenderable@2@PBVPass@2@_N2PBV?$HashedVector@PAVLight@Ogre@@@2@@Z+0x322,1038,7.0617,14699,20.0
fourteam_ai_postfix,12132,WINMM.dll@6ea10000!BZROpenShim::`anonymous namespace'::AutoSaveWorldUpdateRenderQueueHook+0x11,1014,6.8984,14699,20.0
fourteam_ai_postfix,12132,OgreMain.dll!?_issueRenderOp@SceneManager@Ogre@@UAEXPAVRenderable@2@PBVPass@2@@Z+0x73,1014,6.8984,14699,20.0
fourteam_ai_postfix,12132,battlezone98redux.exe!sub_5faac0,978,6.6535,14699,20.0
fourteam_ai_postfix,12132,battlezone98redux.exe!sub_6002a0,973,6.6195,14699,20.0
fourteam_ai_postfix,12132,battlezone98redux.exe!sub_614dd0,924,6.2861,14699,20.0
fourteam_ai_postfix,12132,WINMM.dll@6ea10000!BZROpenShim::ResolveCraftOgreEntity+0x3a,913,6.2113,14699,20.0
fourteam_ai_postfix,12132,battlezone98redux.exe!sub_682540,888,6.0412,14699,20.0
fourteam_ai_postfix,12132,OgreMain.dll!?_renderQueueGroupObjects@SceneManager@Ogre@@UAEXPAVRenderQueueGroup@2@W4OrganisationMode@QueuedRenderableCollection@2@@Z+0xb6,887,6.0344,14699,20.0
fourteam_ai_postfix,12132,OgreMain.dll!?renderTextureShadowCasterQueueGroupObjects@SceneManager@Ogre@@MAEXPAVRenderQueueGroup@2@W4OrganisationMode@QueuedRenderableCollection@2@@Z+0x124,883,6.0072,14699,20.0
fourteam_ai_postfix,12132,battlezone98redux.exe!sub_5f77c0,855,5.8167,14699,20.0
fourteam_ai_postfix,12132,WINMM.dll@6ea10000!BZROpenShim::ChunkEffectSimulateHook+0x418,854,5.8099,14699,20.0
fourteam_ai_postfix,12132,battlezone98redux.exe!sub_6854f0,836,5.6875,14699,20.0
fourteam_ai_postfix,12132,battlezone98redux.exe!sub_451f80,827,5.6262,14699,20.0
fourteam_ai_postfix,12132,OgreMain.dll!?renderSingleObject@SceneManager@Ogre@@MAEXPAVRenderable@2@PBVPass@2@_N2PBV?$HashedVector@PAVLight@Ogre@@@2@@Z+0xaf4,777,5.2861,14699,20.0
fourteam_ai_postfix,12132,battlezone98redux.exe!sub_678cd0,760,5.1704,14699,20.0
fourteam_ai_postfix,12132,WINMM.dll@6ea10000!BZROpenShim::`anonymous namespace'::SubmitChunkProxiesToRenderQueue+0x48,698,4.7486,14699,20.0
fourteam_ai_postfix,12132,OgreMain.dll!?_populateLightList@SceneManager@Ogre@@UAEXABVVector3@2@MAAV?$HashedVector@PAVLight@Ogre@@@2@I@Z+0x140,676,4.599,14699,20.0
fourteam_ai_postfix,12132,battlezone98redux.exe!sub_679d70,646,4.3949,14699,20.0
fourteam_ai_postfix,12132,battlezone98redux.exe!sub_6855e0,627,4.2656,14699,20.0
fourteam_ai_postfix,12132,battlezone98redux.exe!sub_493ec0,621,4.2248,14699,20.0
fourteam_ai_postfix,12132,battlezone98redux.exe!sub_67b9d0,615,4.184,14699,20.0
fourteam_ai_postfix,12132,battlezone98redux.exe!sub_592f00,615,4.184,14699,20.0
fourteam_ai_postfix,12132,battlezone98redux.exe!sub_44e880,585,3.9799,14699,20.0
fourteam_ai_postfix,12132,OgreMain.dll!?updateGpuProgramParameters@SceneManager@Ogre@@MAEXPBVPass@2@@Z+0x62,568,3.8642,14699,20.0
fourteam_ai_postfix,12132,ntdll.dll!_ZwQueryVirtualMemory@24+0xc,530,3.6057,14699,20.0
fourteam_ai_postfix,12132,WINMM.dll@6ea10000!BZROpenShim::`anonymous namespace'::RebuildAndSubmitGenericChunkBatch+0x1015,529,3.5989,14699,20.0
fourteam_ai_postfix,12132,battlezone98redux.exe!sub_679ac0,528,3.5921,14699,20.0
fourteam_ai_postfix,12132,WINMM.dll@6ea10000!BZROpenShim::`anonymous namespace'::TrackChunkEffectActiveEntries+0x3b7,522,3.5513,14699,20.0
fourteam_ai_postfix,12132,battlezone98redux.exe!sub_62bc80,477,3.2451,14699,20.0
fourteam_ai_postfix,12132,battlezone98redux.exe!sub_62bd40,476,3.2383,14699,20.0
fourteam_ai_postfix,12132,battlezone98redux.exe!sub_4deec0,473,3.2179,14699,20.0
fourteam_ai_postfix,12132,battlezone98redux.exe!sub_4ebfd0,461,3.1363,14699,20.0
fourteam_ai_postfix,12132,battlezone98redux.exe!sub_5d5930,438,2.9798,14699,20.0
fourteam_ai_postfix,12132,battlezone98redux.exe!sub_68d2f0,429,2.9186,14699,20.0
fourteam_ai_postfix,12132,OgreMain.dll!?acceptVisitor@QueuedRenderableCollection@Ogre@@QBEXPAVQueuedRenderableVisitor@2@W4OrganisationMode@12@@Z+0xec,415,2.8233,14699,20.0
fourteam_ai_postfix,12132,OgreMain.dll!?renderBasicQueueGroupObjects@SceneManager@Ogre@@MAEXPAVRenderQueueGroup@2@W4OrganisationMode@QueuedRenderableCollection@2@@Z+0xc1,415,2.8233,14699,20.0
fourteam_ai_postfix,12132,OgreMain.dll!?acceptVisitorDescending@QueuedRenderableCollection@Ogre@@IBEXPAVQueuedRenderableVisitor@2@@Z+0x1b,414,2.8165,14699,20.0
fourteam_ai_postfix,12132,OgreMain.dll!?updateGpuProgramParameters@SceneManager@Ogre@@MAEXPBVPass@2@@Z+0x8b,394,2.6805,14699,20.0
fourteam_ai_postfix,12132,battlezone98redux.exe!sub_4933e0,390,2.6532,14699,20.0
fourteam_ai_postfix,12132,battlezone98redux.exe!sub_678950,386,2.626,14699,20.0
fourteam_ai_postfix,12132,OgreMain.dll!?updateGpuProgramParameters@SceneManager@Ogre@@MAEXPBVPass@2@@Z+0xdd,383,2.6056,14699,20.0
fourteam_ai_postfix,12132,battlezone98redux.exe!sub_463fc0,378,2.5716,14699,20.0
fourteam_ai_postfix,12132,OgreMain.dll!?_updateRenderQueue@Entity@Ogre@@UAEXPAVRenderQueue@2@@Z+0x1ed,371,2.524,14699,20.0
fourteam_ai_postfix,12132,WINMM.dll@6ea10000!BZROpenShim::`anonymous namespace'::AutoSaveWorldUpdateRenderQueueHook+0x16,370,2.5172,14699,20.0
fourteam_ai_postfix,12132,WINMM.dll@6ea10000!__std_fs_get_stats+0x23e,366,2.49,14699,20.0
fourteam_ai_postfix,12132,KERNELBASE.dll!GetFileAttributesExW+0x13,366,2.49,14699,20.0
fourteam_ai_postfix,12132,WINMM.dll@6ea10000!BZROpenShim::`anonymous namespace'::GetGameObjectActualTeam+0x42,366,2.49,14699,20.0
fourteam_ai_postfix,12132,battlezone98redux.exe!sub_497aa0,366,2.49,14699,20.0
fourteam_ai_postfix,12132,OgreMain.dll!?isInLightRange@Light@Ogre@@QBE_NABVSphere@2@@Z+0x159,358,2.4355,14699,20.0
fourteam_ai_postfix,12132,WINMM.dll@6ea10000!BZROpenShim::DamageRevealProbeHook+0x13c,358,2.4355,14699,20.0
fourteam_ai_postfix,12132,ntdll.dll!_ZwQueryFullAttributesFile@8+0xc,356,2.4219,14699,20.0
fourteam_ai_postfix,12132,OgreMain.dll!?_updateAutoParams@Pass@Ogre@@QBEXPBVAutoParamDataSource@2@G@Z+0x103,355,2.4151,14699,20.0
fourteam_ai_postfix,12132,battlezone98redux.exe!sub_583520,335,2.2791,14699,20.0
fourteam_ai_postfix,12132,battlezone98redux.exe!sub_583500,327,2.2246,14699,20.0
fourteam_ai_postfix,12132,battlezone98redux.exe!sub_617fa0,326,2.2178,14699,20.0
fourteam_ai_postfix,12132,WINMM.dll@6ea10000!BZROpenShim::`anonymous namespace'::TickChunkProxyDebug+0x7a,323,2.1974,14699,20.0
fourteam_ai_postfix,12132,OgreMain.dll!?visit@SceneMgrQueuedRenderableVisitor@SceneManager@Ogre@@UAEXPAURenderablePass@3@@Z+0x63,320,2.177,14699,20.0
fourteam_ai_postfix,12132,battlezone98redux.exe!sub_593200,319,2.1702,14699,20.0
fourteam_ai_postfix,12132,RenderSystem_Direct3D11.dll!?bindGpuProgramParameters@D3D11RenderSystem@Ogre@@UAEXW4GpuProgramType@2@V?$SharedPtr@VGpuProgramParameters@Ogre@@@2@G@Z+0x16a,310,2.109,14699,20.0
fourteam_ai_postfix,12132,battlezone98redux.exe!sub_463240,310,2.109,14699,20.0
fourteam_ai_postfix,12132,battlezone98redux.exe!sub_67a4a0,304,2.0682,14699,20.0
fourteam_ai_postfix,12132,battlezone98redux.exe!sub_605f70,299,2.0342,14699,20.0
fourteam_ai_postfix,12132,OgreMain.dll!?_updateAllRenderTargets@Root@Ogre@@QAE_NXZ+0x2b,290,1.9729,14699,20.0
fourteam_ai_postfix,12132,OgreMain.dll!?_swapAllRenderTargetBuffers@RenderSystem@Ogre@@UAEXXZ+0x3a,289,1.9661,14699,20.0
fourteam_ai_postfix,12132,OgreMain.dll!?fireRenderQueueStarted@SceneManager@Ogre@@MAE_NEABV?$basic_string@DU?$char_traits@D@std@@V?$allocator@D@2@@std@@@Z+0x41,288,1.9593,14699,20.0
fourteam_ai_postfix,12132,OgreMain.dll!?renderVisibleObjectsDefaultSequence@SceneManager@Ogre@@MAEXXZ+0xbf,288,1.9593,14699,20.0
fourteam_ai_postfix,12132,battlezone98redux.exe!sub_458d70,272,1.8505,14699,20.0
fourteam_ai_postfix,12132,battlezone98redux.exe!sub_593570,269,1.8301,14699,20.0
fourteam_ai_postfix,12132,battlezone98redux.exe!sub_4ab380,268,1.8233,14699,20.0
fourteam_ai_postfix,12132,RenderSystem_Direct3D11.dll!?swapBuffers@D3D11RenderWindowSwapChainBased@Ogre@@UAEXXZ+0x251,267,1.8165,14699,20.0
fourteam_ai_postfix,12132,OgreMain.dll!?angleBetween@Vector3@Ogre@@QBE?AVRadian@2@ABV12@@Z+0xdd,266,1.8096,14699,20.0
fourteam_ai_postfix,12132,RenderSystem_Direct3D11.dll!?bindGpuProgramParameters@D3D11RenderSystem@Ogre@@UAEXW4GpuProgramType@2@V?$SharedPtr@VGpuProgramParameters@Ogre@@@2@G@Z+0x90,263,1.7892,14699,20.0
fourteam_ai_postfix,12132,battlezone98redux.exe!sub_5938f0,260,1.7688,14699,20.0
fourteam_ai_postfix,12132,RenderSystem_Direct3D11.dll!?getConstantBuffer@D3D11HLSLProgram@Ogre@@QAEPAUID3D11Buffer@@V?$SharedPtr@VGpuProgramParameters@Ogre@@@2@G@Z+0x9a,258,1.7552,14699,20.0
fourteam_ai_postfix,12132,dxgi.dll!DXGIGetDebugInterface1+0xa584,255,1.7348,14699,20.0
fourteam_ai_postfix,12132,dxgi.dll!CompatString+0x20eb,254,1.728,14699,20.0
fourteam_ai_postfix,12132,battlezone98redux.exe!sub_67a630,248,1.6872,14699,20.0
fourteam_ai_postfix,12132,WINMM.dll@6ea10000!BZROpenShim::AutoSaveTick+0x10b,244,1.66,14699,20.0
fourteam_ai_postfix,12132,WINMM.dll@6ea10000!std::filesystem::exists+0x3e,244,1.66,14699,20.0
fourteam_ai_postfix,12132,battlezone98redux.exe!sub_493330,239,1.626,14699,20.0
fourteam_ai_postfix,12132,battlezone98redux.exe!sub_663800,235,1.5987,14699,20.0
fourteam_ai_postfix,12132,OgreMain.dll!?getConstantDefinition@GpuProgramParameters@Ogre@@QBEABUGpuConstantDefinition@2@ABV?$basic_string@DU?$char_traits@D@std@@V?$allocator@D@2@@std@@@Z+0xcf,233,1.5851,14699,20.0
fourteam_ai_postfix,12132,battlezone98redux.exe!sub_493e60,212,1.4423,14699,20.0
fourteam_ai_postfix,12132,battlezone98redux.exe!sub_43fb30,212,1.4423,14699,20.0
fourteam_ai_postfix,12132,WINMM.dll@6ea10000!BZROpenShim::`anonymous namespace'::SubmitChunkProxiesToRenderQueue+0x394,210,1.4287,14699,20.0
fourteam_ai_postfix,12132,WINMM.dll@6ea10000!BZROpenShim::`anonymous namespace'::TryAddChunkProxyRenderableSafe+0x48,209,1.4219,14699,20.0
fourteam_ai_postfix,12132,battlezone98redux.exe!sub_454cf0,202,1.3742,14699,20.0
fourteam_ai_postfix,12132,battlezone98redux.exe!sub_465320,199,1.3538,14699,20.0
fourteam_ai_postfix,12132,battlezone98redux.exe!sub_784620,197,1.3402,14699,20.0
fourteam_ai_postfix,12132,WINMM.dll@6ea10000!BZROpenShim::`anonymous namespace'::TryGetGameObjectFieldBase+0xd4,197,1.3402,14699,20.0
fourteam_ai_postfix,12132,ntdll.dll!_RtlAllocateHeap@12+0xa9,193,1.313,14699,20.0
fourteam_ai_postfix,12132,battlezone98redux.exe!sub_687340,191,1.2994,14699,20.0
fourteam_ai_postfix,12132,WINMM.dll@6ea10000!BZROpenShim::`anonymous namespace'::TrackChunkProxyDebugEntry+0x44b,189,1.2858,14699,20.0
fourteam_ai_postfix,12132,WINMM.dll@6ea10000!BZROpenShim::ChunkEffectSimulateHook+0x421,188,1.279,14699,20.0
fourteam_ai_postfix,12132,OgreMain.dll!?_populateLightList@SceneManager@Ogre@@UAEXABVVector3@2@MAAV?$HashedVector@PAVLight@Ogre@@@2@I@Z+0xb2,181,1.2314,14699,20.0
fourteam_ai_postfix,12132,battlezone98redux.exe!sub_5840e0,175,1.1906,14699,20.0
fourteam_ai_postfix,12132,RenderSystem_Direct3D11.dll!?_render@D3D11RenderSystem@Ogre@@UAEXABVRenderOperation@2@@Z+0x1622,173,1.177,14699,20.0
fourteam_ai_postfix,12132,battlezone98redux.exe!sub_44eb20,172,1.1701,14699,20.0
fourteam_ai_postfix,12132,RenderSystem_Direct3D11.dll!?setVertexDeclaration@D3D11RenderSystem@Ogre@@QAEXPAVVertexDeclaration@2@PAVVertexBufferBinding@2@@Z+0x14,170,1.1565,14699,20.0
fourteam_ai_postfix,12132,WINMM.dll@6ea10000!BZROpenShim::`anonymous namespace'::TryGetGameObjectFieldBase+0x7c,168,1.1429,14699,20.0
fourteam_ai_postfix,12132,ntdll.dll!_KiUserExceptionDispatcher@8+0xf,168,1.1429,14699,20.0
fourteam_ai_postfix,12132,battlezone98redux.exe!sub_44ecb0,165,1.1225,14699,20.0
fourteam_ai_postfix,12132,dxgi.dll!CompatString+0x3176,164,1.1157,14699,20.0
fourteam_ai_postfix,12132,OgreMain.dll!?updateAnimation@Entity@Ogre@@IAEXXZ+0x449,164,1.1157,14699,20.0
fourteam_ai_postfix,12132,OgreMain.dll!?_updateAutoParams@Pass@Ogre@@QBEXPBVAutoParamDataSource@2@G@Z+0x55,162,1.1021,14699,20.0
fourteam_ai_postfix,12132,VCRUNTIME140.dll!@_EH4_GlobalUnwind2@8+0x15,161,1.0953,14699,20.0
fourteam_ai_postfix,12132,WINMM.dll@6ea10000!BZROpenShim::`anonymous namespace'::IsLikelyLiveOgreObject+0x86,160,1.0885,14699,20.0
fourteam_ai_postfix,12132,WINMM.dll@6ea10000!BZROpenShim::`anonymous namespace'::HookSoftwareVertexBlend+0x1f8,159,1.0817,14699,20.0
fourteam_ai_postfix,12132,WINMM.dll@6ea10000!BZROpenShim::DynamicGeometryAddRenderableHook+0x11b,158,1.0749,14699,20.0
fourteam_ai_postfix,12132,ntdll.dll!_RtlpAllocateNTHeapInternal@12+0xfc,154,1.0477,14699,20.0
fourteam_ai_postfix,12132,battlezone98redux.exe!sub_67a780,154,1.0477,14699,20.0
fourteam_ai_postfix,12132,dxgi.dll!DXGID3D10CreateDevice+0x3c30,153,1.0409,14699,20.0
fourteam_ai_postfix,12132,battlezone98redux.exe!sub_462b60,152,1.0341,14699,20.0
fourteam_ai_postfix,12132,battlezone98redux.exe!sub_480470,150,1.0205,14699,20.0
fourteam_ai_postfix,12132,OgreMain.dll!?_renderScene@SceneManager@Ogre@@UAEXPAVCamera@2@PAVViewport@2@_N@Z+0x20a,147,1.0001,14699,20.0
fourteam_ai_postfix,12132,battlezone98redux.exe!sub_6854b0,147,1.0001,14699,20.0
fourteam_ai_postfix,12132,battlezone98redux.exe!sub_6832c8,147,1.0001,14699,20.0
fourteam_ai_postfix,12132,WINMM.dll@6ea10000!BZROpenShim::`anonymous namespace'::TrackChunkEffectActiveEntries+0x327,145,0.9865,14699,20.0
fourteam_ai_postfix,12132,WINMM.dll@6ea10000!__scrt_initialize_onexit_tables+0x14,145,0.9865,14699,20.0
fourteam_ai_postfix,12132,OgreMain.dll!?_findNamedConstantDefinition@GpuProgramParameters@Ogre@@QBEPBUGpuConstantDefinition@2@ABV?$basic_string@DU?$char_traits@D@std@@V?$allocator@D@2@@std@@_N@Z+0xb8,143,0.9729,14699,20.0
fourteam_ai_postfix,12132,WINMM.dll@6ea10000!BZROpenShim::`anonymous namespace'::TrackChunkEffectActiveEntries+0x382,142,0.9661,14699,20.0
fourteam_ai_postfix,12132,RenderSystem_Direct3D11.dll!?bindToShader@D3D11VertexDeclaration@Ogre@@QAEXPAVD3D11HLSLProgram@2@PAVVertexBufferBinding@2@@Z+0x1e,140,0.9524,14699,20.0
fourteam_ai_postfix,12132,ntdll.dll!ExecuteHandler2@20+0x26,139,0.9456,14699,20.0
fourteam_ai_postfix,12132,ntdll.dll!ExecuteHandler@20+0x24,139,0.9456,14699,20.0
fourteam_ai_postfix,12132,WINMM.dll@6ea10000!BZROpenShim::LegacyWorldUpdateRenderQueueHook+0xd6,138,0.9388,14699,20.0
fourteam_ai_postfix,12132,MSVCR120.dll!memmove+0xc9,136,0.9252,14699,20.0
fourteam_ai_postfix,12132,ucrtbase.dll!__malloc_base+0x2f,135,0.9184,14699,20.0
fourteam_ai_postfix,12132,battlezone98redux.exe!sub_784180,132,0.898,14699,20.0
fourteam_ai_postfix,12132,battlezone98redux.exe!sub_462630,132,0.898,14699,20.0
fourteam_ai_postfix,12132,WINMM.dll@6ea10000!BZROpenShim::`anonymous namespace'::AppendGenericChunkBatchGeometry+0x67,130,0.8844,14699,20.0
fourteam_ai_postfix,12132,battlezone98redux.exe!sub_4a8ab0,129,0.8776,14699,20.0
fourteam_ai_postfix,12132,OgreMain.dll!?lock@HardwareBuffer@Ogre@@UAEPAXIIW4LockOptions@12@W4UploadOptions@12@@Z+0x103,128,0.8708,14699,20.0
fourteam_ai_postfix,12132,WINMM.dll@6ea10000!__scrt_initialize_crt+0x2d,126,0.8572,14699,20.0
fourteam_ai_postfix,12132,battlezone98redux.exe!sub_44e7f0,126,0.8572,14699,20.0
fourteam_ai_postfix,12132,OgreMain.dll!?softwareVertexBlend@Mesh@Ogre@@SAXPBVVertexData@2@0PBQBVMatrix4@2@I_N@Z+0x35a,125,0.8504,14699,20.0
fourteam_ai_postfix,12132,OgreMain.dll!?_detectImplementation@OptimisedUtil@Ogre@@KAPAV12@XZ+0x7f48,125,0.8504,14699,20.0
fourteam_ai_postfix,12132,ntdll.dll!@RtlpLowFragHeapAllocFromContext@16+0x67,125,0.8504,14699,20.0
fourteam_ai_postfix,12132,WINMM.dll@6ea10000!BZROpenShim::AutoSaveTick+0x124,124,0.8436,14699,20.0
fourteam_ai_postfix,12132,WINMM.dll@6ea10000!std::filesystem::last_write_time+0x45,124,0.8436,14699,20.0
fourteam_ai_postfix,12132,KERNELBASE.dll!GetModuleHandleA+0x23,124,0.8436,14699,20.0
fourteam_ai_postfix,12132,VCRUNTIME140.dll!_except_handler4_common+0x127,124,0.8436,14699,20.0
fourteam_ai_postfix,12132,ntdll.dll!_LdrGetDllHandle@16+0x18,121,0.8232,14699,20.0
fourteam_ai_postfix,12132,KERNELBASE.dll!GetModuleHandleW+0x2e,121,0.8232,14699,20.0
fourteam_ai_postfix,12132,RenderSystem_Direct3D11.dll!?lockImpl@D3D11HardwareBuffer@Ogre@@MAEPAXIIW4LockOptions@HardwareBuffer@2@@Z+0x26c,121,0.8232,14699,20.0
fourteam_ai_postfix,12132,battlezone98redux.exe!sub_49ee70,121,0.8232,14699,20.0
fourteam_ai_postfix,12132,ntdll.dll!_ZwContinue@8+0xc,120,0.8164,14699,20.0
fourteam_ai_postfix,12132,RenderSystem_Direct3D11.dll!?getConstantBuffer@D3D11HLSLProgram@Ogre@@QAEPAUID3D11Buffer@@V?$SharedPtr@VGpuProgramParameters@Ogre@@@2@G@Z+0x5f,120,0.8164,14699,20.0
fourteam_ai_postfix,12132,RenderSystem_Direct3D11.dll!?_render@D3D11RenderSystem@Ogre@@UAEXABVRenderOperation@2@@Z+0x16df,120,0.8164,14699,20.0
fourteam_ai_postfix,12132,battlezone98redux.exe!sub_4620b0,118,0.8028,14699,20.0
fourteam_ai_postfix,12132,WINMM.dll@6ea10000!BZROpenShim::`anonymous namespace'::TrackChunkProxyDebugEntry+0x6ff,117,0.796,14699,20.0
fourteam_ai_postfix,12132,OgreMain.dll!?lock@HardwareBuffer@Ogre@@QAEPAXW4LockOptions@12@W4UploadOptions@12@@Z+0x13,116,0.7892,14699,20.0
fourteam_ai_postfix,12132,battlezone98redux.exe!sub_480750,116,0.7892,14699,20.0
fourteam_ai_postfix,12132,battlezone98redux.exe!sub_4aa1d0,115,0.7824,14699,20.0
fourteam_ai_postfix,12132,WINMM.dll@6ea10000!BZROpenShim::`anonymous namespace'::UpdateChunkProxySlotPosition+0x725,115,0.7824,14699,20.0
fourteam_ai_postfix,12132,WINMM.dll@6ea10000!BZROpenShim::`anonymous namespace'::WingmanUpdateWeaponAimWithConvergence+0x33,114,0.7756,14699,20.0
fourteam_ai_postfix,12132,battlezone98redux.exe!sub_461fd0,113,0.7688,14699,20.0
fourteam_ai_postfix,12132,battlezone98redux.exe!sub_446360,113,0.7688,14699,20.0
fourteam_ai_postfix,12132,battlezone98redux.exe!sub_60f320,113,0.7688,14699,20.0
fourteam_ai_postfix,12132,battlezone98redux.exe!sub_4519a0,112,0.762,14699,20.0
fourteam_ai_postfix,12132,OgreMain.dll!?_renderScene@SceneManager@Ogre@@UAEXPAVCamera@2@PAVViewport@2@_N@Z+0x187,111,0.7552,14699,20.0
fourteam_ai_postfix,12132,OgreMain.dll!?_updateSceneGraph@SceneManager@Ogre@@UAEXPAVCamera@2@@Z+0x2b,109,0.7415,14699,20.0
fourteam_ai_postfix,12132,OgreMain.dll!?addRenderable@RenderQueue@Ogre@@QAEXPAVRenderable@2@@Z+0x15,108,0.7347,14699,20.0
fourteam_ai_postfix,12132,OgreMain.dll!?_updateRenderQueue@Entity@Ogre@@UAEXPAVRenderQueue@2@@Z+0x175,108,0.7347,14699,20.0
fourteam_ai_postfix,12132,WINMM.dll@6ea10000!BZROpenShim::`anonymous namespace'::AppendGenericChunkBatchGeometry+0xee,108,0.7347,14699,20.0
fourteam_ai_postfix,12132,d3d11.dll!CreateDirect3D11DeviceFromDXGIDevice+0xbae61,108,0.7347,14699,20.0
fourteam_ai_postfix,12132,battlezone98redux.exe!sub_679830,106,0.7211,14699,20.0
fourteam_ai_postfix,12132,WINMM.dll@6ea10000!BZROpenShim::`anonymous namespace'::EnsureChunkMeshProxySlot+0x2af,106,0.7211,14699,20.0
fourteam_ai_postfix,12132,battlezone98redux.exe!sub_4917f0,104,0.7075,14699,20.0
fourteam_ai_postfix,12132,WINMM.dll@6ea10000!BZROpenShim::HandleCommandHelpBan+0x15e,104,0.7075,14699,20.0
fourteam_ai_postfix,12132,MSVCR120.dll!log2f+0x11,103,0.7007,14699,20.0
fourteam_ai_postfix,12132,ntdll.dll!_LdrpLogInternal+0x27,102,0.6939,14699,20.0
fourteam_ai_postfix,12132,OgreMain.dll!?processVisibleObject@RenderQueue@Ogre@@QAEXPAVMovableObject@2@PAVCamera@2@_NPAUVisibleObjectsBoundsInfo@2@@Z+0x14,102,0.6939,14699,20.0
fourteam_ai_postfix,12132,battlezone98redux.exe!sub_6192b0,102,0.6939,14699,20.0
fourteam_ai_postfix,12132,RenderSystem_Direct3D11.dll!?_render@D3D11RenderSystem@Ogre@@UAEXABVRenderOperation@2@@Z+0x1631,102,0.6939,14699,20.0
fourteam_ai_postfix,12132,OgreMain.dll!?isInLightRange@Light@Ogre@@QBE_NABVSphere@2@@Z+0x143,102,0.6939,14699,20.0
fourteam_ai_postfix,12132,battlezone98redux.exe!_Vector_iterator<>,102,0.6939,14699,20.0
fourteam_ai_postfix,12132,USER32.dll!PeekMessageA+0x1f1,101,0.6871,14699,20.0
fourteam_ai_postfix,12132,WINMM.dll@6ea10000!BZROpenShim::`anonymous namespace'::TrackChunkProxyDebugEntry+0x230,100,0.6803,14699,20.0
fourteam_ai_postfix,12132,OgreMain.dll!?_updateAutoParams@GpuProgramParameters@Ogre@@QAEXPBVAutoParamDataSource@2@G@Z+0x1250,98,0.6667,14699,20.0
fourteam_ai_postfix,12132,OgreMain.dll!?processVisibleObject@RenderQueue@Ogre@@QAEXPAVMovableObject@2@PAVCamera@2@_NPAUVisibleObjectsBoundsInfo@2@@Z+0x4d,98,0.6667,14699,20.0
fourteam_ai_postfix,12132,OgreMain.dll!?getReceivesShadows@MovableObject@Ogre@@QAE_NXZ+0x45,94,0.6395,14699,20.0
fourteam_ai_postfix,12132,OgreMain.dll!?updateAnimation@Entity@Ogre@@IAEXXZ+0x184,94,0.6395,14699,20.0
fourteam_ai_postfix,12132,OgreMain.dll!?findFiles@FileSystemArchive@Ogre@@IAEXABV?$basic_string@DU?$char_traits@D@std@@V?$allocator@D@2@@std@@_N1PAV?$vector@V?$basic_string@DU?$char_traits@D@std@@V?$allocator@D@2@@std@@V?$STLAllocator@V?$basic_string@DU?$char_traits@D@std@@V?$allocator@D@2@@std@@V?$CategorisedAllocPolicy@$0A@@Ogre@@@Ogre@@@4@PAV?$vector@UFileInfo@Ogre@@V?$STLAllocator@UFileInfo@Ogre@@V?$CategorisedAllocPolicy@$0A@@2@@2@@4@@Z+0x5a6,94,0.6395,14699,20.0
fourteam_ai_postfix,12132,ntdll.dll!_LdrpWriteToSnapsBuffer@16+0xc7,92,0.6259,14699,20.0
fourteam_ai_postfix,12132,OgreMain.dll!?visit@SceneMgrQueuedRenderableVisitor@SceneManager@Ogre@@UAEXPAURenderablePass@3@@Z+0x48,92,0.6259,14699,20.0
fourteam_ai_postfix,12132,WINMM.dll@6ea10000!__report_gsfailure+0x6c,90,0.6123,14699,20.0
fourteam_ai_postfix,12132,OgreMain.dll!?tempSkelAnimBuffersBound@Entity@Ogre@@IBE_N_N@Z+0x5a,90,0.6123,14699,20.0
fourteam_ai_postfix,12132,OgreMain.dll!?_update@SceneNode@Ogre@@UAEX_N0@Z+0x1b,90,0.6123,14699,20.0
fourteam_ai_postfix,12132,battlezone98redux.exe!sub_6111e0,88,0.5987,14699,20.0
fourteam_ai_postfix,12132,OgreMain.dll!?_findVisibleObjects@SceneNode@Ogre@@UAEXPAVCamera@2@PAVRenderQueue@2@PAUVisibleObjectsBoundsInfo@2@_N33@Z+0x20,87,0.5919,14699,20.0
fourteam_ai_postfix,12132,battlezone98redux.exe!sub_603ad0,87,0.5919,14699,20.0
fourteam_ai_postfix,12132,ntdll.dll!_RtlFreeHeap@12+0xca,86,0.5851,14699,20.0
fourteam_ai_postfix,12132,WINMM.dll@6ea10000!BZROpenShim::`anonymous namespace'::EnsureChunkPayloadResourceLocations+0x458,86,0.5851,14699,20.0
fourteam_ai_postfix,12132,OgreMain.dll!?initialiseResourceGroup@ResourceGroupManager@Ogre@@QAEXABV?$basic_string@DU?$char_traits@D@std@@V?$allocator@D@2@@std@@@Z+0x143,86,0.5851,14699,20.0
fourteam_ai_postfix,12132,OgreMain.dll!?acceptVisitorGrouped@QueuedRenderableCollection@Ogre@@IBEXPAVQueuedRenderableVisitor@2@@Z+0x37,85,0.5783,14699,20.0
fourteam_ai_postfix,12132,OgreMain.dll!?visit@SceneMgrQueuedRenderableVisitor@SceneManager@Ogre@@UAE_NPBVPass@3@@Z+0x2e,84,0.5715,14699,20.0
fourteam_ai_postfix,12132,ucrtbase.dll!_free+0x18,83,0.5647,14699,20.0
fourteam_ai_postfix,12132,WINMM.dll@6ea10000!BZROpenShim::`anonymous namespace'::LogChunkCreateLifecycle+0x38f,83,0.5647,14699,20.0
fourteam_ai_postfix,12132,d3d11.dll!D3D11CoreCreateLayeredDevice+0xc379,82,0.5579,14699,20.0
fourteam_ai_postfix,12132,dxgi.dll!DXGID3D10CreateDevice+0x4471,82,0.5579,14699,20.0
fourteam_ai_postfix,12132,dxgi.dll!DXGIReportAdapterConfiguration+0xf99,82,0.5579,14699,20.0
fourteam_ai_postfix,12132,battlezone98redux.exe!sub_6786f0,82,0.5579,14699,20.0
fourteam_ai_postfix,12132,MSVCR120.dll!floor+0x15,81,0.5511,14699,20.0
fourteam_ai_postfix,12132,battlezone98redux.exe!get,81,0.5511,14699,20.0
fourteam_ai_postfix,12132,battlezone98redux.exe!back,81,0.5511,14699,20.0
fourteam_ai_postfix,12132,OgreMain.dll!?_calcTempSquareDist@Light@Ogre@@QAEXABVVector3@2@@Z+0x25,77,0.5238,14699,20.0
fourteam_ai_postfix,12132,battlezone98redux.exe!sub_4aa630,77,0.5238,14699,20.0
fourteam_ai_postfix,12132,WINMM.dll@6ea10000!BZROpenShim::ChunkEffectCreateChunkletHook+0x292,77,0.5238,14699,20.0
fourteam_ai_postfix,12132,OgreMain.dll!?position@ManualObject@Ogre@@UAEXMMM@Z+0xd9,77,0.5238,14699,20.0
fourteam_ai_postfix,12132,WINMM.dll@6ea10000!BZROpenShim::`anonymous namespace'::UpdateChunkProxySlotPosition+0x37b,76,0.517,14699,20.0
fourteam_ai_postfix,12132,OgreMain.dll!?parseResourceGroupScripts@ResourceGroupManager@Ogre@@IAEXPAUResourceGroup@12@@Z+0x1fb,76,0.517,14699,20.0
fourteam_ai_postfix,12132,OgreMain.dll!?findResourceFileInfo@ResourceGroupManager@Ogre@@QAE?AV?$SharedPtr@V?$vector@UFileInfo@Ogre@@V?$STLAllocator@UFileInfo@Ogre@@V?$CategorisedAllocPolicy@$0A@@2@@2@@std@@@2@ABV?$basic_string@DU?$char_traits@D@std@@V?$allocator@D@2@@std@@0_N@Z+0x1d2,76,0.517,14699,20.0
fourteam_ai_postfix,12132,OgreMain.dll!?findFileInfo@FileSystemArchive@Ogre@@UAE?AV?$SharedPtr@V?$vector@UFileInfo@Ogre@@V?$STLAllocator@UFileInfo@Ogre@@V?$CategorisedAllocPolicy@$0A@@2@@2@@std@@@2@ABV?$basic_string@DU?$char_traits@D@std@@V?$allocator@D@2@@std@@_N1@Z+0xad,76,0.517,14699,20.0
fourteam_ai_postfix,12132,WINMM.dll@6ea10000!BZROpenShim::`anonymous namespace'::AppendGenericChunkBatchGeometry+0xc4,74,0.5034,14699,20.0
fourteam_ai_postfix,12132,ucrtbase.dll!__free_base+0x1b,74,0.5034,14699,20.0
fourteam_ai_postfix,12132,OgreMain.dll!?_setPass@SceneManager@Ogre@@UAEPBVPass@2@PBV32@_N1@Z+0x9c0,74,0.5034,14699,20.0
fourteam_ai_postfix,12132,battlezone98redux.exe!FID_conflict:end,74,0.5034,14699,20.0
fourteam_ai_postfix,12132,battlezone98redux.exe!sub_81fe60,73,0.4966,14699,20.0
fourteam_ai_postfix,12132,RenderSystem_Direct3D11.dll!?setVertexBufferBinding@D3D11RenderSystem@Ogre@@UAEXPAVVertexBufferBinding@2@@Z+0x9f,73,0.4966,14699,20.0
fourteam_ai_postfix,12132,d3d11.dll!CreateDirect3D11DeviceFromDXGIDevice+0x9aae8,71,0.483,14699,20.0
fourteam_ai_postfix,12132,RenderSystem_Direct3D11.dll!??0D3D11RenderWindowSwapChainBased@Ogre@@QAE@ABV01@@Z+0x9c2,71,0.483,14699,20.0
fourteam_ai_postfix,12132,OgreMain.dll!?buffersCheckedOut@TempBlendedBufferInfo@Ogre@@QBE_N_N0@Z+0x35,70,0.4762,14699,20.0
fourteam_ai_postfix,12132,dxgi.dll!DXGIDisableVBlankVirtualization+0x8b36,69,0.4694,14699,20.0
fourteam_ai_postfix,12132,dxgi.dll!DXGIDisableVBlankVirtualization+0x6f4e,69,0.4694,14699,20.0
fourteam_ai_postfix,12132,dxgi.dll!DXGIDisableVBlankVirtualization+0x7920,69,0.4694,14699,20.0
fourteam_ai_postfix,12132,battlezone98redux.exe!sub_47b9b0,69,0.4694,14699,20.0
fourteam_ai_postfix,12132,battlezone98redux.exe!sub_41fe40,69,0.4694,14699,20.0
fourteam_ai_postfix,12132,battlezone98redux.exe!sub_611610,68,0.4626,14699,20.0
fourteam_ai_postfix,12132,WINMM.dll@6ea10000!BZROpenShim::`anonymous namespace'::UpdateChunkProxySlotPosition+0x436,68,0.4626,14699,20.0
fourteam_ai_postfix,12132,battlezone98redux.exe!sub_452580,68,0.4626,14699,20.0
fourteam_ai_postfix,12132,dxgi.dll!DXGIDisableVBlankVirtualization+0x13893,68,0.4626,14699,20.0
fourteam_ai_postfix,12132,battlezone98redux.exe!sub_4675f0,67,0.4558,14699,20.0
fourteam_ai_postfix,12132,d3d11.dll+0x35ece,67,0.4558,14699,20.0
fourteam_ai_postfix,12132,dxgi.dll!DXGIDisableVBlankVirtualization+0x138f9,67,0.4558,14699,20.0
fourteam_ai_postfix,12132,OgreMain.dll!?isVisible@Frustum@Ogre@@UBE_NABVAxisAlignedBox@2@PAW4FrustumPlane@2@@Z+0xb0,66,0.449,14699,20.0
fourteam_ai_postfix,12132,ntdll.dll!_LdrpGenerateSnapsUnicodeStrings@28+0x141,66,0.449,14699,20.0
fourteam_ai_postfix,12132,ntdll.dll!__vsnwprintf+0x18,66,0.449,14699,20.0
fourteam_ai_postfix,12132,ntdll.dll!__vsnwprintf_l+0x5b,66,0.449,14699,20.0
fourteam_ai_postfix,12132,ntdll.dll!RtlStringCchPrintfExW+0x65,66,0.449,14699,20.0
fourteam_ai_postfix,12132,ntdll.dll!RtlStringVPrintfWorkerW+0x1c,66,0.449,14699,20.0
fourteam_ai_postfix,12132,WINMM.dll@6ea10000!BZROpenShim::`anonymous namespace'::TryResolveChunkPayloadMeshResource+0x581,66,0.449,14699,20.0
fourteam_ai_postfix,12132,win32u.dll!_NtUserPeekMessage@24+0xc,66,0.449,14699,20.0
fourteam_ai_postfix,12132,WINMM.dll@6ea10000!BZROpenShim::ResolveCraftOgreEntity+0xd,64,0.4354,14699,20.0
fourteam_ai_postfix,12132,battlezone98redux.exe!sub_4401a0,64,0.4354,14699,20.0
fourteam_ai_postfix,12132,WINMM.dll@6ea10000!BZROpenShim::`anonymous namespace'::TryGetChunkProxyTransform+0xf4,64,0.4354,14699,20.0
fourteam_ai_postfix,12132,battlezone98redux.exe!sub_417780,64,0.4354,14699,20.0
fourteam_ai_postfix,12132,battlezone98redux.exe!sub_45c4b0,63,0.4286,14699,20.0
fourteam_ai_postfix,12132,OgreMain.dll!?updateGpuProgramParameters@SceneManager@Ogre@@MAEXPBVPass@2@@Z+0xd0,63,0.4286,14699,20.0
fourteam_ai_postfix,12132,battlezone98redux.exe!sub_678779,62,0.4218,14699,20.0
fourteam_ai_postfix,12132,dxgi.dll!CompatString+0x2600,62,0.4218,14699,20.0
fourteam_ai_postfix,12132,OgreMain.dll!?getVertexProgram@Pass@Ogre@@QBEABV?$SharedPtr@VGpuProgram@Ogre@@@2@XZ+0xc,62,0.4218,14699,20.0
fourteam_ai_postfix,12132,OgreMain.dll!?_writeRawConstant@GpuProgramParameters@Ogre@@QAEXIABVVector4@2@I@Z+0x25,61,0.415,14699,20.0
fourteam_ai_postfix,12132,OgreMain.dll!?_populateLightList@SceneManager@Ogre@@UAEXABVVector3@2@MAAV?$HashedVector@PAVLight@Ogre@@@2@I@Z+0x232,61,0.415,14699,20.0
fourteam_ai_postfix,12132,dxgi.dll!DXGIDisableVBlankVirtualization+0x14f03,61,0.415,14699,20.0
fourteam_ai_postfix,12132,OgreMain.dll!?addRenderable@RenderQueue@Ogre@@QAEXPAVRenderable@2@EG@Z+0x1e1,60,0.4082,14699,20.0
fourteam_ai_postfix,12132,OgreMain.dll!?getTechnique@SubEntity@Ogre@@UBEPAVTechnique@2@XZ+0xe,60,0.4082,14699,20.0
fourteam_ai_postfix,12132,battlezone98redux.exe!sub_780c70,60,0.4082,14699,20.0
fourteam_ai_postfix,12132,battlezone98redux.exe!sub_7753c0,60,0.4082,14699,20.0
fourteam_ai_postfix,12132,RenderSystem_Direct3D11.dll!?bindGpuProgramParameters@D3D11RenderSystem@Ogre@@UAEXW4GpuProgramType@2@V?$SharedPtr@VGpuProgramParameters@Ogre@@@2@G@Z+0xad,60,0.4082,14699,20.0
fourteam_ai_postfix,12132,battlezone98redux.exe!sub_462710,60,0.4082,14699,20.0
fourteam_ai_postfix,12132,WINMM.dll@6ea10000!BZROpenShim::`anonymous namespace'::LogChunkDiagnostic+0x68,60,0.4082,14699,20.0
fourteam_ai_postfix,12132,KERNELBASE.dll!FindFirstFileExW+0x1b,60,0.4082,14699,20.0
fourteam_ai_postfix,12132,battlezone98redux.exe!sub_44f020,59,0.4014,14699,20.0
fourteam_ai_postfix,12132,WINMM.dll@6ea10000!BZROpenShim::ReadExeSignature+0xc1,59,0.4014,14699,20.0
fourteam_ai_postfix,12132,battlezone98redux.exe!sub_774f80,58,0.3946,14699,20.0
fourteam_ai_postfix,12132,battlezone98redux.exe!sub_4428b0,58,0.3946,14699,20.0
fourteam_ai_postfix,12132,battlezone98redux.exe!sub_4da060,58,0.3946,14699,20.0
fourteam_ai_postfix,12132,d3d11.dll!CreateDirect3D11DeviceFromDXGIDevice+0x9ac60,57,0.3878,14699,20.0
fourteam_ai_postfix,12132,d3d11.dll+0x2b07d,56,0.381,14699,20.0
fourteam_ai_postfix,12132,d3d11.dll!D3D11CoreCreateLayeredDevice+0x942,56,0.381,14699,20.0
fourteam_ai_postfix,12132,"WINMM.dll@6ea10000!std::_Hash<std::_Umap_traits<std::basic_string<char,std::char_traits<char>,std::allocator<char> >,std::vector<std::basic_string<char,std::char_traits<char>,std::allocator<char> >,std::allocator<std::basic_string<char,std::char_traits<char>,std::allocator<char> > > >,std::_Uhash_compare<std::basic_string<char,std::char_traits<char>,std::allocator<char> >,std::hash<std::basic_string<char,std::char_traits<char>,std::allocator<char> > >,std::equal_to<std::basic_string<char,std::char_traits<char>,std::allocator<char> > > >,std::allocator<std::pair<std::basic_string<char,std::char_traits<char>,std::allocator<char> > const ,std::vector<std::basic_string<char,std::char_traits<char>,std::allocator<char> >,std::allocator<std::basic_string<char,std::char_traits<char>,std::allocator<char> > > > > >,0> >::_Forced_rehash+0x108",56,0.381,14699,20.0
fourteam_ai_postfix,12132,MSVCR120.dll!floor+0x19,56,0.381,14699,20.0
fourteam_ai_postfix,12132,battlezone98redux.exe!sub_62e070,55,0.3742,14699,20.0
fourteam_ai_postfix,12132,RenderSystem_Direct3D11.dll!?unlockImpl@D3D11HardwareBuffer@Ogre@@MAEXXZ+0x56,55,0.3742,14699,20.0
fourteam_ai_postfix,12132,battlezone98redux.exe!sub_6116a0,54,0.3674,14699,20.0
fourteam_ai_postfix,12132,battlezone98redux.exe!FID_conflict:operator!=,54,0.3674,14699,20.0
fourteam_ai_postfix,12132,MSVCR120.dll!memmove+0xc7,54,0.3674,14699,20.0
fourteam_ai_postfix,12132,battlezone98redux.exe!sub_447e70,54,0.3674,14699,20.0
fourteam_ai_postfix,12132,battlezone98redux.exe!sub_444ba0,53,0.3606,14699,20.0
fourteam_ai_postfix,12132,OgreMain.dll!?getWorldViewProjMatrix@AutoParamDataSource@Ogre@@UBEABVMatrix4@2@XZ+0x1c,53,0.3606,14699,20.0
fourteam_ai_postfix,12132,MSVCR120.dll!??2@YAPAXI@Z+0xe,53,0.3606,14699,20.0
fourteam_ai_postfix,12132,battlezone98redux.exe!FID_conflict:begin,53,0.3606,14699,20.0
fourteam_ai_postfix,12132,battlezone98redux.exe!sub_449910,53,0.3606,14699,20.0
fourteam_ai_postfix,12132,OgreMain.dll!?addRenderable@RenderQueueGroup@Ogre@@QAEXPAVRenderable@2@PAVTechnique@2@G@Z+0xfc,52,0.3538,14699,20.0
fourteam_ai_postfix,12132,battlezone98redux.exe!sub_444d50,52,0.3538,14699,20.0
fourteam_ai_postfix,12132,battlezone98redux.exe!sub_611270,52,0.3538,14699,20.0
fourteam_ai_postfix,12132,MSVCR120.dll!_findfirst64i32+0x4c,52,0.3538,14699,20.0
fourteam_ai_postfix,12132,battlezone98redux.exe!sub_4513e0,51,0.347,14699,20.0
fourteam_ai_postfix,12132,MSVCR120.dll!malloc+0x33,50,0.3402,14699,20.0
fourteam_ai_postfix,12132,OgreMain.dll!?visitRenderables@Entity@Ogre@@UAEXPAVVisitor@Renderable@2@_N@Z+0x2f,50,0.3402,14699,20.0
fourteam_ai_postfix,12132,WINMM.dll@6ea10000!BZROpenShim::`anonymous namespace'::TryResolveChunkProxyPositionFromCandidates+0x150,50,0.3402,14699,20.0
fourteam_ai_postfix,12132,WINMM.dll@6ea10000!BZROpenShim::`anonymous namespace'::ProcessVisibleObjectHook+0xb4,50,0.3402,14699,20.0
fourteam_ai_postfix,12132,WINMM.dll@6ea10000!BZROpenShim::LogShimW+0x26,50,0.3402,14699,20.0
fourteam_ai_postfix,12132,battlezone98redux.exe!sub_4db600,50,0.3402,14699,20.0
fourteam_ai_postfix,12132,MSVCR120.dll!_wfindfirst64i32+0x4d,50,0.3402,14699,20.0
fourteam_ai_postfix,12132,WINMM.dll@6ea10000!BZROpenShim::`anonymous namespace'::RefreshHeadlightState+0x1f8,49,0.3334,14699,20.0
fourteam_ai_postfix,12132,OgreMain.dll!?updateGpuProgramParameters@SceneManager@Ogre@@MAEXPBVPass@2@@Z+0x7e,49,0.3334,14699,20.0
fourteam_ai_postfix,12132,battlezone98redux.exe!sub_4c9ab0,49,0.3334,14699,20.0
fourteam_ai_postfix,12132,battlezone98redux.exe!sub_4cb7b0,49,0.3334,14699,20.0
fourteam_ai_postfix,12132,d3d11.dll!D3D11CoreCreateLayeredDevice+0xd40a,49,0.3334,14699,20.0
fourteam_ai_postfix,12132,WINMM.dll@6ea10000!BZROpenShim::`anonymous namespace'::TryGetGameObjectHeadlight+0x8d,49,0.3334,14699,20.0
fourteam_ai_postfix,12132,WINMM.dll@6ea10000!BZROpenShim::`anonymous namespace'::IsLikelyLiveOgreObject+0x58,49,0.3334,14699,20.0
fourteam_ai_postfix,12132,RenderSystem_Direct3D11.dll!?bindGpuProgramParameters@D3D11RenderSystem@Ogre@@UAEXW4GpuProgramType@2@V?$SharedPtr@VGpuProgramParameters@Ogre@@@2@G@Z+0x187,48,0.3266,14699,20.0
fourteam_ai_postfix,12132,"battlezone98redux.exe!FID_conflict:_Vector_const_iterator<class_std::_Vector_val<struct_std::_Simple_types<class_std::shared_ptr<struct_Concurrency::details::_Task_impl<struct_std::pair<unsigned_char,class_Concurrency::details::_CancellationTokenState*>_>_>_>_>_>",48,0.3266,14699,20.0
fourteam_ai_postfix,12132,RenderSystem_Direct3D11.dll!?bindGpuProgramParameters@D3D11RenderSystem@Ogre@@UAEXW4GpuProgramType@2@V?$SharedPtr@VGpuProgramParameters@Ogre@@@2@G@Z+0x54a,47,0.3197,14699,20.0
fourteam_ai_postfix,12132,WINMM.dll@6ea10000!BZROpenShim::`anonymous namespace'::TryPromoteChunkProxyLocalTransformToAnchoredWorld+0x12a,47,0.3197,14699,20.0
fourteam_ai_postfix,12132,WINMM.dll@6ea10000!BZROpenShim::`anonymous namespace'::CaptureChunkBridgeSnapshot+0x120,46,0.3129,14699,20.0
fourteam_ai_postfix,12132,ntdll.dll!__woutput_l+0x870,46,0.3129,14699,20.0
fourteam_ai_postfix,12132,nvwgf2um.dll!OpenAdapter10+0x74e6d,46,0.3129,14699,20.0
fourteam_ai_postfix,12132,OgreMain.dll!?_findNamedConstantDefinition@GpuProgramParameters@Ogre@@QBEPBUGpuConstantDefinition@2@ABV?$basic_string@DU?$char_traits@D@std@@V?$allocator@D@2@@std@@_N@Z+0xdb,46,0.3129,14699,20.0
fourteam_ai_postfix,12132,d3d11.dll+0x36548,46,0.3129,14699,20.0
fourteam_ai_postfix,12132,RenderSystem_Direct3D11.dll!?_render@D3D11RenderSystem@Ogre@@UAEXABVRenderOperation@2@@Z+0x177,46,0.3129,14699,20.0
fourteam_ai_postfix,12132,battlezone98redux.exe!sub_4cabf0,46,0.3129,14699,20.0
fourteam_ai_postfix,12132,battlezone98redux.exe!sub_4c9930,46,0.3129,14699,20.0
fourteam_ai_postfix,12132,nvwgf2um.dll!OpenAdapter10+0x72b2d,45,0.3061,14699,20.0
fourteam_ai_postfix,12132,WINMM.dll@6ea10000!BZROpenShim::LogShimVA+0xe7,45,0.3061,14699,20.0
fourteam_ai_postfix,12132,d3d11.dll!CreateDirect3D11DeviceFromDXGIDevice+0xa4628,45,0.3061,14699,20.0
fourteam_ai_postfix,12132,d3d11.dll+0x2704e,45,0.3061,14699,20.0
fourteam_ai_postfix,12132,d3d11.dll!D3D11CoreCreateLayeredDevice+0x9df,45,0.3061,14699,20.0
fourteam_ai_postfix,12132,battlezone98redux.exe!sub_46b260,45,0.3061,14699,20.0
fourteam_ai_postfix,12132,OgreMain.dll!?flushUpTo@RQListener@CompositorChain@Ogre@@QAEXE@Z+0x27,45,0.3061,14699,20.0
fourteam_ai_postfix,12132,OgreMain.dll!?renderQueueStarted@RQListener@CompositorChain@Ogre@@UAEXEABV?$basic_string@DU?$char_traits@D@std@@V?$allocator@D@2@@std@@AA_N@Z+0x1c,45,0.3061,14699,20.0
fourteam_ai_postfix,12132,OgreMain.dll!?isVisible@ShadowRenderable@Ogre@@UBE_NXZ+0x236,45,0.3061,14699,20.0
fourteam_ai_postfix,12132,battlezone98redux.exe!sub_4a08e0,44,0.2993,14699,20.0
fourteam_ai_postfix,12132,battlezone98redux.exe!sub_68c560,43,0.2925,14699,20.0
fourteam_ai_postfix,12132,battlezone98redux.exe!sub_4db100,43,0.2925,14699,20.0
fourteam_ai_postfix,12132,battlezone98redux.exe!sub_4621a0,43,0.2925,14699,20.0
fourteam_ai_postfix,12132,ntdll.dll!_KiUserExceptionDispatcher@8,42,0.2857,14699,20.0
fourteam_ai_postfix,12132,WINMM.dll@6ea10000!BZROpenShim::`anonymous namespace'::AppendGenericChunkBatchGeometry+0x165,42,0.2857,14699,20.0
fourteam_ai_postfix,12132,nvwgf2um.dll!OpenAdapter10+0x73f53,42,0.2857,14699,20.0
fourteam_ai_postfix,12132,nvwgf2um.dll!OpenAdapter10+0x23bb0,42,0.2857,14699,20.0
fourteam_ai_postfix,12132,WINMM.dll@6ea10000!BZROpenShim::`anonymous namespace'::AppendGenericChunkBatchGeometry+0xa4,42,0.2857,14699,20.0
fourteam_ai_postfix,12132,OgreMain.dll!?_renderScene@SceneManager@Ogre@@UAEXPAVCamera@2@PAVViewport@2@_N@Z+0x286,42,0.2857,14699,20.0
fourteam_ai_postfix,12132,battlezone98redux.exe!sub_680bd0,41,0.2789,14699,20.0
fourteam_ai_postfix,12132,d3d11.dll+0x31412,41,0.2789,14699,20.0
fourteam_ai_postfix,12132,d3d11.dll+0x30af7,41,0.2789,14699,20.0
fourteam_ai_postfix,12132,d3d11.dll!D3D11CoreCreateDevice+0x9538,41,0.2789,14699,20.0
fourteam_ai_postfix,12132,RenderSystem_Direct3D11.dll!?_render@D3D11RenderSystem@Ogre@@UAEXABVRenderOperation@2@@Z+0x5b4,41,0.2789,14699,20.0
fourteam_ai_postfix,12132,battlezone98redux.exe!sub_5a5c00,41,0.2789,14699,20.0
fourteam_ai_postfix,12132,ntdll.dll!_mbtowc+0x36,40,0.2721,14699,20.0
fourteam_ai_postfix,12132,ntdll.dll!_LdrGetDllHandleEx@20+0x61,40,0.2721,14699,20.0
fourteam_ai_postfix,12132,nvwgf2um.dll!NVENCODEAPI_Thunk+0x59ceb,40,0.2721,14699,20.0
fourteam_ai_postfix,12132,WINMM.dll@6ea10000!BZROpenShim::DynamicGeometryAddRenderableHook+0x147,40,0.2721,14699,20.0
fourteam_ai_postfix,12132,ntdll.dll!_ZwOpenFile@24+0xc,40,0.2721,14699,20.0
fourteam_ai_postfix,12132,RenderSystem_Direct3D11.dll!?_render@D3D11RenderSystem@Ogre@@UAEXABVRenderOperation@2@@Z+0xe2,39,0.2653,14699,20.0
fourteam_ai_postfix,12132,OgreMain.dll!?prepareShadowTextures@SceneManager@Ogre@@UAEXPAVCamera@2@PAVViewport@2@PBV?$HashedVector@PAVLight@Ogre@@@2@@Z+0x377,39,0.2653,14699,20.0
fourteam_ai_postfix,12132,KERNELBASE.dll!OutputDebugStringA+0x50,39,0.2653,14699,20.0
fourteam_ai_postfix,12132,battlezone98redux.exe!construct<>,39,0.2653,14699,20.0
fourteam_ai_postfix,12132,ntdll.dll!_RtlpLocalInfoAllocFromCache@8+0x242,38,0.2585,14699,20.0
fourteam_ai_postfix,12132,"ucrtbase.dll!__crt_seh_guarded_call<int>::operator()<<lambda_6d20deecaf4856105ebacbad442d1079>,<lambda_9a32fed5bf61b6b509b2d3f6003082a1> &,<lambda_63ea2239ed67c638ddbae41947fdf875> >+0x2f",38,0.2585,14699,20.0
fourteam_ai_postfix,12132,ucrtbase.dll!__write_internal+0x9a,38,0.2585,14699,20.0
fourteam_ai_postfix,12132,ucrtbase.dll!__write_nolock+0xc4,38,0.2585,14699,20.0
fourteam_ai_postfix,12132,WINMM.dll@6ea10000!BZROpenShim::`anonymous namespace'::InitLoggerOnce+0x194,38,0.2585,14699,20.0
fourteam_ai_postfix,12132,ucrtbase.dll!___acrt_stdio_flush_nolock+0x49,38,0.2585,14699,20.0
fourteam_ai_postfix,12132,ucrtbase.dll!_fflush+0x3f,38,0.2585,14699,20.0
fourteam_ai_postfix,12132,ucrtbase.dll!_fflush_nolock_internal+0xe,38,0.2585,14699,20.0
fourteam_ai_postfix,12132,OgreMain.dll!?getShadowCamera@PSSMShadowCameraSetup@Ogre@@UBEXPBVSceneManager@2@PBVCamera@2@PBVViewport@2@PBVLight@2@PAV42@I@Z+0xbc,38,0.2585,14699,20.0
fourteam_ai_postfix,12132,battlezone98redux.exe!sub_4f90a0,38,0.2585,14699,20.0
fourteam_ai_postfix,12132,battlezone98redux.exe!sub_784100,38,0.2585,14699,20.0
fourteam_ai_postfix,12132,OgreMain.dll!?setViewport@SceneManager@Ogre@@MAEXPAVViewport@2@@Z+0x16,38,0.2585,14699,20.0
fourteam_ai_postfix,12132,WINMM.dll@6ea10000!BZROpenShim::`anonymous namespace'::UpdateChunkProxySlotPosition+0x33d,38,0.2585,14699,20.0
fourteam_ai_postfix,12132,battlezone98redux.exe!sub_58ba60,38,0.2585,14699,20.0
fourteam_ai_postfix,12132,battlezone98redux.exe!sub_679610,37,0.2517,14699,20.0
fourteam_ai_postfix,12132,battlezone98redux.exe!sub_67df70,37,0.2517,14699,20.0
fourteam_ai_postfix,12132,ntdll.dll!_LdrGetDllHandleEx@20+0x2f1,37,0.2517,14699,20.0
fourteam_ai_postfix,12132,battlezone98redux.exe!operator-,37,0.2517,14699,20.0
fourteam_ai_postfix,12132,battlezone98redux.exe!sub_44cb70,37,0.2517,14699,20.0
fourteam_ai_postfix,12132,MSVCR120.dll!_findnext64i32+0x27,37,0.2517,14699,20.0
fourteam_ai_postfix,12132,battlezone98redux.exe!sub_6897e0,36,0.2449,14699,20.0
fourteam_ai_postfix,12132,ntdll.dll!_ZwWriteFile@36+0xc,36,0.2449,14699,20.0
fourteam_ai_postfix,12132,ucrtbase.dll!write_text_ansi_nolock+0x98,36,0.2449,14699,20.0
fourteam_ai_postfix,12132,battlezone98redux.exe!sub_462070,36,0.2449,14699,20.0
fourteam_ai_postfix,12132,RenderSystem_Direct3D11.dll!?getILayoutByShader@D3D11VertexDeclaration@Ogre@@IAEPAUID3D11InputLayout@@PAVD3D11HLSLProgram@2@PAVVertexBufferBinding@2@@Z+0x253,36,0.2449,14699,20.0
fourteam_ai_postfix,12132,OgreMain.dll!?processVisibleObject@RenderQueue@Ogre@@QAEXPAVMovableObject@2@PAVCamera@2@_NPAUVisibleObjectsBoundsInfo@2@@Z+0xd9,35,0.2381,14699,20.0
fourteam_ai_postfix,12132,OgreMain.dll!?_updateBounds@SceneNode@Ogre@@UAEXXZ+0x19c,35,0.2381,14699,20.0
fourteam_ai_postfix,12132,OgreMain.dll!?deriveTextureRenderTargetOptions@CompositorInstance@Ogre@@AAEXABV?$basic_string@DU?$char_traits@D@std@@V?$allocator@D@2@@std@@PA_NPAIPAV34@@Z+0xcfc,35,0.2381,14699,20.0
fourteam_ai_postfix,12132,battlezone98redux.exe!sub_820570,35,0.2381,14699,20.0
fourteam_ai_postfix,12132,battlezone98redux.exe!sub_81ee70,34,0.2313,14699,20.0
fourteam_ai_postfix,12132,RenderSystem_Direct3D11.dll!?uninstall@D3D11Plugin@Ogre@@UAEXXZ+0x625f,34,0.2313,14699,20.0
fourteam_ai_postfix,12132,battlezone98redux.exe!sub_462a70,34,0.2313,14699,20.0
fourteam_ai_postfix,12132,"WINMM.dll@6ea10000!std::_Hash<std::_Umap_traits<int,BZROpenShim::`anonymous namespace'::HudSpriteRectRecord,std::_Uhash_compare<int,std::hash<int>,std::equal_to<int> >,std::allocator<std::pair<int const ,BZROpenShim::`anonymous namespace'::HudSpriteRectRecord> >,0> >::erase+0xb1",34,0.2313,14699,20.0
fourteam_ai_postfix,12132,OgreMain.dll!?_update@SceneNode@Ogre@@UAEX_N0@Z+0x11,34,0.2313,14699,20.0
fourteam_ai_postfix,12132,RenderSystem_Direct3D11.dll!?_render@D3D11RenderSystem@Ogre@@UAEXABVRenderOperation@2@@Z+0x2ba,34,0.2313,14699,20.0
fourteam_ai_postfix,12132,battlezone98redux.exe!sub_67ae70,34,0.2313,14699,20.0
fourteam_ai_postfix,12132,OgreMain.dll!?getProgram@Pass@Ogre@@IBEABV?$SharedPtr@VGpuProgram@Ogre@@@2@PBQAVGpuProgramUsage@2@@Z+0x1c,34,0.2313,14699,20.0
fourteam_ai_postfix,12132,battlezone98redux.exe!sub_4dfbf0,34,0.2313,14699,20.0
fourteam_ai_postfix,12132,OgreMain.dll!?_issueRenderOp@SceneManager@Ogre@@UAEXPAVRenderable@2@PBVPass@2@@Z+0x64,34,0.2313,14699,20.0
fourteam_ai_postfix,12132,WINMM.dll@6ea10000!BZROpenShim::ResolveCraftOgreEntity+0x8,34,0.2313,14699,20.0
fourteam_ai_postfix,12132,battlezone98redux.exe!sub_679570,34,0.2313,14699,20.0
fourteam_ai_postfix,12132,battlezone98redux.exe!sub_689d10,33,0.2245,14699,20.0
fourteam_ai_postfix,12132,OgreMain.dll!?_writeRawConstant@GpuProgramParameters@Ogre@@QAEXIABVColourValue@2@I@Z+0x25,33,0.2245,14699,20.0
fourteam_ai_postfix,12132,ntdll.dll!_KiUserCallbackDispatcher@12+0x36,33,0.2245,14699,20.0
fourteam_ai_postfix,12132,"WINMM.dll@6ea10000!std::_Hash<std::_Umap_traits<unsigned int,BZROpenShim::`anonymous namespace'::HudSpriteRectRecord,std::_Uhash_compare<unsigned int,std::hash<unsigned int>,std::equal_to<unsigned int> >,std::allocator<std::pair<unsigned int const ,BZROpenShim::`anonymous namespace'::HudSpriteRectRecord> >,0> >::_Forced_rehash+0x92",33,0.2245,14699,20.0
fourteam_ai_postfix,12132,battlezone98redux.exe!sub_442e70,33,0.2245,14699,20.0
fourteam_ai_postfix,12132,d3d11.dll!D3D11CoreCreateDevice+0xa057,33,0.2245,14699,20.0
fourteam_ai_postfix,12132,OgreMain.dll!?renderSingleObject@SceneManager@Ogre@@MAEXPAVRenderable@2@PBVPass@2@_N2PBV?$HashedVector@PAVLight@Ogre@@@2@@Z+0x7fb,33,0.2245,14699,20.0
fourteam_ai_postfix,12132,RenderSystem_Direct3D11.dll!?_render@D3D11RenderSystem@Ogre@@UAEXABVRenderOperation@2@@Z+0x3b7,33,0.2245,14699,20.0
fourteam_ai_postfix,12132,battlezone98redux.exe!sub_44dca0,33,0.2245,14699,20.0
fourteam_ai_postfix,12132,battlezone98redux.exe!sub_62e710,33,0.2245,14699,20.0
fourteam_ai_postfix,12132,battlezone98redux.exe!sub_4aeb80,33,0.2245,14699,20.0
fourteam_ai_postfix,12132,battlezone98redux.exe!sub_62e780,33,0.2245,14699,20.0
fourteam_ai_postfix,12132,battlezone98redux.exe!sub_44b030,33,0.2245,14699,20.0
fourteam_ai_postfix,12132,RenderSystem_Direct3D11.dll!?_render@D3D11RenderSystem@Ogre@@UAEXABVRenderOperation@2@@Z+0x1a07,32,0.2177,14699,20.0
fourteam_ai_postfix,12132,WINMM.dll@6ea10000!BZROpenShim::`anonymous namespace'::LogChunkDiagnostic+0x7c,32,0.2177,14699,20.0
fourteam_ai_postfix,12132,battlezone98redux.exe!sub_48efe0,32,0.2177,14699,20.0
fourteam_ai_postfix,12132,MSVCR120.dll!__libm_sse2_acosf+0xa6,32,0.2177,14699,20.0
fourteam_ai_postfix,12132,OgreMain.dll!?isInLightRange@Light@Ogre@@QBE_NABVSphere@2@@Z+0x74,32,0.2177,14699,20.0
fourteam_ai_postfix,12132,WINMM.dll@6ea10000!BZROpenShim::`anonymous namespace'::TrackChunkProxyDebugEntry+0x17a,32,0.2177,14699,20.0
fourteam_ai_postfix,12132,battlezone98redux.exe!sub_785730,32,0.2177,14699,20.0
fourteam_ai_postfix,12132,OgreMain.dll!?setOrientation@Node@Ogre@@UAEXABVQuaternion@2@@Z+0x35,32,0.2177,14699,20.0
fourteam_ai_postfix,12132,OgreMain.dll!?clone@Animation@Ogre@@QBEPAV12@ABV?$basic_string@DU?$char_traits@D@std@@V?$allocator@D@2@@std@@@Z+0x283,32,0.2177,14699,20.0
fourteam_ai_postfix,12132,d3d11.dll!D3D11CoreCreateDevice+0x1d1e8,32,0.2177,14699,20.0
fourteam_ai_postfix,12132,battlezone98redux.exe!sub_67bad0,32,0.2177,14699,20.0
fourteam_ai_postfix,12132,RenderSystem_Direct3D11.dll!?_setViewport@D3D11RenderSystem@Ogre@@UAEXPAVViewport@2@@Z+0xb8,32,0.2177,14699,20.0
fourteam_ai_postfix,12132,OgreMain.dll!?addRenderable@RenderQueue@Ogre@@QAEXPAVRenderable@2@E@Z+0x13,32,0.2177,14699,20.0
fourteam_ai_postfix,12132,battlezone98redux.exe!sub_462850,32,0.2177,14699,20.0
fourteam_ai_postfix,12132,OgreMain.dll!?cacheBoneMatrices@Entity@Ogre@@IAE_NXZ+0x5d,32,0.2177,14699,20.0
fourteam_ai_postfix,12132,WINMM.dll@6ea10000!BZROpenShim::EnhancedLights::BudgetForEnhancedScheme+0x53,31,0.2109,14699,20.0
fourteam_ai_postfix,12132,battlezone98redux.exe!sub_43a170,31,0.2109,14699,20.0
fourteam_ai_postfix,12132,d3d11.dll!D3D11CoreCreateDevice+0xa024,31,0.2109,14699,20.0
fourteam_ai_postfix,12132,OgreMain.dll!?needUpdate@Node@Ogre@@UAEX_N@Z+0x31,31,0.2109,14699,20.0
fourteam_ai_postfix,12132,battlezone98redux.exe!sub_451370,31,0.2109,14699,20.0
fourteam_ai_postfix,12132,OgreMain.dll!?findFiles@FileSystemArchive@Ogre@@IAEXABV?$basic_string@DU?$char_traits@D@std@@V?$allocator@D@2@@std@@_N1PAV?$vector@V?$basic_string@DU?$char_traits@D@std@@V?$allocator@D@2@@std@@V?$STLAllocator@V?$basic_string@DU?$char_traits@D@std@@V?$allocator@D@2@@std@@V?$CategorisedAllocPolicy@$0A@@Ogre@@@Ogre@@@4@PAV?$vector@UFileInfo@Ogre@@V?$STLAllocator@UFileInfo@Ogre@@V?$CategorisedAllocPolicy@$0A@@2@@2@@4@@Z+0x5b4,31,0.2109,14699,20.0
fourteam_ai_postfix,12132,OgreMain.dll!?getUseIdentityView@Renderable@Ogre@@QBE_NXZ,31,0.2109,14699,20.0
fourteam_ai_postfix,12132,battlezone98redux.exe!sub_81fa10,30,0.2041,14699,20.0
fourteam_ai_postfix,12132,WINMM.dll@6ea10000!BZROpenShim::`anonymous namespace'::AppendGenericChunkBatchGeometry+0x77,30,0.2041,14699,20.0
fourteam_ai_postfix,12132,"WINMM.dll@6ea10000!std::_Hash<std::_Umap_traits<std::basic_string<char,std::char_traits<char>,std::allocator<char> >,int,std::_Uhash_compare<std::basic_string<char,std::char_traits<char>,std::allocator<char> >,std::hash<std::basic_string<char,std::char_traits<char>,std::allocator<char> > >,std::equal_to<std::basic_string<char,std::char_traits<char>,std::allocator<char> > > >,std::allocator<std::pair<std::basic_string<char,std::char_traits<char>,std::allocator<char> > const ,int> >,0> >::emplace<char const * &,int &>+0x124",30,0.2041,14699,20.0
fourteam_ai_postfix,12132,battlezone98redux.exe!sub_421ec0,30,0.2041,14699,20.0
fourteam_ai_postfix,12132,battlezone98redux.exe!sub_45aae0,30,0.2041,14699,20.0
fourteam_ai_postfix,12132,OgreMain.dll!?renderSingleObject@SceneManager@Ogre@@MAEXPAVRenderable@2@PBVPass@2@_N2PBV?$HashedVector@PAVLight@Ogre@@@2@@Z+0x23d,30,0.2041,14699,20.0
fourteam_ai_postfix,12132,battlezone98redux.exe!FID_conflict:operator-=,30,0.2041,14699,20.0
fourteam_ai_postfix,12132,OgreMain.dll!?findFiles@FileSystemArchive@Ogre@@IAEXABV?$basic_string@DU?$char_traits@D@std@@V?$allocator@D@2@@std@@_N1PAV?$vector@V?$basic_string@DU?$char_traits@D@std@@V?$allocator@D@2@@std@@V?$STLAllocator@V?$basic_string@DU?$char_traits@D@std@@V?$allocator@D@2@@std@@V?$CategorisedAllocPolicy@$0A@@Ogre@@@Ogre@@@4@PAV?$vector@UFileInfo@Ogre@@V?$STLAllocator@UFileInfo@Ogre@@V?$CategorisedAllocPolicy@$0A@@2@@2@@4@@Z+0x14b,30,0.2041,14699,20.0
fourteam_ai_postfix,12132,OgreMain.dll!?getBestTechnique@Material@Ogre@@QAEPAVTechnique@2@GPBVRenderable@2@@Z+0x8b,29,0.1973,14699,20.0
fourteam_ai_postfix,12132,OgreMain.dll!?getUseIdentityProjection@Renderable@Ogre@@QBE_NXZ,29,0.1973,14699,20.0
fourteam_ai_postfix,12132,OgreMain.dll!?getHasInstanceData@VertexBufferBinding@Ogre@@UBE_NXZ+0x17,29,0.1973,14699,20.0
fourteam_ai_postfix,12132,OgreMain.dll!?addRenderable@RenderPriorityGroup@Ogre@@QAEXPAVRenderable@2@PAVTechnique@2@@Z+0xb5,29,0.1973,14699,20.0
fourteam_ai_postfix,12132,WINMM.dll@6ea10000!BZROpenShim::`anonymous namespace'::GetChunkPayloadStockResourceDirectory+0x6,29,0.1973,14699,20.0
fourteam_ai_postfix,12132,OgreMain.dll!?_injectRenderWithPass@SceneManager@Ogre@@UAEXPAVPass@2@PAVRenderable@2@_N2PBV?$HashedVector@PAVLight@Ogre@@@2@@Z+0x29,29,0.1973,14699,20.0
fourteam_ai_postfix,12132,OgreMain.dll!?requestUpdate@Node@Ogre@@UAEXPAV12@_N@Z+0x29,29,0.1973,14699,20.0
fourteam_ai_postfix,12132,battlezone98redux.exe!sub_5b28e0,29,0.1973,14699,20.0
fourteam_ai_postfix,12132,battlezone98redux.exe!sub_444f70,29,0.1973,14699,20.0
fourteam_ai_postfix,12132,d3d11.dll!CreateDirect3D11DeviceFromDXGIDevice+0x9f9c3,29,0.1973,14699,20.0
fourteam_ai_postfix,12132,battlezone98redux.exe!sub_4cbb80,29,0.1973,14699,20.0
fourteam_ai_postfix,12132,nvwgf2um.dll!SetDependencyInfo+0x55997,29,0.1973,14699,20.0
fourteam_ai_postfix,12132,battlezone98redux.exe!sub_686830,29,0.1973,14699,20.0
fourteam_ai_postfix,12132,battlezone98redux.exe!sub_4f90f0,28,0.1905,14699,20.0
fourteam_ai_postfix,12132,OgreMain.dll!?getDerivedPosition@Light@Ogre@@QBEABVVector3@2@_N@Z+0xe,28,0.1905,14699,20.0
fourteam_ai_postfix,12132,OgreMain.dll!?isInLightRange@Light@Ogre@@QBE_NABVSphere@2@@Z+0x172,28,0.1905,14699,20.0
fourteam_ai_postfix,12132,battlezone98redux.exe!sub_584fe0,28,0.1905,14699,20.0
fourteam_ai_postfix,12132,battlezone98redux.exe!sub_586ff0,28,0.1905,14699,20.0
fourteam_ai_postfix,12132,battlezone98redux.exe!sub_480340,28,0.1905,14699,20.0
fourteam_ai_postfix,12132,nvwgf2um.dll!SetDependencyInfo+0x5560f,28,0.1905,14699,20.0
fourteam_ai_postfix,12132,OgreMain.dll!?getBestTechnique@Material@Ogre@@QAEPAVTechnique@2@GPBVRenderable@2@@Z+0x4c,28,0.1905,14699,20.0
fourteam_ai_postfix,12132,nvwgf2um.dll!SetDependencyInfo+0x557ac,28,0.1905,14699,20.0
fourteam_ai_postfix,12132,battlezone98redux.exe!sub_678b40,28,0.1905,14699,20.0
fourteam_ai_postfix,12132,battlezone98redux.exe!sub_68e600,28,0.1905,14699,20.0
fourteam_ai_postfix,12132,battlezone98redux.exe!sub_5a6260,28,0.1905,14699,20.0
fourteam_ai_postfix,12132,OgreMain.dll!?getTechnique@Renderable@Ogre@@UBEPAVTechnique@2@XZ+0x12,27,0.1837,14699,20.0
fourteam_ai_postfix,12132,battlezone98redux.exe!sub_42de50,27,0.1837,14699,20.0
fourteam_ai_postfix,12132,WINMM.dll@6ea10000!BZROpenShim::`anonymous namespace'::TrackChunkProxyDebugEntry+0x222,27,0.1837,14699,20.0
fourteam_ai_postfix,12132,"WINMM.dll@6ea10000!std::_Hash<std::_Uset_traits<unsigned int,std::_Uhash_compare<unsigned int,std::hash<unsigned int>,std::equal_to<unsigned int> >,std::allocator<unsigned int>,0> >::emplace<unsigned int>+0x28c",27,0.1837,14699,20.0
fourteam_ai_postfix,12132,OgreMain.dll!?_calcTempSquareDist@Light@Ogre@@QAEXABVVector3@2@@Z+0x28,27,0.1837,14699,20.0
fourteam_ai_postfix,12132,OgreMain.dll!?getParameters@GpuProgramUsage@Ogre@@QAE?AV?$SharedPtr@VGpuProgramParameters@Ogre@@@2@XZ+0xe7,27,0.1837,14699,20.0
fourteam_ai_postfix,12132,battlezone98redux.exe!FID_conflict:operator==,27,0.1837,14699,20.0
fourteam_ai_postfix,12132,MSVCR120.dll!__libm_sse2_acosf+0xf3,27,0.1837,14699,20.0
fourteam_ai_postfix,12132,ntdll.dll!_ZwReleaseSemaphore@12+0xc,27,0.1837,14699,20.0
fourteam_ai_postfix,12132,battlezone98redux.exe!sub_45a060,27,0.1837,14699,20.0
fourteam_ai_postfix,12132,battlezone98redux.exe!sub_44b4c0,27,0.1837,14699,20.0
fourteam_ai_postfix,12132,ntdll.dll!_ZwQuerySystemInformation@16+0xc,27,0.1837,14699,20.0
fourteam_ai_postfix,12132,MSVCR120.dll!_findnext64+0x97,27,0.1837,14699,20.0
fourteam_ai_postfix,12132,battlezone98redux.exe!sub_5dc300,26,0.1769,14699,20.0
fourteam_ai_postfix,12132,battlezone98redux.exe!sub_8205a0,26,0.1769,14699,20.0
fourteam_ai_postfix,12132,WINMM.dll@6ea10000!BZROpenShim::`anonymous namespace'::RotateGenericChunkVector+0x9f,26,0.1769,14699,20.0
fourteam_ai_postfix,12132,MSVCR120.dll!__libm_sse2_acosf+0x4c,26,0.1769,14699,20.0
fourteam_ai_postfix,12132,battlezone98redux.exe!sub_680fe0,26,0.1769,14699,20.0
fourteam_ai_postfix,12132,OgreMain.dll!?_notifyCurrentCamera@Entity@Ogre@@UAEXPAVCamera@2@@Z+0x35,26,0.1769,14699,20.0
fourteam_ai_postfix,12132,WINMM.dll@6ea10000!BZROpenShim::`anonymous namespace'::RefreshHeadlightState+0x203,26,0.1769,14699,20.0
fourteam_ai_postfix,12132,dxgi.dll!DXGIDisableVBlankVirtualization+0x20b89,26,0.1769,14699,20.0
fourteam_ai_postfix,12132,win32u.dll!_NtUserGetLayeredWindowAttributes@16+0xc,26,0.1769,14699,20.0
fourteam_ai_postfix,12132,OgreMain.dll!?_update@Node@Ogre@@UAEX_N0@Z+0x54,26,0.1769,14699,20.0
fourteam_ai_postfix,12132,OgreMain.dll!?_updateAutoParams@GpuProgramParameters@Ogre@@QAEXPBVAutoParamDataSource@2@G@Z+0x125b,26,0.1769,14699,20.0
fourteam_ai_postfix,12132,RenderSystem_Direct3D11.dll!?_render@D3D11RenderSystem@Ogre@@UAEXABVRenderOperation@2@@Z+0x1295,26,0.1769,14699,20.0
fourteam_ai_postfix,12132,uxtheme.dll!GetImmersiveUserColorSetPreference+0x1195f,26,0.1769,14699,20.0
fourteam_ai_postfix,12132,win32u.dll!_NtUserSystemParametersInfo@16+0xc,26,0.1769,14699,20.0
fourteam_ai_postfix,12132,uxtheme.dll!GetImmersiveUserColorSetPreference+0x1113f,26,0.1769,14699,20.0
fourteam_ai_postfix,12132,USER32.dll!SystemParametersInfoA+0x66,26,0.1769,14699,20.0
fourteam_ai_postfix,12132,dxgi.dll!DXGIDisableVBlankVirtualization+0x20a1e,26,0.1769,14699,20.0
fourteam_ai_postfix,12132,uxtheme.dll!EnableThemeDialogTexture+0x1143,26,0.1769,14699,20.0
fourteam_ai_postfix,12132,dxgi.dll!DXGIGetDebugInterface1+0x204dd,26,0.1769,14699,20.0
fourteam_ai_postfix,12132,OgreMain.dll!?getNumWorldTransforms@SubEntity@Ogre@@UBEGXZ+0x15,26,0.1769,14699,20.0
fourteam_ai_postfix,12132,battlezone98redux.exe!sub_421ee0,26,0.1769,14699,20.0
fourteam_ai_postfix,12132,OgreMain.dll!?_renderScene@SceneManager@Ogre@@UAEXPAVCamera@2@PAVViewport@2@_N@Z+0x350,26,0.1769,14699,20.0
fourteam_ai_postfix,12132,battlezone98redux.exe!sub_5e1350,26,0.1769,14699,20.0
fourteam_ai_postfix,12132,WINMM.dll@6ea10000!BZROpenShim::`anonymous namespace'::RotateGenericChunkVector+0xa1,26,0.1769,14699,20.0
fourteam_ai_postfix,12132,ntdll.dll!_ZwQueryDirectoryFileEx@40+0xc,26,0.1769,14699,20.0
fourteam_ai_postfix,12132,KERNELBASE.dll!SystemTimeToTzSpecificLocalTime+0x4c,26,0.1769,14699,20.0
fourteam_ai_postfix,12132,KERNELBASE.dll!QueryUnbiasedInterruptTimePrecise+0x7e,26,0.1769,14699,20.0
fourteam_ai_postfix,12132,OgreMain.dll!?setAnimationState@Skeleton@Ogre@@UAEXABVAnimationStateSet@2@@Z+0x187,26,0.1769,14699,20.0
fourteam_ai_postfix,12132,OgreMain.dll!?addSolidRenderable@RenderPriorityGroup@Ogre@@IAEXPAVTechnique@2@PAVRenderable@2@_N@Z+0x42,25,0.1701,14699,20.0
fourteam_ai_postfix,12132,OgreMain.dll!?getWorldBoundingBox@MovableObject@Ogre@@UBEABVAxisAlignedBox@2@_N@Z+0x12,25,0.1701,14699,20.0
fourteam_ai_postfix,12132,ntdll.dll!_LdrGetDllHandleEx@20+0x446,25,0.1701,14699,20.0
fourteam_ai_postfix,12132,OgreMain.dll!?_findVisibleObjects@SceneNode@Ogre@@UAEXPAVCamera@2@PAVRenderQueue@2@PAUVisibleObjectsBoundsInfo@2@_N33@Z+0x7e,24,0.1633,14699,20.0
fourteam_ai_postfix,12132,WINMM.dll@6ea10000!BZROpenShim::`anonymous namespace'::UpdateChunkProxySlotPosition+0x34e,24,0.1633,14699,20.0
fourteam_ai_postfix,12132,"WINMM.dll@6ea10000!std::_Hash<std::_Uset_traits<void *,std::_Uhash_compare<void *,std::hash<void *>,std::equal_to<void *> >,std::allocator<void *>,0> >::~_Hash<std::_Uset_traits<void *,std::_Uhash_compare<void *,std::hash<void *>,std::equal_to<void *> >,std::allocator<void *>,0> >+0x3e",24,0.1633,14699,20.0
fourteam_ai_postfix,12132,OgreMain.dll!?lock@HardwareBuffer@Ogre@@UAEPAXIIW4LockOptions@12@W4UploadOptions@12@@Z+0x19c,24,0.1633,14699,20.0
fourteam_ai_postfix,12132,OgreMain.dll!?isVisible@ShadowRenderable@Ogre@@UBE_NXZ+0x231,24,0.1633,14699,20.0
fourteam_ai_postfix,12132,dxgi.dll!DXGIGetDebugInterface1+0x209d0,24,0.1633,14699,20.0
fourteam_ai_postfix,12132,d3d11.dll!CreateDirect3D11DeviceFromDXGIDevice+0x8ee16,24,0.1633,14699,20.0
fourteam_ai_postfix,12132,battlezone98redux.exe!sub_44ef90,24,0.1633,14699,20.0
fourteam_ai_postfix,12132,OgreMain.dll!?getSide@Plane@Ogre@@QBE?AW4Side@12@ABVVector3@2@0@Z+0xe,24,0.1633,14699,20.0
fourteam_ai_postfix,12132,battlezone98redux.exe!sub_421f70,24,0.1633,14699,20.0
fourteam_ai_postfix,12132,d3d11.dll!D3D11CoreCreateDevice+0x9c8f,24,0.1633,14699,20.0
fourteam_ai_postfix,12132,d3d11.dll!D3D11CoreCreateDevice+0x964f,24,0.1633,14699,20.0
fourteam_ai_postfix,12132,ntdll.dll!_RtlpLocalInfoAllocFromCache@8+0x279,24,0.1633,14699,20.0
fourteam_ai_postfix,12132,OgreMain.dll!?getWorldBoundingBox@Entity@Ogre@@UBEABVAxisAlignedBox@2@_N@Z+0x7d,24,0.1633,14699,20.0
fourteam_ai_postfix,12132,OgreMain.dll!?apply@Animation@Ogre@@QAEXPAVSkeleton@2@MMM@Z+0x6a,24,0.1633,14699,20.0
fourteam_ai_postfix,12132,OgreMain.dll+0x1ba22,24,0.1633,14699,20.0
fourteam_ai_postfix,12132,ntdll.dll!_RtlAnsiCharToUnicodeChar@4+0x8d,23,0.1565,14699,20.0
fourteam_ai_postfix,12132,RenderSystem_Direct3D11.dll!?getILayoutByShader@D3D11VertexDeclaration@Ogre@@IAEPAUID3D11InputLayout@@PAVD3D11HLSLProgram@2@PAVVertexBufferBinding@2@@Z+0x6a,23,0.1565,14699,20.0
fourteam_ai_postfix,12132,OgreMain.dll!?updateAnimation@Entity@Ogre@@IAEXXZ+0x38,23,0.1565,14699,20.0
fourteam_ai_postfix,12132,battlezone98redux.exe!sub_46d0a0,23,0.1565,14699,20.0
fourteam_ai_postfix,12132,battlezone98redux.exe!sub_4200d0,23,0.1565,14699,20.0
fourteam_ai_postfix,12132,battlezone98redux.exe!sub_6796d0,23,0.1565,14699,20.0
fourteam_ai_postfix,12132,OgreMain.dll!?getVertexProgramParameters@Pass@Ogre@@QBE?AV?$SharedPtr@VGpuProgramParameters@Ogre@@@2@XZ+0x60,23,0.1565,14699,20.0
fourteam_ai_postfix,12132,OgreMain.dll!?_updateAutoParams@GpuProgramParameters@Ogre@@QAEXPBVAutoParamDataSource@2@G@Z+0x1f65,23,0.1565,14699,20.0
fourteam_ai_postfix,12132,OgreMain.dll!?_updateAutoParams@GpuProgramParameters@Ogre@@QAEXPBVAutoParamDataSource@2@G@Z+0x1cbc,23,0.1565,14699,20.0
fourteam_ai_postfix,12132,OgreMain.dll!?copyTempVertexToBuffer@ManualObject@Ogre@@MAEXXZ+0x64,23,0.1565,14699,20.0
fourteam_ai_postfix,12132,OgreMain.dll!?_updateAutoParams@GpuProgramParameters@Ogre@@QAEXPBVAutoParamDataSource@2@G@Z+0x1e50,23,0.1565,14699,20.0
fourteam_ai_postfix,12132,OgreMain.dll!?_updateAutoParams@GpuProgramParameters@Ogre@@QAEXPBVAutoParamDataSource@2@G@Z+0x1a72,23,0.1565,14699,20.0
fourteam_ai_postfix,12132,OgreMain.dll!?getValue@LodStrategy@Ogre@@QBEMPBVMovableObject@2@PBVCamera@2@@Z+0x1e,23,0.1565,14699,20.0
fourteam_ai_postfix,12132,"WINMM.dll@6ea10000!std::_Hash<std::_Umap_traits<void *,BZROpenShim::`anonymous namespace'::SatelliteEntityVisibility,std::_Uhash_compare<void *,std::hash<void *>,std::equal_to<void *> >,std::allocator<std::pair<void * const,BZROpenShim::`anonymous namespace'::SatelliteEntityVisibility> >,0> >::clear+0x60",23,0.1565,14699,20.0
fourteam_ai_postfix,12132,nvwgf2um.dll!OpenAdapter10+0x7459d,23,0.1565,14699,20.0
fourteam_ai_postfix,12132,battlezone98redux.exe!sub_451250,23,0.1565,14699,20.0
fourteam_ai_postfix,12132,OgreMain.dll!?lock@HardwareBuffer@Ogre@@UAEPAXIIW4LockOptions@12@W4UploadOptions@12@@Z+0xfa,23,0.1565,14699,20.0
fourteam_ai_postfix,12132,d3d11.dll!CreateDirect3D11DeviceFromDXGIDevice+0x9ae79,23,0.1565,14699,20.0
fourteam_ai_postfix,12132,OgreMain.dll+0x27089,23,0.1565,14699,20.0
fourteam_ai_postfix,12132,battlezone98redux.exe!sub_686600,22,0.1497,14699,20.0
fourteam_ai_postfix,12132,OgreMain.dll!?createEntity@SceneManager@Ogre@@UAEPAVEntity@2@ABV?$basic_string@DU?$char_traits@D@std@@V?$allocator@D@2@@std@@@Z+0x59,22,0.1497,14699,20.0
fourteam_ai_postfix,12132,"WINMM.dll@6ea10000!std::_Hash<std::_Umap_traits<int,BZROpenShim::`anonymous namespace'::HudSpriteRectRecord,std::_Uhash_compare<int,std::hash<int>,std::equal_to<int> >,std::allocator<std::pair<int const ,BZROpenShim::`anonymous namespace'::HudSpriteRectRecord> >,0> >::erase+0x64",22,0.1497,14699,20.0
fourteam_ai_postfix,12132,d3d11.dll+0x27010,22,0.1497,14699,20.0
fourteam_ai_postfix,12132,battlezone98redux.exe!sub_443060,22,0.1497,14699,20.0
fourteam_ai_postfix,12132,ntdll.dll!_ZwWaitForSingleObject@12+0xc,22,0.1497,14699,20.0
fourteam_ai_postfix,12132,OgreMain.dll!?getHasInstanceData@VertexBufferBinding@Ogre@@UBE_NXZ+0x5,22,0.1497,14699,20.0
fourteam_ai_postfix,12132,battlezone98redux.exe!sub_480f40,22,0.1497,14699,20.0
fourteam_ai_postfix,12132,OgreMain.dll!?_updateAutoParams@GpuProgramParameters@Ogre@@QAEXPBVAutoParamDataSource@2@G@Z+0x1b5b,22,0.1497,14699,20.0
fourteam_ai_postfix,12132,battlezone98redux.exe!Getal,22,0.1497,14699,20.0
fourteam_ai_postfix,12132,battlezone98redux.exe!sub_44eaa0,22,0.1497,14699,20.0
fourteam_ai_postfix,12132,battlezone98redux.exe!sub_44eea0,22,0.1497,14699,20.0
fourteam_ai_postfix,12132,OgreMain.dll!?findFiles@FileSystemArchive@Ogre@@IAEXABV?$basic_string@DU?$char_traits@D@std@@V?$allocator@D@2@@std@@_N1PAV?$vector@V?$basic_string@DU?$char_traits@D@std@@V?$allocator@D@2@@std@@V?$STLAllocator@V?$basic_string@DU?$char_traits@D@std@@V?$allocator@D@2@@std@@V?$CategorisedAllocPolicy@$0A@@Ogre@@@Ogre@@@4@PAV?$vector@UFileInfo@Ogre@@V?$STLAllocator@UFileInfo@Ogre@@V?$CategorisedAllocPolicy@$0A@@2@@2@@4@@Z+0x4ea,22,0.1497,14699,20.0
fourteam_ai_postfix,12132,battlezone98redux.exe!sub_440130,21,0.1429,14699,20.0
fourteam_ai_postfix,12132,OgreMain.dll!?_updateAutoParams@GpuProgramParameters@Ogre@@QAEXPBVAutoParamDataSource@2@G@Z+0x1b85,21,0.1429,14699,20.0
fourteam_ai_postfix,12132,OgreMain.dll!?getInverseTransposeViewMatrix@AutoParamDataSource@Ogre@@UBE?AVMatrix4@2@XZ+0xb,21,0.1429,14699,20.0
fourteam_ai_postfix,12132,RenderSystem_Direct3D11.dll!?getILayoutByShader@D3D11VertexDeclaration@Ogre@@IAEPAUID3D11InputLayout@@PAVD3D11HLSLProgram@2@PAVVertexBufferBinding@2@@Z+0x24f,21,0.1429,14699,20.0
fourteam_ai_postfix,12132,WINMM.dll@6ea10000!BZROpenShim::ChunkEffectSimulateHook+0x1de,21,0.1429,14699,20.0
fourteam_ai_postfix,12132,OgreMain.dll!?getFragmentProgramParameters@Pass@Ogre@@QBE?AV?$SharedPtr@VGpuProgramParameters@Ogre@@@2@XZ+0x45,21,0.1429,14699,20.0
fourteam_ai_postfix,12132,KERNELBASE.dll!RaiseException+0x64,21,0.1429,14699,20.0
fourteam_ai_postfix,12132,WINMM.dll@6ea10000!BZROpenShim::`anonymous namespace'::RotateGenericChunkVector+0x56,21,0.1429,14699,20.0
fourteam_ai_postfix,12132,d3d11.dll!CreateDirect3D11DeviceFromDXGIDevice+0xbdbd5,21,0.1429,14699,20.0
fourteam_ai_postfix,12132,RenderSystem_Direct3D11.dll!?swapBuffers@D3D11RenderWindowSwapChainBased@Ogre@@UAEXXZ+0x80,21,0.1429,14699,20.0
fourteam_ai_postfix,12132,OgreMain.dll!?updatePoint@RotationalSpline@Ogre@@QAEXGABVQuaternion@2@@Z+0xb042,21,0.1429,14699,20.0
fourteam_ai_postfix,12132,RenderSystem_Direct3D11.dll!?_setRenderTarget@D3D11RenderSystem@Ogre@@UAEXPAVRenderTarget@2@@Z+0x4c,21,0.1429,14699,20.0
fourteam_ai_postfix,12132,OgreMain.dll!?renderSingleObject@SceneManager@Ogre@@MAEXPAVRenderable@2@PBVPass@2@_N2PBV?$HashedVector@PAVLight@Ogre@@@2@@Z+0x87,21,0.1429,14699,20.0
fourteam_ai_postfix,12132,battlezone98redux.exe!sub_4e1190,21,0.1429,14699,20.0
fourteam_ai_postfix,12132,battlezone98redux.exe!sub_4451d0,21,0.1429,14699,20.0
fourteam_ai_postfix,12132,RenderSystem_Direct3D11.dll!?_render@D3D11RenderSystem@Ogre@@UAEXABVRenderOperation@2@@Z+0x18cf,20,0.1361,14699,20.0
fourteam_ai_postfix,12132,OgreMain.dll!?getShadowCamera@LiSPSMShadowCameraSetup@Ogre@@UBEXPBVSceneManager@2@PBVCamera@2@PBVViewport@2@PBVLight@2@PAV42@I@Z+0x277,20,0.1361,14699,20.0
fourteam_ai_postfix,12132,OgreMain.dll!?updatePoint@RotationalSpline@Ogre@@QAEXGABVQuaternion@2@@Z+0xafcf,20,0.1361,14699,20.0
fourteam_ai_postfix,12132,battlezone98redux.exe!sub_44d180,20,0.1361,14699,20.0
fourteam_ai_postfix,12132,ntdll.dll!_RtlMultiByteToUnicodeN@20+0x1b,20,0.1361,14699,20.0
fourteam_ai_postfix,12132,d3d11.dll!CreateDirect3D11DeviceFromDXGIDevice+0xbc60f,20,0.1361,14699,20.0
fourteam_ai_postfix,12132,WINMM.dll@6ea10000!BZROpenShim::`anonymous namespace'::RotateGenericChunkVector+0x98,20,0.1361,14699,20.0
fourteam_ai_postfix,12132,OgreMain.dll!?getDistance@Plane@Ogre@@QBEMABVVector3@2@@Z+0x37,20,0.1361,14699,20.0
fourteam_ai_postfix,12132,OgreMain.dll!?useLightsGpuProgram@SceneManager@Ogre@@MAEXPBVPass@2@PBV?$HashedVector@PAVLight@Ogre@@@2@@Z+0x2b,20,0.1361,14699,20.0
fourteam_ai_postfix,12132,WINMM.dll@6ea10000!BZROpenShim::`anonymous namespace'::InstallEmissionLightFixIfPossible+0xa2,20,0.1361,14699,20.0
fourteam_ai_postfix,12132,WINMM.dll@6ea10000!BZROpenShim::`anonymous namespace'::BanRecord::BanRecord+0x96,20,0.1361,14699,20.0
fourteam_ai_postfix,12132,OgreMain.dll!?_updateAutoParams@GpuProgramParameters@Ogre@@QAEXPBVAutoParamDataSource@2@G@Z+0x1cf5,20,0.1361,14699,20.0
fourteam_ai_postfix,12132,RenderSystem_Direct3D11.dll!?getConstantBuffer@D3D11HLSLProgram@Ogre@@QAEPAUID3D11Buffer@@V?$SharedPtr@VGpuProgramParameters@Ogre@@@2@G@Z+0xa4,20,0.1361,14699,20.0
fourteam_ai_postfix,12132,ntdll.dll!_EtwEventWriteTransfer@28+0x26,20,0.1361,14699,20.0
fourteam_ai_postfix,12132,dxgi.dll!DXGIDisableVBlankVirtualization+0x321ec,20,0.1361,14699,20.0
fourteam_ai_postfix,12132,OgreMain.dll!?cacheBoneMatrices@Entity@Ogre@@IAE_NXZ+0x71,20,0.1361,14699,20.0
fourteam_ai_postfix,12132,WINMM.dll@6ea10000!BZROpenShim::`anonymous namespace'::TryResolveChunkProxyPositionFromCandidates+0x16c,20,0.1361,14699,20.0
fourteam_ai_postfix,12132,d3d11.dll!D3D11CoreCreateDevice+0x26530,20,0.1361,14699,20.0
fourteam_ai_postfix,12132,battlezone98redux.exe!sub_44efb0,20,0.1361,14699,20.0
fourteam_ai_postfix,12132,d3d11.dll!CreateDirect3D11DeviceFromDXGIDevice+0x9b092,20,0.1361,14699,20.0
fourteam_ai_postfix,12132,WINMM.dll@6ea10000!BZROpenShim::`anonymous namespace'::EnsureChunkPayloadResourceLocations+0x3dd,20,0.1361,14699,20.0
fourteam_ai_postfix,12132,battlezone98redux.exe!sub_81f1e0,19,0.1293,14699,20.0
fourteam_ai_postfix,12132,RenderSystem_Direct3D11.dll!?_render@D3D11RenderSystem@Ogre@@UAEXABVRenderOperation@2@@Z+0x132f,19,0.1293,14699,20.0
fourteam_ai_postfix,12132,d3d11.dll+0x31a6a,19,0.1293,14699,20.0
fourteam_ai_postfix,12132,OgreMain.dll!?getHasInstanceData@VertexBufferBinding@Ogre@@UBE_NXZ+0x13,19,0.1293,14699,20.0
fourteam_ai_postfix,12132,OgreMain.dll!?createEntity@SceneManager@Ogre@@UAEPAVEntity@2@ABV?$basic_string@DU?$char_traits@D@std@@V?$allocator@D@2@@std@@00@Z+0x134,19,0.1293,14699,20.0
fourteam_ai_postfix,12132,ntdll.dll!_ZwCallbackReturn@12+0xc,19,0.1293,14699,20.0
fourteam_ai_postfix,12132,WINMM.dll@6ea10000!BZROpenShim::`anonymous namespace'::UpdateChunkProxySlotPosition+0x36b,19,0.1293,14699,20.0
fourteam_ai_postfix,12132,MSVCR120.dll!__libm_sse2_asinf+0x3a,19,0.1293,14699,20.0
fourteam_ai_postfix,12132,OgreMain.dll!?_updateAutoParams@GpuProgramParameters@Ogre@@QAEXPBVAutoParamDataSource@2@G@Z+0x1ca9,19,0.1293,14699,20.0
fourteam_ai_postfix,12132,RenderSystem_Direct3D11.dll!?createImpl@D3D11GpuProgramManager@Ogre@@MAEPAVResource@2@ABV?$basic_string@DU?$char_traits@D@std@@V?$allocator@D@2@@std@@_K0_NPAVManualResourceLoader@2@W4GpuProgramType@2@0@Z+0x6144,19,0.1293,14699,20.0
fourteam_ai_postfix,12132,OgreMain.dll!?prepareRenderQueue@SceneManager@Ogre@@MAEXXZ+0x2f,19,0.1293,14699,20.0
fourteam_ai_postfix,12132,battlezone98redux.exe!sub_62bdf0,19,0.1293,14699,20.0
fourteam_ai_postfix,12132,battlezone98redux.exe!sub_62bdb0,19,0.1293,14699,20.0
fourteam_ai_postfix,12132,battlezone98redux.exe!sub_6895d0,19,0.1293,14699,20.0
fourteam_ai_postfix,12132,d3d11.dll+0x2703b,19,0.1293,14699,20.0
fourteam_ai_postfix,12132,ntdll.dll!_ZwTraceEvent@16+0xc,19,0.1293,14699,20.0
fourteam_ai_postfix,12132,OgreMain.dll+0x21c01,19,0.1293,14699,20.0
fourteam_ai_postfix,12132,"WINMM.dll@6ea10000!std::_Hash<std::_Uset_traits<void *,std::_Uhash_compare<void *,std::hash<void *>,std::equal_to<void *> >,std::allocator<void *>,0> >::~_Hash<std::_Uset_traits<void *,std::_Uhash_compare<void *,std::hash<void *>,std::equal_to<void *> >,std::allocator<void *>,0> >+0x2a",19,0.1293,14699,20.0
fourteam_ai_postfix,12132,d3d11.dll!CreateDirect3D11DeviceFromDXGIDevice+0xa5747,19,0.1293,14699,20.0
fourteam_ai_postfix,12132,battlezone98redux.exe!sub_423830,19,0.1293,14699,20.0
fourteam_ai_postfix,12132,battlezone98redux.exe!sub_439d00,19,0.1293,14699,20.0
fourteam_ai_postfix,12132,battlezone98redux.exe!sub_49bf10,19,0.1293,14699,20.0
fourteam_ai_postfix,12132,battlezone98redux.exe!sub_447e50,19,0.1293,14699,20.0
fourteam_ai_postfix,12132,OgreMain.dll!?addResourceLocation@ResourceGroupManager@Ogre@@QAEXABV?$basic_string@DU?$char_traits@D@std@@V?$allocator@D@2@@std@@00_N1@Z+0x134,19,0.1293,14699,20.0
fourteam_ai_postfix,12132,OgreMain.dll!?find@FileSystemArchive@Ogre@@UAE?AV?$SharedPtr@V?$vector@V?$basic_string@DU?$char_traits@D@std@@V?$allocator@D@2@@std@@V?$STLAllocator@V?$basic_string@DU?$char_traits@D@std@@V?$allocator@D@2@@std@@V?$CategorisedAllocPolicy@$0A@@Ogre@@@Ogre@@@std@@@2@ABV?$basic_string@DU?$char_traits@D@std@@V?$allocator@D@2@@std@@_N1@Z+0xad,19,0.1293,14699,20.0
fourteam_ai_postfix,12132,dxgi.dll!CompatString+0x2a87,18,0.1225,14699,20.0
fourteam_ai_postfix,12132,battlezone98redux.exe!sub_686590,18,0.1225,14699,20.0
fourteam_ai_postfix,12132,ntdll.dll!_ZwQueryInformationProcess@20+0x26,18,0.1225,14699,20.0
fourteam_ai_postfix,12132,battlezone98redux.exe!sub_45acc0,18,0.1225,14699,20.0
fourteam_ai_postfix,12132,OgreMain.dll!?_updateAutoParams@GpuProgramParameters@Ogre@@QAEXPBVAutoParamDataSource@2@G@Z+0x1d08,18,0.1225,14699,20.0
fourteam_ai_postfix,12132,OgreMain.dll!?createMovableObject@SceneManager@Ogre@@UAEPAVMovableObject@2@ABV?$basic_string@DU?$char_traits@D@std@@V?$allocator@D@2@@std@@0PBV?$map@V?$basic_string@DU?$char_traits@D@std@@V?$allocator@D@2@@std@@V12@U?$less@V?$basic_string@DU?$char_traits@D@std@@V?$allocator@D@2@@std@@@2@V?$STLAllocator@U?$pair@$$CBV?$basic_string@DU?$char_traits@D@std@@V?$allocator@D@2@@std@@V12@@std@@V?$CategorisedAllocPolicy@$0A@@Ogre@@@Ogre@@@5@@Z+0x210,18,0.1225,14699,20.0
fourteam_ai_postfix,12132,battlezone98redux.exe!sub_422e80,18,0.1225,14699,20.0
fourteam_ai_postfix,12132,battlezone98redux.exe!sub_42da60,18,0.1225,14699,20.0
fourteam_ai_postfix,12132,OgreMain.dll!?_updateAutoParams@GpuProgramParameters@Ogre@@QAEXPBVAutoParamDataSource@2@G@Z+0x1be0,18,0.1225,14699,20.0
fourteam_ai_postfix,12132,RenderSystem_Direct3D11.dll!?getILayoutByShader@D3D11VertexDeclaration@Ogre@@IAEPAUID3D11InputLayout@@PAVD3D11HLSLProgram@2@PAVVertexBufferBinding@2@@Z+0x56,18,0.1225,14699,20.0
fourteam_ai_postfix,12132,battlezone98redux.exe!sub_464f80,18,0.1225,14699,20.0
fourteam_ai_postfix,12132,OgreMain.dll!?isHardwareAnimationEnabled@Entity@Ogre@@QAE_NXZ+0x43,18,0.1225,14699,20.0
fourteam_ai_postfix,12132,dxgi.dll!DXGIGetDebugInterface1+0x2051a,18,0.1225,14699,20.0
fourteam_ai_postfix,12132,OgreMain.dll!?findLightsAffectingFrustum@SceneManager@Ogre@@MAEXPBVCamera@2@@Z+0x398,18,0.1225,14699,20.0
fourteam_ai_postfix,12132,RenderSystem_Direct3D11.dll!?_render@D3D11RenderSystem@Ogre@@UAEXABVRenderOperation@2@@Z+0x326,18,0.1225,14699,20.0
fourteam_ai_postfix,12132,OgreMain.dll!?getFragmentProgramParameters@Pass@Ogre@@QBE?AV?$SharedPtr@VGpuProgramParameters@Ogre@@@2@XZ+0x7a,18,0.1225,14699,20.0
fourteam_ai_postfix,12132,battlezone98redux.exe!sub_6809f0,18,0.1225,14699,20.0
fourteam_ai_postfix,12132,OgreMain.dll!?clear@RenderQueueGroup@Ogre@@QAEX_N@Z+0xb7,18,0.1225,14699,20.0
fourteam_ai_postfix,12132,OgreMain.dll!?clear@RenderQueue@Ogre@@QAEX_N@Z+0x99,18,0.1225,14699,20.0
fourteam_ai_postfix,12132,OgreMain.dll!?getValueImpl@DistanceLodStrategyBase@Ogre@@MBEMPBVMovableObject@2@PBVCamera@2@@Z+0x15,18,0.1225,14699,20.0
fourteam_ai_postfix,12132,WINMM.dll@6ea10000!BZROpenShim::`anonymous namespace'::RotateGenericChunkVector+0xa5,18,0.1225,14699,20.0
fourteam_ai_postfix,12132,OgreMain.dll!?isHardwareAnimationEnabled@Entity@Ogre@@QAE_NXZ+0x28,18,0.1225,14699,20.0
fourteam_ai_postfix,12132,nvwgf2um.dll!OpenAdapter10+0x726fd,18,0.1225,14699,20.0
fourteam_ai_postfix,12132,WINMM.dll@6ea10000!BZROpenShim::`anonymous namespace'::DecideFrustumCull+0x5d,18,0.1225,14699,20.0
fourteam_ai_postfix,12132,OgreMain.dll!?getProgram@Pass@Ogre@@IBEABV?$SharedPtr@VGpuProgram@Ogre@@@2@PBQAVGpuProgramUsage@2@@Z+0x38,18,0.1225,14699,20.0
fourteam_ai_postfix,12132,OgreMain.dll!?findLightsAffectingFrustum@SceneManager@Ogre@@MAEXPBVCamera@2@@Z+0x119,18,0.1225,14699,20.0
fourteam_ai_postfix,12132,ntdll.dll!__vsnprintf_l+0x4c,18,0.1225,14699,20.0
fourteam_ai_postfix,12132,ntdll.dll!_LdrpGenerateSnapsUnicodeStrings@28+0x183,18,0.1225,14699,20.0
fourteam_ai_postfix,12132,ntdll.dll!_RtlStringCchVPrintfExA@28+0x19,18,0.1225,14699,20.0
fourteam_ai_postfix,12132,ntdll.dll!RtlStringVPrintfWorkerA+0x1e,18,0.1225,14699,20.0
fourteam_ai_postfix,12132,ntdll.dll!__vsnprintf+0x18,18,0.1225,14699,20.0
fourteam_ai_postfix,12132,nvwgf2um.dll!OpenAdapter10+0x72bbd,18,0.1225,14699,20.0
fourteam_ai_postfix,12132,nvwgf2um.dll!OpenAdapter10+0x74efd,18,0.1225,14699,20.0
fourteam_ai_postfix,12132,nvwgf2um.dll!SetDependencyInfo+0x4f20d,18,0.1225,14699,20.0
fourteam_ai_postfix,12132,battlezone98redux.exe!sub_4ad070,18,0.1225,14699,20.0
fourteam_ai_postfix,12132,win32u.dll!_NtGdiDdDDIQueryVidPnExclusiveOwnership@4+0xc,17,0.1157,14699,20.0
fourteam_ai_postfix,12132,OgreMain.dll!?updateView@Frustum@Ogre@@MBEXXZ+0xd,17,0.1157,14699,20.0
fourteam_ai_postfix,12132,battlezone98redux.exe!sub_417910,17,0.1157,14699,20.0
fourteam_ai_postfix,12132,OgreMain.dll!?createInstance@MovableObjectFactory@Ogre@@UAEPAVMovableObject@2@ABV?$basic_string@DU?$char_traits@D@std@@V?$allocator@D@2@@std@@PAVSceneManager@2@PBV?$map@V?$basic_string@DU?$char_traits@D@std@@V?$allocator@D@2@@std@@V12@U?$less@V?$basic_string@DU?$char_traits@D@std@@V?$allocator@D@2@@std@@@2@V?$STLAllocator@U?$pair@$$CBV?$basic_string@DU?$char_traits@D@std@@V?$allocator@D@2@@std@@V12@@std@@V?$CategorisedAllocPolicy@$0A@@Ogre@@@Ogre@@@5@@Z+0x11,17,0.1157,14699,20.0
fourteam_ai_postfix,12132,d3d11.dll!CreateDirect3D11DeviceFromDXGIDevice+0x9f925,17,0.1157,14699,20.0
fourteam_ai_postfix,12132,OgreMain.dll!?ACos@Math@Ogre@@SA?AVRadian@2@M@Z+0x8,17,0.1157,14699,20.0
fourteam_ai_postfix,12132,RenderSystem_Direct3D11.dll!?_render@D3D11RenderSystem@Ogre@@UAEXABVRenderOperation@2@@Z+0x229,17,0.1157,14699,20.0
fourteam_ai_postfix,12132,d3d11.dll+0x31542,17,0.1157,14699,20.0
fourteam_ai_postfix,12132,OgreMain.dll!?angleBetween@Vector3@Ogre@@QBE?AVRadian@2@ABV12@@Z+0xd0,17,0.1157,14699,20.0
fourteam_ai_postfix,12132,nvwgf2um.dll!SetDependencyInfo+0x5a32d,17,0.1157,14699,20.0
fourteam_ai_postfix,12132,OgreMain.dll!?getMovableType@MovablePlane@Ogre@@UBEABV?$basic_string@DU?$char_traits@D@std@@V?$allocator@D@2@@std@@XZ+0xb21,17,0.1157,14699,20.0
fourteam_ai_postfix,12132,KERNELBASE.dll!WaitForSingleObject+0x12,17,0.1157,14699,20.0
fourteam_ai_postfix,12132,OgreMain.dll!?touchVertexBufferCopy@HardwareBufferManagerBase@Ogre@@UAEXABVHardwareVertexBufferSharedPtr@2@@Z+0x1f,17,0.1157,14699,20.0
fourteam_ai_postfix,12132,WINMM.dll@6ea10000!BZROpenShim::`anonymous namespace'::TryResolveChunkPayloadMeshResource+0x46f,17,0.1157,14699,20.0
fourteam_ai_postfix,12132,OgreMain.dll!?processVisibleObject@RenderQueue@Ogre@@QAEXPAVMovableObject@2@PAVCamera@2@_NPAUVisibleObjectsBoundsInfo@2@@Z+0xc7,17,0.1157,14699,20.0
fourteam_ai_postfix,12132,OgreMain.dll!?renderSingleObject@SceneManager@Ogre@@MAEXPAVRenderable@2@PBVPass@2@_N2PBV?$HashedVector@PAVLight@Ogre@@@2@@Z+0x1d5,17,0.1157,14699,20.0
fourteam_ai_postfix,12132,RenderSystem_Direct3D11.dll!?getMonitorSequentialNumberFromSwapChain@MonitorInfo@Ogre@@QAEGPAUIDXGISwapChain@@_N@Z+0x27a7,17,0.1157,14699,20.0
fourteam_ai_postfix,12132,OgreMain.dll!?addRenderable@QueuedRenderableCollection@Ogre@@QAEXPAVPass@2@PAVRenderable@2@@Z+0x3c,17,0.1157,14699,20.0
fourteam_ai_postfix,12132,OgreMain.dll!?isInLightRange@Light@Ogre@@QBE_NABVSphere@2@@Z+0x7e,17,0.1157,14699,20.0
fourteam_ai_postfix,12132,OgreMain.dll!?touchVertexBufferCopy@HardwareBufferManagerBase@Ogre@@UAEXABVHardwareVertexBufferSharedPtr@2@@Z+0x47,17,0.1157,14699,20.0
fourteam_ai_postfix,12132,battlezone98redux.exe!allocator<char>,17,0.1157,14699,20.0
fourteam_ai_postfix,12132,nvwgf2um.dll!OpenAdapter10+0x77c4d,17,0.1157,14699,20.0
fourteam_ai_postfix,12132,battlezone98redux.exe!sub_4ca8f0,17,0.1157,14699,20.0
fourteam_ai_postfix,12132,battlezone98redux.exe!sub_8203f0,16,0.1089,14699,20.0
fourteam_ai_postfix,12132,"WINMM.dll@6ea10000!std::unordered_set<void *,std::hash<void *>,std::equal_to<void *>,std::allocator<void *> >::unordered_set<void *,std::hash<void *>,std::equal_to<void *>,std::allocator<void *> >+0x32",16,0.1089,14699,20.0
fourteam_ai_postfix,12132,battlezone98redux.exe!sub_4db560,16,0.1089,14699,20.0
fourteam_ai_postfix,12132,OgreMain.dll!?_writeRawConstant@GpuProgramParameters@Ogre@@QAEXIABVMatrix4@2@I@Z+0x3a,16,0.1089,14699,20.0
fourteam_ai_postfix,12132,RenderSystem_Direct3D11.dll!??0D3D11RenderWindowSwapChainBased@Ogre@@QAE@ABV01@@Z+0x9f2,16,0.1089,14699,20.0
fourteam_ai_postfix,12132,d3d11.dll+0x30d82,16,0.1089,14699,20.0
fourteam_ai_postfix,12132,ntdll.dll!_ZwRaiseException@12+0xc,16,0.1089,14699,20.0
fourteam_ai_postfix,12132,nvwgf2um.dll!SetDependencyInfo+0x55f6b,16,0.1089,14699,20.0
fourteam_ai_postfix,12132,WINMM.dll@6ea10000!BZROpenShim::`anonymous namespace'::AppendGenericChunkBatchGeometry+0x10a,16,0.1089,14699,20.0
fourteam_ai_postfix,12132,ntdll.dll!_RtlpLocalInfoAllocFromCache@8+0x28,16,0.1089,14699,20.0
fourteam_ai_postfix,12132,battlezone98redux.exe!sub_679f10,16,0.1089,14699,20.0
fourteam_ai_postfix,12132,battlezone98redux.exe!sub_4178a0,16,0.1089,14699,20.0
fourteam_ai_postfix,12132,WINMM.dll@6ea10000!BZROpenShim::`anonymous namespace'::TryResolveChunkPayloadMeshResourceForMeshAndGeom+0x1cb,16,0.1089,14699,20.0
fourteam_ai_postfix,12132,battlezone98redux.exe!sub_447e90,16,0.1089,14699,20.0
fourteam_ai_postfix,12132,battlezone98redux.exe!sub_448e60,16,0.1089,14699,20.0
fourteam_ai_postfix,12132,battlezone98redux.exe!sub_6210a0,16,0.1089,14699,20.0
fourteam_ai_postfix,12132,battlezone98redux.exe!_Move<>,16,0.1089,14699,20.0
fourteam_ai_postfix,12132,d3d11.dll!D3D11CoreCreateLayeredDevice+0x1490,16,0.1089,14699,20.0
fourteam_ai_postfix,12132,OgreMain.dll!?processVisibleObject@RenderQueue@Ogre@@QAEXPAVMovableObject@2@PAVCamera@2@_NPAUVisibleObjectsBoundsInfo@2@@Z+0xd1,16,0.1089,14699,20.0
fourteam_ai_postfix,12132,battlezone98redux.exe!sub_44ec90,16,0.1089,14699,20.0
fourteam_ai_postfix,12132,OgreMain.dll+0x3942d,16,0.1089,14699,20.0
fourteam_ai_postfix,12132,battlezone98redux.exe!sub_417460,16,0.1089,14699,20.0
fourteam_ai_postfix,12132,battlezone98redux.exe!swap<>,16,0.1089,14699,20.0
fourteam_ai_postfix,12132,battlezone98redux.exe!sub_44ff76,16,0.1089,14699,20.0
fourteam_ai_postfix,12132,battlezone98redux.exe!sub_44eef0,16,0.1089,14699,20.0
fourteam_ai_postfix,12132,OgreMain.dll!?getVertexDataForBinding@SubEntity@Ogre@@QAEPAVVertexData@2@XZ+0x2a,16,0.1089,14699,20.0
fourteam_ai_postfix,12132,WINMM.dll@6ea10000!BZROpenShim::ChunkEffectFullFragmentHook+0x6c,16,0.1089,14699,20.0
fourteam_ai_postfix,12132,battlezone98redux.exe!sub_492460,16,0.1089,14699,20.0
fourteam_ai_postfix,12132,MSVCR120.dll!_wfindnext64i32+0xb7,16,0.1089,14699,20.0
fourteam_ai_postfix,12132,WINMM.dll@6ea10000!BZROpenShim::`anonymous namespace'::TryResolveChunkProxyPositionFromCandidates+0xf6,15,0.102,14699,20.0
fourteam_ai_postfix,12132,OgreMain.dll!?_updateAutoParams@GpuProgramParameters@Ogre@@QAEXPBVAutoParamDataSource@2@G@Z+0x1eb5,15,0.102,14699,20.0
fourteam_ai_postfix,12132,battlezone98redux.exe!sub_4db510,15,0.102,14699,20.0
fourteam_ai_postfix,12132,VCRUNTIME140.dll!_except_handler4_common+0x15e,15,0.102,14699,20.0
fourteam_ai_postfix,12132,OgreMain.dll!?getInverseViewMatrix@AutoParamDataSource@Ogre@@UBEABVMatrix4@2@XZ+0x22,15,0.102,14699,20.0
fourteam_ai_postfix,12132,d3d11.dll+0x2b4fb,15,0.102,14699,20.0
fourteam_ai_postfix,12132,WINMM.dll@6ea10000!BZROpenShim::`anonymous namespace'::TryResolveChunkPayloadMeshResource+0x36f,15,0.102,14699,20.0
fourteam_ai_postfix,12132,d3d11.dll!CreateDirect3D11DeviceFromDXGIDevice+0xa0679,15,0.102,14699,20.0
fourteam_ai_postfix,12132,battlezone98redux.exe!sub_492d60,15,0.102,14699,20.0
fourteam_ai_postfix,12132,battlezone98redux.exe!sub_62bf70,15,0.102,14699,20.0
fourteam_ai_postfix,12132,nvwgf2um.dll!OpenAdapter10+0x77bed,15,0.102,14699,20.0
fourteam_ai_postfix,12132,WINMM.dll@6ea10000!BZROpenShim::`anonymous namespace'::RebuildAndSubmitGenericChunkBatch+0x102f,15,0.102,14699,20.0
fourteam_ai_postfix,12132,battlezone98redux.exe!sub_4498d0,15,0.102,14699,20.0
fourteam_ai_postfix,12132,battlezone98redux.exe!sub_417e20,15,0.102,14699,20.0
fourteam_ai_postfix,12132,OgreMain.dll!?isInLightRange@Light@Ogre@@QBE_NABVSphere@2@@Z+0x4e,15,0.102,14699,20.0
fourteam_ai_postfix,12132,OgreMain.dll!?getLightAs4DVector@AutoParamDataSource@Ogre@@UBE?AVVector4@2@I@Z+0x17,15,0.102,14699,20.0
fourteam_ai_postfix,12132,OgreMain.dll!?update@Light@Ogre@@MBEXXZ+0xda,15,0.102,14699,20.0
fourteam_ai_postfix,12132,RenderSystem_Direct3D11.dll!?bindToShader@D3D11VertexDeclaration@Ogre@@QAEXPAVD3D11HLSLProgram@2@PAVVertexBufferBinding@2@@Z+0xa,15,0.102,14699,20.0
fourteam_ai_postfix,12132,battlezone98redux.exe!sub_5b2950,15,0.102,14699,20.0
fourteam_ai_postfix,12132,battlezone98redux.exe!sub_68ca30,15,0.102,14699,20.0
fourteam_ai_postfix,12132,RenderSystem_Direct3D11.dll!?_render@D3D11RenderSystem@Ogre@@UAEXABVRenderOperation@2@@Z+0x195a,15,0.102,14699,20.0
fourteam_ai_postfix,12132,"WINMM.dll@6ea10000!std::_Hash<std::_Umap_traits<std::basic_string<char,std::char_traits<char>,std::allocator<char> >,std::vector<std::basic_string<char,std::char_traits<char>,std::allocator<char> >,std::allocator<std::basic_string<char,std::char_traits<char>,std::allocator<char> > > >,std::_Uhash_compare<std::basic_string<char,std::char_traits<char>,std::allocator<char> >,std::hash<std::basic_string<char,std::char_traits<char>,std::allocator<char> > >,std::equal_to<std::basic_string<char,std::char_traits<char>,std::allocator<char> > > >,std::allocator<std::pair<std::basic_string<char,std::char_traits<char>,std::allocator<char> > const ,std::vector<std::basic_string<char,std::char_traits<char>,std::allocator<char> >,std::allocator<std::basic_string<char,std::char_traits<char>,std::allocator<char> > > > > >,0> >::_Forced_rehash+0x13f",15,0.102,14699,20.0
fourteam_ai_postfix,12132,WINMM.dll@6ea10000!BZROpenShim::`anonymous namespace'::TrackChunkProxyDebugEntry+0x186,15,0.102,14699,20.0
fourteam_ai_postfix,12132,d3d11.dll!D3D11CoreCreateDevice+0xa1cf,15,0.102,14699,20.0
fourteam_ai_postfix,12132,d3d11.dll!D3D11CoreCreateDevice+0xa28d,15,0.102,14699,20.0
fourteam_ai_postfix,12132,OgreMain.dll+0x41fb,15,0.102,14699,20.0
fourteam_ai_postfix,12132,battlezone98redux.exe!sub_46d020,15,0.102,14699,20.0
fourteam_ai_postfix,12132,"WINMM.dll@6ea10000!std::_Hash<std::_Umap_traits<void *,BZROpenShim::`anonymous namespace'::SatelliteEntityVisibility,std::_Uhash_compare<void *,std::hash<void *>,std::equal_to<void *> >,std::allocator<std::pair<void * const,BZROpenShim::`anonymous namespace'::SatelliteEntityVisibility> >,0> >::clear+0x17",15,0.102,14699,20.0
fourteam_ai_postfix,12132,battlezone98redux.exe!sub_764a10,15,0.102,14699,20.0
fourteam_ai_postfix,12132,battlezone98redux.exe!sub_44ef20,15,0.102,14699,20.0
fourteam_ai_postfix,12132,OgreMain.dll!?isVisible@MovableObject@Ogre@@UBE_NXZ+0x25,15,0.102,14699,20.0
fourteam_ai_postfix,12132,battlezone98redux.exe!sub_44f090,15,0.102,14699,20.0
fourteam_ai_postfix,12132,RenderSystem_Direct3D11.dll!?getILayoutByShader@D3D11VertexDeclaration@Ogre@@IAEPAUID3D11InputLayout@@PAVD3D11HLSLProgram@2@PAVVertexBufferBinding@2@@Z+0x52,15,0.102,14699,20.0
fourteam_ai_postfix,12132,OgreMain.dll!?touch@Resource@Ogre@@UAEXXZ+0xa,15,0.102,14699,20.0
fourteam_ai_postfix,12132,WINMM.dll@6ea10000!BZROpenShim::`anonymous namespace'::TrackChunkProxyDebugEntry+0x272,15,0.102,14699,20.0
fourteam_ai_postfix,12132,RenderSystem_Direct3D11.dll!??0D3D11RenderWindowSwapChainBased@Ogre@@QAE@ABV01@@Z+0x310,15,0.102,14699,20.0
fourteam_ai_postfix,12132,battlezone98redux.exe!sub_5c65a0,15,0.102,14699,20.0
fourteam_ai_postfix,12132,OgreMain.dll!??0LiSPSMShadowCameraSetup@Ogre@@QAE@XZ+0x8,14,0.0952,14699,20.0
fourteam_ai_postfix,12132,battlezone98redux.exe!sub_67ec70,14,0.0952,14699,20.0
fourteam_ai_postfix,12132,d3d11.dll!CreateDirect3D11DeviceFromDXGIDevice+0x9da47,14,0.0952,14699,20.0
fourteam_ai_postfix,12132,OgreMain.dll!?getViewMatrix@AutoParamDataSource@Ogre@@UBEABVMatrix4@2@XZ+0x7c,14,0.0952,14699,20.0
fourteam_ai_postfix,12132,WINMM.dll@6ea10000!BZROpenShim::`anonymous namespace'::TryResolveChunkPayloadMeshResource+0x395,14,0.0952,14699,20.0
fourteam_ai_postfix,12132,nvwgf2um.dll!OpenAdapter10+0x7202d,14,0.0952,14699,20.0
fourteam_ai_postfix,12132,OgreMain.dll!?getWorldBoundingSphere@Entity@Ogre@@UBEABVSphere@2@_N@Z+0x7d,14,0.0952,14699,20.0
fourteam_ai_postfix,12132,nvwgf2um.dll!SetDependencyInfo+0x5a146,14,0.0952,14699,20.0
fourteam_ai_postfix,12132,WINMM.dll@6ea10000!BZROpenShim::`anonymous namespace'::RebuildAndSubmitGenericChunkBatch+0x189,14,0.0952,14699,20.0
fourteam_ai_postfix,12132,RenderSystem_Direct3D11.dll!?_render@D3D11RenderSystem@Ogre@@UAEXABVRenderOperation@2@@Z+0x5b,14,0.0952,14699,20.0
fourteam_ai_postfix,12132,OgreMain.dll!?_populateLightList@SceneManager@Ogre@@UAEXABVVector3@2@MAAV?$HashedVector@PAVLight@Ogre@@@2@I@Z+0x164,14,0.0952,14699,20.0
fourteam_ai_postfix,12132,battlezone98redux.exe!sub_822e60,14,0.0952,14699,20.0
fourteam_ai_postfix,12132,USER32.dll!SystemParametersInfoW+0x2c9,14,0.0952,14699,20.0
fourteam_ai_postfix,12132,WINMM.dll@6ea10000!BZROpenShim::`anonymous namespace'::TryBuildChunkProxyAnchoredEntryTransform+0xea,14,0.0952,14699,20.0
fourteam_ai_postfix,12132,RenderSystem_Direct3D11.dll!?getConstantBuffer@D3D11HLSLProgram@Ogre@@QAEPAUID3D11Buffer@@V?$SharedPtr@VGpuProgramParameters@Ogre@@@2@G@Z+0xe7,14,0.0952,14699,20.0
fourteam_ai_postfix,12132,battlezone98redux.exe+0x2da8f,14,0.0952,14699,20.0
fourteam_ai_postfix,12132,d3d11.dll!CreateDirect3D11DeviceFromDXGIDevice+0x9da48,14,0.0952,14699,20.0
fourteam_ai_postfix,12132,KERNELBASE.dll!WaitForMultipleObjects+0x18,14,0.0952,14699,20.0
fourteam_ai_postfix,12132,ntdll.dll!_ZwWaitForMultipleObjects@20+0xc,14,0.0952,14699,20.0
fourteam_ai_postfix,12132,RenderSystem_Direct3D11.dll!?getILayoutByShader@D3D11VertexDeclaration@Ogre@@IAEPAUID3D11InputLayout@@PAVD3D11HLSLProgram@2@PAVVertexBufferBinding@2@@Z+0x274,14,0.0952,14699,20.0
fourteam_ai_postfix,12132,battlezone98redux.exe!sub_81cb40,14,0.0952,14699,20.0
fourteam_ai_postfix,12132,battlezone98redux.exe!FID_conflict:_Make_iter,14,0.0952,14699,20.0
fourteam_ai_postfix,12132,OgreMain.dll!?_updateAutoParams@GpuProgramParameters@Ogre@@QAEXPBVAutoParamDataSource@2@G@Z+0x1bab,14,0.0952,14699,20.0
fourteam_ai_postfix,12132,OgreMain.dll!?updatePoint@RotationalSpline@Ogre@@QAEXGABVQuaternion@2@@Z+0x1522,14,0.0952,14699,20.0
fourteam_ai_postfix,12132,battlezone98redux.exe!sub_44f200,14,0.0952,14699,20.0
fourteam_ai_postfix,12132,ntdll.dll!_RtlAnsiCharToUnicodeChar@4+0x36,14,0.0952,14699,20.0
fourteam_ai_postfix,12132,OgreMain.dll!?chooseVertexDataForBinding@Entity@Ogre@@QAE?AW4VertexDataBindChoice@12@_N@Z+0x11,14,0.0952,14699,20.0
fourteam_ai_postfix,12132,OgreMain.dll!?findLightsAffectingFrustum@SceneManager@Ogre@@MAEXPBVCamera@2@@Z+0xc0,14,0.0952,14699,20.0
fourteam_ai_postfix,12132,WINMM.dll@6ea10000!BZROpenShim::ChunkEffectCreateChunkletHook+0x153,14,0.0952,14699,20.0
fourteam_ai_postfix,12132,OgreMain.dll!?applyToNode@NodeAnimationTrack@Ogre@@UAEXPAVNode@2@ABVTimeIndex@2@MM@Z+0x81,14,0.0952,14699,20.0
fourteam_ai_postfix,12132,battlezone98redux.exe!sub_593750,14,0.0952,14699,20.0
fourteam_ai_postfix,12132,"WINMM.dll@6ea10000!std::basic_string<char,std::char_traits<char>,std::allocator<char> >::append+0x60",13,0.0884,14699,20.0
fourteam_ai_postfix,12132,WINMM.dll@6ea10000!BZROpenShim::`anonymous namespace'::TryResolveChunkPayloadMeshResource+0x3eb,13,0.0884,14699,20.0
fourteam_ai_postfix,12132,battlezone98redux.exe!sub_4bb060,13,0.0884,14699,20.0
fourteam_ai_postfix,12132,MSVCR120.dll!free+0x1a,13,0.0884,14699,20.0
fourteam_ai_postfix,12132,OgreMain.dll!?_findVisibleObjects@SceneNode@Ogre@@UAEXPAVCamera@2@PAVRenderQueue@2@PAUVisibleObjectsBoundsInfo@2@_N33@Z+0x76,13,0.0884,14699,20.0
fourteam_ai_postfix,12132,ucrtbase.dll!__ldclass+0x19,13,0.0884,14699,20.0
fourteam_ai_postfix,12132,WINMM.dll@6ea10000!BZROpenShim::`anonymous namespace'::TryResolveChunkProxyPositionFromCandidates+0x182,13,0.0884,14699,20.0
fourteam_ai_postfix,12132,battlezone98redux.exe!sub_820180,13,0.0884,14699,20.0
fourteam_ai_postfix,12132,WINMM.dll@6ea10000!BZROpenShim::`anonymous namespace'::TryResolveChunkPayloadMeshResourceForMeshAndGeom+0x1dc,13,0.0884,14699,20.0
fourteam_ai_postfix,12132,WINMM.dll@6ea10000!BZROpenShim::`anonymous namespace'::TextEntryAppendCharNicknameHook+0x39,13,0.0884,14699,20.0
fourteam_ai_postfix,12132,OgreMain.dll!?findLightsAffectingFrustum@SceneManager@Ogre@@MAEXPBVCamera@2@@Z+0x1d7,13,0.0884,14699,20.0
fourteam_ai_postfix,12132,WINMM.dll@6ea10000!BZROpenShim::`anonymous namespace'::TryResolveChunkPayloadMeshResource+0x1d8,13,0.0884,14699,20.0
fourteam_ai_postfix,12132,OgreMain.dll!?_updateAutoParams@Pass@Ogre@@QBEXPBVAutoParamDataSource@2@G@Z+0x43,13,0.0884,14699,20.0
fourteam_ai_postfix,12132,ucrtbase.dll!__math_exit+0x29,13,0.0884,14699,20.0
fourteam_ai_postfix,12132,dxgi.dll!DXGIGetDebugInterface1+0x20602,13,0.0884,14699,20.0
fourteam_ai_postfix,12132,RenderSystem_Direct3D11.dll!?bindGpuProgramParameters@D3D11RenderSystem@Ogre@@UAEXW4GpuProgramType@2@V?$SharedPtr@VGpuProgramParameters@Ogre@@@2@G@Z+0x85,13,0.0884,14699,20.0
fourteam_ai_postfix,12132,battlezone98redux.exe!sub_6c9bd0,13,0.0884,14699,20.0
fourteam_ai_postfix,12132,USER32.dll!MsgWaitForMultipleObjectsEx+0x270,13,0.0884,14699,20.0
fourteam_ai_postfix,12132,battlezone98redux.exe!sub_619340,13,0.0884,14699,20.0
fourteam_ai_postfix,12132,USER32.dll!MsgWaitForMultipleObjectsEx+0x7cd,13,0.0884,14699,20.0
fourteam_ai_postfix,12132,USER32.dll!GetMessagePos+0x783,13,0.0884,14699,20.0
fourteam_ai_postfix,12132,OgreMain.dll!?isInLightRange@Light@Ogre@@QBE_NABVSphere@2@@Z+0x6,13,0.0884,14699,20.0
fourteam_ai_postfix,12132,OgreMain.dll!?_updateAutoParams@GpuProgramParameters@Ogre@@QAEXPBVAutoParamDataSource@2@G@Z+0x1c2f,13,0.0884,14699,20.0
fourteam_ai_postfix,12132,win32u.dll!_NtUserSetCursorPos@8+0xc,13,0.0884,14699,20.0
fourteam_ai_postfix,12132,battlezone98redux.exe!sub_623b20,13,0.0884,14699,20.0
fourteam_ai_postfix,12132,battlezone98redux.exe!sub_42de70,13,0.0884,14699,20.0
fourteam_ai_postfix,12132,RenderSystem_Direct3D11.dll!?getD3DVertexBuffer@D3D11HardwareVertexBuffer@Ogre@@QBEPAUID3D11Buffer@@XZ+0x6,13,0.0884,14699,20.0
fourteam_ai_postfix,12132,battlezone98redux.exe!sub_462450,13,0.0884,14699,20.0
fourteam_ai_postfix,12132,OgreMain.dll!?_calcTempSquareDist@Light@Ogre@@QAEXABVVector3@2@@Z+0x58,13,0.0884,14699,20.0
fourteam_ai_postfix,12132,OgreMain.dll!?update@Light@Ogre@@MBEXXZ,13,0.0884,14699,20.0
fourteam_ai_postfix,12132,battlezone98redux.exe!sub_44c840,13,0.0884,14699,20.0
fourteam_ai_postfix,12132,battlezone98redux.exe!sub_450300,13,0.0884,14699,20.0
fourteam_ai_postfix,12132,RenderSystem_Direct3D11.dll!?fireDeviceEvent@D3D11RenderSystem@Ogre@@QAEXPAVD3D11Device@2@ABV?$basic_string@DU?$char_traits@D@std@@V?$allocator@D@2@@std@@PAVD3D11RenderWindowBase@2@@Z+0xaa,13,0.0884,14699,20.0
fourteam_ai_postfix,12132,nvwgf2um.dll!OpenAdapter10+0x71b17,13,0.0884,14699,20.0
fourteam_ai_postfix,12132,nvwgf2um.dll!OpenAdapter10+0x744c7,13,0.0884,14699,20.0
fourteam_ai_postfix,12132,OgreMain.dll!?getFragmentProgramParameters@Pass@Ogre@@QBE?AV?$SharedPtr@VGpuProgramParameters@Ogre@@@2@XZ+0x5b,13,0.0884,14699,20.0
fourteam_ai_postfix,12132,OgreMain.dll!?visit@SceneMgrQueuedRenderableVisitor@SceneManager@Ogre@@UAEXPAVRenderable@3@@Z+0x16,13,0.0884,14699,20.0
fourteam_ai_postfix,12132,OgreMain.dll!?_update@Node@Ogre@@UAEX_N0@Z+0x7f,13,0.0884,14699,20.0
fourteam_ai_postfix,12132,OgreMain.dll!?_getBoneMatrices@Skeleton@Ogre@@UAEXPAVMatrix4@2@@Z+0x10,13,0.0884,14699,20.0
fourteam_ai_postfix,12132,OgreMain.dll!?_updateTransforms@Skeleton@Ogre@@UAEXXZ+0x3e,13,0.0884,14699,20.0
fourteam_ai_postfix,12132,battlezone98redux.exe!sub_5c1b30,13,0.0884,14699,20.0
fourteam_ai_postfix,12132,WINMM.dll@6ea10000!BZROpenShim::`anonymous namespace'::ProcessVisibleObjectHook+0x89,12,0.0816,14699,20.0
fourteam_ai_postfix,12132,battlezone98redux.exe!sub_45b050,12,0.0816,14699,20.0
fourteam_ai_postfix,12132,d3d11.dll+0x31b92,12,0.0816,14699,20.0
fourteam_ai_postfix,12132,OgreMain.dll!?index@ManualObject@Ogre@@UAEXI@Z+0x13c,12,0.0816,14699,20.0
fourteam_ai_postfix,12132,d3d11.dll!D3D11CoreCreateLayeredDevice+0xca91,12,0.0816,14699,20.0
fourteam_ai_postfix,12132,ntdll.dll!_ZwDuplicateObject@28+0xc,12,0.0816,14699,20.0
fourteam_ai_postfix,12132,d3d11.dll!D3D11CoreCreateDevice+0x8b17,12,0.0816,14699,20.0
fourteam_ai_postfix,12132,d3d11.dll!D3D11CoreCreateDevice+0x8faa,12,0.0816,14699,20.0
fourteam_ai_postfix,12132,WINMM.dll@6ea10000!BZROpenShim::`anonymous namespace'::TryResolveChunkProxyPositionFromCandidates+0x13f,12,0.0816,14699,20.0
fourteam_ai_postfix,12132,battlezone98redux.exe!sub_440690,12,0.0816,14699,20.0
fourteam_ai_postfix,12132,battlezone98redux.exe!sub_4405e0,12,0.0816,14699,20.0
fourteam_ai_postfix,12132,ntdll.dll!_LdrGetDllHandleEx@20+0x150,12,0.0816,14699,20.0
fourteam_ai_postfix,12132,WINMM.dll@6ea10000!BZROpenShim::`anonymous namespace'::HookOMSetRenderTargets+0x69,12,0.0816,14699,20.0
fourteam_ai_postfix,12132,d3d11.dll+0x28a00,12,0.0816,14699,20.0
fourteam_ai_postfix,12132,d3d11.dll+0x289ab,12,0.0816,14699,20.0
fourteam_ai_postfix,12132,battlezone98redux.exe!sub_6a3490,12,0.0816,14699,20.0
fourteam_ai_postfix,12132,WINMM.dll@6ea10000!BZROpenShim::`anonymous namespace'::RebuildAndSubmitGenericChunkBatch+0x1ad,12,0.0816,14699,20.0
fourteam_ai_postfix,12132,OgreMain.dll!?getSquaredDepth@DistanceLodSphereStrategy@Ogre@@UBEMPBVMovableObject@2@PBVCamera@2@@Z+0x2c,12,0.0816,14699,20.0
fourteam_ai_postfix,12132,OgreMain.dll!?_updateBounds@SceneNode@Ogre@@UAEXXZ+0x2e,12,0.0816,14699,20.0
fourteam_ai_postfix,12132,battlezone98redux.exe!sub_67bdc0,12,0.0816,14699,20.0
fourteam_ai_postfix,12132,battlezone98redux.exe!sub_4440d0,12,0.0816,14699,20.0
fourteam_ai_postfix,12132,battlezone98redux.exe!sub_4245c0,12,0.0816,14699,20.0
fourteam_ai_postfix,12132,"WINMM.dll@6ea10000!std::_Hash<std::_Umap_traits<int,BZROpenShim::`anonymous namespace'::HudSpriteRectRecord,std::_Uhash_compare<int,std::hash<int>,std::equal_to<int> >,std::allocator<std::pair<int const ,BZROpenShim::`anonymous namespace'::HudSpriteRectRecord> >,0> >::erase+0x55",12,0.0816,14699,20.0
fourteam_ai_postfix,12132,WINMM.dll@6ea10000!BZROpenShim::`anonymous namespace'::LogChunkDiagnostic+0x57,12,0.0816,14699,20.0
fourteam_ai_postfix,12132,WINMM.dll@6ea10000!_vsnwprintf_s_l+0x23,12,0.0816,14699,20.0
fourteam_ai_postfix,12132,ucrtbase.dll!___stdio_common_vsnwprintf_s+0xcc,12,0.0816,14699,20.0
fourteam_ai_postfix,12132,OgreMain.dll!?_calcTempSquareDist@Light@Ogre@@QAEXABVVector3@2@@Z+0x4c,12,0.0816,14699,20.0
fourteam_ai_postfix,12132,RenderSystem_Direct3D11.dll!??0D3D11RenderWindowSwapChainBased@Ogre@@QAE@ABV01@@Z+0x9da,12,0.0816,14699,20.0
fourteam_ai_postfix,12132,WINMM.dll@6ea10000!BZROpenShim::`anonymous namespace'::GetChunkPayloadStockResourceDirectory+0xda,12,0.0816,14699,20.0
fourteam_ai_postfix,12132,WINMM.dll@6ea10000!BZROpenShim::`anonymous namespace'::TryBuildChunkProxyAnchoredEntryTransform+0xfb,12,0.0816,14699,20.0
fourteam_ai_postfix,12132,ntdll.dll!_ZwClose@4+0xc,12,0.0816,14699,20.0
fourteam_ai_postfix,12132,nvwgf2um.dll!OpenAdapter10+0x7208d,12,0.0816,14699,20.0
fourteam_ai_postfix,12132,OgreMain.dll!?softwareVertexBlend@Mesh@Ogre@@SAXPBVVertexData@2@0PBQBVMatrix4@2@I_N@Z+0x2d9,12,0.0816,14699,20.0
fourteam_ai_postfix,12132,KERNELBASE.dll!_invalid_parameter+0x3d9,12,0.0816,14699,20.0
fourteam_ai_postfix,12132,KERNELBASE.dll!_invalid_parameter+0x1eb,12,0.0816,14699,20.0
fourteam_ai_postfix,12132,RenderSystem_Direct3D11.dll+0x3ee0,12,0.0816,14699,20.0
fourteam_ai_postfix,12132,battlezone98redux.exe!destroy<>,12,0.0816,14699,20.0
fourteam_ai_postfix,12132,nvwgf2um.dll!SetDependencyInfo+0x556aa,12,0.0816,14699,20.0
fourteam_ai_postfix,12132,MSVCR120.dll!_wfindnext64i32+0x53,12,0.0816,14699,20.0
fourteam_ai_postfix,12132,battlezone98redux.exe!sub_59d340,12,0.0816,14699,20.0
fourteam_ai_postfix,12132,OgreMain.dll!?findGroupContainingResourceImpl@ResourceGroupManager@Ogre@@IAEPAUResourceGroup@12@ABV?$basic_string@DU?$char_traits@D@std@@V?$allocator@D@2@@std@@@Z+0x71,12,0.0816,14699,20.0
fourteam_ai_postfix,12132,battlezone98redux.exe!sub_593ac0,12,0.0816,14699,20.0
fourteam_ai_postfix,12132,battlezone98redux.exe!sub_67f599,12,0.0816,14699,20.0
fourteam_ai_postfix,12132,OgreMain.dll!?getTransparentSortingForced@Pass@Ogre@@QBE_NXZ+0x6,11,0.0748,14699,20.0
fourteam_ai_postfix,12132,OgreMain.dll!?_populateLightList@SceneManager@Ogre@@UAEXABVVector3@2@MAAV?$HashedVector@PAVLight@Ogre@@@2@I@Z+0x136,11,0.0748,14699,20.0
fourteam_ai_postfix,12132,OgreMain.dll!?isHardwareAnimationEnabled@Entity@Ogre@@QAE_NXZ+0x2c,11,0.0748,14699,20.0
fourteam_ai_postfix,12132,OgreMain.dll!??4GpuSharedParametersUsage@Ogre@@QAEAAV01@ABV01@@Z+0x27b5,11,0.0748,14699,20.0
fourteam_ai_postfix,12132,ntdll.dll!_RtlpAllocateNTHeapInternal@12+0x15b,11,0.0748,14699,20.0
fourteam_ai_postfix,12132,battlezone98redux.exe!sub_5e1310,11,0.0748,14699,20.0
fourteam_ai_postfix,12132,OgreMain.dll!?getDerivedPosition@Light@Ogre@@QBEABVVector3@2@_N@Z+0x8,11,0.0748,14699,20.0
fourteam_ai_postfix,12132,OgreMain.dll!?_populateLightList@SceneManager@Ogre@@UAEXABVVector3@2@MAAV?$HashedVector@PAVLight@Ogre@@@2@I@Z+0xbd,11,0.0748,14699,20.0
fourteam_ai_postfix,12132,ntdll.dll!_RtlpGetCodePageData@4+0x29,11,0.0748,14699,20.0
fourteam_ai_postfix,12132,d3d11.dll!D3D11CoreCreateLayeredDevice+0xcf8c,11,0.0748,14699,20.0
fourteam_ai_postfix,12132,RenderSystem_Direct3D11.dll!?_render@D3D11RenderSystem@Ogre@@UAEXABVRenderOperation@2@@Z+0x97,11,0.0748,14699,20.0
fourteam_ai_postfix,12132,battlezone98redux.exe!sub_83f040,11,0.0748,14699,20.0
fourteam_ai_postfix,12132,battlezone98redux.exe!sub_5c6f70,11,0.0748,14699,20.0
fourteam_ai_postfix,12132,d3d11.dll!D3D11CoreCreateLayeredDevice+0x9aba,11,0.0748,14699,20.0
fourteam_ai_postfix,12132,ntdll.dll!_ZwReleaseMutant@8+0xc,11,0.0748,14699,20.0
fourteam_ai_postfix,12132,WINMM.dll@6ea10000!BZROpenShim::`anonymous namespace'::RebuildAndSubmitGenericChunkBatch+0x207,11,0.0748,14699,20.0
fourteam_ai_postfix,12132,OgreMain.dll+0x3e42d,11,0.0748,14699,20.0
fourteam_ai_postfix,12132,d3d11.dll+0x272eb,11,0.0748,14699,20.0
fourteam_ai_postfix,12132,d3d11.dll+0x27340,11,0.0748,14699,20.0
fourteam_ai_postfix,12132,WINMM.dll@6ea10000!BZROpenShim::`anonymous namespace'::HookIASetPrimitiveTopology+0x19,11,0.0748,14699,20.0
fourteam_ai_postfix,12132,nvwgf2um.dll!SetDependencyInfo+0x596d0,11,0.0748,14699,20.0
fourteam_ai_postfix,12132,RenderSystem_Direct3D11.dll!?_render@D3D11RenderSystem@Ogre@@UAEXABVRenderOperation@2@@Z+0x34d,11,0.0748,14699,20.0
fourteam_ai_postfix,12132,battlezone98redux.exe!sub_6856e0,11,0.0748,14699,20.0
fourteam_ai_postfix,12132,d3d11.dll!D3D11CoreCreateLayeredDevice+0x1c11,11,0.0748,14699,20.0
fourteam_ai_postfix,12132,d3d11.dll!D3D11CoreCreateLayeredDevice+0x1202,11,0.0748,14699,20.0
fourteam_ai_postfix,12132,battlezone98redux.exe!sub_453ea0,11,0.0748,14699,20.0
fourteam_ai_postfix,12132,OgreMain.dll!?ACos@Math@Ogre@@SA?AVRadian@2@M@Z+0xf,11,0.0748,14699,20.0
fourteam_ai_postfix,12132,battlezone98redux.exe!sub_6ce840,11,0.0748,14699,20.0
fourteam_ai_postfix,12132,battlezone98redux.exe!sub_6027f0,11,0.0748,14699,20.0
fourteam_ai_postfix,12132,MSVCR120.dll!wcsnlen+0x13c,11,0.0748,14699,20.0
fourteam_ai_postfix,12132,battlezone98redux.exe!sub_67c0e0,11,0.0748,14699,20.0
fourteam_ai_postfix,12132,WINMM.dll@6ea10000!BZROpenShim::`anonymous namespace'::InstallEmissionLightFixIfPossible+0xb5,11,0.0748,14699,20.0
fourteam_ai_postfix,12132,OgreMain.dll!?_findVisibleObjects@SceneNode@Ogre@@UAEXPAVCamera@2@PAVRenderQueue@2@PAUVisibleObjectsBoundsInfo@2@_N33@Z+0x35,11,0.0748,14699,20.0
fourteam_ai_postfix,12132,OgreMain.dll!?isInLightRange@Light@Ogre@@QBE_NABVSphere@2@@Z+0x175,11,0.0748,14699,20.0
fourteam_ai_postfix,12132,OgreMain.dll!?clone@Animation@Ogre@@QBEPAV12@ABV?$basic_string@DU?$char_traits@D@std@@V?$allocator@D@2@@std@@@Z+0x2c6,11,0.0748,14699,20.0
fourteam_ai_postfix,12132,OgreMain.dll!?_calcTempSquareDist@Light@Ogre@@QAEXABVVector3@2@@Z+0x20,11,0.0748,14699,20.0
fourteam_ai_postfix,12132,WINMM.dll@6ea10000!BZROpenShim::`anonymous namespace'::RebuildAndSubmitGenericChunkBatch+0x1f5,11,0.0748,14699,20.0
fourteam_ai_postfix,12132,battlezone98redux.exe!sub_4624f0,11,0.0748,14699,20.0
fourteam_ai_postfix,12132,battlezone98redux.exe!sub_43faa0,11,0.0748,14699,20.0
fourteam_ai_postfix,12132,battlezone98redux.exe!sub_43f8e0,11,0.0748,14699,20.0
fourteam_ai_postfix,12132,battlezone98redux.exe!sub_437b00,11,0.0748,14699,20.0
fourteam_ai_postfix,12132,battlezone98redux.exe!sub_449690,11,0.0748,14699,20.0
fourteam_ai_postfix,12132,battlezone98redux.exe!sub_83e885,11,0.0748,14699,20.0
fourteam_ai_postfix,12132,WINMM.dll@6ea10000!BZROpenShim::`anonymous namespace'::RebuildAndSubmitGenericChunkBatch+0x1bf,11,0.0748,14699,20.0
fourteam_ai_postfix,12132,RenderSystem_Direct3D11.dll!?bindGpuProgramParameters@D3D11RenderSystem@Ogre@@UAEXW4GpuProgramType@2@V?$SharedPtr@VGpuProgramParameters@Ogre@@@2@G@Z+0x15f,11,0.0748,14699,20.0
fourteam_ai_postfix,12132,KERNEL32.DLL!GetCurrentThreadId,11,0.0748,14699,20.0
fourteam_ai_postfix,12132,battlezone98redux.exe!sub_44de20,11,0.0748,14699,20.0
fourteam_ai_postfix,12132,OgreMain.dll!?renderSingleObject@SceneManager@Ogre@@MAEXPAVRenderable@2@PBVPass@2@_N2PBV?$HashedVector@PAVLight@Ogre@@@2@@Z+0x122,11,0.0748,14699,20.0
fourteam_ai_postfix,12132,WINMM.dll@6ea10000!BZROpenShim::`anonymous namespace'::RotateGenericChunkVector+0x58,11,0.0748,14699,20.0
fourteam_ai_postfix,12132,RenderSystem_Direct3D11.dll!?_setRenderTarget@D3D11RenderSystem@Ogre@@UAEXPAVRenderTarget@2@@Z+0xdb,11,0.0748,14699,20.0
fourteam_ai_postfix,12132,OgreMain.dll!?calculateB@FocusedShadowCameraSetup@Ogre@@IBEXABVSceneManager@2@ABVCamera@2@ABVLight@2@ABVAxisAlignedBox@2@3PAVPointListBody@12@@Z+0x154,11,0.0748,14699,20.0
fourteam_ai_postfix,12132,WINMM.dll@6ea10000!BZROpenShim::`anonymous namespace'::NormalizeChunkMeshBaseName+0x1e3,11,0.0748,14699,20.0
fourteam_ai_postfix,12132,battlezone98redux.exe!sub_4df370,11,0.0748,14699,20.0
fourteam_ai_postfix,12132,OgreMain.dll!?renderBasicQueueGroupObjects@SceneManager@Ogre@@MAEXPAVRenderQueueGroup@2@W4OrganisationMode@QueuedRenderableCollection@2@@Z+0x74,11,0.0748,14699,20.0
fourteam_ai_postfix,12132,OgreMain.dll!?sort@RenderPriorityGroup@Ogre@@QAEXPBVCamera@2@@Z+0x46,11,0.0748,14699,20.0
fourteam_ai_postfix,12132,KERNEL32.DLL!GetPrivateProfileStringA+0x3c,11,0.0748,14699,20.0
fourteam_ai_postfix,12132,WINMM.dll@6ea10000!BZROpenShim::`anonymous namespace'::InputBindingRowClick11+0xe,11,0.0748,14699,20.0
fourteam_ai_postfix,12132,WINMM.dll@6ea10000!`anonymous namespace'::ParseBool+0x10c,11,0.0748,14699,20.0
fourteam_ai_postfix,12132,WINMM.dll@6ea10000!BZROpenShim::`anonymous namespace'::TryResolveChunkPayloadMeshResourceForMeshAndGeom+0x273,11,0.0748,14699,20.0
fourteam_ai_postfix,12132,battlezone98redux.exe!sub_67dd60,11,0.0748,14699,20.0
fourteam_ai_postfix,12132,OgreMain.dll!?getBoundingBox@Entity@Ogre@@UBEABVAxisAlignedBox@2@XZ+0x8e2,11,0.0748,14699,20.0
fourteam_ai_postfix,12132,ntdll.dll!_RtlpGetCodePageData@4+0x16,11,0.0748,14699,20.0
fourteam_ai_postfix,12132,ntdll.dll!_RtlpIsUtf8Process@4+0xe,11,0.0748,14699,20.0
fourteam_ai_postfix,12132,ntdll.dll!_RtlpFreeNTHeapInternal@12+0x2ed,11,0.0748,14699,20.0
fourteam_ai_postfix,12132,battlezone98redux.exe!_Swap_adl<>,11,0.0748,14699,20.0
fourteam_ai_postfix,12132,battlezone98redux.exe!sub_44f190,11,0.0748,14699,20.0
fourteam_ai_postfix,12132,OgreMain.dll!?load@Resource@Ogre@@UAEX_N@Z+0x338,11,0.0748,14699,20.0
fourteam_ai_postfix,12132,OgreMain.dll!?setNull@?$SharedPtr@VHardwareIndexBuffer@Ogre@@@Ogre@@QAEXXZ+0xa,11,0.0748,14699,20.0
fourteam_ai_postfix,12132,OgreMain.dll!?resourceExists@ResourceGroupManager@Ogre@@IAE_NPAUResourceGroup@12@ABV?$basic_string@DU?$char_traits@D@std@@V?$allocator@D@2@@std@@@Z+0x165,11,0.0748,14699,20.0
fourteam_ai_postfix,12132,OgreMain.dll!?resourceExistsInAnyGroup@ResourceGroupManager@Ogre@@QAE_NABV?$basic_string@DU?$char_traits@D@std@@V?$allocator@D@2@@std@@@Z+0xb,11,0.0748,14699,20.0
fourteam_ai_postfix,12132,win32u.dll!_NtGdiDdDDIGetDeviceState@4+0xc,10,0.068,14699,20.0
fourteam_ai_postfix,12132,RenderSystem_Direct3D11.dll!?IsDeviceLost@D3D11Device@Ogre@@QAE_NXZ+0xb,10,0.068,14699,20.0
fourteam_ai_postfix,12132,d3d11.dll!D3D11CoreCreateLayeredDevice+0x23481,10,0.068,14699,20.0
fourteam_ai_postfix,12132,RenderSystem_Direct3D11.dll!?updateImpl@D3D11RenderWindowBase@Ogre@@MAEXXZ+0x1a,10,0.068,14699,20.0
fourteam_ai_postfix,12132,OgreMain.dll!?getNumWorldTransforms@SubEntity@Ogre@@UBEGXZ+0xe,10,0.068,14699,20.0
fourteam_ai_postfix,12132,battlezone98redux.exe!sub_677a80,10,0.068,14699,20.0
fourteam_ai_postfix,12132,OgreMain.dll!?getDerivedPosition@Light@Ogre@@QBEABVVector3@2@_N@Z+0x29,10,0.068,14699,20.0
fourteam_ai_postfix,12132,d3d11.dll!D3D11CoreCreateLayeredDevice+0xbc34,10,0.068,14699,20.0
fourteam_ai_postfix,12132,OgreMain.dll!?_updateAutoParams@Pass@Ogre@@QBEXPBVAutoParamDataSource@2@G@Z+0xf1,10,0.068,14699,20.0
fourteam_ai_postfix,12132,OgreMain.dll!?addRenderable@RenderQueue@Ogre@@QAEXPAVRenderable@2@EG@Z+0x39,10,0.068,14699,20.0
fourteam_ai_postfix,12132,OgreMain.dll+0x2e866,10,0.068,14699,20.0
fourteam_ai_postfix,12132,WINMM.dll@6ea10000!`BZROpenShim::`anonymous namespace'::RefreshHeadlightState'::`2'::<lambda_1>::operator()+0xd0,10,0.068,14699,20.0
fourteam_ai_postfix,12132,nvwgf2um.dll!NVDEV_Thunk+0x4f7994,10,0.068,14699,20.0
fourteam_ai_postfix,12132,d3d11.dll+0x2b518,10,0.068,14699,20.0
fourteam_ai_postfix,12132,WINMM.dll@6ea10000!BZROpenShim::`anonymous namespace'::GetChunkPayloadStockResourceDirectory+0x6a,10,0.068,14699,20.0
fourteam_ai_postfix,12132,WINMM.dll@6ea10000!BZROpenShim::`anonymous namespace'::RotateGenericChunkVector+0x75,10,0.068,14699,20.0
fourteam_ai_postfix,12132,RenderSystem_Direct3D11.dll+0x4b38,10,0.068,14699,20.0
fourteam_ai_postfix,12132,OgreMain.dll!?_notifyCurrentCamera@Entity@Ogre@@UAEXPAVCamera@2@@Z+0x169,10,0.068,14699,20.0
fourteam_ai_postfix,12132,WINMM.dll@6ea10000!BZROpenShim::`anonymous namespace'::DecideFrustumCull+0x8b,10,0.068,14699,20.0
fourteam_ai_postfix,12132,battlezone98redux.exe!sub_686520,10,0.068,14699,20.0
fourteam_ai_postfix,12132,battlezone98redux.exe!sub_67c2a0,10,0.068,14699,20.0
fourteam_ai_postfix,12132,RenderSystem_Direct3D11.dll!?getVBlankMissCount@D3D11RenderWindowSwapChainBased@Ogre@@IAEHXZ+0x62,10,0.068,14699,20.0
fourteam_ai_postfix,12132,RenderSystem_Direct3D11.dll!?updateStats@D3D11RenderWindowSwapChainBased@Ogre@@UAEXXZ+0x10,10,0.068,14699,20.0
fourteam_ai_postfix,12132,WINMM.dll@6ea10000!BZROpenShim::`anonymous namespace'::RotateGenericChunkVector+0x1b,10,0.068,14699,20.0
fourteam_ai_postfix,12132,WINMM.dll@6ea10000!BZROpenShim::`anonymous namespace'::IsOgreEntityObject+0x44,10,0.068,14699,20.0
fourteam_ai_postfix,12132,OgreMain.dll!?_getTexturePtr@TextureUnitState@Ogre@@QBEABV?$SharedPtr@VTexture@Ogre@@@2@I@Z+0x47,10,0.068,14699,20.0
fourteam_ai_postfix,12132,OgreMain.dll!?_getTexturePtr@TextureUnitState@Ogre@@QBEABV?$SharedPtr@VTexture@Ogre@@@2@XZ+0x7,10,0.068,14699,20.0
fourteam_ai_postfix,12132,MSVCR120.dll!__libm_sse2_acosf+0x1b6,10,0.068,14699,20.0
fourteam_ai_postfix,12132,OgreMain.dll!?ensureLoaded@TextureUnitState@Ogre@@IBEXI@Z+0x1f4,10,0.068,14699,20.0
fourteam_ai_postfix,12132,"ucrtbase.dll!common_vsprintf<__crt_stdio_output::format_validation_base,wchar_t>+0x377",10,0.068,14699,20.0
fourteam_ai_postfix,12132,WINMM.dll@6ea10000!BZROpenShim::`anonymous namespace'::RotateGenericChunkVector+0x77,10,0.068,14699,20.0
fourteam_ai_postfix,12132,OgreMain.dll!?_updateBounds@SceneNode@Ogre@@UAEXXZ+0x193,10,0.068,14699,20.0
fourteam_ai_postfix,12132,battlezone98redux.exe!sub_44f1b0,10,0.068,14699,20.0
fourteam_ai_postfix,12132,MSVCR120.dll!__libm_sse2_acosf+0x36,10,0.068,14699,20.0
fourteam_ai_postfix,12132,battlezone98redux.exe!sub_447eb0,10,0.068,14699,20.0
fourteam_ai_postfix,12132,ntdll.dll!_RtlpLocalInfoAllocFromCache@8+0x36,10,0.068,14699,20.0
fourteam_ai_postfix,12132,OgreMain.dll!?_populateLightList@SceneManager@Ogre@@UAEXABVVector3@2@MAAV?$HashedVector@PAVLight@Ogre@@@2@I@Z+0x142,10,0.068,14699,20.0
fourteam_ai_postfix,12132,battlezone98redux.exe!sub_4ee780,10,0.068,14699,20.0
fourteam_ai_postfix,12132,OgreMain.dll!?sort@QueuedRenderableCollection@Ogre@@QAEXPBVCamera@2@@Z+0x5b,10,0.068,14699,20.0
fourteam_ai_postfix,12132,d3d11.dll!D3D11CoreCreateDevice+0x1d48d,10,0.068,14699,20.0
fourteam_ai_postfix,12132,d3d11.dll!D3D11CoreCreateDevice+0x1d9a7,10,0.068,14699,20.0
fourteam_ai_postfix,12132,MSVCR120.dll!log2+0xad,10,0.068,14699,20.0
fourteam_ai_postfix,12132,battlezone98redux.exe!sub_5c19d0,10,0.068,14699,20.0
fourteam_ai_postfix,12132,OgreMain.dll!?toString@StringConverter@Ogre@@SA?AV?$basic_string@DU?$char_traits@D@std@@V?$allocator@D@2@@std@@IGDH@Z+0x16e,10,0.068,14699,20.0
fourteam_ai_postfix,12132,OgreMain.dll!?merge@VisibleObjectsBoundsInfo@Ogre@@QAEXABVAxisAlignedBox@2@ABVSphere@2@PBVCamera@2@_N@Z+0x11d,10,0.068,14699,20.0
fourteam_ai_postfix,12132,battlezone98redux.exe!sub_44eff0,10,0.068,14699,20.0
fourteam_ai_postfix,12132,MSVCR120.dll!__libm_sse2_acosf+0x17e,10,0.068,14699,20.0
fourteam_ai_postfix,12132,OgreMain.dll!?updatePoint@RotationalSpline@Ogre@@QAEXGABVQuaternion@2@@Z+0xb054,10,0.068,14699,20.0
fourteam_ai_postfix,12132,OgreMain.dll!?_setPass@SceneManager@Ogre@@UAEPBVPass@2@PBV32@_N1@Z+0xc2,10,0.068,14699,20.0
fourteam_ai_postfix,12132,battlezone98redux.exe!sub_44efd0,10,0.068,14699,20.0
fourteam_ai_postfix,12132,battlezone98redux.exe!_Hash_seq,10,0.068,14699,20.0
fourteam_ai_postfix,12132,nvwgf2um.dll!SetDependencyInfo+0x55a48,10,0.068,14699,20.0
fourteam_ai_postfix,12132,nvwgf2um.dll!SetDependencyInfo+0x57b92,10,0.068,14699,20.0
fourteam_ai_postfix,12132,OgreMain.dll!?parseResourceGroupScripts@ResourceGroupManager@Ogre@@IAEXPAUResourceGroup@12@@Z+0x715,10,0.068,14699,20.0
fourteam_ai_postfix,12132,OgreMain.dll!?parseScript@ScriptCompilerManager@Ogre@@UAEXAAV?$SharedPtr@VDataStream@Ogre@@@2@ABV?$basic_string@DU?$char_traits@D@std@@V?$allocator@D@2@@std@@@Z+0x153,10,0.068,14699,20.0
fourteam_ai_postfix,12132,OgreMain.dll!?compile@ScriptCompiler@Ogre@@QAE_NABV?$basic_string@DU?$char_traits@D@std@@V?$allocator@D@2@@std@@00@Z+0xb8,10,0.068,14699,20.0
fourteam_ai_postfix,12132,MSVCR120.dll!_stat64i32+0x32,10,0.068,14699,20.0
fourteam_ai_postfix,12132,MSVCR120.dll!_wstat64i32+0x85,10,0.068,14699,20.0
fourteam_ai_postfix,12132,OgreMain.dll!?nlerp@Quaternion@Ogre@@SA?AV12@MABV12@0_N@Z+0xfb,10,0.068,14699,20.0
fourteam_ai_postfix,12132,battlezone98redux.exe!sub_4c0560,10,0.068,14699,20.0
fourteam_ai_postfix,12132,WINMM.dll@6ea10000!BZROpenShim::ChunkEffectSimulateHook+0x2ee,9,0.0612,14699,20.0
fourteam_ai_postfix,12132,MSVCR120.dll!__libm_sse2_acosf+0x1f1,9,0.0612,14699,20.0
fourteam_ai_postfix,12132,RenderSystem_Direct3D11.dll!?getMonitorSequentialNumberFromSwapChain@MonitorInfo@Ogre@@QAEGPAUIDXGISwapChain@@_N@Z+0x2ab9,9,0.0612,14699,20.0
fourteam_ai_postfix,12132,OgreMain.dll!?updatePoint@RotationalSpline@Ogre@@QAEXGABVQuaternion@2@@Z+0xb084,9,0.0612,14699,20.0
fourteam_ai_postfix,12132,KERNELBASE.dll!OutputDebugStringA+0xfe,9,0.0612,14699,20.0
fourteam_ai_postfix,12132,ntdll.dll!_ZwOpenSection@12+0xc,9,0.0612,14699,20.0
fourteam_ai_postfix,12132,OgreMain.dll!??4GpuSharedParametersUsage@Ogre@@QAEAAV01@ABV01@@Z+0x2785,9,0.0612,14699,20.0
fourteam_ai_postfix,12132,MSVCR120.dll!__libm_sse2_acosf+0x13d,9,0.0612,14699,20.0
fourteam_ai_postfix,12132,ucrtbase.dll!__ldclass+0xc,9,0.0612,14699,20.0
fourteam_ai_postfix,12132,battlezone98redux.exe!sub_5ba560,9,0.0612,14699,20.0
fourteam_ai_postfix,12132,battlezone98redux.exe!sub_5bc640,9,0.0612,14699,20.0
fourteam_ai_postfix,12132,d3d11.dll+0x27562,9,0.0612,14699,20.0
fourteam_ai_postfix,12132,win32u.dll!_NtGdiDdDDISetQueuedLimit@4+0xc,9,0.0612,14699,20.0
fourteam_ai_postfix,12132,nvwgf2um.dll!NVDEV_Thunk+0x213191,9,0.0612,14699,20.0
fourteam_ai_postfix,12132,d3d11.dll+0x2b56b,9,0.0612,14699,20.0
fourteam_ai_postfix,12132,RenderSystem_Direct3D11.dll!?_render@D3D11RenderSystem@Ogre@@UAEXABVRenderOperation@2@@Z+0x114,9,0.0612,14699,20.0
fourteam_ai_postfix,12132,WINMM.dll@6ea10000!BZROpenShim::`anonymous namespace'::AppendGenericChunkBatchGeometry+0x126,9,0.0612,14699,20.0
fourteam_ai_postfix,12132,WINMM.dll@6ea10000!BZROpenShim::`anonymous namespace'::AppendGenericChunkBatchGeometry+0x13e,9,0.0612,14699,20.0
fourteam_ai_postfix,12132,ntdll.dll!_LdrpPreprocessDllName@16+0x33a,9,0.0612,14699,20.0
fourteam_ai_postfix,12132,d3d11.dll+0x29801,9,0.0612,14699,20.0
fourteam_ai_postfix,12132,OgreMain.dll!?isFloat@GpuConstantDefinition@Ogre@@SA_NW4GpuConstantType@2@@Z+0x13,9,0.0612,14699,20.0
fourteam_ai_postfix,12132,OgreMain.dll!?getMovableType@MovablePlane@Ogre@@UBEABV?$basic_string@DU?$char_traits@D@std@@V?$allocator@D@2@@std@@XZ+0x820,9,0.0612,14699,20.0
fourteam_ai_postfix,12132,win32u.dll!_NtUserSetCursor@4+0xc,9,0.0612,14699,20.0
fourteam_ai_postfix,12132,RenderSystem_Direct3D11.dll!??0D3D11RenderWindowSwapChainBased@Ogre@@QAE@ABV01@@Z+0x322,9,0.0612,14699,20.0
fourteam_ai_postfix,12132,battlezone98redux.exe!sub_466d40,9,0.0612,14699,20.0
fourteam_ai_postfix,12132,MSVCR120.dll!__crtFlsGetValue+0x19,9,0.0612,14699,20.0
fourteam_ai_postfix,12132,battlezone98redux.exe!sub_679bc0,9,0.0612,14699,20.0
fourteam_ai_postfix,12132,WINMM.dll@6ea10000!BZROpenShim::`anonymous namespace'::TryBuildChunkProxyAnchoredEntryTransform+0xa1,9,0.0612,14699,20.0
fourteam_ai_postfix,12132,OgreMain.dll!?addRenderable@RenderQueue@Ogre@@QAEXPAVRenderable@2@EG@Z+0x3e,9,0.0612,14699,20.0
fourteam_ai_postfix,12132,battlezone98redux.exe!Swap,9,0.0612,14699,20.0
fourteam_ai_postfix,12132,dxgi.dll!DXGIGetDebugInterface1+0x8986,9,0.0612,14699,20.0
fourteam_ai_postfix,12132,OgreMain.dll!?clone@Animation@Ogre@@QBEPAV12@ABV?$basic_string@DU?$char_traits@D@std@@V?$allocator@D@2@@std@@@Z+0x249,9,0.0612,14699,20.0
fourteam_ai_postfix,12132,OgreMain.dll!?angleBetween@Vector3@Ogre@@QBE?AVRadian@2@ABV12@@Z+0x3a,9,0.0612,14699,20.0
fourteam_ai_postfix,12132,battlezone98redux.exe!sub_438c10,9,0.0612,14699,20.0
fourteam_ai_postfix,12132,ntdll.dll!_RtlpFreeNTHeapInternal@12+0x237,9,0.0612,14699,20.0
fourteam_ai_postfix,12132,d3d11.dll+0x3665c,9,0.0612,14699,20.0
fourteam_ai_postfix,12132,OgreMain.dll!?getFragmentProgramParameters@Pass@Ogre@@QBE?AV?$SharedPtr@VGpuProgramParameters@Ogre@@@2@XZ+0x86,9,0.0612,14699,20.0
fourteam_ai_postfix,12132,OgreMain.dll!?_setPass@SceneManager@Ogre@@UAEPBVPass@2@PBV32@_N1@Z+0x87d,9,0.0612,14699,20.0
fourteam_ai_postfix,12132,OgreMain.dll!?isInLightRange@Light@Ogre@@QBE_NABVSphere@2@@Z+0x138,9,0.0612,14699,20.0
fourteam_ai_postfix,12132,OgreMain.dll!??0FocusedShadowCameraSetup@Ogre@@QAE@XZ+0x62,9,0.0612,14699,20.0
fourteam_ai_postfix,12132,battlezone98redux.exe!sub_6c69c0,9,0.0612,14699,20.0
fourteam_ai_postfix,12132,nvwgf2um.dll!OpenAdapter10+0x76d27,9,0.0612,14699,20.0
fourteam_ai_postfix,12132,d3d11.dll!D3D11CoreCreateDevice+0x3dc4,9,0.0612,14699,20.0
fourteam_ai_postfix,12132,nvwgf2um.dll!OpenAdapter10+0x72ff7,9,0.0612,14699,20.0
fourteam_ai_postfix,12132,OgreMain.dll!?createTechnique@Material@Ogre@@QAEPAVTechnique@2@XZ+0xaf6,9,0.0612,14699,20.0
fourteam_ai_postfix,12132,OgreMain.dll!?_writeRawConstant@GpuProgramParameters@Ogre@@QAEXIABVMatrix4@2@I@Z+0x1e,9,0.0612,14699,20.0
fourteam_ai_postfix,12132,OgreMain.dll!?getVertexProgramParameters@Pass@Ogre@@QBE?AV?$SharedPtr@VGpuProgramParameters@Ogre@@@2@XZ+0x127,9,0.0612,14699,20.0
fourteam_ai_postfix,12132,OgreMain.dll!?size@RenderQueueInvocationSequence@Ogre@@QBEIXZ+0x227b,9,0.0612,14699,20.0
fourteam_ai_postfix,12132,d3d11.dll!D3D11CoreCreateDevice+0x1d016,9,0.0612,14699,20.0
fourteam_ai_postfix,12132,d3d11.dll!D3D11CoreCreateLayeredDevice+0x17a6,9,0.0612,14699,20.0
fourteam_ai_postfix,12132,d3d11.dll+0x35e90,9,0.0612,14699,20.0
fourteam_ai_postfix,12132,KERNEL32.DLL!BaseDllReadWriteIniFile+0xea,9,0.0612,14699,20.0
fourteam_ai_postfix,12132,d3d11.dll!CreateDirect3D11DeviceFromDXGIDevice+0x9a798,9,0.0612,14699,20.0
fourteam_ai_postfix,12132,battlezone98redux.exe!sub_787ac0,9,0.0612,14699,20.0
fourteam_ai_postfix,12132,d3d11.dll+0x2ba61,9,0.0612,14699,20.0
fourteam_ai_postfix,12132,OgreMain.dll!?getProgram@Pass@Ogre@@IBEABV?$SharedPtr@VGpuProgram@Ogre@@@2@PBQAVGpuProgramUsage@2@@Z+0x44,9,0.0612,14699,20.0
fourteam_ai_postfix,12132,battlezone98redux.exe!sub_784000,9,0.0612,14699,20.0
fourteam_ai_postfix,12132,WINMM.dll@6ea10000!BZROpenShim::`anonymous namespace'::TrackChunkEffectActiveEntries+0x1a5,9,0.0612,14699,20.0
fourteam_ai_postfix,12132,ucrtbase.dll!__fdclass+0x13,9,0.0612,14699,20.0
fourteam_ai_postfix,12132,OgreMain.dll!?createInstanceImpl@EntityFactory@Ogre@@MAEPAVMovableObject@2@ABV?$basic_string@DU?$char_traits@D@std@@V?$allocator@D@2@@std@@PBV?$map@V?$basic_string@DU?$char_traits@D@std@@V?$allocator@D@2@@std@@V12@U?$less@V?$basic_string@DU?$char_traits@D@std@@V?$allocator@D@2@@std@@@2@V?$STLAllocator@U?$pair@$$CBV?$basic_string@DU?$char_traits@D@std@@V?$allocator@D@2@@std@@V12@@std@@V?$CategorisedAllocPolicy@$0A@@Ogre@@@Ogre@@@5@@Z+0x26d,9,0.0612,14699,20.0
fourteam_ai_postfix,12132,OgreMain.dll!?_detectImplementation@OptimisedUtil@Ogre@@KAPAV12@XZ+0x459c,9,0.0612,14699,20.0
fourteam_ai_postfix,12132,OgreMain.dll!??4GpuSharedParametersUsage@Ogre@@QAEAAV01@ABV01@@Z+0x2742,9,0.0612,14699,20.0
fourteam_ai_postfix,12132,RenderSystem_Direct3D11.dll!?loadImpl@D3D11Texture@Ogre@@MAEXXZ+0x11a,9,0.0612,14699,20.0
fourteam_ai_postfix,12132,OgreMain.dll!?_load@TextureUnitState@Ogre@@QAEXXZ+0x2d,9,0.0612,14699,20.0
fourteam_ai_postfix,12132,OgreMain.dll!?_load@Technique@Ogre@@QAEXXZ+0x57,9,0.0612,14699,20.0
fourteam_ai_postfix,12132,OgreMain.dll!?loadImpl@Material@Ogre@@MAEXXZ+0x2d,9,0.0612,14699,20.0
fourteam_ai_postfix,12132,WINMM.dll@6ea10000!BZROpenShim::`anonymous namespace'::EnsureChunkMeshProxySlot+0x322,9,0.0612,14699,20.0
fourteam_ai_postfix,12132,WINMM.dll@6ea10000!BZROpenShim::`anonymous namespace'::CreateChunkMeshProxyEntity+0x82,9,0.0612,14699,20.0
fourteam_ai_postfix,12132,WINMM.dll@6ea10000!BZROpenShim::`anonymous namespace'::TryCreateChunkMeshProxyObjects+0xf9,9,0.0612,14699,20.0
fourteam_ai_postfix,12132,OgreMain.dll!?findLightsAffectingFrustum@SceneManager@Ogre@@MAEXPBVCamera@2@@Z+0xd8,9,0.0612,14699,20.0
fourteam_ai_postfix,12132,WINMM.dll@6ea10000!BZROpenShim::`anonymous namespace'::UpdateChunkProxySlotPosition+0x952,9,0.0612,14699,20.0
fourteam_ai_postfix,12132,battlezone98redux.exe!sub_4495d0,9,0.0612,14699,20.0
fourteam_ai_postfix,12132,battlezone98redux.exe!sub_4d46b0,8,0.0544,14699,20.0
fourteam_ai_postfix,12132,OgreMain.dll!?touchVertexBufferCopy@HardwareBufferManagerBase@Ogre@@UAEXABVHardwareVertexBufferSharedPtr@2@@Z+0x41,8,0.0544,14699,20.0
fourteam_ai_postfix,12132,d3d11.dll!CreateDirect3D11DeviceFromDXGIDevice+0x9dfbd,8,0.0544,14699,20.0
fourteam_ai_postfix,12132,battlezone98redux.exe!sub_4588c0,8,0.0544,14699,20.0
fourteam_ai_postfix,12132,OgreMain.dll!?ACos@Math@Ogre@@SA?AVRadian@2@M@Z+0x11,8,0.0544,14699,20.0
fourteam_ai_postfix,12132,WINMM.dll@6ea10000!BZROpenShim::`anonymous namespace'::CaptureChunkObjectLinkProbe+0xde,8,0.0544,14699,20.0
fourteam_ai_postfix,12132,OgreMain.dll!?getLightMask@MovableObject@Ogre@@UBEIXZ,8,0.0544,14699,20.0
fourteam_ai_postfix,12132,OgreMain.dll!?touchVertexBufferCopy@HardwareBufferManagerBase@Ogre@@UAEXABVHardwareVertexBufferSharedPtr@2@@Z+0x7e,8,0.0544,14699,20.0
fourteam_ai_postfix,12132,d3d11.dll!D3D11CoreCreateDevice+0x2f01d,8,0.0544,14699,20.0
fourteam_ai_postfix,12132,d3d11.dll!D3D11CoreCreateLayeredDevice+0x17cd,8,0.0544,14699,20.0
fourteam_ai_postfix,12132,d3d11.dll!D3D11CoreCreateDevice+0xa4c7,8,0.0544,14699,20.0
fourteam_ai_postfix,12132,d3d11.dll!D3D11CreateDeviceAndSwapChain+0x1140,8,0.0544,14699,20.0
fourteam_ai_postfix,12132,d3d11.dll!D3D11CoreCreateDevice+0x3943,8,0.0544,14699,20.0
fourteam_ai_postfix,12132,WINMM.dll@6ea10000!BZROpenShim::`anonymous namespace'::UpdateChunkProxySlotPosition+0x4bc,8,0.0544,14699,20.0
fourteam_ai_postfix,12132,WINMM.dll@6ea10000!BZROpenShim::`anonymous namespace'::RotateGenericChunkVector+0x4e,8,0.0544,14699,20.0
fourteam_ai_postfix,12132,WINMM.dll@6ea10000!BZROpenShim::`anonymous namespace'::RenderMultiplayerFlags+0x621,8,0.0544,14699,20.0
fourteam_ai_postfix,12132,ntdll.dll!_ZwSetInformationThread@16+0xc,8,0.0544,14699,20.0
fourteam_ai_postfix,12132,ntdll.dll!_RtlAbPostRelease@8+0x28,8,0.0544,14699,20.0
fourteam_ai_postfix,12132,OgreMain.dll!?isInLightRange@Light@Ogre@@QBE_NABVSphere@2@@Z+0x2b,8,0.0544,14699,20.0
fourteam_ai_postfix,12132,OgreMain.dll!?updatePoint@RotationalSpline@Ogre@@QAEXGABVQuaternion@2@@Z+0x1612,8,0.0544,14699,20.0
fourteam_ai_postfix,12132,OgreMain.dll!?updatePoint@RotationalSpline@Ogre@@QAEXGABVQuaternion@2@@Z+0xb212,8,0.0544,14699,20.0
fourteam_ai_postfix,12132,RenderSystem_Direct3D11.dll!?_setTexture@D3D11RenderSystem@Ogre@@UAEXI_NABV?$SharedPtr@VTexture@Ogre@@@2@@Z+0x68,8,0.0544,14699,20.0
fourteam_ai_postfix,12132,ucrtbase.dll!__sqrt_common+0x21,8,0.0544,14699,20.0
fourteam_ai_postfix,12132,WINMM.dll@6ea10000!BZROpenShim::`anonymous namespace'::CaptureChunkObjectLinkProbe+0x89,8,0.0544,14699,20.0
fourteam_ai_postfix,12132,d3d11.dll!D3D11CoreCreateLayeredDevice+0x13af,8,0.0544,14699,20.0
fourteam_ai_postfix,12132,d3d11.dll!D3D11CoreCreateLayeredDevice+0xf28,8,0.0544,14699,20.0
fourteam_ai_postfix,12132,OgreMain.dll!?_fireFrameEnded@Root@Ogre@@QAE_NXZ+0x1f,8,0.0544,14699,20.0
fourteam_ai_postfix,12132,battlezone98redux.exe!sub_62d370,8,0.0544,14699,20.0
fourteam_ai_postfix,12132,VCRUNTIME140.dll!memset+0x3e,8,0.0544,14699,20.0
fourteam_ai_postfix,12132,battlezone98redux.exe!sub_822ae0,8,0.0544,14699,20.0
fourteam_ai_postfix,12132,OgreMain.dll!?Ogre_InterlockedIncrement64@InterlockedCompareExchange64Wrapper@Ogre@@SA_JPC_J@Z+0x72b,8,0.0544,14699,20.0
fourteam_ai_postfix,12132,MSVCR120.dll!floor+0x30,8,0.0544,14699,20.0
fourteam_ai_postfix,12132,WINMM.dll@6ea10000!_except_handler4_noexcept+0x33,8,0.0544,14699,20.0
fourteam_ai_postfix,12132,MSVCR120.dll!log2+0x29,8,0.0544,14699,20.0
fourteam_ai_postfix,12132,OgreMain.dll!?getVertexProgramParameters@Pass@Ogre@@QBE?AV?$SharedPtr@VGpuProgramParameters@Ogre@@@2@XZ+0x133,8,0.0544,14699,20.0
fourteam_ai_postfix,12132,OgreMain.dll!?_updateAutoParams@GpuProgramParameters@Ogre@@QAEXPBVAutoParamDataSource@2@G@Z+0x1f00,8,0.0544,14699,20.0
fourteam_ai_postfix,12132,VCRUNTIME140.dll!memset+0x3c,8,0.0544,14699,20.0
fourteam_ai_postfix,12132,OgreMain.dll!?getWorldBoundingBox@MovableObject@Ogre@@UBEABVAxisAlignedBox@2@_N@Z+0x67,8,0.0544,14699,20.0
fourteam_ai_postfix,12132,OgreMain.dll!?_notifyCurrentCamera@Entity@Ogre@@UAEXPAVCamera@2@@Z+0x5b,8,0.0544,14699,20.0
fourteam_ai_postfix,12132,WINMM.dll@6ea10000!BZROpenShim::`anonymous namespace'::RebuildAndSubmitGenericChunkBatch+0x19b,8,0.0544,14699,20.0
fourteam_ai_postfix,12132,battlezone98redux.exe!sub_447ed0,8,0.0544,14699,20.0
fourteam_ai_postfix,12132,battlezone98redux.exe!sub_4497c0,8,0.0544,14699,20.0
fourteam_ai_postfix,12132,OgreMain.dll!?_updateAutoParams@GpuProgramParameters@Ogre@@QAEXPBVAutoParamDataSource@2@G@Z+0x84,8,0.0544,14699,20.0
fourteam_ai_postfix,12132,d3d11.dll!CreateDirect3D11DeviceFromDXGIDevice+0x9f257,8,0.0544,14699,20.0
fourteam_ai_postfix,12132,OgreMain.dll!?determinant@Matrix4@Ogre@@QBEMXZ+0x159,8,0.0544,14699,20.0
fourteam_ai_postfix,12132,battlezone98redux.exe!sub_420f10,8,0.0544,14699,20.0
fourteam_ai_postfix,12132,battlezone98redux.exe!sub_62d200,8,0.0544,14699,20.0
fourteam_ai_postfix,12132,ntdll.dll!@RtlpLowFragHeapAllocFromContext@16+0x23,8,0.0544,14699,20.0
fourteam_ai_postfix,12132,battlezone98redux.exe!sub_46eaf0,8,0.0544,14699,20.0
fourteam_ai_postfix,12132,WINMM.dll@6ea10000!BZROpenShim::`anonymous namespace'::DecideFrustumCull+0x101,8,0.0544,14699,20.0
fourteam_ai_postfix,12132,battlezone98redux.exe!sub_440e60,8,0.0544,14699,20.0
fourteam_ai_postfix,12132,battlezone98redux.exe!sub_447f60,8,0.0544,14699,20.0
fourteam_ai_postfix,12132,ucrtbase.dll!___acrt_fp_format+0x15f,8,0.0544,14699,20.0
fourteam_ai_postfix,12132,ucrtbase.dll!?state_case_type@?$output_processor@_WV?$string_output_adapter@_W@__crt_stdio_output@@V?$format_validation_base@_WV?$string_output_adapter@_W@__crt_stdio_output@@@2@@__crt_stdio_output@@AAE_NXZ+0x54,8,0.0544,14699,20.0
fourteam_ai_postfix,12132,ucrtbase.dll!?type_case_a@?$output_processor@_WV?$string_output_adapter@_W@__crt_stdio_output@@V?$format_validation_base@_WV?$string_output_adapter@_W@__crt_stdio_output@@@2@@__crt_stdio_output@@AAE_NXZ+0xa8,8,0.0544,14699,20.0
fourteam_ai_postfix,12132,battlezone98redux.exe!sub_6c3ad0,8,0.0544,14699,20.0
fourteam_ai_postfix,12132,OgreMain.dll!?hasScale@Matrix4@Ogre@@QBE_NXZ+0x42,8,0.0544,14699,20.0
fourteam_ai_postfix,12132,WINMM.dll@6ea10000!BZROpenShim::`anonymous namespace'::RotateGenericChunkVector+0xc6,8,0.0544,14699,20.0
fourteam_ai_postfix,12132,OgreMain.dll!?_updateViewport@RenderTarget@Ogre@@UAEXPAVViewport@2@_N@Z+0x3f,8,0.0544,14699,20.0
fourteam_ai_postfix,12132,d3d11.dll+0x375ed,8,0.0544,14699,20.0
fourteam_ai_postfix,12132,d3d11.dll+0x367cd,8,0.0544,14699,20.0
fourteam_ai_postfix,12132,WINMM.dll@6ea10000!BZROpenShim::`anonymous namespace'::RebuildAndSubmitGenericChunkBatch+0x1e3,8,0.0544,14699,20.0
fourteam_ai_postfix,12132,RenderSystem_Direct3D11.dll!?_render@D3D11RenderSystem@Ogre@@UAEXABVRenderOperation@2@@Z+0x257,8,0.0544,14699,20.0
fourteam_ai_postfix,12132,OgreMain.dll!?isInLightRange@Light@Ogre@@QBE_NABVSphere@2@@Z+0x80,8,0.0544,14699,20.0
fourteam_ai_postfix,12132,d3d11.dll+0x2703e,8,0.0544,14699,20.0
fourteam_ai_postfix,12132,RenderSystem_Direct3D11.dll!?_render@D3D11RenderSystem@Ogre@@UAEXABVRenderOperation@2@@Z+0x423,8,0.0544,14699,20.0
fourteam_ai_postfix,12132,d3d11.dll!CreateDirect3D11DeviceFromDXGIDevice+0xbc587,8,0.0544,14699,20.0
fourteam_ai_postfix,12132,WINMM.dll@6ea10000!BZROpenShim::`anonymous namespace'::TrackChunkEffectActiveEntries+0x206,8,0.0544,14699,20.0
fourteam_ai_postfix,12132,OgreMain.dll!?_populateLightList@SceneManager@Ogre@@UAEXABVVector3@2@MAAV?$HashedVector@PAVLight@Ogre@@@2@I@Z+0xb5,8,0.0544,14699,20.0
fourteam_ai_postfix,12132,WINMM.dll@6ea10000!BZROpenShim::`anonymous namespace'::RebuildAndSubmitGenericChunkBatch+0x147,8,0.0544,14699,20.0
fourteam_ai_postfix,12132,OgreMain.dll!?getFragmentProgram@Pass@Ogre@@QBEABV?$SharedPtr@VGpuProgram@Ogre@@@2@XZ+0xc,8,0.0544,14699,20.0
fourteam_ai_postfix,12132,battlezone98redux.exe!sub_4625b0,8,0.0544,14699,20.0
fourteam_ai_postfix,12132,battlezone98redux.exe!sub_681a00,8,0.0544,14699,20.0
fourteam_ai_postfix,12132,d3d11.dll!D3D11CoreCreateDevice+0x1d0da,8,0.0544,14699,20.0
fourteam_ai_postfix,12132,ntdll.dll!_RtlpLfhFindClearBitAndSet@16+0x13,8,0.0544,14699,20.0
fourteam_ai_postfix,12132,WINMM.dll@6ea10000!BZROpenShim::EnhancedLights::StableLightId+0x46,8,0.0544,14699,20.0
fourteam_ai_postfix,12132,WINMM.dll@6ea10000!BZROpenShim::EnhancedLights::`anonymous namespace'::Normalize+0x9e,8,0.0544,14699,20.0
fourteam_ai_postfix,12132,WINMM.dll@6ea10000!BZROpenShim::`anonymous namespace'::TryResolveChunkPayloadMeshResource+0x3c2,8,0.0544,14699,20.0
fourteam_ai_postfix,12132,WINMM.dll@6ea10000!BZROpenShim::`anonymous namespace'::AppendGenericChunkBatchGeometry+0x8c,8,0.0544,14699,20.0
fourteam_ai_postfix,12132,d3d11.dll+0x27041,8,0.0544,14699,20.0
fourteam_ai_postfix,12132,ntdll.dll!_ZwReadFile@36+0xc,8,0.0544,14699,20.0
fourteam_ai_postfix,12132,"WINMM.dll@6ea10000!std::basic_string<char,std::char_traits<char>,std::allocator<char> >::_Allocate_for_capacity<0>+0x4b",8,0.0544,14699,20.0
fourteam_ai_postfix,12132,OgreMain.dll!?clear@RenderPriorityGroup@Ogre@@QAEXXZ+0x205,8,0.0544,14699,20.0
fourteam_ai_postfix,12132,d3d11.dll+0x35ebe,8,0.0544,14699,20.0
fourteam_ai_postfix,12132,d3d11.dll+0x30f0b,8,0.0544,14699,20.0
fourteam_ai_postfix,12132,OgreMain.dll!?processVisibleObject@RenderQueue@Ogre@@QAEXPAVMovableObject@2@PAVCamera@2@_NPAUVisibleObjectsBoundsInfo@2@@Z+0x11,8,0.0544,14699,20.0
fourteam_ai_postfix,12132,OgreMain.dll!?softwareVertexBlend@Mesh@Ogre@@SAXPBVVertexData@2@0PBQBVMatrix4@2@I_N@Z+0x22d,8,0.0544,14699,20.0
fourteam_ai_postfix,12132,OgreMain.dll!?FastHash@Ogre@@YAIPBDHI@Z+0xb0,8,0.0544,14699,20.0
fourteam_ai_postfix,12132,WINMM.dll@6ea10000!BZROpenShim::`anonymous namespace'::RebuildAndSubmitGenericChunkBatch+0x153,8,0.0544,14699,20.0
fourteam_ai_postfix,12132,battlezone98redux.exe!sub_583f30,8,0.0544,14699,20.0
fourteam_ai_postfix,12132,OgreMain.dll!?createLight@SceneManager@Ogre@@UAEPAVLight@2@XZ+0x3a,8,0.0544,14699,20.0
fourteam_ai_postfix,12132,MSVCR120.dll!__libm_sse2_asinf+0xa0,8,0.0544,14699,20.0
fourteam_ai_postfix,12132,OgreMain.dll!?_calcTempSquareDist@Light@Ogre@@QAEXABVVector3@2@@Z+0x48,8,0.0544,14699,20.0
fourteam_ai_postfix,12132,battlezone98redux.exe!sub_440300,8,0.0544,14699,20.0
fourteam_ai_postfix,12132,d3d11.dll!CreateDirect3D11DeviceFromDXGIDevice+0xbc53d,8,0.0544,14699,20.0
fourteam_ai_postfix,12132,battlezone98redux.exe!sub_44b810,8,0.0544,14699,20.0
fourteam_ai_postfix,12132,OgreMain.dll!?load@Image@Ogre@@QAEAAV12@AAV?$SharedPtr@VDataStream@Ogre@@@2@ABV?$basic_string@DU?$char_traits@D@std@@V?$allocator@D@2@@std@@@Z+0x5d,8,0.0544,14699,20.0
fourteam_ai_postfix,12132,RenderSystem_Direct3D11.dll!?_loadTex@D3D11Texture@Ogre@@IAEXAAV?$SharedPtr@V?$vector@V?$SharedPtr@VMemoryDataStream@Ogre@@@Ogre@@V?$STLAllocator@V?$SharedPtr@VMemoryDataStream@Ogre@@@Ogre@@V?$CategorisedAllocPolicy@$0A@@2@@2@@std@@@2@@Z+0x528,8,0.0544,14699,20.0
fourteam_ai_postfix,12132,nvwgf2um.dll!SetDependencyInfo+0x54d72,8,0.0544,14699,20.0
fourteam_ai_postfix,12132,nvwgf2um.dll!SetDependencyInfo+0x54bea,8,0.0544,14699,20.0
fourteam_ai_postfix,12132,battlezone98redux.exe!sub_6696d0,8,0.0544,14699,20.0
fourteam_ai_postfix,12132,battlezone98redux.exe!sub_666ce0,8,0.0544,14699,20.0
fourteam_ai_postfix,12132,battlezone98redux.exe!sub_4cab60,8,0.0544,14699,20.0
fourteam_ai_postfix,12132,battlezone98redux.exe!sub_4c9910,8,0.0544,14699,20.0
fourteam_ai_postfix,12132,OgreMain.dll!?applyToNode@NodeAnimationTrack@Ogre@@UAEXPAVNode@2@ABVTimeIndex@2@MM@Z+0x113,8,0.0544,14699,20.0
fourteam_ai_postfix,12132,WINMM.dll@6ea10000!BZROpenShim::OgreProfilerAlgorithms::QuantizeDynamicAlphaDepthKey+0x1e,8,0.0544,14699,20.0
fourteam_ai_postfix,12132,battlezone98redux.exe!sub_68d690,8,0.0544,14699,20.0
fourteam_ai_postfix,12132,battlezone98redux.exe!sub_4675d0,7,0.0476,14699,20.0
fourteam_ai_postfix,12132,ntdll.dll!_RtlpFreeNTHeapInternal@12+0x217,7,0.0476,14699,20.0
fourteam_ai_postfix,12132,battlezone98redux.exe!sub_67b990,7,0.0476,14699,20.0
fourteam_ai_postfix,12132,WINMM.dll@6ea10000!BZROpenShim::`anonymous namespace'::RotateGenericChunkVector+0x21,7,0.0476,14699,20.0
fourteam_ai_postfix,12132,ntdll.dll!_RtlpFreeNTHeapInternal@12+0x32e,7,0.0476,14699,20.0
fourteam_ai_postfix,12132,OgreMain.dll!??0Entity@Ogre@@IAE@ABV?$basic_string@DU?$char_traits@D@std@@V?$allocator@D@2@@std@@ABV?$SharedPtr@VMesh@Ogre@@@1@@Z+0x3a1,7,0.0476,14699,20.0
fourteam_ai_postfix,12132,OgreMain.dll!?createInstanceImpl@EntityFactory@Ogre@@MAEPAVMovableObject@2@ABV?$basic_string@DU?$char_traits@D@std@@V?$allocator@D@2@@std@@PBV?$map@V?$basic_string@DU?$char_traits@D@std@@V?$allocator@D@2@@std@@V12@U?$less@V?$basic_string@DU?$char_traits@D@std@@V?$allocator@D@2@@std@@@2@V?$STLAllocator@U?$pair@$$CBV?$basic_string@DU?$char_traits@D@std@@V?$allocator@D@2@@std@@V12@@std@@V?$CategorisedAllocPolicy@$0A@@Ogre@@@Ogre@@@5@@Z+0x30d,7,0.0476,14699,20.0
fourteam_ai_postfix,12132,OgreMain.dll!?isInLightRange@Light@Ogre@@QBE_NABVSphere@2@@Z+0x161,7,0.0476,14699,20.0
fourteam_ai_postfix,12132,OgreMain.dll!?_setPass@SceneManager@Ogre@@UAEPBVPass@2@PBV32@_N1@Z+0x125,7,0.0476,14699,20.0
fourteam_ai_postfix,12132,"WINMM.dll@6ea10000!`anonymous namespace'::__std_find_trivial_impl<`anonymous namespace'::_Find_traits_2,unsigned short>+0x13",7,0.0476,14699,20.0
fourteam_ai_postfix,12132,OgreMain.dll!?buffersCheckedOut@TempBlendedBufferInfo@Ogre@@QBE_N_N0@Z+0x2f,7,0.0476,14699,20.0
fourteam_ai_postfix,12132,OgreMain.dll!?FastHash@Ogre@@YAIPBDHI@Z+0x6,7,0.0476,14699,20.0
fourteam_ai_postfix,12132,OgreMain.dll!?_setTextureUnitSettings@RenderSystem@Ogre@@UAEXIAAVTextureUnitState@2@@Z+0x73,7,0.0476,14699,20.0
fourteam_ai_postfix,12132,RenderSystem_Direct3D11.dll!?uninstall@D3D11Plugin@Ogre@@UAEXXZ+0x50e2,7,0.0476,14699,20.0
fourteam_ai_postfix,12132,OgreMain.dll!?findLightsAffectingFrustum@SceneManager@Ogre@@MAEXPBVCamera@2@@Z+0x194,7,0.0476,14699,20.0
fourteam_ai_postfix,12132,ntdll.dll!sxsisol_SearchActCtxForDllName+0x98,7,0.0476,14699,20.0
fourteam_ai_postfix,12132,ntdll.dll!RtlDosApplyFileIsolationRedirection_Ustr+0x2e1,7,0.0476,14699,20.0
fourteam_ai_postfix,12132,OgreMain.dll!?resizeTempVertexBufferIfNeeded@ManualObject@Ogre@@MAEXI@Z+0x60,7,0.0476,14699,20.0
fourteam_ai_postfix,12132,OgreMain.dll!?updatePoint@RotationalSpline@Ogre@@QAEXGABVQuaternion@2@@Z+0xb224,7,0.0476,14699,20.0
fourteam_ai_postfix,12132,OgreMain.dll!?getAs4DVector@Light@Ogre@@QBE?AVVector4@2@_N@Z+0x54,7,0.0476,14699,20.0
fourteam_ai_postfix,12132,battlezone98redux.exe!sub_5e0f70,7,0.0476,14699,20.0
fourteam_ai_postfix,12132,OgreMain.dll!?_updateAutoParams@GpuProgramParameters@Ogre@@QAEXPBVAutoParamDataSource@2@G@Z+0x26,7,0.0476,14699,20.0
fourteam_ai_postfix,12132,battlezone98redux.exe!sub_48fbe0,7,0.0476,14699,20.0
fourteam_ai_postfix,12132,d3d11.dll!CreateDirect3D11DeviceFromDXGIDevice+0xa2171,7,0.0476,14699,20.0
fourteam_ai_postfix,12132,OgreMain.dll!?_detectImplementation@OptimisedUtil@Ogre@@KAPAV12@XZ+0x464e,7,0.0476,14699,20.0
fourteam_ai_postfix,12132,dxgi.dll!DXGID3D10CreateDevice+0x848,7,0.0476,14699,20.0
fourteam_ai_postfix,12132,dxgi.dll!DXGIDisableVBlankVirtualization+0x39029,7,0.0476,14699,20.0
fourteam_ai_postfix,12132,OgreMain.dll!?getConstantDefinition@GpuProgramParameters@Ogre@@QBEABUGpuConstantDefinition@2@ABV?$basic_string@DU?$char_traits@D@std@@V?$allocator@D@2@@std@@@Z+0xd2,7,0.0476,14699,20.0
fourteam_ai_postfix,12132,OgreMain.dll!?_getBoneMatrices@Skeleton@Ogre@@UAEXPAVMatrix4@2@@Z+0x48,7,0.0476,14699,20.0
fourteam_ai_postfix,12132,d3d11.dll!D3D11CoreCreateLayeredDevice+0x128f,7,0.0476,14699,20.0
fourteam_ai_postfix,12132,OgreMain.dll!?updatePoint@RotationalSpline@Ogre@@QAEXGABVQuaternion@2@@Z+0x1585,7,0.0476,14699,20.0
fourteam_ai_postfix,12132,battlezone98redux.exe!sub_4976f0,7,0.0476,14699,20.0
fourteam_ai_postfix,12132,OgreMain.dll!?getLight@AutoParamDataSource@Ogre@@IBEABVLight@2@I@Z+0x11,7,0.0476,14699,20.0
fourteam_ai_postfix,12132,WINMM.dll@6ea10000!BZROpenShim::ChunkBatchInvalidation::SourceVersion::MixFloat+0x77,7,0.0476,14699,20.0
fourteam_ai_postfix,12132,OgreMain.dll!?ASin@Math@Ogre@@SA?AVRadian@2@M@Z+0x8,7,0.0476,14699,20.0
fourteam_ai_postfix,12132,OgreMain.dll!?getShadowCamera@LiSPSMShadowCameraSetup@Ogre@@UBEXPBVSceneManager@2@PBVCamera@2@PBVViewport@2@PBVLight@2@PAV42@I@Z+0x6c0,7,0.0476,14699,20.0
fourteam_ai_postfix,12132,nvwgf2um.dll!NVENCODEAPI_Thunk+0x10512,7,0.0476,14699,20.0
fourteam_ai_postfix,12132,nvwgf2um.dll!SetDependencyInfo+0x5a051,7,0.0476,14699,20.0
fourteam_ai_postfix,12132,OgreMain.dll!?end@ManualObject@Ogre@@UAEPAVManualObjectSection@12@XZ+0x2b5,7,0.0476,14699,20.0
fourteam_ai_postfix,12132,battlezone98redux.exe!sub_6637a0,7,0.0476,14699,20.0
fourteam_ai_postfix,12132,OgreMain.dll!?fireViewportPostUpdate@RenderTarget@Ogre@@MAEXPAVViewport@2@@Z+0x3b,7,0.0476,14699,20.0
fourteam_ai_postfix,12132,OgreMain.dll!??4GpuSharedParametersUsage@Ogre@@QAEAAV01@ABV01@@Z+0x2704,7,0.0476,14699,20.0
fourteam_ai_postfix,12132,OgreMain.dll!?_getParentNodeFullTransform@MovableObject@Ogre@@UBEABVMatrix4@2@XZ+0x9,7,0.0476,14699,20.0
fourteam_ai_postfix,12132,OgreMain.dll!?copyTempVertexToBuffer@ManualObject@Ogre@@MAEXXZ+0x154,7,0.0476,14699,20.0
fourteam_ai_postfix,12132,battlezone98redux.exe!sub_4499a0,7,0.0476,14699,20.0
fourteam_ai_postfix,12132,OgreMain.dll!?getVertexProgramParameters@Pass@Ogre@@QBE?AV?$SharedPtr@VGpuProgramParameters@Ogre@@@2@XZ+0xff,7,0.0476,14699,20.0
fourteam_ai_postfix,12132,MSVCR120.dll!__libm_sse2_acosf+0xe8,7,0.0476,14699,20.0
fourteam_ai_postfix,12132,OgreMain.dll!?updatePoint@RotationalSpline@Ogre@@QAEXGABVQuaternion@2@@Z+0x9d47,7,0.0476,14699,20.0
fourteam_ai_postfix,12132,battlezone98redux.exe!COleDateTimeSpan,7,0.0476,14699,20.0
fourteam_ai_postfix,12132,OgreMain.dll!?_detectImplementation@OptimisedUtil@Ogre@@KAPAV12@XZ+0x4630,7,0.0476,14699,20.0
fourteam_ai_postfix,12132,ucrtbase.dll!_tolower+0xe0,7,0.0476,14699,20.0
fourteam_ai_postfix,12132,battlezone98redux.exe!sub_4624d0,7,0.0476,14699,20.0
fourteam_ai_postfix,12132,WINMM.dll@6ea10000!BZROpenShim::`anonymous namespace'::HookFactoryCreateSwapChain+0x5,7,0.0476,14699,20.0
fourteam_ai_postfix,12132,OgreMain.dll!?findLightsAffectingFrustum@SceneManager@Ogre@@MAEXPBVCamera@2@@Z+0xa2,7,0.0476,14699,20.0
fourteam_ai_postfix,12132,battlezone98redux.exe!sub_81fd40,7,0.0476,14699,20.0
fourteam_ai_postfix,12132,ntdll.dll!_RtlpLocalInfoAllocFromCache@8+0x233,7,0.0476,14699,20.0
fourteam_ai_postfix,12132,MSVCR120.dll!__libm_sse2_asinf+0x50,7,0.0476,14699,20.0
fourteam_ai_postfix,12132,dxgi.dll!DXGIGetDebugInterface1+0xa559,7,0.0476,14699,20.0
fourteam_ai_postfix,12132,dxgi.dll!DXGIReportAdapterConfiguration+0xbf36,7,0.0476,14699,20.0
fourteam_ai_postfix,12132,nvwgf2um.dll!SetDependencyInfo+0x5040f,7,0.0476,14699,20.0
fourteam_ai_postfix,12132,OgreMain.dll!??4GpuSharedParametersUsage@Ogre@@QAEAAV01@ABV01@@Z+0x2700,7,0.0476,14699,20.0
fourteam_ai_postfix,12132,ucrtbase.dll!_floor+0x1f,7,0.0476,14699,20.0
fourteam_ai_postfix,12132,ntdll.dll!__woutput_l+0x8a1,7,0.0476,14699,20.0
fourteam_ai_postfix,12132,battlezone98redux.exe!sub_4dfad0,7,0.0476,14699,20.0
fourteam_ai_postfix,12132,battlezone98redux.exe!sub_462670,7,0.0476,14699,20.0
fourteam_ai_postfix,12132,battlezone98redux.exe!sub_42d4c0,7,0.0476,14699,20.0
fourteam_ai_postfix,12132,battlezone98redux.exe!sub_787660,7,0.0476,14699,20.0
fourteam_ai_postfix,12132,RenderSystem_Direct3D11.dll!?_setTexture@D3D11RenderSystem@Ogre@@UAEXI_NABV?$SharedPtr@VTexture@Ogre@@@2@@Z+0x94,7,0.0476,14699,20.0
fourteam_ai_postfix,12132,OgreMain.dll!?_findVisibleObjects@SceneNode@Ogre@@UAEXPAVCamera@2@PAVRenderQueue@2@PAUVisibleObjectsBoundsInfo@2@_N33@Z+0x4c,7,0.0476,14699,20.0
fourteam_ai_postfix,12132,battlezone98redux.exe!~_AnonymousOriginator<>,7,0.0476,14699,20.0
fourteam_ai_postfix,12132,battlezone98redux.exe!sub_6815b0,7,0.0476,14699,20.0
fourteam_ai_postfix,12132,battlezone98redux.exe!sub_684290,7,0.0476,14699,20.0
fourteam_ai_postfix,12132,OgreMain.dll!?setShadowCameraSetup@SceneManager@Ogre@@UAEXABV?$SharedPtr@VShadowCameraSetup@Ogre@@@2@@Z+0x5c,7,0.0476,14699,20.0
fourteam_ai_postfix,12132,MSVCP120.dll!??6?$basic_ostream@DU?$char_traits@D@std@@@std@@QAEAAV01@K@Z+0x7b,7,0.0476,14699,20.0
fourteam_ai_postfix,12132,RenderSystem_Direct3D11.dll!?_render@D3D11RenderSystem@Ogre@@UAEXABVRenderOperation@2@@Z+0x225,7,0.0476,14699,20.0
fourteam_ai_postfix,12132,MSVCR120.dll!__libm_sse2_acosf+0xec,7,0.0476,14699,20.0
fourteam_ai_postfix,12132,OgreMain.dll!?_updateAutoParams@GpuProgramParameters@Ogre@@QAEXPBVAutoParamDataSource@2@G@Z+0x1f0c,7,0.0476,14699,20.0
fourteam_ai_postfix,12132,OgreMain.dll!?getLightDiffuseColourWithPower@AutoParamDataSource@Ogre@@UBE?BVColourValue@2@I@Z+0xd,7,0.0476,14699,20.0
fourteam_ai_postfix,12132,battlezone98redux.exe!sub_4acbc0,7,0.0476,14699,20.0
fourteam_ai_postfix,12132,battlezone98redux.exe!sub_5b26e0,7,0.0476,14699,20.0
fourteam_ai_postfix,12132,ntdll.dll!_wctomb_s+0x18,7,0.0476,14699,20.0
fourteam_ai_postfix,12132,ntdll.dll!__output_l+0x81b,7,0.0476,14699,20.0
fourteam_ai_postfix,12132,OgreMain.dll!?getBestTechnique@Material@Ogre@@QAEPAVTechnique@2@GPBVRenderable@2@@Z+0x69,7,0.0476,14699,20.0
fourteam_ai_postfix,12132,OgreMain.dll!?waitForNextRequest@DefaultWorkQueue@Ogre@@MAEXXZ+0xe78d,7,0.0476,14699,20.0
fourteam_ai_postfix,12132,OgreMain.dll!?waitForNextRequest@DefaultWorkQueue@Ogre@@MAEXXZ+0x13e2c,7,0.0476,14699,20.0
fourteam_ai_postfix,12132,OgreMain.dll!?decode@FreeImageCodec@Ogre@@UBE?AU?$pair@V?$SharedPtr@VMemoryDataStream@Ogre@@@Ogre@@V?$SharedPtr@VCodecData@Codec@Ogre@@@2@@std@@AAV?$SharedPtr@VDataStream@Ogre@@@2@@Z+0x83,7,0.0476,14699,20.0
fourteam_ai_postfix,12132,OgreMain.dll!?getInterpolatedKeyFrame@NodeAnimationTrack@Ogre@@UBEXABVTimeIndex@2@PAVKeyFrame@2@@Z+0x40,7,0.0476,14699,20.0
fourteam_ai_postfix,12132,battlezone98redux.exe!sub_604130,7,0.0476,14699,20.0
fourteam_ai_postfix,12132,OgreMain.dll!?_populateLightList@SceneManager@Ogre@@UAEXABVVector3@2@MAAV?$HashedVector@PAVLight@Ogre@@@2@I@Z+0x14f,7,0.0476,14699,20.0
fourteam_ai_postfix,12132,MSVCR120.dll!log2+0x75,7,0.0476,14699,20.0
fourteam_ai_postfix,12132,battlezone98redux.exe!sub_4242f0,7,0.0476,14699,20.0
fourteam_ai_postfix,12132,OgreMain.dll!?findLightsAffectingFrustum@SceneManager@Ogre@@MAEXPBVCamera@2@@Z+0xca,7,0.0476,14699,20.0
fourteam_ai_postfix,12132,battlezone98redux.exe!sub_601250,7,0.0476,14699,20.0
fourteam_ai_postfix,12132,OgreMain.dll!?isTransparentSortingForced@Technique@Ogre@@QBE_NXZ+0xc,6,0.0408,14699,20.0
fourteam_ai_postfix,12132,battlezone98redux.exe!sub_46ae20,6,0.0408,14699,20.0
fourteam_ai_postfix,12132,OgreMain.dll!?merge@VisibleObjectsBoundsInfo@Ogre@@QAEXABVAxisAlignedBox@2@ABVSphere@2@PBVCamera@2@_N@Z+0x2c,6,0.0408,14699,20.0
fourteam_ai_postfix,12132,battlezone98redux.exe!sub_5bc170,6,0.0408,14699,20.0
fourteam_ai_postfix,12132,OgreMain.dll!?createTechnique@Material@Ogre@@QAEPAVTechnique@2@XZ+0xb03,6,0.0408,14699,20.0
fourteam_ai_postfix,12132,OgreMain.dll!?position@ManualObject@Ogre@@UAEXMMM@Z+0x15a,6,0.0408,14699,20.0
fourteam_ai_postfix,12132,d3d11.dll!CreateDirect3D11DeviceFromDXGIDevice+0xa515f,6,0.0408,14699,20.0
fourteam_ai_postfix,12132,RenderSystem_Direct3D11.dll!?uninstall@D3D11Plugin@Ogre@@UAEXXZ+0x51a0,6,0.0408,14699,20.0
fourteam_ai_postfix,12132,ntdll.dll!_RtlpFreeNTHeapInternal@12+0x24b,6,0.0408,14699,20.0
fourteam_ai_postfix,12132,WINMM.dll@6ea10000!ceilf+0x1f,6,0.0408,14699,20.0
fourteam_ai_postfix,12132,OgreMain.dll!?resizeTempIndexBufferIfNeeded@ManualObject@Ogre@@MAEXI@Z+0x51,6,0.0408,14699,20.0
fourteam_ai_postfix,12132,battlezone98redux.exe!sub_44c7c0,6,0.0408,14699,20.0
fourteam_ai_postfix,12132,battlezone98redux.exe!sub_83d4d0,6,0.0408,14699,20.0
fourteam_ai_postfix,12132,OgreMain.dll!?touchVertexBufferCopy@HardwareBufferManagerBase@Ogre@@UAEXABVHardwareVertexBufferSharedPtr@2@@Z+0x3d,6,0.0408,14699,20.0
fourteam_ai_postfix,12132,battlezone98redux.exe!sub_4deaa0,6,0.0408,14699,20.0
fourteam_ai_postfix,12132,battlezone98redux.exe!sub_43b720,6,0.0408,14699,20.0
fourteam_ai_postfix,12132,OgreMain.dll!?_detectImplementation@OptimisedUtil@Ogre@@KAPAV12@XZ+0x4599,6,0.0408,14699,20.0
fourteam_ai_postfix,12132,OgreMain.dll!?copyTempVertexToBuffer@ManualObject@Ogre@@MAEXXZ+0x94,6,0.0408,14699,20.0
fourteam_ai_postfix,12132,WINMM.dll@6ea10000!BZROpenShim::`anonymous namespace'::DecideFrustumCull+0x119,6,0.0408,14699,20.0
fourteam_ai_postfix,12132,d3d11.dll!D3D11CoreCreateLayeredDevice+0x13921,6,0.0408,14699,20.0
fourteam_ai_postfix,12132,d3d11.dll!D3D11CoreCreateLayeredDevice+0x13c43,6,0.0408,14699,20.0
fourteam_ai_postfix,12132,nvwgf2um.dll!NVENCODEAPI_Thunk+0x2175ea,6,0.0408,14699,20.0
fourteam_ai_postfix,12132,WINMM.dll@6ea10000!BZROpenShim::ChunkBatchInvalidation::SourceVersion::MixFloat+0x55,6,0.0408,14699,20.0
fourteam_ai_postfix,12132,OgreMain.dll+0xebe2,6,0.0408,14699,20.0
fourteam_ai_postfix,12132,d3d11.dll!D3D11CoreCreateDevice+0x1d43a,6,0.0408,14699,20.0
fourteam_ai_postfix,12132,OgreMain.dll!?angleBetween@Vector3@Ogre@@QBE?AVRadian@2@ABV12@@Z+0x79,6,0.0408,14699,20.0
fourteam_ai_postfix,12132,OgreMain.dll+0x17bb6,6,0.0408,14699,20.0
fourteam_ai_postfix,12132,OgreMain.dll!?getSide@Plane@Ogre@@QBE?AW4Side@12@ABVVector3@2@0@Z+0x63,6,0.0408,14699,20.0
fourteam_ai_postfix,12132,d3d11.dll+0x31c9e,6,0.0408,14699,20.0
fourteam_ai_postfix,12132,OgreMain.dll!?isInLightRange@Light@Ogre@@QBE_NABVSphere@2@@Z+0x134,6,0.0408,14699,20.0
fourteam_ai_postfix,12132,OgreMain.dll!?angleBetween@Vector3@Ogre@@QBE?AVRadian@2@ABV12@@Z+0xe3,6,0.0408,14699,20.0
fourteam_ai_postfix,12132,WINMM.dll@6ea10000!_vfprintf_l+0x1d,6,0.0408,14699,20.0
fourteam_ai_postfix,12132,ucrtbase.dll!<lambda_826c27fce7726908515bbc79a5266961>::operator()+0x99,6,0.0408,14699,20.0
fourteam_ai_postfix,12132,"ucrtbase.dll!common_vfprintf<__crt_stdio_output::standard_base,char>+0x70",6,0.0408,14699,20.0
fourteam_ai_postfix,12132,"ucrtbase.dll!__crt_seh_guarded_call<int>::operator()<<lambda_62491a2101a2aba6cc4a769149c84f1f>,<lambda_826c27fce7726908515bbc79a5266961> &,<lambda_4e64bbd54b50a7b070e3ea8d795375b6> >+0x2b",6,0.0408,14699,20.0
fourteam_ai_postfix,12132,WINMM.dll@6ea10000!BZROpenShim::`anonymous namespace'::InitLoggerOnce+0x188,6,0.0408,14699,20.0
fourteam_ai_postfix,12132,WINMM.dll@6ea10000!fprintf+0x13,6,0.0408,14699,20.0
fourteam_ai_postfix,12132,ucrtbase.dll!___stdio_common_vfprintf+0x2f,6,0.0408,14699,20.0
fourteam_ai_postfix,12132,OgreMain.dll!?getLodIndex@Mesh@Ogre@@QBEGM@Z+0x23,6,0.0408,14699,20.0
fourteam_ai_postfix,12132,OgreMain.dll!?createTechnique@Material@Ogre@@QAEPAVTechnique@2@XZ+0xb1b,6,0.0408,14699,20.0
fourteam_ai_postfix,12132,WINMM.dll@6ea10000!BZROpenShim::`anonymous namespace'::RebuildAndSubmitGenericChunkBatch+0x165,6,0.0408,14699,20.0
fourteam_ai_postfix,12132,OgreMain.dll!?getLightAs4DVector@AutoParamDataSource@Ogre@@UBE?AVVector4@2@I@Z+0x10,6,0.0408,14699,20.0
fourteam_ai_postfix,12132,d3d11.dll!CreateDirect3D11DeviceFromDXGIDevice+0xbda6d,6,0.0408,14699,20.0
fourteam_ai_postfix,12132,battlezone98redux.exe!sub_5fed30,6,0.0408,14699,20.0
fourteam_ai_postfix,12132,MSVCR120.dll!__libm_sse2_acosf+0x93,6,0.0408,14699,20.0
fourteam_ai_postfix,12132,OgreMain.dll!?_injectRenderWithPass@SceneManager@Ogre@@UAEXPAVPass@2@PAVRenderable@2@_N2PBV?$HashedVector@PAVLight@Ogre@@@2@@Z+0x16,6,0.0408,14699,20.0
fourteam_ai_postfix,12132,battlezone98redux.exe!sub_4aaea0,6,0.0408,14699,20.0
fourteam_ai_postfix,12132,OgreMain.dll!?getLodIndex@Material@Ogre@@QBEGM@Z+0x23,6,0.0408,14699,20.0
fourteam_ai_postfix,12132,OgreMain.dll!?getWorldViewProjMatrix@AutoParamDataSource@Ogre@@UBEABVMatrix4@2@XZ+0x39c,6,0.0408,14699,20.0
fourteam_ai_postfix,12132,OgreMain.dll!?_notifyCurrentCamera@Entity@Ogre@@UAEXPAVCamera@2@@Z+0x107,6,0.0408,14699,20.0
fourteam_ai_postfix,12132,ucrtbase.dll!fp_format_f+0x30,6,0.0408,14699,20.0
fourteam_ai_postfix,12132,OgreMain.dll!?getRenderOperation@SubEntity@Ogre@@UAEXAAVRenderOperation@2@@Z+0x1e,6,0.0408,14699,20.0
fourteam_ai_postfix,12132,OgreMain.dll!?isVisible@Frustum@Ogre@@UBE_NABVAxisAlignedBox@2@PAW4FrustumPlane@2@@Z+0xb3,6,0.0408,14699,20.0
fourteam_ai_postfix,12132,OgreMain.dll!?createTechnique@Material@Ogre@@QAEPAVTechnique@2@XZ+0xa3b,6,0.0408,14699,20.0
fourteam_ai_postfix,12132,OgreMain.dll!??4GpuSharedParametersUsage@Ogre@@QAEAAV01@ABV01@@Z+0x2749,6,0.0408,14699,20.0
fourteam_ai_postfix,12132,WINMM.dll@6ea10000!BZROpenShim::ChunkBatchInvalidation::SourceVersion::MixFloat+0x7c,6,0.0408,14699,20.0
fourteam_ai_postfix,12132,"WINMM.dll@6ea10000!std::_Hash<std::_Umap_traits<std::basic_string<char,std::char_traits<char>,std::allocator<char> >,int,std::_Uhash_compare<std::basic_string<char,std::char_traits<char>,std::allocator<char> >,std::hash<std::basic_string<char,std::char_traits<char>,std::allocator<char> > >,std::equal_to<std::basic_string<char,std::char_traits<char>,std::allocator<char> > > >,std::allocator<std::pair<std::basic_string<char,std::char_traits<char>,std::allocator<char> > const ,int> >,0> >::emplace<char const * &,int &>+0x119",6,0.0408,14699,20.0
fourteam_ai_postfix,12132,nvwgf2um.dll!OpenAdapter10+0x23b36,6,0.0408,14699,20.0
fourteam_ai_postfix,12132,d3d11.dll+0x2afa5,6,0.0408,14699,20.0
fourteam_ai_postfix,12132,d3d11.dll!D3D11CoreCreateLayeredDevice+0x15270,6,0.0408,14699,20.0
fourteam_ai_postfix,12132,d3d11.dll!D3D11CoreCreateLayeredDevice+0x151d9,6,0.0408,14699,20.0
fourteam_ai_postfix,12132,MSVCR120.dll!log2+0x166,6,0.0408,14699,20.0
fourteam_ai_postfix,12132,RenderSystem_Direct3D11.dll!??1D3D11RenderWindowSwapChainBased@Ogre@@UAE@XZ+0x36e,6,0.0408,14699,20.0
fourteam_ai_postfix,12132,battlezone98redux.exe!sub_449be0,6,0.0408,14699,20.0
fourteam_ai_postfix,12132,WINMM.dll@6ea10000!BZROpenShim::`anonymous namespace'::TryResolveChunkPayloadMeshResourceForMeshAndGeom+0x2c5,6,0.0408,14699,20.0
fourteam_ai_postfix,12132,WINMM.dll@6ea10000!BZROpenShim::`anonymous namespace'::TryPromoteChunkProxyLocalTransformToAnchoredWorld+0xa8,6,0.0408,14699,20.0
fourteam_ai_postfix,12132,battlezone98redux.exe!sub_48f5e0,6,0.0408,14699,20.0
fourteam_ai_postfix,12132,MSVCR120.dll!floor+0x1e,6,0.0408,14699,20.0
fourteam_ai_postfix,12132,OgreMain.dll!?_updateViewport@RenderTarget@Ogre@@UAEXPAVViewport@2@_N@Z+0x13,6,0.0408,14699,20.0
fourteam_ai_postfix,12132,OgreMain.dll!?fireViewportPreUpdate@RenderTarget@Ogre@@MAEXPAVViewport@2@@Z+0x3b,6,0.0408,14699,20.0
fourteam_ai_postfix,12132,battlezone98redux.exe!sub_67ed9d,6,0.0408,14699,20.0
fourteam_ai_postfix,12132,RenderSystem_Direct3D11.dll!?getMonitorSequentialNumberFromSwapChain@MonitorInfo@Ogre@@QAEGPAUIDXGISwapChain@@_N@Z+0x2797,6,0.0408,14699,20.0
fourteam_ai_postfix,12132,OgreMain.dll!?useLightsGpuProgram@SceneManager@Ogre@@MAEXPBVPass@2@PBV?$HashedVector@PAVLight@Ogre@@@2@@Z+0x55,6,0.0408,14699,20.0
fourteam_ai_postfix,12132,WINMM.dll@6ea10000!BZROpenShim::`anonymous namespace'::LogDepthStencilView+0x12a,6,0.0408,14699,20.0
fourteam_ai_postfix,12132,ntdll.dll!_RtlpFreeNTHeapInternal@12+0x206,6,0.0408,14699,20.0
fourteam_ai_postfix,12132,KERNEL32.DLL!BaseDllReadWriteIniFile+0x1ac,6,0.0408,14699,20.0
fourteam_ai_postfix,12132,d3d11.dll!CreateDirect3D11DeviceFromDXGIDevice+0x9a900,6,0.0408,14699,20.0
fourteam_ai_postfix,12132,MSVCR120.dll!_strupr_s_l+0x20,6,0.0408,14699,20.0
fourteam_ai_postfix,12132,MSVCR120.dll!_strupr+0x53,6,0.0408,14699,20.0
fourteam_ai_postfix,12132,MSVCR120.dll!__crtLCMapStringA+0x32,6,0.0408,14699,20.0
fourteam_ai_postfix,12132,OgreMain.dll!?_setTextureUnitSettings@RenderSystem@Ogre@@UAEXIAAVTextureUnitState@2@@Z+0x119,6,0.0408,14699,20.0
fourteam_ai_postfix,12132,OgreMain.dll!??DVector4@Ogre@@QBE?AV01@M@Z+0x72,6,0.0408,14699,20.0
fourteam_ai_postfix,12132,OgreMain.dll!??1FocusedShadowCameraSetup@Ogre@@UAE@XZ+0x43,6,0.0408,14699,20.0
fourteam_ai_postfix,12132,battlezone98redux.exe!sub_449b50,6,0.0408,14699,20.0
fourteam_ai_postfix,12132,d3d11.dll+0x2c155,6,0.0408,14699,20.0
fourteam_ai_postfix,12132,WINMM.dll@6ea10000!BZROpenShim::`anonymous namespace'::RotateGenericChunkVector+0x42,6,0.0408,14699,20.0
fourteam_ai_postfix,12132,MSVCR120.dll!_tolower_l+0x13,6,0.0408,14699,20.0
fourteam_ai_postfix,12132,battlezone98redux.exe!sub_442fd0,6,0.0408,14699,20.0
fourteam_ai_postfix,12132,OgreMain.dll!?isFloat@GpuConstantDefinition@Ogre@@SA_NW4GpuConstantType@2@@Z+0x1a,6,0.0408,14699,20.0
fourteam_ai_postfix,12132,d3d11.dll+0x317ab,6,0.0408,14699,20.0
fourteam_ai_postfix,12132,d3d11.dll+0x30e12,6,0.0408,14699,20.0
fourteam_ai_postfix,12132,OgreMain.dll!??4GpuSharedParametersUsage@Ogre@@QAEAAV01@ABV01@@Z+0x275a,6,0.0408,14699,20.0
fourteam_ai_postfix,12132,OgreMain.dll!?updatePoint@RotationalSpline@Ogre@@QAEXGABVQuaternion@2@@Z+0x23f7,6,0.0408,14699,20.0
fourteam_ai_postfix,12132,OgreMain.dll!?updatePoint@RotationalSpline@Ogre@@QAEXGABVQuaternion@2@@Z+0x159c,6,0.0408,14699,20.0
fourteam_ai_postfix,12132,ntdll.dll!RtlDispatchException+0x67,6,0.0408,14699,20.0
fourteam_ai_postfix,12132,OgreMain.dll!?_updateAutoParams@Pass@Ogre@@QBEXPBVAutoParamDataSource@2@G@Z+0x11c,6,0.0408,14699,20.0
fourteam_ai_postfix,12132,ucrtbase.dll!_floor+0x15,6,0.0408,14699,20.0
fourteam_ai_postfix,12132,OgreMain.dll!?_notifyCurrentCamera@Entity@Ogre@@UAEXPAVCamera@2@@Z+0x109,6,0.0408,14699,20.0
fourteam_ai_postfix,12132,MSVCR120.dll!log2+0xa7,6,0.0408,14699,20.0
fourteam_ai_postfix,12132,battlezone98redux.exe!sub_44c1c0,6,0.0408,14699,20.0
fourteam_ai_postfix,12132,MSVCR120.dll!floor,6,0.0408,14699,20.0
fourteam_ai_postfix,12132,KERNELBASE.dll!DeleteFile2W+0x346,6,0.0408,14699,20.0
fourteam_ai_postfix,12132,d3d11.dll!CreateDirect3D11DeviceFromDXGIDevice+0xbae48,6,0.0408,14699,20.0
fourteam_ai_postfix,12132,OgreMain.dll!?createTechnique@Material@Ogre@@QAEPAVTechnique@2@XZ+0xa23,6,0.0408,14699,20.0
fourteam_ai_postfix,12132,battlezone98redux.exe!_Uninitialized_move<>,6,0.0408,14699,20.0
fourteam_ai_postfix,12132,battlezone98redux.exe!sub_44f9c0,6,0.0408,14699,20.0
fourteam_ai_postfix,12132,battlezone98redux.exe!sub_450130,6,0.0408,14699,20.0
fourteam_ai_postfix,12132,battlezone98redux.exe+0x4f6c8,6,0.0408,14699,20.0
fourteam_ai_postfix,12132,OgreMain.dll!?isVisible@MovableObject@Ogre@@UBE_NXZ+0x7,6,0.0408,14699,20.0
fourteam_ai_postfix,12132,OgreMain.dll!?_setTextureUnitSettings@RenderSystem@Ogre@@UAEXIAAVTextureUnitState@2@@Z+0x16c,6,0.0408,14699,20.0
fourteam_ai_postfix,12132,OgreMain.dll!?waitForNextRequest@DefaultWorkQueue@Ogre@@MAEXXZ+0x20f48,6,0.0408,14699,20.0
fourteam_ai_postfix,12132,OgreMain.dll!?waitForNextRequest@DefaultWorkQueue@Ogre@@MAEXXZ+0x5589a,6,0.0408,14699,20.0
fourteam_ai_postfix,12132,battlezone98redux.exe!sub_4adcc0,6,0.0408,14699,20.0
fourteam_ai_postfix,12132,battlezone98redux.exe!sub_4adb00,6,0.0408,14699,20.0
fourteam_ai_postfix,12132,WINMM.dll@6ea10000!BZROpenShim::`anonymous namespace'::UpdateChunkProxySlotPosition+0x1e2,6,0.0408,14699,20.0
fourteam_ai_postfix,12132,OgreMain.dll!?findFiles@FileSystemArchive@Ogre@@IAEXABV?$basic_string@DU?$char_traits@D@std@@V?$allocator@D@2@@std@@_N1PAV?$vector@V?$basic_string@DU?$char_traits@D@std@@V?$allocator@D@2@@std@@V?$STLAllocator@V?$basic_string@DU?$char_traits@D@std@@V?$allocator@D@2@@std@@V?$CategorisedAllocPolicy@$0A@@Ogre@@@Ogre@@@4@PAV?$vector@UFileInfo@Ogre@@V?$STLAllocator@UFileInfo@Ogre@@V?$CategorisedAllocPolicy@$0A@@2@@2@@4@@Z+0x368,6,0.0408,14699,20.0
fourteam_ai_postfix,12132,WINMM.dll@6ea10000!_except_handler4_noexcept+0x41,6,0.0408,14699,20.0
fourteam_ai_postfix,12132,OgreMain.dll!?normalise@Quaternion@Ogre@@QAEMXZ+0xe,6,0.0408,14699,20.0
fourteam_ai_postfix,12132,WINMM.dll@6ea10000!BZROpenShim::`anonymous namespace'::TrackChunkEffectActiveEntries+0x24c,6,0.0408,14699,20.0
fourteam_ai_postfix,12132,WINMM.dll@6ea10000!BZROpenShim::`anonymous namespace'::UnitTurboBeginHook+0xd,6,0.0408,14699,20.0
fourteam_ai_postfix,12132,RenderSystem_Direct3D11.dll!?_render@D3D11RenderSystem@Ogre@@UAEXABVRenderOperation@2@@Z+0x6ca,5,0.034,14699,20.0
fourteam_ai_postfix,12132,OgreMain.dll!?update@Light@Ogre@@MBEXXZ+0x10,5,0.034,14699,20.0
fourteam_ai_postfix,12132,"WINMM.dll@6ea10000!std::basic_string<char,std::char_traits<char>,std::allocator<char> >::_Tidy_deallocate+0x2f",5,0.034,14699,20.0
fourteam_ai_postfix,12132,d3d11.dll!D3D11CoreCreateDevice+0x2eabd,5,0.034,14699,20.0
fourteam_ai_postfix,12132,ntdll.dll!_RtlpFreeNTHeapInternal@12+0x200,5,0.034,14699,20.0
fourteam_ai_postfix,12132,WINMM.dll@6ea10000!BZROpenShim::`anonymous namespace'::UpdateChunkProxySlotPosition+0x661,5,0.034,14699,20.0
fourteam_ai_postfix,12132,OgreMain.dll!?updatePoint@RotationalSpline@Ogre@@QAEXGABVQuaternion@2@@Z+0x1163,5,0.034,14699,20.0
fourteam_ai_postfix,12132,battlezone98redux.exe!sub_458c40,5,0.034,14699,20.0
fourteam_ai_postfix,12132,battlezone98redux.exe!sub_4588f0,5,0.034,14699,20.0
fourteam_ai_postfix,12132,OgreMain.dll!?angleBetween@Vector3@Ogre@@QBE?AVRadian@2@ABV12@@Z+0xc9,5,0.034,14699,20.0
fourteam_ai_postfix,12132,battlezone98redux.exe!sub_844220,5,0.034,14699,20.0
fourteam_ai_postfix,12132,OgreMain.dll!?ACos@Math@Ogre@@SA?AVRadian@2@M@Z,5,0.034,14699,20.0
fourteam_ai_postfix,12132,OgreMain.dll!?_setTextureUnitSettings@RenderSystem@Ogre@@UAEXIAAVTextureUnitState@2@@Z+0x1c1,5,0.034,14699,20.0
fourteam_ai_postfix,12132,MSVCR120.dll!log2+0xdd,5,0.034,14699,20.0
fourteam_ai_postfix,12132,battlezone98redux.exe!sub_4c0100,5,0.034,14699,20.0
fourteam_ai_postfix,12132,WINMM.dll@6ea10000!BZROpenShim::`anonymous namespace'::RotateGenericChunkVector+0xea,5,0.034,14699,20.0
fourteam_ai_postfix,12132,d3d11.dll!D3D11CoreCreateDevice+0x8b52,5,0.034,14699,20.0
fourteam_ai_postfix,12132,nvwgf2um.dll!OpenAdapter10+0x76ff7,5,0.034,14699,20.0
fourteam_ai_postfix,12132,nvwgf2um.dll!OpenAdapter10+0x76f47,5,0.034,14699,20.0
fourteam_ai_postfix,12132,nvwgf2um.dll!SetDependencyInfo+0x5027b,5,0.034,14699,20.0
fourteam_ai_postfix,12132,d3d11.dll!D3D11CoreCreateDevice+0x3ad9,5,0.034,14699,20.0
fourteam_ai_postfix,12132,battlezone98redux.exe!sub_43d0c0,5,0.034,14699,20.0
fourteam_ai_postfix,12132,d3d11.dll!CreateDirect3D11DeviceFromDXGIDevice+0xbc657,5,0.034,14699,20.0
fourteam_ai_postfix,12132,WINMM.dll@6ea10000!_except_handler4_noexcept+0x4b,5,0.034,14699,20.0
fourteam_ai_postfix,12132,VCRUNTIME140.dll!memset+0x4,5,0.034,14699,20.0
fourteam_ai_postfix,12132,OgreMain.dll!?isVisible@Frustum@Ogre@@UBE_NABVSphere@2@PAW4FrustumPlane@2@@Z+0x4f,5,0.034,14699,20.0
fourteam_ai_postfix,12132,OgreMain.dll!??4GpuSharedParametersUsage@Ogre@@QAEAAV01@ABV01@@Z+0x2744,5,0.034,14699,20.0
fourteam_ai_postfix,12132,d3d11.dll!D3D11CoreCreateDevice+0xe002,5,0.034,14699,20.0
fourteam_ai_postfix,12132,d3d11.dll!D3D11CoreCreateDevice+0xde8f,5,0.034,14699,20.0
fourteam_ai_postfix,12132,OgreMain.dll!?_updateBounds@SceneNode@Ogre@@UAEXXZ+0x213,5,0.034,14699,20.0
fourteam_ai_postfix,12132,battlezone98redux.exe!sub_4631d0,5,0.034,14699,20.0
fourteam_ai_postfix,12132,MSVCR120.dll!log2+0x153,5,0.034,14699,20.0
fourteam_ai_postfix,12132,d3d11.dll+0x30eac,5,0.034,14699,20.0
fourteam_ai_postfix,12132,RenderSystem_Direct3D11.dll!?_render@D3D11RenderSystem@Ogre@@UAEXABVRenderOperation@2@@Z+0xb7b,5,0.034,14699,20.0
fourteam_ai_postfix,12132,OgreMain.dll!?isVisible@ShadowRenderable@Ogre@@UBE_NXZ+0x141,5,0.034,14699,20.0
fourteam_ai_postfix,12132,OgreMain.dll!?getResourceByName@ResourceManager@Ogre@@UAE?AV?$SharedPtr@VResource@Ogre@@@2@ABV?$basic_string@DU?$char_traits@D@std@@V?$allocator@D@2@@std@@0@Z+0x62,5,0.034,14699,20.0
fourteam_ai_postfix,12132,battlezone98redux.exe!sub_442a90,5,0.034,14699,20.0
fourteam_ai_postfix,12132,nvspcap.dll!QueryShadowPlayDdiShimStatus+0x23eb7,5,0.034,14699,20.0
fourteam_ai_postfix,12132,nvspcap.dll+0x39835,5,0.034,14699,20.0
fourteam_ai_postfix,12132,battlezone98redux.exe!sub_44fb20,5,0.034,14699,20.0
fourteam_ai_postfix,12132,MSVCR120.dll!__libm_sse2_acosf+0xe0,5,0.034,14699,20.0
fourteam_ai_postfix,12132,d3d11.dll+0x30dcc,5,0.034,14699,20.0
fourteam_ai_postfix,12132,WINMM.dll@6ea10000!BZROpenShim::`anonymous namespace'::TrackChunkEffectActiveEntries+0x177,5,0.034,14699,20.0
fourteam_ai_postfix,12132,OgreMain.dll!?copyTempVertexToBuffer@ManualObject@Ogre@@MAEXXZ+0x134,5,0.034,14699,20.0
fourteam_ai_postfix,12132,OgreMain.dll!?_getActiveSchemeIndex@MaterialManager@Ogre@@UBEGXZ,5,0.034,14699,20.0
fourteam_ai_postfix,12132,OgreMain.dll!?getShadowCamera@LiSPSMShadowCameraSetup@Ogre@@UBEXPBVSceneManager@2@PBVCamera@2@PBVViewport@2@PBVLight@2@PAV42@I@Z+0x147e,5,0.034,14699,20.0
fourteam_ai_postfix,12132,battlezone98redux.exe!sub_666b50,5,0.034,14699,20.0
fourteam_ai_postfix,12132,battlezone98redux.exe!sub_666b90,5,0.034,14699,20.0
fourteam_ai_postfix,12132,"battlezone98redux.exe!construct<class_std::_Ref_count_obj_alloc<class___ExceptionPtr,struct__StaticAllocator<int>_>,struct__StaticAllocator<int>_const&,struct_EHExceptionRecord*&,bool>",5,0.034,14699,20.0
fourteam_ai_postfix,12132,OgreMain.dll+0x13f52,5,0.034,14699,20.0
fourteam_ai_postfix,12132,OgreMain.dll!?_populateLightList@SceneManager@Ogre@@UAEXABVVector3@2@MAAV?$HashedVector@PAVLight@Ogre@@@2@I@Z+0x97,5,0.034,14699,20.0
fourteam_ai_postfix,12132,WINMM.dll@6ea10000!_except_handler4_noexcept+0x53,5,0.034,14699,20.0
fourteam_ai_postfix,12132,dxgi.dll!DXGIDisableVBlankVirtualization+0x3b0ee,5,0.034,14699,20.0
fourteam_ai_postfix,12132,WINMM.dll@6ea10000!BZROpenShim::`anonymous namespace'::RebuildAndSubmitGenericChunkBatch+0x228,5,0.034,14699,20.0
fourteam_ai_postfix,12132,OgreMain.dll!?updatePoint@RotationalSpline@Ogre@@QAEXGABVQuaternion@2@@Z+0x2520,5,0.034,14699,20.0
fourteam_ai_postfix,12132,ucrtbase.dll!?process@?$output_processor@DV?$stream_output_adapter@D@__crt_stdio_output@@V?$standard_base@DV?$stream_output_adapter@D@__crt_stdio_output@@@2@@__crt_stdio_output@@QAEHXZ+0x108,5,0.034,14699,20.0
fourteam_ai_postfix,12132,OgreMain.dll!??4GpuSharedParametersUsage@Ogre@@QAEAAV01@ABV01@@Z+0x2758,5,0.034,14699,20.0
fourteam_ai_postfix,12132,OgreMain.dll!?isViewOutOfDate@Camera@Ogre@@MBE_NXZ+0x51a,5,0.034,14699,20.0
fourteam_ai_postfix,12132,battlezone98redux.exe!sub_422f60,5,0.034,14699,20.0
fourteam_ai_postfix,12132,OgreMain.dll!??1QueuedRenderableCollection@Ogre@@QAE@XZ+0xb16,5,0.034,14699,20.0
fourteam_ai_postfix,12132,OgreMain.dll!?getLightDiffuseColourWithPower@AutoParamDataSource@Ogre@@UBE?BVColourValue@2@I@Z+0x43,5,0.034,14699,20.0
fourteam_ai_postfix,12132,battlezone98redux.exe!sub_44f820,5,0.034,14699,20.0
fourteam_ai_postfix,12132,WINMM.dll@6ea10000!_except_handler4_noexcept+0x3e,5,0.034,14699,20.0
fourteam_ai_postfix,12132,MSVCR120.dll!floor+0x3e,5,0.034,14699,20.0
fourteam_ai_postfix,12132,OgreMain.dll!?_findNamedConstantDefinition@GpuProgramParameters@Ogre@@QBEPBUGpuConstantDefinition@2@ABV?$basic_string@DU?$char_traits@D@std@@V?$allocator@D@2@@std@@_N@Z+0x1a9,5,0.034,14699,20.0
fourteam_ai_postfix,12132,WINMM.dll@6ea10000!BZROpenShim::`anonymous namespace'::RotateGenericChunkVector+0xb4,5,0.034,14699,20.0
fourteam_ai_postfix,12132,OgreMain.dll!??0Frustum@Ogre@@QAE@ABV?$basic_string@DU?$char_traits@D@std@@V?$allocator@D@2@@std@@@Z+0x1c2,5,0.034,14699,20.0
fourteam_ai_postfix,12132,MSVCR120.dll!__libm_sse2_acosf+0x169,5,0.034,14699,20.0
fourteam_ai_postfix,12132,battlezone98redux.exe!sub_46cfe0,5,0.034,14699,20.0
fourteam_ai_postfix,12132,battlezone98redux.exe!sub_74d110,5,0.034,14699,20.0
fourteam_ai_postfix,12132,OgreMain.dll!?isViewOutOfDate@Camera@Ogre@@MBE_NXZ+0x1bd,5,0.034,14699,20.0
fourteam_ai_postfix,12132,dxgi.dll!DXGIGetDebugInterface1+0xed4c,5,0.034,14699,20.0
fourteam_ai_postfix,12132,battlezone98redux.exe!sub_81c600,5,0.034,14699,20.0
fourteam_ai_postfix,12132,battlezone98redux.exe!sub_446460,5,0.034,14699,20.0
fourteam_ai_postfix,12132,OgreMain.dll!?_calcTempSquareDist@Light@Ogre@@QAEXABVVector3@2@@Z+0x30,5,0.034,14699,20.0
fourteam_ai_postfix,12132,ntdll.dll!_RtlpLocalInfoAllocFromCache@8+0x9,5,0.034,14699,20.0
fourteam_ai_postfix,12132,OgreMain.dll!?waitForNextRequest@DefaultWorkQueue@Ogre@@MAEXXZ+0x11ce58,5,0.034,14699,20.0
fourteam_ai_postfix,12132,ucrtbase.dll!_ceil+0xf,5,0.034,14699,20.0
fourteam_ai_postfix,12132,WINMM.dll@6ea10000!BZROpenShim::`anonymous namespace'::RebuildAndSubmitGenericChunkBatch+0x177,5,0.034,14699,20.0
fourteam_ai_postfix,12132,OgreMain.dll!?hasViewRelativeTextureCoordinateGeneration@TextureUnitState@Ogre@@QBE_NXZ+0x14,5,0.034,14699,20.0
fourteam_ai_postfix,12132,OgreMain.dll!?ASin@Math@Ogre@@SA?AVRadian@2@M@Z+0x11,5,0.034,14699,20.0
fourteam_ai_postfix,12132,battlezone98redux.exe!sub_44fdc0,5,0.034,14699,20.0
fourteam_ai_postfix,12132,nvspcap.dll!CreateShadowPlayProxyShimInterface+0xe53a,5,0.034,14699,20.0
fourteam_ai_postfix,12132,OgreMain.dll!?angleBetween@Vector3@Ogre@@QBE?AVRadian@2@ABV12@@Z+0xc2,5,0.034,14699,20.0
fourteam_ai_postfix,12132,OgreMain.dll!?_updateAllRenderTargets@Root@Ogre@@QAE_NXZ+0x1e,5,0.034,14699,20.0
fourteam_ai_postfix,12132,OgreMain.dll!?waitForNextRequest@DefaultWorkQueue@Ogre@@MAEXXZ+0x11ce5e,5,0.034,14699,20.0
fourteam_ai_postfix,12132,OgreMain.dll!?transpose@Matrix4@Ogre@@QBE?AV12@XZ+0x1c,5,0.034,14699,20.0
fourteam_ai_postfix,12132,d3d11.dll!D3D11CoreCreateLayeredDevice+0x1469,5,0.034,14699,20.0
fourteam_ai_postfix,12132,d3d11.dll+0x3628f,5,0.034,14699,20.0
fourteam_ai_postfix,12132,OgreMain.dll!?getWorldViewMatrix@AutoParamDataSource@Ogre@@UBEABVMatrix4@2@XZ+0x241,5,0.034,14699,20.0
fourteam_ai_postfix,12132,DSOUND.dll!GetDeviceID+0x4965,5,0.034,14699,20.0
fourteam_ai_postfix,12132,WINMM.dll@6ea10000!BZROpenShim::`anonymous namespace'::AppendGenericChunkBatchGeometry+0x135,5,0.034,14699,20.0
fourteam_ai_postfix,12132,RenderSystem_Direct3D11.dll!?bindGpuProgramParameters@D3D11RenderSystem@Ogre@@UAEXW4GpuProgramType@2@V?$SharedPtr@VGpuProgramParameters@Ogre@@@2@G@Z+0x580,5,0.034,14699,20.0
fourteam_ai_postfix,12132,MSVCR120.dll!__libm_sse2_asinf+0x78,5,0.034,14699,20.0
fourteam_ai_postfix,12132,battlezone98redux.exe!basic_string<>,5,0.034,14699,20.0
fourteam_ai_postfix,12132,RenderSystem_Direct3D11.dll!?isVisible@D3D11RenderWindowHwnd@Ogre@@UBE_NXZ+0x25,5,0.034,14699,20.0
fourteam_ai_postfix,12132,OgreMain.dll!?acceptVisitorGrouped@QueuedRenderableCollection@Ogre@@IBEXPAVQueuedRenderableVisitor@2@@Z+0x25,5,0.034,14699,20.0
fourteam_ai_postfix,12132,battlezone98redux.exe!sub_62cc50,5,0.034,14699,20.0
fourteam_ai_postfix,12132,battlezone98redux.exe!sub_77c610,5,0.034,14699,20.0
fourteam_ai_postfix,12132,battlezone98redux.exe!sub_778450,5,0.034,14699,20.0
fourteam_ai_postfix,12132,battlezone98redux.exe!sub_77bf30,5,0.034,14699,20.0
fourteam_ai_postfix,12132,OgreMain.dll!?_updateBounds@SceneNode@Ogre@@UAEXXZ+0x268,5,0.034,14699,20.0
fourteam_ai_postfix,12132,OgreMain.dll!?createLight@SceneManager@Ogre@@UAEPAVLight@2@ABV?$basic_string@DU?$char_traits@D@std@@V?$allocator@D@2@@std@@@Z+0x15,5,0.034,14699,20.0
fourteam_ai_postfix,12132,OgreMain.dll!?createLight@SceneManager@Ogre@@UAEPAVLight@2@XZ+0x4f,5,0.034,14699,20.0
fourteam_ai_postfix,12132,WINMM.dll@6ea10000!BZROpenShim::`anonymous namespace'::ProcessVisibleObjectHook+0x17b,5,0.034,14699,20.0
fourteam_ai_postfix,12132,OgreMain.dll!?_fireFrameStarted@Root@Ogre@@QAE_NXZ+0x1f,5,0.034,14699,20.0
fourteam_ai_postfix,12132,OgreMain.dll!?renderOneFrame@Root@Ogre@@QAE_NXZ+0x8,5,0.034,14699,20.0
fourteam_ai_postfix,12132,OgreMain.dll!?setVisible@MovableObject@Ogre@@UAEX_N@Z+0x25,5,0.034,14699,20.0
fourteam_ai_postfix,12132,OgreMain.dll!?normalise@Vector3@Ogre@@QAEMXZ+0x42,5,0.034,14699,20.0
fourteam_ai_postfix,12132,MSVCR120.dll!floor+0x9c,5,0.034,14699,20.0
fourteam_ai_postfix,12132,ntdll.dll!_RtlpFreeNTHeapInternal@12+0x6b5,5,0.034,14699,20.0
fourteam_ai_postfix,12132,WINMM.dll@6ea10000!BZROpenShim::`anonymous namespace'::RotateGenericChunkVector+0x94,5,0.034,14699,20.0
fourteam_ai_postfix,12132,RenderSystem_Direct3D11.dll!??0D3D11RenderWindowSwapChainBased@Ogre@@QAE@ABV01@@Z+0xa0b,5,0.034,14699,20.0
fourteam_ai_postfix,12132,battlezone98redux.exe!sub_450540,5,0.034,14699,20.0
fourteam_ai_postfix,12132,battlezone98redux.exe!sub_77bd40,5,0.034,14699,20.0
fourteam_ai_postfix,12132,battlezone98redux.exe!sub_77c5f0,5,0.034,14699,20.0
fourteam_ai_postfix,12132,battlezone98redux.exe!sub_7783d0,5,0.034,14699,20.0
fourteam_ai_postfix,12132,WINMM.dll@6ea10000!BZROpenShim::`anonymous namespace'::AppendGenericChunkBatchGeometry+0x13b,5,0.034,14699,20.0
fourteam_ai_postfix,12132,OgreMain.dll!?updateAnimation@Entity@Ogre@@IAEXXZ+0x85,5,0.034,14699,20.0
fourteam_ai_postfix,12132,OgreMain.dll!?normal@ManualObject@Ogre@@UAEXMMM@Z+0x2e,5,0.034,14699,20.0
fourteam_ai_postfix,12132,OgreMain.dll!?createTechnique@Material@Ogre@@QAEPAVTechnique@2@XZ+0xa1f,5,0.034,14699,20.0
fourteam_ai_postfix,12132,battlezone98redux.exe!sub_49b1f0,5,0.034,14699,20.0
fourteam_ai_postfix,12132,d3d11.dll!D3D11CoreCreateDevice+0x402d,5,0.034,14699,20.0
fourteam_ai_postfix,12132,nvwgf2um.dll!OpenAdapter10+0x76667,5,0.034,14699,20.0
fourteam_ai_postfix,12132,nvwgf2um.dll!SetDependencyInfo+0x5004f,5,0.034,14699,20.0
fourteam_ai_postfix,12132,nvwgf2um.dll!OpenAdapter10+0x72e97,5,0.034,14699,20.0
fourteam_ai_postfix,12132,nvwgf2um.dll!OpenAdapter10+0x74e9d,5,0.034,14699,20.0
fourteam_ai_postfix,12132,nvwgf2um.dll!OpenAdapter10+0x72b5d,5,0.034,14699,20.0
fourteam_ai_postfix,12132,nvwgf2um.dll!OpenAdapter10+0x3fa,5,0.034,14699,20.0
fourteam_ai_postfix,12132,MSVCR120.dll!_strnicoll+0x8f,5,0.034,14699,20.0
fourteam_ai_postfix,12132,battlezone98redux.exe!sub_666700,5,0.034,14699,20.0
fourteam_ai_postfix,12132,battlezone98redux.exe!sub_442f40,5,0.034,14699,20.0
fourteam_ai_postfix,12132,d3d11.dll+0x3671a,5,0.034,14699,20.0
fourteam_ai_postfix,12132,OgreMain.dll!?determinant@Matrix4@Ogre@@QBEMXZ+0xc3,5,0.034,14699,20.0
fourteam_ai_postfix,12132,MSVCR120.dll!log2+0xe0,5,0.034,14699,20.0
fourteam_ai_postfix,12132,MSVCR120.dll!tolower+0x28,5,0.034,14699,20.0
fourteam_ai_postfix,12132,OgreMain.dll!?determinant@Matrix4@Ogre@@QBEMXZ+0x129,5,0.034,14699,20.0
fourteam_ai_postfix,12132,battlezone98redux.exe!sub_43a7e0,5,0.034,14699,20.0
fourteam_ai_postfix,12132,battlezone98redux.exe!sub_43c6c0,5,0.034,14699,20.0
fourteam_ai_postfix,12132,"WINMM.dll@6ea10000!std::_Hash<std::_Umap_traits<int,BZROpenShim::`anonymous namespace'::HudSpriteRectRecord,std::_Uhash_compare<int,std::hash<int>,std::equal_to<int> >,std::allocator<std::pair<int const ,BZROpenShim::`anonymous namespace'::HudSpriteRectRecord> >,0> >::erase+0x5c",5,0.034,14699,20.0
fourteam_ai_postfix,12132,RenderSystem_Direct3D11.dll!??1D3D11RenderWindowSwapChainBased@Ogre@@UAE@XZ+0x40e,5,0.034,14699,20.0
fourteam_ai_postfix,12132,KERNELBASE.dll!GetModuleHandleA+0x16,5,0.034,14699,20.0
fourteam_ai_postfix,12132,OgreMain.dll!?isVisible@ShadowRenderable@Ogre@@UBE_NXZ+0x21f,5,0.034,14699,20.0
fourteam_ai_postfix,12132,battlezone98redux.exe!sub_46acc0,5,0.034,14699,20.0
fourteam_ai_postfix,12132,OgreMain.dll!?RealEqual@Math@Ogre@@SA_NMMM@Z+0x19,5,0.034,14699,20.0
fourteam_ai_postfix,12132,MSVCR120.dll!__libm_sse2_acosf+0x104,5,0.034,14699,20.0
fourteam_ai_postfix,12132,OgreMain.dll!?getLight@AutoParamDataSource@Ogre@@IBEABVLight@2@I@Z+0x22,5,0.034,14699,20.0
fourteam_ai_postfix,12132,OgreMain.dll!?preRenderTargetUpdate@CompositorChain@Ogre@@UAEXABURenderTargetEvent@2@@Z+0x63,5,0.034,14699,20.0
fourteam_ai_postfix,12132,WINMM.dll@6ea10000!BZROpenShim::`anonymous namespace'::CaptureChunkObjectLinkProbe+0xa8,5,0.034,14699,20.0
fourteam_ai_postfix,12132,OgreMain.dll!??1Frustum@Ogre@@UAE@XZ+0xa7,5,0.034,14699,20.0
fourteam_ai_postfix,12132,ntdll.dll!_RtlpLocalInfoAllocFromCache@8+0x273,5,0.034,14699,20.0
fourteam_ai_postfix,12132,battlezone98redux.exe!sub_45bdf0,5,0.034,14699,20.0
fourteam_ai_postfix,12132,KERNELBASE.dll!OutputDebugStringA+0xe6,5,0.034,14699,20.0
fourteam_ai_postfix,12132,OgreMain.dll!?_updateAutoParams@Pass@Ogre@@QBEXPBVAutoParamDataSource@2@G@Z+0x6a,5,0.034,14699,20.0
fourteam_ai_postfix,12132,battlezone98redux.exe!sub_480450,5,0.034,14699,20.0
fourteam_ai_postfix,12132,battlezone98redux.exe!sub_585680,5,0.034,14699,20.0
fourteam_ai_postfix,12132,battlezone98redux.exe!sub_585560,5,0.034,14699,20.0
fourteam_ai_postfix,12132,WINMM.dll@6ea10000!BZROpenShim::`anonymous namespace'::TryResolveChunkPayloadMeshResource+0x2e1,5,0.034,14699,20.0
fourteam_ai_postfix,12132,battlezone98redux.exe!sub_4178b0,5,0.034,14699,20.0
fourteam_ai_postfix,12132,nvwgf2um.dll!NVENCODEAPI_Thunk+0x21760e,5,0.034,14699,20.0
fourteam_ai_postfix,12132,ntdll.dll!_RtlDosPathNameToRelativeNtPathName_U_WithStatus@16+0x4c,5,0.034,14699,20.0
fourteam_ai_postfix,12132,KERNEL32.DLL!FlsGetValue+0x1b,5,0.034,14699,20.0
fourteam_ai_postfix,12132,battlezone98redux.exe!sub_4462d0,5,0.034,14699,20.0
fourteam_ai_postfix,12132,battlezone98redux.exe!FID_conflict:_Destroy,5,0.034,14699,20.0
fourteam_ai_postfix,12132,battlezone98redux.exe!sub_44f350,5,0.034,14699,20.0
fourteam_ai_postfix,12132,battlezone98redux.exe!_Destroy_range<>,5,0.034,14699,20.0
fourteam_ai_postfix,12132,OgreMain.dll!?_detectImplementation@OptimisedUtil@Ogre@@KAPAV12@XZ+0x44b7,5,0.034,14699,20.0
fourteam_ai_postfix,12132,battlezone98redux.exe!sub_4d8e00,5,0.034,14699,20.0
fourteam_ai_postfix,12132,MSVCR120.dll!_wfindnext64i32+0xdb,5,0.034,14699,20.0
fourteam_ai_postfix,12132,OgreMain.dll!?findFiles@FileSystemArchive@Ogre@@IAEXABV?$basic_string@DU?$char_traits@D@std@@V?$allocator@D@2@@std@@_N1PAV?$vector@V?$basic_string@DU?$char_traits@D@std@@V?$allocator@D@2@@std@@V?$STLAllocator@V?$basic_string@DU?$char_traits@D@std@@V?$allocator@D@2@@std@@V?$CategorisedAllocPolicy@$0A@@Ogre@@@Ogre@@@4@PAV?$vector@UFileInfo@Ogre@@V?$STLAllocator@UFileInfo@Ogre@@V?$CategorisedAllocPolicy@$0A@@2@@2@@4@@Z+0x5c3,5,0.034,14699,20.0
fourteam_ai_postfix,12132,MSVCR120.dll!_findclose+0xc,5,0.034,14699,20.0
fourteam_ai_postfix,12132,OgreMain.dll!?compile@ScriptCompiler@Ogre@@QAE_NABV?$SharedPtr@V?$list@V?$SharedPtr@UConcreteNode@Ogre@@@Ogre@@V?$STLAllocator@V?$SharedPtr@UConcreteNode@Ogre@@@Ogre@@V?$CategorisedAllocPolicy@$0A@@2@@2@@std@@@2@ABV?$basic_string@DU?$char_traits@D@std@@V?$allocator@D@2@@std@@@Z+0xbb,5,0.034,14699,20.0
fourteam_ai_postfix,12132,battlezone98redux.exe!sub_4db800,5,0.034,14699,20.0
fourteam_ai_postfix,12132,battlezone98redux.exe!sub_4d1a00,5,0.034,14699,20.0
fourteam_ai_postfix,12132,OgreMain.dll!?load@MeshManager@Ogre@@QAE?AV?$SharedPtr@VMesh@Ogre@@@2@ABV?$basic_string@DU?$char_traits@D@std@@V?$allocator@D@2@@std@@0W4Usage@HardwareBuffer@2@1_N2@Z+0xb7,5,0.034,14699,20.0
fourteam_ai_postfix,12132,battlezone98redux.exe!sub_41fc90,5,0.034,14699,20.0
fourteam_ai_postfix,12132,MSVCR120.dll!wcschr+0xca,5,0.034,14699,20.0
fourteam_ai_postfix,12132,battlezone98redux.exe!sub_5c1850,5,0.034,14699,20.0
fourteam_ai_postfix,12132,battlezone98redux.exe!sub_5be980,5,0.034,14699,20.0
fourteam_ai_postfix,12132,battlezone98redux.exe!sub_62d310,5,0.034,14699,20.0
fourteam_ai_postfix,12132,battlezone98redux.exe!sub_4dab60,5,0.034,14699,20.0
fourteam_ai_postfix,12132,battlezone98redux.exe!sub_4e9ef0,5,0.034,14699,20.0
fourteam_ai_postfix,12132,battlezone98redux.exe!sub_62cfe0,5,0.034,14699,20.0
fourteam_ai_postfix,12132,battlezone98redux.exe!sub_4a7930,5,0.034,14699,20.0
fourteam_ai_postfix,12132,battlezone98redux.exe!sub_62bab0,5,0.034,14699,20.0
fourteam_ai_postfix,12132,battlezone98redux.exe!sub_62d150,5,0.034,14699,20.0
fourteam_ai_postfix,12132,battlezone98redux.exe!sub_4a7ea0,5,0.034,14699,20.0
fourteam_ai_postfix,12132,battlezone98redux.exe!sub_5be950,5,0.034,14699,20.0
fourteam_ai_postfix,12132,MSVCR120.dll!log2f+0x6,5,0.034,14699,20.0
fourteam_ai_postfix,12132,WINMM.dll@6ea10000!BZROpenShim::`anonymous namespace'::TrySubmitChunkMeshProxyToCurrentRenderQueue+0x57a,5,0.034,14699,20.0
fourteam_ai_postfix,12132,WINMM.dll@6ea10000!BZROpenShim::`anonymous namespace'::TryUpdateChunkProxyRenderQueueSafe+0x4e,5,0.034,14699,20.0
fourteam_ai_postfix,12132,OgreMain.dll!?getWorldBoundingSphere@MovableObject@Ogre@@UBEABVSphere@2@_N@Z+0x4a,5,0.034,14699,20.0
fourteam_ai_postfix,12132,OgreMain.dll!?_findNamedConstantDefinition@GpuProgramParameters@Ogre@@QBEPBUGpuConstantDefinition@2@ABV?$basic_string@DU?$char_traits@D@std@@V?$allocator@D@2@@std@@_N@Z+0xba,5,0.034,14699,20.0
fourteam_ai_postfix,12132,ntdll.dll!__wctomb_s_l+0x66,5,0.034,14699,20.0
fourteam_ai_postfix,12132,battlezone98redux.exe!sub_5d5810,5,0.034,14699,20.0
fourteam_ai_postfix,12132,battlezone98redux.exe!sub_43aa30,5,0.034,14699,20.0
fourteam_ai_postfix,12132,OgreMain.dll!?getBestTechnique@Material@Ogre@@QAEPAVTechnique@2@GPBVRenderable@2@@Z+0xf,5,0.034,14699,20.0
fourteam_ai_postfix,12132,OgreMain.dll!?_update@Node@Ogre@@UAEX_N0@Z+0x73,5,0.034,14699,20.0
fourteam_ai_postfix,12132,battlezone98redux.exe!sub_67a150,5,0.034,14699,20.0
fourteam_ai_postfix,12132,OgreMain.dll!?getTextureUnitStateIterator@Pass@Ogre@@QBE?AV?$ConstVectorIterator@V?$vector@PAVTextureUnitState@Ogre@@V?$STLAllocator@PAVTextureUnitState@Ogre@@V?$CategorisedAllocPolicy@$0A@@2@@2@@std@@@2@XZ+0x1a,4,0.0272,14699,20.0
fourteam_ai_postfix,12132,OgreMain.dll!?renderSingleObject@SceneManager@Ogre@@MAEXPAVRenderable@2@PBVPass@2@_N2PBV?$HashedVector@PAVLight@Ogre@@@2@@Z+0x1b7,4,0.0272,14699,20.0
fourteam_ai_postfix,12132,OgreMain.dll!?touch@Resource@Ogre@@UAEXXZ+0x18,4,0.0272,14699,20.0
fourteam_ai_postfix,12132,OgreMain.dll!?isInLightRange@Light@Ogre@@QBE_NABVSphere@2@@Z+0x3f,4,0.0272,14699,20.0
fourteam_ai_postfix,12132,WINMM.dll@6ea10000!BZROpenShim::`anonymous namespace'::UpdateChunkProxySlotPosition+0x643,4,0.0272,14699,20.0
fourteam_ai_postfix,12132,OgreMain.dll!?setVisible@MovableObject@Ogre@@UAEX_N@Z+0x2c,4,0.0272,14699,20.0
fourteam_ai_postfix,12132,ntdll.dll!_RtlpLfhFindClearBitAndSet@16+0x96,4,0.0272,14699,20.0
fourteam_ai_postfix,12132,OgreMain.dll!??4GpuSharedParametersUsage@Ogre@@QAEAAV01@ABV01@@Z+0x27ae,4,0.0272,14699,20.0
fourteam_ai_postfix,12132,msvcp_win.dll!__Mtx_unlock+0x1f,4,0.0272,14699,20.0
fourteam_ai_postfix,12132,OgreMain.dll!?_notifyCurrentCamera@Entity@Ogre@@UAEXPAVCamera@2@@Z+0x14,4,0.0272,14699,20.0
fourteam_ai_postfix,12132,nvwgf2um.dll!NVENCODEAPI_Thunk+0x2178c1,4,0.0272,14699,20.0
fourteam_ai_postfix,12132,OgreMain.dll!?_initialise@Entity@Ogre@@QAEX_N@Z+0x12d,4,0.0272,14699,20.0
fourteam_ai_postfix,12132,OgreMain.dll+0x358eb,4,0.0272,14699,20.0
fourteam_ai_postfix,12132,WINMM.dll@6ea10000!BZROpenShim::`anonymous namespace'::TryBuildOgreQuaternionFromLegacyTransform+0x174,4,0.0272,14699,20.0
fourteam_ai_postfix,12132,battlezone98redux.exe!sub_44dcd0,4,0.0272,14699,20.0
fourteam_ai_postfix,12132,OgreMain.dll!?isInLightRange@Light@Ogre@@QBE_NABVSphere@2@@Z+0x14c,4,0.0272,14699,20.0
fourteam_ai_postfix,12132,MSVCR120.dll!ceil+0x1ce,4,0.0272,14699,20.0
fourteam_ai_postfix,12132,WINMM.dll@6ea10000!BZROpenShim::`anonymous namespace'::TryBuildOgreQuaternionFromLegacyTransform+0x193,4,0.0272,14699,20.0
fourteam_ai_postfix,12132,WINMM.dll@6ea10000!BZROpenShim::`anonymous namespace'::DecideFrustumCull+0xb6,4,0.0272,14699,20.0
fourteam_ai_postfix,12132,WINMM.dll@6ea10000!BZROpenShim::`anonymous namespace'::TryBuildOgreQuaternionFromLegacyTransform+0x1e6,4,0.0272,14699,20.0
fourteam_ai_postfix,12132,battlezone98redux.exe!sub_479f30,4,0.0272,14699,20.0
fourteam_ai_postfix,12132,OgreMain.dll!?_updateAutoParams@GpuProgramParameters@Ogre@@QAEXPBVAutoParamDataSource@2@G@Z+0x1,4,0.0272,14699,20.0
fourteam_ai_postfix,12132,nvwgf2um.dll!SetDependencyInfo+0x35489,4,0.0272,14699,20.0
fourteam_ai_postfix,12132,ntdll.dll!_RtlpAllocateNTHeapInternal@12+0xf6,4,0.0272,14699,20.0
fourteam_ai_postfix,12132,d3d11.dll!CreateDirect3D11DeviceFromDXGIDevice+0xa21cf,4,0.0272,14699,20.0
fourteam_ai_postfix,12132,d3d11.dll!CreateDirect3D11DeviceFromDXGIDevice+0xa20c1,4,0.0272,14699,20.0
fourteam_ai_postfix,12132,ucrtbase.dll!_ceil+0x1f,4,0.0272,14699,20.0
fourteam_ai_postfix,12132,ntdll.dll!_RtlpLfhFindClearBitAndSet@16+0xaf,4,0.0272,14699,20.0
fourteam_ai_postfix,12132,d3d11.dll!D3D11CoreCreateDevice+0x9768,4,0.0272,14699,20.0
fourteam_ai_postfix,12132,WINMM.dll@6ea10000!BZROpenShim::`anonymous namespace'::RebuildAndSubmitGenericChunkBatch+0x1d1,4,0.0272,14699,20.0
fourteam_ai_postfix,12132,ntdll.dll!_RtlpLocalInfoAllocFromCache@8+0x1c9,4,0.0272,14699,20.0
fourteam_ai_postfix,12132,battlezone98redux.exe!sub_4d9b40,4,0.0272,14699,20.0
fourteam_ai_postfix,12132,ntdll.dll!RtlFindActivationContextSectionString+0x146,4,0.0272,14699,20.0
fourteam_ai_postfix,12132,d3d11.dll!D3D11CoreCreateLayeredDevice+0x13f6b,4,0.0272,14699,20.0
fourteam_ai_postfix,12132,nvwgf2um.dll!OpenAdapter10+0x77157,4,0.0272,14699,20.0
fourteam_ai_postfix,12132,nvwgf2um.dll!OpenAdapter10+0x72d57,4,0.0272,14699,20.0
fourteam_ai_postfix,12132,OgreMain.dll!?_fireFrameEnded@Root@Ogre@@QAE_NAAUFrameEvent@2@@Z+0x9d,4,0.0272,14699,20.0
fourteam_ai_postfix,12132,RenderSystem_Direct3D11.dll!?getMonitorSequentialNumberFromSwapChain@MonitorInfo@Ogre@@QAEGPAUIDXGISwapChain@@_N@Z+0xdca,4,0.0272,14699,20.0
fourteam_ai_postfix,12132,"WINMM.dll@6ea10000!std::_Hash<std::_Umap_traits<std::basic_string<char,std::char_traits<char>,std::allocator<char> >,bool,std::_Uhash_compare<std::basic_string<char,std::char_traits<char>,std::allocator<char> >,std::hash<std::basic_string<char,std::char_traits<char>,std::allocator<char> > >,std::equal_to<std::basic_string<char,std::char_traits<char>,std::allocator<char> > > >,std::allocator<std::pair<std::basic_string<char,std::char_traits<char>,std::allocator<char> > const ,bool> >,0> >::emplace<std::basic_string<char,std::char_traits<char>,std::allocator<char> > const &,bool &>+0x140",4,0.0272,14699,20.0
fourteam_ai_postfix,12132,OgreMain.dll!?queryLights@MovableObject@Ogre@@UBEABV?$HashedVector@PAVLight@Ogre@@@2@XZ+0xd,4,0.0272,14699,20.0
fourteam_ai_postfix,12132,nvwgf2um.dll!OpenAdapter10+0x74f64,4,0.0272,14699,20.0
fourteam_ai_postfix,12132,OgreMain.dll!?processVisibleObject@RenderQueue@Ogre@@QAEXPAVMovableObject@2@PAVCamera@2@_NPAUVisibleObjectsBoundsInfo@2@@Z+0x69,4,0.0272,14699,20.0
fourteam_ai_postfix,12132,WINMM.dll@6ea10000!BZROpenShim::`anonymous namespace'::PopulateChunkObjectLinkProbeFromIdentityCache+0xa7,4,0.0272,14699,20.0
fourteam_ai_postfix,12132,MSVCR120.dll!truncl+0x3a4e,4,0.0272,14699,20.0
fourteam_ai_postfix,12132,OgreMain.dll!?_getDerivedPosition@Node@Ogre@@UBEABVVector3@2@XZ+0x7,4,0.0272,14699,20.0
fourteam_ai_postfix,12132,OgreMain.dll!?copyTempVertexToBuffer@ManualObject@Ogre@@MAEXXZ+0xbd,4,0.0272,14699,20.0
fourteam_ai_postfix,12132,OgreMain.dll!?isInLightRange@Light@Ogre@@QBE_NABVSphere@2@@Z+0xc6,4,0.0272,14699,20.0
fourteam_ai_postfix,12132,battlezone98redux.exe!sub_6799c0,4,0.0272,14699,20.0
fourteam_ai_postfix,12132,ntdll.dll!_ZwOpenThread@16+0xc,4,0.0272,14699,20.0
fourteam_ai_postfix,12132,nvwgf2um.dll!SetDependencyInfo+0x54234,4,0.0272,14699,20.0
fourteam_ai_postfix,12132,OgreMain.dll!?getQueueGroup@RenderQueue@Ogre@@QAEPAVRenderQueueGroup@2@E@Z+0x43,4,0.0272,14699,20.0
fourteam_ai_postfix,12132,OgreMain.dll!??4GpuSharedParametersUsage@Ogre@@QAEAAV01@ABV01@@Z+0x2795,4,0.0272,14699,20.0
fourteam_ai_postfix,12132,OgreMain.dll+0x35774,4,0.0272,14699,20.0
fourteam_ai_postfix,12132,d3d11.dll!D3DKMTWaitForVerticalBlankEvent+0x1115,4,0.0272,14699,20.0
fourteam_ai_postfix,12132,nvwgf2um.dll!NVAPI_DirectMethods+0xb9201,4,0.0272,14699,20.0
fourteam_ai_postfix,12132,OgreMain.dll!?getIndex@DistanceLodStrategyBase@Ogre@@UBEGMABV?$vector@UMeshLodUsage@Ogre@@V?$STLAllocator@UMeshLodUsage@Ogre@@V?$CategorisedAllocPolicy@$0A@@2@@2@@std@@@Z+0x16,4,0.0272,14699,20.0
fourteam_ai_postfix,12132,ntdll.dll!_RtlpFreeNTHeapInternal@12+0x2df,4,0.0272,14699,20.0
fourteam_ai_postfix,12132,OgreMain.dll!?updateAnimation@Entity@Ogre@@IAEXXZ+0x10f,4,0.0272,14699,20.0
fourteam_ai_postfix,12132,battlezone98redux.exe!sub_4221b0,4,0.0272,14699,20.0
fourteam_ai_postfix,12132,OgreMain.dll!?_updateAutoParams@GpuProgramParameters@Ogre@@QAEXPBVAutoParamDataSource@2@G@Z+0x2031,4,0.0272,14699,20.0
fourteam_ai_postfix,12132,ntdll.dll!_RtlpLocalInfoAllocFromCache@8+0x244,4,0.0272,14699,20.0
fourteam_ai_postfix,12132,battlezone98redux.exe!sub_455990,4,0.0272,14699,20.0
fourteam_ai_postfix,12132,battlezone98redux.exe!allocate,4,0.0272,14699,20.0
fourteam_ai_postfix,12132,RenderSystem_Direct3D11.dll!?lock@D3D11HardwareUniformBuffer@Ogre@@UAEPAXIIW4LockOptions@HardwareBuffer@2@W4UploadOptions@42@@Z+0x8,4,0.0272,14699,20.0
fourteam_ai_postfix,12132,KERNEL32.DLL!GetProcAddress+0x14,4,0.0272,14699,20.0
fourteam_ai_postfix,12132,KERNELBASE.dll!GetProcAddressForCaller+0x4d,4,0.0272,14699,20.0
fourteam_ai_postfix,12132,WINMM.dll@6ea10000!BZROpenShim::`anonymous namespace'::InstallMultiplayerFlagRenderHookIfPossible+0x106,4,0.0272,14699,20.0
fourteam_ai_postfix,12132,WINMM.dll@6ea10000!BZROpenShim::`anonymous namespace'::LogArenaPointerFields+0xc3,4,0.0272,14699,20.0
fourteam_ai_postfix,12132,OgreMain.dll!?_updateAutoParams@GpuProgramParameters@Ogre@@QAEXPBVAutoParamDataSource@2@G@Z+0x11e9,4,0.0272,14699,20.0
fourteam_ai_postfix,12132,OgreMain.dll!?renderSingleObject@SceneManager@Ogre@@MAEXPAVRenderable@2@PBVPass@2@_N2PBV?$HashedVector@PAVLight@Ogre@@@2@@Z+0x247,4,0.0272,14699,20.0
fourteam_ai_postfix,12132,battlezone98redux.exe!sub_417f60,4,0.0272,14699,20.0
fourteam_ai_postfix,12132,OgreMain.dll!?ensureLoaded@TextureUnitState@Ogre@@IBEXI@Z+0x53,4,0.0272,14699,20.0
fourteam_ai_postfix,12132,OgreMain.dll!?getIndex@DistanceLodStrategyBase@Ogre@@UBEGMABV?$vector@MV?$STLAllocator@MV?$CategorisedAllocPolicy@$0A@@Ogre@@@Ogre@@@std@@@Z+0x16,4,0.0272,14699,20.0
fourteam_ai_postfix,12132,OgreMain.dll!?updatePoint@RotationalSpline@Ogre@@QAEXGABVQuaternion@2@@Z+0x9d4e,4,0.0272,14699,20.0
fourteam_ai_postfix,12132,MSVCR120.dll!memcpy+0x14,4,0.0272,14699,20.0
fourteam_ai_postfix,12132,WINMM.dll@6ea10000!BZROpenShim::`anonymous namespace'::TryPromoteChunkProxyLocalTransformToAnchoredWorld+0xd1,4,0.0272,14699,20.0
fourteam_ai_postfix,12132,OgreMain.dll!?RealEqual@Math@Ogre@@SA_NMMM@Z+0xd,4,0.0272,14699,20.0
fourteam_ai_postfix,12132,DSOUND.dll!GetDeviceID+0x48df,4,0.0272,14699,20.0
fourteam_ai_postfix,12132,d3d11.dll!CreateDirect3D11DeviceFromDXGIDevice+0x9f772,4,0.0272,14699,20.0
fourteam_ai_postfix,12132,OgreMain.dll!?calculateLVS@FocusedShadowCameraSetup@Ogre@@IBEXABVSceneManager@2@ABVCamera@2@ABVLight@2@ABVAxisAlignedBox@2@PAVPointListBody@12@@Z+0x94,4,0.0272,14699,20.0
fourteam_ai_postfix,12132,MSVCR120.dll!__libm_sse2_acosf+0x97,4,0.0272,14699,20.0
fourteam_ai_postfix,12132,d3d11.dll+0x2b527,4,0.0272,14699,20.0
fourteam_ai_postfix,12132,nvwgf2um.dll!SetDependencyInfo+0x54242,4,0.0272,14699,20.0
fourteam_ai_postfix,12132,WINMM.dll@6ea10000!BZROpenShim::`anonymous namespace'::ProcessVisibleObjectHook+0x17,4,0.0272,14699,20.0
fourteam_ai_postfix,12132,OgreMain.dll!?merge@VisibleObjectsBoundsInfo@Ogre@@QAEXABVAxisAlignedBox@2@ABVSphere@2@PBVCamera@2@_N@Z+0x183,4,0.0272,14699,20.0
fourteam_ai_postfix,12132,OgreMain.dll!?renderSingleObject@SceneManager@Ogre@@MAEXPAVRenderable@2@PBVPass@2@_N2PBV?$HashedVector@PAVLight@Ogre@@@2@@Z+0x64,4,0.0272,14699,20.0
fourteam_ai_postfix,12132,battlezone98redux.exe!sub_822970,4,0.0272,14699,20.0
fourteam_ai_postfix,12132,ucrtbase.dll!__malloc_base+0x31,4,0.0272,14699,20.0
fourteam_ai_postfix,12132,DSOUND.dll!GetDeviceID+0x1c39,4,0.0272,14699,20.0
fourteam_ai_postfix,12132,battlezone98redux.exe!sub_43c6e0,4,0.0272,14699,20.0
fourteam_ai_postfix,12132,OgreMain.dll!?angleBetween@Vector3@Ogre@@QBE?AVRadian@2@ABV12@@Z+0xd5,4,0.0272,14699,20.0
fourteam_ai_postfix,12132,dxgi.dll!DXGID3D10CreateDevice+0x3c27,4,0.0272,14699,20.0
fourteam_ai_postfix,12132,"WINMM.dll@6ea10000!std::_Hash<std::_Umap_traits<std::basic_string<char,std::char_traits<char>,std::allocator<char> >,std::vector<std::basic_string<char,std::char_traits<char>,std::allocator<char> >,std::allocator<std::basic_string<char,std::char_traits<char>,std::allocator<char> > > >,std::_Uhash_compare<std::basic_string<char,std::char_traits<char>,std::allocator<char> >,std::hash<std::basic_string<char,std::char_traits<char>,std::allocator<char> > >,std::equal_to<std::basic_string<char,std::char_traits<char>,std::allocator<char> > > >,std::allocator<std::pair<std::basic_string<char,std::char_traits<char>,std::allocator<char> > const ,std::vector<std::basic_string<char,std::char_traits<char>,std::allocator<char> >,std::allocator<std::basic_string<char,std::char_traits<char>,std::allocator<char> > > > > >,0> >::_Forced_rehash+0x159",4,0.0272,14699,20.0
fourteam_ai_postfix,12132,OgreMain.dll!?update@Light@Ogre@@MBEXXZ+0x132,4,0.0272,14699,20.0
fourteam_ai_postfix,12132,battlezone98redux.exe!sub_607110,4,0.0272,14699,20.0
fourteam_ai_postfix,12132,battlezone98redux.exe!sub_462470,4,0.0272,14699,20.0
fourteam_ai_postfix,12132,OgreMain.dll!?_writeRawConstant@GpuProgramParameters@Ogre@@QAEXIABVVector4@2@I@Z+0x18,4,0.0272,14699,20.0
fourteam_ai_postfix,12132,WINMM.dll@6ea10000!BZROpenShim::ReadExeSignature+0xa7,4,0.0272,14699,20.0
fourteam_ai_postfix,12132,OgreMain.dll!?_detectImplementation@OptimisedUtil@Ogre@@KAPAV12@XZ+0x4671,4,0.0272,14699,20.0
fourteam_ai_postfix,12132,WINMM.dll@6ea10000!BZROpenShim::ChunkBatchInvalidation::SourceVersion::MixFloat+0x57,4,0.0272,14699,20.0
fourteam_ai_postfix,12132,OgreMain.dll!?angleBetween@Vector3@Ogre@@QBE?AVRadian@2@ABV12@@Z+0xcc,4,0.0272,14699,20.0
fourteam_ai_postfix,12132,OgreMain.dll!?getSide@Plane@Ogre@@QBE?AW4Side@12@ABVVector3@2@0@Z+0x31,4,0.0272,14699,20.0
fourteam_ai_postfix,12132,d3d11.dll!D3D11CoreCreateLayeredDevice+0x13753,4,0.0272,14699,20.0
fourteam_ai_postfix,12132,d3d11.dll!D3D11CoreCreateLayeredDevice+0x13126,4,0.0272,14699,20.0
fourteam_ai_postfix,12132,OgreMain.dll!?_updateBounds@SceneNode@Ogre@@UAEXXZ+0x235,4,0.0272,14699,20.0
fourteam_ai_postfix,12132,d3d11.dll+0x373f1,4,0.0272,14699,20.0
fourteam_ai_postfix,12132,d3d11.dll+0x38e73,4,0.0272,14699,20.0
fourteam_ai_postfix,12132,WINMM.dll@6ea10000!BZROpenShim::ChunkBatchInvalidation::SourceVersion::MixFloat+0x1,4,0.0272,14699,20.0
fourteam_ai_postfix,12132,d3d11.dll!CreateDirect3D11DeviceFromDXGIDevice+0xa204b,4,0.0272,14699,20.0
fourteam_ai_postfix,12132,d3d11.dll!CreateDirect3D11DeviceFromDXGIDevice+0x9da45,4,0.0272,14699,20.0
fourteam_ai_postfix,12132,OgreMain.dll!?_issueRenderOp@SceneManager@Ogre@@UAEXPAVRenderable@2@PBVPass@2@@Z+0x76,4,0.0272,14699,20.0
fourteam_ai_postfix,12132,OgreMain.dll!?updatePoint@RotationalSpline@Ogre@@QAEXGABVQuaternion@2@@Z+0x1538,4,0.0272,14699,20.0
fourteam_ai_postfix,12132,ntdll.dll!__woutput_l+0x8a6,4,0.0272,14699,20.0
fourteam_ai_postfix,12132,battlezone98redux.exe!assign,4,0.0272,14699,20.0
fourteam_ai_postfix,12132,OgreMain.dll!?isVisible@ShadowRenderable@Ogre@@UBE_NXZ+0x25a,4,0.0272,14699,20.0
fourteam_ai_postfix,12132,OgreMain.dll!?getConstantDefinition@GpuProgramParameters@Ogre@@QBEABUGpuConstantDefinition@2@ABV?$basic_string@DU?$char_traits@D@std@@V?$allocator@D@2@@std@@@Z+0x35,4,0.0272,14699,20.0
fourteam_ai_postfix,12132,OgreMain.dll!?getSpotlightParams@AutoParamDataSource@Ogre@@UBE?AVVector4@2@I@Z+0xf,4,0.0272,14699,20.0
fourteam_ai_postfix,12132,ucrtbase.dll!__ldclass+0x2,4,0.0272,14699,20.0
fourteam_ai_postfix,12132,OgreMain.dll+0x6c12,4,0.0272,14699,20.0
fourteam_ai_postfix,12132,OgreMain.dll!??RmaterialLess@SceneManager@Ogre@@QBE_NPBVMaterial@2@0@Z+0x734e,4,0.0272,14699,20.0
fourteam_ai_postfix,12132,OgreMain.dll!??4GpuSharedParametersUsage@Ogre@@QAEAAV01@ABV01@@Z+0x27a4,4,0.0272,14699,20.0
fourteam_ai_postfix,12132,OgreMain.dll!?_getFullTransform@Node@Ogre@@UBEABVMatrix4@2@XZ+0x1,4,0.0272,14699,20.0
fourteam_ai_postfix,12132,dxgi.dll+0x28232,4,0.0272,14699,20.0
fourteam_ai_postfix,12132,RenderSystem_Direct3D11.dll!?_setRenderTargetViews@D3D11RenderSystem@Ogre@@IAEXXZ+0x147,4,0.0272,14699,20.0
fourteam_ai_postfix,12132,OgreMain.dll+0x14b05,4,0.0272,14699,20.0
fourteam_ai_postfix,12132,OgreMain.dll+0x33460,4,0.0272,14699,20.0
fourteam_ai_postfix,12132,OgreMain.dll!?size@RenderQueueInvocationSequence@Ogre@@QBEIXZ+0x210f,4,0.0272,14699,20.0
fourteam_ai_postfix,12132,OgreMain.dll!?angleBetween@Vector3@Ogre@@QBE?AVRadian@2@ABV12@@Z+0x1,4,0.0272,14699,20.0
fourteam_ai_postfix,12132,OgreMain.dll!?_setTextureUnitSettings@RenderSystem@Ogre@@UAEXIAAVTextureUnitState@2@@Z+0x1ab,4,0.0272,14699,20.0
fourteam_ai_postfix,12132,battlezone98redux.exe!sub_4eb7e0,4,0.0272,14699,20.0
fourteam_ai_postfix,12132,ntdll.dll!_RtlpLocalInfoAllocFromCache@8+0x106,4,0.0272,14699,20.0
fourteam_ai_postfix,12132,ntdll.dll!_RtlGetCurrentServiceSessionId@0+0x6,4,0.0272,14699,20.0
fourteam_ai_postfix,12132,battlezone98redux.exe!sub_5b2c30,4,0.0272,14699,20.0
fourteam_ai_postfix,12132,OgreMain.dll!?getShadowCamera@LiSPSMShadowCameraSetup@Ogre@@UBEXPBVSceneManager@2@PBVCamera@2@PBVViewport@2@PBVLight@2@PAV42@I@Z+0x1d27,4,0.0272,14699,20.0
fourteam_ai_postfix,12132,OgreMain.dll!?updateFromParentImpl@Node@Ogre@@MBEXXZ+0x118,4,0.0272,14699,20.0
fourteam_ai_postfix,12132,MSVCP120.dll!??0?$basic_istream@DU?$char_traits@D@std@@@std@@QAE@PAV?$basic_streambuf@DU?$char_traits@D@std@@@1@_N@Z+0x62,4,0.0272,14699,20.0
fourteam_ai_postfix,12132,MSVCP120.dll!??0?$basic_iostream@DU?$char_traits@D@std@@@std@@QAE@PAV?$basic_streambuf@DU?$char_traits@D@std@@@1@@Z+0x45,4,0.0272,14699,20.0
fourteam_ai_postfix,12132,WINMM.dll@6ea10000!BZROpenShim::ChunkBatchInvalidation::SourceVersion::MixFloat+0x25,4,0.0272,14699,20.0
fourteam_ai_postfix,12132,OgreMain.dll!?normal@ManualObject@Ogre@@UAEXMMM@Z+0x17,4,0.0272,14699,20.0
fourteam_ai_postfix,12132,nvwgf2um.dll!SetDependencyInfo+0x350d2,4,0.0272,14699,20.0
fourteam_ai_postfix,12132,OgreMain.dll!?_getTexturedRectangle2D@CompositorManager@Ogre@@QAEPAVRenderable@2@XZ+0x13e,4,0.0272,14699,20.0
fourteam_ai_postfix,12132,OgreMain.dll!?deriveTextureRenderTargetOptions@CompositorInstance@Ogre@@AAEXABV?$basic_string@DU?$char_traits@D@std@@V?$allocator@D@2@@std@@PA_NPAIPAV34@@Z+0x876,4,0.0272,14699,20.0
fourteam_ai_postfix,12132,OgreMain.dll+0x13ba6,4,0.0272,14699,20.0
fourteam_ai_postfix,12132,WINMM.dll@6ea10000!BZROpenShim::`anonymous namespace'::TryResolveChunkPayloadMeshResource+0x204,4,0.0272,14699,20.0
fourteam_ai_postfix,12132,battlezone98redux.exe!sub_663740,4,0.0272,14699,20.0
fourteam_ai_postfix,12132,WINMM.dll@6ea10000!BZROpenShim::`anonymous namespace'::RotateGenericChunkVector+0x1,4,0.0272,14699,20.0
fourteam_ai_postfix,12132,WINMM.dll@6ea10000!_except_handler4_noexcept+0x25,4,0.0272,14699,20.0
fourteam_ai_postfix,12132,d3d11.dll+0x2c465,4,0.0272,14699,20.0
fourteam_ai_postfix,12132,d3d11.dll!D3DPerformance_BeginEvent+0xb6,4,0.0272,14699,20.0
fourteam_ai_postfix,12132,MSVCP120.dll!?do_put@?$num_put@DV?$ostreambuf_iterator@DU?$char_traits@D@std@@@std@@@std@@MBE?AV?$ostreambuf_iterator@DU?$char_traits@D@std@@@2@V32@AAVios_base@2@DK@Z+0x56,4,0.0272,14699,20.0
fourteam_ai_postfix,12132,WINMM.dll@6ea10000!BZROpenShim::`anonymous namespace'::RotateGenericChunkVector+0x15,4,0.0272,14699,20.0
fourteam_ai_postfix,12132,battlezone98redux.exe!sub_5b2bd0,4,0.0272,14699,20.0
fourteam_ai_postfix,12132,OgreMain.dll!?_setTextureUnitSettings@RenderSystem@Ogre@@UAEXIAAVTextureUnitState@2@@Z+0x22c,4,0.0272,14699,20.0
fourteam_ai_postfix,12132,OgreMain.dll!?getSide@Plane@Ogre@@QBE?AW4Side@12@ABVVector3@2@0@Z+0x69,4,0.0272,14699,20.0
fourteam_ai_postfix,12132,d3d11.dll!D3D11CoreCreateDevice+0x1d567,4,0.0272,14699,20.0
fourteam_ai_postfix,12132,ntdll.dll!_LdrpAddUnicodeStringToSnapsBuffer@4+0x46,4,0.0272,14699,20.0
fourteam_ai_postfix,12132,d3d11.dll!CreateDirect3D11DeviceFromDXGIDevice+0xa45e0,4,0.0272,14699,20.0
fourteam_ai_postfix,12132,OgreMain.dll!?isVisible@Frustum@Ogre@@UBE_NABVSphere@2@PAW4FrustumPlane@2@@Z+0x62,4,0.0272,14699,20.0
fourteam_ai_postfix,12132,OgreMain.dll!?_updateFromParent@Node@Ogre@@MBEXXZ+0x8,4,0.0272,14699,20.0
fourteam_ai_postfix,12132,OgreMain.dll!?index@ManualObject@Ogre@@UAEXI@Z+0x136,4,0.0272,14699,20.0
fourteam_ai_postfix,12132,d3d11.dll+0x31b1f,4,0.0272,14699,20.0
fourteam_ai_postfix,12132,d3d11.dll+0x31bef,4,0.0272,14699,20.0
fourteam_ai_postfix,12132,battlezone98redux.exe!sub_4af020,4,0.0272,14699,20.0
fourteam_ai_postfix,12132,battlezone98redux.exe!sub_73ada0,4,0.0272,14699,20.0
fourteam_ai_postfix,12132,OgreMain.dll!?createTechnique@Material@Ogre@@QAEPAVTechnique@2@XZ+0xaff,4,0.0272,14699,20.0
fourteam_ai_postfix,12132,OgreMain.dll!?getByName@MaterialManager@Ogre@@QAE?AV?$SharedPtr@VMaterial@Ogre@@@2@ABV?$basic_string@DU?$char_traits@D@std@@V?$allocator@D@2@@std@@0@Z+0x3c,4,0.0272,14699,20.0
fourteam_ai_postfix,12132,OgreMain.dll!?getChildObjectsBoundingBox@Entity@Ogre@@QBE?AVAxisAlignedBox@2@XZ+0xfa,4,0.0272,14699,20.0
fourteam_ai_postfix,12132,d3d11.dll!CreateDirect3D11DeviceFromDXGIDevice+0xbbfda,4,0.0272,14699,20.0
fourteam_ai_postfix,12132,OgreMain.dll!?_findNamedConstantDefinition@GpuProgramParameters@Ogre@@QBEPBUGpuConstantDefinition@2@ABV?$basic_string@DU?$char_traits@D@std@@V?$allocator@D@2@@std@@_N@Z+0xfe,4,0.0272,14699,20.0
fourteam_ai_postfix,12132,DSOUND.dll!GetDeviceID+0x6f17,4,0.0272,14699,20.0
fourteam_ai_postfix,12132,WINMM.dll@6ea10000!BZROpenShim::`anonymous namespace'::TryGetChunkProxyPosition+0x8f,4,0.0272,14699,20.0
fourteam_ai_postfix,12132,OgreMain.dll!?getGlobalInstanceVertexBufferVertexDeclaration@RenderSystem@Ogre@@QBEPAVVertexDeclaration@2@XZ,4,0.0272,14699,20.0
fourteam_ai_postfix,12132,battlezone98redux.exe!sub_6856a0,4,0.0272,14699,20.0
fourteam_ai_postfix,12132,MSVCR120.dll!__libm_sse2_asinf+0x3e,4,0.0272,14699,20.0
fourteam_ai_postfix,12132,dxgi.dll!DXGID3D10CreateDevice+0x39cc,4,0.0272,14699,20.0
fourteam_ai_postfix,12132,OgreMain.dll!?getConstantDefinition@GpuProgramParameters@Ogre@@QBEABUGpuConstantDefinition@2@ABV?$basic_string@DU?$char_traits@D@std@@V?$allocator@D@2@@std@@@Z+0x17,4,0.0272,14699,20.0
fourteam_ai_postfix,12132,battlezone98redux.exe!sub_613b70,4,0.0272,14699,20.0
fourteam_ai_postfix,12132,d3d11.dll!D3D11CoreCreateLayeredDevice+0x123ba,4,0.0272,14699,20.0
fourteam_ai_postfix,12132,OgreMain.dll!?hasScale@Matrix4@Ogre@@QBE_NXZ+0x8d,4,0.0272,14699,20.0
fourteam_ai_postfix,12132,OgreMain.dll!?load@MeshManager@Ogre@@QAE?AV?$SharedPtr@VMesh@Ogre@@@2@ABV?$basic_string@DU?$char_traits@D@std@@V?$allocator@D@2@@std@@0W4Usage@HardwareBuffer@2@1_N2@Z+0x55,4,0.0272,14699,20.0
fourteam_ai_postfix,12132,RenderSystem_Direct3D11.dll!?_render@D3D11RenderSystem@Ogre@@UAEXABVRenderOperation@2@@Z+0x960,4,0.0272,14699,20.0
fourteam_ai_postfix,12132,ntdll.dll!_RtlLeaveCriticalSection@4+0x2e,4,0.0272,14699,20.0
fourteam_ai_postfix,12132,battlezone98redux.exe!sub_447e20,4,0.0272,14699,20.0
fourteam_ai_postfix,12132,WINMM.dll@6ea10000!BZROpenShim::`anonymous namespace'::TrackChunkEffectActiveEntries+0x339,4,0.0272,14699,20.0
fourteam_ai_postfix,12132,OgreMain.dll!?_update@Node@Ogre@@UAEX_N0@Z+0xaa,4,0.0272,14699,20.0
fourteam_ai_postfix,12132,battlezone98redux.exe!sub_680620,4,0.0272,14699,20.0
fourteam_ai_postfix,12132,battlezone98redux.exe!sub_67e550,4,0.0272,14699,20.0
fourteam_ai_postfix,12132,OgreMain.dll!??RlightLess@SceneManager@Ogre@@QBE_NPBVLight@2@0@Z+0x1d,4,0.0272,14699,20.0
fourteam_ai_postfix,12132,ucrtbase.dll!___ascii_stricmp+0x30,4,0.0272,14699,20.0
fourteam_ai_postfix,12132,nvwgf2um.dll!OpenAdapter10+0x72b10,4,0.0272,14699,20.0
fourteam_ai_postfix,12132,OgreMain.dll!?_updateAutoParams@GpuProgramParameters@Ogre@@QAEXPBVAutoParamDataSource@2@G@Z+0x318,4,0.0272,14699,20.0
fourteam_ai_postfix,12132,d3d11.dll!D3D11CoreCreateLayeredDevice+0xce49,4,0.0272,14699,20.0
fourteam_ai_postfix,12132,RenderSystem_Direct3D11.dll!?getMonitorSequentialNumberFromSwapChain@MonitorInfo@Ogre@@QAEGPAUIDXGISwapChain@@_N@Z+0xf44,4,0.0272,14699,20.0
fourteam_ai_postfix,12132,WINMM.dll@6ea10000!BZROpenShim::`anonymous namespace'::HookEntityUpdateAnimationCore+0xfb,4,0.0272,14699,20.0
fourteam_ai_postfix,12132,OgreMain.dll!?getType@Light@Ogre@@QBE?AW4LightTypes@12@XZ+0x6,4,0.0272,14699,20.0
fourteam_ai_postfix,12132,OgreMain.dll!?getEdgeList@Mesh@Ogre@@QAEPAVEdgeData@2@G@Z+0x27,4,0.0272,14699,20.0
fourteam_ai_postfix,12132,OgreMain.dll!?hasEdgeList@Entity@Ogre@@UAE_NXZ+0x13,4,0.0272,14699,20.0
fourteam_ai_postfix,12132,RenderSystem_Direct3D11.dll!?getConstantBuffer@D3D11HLSLProgram@Ogre@@QAEPAUID3D11Buffer@@V?$SharedPtr@VGpuProgramParameters@Ogre@@@2@G@Z+0x9c,4,0.0272,14699,20.0
fourteam_ai_postfix,12132,win32u.dll!_NtNotifyPresentToCompositionSurface@8+0xc,4,0.0272,14699,20.0
fourteam_ai_postfix,12132,d3d11.dll!D3D11CoreCreateLayeredDevice+0xcef0,4,0.0272,14699,20.0
fourteam_ai_postfix,12132,d3d11.dll+0x35ec1,4,0.0272,14699,20.0
fourteam_ai_postfix,12132,d3d11.dll+0x2b095,4,0.0272,14699,20.0
fourteam_ai_postfix,12132,RenderSystem_Direct3D11.dll!?_render@D3D11RenderSystem@Ogre@@UAEXABVRenderOperation@2@@Z+0x9a,4,0.0272,14699,20.0
fourteam_ai_postfix,12132,RenderSystem_Direct3D11.dll!?addToSwitchingFullscreenCounter@D3D11RenderSystem@Ogre@@QAEXXZ+0x62b,4,0.0272,14699,20.0
fourteam_ai_postfix,12132,OgreMain.dll!?getWorldTransforms@SubEntity@Ogre@@UBEXPAVMatrix4@2@@Z+0x1c,4,0.0272,14699,20.0
fourteam_ai_postfix,12132,OgreMain.dll!?touchVertexBufferCopy@HardwareBufferManagerBase@Ogre@@UAEXABVHardwareVertexBufferSharedPtr@2@@Z+0x4b,4,0.0272,14699,20.0
fourteam_ai_postfix,12132,OgreMain.dll!?deriveTextureRenderTargetOptions@CompositorInstance@Ogre@@AAEXABV?$basic_string@DU?$char_traits@D@std@@V?$allocator@D@2@@std@@PA_NPAIPAV34@@Z+0x81c,4,0.0272,14699,20.0
fourteam_ai_postfix,12132,OgreMain.dll!?FastHash@Ogre@@YAIPBDHI@Z+0x5a,4,0.0272,14699,20.0
fourteam_ai_postfix,12132,battlezone98redux.exe!sub_450a30,4,0.0272,14699,20.0
fourteam_ai_postfix,12132,WINMM.dll@6ea10000!BZROpenShim::ChunkBatchInvalidation::SourceVersion::MixFloat+0x4e,4,0.0272,14699,20.0
fourteam_ai_postfix,12132,MSVCR120.dll!floor+0x10,4,0.0272,14699,20.0
fourteam_ai_postfix,12132,MSVCR120.dll!__libm_sse2_acosf+0xe4,4,0.0272,14699,20.0
fourteam_ai_postfix,12132,RenderSystem_Direct3D11.dll!?_render@D3D11RenderSystem@Ogre@@UAEXABVRenderOperation@2@@Z+0xa32,4,0.0272,14699,20.0
fourteam_ai_postfix,12132,OgreMain.dll!?getContentType@TextureUnitState@Ogre@@QBE?AW4ContentType@12@XZ+0x6,4,0.0272,14699,20.0
fourteam_ai_postfix,12132,OgreMain.dll!?_updateBounds@SceneNode@Ogre@@UAEXXZ+0x249,4,0.0272,14699,20.0
fourteam_ai_postfix,12132,WINMM.dll@6ea10000!BZROpenShim::`anonymous namespace'::WingmanUpdateWeaponAimWithConvergence+0x48,4,0.0272,14699,20.0
fourteam_ai_postfix,12132,battlezone98redux.exe!sub_677a60,4,0.0272,14699,20.0
fourteam_ai_postfix,12132,OgreMain.dll!?buildKeyFrameTimeList@Animation@Ogre@@IBEXXZ+0x6aa,4,0.0272,14699,20.0
fourteam_ai_postfix,12132,battlezone98redux.exe!sub_462590,4,0.0272,14699,20.0
fourteam_ai_postfix,12132,battlezone98redux.exe!sub_67f480,4,0.0272,14699,20.0
fourteam_ai_postfix,12132,WINMM.dll@6ea10000!BZROpenShim::`anonymous namespace'::HookSoftwareVertexBlend+0x1e2,4,0.0272,14699,20.0
fourteam_ai_postfix,12132,MSVCR120.dll!_wfindnext64i32+0xc9,4,0.0272,14699,20.0
fourteam_ai_postfix,12132,OgreMain.dll!?processImports@ScriptCompiler@Ogre@@AAEXAAV?$SharedPtr@V?$list@V?$SharedPtr@VAbstractNode@Ogre@@@Ogre@@V?$STLAllocator@V?$SharedPtr@VAbstractNode@Ogre@@@Ogre@@V?$CategorisedAllocPolicy@$0A@@2@@2@@std@@@2@@Z+0x10d,4,0.0272,14699,20.0
fourteam_ai_postfix,12132,battlezone98redux.exe!sub_421520,4,0.0272,14699,20.0
fourteam_ai_postfix,12132,OgreMain.dll!?read@FileStreamDataStream@Ogre@@UAEIPAXI@Z+0x17,4,0.0272,14699,20.0
fourteam_ai_postfix,12132,MSVCR120.dll!getc+0xd1,4,0.0272,14699,20.0
fourteam_ai_postfix,12132,battlezone98redux.exe!sub_417e60,4,0.0272,14699,20.0
fourteam_ai_postfix,12132,MSVCP120.dll!?read@?$basic_istream@DU?$char_traits@D@std@@@std@@QAEAAV12@PAD_J@Z+0x67,4,0.0272,14699,20.0
fourteam_ai_postfix,12132,MSVCR120.dll!_filbuf+0x55,4,0.0272,14699,20.0
fourteam_ai_postfix,12132,MSVCP120.dll!?xsgetn@?$basic_streambuf@DU?$char_traits@D@std@@@std@@MAE_JPAD_J@Z+0xaa,4,0.0272,14699,20.0
fourteam_ai_postfix,12132,MSVCR120.dll!_read+0x8d,4,0.0272,14699,20.0
fourteam_ai_postfix,12132,MSVCR120.dll!_get_fmode+0x285,4,0.0272,14699,20.0
fourteam_ai_postfix,12132,OgreMain.dll!?updatePoint@RotationalSpline@Ogre@@QAEXGABVQuaternion@2@@Z+0x1628,4,0.0272,14699,20.0
fourteam_ai_postfix,12132,OgreMain.dll!?updateGpuProgramParameters@SceneManager@Ogre@@MAEXPBVPass@2@@Z+0x7,4,0.0272,14699,20.0
fourteam_ai_postfix,12132,WINMM.dll@6ea10000!BZROpenShim::`anonymous namespace'::LogChunkCreateLifecycle+0x593,4,0.0272,14699,20.0
fourteam_ai_postfix,12132,OgreMain.dll!?_detectImplementation@OptimisedUtil@Ogre@@KAPAV12@XZ+0x4581,4,0.0272,14699,20.0
fourteam_ai_postfix,12132,OgreMain.dll!?load@Resource@Ogre@@UAEX_N@Z+0x2e4,4,0.0272,14699,20.0
fourteam_ai_postfix,12132,battlezone98redux.exe!size,4,0.0272,14699,20.0
fourteam_ai_postfix,12132,OgreMain.dll!?getInterpolatedKeyFrame@NodeAnimationTrack@Ogre@@UBEXABVTimeIndex@2@PAVKeyFrame@2@@Z+0x17f,4,0.0272,14699,20.0
fourteam_ai_postfix,12132,USER32.dll!CallWindowProcA+0x1b,4,0.0272,14699,20.0
fourteam_ai_postfix,12132,USER32.dll!SetMenu+0x143,4,0.0272,14699,20.0
fourteam_ai_postfix,12132,RenderSystem_Direct3D11.dll!?unlockImpl@D3D11HardwareBuffer@Ogre@@MAEXXZ+0x50,4,0.0272,14699,20.0
fourteam_ai_postfix,12132,WINMM.dll@6ea10000!BZROpenShim::`anonymous namespace'::TryCaptureConstructorCleanupSnapshot+0x3d,4,0.0272,14699,20.0
fourteam_ai_postfix,12132,battlezone98redux.exe!sub_6a11d0,4,0.0272,14699,20.0
fourteam_ai_postfix,12132,WINMM.dll@6ea10000!BZROpenShim::`anonymous namespace'::ResolveTeamEngineFlameColor+0x14e,4,0.0272,14699,20.0
fourteam_ai_postfix,12132,battlezone98redux.exe!sub_477440,4,0.0272,14699,20.0
fourteam_ai_postfix,12132,battlezone98redux.exe!sub_6a11a0,4,0.0272,14699,20.0
fourteam_ai_postfix,12132,WINMM.dll@6ea10000!BZROpenShim::`anonymous namespace'::LogChunkCreateLifecycle+0x514,4,0.0272,14699,20.0
fourteam_ai_postfix,12132,OgreMain.dll!?_updateAutoParams@GpuProgramParameters@Ogre@@QAEXPBVAutoParamDataSource@2@G@Z+0x1bbb,4,0.0272,14699,20.0
fourteam_ai_postfix,12132,ntdll.dll!_RtlUnicodeToMultiByteN@20+0x1b,4,0.0272,14699,20.0
fourteam_ai_postfix,12132,MSVCR120.dll!__libm_sse2_asinf+0x1f0,4,0.0272,14699,20.0
fourteam_ai_postfix,12132,OgreMain.dll!?isVisible@ShadowRenderable@Ogre@@UBE_NXZ+0x21c,4,0.0272,14699,20.0
fourteam_ai_postfix,12132,OgreMain.dll!?setAnimationState@Skeleton@Ogre@@UAEXABVAnimationStateSet@2@@Z+0x15,4,0.0272,14699,20.0
fourteam_ai_postfix,12132,OgreMain.dll!?addRenderable@QueuedRenderableCollection@Ogre@@QAEXPAVPass@2@PAVRenderable@2@@Z+0xcc,4,0.0272,14699,20.0
fourteam_ai_postfix,12132,battlezone98redux.exe!sub_44d670,4,0.0272,14699,20.0
fourteam_ai_postfix,12132,OgreMain.dll!?_setPass@SceneManager@Ogre@@UAEPBVPass@2@PBV32@_N1@Z+0x100,4,0.0272,14699,20.0
fourteam_ai_postfix,12132,d3d11.dll!D3D11CoreCreateDevice+0x11b02,4,0.0272,14699,20.0
fourteam_ai_postfix,12132,nvwgf2um.dll!SetDependencyInfo+0x54d17,4,0.0272,14699,20.0
fourteam_ai_postfix,12132,battlezone98redux.exe!sub_67a110,4,0.0272,14699,20.0
fourteam_ai_postfix,12132,battlezone98redux.exe!sub_58b700,4,0.0272,14699,20.0
fourteam_ai_postfix,12132,OgreMain.dll!?isFloat@GpuConstantDefinition@Ogre@@SA_NW4GpuConstantType@2@@Z,4,0.0272,14699,20.0
fourteam_ai_postfix,12132,OgreMain.dll!??4GpuSharedParametersUsage@Ogre@@QAEAAV01@ABV01@@Z+0x2723,4,0.0272,14699,20.0
fourteam_ai_postfix,12132,WINMM.dll@6ea10000!BZROpenShim::OgreProfilerAlgorithms::QuantizeDynamicAlphaDepthKey+0x6,4,0.0272,14699,20.0
fourteam_ai_postfix,12132,OgreMain.dll!?generate@NameGenerator@Ogre@@QAE?AV?$basic_string@DU?$char_traits@D@std@@V?$allocator@D@2@@std@@XZ+0x104,4,0.0272,14699,20.0
fourteam_ai_postfix,12132,battlezone98redux.exe!sub_68d570,4,0.0272,14699,20.0
fourteam_ai_postfix,12132,OgreMain.dll!?_update@Node@Ogre@@UAEX_N0@Z+0x6a,4,0.0272,14699,20.0
fourteam_ai_postfix,12132,MSVCR120.dll!log2+0x86,4,0.0272,14699,20.0
fourteam_ai_postfix,12132,battlezone98redux.exe!sub_7816d0,4,0.0272,14699,20.0
fourteam_ai_postfix,12132,WINMM.dll@6ea10000!BZROpenShim::`anonymous namespace'::ResolveGameObjectOgreState+0x7a,3,0.0204,14699,20.0
fourteam_ai_postfix,12132,WINMM.dll@6ea10000!BZROpenShim::`anonymous namespace'::CaptureSatelliteVisibilityEntry+0xae,3,0.0204,14699,20.0
fourteam_ai_postfix,12132,WINMM.dll@6ea10000!BZROpenShim::`anonymous namespace'::LooksLikeOgreObject+0x8e,3,0.0204,14699,20.0
fourteam_ai_postfix,12132,WINMM.dll@6ea10000!BZROpenShim::`anonymous namespace'::MaybeLogSatelliteVisibilitySample+0x32e,3,0.0204,14699,20.0
fourteam_ai_postfix,12132,ntdll.dll!_RtlMultiByteToUnicodeN@20+0x21,3,0.0204,14699,20.0
fourteam_ai_postfix,12132,battlezone98redux.exe!sub_60a480,3,0.0204,14699,20.0
fourteam_ai_postfix,12132,OgreMain.dll!?getBestTechnique@Material@Ogre@@QAEPAVTechnique@2@GPBVRenderable@2@@Z+0x7c,3,0.0204,14699,20.0
fourteam_ai_postfix,12132,OgreMain.dll!?_detectImplementation@OptimisedUtil@Ogre@@KAPAV12@XZ+0x46e9,3,0.0204,14699,20.0
fourteam_ai_postfix,12132,WINMM.dll@6ea10000!BZROpenShim::`anonymous namespace'::RotateGenericChunkVector+0x39,3,0.0204,14699,20.0
fourteam_ai_postfix,12132,OgreMain.dll!?createMovableObject@SceneManager@Ogre@@UAEPAVMovableObject@2@ABV?$basic_string@DU?$char_traits@D@std@@V?$allocator@D@2@@std@@0PBV?$map@V?$basic_string@DU?$char_traits@D@std@@V?$allocator@D@2@@std@@V12@U?$less@V?$basic_string@DU?$char_traits@D@std@@V?$allocator@D@2@@std@@@2@V?$STLAllocator@U?$pair@$$CBV?$basic_string@DU?$char_traits@D@std@@V?$allocator@D@2@@std@@V12@@std@@V?$CategorisedAllocPolicy@$0A@@Ogre@@@Ogre@@@5@@Z+0x21e,3,0.0204,14699,20.0
fourteam_ai_postfix,12132,OgreMain.dll!?getRenderOperation@ManualObjectSection@ManualObject@Ogre@@QAEPAVRenderOperation@3@XZ+0x3,3,0.0204,14699,20.0
fourteam_ai_postfix,12132,OgreMain.dll!?angleBetween@Vector3@Ogre@@QBE?AVRadian@2@ABV12@@Z+0xb3,3,0.0204,14699,20.0
fourteam_ai_postfix,12132,battlezone98redux.exe!sub_428a90,3,0.0204,14699,20.0
fourteam_ai_postfix,12132,OgreMain.dll+0x2bbc0,3,0.0204,14699,20.0
fourteam_ai_postfix,12132,WINMM.dll@6ea10000!BZROpenShim::`anonymous namespace'::TryResolveChunkPayloadMeshResource+0x362,3,0.0204,14699,20.0
fourteam_ai_postfix,12132,WINMM.dll@6ea10000!fabsf+0x9,3,0.0204,14699,20.0
fourteam_ai_postfix,12132,OgreMain.dll!?ACos@Math@Ogre@@SA?AVRadian@2@M@Z+0x1e,3,0.0204,14699,20.0
fourteam_ai_postfix,12132,OgreMain.dll!?_setPass@SceneManager@Ogre@@UAEPBVPass@2@PBV32@_N1@Z+0xa10,3,0.0204,14699,20.0
fourteam_ai_postfix,12132,OgreMain.dll!?calculateB@FocusedShadowCameraSetup@Ogre@@IBEXABVSceneManager@2@ABVCamera@2@ABVLight@2@ABVAxisAlignedBox@2@3PAVPointListBody@12@@Z+0x17,3,0.0204,14699,20.0
fourteam_ai_postfix,12132,OgreMain.dll!??RlightLess@SceneManager@Ogre@@QBE_NPBVLight@2@0@Z+0x1,3,0.0204,14699,20.0
fourteam_ai_postfix,12132,ntdll.dll!_RtlAnsiCharToUnicodeChar@4+0x9d,3,0.0204,14699,20.0
fourteam_ai_postfix,12132,battlezone98redux.exe!sub_448f10,3,0.0204,14699,20.0
fourteam_ai_postfix,12132,OgreMain.dll!?getBestTechnique@Material@Ogre@@QAEPAVTechnique@2@GPBVRenderable@2@@Z+0x27,3,0.0204,14699,20.0
fourteam_ai_postfix,12132,RenderSystem_Direct3D11.dll!?getMonitorSequentialNumberFromSwapChain@MonitorInfo@Ogre@@QAEGPAUIDXGISwapChain@@_N@Z+0x2f08,3,0.0204,14699,20.0
fourteam_ai_postfix,12132,WINMM.dll@6ea10000!BZROpenShim::`anonymous namespace'::FindChunkResolvedBindingEntryForGeom+0x68,3,0.0204,14699,20.0
fourteam_ai_postfix,12132,OgreMain.dll!??4GpuSharedParametersUsage@Ogre@@QAEAAV01@ABV01@@Z+0x2727,3,0.0204,14699,20.0
fourteam_ai_postfix,12132,RenderSystem_Direct3D11.dll!?_setTexture@D3D11RenderSystem@Ogre@@UAEXI_NABV?$SharedPtr@VTexture@Ogre@@@2@@Z+0xeb,3,0.0204,14699,20.0
fourteam_ai_postfix,12132,WINMM.dll@6ea10000!BZROpenShim::`anonymous namespace'::TryGetChunkProxyPosition+0x65,3,0.0204,14699,20.0
fourteam_ai_postfix,12132,WINMM.dll@6ea10000!BZROpenShim::`anonymous namespace'::TryGetEntityMesh+0x3a,3,0.0204,14699,20.0
fourteam_ai_postfix,12132,RenderSystem_Direct3D11.dll!?getMonitorSequentialNumberFromSwapChain@MonitorInfo@Ogre@@QAEGPAUIDXGISwapChain@@_N@Z+0x27cf,3,0.0204,14699,20.0
fourteam_ai_postfix,12132,nvwgf2um.dll!NVAPI_DirectMethods+0xb8f4b,3,0.0204,14699,20.0
fourteam_ai_postfix,12132,dxgi.dll!CompatString+0x2c08,3,0.0204,14699,20.0
fourteam_ai_postfix,12132,OgreMain.dll!?index@ManualObject@Ogre@@UAEXI@Z+0x1c,3,0.0204,14699,20.0
fourteam_ai_postfix,12132,nvwgf2um.dll!SetDependencyInfo+0x4b30d,3,0.0204,14699,20.0
fourteam_ai_postfix,12132,OgreMain.dll!?inverseAffine@Matrix4@Ogre@@QBE?AV12@XZ+0x1c6,3,0.0204,14699,20.0
fourteam_ai_postfix,12132,WINMM.dll@6ea10000!BZROpenShim::`anonymous namespace'::AppendGenericChunkBatchGeometry+0x129,3,0.0204,14699,20.0
fourteam_ai_postfix,12132,WINMM.dll@6ea10000!BZROpenShim::`anonymous namespace'::TryBuildOgreQuaternionFromLegacyTransform+0xc2,3,0.0204,14699,20.0
fourteam_ai_postfix,12132,d3d11.dll!CreateDirect3D11DeviceFromDXGIDevice+0x9f8a2,3,0.0204,14699,20.0
fourteam_ai_postfix,12132,OgreMain.dll!?normalise@Vector3@Ogre@@QAEMXZ+0x33,3,0.0204,14699,20.0
fourteam_ai_postfix,12132,OgreMain.dll!?_updateBounds@SceneNode@Ogre@@UAEXXZ+0x238,3,0.0204,14699,20.0
fourteam_ai_postfix,12132,nvwgf2um.dll!OpenAdapter10+0x72070,3,0.0204,14699,20.0
fourteam_ai_postfix,12132,OgreMain.dll!?normal@ManualObject@Ogre@@UAEXMMM@Z+0x121,3,0.0204,14699,20.0
fourteam_ai_postfix,12132,OgreMain.dll!?getWorldViewProjMatrix@AutoParamDataSource@Ogre@@UBEABVMatrix4@2@XZ+0x38a,3,0.0204,14699,20.0
fourteam_ai_postfix,12132,WINMM.dll@6ea10000!BZROpenShim::`anonymous namespace'::TryBuildOgreQuaternionFromLegacyTransform+0x37b,3,0.0204,14699,20.0
fourteam_ai_postfix,12132,OgreMain.dll+0x1d354,3,0.0204,14699,20.0
fourteam_ai_postfix,12132,OgreMain.dll!?updatePoint@RotationalSpline@Ogre@@QAEXGABVQuaternion@2@@Z+0x9e40,3,0.0204,14699,20.0
fourteam_ai_postfix,12132,WINMM.dll@6ea10000!BZROpenShim::ChunkBatchInvalidation::SourceVersion::MixFloat+0x70,3,0.0204,14699,20.0
fourteam_ai_postfix,12132,OgreMain.dll!?tangent@ManualObject@Ogre@@UAEXMMM@Z+0x17,3,0.0204,14699,20.0
fourteam_ai_postfix,12132,OgreMain.dll!?resourceExists@ResourceManager@Ogre@@UAE_NABV?$basic_string@DU?$char_traits@D@std@@V?$allocator@D@2@@std@@@Z+0x18,3,0.0204,14699,20.0
fourteam_ai_postfix,12132,ntdll.dll!RtlpLocateActivationContextSection+0x28,3,0.0204,14699,20.0
fourteam_ai_postfix,12132,nvwgf2um.dll!SetDependencyInfo+0x4f687,3,0.0204,14699,20.0
fourteam_ai_postfix,12132,nvwgf2um.dll!SetDependencyInfo+0x378d1,3,0.0204,14699,20.0
fourteam_ai_postfix,12132,OgreMain.dll!?getDerivedPosition@Light@Ogre@@QBEABVVector3@2@_N@Z,3,0.0204,14699,20.0
fourteam_ai_postfix,12132,OgreMain.dll!?isInLightRange@Light@Ogre@@QBE_NABVSphere@2@@Z+0x130,3,0.0204,14699,20.0
fourteam_ai_postfix,12132,OgreMain.dll!?clear@RenderPriorityGroup@Ogre@@QAEXXZ+0x123,3,0.0204,14699,20.0
fourteam_ai_postfix,12132,nvwgf2um.dll!OpenAdapter10+0x72c24,3,0.0204,14699,20.0
fourteam_ai_postfix,12132,OgreMain.dll!?renderSingleObject@SceneManager@Ogre@@MAEXPAVRenderable@2@PBVPass@2@_N2PBV?$HashedVector@PAVLight@Ogre@@@2@@Z+0x180,3,0.0204,14699,20.0
fourteam_ai_postfix,12132,ucrtbase.dll!_tolower+0x2,3,0.0204,14699,20.0
fourteam_ai_postfix,12132,OgreMain.dll!?getWorldViewMatrix@AutoParamDataSource@Ogre@@UBEABVMatrix4@2@XZ+0x22f,3,0.0204,14699,20.0
fourteam_ai_postfix,12132,nvwgf2um.dll!SetDependencyInfo+0x59669,3,0.0204,14699,20.0
fourteam_ai_postfix,12132,OgreMain.dll!?getLodIndex@Material@Ogre@@QBEGM@Z+0x24,3,0.0204,14699,20.0
fourteam_ai_postfix,12132,OgreMain.dll!?updatePoint@RotationalSpline@Ogre@@QAEXGABVQuaternion@2@@Z+0x1102,3,0.0204,14699,20.0
fourteam_ai_postfix,12132,OgreMain.dll!?updateAnimation@Entity@Ogre@@IAEXXZ+0x4c3,3,0.0204,14699,20.0
fourteam_ai_postfix,12132,ntdll.dll!_RtlpLfhFindClearBitAndSet@16+0x11,3,0.0204,14699,20.0
fourteam_ai_postfix,12132,OgreMain.dll!?lock@HardwareBuffer@Ogre@@UAEPAXIIW4LockOptions@12@W4UploadOptions@12@@Z+0x107,3,0.0204,14699,20.0
fourteam_ai_postfix,12132,ntdll.dll!_LdrGetDllHandleEx@20+0x180,3,0.0204,14699,20.0
fourteam_ai_postfix,12132,OgreMain.dll!?position@ManualObject@Ogre@@UAEXMMM@Z+0x18f,3,0.0204,14699,20.0
fourteam_ai_postfix,12132,OgreMain.dll!?_setTextureUnitSettings@RenderSystem@Ogre@@UAEXIAAVTextureUnitState@2@@Z+0x29a,3,0.0204,14699,20.0
fourteam_ai_postfix,12132,OgreMain.dll!?_populateLightList@SceneManager@Ogre@@UAEXABVVector3@2@MAAV?$HashedVector@PAVLight@Ogre@@@2@I@Z+0x16a,3,0.0204,14699,20.0
fourteam_ai_postfix,12132,OgreMain.dll!?_writeRawConstant@GpuProgramParameters@Ogre@@QAEXIABVVector4@2@I@Z,3,0.0204,14699,20.0
fourteam_ai_postfix,12132,d3d11.dll+0x2b4ff,3,0.0204,14699,20.0
fourteam_ai_postfix,12132,OgreMain.dll!?getBestTechnique@Material@Ogre@@QAEPAVTechnique@2@GPBVRenderable@2@@Z+0x4f,3,0.0204,14699,20.0
fourteam_ai_postfix,12132,dxgi.dll!DXGID3D10CreateDevice+0xd76,3,0.0204,14699,20.0
fourteam_ai_postfix,12132,battlezone98redux.exe!sub_684ce0,3,0.0204,14699,20.0
fourteam_ai_postfix,12132,d3d11.dll!D3D11CoreCreateLayeredDevice+0x13092,3,0.0204,14699,20.0
fourteam_ai_postfix,12132,d3d11.dll!CreateDirect3D11DeviceFromDXGIDevice+0x9f9db,3,0.0204,14699,20.0
fourteam_ai_postfix,12132,OgreMain.dll+0x22a16,3,0.0204,14699,20.0
fourteam_ai_postfix,12132,OgreMain.dll!??0PSSMShadowCameraSetup@Ogre@@QAE@XZ+0xc6,3,0.0204,14699,20.0
fourteam_ai_postfix,12132,battlezone98redux.exe!sub_44fcc0,3,0.0204,14699,20.0
fourteam_ai_postfix,12132,ucrtbase.dll!?state_case_type@?$output_processor@DV?$stream_output_adapter@D@__crt_stdio_output@@V?$standard_base@DV?$stream_output_adapter@D@__crt_stdio_output@@@2@@__crt_stdio_output@@AAE_NXZ+0x38a,3,0.0204,14699,20.0
fourteam_ai_postfix,12132,OgreMain.dll!?renderSingleObject@SceneManager@Ogre@@MAEXPAVRenderable@2@PBVPass@2@_N2PBV?$HashedVector@PAVLight@Ogre@@@2@@Z+0xb4e,3,0.0204,14699,20.0
fourteam_ai_postfix,12132,ntdll.dll!_RtlpGetThreadAffinityIndex@8+0x12,3,0.0204,14699,20.0
fourteam_ai_postfix,12132,OgreMain.dll!?_updateAutoParams@GpuProgramParameters@Ogre@@QAEXPBVAutoParamDataSource@2@G@Z+0x971,3,0.0204,14699,20.0
fourteam_ai_postfix,12132,OgreMain.dll!?getTextureWorldViewProjMatrix@AutoParamDataSource@Ogre@@UBEABVMatrix4@2@I@Z+0x3f,3,0.0204,14699,20.0
fourteam_ai_postfix,12132,OgreMain.dll!?isInLightRange@Light@Ogre@@QBE_NABVSphere@2@@Z+0x70,3,0.0204,14699,20.0
fourteam_ai_postfix,12132,battlezone98redux.exe!sub_45c420,3,0.0204,14699,20.0
fourteam_ai_postfix,12132,battlezone98redux.exe!sub_4c0fe0,3,0.0204,14699,20.0
fourteam_ai_postfix,12132,d3d11.dll!CreateDirect3D11DeviceFromDXGIDevice+0xbc59b,3,0.0204,14699,20.0
fourteam_ai_postfix,12132,OgreMain.dll!?position@ManualObject@Ogre@@UAEXMMM@Z+0x17,3,0.0204,14699,20.0
fourteam_ai_postfix,12132,ntdll.dll!_RtlpFreeNTHeapInternal@12+0x22d,3,0.0204,14699,20.0
fourteam_ai_postfix,12132,OgreMain.dll!?isVisible@Frustum@Ogre@@UBE_NABVAxisAlignedBox@2@PAW4FrustumPlane@2@@Z+0x74,3,0.0204,14699,20.0
fourteam_ai_postfix,12132,OgreMain.dll!?getIndexAscending@LodStrategy@Ogre@@KAGMABV?$vector@MV?$STLAllocator@MV?$CategorisedAllocPolicy@$0A@@Ogre@@@Ogre@@@std@@@Z+0x24,3,0.0204,14699,20.0
fourteam_ai_postfix,12132,OgreMain.dll!?buffersCheckedOut@TempBlendedBufferInfo@Ogre@@QBE_N_N0@Z+0x32,3,0.0204,14699,20.0
fourteam_ai_postfix,12132,WINMM.dll@6ea10000!BZROpenShim::`anonymous namespace'::TryResolveChunkPayloadMeshResourceForMeshAndGeom+0x440,3,0.0204,14699,20.0
fourteam_ai_postfix,12132,OgreMain.dll!??0VertexData@Ogre@@QAE@PAVHardwareBufferManagerBase@1@@Z+0x7d,3,0.0204,14699,20.0
fourteam_ai_postfix,12132,OgreMain.dll!?getReceivesShadows@MovableObject@Ogre@@QAE_NXZ+0xa,3,0.0204,14699,20.0
fourteam_ai_postfix,12132,MSVCR120.dll!__libm_sse2_acosf+0x26,3,0.0204,14699,20.0
fourteam_ai_postfix,12132,d3d11.dll+0x31b86,3,0.0204,14699,20.0
fourteam_ai_postfix,12132,OgreMain.dll!?updatePoint@RotationalSpline@Ogre@@QAEXGABVQuaternion@2@@Z+0xa856,3,0.0204,14699,20.0
fourteam_ai_postfix,12132,OgreMain.dll+0x1bdb5,3,0.0204,14699,20.0
fourteam_ai_postfix,12132,nvwgf2um.dll!NVENCODEAPI_Thunk+0x68f53,3,0.0204,14699,20.0
fourteam_ai_postfix,12132,OgreMain.dll!?normalise@Vector3@Ogre@@QAEMXZ+0x10,3,0.0204,14699,20.0
fourteam_ai_postfix,12132,OgreMain.dll!?index@ManualObject@Ogre@@UAEXI@Z+0x14c,3,0.0204,14699,20.0
fourteam_ai_postfix,12132,battlezone98redux.exe!sub_62be60,3,0.0204,14699,20.0
fourteam_ai_postfix,12132,battlezone98redux.exe!sub_45c7d0,3,0.0204,14699,20.0
fourteam_ai_postfix,12132,battlezone98redux.exe!~function<void___cdecl(void)>,3,0.0204,14699,20.0
fourteam_ai_postfix,12132,battlezone98redux.exe!sub_424640,3,0.0204,14699,20.0
fourteam_ai_postfix,12132,OgreMain.dll!?findLightsAffectingFrustum@SceneManager@Ogre@@MAEXPBVCamera@2@@Z+0x117,3,0.0204,14699,20.0
fourteam_ai_postfix,12132,OgreMain.dll!?copyTempVertexToBuffer@ManualObject@Ogre@@MAEXXZ+0xb,3,0.0204,14699,20.0
fourteam_ai_postfix,12132,OgreMain.dll!?getDerivedDirection@Light@Ogre@@QBEABVVector3@2@XZ+0xb,3,0.0204,14699,20.0
fourteam_ai_postfix,12132,MSVCR120.dll!ceil+0x1b6,3,0.0204,14699,20.0
fourteam_ai_postfix,12132,WINMM.dll@6ea10000!BZROpenShim::`anonymous namespace'::WriteFormattedMessage+0x144,3,0.0204,14699,20.0
fourteam_ai_postfix,12132,OgreMain.dll!?getSquaredViewDepth@Node@Ogre@@UBEMPBVCamera@2@@Z+0x55,3,0.0204,14699,20.0
fourteam_ai_postfix,12132,nvwgf2um.dll!NVENCODEAPI_Thunk+0x2175d5,3,0.0204,14699,20.0
fourteam_ai_postfix,12132,RenderSystem_Direct3D11.dll!?_render@D3D11RenderSystem@Ogre@@UAEXABVRenderOperation@2@@Z+0x1961,3,0.0204,14699,20.0
fourteam_ai_postfix,12132,WINMM.dll@6ea10000!BZROpenShim::`anonymous namespace'::AppendGenericChunkBatchGeometry+0x168,3,0.0204,14699,20.0
fourteam_ai_postfix,12132,battlezone98redux.exe!sub_4badc0,3,0.0204,14699,20.0
fourteam_ai_postfix,12132,ucrtbase.dll!__fdclass+0xb,3,0.0204,14699,20.0
fourteam_ai_postfix,12132,ntdll.dll!_RtlFreeHeap@12+0x1b,3,0.0204,14699,20.0
fourteam_ai_postfix,12132,OgreMain.dll!?_updateAutoParams@GpuProgramParameters@Ogre@@QAEXPBVAutoParamDataSource@2@G@Z+0x1246,3,0.0204,14699,20.0
fourteam_ai_postfix,12132,OgreMain.dll!?lock@HardwareBuffer@Ogre@@QAEPAXW4LockOptions@12@W4UploadOptions@12@@Z+0x14,3,0.0204,14699,20.0
fourteam_ai_postfix,12132,OgreMain.dll!?getWorldTransforms@SubEntity@Ogre@@UBEXPAVMatrix4@2@@Z+0xd4,3,0.0204,14699,20.0
fourteam_ai_postfix,12132,OgreMain.dll!?_setTextureUnitSettings@RenderSystem@Ogre@@UAEXIAAVTextureUnitState@2@@Z+0xc6,3,0.0204,14699,20.0
fourteam_ai_postfix,12132,RenderSystem_Direct3D11.dll+0x2554,3,0.0204,14699,20.0
fourteam_ai_postfix,12132,OgreMain.dll!?getSide@Plane@Ogre@@QBE?AW4Side@12@ABVVector3@2@0@Z+0x6c,3,0.0204,14699,20.0
fourteam_ai_postfix,12132,OgreMain.dll+0x2865a,3,0.0204,14699,20.0
fourteam_ai_postfix,12132,MSVCR120.dll!__libm_sse2_asinf+0x21c,3,0.0204,14699,20.0
fourteam_ai_postfix,12132,OgreMain.dll!?getLight@AutoParamDataSource@Ogre@@IBEABVLight@2@I@Z+0x19,3,0.0204,14699,20.0
fourteam_ai_postfix,12132,OgreMain.dll!?getLightDirection@AutoParamDataSource@Ogre@@UBEABVVector3@2@I@Z+0xb,3,0.0204,14699,20.0
fourteam_ai_postfix,12132,WINMM.dll@6ea10000!BZROpenShim::`anonymous namespace'::TryReadChunkGeomIdentity+0x68,3,0.0204,14699,20.0
fourteam_ai_postfix,12132,OgreMain.dll!?getWorldViewMatrix@AutoParamDataSource@Ogre@@UBEABVMatrix4@2@XZ+0x45,3,0.0204,14699,20.0
fourteam_ai_postfix,12132,OgreMain.dll!?_findVisibleObjects@SceneNode@Ogre@@UAEXPAVCamera@2@PAVRenderQueue@2@PAUVisibleObjectsBoundsInfo@2@_N33@Z+0x8b,3,0.0204,14699,20.0
fourteam_ai_postfix,12132,OgreMain.dll!?updatePassIterationRenderState@RenderSystem@Ogre@@IAE_NXZ+0x1,3,0.0204,14699,20.0
fourteam_ai_postfix,12132,battlezone98redux.exe!sub_6ae160,3,0.0204,14699,20.0
fourteam_ai_postfix,12132,OgreMain.dll!?index@ManualObject@Ogre@@UAEXI@Z+0x133,3,0.0204,14699,20.0
fourteam_ai_postfix,12132,d3d11.dll!D3D11CoreCreateDevice+0x2eafe,3,0.0204,14699,20.0
fourteam_ai_postfix,12132,WINMM.dll@6ea10000!BZROpenShim::`anonymous namespace'::AppendGenericChunkBatchGeometry+0xaf,3,0.0204,14699,20.0
fourteam_ai_postfix,12132,WINMM.dll@6ea10000!BZROpenShim::`anonymous namespace'::TryReadChunkGeomIdentity+0x54,3,0.0204,14699,20.0
fourteam_ai_postfix,12132,MSVCR120.dll!__libm_sse2_acosf+0x18e,3,0.0204,14699,20.0
fourteam_ai_postfix,12132,nvwgf2um.dll!SetDependencyInfo+0x541f0,3,0.0204,14699,20.0
fourteam_ai_postfix,12132,KERNEL32.DLL!GetProcessAffinityMask+0x2a,3,0.0204,14699,20.0
fourteam_ai_postfix,12132,d3d11.dll+0x35ed1,3,0.0204,14699,20.0
fourteam_ai_postfix,12132,nvwgf2um.dll!OpenAdapter10+0x72b11,3,0.0204,14699,20.0
fourteam_ai_postfix,12132,WINMM.dll@6ea10000!BZROpenShim::`anonymous namespace'::TryGetChunkProxyPosition+0x7a,3,0.0204,14699,20.0
fourteam_ai_postfix,12132,OgreMain.dll!?getBoundingBox@Entity@Ogre@@UBEABVAxisAlignedBox@2@XZ+0x3d,3,0.0204,14699,20.0
fourteam_ai_postfix,12132,d3d11.dll!CreateDirect3D11DeviceFromDXGIDevice+0xbfa14,3,0.0204,14699,20.0
fourteam_ai_postfix,12132,WINMM.dll@6ea10000!BZROpenShim::`anonymous namespace'::AppendGenericChunkBatchGeometry+0xa9,3,0.0204,14699,20.0
fourteam_ai_postfix,12132,OgreMain.dll!?updateFrustum@Frustum@Ogre@@MBEXXZ+0xf,3,0.0204,14699,20.0
fourteam_ai_postfix,12132,OgreMain.dll!??4GpuSharedParametersUsage@Ogre@@QAEAAV01@ABV01@@Z+0x278c,3,0.0204,14699,20.0
fourteam_ai_postfix,12132,battlezone98redux.exe!sub_50b960,3,0.0204,14699,20.0
fourteam_ai_postfix,12132,d3d11.dll!CreateDirect3D11DeviceFromDXGIDevice+0x9f9ea,3,0.0204,14699,20.0
fourteam_ai_postfix,12132,OgreMain.dll!??RlightsForShadowTextureLess@SceneManager@Ogre@@QBE_NPBVLight@2@0@Z+0x48,3,0.0204,14699,20.0
fourteam_ai_postfix,12132,OgreMain.dll!?updatePoint@RotationalSpline@Ogre@@QAEXGABVQuaternion@2@@Z+0x9e39,3,0.0204,14699,20.0
fourteam_ai_postfix,12132,OgreMain.dll!??0VertexData@Ogre@@QAE@PAVHardwareBufferManagerBase@1@@Z+0x73,3,0.0204,14699,20.0
fourteam_ai_postfix,12132,d3d11.dll!D3D11CoreCreateLayeredDevice+0x956f,3,0.0204,14699,20.0
fourteam_ai_postfix,12132,d3d11.dll!D3D11CoreCreateDevice+0x3ffa,3,0.0204,14699,20.0
fourteam_ai_postfix,12132,battlezone98redux.exe!sub_6b2130,3,0.0204,14699,20.0
fourteam_ai_postfix,12132,battlezone98redux.exe!sub_44b7d0,3,0.0204,14699,20.0
fourteam_ai_postfix,12132,RenderSystem_Direct3D11.dll!?_setTesselationHullTexture@D3D11RenderSystem@Ogre@@UAEXIABV?$SharedPtr@VTexture@Ogre@@@2@@Z+0x19,3,0.0204,14699,20.0
fourteam_ai_postfix,12132,OgreMain.dll!??4GpuSharedParametersUsage@Ogre@@QAEAAV01@ABV01@@Z+0x2711,3,0.0204,14699,20.0
fourteam_ai_postfix,12132,OgreMain.dll!?clone@Animation@Ogre@@QBEPAV12@ABV?$basic_string@DU?$char_traits@D@std@@V?$allocator@D@2@@std@@@Z+0x2e4,3,0.0204,14699,20.0
fourteam_ai_postfix,12132,OgreMain.dll!?angleBetween@Vector3@Ogre@@QBE?AVRadian@2@ABV12@@Z+0x6e,3,0.0204,14699,20.0
fourteam_ai_postfix,12132,KERNEL32.DLL!GetTickCount+0x7,3,0.0204,14699,20.0
fourteam_ai_postfix,12132,KERNEL32.DLL!HeapFree,3,0.0204,14699,20.0
fourteam_ai_postfix,12132,OgreMain.dll!??1QueuedRenderableCollection@Ogre@@QAE@XZ+0xb09,3,0.0204,14699,20.0
fourteam_ai_postfix,12132,OgreMain.dll!?_getRenderOperation@SubMesh@Ogre@@QAEXAAVRenderOperation@2@G@Z+0x2c,3,0.0204,14699,20.0
fourteam_ai_postfix,12132,OgreMain.dll!?updateFromParentImpl@SceneNode@Ogre@@MBEXXZ+0x9,3,0.0204,14699,20.0
fourteam_ai_postfix,12132,OgreMain.dll!??4GpuSharedParametersUsage@Ogre@@QAEAAV01@ABV01@@Z+0x2730,3,0.0204,14699,20.0
fourteam_ai_postfix,12132,OgreMain.dll+0x3a468,3,0.0204,14699,20.0
fourteam_ai_postfix,12132,nvwgf2um.dll!OpenAdapter10+0x72c10,3,0.0204,14699,20.0
fourteam_ai_postfix,12132,OgreMain.dll!?toString@StringConverter@Ogre@@SA?AV?$basic_string@DU?$char_traits@D@std@@V?$allocator@D@2@@std@@IGDH@Z+0x6f,3,0.0204,14699,20.0
fourteam_ai_postfix,12132,ucrtbase.dll!___ascii_stricmp+0x11,3,0.0204,14699,20.0
fourteam_ai_postfix,12132,WINMM.dll@6ea10000!BZROpenShim::`anonymous namespace'::NormalizeChunkMeshBaseName+0x1a6,3,0.0204,14699,20.0
fourteam_ai_postfix,12132,KERNEL32.DLL!GetCurrentThreadId+0x6,3,0.0204,14699,20.0
fourteam_ai_postfix,12132,nvwgf2um.dll!NVAPI_Thunk+0x7948,3,0.0204,14699,20.0
fourteam_ai_postfix,12132,OgreMain.dll!?_updateAutoParams@GpuProgramParameters@Ogre@@QAEXPBVAutoParamDataSource@2@G@Z+0x1bee,3,0.0204,14699,20.0
fourteam_ai_postfix,12132,WINMM.dll@6ea10000!__scrt_initialize_onexit_tables+0xf,3,0.0204,14699,20.0
fourteam_ai_postfix,12132,WINMM.dll@6ea10000!BZROpenShim::`anonymous namespace'::TryBuildOgreQuaternionFromLegacyTransform+0x303,3,0.0204,14699,20.0
fourteam_ai_postfix,12132,MSVCR120.dll!__libm_sse2_asinf+0x210,3,0.0204,14699,20.0
fourteam_ai_postfix,12132,WINMM.dll@6ea10000!BZROpenShim::ChunkBatchInvalidation::SourceVersion::MixFloat+0x7,3,0.0204,14699,20.0
fourteam_ai_postfix,12132,ntdll.dll!_RtlpAllocateNTHeapInternal@12+0x10,3,0.0204,14699,20.0
fourteam_ai_postfix,12132,WINMM.dll@6ea10000!__scrt_dllmain_uninitialize_critical+0x9,3,0.0204,14699,20.0
fourteam_ai_postfix,12132,battlezone98redux.exe!sub_46b430,3,0.0204,14699,20.0
fourteam_ai_postfix,12132,OgreMain.dll!?_getCurrentSceneManager@Root@Ogre@@QBEPAVSceneManager@2@XZ+0x50,3,0.0204,14699,20.0
fourteam_ai_postfix,12132,WINMM.dll@6ea10000!BZROpenShim::`anonymous namespace'::UpdateChunkProxySlotPosition+0x669,3,0.0204,14699,20.0
fourteam_ai_postfix,12132,OgreMain.dll!?position@ManualObject@Ogre@@UAEXMMM@Z+0x1bb,3,0.0204,14699,20.0
fourteam_ai_postfix,12132,"WINMM.dll@6ea10000!std::_Hash<std::_Umap_traits<int,BZROpenShim::`anonymous namespace'::HudSpriteRectRecord,std::_Uhash_compare<int,std::hash<int>,std::equal_to<int> >,std::allocator<std::pair<int const ,BZROpenShim::`anonymous namespace'::HudSpriteRectRecord> >,0> >::_Try_emplace<int const &>+0x32",3,0.0204,14699,20.0
fourteam_ai_postfix,12132,battlezone98redux.exe!sub_687770,3,0.0204,14699,20.0
fourteam_ai_postfix,12132,battlezone98redux.exe!sub_68af40,3,0.0204,14699,20.0
fourteam_ai_postfix,12132,OgreMain.dll!?_updateRenderQueue@Entity@Ogre@@UAEXPAVRenderQueue@2@@Z+0x16c,3,0.0204,14699,20.0
fourteam_ai_postfix,12132,OgreMain.dll!?calculateB@FocusedShadowCameraSetup@Ogre@@IBEXABVSceneManager@2@ABVCamera@2@ABVLight@2@ABVAxisAlignedBox@2@3PAVPointListBody@12@@Z+0x1c0,3,0.0204,14699,20.0
fourteam_ai_postfix,12132,MSVCR120.dll!log2+0xb4,3,0.0204,14699,20.0
fourteam_ai_postfix,12132,OgreMain.dll!?findLights@SceneNode@Ogre@@UBEXAAV?$HashedVector@PAVLight@Ogre@@@2@MI@Z+0x2a,3,0.0204,14699,20.0
fourteam_ai_postfix,12132,OgreMain.dll!??RlightLess@SceneManager@Ogre@@QBE_NPBVLight@2@0@Z+0x6,3,0.0204,14699,20.0
fourteam_ai_postfix,12132,OgreMain.dll!?getAttenuationRange@Light@Ogre@@QBEMXZ+0x6,3,0.0204,14699,20.0
fourteam_ai_postfix,12132,OgreMain.dll!?getSide@Plane@Ogre@@QBE?AW4Side@12@ABVVector3@2@0@Z+0x4b,3,0.0204,14699,20.0
fourteam_ai_postfix,12132,OgreMain.dll!?_setPass@SceneManager@Ogre@@UAEPBVPass@2@PBV32@_N1@Z+0xc22,3,0.0204,14699,20.0
fourteam_ai_postfix,12132,OgreMain.dll!?_setPass@SceneManager@Ogre@@UAEPBVPass@2@PBV32@_N1@Z+0x680,3,0.0204,14699,20.0
fourteam_ai_postfix,12132,WINMM.dll@6ea10000!BZROpenShim::`anonymous namespace'::TryBuildOgreQuaternionFromLegacyTransform+0x356,3,0.0204,14699,20.0
fourteam_ai_postfix,12132,OgreMain.dll+0x24b36,3,0.0204,14699,20.0
fourteam_ai_postfix,12132,RenderSystem_Direct3D11.dll!?_render@D3D11RenderSystem@Ogre@@UAEXABVRenderOperation@2@@Z+0x64b,3,0.0204,14699,20.0
fourteam_ai_postfix,12132,OgreMain.dll!?processVisibleObject@RenderQueue@Ogre@@QAEXPAVMovableObject@2@PAVCamera@2@_NPAUVisibleObjectsBoundsInfo@2@@Z+0x40,3,0.0204,14699,20.0
fourteam_ai_postfix,12132,d3d11.dll+0x366db,3,0.0204,14699,20.0
fourteam_ai_postfix,12132,ucrtbase.dll!_free+0x13,3,0.0204,14699,20.0
fourteam_ai_postfix,12132,OgreMain.dll!?buildSubEntityList@Entity@Ogre@@IAEXAAV?$SharedPtr@VMesh@Ogre@@@2@PAV?$vector@PAVSubEntity@Ogre@@V?$STLAllocator@PAVSubEntity@Ogre@@V?$CategorisedAllocPolicy@$0A@@2@@2@@std@@@Z+0xbd,3,0.0204,14699,20.0
fourteam_ai_postfix,12132,"WINMM.dll@6ea10000!std::_Hash<std::_Umap_traits<int,BZROpenShim::`anonymous namespace'::HudSpriteRectRecord,std::_Uhash_compare<int,std::hash<int>,std::equal_to<int> >,std::allocator<std::pair<int const ,BZROpenShim::`anonymous namespace'::HudSpriteRectRecord> >,0> >::_Try_emplace<int const &>+0x52",3,0.0204,14699,20.0
fourteam_ai_postfix,12132,nvwgf2um.dll!SetDependencyInfo+0x58362,3,0.0204,14699,20.0
fourteam_ai_postfix,12132,OgreMain.dll!?isViewOutOfDate@Camera@Ogre@@MBE_NXZ+0x18d,3,0.0204,14699,20.0
fourteam_ai_postfix,12132,battlezone98redux.exe!sub_678880,3,0.0204,14699,20.0
fourteam_ai_postfix,12132,OgreMain.dll!?_renderScene@Camera@Ogre@@QAEXPAVViewport@2@_N@Z+0xd8,3,0.0204,14699,20.0
fourteam_ai_postfix,12132,battlezone98redux.exe!sub_440210,3,0.0204,14699,20.0
fourteam_ai_postfix,12132,d3d11.dll+0x30e83,3,0.0204,14699,20.0
fourteam_ai_postfix,12132,battlezone98redux.exe!forward<>,3,0.0204,14699,20.0
fourteam_ai_postfix,12132,d3d11.dll+0x27012,3,0.0204,14699,20.0
fourteam_ai_postfix,12132,OgreMain.dll!?getConstantDefinition@GpuProgramParameters@Ogre@@QBEABUGpuConstantDefinition@2@ABV?$basic_string@DU?$char_traits@D@std@@V?$allocator@D@2@@std@@@Z,3,0.0204,14699,20.0
fourteam_ai_postfix,12132,OgreMain.dll!?copyTempVertexToBuffer@ManualObject@Ogre@@MAEXXZ+0x120,3,0.0204,14699,20.0
fourteam_ai_postfix,12132,MSVCR120.dll!memcpy+0xa,3,0.0204,14699,20.0
fourteam_ai_postfix,12132,OgreMain.dll!?getSide@Plane@Ogre@@QBE?AW4Side@12@ABVVector3@2@0@Z+0x11,3,0.0204,14699,20.0
fourteam_ai_postfix,12132,d3d11.dll+0x311e7,3,0.0204,14699,20.0
fourteam_ai_postfix,12132,d3d11.dll!D3D11CoreCreateDevice+0x1d57a,3,0.0204,14699,20.0
fourteam_ai_postfix,12132,OgreMain.dll!?updatePoint@RotationalSpline@Ogre@@QAEXGABVQuaternion@2@@Z+0xa111,3,0.0204,14699,20.0
fourteam_ai_postfix,12132,dxgi.dll!DXGIReportAdapterConfiguration+0xaa96,3,0.0204,14699,20.0
fourteam_ai_postfix,12132,win32u.dll!_NtQueryCompositionSurfaceStatistics@8+0xc,3,0.0204,14699,20.0
fourteam_ai_postfix,12132,dxgi.dll!CompatString+0x4613,3,0.0204,14699,20.0
fourteam_ai_postfix,12132,OgreMain.dll!?getSourceBlendFactor@Pass@Ogre@@QBE?AW4SceneBlendFactor@2@XZ+0x3,3,0.0204,14699,20.0
fourteam_ai_postfix,12132,KERNELBASE.dll!LoadLibraryExA+0x77,3,0.0204,14699,20.0
fourteam_ai_postfix,12132,WINMM.dll@6ea10000!BZROpenShim::`anonymous namespace'::UpdateChunkProxySlotPosition+0x559,3,0.0204,14699,20.0
fourteam_ai_postfix,12132,battlezone98redux.exe!sub_44e9a0,3,0.0204,14699,20.0
fourteam_ai_postfix,12132,d3d11.dll!CreateDirect3D11DeviceFromDXGIDevice+0x9d997,3,0.0204,14699,20.0
fourteam_ai_postfix,12132,ucrtbase.dll!_tolower+0xe2,3,0.0204,14699,20.0
fourteam_ai_postfix,12132,WINMM.dll@6ea10000!BZROpenShim::`anonymous namespace'::RotateGenericChunkVector+0x1e,3,0.0204,14699,20.0
fourteam_ai_postfix,12132,OgreMain.dll!?RealEqual@Math@Ogre@@SA_NMMM@Z+0x3,3,0.0204,14699,20.0
fourteam_ai_postfix,12132,OgreMain.dll!?createOrRetrieve@MeshManager@Ogre@@QAE?AU?$pair@V?$SharedPtr@VResource@Ogre@@@Ogre@@_N@std@@ABV?$basic_string@DU?$char_traits@D@std@@V?$allocator@D@2@@4@0_NPAVManualResourceLoader@2@PBV?$map@V?$basic_string@DU?$char_traits@D@std@@V?$allocator@D@2@@std@@V12@U?$less@V?$basic_string@DU?$char_traits@D@std@@V?$allocator@D@2@@std@@@2@V?$STLAllocator@U?$pair@$$CBV?$basic_string@DU?$char_traits@D@std@@V?$allocator@D@2@@std@@V12@@std@@V?$CategorisedAllocPolicy@$0A@@Ogre@@@Ogre@@@4@W4Usage@HardwareBuffer@2@411@Z+0x4d,3,0.0204,14699,20.0
fourteam_ai_postfix,12132,battlezone98redux.exe!sub_67a760,3,0.0204,14699,20.0
fourteam_ai_postfix,12132,OgreMain.dll!?_updateAutoParams@Pass@Ogre@@QBEXPBVAutoParamDataSource@2@G@Z+0x46,3,0.0204,14699,20.0
fourteam_ai_postfix,12132,OgreMain.dll!?_writeRawConstant@GpuProgramParameters@Ogre@@QAEXIABVVector4@2@I@Z+0x27,3,0.0204,14699,20.0
fourteam_ai_postfix,12132,d3d11.dll!CreateDirect3D11DeviceFromDXGIDevice+0x9dc44,3,0.0204,14699,20.0
fourteam_ai_postfix,12132,OgreMain.dll!?isFloat@GpuConstantDefinition@Ogre@@SA_NW4GpuConstantType@2@@Z+0x6,3,0.0204,14699,20.0
fourteam_ai_postfix,12132,nvwgf2um.dll!OpenAdapter10+0x72db7,3,0.0204,14699,20.0
fourteam_ai_postfix,12132,d3d11.dll!D3D11CoreCreateLayeredDevice+0x1495f,3,0.0204,14699,20.0
fourteam_ai_postfix,12132,nvwgf2um.dll!OpenAdapter10+0x77197,3,0.0204,14699,20.0
fourteam_ai_postfix,12132,WINMM.dll@6ea10000!BZROpenShim::ChunkBatchInvalidation::SourceVersion::MixU32+0x6b,3,0.0204,14699,20.0
fourteam_ai_postfix,12132,OgreMain.dll!?_calcTempSquareDist@Light@Ogre@@QAEXABVVector3@2@@Z+0x3a,3,0.0204,14699,20.0
fourteam_ai_postfix,12132,nvwgf2um.dll!NVAPI_DirectMethods+0x609f1,3,0.0204,14699,20.0
fourteam_ai_postfix,12132,nvwgf2um.dll!SetDependencyInfo+0x578e5,3,0.0204,14699,20.0
fourteam_ai_postfix,12132,nvwgf2um.dll!SetDependencyInfo+0x358fb,3,0.0204,14699,20.0
fourteam_ai_postfix,12132,OgreMain.dll!?hasViewRelativeTextureCoordinateGeneration@TextureUnitState@Ogre@@QBE_NXZ+0xe0,3,0.0204,14699,20.0
fourteam_ai_postfix,12132,OgreMain.dll!?Ogre_InterlockedIncrement64@InterlockedCompareExchange64Wrapper@Ogre@@SA_JPC_J@Z+0x11b5,3,0.0204,14699,20.0
fourteam_ai_postfix,12132,OgreMain.dll!?Ogre_InterlockedIncrement64@InterlockedCompareExchange64Wrapper@Ogre@@SA_JPC_J@Z+0x11ad,3,0.0204,14699,20.0
fourteam_ai_postfix,12132,OgreMain.dll!??RmaterialLess@SceneManager@Ogre@@QBE_NPBVMaterial@2@0@Z+0x6bec,3,0.0204,14699,20.0
fourteam_ai_postfix,12132,OgreMain.dll!?_populateLightList@SceneManager@Ogre@@UAEXABVVector3@2@MAAV?$HashedVector@PAVLight@Ogre@@@2@I@Z+0x81,3,0.0204,14699,20.0
fourteam_ai_postfix,12132,OgreMain.dll!?lock@HardwareBuffer@Ogre@@UAEPAXIIW4LockOptions@12@W4UploadOptions@12@@Z+0x191,3,0.0204,14699,20.0
fourteam_ai_postfix,12132,OgreMain.dll!?_fireFrameRenderingQueued@Root@Ogre@@QAE_NXZ+0x14,3,0.0204,14699,20.0
fourteam_ai_postfix,12132,OgreMain.dll!?populateFrameEvent@Root@Ogre@@IAEXW4FrameEventTimeType@12@AAUFrameEvent@2@@Z+0x1f,3,0.0204,14699,20.0
fourteam_ai_postfix,12132,OgreMain.dll!?destroyMovableObject@SceneManager@Ogre@@UAEXPAVMovableObject@2@@Z+0xd5,3,0.0204,14699,20.0
fourteam_ai_postfix,12132,OgreMain.dll!?updateGpuProgramParameters@SceneManager@Ogre@@MAEXPBVPass@2@@Z+0xcb,3,0.0204,14699,20.0
fourteam_ai_postfix,12132,OgreMain.dll!?_writeRawConstants@GpuProgramParameters@Ogre@@QAEXIPBMI@Z+0x1c,3,0.0204,14699,20.0
fourteam_ai_postfix,12132,OgreMain.dll!?ASin@Math@Ogre@@SA?AVRadian@2@M@Z+0x1e,3,0.0204,14699,20.0
fourteam_ai_postfix,12132,OgreMain.dll!?define@ConvexBody@Ogre@@QAEXABVFrustum@2@@Z+0x2a,3,0.0204,14699,20.0
fourteam_ai_postfix,12132,WINMM.dll@6ea10000!_floor+0x1,3,0.0204,14699,20.0
fourteam_ai_postfix,12132,OgreMain.dll!?_setTextureUnitSettings@RenderSystem@Ogre@@UAEXIAAVTextureUnitState@2@@Z+0xb6,3,0.0204,14699,20.0
fourteam_ai_postfix,12132,"WINMM.dll@6ea10000!std::_Sort_unchecked<std::basic_string<char,std::char_traits<char>,std::allocator<char> > *,`BZROpenShim::`anonymous namespace'::AppendAllChunkMeshBasesForGeom'::`2'::<lambda_2> >+0x22",3,0.0204,14699,20.0
fourteam_ai_postfix,12132,"WINMM.dll@6ea10000!std::_Hash<std::_Umap_traits<std::basic_string<char,std::char_traits<char>,std::allocator<char> >,bool,std::_Uhash_compare<std::basic_string<char,std::char_traits<char>,std::allocator<char> >,std::hash<std::basic_string<char,std::char_traits<char>,std::allocator<char> > >,std::equal_to<std::basic_string<char,std::char_traits<char>,std::allocator<char> > > >,std::allocator<std::pair<std::basic_string<char,std::char_traits<char>,std::allocator<char> > const ,bool> >,0> >::emplace<std::basic_string<char,std::char_traits<char>,std::allocator<char> > const &,bool &>+0x74",3,0.0204,14699,20.0
fourteam_ai_postfix,12132,nvwgf2um.dll!SetDependencyInfo+0x4b369,3,0.0204,14699,20.0
fourteam_ai_postfix,12132,OgreMain.dll!?getDistance@Plane@Ogre@@QBEMABVVector3@2@@Z+0x1,3,0.0204,14699,20.0
fourteam_ai_postfix,12132,OgreMain.dll!?updateRenderQueueSplitOptions@SceneManager@Ogre@@MAEXXZ+0x77,3,0.0204,14699,20.0
fourteam_ai_postfix,12132,OgreMain.dll!?setCurrentLightList@AutoParamDataSource@Ogre@@UAEXPBV?$HashedVector@PAVLight@Ogre@@@2@@Z+0x43,3,0.0204,14699,20.0
fourteam_ai_postfix,12132,d3d11.dll!CreateDirect3D11DeviceFromDXGIDevice+0x9f9c1,3,0.0204,14699,20.0
fourteam_ai_postfix,12132,WINMM.dll@6ea10000!BZROpenShim::`anonymous namespace'::TrackChunkProxyDebugEntry+0x6e8,3,0.0204,14699,20.0
fourteam_ai_postfix,12132,OgreMain.dll!?determinant@Matrix4@Ogre@@QBEMXZ+0x6,3,0.0204,14699,20.0
fourteam_ai_postfix,12132,"WINMM.dll@6ea10000!std::_Hash<std::_Umap_traits<std::basic_string<char,std::char_traits<char>,std::allocator<char> >,bool,std::_Uhash_compare<std::basic_string<char,std::char_traits<char>,std::allocator<char> >,std::hash<std::basic_string<char,std::char_traits<char>,std::allocator<char> > >,std::equal_to<std::basic_string<char,std::char_traits<char>,std::allocator<char> > > >,std::allocator<std::pair<std::basic_string<char,std::char_traits<char>,std::allocator<char> > const ,bool> >,0> >::emplace<std::basic_string<char,std::char_traits<char>,std::allocator<char> > const &,bool &>+0x160",3,0.0204,14699,20.0
fourteam_ai_postfix,12132,d3d11.dll+0x30d77,3,0.0204,14699,20.0
fourteam_ai_postfix,12132,OgreMain.dll!?_notifyCurrentCamera@Entity@Ogre@@UAEXPAVCamera@2@@Z+0x1c9,3,0.0204,14699,20.0
fourteam_ai_postfix,12132,d3d11.dll+0x37583,3,0.0204,14699,20.0
fourteam_ai_postfix,12132,d3d11.dll!CreateDirect3D11DeviceFromDXGIDevice+0xa461e,3,0.0204,14699,20.0
fourteam_ai_postfix,12132,OgreMain.dll!?_detectImplementation@OptimisedUtil@Ogre@@KAPAV12@XZ+0x4517,3,0.0204,14699,20.0
fourteam_ai_postfix,12132,OgreMain.dll!?_findNamedConstantDefinition@GpuProgramParameters@Ogre@@QBEPBUGpuConstantDefinition@2@ABV?$basic_string@DU?$char_traits@D@std@@V?$allocator@D@2@@std@@_N@Z+0x30,3,0.0204,14699,20.0
fourteam_ai_postfix,12132,OgreMain.dll!?position@ManualObject@Ogre@@UAEXMMM@Z,3,0.0204,14699,20.0
fourteam_ai_postfix,12132,MSVCR120.dll!_strnicmp+0x21,3,0.0204,14699,20.0
fourteam_ai_postfix,12132,d3d11.dll!D3D11CoreCreateLayeredDevice+0x2c32,3,0.0204,14699,20.0
fourteam_ai_postfix,12132,RenderSystem_Direct3D11.dll!?_render@D3D11RenderSystem@Ogre@@UAEXABVRenderOperation@2@@Z+0xcab,3,0.0204,14699,20.0
fourteam_ai_postfix,12132,battlezone98redux.exe!compare,3,0.0204,14699,20.0
fourteam_ai_postfix,12132,nvwgf2um.dll!SetDependencyInfo+0x4c42d,3,0.0204,14699,20.0
fourteam_ai_postfix,12132,RenderSystem_Direct3D11.dll!?HasAutoMipMapGenerationEnabled@D3D11Texture@Ogre@@QBE_NXZ+0x276,3,0.0204,14699,20.0
fourteam_ai_postfix,12132,OgreMain.dll!?addSolidRenderable@RenderPriorityGroup@Ogre@@IAEXPAVTechnique@2@PAVRenderable@2@_N@Z+0x15,3,0.0204,14699,20.0
fourteam_ai_postfix,12132,RenderSystem_Direct3D11.dll!?clearFrameBuffer@D3D11RenderSystem@Ogre@@UAEXIABVColourValue@2@MG@Z+0x119,3,0.0204,14699,20.0
fourteam_ai_postfix,12132,d3d11.dll!CreateDirect3D11DeviceFromDXGIDevice+0x9f73d,3,0.0204,14699,20.0
fourteam_ai_postfix,12132,MSVCP120.dll!?do_put@?$num_put@DV?$ostreambuf_iterator@DU?$char_traits@D@std@@@std@@@std@@MBE?AV?$ostreambuf_iterator@DU?$char_traits@D@std@@@2@V32@AAVios_base@2@DK@Z+0x40,3,0.0204,14699,20.0
fourteam_ai_postfix,12132,battlezone98redux.exe!sub_4509e0,3,0.0204,14699,20.0
fourteam_ai_postfix,12132,battlezone98redux.exe!sub_4508a0,3,0.0204,14699,20.0
fourteam_ai_postfix,12132,OgreMain.dll!?_renderScene@SceneManager@Ogre@@UAEXPAVCamera@2@PAVViewport@2@_N@Z+0x4c4,3,0.0204,14699,20.0
fourteam_ai_postfix,12132,OgreMain.dll!??4GpuSharedParametersUsage@Ogre@@QAEAAV01@ABV01@@Z+0x26f9,3,0.0204,14699,20.0
fourteam_ai_postfix,12132,OgreMain.dll!?useRenderableViewProjMode@SceneManager@Ogre@@MAEXPBVRenderable@2@_N@Z+0x7a,3,0.0204,14699,20.0
fourteam_ai_postfix,12132,battlezone98redux.exe!sub_449ce0,3,0.0204,14699,20.0
fourteam_ai_postfix,12132,OgreMain.dll!?getProjectionMatrix@AutoParamDataSource@Ogre@@UBEABVMatrix4@2@XZ+0x9b,3,0.0204,14699,20.0
fourteam_ai_postfix,12132,OgreMain.dll!?getSpecular@Pass@Ogre@@QBEABVColourValue@2@XZ+0x3,3,0.0204,14699,20.0
fourteam_ai_postfix,12132,battlezone98redux.exe!sub_73b690,3,0.0204,14699,20.0
fourteam_ai_postfix,12132,OgreMain.dll!?updateAnimation@Entity@Ogre@@IAEXXZ+0x11d,3,0.0204,14699,20.0
fourteam_ai_postfix,12132,WINMM.dll@6ea10000!BZROpenShim::`anonymous namespace'::GetChunkPayloadStockResourceDirectory+0xf8,3,0.0204,14699,20.0
fourteam_ai_postfix,12132,OgreMain.dll+0x2f8e2,3,0.0204,14699,20.0
fourteam_ai_postfix,12132,d3d11.dll!CreateDirect3D11DeviceFromDXGIDevice+0xbdb38,3,0.0204,14699,20.0
fourteam_ai_postfix,12132,RenderSystem_Direct3D11.dll!?lockImpl@D3D11HardwareBuffer@Ogre@@MAEPAXIIW4LockOptions@HardwareBuffer@2@@Z,3,0.0204,14699,20.0
fourteam_ai_postfix,12132,WINMM.dll@6ea10000!BZROpenShim::ChunkEffectCreateChunkHook+0x48c,3,0.0204,14699,20.0
fourteam_ai_postfix,12132,OgreMain.dll!?_writeRawConstants@GpuProgramParameters@Ogre@@QAEXIPBMI@Z+0x17,3,0.0204,14699,20.0
fourteam_ai_postfix,12132,d3d11.dll+0x2b4d8,3,0.0204,14699,20.0
fourteam_ai_postfix,12132,"WINMM.dll@6ea10000!std::vector<BZROpenShim::`anonymous namespace'::FlagCatalogEntry,std::allocator<BZROpenShim::`anonymous namespace'::FlagCatalogEntry> >::_Emplace_reallocate<BZROpenShim::`anonymous namespace'::FlagCatalogEntry>+0x4d",3,0.0204,14699,20.0
fourteam_ai_postfix,12132,WINMM.dll@6ea10000!ceilf+0xc,3,0.0204,14699,20.0
fourteam_ai_postfix,12132,OgreMain.dll!?_detectImplementation@OptimisedUtil@Ogre@@KAPAV12@XZ+0x447d,3,0.0204,14699,20.0
fourteam_ai_postfix,12132,WINMM.dll@6ea10000!BZROpenShim::`anonymous namespace'::CaptureSourceLayout+0x15a,3,0.0204,14699,20.0
fourteam_ai_postfix,12132,MSVCR120.dll!wcsnlen+0x14e,3,0.0204,14699,20.0
fourteam_ai_postfix,12132,RenderSystem_Direct3D11.dll!?bindGpuProgramParameters@D3D11RenderSystem@Ogre@@UAEXW4GpuProgramType@2@V?$SharedPtr@VGpuProgramParameters@Ogre@@@2@G@Z+0x18e,3,0.0204,14699,20.0
fourteam_ai_postfix,12132,RenderSystem_Direct3D11.dll!?getMonitorSequentialNumberFromSwapChain@MonitorInfo@Ogre@@QAEGPAUIDXGISwapChain@@_N@Z+0x2ac4,3,0.0204,14699,20.0
fourteam_ai_postfix,12132,RenderSystem_Direct3D11.dll!?_render@D3D11RenderSystem@Ogre@@UAEXABVRenderOperation@2@@Z+0xc13,3,0.0204,14699,20.0
fourteam_ai_postfix,12132,OgreMain.dll!?ensureLoaded@TextureUnitState@Ogre@@IBEXI@Z+0x1ef,3,0.0204,14699,20.0
fourteam_ai_postfix,12132,ntdll.dll!_RtlAllocateHeap@12,3,0.0204,14699,20.0
fourteam_ai_postfix,12132,OgreMain.dll!?addCompositor@CompositorManager@Ogre@@QAEPAVCompositorInstance@2@PAVViewport@2@ABV?$basic_string@DU?$char_traits@D@std@@V?$allocator@D@2@@std@@H@Z+0xb65,3,0.0204,14699,20.0
fourteam_ai_postfix,12132,OgreMain.dll!??4TextureUnitTranslator@Ogre@@QAEAAV01@ABV01@@Z+0x15c3,3,0.0204,14699,20.0
fourteam_ai_postfix,12132,OgreMain.dll!??1ObjectAbstractNode@Ogre@@UAE@XZ+0x59,3,0.0204,14699,20.0
fourteam_ai_postfix,12132,OgreMain.dll!??4VariableAccessAbstractNode@Ogre@@QAEAAV01@ABV01@@Z+0x18a2,3,0.0204,14699,20.0
fourteam_ai_postfix,12132,OgreMain.dll!?getInverseViewMatrix@AutoParamDataSource@Ogre@@UBEABVMatrix4@2@XZ+0x26,3,0.0204,14699,20.0
fourteam_ai_postfix,12132,OgreMain.dll!?updatePoint@RotationalSpline@Ogre@@QAEXGABVQuaternion@2@@Z+0x9de5,3,0.0204,14699,20.0
fourteam_ai_postfix,12132,OgreMain.dll+0x10d11,3,0.0204,14699,20.0
fourteam_ai_postfix,12132,OgreMain.dll!??4GpuSharedParametersUsage@Ogre@@QAEAAV01@ABV01@@Z+0x2735,3,0.0204,14699,20.0
fourteam_ai_postfix,12132,ntdll.dll!_RtlpFreeNTHeapInternal@12+0x248,3,0.0204,14699,20.0
fourteam_ai_postfix,12132,d3d11.dll!D3D11CoreCreateDevice+0x1d20d,3,0.0204,14699,20.0
fourteam_ai_postfix,12132,OgreMain.dll!?getLightAttenuation@AutoParamDataSource@Ogre@@UBE?AVVector4@2@I@Z+0x3e,3,0.0204,14699,20.0
fourteam_ai_postfix,12132,OgreMain.dll!?softwareVertexBlend@Mesh@Ogre@@SAXPBVVertexData@2@0PBQBVMatrix4@2@I_N@Z+0x271,3,0.0204,14699,20.0
fourteam_ai_postfix,12132,OgreMain.dll!?setOrientation@Node@Ogre@@UAEXABVQuaternion@2@@Z+0x27,3,0.0204,14699,20.0
fourteam_ai_postfix,12132,OgreMain.dll!?getKeyFramesAtTime@AnimationTrack@Ogre@@UBEMABVTimeIndex@2@PAPAVKeyFrame@2@1PAG@Z+0x2e,3,0.0204,14699,20.0
fourteam_ai_postfix,12132,OgreMain.dll!?_updateAutoParams@GpuProgramParameters@Ogre@@QAEXPBVAutoParamDataSource@2@G@Z+0x3d,3,0.0204,14699,20.0
fourteam_ai_postfix,12132,MSVCR120.dll!??0scoped_lock_read@reader_writer_lock@Concurrency@@QAE@AAV12@@Z+0xa0a,3,0.0204,14699,20.0
fourteam_ai_postfix,12132,MSVCR120.dll!_vsprintf_s_l+0x32,3,0.0204,14699,20.0
fourteam_ai_postfix,12132,OgreMain.dll!?isInLightRange@Light@Ogre@@QBE_NABVSphere@2@@Z+0x9f,3,0.0204,14699,20.0
fourteam_ai_postfix,12132,OgreMain.dll!?addRenderable@RenderQueue@Ogre@@QAEXPAVRenderable@2@EG@Z+0x58,3,0.0204,14699,20.0
fourteam_ai_postfix,12132,WINMM.dll@6ea10000!BZROpenShim::`anonymous namespace'::TryGetChunkProxyTransform+0x9c,3,0.0204,14699,20.0
fourteam_ai_postfix,12132,battlezone98redux.exe!sub_4ae300,3,0.0204,14699,20.0
fourteam_ai_postfix,12132,USER32.dll!MsgWaitForMultipleObjectsEx+0xd8,3,0.0204,14699,20.0
fourteam_ai_postfix,12132,OgreMain.dll!?prepareWorldGeometry@SceneManager@Ogre@@UAEXABV?$basic_string@DU?$char_traits@D@std@@V?$allocator@D@2@@std@@@Z+0x23a,3,0.0204,14699,20.0
fourteam_ai_postfix,12132,battlezone98redux.exe!sub_4178f0,3,0.0204,14699,20.0
fourteam_ai_postfix,12132,OgreMain.dll!?_detectImplementation@OptimisedUtil@Ogre@@KAPAV12@XZ+0x468a,3,0.0204,14699,20.0
fourteam_ai_postfix,12132,ntdll.dll!_RtlFreeHeap@12,3,0.0204,14699,20.0
fourteam_ai_postfix,12132,WINMM.dll@6ea10000!BZROpenShim::`anonymous namespace'::AppendGenericChunkBatchGeometry+0x159,3,0.0204,14699,20.0
fourteam_ai_postfix,12132,OgreMain.dll!?findLightsAffectingFrustum@SceneManager@Ogre@@MAEXPBVCamera@2@@Z+0xfa,3,0.0204,14699,20.0
fourteam_ai_postfix,12132,battlezone98redux.exe!sub_6a3b60,3,0.0204,14699,20.0
fourteam_ai_postfix,12132,d3d11.dll!CreateDirect3D11DeviceFromDXGIDevice+0xbdaa1,3,0.0204,14699,20.0
fourteam_ai_postfix,12132,OgreMain.dll!?_getOffsetTransform@Bone@Ogre@@QBEXAAVMatrix4@2@@Z+0xf4,3,0.0204,14699,20.0
fourteam_ai_postfix,12132,ucrtbase.dll!__ldclass+0x1b,3,0.0204,14699,20.0
fourteam_ai_postfix,12132,MSVCR120.dll!__libm_sse2_acosf+0x76,3,0.0204,14699,20.0
fourteam_ai_postfix,12132,dxgi.dll!DXGIReportAdapterConfiguration+0xe7d,3,0.0204,14699,20.0
fourteam_ai_postfix,12132,battlezone98redux.exe!sub_5a6210,3,0.0204,14699,20.0
fourteam_ai_postfix,12132,battlezone98redux.exe!sub_4ca430,3,0.0204,14699,20.0
fourteam_ai_postfix,12132,ntdll.dll!_RtlpGetThreadAffinityIndex@8+0x3f,3,0.0204,14699,20.0
fourteam_ai_postfix,12132,OgreMain.dll!??RmaterialLess@SceneManager@Ogre@@QBE_NPBVMaterial@2@0@Z+0x72f2,3,0.0204,14699,20.0
fourteam_ai_postfix,12132,d3d11.dll+0x31a70,3,0.0204,14699,20.0
fourteam_ai_postfix,12132,WINMM.dll@6ea10000!BZROpenShim::OgreProfilerAlgorithms::QuantizeDynamicAlphaDepthKey+0x5f,3,0.0204,14699,20.0
fourteam_ai_postfix,12132,battlezone98redux.exe!sub_6c9ab0,3,0.0204,14699,20.0
fourteam_ai_postfix,12132,battlezone98redux.exe!sub_6d2040,3,0.0204,14699,20.0
fourteam_ai_postfix,12132,battlezone98redux.exe!sub_6ce4a0,3,0.0204,14699,20.0
fourteam_ai_postfix,12132,battlezone98redux.exe!sub_6b2960,3,0.0204,14699,20.0
fourteam_ai_postfix,12132,battlezone98redux.exe!HasWorkPending,3,0.0204,14699,20.0
fourteam_ai_postfix,12132,WINMM.dll@6ea10000!BZROpenShim::`anonymous namespace'::TryResolveChunkPayloadMeshResourceForMeshAndGeom+0x258,3,0.0204,14699,20.0
fourteam_ai_postfix,12132,battlezone98redux.exe!sub_43b520,3,0.0204,14699,20.0
fourteam_ai_postfix,12132,MSVCR120.dll!__libm_sse2_asinf+0x9c,3,0.0204,14699,20.0
fourteam_ai_postfix,12132,OgreMain.dll!?_updateAutoParams@GpuProgramParameters@Ogre@@QAEXPBVAutoParamDataSource@2@G@Z+0x1e6e,3,0.0204,14699,20.0
fourteam_ai_postfix,12132,OgreMain.dll!?_updateAutoParams@GpuProgramParameters@Ogre@@QAEXPBVAutoParamDataSource@2@G@Z+0x1f08,3,0.0204,14699,20.0
fourteam_ai_postfix,12132,RenderSystem_Direct3D11.dll!?getD3DIndexBuffer@D3D11HardwareIndexBuffer@Ogre@@QBEPAUID3D11Buffer@@XZ+0x6,3,0.0204,14699,20.0
fourteam_ai_postfix,12132,OgreMain.dll!?merge@RenderPriorityGroup@Ogre@@QAEXPBV12@@Z+0xfb,3,0.0204,14699,20.0
fourteam_ai_postfix,12132,MSVCR120.dll!wcschr+0xcd,3,0.0204,14699,20.0
fourteam_ai_postfix,12132,MSVCR120.dll!__libm_sse2_acosf+0x20b,3,0.0204,14699,20.0
fourteam_ai_postfix,12132,WINMM.dll@6ea10000!BZROpenShim::`anonymous namespace'::TryReadObjProjectId+0x7c,3,0.0204,14699,20.0
fourteam_ai_postfix,12132,ucrtbase.dll!_isalnum+0x24,3,0.0204,14699,20.0
fourteam_ai_postfix,12132,WINMM.dll@6ea10000!BZROpenShim::`anonymous namespace'::HookAnimationSetTimePosition+0x1d,3,0.0204,14699,20.0
fourteam_ai_postfix,12132,OgreMain.dll!?getAnimationState@Entity@Ogre@@QBEPAVAnimationState@2@ABV?$basic_string@DU?$char_traits@D@std@@V?$allocator@D@2@@std@@@Z+0xc9,3,0.0204,14699,20.0
fourteam_ai_postfix,12132,OgreMain.dll!?updatePoint@RotationalSpline@Ogre@@QAEXGABVQuaternion@2@@Z+0x10b72,3,0.0204,14699,20.0
fourteam_ai_postfix,12132,OgreMain.dll!?waitForNextRequest@DefaultWorkQueue@Ogre@@MAEXXZ+0x11d906,3,0.0204,14699,20.0
fourteam_ai_postfix,12132,d3d11.dll!CreateDirect3D11DeviceFromDXGIDevice+0xbbf73,3,0.0204,14699,20.0
fourteam_ai_postfix,12132,battlezone98redux.exe!sub_481af0,3,0.0204,14699,20.0
fourteam_ai_postfix,12132,battlezone98redux.exe!sub_481b10,3,0.0204,14699,20.0
fourteam_ai_postfix,12132,OgreMain.dll!?getLightAttenuation@AutoParamDataSource@Ogre@@UBE?AVVector4@2@I@Z+0xf,3,0.0204,14699,20.0
fourteam_ai_postfix,12132,RenderSystem_Direct3D11.dll!?_render@D3D11RenderSystem@Ogre@@UAEXABVRenderOperation@2@@Z+0x230,3,0.0204,14699,20.0
fourteam_ai_postfix,12132,OgreMain.dll!?_writeRawConstants@GpuProgramParameters@Ogre@@QAEXIPBMI@Z+0xd,3,0.0204,14699,20.0
fourteam_ai_postfix,12132,OgreMain.dll!?size@RenderQueueInvocationSequence@Ogre@@QBEIXZ+0x428,3,0.0204,14699,20.0
fourteam_ai_postfix,12132,battlezone98redux.exe!sub_423b10,3,0.0204,14699,20.0
fourteam_ai_postfix,12132,OgreMain.dll!?size@RenderQueueInvocationSequence@Ogre@@QBEIXZ+0x2182,3,0.0204,14699,20.0
fourteam_ai_postfix,12132,battlezone98redux.exe!sub_67a1e0,3,0.0204,14699,20.0
fourteam_ai_postfix,12132,WINMM.dll@6ea10000!BZROpenShim::OgreProfilerAlgorithms::QuantizeDynamicAlphaDepthKey+0x59,3,0.0204,14699,20.0
fourteam_ai_postfix,12132,OgreMain.dll!?textureCoord@ManualObject@Ogre@@UAEXMM@Z+0x132,3,0.0204,14699,20.0
fourteam_ai_postfix,12132,OgreMain.dll!?_detectImplementation@OptimisedUtil@Ogre@@KAPAV12@XZ+0x4651,3,0.0204,14699,20.0
fourteam_ai_postfix,12132,MSVCR120.dll!truncl+0x39db,3,0.0204,14699,20.0
fourteam_ai_postfix,12132,OgreMain.dll!?exists@FileSystemArchive@Ogre@@UAE_NABV?$basic_string@DU?$char_traits@D@std@@V?$allocator@D@2@@std@@@Z+0x59,3,0.0204,14699,20.0
fourteam_ai_postfix,12132,VCRUNTIME140.dll!memmove+0x51f,3,0.0204,14699,20.0
fourteam_ai_postfix,12132,WINMM.dll@6ea10000!BZROpenShim::`anonymous namespace'::TryNotifyChunkProxyCameraSafe+0x4e,3,0.0204,14699,20.0
fourteam_ai_postfix,12132,WINMM.dll@6ea10000!BZROpenShim::`anonymous namespace'::TrySubmitChunkMeshProxyToCurrentRenderQueue+0x4d4,3,0.0204,14699,20.0
fourteam_ai_postfix,12132,OgreMain.dll!?_calcTempSquareDist@Light@Ogre@@QAEXABVVector3@2@@Z+0x2c,3,0.0204,14699,20.0
fourteam_ai_postfix,12132,OgreMain.dll!?_getCurrentSceneManager@Root@Ogre@@QBEPAVSceneManager@2@XZ+0x2c,3,0.0204,14699,20.0
fourteam_ai_postfix,12132,MSVCP120.dll!?xsputn@?$basic_streambuf@DU?$char_traits@D@std@@@std@@MAE_JPBD_J@Z+0xad,3,0.0204,14699,20.0
fourteam_ai_postfix,12132,OgreMain.dll!??0InterlockedCompareExchange64Wrapper@Ogre@@QAE@XZ+0x6ac,3,0.0204,14699,20.0
fourteam_ai_postfix,12132,MSVCP120.dll!?sputn@?$basic_streambuf@_WU?$char_traits@_W@std@@@std@@QAE_JPB_W_J@Z+0x11,3,0.0204,14699,20.0
fourteam_ai_postfix,12132,battlezone98redux.exe!sub_45bbc0,3,0.0204,14699,20.0
fourteam_ai_postfix,12132,"WINMM.dll@6ea10000!std::_Hash<std::_Umap_traits<unsigned int,BZROpenShim::`anonymous namespace'::ScrapRetargetState,std::_Uhash_compare<unsigned int,std::hash<unsigned int>,std::equal_to<unsigned int> >,std::allocator<std::pair<unsigned int const ,BZROpenShim::`anonymous namespace'::ScrapRetargetState> >,0> >::_Find_last<unsigned int>+0x5d",3,0.0204,14699,20.0
fourteam_ai_postfix,12132,DSOUND.dll!GetDeviceID+0xa5de,3,0.0204,14699,20.0
fourteam_ai_postfix,12132,WINMM.dll@6ea10000!BZROpenShim::`anonymous namespace'::HandleUnitTurboBoundary+0x1e,3,0.0204,14699,20.0
fourteam_ai_postfix,12132,OgreMain.dll!?updatePoint@RotationalSpline@Ogre@@QAEXGABVQuaternion@2@@Z+0x9ce3,3,0.0204,14699,20.0
fourteam_ai_postfix,12132,MSVCR120.dll!log2+0x3e,3,0.0204,14699,20.0
fourteam_ai_postfix,12132,OgreMain.dll!?isHardwareAnimationEnabled@Entity@Ogre@@QAE_NXZ+0x1a,3,0.0204,14699,20.0
fourteam_ai_postfix,12132,MSVCR120.dll!floor+0x2c,3,0.0204,14699,20.0
fourteam_ai_postfix,12132,d3d11.dll+0x2973d,3,0.0204,14699,20.0
fourteam_ai_postfix,12132,"WINMM.dll@6ea10000!std::_Hash<std::_Umap_traits<std::basic_string<char,std::char_traits<char>,std::allocator<char> >,int,std::_Uhash_compare<std::basic_string<char,std::char_traits<char>,std::allocator<char> >,std::hash<std::basic_string<char,std::char_traits<char>,std::allocator<char> > >,std::equal_to<std::basic_string<char,std::char_traits<char>,std::allocator<char> > > >,std::allocator<std::pair<std::basic_string<char,std::char_traits<char>,std::allocator<char> > const ,int> >,0> >::emplace<char const * &,int &>+0x127",3,0.0204,14699,20.0
fourteam_ai_postfix,12132,MSVCR120.dll!log2+0xa1,3,0.0204,14699,20.0
fourteam_ai_postfix,12132,MSVCR120.dll!log2+0x14b,3,0.0204,14699,20.0
fourteam_ai_postfix,12132,WINMM.dll@6ea10000!BZROpenShim::`anonymous namespace'::InstallEmissionLightFixIfPossible+0x99,3,0.0204,14699,20.0
fourteam_ai_postfix,12132,nvwgf2um.dll!SetDependencyInfo+0x4f5c1,3,0.0204,14699,20.0
fourteam_ai_postfix,12132,d3d11.dll!D3D11CoreCreateLayeredDevice+0xb9b,3,0.0204,14699,20.0
fourteam_ai_postfix,12132,nvwgf2um.dll!SetDependencyInfo+0x56dfa,3,0.0204,14699,20.0
fourteam_ai_postfix,12132,nvwgf2um.dll!NVAPI_DirectMethods+0x143a1,3,0.0204,14699,20.0
fourteam_ai_postfix,12132,d3d11.dll!D3D11CoreCreateLayeredDevice+0x1a9b8,3,0.0204,14699,20.0
fourteam_ai_postfix,12132,d3d11.dll!D3D11CoreCreateDevice+0x1f1ad,3,0.0204,14699,20.0
fourteam_ai_postfix,12132,d3d11.dll!D3D11CoreCreateDevice+0x1f385,3,0.0204,14699,20.0
fourteam_ai_postfix,12132,d3d11.dll!D3D11CoreCreateLayeredDevice+0x1ae33,3,0.0204,14699,20.0
fourteam_ai_postfix,12132,nvwgf2um.dll!NVAPI_DirectMethods+0x4654f,3,0.0204,14699,20.0
fourteam_ai_postfix,12132,nvwgf2um.dll!OpenAdapter10+0x21e69,3,0.0204,14699,20.0
fourteam_ai_postfix,12132,d3d11.dll!D3D11CoreCreateLayeredDevice+0x1c2b5,3,0.0204,14699,20.0
fourteam_ai_postfix,12132,d3d11.dll!D3D11CoreCreateLayeredDevice+0x141b,3,0.0204,14699,20.0
fourteam_ai_postfix,12132,RenderSystem_Direct3D11.dll!??0D3D11HardwareBuffer@Ogre@@QAE@W4BufferType@01@IW4Usage@HardwareBuffer@1@AAVD3D11Device@1@_N33@Z+0x17c,3,0.0204,14699,20.0
fourteam_ai_postfix,12132,nvwgf2um.dll!NVAPI_DirectMethods+0x140b2,3,0.0204,14699,20.0
fourteam_ai_postfix,12132,nvwgf2um.dll!OpenAdapter10+0x74d91,3,0.0204,14699,20.0
fourteam_ai_postfix,12132,OgreMain.dll!?normalise@Quaternion@Ogre@@QAEMXZ+0x3a,3,0.0204,14699,20.0
fourteam_ai_postfix,12132,WINMM.dll@6ea10000!BZROpenShim::`anonymous namespace'::HandleUnitTurboBoundary+0x29,3,0.0204,14699,20.0
fourteam_ai_postfix,12132,OgreMain.dll!?_getCurrentSceneManager@Root@Ogre@@QBEPAVSceneManager@2@XZ,3,0.0204,14699,20.0
fourteam_ai_postfix,12132,OgreMain.dll!?setUseIdentityView@Renderable@Ogre@@QAEX_N@Z,3,0.0204,14699,20.0
fourteam_ai_postfix,12132,RenderSystem_Direct3D11.dll!?_setRenderTargetViews@D3D11RenderSystem@Ogre@@IAEXXZ+0x68,3,0.0204,14699,20.0
fourteam_ai_postfix,12132,"WINMM.dll@6ea10000!std::_Hash<std::_Umap_traits<unsigned int,BZROpenShim::`anonymous namespace'::RetargetPeriodState,std::_Uhash_compare<unsigned int,std::hash<unsigned int>,std::equal_to<unsigned int> >,std::allocator<std::pair<unsigned int const ,BZROpenShim::`anonymous namespace'::RetargetPeriodState> >,0> >::_Find_last<unsigned int>+0xb",3,0.0204,14699,20.0
fourteam_ai_postfix,12132,MSVCR120.dll!_stricmp+0x1d,3,0.0204,14699,20.0
fourteam_ai_postfix,12132,battlezone98redux.exe!sub_787370,3,0.0204,14699,20.0
fourteam_ai_postfix,12132,WINMM.dll@6ea10000!BZROpenShim::`anonymous namespace'::CaptureChunkBridgeSnapshot+0x11a,3,0.0204,14699,20.0
