label,thread,symbol,module,self_samples,self_percent,total_samples,window_seconds
fourteam_move_prefix,3420,ntdll.dll!_ZwQueryFullAttributesFile@8+0xc,ntdll.dll,635,4.5726,13887,20.0
fourteam_move_prefix,3420,ntdll.dll!_ZwQueryVirtualMemory@24+0xc,ntdll.dll,510,3.6725,13887,20.0
fourteam_move_prefix,3420,MSVCR120.dll!memmove+0xc9,MSVCR120.dll,189,1.361,13887,20.0
fourteam_move_prefix,3420,battlezone98redux.exe!sub_4933e0,battlezone98redux.exe,141,1.0153,13887,20.0
fourteam_move_prefix,3420,battlezone98redux.exe!sub_461fd0,battlezone98redux.exe,121,0.8713,13887,20.0
fourteam_move_prefix,3420,ntdll.dll!_RtlpIsUtf8Process@4+0xe,ntdll.dll,109,0.7849,13887,20.0
fourteam_move_prefix,3420,MSVCR120.dll!floor+0x15,MSVCR120.dll,107,0.7705,13887,20.0
fourteam_move_prefix,3420,battlezone98redux.exe!sub_687340,battlezone98redux.exe,106,0.7633,13887,20.0
fourteam_move_prefix,3420,battlezone98redux.exe!sub_4428b0,battlezone98redux.exe,103,0.7417,13887,20.0
fourteam_move_prefix,3420,ntdll.dll!_RtlpGetCodePageData@4+0x29,ntdll.dll,102,0.7345,13887,20.0
fourteam_move_prefix,3420,ntdll.dll!_RtlAnsiCharToUnicodeChar@4+0x36,ntdll.dll,98,0.7057,13887,20.0
fourteam_move_prefix,3420,battlezone98redux.exe!sub_446360,battlezone98redux.exe,93,0.6697,13887,20.0
fourteam_move_prefix,3420,battlezone98redux.exe!sub_81fe60,battlezone98redux.exe,84,0.6049,13887,20.0
fourteam_move_prefix,3420,battlezone98redux.exe!sub_4f90a0,battlezone98redux.exe,80,0.5761,13887,20.0
fourteam_move_prefix,3420,battlezone98redux.exe!sub_465320,battlezone98redux.exe,76,0.5473,13887,20.0
fourteam_move_prefix,3420,battlezone98redux.exe!sub_493330,battlezone98redux.exe,73,0.5257,13887,20.0
fourteam_move_prefix,3420,OgreMain.dll!?isVisible@ShadowRenderable@Ogre@@UBE_NXZ+0x236,OgreMain.dll,71,0.5113,13887,20.0
fourteam_move_prefix,3420,battlezone98redux.exe!sub_4f90f0,battlezone98redux.exe,68,0.4897,13887,20.0
fourteam_move_prefix,3420,MSVCR120.dll!memmove+0xc7,MSVCR120.dll,67,0.4825,13887,20.0
fourteam_move_prefix,3420,battlezone98redux.exe!sub_62e710,battlezone98redux.exe,65,0.4681,13887,20.0
fourteam_move_prefix,3420,battlezone98redux.exe!sub_439d00,battlezone98redux.exe,58,0.4177,13887,20.0
fourteam_move_prefix,3420,MSVCR120.dll!floor+0x19,MSVCR120.dll,57,0.4105,13887,20.0
fourteam_move_prefix,3420,battlezone98redux.exe!sub_440130,battlezone98redux.exe,54,0.3889,13887,20.0
fourteam_move_prefix,3420,ntdll.dll!_RtlAnsiCharToUnicodeChar@4+0x19,ntdll.dll,53,0.3817,13887,20.0
fourteam_move_prefix,3420,OgreMain.dll!?_findVisibleObjects@SceneNode@Ogre@@UAEXPAVCamera@2@PAVRenderQueue@2@PAUVisibleObjectsBoundsInfo@2@_N33@Z+0x7e,OgreMain.dll,51,0.3672,13887,20.0
fourteam_move_prefix,3420,ntdll.dll!__woutput_l+0x8a1,ntdll.dll,50,0.36,13887,20.0
fourteam_move_prefix,3420,OgreMain.dll!?_updateBounds@SceneNode@Ogre@@UAEXXZ+0x19c,OgreMain.dll,49,0.3528,13887,20.0
fourteam_move_prefix,3420,d3d11.dll!CreateDirect3D11DeviceFromDXGIDevice+0x9f925,d3d11.dll,49,0.3528,13887,20.0
fourteam_move_prefix,3420,battlezone98redux.exe!sub_462710,battlezone98redux.exe,47,0.3384,13887,20.0
fourteam_move_prefix,3420,battlezone98redux.exe!sub_45c4b0,battlezone98redux.exe,47,0.3384,13887,20.0
fourteam_move_prefix,3420,RenderSystem_Direct3D11.dll!?bindGpuProgramParameters@D3D11RenderSystem@Ogre@@UAEXW4GpuProgramType@2@V?$SharedPtr@VGpuProgramParameters@Ogre@@@2@G@Z+0x54a,RenderSystem_Direct3D11.dll,46,0.3312,13887,20.0
fourteam_move_prefix,3420,ntdll.dll!_ZwReleaseSemaphore@12+0xc,ntdll.dll,45,0.324,13887,20.0
fourteam_move_prefix,3420,battlezone98redux.exe!sub_43fb30,battlezone98redux.exe,42,0.3024,13887,20.0
fourteam_move_prefix,3420,battlezone98redux.exe!sub_4643e0,battlezone98redux.exe,41,0.2952,13887,20.0
fourteam_move_prefix,3420,battlezone98redux.exe!sub_4675f0,battlezone98redux.exe,41,0.2952,13887,20.0
fourteam_move_prefix,3420,OgreMain.dll!?getParameters@GpuProgramUsage@Ogre@@QAE?AV?$SharedPtr@VGpuProgramParameters@Ogre@@@2@XZ+0xe7,OgreMain.dll,41,0.2952,13887,20.0
fourteam_move_prefix,3420,RenderSystem_Direct3D11.dll!?getMonitorSequentialNumberFromSwapChain@MonitorInfo@Ogre@@QAEGPAUIDXGISwapChain@@_N@Z+0x27a7,RenderSystem_Direct3D11.dll,40,0.288,13887,20.0
fourteam_move_prefix,3420,battlezone98redux.exe!sub_4620b0,battlezone98redux.exe,39,0.2808,13887,20.0
fourteam_move_prefix,3420,win32u.dll!_NtUserPeekMessage@24+0xc,win32u.dll,38,0.2736,13887,20.0
fourteam_move_prefix,3420,ntdll.dll!_ZwDelayExecution@8+0xc,ntdll.dll,37,0.2664,13887,20.0
fourteam_move_prefix,3420,OgreMain.dll!?getHasInstanceData@VertexBufferBinding@Ogre@@UBE_NXZ+0x5,OgreMain.dll,36,0.2592,13887,20.0
fourteam_move_prefix,3420,OgreMain.dll!?getHasInstanceData@VertexBufferBinding@Ogre@@UBE_NXZ+0x17,OgreMain.dll,36,0.2592,13887,20.0
fourteam_move_prefix,3420,d3d11.dll+0x30d82,d3d11.dll,36,0.2592,13887,20.0
fourteam_move_prefix,3420,RenderSystem_Direct3D11.dll!?getILayoutByShader@D3D11VertexDeclaration@Ogre@@IAEPAUID3D11InputLayout@@PAVD3D11HLSLProgram@2@PAVVertexBufferBinding@2@@Z+0x52,RenderSystem_Direct3D11.dll,35,0.252,13887,20.0
fourteam_move_prefix,3420,OgreMain.dll!?isInLightRange@Light@Ogre@@QBE_NABVSphere@2@@Z+0x172,OgreMain.dll,35,0.252,13887,20.0
fourteam_move_prefix,3420,OgreMain.dll!?lock@HardwareBuffer@Ogre@@UAEPAXIIW4LockOptions@12@W4UploadOptions@12@@Z+0x19c,OgreMain.dll,35,0.252,13887,20.0
fourteam_move_prefix,3420,battlezone98redux.exe!sub_4ebfd0,battlezone98redux.exe,34,0.2448,13887,20.0
fourteam_move_prefix,3420,battlezone98redux.exe!sub_784180,battlezone98redux.exe,34,0.2448,13887,20.0
fourteam_move_prefix,3420,battlezone98redux.exe!sub_444ba0,battlezone98redux.exe,33,0.2376,13887,20.0
fourteam_move_prefix,3420,battlezone98redux.exe!sub_60f320,battlezone98redux.exe,33,0.2376,13887,20.0
fourteam_move_prefix,3420,battlezone98redux.exe!sub_62e070,battlezone98redux.exe,32,0.2304,13887,20.0
fourteam_move_prefix,3420,OgreMain.dll!?getHasInstanceData@VertexBufferBinding@Ogre@@UBE_NXZ+0x13,OgreMain.dll,32,0.2304,13887,20.0
fourteam_move_prefix,3420,OgreMain.dll!?touchVertexBufferCopy@HardwareBufferManagerBase@Ogre@@UAEXABVHardwareVertexBufferSharedPtr@2@@Z+0x47,OgreMain.dll,31,0.2232,13887,20.0
fourteam_move_prefix,3420,RenderSystem_Direct3D11.dll!?getILayoutByShader@D3D11VertexDeclaration@Ogre@@IAEPAUID3D11InputLayout@@PAVD3D11HLSLProgram@2@PAVVertexBufferBinding@2@@Z+0x6a,RenderSystem_Direct3D11.dll,30,0.216,13887,20.0
fourteam_move_prefix,3420,d3d11.dll+0x27010,d3d11.dll,30,0.216,13887,20.0
fourteam_move_prefix,3420,battlezone98redux.exe!sub_4da060,battlezone98redux.exe,30,0.216,13887,20.0
fourteam_move_prefix,3420,RenderSystem_Direct3D11.dll!?getD3DVertexBuffer@D3D11HardwareVertexBuffer@Ogre@@QBEPAUID3D11Buffer@@XZ+0x6,RenderSystem_Direct3D11.dll,30,0.216,13887,20.0
fourteam_move_prefix,3420,RenderSystem_Direct3D11.dll+0x3ee0,RenderSystem_Direct3D11.dll,29,0.2088,13887,20.0
fourteam_move_prefix,3420,MSVCR120.dll!__libm_sse2_acosf+0xa6,MSVCR120.dll,29,0.2088,13887,20.0
fourteam_move_prefix,3420,d3d11.dll!D3D11CoreCreateDevice+0x26530,d3d11.dll,28,0.2016,13887,20.0
fourteam_move_prefix,3420,RenderSystem_Direct3D11.dll!?bindToShader@D3D11VertexDeclaration@Ogre@@QAEXPAVD3D11HLSLProgram@2@PAVVertexBufferBinding@2@@Z+0xa,RenderSystem_Direct3D11.dll,28,0.2016,13887,20.0
fourteam_move_prefix,3420,battlezone98redux.exe!sub_820180,battlezone98redux.exe,28,0.2016,13887,20.0
fourteam_move_prefix,3420,RenderSystem_Direct3D11.dll!?_render@D3D11RenderSystem@Ogre@@UAEXABVRenderOperation@2@@Z+0x5b,RenderSystem_Direct3D11.dll,27,0.1944,13887,20.0
fourteam_move_prefix,3420,battlezone98redux.exe!sub_8203f0,battlezone98redux.exe,27,0.1944,13887,20.0
fourteam_move_prefix,3420,MSVCR120.dll!__libm_sse2_acosf+0x4c,MSVCR120.dll,27,0.1944,13887,20.0
fourteam_move_prefix,3420,OgreMain.dll!?getFragmentProgramParameters@Pass@Ogre@@QBE?AV?$SharedPtr@VGpuProgramParameters@Ogre@@@2@XZ+0x7a,OgreMain.dll,26,0.1872,13887,20.0
fourteam_move_prefix,3420,battlezone98redux.exe!sub_784100,battlezone98redux.exe,26,0.1872,13887,20.0
fourteam_move_prefix,3420,battlezone98redux.exe!sub_4401a0,battlezone98redux.exe,26,0.1872,13887,20.0
fourteam_move_prefix,3420,OgreMain.dll!?isHardwareAnimationEnabled@Entity@Ogre@@QAE_NXZ+0x28,OgreMain.dll,25,0.18,13887,20.0
fourteam_move_prefix,3420,ntdll.dll!_memset+0x45,ntdll.dll,25,0.18,13887,20.0
fourteam_move_prefix,3420,RenderSystem_Direct3D11.dll!?_render@D3D11RenderSystem@Ogre@@UAEXABVRenderOperation@2@@Z+0x97,RenderSystem_Direct3D11.dll,24,0.1728,13887,20.0
fourteam_move_prefix,3420,battlezone98redux.exe!sub_83e885,battlezone98redux.exe,24,0.1728,13887,20.0
fourteam_move_prefix,3420,battlezone98redux.exe!sub_442e70,battlezone98redux.exe,23,0.1656,13887,20.0
fourteam_move_prefix,3420,battlezone98redux.exe!sub_6111e0,battlezone98redux.exe,23,0.1656,13887,20.0
fourteam_move_prefix,3420,nvwgf2um.dll!NVENCODEAPI_Thunk+0x2175ea,nvwgf2um.dll,23,0.1656,13887,20.0
fourteam_move_prefix,3420,MSVCR120.dll!__libm_sse2_acosf+0xf3,MSVCR120.dll,23,0.1656,13887,20.0
fourteam_move_prefix,3420,battlezone98redux.exe!_Vector_iterator<>,battlezone98redux.exe,22,0.1584,13887,20.0
fourteam_move_prefix,3420,OgreMain.dll!?_findVisibleObjects@SceneNode@Ogre@@UAEXPAVCamera@2@PAVRenderQueue@2@PAUVisibleObjectsBoundsInfo@2@_N33@Z+0x76,OgreMain.dll,22,0.1584,13887,20.0
fourteam_move_prefix,3420,battlezone98redux.exe!sub_81fd40,battlezone98redux.exe,22,0.1584,13887,20.0
fourteam_move_prefix,3420,OgreMain.dll!?ACos@Math@Ogre@@SA?AVRadian@2@M@Z+0x11,OgreMain.dll,22,0.1584,13887,20.0
fourteam_move_prefix,3420,OgreMain.dll!?isHardwareAnimationEnabled@Entity@Ogre@@QAE_NXZ+0x43,OgreMain.dll,22,0.1584,13887,20.0
fourteam_move_prefix,3420,battlezone98redux.exe!sub_784620,battlezone98redux.exe,22,0.1584,13887,20.0
fourteam_move_prefix,3420,d3d11.dll+0x2b4fb,d3d11.dll,22,0.1584,13887,20.0
fourteam_move_prefix,3420,OgreMain.dll+0x2e866,OgreMain.dll,22,0.1584,13887,20.0
fourteam_move_prefix,3420,RenderSystem_Direct3D11.dll!?createImpl@D3D11GpuProgramManager@Ogre@@MAEPAVResource@2@ABV?$basic_string@DU?$char_traits@D@std@@V?$allocator@D@2@@std@@_K0_NPAVManualResourceLoader@2@W4GpuProgramType@2@0@Z+0x6144,RenderSystem_Direct3D11.dll,21,0.1512,13887,20.0
fourteam_move_prefix,3420,MSVCR120.dll!__libm_sse2_acosf+0x13d,MSVCR120.dll,21,0.1512,13887,20.0
fourteam_move_prefix,3420,win32u.dll!_NtUserSystemParametersInfo@16+0xc,win32u.dll,21,0.1512,13887,20.0
fourteam_move_prefix,3420,ntdll.dll!_ZwReleaseMutant@8+0xc,ntdll.dll,20,0.144,13887,20.0
fourteam_move_prefix,3420,battlezone98redux.exe!sub_820570,battlezone98redux.exe,20,0.144,13887,20.0
fourteam_move_prefix,3420,MSVCR120.dll!__libm_sse2_asinf+0x50,MSVCR120.dll,20,0.144,13887,20.0
fourteam_move_prefix,3420,KERNEL32.DLL!GetCurrentThreadId,KERNEL32.DLL,20,0.144,13887,20.0
fourteam_move_prefix,3420,RenderSystem_Direct3D11.dll!??0D3D11RenderWindowSwapChainBased@Ogre@@QAE@ABV01@@Z+0x310,RenderSystem_Direct3D11.dll,20,0.144,13887,20.0
fourteam_move_prefix,3420,OgreMain.dll!?isInLightRange@Light@Ogre@@QBE_NABVSphere@2@@Z+0x138,OgreMain.dll,19,0.1368,13887,20.0
fourteam_move_prefix,3420,OgreMain.dll!?_findVisibleObjects@SceneNode@Ogre@@UAEXPAVCamera@2@PAVRenderQueue@2@PAUVisibleObjectsBoundsInfo@2@_N33@Z+0x4c,OgreMain.dll,19,0.1368,13887,20.0
fourteam_move_prefix,3420,battlezone98redux.exe!sub_442f40,battlezone98redux.exe,19,0.1368,13887,20.0
fourteam_move_prefix,3420,RenderSystem_Direct3D11.dll!?getMonitorSequentialNumberFromSwapChain@MonitorInfo@Ogre@@QAEGPAUIDXGISwapChain@@_N@Z+0x2ac4,RenderSystem_Direct3D11.dll,18,0.1296,13887,20.0
fourteam_move_prefix,3420,OgreMain.dll!?getProgram@Pass@Ogre@@IBEABV?$SharedPtr@VGpuProgram@Ogre@@@2@PBQAVGpuProgramUsage@2@@Z+0x44,OgreMain.dll,18,0.1296,13887,20.0
fourteam_move_prefix,3420,ntdll.dll!_ZwCallbackReturn@12+0xc,ntdll.dll,18,0.1296,13887,20.0
fourteam_move_prefix,3420,ntdll.dll!_ZwTraceEvent@16+0xc,ntdll.dll,18,0.1296,13887,20.0
fourteam_move_prefix,3420,MSVCR120.dll!__libm_sse2_asinf+0x3a,MSVCR120.dll,18,0.1296,13887,20.0
fourteam_move_prefix,3420,RenderSystem_Direct3D11.dll!?getILayoutByShader@D3D11VertexDeclaration@Ogre@@IAEPAUID3D11InputLayout@@PAVD3D11HLSLProgram@2@PAVVertexBufferBinding@2@@Z+0x24f,RenderSystem_Direct3D11.dll,18,0.1296,13887,20.0
fourteam_move_prefix,3420,battlezone98redux.exe!sub_62bf70,battlezone98redux.exe,18,0.1296,13887,20.0
fourteam_move_prefix,3420,OgreMain.dll!??4GpuSharedParametersUsage@Ogre@@QAEAAV01@ABV01@@Z+0x27b5,OgreMain.dll,18,0.1296,13887,20.0
fourteam_move_prefix,3420,OgreMain.dll!?angleBetween@Vector3@Ogre@@QBE?AVRadian@2@ABV12@@Z+0xc9,OgreMain.dll,18,0.1296,13887,20.0
fourteam_move_prefix,3420,OgreMain.dll+0x21c01,OgreMain.dll,18,0.1296,13887,20.0
fourteam_move_prefix,3420,OgreMain.dll!?_updateBounds@SceneNode@Ogre@@UAEXXZ+0x193,OgreMain.dll,17,0.1224,13887,20.0
fourteam_move_prefix,3420,OgreMain.dll!?getConstantDefinition@GpuProgramParameters@Ogre@@QBEABUGpuConstantDefinition@2@ABV?$basic_string@DU?$char_traits@D@std@@V?$allocator@D@2@@std@@@Z+0xe4,OgreMain.dll,17,0.1224,13887,20.0
fourteam_move_prefix,3420,"battlezone98redux.exe!FID_conflict:_Vector_const_iterator<class_std::_Vector_val<struct_std::_Simple_types<class_std::shared_ptr<struct_Concurrency::details::_Task_impl<struct_std::pair<unsigned_char,class_Concurrency::details::_CancellationTokenState*>_>_>_>_>_>",battlezone98redux.exe,17,0.1224,13887,20.0
fourteam_move_prefix,3420,battlezone98redux.exe!sub_417910,battlezone98redux.exe,17,0.1224,13887,20.0
fourteam_move_prefix,3420,battlezone98redux.exe!sub_4461b0,battlezone98redux.exe,17,0.1224,13887,20.0
fourteam_move_prefix,3420,OgreMain.dll!??4GpuSharedParametersUsage@Ogre@@QAEAAV01@ABV01@@Z+0x2704,OgreMain.dll,17,0.1224,13887,20.0
fourteam_move_prefix,3420,RenderSystem_Direct3D11.dll!?getILayoutByShader@D3D11VertexDeclaration@Ogre@@IAEPAUID3D11InputLayout@@PAVD3D11HLSLProgram@2@PAVVertexBufferBinding@2@@Z+0x56,RenderSystem_Direct3D11.dll,17,0.1224,13887,20.0
fourteam_move_prefix,3420,OgreMain.dll!?isInLightRange@Light@Ogre@@QBE_NABVSphere@2@@Z+0x175,OgreMain.dll,17,0.1224,13887,20.0
fourteam_move_prefix,3420,RenderSystem_Direct3D11.dll!?getMonitorSequentialNumberFromSwapChain@MonitorInfo@Ogre@@QAEGPAUIDXGISwapChain@@_N@Z+0x2797,RenderSystem_Direct3D11.dll,17,0.1224,13887,20.0
fourteam_move_prefix,3420,OgreMain.dll!?getVertexProgramParameters@Pass@Ogre@@QBE?AV?$SharedPtr@VGpuProgramParameters@Ogre@@@2@XZ+0x127,OgreMain.dll,17,0.1224,13887,20.0
fourteam_move_prefix,3420,OgreMain.dll!?getProgram@Pass@Ogre@@IBEABV?$SharedPtr@VGpuProgram@Ogre@@@2@PBQAVGpuProgramUsage@2@@Z+0x38,OgreMain.dll,17,0.1224,13887,20.0
fourteam_move_prefix,3420,OgreMain.dll!??4GpuSharedParametersUsage@Ogre@@QAEAAV01@ABV01@@Z+0x2742,OgreMain.dll,16,0.1152,13887,20.0
fourteam_move_prefix,3420,battlezone98redux.exe!sub_774f80,battlezone98redux.exe,16,0.1152,13887,20.0
fourteam_move_prefix,3420,battlezone98redux.exe!sub_81f1e0,battlezone98redux.exe,16,0.1152,13887,20.0
fourteam_move_prefix,3420,OgreMain.dll!?getDistance@Plane@Ogre@@QBEMABVVector3@2@@Z+0x37,OgreMain.dll,16,0.1152,13887,20.0
fourteam_move_prefix,3420,d3d11.dll+0x2703b,d3d11.dll,16,0.1152,13887,20.0
fourteam_move_prefix,3420,OgreMain.dll!?isFloat@GpuConstantDefinition@Ogre@@SA_NW4GpuConstantType@2@@Z+0x13,OgreMain.dll,16,0.1152,13887,20.0
fourteam_move_prefix,3420,ntdll.dll!_ZwWaitForSingleObject@12+0xc,ntdll.dll,15,0.108,13887,20.0
fourteam_move_prefix,3420,MSVCR120.dll!__libm_sse2_asinf+0xa0,MSVCR120.dll,15,0.108,13887,20.0
fourteam_move_prefix,3420,OgreMain.dll!?addRenderable@RenderQueue@Ogre@@QAEXPAVRenderable@2@EG@Z+0x39,OgreMain.dll,15,0.108,13887,20.0
fourteam_move_prefix,3420,win32u.dll!_NtGdiDdDDIQueryVidPnExclusiveOwnership@4+0xc,win32u.dll,15,0.108,13887,20.0
fourteam_move_prefix,3420,OgreMain.dll!?angleBetween@Vector3@Ogre@@QBE?AVRadian@2@ABV12@@Z+0xd0,OgreMain.dll,15,0.108,13887,20.0
fourteam_move_prefix,3420,OgreMain.dll!?clone@Animation@Ogre@@QBEPAV12@ABV?$basic_string@DU?$char_traits@D@std@@V?$allocator@D@2@@std@@@Z+0x2c6,OgreMain.dll,15,0.108,13887,20.0
fourteam_move_prefix,3420,OgreMain.dll!?update@Light@Ogre@@MBEXXZ+0xda,OgreMain.dll,15,0.108,13887,20.0
fourteam_move_prefix,3420,OgreMain.dll!?ACos@Math@Ogre@@SA?AVRadian@2@M@Z+0x8,OgreMain.dll,15,0.108,13887,20.0
fourteam_move_prefix,3420,OgreMain.dll!?createTechnique@Material@Ogre@@QAEPAVTechnique@2@XZ+0xa3b,OgreMain.dll,15,0.108,13887,20.0
fourteam_move_prefix,3420,OgreMain.dll!?getWorldViewMatrix@AutoParamDataSource@Ogre@@UBEABVMatrix4@2@XZ+0x251,OgreMain.dll,15,0.108,13887,20.0
fourteam_move_prefix,3420,OgreMain.dll!?isHardwareAnimationEnabled@Entity@Ogre@@QAE_NXZ+0x2c,OgreMain.dll,14,0.1008,13887,20.0
fourteam_move_prefix,3420,OgreMain.dll!?_updateBounds@SceneNode@Ogre@@UAEXXZ+0x213,OgreMain.dll,14,0.1008,13887,20.0
fourteam_move_prefix,3420,battlezone98redux.exe!sub_4621a0,battlezone98redux.exe,14,0.1008,13887,20.0
fourteam_move_prefix,3420,d3d11.dll+0x27041,d3d11.dll,14,0.1008,13887,20.0
fourteam_move_prefix,3420,ntdll.dll!__fputwc_nolock+0x2e,ntdll.dll,14,0.1008,13887,20.0
fourteam_move_prefix,3420,OgreMain.dll!?getFragmentProgramParameters@Pass@Ogre@@QBE?AV?$SharedPtr@VGpuProgramParameters@Ogre@@@2@XZ+0x86,OgreMain.dll,14,0.1008,13887,20.0
fourteam_move_prefix,3420,OgreMain.dll!?buffersCheckedOut@TempBlendedBufferInfo@Ogre@@QBE_N_N0@Z+0x2f,OgreMain.dll,14,0.1008,13887,20.0
fourteam_move_prefix,3420,OgreMain.dll!?_findNamedConstantDefinition@GpuProgramParameters@Ogre@@QBEPBUGpuConstantDefinition@2@ABV?$basic_string@DU?$char_traits@D@std@@V?$allocator@D@2@@std@@_N@Z+0xfe,OgreMain.dll,14,0.1008,13887,20.0
fourteam_move_prefix,3420,battlezone98redux.exe!sub_443060,battlezone98redux.exe,14,0.1008,13887,20.0
fourteam_move_prefix,3420,OgreMain.dll!?getHasInstanceData@VertexBufferBinding@Ogre@@UBE_NXZ+0x45,OgreMain.dll,14,0.1008,13887,20.0
fourteam_move_prefix,3420,OgreMain.dll!?ASin@Math@Ogre@@SA?AVRadian@2@M@Z+0x8,OgreMain.dll,13,0.0936,13887,20.0
fourteam_move_prefix,3420,OgreMain.dll!?getWorldViewProjMatrix@AutoParamDataSource@Ogre@@UBEABVMatrix4@2@XZ+0x39c,OgreMain.dll,13,0.0936,13887,20.0
fourteam_move_prefix,3420,MSVCR120.dll!floor+0x30,MSVCR120.dll,13,0.0936,13887,20.0
fourteam_move_prefix,3420,OgreMain.dll!?getConstantDefinition@GpuProgramParameters@Ogre@@QBEABUGpuConstantDefinition@2@ABV?$basic_string@DU?$char_traits@D@std@@V?$allocator@D@2@@std@@@Z,OgreMain.dll,13,0.0936,13887,20.0
fourteam_move_prefix,3420,battlezone98redux.exe!sub_46d0a0,battlezone98redux.exe,13,0.0936,13887,20.0
fourteam_move_prefix,3420,battlezone98redux.exe!sub_45d240,battlezone98redux.exe,13,0.0936,13887,20.0
fourteam_move_prefix,3420,battlezone98redux.exe!sub_462630,battlezone98redux.exe,13,0.0936,13887,20.0
fourteam_move_prefix,3420,ntdll.dll!_ZwOpenThread@16+0xc,ntdll.dll,13,0.0936,13887,20.0
fourteam_move_prefix,3420,OgreMain.dll!?_notifyCurrentCamera@Entity@Ogre@@UAEXPAVCamera@2@@Z+0x109,OgreMain.dll,13,0.0936,13887,20.0
fourteam_move_prefix,3420,d3d11.dll!CreateDirect3D11DeviceFromDXGIDevice+0xbc64c,d3d11.dll,13,0.0936,13887,20.0
fourteam_move_prefix,3420,battlezone98redux.exe!sub_492d60,battlezone98redux.exe,13,0.0936,13887,20.0
fourteam_move_prefix,3420,win32u.dll!_NtUserSetCursorPos@8+0xc,win32u.dll,13,0.0936,13887,20.0
fourteam_move_prefix,3420,battlezone98redux.exe!sub_4deaa0,battlezone98redux.exe,12,0.0864,13887,20.0
fourteam_move_prefix,3420,d3d11.dll!CreateDirect3D11DeviceFromDXGIDevice+0xa20c1,d3d11.dll,12,0.0864,13887,20.0
fourteam_move_prefix,3420,OgreMain.dll!?getSide@Plane@Ogre@@QBE?AW4Side@12@ABVVector3@2@0@Z+0x63,OgreMain.dll,12,0.0864,13887,20.0
fourteam_move_prefix,3420,OgreMain.dll!?getVertexProgramParameters@Pass@Ogre@@QBE?AV?$SharedPtr@VGpuProgramParameters@Ogre@@@2@XZ+0x133,OgreMain.dll,12,0.0864,13887,20.0
fourteam_move_prefix,3420,battlezone98redux.exe!sub_4440d0,battlezone98redux.exe,12,0.0864,13887,20.0
fourteam_move_prefix,3420,MSVCR120.dll!__libm_sse2_acosf+0x36,MSVCR120.dll,12,0.0864,13887,20.0
fourteam_move_prefix,3420,OgreMain.dll!?getLight@AutoParamDataSource@Ogre@@IBEABVLight@2@I@Z+0x11,OgreMain.dll,12,0.0864,13887,20.0
fourteam_move_prefix,3420,ntdll.dll!_ZwSetInformationThread@16+0xc,ntdll.dll,12,0.0864,13887,20.0
fourteam_move_prefix,3420,OgreMain.dll!??4GpuSharedParametersUsage@Ogre@@QAEAAV01@ABV01@@Z+0x27ab,OgreMain.dll,12,0.0864,13887,20.0
fourteam_move_prefix,3420,OgreMain.dll!?_findNamedConstantDefinition@GpuProgramParameters@Ogre@@QBEPBUGpuConstantDefinition@2@ABV?$basic_string@DU?$char_traits@D@std@@V?$allocator@D@2@@std@@_N@Z+0xdb,OgreMain.dll,12,0.0864,13887,20.0
fourteam_move_prefix,3420,win32u.dll!_NtGdiDdDDISetQueuedLimit@4+0xc,win32u.dll,12,0.0864,13887,20.0
fourteam_move_prefix,3420,RenderSystem_Direct3D11.dll!?getMonitorSequentialNumberFromSwapChain@MonitorInfo@Ogre@@QAEGPAUIDXGISwapChain@@_N@Z+0x2ab9,RenderSystem_Direct3D11.dll,12,0.0864,13887,20.0
fourteam_move_prefix,3420,battlezone98redux.exe!sub_464610,battlezone98redux.exe,12,0.0864,13887,20.0
fourteam_move_prefix,3420,RenderSystem_Direct3D11.dll!?getConstantBuffer@D3D11HLSLProgram@Ogre@@QAEPAUID3D11Buffer@@V?$SharedPtr@VGpuProgramParameters@Ogre@@@2@G@Z+0x100,RenderSystem_Direct3D11.dll,12,0.0864,13887,20.0
fourteam_move_prefix,3420,OgreMain.dll!?normalise@Vector3@Ogre@@QAEMXZ+0x33,OgreMain.dll,12,0.0864,13887,20.0
fourteam_move_prefix,3420,win32u.dll!_NtUserGetLayeredWindowAttributes@16+0xc,win32u.dll,11,0.0792,13887,20.0
fourteam_move_prefix,3420,OgreMain.dll!??4GpuSharedParametersUsage@Ogre@@QAEAAV01@ABV01@@Z+0x2737,OgreMain.dll,11,0.0792,13887,20.0
fourteam_move_prefix,3420,battlezone98redux.exe!sub_440000,battlezone98redux.exe,11,0.0792,13887,20.0
fourteam_move_prefix,3420,MSVCR120.dll!ceil+0x1ce,MSVCR120.dll,11,0.0792,13887,20.0
fourteam_move_prefix,3420,OgreMain.dll!?_writeRawConstant@GpuProgramParameters@Ogre@@QAEXIABVVector4@2@I@Z+0x25,OgreMain.dll,11,0.0792,13887,20.0
fourteam_move_prefix,3420,OgreMain.dll!?touchVertexBufferCopy@HardwareBufferManagerBase@Ogre@@UAEXABVHardwareVertexBufferSharedPtr@2@@Z+0x7e,OgreMain.dll,11,0.0792,13887,20.0
fourteam_move_prefix,3420,battlezone98redux.exe!sub_440e60,battlezone98redux.exe,11,0.0792,13887,20.0
fourteam_move_prefix,3420,d3d11.dll!CreateDirect3D11DeviceFromDXGIDevice+0x9da48,d3d11.dll,11,0.0792,13887,20.0
fourteam_move_prefix,3420,OgreMain.dll!?getNumWorldTransforms@SubEntity@Ogre@@UBEGXZ+0xe,OgreMain.dll,11,0.0792,13887,20.0
fourteam_move_prefix,3420,OgreMain.dll!?update@Light@Ogre@@MBEXXZ,OgreMain.dll,11,0.0792,13887,20.0
fourteam_move_prefix,3420,OgreMain.dll!?_findVisibleObjects@SceneNode@Ogre@@UAEXPAVCamera@2@PAVRenderQueue@2@PAUVisibleObjectsBoundsInfo@2@_N33@Z+0x35,OgreMain.dll,11,0.0792,13887,20.0
fourteam_move_prefix,3420,OgreMain.dll!?_populateLightList@SceneManager@Ogre@@UAEXABVVector3@2@MAAV?$HashedVector@PAVLight@Ogre@@@2@I@Z+0x142,OgreMain.dll,10,0.072,13887,20.0
fourteam_move_prefix,3420,OgreMain.dll!?getTransparentSortingForced@Pass@Ogre@@QBE_NXZ+0x6,OgreMain.dll,10,0.072,13887,20.0
fourteam_move_prefix,3420,battlezone98redux.exe!sub_420f10,battlezone98redux.exe,10,0.072,13887,20.0
fourteam_move_prefix,3420,battlezone98redux.exe!sub_68c560,battlezone98redux.exe,10,0.072,13887,20.0
fourteam_move_prefix,3420,OgreMain.dll!?isInLightRange@Light@Ogre@@QBE_NABVSphere@2@@Z+0x134,OgreMain.dll,10,0.072,13887,20.0
fourteam_move_prefix,3420,RenderSystem_Direct3D11.dll!?getConstantBuffer@D3D11HLSLProgram@Ogre@@QAEPAUID3D11Buffer@@V?$SharedPtr@VGpuProgramParameters@Ogre@@@2@G@Z+0x1d1,RenderSystem_Direct3D11.dll,10,0.072,13887,20.0
fourteam_move_prefix,3420,OgreMain.dll!?unlock@HardwareBuffer@Ogre@@UAEXXZ+0x1,OgreMain.dll,10,0.072,13887,20.0
fourteam_move_prefix,3420,OgreMain.dll!?isVisible@ShadowRenderable@Ogre@@UBE_NXZ+0x141,OgreMain.dll,10,0.072,13887,20.0
fourteam_move_prefix,3420,OgreMain.dll!?normalise@Vector3@Ogre@@QAEMXZ+0x42,OgreMain.dll,10,0.072,13887,20.0
fourteam_move_prefix,3420,OgreMain.dll!?getWorldViewMatrix@AutoParamDataSource@Ogre@@UBEABVMatrix4@2@XZ+0x241,OgreMain.dll,10,0.072,13887,20.0
fourteam_move_prefix,3420,OgreMain.dll!?processVisibleObject@RenderQueue@Ogre@@QAEXPAVMovableObject@2@PAVCamera@2@_NPAUVisibleObjectsBoundsInfo@2@@Z+0x11,OgreMain.dll,10,0.072,13887,20.0
fourteam_move_prefix,3420,battlezone98redux.exe!sub_6116a0,battlezone98redux.exe,10,0.072,13887,20.0
fourteam_move_prefix,3420,battlezone98redux.exe!get,battlezone98redux.exe,10,0.072,13887,20.0
fourteam_move_prefix,3420,OgreMain.dll!?getQueueGroup@RenderQueue@Ogre@@QAEPAVRenderQueueGroup@2@E@Z+0x52,OgreMain.dll,10,0.072,13887,20.0
fourteam_move_prefix,3420,WINMM.dll@6e1d0000!BZROpenShim::`anonymous namespace'::IsOgreEntityObject+0x44,WINMM.dll@6e1d0000,10,0.072,13887,20.0
fourteam_move_prefix,3420,battlezone98redux.exe!sub_4588c0,battlezone98redux.exe,10,0.072,13887,20.0
fourteam_move_prefix,3420,OgreMain.dll+0x3942d,OgreMain.dll,10,0.072,13887,20.0
fourteam_move_prefix,3420,win32u.dll!_NtGdiDdDDICheckMonitorPowerState@4+0xc,win32u.dll,10,0.072,13887,20.0
fourteam_move_prefix,3420,OgreMain.dll!?createTechnique@Material@Ogre@@QAEPAVTechnique@2@XZ+0xa2c,OgreMain.dll,10,0.072,13887,20.0
fourteam_move_prefix,3420,battlezone98redux.exe!sub_4221b0,battlezone98redux.exe,10,0.072,13887,20.0
fourteam_move_prefix,3420,OgreMain.dll!?touchVertexBufferCopy@HardwareBufferManagerBase@Ogre@@UAEXABVHardwareVertexBufferSharedPtr@2@@Z+0x3d,OgreMain.dll,9,0.0648,13887,20.0
fourteam_move_prefix,3420,OgreMain.dll+0x13f52,OgreMain.dll,9,0.0648,13887,20.0
fourteam_move_prefix,3420,RenderSystem_Direct3D11.dll+0x4b38,RenderSystem_Direct3D11.dll,9,0.0648,13887,20.0
fourteam_move_prefix,3420,OgreMain.dll!?_findNamedConstantDefinition@GpuProgramParameters@Ogre@@QBEPBUGpuConstantDefinition@2@ABV?$basic_string@DU?$char_traits@D@std@@V?$allocator@D@2@@std@@_N@Z+0xb8,OgreMain.dll,9,0.0648,13887,20.0
fourteam_move_prefix,3420,MSVCR120.dll!floor+0x1e,MSVCR120.dll,9,0.0648,13887,20.0
fourteam_move_prefix,3420,OgreMain.dll!?angleBetween@Vector3@Ogre@@QBE?AVRadian@2@ABV12@@Z+0xcc,OgreMain.dll,9,0.0648,13887,20.0
fourteam_move_prefix,3420,OgreMain.dll!?isTransparentSortingForced@Technique@Ogre@@QBE_NXZ+0xc,OgreMain.dll,9,0.0648,13887,20.0
fourteam_move_prefix,3420,OgreMain.dll+0x17bb6,OgreMain.dll,9,0.0648,13887,20.0
fourteam_move_prefix,3420,ntdll.dll!_RtlEnterCriticalSection@4+0x25,ntdll.dll,9,0.0648,13887,20.0
fourteam_move_prefix,3420,d3d11.dll!CreateDirect3D11DeviceFromDXGIDevice+0x9f9ea,d3d11.dll,9,0.0648,13887,20.0
fourteam_move_prefix,3420,RenderSystem_Direct3D11.dll!?getConstantBuffer@D3D11HLSLProgram@Ogre@@QAEPAUID3D11Buffer@@V?$SharedPtr@VGpuProgramParameters@Ogre@@@2@G@Z+0xe7,RenderSystem_Direct3D11.dll,9,0.0648,13887,20.0
fourteam_move_prefix,3420,RenderSystem_Direct3D11.dll!?getConstantBuffer@D3D11HLSLProgram@Ogre@@QAEPAUID3D11Buffer@@V?$SharedPtr@VGpuProgramParameters@Ogre@@@2@G@Z+0x4d,RenderSystem_Direct3D11.dll,9,0.0648,13887,20.0
fourteam_move_prefix,3420,d3d11.dll!CreateDirect3D11DeviceFromDXGIDevice+0xbc657,d3d11.dll,9,0.0648,13887,20.0
fourteam_move_prefix,3420,battlezone98redux.exe!sub_785730,battlezone98redux.exe,9,0.0648,13887,20.0
fourteam_move_prefix,3420,battlezone98redux.exe!sub_4e63c0,battlezone98redux.exe,9,0.0648,13887,20.0
fourteam_move_prefix,3420,OgreMain.dll!?clone@Animation@Ogre@@QBEPAV12@ABV?$basic_string@DU?$char_traits@D@std@@V?$allocator@D@2@@std@@@Z+0x249,OgreMain.dll,9,0.0648,13887,20.0
fourteam_move_prefix,3420,battlezone98redux.exe!sub_4ab380,battlezone98redux.exe,9,0.0648,13887,20.0
fourteam_move_prefix,3420,OgreMain.dll!?getConstantDefinition@GpuProgramParameters@Ogre@@QBEABUGpuConstantDefinition@2@ABV?$basic_string@DU?$char_traits@D@std@@V?$allocator@D@2@@std@@@Z+0xcf,OgreMain.dll,9,0.0648,13887,20.0
fourteam_move_prefix,3420,OgreMain.dll!?touchVertexBufferCopy@HardwareBufferManagerBase@Ogre@@UAEXABVHardwareVertexBufferSharedPtr@2@@Z+0x38,OgreMain.dll,9,0.0648,13887,20.0
fourteam_move_prefix,3420,OgreMain.dll!?isFloat@GpuConstantDefinition@Ogre@@SA_NW4GpuConstantType@2@@Z+0x1a,OgreMain.dll,9,0.0648,13887,20.0
fourteam_move_prefix,3420,battlezone98redux.exe!sub_679d70,battlezone98redux.exe,9,0.0648,13887,20.0
fourteam_move_prefix,3420,win32u.dll!_NtGdiDdDDIGetDeviceState@4+0xc,win32u.dll,9,0.0648,13887,20.0
fourteam_move_prefix,3420,MSVCR120.dll!__libm_sse2_acosf+0x104,MSVCR120.dll,9,0.0648,13887,20.0
fourteam_move_prefix,3420,OgreMain.dll+0x3e42d,OgreMain.dll,9,0.0648,13887,20.0
fourteam_move_prefix,3420,ntdll.dll!_RtlpLocalInfoAllocFromCache@8+0x36,ntdll.dll,9,0.0648,13887,20.0
fourteam_move_prefix,3420,OgreMain.dll!?RealEqual@Math@Ogre@@SA_NMMM@Z+0xd,OgreMain.dll,8,0.0576,13887,20.0
fourteam_move_prefix,3420,battlezone98redux.exe!sub_479f30,battlezone98redux.exe,8,0.0576,13887,20.0
fourteam_move_prefix,3420,OgreMain.dll!?_populateLightList@SceneManager@Ogre@@UAEXABVVector3@2@MAAV?$HashedVector@PAVLight@Ogre@@@2@I@Z+0xb2,OgreMain.dll,8,0.0576,13887,20.0
fourteam_move_prefix,3420,ntdll.dll!_memset+0x47,ntdll.dll,8,0.0576,13887,20.0
fourteam_move_prefix,3420,battlezone98redux.exe!sub_5b2950,battlezone98redux.exe,8,0.0576,13887,20.0
fourteam_move_prefix,3420,OgreMain.dll!?buffersCheckedOut@TempBlendedBufferInfo@Ogre@@QBE_N_N0@Z+0x32,OgreMain.dll,8,0.0576,13887,20.0
fourteam_move_prefix,3420,d3d11.dll!CreateDirect3D11DeviceFromDXGIDevice+0xbc587,d3d11.dll,8,0.0576,13887,20.0
fourteam_move_prefix,3420,d3d11.dll+0x35ebe,d3d11.dll,8,0.0576,13887,20.0
fourteam_move_prefix,3420,OgreMain.dll!?createTechnique@Material@Ogre@@QAEPAVTechnique@2@XZ+0xaf6,OgreMain.dll,8,0.0576,13887,20.0
fourteam_move_prefix,3420,battlezone98redux.exe!sub_5e1350,battlezone98redux.exe,8,0.0576,13887,20.0
fourteam_move_prefix,3420,OgreMain.dll!?getConstantDefinition@GpuProgramParameters@Ogre@@QBEABUGpuConstantDefinition@2@ABV?$basic_string@DU?$char_traits@D@std@@V?$allocator@D@2@@std@@@Z+0xd2,OgreMain.dll,8,0.0576,13887,20.0
fourteam_move_prefix,3420,OgreMain.dll!?setVisible@MovableObject@Ogre@@UAEX_N@Z+0x25,OgreMain.dll,8,0.0576,13887,20.0
fourteam_move_prefix,3420,battlezone98redux.exe!sub_5fed30,battlezone98redux.exe,8,0.0576,13887,20.0
fourteam_move_prefix,3420,d3d11.dll+0x35e90,d3d11.dll,8,0.0576,13887,20.0
fourteam_move_prefix,3420,battlezone98redux.exe!sub_601cf0,battlezone98redux.exe,8,0.0576,13887,20.0
fourteam_move_prefix,3420,MSVCR120.dll!__libm_sse2_asinf+0xbc,MSVCR120.dll,8,0.0576,13887,20.0
fourteam_move_prefix,3420,ntdll.dll!_ZwWaitForMultipleObjects@20+0xc,ntdll.dll,8,0.0576,13887,20.0
fourteam_move_prefix,3420,MSVCR120.dll!__libm_sse2_acosf+0x1b6,MSVCR120.dll,8,0.0576,13887,20.0
fourteam_move_prefix,3420,MSVCR120.dll!__libm_sse2_acosf+0xe8,MSVCR120.dll,8,0.0576,13887,20.0
fourteam_move_prefix,3420,battlezone98redux.exe!sub_6002a0,battlezone98redux.exe,8,0.0576,13887,20.0
fourteam_move_prefix,3420,OgreMain.dll!?_updateAutoParams@GpuProgramParameters@Ogre@@QAEXPBVAutoParamDataSource@2@G@Z+0x1f0c,OgreMain.dll,8,0.0576,13887,20.0
fourteam_move_prefix,3420,MSVCR120.dll!floor+0x9c,MSVCR120.dll,8,0.0576,13887,20.0
fourteam_move_prefix,3420,MSVCR120.dll!__libm_sse2_acosf+0x17e,MSVCR120.dll,8,0.0576,13887,20.0
fourteam_move_prefix,3420,battlezone98redux.exe!sub_440210,battlezone98redux.exe,8,0.0576,13887,20.0
fourteam_move_prefix,3420,nvwgf2um.dll!NVENCODEAPI_Thunk+0x21760e,nvwgf2um.dll,8,0.0576,13887,20.0
fourteam_move_prefix,3420,RenderSystem_Direct3D11.dll!?_render@D3D11RenderSystem@Ogre@@UAEXABVRenderOperation@2@@Z+0x64b,RenderSystem_Direct3D11.dll,8,0.0576,13887,20.0
fourteam_move_prefix,3420,battlezone98redux.exe!sub_4db560,battlezone98redux.exe,8,0.0576,13887,20.0
fourteam_move_prefix,3420,battlezone98redux.exe!sub_4db600,battlezone98redux.exe,8,0.0576,13887,20.0
fourteam_move_prefix,3420,d3d11.dll+0x2703e,d3d11.dll,8,0.0576,13887,20.0
fourteam_move_prefix,3420,OgreMain.dll!?_updateBounds@SceneNode@Ogre@@UAEXXZ+0x235,OgreMain.dll,8,0.0576,13887,20.0
fourteam_move_prefix,3420,OgreMain.dll!?determinant@Matrix4@Ogre@@QBEMXZ+0x159,OgreMain.dll,8,0.0576,13887,20.0
fourteam_move_prefix,3420,battlezone98redux.exe!sub_44b7d0,battlezone98redux.exe,8,0.0576,13887,20.0
fourteam_move_prefix,3420,battlezone98redux.exe!sub_7783d0,battlezone98redux.exe,8,0.0576,13887,20.0
fourteam_move_prefix,3420,battlezone98redux.exe!sub_417f60,battlezone98redux.exe,8,0.0576,13887,20.0
fourteam_move_prefix,3420,win32u.dll!_NtQueryCompositionSurfaceStatistics@8+0xc,win32u.dll,8,0.0576,13887,20.0
fourteam_move_prefix,3420,OgreMain.dll+0xd86e,OgreMain.dll,7,0.0504,13887,20.0
fourteam_move_prefix,3420,battlezone98redux.exe!sub_440300,battlezone98redux.exe,7,0.0504,13887,20.0
fourteam_move_prefix,3420,OgreMain.dll!?_updateBounds@SceneNode@Ogre@@UAEXXZ+0x238,OgreMain.dll,7,0.0504,13887,20.0
fourteam_move_prefix,3420,MSVCR120.dll!memcpy+0x57,MSVCR120.dll,7,0.0504,13887,20.0
fourteam_move_prefix,3420,MSVCR120.dll!__libm_sse2_acosf+0xe4,MSVCR120.dll,7,0.0504,13887,20.0
fourteam_move_prefix,3420,RenderSystem_Direct3D11.dll+0x2554,RenderSystem_Direct3D11.dll,7,0.0504,13887,20.0
fourteam_move_prefix,3420,OgreMain.dll!?getIndexAscending@LodStrategy@Ogre@@KAGMABV?$vector@MV?$STLAllocator@MV?$CategorisedAllocPolicy@$0A@@Ogre@@@Ogre@@@std@@@Z+0x24,OgreMain.dll,7,0.0504,13887,20.0
fourteam_move_prefix,3420,RenderSystem_Direct3D11.dll!?getConstantBuffer@D3D11HLSLProgram@Ogre@@QAEPAUID3D11Buffer@@V?$SharedPtr@VGpuProgramParameters@Ogre@@@2@G@Z+0x141,RenderSystem_Direct3D11.dll,7,0.0504,13887,20.0
fourteam_move_prefix,3420,RenderSystem_Direct3D11.dll!?getConstantBuffer@D3D11HLSLProgram@Ogre@@QAEPAUID3D11Buffer@@V?$SharedPtr@VGpuProgramParameters@Ogre@@@2@G@Z+0x4a,RenderSystem_Direct3D11.dll,7,0.0504,13887,20.0
fourteam_move_prefix,3420,ntdll.dll!_ZwDuplicateObject@28+0xc,ntdll.dll,7,0.0504,13887,20.0
fourteam_move_prefix,3420,battlezone98redux.exe!FID_conflict:begin,battlezone98redux.exe,7,0.0504,13887,20.0
fourteam_move_prefix,3420,OgreMain.dll!??4GpuSharedParametersUsage@Ogre@@QAEAAV01@ABV01@@Z+0x2744,OgreMain.dll,7,0.0504,13887,20.0
fourteam_move_prefix,3420,ntdll.dll!_RtlCustomCPToUnicodeN@24+0x6b,ntdll.dll,7,0.0504,13887,20.0
fourteam_move_prefix,3420,MSVCR120.dll!floor+0x3e,MSVCR120.dll,7,0.0504,13887,20.0
fourteam_move_prefix,3420,battlezone98redux.exe!sub_83f040,battlezone98redux.exe,7,0.0504,13887,20.0
fourteam_move_prefix,3420,battlezone98redux.exe!sub_680bd0,battlezone98redux.exe,7,0.0504,13887,20.0
fourteam_move_prefix,3420,OgreMain.dll!?getSide@Plane@Ogre@@QBE?AW4Side@12@ABVVector3@2@0@Z+0x4f,OgreMain.dll,7,0.0504,13887,20.0
fourteam_move_prefix,3420,OgreMain.dll+0x10d11,OgreMain.dll,7,0.0504,13887,20.0
fourteam_move_prefix,3420,OgreMain.dll!?createTechnique@Material@Ogre@@QAEPAVTechnique@2@XZ+0xa1f,OgreMain.dll,7,0.0504,13887,20.0
fourteam_move_prefix,3420,OgreMain.dll!?getDerivedPosition@Light@Ogre@@QBEABVVector3@2@_N@Z+0x29,OgreMain.dll,7,0.0504,13887,20.0
fourteam_move_prefix,3420,d3d11.dll!CreateDirect3D11DeviceFromDXGIDevice+0xa215b,d3d11.dll,7,0.0504,13887,20.0
fourteam_move_prefix,3420,OgreMain.dll!??4GpuSharedParametersUsage@Ogre@@QAEAAV01@ABV01@@Z+0x2754,OgreMain.dll,7,0.0504,13887,20.0
fourteam_move_prefix,3420,ntdll.dll!_RtlMultiByteToUnicodeN@20+0x21,ntdll.dll,7,0.0504,13887,20.0
fourteam_move_prefix,3420,OgreMain.dll!??4GpuSharedParametersUsage@Ogre@@QAEAAV01@ABV01@@Z+0x2732,OgreMain.dll,7,0.0504,13887,20.0
fourteam_move_prefix,3420,OgreMain.dll!?_detectImplementation@OptimisedUtil@Ogre@@KAPAV12@XZ+0x468a,OgreMain.dll,7,0.0504,13887,20.0
fourteam_move_prefix,3420,ntdll.dll!__fputwc_nolock+0x31,ntdll.dll,7,0.0504,13887,20.0
fourteam_move_prefix,3420,OgreMain.dll!?buildKeyFrameTimeList@Animation@Ogre@@IBEXXZ+0x6aa,OgreMain.dll,7,0.0504,13887,20.0
fourteam_move_prefix,3420,battlezone98redux.exe!sub_611270,battlezone98redux.exe,7,0.0504,13887,20.0
fourteam_move_prefix,3420,battlezone98redux.exe!sub_42de50,battlezone98redux.exe,7,0.0504,13887,20.0
fourteam_move_prefix,3420,OgreMain.dll!?_getParentNodeFullTransform@MovableObject@Ogre@@UBEABVMatrix4@2@XZ+0x9,OgreMain.dll,7,0.0504,13887,20.0
fourteam_move_prefix,3420,OgreMain.dll!??4GpuSharedParametersUsage@Ogre@@QAEAAV01@ABV01@@Z+0x2700,OgreMain.dll,7,0.0504,13887,20.0
fourteam_move_prefix,3420,MSVCR120.dll!floor+0x59,MSVCR120.dll,7,0.0504,13887,20.0
fourteam_move_prefix,3420,ntdll.dll!_RtlpLfhFindClearBitAndSet@16+0x13,ntdll.dll,7,0.0504,13887,20.0
fourteam_move_prefix,3420,OgreMain.dll!?_calcTempSquareDist@Light@Ogre@@QAEXABVVector3@2@@Z+0x20,OgreMain.dll,7,0.0504,13887,20.0
fourteam_move_prefix,3420,OgreMain.dll!?getValueImpl@DistanceLodStrategyBase@Ogre@@MBEMPBVMovableObject@2@PBVCamera@2@@Z+0x74,OgreMain.dll,7,0.0504,13887,20.0
fourteam_move_prefix,3420,OgreMain.dll!??4GpuSharedParametersUsage@Ogre@@QAEAAV01@ABV01@@Z+0x2718,OgreMain.dll,7,0.0504,13887,20.0
fourteam_move_prefix,3420,OgreMain.dll!?_populateLightList@SceneManager@Ogre@@UAEXABVVector3@2@MAAV?$HashedVector@PAVLight@Ogre@@@2@I@Z+0x97,OgreMain.dll,7,0.0504,13887,20.0
fourteam_move_prefix,3420,OgreMain.dll!?acceptVisitorGrouped@QueuedRenderableCollection@Ogre@@IBEXPAVQueuedRenderableVisitor@2@@Z+0x65,OgreMain.dll,7,0.0504,13887,20.0
fourteam_move_prefix,3420,OgreMain.dll!?merge@AxisAlignedBox@Ogre@@QAEXABV12@@Z+0x6,OgreMain.dll,7,0.0504,13887,20.0
fourteam_move_prefix,3420,ntdll.dll!_RtlpLocalInfoAllocFromCache@8+0x279,ntdll.dll,7,0.0504,13887,20.0
fourteam_move_prefix,3420,MSVCR120.dll!__libm_sse2_acosf+0xe0,MSVCR120.dll,7,0.0504,13887,20.0
fourteam_move_prefix,3420,OgreMain.dll!?angleBetween@Vector3@Ogre@@QBE?AVRadian@2@ABV12@@Z+0xb3,OgreMain.dll,7,0.0504,13887,20.0
fourteam_move_prefix,3420,OgreMain.dll!?createTechnique@Material@Ogre@@QAEPAVTechnique@2@XZ+0xaff,OgreMain.dll,7,0.0504,13887,20.0
fourteam_move_prefix,3420,battlezone98redux.exe!sub_46d020,battlezone98redux.exe,7,0.0504,13887,20.0
fourteam_move_prefix,3420,d3d11.dll!CreateDirect3D11DeviceFromDXGIDevice+0xa45e0,d3d11.dll,7,0.0504,13887,20.0
fourteam_move_prefix,3420,OgreMain.dll!?getSide@Plane@Ogre@@QBE?AW4Side@12@ABVVector3@2@0@Z+0x69,OgreMain.dll,7,0.0504,13887,20.0
fourteam_move_prefix,3420,nvwgf2um.dll!OpenAdapter10+0x72c10,nvwgf2um.dll,7,0.0504,13887,20.0
fourteam_move_prefix,3420,battlezone98redux.exe!sub_4a8ab0,battlezone98redux.exe,7,0.0504,13887,20.0
fourteam_move_prefix,3420,OgreMain.dll!?_getActiveSchemeIndex@MaterialManager@Ogre@@UBEGXZ,OgreMain.dll,7,0.0504,13887,20.0
fourteam_move_prefix,3420,OgreMain.dll!?getSide@Plane@Ogre@@QBE?AW4Side@12@ABVVector3@2@0@Z+0x4b,OgreMain.dll,7,0.0504,13887,20.0
fourteam_move_prefix,3420,OgreMain.dll!?getLightSpecularColourWithPower@AutoParamDataSource@Ogre@@UBE?BVColourValue@2@I@Z+0x3a,OgreMain.dll,7,0.0504,13887,20.0
fourteam_move_prefix,3420,OgreMain.dll!?_findVisibleObjects@SceneNode@Ogre@@UAEXPAVCamera@2@PAVRenderQueue@2@PAUVisibleObjectsBoundsInfo@2@_N33@Z+0x8b,OgreMain.dll,7,0.0504,13887,20.0
fourteam_move_prefix,3420,d3d11.dll!CreateDirect3D11DeviceFromDXGIDevice+0xa21d1,d3d11.dll,7,0.0504,13887,20.0
fourteam_move_prefix,3420,OgreMain.dll!?getBestTechnique@Material@Ogre@@QAEPAVTechnique@2@GPBVRenderable@2@@Z+0x7c,OgreMain.dll,7,0.0504,13887,20.0
fourteam_move_prefix,3420,OgreMain.dll!?touchVertexBufferCopy@HardwareBufferManagerBase@Ogre@@UAEXABVHardwareVertexBufferSharedPtr@2@@Z+0x41,OgreMain.dll,7,0.0504,13887,20.0
fourteam_move_prefix,3420,RenderSystem_Direct3D11.dll!?getConstantBuffer@D3D11HLSLProgram@Ogre@@QAEPAUID3D11Buffer@@V?$SharedPtr@VGpuProgramParameters@Ogre@@@2@G@Z+0x9a,RenderSystem_Direct3D11.dll,7,0.0504,13887,20.0
fourteam_move_prefix,3420,battlezone98redux.exe!sub_4415f0,battlezone98redux.exe,7,0.0504,13887,20.0
fourteam_move_prefix,3420,ntdll.dll!__woutput_l+0x870,ntdll.dll,6,0.0432,13887,20.0
fourteam_move_prefix,3420,OgreMain.dll!??4GpuSharedParametersUsage@Ogre@@QAEAAV01@ABV01@@Z+0x26f9,OgreMain.dll,6,0.0432,13887,20.0
fourteam_move_prefix,3420,MSVCR120.dll!floor,MSVCR120.dll,6,0.0432,13887,20.0
fourteam_move_prefix,3420,OgreMain.dll!?acceptVisitorGrouped@QueuedRenderableCollection@Ogre@@IBEXPAVQueuedRenderableVisitor@2@@Z+0x6b,OgreMain.dll,6,0.0432,13887,20.0
fourteam_move_prefix,3420,ntdll.dll!_RtlAnsiCharToUnicodeChar@4+0x9d,ntdll.dll,6,0.0432,13887,20.0
fourteam_move_prefix,3420,d3d11.dll!CreateDirect3D11DeviceFromDXGIDevice+0xbae56,d3d11.dll,6,0.0432,13887,20.0
fourteam_move_prefix,3420,d3d11.dll!CreateDirect3D11DeviceFromDXGIDevice+0xa2171,d3d11.dll,6,0.0432,13887,20.0
fourteam_move_prefix,3420,ntdll.dll!_RtlAnsiCharToUnicodeChar@4+0x84,ntdll.dll,6,0.0432,13887,20.0
fourteam_move_prefix,3420,d3d11.dll!CreateDirect3D11DeviceFromDXGIDevice+0xbae48,d3d11.dll,6,0.0432,13887,20.0
fourteam_move_prefix,3420,OgreMain.dll!?getLightMask@MovableObject@Ogre@@UBEIXZ,OgreMain.dll,6,0.0432,13887,20.0
fourteam_move_prefix,3420,battlezone98redux.exe!sub_678950,battlezone98redux.exe,6,0.0432,13887,20.0
fourteam_move_prefix,3420,OgreMain.dll!?_updateAutoParams@GpuProgramParameters@Ogre@@QAEXPBVAutoParamDataSource@2@G@Z+0x1e5c,OgreMain.dll,6,0.0432,13887,20.0
fourteam_move_prefix,3420,battlezone98redux.exe!sub_5fb770,battlezone98redux.exe,6,0.0432,13887,20.0
fourteam_move_prefix,3420,nvwgf2um.dll!OpenAdapter10+0x72b10,nvwgf2um.dll,6,0.0432,13887,20.0
fourteam_move_prefix,3420,OgreMain.dll!?getBoundingBox@Entity@Ogre@@UBEABVAxisAlignedBox@2@XZ+0x3d,OgreMain.dll,6,0.0432,13887,20.0
fourteam_move_prefix,3420,OgreMain.dll!?isTransparentSortingForced@Technique@Ogre@@QBE_NXZ+0x2,OgreMain.dll,6,0.0432,13887,20.0
fourteam_move_prefix,3420,OgreMain.dll!?_populateLightList@SceneManager@Ogre@@UAEXABVVector3@2@MAAV?$HashedVector@PAVLight@Ogre@@@2@I@Z+0x140,OgreMain.dll,6,0.0432,13887,20.0
fourteam_move_prefix,3420,OgreMain.dll!?getValue@LodStrategy@Ogre@@QBEMPBVMovableObject@2@PBVCamera@2@@Z+0xe,OgreMain.dll,6,0.0432,13887,20.0
fourteam_move_prefix,3420,battlezone98redux.exe!sub_686600,battlezone98redux.exe,6,0.0432,13887,20.0
fourteam_move_prefix,3420,battlezone98redux.exe!sub_462450,battlezone98redux.exe,6,0.0432,13887,20.0
fourteam_move_prefix,3420,OgreMain.dll!?_findNamedConstantDefinition@GpuProgramParameters@Ogre@@QBEPBUGpuConstantDefinition@2@ABV?$basic_string@DU?$char_traits@D@std@@V?$allocator@D@2@@std@@_N@Z+0x107,OgreMain.dll,6,0.0432,13887,20.0
fourteam_move_prefix,3420,OgreMain.dll!?angleBetween@Vector3@Ogre@@QBE?AVRadian@2@ABV12@@Z+0xc2,OgreMain.dll,6,0.0432,13887,20.0
fourteam_move_prefix,3420,OgreMain.dll!?isInLightRange@Light@Ogre@@QBE_NABVSphere@2@@Z+0x6,OgreMain.dll,6,0.0432,13887,20.0
fourteam_move_prefix,3420,OgreMain.dll!?_writeRawConstant@GpuProgramParameters@Ogre@@QAEXIABVVector4@2@I@Z+0x1a,OgreMain.dll,6,0.0432,13887,20.0
fourteam_move_prefix,3420,nvwgf2um.dll!OpenAdapter10+0x71b00,nvwgf2um.dll,6,0.0432,13887,20.0
fourteam_move_prefix,3420,battlezone98redux.exe!sub_462590,battlezone98redux.exe,6,0.0432,13887,20.0
fourteam_move_prefix,3420,d3d11.dll+0x27012,d3d11.dll,6,0.0432,13887,20.0
fourteam_move_prefix,3420,OgreMain.dll!?updateAnimation@Entity@Ogre@@IAEXXZ+0x10f,OgreMain.dll,6,0.0432,13887,20.0
fourteam_move_prefix,3420,OgreMain.dll!?_populateLightList@SceneManager@Ogre@@UAEXABVVector3@2@MAAV?$HashedVector@PAVLight@Ogre@@@2@I@Z+0x136,OgreMain.dll,6,0.0432,13887,20.0
fourteam_move_prefix,3420,OgreMain.dll!?_findNamedConstantDefinition@GpuProgramParameters@Ogre@@QBEPBUGpuConstantDefinition@2@ABV?$basic_string@DU?$char_traits@D@std@@V?$allocator@D@2@@std@@_N@Z+0x1e,OgreMain.dll,6,0.0432,13887,20.0
fourteam_move_prefix,3420,battlezone98redux.exe!sub_445d90,battlezone98redux.exe,6,0.0432,13887,20.0
fourteam_move_prefix,3420,OgreMain.dll!?getShadowsEnabled@Viewport@Ogre@@QBE_NXZ+0x3,OgreMain.dll,6,0.0432,13887,20.0
fourteam_move_prefix,3420,OgreMain.dll!?isInLightRange@Light@Ogre@@QBE_NABVSphere@2@@Z+0x161,OgreMain.dll,6,0.0432,13887,20.0
fourteam_move_prefix,3420,OgreMain.dll!?isInLightRange@Light@Ogre@@QBE_NABVSphere@2@@Z+0x130,OgreMain.dll,6,0.0432,13887,20.0
fourteam_move_prefix,3420,battlezone98redux.exe!sub_5c1b30,battlezone98redux.exe,6,0.0432,13887,20.0
fourteam_move_prefix,3420,OgreMain.dll!?_getRenderOperation@SubMesh@Ogre@@QAEXAAVRenderOperation@2@G@Z+0x37,OgreMain.dll,6,0.0432,13887,20.0
fourteam_move_prefix,3420,battlezone98redux.exe!FID_conflict:operator!=,battlezone98redux.exe,6,0.0432,13887,20.0
fourteam_move_prefix,3420,OgreMain.dll!?_updateAutoParams@GpuProgramParameters@Ogre@@QAEXPBVAutoParamDataSource@2@G@Z+0x1c32,OgreMain.dll,6,0.0432,13887,20.0
fourteam_move_prefix,3420,OgreMain.dll!?_writeRawConstants@GpuProgramParameters@Ogre@@QAEXIPBMI@Z+0x1c,OgreMain.dll,6,0.0432,13887,20.0
fourteam_move_prefix,3420,OgreMain.dll!?isVisible@Frustum@Ogre@@UBE_NABVAxisAlignedBox@2@PAW4FrustumPlane@2@@Z+0xb0,OgreMain.dll,6,0.0432,13887,20.0
fourteam_move_prefix,3420,d3d11.dll+0x30d49,d3d11.dll,6,0.0432,13887,20.0
fourteam_move_prefix,3420,OgreMain.dll+0x29afa,OgreMain.dll,6,0.0432,13887,20.0
fourteam_move_prefix,3420,OgreMain.dll!?updateView@Frustum@Ogre@@MBEXXZ+0x1d,OgreMain.dll,6,0.0432,13887,20.0
fourteam_move_prefix,3420,OgreMain.dll+0x33460,OgreMain.dll,6,0.0432,13887,20.0
fourteam_move_prefix,3420,d3d11.dll+0x35ebb,d3d11.dll,6,0.0432,13887,20.0
fourteam_move_prefix,3420,OgreMain.dll!??4GpuSharedParametersUsage@Ogre@@QAEAAV01@ABV01@@Z+0x278f,OgreMain.dll,6,0.0432,13887,20.0
fourteam_move_prefix,3420,OgreMain.dll!?_updateBounds@SceneNode@Ogre@@UAEXXZ+0x249,OgreMain.dll,6,0.0432,13887,20.0
fourteam_move_prefix,3420,battlezone98redux.exe!sub_4a08e0,battlezone98redux.exe,6,0.0432,13887,20.0
fourteam_move_prefix,3420,OgreMain.dll!?clone@Animation@Ogre@@QBEPAV12@ABV?$basic_string@DU?$char_traits@D@std@@V?$allocator@D@2@@std@@@Z+0x2e2,OgreMain.dll,6,0.0432,13887,20.0
fourteam_move_prefix,3420,MSVCR120.dll!__libm_sse2_acosf+0x124,MSVCR120.dll,6,0.0432,13887,20.0
fourteam_move_prefix,3420,OgreMain.dll!?waitForNextRequest@DefaultWorkQueue@Ogre@@MAEXXZ+0x11ce5e,OgreMain.dll,6,0.0432,13887,20.0
fourteam_move_prefix,3420,battlezone98redux.exe!sub_45bbc0,battlezone98redux.exe,6,0.0432,13887,20.0
fourteam_move_prefix,3420,win32u.dll!_NtNotifyPresentToCompositionSurface@8+0xc,win32u.dll,6,0.0432,13887,20.0
fourteam_move_prefix,3420,OgreMain.dll!?RealEqual@Math@Ogre@@SA_NMMM@Z+0x19,OgreMain.dll,6,0.0432,13887,20.0
fourteam_move_prefix,3420,battlezone98redux.exe!sub_45c490,battlezone98redux.exe,6,0.0432,13887,20.0
fourteam_move_prefix,3420,MSVCR120.dll!__libm_sse2_asinf+0x23c,MSVCR120.dll,6,0.0432,13887,20.0
fourteam_move_prefix,3420,RenderSystem_Direct3D11.dll+0x5970,RenderSystem_Direct3D11.dll,6,0.0432,13887,20.0
fourteam_move_prefix,3420,OgreMain.dll!?isFloat@GpuConstantDefinition@Ogre@@SA_NW4GpuConstantType@2@@Z,OgreMain.dll,6,0.0432,13887,20.0
fourteam_move_prefix,3420,ntdll.dll!__woutput_l+0x884,ntdll.dll,6,0.0432,13887,20.0
fourteam_move_prefix,3420,nvwgf2um.dll!NVENCODEAPI_Thunk+0x217c8f,nvwgf2um.dll,6,0.0432,13887,20.0
fourteam_move_prefix,3420,nvwgf2um.dll!OpenAdapter10+0x74e5c,nvwgf2um.dll,6,0.0432,13887,20.0
fourteam_move_prefix,3420,OgreMain.dll!?_detectImplementation@OptimisedUtil@Ogre@@KAPAV12@XZ+0x459c,OgreMain.dll,6,0.0432,13887,20.0
fourteam_move_prefix,3420,RenderSystem_Direct3D11.dll!?_render@D3D11RenderSystem@Ogre@@UAEXABVRenderOperation@2@@Z+0x9a,RenderSystem_Direct3D11.dll,6,0.0432,13887,20.0
fourteam_move_prefix,3420,MSVCR120.dll!__libm_sse2_acosf+0x1f1,MSVCR120.dll,6,0.0432,13887,20.0
fourteam_move_prefix,3420,battlezone98redux.exe!sub_46ad30,battlezone98redux.exe,6,0.0432,13887,20.0
fourteam_move_prefix,3420,MSVCR120.dll!__libm_sse2_asinf+0x9c,MSVCR120.dll,6,0.0432,13887,20.0
fourteam_move_prefix,3420,MSVCR120.dll!__libm_sse2_acosf+0xc4,MSVCR120.dll,6,0.0432,13887,20.0
fourteam_move_prefix,3420,battlezone98redux.exe!sub_421ec0,battlezone98redux.exe,6,0.0432,13887,20.0
fourteam_move_prefix,3420,USER32.dll!GetNextDlgTabItem+0x538,USER32.dll,6,0.0432,13887,20.0
fourteam_move_prefix,3420,OgreMain.dll!?_notifyCurrentCamera@Entity@Ogre@@UAEXPAVCamera@2@@Z+0x107,OgreMain.dll,5,0.036,13887,20.0
fourteam_move_prefix,3420,battlezone98redux.exe!sub_49b1f0,battlezone98redux.exe,5,0.036,13887,20.0
fourteam_move_prefix,3420,OgreMain.dll+0x41fb,OgreMain.dll,5,0.036,13887,20.0
fourteam_move_prefix,3420,ntdll.dll!_mbtowc+0xa,ntdll.dll,5,0.036,13887,20.0
fourteam_move_prefix,3420,ntdll.dll!_RtlMultiByteToUnicodeN@20+0x23,ntdll.dll,5,0.036,13887,20.0
fourteam_move_prefix,3420,d3d11.dll!CreateDirect3D11DeviceFromDXGIDevice+0xbc550,d3d11.dll,5,0.036,13887,20.0
fourteam_move_prefix,3420,OgreMain.dll!?getViewMatrix@AutoParamDataSource@Ogre@@UBEABVMatrix4@2@XZ+0x7c,OgreMain.dll,5,0.036,13887,20.0
fourteam_move_prefix,3420,RenderSystem_Direct3D11.dll!?_render@D3D11RenderSystem@Ogre@@UAEXABVRenderOperation@2@@Z+0x1831,RenderSystem_Direct3D11.dll,5,0.036,13887,20.0
fourteam_move_prefix,3420,OgreMain.dll!?isInLightRange@Light@Ogre@@QBE_NABVSphere@2@@Z+0x2b,OgreMain.dll,5,0.036,13887,20.0
fourteam_move_prefix,3420,battlezone98redux.exe!sub_4462d0,battlezone98redux.exe,5,0.036,13887,20.0
fourteam_move_prefix,3420,ntdll.dll!_mbtowc+0x36,ntdll.dll,5,0.036,13887,20.0
fourteam_move_prefix,3420,battlezone98redux.exe!sub_591670,battlezone98redux.exe,5,0.036,13887,20.0
fourteam_move_prefix,3420,OgreMain.dll!?getViewMatrix@Frustum@Ogre@@UBEABVMatrix4@2@XZ+0x5,OgreMain.dll,5,0.036,13887,20.0
fourteam_move_prefix,3420,OgreMain.dll!?_updateAutoParams@GpuProgramParameters@Ogre@@QAEXPBVAutoParamDataSource@2@G@Z+0x14,OgreMain.dll,5,0.036,13887,20.0
fourteam_move_prefix,3420,OgreMain.dll!?_notifyCurrentCamera@Entity@Ogre@@UAEXPAVCamera@2@@Z+0x111,OgreMain.dll,5,0.036,13887,20.0
fourteam_move_prefix,3420,nvwgf2um.dll!OpenAdapter10+0x74e61,nvwgf2um.dll,5,0.036,13887,20.0
fourteam_move_prefix,3420,ntdll.dll!write_char+0x3e,ntdll.dll,5,0.036,13887,20.0
fourteam_move_prefix,3420,OgreMain.dll!??4GpuSharedParametersUsage@Ogre@@QAEAAV01@ABV01@@Z+0x2758,OgreMain.dll,5,0.036,13887,20.0
fourteam_move_prefix,3420,d3d11.dll!CreateDirect3D11DeviceFromDXGIDevice+0xa2061,d3d11.dll,5,0.036,13887,20.0
fourteam_move_prefix,3420,MSVCR120.dll!__libm_sse2_asinf+0x30,MSVCR120.dll,5,0.036,13887,20.0
fourteam_move_prefix,3420,battlezone98redux.exe!sub_4db100,battlezone98redux.exe,5,0.036,13887,20.0
fourteam_move_prefix,3420,OgreMain.dll!?_getCurrentSceneManager@Root@Ogre@@QBEPAVSceneManager@2@XZ+0x4d,OgreMain.dll,5,0.036,13887,20.0
fourteam_move_prefix,3420,battlezone98redux.exe!sub_5c19d0,battlezone98redux.exe,5,0.036,13887,20.0
fourteam_move_prefix,3420,d3d11.dll+0x27051,d3d11.dll,5,0.036,13887,20.0
fourteam_move_prefix,3420,OgreMain.dll!?isInLightRange@Light@Ogre@@QBE_NABVSphere@2@@Z+0x7e,OgreMain.dll,5,0.036,13887,20.0
fourteam_move_prefix,3420,OgreMain.dll!?_findNamedConstantDefinition@GpuProgramParameters@Ogre@@QBEPBUGpuConstantDefinition@2@ABV?$basic_string@DU?$char_traits@D@std@@V?$allocator@D@2@@std@@_N@Z+0x1a9,OgreMain.dll,5,0.036,13887,20.0
fourteam_move_prefix,3420,OgreMain.dll!?isFloat@GpuConstantDefinition@Ogre@@SA_NW4GpuConstantType@2@@Z+0x6,OgreMain.dll,5,0.036,13887,20.0
fourteam_move_prefix,3420,OgreMain.dll+0x2a95,OgreMain.dll,5,0.036,13887,20.0
fourteam_move_prefix,3420,ntdll.dll!write_char+0x3b,ntdll.dll,5,0.036,13887,20.0
fourteam_move_prefix,3420,OgreMain.dll!?merge@RenderPriorityGroup@Ogre@@QAEXPBV12@@Z+0xfb,OgreMain.dll,5,0.036,13887,20.0
fourteam_move_prefix,3420,battlezone98redux.exe!sub_77d660,battlezone98redux.exe,5,0.036,13887,20.0
fourteam_move_prefix,3420,OgreMain.dll!?touchVertexBufferCopy@HardwareBufferManagerBase@Ogre@@UAEXABVHardwareVertexBufferSharedPtr@2@@Z+0x8a,OgreMain.dll,5,0.036,13887,20.0
fourteam_move_prefix,3420,RenderSystem_Direct3D11.dll!?getILayoutByShader@D3D11VertexDeclaration@Ogre@@IAEPAUID3D11InputLayout@@PAVD3D11HLSLProgram@2@PAVVertexBufferBinding@2@@Z+0x47,RenderSystem_Direct3D11.dll,5,0.036,13887,20.0
fourteam_move_prefix,3420,OgreMain.dll!?isVisible@ShadowRenderable@Ogre@@UBE_NXZ+0x25a,OgreMain.dll,5,0.036,13887,20.0
fourteam_move_prefix,3420,OgreMain.dll!?createTechnique@Material@Ogre@@QAEPAVTechnique@2@XZ+0xb03,OgreMain.dll,5,0.036,13887,20.0
fourteam_move_prefix,3420,ntdll.dll!_memmove+0x35,ntdll.dll,5,0.036,13887,20.0
fourteam_move_prefix,3420,OgreMain.dll!?_getRenderOperation@SubMesh@Ogre@@QAEXAAVRenderOperation@2@G@Z+0x2c,OgreMain.dll,5,0.036,13887,20.0
fourteam_move_prefix,3420,ntdll.dll!__output_l+0x328,ntdll.dll,5,0.036,13887,20.0
fourteam_move_prefix,3420,battlezone98redux.exe!sub_44efb0,battlezone98redux.exe,5,0.036,13887,20.0
fourteam_move_prefix,3420,OgreMain.dll!?_updateAutoParams@GpuProgramParameters@Ogre@@QAEXPBVAutoParamDataSource@2@G@Z+0x1c02,OgreMain.dll,5,0.036,13887,20.0
fourteam_move_prefix,3420,OgreMain.dll!??RlightLess@SceneManager@Ogre@@QBE_NPBVLight@2@0@Z+0x6,OgreMain.dll,5,0.036,13887,20.0
fourteam_move_prefix,3420,OgreMain.dll!?_updateAutoParams@GpuProgramParameters@Ogre@@QAEXPBVAutoParamDataSource@2@G@Z+0x1246,OgreMain.dll,5,0.036,13887,20.0
fourteam_move_prefix,3420,MSVCR120.dll!floor+0x10,MSVCR120.dll,5,0.036,13887,20.0
fourteam_move_prefix,3420,battlezone98redux.exe!sub_5b2bd0,battlezone98redux.exe,5,0.036,13887,20.0
fourteam_move_prefix,3420,battlezone98redux.exe!sub_5e0f70,battlezone98redux.exe,5,0.036,13887,20.0
fourteam_move_prefix,3420,battlezone98redux.exe!sub_443370,battlezone98redux.exe,5,0.036,13887,20.0
fourteam_move_prefix,3420,ntdll.dll!_RtlAnsiCharToUnicodeChar@4+0x4e,ntdll.dll,5,0.036,13887,20.0
fourteam_move_prefix,3420,nvwgf2um.dll!NVENCODEAPI_Thunk+0x217c95,nvwgf2um.dll,5,0.036,13887,20.0
fourteam_move_prefix,3420,ntdll.dll!_ZwQueryInformationProcess@20+0x26,ntdll.dll,5,0.036,13887,20.0
fourteam_move_prefix,3420,ntdll.dll!_RtlpLocalInfoAllocFromCache@8+0x28,ntdll.dll,5,0.036,13887,20.0
fourteam_move_prefix,3420,d3d11.dll+0x30d63,d3d11.dll,5,0.036,13887,20.0
fourteam_move_prefix,3420,RenderSystem_Direct3D11.dll!?getMonitorSequentialNumberFromSwapChain@MonitorInfo@Ogre@@QAEGPAUIDXGISwapChain@@_N@Z+0x2ac1,RenderSystem_Direct3D11.dll,5,0.036,13887,20.0
fourteam_move_prefix,3420,OgreMain.dll!??4GpuSharedParametersUsage@Ogre@@QAEAAV01@ABV01@@Z+0x2785,OgreMain.dll,5,0.036,13887,20.0
fourteam_move_prefix,3420,ntdll.dll!_RtlpIsUtf8Process@4+0x3,ntdll.dll,5,0.036,13887,20.0
fourteam_move_prefix,3420,OgreMain.dll!?isHardwareAnimationEnabled@Entity@Ogre@@QAE_NXZ+0x7,OgreMain.dll,5,0.036,13887,20.0
fourteam_move_prefix,3420,OgreMain.dll!?RealEqual@Math@Ogre@@SA_NMMM@Z+0x3,OgreMain.dll,5,0.036,13887,20.0
fourteam_move_prefix,3420,OgreMain.dll!?angleBetween@Vector3@Ogre@@QBE?AVRadian@2@ABV12@@Z+0x4d,OgreMain.dll,5,0.036,13887,20.0
fourteam_move_prefix,3420,d3d11.dll!CreateDirect3D11DeviceFromDXGIDevice+0x9da45,d3d11.dll,5,0.036,13887,20.0
fourteam_move_prefix,3420,OgreMain.dll!?getChildObjectsBoundingBox@Entity@Ogre@@QBE?AVAxisAlignedBox@2@XZ+0xfa,OgreMain.dll,5,0.036,13887,20.0
fourteam_move_prefix,3420,battlezone98redux.exe!sub_601730,battlezone98redux.exe,5,0.036,13887,20.0
fourteam_move_prefix,3420,battlezone98redux.exe!sub_784000,battlezone98redux.exe,5,0.036,13887,20.0
fourteam_move_prefix,3420,OgreMain.dll!?_findVisibleObjects@SceneNode@Ogre@@UAEXPAVCamera@2@PAVRenderQueue@2@PAUVisibleObjectsBoundsInfo@2@_N33@Z+0x53,OgreMain.dll,5,0.036,13887,20.0
fourteam_move_prefix,3420,OgreMain.dll!?getWorldViewMatrix@AutoParamDataSource@Ogre@@UBEABVMatrix4@2@XZ+0x22f,OgreMain.dll,5,0.036,13887,20.0
fourteam_move_prefix,3420,d3d11.dll!CreateDirect3D11DeviceFromDXGIDevice+0x603ff,d3d11.dll,5,0.036,13887,20.0
fourteam_move_prefix,3420,OgreMain.dll+0x305d5,OgreMain.dll,5,0.036,13887,20.0
fourteam_move_prefix,3420,ntdll.dll!_LdrpFindLoadedDllByNameLockHeld@20+0x45,ntdll.dll,5,0.036,13887,20.0
fourteam_move_prefix,3420,ntdll.dll!__woutput_l+0x4d9,ntdll.dll,5,0.036,13887,20.0
fourteam_move_prefix,3420,OgreMain.dll!?_updateAutoParams@GpuProgramParameters@Ogre@@QAEXPBVAutoParamDataSource@2@G@Z+0x1bee,OgreMain.dll,5,0.036,13887,20.0
fourteam_move_prefix,3420,OgreMain.dll!?getValueImpl@DistanceLodStrategyBase@Ogre@@MBEMPBVMovableObject@2@PBVCamera@2@@Z+0x9d,OgreMain.dll,5,0.036,13887,20.0
fourteam_move_prefix,3420,OgreMain.dll!?ASin@Math@Ogre@@SA?AVRadian@2@M@Z+0x11,OgreMain.dll,5,0.036,13887,20.0
fourteam_move_prefix,3420,OgreMain.dll!?_findNamedConstantDefinition@GpuProgramParameters@Ogre@@QBEPBUGpuConstantDefinition@2@ABV?$basic_string@DU?$char_traits@D@std@@V?$allocator@D@2@@std@@_N@Z+0x3f,OgreMain.dll,5,0.036,13887,20.0
fourteam_move_prefix,3420,battlezone98redux.exe!sub_678cd0,battlezone98redux.exe,5,0.036,13887,20.0
fourteam_move_prefix,3420,battlezone98redux.exe!sub_447ed0,battlezone98redux.exe,5,0.036,13887,20.0
fourteam_move_prefix,3420,OgreMain.dll!?getLight@AutoParamDataSource@Ogre@@IBEABVLight@2@I@Z+0x1,OgreMain.dll,5,0.036,13887,20.0
fourteam_move_prefix,3420,ntdll.dll!_RtlpFreeNTHeapInternal@12+0x2ed,ntdll.dll,5,0.036,13887,20.0
fourteam_move_prefix,3420,OgreMain.dll!?_populateLightList@SceneManager@Ogre@@UAEXABVVector3@2@MAAV?$HashedVector@PAVLight@Ogre@@@2@I@Z+0xb5,OgreMain.dll,5,0.036,13887,20.0
fourteam_move_prefix,3420,RenderSystem_Direct3D11.dll!?uninstall@D3D11Plugin@Ogre@@UAEXXZ+0x50e2,RenderSystem_Direct3D11.dll,5,0.036,13887,20.0
fourteam_move_prefix,3420,OgreMain.dll!?getRenderOperation@SubEntity@Ogre@@UAEXAAVRenderOperation@2@@Z+0x17,OgreMain.dll,5,0.036,13887,20.0
fourteam_move_prefix,3420,OgreMain.dll!?getViewMatrix@AutoParamDataSource@Ogre@@UBEABVMatrix4@2@XZ+0xf6,OgreMain.dll,5,0.036,13887,20.0
fourteam_move_prefix,3420,OgreMain.dll!?renderSingleObject@SceneManager@Ogre@@MAEXPAVRenderable@2@PBVPass@2@_N2PBV?$HashedVector@PAVLight@Ogre@@@2@@Z+0x1b7,OgreMain.dll,5,0.036,13887,20.0
fourteam_move_prefix,3420,OgreMain.dll!?_calcTempSquareDist@Light@Ogre@@QAEXABVVector3@2@@Z+0x25,OgreMain.dll,5,0.036,13887,20.0
fourteam_move_prefix,3420,OgreMain.dll+0x1e6a,OgreMain.dll,5,0.036,13887,20.0
fourteam_move_prefix,3420,OgreMain.dll!?_updateAutoParams@GpuProgramParameters@Ogre@@QAEXPBVAutoParamDataSource@2@G@Z+0x84,OgreMain.dll,5,0.036,13887,20.0
fourteam_move_prefix,3420,OgreMain.dll+0x6b22,OgreMain.dll,5,0.036,13887,20.0
fourteam_move_prefix,3420,OgreMain.dll!?addRenderable@RenderPriorityGroup@Ogre@@QAEXPAVRenderable@2@PAVTechnique@2@@Z+0x7,OgreMain.dll,5,0.036,13887,20.0
fourteam_move_prefix,3420,battlezone98redux.exe!sub_466290,battlezone98redux.exe,5,0.036,13887,20.0
fourteam_move_prefix,3420,OgreMain.dll!?getLightSpecularColourWithPower@AutoParamDataSource@Ogre@@UBE?BVColourValue@2@I@Z,OgreMain.dll,5,0.036,13887,20.0
fourteam_move_prefix,3420,MSVCR120.dll!memcpy+0x14,MSVCR120.dll,5,0.036,13887,20.0
fourteam_move_prefix,3420,OgreMain.dll!?getTextureUnitStateIterator@Pass@Ogre@@QBE?AV?$ConstVectorIterator@V?$vector@PAVTextureUnitState@Ogre@@V?$STLAllocator@PAVTextureUnitState@Ogre@@V?$CategorisedAllocPolicy@$0A@@2@@2@@std@@@2@XZ+0x1a,OgreMain.dll,5,0.036,13887,20.0
fourteam_move_prefix,3420,OgreMain.dll!?_updateAutoParams@GpuProgramParameters@Ogre@@QAEXPBVAutoParamDataSource@2@G@Z+0x2031,OgreMain.dll,5,0.036,13887,20.0
fourteam_move_prefix,3420,d3d11.dll!CreateDirect3D11DeviceFromDXGIDevice+0xbc53d,d3d11.dll,5,0.036,13887,20.0
fourteam_move_prefix,3420,MSVCR120.dll!__libm_sse2_asinf+0x1db,MSVCR120.dll,5,0.036,13887,20.0
fourteam_move_prefix,3420,OgreMain.dll!??4GpuSharedParametersUsage@Ogre@@QAEAAV01@ABV01@@Z+0x2749,OgreMain.dll,5,0.036,13887,20.0
fourteam_move_prefix,3420,d3d11.dll!CreateDirect3D11DeviceFromDXGIDevice+0x9d960,d3d11.dll,5,0.036,13887,20.0
fourteam_move_prefix,3420,battlezone98redux.exe!sub_601250,battlezone98redux.exe,5,0.036,13887,20.0
fourteam_move_prefix,3420,OgreMain.dll!?getSide@Plane@Ogre@@QBE?AW4Side@12@ABVVector3@2@0@Z+0x11,OgreMain.dll,5,0.036,13887,20.0
fourteam_move_prefix,3420,OgreMain.dll!?getSide@Plane@Ogre@@QBE?AW4Side@12@ABVVector3@2@0@Z+0x6f,OgreMain.dll,5,0.036,13887,20.0
fourteam_move_prefix,3420,OgreMain.dll!??4GpuSharedParametersUsage@Ogre@@QAEAAV01@ABV01@@Z+0x2723,OgreMain.dll,5,0.036,13887,20.0
fourteam_move_prefix,3420,OgreMain.dll!?_updateAutoParams@Pass@Ogre@@QBEXPBVAutoParamDataSource@2@G@Z+0x11c,OgreMain.dll,5,0.036,13887,20.0
fourteam_move_prefix,3420,OgreMain.dll!??4GpuSharedParametersUsage@Ogre@@QAEAAV01@ABV01@@Z+0x2764,OgreMain.dll,5,0.036,13887,20.0
fourteam_move_prefix,3420,OgreMain.dll+0x2f8e2,OgreMain.dll,4,0.0288,13887,20.0
fourteam_move_prefix,3420,ntdll.dll!_ZwRemoveIoCompletion@20+0xc,ntdll.dll,4,0.0288,13887,20.0
fourteam_move_prefix,3420,OgreMain.dll!?renderSingleObject@SceneManager@Ogre@@MAEXPAVRenderable@2@PBVPass@2@_N2PBV?$HashedVector@PAVLight@Ogre@@@2@@Z+0x37,OgreMain.dll,4,0.0288,13887,20.0
fourteam_move_prefix,3420,ntdll.dll!_RtlpCompareActivationContextStringSectionEntryByPseudoKey+0xf,ntdll.dll,4,0.0288,13887,20.0
fourteam_move_prefix,3420,OgreMain.dll!?createTechnique@Material@Ogre@@QAEPAVTechnique@2@XZ+0xb1b,OgreMain.dll,4,0.0288,13887,20.0
fourteam_move_prefix,3420,OgreMain.dll!?getLightAttenuation@AutoParamDataSource@Ogre@@UBE?AVVector4@2@I@Z+0x2f,OgreMain.dll,4,0.0288,13887,20.0
fourteam_move_prefix,3420,OgreMain.dll!?isTransparent@Technique@Ogre@@QBE_NXZ+0x2,OgreMain.dll,4,0.0288,13887,20.0
fourteam_move_prefix,3420,MSVCR120.dll!??2@YAPAXI@Z+0xbd,MSVCR120.dll,4,0.0288,13887,20.0
fourteam_move_prefix,3420,d3d11.dll!CreateDirect3D11DeviceFromDXGIDevice+0x603c0,d3d11.dll,4,0.0288,13887,20.0
fourteam_move_prefix,3420,battlezone98redux.exe!sub_46eaf0,battlezone98redux.exe,4,0.0288,13887,20.0
fourteam_move_prefix,3420,OgreMain.dll!??4GpuSharedParametersUsage@Ogre@@QAEAAV01@ABV01@@Z+0x275a,OgreMain.dll,4,0.0288,13887,20.0
fourteam_move_prefix,3420,OgreMain.dll!?getBestTechnique@Material@Ogre@@QAEPAVTechnique@2@GPBVRenderable@2@@Z+0x8b,OgreMain.dll,4,0.0288,13887,20.0
fourteam_move_prefix,3420,nvwgf2um.dll!OpenAdapter10+0x7202d,nvwgf2um.dll,4,0.0288,13887,20.0
fourteam_move_prefix,3420,d3d11.dll+0x30d77,d3d11.dll,4,0.0288,13887,20.0
fourteam_move_prefix,3420,ntdll.dll!__woutput_l+0x103,ntdll.dll,4,0.0288,13887,20.0
fourteam_move_prefix,3420,ntdll.dll!_RtlMultiByteToUnicodeN@20+0x13,ntdll.dll,4,0.0288,13887,20.0
fourteam_move_prefix,3420,OgreMain.dll!?setCurrentLightList@AutoParamDataSource@Ogre@@UAEXPBV?$HashedVector@PAVLight@Ogre@@@2@@Z+0x3e,OgreMain.dll,4,0.0288,13887,20.0
fourteam_move_prefix,3420,ntdll.dll!_RtlAnsiCharToUnicodeChar@4,ntdll.dll,4,0.0288,13887,20.0
fourteam_move_prefix,3420,d3d11.dll+0x35ea9,d3d11.dll,4,0.0288,13887,20.0
fourteam_move_prefix,3420,OgreMain.dll+0x3365e,OgreMain.dll,4,0.0288,13887,20.0
fourteam_move_prefix,3420,OgreMain.dll!?ASin@Math@Ogre@@SA?AVRadian@2@M@Z+0x1,OgreMain.dll,4,0.0288,13887,20.0
fourteam_move_prefix,3420,RenderSystem_Direct3D11.dll!?getMonitorSequentialNumberFromSwapChain@MonitorInfo@Ogre@@QAEGPAUIDXGISwapChain@@_N@Z+0x1244,RenderSystem_Direct3D11.dll,4,0.0288,13887,20.0
fourteam_move_prefix,3420,battlezone98redux.exe!sub_46ae20,battlezone98redux.exe,4,0.0288,13887,20.0
fourteam_move_prefix,3420,OgreMain.dll!?_findNamedConstantDefinition@GpuProgramParameters@Ogre@@QBEPBUGpuConstantDefinition@2@ABV?$basic_string@DU?$char_traits@D@std@@V?$allocator@D@2@@std@@_N@Z+0x3,OgreMain.dll,4,0.0288,13887,20.0
fourteam_move_prefix,3420,ntdll.dll!RtlWow64EnableFsRedirectionEx+0x4f,ntdll.dll,4,0.0288,13887,20.0
fourteam_move_prefix,3420,OgreMain.dll!?getSide@Plane@Ogre@@QBE?AW4Side@12@ABVVector3@2@0@Z+0x67,OgreMain.dll,4,0.0288,13887,20.0
fourteam_move_prefix,3420,OgreMain.dll+0x1d944,OgreMain.dll,4,0.0288,13887,20.0
fourteam_move_prefix,3420,OgreMain.dll!?isHardwareAnimationEnabled@Entity@Ogre@@QAE_NXZ+0x90,OgreMain.dll,4,0.0288,13887,20.0
fourteam_move_prefix,3420,OgreMain.dll+0x358af,OgreMain.dll,4,0.0288,13887,20.0
fourteam_move_prefix,3420,d3d11.dll!CreateDirect3D11DeviceFromDXGIDevice+0xa17a2,d3d11.dll,4,0.0288,13887,20.0
fourteam_move_prefix,3420,OgreMain.dll!?_updateAutoParams@GpuProgramParameters@Ogre@@QAEXPBVAutoParamDataSource@2@G@Z+0x1f08,OgreMain.dll,4,0.0288,13887,20.0
fourteam_move_prefix,3420,battlezone98redux.exe!sub_784dd0,battlezone98redux.exe,4,0.0288,13887,20.0
fourteam_move_prefix,3420,OgreMain.dll!?getAttenuationRange@Light@Ogre@@QBEMXZ+0x6,OgreMain.dll,4,0.0288,13887,20.0
fourteam_move_prefix,3420,OgreMain.dll!?getProjectionMatrix@AutoParamDataSource@Ogre@@UBEABVMatrix4@2@XZ+0x95,OgreMain.dll,4,0.0288,13887,20.0
fourteam_move_prefix,3420,battlezone98redux.exe!sub_5bc640,battlezone98redux.exe,4,0.0288,13887,20.0
fourteam_move_prefix,3420,RenderSystem_Direct3D11.dll!?getFormat@D3D11Mappings@Ogre@@SA?AW4DXGI_FORMAT@@W4IndexType@HardwareIndexBuffer@2@@Z+0x7,RenderSystem_Direct3D11.dll,4,0.0288,13887,20.0
fourteam_move_prefix,3420,OgreMain.dll!?getLight@AutoParamDataSource@Ogre@@IBEABVLight@2@I@Z+0x24,OgreMain.dll,4,0.0288,13887,20.0
fourteam_move_prefix,3420,OgreMain.dll!?isViewOutOfDate@Camera@Ogre@@MBE_NXZ+0x1,OgreMain.dll,4,0.0288,13887,20.0
fourteam_move_prefix,3420,OgreMain.dll!?isVisible@ShadowRenderable@Ogre@@UBE_NXZ+0x231,OgreMain.dll,4,0.0288,13887,20.0
fourteam_move_prefix,3420,RenderSystem_Direct3D11.dll!?_setTexture@D3D11RenderSystem@Ogre@@UAEXI_NABV?$SharedPtr@VTexture@Ogre@@@2@@Z+0xbb,RenderSystem_Direct3D11.dll,4,0.0288,13887,20.0
fourteam_move_prefix,3420,OgreMain.dll!?_setPass@SceneManager@Ogre@@UAEPBVPass@2@PBV32@_N1@Z+0x87d,OgreMain.dll,4,0.0288,13887,20.0
fourteam_move_prefix,3420,battlezone98redux.exe!sub_5faac0,battlezone98redux.exe,4,0.0288,13887,20.0
fourteam_move_prefix,3420,OgreMain.dll!?clone@Animation@Ogre@@QBEPAV12@ABV?$basic_string@DU?$char_traits@D@std@@V?$allocator@D@2@@std@@@Z+0x261,OgreMain.dll,4,0.0288,13887,20.0
fourteam_move_prefix,3420,OgreMain.dll!?touchVertexBufferCopy@HardwareBufferManagerBase@Ogre@@UAEXABVHardwareVertexBufferSharedPtr@2@@Z+0x4b,OgreMain.dll,4,0.0288,13887,20.0
fourteam_move_prefix,3420,OgreMain.dll!?getLight@AutoParamDataSource@Ogre@@IBEABVLight@2@I@Z+0x22,OgreMain.dll,4,0.0288,13887,20.0
fourteam_move_prefix,3420,OgreMain.dll!?angleBetween@Vector3@Ogre@@QBE?AVRadian@2@ABV12@@Z+0x58,OgreMain.dll,4,0.0288,13887,20.0
fourteam_move_prefix,3420,battlezone98redux.exe!sub_611610,battlezone98redux.exe,4,0.0288,13887,20.0
fourteam_move_prefix,3420,battlezone98redux.exe!sub_417780,battlezone98redux.exe,4,0.0288,13887,20.0
fourteam_move_prefix,3420,OgreMain.dll!??4GpuSharedParametersUsage@Ogre@@QAEAAV01@ABV01@@Z+0x2711,OgreMain.dll,4,0.0288,13887,20.0
fourteam_move_prefix,3420,OgreMain.dll!?updateView@Frustum@Ogre@@MBEXXZ+0xb,OgreMain.dll,4,0.0288,13887,20.0
fourteam_move_prefix,3420,ucrtbase.dll!_tolower,ucrtbase.dll,4,0.0288,13887,20.0
fourteam_move_prefix,3420,battlezone98redux.exe!sub_462470,battlezone98redux.exe,4,0.0288,13887,20.0
fourteam_move_prefix,3420,OgreMain.dll!?useLightsGpuProgram@SceneManager@Ogre@@MAEXPBVPass@2@PBV?$HashedVector@PAVLight@Ogre@@@2@@Z+0x55,OgreMain.dll,4,0.0288,13887,20.0
fourteam_move_prefix,3420,d3d11.dll+0x27029,d3d11.dll,4,0.0288,13887,20.0
fourteam_move_prefix,3420,OgreMain.dll!?ACos@Math@Ogre@@SA?AVRadian@2@M@Z,OgreMain.dll,4,0.0288,13887,20.0
fourteam_move_prefix,3420,OgreMain.dll!?_getParentNodeFullTransform@MovableObject@Ogre@@UBEABVMatrix4@2@XZ,OgreMain.dll,4,0.0288,13887,20.0
fourteam_move_prefix,3420,OgreMain.dll+0x15898,OgreMain.dll,4,0.0288,13887,20.0
fourteam_move_prefix,3420,RenderSystem_Direct3D11.dll+0x6582,RenderSystem_Direct3D11.dll,4,0.0288,13887,20.0
fourteam_move_prefix,3420,nvwgf2um.dll!SetDependencyInfo+0x4b1df,nvwgf2um.dll,4,0.0288,13887,20.0
fourteam_move_prefix,3420,OgreMain.dll!?ACos@Math@Ogre@@SA?AVRadian@2@M@Z+0xf,OgreMain.dll,4,0.0288,13887,20.0
fourteam_move_prefix,3420,MSVCR120.dll!memcpy+0xa,MSVCR120.dll,4,0.0288,13887,20.0
fourteam_move_prefix,3420,OgreMain.dll!?_updateAutoParams@GpuProgramParameters@Ogre@@QAEXPBVAutoParamDataSource@2@G@Z+0x125b,OgreMain.dll,4,0.0288,13887,20.0
fourteam_move_prefix,3420,d3d11.dll!CreateDirect3D11DeviceFromDXGIDevice+0xbc60d,d3d11.dll,4,0.0288,13887,20.0
fourteam_move_prefix,3420,MSVCR120.dll!wcschr+0xca,MSVCR120.dll,4,0.0288,13887,20.0
fourteam_move_prefix,3420,OgreMain.dll!??4GpuSharedParametersUsage@Ogre@@QAEAAV01@ABV01@@Z+0x2791,OgreMain.dll,4,0.0288,13887,20.0
fourteam_move_prefix,3420,OgreMain.dll!?isViewOutOfDate@Camera@Ogre@@MBE_NXZ+0x18d,OgreMain.dll,4,0.0288,13887,20.0
fourteam_move_prefix,3420,battlezone98redux.exe!sub_464f80,battlezone98redux.exe,4,0.0288,13887,20.0
fourteam_move_prefix,3420,OgreMain.dll!?getVertexDataForBinding@SubEntity@Ogre@@QAEPAVVertexData@2@XZ+0x2a,OgreMain.dll,4,0.0288,13887,20.0
fourteam_move_prefix,3420,RenderSystem_Direct3D11.dll!?getILayoutByShader@D3D11VertexDeclaration@Ogre@@IAEPAUID3D11InputLayout@@PAVD3D11HLSLProgram@2@PAVVertexBufferBinding@2@@Z+0x66,RenderSystem_Direct3D11.dll,4,0.0288,13887,20.0
fourteam_move_prefix,3420,OgreMain.dll!?getWorldViewProjMatrix@AutoParamDataSource@Ogre@@UBEABVMatrix4@2@XZ+0x1,OgreMain.dll,4,0.0288,13887,20.0
fourteam_move_prefix,3420,OgreMain.dll!?useLightsGpuProgram@SceneManager@Ogre@@MAEXPBVPass@2@PBV?$HashedVector@PAVLight@Ogre@@@2@@Z+0x8,OgreMain.dll,4,0.0288,13887,20.0
fourteam_move_prefix,3420,OgreMain.dll!?_notifyCurrentCamera@Entity@Ogre@@UAEXPAVCamera@2@@Z+0x1fa,OgreMain.dll,4,0.0288,13887,20.0
fourteam_move_prefix,3420,OgreMain.dll!?lock@HardwareBuffer@Ogre@@QAEPAXW4LockOptions@12@W4UploadOptions@12@@Z+0x8,OgreMain.dll,4,0.0288,13887,20.0
fourteam_move_prefix,3420,ntdll.dll!__woutput_l+0xe0,ntdll.dll,4,0.0288,13887,20.0
fourteam_move_prefix,3420,OgreMain.dll!?getVertexDataForBinding@SubEntity@Ogre@@QAEPAVVertexData@2@XZ+0x46,OgreMain.dll,4,0.0288,13887,20.0
fourteam_move_prefix,3420,OgreMain.dll!?_updateAutoParams@GpuProgramParameters@Ogre@@QAEXPBVAutoParamDataSource@2@G@Z+0x1b5b,OgreMain.dll,4,0.0288,13887,20.0
fourteam_move_prefix,3420,d3d11.dll!CreateDirect3D11DeviceFromDXGIDevice+0x9f8a0,d3d11.dll,4,0.0288,13887,20.0
fourteam_move_prefix,3420,WINMM.dll@6e1d0000!BZROpenShim::`anonymous namespace'::ProcessVisibleObjectHook+0x17,WINMM.dll@6e1d0000,4,0.0288,13887,20.0
fourteam_move_prefix,3420,OgreMain.dll!?isInLightRange@Light@Ogre@@QBE_NABVSphere@2@@Z+0x9f,OgreMain.dll,4,0.0288,13887,20.0
fourteam_move_prefix,3420,RenderSystem_Direct3D11.dll!??1D3D11RenderWindowSwapChainBased@Ogre@@UAE@XZ+0x40a,RenderSystem_Direct3D11.dll,4,0.0288,13887,20.0
fourteam_move_prefix,3420,OgreMain.dll+0x7e50,OgreMain.dll,4,0.0288,13887,20.0
fourteam_move_prefix,3420,battlezone98redux.exe!sub_4ae300,battlezone98redux.exe,4,0.0288,13887,20.0
fourteam_move_prefix,3420,OgreMain.dll!??1QueuedRenderableCollection@Ogre@@QAE@XZ+0xb16,OgreMain.dll,4,0.0288,13887,20.0
fourteam_move_prefix,3420,OgreMain.dll!?clone@Animation@Ogre@@QBEPAV12@ABV?$basic_string@DU?$char_traits@D@std@@V?$allocator@D@2@@std@@@Z+0x2c1,OgreMain.dll,4,0.0288,13887,20.0
fourteam_move_prefix,3420,battlezone98redux.exe!sub_442a90,battlezone98redux.exe,4,0.0288,13887,20.0
fourteam_move_prefix,3420,OgreMain.dll!?_getDerivedPosition@Node@Ogre@@UBEABVVector3@2@XZ+0x7,OgreMain.dll,4,0.0288,13887,20.0
fourteam_move_prefix,3420,ntdll.dll!_RtlMultiByteToUnicodeN@20+0x8,ntdll.dll,4,0.0288,13887,20.0
fourteam_move_prefix,3420,d3d11.dll!CreateDirect3D11DeviceFromDXGIDevice+0xa2163,d3d11.dll,4,0.0288,13887,20.0
fourteam_move_prefix,3420,OgreMain.dll!?inverseAffine@Matrix4@Ogre@@QBE?AV12@XZ+0x85,OgreMain.dll,4,0.0288,13887,20.0
fourteam_move_prefix,3420,OgreMain.dll!?_populateLightList@SceneManager@Ogre@@UAEXABVVector3@2@MAAV?$HashedVector@PAVLight@Ogre@@@2@I@Z+0xbd,OgreMain.dll,4,0.0288,13887,20.0
fourteam_move_prefix,3420,OgreMain.dll!?angleBetween@Vector3@Ogre@@QBE?AVRadian@2@ABV12@@Z+0x1,OgreMain.dll,4,0.0288,13887,20.0
fourteam_move_prefix,3420,OgreMain.dll!?isVisible@Frustum@Ogre@@UBE_NABVAxisAlignedBox@2@PAW4FrustumPlane@2@@Z+0x10,OgreMain.dll,4,0.0288,13887,20.0
fourteam_move_prefix,3420,d3d11.dll!CreateDirect3D11DeviceFromDXGIDevice+0xa3faa,d3d11.dll,4,0.0288,13887,20.0
fourteam_move_prefix,3420,OgreMain.dll!?isInLightRange@Light@Ogre@@QBE_NABVSphere@2@@Z+0x74,OgreMain.dll,4,0.0288,13887,20.0
fourteam_move_prefix,3420,OgreMain.dll!?isVisible@Camera@Ogre@@UBE_NABVAxisAlignedBox@2@PAW4FrustumPlane@2@@Z+0x1,OgreMain.dll,4,0.0288,13887,20.0
fourteam_move_prefix,3420,OgreMain.dll+0x19c45,OgreMain.dll,4,0.0288,13887,20.0
fourteam_move_prefix,3420,OgreMain.dll!?RealEqual@Math@Ogre@@SA_NMMM@Z+0x1f,OgreMain.dll,4,0.0288,13887,20.0
fourteam_move_prefix,3420,RenderSystem_Direct3D11.dll!?getD3DIndexBuffer@D3D11HardwareIndexBuffer@Ogre@@QBEPAUID3D11Buffer@@XZ+0x6,RenderSystem_Direct3D11.dll,4,0.0288,13887,20.0
fourteam_move_prefix,3420,OgreMain.dll!?_calcTempSquareDist@Light@Ogre@@QAEXABVVector3@2@@Z+0x28,OgreMain.dll,4,0.0288,13887,20.0
fourteam_move_prefix,3420,battlezone98redux.exe!sub_684c80,battlezone98redux.exe,4,0.0288,13887,20.0
fourteam_move_prefix,3420,RenderSystem_Direct3D11.dll!?bindToShader@D3D11VertexDeclaration@Ogre@@QAEXPAVD3D11HLSLProgram@2@PAVVertexBufferBinding@2@@Z+0x1,RenderSystem_Direct3D11.dll,4,0.0288,13887,20.0
fourteam_move_prefix,3420,d3d11.dll!CreateDirect3D11DeviceFromDXGIDevice+0xbc57a,d3d11.dll,4,0.0288,13887,20.0
fourteam_move_prefix,3420,ntdll.dll!RtlStringVPrintfWorkerA+0x4c,ntdll.dll,4,0.0288,13887,20.0
fourteam_move_prefix,3420,MSVCR120.dll!_memccpy+0xbc,MSVCR120.dll,4,0.0288,13887,20.0
fourteam_move_prefix,3420,OgreMain.dll!?clone@Animation@Ogre@@QBEPAV12@ABV?$basic_string@DU?$char_traits@D@std@@V?$allocator@D@2@@std@@@Z+0x243,OgreMain.dll,4,0.0288,13887,20.0
fourteam_move_prefix,3420,battlezone98redux.exe!sub_5e1310,battlezone98redux.exe,4,0.0288,13887,20.0
fourteam_move_prefix,3420,ntdll.dll!__aulldvrm+0x7c,ntdll.dll,4,0.0288,13887,20.0
fourteam_move_prefix,3420,battlezone98redux.exe!sub_48fd00,battlezone98redux.exe,4,0.0288,13887,20.0
fourteam_move_prefix,3420,OgreMain.dll+0x32515,OgreMain.dll,4,0.0288,13887,20.0
fourteam_move_prefix,3420,OgreMain.dll!?getSquaredViewDepth@Node@Ogre@@UBEMPBVCamera@2@@Z+0x55,OgreMain.dll,4,0.0288,13887,20.0
fourteam_move_prefix,3420,ntdll.dll!_RtlpGetCodePageData@4+0x5,ntdll.dll,4,0.0288,13887,20.0
fourteam_move_prefix,3420,OgreMain.dll+0x1d354,OgreMain.dll,4,0.0288,13887,20.0
fourteam_move_prefix,3420,OgreMain.dll!?getViewMatrix@Frustum@Ogre@@UBEABVMatrix4@2@XZ+0x1,OgreMain.dll,4,0.0288,13887,20.0
fourteam_move_prefix,3420,battlezone98redux.exe!sub_62c8f0,battlezone98redux.exe,4,0.0288,13887,20.0
fourteam_move_prefix,3420,OgreMain.dll!?_detectImplementation@OptimisedUtil@Ogre@@KAPAV12@XZ+0x4505,OgreMain.dll,4,0.0288,13887,20.0
fourteam_move_prefix,3420,nvwgf2um.dll!NVENCODEAPI_Thunk+0x68f53,nvwgf2um.dll,4,0.0288,13887,20.0
fourteam_move_prefix,3420,KERNEL32.DLL!GetCurrentThreadId+0x6,KERNEL32.DLL,4,0.0288,13887,20.0
fourteam_move_prefix,3420,ntdll.dll!RtlFindCharInUnicodeString+0x188,ntdll.dll,4,0.0288,13887,20.0
fourteam_move_prefix,3420,OgreMain.dll!?isViewOutOfDate@Camera@Ogre@@MBE_NXZ+0x51a,OgreMain.dll,4,0.0288,13887,20.0
fourteam_move_prefix,3420,MSVCR120.dll!__libm_sse2_acosf+0x1da,MSVCR120.dll,4,0.0288,13887,20.0
fourteam_move_prefix,3420,OgreMain.dll!?renderSingleObject@SceneManager@Ogre@@MAEXPAVRenderable@2@PBVPass@2@_N2PBV?$HashedVector@PAVLight@Ogre@@@2@@Z+0x7fb,OgreMain.dll,4,0.0288,13887,20.0
fourteam_move_prefix,3420,battlezone98redux.exe!sub_4178f0,battlezone98redux.exe,4,0.0288,13887,20.0
fourteam_move_prefix,3420,d3d11.dll!CreateDirect3D11DeviceFromDXGIDevice+0x9dfbd,d3d11.dll,4,0.0288,13887,20.0
fourteam_move_prefix,3420,OgreMain.dll!??4GpuSharedParametersUsage@Ogre@@QAEAAV01@ABV01@@Z+0x27ae,OgreMain.dll,4,0.0288,13887,20.0
fourteam_move_prefix,3420,OgreMain.dll!?getValue@LodStrategy@Ogre@@QBEMPBVMovableObject@2@PBVCamera@2@@Z+0x1a,OgreMain.dll,4,0.0288,13887,20.0
fourteam_move_prefix,3420,OgreMain.dll+0x3a468,OgreMain.dll,4,0.0288,13887,20.0
fourteam_move_prefix,3420,OgreMain.dll!?_issueRenderOp@SceneManager@Ogre@@UAEXPAVRenderable@2@PBVPass@2@@Z+0x18,OgreMain.dll,4,0.0288,13887,20.0
fourteam_move_prefix,3420,OgreMain.dll!?fireRenderSingleObject@SceneManager@Ogre@@MAEXPAVRenderable@2@PBVPass@2@PBVAutoParamDataSource@2@PBV?$HashedVector@PAVLight@Ogre@@@2@_N@Z+0x25,OgreMain.dll,4,0.0288,13887,20.0
fourteam_move_prefix,3420,d3d11.dll+0x35ece,d3d11.dll,4,0.0288,13887,20.0
fourteam_move_prefix,3420,OgreMain.dll!?determinant@Matrix4@Ogre@@QBEMXZ+0x1,OgreMain.dll,4,0.0288,13887,20.0
fourteam_move_prefix,3420,OgreMain.dll!?_updateBounds@SceneNode@Ogre@@UAEXXZ+0x226,OgreMain.dll,4,0.0288,13887,20.0
fourteam_move_prefix,3420,OgreMain.dll!?_detectImplementation@OptimisedUtil@Ogre@@KAPAV12@XZ+0x4599,OgreMain.dll,4,0.0288,13887,20.0
fourteam_move_prefix,3420,d3d11.dll!CreateDirect3D11DeviceFromDXGIDevice+0xa461e,d3d11.dll,4,0.0288,13887,20.0
fourteam_move_prefix,3420,OgreMain.dll!?updateFromParentImpl@SceneNode@Ogre@@MBEXXZ+0x1a,OgreMain.dll,4,0.0288,13887,20.0
fourteam_move_prefix,3420,battlezone98redux.exe!sub_4aa1d0,battlezone98redux.exe,4,0.0288,13887,20.0
fourteam_move_prefix,3420,OgreMain.dll!?getLightDirection@AutoParamDataSource@Ogre@@UBEABVVector3@2@I@Z,OgreMain.dll,4,0.0288,13887,20.0
fourteam_move_prefix,3420,OgreMain.dll!?_writeRawConstant@GpuProgramParameters@Ogre@@QAEXIABVVector4@2@I@Z+0x18,OgreMain.dll,4,0.0288,13887,20.0
fourteam_move_prefix,3420,battlezone98redux.exe!sub_7753c0,battlezone98redux.exe,4,0.0288,13887,20.0
fourteam_move_prefix,3420,OgreMain.dll!?createTechnique@Material@Ogre@@QAEPAVTechnique@2@XZ+0xa23,OgreMain.dll,4,0.0288,13887,20.0
fourteam_move_prefix,3420,RenderSystem_Direct3D11.dll+0x3ef9,RenderSystem_Direct3D11.dll,4,0.0288,13887,20.0
fourteam_move_prefix,3420,MSVCR120.dll!__libm_sse2_acosf+0x18e,MSVCR120.dll,4,0.0288,13887,20.0
fourteam_move_prefix,3420,ntdll.dll!_RtlQueryPerformanceCounter@4+0xbe,ntdll.dll,4,0.0288,13887,20.0
fourteam_move_prefix,3420,d3d11.dll+0x30d65,d3d11.dll,4,0.0288,13887,20.0
fourteam_move_prefix,3420,RenderSystem_Direct3D11.dll!?uninstall@D3D11Plugin@Ogre@@UAEXXZ+0x51a6,RenderSystem_Direct3D11.dll,4,0.0288,13887,20.0
fourteam_move_prefix,3420,d3d11.dll!CreateDirect3D11DeviceFromDXGIDevice+0xa4628,d3d11.dll,4,0.0288,13887,20.0
fourteam_move_prefix,3420,MSVCR120.dll!floor+0x69,MSVCR120.dll,4,0.0288,13887,20.0
fourteam_move_prefix,3420,d3d11.dll!CreateDirect3D11DeviceFromDXGIDevice+0x9f9c1,d3d11.dll,4,0.0288,13887,20.0
fourteam_move_prefix,3420,nvwgf2um.dll!OpenAdapter10+0x74f5e,nvwgf2um.dll,4,0.0288,13887,20.0
fourteam_move_prefix,3420,OgreMain.dll!?getLightSpecularColourWithPower@AutoParamDataSource@Ogre@@UBE?BVColourValue@2@I@Z+0x2c,OgreMain.dll,4,0.0288,13887,20.0
fourteam_move_prefix,3420,OgreMain.dll!?clone@Animation@Ogre@@QBEPAV12@ABV?$basic_string@DU?$char_traits@D@std@@V?$allocator@D@2@@std@@@Z+0x2e4,OgreMain.dll,4,0.0288,13887,20.0
fourteam_move_prefix,3420,battlezone98redux.exe!sub_421ee0,battlezone98redux.exe,4,0.0288,13887,20.0
fourteam_move_prefix,3420,OgreMain.dll!?getSurfaceSpecularColour@AutoParamDataSource@Ogre@@UBEABVColourValue@2@XZ,OgreMain.dll,4,0.0288,13887,20.0
fourteam_move_prefix,3420,ntdll.dll!__fputwc_nolock+0x2,ntdll.dll,4,0.0288,13887,20.0
fourteam_move_prefix,3420,RenderSystem_Direct3D11.dll!?getMonitorSequentialNumberFromSwapChain@MonitorInfo@Ogre@@QAEGPAUIDXGISwapChain@@_N@Z+0xdca,RenderSystem_Direct3D11.dll,4,0.0288,13887,20.0
fourteam_move_prefix,3420,OgreMain.dll!?getSide@Plane@Ogre@@QBE?AW4Side@12@ABVVector3@2@0@Z+0x31,OgreMain.dll,3,0.0216,13887,20.0
fourteam_move_prefix,3420,ntdll.dll!_RtlAnsiCharToUnicodeChar@4+0x1e,ntdll.dll,3,0.0216,13887,20.0
fourteam_move_prefix,3420,OgreMain.dll!?clear@RenderPriorityGroup@Ogre@@QAEXXZ+0xc5,OgreMain.dll,3,0.0216,13887,20.0
fourteam_move_prefix,3420,ntdll.dll!__wctomb_s_l+0x68,ntdll.dll,3,0.0216,13887,20.0
fourteam_move_prefix,3420,OgreMain.dll!?_writeRawConstant@GpuProgramParameters@Ogre@@QAEXIABVColourValue@2@I@Z+0x25,OgreMain.dll,3,0.0216,13887,20.0
fourteam_move_prefix,3420,OgreMain.dll!?_writeRawConstant@GpuProgramParameters@Ogre@@QAEXIABVVector4@2@I@Z,OgreMain.dll,3,0.0216,13887,20.0
fourteam_move_prefix,3420,OgreMain.dll!?getParameters@GpuProgramUsage@Ogre@@QAE?AV?$SharedPtr@VGpuProgramParameters@Ogre@@@2@XZ+0x21,OgreMain.dll,3,0.0216,13887,20.0
fourteam_move_prefix,3420,OgreMain.dll!?hasViewRelativeTextureCoordinateGeneration@TextureUnitState@Ogre@@QBE_NXZ+0x14,OgreMain.dll,3,0.0216,13887,20.0
fourteam_move_prefix,3420,ntdll.dll!__wctomb_s_l+0x66,ntdll.dll,3,0.0216,13887,20.0
fourteam_move_prefix,3420,OgreMain.dll!?determinant@Matrix4@Ogre@@QBEMXZ+0x31,OgreMain.dll,3,0.0216,13887,20.0
fourteam_move_prefix,3420,OgreMain.dll!?processVisibleObject@RenderQueue@Ogre@@QAEXPAVMovableObject@2@PAVCamera@2@_NPAUVisibleObjectsBoundsInfo@2@@Z+0xb0,OgreMain.dll,3,0.0216,13887,20.0
fourteam_move_prefix,3420,OgreMain.dll!?_getCurrentSceneManager@Root@Ogre@@QBEPAVSceneManager@2@XZ+0x2e,OgreMain.dll,3,0.0216,13887,20.0
fourteam_move_prefix,3420,<unmapped>+0x774d7000,<unmapped>,3,0.0216,13887,20.0
fourteam_move_prefix,3420,OgreMain.dll!?merge@VisibleObjectsBoundsInfo@Ogre@@QAEXABVAxisAlignedBox@2@ABVSphere@2@PBVCamera@2@_N@Z+0x70,OgreMain.dll,3,0.0216,13887,20.0
fourteam_move_prefix,3420,OgreMain.dll!?lock@HardwareBuffer@Ogre@@UAEPAXIIW4LockOptions@12@W4UploadOptions@12@@Z+0x191,OgreMain.dll,3,0.0216,13887,20.0
fourteam_move_prefix,3420,d3d11.dll!CreateDirect3D11DeviceFromDXGIDevice+0x9f73d,d3d11.dll,3,0.0216,13887,20.0
fourteam_move_prefix,3420,battlezone98redux.exe!sub_5b26e0,battlezone98redux.exe,3,0.0216,13887,20.0
fourteam_move_prefix,3420,OgreMain.dll!?_calcTempSquareDist@Light@Ogre@@QAEXABVVector3@2@@Z+0x30,OgreMain.dll,3,0.0216,13887,20.0
fourteam_move_prefix,3420,RenderSystem_Direct3D11.dll+0x20ae,RenderSystem_Direct3D11.dll,3,0.0216,13887,20.0
fourteam_move_prefix,3420,RenderSystem_Direct3D11.dll!?_setTexture@D3D11RenderSystem@Ogre@@UAEXI_NABV?$SharedPtr@VTexture@Ogre@@@2@@Z+0xeb,RenderSystem_Direct3D11.dll,3,0.0216,13887,20.0
fourteam_move_prefix,3420,RenderSystem_Direct3D11.dll!?getMonitorSequentialNumberFromSwapChain@MonitorInfo@Ogre@@QAEGPAUIDXGISwapChain@@_N@Z+0x298c,RenderSystem_Direct3D11.dll,3,0.0216,13887,20.0
fourteam_move_prefix,3420,OgreMain.dll!?_detectImplementation@OptimisedUtil@Ogre@@KAPAV12@XZ+0x44fc,OgreMain.dll,3,0.0216,13887,20.0
fourteam_move_prefix,3420,OgreMain.dll!?getBoundingBox@Entity@Ogre@@UBEABVAxisAlignedBox@2@XZ+0x8e3,OgreMain.dll,3,0.0216,13887,20.0
fourteam_move_prefix,3420,ucrtbase.dll!_tolower+0x11,ucrtbase.dll,3,0.0216,13887,20.0
fourteam_move_prefix,3420,RenderSystem_Direct3D11.dll!?bindGpuProgram@D3D11RenderSystem@Ogre@@UAEXPAVGpuProgram@2@@Z+0xbe,RenderSystem_Direct3D11.dll,3,0.0216,13887,20.0
fourteam_move_prefix,3420,ntdll.dll!__output_l+0xa6,ntdll.dll,3,0.0216,13887,20.0
fourteam_move_prefix,3420,OgreMain.dll!?_updateAutoParams@GpuProgramParameters@Ogre@@QAEXPBVAutoParamDataSource@2@G@Z+0x4a,OgreMain.dll,3,0.0216,13887,20.0
fourteam_move_prefix,3420,OgreMain.dll!?setCurrentRenderable@AutoParamDataSource@Ogre@@UAEXPBVRenderable@2@@Z+0x57,OgreMain.dll,3,0.0216,13887,20.0
fourteam_move_prefix,3420,OgreMain.dll!?isVisible@ShadowRenderable@Ogre@@UBE_NXZ+0x21c,OgreMain.dll,3,0.0216,13887,20.0
fourteam_move_prefix,3420,ntdll.dll!__vsnwprintf_l+0xc,ntdll.dll,3,0.0216,13887,20.0
fourteam_move_prefix,3420,OgreMain.dll!?createTechnique@Material@Ogre@@QAEPAVTechnique@2@XZ+0xa35,OgreMain.dll,3,0.0216,13887,20.0
fourteam_move_prefix,3420,OgreMain.dll!??4GpuSharedParametersUsage@Ogre@@QAEAAV01@ABV01@@Z+0x2735,OgreMain.dll,3,0.0216,13887,20.0
fourteam_move_prefix,3420,OgreMain.dll+0x13ba6,OgreMain.dll,3,0.0216,13887,20.0
fourteam_move_prefix,3420,ntdll.dll!write_char+0x3,ntdll.dll,3,0.0216,13887,20.0
fourteam_move_prefix,3420,ntdll.dll!_RtlAnsiCharToUnicodeChar@4+0x8d,ntdll.dll,3,0.0216,13887,20.0
fourteam_move_prefix,3420,d3d11.dll!CreateDirect3D11DeviceFromDXGIDevice+0xa2020,d3d11.dll,3,0.0216,13887,20.0
fourteam_move_prefix,3420,OgreMain.dll+0x2b620,OgreMain.dll,3,0.0216,13887,20.0
fourteam_move_prefix,3420,OgreMain.dll!?_writeRawConstants@GpuProgramParameters@Ogre@@QAEXIPBMI@Z+0x13,OgreMain.dll,3,0.0216,13887,20.0
fourteam_move_prefix,3420,battlezone98redux.exe!sub_42de70,battlezone98redux.exe,3,0.0216,13887,20.0
fourteam_move_prefix,3420,OgreMain.dll!?renderSingleObject@SceneManager@Ogre@@MAEXPAVRenderable@2@PBVPass@2@_N2PBV?$HashedVector@PAVLight@Ogre@@@2@@Z+0x1cb,OgreMain.dll,3,0.0216,13887,20.0
fourteam_move_prefix,3420,ntdll.dll!_RtlLeaveCriticalSection@4+0x2e,ntdll.dll,3,0.0216,13887,20.0
fourteam_move_prefix,3420,OgreMain.dll+0x6be5,OgreMain.dll,3,0.0216,13887,20.0
fourteam_move_prefix,3420,OgreMain.dll!?getSpotlightParams@AutoParamDataSource@Ogre@@UBE?AVVector4@2@I@Z,OgreMain.dll,3,0.0216,13887,20.0
fourteam_move_prefix,3420,OgreMain.dll!?getVisibilityFlags@MovableObject@Ogre@@UBEIXZ,OgreMain.dll,3,0.0216,13887,20.0
fourteam_move_prefix,3420,MSVCR120.dll!rand,MSVCR120.dll,3,0.0216,13887,20.0
fourteam_move_prefix,3420,ntdll.dll!__output_l+0x135,ntdll.dll,3,0.0216,13887,20.0
fourteam_move_prefix,3420,OgreMain.dll!?_updateAutoParams@GpuProgramParameters@Ogre@@QAEXPBVAutoParamDataSource@2@G@Z+0x1f30,OgreMain.dll,3,0.0216,13887,20.0
fourteam_move_prefix,3420,nvwgf2um.dll!OpenAdapter10+0x726e0,nvwgf2um.dll,3,0.0216,13887,20.0
fourteam_move_prefix,3420,OgreMain.dll!?_getCurrentSceneManager@Root@Ogre@@QBEPAVSceneManager@2@XZ+0x50,OgreMain.dll,3,0.0216,13887,20.0
fourteam_move_prefix,3420,OgreMain.dll!?angleBetween@Vector3@Ogre@@QBE?AVRadian@2@ABV12@@Z+0x3a,OgreMain.dll,3,0.0216,13887,20.0
fourteam_move_prefix,3420,OgreMain.dll!?isHardwareAnimationEnabled@Entity@Ogre@@QAE_NXZ+0x3f,OgreMain.dll,3,0.0216,13887,20.0
fourteam_move_prefix,3420,OgreMain.dll!?getDerivedPosition@Light@Ogre@@QBEABVVector3@2@_N@Z+0x8,OgreMain.dll,3,0.0216,13887,20.0
fourteam_move_prefix,3420,ntdll.dll!__woutput_l+0x86b,ntdll.dll,3,0.0216,13887,20.0
fourteam_move_prefix,3420,OgreMain.dll!?isShadowTechniqueTextureBased@SceneManager@Ogre@@UBE_NXZ,OgreMain.dll,3,0.0216,13887,20.0
fourteam_move_prefix,3420,RenderSystem_Direct3D11.dll+0x3242,RenderSystem_Direct3D11.dll,3,0.0216,13887,20.0
fourteam_move_prefix,3420,OgreMain.dll!?_writeRawConstants@GpuProgramParameters@Ogre@@QAEXIPBMI@Z+0xd,OgreMain.dll,3,0.0216,13887,20.0
fourteam_move_prefix,3420,OgreMain.dll!?addSolidRenderable@RenderPriorityGroup@Ogre@@IAEXPAVTechnique@2@PAVRenderable@2@_N@Z+0x15,OgreMain.dll,3,0.0216,13887,20.0
fourteam_move_prefix,3420,battlezone98redux.exe!sub_5fa6e0,battlezone98redux.exe,3,0.0216,13887,20.0
fourteam_move_prefix,3420,MSVCR120.dll!_fdtest+0x10,MSVCR120.dll,3,0.0216,13887,20.0
fourteam_move_prefix,3420,OgreMain.dll!?updateFrustum@Frustum@Ogre@@MBEXXZ+0xf,OgreMain.dll,3,0.0216,13887,20.0
fourteam_move_prefix,3420,OgreMain.dll!?update@Light@Ogre@@MBEXXZ+0x7,OgreMain.dll,3,0.0216,13887,20.0
fourteam_move_prefix,3420,battlezone98redux.exe!sub_46acc0,battlezone98redux.exe,3,0.0216,13887,20.0
fourteam_move_prefix,3420,nvwgf2um.dll!OpenAdapter10+0x726e1,nvwgf2um.dll,3,0.0216,13887,20.0
fourteam_move_prefix,3420,RenderSystem_Direct3D11.dll!?getMonitorSequentialNumberFromSwapChain@MonitorInfo@Ogre@@QAEGPAUIDXGISwapChain@@_N@Z+0x2f08,RenderSystem_Direct3D11.dll,3,0.0216,13887,20.0
fourteam_move_prefix,3420,OgreMain.dll!??4GpuSharedParametersUsage@Ogre@@QAEAAV01@ABV01@@Z+0x274f,OgreMain.dll,3,0.0216,13887,20.0
fourteam_move_prefix,3420,nvwgf2um.dll!OpenAdapter10+0x74e67,nvwgf2um.dll,3,0.0216,13887,20.0
fourteam_move_prefix,3420,d3d11.dll+0x35ec1,d3d11.dll,3,0.0216,13887,20.0
fourteam_move_prefix,3420,OgreMain.dll!?getWorldViewMatrix@AutoParamDataSource@Ogre@@UBEABVMatrix4@2@XZ+0x45,OgreMain.dll,3,0.0216,13887,20.0
fourteam_move_prefix,3420,RenderSystem_Direct3D11.dll!?_render@D3D11RenderSystem@Ogre@@UAEXABVRenderOperation@2@@Z+0x1859,RenderSystem_Direct3D11.dll,3,0.0216,13887,20.0
fourteam_move_prefix,3420,battlezone98redux.exe!sub_453d10,battlezone98redux.exe,3,0.0216,13887,20.0
fourteam_move_prefix,3420,OgreMain.dll!?angleBetween@Vector3@Ogre@@QBE?AVRadian@2@ABV12@@Z+0xd8,OgreMain.dll,3,0.0216,13887,20.0
fourteam_move_prefix,3420,KERNEL32.DLL!FlsGetValue+0x1b,KERNEL32.DLL,3,0.0216,13887,20.0
fourteam_move_prefix,3420,d3d11.dll!D3D11CoreCreateLayeredDevice+0x9901,d3d11.dll,3,0.0216,13887,20.0
fourteam_move_prefix,3420,OgreMain.dll!?getQueueGroup@RenderQueue@Ogre@@QAEPAVRenderQueueGroup@2@E@Z+0x39,OgreMain.dll,3,0.0216,13887,20.0
fourteam_move_prefix,3420,OgreMain.dll!?_findNamedConstantDefinition@GpuProgramParameters@Ogre@@QBEPBUGpuConstantDefinition@2@ABV?$basic_string@DU?$char_traits@D@std@@V?$allocator@D@2@@std@@_N@Z+0xba,OgreMain.dll,3,0.0216,13887,20.0
fourteam_move_prefix,3420,battlezone98redux.exe!destroy<>,battlezone98redux.exe,3,0.0216,13887,20.0
fourteam_move_prefix,3420,OgreMain.dll+0x2d312,OgreMain.dll,3,0.0216,13887,20.0
fourteam_move_prefix,3420,ntdll.dll!_RtlpAbAllocateLockEntry@0+0x16,ntdll.dll,3,0.0216,13887,20.0
fourteam_move_prefix,3420,OgreMain.dll!?setWorldMatrices@AutoParamDataSource@Ogre@@UAEXPBVMatrix4@2@I@Z+0x1,OgreMain.dll,3,0.0216,13887,20.0
fourteam_move_prefix,3420,OgreMain.dll!?angleBetween@Vector3@Ogre@@QBE?AVRadian@2@ABV12@@Z+0xe3,OgreMain.dll,3,0.0216,13887,20.0
fourteam_move_prefix,3420,d3d11.dll+0x30d37,d3d11.dll,3,0.0216,13887,20.0
fourteam_move_prefix,3420,OgreMain.dll!?isVisible@Frustum@Ogre@@UBE_NABVAxisAlignedBox@2@PAW4FrustumPlane@2@@Z+0x74,OgreMain.dll,3,0.0216,13887,20.0
fourteam_move_prefix,3420,RenderSystem_Direct3D11.dll!?lock@D3D11HardwareUniformBuffer@Ogre@@UAEPAXIIW4LockOptions@HardwareBuffer@2@W4UploadOptions@42@@Z,RenderSystem_Direct3D11.dll,3,0.0216,13887,20.0
fourteam_move_prefix,3420,OgreMain.dll!?load@Resource@Ogre@@UAEX_N@Z+0x17,OgreMain.dll,3,0.0216,13887,20.0
fourteam_move_prefix,3420,OgreMain.dll!?_writeRawConstants@GpuProgramParameters@Ogre@@QAEXIPBMI@Z+0x6,OgreMain.dll,3,0.0216,13887,20.0
fourteam_move_prefix,3420,OgreMain.dll!?allocatePolygon@ConvexBody@Ogre@@KAPAVPolygon@2@XZ+0xa1,OgreMain.dll,3,0.0216,13887,20.0
fourteam_move_prefix,3420,OgreMain.dll+0x1bc48,OgreMain.dll,3,0.0216,13887,20.0
fourteam_move_prefix,3420,OgreMain.dll!?_updateBounds@SceneNode@Ogre@@UAEXXZ+0x2d4,OgreMain.dll,3,0.0216,13887,20.0
fourteam_move_prefix,3420,battlezone98redux.exe!sub_684c10,battlezone98redux.exe,3,0.0216,13887,20.0
fourteam_move_prefix,3420,OgreMain.dll!??4GpuSharedParametersUsage@Ogre@@QAEAAV01@ABV01@@Z+0x2714,OgreMain.dll,3,0.0216,13887,20.0
fourteam_move_prefix,3420,OgreMain.dll!?getBestTechnique@Material@Ogre@@QAEPAVTechnique@2@GPBVRenderable@2@@Z+0xb5,OgreMain.dll,3,0.0216,13887,20.0
fourteam_move_prefix,3420,OgreMain.dll!?getSpotlightParams@AutoParamDataSource@Ogre@@UBE?AVVector4@2@I@Z+0x1b,OgreMain.dll,3,0.0216,13887,20.0
fourteam_move_prefix,3420,ntdll.dll!_RtlpAbAllocateLockEntry@0+0xe,ntdll.dll,3,0.0216,13887,20.0
fourteam_move_prefix,3420,OgreMain.dll!?update@Light@Ogre@@MBEXXZ+0x132,OgreMain.dll,3,0.0216,13887,20.0
fourteam_move_prefix,3420,OgreMain.dll!?getLightAs4DVector@AutoParamDataSource@Ogre@@UBE?AVVector4@2@I@Z+0x10,OgreMain.dll,3,0.0216,13887,20.0
fourteam_move_prefix,3420,battlezone98redux.exe!sub_4178a0,battlezone98redux.exe,3,0.0216,13887,20.0
fourteam_move_prefix,3420,OgreMain.dll!?FastHash@Ogre@@YAIPBDHI@Z+0xb0,OgreMain.dll,3,0.0216,13887,20.0
fourteam_move_prefix,3420,OgreMain.dll!?getQueueGroup@RenderQueue@Ogre@@QAEPAVRenderQueueGroup@2@E@Z+0xe4,OgreMain.dll,3,0.0216,13887,20.0
fourteam_move_prefix,3420,battlezone98redux.exe!sub_433890,battlezone98redux.exe,3,0.0216,13887,20.0
fourteam_move_prefix,3420,RenderSystem_Direct3D11.dll!?getConstantBuffer@D3D11HLSLProgram@Ogre@@QAEPAUID3D11Buffer@@V?$SharedPtr@VGpuProgramParameters@Ogre@@@2@G@Z+0x35,RenderSystem_Direct3D11.dll,3,0.0216,13887,20.0
fourteam_move_prefix,3420,RenderSystem_Direct3D11.dll!?unlock@D3D11HardwareUniformBuffer@Ogre@@UAEXXZ,RenderSystem_Direct3D11.dll,3,0.0216,13887,20.0
fourteam_move_prefix,3420,OgreMain.dll+0x1fc30,OgreMain.dll,3,0.0216,13887,20.0
fourteam_move_prefix,3420,battlezone98redux.exe!sub_4624d0,battlezone98redux.exe,3,0.0216,13887,20.0
fourteam_move_prefix,3420,OgreMain.dll!?ASin@Math@Ogre@@SA?AVRadian@2@M@Z+0xf,OgreMain.dll,3,0.0216,13887,20.0
fourteam_move_prefix,3420,OgreMain.dll!?queryLights@MovableObject@Ogre@@UBEABV?$HashedVector@PAVLight@Ogre@@@2@XZ+0x4f,OgreMain.dll,3,0.0216,13887,20.0
fourteam_move_prefix,3420,RenderSystem_Direct3D11.dll!?lock@D3D11HardwareUniformBuffer@Ogre@@UAEPAXIIW4LockOptions@HardwareBuffer@2@W4UploadOptions@42@@Z+0x8,RenderSystem_Direct3D11.dll,3,0.0216,13887,20.0
fourteam_move_prefix,3420,battlezone98redux.exe!sub_444b00,battlezone98redux.exe,3,0.0216,13887,20.0
fourteam_move_prefix,3420,OgreMain.dll!?_writeRawConstant@GpuProgramParameters@Ogre@@QAEXIABVColourValue@2@I@Z+0x1,OgreMain.dll,3,0.0216,13887,20.0
fourteam_move_prefix,3420,battlezone98redux.exe!sub_422e80,battlezone98redux.exe,3,0.0216,13887,20.0
fourteam_move_prefix,3420,OgreMain.dll!?_updateAutoParams@GpuProgramParameters@Ogre@@QAEXPBVAutoParamDataSource@2@G@Z+0x1eb8,OgreMain.dll,3,0.0216,13887,20.0
fourteam_move_prefix,3420,RenderSystem_Direct3D11.dll!?getConstantBuffer@D3D11HLSLProgram@Ogre@@QAEPAUID3D11Buffer@@V?$SharedPtr@VGpuProgramParameters@Ogre@@@2@G@Z+0x9c,RenderSystem_Direct3D11.dll,3,0.0216,13887,20.0
fourteam_move_prefix,3420,OgreMain.dll!?_notifyEntityMaterialLodChanged@SceneManager@Ogre@@QAEXAAUEntityMaterialLodChangedEvent@2@@Z+0x11,OgreMain.dll,3,0.0216,13887,20.0
fourteam_move_prefix,3420,OgreMain.dll+0x3db86,OgreMain.dll,3,0.0216,13887,20.0
fourteam_move_prefix,3420,RenderSystem_Direct3D11.dll!?setVertexBufferBinding@D3D11RenderSystem@Ogre@@UAEXPAVVertexBufferBinding@2@@Z+0x118,RenderSystem_Direct3D11.dll,3,0.0216,13887,20.0
fourteam_move_prefix,3420,RenderSystem_Direct3D11.dll!?getMonitorSequentialNumberFromSwapChain@MonitorInfo@Ogre@@QAEGPAUIDXGISwapChain@@_N@Z+0x1142,RenderSystem_Direct3D11.dll,3,0.0216,13887,20.0
fourteam_move_prefix,3420,OgreMain.dll!?isInLightRange@Light@Ogre@@QBE_NABVSphere@2@@Z+0x159,OgreMain.dll,3,0.0216,13887,20.0
fourteam_move_prefix,3420,OgreMain.dll!?getDistance@Plane@Ogre@@QBEMABVVector3@2@@Z+0x1c,OgreMain.dll,3,0.0216,13887,20.0
fourteam_move_prefix,3420,MSVCR120.dll!__libm_sse2_cosf,MSVCR120.dll,3,0.0216,13887,20.0
fourteam_move_prefix,3420,battlezone98redux.exe!sub_46b260,battlezone98redux.exe,3,0.0216,13887,20.0
fourteam_move_prefix,3420,OgreMain.dll!?waitForNextRequest@DefaultWorkQueue@Ogre@@MAEXXZ+0x11ce58,OgreMain.dll,3,0.0216,13887,20.0
fourteam_move_prefix,3420,OgreMain.dll!?resetViewProjMode@SceneManager@Ogre@@MAEX_N@Z,OgreMain.dll,3,0.0216,13887,20.0
fourteam_move_prefix,3420,OgreMain.dll!?isVisible@Frustum@Ogre@@UBE_NABVAxisAlignedBox@2@PAW4FrustumPlane@2@@Z+0xd,OgreMain.dll,3,0.0216,13887,20.0
fourteam_move_prefix,3420,d3d11.dll!CreateDirect3D11DeviceFromDXGIDevice+0xa5745,d3d11.dll,3,0.0216,13887,20.0
fourteam_move_prefix,3420,OgreMain.dll!?isVisible@ShadowRenderable@Ogre@@UBE_NXZ+0x234,OgreMain.dll,3,0.0216,13887,20.0
fourteam_move_prefix,3420,KERNEL32.DLL!FlsGetValue+0x3d,KERNEL32.DLL,3,0.0216,13887,20.0
fourteam_move_prefix,3420,battlezone98redux.exe!sub_67a150,battlezone98redux.exe,3,0.0216,13887,20.0
fourteam_move_prefix,3420,OgreMain.dll+0x1f7f3,OgreMain.dll,3,0.0216,13887,20.0
fourteam_move_prefix,3420,OgreMain.dll!?getBestTechnique@Material@Ogre@@QAEPAVTechnique@2@GPBVRenderable@2@@Z+0x4f,OgreMain.dll,3,0.0216,13887,20.0
fourteam_move_prefix,3420,MSVCR120.dll!__libm_sse2_asinf+0x210,MSVCR120.dll,3,0.0216,13887,20.0
fourteam_move_prefix,3420,nvwgf2um.dll!OpenAdapter10+0x77be1,nvwgf2um.dll,3,0.0216,13887,20.0
fourteam_move_prefix,3420,OgreMain.dll!?updateGpuProgramParameters@SceneManager@Ogre@@MAEXPBVPass@2@@Z+0xcb,OgreMain.dll,3,0.0216,13887,20.0
fourteam_move_prefix,3420,OgreMain.dll!?getBestTechnique@Material@Ogre@@QAEPAVTechnique@2@GPBVRenderable@2@@Z+0x8d,OgreMain.dll,3,0.0216,13887,20.0
fourteam_move_prefix,3420,ntdll.dll!_RtlLeaveCriticalSection@4+0x12,ntdll.dll,3,0.0216,13887,20.0
fourteam_move_prefix,3420,OgreMain.dll!?getWorldTransforms@SubEntity@Ogre@@UBEXPAVMatrix4@2@@Z+0xd4,OgreMain.dll,3,0.0216,13887,20.0
fourteam_move_prefix,3420,OgreMain.dll!?lock@HardwareBuffer@Ogre@@QAEPAXW4LockOptions@12@W4UploadOptions@12@@Z+0x14,OgreMain.dll,3,0.0216,13887,20.0
fourteam_move_prefix,3420,nvwgf2um.dll!SetDependencyInfo+0x4c489,nvwgf2um.dll,3,0.0216,13887,20.0
fourteam_move_prefix,3420,d3d11.dll!CreateDirect3D11DeviceFromDXGIDevice+0x9abe3,d3d11.dll,3,0.0216,13887,20.0
fourteam_move_prefix,3420,battlezone98redux.exe!FID_conflict:operator==,battlezone98redux.exe,3,0.0216,13887,20.0
fourteam_move_prefix,3420,ntdll.dll!_LdrpFindLoadedDllByName@20+0x8c,ntdll.dll,3,0.0216,13887,20.0
fourteam_move_prefix,3420,ntdll.dll!__woutput_l+0xf7,ntdll.dll,3,0.0216,13887,20.0
fourteam_move_prefix,3420,OgreMain.dll+0x2f103,OgreMain.dll,3,0.0216,13887,20.0
fourteam_move_prefix,3420,ntdll.dll!__woutput_l+0x38a,ntdll.dll,3,0.0216,13887,20.0
fourteam_move_prefix,3420,RenderSystem_Direct3D11.dll!?getMonitorSequentialNumberFromSwapChain@MonitorInfo@Ogre@@QAEGPAUIDXGISwapChain@@_N@Z+0x866,RenderSystem_Direct3D11.dll,3,0.0216,13887,20.0
fourteam_move_prefix,3420,battlezone98redux.exe!sub_48efc0,battlezone98redux.exe,3,0.0216,13887,20.0
fourteam_move_prefix,3420,OgreMain.dll!?isVisible@Frustum@Ogre@@UBE_NABVSphere@2@PAW4FrustumPlane@2@@Z+0x4f,OgreMain.dll,3,0.0216,13887,20.0
fourteam_move_prefix,3420,ntdll.dll!__aulldvrm+0x25,ntdll.dll,3,0.0216,13887,20.0
fourteam_move_prefix,3420,RenderSystem_Direct3D11.dll!?uninstall@D3D11Plugin@Ogre@@UAEXXZ+0xda0,RenderSystem_Direct3D11.dll,3,0.0216,13887,20.0
fourteam_move_prefix,3420,d3d11.dll+0x2704e,d3d11.dll,3,0.0216,13887,20.0
fourteam_move_prefix,3420,d3d11.dll!CreateDirect3D11DeviceFromDXGIDevice+0x9f940,d3d11.dll,3,0.0216,13887,20.0
fourteam_move_prefix,3420,OgreMain.dll!?_updateAutoParams@GpuProgramParameters@Ogre@@QAEXPBVAutoParamDataSource@2@G@Z+0x1cbc,OgreMain.dll,3,0.0216,13887,20.0
fourteam_move_prefix,3420,d3d11.dll!CreateDirect3D11DeviceFromDXGIDevice+0xbae64,d3d11.dll,3,0.0216,13887,20.0
fourteam_move_prefix,3420,ntdll.dll!_RtlStringCchVPrintfExA@28+0x19,ntdll.dll,3,0.0216,13887,20.0
fourteam_move_prefix,3420,battlezone98redux.exe!sub_44efd0,battlezone98redux.exe,3,0.0216,13887,20.0
fourteam_move_prefix,3420,OgreMain.dll!?setCurrentLightList@AutoParamDataSource@Ogre@@UAEXPBV?$HashedVector@PAVLight@Ogre@@@2@@Z+0x43,OgreMain.dll,3,0.0216,13887,20.0
fourteam_move_prefix,3420,nvwgf2um.dll!OpenAdapter10+0x7459d,nvwgf2um.dll,3,0.0216,13887,20.0
fourteam_move_prefix,3420,OgreMain.dll!?clone@Animation@Ogre@@QBEPAV12@ABV?$basic_string@DU?$char_traits@D@std@@V?$allocator@D@2@@std@@@Z+0x32e,OgreMain.dll,3,0.0216,13887,20.0
fourteam_move_prefix,3420,d3d11.dll!CreateDirect3D11DeviceFromDXGIDevice+0x9ac5e,d3d11.dll,3,0.0216,13887,20.0
fourteam_move_prefix,3420,OgreMain.dll!?normalise@Vector3@Ogre@@QAEMXZ+0x10,OgreMain.dll,3,0.0216,13887,20.0
fourteam_move_prefix,3420,OgreMain.dll!?getConstantDefinition@GpuProgramParameters@Ogre@@QBEABUGpuConstantDefinition@2@ABV?$basic_string@DU?$char_traits@D@std@@V?$allocator@D@2@@std@@@Z+0x35,OgreMain.dll,3,0.0216,13887,20.0
fourteam_move_prefix,3420,OgreMain.dll!?isVisible@ShadowRenderable@Ogre@@UBE_NXZ+0x24d,OgreMain.dll,3,0.0216,13887,20.0
fourteam_move_prefix,3420,OgreMain.dll!?createTechnique@Material@Ogre@@QAEPAVTechnique@2@XZ+0xa33,OgreMain.dll,3,0.0216,13887,20.0
fourteam_move_prefix,3420,OgreMain.dll!??4GpuSharedParametersUsage@Ogre@@QAEAAV01@ABV01@@Z+0x2799,OgreMain.dll,3,0.0216,13887,20.0
fourteam_move_prefix,3420,RenderSystem_Direct3D11.dll!?uninstall@D3D11Plugin@Ogre@@UAEXXZ+0x51a0,RenderSystem_Direct3D11.dll,3,0.0216,13887,20.0
fourteam_move_prefix,3420,d3d11.dll+0x2b4d4,d3d11.dll,3,0.0216,13887,20.0
fourteam_move_prefix,3420,battlezone98redux.exe!sub_68bf30,battlezone98redux.exe,3,0.0216,13887,20.0
fourteam_move_prefix,3420,OgreMain.dll!?getWorldBoundingSphere@MovableObject@Ogre@@UBEABVSphere@2@_N@Z+0x4a,OgreMain.dll,3,0.0216,13887,20.0
fourteam_move_prefix,3420,OgreMain.dll!?_calcTempSquareDist@Light@Ogre@@QAEXABVVector3@2@@Z+0x2c,OgreMain.dll,3,0.0216,13887,20.0
fourteam_move_prefix,3420,OgreMain.dll+0x282bd,OgreMain.dll,3,0.0216,13887,20.0
fourteam_move_prefix,3420,OgreMain.dll!?_updateAutoParams@GpuProgramParameters@Ogre@@QAEXPBVAutoParamDataSource@2@G@Z+0x1cf5,OgreMain.dll,3,0.0216,13887,20.0
fourteam_move_prefix,3420,OgreMain.dll!?_writeRawConstants@GpuProgramParameters@Ogre@@QAEXIPBMI@Z,OgreMain.dll,3,0.0216,13887,20.0
fourteam_move_prefix,3420,RenderSystem_Direct3D11.dll!?getMonitorSequentialNumberFromSwapChain@MonitorInfo@Ogre@@QAEGPAUIDXGISwapChain@@_N@Z+0x2f10,RenderSystem_Direct3D11.dll,3,0.0216,13887,20.0
fourteam_move_prefix,3420,OgreMain.dll!?getLightAttenuation@AutoParamDataSource@Ogre@@UBE?AVVector4@2@I@Z+0x3e,OgreMain.dll,3,0.0216,13887,20.0
fourteam_move_prefix,3420,RenderSystem_Direct3D11.dll!?createImpl@D3D11GpuProgramManager@Ogre@@MAEPAVResource@2@ABV?$basic_string@DU?$char_traits@D@std@@V?$allocator@D@2@@std@@_K0_NPAVManualResourceLoader@2@W4GpuProgramType@2@0@Z+0x613b,RenderSystem_Direct3D11.dll,3,0.0216,13887,20.0
fourteam_move_prefix,3420,nvwgf2um.dll!NVENCODEAPI_Thunk+0x21761a,nvwgf2um.dll,3,0.0216,13887,20.0
fourteam_move_prefix,3420,MSVCR120.dll!__libm_sse2_asinf+0x1f4,MSVCR120.dll,3,0.0216,13887,20.0
fourteam_move_prefix,3420,OgreMain.dll!?clone@Animation@Ogre@@QBEPAV12@ABV?$basic_string@DU?$char_traits@D@std@@V?$allocator@D@2@@std@@@Z+0x2f4,OgreMain.dll,3,0.0216,13887,20.0
fourteam_move_prefix,3420,OgreMain.dll!?queryLights@MovableObject@Ogre@@UBEABV?$HashedVector@PAVLight@Ogre@@@2@XZ+0x1,OgreMain.dll,3,0.0216,13887,20.0
fourteam_move_prefix,3420,OgreMain.dll!?_updateAutoParams@GpuProgramParameters@Ogre@@QAEXPBVAutoParamDataSource@2@G@Z+0x1eb5,OgreMain.dll,3,0.0216,13887,20.0
fourteam_move_prefix,3420,OgreMain.dll!?renderSingleObject@SceneManager@Ogre@@MAEXPAVRenderable@2@PBVPass@2@_N2PBV?$HashedVector@PAVLight@Ogre@@@2@@Z+0x64,OgreMain.dll,3,0.0216,13887,20.0
fourteam_move_prefix,3420,MSVCR120.dll!__libm_sse2_asinf+0xd6,MSVCR120.dll,3,0.0216,13887,20.0
fourteam_move_prefix,3420,OgreMain.dll!?normalise@Vector3@Ogre@@QAEMXZ+0x9,OgreMain.dll,3,0.0216,13887,20.0
fourteam_move_prefix,3420,ntdll.dll!_KiUserCallbackDispatcher@12,ntdll.dll,3,0.0216,13887,20.0
fourteam_move_prefix,3420,nvwgf2um.dll!SetDependencyInfo+0x4b369,nvwgf2um.dll,3,0.0216,13887,20.0
fourteam_move_prefix,3420,OgreMain.dll!?getDistance@Plane@Ogre@@QBEMABVVector3@2@@Z,OgreMain.dll,3,0.0216,13887,20.0
fourteam_move_prefix,3420,OgreMain.dll!?getLight@AutoParamDataSource@Ogre@@IBEABVLight@2@I@Z+0x16,OgreMain.dll,3,0.0216,13887,20.0
fourteam_move_prefix,3420,ntdll.dll!__woutput_l+0x8b5,ntdll.dll,3,0.0216,13887,20.0
fourteam_move_prefix,3420,battlezone98redux.exe!sub_663800,battlezone98redux.exe,3,0.0216,13887,20.0
fourteam_move_prefix,3420,OgreMain.dll!?isVisible@Frustum@Ogre@@UBE_NABVAxisAlignedBox@2@PAW4FrustumPlane@2@@Z+0x76,OgreMain.dll,3,0.0216,13887,20.0
fourteam_move_prefix,3420,OgreMain.dll!?lock@HardwareBuffer@Ogre@@UAEPAXIIW4LockOptions@12@W4UploadOptions@12@@Z+0x122,OgreMain.dll,3,0.0216,13887,20.0
fourteam_move_prefix,3420,battlezone98redux.exe!sub_4245c0,battlezone98redux.exe,3,0.0216,13887,20.0
fourteam_move_prefix,3420,OgreMain.dll!?getLightDiffuseColourWithPower@AutoParamDataSource@Ogre@@UBE?BVColourValue@2@I@Z+0x3a,OgreMain.dll,3,0.0216,13887,20.0
fourteam_move_prefix,3420,MSVCR120.dll!__libm_sse2_asinf+0x1c,MSVCR120.dll,3,0.0216,13887,20.0
fourteam_move_prefix,3420,OgreMain.dll!?angleBetween@Vector3@Ogre@@QBE?AVRadian@2@ABV12@@Z+0x6a,OgreMain.dll,3,0.0216,13887,20.0
fourteam_move_prefix,3420,OgreMain.dll+0x4ae3,OgreMain.dll,3,0.0216,13887,20.0
fourteam_move_prefix,3420,RenderSystem_Direct3D11.dll!?getConstantBuffer@D3D11HLSLProgram@Ogre@@QAEPAUID3D11Buffer@@V?$SharedPtr@VGpuProgramParameters@Ogre@@@2@G@Z+0x48,RenderSystem_Direct3D11.dll,3,0.0216,13887,20.0
fourteam_move_prefix,3420,OgreMain.dll!?_detectImplementation@OptimisedUtil@Ogre@@KAPAV12@XZ+0x4630,OgreMain.dll,3,0.0216,13887,20.0
fourteam_move_prefix,3420,RenderSystem_Direct3D11.dll!?_render@D3D11RenderSystem@Ogre@@UAEXABVRenderOperation@2@@Z+0x1a47,RenderSystem_Direct3D11.dll,3,0.0216,13887,20.0
fourteam_move_prefix,3420,MSVCR120.dll!__libm_sse2_cosf+0x7c,MSVCR120.dll,3,0.0216,13887,20.0
fourteam_move_prefix,3420,RenderSystem_Direct3D11.dll!?getD3DVertexBuffer@D3D11HardwareVertexBuffer@Ogre@@QBEPAUID3D11Buffer@@XZ+0x3,RenderSystem_Direct3D11.dll,3,0.0216,13887,20.0
fourteam_move_prefix,3420,RenderSystem_Direct3D11.dll!?getD3DConstantBuffer@D3D11HardwareUniformBuffer@Ogre@@QBEPAUID3D11Buffer@@XZ+0x6,RenderSystem_Direct3D11.dll,3,0.0216,13887,20.0
fourteam_move_prefix,3420,ntdll.dll!__aulldvrm+0x1d,ntdll.dll,3,0.0216,13887,20.0
fourteam_move_prefix,3420,OgreMain.dll!?touch@Resource@Ogre@@UAEXXZ+0x17,OgreMain.dll,3,0.0216,13887,20.0
fourteam_move_prefix,3420,OgreMain.dll!?clone@Animation@Ogre@@QBEPAV12@ABV?$basic_string@DU?$char_traits@D@std@@V?$allocator@D@2@@std@@@Z+0x2ce,OgreMain.dll,3,0.0216,13887,20.0
fourteam_move_prefix,3420,nvwgf2um.dll!OpenAdapter10+0x74e6e,nvwgf2um.dll,3,0.0216,13887,20.0
fourteam_move_prefix,3420,RenderSystem_Direct3D11.dll!?getMonitorSequentialNumberFromSwapChain@MonitorInfo@Ogre@@QAEGPAUIDXGISwapChain@@_N@Z+0xf44,RenderSystem_Direct3D11.dll,3,0.0216,13887,20.0
fourteam_move_prefix,3420,OgreMain.dll!?getSide@Plane@Ogre@@QBE?AW4Side@12@ABVVector3@2@0@Z+0x64,OgreMain.dll,3,0.0216,13887,20.0
fourteam_move_prefix,3420,MSVCR120.dll!memcpy+0x6,MSVCR120.dll,3,0.0216,13887,20.0
fourteam_move_prefix,3420,battlezone98redux.exe!sub_4d44f0,battlezone98redux.exe,3,0.0216,13887,20.0
fourteam_move_prefix,3420,OgreMain.dll!?_detectImplementation@OptimisedUtil@Ogre@@KAPAV12@XZ+0x464e,OgreMain.dll,3,0.0216,13887,20.0
fourteam_move_prefix,3420,MSVCR120.dll!__libm_sse2_asinf+0x1f0,MSVCR120.dll,3,0.0216,13887,20.0
fourteam_move_prefix,3420,OgreMain.dll!?_notifyCurrentCamera@Entity@Ogre@@UAEXPAVCamera@2@@Z+0x45,OgreMain.dll,3,0.0216,13887,20.0
fourteam_move_prefix,3420,RenderSystem_Direct3D11.dll!?_setTexture@D3D11RenderSystem@Ogre@@UAEXI_NABV?$SharedPtr@VTexture@Ogre@@@2@@Z+0x94,RenderSystem_Direct3D11.dll,3,0.0216,13887,20.0
fourteam_move_prefix,3420,OgreMain.dll+0x2b819,OgreMain.dll,3,0.0216,13887,20.0
fourteam_move_prefix,3420,ntdll.dll!_RtlAbPostRelease@8+0x28,ntdll.dll,3,0.0216,13887,20.0
fourteam_move_prefix,3420,d3d11.dll+0x2b4da,d3d11.dll,3,0.0216,13887,20.0
fourteam_move_prefix,3420,OgreMain.dll!?_findNamedConstantDefinition@GpuProgramParameters@Ogre@@QBEPBUGpuConstantDefinition@2@ABV?$basic_string@DU?$char_traits@D@std@@V?$allocator@D@2@@std@@_N@Z+0x1b4,OgreMain.dll,3,0.0216,13887,20.0
fourteam_move_prefix,3420,battlezone98redux.exe!sub_4d4610,battlezone98redux.exe,3,0.0216,13887,20.0
fourteam_move_prefix,3420,battlezone98redux.exe!sub_473890,battlezone98redux.exe,3,0.0216,13887,20.0
fourteam_move_prefix,3420,OgreMain.dll!?isHardwareAnimationEnabled@Entity@Ogre@@QAE_NXZ+0x8f,OgreMain.dll,3,0.0216,13887,20.0
fourteam_move_prefix,3420,MSVCR120.dll!__libm_sse2_asinf+0x78,MSVCR120.dll,3,0.0216,13887,20.0
fourteam_move_prefix,3420,battlezone98redux.exe!sub_5fb450,battlezone98redux.exe,3,0.0216,13887,20.0
fourteam_move_prefix,3420,OgreMain.dll!??4GpuSharedParametersUsage@Ogre@@QAEAAV01@ABV01@@Z+0x27a6,OgreMain.dll,3,0.0216,13887,20.0
fourteam_move_prefix,3420,OgreMain.dll!?updateGpuProgramParameters@SceneManager@Ogre@@MAEXPBVPass@2@@Z+0x69,OgreMain.dll,3,0.0216,13887,20.0
fourteam_move_prefix,3420,OgreMain.dll!?getManualBonesDirty@Skeleton@Ogre@@UBE_NXZ+0x6,OgreMain.dll,3,0.0216,13887,20.0
fourteam_move_prefix,3420,battlezone98redux.exe!sub_4de9d0,battlezone98redux.exe,3,0.0216,13887,20.0
fourteam_move_prefix,3420,OgreMain.dll!?getViewMatrix@Camera@Ogre@@QBEABVMatrix4@2@_N@Z+0x7,OgreMain.dll,3,0.0216,13887,20.0
fourteam_move_prefix,3420,OgreMain.dll!?getTextureUnitStateIterator@Pass@Ogre@@QBE?AV?$ConstVectorIterator@V?$vector@PAVTextureUnitState@Ogre@@V?$STLAllocator@PAVTextureUnitState@Ogre@@V?$CategorisedAllocPolicy@$0A@@2@@2@@std@@@2@XZ+0x17,OgreMain.dll,3,0.0216,13887,20.0
fourteam_move_prefix,3420,OgreMain.dll+0x2c20,OgreMain.dll,3,0.0216,13887,20.0
fourteam_move_prefix,3420,MSVCR120.dll!__libm_sse2_acosf+0x11b,MSVCR120.dll,3,0.0216,13887,20.0
fourteam_move_prefix,3420,battlezone98redux.exe!sub_67b990,battlezone98redux.exe,3,0.0216,13887,20.0
fourteam_move_prefix,3420,OgreMain.dll!?getLightAs4DVector@AutoParamDataSource@Ogre@@UBE?AVVector4@2@I@Z+0x17,OgreMain.dll,3,0.0216,13887,20.0
fourteam_move_prefix,3420,OgreMain.dll!?isInLightRange@Light@Ogre@@QBE_NABVSphere@2@@Z+0xe4,OgreMain.dll,3,0.0216,13887,20.0
fourteam_move_prefix,3420,OgreMain.dll!?angleBetween@Vector3@Ogre@@QBE?AVRadian@2@ABV12@@Z+0x6e,OgreMain.dll,3,0.0216,13887,20.0
fourteam_move_prefix,3420,nvwgf2um.dll!NVAPI_DirectMethods+0x60718,nvwgf2um.dll,3,0.0216,13887,20.0
fourteam_move_prefix,3420,d3d11.dll!CreateDirect3D11DeviceFromDXGIDevice+0x9d997,d3d11.dll,3,0.0216,13887,20.0
fourteam_move_prefix,3420,battlezone98redux.exe!sub_417460,battlezone98redux.exe,3,0.0216,13887,20.0
fourteam_move_prefix,3420,MSVCR120.dll!ceil+0x1b6,MSVCR120.dll,3,0.0216,13887,20.0
fourteam_move_prefix,3420,ntdll.dll!_RtlCustomCPToUnicodeN@24+0x104,ntdll.dll,3,0.0216,13887,20.0
fourteam_move_prefix,3420,nvwgf2um.dll!OpenAdapter10+0x74f64,nvwgf2um.dll,3,0.0216,13887,20.0
fourteam_move_prefix,3420,OgreMain.dll!?clone@Animation@Ogre@@QBEPAV12@ABV?$basic_string@DU?$char_traits@D@std@@V?$allocator@D@2@@std@@@Z+0x277,OgreMain.dll,3,0.0216,13887,20.0
fourteam_move_prefix,3420,OgreMain.dll!?isInLightRange@Light@Ogre@@QBE_NABVSphere@2@@Z+0x4e,OgreMain.dll,3,0.0216,13887,20.0
fourteam_move_prefix,3420,OgreMain.dll!?_findVisibleObjects@SceneNode@Ogre@@UAEXPAVCamera@2@PAVRenderQueue@2@PAUVisibleObjectsBoundsInfo@2@_N33@Z+0x68,OgreMain.dll,3,0.0216,13887,20.0
fourteam_move_prefix,3420,battlezone98redux.exe!sub_784d10,battlezone98redux.exe,3,0.0216,13887,20.0
fourteam_move_prefix,3420,d3d11.dll+0x30d7a,d3d11.dll,3,0.0216,13887,20.0
fourteam_move_prefix,3420,OgreMain.dll!?_updateAutoParams@GpuProgramParameters@Ogre@@QAEXPBVAutoParamDataSource@2@G@Z+0x1c20,OgreMain.dll,3,0.0216,13887,20.0
fourteam_move_prefix,3420,battlezone98redux.exe!sub_778450,battlezone98redux.exe,3,0.0216,13887,20.0
fourteam_move_prefix,3420,battlezone98redux.exe!swap<>,battlezone98redux.exe,3,0.0216,13887,20.0
fourteam_move_prefix,3420,OgreMain.dll!?angleBetween@Vector3@Ogre@@QBE?AVRadian@2@ABV12@@Z+0x1c,OgreMain.dll,3,0.0216,13887,20.0
fourteam_move_prefix,3420,ntdll.dll!_ZwQueryInformationThread@20+0xc,ntdll.dll,3,0.0216,13887,20.0
fourteam_move_prefix,3420,KERNEL32.DLL!FlsGetValue+0x1d,KERNEL32.DLL,3,0.0216,13887,20.0
fourteam_move_prefix,3420,battlezone98redux.exe!sub_4dfbf0,battlezone98redux.exe,3,0.0216,13887,20.0
fourteam_move_prefix,3420,battlezone98redux.exe!sub_462380,battlezone98redux.exe,3,0.0216,13887,20.0
fourteam_move_prefix,3420,battlezone98redux.exe!sub_416290,battlezone98redux.exe,3,0.0216,13887,20.0
fourteam_move_prefix,3420,OgreMain.dll!?_findVisibleObjects@SceneNode@Ogre@@UAEXPAVCamera@2@PAVRenderQueue@2@PAUVisibleObjectsBoundsInfo@2@_N33@Z+0x20,OgreMain.dll,3,0.0216,13887,20.0
fourteam_move_prefix,3420,OgreMain.dll!?_updateAutoParams@GpuProgramParameters@Ogre@@QAEXPBVAutoParamDataSource@2@G@Z+0x1,OgreMain.dll,3,0.0216,13887,20.0
fourteam_move_prefix,3420,OgreMain.dll!?getWorldViewProjMatrix@AutoParamDataSource@Ogre@@UBEABVMatrix4@2@XZ,OgreMain.dll,3,0.0216,13887,20.0
fourteam_move_prefix,3420,OgreMain.dll!?_updateBounds@SceneNode@Ogre@@UAEXXZ+0x29d,OgreMain.dll,3,0.0216,13887,20.0
fourteam_move_prefix,3420,ntdll.dll!_RtlCustomCPToUnicodeN@24+0x43,ntdll.dll,3,0.0216,13887,20.0
fourteam_move_prefix,3420,OgreMain.dll!?merge@VisibleObjectsBoundsInfo@Ogre@@QAEXABVAxisAlignedBox@2@ABVSphere@2@PBVCamera@2@_N@Z+0x13d,OgreMain.dll,3,0.0216,13887,20.0
fourteam_move_prefix,3420,OgreMain.dll!?addRenderable@RenderPriorityGroup@Ogre@@QAEXPAVRenderable@2@PAVTechnique@2@@Z+0x4d,OgreMain.dll,3,0.0216,13887,20.0
fourteam_move_prefix,3420,OgreMain.dll!?getDistance@Plane@Ogre@@QBEMABVVector3@2@@Z+0x2f,OgreMain.dll,3,0.0216,13887,20.0
fourteam_move_prefix,3420,OgreMain.dll!?hasViewRelativeTextureCoordinateGeneration@TextureUnitState@Ogre@@QBE_NXZ+0xdb,OgreMain.dll,3,0.0216,13887,20.0
fourteam_move_prefix,3420,RenderSystem_Direct3D11.dll!?bindGpuProgramParameters@D3D11RenderSystem@Ogre@@UAEXW4GpuProgramType@2@V?$SharedPtr@VGpuProgramParameters@Ogre@@@2@G@Z,RenderSystem_Direct3D11.dll,3,0.0216,13887,20.0
fourteam_move_prefix,3420,OgreMain.dll!?_findVisibleObjects@SceneNode@Ogre@@UAEXPAVCamera@2@PAVRenderQueue@2@PAUVisibleObjectsBoundsInfo@2@_N33@Z+0x51,OgreMain.dll,3,0.0216,13887,20.0
fourteam_move_prefix,3420,RenderSystem_Direct3D11.dll!?unlockImpl@D3D11HardwareBuffer@Ogre@@MAEXXZ+0x53,RenderSystem_Direct3D11.dll,3,0.0216,13887,20.0
fourteam_move_prefix,3420,OgreMain.dll!?RealEqual@Math@Ogre@@SA_NMMM@Z+0x8,OgreMain.dll,3,0.0216,13887,20.0
fourteam_move_prefix,3420,OgreMain.dll!?getBestTechnique@Material@Ogre@@QAEPAVTechnique@2@GPBVRenderable@2@@Z+0x27,OgreMain.dll,3,0.0216,13887,20.0
fourteam_move_prefix,3420,d3d11.dll!CreateDirect3D11DeviceFromDXGIDevice+0x9f903,d3d11.dll,3,0.0216,13887,20.0
fourteam_move_prefix,3420,d3d11.dll+0x35e92,d3d11.dll,3,0.0216,13887,20.0
fourteam_move_prefix,3420,OgreMain.dll!?_updateBounds@SceneNode@Ogre@@UAEXXZ+0x283,OgreMain.dll,3,0.0216,13887,20.0
fourteam_move_prefix,3420,OgreMain.dll!?lock@HardwareBuffer@Ogre@@UAEPAXIIW4LockOptions@12@W4UploadOptions@12@@Z+0x103,OgreMain.dll,3,0.0216,13887,20.0
fourteam_move_prefix,3420,ntdll.dll!write_char+0x8,ntdll.dll,3,0.0216,13887,20.0
fourteam_move_prefix,3420,d3d11.dll+0x2b4c8,d3d11.dll,3,0.0216,13887,20.0
fourteam_move_prefix,3420,OgreMain.dll!?_detectImplementation@OptimisedUtil@Ogre@@KAPAV12@XZ+0x44b7,OgreMain.dll,3,0.0216,13887,20.0
fourteam_move_prefix,3420,battlezone98redux.exe!sub_4c85a0,battlezone98redux.exe,3,0.0216,13887,20.0
fourteam_move_prefix,3420,battlezone98redux.exe!sub_684ca0,battlezone98redux.exe,3,0.0216,13887,20.0
fourteam_move_prefix,3420,ntdll.dll!_RtlCustomCPToUnicodeN@24+0xc,ntdll.dll,3,0.0216,13887,20.0
fourteam_move_prefix,3420,OgreMain.dll!?_updateAutoParams@GpuProgramParameters@Ogre@@QAEXPBVAutoParamDataSource@2@G@Z+0x1efa,OgreMain.dll,3,0.0216,13887,20.0
fourteam_move_prefix,3420,OgreMain.dll!??1QueuedRenderableCollection@Ogre@@QAE@XZ+0xb13,OgreMain.dll,3,0.0216,13887,20.0
fourteam_move_prefix,3420,ntdll.dll!_LdrpLogInternal+0x45,ntdll.dll,3,0.0216,13887,20.0
fourteam_move_prefix,3420,OgreMain.dll!?visitRenderables@Entity@Ogre@@UAEXPAVVisitor@Renderable@2@_N@Z+0x2f,OgreMain.dll,3,0.0216,13887,20.0
fourteam_move_prefix,3420,OgreMain.dll!?getHalfSize@AxisAlignedBox@Ogre@@QBE?AVVector3@2@XZ+0x1,OgreMain.dll,3,0.0216,13887,20.0
fourteam_move_prefix,3420,OgreMain.dll!?isViewOutOfDate@Camera@Ogre@@MBE_NXZ+0xa,OgreMain.dll,3,0.0216,13887,20.0
fourteam_move_prefix,3420,OgreMain.dll!?getLodStrategy@Mesh@Ogre@@QBEPBVLodStrategy@2@XZ+0x6,OgreMain.dll,3,0.0216,13887,20.0
fourteam_move_prefix,3420,battlezone98redux.exe!sub_6786f0,battlezone98redux.exe,3,0.0216,13887,20.0
fourteam_move_prefix,3420,OgreMain.dll!?updateGpuProgramParameters@SceneManager@Ogre@@MAEXPBVPass@2@@Z+0x8b,OgreMain.dll,3,0.0216,13887,20.0
fourteam_move_prefix,3420,OgreMain.dll!?getLightAs4DVector@AutoParamDataSource@Ogre@@UBE?AVVector4@2@I@Z+0x12,OgreMain.dll,3,0.0216,13887,20.0
fourteam_move_prefix,3420,OgreMain.dll!?isVisible@Frustum@Ogre@@UBE_NABVAxisAlignedBox@2@PAW4FrustumPlane@2@@Z,OgreMain.dll,3,0.0216,13887,20.0
fourteam_move_prefix,3420,OgreMain.dll!?isFrustumOutOfDate@Frustum@Ogre@@MBE_NXZ+0x1,OgreMain.dll,3,0.0216,13887,20.0
fourteam_move_prefix,3420,battlezone98redux.exe!sub_689a20,battlezone98redux.exe,3,0.0216,13887,20.0
fourteam_move_prefix,3420,RenderSystem_Direct3D11.dll!?lock@D3D11HardwareUniformBuffer@Ogre@@UAEPAXIIW4LockOptions@HardwareBuffer@2@W4UploadOptions@42@@Z+0x6,RenderSystem_Direct3D11.dll,3,0.0216,13887,20.0
fourteam_move_prefix,3420,OgreMain.dll!?_updateBounds@SceneNode@Ogre@@UAEXXZ+0x2de,OgreMain.dll,3,0.0216,13887,20.0
fourteam_move_prefix,3420,OgreMain.dll!?addRenderable@RenderQueue@Ogre@@QAEXPAVRenderable@2@@Z+0x1,OgreMain.dll,3,0.0216,13887,20.0
fourteam_move_prefix,3420,OgreMain.dll!?findLightsAffectingFrustum@SceneManager@Ogre@@MAEXPBVCamera@2@@Z+0xd8,OgreMain.dll,3,0.0216,13887,20.0
