label,thread,symbol,inclusive_samples,inclusive_percent,total_samples,window_seconds
fourteam_move_prefix,3420,battlezone98redux.exe!sub_618270,13863,99.8272,13887,20.0
fourteam_move_prefix,3420,battlezone98redux.exe!sub_618a40,13861,99.8128,13887,20.0
fourteam_move_prefix,3420,battlezone98redux.exe!sub_619fc0,13853,99.7552,13887,20.0
fourteam_move_prefix,3420,battlezone98redux.exe!sub_618ff0,13848,99.7192,13887,20.0
fourteam_move_prefix,3420,battlezone98redux.exe!sub_618b10,13846,99.7048,13887,20.0
fourteam_move_prefix,3420,battlezone98redux.exe!entry,13836,99.6328,13887,20.0
fourteam_move_prefix,3420,battlezone98redux.exe!sub_618130,13834,99.6183,13887,20.0
fourteam_move_prefix,3420,KERNEL32.DLL!BaseThreadInitThunk+0x19,13831,99.5967,13887,20.0
fourteam_move_prefix,3420,ntdll.dll!___RtlUserThreadStart@8+0x2b,13826,99.5607,13887,20.0
fourteam_move_prefix,3420,ntdll.dll!__RtlUserThreadStart@8+0x1b,13804,99.4023,13887,20.0
fourteam_move_prefix,3420,OgreMain.dll!?renderOneFrame@Root@Ogre@@QAE_NXZ+0x17,8887,63.9951,13887,20.0
fourteam_move_prefix,3420,RenderSystem_Direct3D11.dll!?_updateAllRenderTargets@D3D11RenderSystem@Ogre@@UAEX_N@Z+0x3e,8469,60.9851,13887,20.0
fourteam_move_prefix,3420,OgreMain.dll!?_updateAllRenderTargets@Root@Ogre@@QAE_NXZ+0x17,8469,60.9851,13887,20.0
fourteam_move_prefix,3420,OgreMain.dll!?_updateAllRenderTargets@RenderSystem@Ogre@@UAEX_N@Z+0x3d,8467,60.9707,13887,20.0
fourteam_move_prefix,3420,OgreMain.dll!?updateImpl@RenderTarget@Ogre@@MAEXXZ+0x17,8420,60.6322,13887,20.0
fourteam_move_prefix,3420,OgreMain.dll!?_updateAutoUpdatedViewports@RenderTarget@Ogre@@UAEX_N@Z+0x30,8415,60.5962,13887,20.0
fourteam_move_prefix,3420,OgreMain.dll!?update@Viewport@Ogre@@QAEXXZ+0x23,8396,60.4594,13887,20.0
fourteam_move_prefix,3420,OgreMain.dll!?_renderScene@Camera@Ogre@@QAEXPAVViewport@2@_N@Z+0xf3,8375,60.3082,13887,20.0
fourteam_move_prefix,3420,OgreMain.dll!?updateImpl@RenderTarget@Ogre@@MAEXXZ+0xb,8099,58.3207,13887,20.0
fourteam_move_prefix,3420,OgreMain.dll!?_beginUpdate@RenderTarget@Ogre@@UAEXXZ+0xb,8098,58.3135,13887,20.0
fourteam_move_prefix,3420,OgreMain.dll!?preRenderTargetUpdate@CompositorChain@Ogre@@UAEXABURenderTargetEvent@2@@Z+0x6c,8086,58.2271,13887,20.0
fourteam_move_prefix,3420,OgreMain.dll!?_renderScene@SceneManager@Ogre@@UAEXPAVCamera@2@PAVViewport@2@_N@Z+0x5c0,5917,42.6082,13887,20.0
fourteam_move_prefix,3420,OgreMain.dll!?renderVisibleObjectsDefaultSequence@SceneManager@Ogre@@MAEXXZ+0xd0,5640,40.6135,13887,20.0
fourteam_move_prefix,3420,OgreMain.dll!?renderObjects@SceneManager@Ogre@@MAEXABVQueuedRenderableCollection@2@W4OrganisationMode@32@_N2PBV?$HashedVector@PAVLight@Ogre@@@2@@Z+0x45,5619,40.4623,13887,20.0
fourteam_move_prefix,3420,OgreMain.dll!?acceptVisitor@QueuedRenderableCollection@Ogre@@QBEXPAVQueuedRenderableVisitor@2@W4OrganisationMode@12@@Z+0xf6,5395,38.8493,13887,20.0
fourteam_move_prefix,3420,OgreMain.dll!?acceptVisitorGrouped@QueuedRenderableCollection@Ogre@@IBEXPAVQueuedRenderableVisitor@2@@Z+0x6a,5260,37.8772,13887,20.0
fourteam_move_prefix,3420,OgreMain.dll!?visit@SceneMgrQueuedRenderableVisitor@SceneManager@Ogre@@UAEXPAVRenderable@3@@Z+0x35,5237,37.7115,13887,20.0
fourteam_move_prefix,3420,OgreMain.dll!?_renderQueueGroupObjects@SceneManager@Ogre@@UAEXPAVRenderQueueGroup@2@W4OrganisationMode@QueuedRenderableCollection@2@@Z+0x111,3829,27.5725,13887,20.0
fourteam_move_prefix,3420,OgreMain.dll!?renderBasicQueueGroupObjects@SceneManager@Ogre@@MAEXPAVRenderQueueGroup@2@W4OrganisationMode@QueuedRenderableCollection@2@@Z+0x8c,3604,25.9523,13887,20.0
fourteam_move_prefix,3420,OgreMain.dll!?_renderScene@SceneManager@Ogre@@UAEXPAVCamera@2@PAVViewport@2@_N@Z+0x246,2776,19.9899,13887,20.0
fourteam_move_prefix,3420,OgreMain.dll!?prepareShadowTextures@SceneManager@Ogre@@UAEXPAVCamera@2@PAVViewport@2@PBV?$HashedVector@PAVLight@Ogre@@@2@@Z+0x39f,2698,19.4282,13887,20.0
fourteam_move_prefix,3420,OgreMain.dll!?renderSingleObject@SceneManager@Ogre@@MAEXPAVRenderable@2@PBVPass@2@_N2PBV?$HashedVector@PAVLight@Ogre@@@2@@Z+0x9a0,2507,18.0529,13887,20.0
fourteam_move_prefix,3420,OgreMain.dll!?_issueRenderOp@SceneManager@Ogre@@UAEXPAVRenderable@2@PBVPass@2@@Z+0x30,2452,17.6568,13887,20.0
fourteam_move_prefix,3420,OgreMain.dll!?_findVisibleObjects@SceneManager@Ogre@@UAEXPAVCamera@2@PAUVisibleObjectsBoundsInfo@2@_N@Z+0x3a,2022,14.5604,13887,20.0
fourteam_move_prefix,3420,OgreMain.dll!?_renderScene@SceneManager@Ogre@@UAEXPAVCamera@2@PAVViewport@2@_N@Z+0x3cb,2022,14.5604,13887,20.0
fourteam_move_prefix,3420,OgreMain.dll!?_findVisibleObjects@SceneNode@Ogre@@UAEXPAVCamera@2@PAVRenderQueue@2@PAUVisibleObjectsBoundsInfo@2@_N33@Z+0x89,1933,13.9195,13887,20.0
fourteam_move_prefix,3420,battlezone98redux.exe!sub_6175c0,1929,13.8907,13887,20.0
fourteam_move_prefix,3420,battlezone98redux.exe!sub_6176a0,1928,13.8835,13887,20.0
fourteam_move_prefix,3420,battlezone98redux.exe!sub_617600,1810,13.0338,13887,20.0
fourteam_move_prefix,3420,OgreMain.dll!?_renderQueueGroupObjects@SceneManager@Ogre@@UAEXPAVRenderQueueGroup@2@W4OrganisationMode@QueuedRenderableCollection@2@@Z+0xb6,1807,13.0122,13887,20.0
fourteam_move_prefix,3420,battlezone98redux.exe!sub_4b6f10,1794,12.9186,13887,20.0
fourteam_move_prefix,3420,OgreMain.dll!?renderTextureShadowCasterQueueGroupObjects@SceneManager@Ogre@@MAEXPAVRenderQueueGroup@2@W4OrganisationMode@QueuedRenderableCollection@2@@Z+0x124,1793,12.9114,13887,20.0
fourteam_move_prefix,3420,battlezone98redux.exe!sub_4b6db0,1793,12.9114,13887,20.0
fourteam_move_prefix,3420,OgreMain.dll!?_findVisibleObjects@SceneNode@Ogre@@UAEXPAVCamera@2@PAVRenderQueue@2@PAUVisibleObjectsBoundsInfo@2@_N33@Z+0x51,1741,12.5369,13887,20.0
fourteam_move_prefix,3420,WINMM.dll@6e1d0000!BZROpenShim::`anonymous namespace'::ProcessVisibleObjectHook+0x170,1661,11.9608,13887,20.0
fourteam_move_prefix,3420,battlezone98redux.exe!sub_45bf90,1632,11.752,13887,20.0
fourteam_move_prefix,3420,battlezone98redux.exe!sub_50aa10,1611,11.6008,13887,20.0
fourteam_move_prefix,3420,battlezone98redux.exe!sub_45d240,1608,11.5792,13887,20.0
fourteam_move_prefix,3420,battlezone98redux.exe!sub_5fa6e0,1574,11.3343,13887,20.0
fourteam_move_prefix,3420,OgreMain.dll!?renderSingleObject@SceneManager@Ogre@@MAEXPAVRenderable@2@PBVPass@2@_N2PBV?$HashedVector@PAVLight@Ogre@@@2@@Z+0xaf4,1569,11.2983,13887,20.0
fourteam_move_prefix,3420,battlezone98redux.exe!sub_5faac0,1566,11.2767,13887,20.0
fourteam_move_prefix,3420,battlezone98redux.exe!sub_6002a0,1553,11.1831,13887,20.0
fourteam_move_prefix,3420,battlezone98redux.exe!sub_5fb770,1545,11.1255,13887,20.0
fourteam_move_prefix,3420,battlezone98redux.exe!sub_4e63c0,1522,10.9599,13887,20.0
fourteam_move_prefix,3420,OgreMain.dll!?_issueRenderOp@SceneManager@Ogre@@UAEXPAVRenderable@2@PBVPass@2@@Z+0x73,1517,10.9239,13887,20.0
fourteam_move_prefix,3420,battlezone98redux.exe!sub_601250,1321,9.5125,13887,20.0
fourteam_move_prefix,3420,OgreMain.dll!?processVisibleObject@RenderQueue@Ogre@@QAEXPAVMovableObject@2@PAVCamera@2@_NPAUVisibleObjectsBoundsInfo@2@@Z+0xb0,1184,8.526,13887,20.0
fourteam_move_prefix,3420,battlezone98redux.exe!sub_493ec0,1079,7.7699,13887,20.0
fourteam_move_prefix,3420,OgreMain.dll!?updateGpuProgramParameters@SceneManager@Ogre@@MAEXPBVPass@2@@Z+0x62,970,6.9849,13887,20.0
fourteam_move_prefix,3420,KERNELBASE.dll!GetModuleHandleA+0x23,932,6.7113,13887,20.0
fourteam_move_prefix,3420,ntdll.dll!_LdrGetDllHandle@16+0x18,925,6.6609,13887,20.0
fourteam_move_prefix,3420,KERNELBASE.dll!GetModuleHandleW+0x2e,925,6.6609,13887,20.0
fourteam_move_prefix,3420,OgreMain.dll!?queryLights@MovableObject@Ogre@@UBEABV?$HashedVector@PAVLight@Ogre@@@2@XZ+0xc4,902,6.4953,13887,20.0
fourteam_move_prefix,3420,OgreMain.dll!?findLights@SceneNode@Ogre@@UBEXAAV?$HashedVector@PAVLight@Ogre@@@2@MI@Z+0x29,902,6.4953,13887,20.0
fourteam_move_prefix,3420,OgreMain.dll!?renderSingleObject@SceneManager@Ogre@@MAEXPAVRenderable@2@PBVPass@2@_N2PBV?$HashedVector@PAVLight@Ogre@@@2@@Z+0x322,901,6.4881,13887,20.0
fourteam_move_prefix,3420,OgreMain.dll!?_populateLightList@SceneManager@Ogre@@UAEXPBVSceneNode@2@MAAV?$HashedVector@PAVLight@Ogre@@@2@I@Z+0x2e,900,6.4809,13887,20.0
fourteam_move_prefix,3420,WINMM.dll@6e1d0000!BZROpenShim::`anonymous namespace'::UnitTurboBeginHook+0xd,886,6.3801,13887,20.0
fourteam_move_prefix,3420,ntdll.dll!_LdrpLogInternal+0x27,820,5.9048,13887,20.0
fourteam_move_prefix,3420,ntdll.dll!_LdrpWriteToSnapsBuffer@16+0xc7,757,5.4511,13887,20.0
fourteam_move_prefix,3420,battlezone98redux.exe!sub_618060,745,5.3647,13887,20.0
fourteam_move_prefix,3420,OgreMain.dll!?_populateLightList@SceneManager@Ogre@@UAEXABVVector3@2@MAAV?$HashedVector@PAVLight@Ogre@@@2@I@Z+0x140,694,4.9975,13887,20.0
fourteam_move_prefix,3420,OgreMain.dll!?updateGpuProgramParameters@SceneManager@Ogre@@MAEXPBVPass@2@@Z+0x8b,676,4.8679,13887,20.0
fourteam_move_prefix,3420,battlezone98redux.exe!sub_4933e0,663,4.7742,13887,20.0
fourteam_move_prefix,3420,WINMM.dll@6e1d0000!BZROpenShim::`anonymous namespace'::AutoSaveWorldUpdateRenderQueueHook+0x16,661,4.7598,13887,20.0
fourteam_move_prefix,3420,WINMM.dll@6e1d0000!__std_fs_get_stats+0x9e,649,4.6734,13887,20.0
fourteam_move_prefix,3420,KERNELBASE.dll!GetFileAttributesExW+0x13,649,4.6734,13887,20.0
fourteam_move_prefix,3420,OgreMain.dll!?_updateAutoParams@Pass@Ogre@@QBEXPBVAutoParamDataSource@2@G@Z+0x103,646,4.6518,13887,20.0
fourteam_move_prefix,3420,ntdll.dll!_ZwQueryFullAttributesFile@8+0xc,635,4.5726,13887,20.0
fourteam_move_prefix,3420,battlezone98redux.exe!sub_62bc80,615,4.4286,13887,20.0
fourteam_move_prefix,3420,battlezone98redux.exe!sub_62bd40,613,4.4142,13887,20.0
fourteam_move_prefix,3420,battlezone98redux.exe!sub_4deec0,612,4.407,13887,20.0
fourteam_move_prefix,3420,battlezone98redux.exe!sub_4ebfd0,607,4.371,13887,20.0
fourteam_move_prefix,3420,ntdll.dll!_LdrpGenerateSnapsUnicodeStrings@28+0x141,602,4.335,13887,20.0
fourteam_move_prefix,3420,ntdll.dll!RtlStringCchPrintfExW+0x65,597,4.299,13887,20.0
fourteam_move_prefix,3420,OgreMain.dll!?updateGpuProgramParameters@SceneManager@Ogre@@MAEXPBVPass@2@@Z+0xdd,596,4.2918,13887,20.0
fourteam_move_prefix,3420,ntdll.dll!RtlStringVPrintfWorkerW+0x1c,594,4.2774,13887,20.0
fourteam_move_prefix,3420,ntdll.dll!__vsnwprintf+0x18,592,4.263,13887,20.0
fourteam_move_prefix,3420,ntdll.dll!__vsnwprintf_l+0x5b,587,4.227,13887,20.0
fourteam_move_prefix,3420,battlezone98redux.exe!sub_497aa0,511,3.6797,13887,20.0
fourteam_move_prefix,3420,WINMM.dll@6e1d0000!BZROpenShim::`anonymous namespace'::GetGameObjectActualTeam+0x42,510,3.6725,13887,20.0
fourteam_move_prefix,3420,ntdll.dll!_ZwQueryVirtualMemory@24+0xc,510,3.6725,13887,20.0
fourteam_move_prefix,3420,RenderSystem_Direct3D11.dll!?bindGpuProgramParameters@D3D11RenderSystem@Ogre@@UAEXW4GpuProgramType@2@V?$SharedPtr@VGpuProgramParameters@Ogre@@@2@G@Z+0x90,507,3.6509,13887,20.0
fourteam_move_prefix,3420,RenderSystem_Direct3D11.dll!?bindGpuProgramParameters@D3D11RenderSystem@Ogre@@UAEXW4GpuProgramType@2@V?$SharedPtr@VGpuProgramParameters@Ogre@@@2@G@Z+0x16a,506,3.6437,13887,20.0
fourteam_move_prefix,3420,WINMM.dll@6e1d0000!BZROpenShim::TargetReticlePopupRecentHitGetterHook+0x3c,503,3.6221,13887,20.0
fourteam_move_prefix,3420,WINMM.dll@6e1d0000!BZROpenShim::`anonymous namespace'::HandleUnitTurboBoundary+0x1e,452,3.2548,13887,20.0
fourteam_move_prefix,3420,WINMM.dll@6e1d0000!std::filesystem::exists+0x3e,449,3.2332,13887,20.0
fourteam_move_prefix,3420,WINMM.dll@6e1d0000!BZROpenShim::AutoSaveTick+0x10b,449,3.2332,13887,20.0
fourteam_move_prefix,3420,ntdll.dll!__woutput_l+0x870,433,3.118,13887,20.0
fourteam_move_prefix,3420,RenderSystem_Direct3D11.dll!?getConstantBuffer@D3D11HLSLProgram@Ogre@@QAEPAUID3D11Buffer@@V?$SharedPtr@VGpuProgramParameters@Ogre@@@2@G@Z+0x9a,432,3.1108,13887,20.0
fourteam_move_prefix,3420,WINMM.dll@6e1d0000!BZROpenShim::`anonymous namespace'::HandleUnitTurboBoundary+0x29,427,3.0748,13887,20.0
fourteam_move_prefix,3420,OgreMain.dll!?_swapAllRenderTargetBuffers@RenderSystem@Ogre@@UAEXXZ+0x3a,415,2.9884,13887,20.0
fourteam_move_prefix,3420,OgreMain.dll!?_updateAllRenderTargets@Root@Ogre@@QAE_NXZ+0x2b,415,2.9884,13887,20.0
fourteam_move_prefix,3420,ntdll.dll!_mbtowc+0x36,410,2.9524,13887,20.0
fourteam_move_prefix,3420,OgreMain.dll!?_updateRenderQueue@Entity@Ogre@@UAEXPAVRenderQueue@2@@Z+0x1ed,393,2.83,13887,20.0
fourteam_move_prefix,3420,OgreMain.dll!?getConstantDefinition@GpuProgramParameters@Ogre@@QBEABUGpuConstantDefinition@2@ABV?$basic_string@DU?$char_traits@D@std@@V?$allocator@D@2@@std@@@Z+0xcf,389,2.8012,13887,20.0
fourteam_move_prefix,3420,OgreMain.dll!?isInLightRange@Light@Ogre@@QBE_NABVSphere@2@@Z+0x159,384,2.7652,13887,20.0
fourteam_move_prefix,3420,battlezone98redux.exe!sub_601730,382,2.7508,13887,20.0
fourteam_move_prefix,3420,battlezone98redux.exe!sub_493e60,380,2.7364,13887,20.0
fourteam_move_prefix,3420,battlezone98redux.exe!sub_43fb30,380,2.7364,13887,20.0
fourteam_move_prefix,3420,RenderSystem_Direct3D11.dll!?swapBuffers@D3D11RenderWindowSwapChainBased@Ogre@@UAEXXZ+0x251,378,2.722,13887,20.0
fourteam_move_prefix,3420,battlezone98redux.exe!sub_493330,374,2.6932,13887,20.0
fourteam_move_prefix,3420,dxgi.dll!DXGIGetDebugInterface1+0xa584,365,2.6284,13887,20.0
fourteam_move_prefix,3420,dxgi.dll!CompatString+0x20eb,362,2.6068,13887,20.0
fourteam_move_prefix,3420,battlezone98redux.exe!sub_601cf0,340,2.4483,13887,20.0
fourteam_move_prefix,3420,battlezone98redux.exe!sub_687340,331,2.3835,13887,20.0
fourteam_move_prefix,3420,battlezone98redux.exe!sub_4ab380,316,2.2755,13887,20.0
fourteam_move_prefix,3420,ntdll.dll!_LdrGetDllHandleEx@20+0x2f1,314,2.2611,13887,20.0
fourteam_move_prefix,3420,WINMM.dll@6e1d0000!BZROpenShim::`anonymous namespace'::TryGetGameObjectFieldBase+0xd4,278,2.0019,13887,20.0
fourteam_move_prefix,3420,OgreMain.dll!?angleBetween@Vector3@Ogre@@QBE?AVRadian@2@ABV12@@Z+0xdd,277,1.9947,13887,20.0
fourteam_move_prefix,3420,dxgi.dll!CompatString+0x3176,273,1.9659,13887,20.0
fourteam_move_prefix,3420,ntdll.dll!_LdrGetDllHandleEx@20+0x61,270,1.9443,13887,20.0
fourteam_move_prefix,3420,dxgi.dll!DXGID3D10CreateDevice+0x3c30,268,1.9299,13887,20.0
fourteam_move_prefix,3420,OgreMain.dll!?renderVisibleObjectsDefaultSequence@SceneManager@Ogre@@MAEXXZ+0xbf,266,1.9155,13887,20.0
fourteam_move_prefix,3420,OgreMain.dll!?fireRenderQueueStarted@SceneManager@Ogre@@MAE_NEABV?$basic_string@DU?$char_traits@D@std@@V?$allocator@D@2@@std@@@Z+0x41,262,1.8867,13887,20.0
fourteam_move_prefix,3420,OgreMain.dll!?_updateAutoParams@Pass@Ogre@@QBEXPBVAutoParamDataSource@2@G@Z+0x55,258,1.8579,13887,20.0
fourteam_move_prefix,3420,RenderSystem_Direct3D11.dll!?_render@D3D11RenderSystem@Ogre@@UAEXABVRenderOperation@2@@Z+0x1622,251,1.8074,13887,20.0
fourteam_move_prefix,3420,RenderSystem_Direct3D11.dll!?setVertexDeclaration@D3D11RenderSystem@Ogre@@QAEXPAVVertexDeclaration@2@PAVVertexBufferBinding@2@@Z+0x14,238,1.7138,13887,20.0
fourteam_move_prefix,3420,ntdll.dll!_LdrGetDllHandleEx@20+0x446,236,1.6994,13887,20.0
fourteam_move_prefix,3420,battlezone98redux.exe!sub_465320,236,1.6994,13887,20.0
fourteam_move_prefix,3420,ntdll.dll!_RtlAnsiCharToUnicodeChar@4+0x8d,232,1.6706,13887,20.0
fourteam_move_prefix,3420,WINMM.dll@6e1d0000!BZROpenShim::`anonymous namespace'::TryGetGameObjectFieldBase+0x7c,231,1.6634,13887,20.0
fourteam_move_prefix,3420,battlezone98redux.exe!sub_442e70,227,1.6346,13887,20.0
fourteam_move_prefix,3420,OgreMain.dll!?renderBasicQueueGroupObjects@SceneManager@Ogre@@MAEXPAVRenderQueueGroup@2@W4OrganisationMode@QueuedRenderableCollection@2@@Z+0xc1,221,1.5914,13887,20.0
fourteam_move_prefix,3420,OgreMain.dll!?_findNamedConstantDefinition@GpuProgramParameters@Ogre@@QBEPBUGpuConstantDefinition@2@ABV?$basic_string@DU?$char_traits@D@std@@V?$allocator@D@2@@std@@_N@Z+0xb8,220,1.5842,13887,20.0
fourteam_move_prefix,3420,OgreMain.dll!?acceptVisitor@QueuedRenderableCollection@Ogre@@QBEXPAVQueuedRenderableVisitor@2@W4OrganisationMode@12@@Z+0xec,219,1.577,13887,20.0
fourteam_move_prefix,3420,OgreMain.dll!?acceptVisitorDescending@QueuedRenderableCollection@Ogre@@IBEXPAVQueuedRenderableVisitor@2@@Z+0x1b,218,1.5698,13887,20.0
fourteam_move_prefix,3420,WINMM.dll@6e1d0000!BZROpenShim::AutoSaveTick+0x124,205,1.4762,13887,20.0
fourteam_move_prefix,3420,WINMM.dll@6e1d0000!std::filesystem::last_write_time+0x45,204,1.469,13887,20.0
fourteam_move_prefix,3420,RenderSystem_Direct3D11.dll!?_render@D3D11RenderSystem@Ogre@@UAEXABVRenderOperation@2@@Z+0x16df,204,1.469,13887,20.0
fourteam_move_prefix,3420,battlezone98redux.exe!sub_663800,203,1.4618,13887,20.0
fourteam_move_prefix,3420,RenderSystem_Direct3D11.dll!?getConstantBuffer@D3D11HLSLProgram@Ogre@@QAEPAUID3D11Buffer@@V?$SharedPtr@VGpuProgramParameters@Ogre@@@2@G@Z+0x5f,202,1.4546,13887,20.0
fourteam_move_prefix,3420,OgreMain.dll!?_updateRenderQueue@Entity@Ogre@@UAEXPAVRenderQueue@2@@Z+0x175,201,1.4474,13887,20.0
fourteam_move_prefix,3420,OgreMain.dll!?addRenderable@RenderQueue@Ogre@@QAEXPAVRenderable@2@@Z+0x15,200,1.4402,13887,20.0
fourteam_move_prefix,3420,RenderSystem_Direct3D11.dll!?bindToShader@D3D11VertexDeclaration@Ogre@@QAEXPAVD3D11HLSLProgram@2@PAVVertexBufferBinding@2@@Z+0x1e,195,1.4042,13887,20.0
fourteam_move_prefix,3420,ntdll.dll!_RtlMultiByteToUnicodeN@20+0x1b,194,1.397,13887,20.0
fourteam_move_prefix,3420,battlezone98redux.exe!sub_4a8ab0,194,1.397,13887,20.0
fourteam_move_prefix,3420,MSVCR120.dll!memmove+0xc9,189,1.361,13887,20.0
fourteam_move_prefix,3420,OgreMain.dll!?lock@HardwareBuffer@Ogre@@QAEPAXW4LockOptions@12@W4UploadOptions@12@@Z+0x13,187,1.3466,13887,20.0
fourteam_move_prefix,3420,battlezone98redux.exe!sub_443060,186,1.3394,13887,20.0
fourteam_move_prefix,3420,battlezone98redux.exe!sub_4e6360,181,1.3034,13887,20.0
fourteam_move_prefix,3420,OgreMain.dll!?lock@HardwareBuffer@Ogre@@UAEPAXIIW4LockOptions@12@W4UploadOptions@12@@Z+0x103,181,1.3034,13887,20.0
fourteam_move_prefix,3420,OgreMain.dll!?visit@SceneMgrQueuedRenderableVisitor@SceneManager@Ogre@@UAEXPAURenderablePass@3@@Z+0x63,180,1.2962,13887,20.0
fourteam_move_prefix,3420,RenderSystem_Direct3D11.dll!?_render@D3D11RenderSystem@Ogre@@UAEXABVRenderOperation@2@@Z+0x1631,180,1.2962,13887,20.0
fourteam_move_prefix,3420,d3d11.dll!D3D11CoreCreateLayeredDevice+0xc379,179,1.289,13887,20.0
fourteam_move_prefix,3420,dxgi.dll!DXGIReportAdapterConfiguration+0xf99,179,1.289,13887,20.0
fourteam_move_prefix,3420,dxgi.dll!DXGID3D10CreateDevice+0x4471,179,1.289,13887,20.0
fourteam_move_prefix,3420,battlezone98redux.exe!sub_4643e0,177,1.2746,13887,20.0
fourteam_move_prefix,3420,OgreMain.dll!?processVisibleObject@RenderQueue@Ogre@@QAEXPAVMovableObject@2@PAVCamera@2@_NPAUVisibleObjectsBoundsInfo@2@@Z+0x14,176,1.2674,13887,20.0
fourteam_move_prefix,3420,OgreMain.dll!?_renderScene@SceneManager@Ogre@@UAEXPAVCamera@2@PAVViewport@2@_N@Z+0x187,173,1.2458,13887,20.0
fourteam_move_prefix,3420,RenderSystem_Direct3D11.dll!?lockImpl@D3D11HardwareBuffer@Ogre@@MAEPAXIIW4LockOptions@HardwareBuffer@2@@Z+0x26c,172,1.2386,13887,20.0
fourteam_move_prefix,3420,OgreMain.dll!?_updateSceneGraph@SceneManager@Ogre@@UAEXPAVCamera@2@@Z+0x2b,169,1.217,13887,20.0
fourteam_move_prefix,3420,battlezone98redux.exe!sub_4aa1d0,168,1.2098,13887,20.0
fourteam_move_prefix,3420,OgreMain.dll!?_updateAutoParams@GpuProgramParameters@Ogre@@QAEXPBVAutoParamDataSource@2@G@Z+0x1250,167,1.2026,13887,20.0
fourteam_move_prefix,3420,battlezone98redux.exe!sub_617fa0,167,1.2026,13887,20.0
fourteam_move_prefix,3420,OgreMain.dll!?updateAnimation@Entity@Ogre@@IAEXXZ+0x184,155,1.1162,13887,20.0
fourteam_move_prefix,3420,OgreMain.dll!?tempSkelAnimBuffersBound@Entity@Ogre@@IBE_N_N@Z+0x5a,154,1.109,13887,20.0
fourteam_move_prefix,3420,battlezone98redux.exe!sub_444ba0,146,1.0513,13887,20.0
fourteam_move_prefix,3420,d3d11.dll!D3D11CoreCreateLayeredDevice+0xd40a,146,1.0513,13887,20.0
fourteam_move_prefix,3420,d3d11.dll!CreateDirect3D11DeviceFromDXGIDevice+0xbae61,144,1.0369,13887,20.0
fourteam_move_prefix,3420,OgreMain.dll!?isInLightRange@Light@Ogre@@QBE_NABVSphere@2@@Z+0x143,143,1.0297,13887,20.0
fourteam_move_prefix,3420,OgreMain.dll!?_update@SceneNode@Ogre@@UAEX_N0@Z+0x1b,140,1.0081,13887,20.0
fourteam_move_prefix,3420,OgreMain.dll!?_findVisibleObjects@SceneNode@Ogre@@UAEXPAVCamera@2@PAVRenderQueue@2@PAUVisibleObjectsBoundsInfo@2@_N33@Z+0x20,139,1.0009,13887,20.0
fourteam_move_prefix,3420,battlezone98redux.exe!sub_4405e0,136,0.9793,13887,20.0
fourteam_move_prefix,3420,battlezone98redux.exe!sub_440690,136,0.9793,13887,20.0
fourteam_move_prefix,3420,battlezone98redux.exe!sub_6111e0,135,0.9721,13887,20.0
fourteam_move_prefix,3420,RenderSystem_Direct3D11.dll!?setVertexBufferBinding@D3D11RenderSystem@Ogre@@UAEXPAVVertexBufferBinding@2@@Z+0x9f,128,0.9217,13887,20.0
fourteam_move_prefix,3420,nvwgf2um.dll!NVENCODEAPI_Thunk+0x59ceb,128,0.9217,13887,20.0
fourteam_move_prefix,3420,nvwgf2um.dll!OpenAdapter10+0x73f53,128,0.9217,13887,20.0
fourteam_move_prefix,3420,nvwgf2um.dll!OpenAdapter10+0x23bb0,128,0.9217,13887,20.0
fourteam_move_prefix,3420,WINMM.dll@6e1d0000!BZROpenShim::`anonymous namespace'::WingmanUpdateWeaponAimWithConvergence+0x33,127,0.9145,13887,20.0
fourteam_move_prefix,3420,ntdll.dll!_LdrpGenerateSnapsUnicodeStrings@28+0x183,126,0.9073,13887,20.0
fourteam_move_prefix,3420,battlezone98redux.exe!sub_60f320,126,0.9073,13887,20.0
fourteam_move_prefix,3420,OgreMain.dll!?updateAnimation@Entity@Ogre@@IAEXXZ+0x449,125,0.9001,13887,20.0
fourteam_move_prefix,3420,OgreMain.dll!?buffersCheckedOut@TempBlendedBufferInfo@Ogre@@QBE_N_N0@Z+0x35,125,0.9001,13887,20.0
fourteam_move_prefix,3420,battlezone98redux.exe!sub_440e60,124,0.8929,13887,20.0
fourteam_move_prefix,3420,ntdll.dll!_RtlStringCchVPrintfExA@28+0x19,124,0.8929,13887,20.0
fourteam_move_prefix,3420,battlezone98redux.exe!sub_461fd0,121,0.8713,13887,20.0
fourteam_move_prefix,3420,WINMM.dll@6e1d0000!BZROpenShim::`anonymous namespace'::HookSoftwareVertexBlend+0x78,121,0.8713,13887,20.0
fourteam_move_prefix,3420,d3d11.dll!CreateDirect3D11DeviceFromDXGIDevice+0x9aae8,119,0.8569,13887,20.0
fourteam_move_prefix,3420,RenderSystem_Direct3D11.dll!??0D3D11RenderWindowSwapChainBased@Ogre@@QAE@ABV01@@Z+0x9c2,119,0.8569,13887,20.0
fourteam_move_prefix,3420,OgreMain.dll!?_writeRawConstant@GpuProgramParameters@Ogre@@QAEXIABVVector4@2@I@Z+0x25,118,0.8497,13887,20.0
fourteam_move_prefix,3420,ntdll.dll!__vsnprintf_l+0x4c,115,0.8281,13887,20.0
fourteam_move_prefix,3420,ntdll.dll!__vsnprintf+0x18,115,0.8281,13887,20.0
fourteam_move_prefix,3420,ntdll.dll!RtlStringVPrintfWorkerA+0x1e,115,0.8281,13887,20.0
fourteam_move_prefix,3420,ntdll.dll!_RtlpGetCodePageData@4+0x16,112,0.8065,13887,20.0
fourteam_move_prefix,3420,ntdll.dll!_RtlpIsUtf8Process@4+0xe,109,0.7849,13887,20.0
fourteam_move_prefix,3420,OgreMain.dll!?acceptVisitorGrouped@QueuedRenderableCollection@Ogre@@IBEXPAVQueuedRenderableVisitor@2@@Z+0x37,108,0.7777,13887,20.0
fourteam_move_prefix,3420,OgreMain.dll!?getWorldViewProjMatrix@AutoParamDataSource@Ogre@@UBEABVMatrix4@2@XZ+0x1c,107,0.7705,13887,20.0
fourteam_move_prefix,3420,MSVCR120.dll!floor+0x15,107,0.7705,13887,20.0
fourteam_move_prefix,3420,OgreMain.dll!?getTechnique@SubEntity@Ogre@@UBEPAVTechnique@2@XZ+0xe,105,0.7561,13887,20.0
fourteam_move_prefix,3420,battlezone98redux.exe!sub_68c560,104,0.7489,13887,20.0
fourteam_move_prefix,3420,RenderSystem_Direct3D11.dll!?bindGpuProgramParameters@D3D11RenderSystem@Ogre@@UAEXW4GpuProgramType@2@V?$SharedPtr@VGpuProgramParameters@Ogre@@@2@G@Z+0xad,103,0.7417,13887,20.0
fourteam_move_prefix,3420,OgreMain.dll!?processVisibleObject@RenderQueue@Ogre@@QAEXPAVMovableObject@2@PAVCamera@2@_NPAUVisibleObjectsBoundsInfo@2@@Z+0x4d,103,0.7417,13887,20.0
fourteam_move_prefix,3420,OgreMain.dll!?visit@SceneMgrQueuedRenderableVisitor@SceneManager@Ogre@@UAE_NPBVPass@3@@Z+0x2e,103,0.7417,13887,20.0
fourteam_move_prefix,3420,battlezone98redux.exe!sub_4428b0,103,0.7417,13887,20.0
fourteam_move_prefix,3420,battlezone98redux.exe!sub_4a08e0,102,0.7345,13887,20.0
fourteam_move_prefix,3420,OgreMain.dll!?updateGpuProgramParameters@SceneManager@Ogre@@MAEXPBVPass@2@@Z+0xd0,102,0.7345,13887,20.0
fourteam_move_prefix,3420,OgreMain.dll!?addRenderable@RenderQueue@Ogre@@QAEXPAVRenderable@2@EG@Z+0x1e1,102,0.7345,13887,20.0
fourteam_move_prefix,3420,ntdll.dll!_RtlpGetCodePageData@4+0x29,102,0.7345,13887,20.0
fourteam_move_prefix,3420,battlezone98redux.exe!sub_47b9b0,102,0.7345,13887,20.0
fourteam_move_prefix,3420,d3d11.dll+0x2b07d,101,0.7273,13887,20.0
fourteam_move_prefix,3420,OgreMain.dll!?getReceivesShadows@MovableObject@Ogre@@QAE_NXZ+0x45,101,0.7273,13887,20.0
fourteam_move_prefix,3420,battlezone98redux.exe!sub_611610,101,0.7273,13887,20.0
fourteam_move_prefix,3420,d3d11.dll!D3D11CoreCreateLayeredDevice+0x942,100,0.7201,13887,20.0
fourteam_move_prefix,3420,ntdll.dll!_RtlAnsiCharToUnicodeChar@4+0x36,98,0.7057,13887,20.0
fourteam_move_prefix,3420,battlezone98redux.exe!sub_62e070,98,0.7057,13887,20.0
fourteam_move_prefix,3420,d3d11.dll+0x35ece,95,0.6841,13887,20.0
fourteam_move_prefix,3420,OgreMain.dll!?isVisible@Frustum@Ogre@@UBE_NABVAxisAlignedBox@2@PAW4FrustumPlane@2@@Z+0xb0,94,0.6769,13887,20.0
fourteam_move_prefix,3420,OgreMain.dll!?addRenderable@RenderQueueGroup@Ogre@@QAEXPAVRenderable@2@PAVTechnique@2@G@Z+0xfc,94,0.6769,13887,20.0
fourteam_move_prefix,3420,battlezone98redux.exe!sub_446360,93,0.6697,13887,20.0
fourteam_move_prefix,3420,OgreMain.dll!?_findNamedConstantDefinition@GpuProgramParameters@Ogre@@QBEPBUGpuConstantDefinition@2@ABV?$basic_string@DU?$char_traits@D@std@@V?$allocator@D@2@@std@@_N@Z+0xdb,92,0.6625,13887,20.0
fourteam_move_prefix,3420,OgreMain.dll!?softwareVertexBlend@Mesh@Ogre@@SAXPBVVertexData@2@0PBQBVMatrix4@2@I_N@Z+0x35a,91,0.6553,13887,20.0
fourteam_move_prefix,3420,OgreMain.dll!?_detectImplementation@OptimisedUtil@Ogre@@KAPAV12@XZ+0x7f48,90,0.6481,13887,20.0
fourteam_move_prefix,3420,battlezone98redux.exe!sub_7753c0,90,0.6481,13887,20.0
fourteam_move_prefix,3420,battlezone98redux.exe!sub_780c70,90,0.6481,13887,20.0
fourteam_move_prefix,3420,dxgi.dll!DXGIDisableVBlankVirtualization+0x8b36,87,0.6265,13887,20.0
fourteam_move_prefix,3420,dxgi.dll!DXGIDisableVBlankVirtualization+0x7920,87,0.6265,13887,20.0
fourteam_move_prefix,3420,battlezone98redux.exe!sub_462630,87,0.6265,13887,20.0
fourteam_move_prefix,3420,OgreMain.dll!?updateGpuProgramParameters@SceneManager@Ogre@@MAEXPBVPass@2@@Z+0x7e,86,0.6193,13887,20.0
fourteam_move_prefix,3420,battlezone98redux.exe!sub_4675f0,86,0.6193,13887,20.0
fourteam_move_prefix,3420,WINMM.dll@6e1d0000!BZROpenShim::`anonymous namespace'::AutoSaveWorldUpdateRenderQueueHook+0x11,86,0.6193,13887,20.0
fourteam_move_prefix,3420,battlezone98redux.exe!sub_774f80,86,0.6193,13887,20.0
fourteam_move_prefix,3420,battlezone98redux.exe!sub_682540,85,0.6121,13887,20.0
fourteam_move_prefix,3420,RenderSystem_Direct3D11.dll!?unlockImpl@D3D11HardwareBuffer@Ogre@@MAEXXZ+0x56,85,0.6121,13887,20.0
fourteam_move_prefix,3420,d3d11.dll!D3D11CoreCreateLayeredDevice+0x9df,85,0.6121,13887,20.0
fourteam_move_prefix,3420,dxgi.dll!DXGIDisableVBlankVirtualization+0x138f9,85,0.6121,13887,20.0
fourteam_move_prefix,3420,dxgi.dll!DXGIDisableVBlankVirtualization+0x13893,85,0.6121,13887,20.0
fourteam_move_prefix,3420,dxgi.dll!DXGIDisableVBlankVirtualization+0x6f4e,85,0.6121,13887,20.0
fourteam_move_prefix,3420,battlezone98redux.exe!sub_81fe60,84,0.6049,13887,20.0
fourteam_move_prefix,3420,dxgi.dll!DXGIDisableVBlankVirtualization+0x14f03,84,0.6049,13887,20.0
fourteam_move_prefix,3420,d3d11.dll!CreateDirect3D11DeviceFromDXGIDevice+0x9ac60,84,0.6049,13887,20.0
fourteam_move_prefix,3420,battlezone98redux.exe!sub_6116a0,83,0.5977,13887,20.0
fourteam_move_prefix,3420,battlezone98redux.exe!sub_4f90a0,80,0.5761,13887,20.0
fourteam_move_prefix,3420,battlezone98redux.exe!sub_689d10,79,0.5689,13887,20.0
fourteam_move_prefix,3420,OgreMain.dll!?_populateLightList@SceneManager@Ogre@@UAEXABVVector3@2@MAAV?$HashedVector@PAVLight@Ogre@@@2@I@Z+0xb2,77,0.5545,13887,20.0
fourteam_move_prefix,3420,nvwgf2um.dll!SetDependencyInfo+0x5a146,76,0.5473,13887,20.0
fourteam_move_prefix,3420,battlezone98redux.exe!sub_784620,74,0.5329,13887,20.0
fourteam_move_prefix,3420,OgreMain.dll!?getVertexProgram@Pass@Ogre@@QBEABV?$SharedPtr@VGpuProgram@Ogre@@@2@XZ+0xc,73,0.5257,13887,20.0
fourteam_move_prefix,3420,OgreMain.dll!?visitRenderables@Entity@Ogre@@UAEXPAVVisitor@Renderable@2@_N@Z+0x2f,73,0.5257,13887,20.0
fourteam_move_prefix,3420,d3d11.dll!CreateDirect3D11DeviceFromDXGIDevice+0xa4628,71,0.5113,13887,20.0
fourteam_move_prefix,3420,OgreMain.dll!?isVisible@ShadowRenderable@Ogre@@UBE_NXZ+0x236,71,0.5113,13887,20.0
fourteam_move_prefix,3420,RenderSystem_Direct3D11.dll!?_render@D3D11RenderSystem@Ogre@@UAEXABVRenderOperation@2@@Z+0xe2,70,0.5041,13887,20.0
fourteam_move_prefix,3420,ntdll.dll!_LdrGetDllHandleEx@20+0x150,70,0.5041,13887,20.0
fourteam_move_prefix,3420,OgreMain.dll!?_issueRenderOp@SceneManager@Ogre@@UAEXPAVRenderable@2@PBVPass@2@@Z+0x64,69,0.4969,13887,20.0
fourteam_move_prefix,3420,battlezone98redux.exe!sub_6854f0,68,0.4897,13887,20.0
fourteam_move_prefix,3420,battlezone98redux.exe!sub_4f90f0,68,0.4897,13887,20.0
fourteam_move_prefix,3420,MSVCR120.dll!memmove+0xc7,67,0.4825,13887,20.0
fourteam_move_prefix,3420,OgreMain.dll!?prepareShadowTextures@SceneManager@Ogre@@UAEXPAVCamera@2@PAVViewport@2@PBV?$HashedVector@PAVLight@Ogre@@@2@@Z+0x377,66,0.4753,13887,20.0
fourteam_move_prefix,3420,battlezone98redux.exe!sub_6192b0,66,0.4753,13887,20.0
fourteam_move_prefix,3420,battlezone98redux.exe!sub_4aeb80,66,0.4753,13887,20.0
fourteam_move_prefix,3420,USER32.dll!PeekMessageA+0x1f1,65,0.4681,13887,20.0
fourteam_move_prefix,3420,WINMM.dll@6e1d0000!BZROpenShim::LegacyWorldUpdateRenderQueueHook+0x21d,65,0.4681,13887,20.0
fourteam_move_prefix,3420,battlezone98redux.exe!sub_62e780,65,0.4681,13887,20.0
fourteam_move_prefix,3420,battlezone98redux.exe!sub_62e710,65,0.4681,13887,20.0
fourteam_move_prefix,3420,battlezone98redux.exe!sub_4db100,64,0.4609,13887,20.0
fourteam_move_prefix,3420,RenderSystem_Direct3D11.dll!?uninstall@D3D11Plugin@Ogre@@UAEXXZ+0x625f,63,0.4537,13887,20.0
fourteam_move_prefix,3420,OgreMain.dll!?getShadowCamera@PSSMShadowCameraSetup@Ogre@@UBEXPBVSceneManager@2@PBVCamera@2@PBVViewport@2@PBVLight@2@PAV42@I@Z+0xbc,63,0.4537,13887,20.0
fourteam_move_prefix,3420,battlezone98redux.exe!sub_5dc300,63,0.4537,13887,20.0
fourteam_move_prefix,3420,nvwgf2um.dll!OpenAdapter10+0x74e6d,63,0.4537,13887,20.0
fourteam_move_prefix,3420,OgreMain.dll!?_renderScene@SceneManager@Ogre@@UAEXPAVCamera@2@PAVViewport@2@_N@Z+0x20a,62,0.4465,13887,20.0
fourteam_move_prefix,3420,OgreMain.dll!?_setPass@SceneManager@Ogre@@UAEPBVPass@2@PBV32@_N1@Z+0x9c0,62,0.4465,13887,20.0
fourteam_move_prefix,3420,battlezone98redux.exe!sub_679d70,60,0.4321,13887,20.0
fourteam_move_prefix,3420,RenderSystem_Direct3D11.dll!?_render@D3D11RenderSystem@Ogre@@UAEXABVRenderOperation@2@@Z+0x2ba,60,0.4321,13887,20.0
fourteam_move_prefix,3420,d3d11.dll+0x30af7,59,0.4249,13887,20.0
fourteam_move_prefix,3420,OgreMain.dll!?renderQueueStarted@RQListener@CompositorChain@Ogre@@UAEXEABV?$basic_string@DU?$char_traits@D@std@@V?$allocator@D@2@@std@@AA_N@Z+0x1c,59,0.4249,13887,20.0
fourteam_move_prefix,3420,nvwgf2um.dll!OpenAdapter10+0x72b2d,59,0.4249,13887,20.0
fourteam_move_prefix,3420,d3d11.dll!D3D11CoreCreateDevice+0xa057,59,0.4249,13887,20.0
fourteam_move_prefix,3420,battlezone98redux.exe!sub_439d00,58,0.4177,13887,20.0
fourteam_move_prefix,3420,OgreMain.dll!?flushUpTo@RQListener@CompositorChain@Ogre@@QAEXE@Z+0x27,58,0.4177,13887,20.0
fourteam_move_prefix,3420,d3d11.dll!D3D11CoreCreateDevice+0xa024,58,0.4177,13887,20.0
fourteam_move_prefix,3420,MSVCR120.dll!floor+0x19,57,0.4105,13887,20.0
fourteam_move_prefix,3420,d3d11.dll+0x31412,57,0.4105,13887,20.0
fourteam_move_prefix,3420,battlezone98redux.exe!sub_680bd0,57,0.4105,13887,20.0
fourteam_move_prefix,3420,OgreMain.dll!?_notifyCurrentCamera@Entity@Ogre@@UAEXPAVCamera@2@@Z+0x35,55,0.3961,13887,20.0
fourteam_move_prefix,3420,ntdll.dll!_RtlAllocateHeap@12+0xa9,54,0.3889,13887,20.0
fourteam_move_prefix,3420,battlezone98redux.exe!sub_4620b0,54,0.3889,13887,20.0
fourteam_move_prefix,3420,battlezone98redux.exe!sub_440130,54,0.3889,13887,20.0
fourteam_move_prefix,3420,nvwgf2um.dll!SetDependencyInfo+0x59849,54,0.3889,13887,20.0
fourteam_move_prefix,3420,d3d11.dll!D3D11CoreCreateDevice+0x9538,53,0.3817,13887,20.0
fourteam_move_prefix,3420,RenderSystem_Direct3D11.dll!?_render@D3D11RenderSystem@Ogre@@UAEXABVRenderOperation@2@@Z+0x5b4,53,0.3817,13887,20.0
fourteam_move_prefix,3420,ntdll.dll!_RtlAnsiCharToUnicodeChar@4+0x19,53,0.3817,13887,20.0
fourteam_move_prefix,3420,battlezone98redux.exe!sub_686590,53,0.3817,13887,20.0
fourteam_move_prefix,3420,RenderSystem_Direct3D11.dll!?_render@D3D11RenderSystem@Ogre@@UAEXABVRenderOperation@2@@Z+0x1a07,52,0.3745,13887,20.0
fourteam_move_prefix,3420,OgreMain.dll!?getBestTechnique@Material@Ogre@@QAEPAVTechnique@2@GPBVRenderable@2@@Z+0x4c,52,0.3745,13887,20.0
fourteam_move_prefix,3420,OgreMain.dll!?_findVisibleObjects@SceneNode@Ogre@@UAEXPAVCamera@2@PAVRenderQueue@2@PAUVisibleObjectsBoundsInfo@2@_N33@Z+0x7e,51,0.3672,13887,20.0
fourteam_move_prefix,3420,RenderSystem_Direct3D11.dll!?bindGpuProgramParameters@D3D11RenderSystem@Ogre@@UAEXW4GpuProgramType@2@V?$SharedPtr@VGpuProgramParameters@Ogre@@@2@G@Z+0x187,51,0.3672,13887,20.0
fourteam_move_prefix,3420,battlezone98redux.exe!sub_4d4580,50,0.36,13887,20.0
fourteam_move_prefix,3420,ntdll.dll!__output_l+0x81b,50,0.36,13887,20.0
fourteam_move_prefix,3420,WINMM.dll@6e1d0000!BZROpenShim::`anonymous namespace'::RefreshHeadlightState+0x38,50,0.36,13887,20.0
fourteam_move_prefix,3420,ntdll.dll!_LdrpPreprocessDllName@16+0x33a,50,0.36,13887,20.0
fourteam_move_prefix,3420,d3d11.dll+0x2704e,50,0.36,13887,20.0
fourteam_move_prefix,3420,ntdll.dll!__woutput_l+0x8a1,50,0.36,13887,20.0
fourteam_move_prefix,3420,OgreMain.dll!?_renderScene@SceneManager@Ogre@@UAEXPAVCamera@2@PAVViewport@2@_N@Z+0x286,49,0.3528,13887,20.0
fourteam_move_prefix,3420,OgreMain.dll!?_updateBounds@SceneNode@Ogre@@UAEXXZ+0x19c,49,0.3528,13887,20.0
fourteam_move_prefix,3420,battlezone98redux.exe!sub_784180,49,0.3528,13887,20.0
fourteam_move_prefix,3420,d3d11.dll!CreateDirect3D11DeviceFromDXGIDevice+0x9f925,49,0.3528,13887,20.0
fourteam_move_prefix,3420,dxgi.dll!CompatString+0x2600,48,0.3456,13887,20.0
fourteam_move_prefix,3420,OgreMain.dll!?processVisibleObject@RenderQueue@Ogre@@QAEXPAVMovableObject@2@PAVCamera@2@_NPAUVisibleObjectsBoundsInfo@2@@Z+0xd9,48,0.3456,13887,20.0
fourteam_move_prefix,3420,OgreMain.dll!?addRenderable@RenderPriorityGroup@Ogre@@QAEXPAVRenderable@2@PAVTechnique@2@@Z+0xb5,48,0.3456,13887,20.0
fourteam_move_prefix,3420,OgreMain.dll!?getValue@LodStrategy@Ogre@@QBEMPBVMovableObject@2@PBVCamera@2@@Z+0x1e,48,0.3456,13887,20.0
fourteam_move_prefix,3420,battlezone98redux.exe!sub_462710,47,0.3384,13887,20.0
fourteam_move_prefix,3420,ntdll.dll!_wctomb_s+0x18,47,0.3384,13887,20.0
fourteam_move_prefix,3420,WINMM.dll@6e1d0000!BZROpenShim::`anonymous namespace'::ProcessVisibleObjectHook+0xb4,47,0.3384,13887,20.0
fourteam_move_prefix,3420,battlezone98redux.exe!sub_45c4b0,47,0.3384,13887,20.0
fourteam_move_prefix,3420,OgreMain.dll!?clone@Animation@Ogre@@QBEPAV12@ABV?$basic_string@DU?$char_traits@D@std@@V?$allocator@D@2@@std@@@Z+0x283,46,0.3312,13887,20.0
fourteam_move_prefix,3420,ntdll.dll!_RtlpAllocateNTHeapInternal@12+0xfc,46,0.3312,13887,20.0
fourteam_move_prefix,3420,RenderSystem_Direct3D11.dll!?bindGpuProgramParameters@D3D11RenderSystem@Ogre@@UAEXW4GpuProgramType@2@V?$SharedPtr@VGpuProgramParameters@Ogre@@@2@G@Z+0x54a,46,0.3312,13887,20.0
fourteam_move_prefix,3420,OgreMain.dll!?deriveTextureRenderTargetOptions@CompositorInstance@Ogre@@AAEXABV?$basic_string@DU?$char_traits@D@std@@V?$allocator@D@2@@std@@PA_NPAIPAV34@@Z+0xcfc,45,0.324,13887,20.0
fourteam_move_prefix,3420,ntdll.dll!_ZwReleaseSemaphore@12+0xc,45,0.324,13887,20.0
fourteam_move_prefix,3420,nvwgf2um.dll!SetDependencyInfo+0x5560f,45,0.324,13887,20.0
fourteam_move_prefix,3420,battlezone98redux.exe!sub_67a630,45,0.324,13887,20.0
fourteam_move_prefix,3420,OgreMain.dll!?_updateAutoParams@GpuProgramParameters@Ogre@@QAEXPBVAutoParamDataSource@2@G@Z+0x1a72,44,0.3168,13887,20.0
fourteam_move_prefix,3420,OgreMain.dll!?_writeRawConstant@GpuProgramParameters@Ogre@@QAEXIABVColourValue@2@I@Z+0x25,44,0.3168,13887,20.0
fourteam_move_prefix,3420,battlezone98redux.exe!sub_4dfbf0,44,0.3168,13887,20.0
fourteam_move_prefix,3420,d3d11.dll!CreateDirect3D11DeviceFromDXGIDevice+0x9f9c3,44,0.3168,13887,20.0
fourteam_move_prefix,3420,nvwgf2um.dll!NVAPI_DirectMethods+0x4bdc9,44,0.3168,13887,20.0
fourteam_move_prefix,3420,battlezone98redux.exe!sub_62bf70,43,0.3096,13887,20.0
fourteam_move_prefix,3420,OgreMain.dll!?_update@SceneNode@Ogre@@UAEX_N0@Z+0x11,43,0.3096,13887,20.0
fourteam_move_prefix,3420,OgreMain.dll!?_populateLightList@SceneManager@Ogre@@UAEXABVVector3@2@MAAV?$HashedVector@PAVLight@Ogre@@@2@I@Z+0x232,43,0.3096,13887,20.0
fourteam_move_prefix,3420,OgreMain.dll!?_calcTempSquareDist@Light@Ogre@@QAEXABVVector3@2@@Z+0x25,43,0.3096,13887,20.0
fourteam_move_prefix,3420,KERNELBASE.dll!Sleep+0xf,43,0.3096,13887,20.0
fourteam_move_prefix,3420,OgreMain.dll!?_updateAutoParams@GpuProgramParameters@Ogre@@QAEXPBVAutoParamDataSource@2@G@Z+0x125b,42,0.3024,13887,20.0
fourteam_move_prefix,3420,battlezone98redux.exe!_Vector_iterator<>,42,0.3024,13887,20.0
fourteam_move_prefix,3420,OgreMain.dll!?_updateAutoParams@GpuProgramParameters@Ogre@@QAEXPBVAutoParamDataSource@2@G@Z+0x1cf5,42,0.3024,13887,20.0
fourteam_move_prefix,3420,ntdll.dll!@RtlpLowFragHeapAllocFromContext@16+0x67,42,0.3024,13887,20.0
fourteam_move_prefix,3420,OgreMain.dll!?setViewport@SceneManager@Ogre@@MAEXPAVViewport@2@@Z+0x16,42,0.3024,13887,20.0
fourteam_move_prefix,3420,OgreMain.dll!?getWorldBoundingBox@Entity@Ogre@@UBEABVAxisAlignedBox@2@_N@Z+0x7d,42,0.3024,13887,20.0
fourteam_move_prefix,3420,OgreMain.dll!?_updateAutoParams@GpuProgramParameters@Ogre@@QAEXPBVAutoParamDataSource@2@G@Z+0x1cbc,42,0.3024,13887,20.0
fourteam_move_prefix,3420,RenderSystem_Direct3D11.dll!?_setViewport@D3D11RenderSystem@Ogre@@UAEXPAVViewport@2@@Z+0xb8,41,0.2952,13887,20.0
fourteam_move_prefix,3420,OgreMain.dll!?getParameters@GpuProgramUsage@Ogre@@QAE?AV?$SharedPtr@VGpuProgramParameters@Ogre@@@2@XZ+0xe7,41,0.2952,13887,20.0
fourteam_move_prefix,3420,ntdll.dll!__wctomb_s_l+0x66,40,0.288,13887,20.0
fourteam_move_prefix,3420,OgreMain.dll!?getNumWorldTransforms@SubEntity@Ogre@@UBEGXZ+0x15,40,0.288,13887,20.0
fourteam_move_prefix,3420,OgreMain.dll!?renderSingleObject@SceneManager@Ogre@@MAEXPAVRenderable@2@PBVPass@2@_N2PBV?$HashedVector@PAVLight@Ogre@@@2@@Z+0x7fb,40,0.288,13887,20.0
fourteam_move_prefix,3420,battlezone98redux.exe!sub_466290,40,0.288,13887,20.0
fourteam_move_prefix,3420,RenderSystem_Direct3D11.dll!?getMonitorSequentialNumberFromSwapChain@MonitorInfo@Ogre@@QAEGPAUIDXGISwapChain@@_N@Z+0x27a7,40,0.288,13887,20.0
fourteam_move_prefix,3420,battlezone98redux.exe!sub_68ca30,40,0.288,13887,20.0
fourteam_move_prefix,3420,RenderSystem_Direct3D11.dll!?_render@D3D11RenderSystem@Ogre@@UAEXABVRenderOperation@2@@Z+0x177,40,0.288,13887,20.0
fourteam_move_prefix,3420,d3d11.dll+0x36548,40,0.288,13887,20.0
fourteam_move_prefix,3420,ntdll.dll!RtlDosApplyFileIsolationRedirection_Ustr+0x2e1,39,0.2808,13887,20.0
fourteam_move_prefix,3420,OgreMain.dll!?getFragmentProgramParameters@Pass@Ogre@@QBE?AV?$SharedPtr@VGpuProgramParameters@Ogre@@@2@XZ+0x45,39,0.2808,13887,20.0
fourteam_move_prefix,3420,OgreMain.dll!?_updateAutoParams@GpuProgramParameters@Ogre@@QAEXPBVAutoParamDataSource@2@G@Z+0x1b5b,39,0.2808,13887,20.0
fourteam_move_prefix,3420,nvwgf2um.dll!SetDependencyInfo+0x55997,39,0.2808,13887,20.0
fourteam_move_prefix,3420,d3d11.dll!D3D11CoreCreateDevice+0x8b17,39,0.2808,13887,20.0
fourteam_move_prefix,3420,OgreMain.dll!?isVisible@ShadowRenderable@Ogre@@UBE_NXZ+0x231,39,0.2808,13887,20.0
fourteam_move_prefix,3420,KERNELBASE.dll!SleepEx+0x50,39,0.2808,13887,20.0
fourteam_move_prefix,3420,battlezone98redux.exe!sub_679ac0,38,0.2736,13887,20.0
fourteam_move_prefix,3420,nvwgf2um.dll!SetDependencyInfo+0x557ac,38,0.2736,13887,20.0
fourteam_move_prefix,3420,win32u.dll!_NtUserPeekMessage@24+0xc,38,0.2736,13887,20.0
fourteam_move_prefix,3420,d3d11.dll!D3D11CoreCreateDevice+0x8faa,38,0.2736,13887,20.0
fourteam_move_prefix,3420,OgreMain.dll!?_updateAutoParams@GpuProgramParameters@Ogre@@QAEXPBVAutoParamDataSource@2@G@Z+0x1d08,38,0.2736,13887,20.0
fourteam_move_prefix,3420,OgreMain.dll!?touchVertexBufferCopy@HardwareBufferManagerBase@Ogre@@UAEXABVHardwareVertexBufferSharedPtr@2@@Z+0x1f,37,0.2664,13887,20.0
fourteam_move_prefix,3420,RenderSystem_Direct3D11.dll!?_render@D3D11RenderSystem@Ogre@@UAEXABVRenderOperation@2@@Z+0x1295,37,0.2664,13887,20.0
fourteam_move_prefix,3420,dxgi.dll!DXGIGetDebugInterface1+0x204dd,37,0.2664,13887,20.0
fourteam_move_prefix,3420,OgreMain.dll!?getWorldBoundingBox@MovableObject@Ogre@@UBEABVAxisAlignedBox@2@_N@Z+0x12,37,0.2664,13887,20.0
fourteam_move_prefix,3420,RenderSystem_Direct3D11.dll!?swapBuffers@D3D11RenderWindowSwapChainBased@Ogre@@UAEXXZ+0x80,37,0.2664,13887,20.0
fourteam_move_prefix,3420,OgreMain.dll!?_updateAutoParams@GpuProgramParameters@Ogre@@QAEXPBVAutoParamDataSource@2@G@Z+0x1be0,37,0.2664,13887,20.0
fourteam_move_prefix,3420,ntdll.dll!_ZwDelayExecution@8+0xc,37,0.2664,13887,20.0
fourteam_move_prefix,3420,OgreMain.dll!?_renderScene@SceneManager@Ogre@@UAEXPAVCamera@2@PAVViewport@2@_N@Z+0x350,36,0.2592,13887,20.0
fourteam_move_prefix,3420,battlezone98redux.exe!sub_444f70,36,0.2592,13887,20.0
fourteam_move_prefix,3420,OgreMain.dll!?getHasInstanceData@VertexBufferBinding@Ogre@@UBE_NXZ+0x5,36,0.2592,13887,20.0
fourteam_move_prefix,3420,battlezone98redux.exe!sub_67a4a0,36,0.2592,13887,20.0
fourteam_move_prefix,3420,OgreMain.dll!?getVertexProgramParameters@Pass@Ogre@@QBE?AV?$SharedPtr@VGpuProgramParameters@Ogre@@@2@XZ+0x60,36,0.2592,13887,20.0
fourteam_move_prefix,3420,OgreMain.dll!?getHasInstanceData@VertexBufferBinding@Ogre@@UBE_NXZ+0x17,36,0.2592,13887,20.0
fourteam_move_prefix,3420,dxgi.dll!DXGIGetDebugInterface1+0x209d0,36,0.2592,13887,20.0
fourteam_move_prefix,3420,d3d11.dll+0x30d82,36,0.2592,13887,20.0
fourteam_move_prefix,3420,nvwgf2um.dll!OpenAdapter10+0x7459d,36,0.2592,13887,20.0
fourteam_move_prefix,3420,RenderSystem_Direct3D11.dll!?getILayoutByShader@D3D11VertexDeclaration@Ogre@@IAEPAUID3D11InputLayout@@PAVD3D11HLSLProgram@2@PAVVertexBufferBinding@2@@Z+0x253,36,0.2592,13887,20.0
fourteam_move_prefix,3420,OgreMain.dll!?processVisibleObject@RenderQueue@Ogre@@QAEXPAVMovableObject@2@PAVCamera@2@_NPAUVisibleObjectsBoundsInfo@2@@Z+0xd1,36,0.2592,13887,20.0
fourteam_move_prefix,3420,nvwgf2um.dll!SetDependencyInfo+0x5a32d,36,0.2592,13887,20.0
fourteam_move_prefix,3420,nvwgf2um.dll!SetDependencyInfo+0x55f6b,36,0.2592,13887,20.0
fourteam_move_prefix,3420,OgreMain.dll!?visit@SceneMgrQueuedRenderableVisitor@SceneManager@Ogre@@UAEXPAURenderablePass@3@@Z+0x48,36,0.2592,13887,20.0
fourteam_move_prefix,3420,RenderSystem_Direct3D11.dll!?getILayoutByShader@D3D11VertexDeclaration@Ogre@@IAEPAUID3D11InputLayout@@PAVD3D11HLSLProgram@2@PAVVertexBufferBinding@2@@Z+0x52,35,0.252,13887,20.0
fourteam_move_prefix,3420,OgreMain.dll!?isInLightRange@Light@Ogre@@QBE_NABVSphere@2@@Z+0x172,35,0.252,13887,20.0
fourteam_move_prefix,3420,OgreMain.dll!?addSolidRenderable@RenderPriorityGroup@Ogre@@IAEXPAVTechnique@2@PAVRenderable@2@_N@Z+0x42,35,0.252,13887,20.0
fourteam_move_prefix,3420,battlezone98redux.exe!sub_686520,35,0.252,13887,20.0
fourteam_move_prefix,3420,OgreMain.dll!?setOrientation@Node@Ogre@@UAEXABVQuaternion@2@@Z+0x35,35,0.252,13887,20.0
fourteam_move_prefix,3420,OgreMain.dll!?lock@HardwareBuffer@Ogre@@UAEPAXIIW4LockOptions@12@W4UploadOptions@12@@Z+0x19c,35,0.252,13887,20.0
fourteam_move_prefix,3420,ntdll.dll!sxsisol_SearchActCtxForDllName+0x98,34,0.2448,13887,20.0
fourteam_move_prefix,3420,OgreMain.dll!?renderSingleObject@SceneManager@Ogre@@MAEXPAVRenderable@2@PBVPass@2@_N2PBV?$HashedVector@PAVLight@Ogre@@@2@@Z+0x23d,34,0.2448,13887,20.0
fourteam_move_prefix,3420,OgreMain.dll!?updateAnimation@Entity@Ogre@@IAEXXZ+0x38,34,0.2448,13887,20.0
fourteam_move_prefix,3420,d3d11.dll!CreateDirect3D11DeviceFromDXGIDevice+0x8ee16,34,0.2448,13887,20.0
fourteam_move_prefix,3420,OgreMain.dll!?getProgram@Pass@Ogre@@IBEABV?$SharedPtr@VGpuProgram@Ogre@@@2@PBQAVGpuProgramUsage@2@@Z+0x1c,34,0.2448,13887,20.0
fourteam_move_prefix,3420,OgreMain.dll!?_updateAutoParams@GpuProgramParameters@Ogre@@QAEXPBVAutoParamDataSource@2@G@Z+0x1c2f,34,0.2448,13887,20.0
fourteam_move_prefix,3420,battlezone98redux.exe!sub_679bc0,34,0.2448,13887,20.0
fourteam_move_prefix,3420,battlezone98redux.exe!sub_686600,34,0.2448,13887,20.0
fourteam_move_prefix,3420,OgreMain.dll!?_updateAutoParams@GpuProgramParameters@Ogre@@QAEXPBVAutoParamDataSource@2@G@Z+0x1ca9,33,0.2376,13887,20.0
fourteam_move_prefix,3420,OgreMain.dll!?_injectRenderWithPass@SceneManager@Ogre@@UAEXPAVPass@2@PAVRenderable@2@_N2PBV?$HashedVector@PAVLight@Ogre@@@2@@Z+0x29,33,0.2376,13887,20.0
fourteam_move_prefix,3420,WINMM.dll@6e1d0000!BZROpenShim::`anonymous namespace'::RefreshHeadlightState+0x43,33,0.2376,13887,20.0
fourteam_move_prefix,3420,OgreMain.dll!?getViewMatrix@AutoParamDataSource@Ogre@@UBEABVMatrix4@2@XZ+0x7c,32,0.2304,13887,20.0
fourteam_move_prefix,3420,OgreMain.dll!?addRenderable@RenderQueue@Ogre@@QAEXPAVRenderable@2@E@Z+0x13,32,0.2304,13887,20.0
fourteam_move_prefix,3420,OgreMain.dll!?_writeRawConstant@GpuProgramParameters@Ogre@@QAEXIABVMatrix4@2@I@Z+0x3a,32,0.2304,13887,20.0
fourteam_move_prefix,3420,battlezone98redux.exe!sub_785730,32,0.2304,13887,20.0
fourteam_move_prefix,3420,ntdll.dll!__woutput_l+0x8a6,32,0.2304,13887,20.0
fourteam_move_prefix,3420,OgreMain.dll!?getHasInstanceData@VertexBufferBinding@Ogre@@UBE_NXZ+0x13,32,0.2304,13887,20.0
fourteam_move_prefix,3420,OgreMain.dll!?_update@Node@Ogre@@UAEX_N0@Z+0x54,31,0.2232,13887,20.0
fourteam_move_prefix,3420,OgreMain.dll!?isVisible@MovableObject@Ogre@@UBE_NXZ+0x25,31,0.2232,13887,20.0
fourteam_move_prefix,3420,OgreMain.dll!?getShadowCamera@LiSPSMShadowCameraSetup@Ogre@@UBEXPBVSceneManager@2@PBVCamera@2@PBVViewport@2@PBVLight@2@PAV42@I@Z+0x277,31,0.2232,13887,20.0
fourteam_move_prefix,3420,RenderSystem_Direct3D11.dll!?_render@D3D11RenderSystem@Ogre@@UAEXABVRenderOperation@2@@Z+0x3b7,31,0.2232,13887,20.0
fourteam_move_prefix,3420,d3d11.dll!D3D11CoreCreateDevice+0x1d1e8,31,0.2232,13887,20.0
fourteam_move_prefix,3420,ntdll.dll!_RtlUnicodeToMultiByteN@20+0x1b,31,0.2232,13887,20.0
fourteam_move_prefix,3420,RenderSystem_Direct3D11.dll!?getILayoutByShader@D3D11VertexDeclaration@Ogre@@IAEPAUID3D11InputLayout@@PAVD3D11HLSLProgram@2@PAVVertexBufferBinding@2@@Z+0x274,31,0.2232,13887,20.0
fourteam_move_prefix,3420,OgreMain.dll!?touchVertexBufferCopy@HardwareBufferManagerBase@Ogre@@UAEXABVHardwareVertexBufferSharedPtr@2@@Z+0x47,31,0.2232,13887,20.0
fourteam_move_prefix,3420,d3d11.dll!CreateDirect3D11DeviceFromDXGIDevice+0xbdbd5,31,0.2232,13887,20.0
fourteam_move_prefix,3420,RenderSystem_Direct3D11.dll!?getConstantBuffer@D3D11HLSLProgram@Ogre@@QAEPAUID3D11Buffer@@V?$SharedPtr@VGpuProgramParameters@Ogre@@@2@G@Z+0xa4,31,0.2232,13887,20.0
fourteam_move_prefix,3420,OgreMain.dll!?_updateAutoParams@GpuProgramParameters@Ogre@@QAEXPBVAutoParamDataSource@2@G@Z+0x1f65,31,0.2232,13887,20.0
fourteam_move_prefix,3420,d3d11.dll!CreateDirect3D11DeviceFromDXGIDevice+0x9da47,31,0.2232,13887,20.0
fourteam_move_prefix,3420,RenderSystem_Direct3D11.dll!?getILayoutByShader@D3D11VertexDeclaration@Ogre@@IAEPAUID3D11InputLayout@@PAVD3D11HLSLProgram@2@PAVVertexBufferBinding@2@@Z+0x6a,30,0.216,13887,20.0
fourteam_move_prefix,3420,RenderSystem_Direct3D11.dll!?_render@D3D11RenderSystem@Ogre@@UAEXABVRenderOperation@2@@Z+0x18cf,30,0.216,13887,20.0
fourteam_move_prefix,3420,battlezone98redux.exe!FID_conflict:begin,30,0.216,13887,20.0
fourteam_move_prefix,3420,OgreMain.dll!?getBestTechnique@Material@Ogre@@QAEPAVTechnique@2@GPBVRenderable@2@@Z+0x8b,30,0.216,13887,20.0
fourteam_move_prefix,3420,d3d11.dll+0x27010,30,0.216,13887,20.0
fourteam_move_prefix,3420,ntdll.dll!_RtlMultiByteToUnicodeN@20+0x21,30,0.216,13887,20.0
fourteam_move_prefix,3420,d3d11.dll!CreateDirect3D11DeviceFromDXGIDevice+0xbc60f,30,0.216,13887,20.0
fourteam_move_prefix,3420,nvwgf2um.dll!OpenAdapter10+0x726fd,30,0.216,13887,20.0
fourteam_move_prefix,3420,battlezone98redux.exe!sub_4da060,30,0.216,13887,20.0
fourteam_move_prefix,3420,RenderSystem_Direct3D11.dll!?getD3DVertexBuffer@D3D11HardwareVertexBuffer@Ogre@@QBEPAUID3D11Buffer@@XZ+0x6,30,0.216,13887,20.0
fourteam_move_prefix,3420,d3d11.dll!D3D11CoreCreateLayeredDevice+0x17cd,30,0.216,13887,20.0
fourteam_move_prefix,3420,OgreMain.dll!?getVertexDataForBinding@SubEntity@Ogre@@QAEPAVVertexData@2@XZ+0x2a,29,0.2088,13887,20.0
fourteam_move_prefix,3420,OgreMain.dll!?renderSingleObject@SceneManager@Ogre@@MAEXPAVRenderable@2@PBVPass@2@_N2PBV?$HashedVector@PAVLight@Ogre@@@2@@Z+0x87,29,0.2088,13887,20.0
fourteam_move_prefix,3420,OgreMain.dll!?getValueImpl@DistanceLodStrategyBase@Ogre@@MBEMPBVMovableObject@2@PBVCamera@2@@Z+0x15,29,0.2088,13887,20.0
fourteam_move_prefix,3420,battlezone98redux.exe!sub_681a00,29,0.2088,13887,20.0
fourteam_move_prefix,3420,RenderSystem_Direct3D11.dll+0x3ee0,29,0.2088,13887,20.0
fourteam_move_prefix,3420,d3d11.dll!D3D11CreateDeviceAndSwapChain+0x1140,29,0.2088,13887,20.0
fourteam_move_prefix,3420,RenderSystem_Direct3D11.dll!?_render@D3D11RenderSystem@Ogre@@UAEXABVRenderOperation@2@@Z+0x423,29,0.2088,13887,20.0
fourteam_move_prefix,3420,MSVCR120.dll!__libm_sse2_acosf+0xa6,29,0.2088,13887,20.0
fourteam_move_prefix,3420,OgreMain.dll!?_updateAutoParams@GpuProgramParameters@Ogre@@QAEXPBVAutoParamDataSource@2@G@Z+0x1b85,28,0.2016,13887,20.0
fourteam_move_prefix,3420,RenderSystem_Direct3D11.dll!?_render@D3D11RenderSystem@Ogre@@UAEXABVRenderOperation@2@@Z+0x132f,28,0.2016,13887,20.0
fourteam_move_prefix,3420,d3d11.dll!D3D11CoreCreateDevice+0x964f,28,0.2016,13887,20.0
fourteam_move_prefix,3420,d3d11.dll!D3D11CoreCreateDevice+0x9c8f,28,0.2016,13887,20.0
fourteam_move_prefix,3420,RenderSystem_Direct3D11.dll!?_setRenderTarget@D3D11RenderSystem@Ogre@@UAEXPAVRenderTarget@2@@Z+0x4c,28,0.2016,13887,20.0
fourteam_move_prefix,3420,d3d11.dll!D3D11CoreCreateDevice+0x26530,28,0.2016,13887,20.0
fourteam_move_prefix,3420,RenderSystem_Direct3D11.dll!?bindToShader@D3D11VertexDeclaration@Ogre@@QAEXPAVD3D11HLSLProgram@2@PAVVertexBufferBinding@2@@Z+0xa,28,0.2016,13887,20.0
fourteam_move_prefix,3420,battlezone98redux.exe!sub_820180,28,0.2016,13887,20.0
fourteam_move_prefix,3420,OgreMain.dll!?getLightAs4DVector@AutoParamDataSource@Ogre@@UBE?AVVector4@2@I@Z+0x17,27,0.1944,13887,20.0
fourteam_move_prefix,3420,battlezone98redux.exe!sub_81cb40,27,0.1944,13887,20.0
fourteam_move_prefix,3420,RenderSystem_Direct3D11.dll!?_render@D3D11RenderSystem@Ogre@@UAEXABVRenderOperation@2@@Z+0x5b,27,0.1944,13887,20.0
fourteam_move_prefix,3420,battlezone98redux.exe!sub_8203f0,27,0.1944,13887,20.0
fourteam_move_prefix,3420,MSVCR120.dll!__libm_sse2_acosf+0x4c,27,0.1944,13887,20.0
fourteam_move_prefix,3420,OgreMain.dll!?needUpdate@Node@Ogre@@UAEX_N@Z+0x31,27,0.1944,13887,20.0
fourteam_move_prefix,3420,d3d11.dll!D3D11CoreCreateDevice+0xa4c7,27,0.1944,13887,20.0
fourteam_move_prefix,3420,d3d11.dll!D3D11CoreCreateDevice+0x3943,27,0.1944,13887,20.0
fourteam_move_prefix,3420,d3d11.dll!CreateDirect3D11DeviceFromDXGIDevice+0xa5747,27,0.1944,13887,20.0
fourteam_move_prefix,3420,d3d11.dll+0x31a6a,27,0.1944,13887,20.0
fourteam_move_prefix,3420,OgreMain.dll!?getFragmentProgramParameters@Pass@Ogre@@QBE?AV?$SharedPtr@VGpuProgramParameters@Ogre@@@2@XZ+0x7a,26,0.1872,13887,20.0
fourteam_move_prefix,3420,battlezone98redux.exe!sub_4621a0,26,0.1872,13887,20.0
fourteam_move_prefix,3420,battlezone98redux.exe!sub_784100,26,0.1872,13887,20.0
fourteam_move_prefix,3420,WINMM.dll@6e1d0000!BZROpenShim::ChunkEffectSimulateHook+0x5e,26,0.1872,13887,20.0
fourteam_move_prefix,3420,battlezone98redux.exe!sub_6799c0,26,0.1872,13887,20.0
fourteam_move_prefix,3420,OgreMain.dll!?requestUpdate@Node@Ogre@@UAEXPAV12@_N@Z+0x29,26,0.1872,13887,20.0
fourteam_move_prefix,3420,battlezone98redux.exe!sub_4401a0,26,0.1872,13887,20.0
fourteam_move_prefix,3420,MSVCR120.dll!??2@YAPAXI@Z+0xe,26,0.1872,13887,20.0
fourteam_move_prefix,3420,battlezone98redux.exe!sub_67ae70,26,0.1872,13887,20.0
fourteam_move_prefix,3420,battlezone98redux.exe!sub_5c6f70,26,0.1872,13887,20.0
fourteam_move_prefix,3420,dxgi.dll!DXGIDisableVBlankVirtualization+0x20a1e,25,0.18,13887,20.0
fourteam_move_prefix,3420,OgreMain.dll!?prepareRenderQueue@SceneManager@Ogre@@MAEXXZ+0x2f,25,0.18,13887,20.0
fourteam_move_prefix,3420,battlezone98redux.exe!sub_764a10,25,0.18,13887,20.0
fourteam_move_prefix,3420,battlezone98redux.exe!sub_43a170,25,0.18,13887,20.0
fourteam_move_prefix,3420,OgreMain.dll!?isHardwareAnimationEnabled@Entity@Ogre@@QAE_NXZ+0x28,25,0.18,13887,20.0
fourteam_move_prefix,3420,ntdll.dll!_memset+0x45,25,0.18,13887,20.0
fourteam_move_prefix,3420,battlezone98redux.exe!sub_611270,25,0.18,13887,20.0
fourteam_move_prefix,3420,battlezone98redux.exe!sub_678cd0,25,0.18,13887,20.0
fourteam_move_prefix,3420,battlezone98redux.exe!sub_4d4610,25,0.18,13887,20.0
fourteam_move_prefix,3420,battlezone98redux.exe!sub_81f1e0,25,0.18,13887,20.0
fourteam_move_prefix,3420,battlezone98redux.exe!sub_44ecb0,25,0.18,13887,20.0
fourteam_move_prefix,3420,OgreMain.dll!?getSide@Plane@Ogre@@QBE?AW4Side@12@ABVVector3@2@0@Z+0xe,25,0.18,13887,20.0
fourteam_move_prefix,3420,USER32.dll!SystemParametersInfoA+0x66,24,0.1728,13887,20.0
fourteam_move_prefix,3420,OgreMain.dll!?_updateAutoParams@GpuProgramParameters@Ogre@@QAEXPBVAutoParamDataSource@2@G@Z+0x1eb5,24,0.1728,13887,20.0
fourteam_move_prefix,3420,ntdll.dll!_KiUserCallbackDispatcher@12+0x36,24,0.1728,13887,20.0
fourteam_move_prefix,3420,KERNELBASE.dll!GetModuleHandleA+0x16,24,0.1728,13887,20.0
fourteam_move_prefix,3420,RenderSystem_Direct3D11.dll!?_render@D3D11RenderSystem@Ogre@@UAEXABVRenderOperation@2@@Z+0x97,24,0.1728,13887,20.0
fourteam_move_prefix,3420,OgreMain.dll!?_updateAutoParams@Pass@Ogre@@QBEXPBVAutoParamDataSource@2@G@Z+0xf1,24,0.1728,13887,20.0
fourteam_move_prefix,3420,MSVCR120.dll!wcsnlen+0x13c,24,0.1728,13887,20.0
fourteam_move_prefix,3420,battlezone98redux.exe!sub_83e885,24,0.1728,13887,20.0
fourteam_move_prefix,3420,nvwgf2um.dll!OpenAdapter10+0x77c4d,24,0.1728,13887,20.0
fourteam_move_prefix,3420,RenderSystem_Direct3D11.dll!?fireDeviceEvent@D3D11RenderSystem@Ogre@@QAEXPAVD3D11Device@2@ABV?$basic_string@DU?$char_traits@D@std@@V?$allocator@D@2@@std@@PAVD3D11RenderWindowBase@2@@Z+0xaa,24,0.1728,13887,20.0
fourteam_move_prefix,3420,RenderSystem_Direct3D11.dll!??0D3D11RenderWindowSwapChainBased@Ogre@@QAE@ABV01@@Z+0xa0b,23,0.1656,13887,20.0
fourteam_move_prefix,3420,ntdll.dll!write_char+0x1e,23,0.1656,13887,20.0
fourteam_move_prefix,3420,battlezone98redux.exe!sub_5c19d0,23,0.1656,13887,20.0
fourteam_move_prefix,3420,battlezone98redux.exe!sub_784dd0,23,0.1656,13887,20.0
fourteam_move_prefix,3420,nvwgf2um.dll!NVENCODEAPI_Thunk+0x2175ea,23,0.1656,13887,20.0
fourteam_move_prefix,3420,MSVCR120.dll!__libm_sse2_acosf+0xf3,23,0.1656,13887,20.0
fourteam_move_prefix,3420,battlezone98redux.exe!sub_6854b0,23,0.1656,13887,20.0
fourteam_move_prefix,3420,battlezone98redux.exe!sub_6832c8,23,0.1656,13887,20.0
fourteam_move_prefix,3420,OgreMain.dll!?getInverseTransposeViewMatrix@AutoParamDataSource@Ogre@@UBE?AVMatrix4@2@XZ+0xb,22,0.1584,13887,20.0
fourteam_move_prefix,3420,OgreMain.dll!?_notifyCurrentCamera@Entity@Ogre@@UAEXPAVCamera@2@@Z+0x169,22,0.1584,13887,20.0
fourteam_move_prefix,3420,OgreMain.dll!?_findVisibleObjects@SceneNode@Ogre@@UAEXPAVCamera@2@PAVRenderQueue@2@PAUVisibleObjectsBoundsInfo@2@_N33@Z+0x76,22,0.1584,13887,20.0
fourteam_move_prefix,3420,RenderSystem_Direct3D11.dll!?_render@D3D11RenderSystem@Ogre@@UAEXABVRenderOperation@2@@Z+0x229,22,0.1584,13887,20.0
fourteam_move_prefix,3420,battlezone98redux.exe!sub_81fd40,22,0.1584,13887,20.0
fourteam_move_prefix,3420,OgreMain.dll!?_updateAutoParams@GpuProgramParameters@Ogre@@QAEXPBVAutoParamDataSource@2@G@Z+0x1f00,22,0.1584,13887,20.0
fourteam_move_prefix,3420,battlezone98redux.exe!sub_445d90,22,0.1584,13887,20.0
fourteam_move_prefix,3420,OgreMain.dll!?ACos@Math@Ogre@@SA?AVRadian@2@M@Z+0x11,22,0.1584,13887,20.0
fourteam_move_prefix,3420,OgreMain.dll!?isHardwareAnimationEnabled@Entity@Ogre@@QAE_NXZ+0x43,22,0.1584,13887,20.0
fourteam_move_prefix,3420,uxtheme.dll!GetImmersiveUserColorSetPreference+0x1195f,22,0.1584,13887,20.0
fourteam_move_prefix,3420,uxtheme.dll!EnableThemeDialogTexture+0x1143,22,0.1584,13887,20.0
fourteam_move_prefix,3420,d3d11.dll+0x2b4fb,22,0.1584,13887,20.0
fourteam_move_prefix,3420,dxgi.dll!DXGIGetDebugInterface1+0x20602,22,0.1584,13887,20.0
fourteam_move_prefix,3420,OgreMain.dll!?getSquaredDepth@DistanceLodSphereStrategy@Ogre@@UBEMPBVMovableObject@2@PBVCamera@2@@Z+0x2c,22,0.1584,13887,20.0
fourteam_move_prefix,3420,OgreMain.dll+0x2e866,22,0.1584,13887,20.0
fourteam_move_prefix,3420,RenderSystem_Direct3D11.dll!?createImpl@D3D11GpuProgramManager@Ogre@@MAEPAVResource@2@ABV?$basic_string@DU?$char_traits@D@std@@V?$allocator@D@2@@std@@_K0_NPAVManualResourceLoader@2@W4GpuProgramType@2@0@Z+0x6144,21,0.1512,13887,20.0
fourteam_move_prefix,3420,RenderSystem_Direct3D11.dll!?updateStats@D3D11RenderWindowSwapChainBased@Ogre@@UAEXXZ+0x10,21,0.1512,13887,20.0
fourteam_move_prefix,3420,RenderSystem_Direct3D11.dll!??0D3D11RenderWindowSwapChainBased@Ogre@@QAE@ABV01@@Z+0x9f2,21,0.1512,13887,20.0
fourteam_move_prefix,3420,MSVCR120.dll!__crtFlsGetValue+0x19,21,0.1512,13887,20.0
fourteam_move_prefix,3420,MSVCR120.dll!__libm_sse2_acosf+0x13d,21,0.1512,13887,20.0
fourteam_move_prefix,3420,OgreMain.dll!?getDerivedPosition@Light@Ogre@@QBEABVVector3@2@_N@Z+0xe,21,0.1512,13887,20.0
fourteam_move_prefix,3420,OgreMain.dll!?getMovableType@MovablePlane@Ogre@@UBEABV?$basic_string@DU?$char_traits@D@std@@V?$allocator@D@2@@std@@XZ+0xb21,21,0.1512,13887,20.0
fourteam_move_prefix,3420,nvwgf2um.dll!OpenAdapter10+0x76f47,21,0.1512,13887,20.0
fourteam_move_prefix,3420,nvwgf2um.dll!OpenAdapter10+0x76ff7,21,0.1512,13887,20.0
fourteam_move_prefix,3420,d3d11.dll!D3D11CoreCreateDevice+0x3ad9,21,0.1512,13887,20.0
fourteam_move_prefix,3420,dxgi.dll!DXGIGetDebugInterface1+0x2051a,21,0.1512,13887,20.0
fourteam_move_prefix,3420,uxtheme.dll!GetImmersiveUserColorSetPreference+0x1113f,21,0.1512,13887,20.0
fourteam_move_prefix,3420,win32u.dll!_NtUserSystemParametersInfo@16+0xc,21,0.1512,13887,20.0
fourteam_move_prefix,3420,nvwgf2um.dll!OpenAdapter10+0x7208d,21,0.1512,13887,20.0
fourteam_move_prefix,3420,MSVCR120.dll!malloc+0x33,21,0.1512,13887,20.0
fourteam_move_prefix,3420,d3d11.dll+0x289ab,21,0.1512,13887,20.0
fourteam_move_prefix,3420,d3d11.dll+0x28a00,21,0.1512,13887,20.0
fourteam_move_prefix,3420,WINMM.dll@6e1d0000!BZROpenShim::`anonymous namespace'::HookCreateSRV+0x19,21,0.1512,13887,20.0
fourteam_move_prefix,3420,d3d11.dll+0x31b92,21,0.1512,13887,20.0
fourteam_move_prefix,3420,RenderSystem_Direct3D11.dll!??0D3D11RenderWindowSwapChainBased@Ogre@@QAE@ABV01@@Z+0x9da,21,0.1512,13887,20.0
fourteam_move_prefix,3420,ntdll.dll!_ZwReleaseMutant@8+0xc,20,0.144,13887,20.0
fourteam_move_prefix,3420,battlezone98redux.exe!sub_820570,20,0.144,13887,20.0
fourteam_move_prefix,3420,OgreMain.dll!?_updateAutoParams@Pass@Ogre@@QBEXPBVAutoParamDataSource@2@G@Z+0x43,20,0.144,13887,20.0
fourteam_move_prefix,3420,dxgi.dll!DXGIGetDebugInterface1+0x8986,20,0.144,13887,20.0
fourteam_move_prefix,3420,RenderSystem_Direct3D11.dll!?getVBlankMissCount@D3D11RenderWindowSwapChainBased@Ogre@@IAEHXZ+0x62,20,0.144,13887,20.0
fourteam_move_prefix,3420,RenderSystem_Direct3D11.dll!?_render@D3D11RenderSystem@Ogre@@UAEXABVRenderOperation@2@@Z+0x326,20,0.144,13887,20.0
fourteam_move_prefix,3420,nvwgf2um.dll!OpenAdapter10+0x77bed,20,0.144,13887,20.0
fourteam_move_prefix,3420,d3d11.dll+0x31542,20,0.144,13887,20.0
fourteam_move_prefix,3420,MSVCR120.dll!__libm_sse2_asinf+0x50,20,0.144,13887,20.0
fourteam_move_prefix,3420,KERNEL32.DLL!GetCurrentThreadId,20,0.144,13887,20.0
fourteam_move_prefix,3420,OgreMain.dll!?_updateAutoParams@GpuProgramParameters@Ogre@@QAEXPBVAutoParamDataSource@2@G@Z+0x1bab,20,0.144,13887,20.0
fourteam_move_prefix,3420,ntdll.dll!_LdrGetDllHandleEx@20+0x180,20,0.144,13887,20.0
fourteam_move_prefix,3420,nvwgf2um.dll!SetDependencyInfo+0x5027b,20,0.144,13887,20.0
fourteam_move_prefix,3420,RenderSystem_Direct3D11.dll!??0D3D11RenderWindowSwapChainBased@Ogre@@QAE@ABV01@@Z+0x310,20,0.144,13887,20.0
fourteam_move_prefix,3420,battlezone98redux.exe!sub_44eb20,20,0.144,13887,20.0
fourteam_move_prefix,3420,RenderSystem_Direct3D11.dll!??1D3D11RenderWindowSwapChainBased@Ogre@@UAE@XZ+0x36e,20,0.144,13887,20.0
fourteam_move_prefix,3420,battlezone98redux.exe!sub_67bad0,20,0.144,13887,20.0
fourteam_move_prefix,3420,d3d11.dll+0x29801,20,0.144,13887,20.0
fourteam_move_prefix,3420,battlezone98redux.exe!sub_4deaa0,19,0.1368,13887,20.0
fourteam_move_prefix,3420,battlezone98redux.exe!sub_822e60,19,0.1368,13887,20.0
fourteam_move_prefix,3420,battlezone98redux.exe!sub_6c9bd0,19,0.1368,13887,20.0
fourteam_move_prefix,3420,ntdll.dll!_EtwEventWriteTransfer@28+0x26,19,0.1368,13887,20.0
fourteam_move_prefix,3420,dxgi.dll!DXGIDisableVBlankVirtualization+0x321ec,19,0.1368,13887,20.0
fourteam_move_prefix,3420,"battlezone98redux.exe!FID_conflict:_Vector_const_iterator<class_std::_Vector_val<struct_std::_Simple_types<class_std::shared_ptr<struct_Concurrency::details::_Task_impl<struct_std::pair<unsigned_char,class_Concurrency::details::_CancellationTokenState*>_>_>_>_>_>",19,0.1368,13887,20.0
fourteam_move_prefix,3420,battlezone98redux.exe!sub_679570,19,0.1368,13887,20.0
fourteam_move_prefix,3420,WINMM.dll@6e1d0000!BZROpenShim::LegacyWorldUpdateRenderQueueHook+0x218,19,0.1368,13887,20.0
fourteam_move_prefix,3420,OgreMain.dll!?calculateB@FocusedShadowCameraSetup@Ogre@@IBEXABVSceneManager@2@ABVCamera@2@ABVLight@2@ABVAxisAlignedBox@2@3PAVPointListBody@12@@Z+0x154,19,0.1368,13887,20.0
fourteam_move_prefix,3420,d3d11.dll!D3D11CoreCreateDevice+0x1d48d,19,0.1368,13887,20.0
fourteam_move_prefix,3420,d3d11.dll!D3D11CoreCreateDevice+0x1d9a7,19,0.1368,13887,20.0
fourteam_move_prefix,3420,battlezone98redux.exe!sub_5b28e0,19,0.1368,13887,20.0
fourteam_move_prefix,3420,OgreMain.dll!?isInLightRange@Light@Ogre@@QBE_NABVSphere@2@@Z+0x138,19,0.1368,13887,20.0
fourteam_move_prefix,3420,OgreMain.dll!?processVisibleObject@RenderQueue@Ogre@@QAEXPAVMovableObject@2@PAVCamera@2@_NPAUVisibleObjectsBoundsInfo@2@@Z+0x40,19,0.1368,13887,20.0
fourteam_move_prefix,3420,OgreMain.dll!?_findVisibleObjects@SceneNode@Ogre@@UAEXPAVCamera@2@PAVRenderQueue@2@PAUVisibleObjectsBoundsInfo@2@_N33@Z+0x4c,19,0.1368,13887,20.0
fourteam_move_prefix,3420,d3d11.dll+0x375ed,19,0.1368,13887,20.0
fourteam_move_prefix,3420,d3d11.dll+0x367cd,19,0.1368,13887,20.0
fourteam_move_prefix,3420,d3d11.dll+0x27340,19,0.1368,13887,20.0
fourteam_move_prefix,3420,d3d11.dll+0x272eb,19,0.1368,13887,20.0
fourteam_move_prefix,3420,WINMM.dll@6e1d0000!BZROpenShim::`anonymous namespace'::HookCreateRTV+0x19,19,0.1368,13887,20.0
fourteam_move_prefix,3420,battlezone98redux.exe!sub_442f40,19,0.1368,13887,20.0
fourteam_move_prefix,3420,RenderSystem_Direct3D11.dll!?getMonitorSequentialNumberFromSwapChain@MonitorInfo@Ogre@@QAEGPAUIDXGISwapChain@@_N@Z+0x2ac4,18,0.1296,13887,20.0
fourteam_move_prefix,3420,OgreMain.dll!?getProgram@Pass@Ogre@@IBEABV?$SharedPtr@VGpuProgram@Ogre@@@2@PBQAVGpuProgramUsage@2@@Z+0x44,18,0.1296,13887,20.0
fourteam_move_prefix,3420,ntdll.dll!_ZwCallbackReturn@12+0xc,18,0.1296,13887,20.0
fourteam_move_prefix,3420,OgreMain.dll!?renderSingleObject@SceneManager@Ogre@@MAEXPAVRenderable@2@PBVPass@2@_N2PBV?$HashedVector@PAVLight@Ogre@@@2@@Z+0x1d5,18,0.1296,13887,20.0
fourteam_move_prefix,3420,ntdll.dll!_ZwTraceEvent@16+0xc,18,0.1296,13887,20.0
fourteam_move_prefix,3420,MSVCR120.dll!__libm_sse2_asinf+0x3a,18,0.1296,13887,20.0
fourteam_move_prefix,3420,OgreMain.dll!?updatePoint@RotationalSpline@Ogre@@QAEXGABVQuaternion@2@@Z+0xafcf,18,0.1296,13887,20.0
fourteam_move_prefix,3420,OgreMain.dll!?chooseVertexDataForBinding@Entity@Ogre@@QAE?AW4VertexDataBindChoice@12@_N@Z+0x11,18,0.1296,13887,20.0
fourteam_move_prefix,3420,RenderSystem_Direct3D11.dll!?getILayoutByShader@D3D11VertexDeclaration@Ogre@@IAEPAUID3D11InputLayout@@PAVD3D11HLSLProgram@2@PAVVertexBufferBinding@2@@Z+0x24f,18,0.1296,13887,20.0
fourteam_move_prefix,3420,OgreMain.dll!??4GpuSharedParametersUsage@Ogre@@QAEAAV01@ABV01@@Z+0x27b5,18,0.1296,13887,20.0
fourteam_move_prefix,3420,OgreMain.dll!?angleBetween@Vector3@Ogre@@QBE?AVRadian@2@ABV12@@Z+0xc9,18,0.1296,13887,20.0
fourteam_move_prefix,3420,battlezone98redux.exe!sub_67a5ed,18,0.1296,13887,20.0
fourteam_move_prefix,3420,battlezone98redux.exe!sub_6796d0,18,0.1296,13887,20.0
fourteam_move_prefix,3420,battlezone98redux.exe!sub_679610,18,0.1296,13887,20.0
fourteam_move_prefix,3420,OgreMain.dll+0x21c01,18,0.1296,13887,20.0
fourteam_move_prefix,3420,OgreMain.dll!?lock@HardwareBuffer@Ogre@@UAEPAXIIW4LockOptions@12@W4UploadOptions@12@@Z+0xfa,18,0.1296,13887,20.0
fourteam_move_prefix,3420,OgreMain.dll!?getShadowCamera@LiSPSMShadowCameraSetup@Ogre@@UBEXPBVSceneManager@2@PBVCamera@2@PBVViewport@2@PBVLight@2@PAV42@I@Z+0x6c0,18,0.1296,13887,20.0
fourteam_move_prefix,3420,OgreMain.dll!?_updateBounds@SceneNode@Ogre@@UAEXXZ+0x193,17,0.1224,13887,20.0
fourteam_move_prefix,3420,OgreMain.dll!?clear@RenderQueue@Ogre@@QAEX_N@Z+0x99,17,0.1224,13887,20.0
fourteam_move_prefix,3420,OgreMain.dll!?getConstantDefinition@GpuProgramParameters@Ogre@@QBEABUGpuConstantDefinition@2@ABV?$basic_string@DU?$char_traits@D@std@@V?$allocator@D@2@@std@@@Z+0xe4,17,0.1224,13887,20.0
fourteam_move_prefix,3420,battlezone98redux.exe!sub_6ce840,17,0.1224,13887,20.0
fourteam_move_prefix,3420,battlezone98redux.exe!sub_81c600,17,0.1224,13887,20.0
fourteam_move_prefix,3420,battlezone98redux.exe!sub_417910,17,0.1224,13887,20.0
fourteam_move_prefix,3420,WINMM.dll@6e1d0000!BZROpenShim::`anonymous namespace'::ProcessVisibleObjectHook+0x89,17,0.1224,13887,20.0
fourteam_move_prefix,3420,OgreMain.dll!?getRenderOperation@SubEntity@Ogre@@UAEXAAVRenderOperation@2@@Z+0x1e,17,0.1224,13887,20.0
fourteam_move_prefix,3420,WINMM.dll@6e1d0000!BZROpenShim::`anonymous namespace'::HookEntityGetCastShadows+0xcb,17,0.1224,13887,20.0
fourteam_move_prefix,3420,OgreMain.dll!?processVisibleObject@RenderQueue@Ogre@@QAEXPAVMovableObject@2@PAVCamera@2@_NPAUVisibleObjectsBoundsInfo@2@@Z+0x69,17,0.1224,13887,20.0
fourteam_move_prefix,3420,battlezone98redux.exe!sub_4461b0,17,0.1224,13887,20.0
fourteam_move_prefix,3420,KERNELBASE.dll!LoadLibraryExA+0x77,17,0.1224,13887,20.0
fourteam_move_prefix,3420,OgreMain.dll!??4GpuSharedParametersUsage@Ogre@@QAEAAV01@ABV01@@Z+0x2704,17,0.1224,13887,20.0
fourteam_move_prefix,3420,ntdll.dll!_RtlFreeHeap@12+0xca,17,0.1224,13887,20.0
fourteam_move_prefix,3420,RenderSystem_Direct3D11.dll!?getILayoutByShader@D3D11VertexDeclaration@Ogre@@IAEPAUID3D11InputLayout@@PAVD3D11HLSLProgram@2@PAVVertexBufferBinding@2@@Z+0x56,17,0.1224,13887,20.0
fourteam_move_prefix,3420,OgreMain.dll!?isInLightRange@Light@Ogre@@QBE_NABVSphere@2@@Z+0x175,17,0.1224,13887,20.0
fourteam_move_prefix,3420,d3d11.dll!CreateDirect3D11DeviceFromDXGIDevice+0x9ae79,17,0.1224,13887,20.0
fourteam_move_prefix,3420,d3d11.dll+0x27562,17,0.1224,13887,20.0
fourteam_move_prefix,3420,RenderSystem_Direct3D11.dll!?getMonitorSequentialNumberFromSwapChain@MonitorInfo@Ogre@@QAEGPAUIDXGISwapChain@@_N@Z+0x2797,17,0.1224,13887,20.0
fourteam_move_prefix,3420,OgreMain.dll!?updateView@Frustum@Ogre@@MBEXXZ+0xd,17,0.1224,13887,20.0
fourteam_move_prefix,3420,OgreMain.dll!?getVertexProgramParameters@Pass@Ogre@@QBE?AV?$SharedPtr@VGpuProgramParameters@Ogre@@@2@XZ+0x127,17,0.1224,13887,20.0
fourteam_move_prefix,3420,nvwgf2um.dll!OpenAdapter10+0x744c7,17,0.1224,13887,20.0
fourteam_move_prefix,3420,nvwgf2um.dll!OpenAdapter10+0x74f64,17,0.1224,13887,20.0
fourteam_move_prefix,3420,OgreMain.dll!?getProgram@Pass@Ogre@@IBEABV?$SharedPtr@VGpuProgram@Ogre@@@2@PBQAVGpuProgramUsage@2@@Z+0x38,17,0.1224,13887,20.0
fourteam_move_prefix,3420,battlezone98redux.exe!sub_49b1f0,16,0.1152,13887,20.0
fourteam_move_prefix,3420,RenderSystem_Direct3D11.dll!?bindGpuProgramParameters@D3D11RenderSystem@Ogre@@UAEXW4GpuProgramType@2@V?$SharedPtr@VGpuProgramParameters@Ogre@@@2@G@Z+0x15f,16,0.1152,13887,20.0
fourteam_move_prefix,3420,battlezone98redux.exe!sub_446460,16,0.1152,13887,20.0
fourteam_move_prefix,3420,OgreMain.dll!??4GpuSharedParametersUsage@Ogre@@QAEAAV01@ABV01@@Z+0x2742,16,0.1152,13887,20.0
fourteam_move_prefix,3420,battlezone98redux.exe!FID_conflict:end,16,0.1152,13887,20.0
fourteam_move_prefix,3420,OgreMain.dll!?findLightsAffectingFrustum@SceneManager@Ogre@@MAEXPBVCamera@2@@Z+0x1d7,16,0.1152,13887,20.0
fourteam_move_prefix,3420,ntdll.dll!_RtlpLocalInfoAllocFromCache@8+0x242,16,0.1152,13887,20.0
fourteam_move_prefix,3420,battlezone98redux.exe!sub_444d50,16,0.1152,13887,20.0
fourteam_move_prefix,3420,OgreMain.dll!?addRenderable@QueuedRenderableCollection@Ogre@@QAEXPAVPass@2@PAVRenderable@2@@Z+0x3c,16,0.1152,13887,20.0
fourteam_move_prefix,3420,battlezone98redux.exe!sub_420f10,16,0.1152,13887,20.0
fourteam_move_prefix,3420,dxgi.dll!DXGID3D10CreateDevice+0x848,16,0.1152,13887,20.0
fourteam_move_prefix,3420,d3d11.dll!D3D11CoreCreateLayeredDevice+0x1469,16,0.1152,13887,20.0
fourteam_move_prefix,3420,OgreMain.dll!?_updateAutoParams@GpuProgramParameters@Ogre@@QAEXPBVAutoParamDataSource@2@G@Z+0x1e50,16,0.1152,13887,20.0
fourteam_move_prefix,3420,battlezone98redux.exe!sub_4db600,16,0.1152,13887,20.0
fourteam_move_prefix,3420,OgreMain.dll!?getDistance@Plane@Ogre@@QBEMABVVector3@2@@Z+0x37,16,0.1152,13887,20.0
fourteam_move_prefix,3420,d3d11.dll!CreateDirect3D11DeviceFromDXGIDevice+0xa0679,16,0.1152,13887,20.0
fourteam_move_prefix,3420,d3d11.dll+0x2703b,16,0.1152,13887,20.0
fourteam_move_prefix,3420,OgreMain.dll!?isFloat@GpuConstantDefinition@Ogre@@SA_NW4GpuConstantType@2@@Z+0x13,16,0.1152,13887,20.0
fourteam_move_prefix,3420,battlezone98redux.exe!sub_6210a0,16,0.1152,13887,20.0
fourteam_move_prefix,3420,battlezone98redux.exe!sub_5fb450,16,0.1152,13887,20.0
fourteam_move_prefix,3420,OgreMain.dll!?clear@RenderQueueGroup@Ogre@@QAEX_N@Z+0xb7,15,0.108,13887,20.0
fourteam_move_prefix,3420,ntdll.dll!_ZwWaitForSingleObject@12+0xc,15,0.108,13887,20.0
fourteam_move_prefix,3420,d3d11.dll!D3D11CoreCreateLayeredDevice+0x1490,15,0.108,13887,20.0
fourteam_move_prefix,3420,OgreMain.dll!?_updateRenderQueue@Entity@Ogre@@UAEXPAVRenderQueue@2@@Z+0x16c,15,0.108,13887,20.0
fourteam_move_prefix,3420,ntdll.dll!RtlFindActivationContextSectionString+0x146,15,0.108,13887,20.0
fourteam_move_prefix,3420,MSVCR120.dll!__libm_sse2_asinf+0xa0,15,0.108,13887,20.0
fourteam_move_prefix,3420,nvwgf2um.dll!NVDEV_Thunk+0x4f7994,15,0.108,13887,20.0
fourteam_move_prefix,3420,nvwgf2um.dll!OpenAdapter10+0x7202d,15,0.108,13887,20.0
fourteam_move_prefix,3420,dxgi.dll!DXGIDisableVBlankVirtualization+0x39029,15,0.108,13887,20.0
fourteam_move_prefix,3420,WINMM.dll@6e1d0000!BZROpenShim::`anonymous namespace'::DecideFrustumCull+0x5d,15,0.108,13887,20.0
fourteam_move_prefix,3420,ntdll.dll!_LdrpAddUnicodeStringToSnapsBuffer@4+0x25,15,0.108,13887,20.0
fourteam_move_prefix,3420,WINMM.dll@6e1d0000!BZROpenShim::`anonymous namespace'::MultiplayerFlagSubmitHook+0x49,15,0.108,13887,20.0
fourteam_move_prefix,3420,OgreMain.dll!?addRenderable@RenderQueue@Ogre@@QAEXPAVRenderable@2@EG@Z+0x39,15,0.108,13887,20.0
fourteam_move_prefix,3420,dxgi.dll!CompatString+0x2a87,15,0.108,13887,20.0
fourteam_move_prefix,3420,win32u.dll!_NtGdiDdDDIQueryVidPnExclusiveOwnership@4+0xc,15,0.108,13887,20.0
fourteam_move_prefix,3420,nvwgf2um.dll!OpenAdapter10+0x23b36,15,0.108,13887,20.0
fourteam_move_prefix,3420,OgreMain.dll!?angleBetween@Vector3@Ogre@@QBE?AVRadian@2@ABV12@@Z+0xd0,15,0.108,13887,20.0
fourteam_move_prefix,3420,nvwgf2um.dll!SetDependencyInfo+0x35489,15,0.108,13887,20.0
fourteam_move_prefix,3420,OgreMain.dll!?clone@Animation@Ogre@@QBEPAV12@ABV?$basic_string@DU?$char_traits@D@std@@V?$allocator@D@2@@std@@@Z+0x2c6,15,0.108,13887,20.0
fourteam_move_prefix,3420,ntdll.dll!RtlFindActivationContextSectionString+0x1ba,15,0.108,13887,20.0
fourteam_move_prefix,3420,OgreMain.dll!?update@Light@Ogre@@MBEXXZ+0xda,15,0.108,13887,20.0
fourteam_move_prefix,3420,battlezone98redux.exe!sub_4c0100,15,0.108,13887,20.0
fourteam_move_prefix,3420,OgreMain.dll!?ACos@Math@Ogre@@SA?AVRadian@2@M@Z+0x8,15,0.108,13887,20.0
fourteam_move_prefix,3420,OgreMain.dll!?createTechnique@Material@Ogre@@QAEPAVTechnique@2@XZ+0xa3b,15,0.108,13887,20.0
fourteam_move_prefix,3420,OgreMain.dll!?getWorldViewMatrix@AutoParamDataSource@Ogre@@UBEABVMatrix4@2@XZ+0x251,15,0.108,13887,20.0
fourteam_move_prefix,3420,d3d11.dll!CreateDirect3D11DeviceFromDXGIDevice+0xa20c1,14,0.1008,13887,20.0
fourteam_move_prefix,3420,ntdll.dll!__output_l+0x874,14,0.1008,13887,20.0
fourteam_move_prefix,3420,OgreMain.dll!?getLodIndex@Material@Ogre@@QBEGM@Z+0x23,14,0.1008,13887,20.0
fourteam_move_prefix,3420,OgreMain.dll!?isHardwareAnimationEnabled@Entity@Ogre@@QAE_NXZ+0x2c,14,0.1008,13887,20.0
fourteam_move_prefix,3420,OgreMain.dll!?_updateBounds@SceneNode@Ogre@@UAEXXZ+0x213,14,0.1008,13887,20.0
fourteam_move_prefix,3420,d3d11.dll+0x27041,14,0.1008,13887,20.0
fourteam_move_prefix,3420,ntdll.dll!__fputwc_nolock+0x2e,14,0.1008,13887,20.0
fourteam_move_prefix,3420,d3d11.dll!CreateDirect3D11DeviceFromDXGIDevice+0xa515f,14,0.1008,13887,20.0
fourteam_move_prefix,3420,OgreMain.dll!?toString@StringConverter@Ogre@@SA?AV?$basic_string@DU?$char_traits@D@std@@V?$allocator@D@2@@std@@IGDH@Z+0x16e,14,0.1008,13887,20.0
fourteam_move_prefix,3420,OgreMain.dll!?getFragmentProgramParameters@Pass@Ogre@@QBE?AV?$SharedPtr@VGpuProgramParameters@Ogre@@@2@XZ+0x86,14,0.1008,13887,20.0
fourteam_move_prefix,3420,OgreMain.dll!?buffersCheckedOut@TempBlendedBufferInfo@Ogre@@QBE_N_N0@Z+0x2f,14,0.1008,13887,20.0
fourteam_move_prefix,3420,KERNELBASE.dll!WaitForSingleObject+0x12,14,0.1008,13887,20.0
fourteam_move_prefix,3420,OgreMain.dll!?_findNamedConstantDefinition@GpuProgramParameters@Ogre@@QBEPBUGpuConstantDefinition@2@ABV?$basic_string@DU?$char_traits@D@std@@V?$allocator@D@2@@std@@_N@Z+0xfe,14,0.1008,13887,20.0
fourteam_move_prefix,3420,OgreMain.dll!?getFragmentProgramParameters@Pass@Ogre@@QBE?AV?$SharedPtr@VGpuProgramParameters@Ogre@@@2@XZ+0x5b,14,0.1008,13887,20.0
fourteam_move_prefix,3420,battlezone98redux.exe!sub_5fed30,14,0.1008,13887,20.0
fourteam_move_prefix,3420,OgreMain.dll!?getAs4DVector@Light@Ogre@@QBE?AVVector4@2@_N@Z+0x54,14,0.1008,13887,20.0
fourteam_move_prefix,3420,WINMM.dll@6e1d0000!BZROpenShim::`anonymous namespace'::DecideFrustumCull+0x119,14,0.1008,13887,20.0
fourteam_move_prefix,3420,nvwgf2um.dll!OpenAdapter10+0x72c24,14,0.1008,13887,20.0
fourteam_move_prefix,3420,d3d11.dll!D3D11CoreCreateLayeredDevice+0x151d9,14,0.1008,13887,20.0
fourteam_move_prefix,3420,d3d11.dll+0x2afa5,14,0.1008,13887,20.0
fourteam_move_prefix,3420,d3d11.dll!D3D11CoreCreateLayeredDevice+0xf28,14,0.1008,13887,20.0
fourteam_move_prefix,3420,OgreMain.dll!?_renderScene@Camera@Ogre@@QAEXPAVViewport@2@_N@Z+0xd8,14,0.1008,13887,20.0
fourteam_move_prefix,3420,OgreMain.dll!?getHasInstanceData@VertexBufferBinding@Ogre@@UBE_NXZ+0x45,14,0.1008,13887,20.0
fourteam_move_prefix,3420,battlezone98redux.exe!sub_6c69c0,13,0.0936,13887,20.0
fourteam_move_prefix,3420,battlezone98redux.exe!sub_822ae0,13,0.0936,13887,20.0
fourteam_move_prefix,3420,OgreMain.dll!?getIndex@DistanceLodStrategyBase@Ogre@@UBEGMABV?$vector@MV?$STLAllocator@MV?$CategorisedAllocPolicy@$0A@@Ogre@@@Ogre@@@std@@@Z+0x16,13,0.0936,13887,20.0
fourteam_move_prefix,3420,battlezone98redux.exe!sub_4dfad0,13,0.0936,13887,20.0
fourteam_move_prefix,3420,OgreMain.dll!?ASin@Math@Ogre@@SA?AVRadian@2@M@Z+0x8,13,0.0936,13887,20.0
fourteam_move_prefix,3420,OgreMain.dll!?getWorldViewProjMatrix@AutoParamDataSource@Ogre@@UBEABVMatrix4@2@XZ+0x39c,13,0.0936,13887,20.0
fourteam_move_prefix,3420,OgreMain.dll!?useLightsGpuProgram@SceneManager@Ogre@@MAEXPBVPass@2@PBV?$HashedVector@PAVLight@Ogre@@@2@@Z+0x55,13,0.0936,13887,20.0
fourteam_move_prefix,3420,MSVCR120.dll!floor+0x30,13,0.0936,13887,20.0
fourteam_move_prefix,3420,OgreMain.dll!?getConstantDefinition@GpuProgramParameters@Ogre@@QBEABUGpuConstantDefinition@2@ABV?$basic_string@DU?$char_traits@D@std@@V?$allocator@D@2@@std@@@Z,13,0.0936,13887,20.0
fourteam_move_prefix,3420,battlezone98redux.exe!sub_46d0a0,13,0.0936,13887,20.0
fourteam_move_prefix,3420,MSVCR120.dll!tolower+0x28,13,0.0936,13887,20.0
fourteam_move_prefix,3420,d3d11.dll+0x38e73,13,0.0936,13887,20.0
fourteam_move_prefix,3420,d3d11.dll+0x373f1,13,0.0936,13887,20.0
fourteam_move_prefix,3420,d3d11.dll+0x3628f,13,0.0936,13887,20.0
fourteam_move_prefix,3420,d3d11.dll!D3D11CoreCreateLayeredDevice+0x9aba,13,0.0936,13887,20.0
fourteam_move_prefix,3420,RenderSystem_Direct3D11.dll!?_setRenderTarget@D3D11RenderSystem@Ogre@@UAEXPAVRenderTarget@2@@Z+0xdb,13,0.0936,13887,20.0
fourteam_move_prefix,3420,battlezone98redux.exe!sub_4aaea0,13,0.0936,13887,20.0
fourteam_move_prefix,3420,OgreMain.dll!?softwareVertexBlend@Mesh@Ogre@@SAXPBVVertexData@2@0PBQBVMatrix4@2@I_N@Z+0x22d,13,0.0936,13887,20.0
fourteam_move_prefix,3420,ntdll.dll!_ZwOpenThread@16+0xc,13,0.0936,13887,20.0
fourteam_move_prefix,3420,nvwgf2um.dll!SetDependencyInfo+0x54234,13,0.0936,13887,20.0
fourteam_move_prefix,3420,OgreMain.dll!?visit@SceneMgrQueuedRenderableVisitor@SceneManager@Ogre@@UAEXPAVRenderable@3@@Z+0x16,13,0.0936,13887,20.0
fourteam_move_prefix,3420,OgreMain.dll!?getMovableType@MovablePlane@Ogre@@UBEABV?$basic_string@DU?$char_traits@D@std@@V?$allocator@D@2@@std@@XZ+0x820,13,0.0936,13887,20.0
fourteam_move_prefix,3420,OgreMain.dll!?Ogre_InterlockedIncrement64@InterlockedCompareExchange64Wrapper@Ogre@@SA_JPC_J@Z+0x72b,13,0.0936,13887,20.0
fourteam_move_prefix,3420,nvwgf2um.dll!OpenAdapter10+0x71b17,13,0.0936,13887,20.0
fourteam_move_prefix,3420,d3d11.dll!CreateDirect3D11DeviceFromDXGIDevice+0x9b092,13,0.0936,13887,20.0
fourteam_move_prefix,3420,OgreMain.dll!?_notifyCurrentCamera@Entity@Ogre@@UAEXPAVCamera@2@@Z+0x109,13,0.0936,13887,20.0
fourteam_move_prefix,3420,battlezone98redux.exe!sub_464610,13,0.0936,13887,20.0
fourteam_move_prefix,3420,d3d11.dll!D3D11CoreCreateLayeredDevice+0x1202,13,0.0936,13887,20.0
fourteam_move_prefix,3420,d3d11.dll!D3D11CoreCreateLayeredDevice+0x1c11,13,0.0936,13887,20.0
fourteam_move_prefix,3420,d3d11.dll!D3D11CoreCreateLayeredDevice+0x13af,13,0.0936,13887,20.0
fourteam_move_prefix,3420,d3d11.dll!CreateDirect3D11DeviceFromDXGIDevice+0xbc64c,13,0.0936,13887,20.0
fourteam_move_prefix,3420,battlezone98redux.exe!sub_492d60,13,0.0936,13887,20.0
fourteam_move_prefix,3420,win32u.dll!_NtUserSetCursorPos@8+0xc,13,0.0936,13887,20.0
fourteam_move_prefix,3420,battlezone98redux.exe!sub_623b20,13,0.0936,13887,20.0
fourteam_move_prefix,3420,d3d11.dll!D3D11CoreCreateLayeredDevice+0x15270,13,0.0936,13887,20.0
fourteam_move_prefix,3420,OgreMain.dll!?renderSingleObject@SceneManager@Ogre@@MAEXPAVRenderable@2@PBVPass@2@_N2PBV?$HashedVector@PAVLight@Ogre@@@2@@Z+0x1b7,13,0.0936,13887,20.0
fourteam_move_prefix,3420,OgreMain.dll!?getSide@Plane@Ogre@@QBE?AW4Side@12@ABVVector3@2@0@Z+0x63,12,0.0864,13887,20.0
fourteam_move_prefix,3420,OgreMain.dll!?getVertexProgramParameters@Pass@Ogre@@QBE?AV?$SharedPtr@VGpuProgramParameters@Ogre@@@2@XZ+0x133,12,0.0864,13887,20.0
fourteam_move_prefix,3420,OgreMain.dll!?merge@VisibleObjectsBoundsInfo@Ogre@@QAEXABVAxisAlignedBox@2@ABVSphere@2@PBVCamera@2@_N@Z+0x2c,12,0.0864,13887,20.0
fourteam_move_prefix,3420,OgreMain.dll!?getInverseViewMatrix@AutoParamDataSource@Ogre@@UBEABVMatrix4@2@XZ+0x22,12,0.0864,13887,20.0
fourteam_move_prefix,3420,battlezone98redux.exe!sub_4440d0,12,0.0864,13887,20.0
fourteam_move_prefix,3420,OgreMain.dll!?_setPass@SceneManager@Ogre@@UAEPBVPass@2@PBV32@_N1@Z+0xc2,12,0.0864,13887,20.0
fourteam_move_prefix,3420,MSVCR120.dll!__libm_sse2_acosf+0x36,12,0.0864,13887,20.0
fourteam_move_prefix,3420,OgreMain.dll!?getLight@AutoParamDataSource@Ogre@@IBEABVLight@2@I@Z+0x11,12,0.0864,13887,20.0
fourteam_move_prefix,3420,ntdll.dll!_ZwSetInformationThread@16+0xc,12,0.0864,13887,20.0
fourteam_move_prefix,3420,OgreMain.dll!?updatePoint@RotationalSpline@Ogre@@QAEXGABVQuaternion@2@@Z+0xb042,12,0.0864,13887,20.0
fourteam_move_prefix,3420,nvspcap.dll+0x39835,12,0.0864,13887,20.0
fourteam_move_prefix,3420,OgreMain.dll!??4GpuSharedParametersUsage@Ogre@@QAEAAV01@ABV01@@Z+0x27ab,12,0.0864,13887,20.0
fourteam_move_prefix,3420,nvspcap.dll!CreateShadowPlayProxyShimInterface+0xe53a,12,0.0864,13887,20.0
fourteam_move_prefix,3420,OgreMain.dll!?_injectRenderWithPass@SceneManager@Ogre@@UAEXPAVPass@2@PAVRenderable@2@_N2PBV?$HashedVector@PAVLight@Ogre@@@2@@Z+0x16,12,0.0864,13887,20.0
fourteam_move_prefix,3420,OgreMain.dll!?fireViewportPreUpdate@RenderTarget@Ogre@@MAEXPAVViewport@2@@Z+0x3b,12,0.0864,13887,20.0
fourteam_move_prefix,3420,OgreMain.dll!?_updateViewport@RenderTarget@Ogre@@UAEXPAVViewport@2@_N@Z+0x13,12,0.0864,13887,20.0
fourteam_move_prefix,3420,nvwgf2um.dll!NVDEV_Thunk+0x213191,12,0.0864,13887,20.0
fourteam_move_prefix,3420,nvwgf2um.dll!SetDependencyInfo+0x596d0,12,0.0864,13887,20.0
fourteam_move_prefix,3420,win32u.dll!_NtGdiDdDDISetQueuedLimit@4+0xc,12,0.0864,13887,20.0
fourteam_move_prefix,3420,d3d11.dll+0x2b095,12,0.0864,13887,20.0
fourteam_move_prefix,3420,OgreMain.dll!?findLightsAffectingFrustum@SceneManager@Ogre@@MAEXPBVCamera@2@@Z+0x398,12,0.0864,13887,20.0
fourteam_move_prefix,3420,RenderSystem_Direct3D11.dll!?getMonitorSequentialNumberFromSwapChain@MonitorInfo@Ogre@@QAEGPAUIDXGISwapChain@@_N@Z+0x2ab9,12,0.0864,13887,20.0
fourteam_move_prefix,3420,battlezone98redux.exe!sub_444b00,12,0.0864,13887,20.0
fourteam_move_prefix,3420,battlezone98redux.exe!sub_62c8f0,12,0.0864,13887,20.0
fourteam_move_prefix,3420,battlezone98redux.exe!sub_421ec0,12,0.0864,13887,20.0
fourteam_move_prefix,3420,battlezone98redux.exe!sub_442a90,12,0.0864,13887,20.0
fourteam_move_prefix,3420,d3d11.dll!D3D11CoreCreateLayeredDevice+0x13921,12,0.0864,13887,20.0
fourteam_move_prefix,3420,nvwgf2um.dll!OpenAdapter10+0x72d57,12,0.0864,13887,20.0
fourteam_move_prefix,3420,d3d11.dll!D3D11CoreCreateLayeredDevice+0x13c43,12,0.0864,13887,20.0
fourteam_move_prefix,3420,nvwgf2um.dll!OpenAdapter10+0x77157,12,0.0864,13887,20.0
fourteam_move_prefix,3420,d3d11.dll!D3D11CoreCreateLayeredDevice+0x13f6b,12,0.0864,13887,20.0
fourteam_move_prefix,3420,RenderSystem_Direct3D11.dll!?getConstantBuffer@D3D11HLSLProgram@Ogre@@QAEPAUID3D11Buffer@@V?$SharedPtr@VGpuProgramParameters@Ogre@@@2@G@Z+0x100,12,0.0864,13887,20.0
fourteam_move_prefix,3420,OgreMain.dll!?calculateLVS@FocusedShadowCameraSetup@Ogre@@IBEXABVSceneManager@2@ABVCamera@2@ABVLight@2@ABVAxisAlignedBox@2@PAVPointListBody@12@@Z+0x94,12,0.0864,13887,20.0
fourteam_move_prefix,3420,OgreMain.dll!?normalise@Vector3@Ogre@@QAEMXZ+0x33,12,0.0864,13887,20.0
fourteam_move_prefix,3420,battlezone98redux.exe!sub_6c3ad0,11,0.0792,13887,20.0
fourteam_move_prefix,3420,d3d11.dll!D3D11CoreCreateDevice+0xa28d,11,0.0792,13887,20.0
fourteam_move_prefix,3420,d3d11.dll!D3D11CoreCreateDevice+0xa1cf,11,0.0792,13887,20.0
fourteam_move_prefix,3420,OgreMain.dll!?hasScale@Matrix4@Ogre@@QBE_NXZ+0x42,11,0.0792,13887,20.0
fourteam_move_prefix,3420,ntdll.dll!RtlpLocateActivationContextSection+0xd8,11,0.0792,13887,20.0
fourteam_move_prefix,3420,battlezone98redux.exe!sub_81ee70,11,0.0792,13887,20.0
fourteam_move_prefix,3420,battlezone98redux.exe!sub_8205a0,11,0.0792,13887,20.0
fourteam_move_prefix,3420,win32u.dll!_NtUserGetLayeredWindowAttributes@16+0xc,11,0.0792,13887,20.0
fourteam_move_prefix,3420,dxgi.dll!DXGIDisableVBlankVirtualization+0x20b89,11,0.0792,13887,20.0
fourteam_move_prefix,3420,OgreMain.dll!??4GpuSharedParametersUsage@Ogre@@QAEAAV01@ABV01@@Z+0x2737,11,0.0792,13887,20.0
fourteam_move_prefix,3420,battlezone98redux.exe!sub_5b2950,11,0.0792,13887,20.0
fourteam_move_prefix,3420,nvwgf2um.dll!NVENCODEAPI_Thunk+0x10512,11,0.0792,13887,20.0
fourteam_move_prefix,3420,nvwgf2um.dll!SetDependencyInfo+0x5a051,11,0.0792,13887,20.0
fourteam_move_prefix,3420,battlezone98redux.exe!sub_73b690,11,0.0792,13887,20.0
fourteam_move_prefix,3420,ntdll.dll!_RtlAppendUnicodeStringToString@8+0x3e,11,0.0792,13887,20.0
fourteam_move_prefix,3420,battlezone98redux.exe!sub_440000,11,0.0792,13887,20.0
fourteam_move_prefix,3420,OgreMain.dll!?addRenderable@QueuedRenderableCollection@Ogre@@QAEXPAVPass@2@PAVRenderable@2@@Z+0xcc,11,0.0792,13887,20.0
fourteam_move_prefix,3420,MSVCR120.dll!ceil+0x1ce,11,0.0792,13887,20.0
fourteam_move_prefix,3420,OgreMain.dll!?updateAnimation@Entity@Ogre@@IAEXXZ+0x85,11,0.0792,13887,20.0
fourteam_move_prefix,3420,RenderSystem_Direct3D11.dll!?_render@D3D11RenderSystem@Ogre@@UAEXABVRenderOperation@2@@Z+0x195a,11,0.0792,13887,20.0
fourteam_move_prefix,3420,OgreMain.dll!?touchVertexBufferCopy@HardwareBufferManagerBase@Ogre@@UAEXABVHardwareVertexBufferSharedPtr@2@@Z+0x7e,11,0.0792,13887,20.0
fourteam_move_prefix,3420,nvwgf2um.dll!OpenAdapter10+0x72bbd,11,0.0792,13887,20.0
fourteam_move_prefix,3420,nvwgf2um.dll!OpenAdapter10+0x74efd,11,0.0792,13887,20.0
fourteam_move_prefix,3420,d3d11.dll!CreateDirect3D11DeviceFromDXGIDevice+0x9da48,11,0.0792,13887,20.0
fourteam_move_prefix,3420,d3d11.dll!D3D11CoreCreateLayeredDevice+0x128f,11,0.0792,13887,20.0
fourteam_move_prefix,3420,nvwgf2um.dll!SetDependencyInfo+0x4f687,11,0.0792,13887,20.0
fourteam_move_prefix,3420,battlezone98redux.exe!sub_4db560,11,0.0792,13887,20.0
fourteam_move_prefix,3420,OgreMain.dll!?cacheBoneMatrices@Entity@Ogre@@IAE_NXZ+0x71,11,0.0792,13887,20.0
fourteam_move_prefix,3420,OgreMain.dll!?getNumWorldTransforms@SubEntity@Ogre@@UBEGXZ+0xe,11,0.0792,13887,20.0
fourteam_move_prefix,3420,OgreMain.dll!?update@Light@Ogre@@MBEXXZ,11,0.0792,13887,20.0
fourteam_move_prefix,3420,battlezone98redux.exe!sub_678779,11,0.0792,13887,20.0
fourteam_move_prefix,3420,OgreMain.dll!?_findVisibleObjects@SceneNode@Ogre@@UAEXPAVCamera@2@PAVRenderQueue@2@PAUVisibleObjectsBoundsInfo@2@_N33@Z+0x35,11,0.0792,13887,20.0
fourteam_move_prefix,3420,battlezone98redux.exe!sub_44f020,11,0.0792,13887,20.0
fourteam_move_prefix,3420,OgreMain.dll!?getTechnique@Renderable@Ogre@@UBEPAVTechnique@2@XZ+0x12,11,0.0792,13887,20.0
fourteam_move_prefix,3420,battlezone98redux.exe!sub_6786f0,11,0.0792,13887,20.0
fourteam_move_prefix,3420,OgreMain.dll!?_populateLightList@SceneManager@Ogre@@UAEXABVVector3@2@MAAV?$HashedVector@PAVLight@Ogre@@@2@I@Z+0x142,10,0.072,13887,20.0
fourteam_move_prefix,3420,RenderSystem_Direct3D11.dll!?bindGpuProgramParameters@D3D11RenderSystem@Ogre@@UAEXW4GpuProgramType@2@V?$SharedPtr@VGpuProgramParameters@Ogre@@@2@G@Z+0x85,10,0.072,13887,20.0
fourteam_move_prefix,3420,OgreMain.dll!?getTransparentSortingForced@Pass@Ogre@@QBE_NXZ+0x6,10,0.072,13887,20.0
fourteam_move_prefix,3420,battlezone98redux.exe!sub_4af020,10,0.072,13887,20.0
fourteam_move_prefix,3420,OgreMain.dll!?reset@ConvexBody@Ogre@@QAEXXZ+0x17,10,0.072,13887,20.0
fourteam_move_prefix,3420,OgreMain.dll!?freePolygon@ConvexBody@Ogre@@KAXPAVPolygon@2@@Z+0x39,10,0.072,13887,20.0
fourteam_move_prefix,3420,d3d11.dll!D3D11CoreCreateDevice+0x1d0da,10,0.072,13887,20.0
fourteam_move_prefix,3420,d3d11.dll!D3D11CoreCreateLayeredDevice+0x17a6,10,0.072,13887,20.0
fourteam_move_prefix,3420,d3d11.dll!D3D11CoreCreateDevice+0x1d016,10,0.072,13887,20.0
fourteam_move_prefix,3420,battlezone98redux.exe!sub_43c6c0,10,0.072,13887,20.0
fourteam_move_prefix,3420,battlezone98redux.exe!sub_43a7e0,10,0.072,13887,20.0
fourteam_move_prefix,3420,OgreMain.dll!?addRenderable@RenderQueue@Ogre@@QAEXPAVRenderable@2@EG@Z+0x3e,10,0.072,13887,20.0
fourteam_move_prefix,3420,battlezone98redux.exe!sub_73ada0,10,0.072,13887,20.0
fourteam_move_prefix,3420,ntdll.dll!_LdrpGenerateSnapsUnicodeStrings@28+0x1b9,10,0.072,13887,20.0
fourteam_move_prefix,3420,nvspcap.dll!QueryShadowPlayDdiShimStatus+0x23eb7,10,0.072,13887,20.0
fourteam_move_prefix,3420,OgreMain.dll!?isInLightRange@Light@Ogre@@QBE_NABVSphere@2@@Z+0x134,10,0.072,13887,20.0
fourteam_move_prefix,3420,OgreMain.dll!?_updateBounds@SceneNode@Ogre@@UAEXXZ+0x2e,10,0.072,13887,20.0
fourteam_move_prefix,3420,ntdll.dll!_LdrpAddUnicodeStringToSnapsBuffer@4+0x19,10,0.072,13887,20.0
fourteam_move_prefix,3420,RenderSystem_Direct3D11.dll!?getConstantBuffer@D3D11HLSLProgram@Ogre@@QAEPAUID3D11Buffer@@V?$SharedPtr@VGpuProgramParameters@Ogre@@@2@G@Z+0x1d1,10,0.072,13887,20.0
fourteam_move_prefix,3420,OgreMain.dll!?getBoundingBox@Entity@Ogre@@UBEABVAxisAlignedBox@2@XZ+0x8e2,10,0.072,13887,20.0
fourteam_move_prefix,3420,nvwgf2um.dll!NVAPI_DirectMethods+0xb9201,10,0.072,13887,20.0
fourteam_move_prefix,3420,OgreMain.dll!?updatePoint@RotationalSpline@Ogre@@QAEXGABVQuaternion@2@@Z+0x1538,10,0.072,13887,20.0
fourteam_move_prefix,3420,OgreMain.dll!?unlock@HardwareBuffer@Ogre@@UAEXXZ+0x1,10,0.072,13887,20.0
fourteam_move_prefix,3420,d3d11.dll!D3D11CoreCreateDevice+0x2f01d,10,0.072,13887,20.0
fourteam_move_prefix,3420,d3d11.dll+0x2ba61,10,0.072,13887,20.0
fourteam_move_prefix,3420,OgreMain.dll!?isVisible@ShadowRenderable@Ogre@@UBE_NXZ+0x141,10,0.072,13887,20.0
fourteam_move_prefix,3420,OgreMain.dll!?normalise@Vector3@Ogre@@QAEMXZ+0x42,10,0.072,13887,20.0
fourteam_move_prefix,3420,OgreMain.dll!?getWorldViewMatrix@AutoParamDataSource@Ogre@@UBEABVMatrix4@2@XZ+0x241,10,0.072,13887,20.0
fourteam_move_prefix,3420,OgreMain.dll!?processVisibleObject@RenderQueue@Ogre@@QAEXPAVMovableObject@2@PAVCamera@2@_NPAUVisibleObjectsBoundsInfo@2@@Z+0x11,10,0.072,13887,20.0
fourteam_move_prefix,3420,battlezone98redux.exe!sub_67bdc0,10,0.072,13887,20.0
fourteam_move_prefix,3420,d3d11.dll!D3D11CoreCreateLayeredDevice+0xcf8c,10,0.072,13887,20.0
fourteam_move_prefix,3420,OgreMain.dll!?_setTextureUnitSettings@RenderSystem@Ogre@@UAEXIAAVTextureUnitState@2@@Z+0x22c,10,0.072,13887,20.0
fourteam_move_prefix,3420,nvwgf2um.dll!SetDependencyInfo+0x4f20d,10,0.072,13887,20.0
fourteam_move_prefix,3420,MSVCP120.dll!??6?$basic_ostream@DU?$char_traits@D@std@@@std@@QAEAAV01@K@Z+0x7b,10,0.072,13887,20.0
fourteam_move_prefix,3420,battlezone98redux.exe!get,10,0.072,13887,20.0
fourteam_move_prefix,3420,OgreMain.dll!?getQueueGroup@RenderQueue@Ogre@@QAEPAVRenderQueueGroup@2@E@Z+0x52,10,0.072,13887,20.0
fourteam_move_prefix,3420,WINMM.dll@6e1d0000!BZROpenShim::`anonymous namespace'::IsOgreEntityObject+0x44,10,0.072,13887,20.0
fourteam_move_prefix,3420,battlezone98redux.exe!sub_4588c0,10,0.072,13887,20.0
fourteam_move_prefix,3420,OgreMain.dll+0x3942d,10,0.072,13887,20.0
fourteam_move_prefix,3420,ntdll.dll!_LdrpFindLoadedDllByName@20+0x8c,10,0.072,13887,20.0
fourteam_move_prefix,3420,dxgi.dll!CompatString+0x2c08,10,0.072,13887,20.0
fourteam_move_prefix,3420,win32u.dll!_NtGdiDdDDICheckMonitorPowerState@4+0xc,10,0.072,13887,20.0
fourteam_move_prefix,3420,OgreMain.dll!?createTechnique@Material@Ogre@@QAEPAVTechnique@2@XZ+0xa2c,10,0.072,13887,20.0
fourteam_move_prefix,3420,MSVCR120.dll!free+0x1a,10,0.072,13887,20.0
fourteam_move_prefix,3420,battlezone98redux.exe!sub_4221b0,10,0.072,13887,20.0
fourteam_move_prefix,3420,battlezone98redux.exe!back,10,0.072,13887,20.0
fourteam_move_prefix,3420,battlezone98redux.exe!sub_43f8e0,9,0.0648,13887,20.0
fourteam_move_prefix,3420,battlezone98redux.exe!sub_437b00,9,0.0648,13887,20.0
fourteam_move_prefix,3420,battlezone98redux.exe!sub_43faa0,9,0.0648,13887,20.0
fourteam_move_prefix,3420,OgreMain.dll!?touchVertexBufferCopy@HardwareBufferManagerBase@Ogre@@UAEXABVHardwareVertexBufferSharedPtr@2@@Z+0x3d,9,0.0648,13887,20.0
fourteam_move_prefix,3420,OgreMain.dll+0x13f52,9,0.0648,13887,20.0
fourteam_move_prefix,3420,RenderSystem_Direct3D11.dll+0x4b38,9,0.0648,13887,20.0
fourteam_move_prefix,3420,RenderSystem_Direct3D11.dll!?_render@D3D11RenderSystem@Ogre@@UAEXABVRenderOperation@2@@Z+0xb7b,9,0.0648,13887,20.0
fourteam_move_prefix,3420,OgreMain.dll!?_setPass@SceneManager@Ogre@@UAEPBVPass@2@PBV32@_N1@Z+0x125,9,0.0648,13887,20.0
fourteam_move_prefix,3420,OgreMain.dll!?useLightsGpuProgram@SceneManager@Ogre@@MAEXPBVPass@2@PBV?$HashedVector@PAVLight@Ogre@@@2@@Z+0x2b,9,0.0648,13887,20.0
fourteam_move_prefix,3420,MSVCR120.dll!floor+0x1e,9,0.0648,13887,20.0
fourteam_move_prefix,3420,nvwgf2um.dll!SetDependencyInfo+0x54242,9,0.0648,13887,20.0
fourteam_move_prefix,3420,WINMM.dll@6e1d0000!BZROpenShim::`anonymous namespace'::WingmanUpdateWeaponAimWithConvergence+0x48,9,0.0648,13887,20.0
fourteam_move_prefix,3420,OgreMain.dll!?angleBetween@Vector3@Ogre@@QBE?AVRadian@2@ABV12@@Z+0xcc,9,0.0648,13887,20.0
fourteam_move_prefix,3420,OgreMain.dll!?isTransparentSortingForced@Technique@Ogre@@QBE_NXZ+0xc,9,0.0648,13887,20.0
fourteam_move_prefix,3420,OgreMain.dll+0x17bb6,9,0.0648,13887,20.0
fourteam_move_prefix,3420,ntdll.dll!_RtlEnterCriticalSection@4+0x25,9,0.0648,13887,20.0
fourteam_move_prefix,3420,d3d11.dll!CreateDirect3D11DeviceFromDXGIDevice+0x9f9ea,9,0.0648,13887,20.0
fourteam_move_prefix,3420,battlezone98redux.exe!sub_48fd00,9,0.0648,13887,20.0
fourteam_move_prefix,3420,RenderSystem_Direct3D11.dll!?getConstantBuffer@D3D11HLSLProgram@Ogre@@QAEPAUID3D11Buffer@@V?$SharedPtr@VGpuProgramParameters@Ogre@@@2@G@Z+0xe7,9,0.0648,13887,20.0
fourteam_move_prefix,3420,RenderSystem_Direct3D11.dll!?getConstantBuffer@D3D11HLSLProgram@Ogre@@QAEPAUID3D11Buffer@@V?$SharedPtr@VGpuProgramParameters@Ogre@@@2@G@Z+0x4d,9,0.0648,13887,20.0
fourteam_move_prefix,3420,ntdll.dll!write_string+0x3a,9,0.0648,13887,20.0
fourteam_move_prefix,3420,dxgi.dll!DXGIDisableVBlankVirtualization+0x20ac8,9,0.0648,13887,20.0
fourteam_move_prefix,3420,KERNEL32.DLL!FlsGetValue+0x1b,9,0.0648,13887,20.0
fourteam_move_prefix,3420,d3d11.dll!CreateDirect3D11DeviceFromDXGIDevice+0xbc657,9,0.0648,13887,20.0
fourteam_move_prefix,3420,OgreMain.dll!?clone@Animation@Ogre@@QBEPAV12@ABV?$basic_string@DU?$char_traits@D@std@@V?$allocator@D@2@@std@@@Z+0x249,9,0.0648,13887,20.0
fourteam_move_prefix,3420,battlezone98redux.exe!sub_42de50,9,0.0648,13887,20.0
fourteam_move_prefix,3420,nvwgf2um.dll!SetDependencyInfo+0x378d1,9,0.0648,13887,20.0
fourteam_move_prefix,3420,OgreMain.dll!?touchVertexBufferCopy@HardwareBufferManagerBase@Ogre@@UAEXABVHardwareVertexBufferSharedPtr@2@@Z+0x38,9,0.0648,13887,20.0
fourteam_move_prefix,3420,battlezone98redux.exe!FID_conflict:operator!=,9,0.0648,13887,20.0
fourteam_move_prefix,3420,battlezone98redux.exe!sub_4d46b0,9,0.0648,13887,20.0
fourteam_move_prefix,3420,OgreMain.dll!?isFloat@GpuConstantDefinition@Ogre@@SA_NW4GpuConstantType@2@@Z+0x1a,9,0.0648,13887,20.0
fourteam_move_prefix,3420,win32u.dll!_NtGdiDdDDIGetDeviceState@4+0xc,9,0.0648,13887,20.0
fourteam_move_prefix,3420,RenderSystem_Direct3D11.dll!?_render@D3D11RenderSystem@Ogre@@UAEXABVRenderOperation@2@@Z+0x112e,9,0.0648,13887,20.0
fourteam_move_prefix,3420,MSVCR120.dll!__libm_sse2_acosf+0x104,9,0.0648,13887,20.0
fourteam_move_prefix,3420,OgreMain.dll+0x3e42d,9,0.0648,13887,20.0
fourteam_move_prefix,3420,ntdll.dll!_RtlAnsiStringToUnicodeString@12+0xff,9,0.0648,13887,20.0
fourteam_move_prefix,3420,ntdll.dll!_RtlpLocalInfoAllocFromCache@8+0x36,9,0.0648,13887,20.0
fourteam_move_prefix,3420,nvwgf2um.dll!SetDependencyInfo+0x59669,9,0.0648,13887,20.0
fourteam_move_prefix,3420,battlezone98redux.exe!sub_6ae160,8,0.0576,13887,20.0
fourteam_move_prefix,3420,OgreMain.dll!?RealEqual@Math@Ogre@@SA_NMMM@Z+0xd,8,0.0576,13887,20.0
fourteam_move_prefix,3420,battlezone98redux.exe!sub_5ba560,8,0.0576,13887,20.0
fourteam_move_prefix,3420,battlezone98redux.exe!sub_45c420,8,0.0576,13887,20.0
fourteam_move_prefix,3420,OgreMain.dll!?isVisible@Frustum@Ogre@@UBE_NABVSphere@2@PAW4FrustumPlane@2@@Z+0x4f,8,0.0576,13887,20.0
fourteam_move_prefix,3420,battlezone98redux.exe!sub_68af70,8,0.0576,13887,20.0
fourteam_move_prefix,3420,battlezone98redux.exe!sub_479f30,8,0.0576,13887,20.0
fourteam_move_prefix,3420,d3d11.dll!D3D11CoreCreateLayeredDevice+0xca91,8,0.0576,13887,20.0
fourteam_move_prefix,3420,ntdll.dll!_memset+0x47,8,0.0576,13887,20.0
fourteam_move_prefix,3420,battlezone98redux.exe!sub_67b9d0,8,0.0576,13887,20.0
fourteam_move_prefix,3420,Galaxy.dll!??4IGalaxy@api@galaxy@@QAEAAV012@ABV012@@Z+0x22629,8,0.0576,13887,20.0
fourteam_move_prefix,3420,Galaxy.dll!?ResetInstance@GalaxyFactory@api@galaxy@@SAXXZ+0x1a0e5,8,0.0576,13887,20.0
fourteam_move_prefix,3420,OgreMain.dll!?getWorldTransforms@SubEntity@Ogre@@UBEXPAVMatrix4@2@@Z+0x1c,8,0.0576,13887,20.0
fourteam_move_prefix,3420,OgreMain.dll!?buffersCheckedOut@TempBlendedBufferInfo@Ogre@@QBE_N_N0@Z+0x32,8,0.0576,13887,20.0
fourteam_move_prefix,3420,battlezone98redux.exe!sub_464f80,8,0.0576,13887,20.0
fourteam_move_prefix,3420,MSVCR120.dll!_tolower_l+0x13,8,0.0576,13887,20.0
fourteam_move_prefix,3420,d3d11.dll!CreateDirect3D11DeviceFromDXGIDevice+0xbc587,8,0.0576,13887,20.0
fourteam_move_prefix,3420,d3d11.dll+0x35ebe,8,0.0576,13887,20.0
fourteam_move_prefix,3420,OgreMain.dll!?createTechnique@Material@Ogre@@QAEPAVTechnique@2@XZ+0xaf6,8,0.0576,13887,20.0
fourteam_move_prefix,3420,battlezone98redux.exe!sub_5e1350,8,0.0576,13887,20.0
fourteam_move_prefix,3420,OgreMain.dll!?_setTextureUnitSettings@RenderSystem@Ogre@@UAEXIAAVTextureUnitState@2@@Z+0x73,8,0.0576,13887,20.0
fourteam_move_prefix,3420,WINMM.dll@6e1d0000!BZROpenShim::`anonymous namespace'::DecideFrustumCull+0x8b,8,0.0576,13887,20.0
fourteam_move_prefix,3420,OgreMain.dll!?getConstantDefinition@GpuProgramParameters@Ogre@@QBEABUGpuConstantDefinition@2@ABV?$basic_string@DU?$char_traits@D@std@@V?$allocator@D@2@@std@@@Z+0xd2,8,0.0576,13887,20.0
fourteam_move_prefix,3420,OgreMain.dll!?setVisible@MovableObject@Ogre@@UAEX_N@Z+0x25,8,0.0576,13887,20.0
fourteam_move_prefix,3420,battlezone98redux.exe!sub_663740,8,0.0576,13887,20.0
fourteam_move_prefix,3420,WINMM.dll@6e1d0000!BZROpenShim::`anonymous namespace'::ProcessVisibleObjectHook+0x17b,8,0.0576,13887,20.0
fourteam_move_prefix,3420,d3d11.dll+0x35e90,8,0.0576,13887,20.0
fourteam_move_prefix,3420,OgreMain.dll!?getLightAs4DVector@AutoParamDataSource@Ogre@@UBE?AVVector4@2@I@Z+0x10,8,0.0576,13887,20.0
fourteam_move_prefix,3420,MSVCR120.dll!__libm_sse2_asinf+0xbc,8,0.0576,13887,20.0
fourteam_move_prefix,3420,KERNELBASE.dll!WaitForMultipleObjects+0x18,8,0.0576,13887,20.0
fourteam_move_prefix,3420,ntdll.dll!_ZwWaitForMultipleObjects@20+0xc,8,0.0576,13887,20.0
fourteam_move_prefix,3420,MSVCR120.dll!__libm_sse2_acosf+0x1b6,8,0.0576,13887,20.0
fourteam_move_prefix,3420,USER32.dll!GetWindow+0xa0,8,0.0576,13887,20.0
fourteam_move_prefix,3420,MSVCR120.dll!__libm_sse2_acosf+0xe8,8,0.0576,13887,20.0
fourteam_move_prefix,3420,OgreMain.dll!?_notifyCurrentCamera@Entity@Ogre@@UAEXPAVCamera@2@@Z+0x5b,8,0.0576,13887,20.0
fourteam_move_prefix,3420,OgreMain.dll!?getDerivedDirection@Light@Ogre@@QBEABVVector3@2@XZ+0xb,8,0.0576,13887,20.0
fourteam_move_prefix,3420,OgreMain.dll!?getVertexProgramParameters@Pass@Ogre@@QBE?AV?$SharedPtr@VGpuProgramParameters@Ogre@@@2@XZ+0xff,8,0.0576,13887,20.0
fourteam_move_prefix,3420,battlezone98redux.exe!sub_443370,8,0.0576,13887,20.0
fourteam_move_prefix,3420,OgreMain.dll!?_updateAutoParams@GpuProgramParameters@Ogre@@QAEXPBVAutoParamDataSource@2@G@Z+0x1f0c,8,0.0576,13887,20.0
fourteam_move_prefix,3420,battlezone98redux.exe!sub_679830,8,0.0576,13887,20.0
fourteam_move_prefix,3420,MSVCR120.dll!floor+0x9c,8,0.0576,13887,20.0
fourteam_move_prefix,3420,OgreMain.dll!?isVisible@Frustum@Ogre@@UBE_NABVAxisAlignedBox@2@PAW4FrustumPlane@2@@Z+0x74,8,0.0576,13887,20.0
fourteam_move_prefix,3420,MSVCR120.dll!__libm_sse2_acosf+0x17e,8,0.0576,13887,20.0
fourteam_move_prefix,3420,battlezone98redux.exe!sub_440210,8,0.0576,13887,20.0
fourteam_move_prefix,3420,battlezone98redux.exe!sub_62bdb0,8,0.0576,13887,20.0
fourteam_move_prefix,3420,battlezone98redux.exe!sub_62bdf0,8,0.0576,13887,20.0
fourteam_move_prefix,3420,nvwgf2um.dll!NVENCODEAPI_Thunk+0x21760e,8,0.0576,13887,20.0
fourteam_move_prefix,3420,RenderSystem_Direct3D11.dll!?_render@D3D11RenderSystem@Ogre@@UAEXABVRenderOperation@2@@Z+0x257,8,0.0576,13887,20.0
fourteam_move_prefix,3420,d3d11.dll!D3D11CoreCreateLayeredDevice+0x13126,8,0.0576,13887,20.0
fourteam_move_prefix,3420,RenderSystem_Direct3D11.dll!?_render@D3D11RenderSystem@Ogre@@UAEXABVRenderOperation@2@@Z+0x64b,8,0.0576,13887,20.0
fourteam_move_prefix,3420,RenderSystem_Direct3D11.dll!?_render@D3D11RenderSystem@Ogre@@UAEXABVRenderOperation@2@@Z+0x114,8,0.0576,13887,20.0
fourteam_move_prefix,3420,OgreMain.dll!?_updateAutoParams@GpuProgramParameters@Ogre@@QAEXPBVAutoParamDataSource@2@G@Z+0x1bbb,8,0.0576,13887,20.0
fourteam_move_prefix,3420,d3d11.dll!D3D11CoreCreateLayeredDevice+0x2c32,8,0.0576,13887,20.0
fourteam_move_prefix,3420,d3d11.dll+0x2703e,8,0.0576,13887,20.0
fourteam_move_prefix,3420,OgreMain.dll!?_notifyCurrentCamera@Entity@Ogre@@UAEXPAVCamera@2@@Z+0x14,8,0.0576,13887,20.0
fourteam_move_prefix,3420,OgreMain.dll!?_updateBounds@SceneNode@Ogre@@UAEXXZ+0x235,8,0.0576,13887,20.0
fourteam_move_prefix,3420,KERNELBASE.dll!DeleteFile2W+0x346,8,0.0576,13887,20.0
fourteam_move_prefix,3420,ntdll.dll!_RtlDosPathNameToRelativeNtPathName_U_WithStatus@16+0x4c,8,0.0576,13887,20.0
fourteam_move_prefix,3420,ntdll.dll!_NtdllpAllocateStringRoutine@4+0x18,8,0.0576,13887,20.0
fourteam_move_prefix,3420,ntdll.dll!_AllocateOrValidateUnicodeStringBuffer@16+0x12,8,0.0576,13887,20.0
fourteam_move_prefix,3420,OgreMain.dll!?determinant@Matrix4@Ogre@@QBEMXZ+0x159,8,0.0576,13887,20.0
fourteam_move_prefix,3420,OgreMain.dll!?processVisibleObject@RenderQueue@Ogre@@QAEXPAVMovableObject@2@PAVCamera@2@_NPAUVisibleObjectsBoundsInfo@2@@Z+0xc7,8,0.0576,13887,20.0
fourteam_move_prefix,3420,battlezone98redux.exe!sub_44b7d0,8,0.0576,13887,20.0
fourteam_move_prefix,3420,nvspcap.dll!QueryShadowPlayDdiShimStatus+0x23d8e,8,0.0576,13887,20.0
fourteam_move_prefix,3420,battlezone98redux.exe!sub_41fe40,8,0.0576,13887,20.0
fourteam_move_prefix,3420,battlezone98redux.exe!sub_7783d0,8,0.0576,13887,20.0
fourteam_move_prefix,3420,battlezone98redux.exe!sub_77bd40,8,0.0576,13887,20.0
fourteam_move_prefix,3420,battlezone98redux.exe!sub_77c5f0,8,0.0576,13887,20.0
fourteam_move_prefix,3420,battlezone98redux.exe!sub_6a3490,8,0.0576,13887,20.0
fourteam_move_prefix,3420,battlezone98redux.exe!sub_417f60,8,0.0576,13887,20.0
fourteam_move_prefix,3420,win32u.dll!_NtQueryCompositionSurfaceStatistics@8+0xc,8,0.0576,13887,20.0
fourteam_move_prefix,3420,battlezone98redux.exe!sub_6ad440,7,0.0504,13887,20.0
fourteam_move_prefix,3420,OgreMain.dll+0xd86e,7,0.0504,13887,20.0
fourteam_move_prefix,3420,battlezone98redux.exe!sub_5bc640,7,0.0504,13887,20.0
fourteam_move_prefix,3420,OgreMain.dll!?getSpotlightParams@AutoParamDataSource@Ogre@@UBE?AVVector4@2@I@Z+0xf,7,0.0504,13887,20.0
fourteam_move_prefix,3420,battlezone98redux.exe!sub_4462d0,7,0.0504,13887,20.0
fourteam_move_prefix,3420,battlezone98redux.exe!sub_440300,7,0.0504,13887,20.0
fourteam_move_prefix,3420,OgreMain.dll!?_updateBounds@SceneNode@Ogre@@UAEXXZ+0x238,7,0.0504,13887,20.0
fourteam_move_prefix,3420,battlezone98redux.exe!sub_6869c0,7,0.0504,13887,20.0
fourteam_move_prefix,3420,nvwgf2um.dll!OpenAdapter10+0x76667,7,0.0504,13887,20.0
fourteam_move_prefix,3420,nvwgf2um.dll!OpenAdapter10+0x72e97,7,0.0504,13887,20.0
fourteam_move_prefix,3420,nvwgf2um.dll!SetDependencyInfo+0x5004f,7,0.0504,13887,20.0
fourteam_move_prefix,3420,d3d11.dll!D3D11CoreCreateDevice+0x402d,7,0.0504,13887,20.0
fourteam_move_prefix,3420,MSVCR120.dll!memcpy+0x57,7,0.0504,13887,20.0
fourteam_move_prefix,3420,MSVCR120.dll!__libm_sse2_acosf+0xe4,7,0.0504,13887,20.0
fourteam_move_prefix,3420,RenderSystem_Direct3D11.dll+0x2554,7,0.0504,13887,20.0
fourteam_move_prefix,3420,OgreMain.dll!?touch@Resource@Ogre@@UAEXXZ+0xa,7,0.0504,13887,20.0
fourteam_move_prefix,3420,OgreMain.dll!?getIndexAscending@LodStrategy@Ogre@@KAGMABV?$vector@MV?$STLAllocator@MV?$CategorisedAllocPolicy@$0A@@Ogre@@@Ogre@@@std@@@Z+0x24,7,0.0504,13887,20.0
fourteam_move_prefix,3420,RenderSystem_Direct3D11.dll!?getConstantBuffer@D3D11HLSLProgram@Ogre@@QAEPAUID3D11Buffer@@V?$SharedPtr@VGpuProgramParameters@Ogre@@@2@G@Z+0x141,7,0.0504,13887,20.0
fourteam_move_prefix,3420,RenderSystem_Direct3D11.dll!?getConstantBuffer@D3D11HLSLProgram@Ogre@@QAEPAUID3D11Buffer@@V?$SharedPtr@VGpuProgramParameters@Ogre@@@2@G@Z+0x4a,7,0.0504,13887,20.0
fourteam_move_prefix,3420,ntdll.dll!_ZwDuplicateObject@28+0xc,7,0.0504,13887,20.0
fourteam_move_prefix,3420,battlezone98redux.exe!sub_592f00,7,0.0504,13887,20.0
fourteam_move_prefix,3420,battlezone98redux.exe!sub_5938f0,7,0.0504,13887,20.0
fourteam_move_prefix,3420,battlezone98redux.exe!sub_593570,7,0.0504,13887,20.0
fourteam_move_prefix,3420,OgreMain.dll!?hasEdgeList@Entity@Ogre@@UAE_NXZ+0x13,7,0.0504,13887,20.0
fourteam_move_prefix,3420,OgreMain.dll!?getEdgeList@Mesh@Ogre@@QAEPAVEdgeData@2@G@Z+0x27,7,0.0504,13887,20.0
fourteam_move_prefix,3420,OgreMain.dll!?renderSingleObject@SceneManager@Ogre@@MAEXPAVRenderable@2@PBVPass@2@_N2PBV?$HashedVector@PAVLight@Ogre@@@2@@Z+0x180,7,0.0504,13887,20.0
fourteam_move_prefix,3420,ntdll.dll!__woutput_l+0x382,7,0.0504,13887,20.0
fourteam_move_prefix,3420,OgreMain.dll!??4GpuSharedParametersUsage@Ogre@@QAEAAV01@ABV01@@Z+0x2744,7,0.0504,13887,20.0
fourteam_move_prefix,3420,ntdll.dll!_RtlCustomCPToUnicodeN@24+0x6b,7,0.0504,13887,20.0
fourteam_move_prefix,3420,MSVCR120.dll!floor+0x3e,7,0.0504,13887,20.0
fourteam_move_prefix,3420,battlezone98redux.exe!sub_83f040,7,0.0504,13887,20.0
fourteam_move_prefix,3420,WINMM.dll@6e1d0000!BZROpenShim::`anonymous namespace'::HookEntityGetCastShadows+0x9d,7,0.0504,13887,20.0
fourteam_move_prefix,3420,dxgi.dll!DXGIGetDebugInterface1+0xa559,7,0.0504,13887,20.0
fourteam_move_prefix,3420,dxgi.dll!DXGIReportAdapterConfiguration+0xbf36,7,0.0504,13887,20.0
fourteam_move_prefix,3420,OgreMain.dll!?getSide@Plane@Ogre@@QBE?AW4Side@12@ABVVector3@2@0@Z+0x4f,7,0.0504,13887,20.0
fourteam_move_prefix,3420,d3d11.dll+0x2c155,7,0.0504,13887,20.0
fourteam_move_prefix,3420,OgreMain.dll!?updatePoint@RotationalSpline@Ogre@@QAEXGABVQuaternion@2@@Z+0x1522,7,0.0504,13887,20.0
fourteam_move_prefix,3420,WINMM.dll@6e1d0000!BZROpenShim::`anonymous namespace'::RenderMultiplayerFlags+0x4b1,7,0.0504,13887,20.0
fourteam_move_prefix,3420,OgreMain.dll+0x10d11,7,0.0504,13887,20.0
fourteam_move_prefix,3420,OgreMain.dll!?createTechnique@Material@Ogre@@QAEPAVTechnique@2@XZ+0xa1f,7,0.0504,13887,20.0
fourteam_move_prefix,3420,OgreMain.dll!?getDerivedPosition@Light@Ogre@@QBEABVVector3@2@_N@Z+0x29,7,0.0504,13887,20.0
fourteam_move_prefix,3420,d3d11.dll!CreateDirect3D11DeviceFromDXGIDevice+0xa215b,7,0.0504,13887,20.0
fourteam_move_prefix,3420,OgreMain.dll!??4GpuSharedParametersUsage@Ogre@@QAEAAV01@ABV01@@Z+0x2754,7,0.0504,13887,20.0
fourteam_move_prefix,3420,battlezone98redux.exe!sub_666700,7,0.0504,13887,20.0
fourteam_move_prefix,3420,nvwgf2um.dll!NVENCODEAPI_Thunk+0x44522,7,0.0504,13887,20.0
fourteam_move_prefix,3420,OgreMain.dll!?getLodIndex@Mesh@Ogre@@QBEGM@Z+0x23,7,0.0504,13887,20.0
fourteam_move_prefix,3420,OgreMain.dll!??4GpuSharedParametersUsage@Ogre@@QAEAAV01@ABV01@@Z+0x2732,7,0.0504,13887,20.0
fourteam_move_prefix,3420,OgreMain.dll!?_detectImplementation@OptimisedUtil@Ogre@@KAPAV12@XZ+0x468a,7,0.0504,13887,20.0
fourteam_move_prefix,3420,OgreMain.dll!?renderSingleObject@SceneManager@Ogre@@MAEXPAVRenderable@2@PBVPass@2@_N2PBV?$HashedVector@PAVLight@Ogre@@@2@@Z+0xb4e,7,0.0504,13887,20.0
fourteam_move_prefix,3420,RenderSystem_Direct3D11.dll!?_setTexture@D3D11RenderSystem@Ogre@@UAEXI_NABV?$SharedPtr@VTexture@Ogre@@@2@@Z+0x68,7,0.0504,13887,20.0
fourteam_move_prefix,3420,ntdll.dll!__fputwc_nolock+0x31,7,0.0504,13887,20.0
fourteam_move_prefix,3420,OgreMain.dll!?buildKeyFrameTimeList@Animation@Ogre@@IBEXXZ+0x6aa,7,0.0504,13887,20.0
fourteam_move_prefix,3420,battlezone98redux.exe!sub_67c0e0,7,0.0504,13887,20.0
fourteam_move_prefix,3420,OgreMain.dll!?_getParentNodeFullTransform@MovableObject@Ogre@@UBEABVMatrix4@2@XZ+0x9,7,0.0504,13887,20.0
fourteam_move_prefix,3420,OgreMain.dll!??4GpuSharedParametersUsage@Ogre@@QAEAAV01@ABV01@@Z+0x2700,7,0.0504,13887,20.0
fourteam_move_prefix,3420,nvwgf2um.dll!OpenAdapter10+0x721f7,7,0.0504,13887,20.0
fourteam_move_prefix,3420,nvwgf2um.dll!OpenAdapter10+0x77cf7,7,0.0504,13887,20.0
fourteam_move_prefix,3420,d3d11.dll+0x39089,7,0.0504,13887,20.0
fourteam_move_prefix,3420,d3d11.dll!D3D11CoreCreateLayeredDevice+0x13753,7,0.0504,13887,20.0
fourteam_move_prefix,3420,battlezone98redux.exe!sub_5c1b30,7,0.0504,13887,20.0
fourteam_move_prefix,3420,MSVCR120.dll!floor+0x59,7,0.0504,13887,20.0
fourteam_move_prefix,3420,ntdll.dll!_RtlpLfhFindClearBitAndSet@16+0x13,7,0.0504,13887,20.0
fourteam_move_prefix,3420,d3d11.dll!D3D11CoreCreateDevice+0xa0fd,7,0.0504,13887,20.0
fourteam_move_prefix,3420,d3d11.dll!D3D11CoreCreateLayeredDevice+0x23481,7,0.0504,13887,20.0
fourteam_move_prefix,3420,RenderSystem_Direct3D11.dll!?IsDeviceLost@D3D11Device@Ogre@@QAE_NXZ+0xb,7,0.0504,13887,20.0
fourteam_move_prefix,3420,RenderSystem_Direct3D11.dll!?updateImpl@D3D11RenderWindowBase@Ogre@@MAEXXZ+0x1a,7,0.0504,13887,20.0
fourteam_move_prefix,3420,OgreMain.dll!?_populateLightList@SceneManager@Ogre@@UAEXABVVector3@2@MAAV?$HashedVector@PAVLight@Ogre@@@2@I@Z+0x164,7,0.0504,13887,20.0
fourteam_move_prefix,3420,OgreMain.dll!?_calcTempSquareDist@Light@Ogre@@QAEXABVVector3@2@@Z+0x20,7,0.0504,13887,20.0
fourteam_move_prefix,3420,OgreMain.dll!?getValueImpl@DistanceLodStrategyBase@Ogre@@MBEMPBVMovableObject@2@PBVCamera@2@@Z+0x74,7,0.0504,13887,20.0
fourteam_move_prefix,3420,OgreMain.dll!??4GpuSharedParametersUsage@Ogre@@QAEAAV01@ABV01@@Z+0x2718,7,0.0504,13887,20.0
fourteam_move_prefix,3420,OgreMain.dll!?_populateLightList@SceneManager@Ogre@@UAEXABVVector3@2@MAAV?$HashedVector@PAVLight@Ogre@@@2@I@Z+0x97,7,0.0504,13887,20.0
fourteam_move_prefix,3420,OgreMain.dll!?acceptVisitorGrouped@QueuedRenderableCollection@Ogre@@IBEXPAVQueuedRenderableVisitor@2@@Z+0x65,7,0.0504,13887,20.0
fourteam_move_prefix,3420,OgreMain.dll!?_updateViewport@RenderTarget@Ogre@@UAEXPAVViewport@2@_N@Z+0x3f,7,0.0504,13887,20.0
fourteam_move_prefix,3420,OgreMain.dll!?merge@AxisAlignedBox@Ogre@@QAEXABV12@@Z+0x6,7,0.0504,13887,20.0
fourteam_move_prefix,3420,OgreMain.dll!?getBestTechnique@Material@Ogre@@QAEPAVTechnique@2@GPBVRenderable@2@@Z+0x69,7,0.0504,13887,20.0
fourteam_move_prefix,3420,ntdll.dll!_RtlpLocalInfoAllocFromCache@8+0x279,7,0.0504,13887,20.0
fourteam_move_prefix,3420,MSVCR120.dll!__libm_sse2_acosf+0xe0,7,0.0504,13887,20.0
fourteam_move_prefix,3420,OgreMain.dll!?angleBetween@Vector3@Ogre@@QBE?AVRadian@2@ABV12@@Z+0xb3,7,0.0504,13887,20.0
fourteam_move_prefix,3420,OgreMain.dll!?createTechnique@Material@Ogre@@QAEPAVTechnique@2@XZ+0xaff,7,0.0504,13887,20.0
fourteam_move_prefix,3420,battlezone98redux.exe!sub_466d40,7,0.0504,13887,20.0
fourteam_move_prefix,3420,battlezone98redux.exe!sub_449910,7,0.0504,13887,20.0
fourteam_move_prefix,3420,battlezone98redux.exe!sub_46d020,7,0.0504,13887,20.0
fourteam_move_prefix,3420,d3d11.dll!CreateDirect3D11DeviceFromDXGIDevice+0xa45e0,7,0.0504,13887,20.0
fourteam_move_prefix,3420,OgreMain.dll!?getSide@Plane@Ogre@@QBE?AW4Side@12@ABVVector3@2@0@Z+0x69,7,0.0504,13887,20.0
fourteam_move_prefix,3420,nvwgf2um.dll!OpenAdapter10+0x72c10,7,0.0504,13887,20.0
fourteam_move_prefix,3420,OgreMain.dll!?merge@VisibleObjectsBoundsInfo@Ogre@@QAEXABVAxisAlignedBox@2@ABVSphere@2@PBVCamera@2@_N@Z+0x1f,7,0.0504,13887,20.0
fourteam_move_prefix,3420,OgreMain.dll!?_getActiveSchemeIndex@MaterialManager@Ogre@@UBEGXZ,7,0.0504,13887,20.0
fourteam_move_prefix,3420,OgreMain.dll!?_setTextureUnitSettings@RenderSystem@Ogre@@UAEXIAAVTextureUnitState@2@@Z+0x1c1,7,0.0504,13887,20.0
fourteam_move_prefix,3420,OgreMain.dll!?_getBoneMatrices@Skeleton@Ogre@@UAEXPAVMatrix4@2@@Z+0x48,7,0.0504,13887,20.0
fourteam_move_prefix,3420,OgreMain.dll!?getSide@Plane@Ogre@@QBE?AW4Side@12@ABVVector3@2@0@Z+0x4b,7,0.0504,13887,20.0
fourteam_move_prefix,3420,OgreMain.dll!?getLightSpecularColourWithPower@AutoParamDataSource@Ogre@@UBE?BVColourValue@2@I@Z+0x3a,7,0.0504,13887,20.0
fourteam_move_prefix,3420,OgreMain.dll!?_findVisibleObjects@SceneNode@Ogre@@UAEXPAVCamera@2@PAVRenderQueue@2@PAUVisibleObjectsBoundsInfo@2@_N33@Z+0x8b,7,0.0504,13887,20.0
fourteam_move_prefix,3420,OgreMain.dll!?getWorldBoundingBox@MovableObject@Ogre@@UBEABVAxisAlignedBox@2@_N@Z+0x67,7,0.0504,13887,20.0
fourteam_move_prefix,3420,battlezone98redux.exe!sub_6a3b60,7,0.0504,13887,20.0
fourteam_move_prefix,3420,d3d11.dll!CreateDirect3D11DeviceFromDXGIDevice+0xa21d1,7,0.0504,13887,20.0
fourteam_move_prefix,3420,OgreMain.dll!?getBestTechnique@Material@Ogre@@QAEPAVTechnique@2@GPBVRenderable@2@@Z+0x7c,7,0.0504,13887,20.0
fourteam_move_prefix,3420,OgreMain.dll!?touchVertexBufferCopy@HardwareBufferManagerBase@Ogre@@UAEXABVHardwareVertexBufferSharedPtr@2@@Z+0x41,7,0.0504,13887,20.0
fourteam_move_prefix,3420,battlezone98redux.exe!sub_4eb7e0,7,0.0504,13887,20.0
fourteam_move_prefix,3420,battlezone98redux.exe!sub_4415f0,7,0.0504,13887,20.0
fourteam_move_prefix,3420,USER32.dll!GetCurrentMonitorTopologyId+0x5dfe,7,0.0504,13887,20.0
fourteam_move_prefix,3420,battlezone98redux.exe!sub_4d9b40,6,0.0432,13887,20.0
fourteam_move_prefix,3420,battlezone98redux.exe!sub_6b2130,6,0.0432,13887,20.0
fourteam_move_prefix,3420,battlezone98redux.exe!sub_6b2220,6,0.0432,13887,20.0
fourteam_move_prefix,3420,OgreMain.dll!??4GpuSharedParametersUsage@Ogre@@QAEAAV01@ABV01@@Z+0x26f9,6,0.0432,13887,20.0
fourteam_move_prefix,3420,MSVCR120.dll!floor,6,0.0432,13887,20.0
fourteam_move_prefix,3420,battlezone98redux.exe!sub_4675d0,6,0.0432,13887,20.0
fourteam_move_prefix,3420,dxgi.dll!DXGIDisableVBlankVirtualization+0x3b0ee,6,0.0432,13887,20.0
fourteam_move_prefix,3420,battlezone98redux.exe!sub_4a74e0,6,0.0432,13887,20.0
fourteam_move_prefix,3420,OgreMain.dll!?acceptVisitorGrouped@QueuedRenderableCollection@Ogre@@IBEXPAVQueuedRenderableVisitor@2@@Z+0x6b,6,0.0432,13887,20.0
fourteam_move_prefix,3420,OgreMain.dll!?clip@ConvexBody@Ogre@@QAEXABVPlane@2@_N@Z+0x74d,6,0.0432,13887,20.0
fourteam_move_prefix,3420,ntdll.dll!_RtlAnsiCharToUnicodeChar@4+0x9d,6,0.0432,13887,20.0
fourteam_move_prefix,3420,d3d11.dll!CreateDirect3D11DeviceFromDXGIDevice+0xbae56,6,0.0432,13887,20.0
fourteam_move_prefix,3420,nvwgf2um.dll!NVAPI_DirectMethods+0xb8f4b,6,0.0432,13887,20.0
fourteam_move_prefix,3420,DSOUND.dll!GetDeviceID+0x719b,6,0.0432,13887,20.0
fourteam_move_prefix,3420,d3d11.dll!CreateDirect3D11DeviceFromDXGIDevice+0xa2171,6,0.0432,13887,20.0
fourteam_move_prefix,3420,battlezone98redux.exe!sub_4b6ef0,6,0.0432,13887,20.0
fourteam_move_prefix,3420,battlezone98redux.exe!sub_4b6c80,6,0.0432,13887,20.0
fourteam_move_prefix,3420,ntdll.dll!_RtlAnsiCharToUnicodeChar@4+0x84,6,0.0432,13887,20.0
fourteam_move_prefix,3420,d3d11.dll!CreateDirect3D11DeviceFromDXGIDevice+0xbae48,6,0.0432,13887,20.0
fourteam_move_prefix,3420,OgreMain.dll!?getLightMask@MovableObject@Ogre@@UBEIXZ,6,0.0432,13887,20.0
fourteam_move_prefix,3420,battlezone98redux.exe!sub_678950,6,0.0432,13887,20.0
fourteam_move_prefix,3420,OgreMain.dll!?_updateAutoParams@GpuProgramParameters@Ogre@@QAEXPBVAutoParamDataSource@2@G@Z+0x1e5c,6,0.0432,13887,20.0
fourteam_move_prefix,3420,battlezone98redux.exe!sub_48fc40,6,0.0432,13887,20.0
fourteam_move_prefix,3420,RenderSystem_Direct3D11.dll!??1D3D11RenderWindowSwapChainBased@Ogre@@UAE@XZ+0x40e,6,0.0432,13887,20.0
fourteam_move_prefix,3420,nvwgf2um.dll!OpenAdapter10+0x72b10,6,0.0432,13887,20.0
fourteam_move_prefix,3420,OgreMain.dll!?getBoundingBox@Entity@Ogre@@UBEABVAxisAlignedBox@2@XZ+0x3d,6,0.0432,13887,20.0
fourteam_move_prefix,3420,OgreMain.dll!?isTransparentSortingForced@Technique@Ogre@@QBE_NXZ+0x2,6,0.0432,13887,20.0
fourteam_move_prefix,3420,OgreMain.dll!?getValue@LodStrategy@Ogre@@QBEMPBVMovableObject@2@PBVCamera@2@@Z+0xe,6,0.0432,13887,20.0
fourteam_move_prefix,3420,OgreMain.dll!?addSolidRenderable@RenderPriorityGroup@Ogre@@IAEXPAVTechnique@2@PAVRenderable@2@_N@Z+0x15,6,0.0432,13887,20.0
fourteam_move_prefix,3420,d3d11.dll+0x2afc1,6,0.0432,13887,20.0
fourteam_move_prefix,3420,OgreMain.dll!?calculateB@FocusedShadowCameraSetup@Ogre@@IBEXABVSceneManager@2@ABVCamera@2@ABVLight@2@ABVAxisAlignedBox@2@3PAVPointListBody@12@@Z+0x17,6,0.0432,13887,20.0
fourteam_move_prefix,3420,OgreMain.dll!?updatePoint@RotationalSpline@Ogre@@QAEXGABVQuaternion@2@@Z+0xb084,6,0.0432,13887,20.0
fourteam_move_prefix,3420,battlezone98redux.exe!sub_462450,6,0.0432,13887,20.0
fourteam_move_prefix,3420,OgreMain.dll!?_findNamedConstantDefinition@GpuProgramParameters@Ogre@@QBEPBUGpuConstantDefinition@2@ABV?$basic_string@DU?$char_traits@D@std@@V?$allocator@D@2@@std@@_N@Z+0x107,6,0.0432,13887,20.0
fourteam_move_prefix,3420,d3d11.dll+0x2b518,6,0.0432,13887,20.0
fourteam_move_prefix,3420,OgreMain.dll!?getFragmentProgram@Pass@Ogre@@QBEABV?$SharedPtr@VGpuProgram@Ogre@@@2@XZ+0xc,6,0.0432,13887,20.0
fourteam_move_prefix,3420,RenderSystem_Direct3D11.dll!?_render@D3D11RenderSystem@Ogre@@UAEXABVRenderOperation@2@@Z+0x34d,6,0.0432,13887,20.0
fourteam_move_prefix,3420,OgreMain.dll!?angleBetween@Vector3@Ogre@@QBE?AVRadian@2@ABV12@@Z+0xc2,6,0.0432,13887,20.0
fourteam_move_prefix,3420,OgreMain.dll!?isInLightRange@Light@Ogre@@QBE_NABVSphere@2@@Z+0x6,6,0.0432,13887,20.0
fourteam_move_prefix,3420,OgreMain.dll!?_writeRawConstant@GpuProgramParameters@Ogre@@QAEXIABVVector4@2@I@Z+0x1a,6,0.0432,13887,20.0
fourteam_move_prefix,3420,battlezone98redux.exe!sub_44efb0,6,0.0432,13887,20.0
fourteam_move_prefix,3420,battlezone98redux.exe!sub_44eff0,6,0.0432,13887,20.0
fourteam_move_prefix,3420,OgreMain.dll!?updatePoint@RotationalSpline@Ogre@@QAEXGABVQuaternion@2@@Z+0xb224,6,0.0432,13887,20.0
fourteam_move_prefix,3420,OgreMain.dll!?deriveTextureRenderTargetOptions@CompositorInstance@Ogre@@AAEXABV?$basic_string@DU?$char_traits@D@std@@V?$allocator@D@2@@std@@PA_NPAIPAV34@@Z+0x81c,6,0.0432,13887,20.0
fourteam_move_prefix,3420,nvwgf2um.dll!OpenAdapter10+0x71b00,6,0.0432,13887,20.0
fourteam_move_prefix,3420,battlezone98redux.exe!sub_684ca0,6,0.0432,13887,20.0
fourteam_move_prefix,3420,OgreMain.dll!?_getCurrentSceneManager@Root@Ogre@@QBEPAVSceneManager@2@XZ+0x2c,6,0.0432,13887,20.0
fourteam_move_prefix,3420,battlezone98redux.exe!sub_462590,6,0.0432,13887,20.0
fourteam_move_prefix,3420,d3d11.dll+0x27012,6,0.0432,13887,20.0
fourteam_move_prefix,3420,OgreMain.dll!?updateAnimation@Entity@Ogre@@IAEXXZ+0x10f,6,0.0432,13887,20.0
fourteam_move_prefix,3420,OgreMain.dll!?_populateLightList@SceneManager@Ogre@@UAEXABVVector3@2@MAAV?$HashedVector@PAVLight@Ogre@@@2@I@Z+0x136,6,0.0432,13887,20.0
fourteam_move_prefix,3420,battlezone98redux.exe!sub_67c2a0,6,0.0432,13887,20.0
fourteam_move_prefix,3420,OgreMain.dll!?_findNamedConstantDefinition@GpuProgramParameters@Ogre@@QBEPBUGpuConstantDefinition@2@ABV?$basic_string@DU?$char_traits@D@std@@V?$allocator@D@2@@std@@_N@Z+0x1e,6,0.0432,13887,20.0
fourteam_move_prefix,3420,MSVCR120.dll!sprintf+0x51,6,0.0432,13887,20.0
fourteam_move_prefix,3420,MSVCR120.dll!sprintf_s+0x17,6,0.0432,13887,20.0
fourteam_move_prefix,3420,MSVCR120.dll!_vsprintf_s_l+0x32,6,0.0432,13887,20.0
fourteam_move_prefix,3420,MSVCR120.dll!??0scoped_lock_read@reader_writer_lock@Concurrency@@QAE@AAV12@@Z+0xa0a,6,0.0432,13887,20.0
fourteam_move_prefix,3420,MSVCP120.dll!?do_put@?$num_put@DV?$ostreambuf_iterator@DU?$char_traits@D@std@@@std@@@std@@MBE?AV?$ostreambuf_iterator@DU?$char_traits@D@std@@@2@V32@AAVios_base@2@DK@Z+0x40,6,0.0432,13887,20.0
fourteam_move_prefix,3420,battlezone98redux.exe!sub_4df370,6,0.0432,13887,20.0
fourteam_move_prefix,3420,nvwgf2um.dll!SetDependencyInfo+0x541f0,6,0.0432,13887,20.0
fourteam_move_prefix,3420,nvwgf2um.dll!NVAPI_Thunk+0x77fe,6,0.0432,13887,20.0
fourteam_move_prefix,3420,nvwgf2um.dll!SetDependencyInfo+0x35072,6,0.0432,13887,20.0
fourteam_move_prefix,3420,nvwgf2um.dll!SetDependencyInfo+0x4fe6e,6,0.0432,13887,20.0
fourteam_move_prefix,3420,OgreMain.dll!?getShadowsEnabled@Viewport@Ogre@@QBE_NXZ+0x3,6,0.0432,13887,20.0
fourteam_move_prefix,3420,OgreMain.dll!?isInLightRange@Light@Ogre@@QBE_NABVSphere@2@@Z+0x161,6,0.0432,13887,20.0
fourteam_move_prefix,3420,OgreMain.dll!?isInLightRange@Light@Ogre@@QBE_NABVSphere@2@@Z+0x130,6,0.0432,13887,20.0
fourteam_move_prefix,3420,d3d11.dll+0x30f0b,6,0.0432,13887,20.0
fourteam_move_prefix,3420,WINMM.dll@6e1d0000!BZROpenShim::`anonymous namespace'::HideUnusedMultiplayerFlagBillboards+0x63,6,0.0432,13887,20.0
fourteam_move_prefix,3420,WINMM.dll@6e1d0000!BZROpenShim::`anonymous namespace'::RenderMultiplayerFlags+0xa36,6,0.0432,13887,20.0
fourteam_move_prefix,3420,KERNEL32.DLL!GetProcAddress+0x14,6,0.0432,13887,20.0
fourteam_move_prefix,3420,KERNELBASE.dll!GetProcAddressForCaller+0x4d,6,0.0432,13887,20.0
fourteam_move_prefix,3420,battlezone98redux.exe!sub_421ee0,6,0.0432,13887,20.0
fourteam_move_prefix,3420,nvwgf2um.dll!NVENCODEAPI_Thunk+0x1fab64,6,0.0432,13887,20.0
fourteam_move_prefix,3420,OgreMain.dll!?_getRenderOperation@SubMesh@Ogre@@QAEXAAVRenderOperation@2@G@Z+0x37,6,0.0432,13887,20.0
fourteam_move_prefix,3420,OgreMain.dll!?_updateAutoParams@GpuProgramParameters@Ogre@@QAEXPBVAutoParamDataSource@2@G@Z+0x1c32,6,0.0432,13887,20.0
fourteam_move_prefix,3420,OgreMain.dll!?hasScale@Matrix4@Ogre@@QBE_NXZ+0xd4,6,0.0432,13887,20.0
fourteam_move_prefix,3420,OgreMain.dll!?_writeRawConstants@GpuProgramParameters@Ogre@@QAEXIPBMI@Z+0x1c,6,0.0432,13887,20.0
fourteam_move_prefix,3420,ntdll.dll!RtlDosApplyFileIsolationRedirection_Ustr+0x192,6,0.0432,13887,20.0
fourteam_move_prefix,3420,dxgi.dll!CompatString+0x4613,6,0.0432,13887,20.0
fourteam_move_prefix,3420,OgreMain.dll!?fireViewportPostUpdate@RenderTarget@Ogre@@MAEXPAVViewport@2@@Z+0x3b,6,0.0432,13887,20.0
fourteam_move_prefix,3420,OgreMain.dll!?_notifyCurrentCamera@Entity@Ogre@@UAEXPAVCamera@2@@Z+0x149,6,0.0432,13887,20.0
fourteam_move_prefix,3420,d3d11.dll+0x30d49,6,0.0432,13887,20.0
fourteam_move_prefix,3420,OgreMain.dll+0x29afa,6,0.0432,13887,20.0
fourteam_move_prefix,3420,RenderSystem_Direct3D11.dll!?_render@D3D11RenderSystem@Ogre@@UAEXABVRenderOperation@2@@Z+0xd7,6,0.0432,13887,20.0
fourteam_move_prefix,3420,OgreMain.dll!?updateView@Frustum@Ogre@@MBEXXZ+0x1d,6,0.0432,13887,20.0
fourteam_move_prefix,3420,OgreMain.dll!?updatePoint@RotationalSpline@Ogre@@QAEXGABVQuaternion@2@@Z+0xb054,6,0.0432,13887,20.0
fourteam_move_prefix,3420,OgreMain.dll+0x33460,6,0.0432,13887,20.0
fourteam_move_prefix,3420,d3d11.dll+0x35ebb,6,0.0432,13887,20.0
fourteam_move_prefix,3420,battlezone98redux.exe!sub_48fbe0,6,0.0432,13887,20.0
fourteam_move_prefix,3420,battlezone98redux.exe!sub_6027f0,6,0.0432,13887,20.0
fourteam_move_prefix,3420,OgreMain.dll!??4GpuSharedParametersUsage@Ogre@@QAEAAV01@ABV01@@Z+0x278f,6,0.0432,13887,20.0
fourteam_move_prefix,3420,OgreMain.dll!?_updateBounds@SceneNode@Ogre@@UAEXXZ+0x249,6,0.0432,13887,20.0
fourteam_move_prefix,3420,WINMM.dll@6e1d0000!BZROpenShim::`anonymous namespace'::DecideFrustumCull+0x101,6,0.0432,13887,20.0
fourteam_move_prefix,3420,OgreMain.dll!?clear@RenderQueue@Ogre@@QAEX_N@Z+0xf1,6,0.0432,13887,20.0
fourteam_move_prefix,3420,OgreMain.dll!?clone@Animation@Ogre@@QBEPAV12@ABV?$basic_string@DU?$char_traits@D@std@@V?$allocator@D@2@@std@@@Z+0x2e2,6,0.0432,13887,20.0
fourteam_move_prefix,3420,MSVCR120.dll!__libm_sse2_acosf+0x124,6,0.0432,13887,20.0
fourteam_move_prefix,3420,OgreMain.dll!?waitForNextRequest@DefaultWorkQueue@Ogre@@MAEXXZ+0x11ce5e,6,0.0432,13887,20.0
fourteam_move_prefix,3420,battlezone98redux.exe!sub_45bbc0,6,0.0432,13887,20.0
fourteam_move_prefix,3420,d3d11.dll!D3D11CoreCreateLayeredDevice+0xcef0,6,0.0432,13887,20.0
fourteam_move_prefix,3420,win32u.dll!_NtNotifyPresentToCompositionSurface@8+0xc,6,0.0432,13887,20.0
fourteam_move_prefix,3420,OgreMain.dll!?RealEqual@Math@Ogre@@SA_NMMM@Z+0x19,6,0.0432,13887,20.0
fourteam_move_prefix,3420,battlezone98redux.exe!sub_45c490,6,0.0432,13887,20.0
fourteam_move_prefix,3420,MSVCR120.dll!__libm_sse2_asinf+0x23c,6,0.0432,13887,20.0
fourteam_move_prefix,3420,RenderSystem_Direct3D11.dll+0x5970,6,0.0432,13887,20.0
fourteam_move_prefix,3420,OgreMain.dll!?getWorldBoundingSphere@Entity@Ogre@@UBEABVSphere@2@_N@Z+0x7d,6,0.0432,13887,20.0
fourteam_move_prefix,3420,OgreMain.dll!?isFloat@GpuConstantDefinition@Ogre@@SA_NW4GpuConstantType@2@@Z,6,0.0432,13887,20.0
fourteam_move_prefix,3420,ntdll.dll!__woutput_l+0x884,6,0.0432,13887,20.0
fourteam_move_prefix,3420,OgreMain.dll!?getLightDiffuseColourWithPower@AutoParamDataSource@Ogre@@UBE?BVColourValue@2@I@Z+0xd,6,0.0432,13887,20.0
fourteam_move_prefix,3420,battlezone98redux.exe!sub_427270,6,0.0432,13887,20.0
fourteam_move_prefix,3420,battlezone98redux.exe!compare,6,0.0432,13887,20.0
fourteam_move_prefix,3420,RenderSystem_Direct3D11.dll!?isVisible@D3D11RenderWindowHwnd@Ogre@@UBE_NXZ+0x25,6,0.0432,13887,20.0
fourteam_move_prefix,3420,d3d11.dll+0x3665c,6,0.0432,13887,20.0
fourteam_move_prefix,3420,battlezone98redux.exe!sub_678880,6,0.0432,13887,20.0
fourteam_move_prefix,3420,nvwgf2um.dll!NVENCODEAPI_Thunk+0x217c8f,6,0.0432,13887,20.0
fourteam_move_prefix,3420,nvwgf2um.dll!OpenAdapter10+0x74e5c,6,0.0432,13887,20.0
fourteam_move_prefix,3420,OgreMain.dll!?_detectImplementation@OptimisedUtil@Ogre@@KAPAV12@XZ+0x459c,6,0.0432,13887,20.0
fourteam_move_prefix,3420,RenderSystem_Direct3D11.dll!?_render@D3D11RenderSystem@Ogre@@UAEXABVRenderOperation@2@@Z+0x9a,6,0.0432,13887,20.0
fourteam_move_prefix,3420,MSVCR120.dll!__libm_sse2_acosf+0x1f1,6,0.0432,13887,20.0
fourteam_move_prefix,3420,battlezone98redux.exe!sub_46ad30,6,0.0432,13887,20.0
fourteam_move_prefix,3420,RenderSystem_Direct3D11.dll!?_render@D3D11RenderSystem@Ogre@@UAEXABVRenderOperation@2@@Z+0xcab,6,0.0432,13887,20.0
fourteam_move_prefix,3420,battlezone98redux.exe!sub_62bec0,6,0.0432,13887,20.0
fourteam_move_prefix,3420,battlezone98redux.exe!sub_49bf10,6,0.0432,13887,20.0
fourteam_move_prefix,3420,MSVCR120.dll!__libm_sse2_asinf+0x9c,6,0.0432,13887,20.0
fourteam_move_prefix,3420,nvwgf2um.dll!NVAPI_DirectMethods+0x4bd29,6,0.0432,13887,20.0
fourteam_move_prefix,3420,OgreMain.dll!?populateFrameEvent@Root@Ogre@@IAEXW4FrameEventTimeType@12@AAUFrameEvent@2@@Z+0x1f,6,0.0432,13887,20.0
fourteam_move_prefix,3420,OgreMain.dll!?findLightsAffectingFrustum@SceneManager@Ogre@@MAEXPBVCamera@2@@Z+0x194,6,0.0432,13887,20.0
fourteam_move_prefix,3420,MSVCR120.dll!__libm_sse2_acosf+0xc4,6,0.0432,13887,20.0
fourteam_move_prefix,3420,battlezone98redux.exe!sub_619340,6,0.0432,13887,20.0
fourteam_move_prefix,3420,USER32.dll!SystemParametersInfoW+0x2c9,6,0.0432,13887,20.0
fourteam_move_prefix,3420,USER32.dll!MsgWaitForMultipleObjectsEx+0x7cd,6,0.0432,13887,20.0
fourteam_move_prefix,3420,USER32.dll!GetMessagePos+0x783,6,0.0432,13887,20.0
fourteam_move_prefix,3420,USER32.dll!MsgWaitForMultipleObjectsEx+0x270,6,0.0432,13887,20.0
fourteam_move_prefix,3420,USER32.dll!GetNextDlgTabItem+0x538,6,0.0432,13887,20.0
fourteam_move_prefix,3420,OgreMain.dll!?_notifyCurrentCamera@Entity@Ogre@@UAEXPAVCamera@2@@Z+0x107,5,0.036,13887,20.0
fourteam_move_prefix,3420,OgreMain.dll+0x41fb,5,0.036,13887,20.0
fourteam_move_prefix,3420,ntdll.dll!_mbtowc+0xa,5,0.036,13887,20.0
fourteam_move_prefix,3420,battlezone98redux.exe!sub_6ad980,5,0.036,13887,20.0
fourteam_move_prefix,3420,ntdll.dll!_RtlMultiByteToUnicodeN@20+0x23,5,0.036,13887,20.0
fourteam_move_prefix,3420,d3d11.dll!CreateDirect3D11DeviceFromDXGIDevice+0xbc550,5,0.036,13887,20.0
fourteam_move_prefix,3420,DSOUND.dll!GetDeviceID+0x4965,5,0.036,13887,20.0
fourteam_move_prefix,3420,RenderSystem_Direct3D11.dll!?_render@D3D11RenderSystem@Ogre@@UAEXABVRenderOperation@2@@Z+0x1831,5,0.036,13887,20.0
fourteam_move_prefix,3420,OgreMain.dll!?isInLightRange@Light@Ogre@@QBE_NABVSphere@2@@Z+0x2b,5,0.036,13887,20.0
fourteam_move_prefix,3420,battlezone98redux.exe!sub_591670,5,0.036,13887,20.0
fourteam_move_prefix,3420,nvwgf2um.dll!SetDependencyInfo+0x350d2,5,0.036,13887,20.0
fourteam_move_prefix,3420,nvwgf2um.dll!NVAPI_Thunk+0x7948,5,0.036,13887,20.0
fourteam_move_prefix,3420,OgreMain.dll!?getViewMatrix@Frustum@Ogre@@UBEABVMatrix4@2@XZ+0x5,5,0.036,13887,20.0
fourteam_move_prefix,3420,OgreMain.dll!?_updateAutoParams@GpuProgramParameters@Ogre@@QAEXPBVAutoParamDataSource@2@G@Z+0x14,5,0.036,13887,20.0
fourteam_move_prefix,3420,OgreMain.dll!?_notifyCurrentCamera@Entity@Ogre@@UAEXPAVCamera@2@@Z+0x111,5,0.036,13887,20.0
fourteam_move_prefix,3420,nvwgf2um.dll!OpenAdapter10+0x74e61,5,0.036,13887,20.0
fourteam_move_prefix,3420,ntdll.dll!_RtlAbPostRelease@8+0xe,5,0.036,13887,20.0
fourteam_move_prefix,3420,ntdll.dll!write_char+0x3e,5,0.036,13887,20.0
fourteam_move_prefix,3420,OgreMain.dll!??4GpuSharedParametersUsage@Ogre@@QAEAAV01@ABV01@@Z+0x2758,5,0.036,13887,20.0
fourteam_move_prefix,3420,d3d11.dll!CreateDirect3D11DeviceFromDXGIDevice+0xa2061,5,0.036,13887,20.0
fourteam_move_prefix,3420,WINMM.dll@6e1d0000!BZROpenShim::OgreProfilerAlgorithms::IsNativeTransientChunkMeshName+0x86,5,0.036,13887,20.0
fourteam_move_prefix,3420,MSVCR120.dll!__libm_sse2_asinf+0x30,5,0.036,13887,20.0
fourteam_move_prefix,3420,OgreMain.dll!?_getCurrentSceneManager@Root@Ogre@@QBEPAVSceneManager@2@XZ+0x4d,5,0.036,13887,20.0
fourteam_move_prefix,3420,OgreMain.dll!?getLightAttenuation@AutoParamDataSource@Ogre@@UBE?AVVector4@2@I@Z+0xf,5,0.036,13887,20.0
fourteam_move_prefix,3420,d3d11.dll+0x31c9e,5,0.036,13887,20.0
fourteam_move_prefix,3420,d3d11.dll+0x27051,5,0.036,13887,20.0
fourteam_move_prefix,3420,MSVCR120.dll!_strnicmp+0x21,5,0.036,13887,20.0
fourteam_move_prefix,3420,battlezone98redux.exe!sub_68bed0,5,0.036,13887,20.0
fourteam_move_prefix,3420,OgreMain.dll!?getLightSpecularColourWithPower@AutoParamDataSource@Ogre@@UBE?BVColourValue@2@I@Z+0xd,5,0.036,13887,20.0
fourteam_move_prefix,3420,OgreMain.dll!?isInLightRange@Light@Ogre@@QBE_NABVSphere@2@@Z+0x7e,5,0.036,13887,20.0
fourteam_move_prefix,3420,OgreMain.dll!?_findNamedConstantDefinition@GpuProgramParameters@Ogre@@QBEPBUGpuConstantDefinition@2@ABV?$basic_string@DU?$char_traits@D@std@@V?$allocator@D@2@@std@@_N@Z+0x1a9,5,0.036,13887,20.0
fourteam_move_prefix,3420,OgreMain.dll!?isFloat@GpuConstantDefinition@Ogre@@SA_NW4GpuConstantType@2@@Z+0x6,5,0.036,13887,20.0
fourteam_move_prefix,3420,OgreMain.dll+0x2a95,5,0.036,13887,20.0
fourteam_move_prefix,3420,OgreMain.dll!?merge@VisibleObjectsBoundsInfo@Ogre@@QAEXABVAxisAlignedBox@2@ABVSphere@2@PBVCamera@2@_N@Z+0x10,5,0.036,13887,20.0
fourteam_move_prefix,3420,ntdll.dll!_LdrpAddUnicodeStringToSnapsBuffer@4+0x46,5,0.036,13887,20.0
fourteam_move_prefix,3420,ntdll.dll!write_char+0x3b,5,0.036,13887,20.0
fourteam_move_prefix,3420,OgreMain.dll!?merge@RenderPriorityGroup@Ogre@@QAEXPBV12@@Z+0xfb,5,0.036,13887,20.0
fourteam_move_prefix,3420,battlezone98redux.exe!sub_77d660,5,0.036,13887,20.0
fourteam_move_prefix,3420,d3d11.dll!D3D11CoreCreateDevice+0x95ad,5,0.036,13887,20.0
fourteam_move_prefix,3420,OgreMain.dll!?touchVertexBufferCopy@HardwareBufferManagerBase@Ogre@@UAEXABVHardwareVertexBufferSharedPtr@2@@Z+0x8a,5,0.036,13887,20.0
fourteam_move_prefix,3420,RenderSystem_Direct3D11.dll!?getILayoutByShader@D3D11VertexDeclaration@Ogre@@IAEPAUID3D11InputLayout@@PAVD3D11HLSLProgram@2@PAVVertexBufferBinding@2@@Z+0x47,5,0.036,13887,20.0
fourteam_move_prefix,3420,OgreMain.dll!?isVisible@ShadowRenderable@Ogre@@UBE_NXZ+0x25a,5,0.036,13887,20.0
fourteam_move_prefix,3420,OgreMain.dll!?createTechnique@Material@Ogre@@QAEPAVTechnique@2@XZ+0xb03,5,0.036,13887,20.0
fourteam_move_prefix,3420,ntdll.dll!_memmove+0x35,5,0.036,13887,20.0
fourteam_move_prefix,3420,OgreMain.dll!?_getRenderOperation@SubMesh@Ogre@@QAEXAAVRenderOperation@2@G@Z+0x2c,5,0.036,13887,20.0
fourteam_move_prefix,3420,ntdll.dll!__output_l+0x328,5,0.036,13887,20.0
fourteam_move_prefix,3420,OgreMain.dll!?_updateAutoParams@GpuProgramParameters@Ogre@@QAEXPBVAutoParamDataSource@2@G@Z+0x1c02,5,0.036,13887,20.0
fourteam_move_prefix,3420,OgreMain.dll!?updatePoint@RotationalSpline@Ogre@@QAEXGABVQuaternion@2@@Z+0x1612,5,0.036,13887,20.0
fourteam_move_prefix,3420,OgreMain.dll!?renderSingleObject@SceneManager@Ogre@@MAEXPAVRenderable@2@PBVPass@2@_N2PBV?$HashedVector@PAVLight@Ogre@@@2@@Z+0xa32,5,0.036,13887,20.0
fourteam_move_prefix,3420,OgreMain.dll!?updatePoint@RotationalSpline@Ogre@@QAEXGABVQuaternion@2@@Z+0x9ce3,5,0.036,13887,20.0
fourteam_move_prefix,3420,OgreMain.dll!??RlightLess@SceneManager@Ogre@@QBE_NPBVLight@2@0@Z+0x6,5,0.036,13887,20.0
fourteam_move_prefix,3420,OgreMain.dll!?calculateB@FocusedShadowCameraSetup@Ogre@@IBEXABVSceneManager@2@ABVCamera@2@ABVLight@2@ABVAxisAlignedBox@2@3PAVPointListBody@12@@Z+0x1c0,5,0.036,13887,20.0
fourteam_move_prefix,3420,OgreMain.dll!?_updateAutoParams@GpuProgramParameters@Ogre@@QAEXPBVAutoParamDataSource@2@G@Z+0x1246,5,0.036,13887,20.0
fourteam_move_prefix,3420,nvwgf2um.dll!SetDependencyInfo+0x5425a,5,0.036,13887,20.0
fourteam_move_prefix,3420,WINMM.dll@6e1d0000!BZROpenShim::`anonymous namespace'::ApplyLocalPlayerReticleConvergence+0x2b5,5,0.036,13887,20.0
fourteam_move_prefix,3420,MSVCR120.dll!floor+0x10,5,0.036,13887,20.0
fourteam_move_prefix,3420,battlezone98redux.exe!sub_5b2bd0,5,0.036,13887,20.0
fourteam_move_prefix,3420,battlezone98redux.exe!sub_5e0f70,5,0.036,13887,20.0
fourteam_move_prefix,3420,"battlezone98redux.exe!construct<class_std::_Ref_count_obj_alloc<class___ExceptionPtr,struct__StaticAllocator<int>_>,struct__StaticAllocator<int>_const&,struct_EHExceptionRecord*&,bool>",5,0.036,13887,20.0
fourteam_move_prefix,3420,battlezone98redux.exe!sub_666b50,5,0.036,13887,20.0
fourteam_move_prefix,3420,ntdll.dll!_RtlAnsiCharToUnicodeChar@4+0x4e,5,0.036,13887,20.0
fourteam_move_prefix,3420,nvwgf2um.dll!NVENCODEAPI_Thunk+0x217c95,5,0.036,13887,20.0
fourteam_move_prefix,3420,OgreMain.dll!?toString@StringConverter@Ogre@@SA?AV?$basic_string@DU?$char_traits@D@std@@V?$allocator@D@2@@std@@IGDH@Z+0x6f,5,0.036,13887,20.0
fourteam_move_prefix,3420,MSVCP120.dll!??0?$basic_istream@DU?$char_traits@D@std@@@std@@QAE@PAV?$basic_streambuf@DU?$char_traits@D@std@@@1@_N@Z+0x62,5,0.036,13887,20.0
fourteam_move_prefix,3420,MSVCP120.dll!??0?$basic_iostream@DU?$char_traits@D@std@@@std@@QAE@PAV?$basic_streambuf@DU?$char_traits@D@std@@@1@@Z+0x45,5,0.036,13887,20.0
fourteam_move_prefix,3420,ntdll.dll!_ZwQueryInformationProcess@20+0x26,5,0.036,13887,20.0
fourteam_move_prefix,3420,ntdll.dll!_RtlpLocalInfoAllocFromCache@8+0x28,5,0.036,13887,20.0
fourteam_move_prefix,3420,d3d11.dll+0x30d63,5,0.036,13887,20.0
fourteam_move_prefix,3420,d3d11.dll!D3D11CoreCreateLayeredDevice+0x1495f,5,0.036,13887,20.0
fourteam_move_prefix,3420,nvwgf2um.dll!OpenAdapter10+0x77197,5,0.036,13887,20.0
fourteam_move_prefix,3420,nvwgf2um.dll!OpenAdapter10+0x72db7,5,0.036,13887,20.0
fourteam_move_prefix,3420,nvwgf2um.dll!SetDependencyInfo+0x4f970,5,0.036,13887,20.0
fourteam_move_prefix,3420,RenderSystem_Direct3D11.dll!?getMonitorSequentialNumberFromSwapChain@MonitorInfo@Ogre@@QAEGPAUIDXGISwapChain@@_N@Z+0x2ac1,5,0.036,13887,20.0
fourteam_move_prefix,3420,OgreMain.dll!??4GpuSharedParametersUsage@Ogre@@QAEAAV01@ABV01@@Z+0x2785,5,0.036,13887,20.0
fourteam_move_prefix,3420,ntdll.dll!_RtlpIsUtf8Process@4+0x3,5,0.036,13887,20.0
fourteam_move_prefix,3420,OgreMain.dll!?isHardwareAnimationEnabled@Entity@Ogre@@QAE_NXZ+0x7,5,0.036,13887,20.0
fourteam_move_prefix,3420,battlezone98redux.exe!sub_81ec40,5,0.036,13887,20.0
fourteam_move_prefix,3420,OgreMain.dll!?RealEqual@Math@Ogre@@SA_NMMM@Z+0x3,5,0.036,13887,20.0
fourteam_move_prefix,3420,ntdll.dll!_LdrGetDllHandleEx@20+0x45,5,0.036,13887,20.0
fourteam_move_prefix,3420,OgreMain.dll!?angleBetween@Vector3@Ogre@@QBE?AVRadian@2@ABV12@@Z+0x4d,5,0.036,13887,20.0
fourteam_move_prefix,3420,d3d11.dll!CreateDirect3D11DeviceFromDXGIDevice+0x9da45,5,0.036,13887,20.0
fourteam_move_prefix,3420,OgreMain.dll!?getChildObjectsBoundingBox@Entity@Ogre@@QBE?AVAxisAlignedBox@2@XZ+0xfa,5,0.036,13887,20.0
fourteam_move_prefix,3420,OgreMain.dll!?hasScale@Matrix4@Ogre@@QBE_NXZ+0x8d,5,0.036,13887,20.0
fourteam_move_prefix,3420,OgreMain.dll!?preRenderTargetUpdate@CompositorChain@Ogre@@UAEXABURenderTargetEvent@2@@Z+0x63,5,0.036,13887,20.0
fourteam_move_prefix,3420,battlezone98redux.exe!sub_784000,5,0.036,13887,20.0
fourteam_move_prefix,3420,OgreMain.dll!?_findVisibleObjects@SceneNode@Ogre@@UAEXPAVCamera@2@PAVRenderQueue@2@PAUVisibleObjectsBoundsInfo@2@_N33@Z+0x53,5,0.036,13887,20.0
fourteam_move_prefix,3420,OgreMain.dll!?getWorldViewMatrix@AutoParamDataSource@Ogre@@UBEABVMatrix4@2@XZ+0x22f,5,0.036,13887,20.0
fourteam_move_prefix,3420,d3d11.dll!CreateDirect3D11DeviceFromDXGIDevice+0x603ff,5,0.036,13887,20.0
fourteam_move_prefix,3420,d3d11.dll!D3D11CoreCreateDevice+0x92d5,5,0.036,13887,20.0
fourteam_move_prefix,3420,OgreMain.dll+0x305d5,5,0.036,13887,20.0
fourteam_move_prefix,3420,ntdll.dll!_LdrpFindLoadedDllByNameLockHeld@20+0x45,5,0.036,13887,20.0
fourteam_move_prefix,3420,ntdll.dll!__woutput_l+0x4d9,5,0.036,13887,20.0
fourteam_move_prefix,3420,OgreMain.dll!?deriveShadowCasterPass@SceneManager@Ogre@@MAEPBVPass@2@PBV32@@Z+0x480,5,0.036,13887,20.0
fourteam_move_prefix,3420,battlezone98redux.exe!sub_46b260,5,0.036,13887,20.0
fourteam_move_prefix,3420,OgreMain.dll!?_updateAutoParams@GpuProgramParameters@Ogre@@QAEXPBVAutoParamDataSource@2@G@Z+0x1bee,5,0.036,13887,20.0
fourteam_move_prefix,3420,OgreMain.dll!?getValueImpl@DistanceLodStrategyBase@Ogre@@MBEMPBVMovableObject@2@PBVCamera@2@@Z+0x9d,5,0.036,13887,20.0
fourteam_move_prefix,3420,d3d11.dll!D3D11CoreCreateDevice+0x8b52,5,0.036,13887,20.0
fourteam_move_prefix,3420,dxgi.dll!DXGID3D10CreateDevice+0xd76,5,0.036,13887,20.0
fourteam_move_prefix,3420,OgreMain.dll!?updateAnimation@Entity@Ogre@@IAEXXZ+0x4c3,5,0.036,13887,20.0
fourteam_move_prefix,3420,OgreMain.dll!?updateRenderQueueSplitOptions@SceneManager@Ogre@@MAEXXZ+0xcb,5,0.036,13887,20.0
fourteam_move_prefix,3420,OgreMain.dll!?ASin@Math@Ogre@@SA?AVRadian@2@M@Z+0x11,5,0.036,13887,20.0
fourteam_move_prefix,3420,OgreMain.dll!?_findNamedConstantDefinition@GpuProgramParameters@Ogre@@QBEPBUGpuConstantDefinition@2@ABV?$basic_string@DU?$char_traits@D@std@@V?$allocator@D@2@@std@@_N@Z+0x3f,5,0.036,13887,20.0
fourteam_move_prefix,3420,battlezone98redux.exe!sub_4bb060,5,0.036,13887,20.0
fourteam_move_prefix,3420,ntdll.dll!_RtlpDosPathNameToRelativeNtPathName@28+0xe0,5,0.036,13887,20.0
fourteam_move_prefix,3420,battlezone98redux.exe!sub_447ed0,5,0.036,13887,20.0
fourteam_move_prefix,3420,OgreMain.dll!?getLight@AutoParamDataSource@Ogre@@IBEABVLight@2@I@Z+0x1,5,0.036,13887,20.0
fourteam_move_prefix,3420,ntdll.dll!_RtlpFreeNTHeapInternal@12+0x2ed,5,0.036,13887,20.0
fourteam_move_prefix,3420,OgreMain.dll!?_update@Node@Ogre@@UAEX_N0@Z+0xaa,5,0.036,13887,20.0
fourteam_move_prefix,3420,WINMM.dll@6e1d0000!BZROpenShim::DynamicGeometrySetSquaredViewDepthHook+0x4b,5,0.036,13887,20.0
fourteam_move_prefix,3420,MSVCR120.dll!log2f+0x11,5,0.036,13887,20.0
fourteam_move_prefix,3420,battlezone98redux.exe!sub_67a780,5,0.036,13887,20.0
fourteam_move_prefix,3420,OgreMain.dll!?_populateLightList@SceneManager@Ogre@@UAEXABVVector3@2@MAAV?$HashedVector@PAVLight@Ogre@@@2@I@Z+0xb5,5,0.036,13887,20.0
fourteam_move_prefix,3420,RenderSystem_Direct3D11.dll!?uninstall@D3D11Plugin@Ogre@@UAEXXZ+0x50e2,5,0.036,13887,20.0
fourteam_move_prefix,3420,OgreMain.dll!?getRenderOperation@SubEntity@Ogre@@UAEXAAVRenderOperation@2@@Z+0x17,5,0.036,13887,20.0
fourteam_move_prefix,3420,OgreMain.dll!?getViewMatrix@AutoParamDataSource@Ogre@@UBEABVMatrix4@2@XZ+0xf6,5,0.036,13887,20.0
fourteam_move_prefix,3420,OgreMain.dll!?_getTexturePtr@TextureUnitState@Ogre@@QBEABV?$SharedPtr@VTexture@Ogre@@@2@XZ+0x7,5,0.036,13887,20.0
fourteam_move_prefix,3420,OgreMain.dll+0x1e6a,5,0.036,13887,20.0
fourteam_move_prefix,3420,OgreMain.dll!?build@PointListBody@FocusedShadowCameraSetup@Ogre@@QAEXABVConvexBody@3@_N@Z+0xd3,5,0.036,13887,20.0
fourteam_move_prefix,3420,OgreMain.dll!?_updateAutoParams@GpuProgramParameters@Ogre@@QAEXPBVAutoParamDataSource@2@G@Z+0x84,5,0.036,13887,20.0
fourteam_move_prefix,3420,OgreMain.dll+0x6b22,5,0.036,13887,20.0
fourteam_move_prefix,3420,OgreMain.dll!?addRenderable@RenderPriorityGroup@Ogre@@QAEXPAVRenderable@2@PAVTechnique@2@@Z+0x7,5,0.036,13887,20.0
fourteam_move_prefix,3420,nvwgf2um.dll!OpenAdapter10+0x76d27,5,0.036,13887,20.0
fourteam_move_prefix,3420,nvwgf2um.dll!OpenAdapter10+0x72ff7,5,0.036,13887,20.0
fourteam_move_prefix,3420,d3d11.dll!D3D11CoreCreateDevice+0x3dc4,5,0.036,13887,20.0
fourteam_move_prefix,3420,OgreMain.dll!?getLightSpecularColourWithPower@AutoParamDataSource@Ogre@@UBE?BVColourValue@2@I@Z,5,0.036,13887,20.0
fourteam_move_prefix,3420,battlezone98redux.exe!sub_44eaa0,5,0.036,13887,20.0
fourteam_move_prefix,3420,RenderSystem_Direct3D11.dll!?_render@D3D11RenderSystem@Ogre@@UAEXABVRenderOperation@2@@Z+0x1a47,5,0.036,13887,20.0
fourteam_move_prefix,3420,MSVCR120.dll!memcpy+0x14,5,0.036,13887,20.0
fourteam_move_prefix,3420,OgreMain.dll!?getTextureUnitStateIterator@Pass@Ogre@@QBE?AV?$ConstVectorIterator@V?$vector@PAVTextureUnitState@Ogre@@V?$STLAllocator@PAVTextureUnitState@Ogre@@V?$CategorisedAllocPolicy@$0A@@2@@2@@std@@@2@XZ+0x1a,5,0.036,13887,20.0
fourteam_move_prefix,3420,battlezone98redux.exe!sub_4d44f0,5,0.036,13887,20.0
fourteam_move_prefix,3420,OgreMain.dll!?_updateAutoParams@GpuProgramParameters@Ogre@@QAEXPBVAutoParamDataSource@2@G@Z+0x2031,5,0.036,13887,20.0
fourteam_move_prefix,3420,d3d11.dll!CreateDirect3D11DeviceFromDXGIDevice+0xbc53d,5,0.036,13887,20.0
fourteam_move_prefix,3420,MSVCR120.dll!__libm_sse2_asinf+0x1db,5,0.036,13887,20.0
fourteam_move_prefix,3420,OgreMain.dll!?renderSingleObject@SceneManager@Ogre@@MAEXPAVRenderable@2@PBVPass@2@_N2PBV?$HashedVector@PAVLight@Ogre@@@2@@Z+0xa4d,5,0.036,13887,20.0
fourteam_move_prefix,3420,OgreMain.dll!??4GpuSharedParametersUsage@Ogre@@QAEAAV01@ABV01@@Z+0x2749,5,0.036,13887,20.0
fourteam_move_prefix,3420,battlezone98redux.exe!sub_4ee780,5,0.036,13887,20.0
fourteam_move_prefix,3420,d3d11.dll!CreateDirect3D11DeviceFromDXGIDevice+0x9d960,5,0.036,13887,20.0
fourteam_move_prefix,3420,OgreMain.dll!?renderOneFrame@Root@Ogre@@QAE_NXZ+0x8,5,0.036,13887,20.0
fourteam_move_prefix,3420,OgreMain.dll!?getIndex@DistanceLodStrategyBase@Ogre@@UBEGMABV?$vector@UMeshLodUsage@Ogre@@V?$STLAllocator@UMeshLodUsage@Ogre@@V?$CategorisedAllocPolicy@$0A@@2@@2@@std@@@Z+0x16,5,0.036,13887,20.0
fourteam_move_prefix,3420,OgreMain.dll!?_fireFrameEnded@Root@Ogre@@QAE_NXZ+0x1f,5,0.036,13887,20.0
fourteam_move_prefix,3420,OgreMain.dll!?_fireFrameEnded@Root@Ogre@@QAE_NAAUFrameEvent@2@@Z+0x9d,5,0.036,13887,20.0
fourteam_move_prefix,3420,OgreMain.dll!?setOrientation@Node@Ogre@@UAEXMMMM@Z+0x37,5,0.036,13887,20.0
fourteam_move_prefix,3420,battlezone98redux.exe!Getal,5,0.036,13887,20.0
fourteam_move_prefix,3420,OgreMain.dll!?getSide@Plane@Ogre@@QBE?AW4Side@12@ABVVector3@2@0@Z+0x11,5,0.036,13887,20.0
fourteam_move_prefix,3420,OgreMain.dll!?getSide@Plane@Ogre@@QBE?AW4Side@12@ABVVector3@2@0@Z+0x6f,5,0.036,13887,20.0
fourteam_move_prefix,3420,OgreMain.dll!??4GpuSharedParametersUsage@Ogre@@QAEAAV01@ABV01@@Z+0x2723,5,0.036,13887,20.0
fourteam_move_prefix,3420,OgreMain.dll!?_updateAutoParams@Pass@Ogre@@QBEXPBVAutoParamDataSource@2@G@Z+0x11c,5,0.036,13887,20.0
fourteam_move_prefix,3420,OgreMain.dll!??4GpuSharedParametersUsage@Ogre@@QAEAAV01@ABV01@@Z+0x2764,5,0.036,13887,20.0
fourteam_move_prefix,3420,OgreMain.dll!?getDerivedPosition@Camera@Ogre@@QBEABVVector3@2@XZ+0xb,5,0.036,13887,20.0
fourteam_move_prefix,3420,OgreMain.dll!?updateViewImpl@Frustum@Ogre@@MBEXXZ+0x46,5,0.036,13887,20.0
fourteam_move_prefix,3420,OgreMain.dll+0x2f8e2,4,0.0288,13887,20.0
fourteam_move_prefix,3420,ntdll.dll!_ZwRemoveIoCompletion@20+0xc,4,0.0288,13887,20.0
fourteam_move_prefix,3420,OgreMain.dll!?renderSingleObject@SceneManager@Ogre@@MAEXPAVRenderable@2@PBVPass@2@_N2PBV?$HashedVector@PAVLight@Ogre@@@2@@Z+0x122,4,0.0288,13887,20.0
fourteam_move_prefix,3420,OgreMain.dll!?renderSingleObject@SceneManager@Ogre@@MAEXPAVRenderable@2@PBVPass@2@_N2PBV?$HashedVector@PAVLight@Ogre@@@2@@Z+0x37,4,0.0288,13887,20.0
fourteam_move_prefix,3420,ntdll.dll!_bsearch+0x5f,4,0.0288,13887,20.0
fourteam_move_prefix,3420,ntdll.dll!_RtlpCompareActivationContextStringSectionEntryByPseudoKey+0xf,4,0.0288,13887,20.0
fourteam_move_prefix,3420,OgreMain.dll!?createTechnique@Material@Ogre@@QAEPAVTechnique@2@XZ+0xb1b,4,0.0288,13887,20.0
fourteam_move_prefix,3420,OgreMain.dll!?getLightAttenuation@AutoParamDataSource@Ogre@@UBE?AVVector4@2@I@Z+0x2f,4,0.0288,13887,20.0
fourteam_move_prefix,3420,OgreMain.dll!?isTransparent@Technique@Ogre@@QBE_NXZ+0x2,4,0.0288,13887,20.0
fourteam_move_prefix,3420,MSVCR120.dll!??2@YAPAXI@Z+0xbd,4,0.0288,13887,20.0
fourteam_move_prefix,3420,d3d11.dll!CreateDirect3D11DeviceFromDXGIDevice+0x603c0,4,0.0288,13887,20.0
fourteam_move_prefix,3420,battlezone98redux.exe!sub_46eaf0,4,0.0288,13887,20.0
fourteam_move_prefix,3420,OgreMain.dll!??4GpuSharedParametersUsage@Ogre@@QAEAAV01@ABV01@@Z+0x275a,4,0.0288,13887,20.0
fourteam_move_prefix,3420,battlezone98redux.exe!sub_438c10,4,0.0288,13887,20.0
fourteam_move_prefix,3420,d3d11.dll!CreateDirect3D11DeviceFromDXGIDevice+0xa05ae,4,0.0288,13887,20.0
fourteam_move_prefix,3420,d3d11.dll+0x30d77,4,0.0288,13887,20.0
fourteam_move_prefix,3420,ntdll.dll!__woutput_l+0x103,4,0.0288,13887,20.0
fourteam_move_prefix,3420,ntdll.dll!_RtlMultiByteToUnicodeN@20+0x13,4,0.0288,13887,20.0
fourteam_move_prefix,3420,d3d11.dll!CreateDirect3D11DeviceFromDXGIDevice+0x9a798,4,0.0288,13887,20.0
fourteam_move_prefix,3420,d3d11.dll!D3D11CoreCreateLayeredDevice+0xbc91,4,0.0288,13887,20.0
fourteam_move_prefix,3420,OgreMain.dll!?setCurrentLightList@AutoParamDataSource@Ogre@@UAEXPBV?$HashedVector@PAVLight@Ogre@@@2@@Z+0x3e,4,0.0288,13887,20.0
fourteam_move_prefix,3420,ntdll.dll!_RtlAnsiCharToUnicodeChar@4,4,0.0288,13887,20.0
fourteam_move_prefix,3420,d3d11.dll+0x35ea9,4,0.0288,13887,20.0
fourteam_move_prefix,3420,OgreMain.dll+0x3365e,4,0.0288,13887,20.0
fourteam_move_prefix,3420,OgreMain.dll!?ASin@Math@Ogre@@SA?AVRadian@2@M@Z+0x1,4,0.0288,13887,20.0
fourteam_move_prefix,3420,RenderSystem_Direct3D11.dll!?getMonitorSequentialNumberFromSwapChain@MonitorInfo@Ogre@@QAEGPAUIDXGISwapChain@@_N@Z+0x1244,4,0.0288,13887,20.0
fourteam_move_prefix,3420,battlezone98redux.exe!sub_46ae20,4,0.0288,13887,20.0
fourteam_move_prefix,3420,OgreMain.dll!?_findNamedConstantDefinition@GpuProgramParameters@Ogre@@QBEPBUGpuConstantDefinition@2@ABV?$basic_string@DU?$char_traits@D@std@@V?$allocator@D@2@@std@@_N@Z+0x3,4,0.0288,13887,20.0
fourteam_move_prefix,3420,ntdll.dll!_LdrpPreprocessDllName@16+0x57d,4,0.0288,13887,20.0
fourteam_move_prefix,3420,ntdll.dll!RtlWow64EnableFsRedirectionEx+0x4f,4,0.0288,13887,20.0
fourteam_move_prefix,3420,ntdll.dll!__output_l+0x846,4,0.0288,13887,20.0
fourteam_move_prefix,3420,RenderSystem_Direct3D11.dll!?_render@D3D11RenderSystem@Ogre@@UAEXABVRenderOperation@2@@Z+0x8f8,4,0.0288,13887,20.0
fourteam_move_prefix,3420,OgreMain.dll!?getSide@Plane@Ogre@@QBE?AW4Side@12@ABVVector3@2@0@Z+0x67,4,0.0288,13887,20.0
fourteam_move_prefix,3420,OgreMain.dll+0x1d944,4,0.0288,13887,20.0
fourteam_move_prefix,3420,battlezone98redux.exe!sub_61a510,4,0.0288,13887,20.0
fourteam_move_prefix,3420,OgreMain.dll!?isHardwareAnimationEnabled@Entity@Ogre@@QAE_NXZ+0x90,4,0.0288,13887,20.0
fourteam_move_prefix,3420,OgreMain.dll+0x358af,4,0.0288,13887,20.0
fourteam_move_prefix,3420,OgreMain.dll!?clear@RenderPriorityGroup@Ogre@@QAEXXZ+0x205,4,0.0288,13887,20.0
fourteam_move_prefix,3420,battlezone98redux.exe!sub_42de70,4,0.0288,13887,20.0
fourteam_move_prefix,3420,battlezone98redux.exe+0x2da8f,4,0.0288,13887,20.0
fourteam_move_prefix,3420,d3d11.dll!CreateDirect3D11DeviceFromDXGIDevice+0xa17a2,4,0.0288,13887,20.0
fourteam_move_prefix,3420,OgreMain.dll!?_updateAutoParams@GpuProgramParameters@Ogre@@QAEXPBVAutoParamDataSource@2@G@Z+0x1f08,4,0.0288,13887,20.0
fourteam_move_prefix,3420,OgreMain.dll!?getAttenuationRange@Light@Ogre@@QBEMXZ+0x6,4,0.0288,13887,20.0
fourteam_move_prefix,3420,OgreMain.dll!?getProjectionMatrix@AutoParamDataSource@Ogre@@UBEABVMatrix4@2@XZ+0x95,4,0.0288,13887,20.0
fourteam_move_prefix,3420,RenderSystem_Direct3D11.dll!?_render@D3D11RenderSystem@Ogre@@UAEXABVRenderOperation@2@@Z+0x18bf,4,0.0288,13887,20.0
fourteam_move_prefix,3420,RenderSystem_Direct3D11.dll!?getFormat@D3D11Mappings@Ogre@@SA?AW4DXGI_FORMAT@@W4IndexType@HardwareIndexBuffer@2@@Z+0x7,4,0.0288,13887,20.0
fourteam_move_prefix,3420,OgreMain.dll!?getLight@AutoParamDataSource@Ogre@@IBEABVLight@2@I@Z+0x24,4,0.0288,13887,20.0
fourteam_move_prefix,3420,OgreMain.dll!?isViewOutOfDate@Camera@Ogre@@MBE_NXZ+0x1,4,0.0288,13887,20.0
fourteam_move_prefix,3420,RenderSystem_Direct3D11.dll!?_setTexture@D3D11RenderSystem@Ogre@@UAEXI_NABV?$SharedPtr@VTexture@Ogre@@@2@@Z+0xbb,4,0.0288,13887,20.0
fourteam_move_prefix,3420,OgreMain.dll!?_setPass@SceneManager@Ogre@@UAEPBVPass@2@PBV32@_N1@Z+0x87d,4,0.0288,13887,20.0
fourteam_move_prefix,3420,OgreMain.dll!?clone@Animation@Ogre@@QBEPAV12@ABV?$basic_string@DU?$char_traits@D@std@@V?$allocator@D@2@@std@@@Z+0x261,4,0.0288,13887,20.0
fourteam_move_prefix,3420,OgreMain.dll!?touchVertexBufferCopy@HardwareBufferManagerBase@Ogre@@UAEXABVHardwareVertexBufferSharedPtr@2@@Z+0x4b,4,0.0288,13887,20.0
fourteam_move_prefix,3420,OgreMain.dll!?getLight@AutoParamDataSource@Ogre@@IBEABVLight@2@I@Z+0x22,4,0.0288,13887,20.0
fourteam_move_prefix,3420,OgreMain.dll!?angleBetween@Vector3@Ogre@@QBE?AVRadian@2@ABV12@@Z+0x58,4,0.0288,13887,20.0
fourteam_move_prefix,3420,battlezone98redux.exe!sub_417780,4,0.0288,13887,20.0
fourteam_move_prefix,3420,OgreMain.dll!??4GpuSharedParametersUsage@Ogre@@QAEAAV01@ABV01@@Z+0x2711,4,0.0288,13887,20.0
fourteam_move_prefix,3420,d3d11.dll!D3D11CoreCreateLayeredDevice+0x2bfb,4,0.0288,13887,20.0
fourteam_move_prefix,3420,OgreMain.dll!?updateView@Frustum@Ogre@@MBEXXZ+0xb,4,0.0288,13887,20.0
fourteam_move_prefix,3420,ucrtbase.dll!_tolower,4,0.0288,13887,20.0
fourteam_move_prefix,3420,battlezone98redux.exe!sub_462470,4,0.0288,13887,20.0
fourteam_move_prefix,3420,OgreMain.dll!?_renderScene@SceneManager@Ogre@@UAEXPAVCamera@2@PAVViewport@2@_N@Z+0x4c4,4,0.0288,13887,20.0
fourteam_move_prefix,3420,d3d11.dll+0x27029,4,0.0288,13887,20.0
fourteam_move_prefix,3420,OgreMain.dll!?ACos@Math@Ogre@@SA?AVRadian@2@M@Z,4,0.0288,13887,20.0
fourteam_move_prefix,3420,OgreMain.dll!?_getParentNodeFullTransform@MovableObject@Ogre@@UBEABVMatrix4@2@XZ,4,0.0288,13887,20.0
fourteam_move_prefix,3420,d3d11.dll!D3D11CoreCreateDevice+0x3e29,4,0.0288,13887,20.0
fourteam_move_prefix,3420,OgreMain.dll+0x15898,4,0.0288,13887,20.0
fourteam_move_prefix,3420,RenderSystem_Direct3D11.dll+0x6582,4,0.0288,13887,20.0
fourteam_move_prefix,3420,nvwgf2um.dll!SetDependencyInfo+0x4b1df,4,0.0288,13887,20.0
fourteam_move_prefix,3420,OgreMain.dll!?needUpdate@Bone@Ogre@@UAEX_N@Z+0xe,4,0.0288,13887,20.0
fourteam_move_prefix,3420,OgreMain.dll!?cacheBoneMatrices@Entity@Ogre@@IAE_NXZ+0x5d,4,0.0288,13887,20.0
fourteam_move_prefix,3420,OgreMain.dll!?ACos@Math@Ogre@@SA?AVRadian@2@M@Z+0xf,4,0.0288,13887,20.0
fourteam_move_prefix,3420,MSVCR120.dll!memcpy+0xa,4,0.0288,13887,20.0
fourteam_move_prefix,3420,d3d11.dll!CreateDirect3D11DeviceFromDXGIDevice+0xbc60d,4,0.0288,13887,20.0
fourteam_move_prefix,3420,MSVCR120.dll!wcschr+0xca,4,0.0288,13887,20.0
fourteam_move_prefix,3420,OgreMain.dll!??4GpuSharedParametersUsage@Ogre@@QAEAAV01@ABV01@@Z+0x2791,4,0.0288,13887,20.0
fourteam_move_prefix,3420,OgreMain.dll!?_updateAutoParams@GpuProgramParameters@Ogre@@QAEXPBVAutoParamDataSource@2@G@Z+0x971,4,0.0288,13887,20.0
fourteam_move_prefix,3420,OgreMain.dll!?isViewOutOfDate@Camera@Ogre@@MBE_NXZ+0x18d,4,0.0288,13887,20.0
fourteam_move_prefix,3420,d3d11.dll!D3D11CoreCreateDevice+0x1d20d,4,0.0288,13887,20.0
fourteam_move_prefix,3420,OgreMain.dll!?calculateLVS@FocusedShadowCameraSetup@Ogre@@IBEXABVSceneManager@2@ABVCamera@2@ABVLight@2@ABVAxisAlignedBox@2@PAVPointListBody@12@@Z+0xa3,4,0.0288,13887,20.0
fourteam_move_prefix,3420,RenderSystem_Direct3D11.dll!?getILayoutByShader@D3D11VertexDeclaration@Ogre@@IAEPAUID3D11InputLayout@@PAVD3D11HLSLProgram@2@PAVVertexBufferBinding@2@@Z+0x66,4,0.0288,13887,20.0
fourteam_move_prefix,3420,OgreMain.dll!?getWorldViewProjMatrix@AutoParamDataSource@Ogre@@UBEABVMatrix4@2@XZ+0x1,4,0.0288,13887,20.0
fourteam_move_prefix,3420,OgreMain.dll!?useLightsGpuProgram@SceneManager@Ogre@@MAEXPBVPass@2@PBV?$HashedVector@PAVLight@Ogre@@@2@@Z+0x8,4,0.0288,13887,20.0
fourteam_move_prefix,3420,ntdll.dll!_LdrpAcquireModuleDatatableLockShared@0+0xd,4,0.0288,13887,20.0
fourteam_move_prefix,3420,OgreMain.dll!?_notifyCurrentCamera@Entity@Ogre@@UAEXPAVCamera@2@@Z+0x1fa,4,0.0288,13887,20.0
fourteam_move_prefix,3420,OgreMain.dll!?lock@HardwareBuffer@Ogre@@QAEPAXW4LockOptions@12@W4UploadOptions@12@@Z+0x8,4,0.0288,13887,20.0
fourteam_move_prefix,3420,ntdll.dll!__woutput_l+0xe0,4,0.0288,13887,20.0
fourteam_move_prefix,3420,d3d11.dll+0x3671a,4,0.0288,13887,20.0
fourteam_move_prefix,3420,d3d11.dll!D3D11CoreCreateLayeredDevice+0x123ba,4,0.0288,13887,20.0
fourteam_move_prefix,3420,OgreMain.dll!?getVertexDataForBinding@SubEntity@Ogre@@QAEPAVVertexData@2@XZ+0x46,4,0.0288,13887,20.0
fourteam_move_prefix,3420,d3d11.dll!CreateDirect3D11DeviceFromDXGIDevice+0x9f8a0,4,0.0288,13887,20.0
fourteam_move_prefix,3420,WINMM.dll@6e1d0000!BZROpenShim::`anonymous namespace'::ProcessVisibleObjectHook+0x17,4,0.0288,13887,20.0
fourteam_move_prefix,3420,OgreMain.dll!?isInLightRange@Light@Ogre@@QBE_NABVSphere@2@@Z+0x9f,4,0.0288,13887,20.0
fourteam_move_prefix,3420,RenderSystem_Direct3D11.dll!??1D3D11RenderWindowSwapChainBased@Ogre@@UAE@XZ+0x40a,4,0.0288,13887,20.0
fourteam_move_prefix,3420,OgreMain.dll+0x7e50,4,0.0288,13887,20.0
fourteam_move_prefix,3420,d3d11.dll+0x311e7,4,0.0288,13887,20.0
fourteam_move_prefix,3420,battlezone98redux.exe!sub_4ae300,4,0.0288,13887,20.0
fourteam_move_prefix,3420,OgreMain.dll!??1QueuedRenderableCollection@Ogre@@QAE@XZ+0xb16,4,0.0288,13887,20.0
fourteam_move_prefix,3420,OgreMain.dll!?_updateTransforms@Skeleton@Ogre@@UAEXXZ+0x3e,4,0.0288,13887,20.0
fourteam_move_prefix,3420,OgreMain.dll!?_getBoneMatrices@Skeleton@Ogre@@UAEXPAVMatrix4@2@@Z+0x10,4,0.0288,13887,20.0
fourteam_move_prefix,3420,OgreMain.dll!?clone@Animation@Ogre@@QBEPAV12@ABV?$basic_string@DU?$char_traits@D@std@@V?$allocator@D@2@@std@@@Z+0x2c1,4,0.0288,13887,20.0
fourteam_move_prefix,3420,OgreMain.dll!?_getDerivedPosition@Node@Ogre@@UBEABVVector3@2@XZ+0x7,4,0.0288,13887,20.0
fourteam_move_prefix,3420,battlezone98redux.exe!sub_5bc170,4,0.0288,13887,20.0
fourteam_move_prefix,3420,ntdll.dll!_RtlMultiByteToUnicodeN@20+0x8,4,0.0288,13887,20.0
fourteam_move_prefix,3420,d3d11.dll!CreateDirect3D11DeviceFromDXGIDevice+0xa2163,4,0.0288,13887,20.0
fourteam_move_prefix,3420,OgreMain.dll!?inverseAffine@Matrix4@Ogre@@QBE?AV12@XZ+0x85,4,0.0288,13887,20.0
fourteam_move_prefix,3420,OgreMain.dll!?_populateLightList@SceneManager@Ogre@@UAEXABVVector3@2@MAAV?$HashedVector@PAVLight@Ogre@@@2@I@Z+0xbd,4,0.0288,13887,20.0
fourteam_move_prefix,3420,d3d11.dll+0x2c3a6,4,0.0288,13887,20.0
fourteam_move_prefix,3420,dxgi.dll!DXGID3D10CreateDevice+0x260,4,0.0288,13887,20.0
fourteam_move_prefix,3420,OgreMain.dll!?angleBetween@Vector3@Ogre@@QBE?AVRadian@2@ABV12@@Z+0x1,4,0.0288,13887,20.0
fourteam_move_prefix,3420,OgreMain.dll!?isVisible@Frustum@Ogre@@UBE_NABVAxisAlignedBox@2@PAW4FrustumPlane@2@@Z+0x10,4,0.0288,13887,20.0
fourteam_move_prefix,3420,d3d11.dll!CreateDirect3D11DeviceFromDXGIDevice+0xa3faa,4,0.0288,13887,20.0
fourteam_move_prefix,3420,battlezone98redux.exe!sub_6637a0,4,0.0288,13887,20.0
fourteam_move_prefix,3420,battlezone98redux.exe!sub_4badc0,4,0.0288,13887,20.0
fourteam_move_prefix,3420,OgreMain.dll!?isInLightRange@Light@Ogre@@QBE_NABVSphere@2@@Z+0x74,4,0.0288,13887,20.0
fourteam_move_prefix,3420,OgreMain.dll!?isVisible@Camera@Ogre@@UBE_NABVAxisAlignedBox@2@PAW4FrustumPlane@2@@Z+0x1,4,0.0288,13887,20.0
fourteam_move_prefix,3420,OgreMain.dll+0x19c45,4,0.0288,13887,20.0
fourteam_move_prefix,3420,OgreMain.dll!?RealEqual@Math@Ogre@@SA_NMMM@Z+0x1f,4,0.0288,13887,20.0
fourteam_move_prefix,3420,RenderSystem_Direct3D11.dll!?getD3DIndexBuffer@D3D11HardwareIndexBuffer@Ogre@@QBEPAUID3D11Buffer@@XZ+0x6,4,0.0288,13887,20.0
fourteam_move_prefix,3420,OgreMain.dll!?_calcTempSquareDist@Light@Ogre@@QAEXABVVector3@2@@Z+0x28,4,0.0288,13887,20.0
fourteam_move_prefix,3420,battlezone98redux.exe!sub_684c80,4,0.0288,13887,20.0
fourteam_move_prefix,3420,RenderSystem_Direct3D11.dll!?bindToShader@D3D11VertexDeclaration@Ogre@@QAEXPAVD3D11HLSLProgram@2@PAVVertexBufferBinding@2@@Z+0x1,4,0.0288,13887,20.0
fourteam_move_prefix,3420,OgreMain.dll!?setSplitNoShadowPasses@RenderQueue@Ogre@@QAEX_N@Z+0x1e,4,0.0288,13887,20.0
fourteam_move_prefix,3420,d3d11.dll!CreateDirect3D11DeviceFromDXGIDevice+0xbc57a,4,0.0288,13887,20.0
fourteam_move_prefix,3420,OgreMain.dll!?deriveTextureRenderTargetOptions@CompositorInstance@Ogre@@AAEXABV?$basic_string@DU?$char_traits@D@std@@V?$allocator@D@2@@std@@PA_NPAIPAV34@@Z+0x876,4,0.0288,13887,20.0
fourteam_move_prefix,3420,OgreMain.dll!?_getTexturedRectangle2D@CompositorManager@Ogre@@QAEPAVRenderable@2@XZ+0x13e,4,0.0288,13887,20.0
fourteam_move_prefix,3420,ntdll.dll!RtlStringVPrintfWorkerA+0x4c,4,0.0288,13887,20.0
fourteam_move_prefix,3420,MSVCR120.dll!_memccpy+0xbc,4,0.0288,13887,20.0
fourteam_move_prefix,3420,OgreMain.dll!?clone@Animation@Ogre@@QBEPAV12@ABV?$basic_string@DU?$char_traits@D@std@@V?$allocator@D@2@@std@@@Z+0x243,4,0.0288,13887,20.0
fourteam_move_prefix,3420,battlezone98redux.exe!sub_5e1310,4,0.0288,13887,20.0
fourteam_move_prefix,3420,battlezone98redux.exe!sub_44f200,4,0.0288,13887,20.0
fourteam_move_prefix,3420,battlezone98redux.exe!sub_44f090,4,0.0288,13887,20.0
fourteam_move_prefix,3420,ntdll.dll!__aulldvrm+0x7c,4,0.0288,13887,20.0
fourteam_move_prefix,3420,OgreMain.dll!?resourceExists@ResourceManager@Ogre@@UAE_NABV?$basic_string@DU?$char_traits@D@std@@V?$allocator@D@2@@std@@@Z+0x18,4,0.0288,13887,20.0
fourteam_move_prefix,3420,OgreMain.dll+0x32515,4,0.0288,13887,20.0
fourteam_move_prefix,3420,OgreMain.dll!?getSquaredViewDepth@Node@Ogre@@UBEMPBVCamera@2@@Z+0x55,4,0.0288,13887,20.0
fourteam_move_prefix,3420,ntdll.dll!_RtlpGetCodePageData@4+0x5,4,0.0288,13887,20.0
fourteam_move_prefix,3420,OgreMain.dll+0x1d354,4,0.0288,13887,20.0
fourteam_move_prefix,3420,OgreMain.dll!?getViewMatrix@Frustum@Ogre@@UBEABVMatrix4@2@XZ+0x1,4,0.0288,13887,20.0
fourteam_move_prefix,3420,d3d11.dll!CreateDirect3D11DeviceFromDXGIDevice+0x9f772,4,0.0288,13887,20.0
fourteam_move_prefix,3420,OgreMain.dll!?Ogre_InterlockedIncrement64@InterlockedCompareExchange64Wrapper@Ogre@@SA_JPC_J@Z+0x11b5,4,0.0288,13887,20.0
fourteam_move_prefix,3420,OgreMain.dll!?_detectImplementation@OptimisedUtil@Ogre@@KAPAV12@XZ+0x4505,4,0.0288,13887,20.0
fourteam_move_prefix,3420,nvwgf2um.dll!NVENCODEAPI_Thunk+0x68f53,4,0.0288,13887,20.0
fourteam_move_prefix,3420,KERNEL32.DLL!GetCurrentThreadId+0x6,4,0.0288,13887,20.0
fourteam_move_prefix,3420,RenderSystem_Direct3D11.dll!?_setRenderTargetViews@D3D11RenderSystem@Ogre@@IAEXXZ+0xd0,4,0.0288,13887,20.0
fourteam_move_prefix,3420,ntdll.dll!RtlFindCharInUnicodeString+0x188,4,0.0288,13887,20.0
fourteam_move_prefix,3420,battlezone98redux.exe!sub_438b60,4,0.0288,13887,20.0
fourteam_move_prefix,3420,OgreMain.dll!?isViewOutOfDate@Camera@Ogre@@MBE_NXZ+0x51a,4,0.0288,13887,20.0
fourteam_move_prefix,3420,MSVCR120.dll!__libm_sse2_acosf+0x1da,4,0.0288,13887,20.0
fourteam_move_prefix,3420,OgreMain.dll!?_getTexturePtr@TextureUnitState@Ogre@@QBEABV?$SharedPtr@VTexture@Ogre@@@2@I@Z+0x47,4,0.0288,13887,20.0
fourteam_move_prefix,3420,KERNELBASE.dll!GetModuleHandleA+0x2f,4,0.0288,13887,20.0
fourteam_move_prefix,3420,battlezone98redux.exe!sub_4178f0,4,0.0288,13887,20.0
fourteam_move_prefix,3420,d3d11.dll!CreateDirect3D11DeviceFromDXGIDevice+0x9dfbd,4,0.0288,13887,20.0
fourteam_move_prefix,3420,OgreMain.dll!??4GpuSharedParametersUsage@Ogre@@QAEAAV01@ABV01@@Z+0x27ae,4,0.0288,13887,20.0
fourteam_move_prefix,3420,OgreMain.dll!?getValue@LodStrategy@Ogre@@QBEMPBVMovableObject@2@PBVCamera@2@@Z+0x1a,4,0.0288,13887,20.0
fourteam_move_prefix,3420,OgreMain.dll+0x3a468,4,0.0288,13887,20.0
fourteam_move_prefix,3420,d3d11.dll!CreateDirect3D11DeviceFromDXGIDevice+0xa2d79,4,0.0288,13887,20.0
fourteam_move_prefix,3420,dxgi.dll!DXGIGetDebugInterface1+0xa5e2,4,0.0288,13887,20.0
fourteam_move_prefix,3420,dxgi.dll!DXGIReportAdapterConfiguration+0xaa96,4,0.0288,13887,20.0
fourteam_move_prefix,3420,OgreMain.dll!?_issueRenderOp@SceneManager@Ogre@@UAEXPAVRenderable@2@PBVPass@2@@Z+0x18,4,0.0288,13887,20.0
fourteam_move_prefix,3420,OgreMain.dll!?updateRenderQueueSplitOptions@SceneManager@Ogre@@MAEXXZ+0x77,4,0.0288,13887,20.0
fourteam_move_prefix,3420,OgreMain.dll!?fireRenderSingleObject@SceneManager@Ogre@@MAEXPAVRenderable@2@PBVPass@2@PBVAutoParamDataSource@2@PBV?$HashedVector@PAVLight@Ogre@@@2@_N@Z+0x25,4,0.0288,13887,20.0
fourteam_move_prefix,3420,KERNEL32.DLL!GetProcessAffinityMask+0x2a,4,0.0288,13887,20.0
fourteam_move_prefix,3420,OgreMain.dll!?determinant@Matrix4@Ogre@@QBEMXZ+0x1,4,0.0288,13887,20.0
fourteam_move_prefix,3420,OgreMain.dll!?_updateBounds@SceneNode@Ogre@@UAEXXZ+0x226,4,0.0288,13887,20.0
fourteam_move_prefix,3420,battlezone98redux.exe!operator-,4,0.0288,13887,20.0
fourteam_move_prefix,3420,battlezone98redux.exe!sub_423830,4,0.0288,13887,20.0
fourteam_move_prefix,3420,OgreMain.dll!?_detectImplementation@OptimisedUtil@Ogre@@KAPAV12@XZ+0x4599,4,0.0288,13887,20.0
fourteam_move_prefix,3420,d3d11.dll+0x31bef,4,0.0288,13887,20.0
fourteam_move_prefix,3420,d3d11.dll+0x31b1f,4,0.0288,13887,20.0
fourteam_move_prefix,3420,d3d11.dll!CreateDirect3D11DeviceFromDXGIDevice+0xa461e,4,0.0288,13887,20.0
fourteam_move_prefix,3420,OgreMain.dll!?renderSingleObject@SceneManager@Ogre@@MAEXPAVRenderable@2@PBVPass@2@_N2PBV?$HashedVector@PAVLight@Ogre@@@2@@Z+0x7e4,4,0.0288,13887,20.0
fourteam_move_prefix,3420,OgreMain.dll!?updateFromParentImpl@SceneNode@Ogre@@MBEXXZ+0x1a,4,0.0288,13887,20.0
fourteam_move_prefix,3420,OgreMain.dll!?getLightDirection@AutoParamDataSource@Ogre@@UBEABVVector3@2@I@Z,4,0.0288,13887,20.0
fourteam_move_prefix,3420,OgreMain.dll!?_writeRawConstant@GpuProgramParameters@Ogre@@QAEXIABVVector4@2@I@Z+0x18,4,0.0288,13887,20.0
fourteam_move_prefix,3420,OgreMain.dll!?createTechnique@Material@Ogre@@QAEPAVTechnique@2@XZ+0xa23,4,0.0288,13887,20.0
fourteam_move_prefix,3420,RenderSystem_Direct3D11.dll+0x3ef9,4,0.0288,13887,20.0
fourteam_move_prefix,3420,d3d11.dll!D3D11CoreCreateDevice+0x347d0,4,0.0288,13887,20.0
fourteam_move_prefix,3420,d3d11.dll!D3D11CoreCreateDevice+0xa406,4,0.0288,13887,20.0
fourteam_move_prefix,3420,OgreMain.dll!?_setTextureUnitSettings@RenderSystem@Ogre@@UAEXIAAVTextureUnitState@2@@Z+0x29a,4,0.0288,13887,20.0
fourteam_move_prefix,3420,d3d11.dll!D3D11CoreCreateLayeredDevice+0xce49,4,0.0288,13887,20.0
fourteam_move_prefix,3420,nvwgf2um.dll!SetDependencyInfo+0x5040f,4,0.0288,13887,20.0
fourteam_move_prefix,3420,battlezone98redux.exe!sub_4de9d0,4,0.0288,13887,20.0
fourteam_move_prefix,3420,MSVCR120.dll!__libm_sse2_acosf+0x18e,4,0.0288,13887,20.0
fourteam_move_prefix,3420,ntdll.dll!_RtlQueryPerformanceCounter@4+0xbe,4,0.0288,13887,20.0
fourteam_move_prefix,3420,OgreMain.dll!?_fireFrameStarted@Root@Ogre@@QAE_NXZ+0x14,4,0.0288,13887,20.0
fourteam_move_prefix,3420,battlezone98redux.exe!sub_67b990,4,0.0288,13887,20.0
fourteam_move_prefix,3420,RenderSystem_Direct3D11.dll!?_setRenderTargetViews@D3D11RenderSystem@Ogre@@IAEXXZ+0x7e,4,0.0288,13887,20.0
fourteam_move_prefix,3420,battlezone98redux.exe!sub_74d110,4,0.0288,13887,20.0
fourteam_move_prefix,3420,USER32.dll!SetMenu+0x143,4,0.0288,13887,20.0
fourteam_move_prefix,3420,USER32.dll!CallWindowProcA+0x1b,4,0.0288,13887,20.0
fourteam_move_prefix,3420,d3d11.dll+0x30d65,4,0.0288,13887,20.0
fourteam_move_prefix,3420,RenderSystem_Direct3D11.dll!?uninstall@D3D11Plugin@Ogre@@UAEXXZ+0x51a6,4,0.0288,13887,20.0
fourteam_move_prefix,3420,RenderSystem_Direct3D11.dll!?fireDeviceEvent@D3D11RenderSystem@Ogre@@QAEXPAVD3D11Device@2@ABV?$basic_string@DU?$char_traits@D@std@@V?$allocator@D@2@@std@@PAVD3D11RenderWindowBase@2@@Z+0x1f2,4,0.0288,13887,20.0
fourteam_move_prefix,3420,MSVCR120.dll!floor+0x69,4,0.0288,13887,20.0
fourteam_move_prefix,3420,DSOUND.dll!GetDeviceID+0x48df,4,0.0288,13887,20.0
fourteam_move_prefix,3420,d3d11.dll!CreateDirect3D11DeviceFromDXGIDevice+0x9f9c1,4,0.0288,13887,20.0
fourteam_move_prefix,3420,nvwgf2um.dll!OpenAdapter10+0x74f5e,4,0.0288,13887,20.0
fourteam_move_prefix,3420,OgreMain.dll!?getLightSpecularColourWithPower@AutoParamDataSource@Ogre@@UBE?BVColourValue@2@I@Z+0x2c,4,0.0288,13887,20.0
fourteam_move_prefix,3420,OgreMain.dll!?clone@Animation@Ogre@@QBEPAV12@ABV?$basic_string@DU?$char_traits@D@std@@V?$allocator@D@2@@std@@@Z+0x2e4,4,0.0288,13887,20.0
fourteam_move_prefix,3420,OgreMain.dll!?_updateAllRenderTargets@Root@Ogre@@QAE_NXZ+0x1e,4,0.0288,13887,20.0
fourteam_move_prefix,3420,OgreMain.dll!?getSurfaceSpecularColour@AutoParamDataSource@Ogre@@UBEABVColourValue@2@XZ,4,0.0288,13887,20.0
fourteam_move_prefix,3420,d3d11.dll!D3D11CoreCreateDevice+0x2f18d,4,0.0288,13887,20.0
fourteam_move_prefix,3420,ntdll.dll!__fputwc_nolock+0x2,4,0.0288,13887,20.0
fourteam_move_prefix,3420,RenderSystem_Direct3D11.dll!?getMonitorSequentialNumberFromSwapChain@MonitorInfo@Ogre@@QAEGPAUIDXGISwapChain@@_N@Z+0xdca,4,0.0288,13887,20.0
fourteam_move_prefix,3420,OgreMain.dll!?getSide@Plane@Ogre@@QBE?AW4Side@12@ABVVector3@2@0@Z+0x31,3,0.0216,13887,20.0
fourteam_move_prefix,3420,ntdll.dll!_RtlAnsiCharToUnicodeChar@4+0x1e,3,0.0216,13887,20.0
fourteam_move_prefix,3420,OgreMain.dll!?clear@RenderPriorityGroup@Ogre@@QAEXXZ+0xc5,3,0.0216,13887,20.0
fourteam_move_prefix,3420,WINMM.dll@6e1d0000!BZROpenShim::ChunkEffectSimulateHook+0x16e,3,0.0216,13887,20.0
fourteam_move_prefix,3420,ntdll.dll!__wctomb_s_l+0x68,3,0.0216,13887,20.0
fourteam_move_prefix,3420,OgreMain.dll!?_writeRawConstant@GpuProgramParameters@Ogre@@QAEXIABVVector4@2@I@Z,3,0.0216,13887,20.0
fourteam_move_prefix,3420,OgreMain.dll!?getParameters@GpuProgramUsage@Ogre@@QAE?AV?$SharedPtr@VGpuProgramParameters@Ogre@@@2@XZ+0x21,3,0.0216,13887,20.0
fourteam_move_prefix,3420,OgreMain.dll!?hasViewRelativeTextureCoordinateGeneration@TextureUnitState@Ogre@@QBE_NXZ+0x14,3,0.0216,13887,20.0
fourteam_move_prefix,3420,OgreMain.dll!?determinant@Matrix4@Ogre@@QBEMXZ+0x31,3,0.0216,13887,20.0
fourteam_move_prefix,3420,OgreMain.dll!?_getCurrentSceneManager@Root@Ogre@@QBEPAVSceneManager@2@XZ+0x2e,3,0.0216,13887,20.0
fourteam_move_prefix,3420,<unmapped>+0x774d7000,3,0.0216,13887,20.0
fourteam_move_prefix,3420,OgreMain.dll!?merge@VisibleObjectsBoundsInfo@Ogre@@QAEXABVAxisAlignedBox@2@ABVSphere@2@PBVCamera@2@_N@Z+0x70,3,0.0216,13887,20.0
fourteam_move_prefix,3420,OgreMain.dll!?lock@HardwareBuffer@Ogre@@UAEPAXIIW4LockOptions@12@W4UploadOptions@12@@Z+0x191,3,0.0216,13887,20.0
fourteam_move_prefix,3420,d3d11.dll!CreateDirect3D11DeviceFromDXGIDevice+0x9f73d,3,0.0216,13887,20.0
fourteam_move_prefix,3420,battlezone98redux.exe!sub_5b26e0,3,0.0216,13887,20.0
fourteam_move_prefix,3420,OgreMain.dll!?_calcTempSquareDist@Light@Ogre@@QAEXABVVector3@2@@Z+0x30,3,0.0216,13887,20.0
fourteam_move_prefix,3420,RenderSystem_Direct3D11.dll+0x20ae,3,0.0216,13887,20.0
fourteam_move_prefix,3420,RenderSystem_Direct3D11.dll!?_setTexture@D3D11RenderSystem@Ogre@@UAEXI_NABV?$SharedPtr@VTexture@Ogre@@@2@@Z+0xeb,3,0.0216,13887,20.0
fourteam_move_prefix,3420,OgreMain.dll!?_setTextureUnitSettings@RenderSystem@Ogre@@UAEXIAAVTextureUnitState@2@@Z+0x119,3,0.0216,13887,20.0
fourteam_move_prefix,3420,nvwgf2um.dll!OpenAdapter10+0x72b5d,3,0.0216,13887,20.0
fourteam_move_prefix,3420,nvwgf2um.dll!NVENCODEAPI_Thunk+0x2c9df,3,0.0216,13887,20.0
fourteam_move_prefix,3420,nvwgf2um.dll!SetDependencyInfo+0x58362,3,0.0216,13887,20.0
fourteam_move_prefix,3420,nvwgf2um.dll!OpenAdapter10+0x74e9d,3,0.0216,13887,20.0
fourteam_move_prefix,3420,d3d11.dll!CreateDirect3D11DeviceFromDXGIDevice+0x9a900,3,0.0216,13887,20.0
fourteam_move_prefix,3420,nvwgf2um.dll!OpenAdapter10+0x3fa,3,0.0216,13887,20.0
fourteam_move_prefix,3420,RenderSystem_Direct3D11.dll!?getMonitorSequentialNumberFromSwapChain@MonitorInfo@Ogre@@QAEGPAUIDXGISwapChain@@_N@Z+0x298c,3,0.0216,13887,20.0
fourteam_move_prefix,3420,OgreMain.dll!?_detectImplementation@OptimisedUtil@Ogre@@KAPAV12@XZ+0x44fc,3,0.0216,13887,20.0
fourteam_move_prefix,3420,OgreMain.dll!?getLodLevel@Mesh@Ogre@@QBEABUMeshLodUsage@2@G@Z+0x72,3,0.0216,13887,20.0
fourteam_move_prefix,3420,OgreMain.dll!?getBoundingBox@Entity@Ogre@@UBEABVAxisAlignedBox@2@XZ+0x8e3,3,0.0216,13887,20.0
fourteam_move_prefix,3420,ucrtbase.dll!_tolower+0x11,3,0.0216,13887,20.0
fourteam_move_prefix,3420,d3d11.dll!D3D11CoreCreateLayeredDevice+0xbc34,3,0.0216,13887,20.0
fourteam_move_prefix,3420,RenderSystem_Direct3D11.dll!?bindGpuProgram@D3D11RenderSystem@Ogre@@UAEXPAVGpuProgram@2@@Z+0xbe,3,0.0216,13887,20.0
fourteam_move_prefix,3420,OgreMain.dll!?_updateAutoParams@GpuProgramParameters@Ogre@@QAEXPBVAutoParamDataSource@2@G@Z+0x1332,3,0.0216,13887,20.0
fourteam_move_prefix,3420,ntdll.dll!__output_l+0xa6,3,0.0216,13887,20.0
fourteam_move_prefix,3420,OgreMain.dll!?_updateAutoParams@GpuProgramParameters@Ogre@@QAEXPBVAutoParamDataSource@2@G@Z+0x4a,3,0.0216,13887,20.0
fourteam_move_prefix,3420,OgreMain.dll!?setCurrentRenderable@AutoParamDataSource@Ogre@@UAEXPBVRenderable@2@@Z+0x57,3,0.0216,13887,20.0
fourteam_move_prefix,3420,OgreMain.dll!?isVisible@ShadowRenderable@Ogre@@UBE_NXZ+0x21c,3,0.0216,13887,20.0
fourteam_move_prefix,3420,d3d11.dll+0x31a70,3,0.0216,13887,20.0
fourteam_move_prefix,3420,ntdll.dll!__vsnwprintf_l+0xc,3,0.0216,13887,20.0
fourteam_move_prefix,3420,OgreMain.dll!?createTechnique@Material@Ogre@@QAEPAVTechnique@2@XZ+0xa35,3,0.0216,13887,20.0
fourteam_move_prefix,3420,OgreMain.dll!??4GpuSharedParametersUsage@Ogre@@QAEAAV01@ABV01@@Z+0x2735,3,0.0216,13887,20.0
fourteam_move_prefix,3420,OgreMain.dll+0x13ba6,3,0.0216,13887,20.0
fourteam_move_prefix,3420,ntdll.dll!write_char+0x3,3,0.0216,13887,20.0
fourteam_move_prefix,3420,ntdll.dll!_RtlQueryPerformanceCounter@4+0xb0,3,0.0216,13887,20.0
fourteam_move_prefix,3420,OgreMain.dll!?update@RenderTarget@Ogre@@UAEX_N@Z+0xe,3,0.0216,13887,20.0
fourteam_move_prefix,3420,OgreMain.dll!?updateStats@RenderTarget@Ogre@@MAEXXZ+0x13,3,0.0216,13887,20.0
fourteam_move_prefix,3420,d3d11.dll!CreateDirect3D11DeviceFromDXGIDevice+0xa2020,3,0.0216,13887,20.0
fourteam_move_prefix,3420,RenderSystem_Direct3D11.dll!?copyDataImpl@D3D11HardwareBuffer@Ogre@@QAEXAAVHardwareBuffer@2@III_N@Z+0x73,3,0.0216,13887,20.0
fourteam_move_prefix,3420,OgreMain.dll!?softwareVertexBlend@Mesh@Ogre@@SAXPBVVertexData@2@0PBQBVMatrix4@2@I_N@Z+0x392,3,0.0216,13887,20.0
fourteam_move_prefix,3420,RenderSystem_Direct3D11.dll!?_updateFromShadow@D3D11HardwareBuffer@Ogre@@UAEXXZ+0x42,3,0.0216,13887,20.0
fourteam_move_prefix,3420,d3d11.dll!CreateDirect3D11DeviceFromDXGIDevice+0xc4913,3,0.0216,13887,20.0
fourteam_move_prefix,3420,d3d11.dll+0x2b35b,3,0.0216,13887,20.0
fourteam_move_prefix,3420,OgreMain.dll+0x2b620,3,0.0216,13887,20.0
fourteam_move_prefix,3420,OgreMain.dll!?_writeRawConstants@GpuProgramParameters@Ogre@@QAEXIPBMI@Z+0x13,3,0.0216,13887,20.0
fourteam_move_prefix,3420,d3d11.dll!CreateDirect3D11DeviceFromDXGIDevice+0xbbf73,3,0.0216,13887,20.0
fourteam_move_prefix,3420,OgreMain.dll!?renderSingleObject@SceneManager@Ogre@@MAEXPAVRenderable@2@PBVPass@2@_N2PBV?$HashedVector@PAVLight@Ogre@@@2@@Z+0x1cb,3,0.0216,13887,20.0
fourteam_move_prefix,3420,ntdll.dll!_RtlLeaveCriticalSection@4+0x2e,3,0.0216,13887,20.0
fourteam_move_prefix,3420,OgreMain.dll+0x6be5,3,0.0216,13887,20.0
fourteam_move_prefix,3420,OgreMain.dll!?getSpotlightParams@AutoParamDataSource@Ogre@@UBE?AVVector4@2@I@Z,3,0.0216,13887,20.0
fourteam_move_prefix,3420,OgreMain.dll!?getVisibilityFlags@MovableObject@Ogre@@UBEIXZ,3,0.0216,13887,20.0
fourteam_move_prefix,3420,MSVCR120.dll!rand,3,0.0216,13887,20.0
fourteam_move_prefix,3420,ntdll.dll!__output_l+0x135,3,0.0216,13887,20.0
fourteam_move_prefix,3420,OgreMain.dll!?_updateAutoParams@GpuProgramParameters@Ogre@@QAEXPBVAutoParamDataSource@2@G@Z+0x1f30,3,0.0216,13887,20.0
fourteam_move_prefix,3420,nvwgf2um.dll!OpenAdapter10+0x726e0,3,0.0216,13887,20.0
fourteam_move_prefix,3420,OgreMain.dll!?_getCurrentSceneManager@Root@Ogre@@QBEPAVSceneManager@2@XZ+0x50,3,0.0216,13887,20.0
fourteam_move_prefix,3420,OgreMain.dll!?angleBetween@Vector3@Ogre@@QBE?AVRadian@2@ABV12@@Z+0x3a,3,0.0216,13887,20.0
fourteam_move_prefix,3420,OgreMain.dll!?isHardwareAnimationEnabled@Entity@Ogre@@QAE_NXZ+0x3f,3,0.0216,13887,20.0
fourteam_move_prefix,3420,OgreMain.dll!?getDerivedPosition@Light@Ogre@@QBEABVVector3@2@_N@Z+0x8,3,0.0216,13887,20.0
fourteam_move_prefix,3420,ntdll.dll!__woutput_l+0x86b,3,0.0216,13887,20.0
fourteam_move_prefix,3420,OgreMain.dll!?isShadowTechniqueTextureBased@SceneManager@Ogre@@UBE_NXZ,3,0.0216,13887,20.0
fourteam_move_prefix,3420,RenderSystem_Direct3D11.dll+0x3242,3,0.0216,13887,20.0
fourteam_move_prefix,3420,OgreMain.dll!?_writeRawConstants@GpuProgramParameters@Ogre@@QAEXIPBMI@Z+0xd,3,0.0216,13887,20.0
fourteam_move_prefix,3420,MSVCR120.dll!_fdtest+0x10,3,0.0216,13887,20.0
fourteam_move_prefix,3420,OgreMain.dll!?updateFrustum@Frustum@Ogre@@MBEXXZ+0xf,3,0.0216,13887,20.0
fourteam_move_prefix,3420,OgreMain.dll!?updatePoint@RotationalSpline@Ogre@@QAEXGABVQuaternion@2@@Z+0x1163,3,0.0216,13887,20.0
fourteam_move_prefix,3420,OgreMain.dll!?getBoundingBox@Entity@Ogre@@UBEABVAxisAlignedBox@2@XZ+0x8d4,3,0.0216,13887,20.0
fourteam_move_prefix,3420,OgreMain.dll!?update@Light@Ogre@@MBEXXZ+0x7,3,0.0216,13887,20.0
fourteam_move_prefix,3420,battlezone98redux.exe!sub_46acc0,3,0.0216,13887,20.0
fourteam_move_prefix,3420,nvwgf2um.dll!OpenAdapter10+0x726e1,3,0.0216,13887,20.0
fourteam_move_prefix,3420,d3d11.dll+0x2b56b,3,0.0216,13887,20.0
fourteam_move_prefix,3420,d3d11.dll!D3D11CoreCreateDevice+0x3b3a,3,0.0216,13887,20.0
fourteam_move_prefix,3420,MSVCR120.dll!_gmtime64+0x18,3,0.0216,13887,20.0
fourteam_move_prefix,3420,RenderSystem_Direct3D11.dll!?getMonitorSequentialNumberFromSwapChain@MonitorInfo@Ogre@@QAEGPAUIDXGISwapChain@@_N@Z+0x2f08,3,0.0216,13887,20.0
fourteam_move_prefix,3420,OgreMain.dll!??4GpuSharedParametersUsage@Ogre@@QAEAAV01@ABV01@@Z+0x274f,3,0.0216,13887,20.0
fourteam_move_prefix,3420,OgreMain.dll!?updatePoint@RotationalSpline@Ogre@@QAEXGABVQuaternion@2@@Z+0x9e39,3,0.0216,13887,20.0
fourteam_move_prefix,3420,nvwgf2um.dll!OpenAdapter10+0x74e67,3,0.0216,13887,20.0
fourteam_move_prefix,3420,d3d11.dll+0x35ec1,3,0.0216,13887,20.0
fourteam_move_prefix,3420,OgreMain.dll!?getWorldViewMatrix@AutoParamDataSource@Ogre@@UBEABVMatrix4@2@XZ+0x45,3,0.0216,13887,20.0
fourteam_move_prefix,3420,RenderSystem_Direct3D11.dll!?_render@D3D11RenderSystem@Ogre@@UAEXABVRenderOperation@2@@Z+0x1859,3,0.0216,13887,20.0
fourteam_move_prefix,3420,battlezone98redux.exe!sub_453d10,3,0.0216,13887,20.0
fourteam_move_prefix,3420,battlezone98redux.exe!sub_5b2c30,3,0.0216,13887,20.0
fourteam_move_prefix,3420,OgreMain.dll!?angleBetween@Vector3@Ogre@@QBE?AVRadian@2@ABV12@@Z+0xd8,3,0.0216,13887,20.0
fourteam_move_prefix,3420,RenderSystem_Direct3D11.dll!?clearFrameBuffer@D3D11RenderSystem@Ogre@@UAEXIABVColourValue@2@MG@Z+0x119,3,0.0216,13887,20.0
fourteam_move_prefix,3420,d3d11.dll!D3D11CoreCreateDevice+0x41fb,3,0.0216,13887,20.0
fourteam_move_prefix,3420,d3d11.dll!D3D11CoreCreateLayeredDevice+0x9901,3,0.0216,13887,20.0
fourteam_move_prefix,3420,OgreMain.dll!?getQueueGroup@RenderQueue@Ogre@@QAEPAVRenderQueueGroup@2@E@Z+0x39,3,0.0216,13887,20.0
fourteam_move_prefix,3420,OgreMain.dll!?_findNamedConstantDefinition@GpuProgramParameters@Ogre@@QBEPBUGpuConstantDefinition@2@ABV?$basic_string@DU?$char_traits@D@std@@V?$allocator@D@2@@std@@_N@Z+0xba,3,0.0216,13887,20.0
fourteam_move_prefix,3420,OgreMain.dll!?setAnimationState@Skeleton@Ogre@@UAEXABVAnimationStateSet@2@@Z+0x15,3,0.0216,13887,20.0
fourteam_move_prefix,3420,battlezone98redux.exe!destroy<>,3,0.0216,13887,20.0
fourteam_move_prefix,3420,battlezone98redux.exe!sub_4cbb80,3,0.0216,13887,20.0
fourteam_move_prefix,3420,OgreMain.dll+0x2d312,3,0.0216,13887,20.0
fourteam_move_prefix,3420,ntdll.dll!_RtlpAbAllocateLockEntry@0+0x16,3,0.0216,13887,20.0
fourteam_move_prefix,3420,OgreMain.dll!?setWorldMatrices@AutoParamDataSource@Ogre@@UAEXPBVMatrix4@2@I@Z+0x1,3,0.0216,13887,20.0
fourteam_move_prefix,3420,OgreMain.dll!?angleBetween@Vector3@Ogre@@QBE?AVRadian@2@ABV12@@Z+0xe3,3,0.0216,13887,20.0
fourteam_move_prefix,3420,d3d11.dll+0x30d37,3,0.0216,13887,20.0
fourteam_move_prefix,3420,OgreMain.dll!?updateAnimation@Entity@Ogre@@IAEXXZ+0x3eb,3,0.0216,13887,20.0
fourteam_move_prefix,3420,MSVCR120.dll!??0scoped_lock_read@reader_writer_lock@Concurrency@@QAE@AAV12@@Z+0x7a1,3,0.0216,13887,20.0
fourteam_move_prefix,3420,battlezone98redux.exe!sub_4ea300,3,0.0216,13887,20.0
fourteam_move_prefix,3420,nvwgf2um.dll!NVENCODEAPI_Thunk+0x3fb4a,3,0.0216,13887,20.0
fourteam_move_prefix,3420,RenderSystem_Direct3D11.dll!?lock@D3D11HardwareUniformBuffer@Ogre@@UAEPAXIIW4LockOptions@HardwareBuffer@2@W4UploadOptions@42@@Z,3,0.0216,13887,20.0
fourteam_move_prefix,3420,OgreMain.dll!?load@Resource@Ogre@@UAEX_N@Z+0x17,3,0.0216,13887,20.0
fourteam_move_prefix,3420,OgreMain.dll!?_writeRawConstants@GpuProgramParameters@Ogre@@QAEXIPBMI@Z+0x6,3,0.0216,13887,20.0
fourteam_move_prefix,3420,ntdll.dll!_LdrpResolveProcedureAddress@24+0x9f,3,0.0216,13887,20.0
fourteam_move_prefix,3420,ntdll.dll!_LdrpGetProcedureAddress@16+0x63,3,0.0216,13887,20.0
fourteam_move_prefix,3420,ntdll.dll!_LdrGetProcedureAddressForCaller@24+0x37c,3,0.0216,13887,20.0
fourteam_move_prefix,3420,OgreMain.dll!?allocatePolygon@ConvexBody@Ogre@@KAPAVPolygon@2@XZ+0xa1,3,0.0216,13887,20.0
fourteam_move_prefix,3420,d3d11.dll!D3D11CoreCreateDevice+0x8ac4,3,0.0216,13887,20.0
fourteam_move_prefix,3420,OgreMain.dll+0x1bc48,3,0.0216,13887,20.0
fourteam_move_prefix,3420,OgreMain.dll!?_updateBounds@SceneNode@Ogre@@UAEXXZ+0x2d4,3,0.0216,13887,20.0
fourteam_move_prefix,3420,battlezone98redux.exe!sub_684c10,3,0.0216,13887,20.0
fourteam_move_prefix,3420,OgreMain.dll!??4GpuSharedParametersUsage@Ogre@@QAEAAV01@ABV01@@Z+0x2714,3,0.0216,13887,20.0
fourteam_move_prefix,3420,OgreMain.dll!?waitForNextRequest@DefaultWorkQueue@Ogre@@MAEXXZ+0x11d906,3,0.0216,13887,20.0
fourteam_move_prefix,3420,OgreMain.dll!?updatePoint@RotationalSpline@Ogre@@QAEXGABVQuaternion@2@@Z+0x10b72,3,0.0216,13887,20.0
fourteam_move_prefix,3420,OgreMain.dll!?getBestTechnique@Material@Ogre@@QAEPAVTechnique@2@GPBVRenderable@2@@Z+0xb5,3,0.0216,13887,20.0
fourteam_move_prefix,3420,OgreMain.dll!?getSpotlightParams@AutoParamDataSource@Ogre@@UBE?AVVector4@2@I@Z+0x1b,3,0.0216,13887,20.0
fourteam_move_prefix,3420,ntdll.dll!_RtlpAbAllocateLockEntry@0+0xe,3,0.0216,13887,20.0
fourteam_move_prefix,3420,OgreMain.dll!?update@Light@Ogre@@MBEXXZ+0x132,3,0.0216,13887,20.0
fourteam_move_prefix,3420,RenderSystem_Direct3D11.dll!?_render@D3D11RenderSystem@Ogre@@UAEXABVRenderOperation@2@@Z+0xa4e,3,0.0216,13887,20.0
fourteam_move_prefix,3420,battlezone98redux.exe!sub_4178a0,3,0.0216,13887,20.0
fourteam_move_prefix,3420,OgreMain.dll!?FastHash@Ogre@@YAIPBDHI@Z+0xb0,3,0.0216,13887,20.0
fourteam_move_prefix,3420,OgreMain.dll!?getQueueGroup@RenderQueue@Ogre@@QAEPAVRenderQueueGroup@2@E@Z+0xe4,3,0.0216,13887,20.0
fourteam_move_prefix,3420,battlezone98redux.exe!sub_666980,3,0.0216,13887,20.0
fourteam_move_prefix,3420,battlezone98redux.exe!sub_433890,3,0.0216,13887,20.0
fourteam_move_prefix,3420,RenderSystem_Direct3D11.dll!?getConstantBuffer@D3D11HLSLProgram@Ogre@@QAEPAUID3D11Buffer@@V?$SharedPtr@VGpuProgramParameters@Ogre@@@2@G@Z+0x35,3,0.0216,13887,20.0
fourteam_move_prefix,3420,d3d11.dll+0x30e12,3,0.0216,13887,20.0
fourteam_move_prefix,3420,RenderSystem_Direct3D11.dll!?unlock@D3D11HardwareUniformBuffer@Ogre@@UAEXXZ,3,0.0216,13887,20.0
fourteam_move_prefix,3420,d3d11.dll!D3D11CoreCreateLayeredDevice+0x13092,3,0.0216,13887,20.0
fourteam_move_prefix,3420,d3d11.dll!D3D11CoreCreateDevice+0x9712,3,0.0216,13887,20.0
fourteam_move_prefix,3420,OgreMain.dll!?clip@ConvexBody@Ogre@@QAEXABVPlane@2@_N@Z+0xd7,3,0.0216,13887,20.0
fourteam_move_prefix,3420,OgreMain.dll+0x1fc30,3,0.0216,13887,20.0
fourteam_move_prefix,3420,battlezone98redux.exe!sub_4624d0,3,0.0216,13887,20.0
fourteam_move_prefix,3420,OgreMain.dll!?getShadowCamera@LiSPSMShadowCameraSetup@Ogre@@UBEXPBVSceneManager@2@PBVCamera@2@PBVViewport@2@PBVLight@2@PAV42@I@Z+0x147e,3,0.0216,13887,20.0
fourteam_move_prefix,3420,OgreMain.dll!?ASin@Math@Ogre@@SA?AVRadian@2@M@Z+0xf,3,0.0216,13887,20.0
fourteam_move_prefix,3420,OgreMain.dll!?queryLights@MovableObject@Ogre@@UBEABV?$HashedVector@PAVLight@Ogre@@@2@XZ+0x4f,3,0.0216,13887,20.0
fourteam_move_prefix,3420,RenderSystem_Direct3D11.dll!?lock@D3D11HardwareUniformBuffer@Ogre@@UAEPAXIIW4LockOptions@HardwareBuffer@2@W4UploadOptions@42@@Z+0x8,3,0.0216,13887,20.0
fourteam_move_prefix,3420,OgreMain.dll!?_writeRawConstant@GpuProgramParameters@Ogre@@QAEXIABVColourValue@2@I@Z+0x1,3,0.0216,13887,20.0
fourteam_move_prefix,3420,battlezone98redux.exe!sub_422e80,3,0.0216,13887,20.0
fourteam_move_prefix,3420,nvwgf2um.dll!NVENCODEAPI_Thunk+0x53f5f,3,0.0216,13887,20.0
fourteam_move_prefix,3420,OgreMain.dll!?build@PointListBody@FocusedShadowCameraSetup@Ogre@@QAEXABVConvexBody@3@_N@Z+0x194,3,0.0216,13887,20.0
fourteam_move_prefix,3420,battlezone98redux.exe!basic_string<>,3,0.0216,13887,20.0
fourteam_move_prefix,3420,OgreMain.dll!?_updateAutoParams@GpuProgramParameters@Ogre@@QAEXPBVAutoParamDataSource@2@G@Z+0x1eb8,3,0.0216,13887,20.0
fourteam_move_prefix,3420,RenderSystem_Direct3D11.dll!?getConstantBuffer@D3D11HLSLProgram@Ogre@@QAEPAUID3D11Buffer@@V?$SharedPtr@VGpuProgramParameters@Ogre@@@2@G@Z+0x9c,3,0.0216,13887,20.0
fourteam_move_prefix,3420,OgreMain.dll!?_update@Node@Ogre@@UAEX_N0@Z+0x7f,3,0.0216,13887,20.0
fourteam_move_prefix,3420,OgreMain.dll!?_updateFromParent@Node@Ogre@@MBEXXZ+0x8,3,0.0216,13887,20.0
fourteam_move_prefix,3420,OgreMain.dll!?_notifyCurrentCamera@Entity@Ogre@@UAEXPAVCamera@2@@Z+0x1c9,3,0.0216,13887,20.0
fourteam_move_prefix,3420,OgreMain.dll!?_notifyEntityMaterialLodChanged@SceneManager@Ogre@@QAEXAAUEntityMaterialLodChangedEvent@2@@Z+0x11,3,0.0216,13887,20.0
fourteam_move_prefix,3420,OgreMain.dll+0x3db86,3,0.0216,13887,20.0
fourteam_move_prefix,3420,RenderSystem_Direct3D11.dll!?setVertexBufferBinding@D3D11RenderSystem@Ogre@@UAEXPAVVertexBufferBinding@2@@Z+0x118,3,0.0216,13887,20.0
fourteam_move_prefix,3420,RenderSystem_Direct3D11.dll!?getMonitorSequentialNumberFromSwapChain@MonitorInfo@Ogre@@QAEGPAUIDXGISwapChain@@_N@Z+0x1142,3,0.0216,13887,20.0
fourteam_move_prefix,3420,d3d11.dll!D3D11CoreCreateLayeredDevice+0x2a40,3,0.0216,13887,20.0
fourteam_move_prefix,3420,RenderSystem_Direct3D11.dll!??0D3D11RenderWindowSwapChainBased@Ogre@@QAE@ABV01@@Z+0x322,3,0.0216,13887,20.0
fourteam_move_prefix,3420,OgreMain.dll!?getDistance@Plane@Ogre@@QBEMABVVector3@2@@Z+0x1c,3,0.0216,13887,20.0
fourteam_move_prefix,3420,MSVCR120.dll!__libm_sse2_cosf,3,0.0216,13887,20.0
fourteam_move_prefix,3420,OgreMain.dll!?waitForNextRequest@DefaultWorkQueue@Ogre@@MAEXXZ+0x11ce58,3,0.0216,13887,20.0
fourteam_move_prefix,3420,OgreMain.dll!?resetViewProjMode@SceneManager@Ogre@@MAEX_N@Z,3,0.0216,13887,20.0
fourteam_move_prefix,3420,OgreMain.dll!?isVisible@Frustum@Ogre@@UBE_NABVAxisAlignedBox@2@PAW4FrustumPlane@2@@Z+0xd,3,0.0216,13887,20.0
fourteam_move_prefix,3420,d3d11.dll!CreateDirect3D11DeviceFromDXGIDevice+0xa5745,3,0.0216,13887,20.0
fourteam_move_prefix,3420,d3d11.dll!CreateDirect3D11DeviceFromDXGIDevice+0xbbe36,3,0.0216,13887,20.0
fourteam_move_prefix,3420,RenderSystem_Direct3D11.dll!?clearFrameBuffer@D3D11RenderSystem@Ogre@@UAEXIABVColourValue@2@MG@Z+0x195,3,0.0216,13887,20.0
fourteam_move_prefix,3420,OgreMain.dll!?isVisible@ShadowRenderable@Ogre@@UBE_NXZ+0x234,3,0.0216,13887,20.0
fourteam_move_prefix,3420,d3d11.dll!D3D11CoreCreateDevice+0xa260,3,0.0216,13887,20.0
fourteam_move_prefix,3420,OgreMain.dll!?getShadowCamera@LiSPSMShadowCameraSetup@Ogre@@UBEXPBVSceneManager@2@PBVCamera@2@PBVViewport@2@PBVLight@2@PAV42@I@Z+0x1d27,3,0.0216,13887,20.0
fourteam_move_prefix,3420,MSVCR120.dll!fprintf+0xbd,3,0.0216,13887,20.0
fourteam_move_prefix,3420,WINMM.dll@6e1d0000!BZROpenShim::`anonymous namespace'::InvokeNativeSaveGame+0x48,3,0.0216,13887,20.0
fourteam_move_prefix,3420,battlezone98redux.exe!sub_4cd360,3,0.0216,13887,20.0
fourteam_move_prefix,3420,battlezone98redux.exe!sub_4fd190,3,0.0216,13887,20.0
fourteam_move_prefix,3420,WINMM.dll@6e1d0000!BZROpenShim::AutoSaveTick+0x183,3,0.0216,13887,20.0
fourteam_move_prefix,3420,WINMM.dll@6e1d0000!BZROpenShim::`anonymous namespace'::PerformAutoSave+0x15e,3,0.0216,13887,20.0
fourteam_move_prefix,3420,KERNEL32.DLL!FlsGetValue+0x3d,3,0.0216,13887,20.0
fourteam_move_prefix,3420,battlezone98redux.exe!sub_67a150,3,0.0216,13887,20.0
fourteam_move_prefix,3420,OgreMain.dll+0x1f7f3,3,0.0216,13887,20.0
fourteam_move_prefix,3420,OgreMain.dll!?getBestTechnique@Material@Ogre@@QAEPAVTechnique@2@GPBVRenderable@2@@Z+0x4f,3,0.0216,13887,20.0
fourteam_move_prefix,3420,MSVCR120.dll!__libm_sse2_asinf+0x210,3,0.0216,13887,20.0
fourteam_move_prefix,3420,battlezone98redux.exe!sub_44ff76,3,0.0216,13887,20.0
fourteam_move_prefix,3420,nvwgf2um.dll!NVENCODEAPI_Thunk+0x43db6,3,0.0216,13887,20.0
fourteam_move_prefix,3420,OgreMain.dll!?getTextureWorldViewProjMatrix@AutoParamDataSource@Ogre@@UBEABVMatrix4@2@I@Z+0x3f,3,0.0216,13887,20.0
fourteam_move_prefix,3420,nvwgf2um.dll!OpenAdapter10+0x77be1,3,0.0216,13887,20.0
fourteam_move_prefix,3420,OgreMain.dll!?renderSingleObject@SceneManager@Ogre@@MAEXPAVRenderable@2@PBVPass@2@_N2PBV?$HashedVector@PAVLight@Ogre@@@2@@Z+0x2b9,3,0.0216,13887,20.0
fourteam_move_prefix,3420,OgreMain.dll!?_populateLightList@SceneManager@Ogre@@UAEXABVVector3@2@MAAV?$HashedVector@PAVLight@Ogre@@@2@I@Z+0x14f,3,0.0216,13887,20.0
fourteam_move_prefix,3420,OgreMain.dll!?updateGpuProgramParameters@SceneManager@Ogre@@MAEXPBVPass@2@@Z+0xcb,3,0.0216,13887,20.0
fourteam_move_prefix,3420,OgreMain.dll!?getBestTechnique@Material@Ogre@@QAEPAVTechnique@2@GPBVRenderable@2@@Z+0x8d,3,0.0216,13887,20.0
fourteam_move_prefix,3420,ntdll.dll!_RtlLeaveCriticalSection@4+0x12,3,0.0216,13887,20.0
fourteam_move_prefix,3420,OgreMain.dll!?getResourceByName@ResourceManager@Ogre@@UAE?AV?$SharedPtr@VResource@Ogre@@@2@ABV?$basic_string@DU?$char_traits@D@std@@V?$allocator@D@2@@std@@0@Z+0x62,3,0.0216,13887,20.0
fourteam_move_prefix,3420,OgreMain.dll!?getWorldTransforms@SubEntity@Ogre@@UBEXPAVMatrix4@2@@Z+0xd4,3,0.0216,13887,20.0
fourteam_move_prefix,3420,OgreMain.dll!?lock@HardwareBuffer@Ogre@@QAEPAXW4LockOptions@12@W4UploadOptions@12@@Z+0x14,3,0.0216,13887,20.0
fourteam_move_prefix,3420,nvwgf2um.dll!SetDependencyInfo+0x4c489,3,0.0216,13887,20.0
fourteam_move_prefix,3420,d3d11.dll!CreateDirect3D11DeviceFromDXGIDevice+0x9abe3,3,0.0216,13887,20.0
fourteam_move_prefix,3420,battlezone98redux.exe!FID_conflict:operator==,3,0.0216,13887,20.0
fourteam_move_prefix,3420,battlezone98redux.exe!sub_608630,3,0.0216,13887,20.0
fourteam_move_prefix,3420,battlezone98redux.exe!sub_602420,3,0.0216,13887,20.0
fourteam_move_prefix,3420,ntdll.dll!__woutput_l+0xf7,3,0.0216,13887,20.0
fourteam_move_prefix,3420,OgreMain.dll!?updateFromParentImpl@SceneNode@Ogre@@MBEXXZ+0x9,3,0.0216,13887,20.0
fourteam_move_prefix,3420,OgreMain.dll+0x2f103,3,0.0216,13887,20.0
fourteam_move_prefix,3420,ntdll.dll!__woutput_l+0x38a,3,0.0216,13887,20.0
fourteam_move_prefix,3420,RenderSystem_Direct3D11.dll!?getMonitorSequentialNumberFromSwapChain@MonitorInfo@Ogre@@QAEGPAUIDXGISwapChain@@_N@Z+0x866,3,0.0216,13887,20.0
fourteam_move_prefix,3420,battlezone98redux.exe!sub_684ce0,3,0.0216,13887,20.0
fourteam_move_prefix,3420,battlezone98redux.exe!sub_48efc0,3,0.0216,13887,20.0
fourteam_move_prefix,3420,ntdll.dll!__aulldvrm+0x25,3,0.0216,13887,20.0
fourteam_move_prefix,3420,RenderSystem_Direct3D11.dll!?uninstall@D3D11Plugin@Ogre@@UAEXXZ+0xda0,3,0.0216,13887,20.0
fourteam_move_prefix,3420,OgreMain.dll!?Ogre_InterlockedIncrement64@InterlockedCompareExchange64Wrapper@Ogre@@SA_JPC_J@Z+0x11ad,3,0.0216,13887,20.0
fourteam_move_prefix,3420,d3d11.dll!CreateDirect3D11DeviceFromDXGIDevice+0x9f940,3,0.0216,13887,20.0
fourteam_move_prefix,3420,d3d11.dll!CreateDirect3D11DeviceFromDXGIDevice+0xbae64,3,0.0216,13887,20.0
fourteam_move_prefix,3420,battlezone98redux.exe!sub_44ef90,3,0.0216,13887,20.0
fourteam_move_prefix,3420,battlezone98redux.exe!sub_44efd0,3,0.0216,13887,20.0
fourteam_move_prefix,3420,RenderSystem_Direct3D11.dll!?getCustomAttribute@D3D11RenderWindowHwnd@Ogre@@UAEXABV?$basic_string@DU?$char_traits@D@std@@V?$allocator@D@2@@std@@PAX@Z+0x63,3,0.0216,13887,20.0
fourteam_move_prefix,3420,OgreMain.dll!?setCurrentLightList@AutoParamDataSource@Ogre@@UAEXPBV?$HashedVector@PAVLight@Ogre@@@2@@Z+0x43,3,0.0216,13887,20.0
fourteam_move_prefix,3420,OgreMain.dll!?clone@Animation@Ogre@@QBEPAV12@ABV?$basic_string@DU?$char_traits@D@std@@V?$allocator@D@2@@std@@@Z+0x32e,3,0.0216,13887,20.0
fourteam_move_prefix,3420,d3d11.dll!CreateDirect3D11DeviceFromDXGIDevice+0x9ac5e,3,0.0216,13887,20.0
fourteam_move_prefix,3420,battlezone98redux.exe!sub_6d2040,3,0.0216,13887,20.0
fourteam_move_prefix,3420,battlezone98redux.exe!sub_6c9ab0,3,0.0216,13887,20.0
fourteam_move_prefix,3420,battlezone98redux.exe!sub_6b2960,3,0.0216,13887,20.0
fourteam_move_prefix,3420,battlezone98redux.exe!sub_6ce4a0,3,0.0216,13887,20.0
fourteam_move_prefix,3420,OgreMain.dll!?normalise@Vector3@Ogre@@QAEMXZ+0x10,3,0.0216,13887,20.0
fourteam_move_prefix,3420,OgreMain.dll!?getConstantDefinition@GpuProgramParameters@Ogre@@QBEABUGpuConstantDefinition@2@ABV?$basic_string@DU?$char_traits@D@std@@V?$allocator@D@2@@std@@@Z+0x35,3,0.0216,13887,20.0
fourteam_move_prefix,3420,OgreMain.dll!?isVisible@ShadowRenderable@Ogre@@UBE_NXZ+0x24d,3,0.0216,13887,20.0
fourteam_move_prefix,3420,OgreMain.dll!?createTechnique@Material@Ogre@@QAEPAVTechnique@2@XZ+0xa33,3,0.0216,13887,20.0
fourteam_move_prefix,3420,OgreMain.dll!??4GpuSharedParametersUsage@Ogre@@QAEAAV01@ABV01@@Z+0x2799,3,0.0216,13887,20.0
fourteam_move_prefix,3420,RenderSystem_Direct3D11.dll!?uninstall@D3D11Plugin@Ogre@@UAEXXZ+0x51a0,3,0.0216,13887,20.0
fourteam_move_prefix,3420,KERNELBASE.dll!LoadLibraryExA+0x58,3,0.0216,13887,20.0
fourteam_move_prefix,3420,OgreMain.dll!?_renderScene@Camera@Ogre@@QAEXPAVViewport@2@_N@Z+0xbf,3,0.0216,13887,20.0
fourteam_move_prefix,3420,d3d11.dll+0x2b4d4,3,0.0216,13887,20.0
fourteam_move_prefix,3420,battlezone98redux.exe!sub_68bf30,3,0.0216,13887,20.0
fourteam_move_prefix,3420,OgreMain.dll!?getWorldBoundingSphere@MovableObject@Ogre@@UBEABVSphere@2@_N@Z+0x4a,3,0.0216,13887,20.0
fourteam_move_prefix,3420,OgreMain.dll!?_calcTempSquareDist@Light@Ogre@@QAEXABVVector3@2@@Z+0x2c,3,0.0216,13887,20.0
fourteam_move_prefix,3420,OgreMain.dll+0x282bd,3,0.0216,13887,20.0
fourteam_move_prefix,3420,MSVCP120.dll!?do_put@?$num_put@DV?$ostreambuf_iterator@DU?$char_traits@D@std@@@std@@@std@@MBE?AV?$ostreambuf_iterator@DU?$char_traits@D@std@@@2@V32@AAVios_base@2@DK@Z+0x56,3,0.0216,13887,20.0
fourteam_move_prefix,3420,OgreMain.dll!?_writeRawConstants@GpuProgramParameters@Ogre@@QAEXIPBMI@Z,3,0.0216,13887,20.0
fourteam_move_prefix,3420,ntdll.dll!_RtlDeleteBoundaryDescriptor@4+0x18,3,0.0216,13887,20.0
fourteam_move_prefix,3420,ntdll.dll!_RtlFreeUnicodeString@4+0x17,3,0.0216,13887,20.0
fourteam_move_prefix,3420,RenderSystem_Direct3D11.dll!?getMonitorSequentialNumberFromSwapChain@MonitorInfo@Ogre@@QAEGPAUIDXGISwapChain@@_N@Z+0x2f10,3,0.0216,13887,20.0
fourteam_move_prefix,3420,OgreMain.dll!?_setPass@SceneManager@Ogre@@UAEPBVPass@2@PBV32@_N1@Z+0xa73,3,0.0216,13887,20.0
fourteam_move_prefix,3420,OgreMain.dll!?getLightAttenuation@AutoParamDataSource@Ogre@@UBE?AVVector4@2@I@Z+0x3e,3,0.0216,13887,20.0
fourteam_move_prefix,3420,Galaxy.dll!?ResetInstance@GalaxyFactory@api@galaxy@@SAXXZ+0x1d0eb,3,0.0216,13887,20.0
fourteam_move_prefix,3420,RenderSystem_Direct3D11.dll!?createImpl@D3D11GpuProgramManager@Ogre@@MAEPAVResource@2@ABV?$basic_string@DU?$char_traits@D@std@@V?$allocator@D@2@@std@@_K0_NPAVManualResourceLoader@2@W4GpuProgramType@2@0@Z+0x613b,3,0.0216,13887,20.0
fourteam_move_prefix,3420,nvwgf2um.dll!NVENCODEAPI_Thunk+0x21761a,3,0.0216,13887,20.0
fourteam_move_prefix,3420,MSVCR120.dll!__libm_sse2_asinf+0x1f4,3,0.0216,13887,20.0
fourteam_move_prefix,3420,OgreMain.dll!?clone@Animation@Ogre@@QBEPAV12@ABV?$basic_string@DU?$char_traits@D@std@@V?$allocator@D@2@@std@@@Z+0x2f4,3,0.0216,13887,20.0
fourteam_move_prefix,3420,battlezone98redux.exe!sub_4227a0,3,0.0216,13887,20.0
fourteam_move_prefix,3420,OgreMain.dll!?queryLights@MovableObject@Ogre@@UBEABV?$HashedVector@PAVLight@Ogre@@@2@XZ+0x1,3,0.0216,13887,20.0
fourteam_move_prefix,3420,OgreMain.dll!?renderSingleObject@SceneManager@Ogre@@MAEXPAVRenderable@2@PBVPass@2@_N2PBV?$HashedVector@PAVLight@Ogre@@@2@@Z+0x64,3,0.0216,13887,20.0
fourteam_move_prefix,3420,MSVCR120.dll!__libm_sse2_asinf+0xd6,3,0.0216,13887,20.0
fourteam_move_prefix,3420,OgreMain.dll!?normalise@Vector3@Ogre@@QAEMXZ+0x9,3,0.0216,13887,20.0
fourteam_move_prefix,3420,ntdll.dll!_KiUserCallbackDispatcher@12,3,0.0216,13887,20.0
fourteam_move_prefix,3420,nvwgf2um.dll!SetDependencyInfo+0x4b369,3,0.0216,13887,20.0
fourteam_move_prefix,3420,OgreMain.dll!?getDistance@Plane@Ogre@@QBEMABVVector3@2@@Z,3,0.0216,13887,20.0
fourteam_move_prefix,3420,KERNELBASE.dll!GetSystemInfo+0x4a,3,0.0216,13887,20.0
fourteam_move_prefix,3420,OgreMain.dll!?getLight@AutoParamDataSource@Ogre@@IBEABVLight@2@I@Z+0x16,3,0.0216,13887,20.0
fourteam_move_prefix,3420,ntdll.dll!__woutput_l+0x8b5,3,0.0216,13887,20.0
fourteam_move_prefix,3420,OgreMain.dll!?isVisible@Frustum@Ogre@@UBE_NABVAxisAlignedBox@2@PAW4FrustumPlane@2@@Z+0x76,3,0.0216,13887,20.0
fourteam_move_prefix,3420,OgreMain.dll!?lock@HardwareBuffer@Ogre@@UAEPAXIIW4LockOptions@12@W4UploadOptions@12@@Z+0x122,3,0.0216,13887,20.0
fourteam_move_prefix,3420,battlezone98redux.exe!FID_conflict:operator-=,3,0.0216,13887,20.0
fourteam_move_prefix,3420,battlezone98redux.exe!sub_4245c0,3,0.0216,13887,20.0
fourteam_move_prefix,3420,OgreMain.dll!?getLightDiffuseColourWithPower@AutoParamDataSource@Ogre@@UBE?BVColourValue@2@I@Z+0x3a,3,0.0216,13887,20.0
fourteam_move_prefix,3420,MSVCR120.dll!__libm_sse2_asinf+0x1c,3,0.0216,13887,20.0
fourteam_move_prefix,3420,OgreMain.dll!?angleBetween@Vector3@Ogre@@QBE?AVRadian@2@ABV12@@Z+0x6a,3,0.0216,13887,20.0
fourteam_move_prefix,3420,OgreMain.dll+0x4ae3,3,0.0216,13887,20.0
fourteam_move_prefix,3420,RenderSystem_Direct3D11.dll!?getConstantBuffer@D3D11HLSLProgram@Ogre@@QAEPAUID3D11Buffer@@V?$SharedPtr@VGpuProgramParameters@Ogre@@@2@G@Z+0x48,3,0.0216,13887,20.0
fourteam_move_prefix,3420,OgreMain.dll!?_detectImplementation@OptimisedUtil@Ogre@@KAPAV12@XZ+0x4630,3,0.0216,13887,20.0
fourteam_move_prefix,3420,OgreMain.dll!?softwareVertexBlend@Mesh@Ogre@@SAXPBVVertexData@2@0PBQBVMatrix4@2@I_N@Z+0x2d9,3,0.0216,13887,20.0
fourteam_move_prefix,3420,MSVCR120.dll!__libm_sse2_cosf+0x7c,3,0.0216,13887,20.0
fourteam_move_prefix,3420,RenderSystem_Direct3D11.dll!?getD3DVertexBuffer@D3D11HardwareVertexBuffer@Ogre@@QBEPAUID3D11Buffer@@XZ+0x3,3,0.0216,13887,20.0
fourteam_move_prefix,3420,RenderSystem_Direct3D11.dll!?getD3DConstantBuffer@D3D11HardwareUniformBuffer@Ogre@@QBEPAUID3D11Buffer@@XZ+0x6,3,0.0216,13887,20.0
fourteam_move_prefix,3420,ntdll.dll!__aulldvrm+0x1d,3,0.0216,13887,20.0
fourteam_move_prefix,3420,OgreMain.dll!?touch@Resource@Ogre@@UAEXXZ+0x17,3,0.0216,13887,20.0
fourteam_move_prefix,3420,RenderSystem_Direct3D11.dll!?throwIfFailed@D3D11Device@Ogre@@QAEXPBD0@Z+0x2de,3,0.0216,13887,20.0
fourteam_move_prefix,3420,OgreMain.dll!?clone@Animation@Ogre@@QBEPAV12@ABV?$basic_string@DU?$char_traits@D@std@@V?$allocator@D@2@@std@@@Z+0x2ce,3,0.0216,13887,20.0
fourteam_move_prefix,3420,nvwgf2um.dll!OpenAdapter10+0x74e6e,3,0.0216,13887,20.0
fourteam_move_prefix,3420,battlezone98redux.exe!sub_42d8c0,3,0.0216,13887,20.0
fourteam_move_prefix,3420,RenderSystem_Direct3D11.dll!?getMonitorSequentialNumberFromSwapChain@MonitorInfo@Ogre@@QAEGPAUIDXGISwapChain@@_N@Z+0xf44,3,0.0216,13887,20.0
fourteam_move_prefix,3420,OgreMain.dll!?getSide@Plane@Ogre@@QBE?AW4Side@12@ABVVector3@2@0@Z+0x64,3,0.0216,13887,20.0
fourteam_move_prefix,3420,MSVCR120.dll!memcpy+0x6,3,0.0216,13887,20.0
fourteam_move_prefix,3420,RenderSystem_Direct3D11.dll!?_render@D3D11RenderSystem@Ogre@@UAEXABVRenderOperation@2@@Z+0xc13,3,0.0216,13887,20.0
fourteam_move_prefix,3420,WINMM.dll@6e1d0000!BZROpenShim::`anonymous namespace'::RefreshHeadlightState+0x4c0,3,0.0216,13887,20.0
fourteam_move_prefix,3420,OgreMain.dll!?_detectImplementation@OptimisedUtil@Ogre@@KAPAV12@XZ+0x464e,3,0.0216,13887,20.0
fourteam_move_prefix,3420,MSVCR120.dll!__libm_sse2_asinf+0x1f0,3,0.0216,13887,20.0
fourteam_move_prefix,3420,dxgi.dll!CompatString+0x2159,3,0.0216,13887,20.0
fourteam_move_prefix,3420,OgreMain.dll!?_notifyCurrentCamera@Entity@Ogre@@UAEXPAVCamera@2@@Z+0x45,3,0.0216,13887,20.0
fourteam_move_prefix,3420,RenderSystem_Direct3D11.dll!?_setTexture@D3D11RenderSystem@Ogre@@UAEXI_NABV?$SharedPtr@VTexture@Ogre@@@2@@Z+0x94,3,0.0216,13887,20.0
fourteam_move_prefix,3420,OgreMain.dll+0x2b819,3,0.0216,13887,20.0
fourteam_move_prefix,3420,ntdll.dll!_RtlAbPostRelease@8+0x28,3,0.0216,13887,20.0
fourteam_move_prefix,3420,d3d11.dll+0x2b4da,3,0.0216,13887,20.0
fourteam_move_prefix,3420,OgreMain.dll!?_findNamedConstantDefinition@GpuProgramParameters@Ogre@@QBEPBUGpuConstantDefinition@2@ABV?$basic_string@DU?$char_traits@D@std@@V?$allocator@D@2@@std@@_N@Z+0x1b4,3,0.0216,13887,20.0
fourteam_move_prefix,3420,d3d11.dll!D3D11CoreCreateDevice+0x3482c,3,0.0216,13887,20.0
fourteam_move_prefix,3420,d3d11.dll+0x2c465,3,0.0216,13887,20.0
fourteam_move_prefix,3420,battlezone98redux.exe!sub_473890,3,0.0216,13887,20.0
fourteam_move_prefix,3420,battlezone98redux.exe!allocate,3,0.0216,13887,20.0
fourteam_move_prefix,3420,battlezone98redux.exe!construct<>,3,0.0216,13887,20.0
fourteam_move_prefix,3420,OgreMain.dll!?isHardwareAnimationEnabled@Entity@Ogre@@QAE_NXZ+0x8f,3,0.0216,13887,20.0
fourteam_move_prefix,3420,OgreMain.dll!?getShadowCamera@LiSPSMShadowCameraSetup@Ogre@@UBEXPBVSceneManager@2@PBVCamera@2@PBVViewport@2@PBVLight@2@PAV42@I@Z+0x52,3,0.0216,13887,20.0
fourteam_move_prefix,3420,MSVCR120.dll!__libm_sse2_asinf+0x78,3,0.0216,13887,20.0
fourteam_move_prefix,3420,battlezone98redux.exe!sub_6a3ad0,3,0.0216,13887,20.0
fourteam_move_prefix,3420,nvwgf2um.dll!SetDependencyInfo+0x358fb,3,0.0216,13887,20.0
fourteam_move_prefix,3420,OgreMain.dll!??4GpuSharedParametersUsage@Ogre@@QAEAAV01@ABV01@@Z+0x27a6,3,0.0216,13887,20.0
fourteam_move_prefix,3420,OgreMain.dll!?updateGpuProgramParameters@SceneManager@Ogre@@MAEXPBVPass@2@@Z+0x69,3,0.0216,13887,20.0
fourteam_move_prefix,3420,d3d11.dll+0x3164c,3,0.0216,13887,20.0
fourteam_move_prefix,3420,OgreMain.dll!?getManualBonesDirty@Skeleton@Ogre@@UBE_NXZ+0x6,3,0.0216,13887,20.0
fourteam_move_prefix,3420,OgreMain.dll!?getViewMatrix@Camera@Ogre@@QBEABVMatrix4@2@_N@Z+0x7,3,0.0216,13887,20.0
fourteam_move_prefix,3420,OgreMain.dll!?getTextureUnitStateIterator@Pass@Ogre@@QBE?AV?$ConstVectorIterator@V?$vector@PAVTextureUnitState@Ogre@@V?$STLAllocator@PAVTextureUnitState@Ogre@@V?$CategorisedAllocPolicy@$0A@@2@@2@@std@@@2@XZ+0x17,3,0.0216,13887,20.0
fourteam_move_prefix,3420,OgreMain.dll+0x2c20,3,0.0216,13887,20.0
fourteam_move_prefix,3420,MSVCR120.dll!__libm_sse2_acosf+0x11b,3,0.0216,13887,20.0
fourteam_move_prefix,3420,OgreMain.dll!?isInLightRange@Light@Ogre@@QBE_NABVSphere@2@@Z+0xe4,3,0.0216,13887,20.0
fourteam_move_prefix,3420,OgreMain.dll!?angleBetween@Vector3@Ogre@@QBE?AVRadian@2@ABV12@@Z+0x6e,3,0.0216,13887,20.0
fourteam_move_prefix,3420,nvwgf2um.dll!NVENCODEAPI_Thunk+0x68fce,3,0.0216,13887,20.0
fourteam_move_prefix,3420,nvwgf2um.dll!NVAPI_DirectMethods+0x60718,3,0.0216,13887,20.0
fourteam_move_prefix,3420,d3d11.dll!CreateDirect3D11DeviceFromDXGIDevice+0x9d997,3,0.0216,13887,20.0
fourteam_move_prefix,3420,battlezone98redux.exe!sub_417460,3,0.0216,13887,20.0
fourteam_move_prefix,3420,MSVCR120.dll!_strnicmp_l+0x1e,3,0.0216,13887,20.0
fourteam_move_prefix,3420,MSVCR120.dll!ceil+0x1b6,3,0.0216,13887,20.0
fourteam_move_prefix,3420,battlezone98redux.exe!sub_6a0e20,3,0.0216,13887,20.0
fourteam_move_prefix,3420,ntdll.dll!_RtlCustomCPToUnicodeN@24+0x104,3,0.0216,13887,20.0
fourteam_move_prefix,3420,OgreMain.dll!?clone@Animation@Ogre@@QBEPAV12@ABV?$basic_string@DU?$char_traits@D@std@@V?$allocator@D@2@@std@@@Z+0x277,3,0.0216,13887,20.0
fourteam_move_prefix,3420,OgreMain.dll!?softwareVertexBlend@Mesh@Ogre@@SAXPBVVertexData@2@0PBQBVMatrix4@2@I_N@Z+0x271,3,0.0216,13887,20.0
fourteam_move_prefix,3420,OgreMain.dll!?updatePoint@RotationalSpline@Ogre@@QAEXGABVQuaternion@2@@Z+0xdd3,3,0.0216,13887,20.0
fourteam_move_prefix,3420,OgreMain.dll!?findLightsAffectingFrustum@SceneManager@Ogre@@MAEXPBVCamera@2@@Z+0x24d,3,0.0216,13887,20.0
fourteam_move_prefix,3420,OgreMain.dll!?isInLightRange@Light@Ogre@@QBE_NABVSphere@2@@Z+0x4e,3,0.0216,13887,20.0
fourteam_move_prefix,3420,OgreMain.dll!?_findVisibleObjects@SceneNode@Ogre@@UAEXPAVCamera@2@PAVRenderQueue@2@PAUVisibleObjectsBoundsInfo@2@_N33@Z+0x68,3,0.0216,13887,20.0
fourteam_move_prefix,3420,battlezone98redux.exe!sub_784d10,3,0.0216,13887,20.0
fourteam_move_prefix,3420,d3d11.dll+0x30d7a,3,0.0216,13887,20.0
fourteam_move_prefix,3420,OgreMain.dll!?_updateAutoParams@GpuProgramParameters@Ogre@@QAEXPBVAutoParamDataSource@2@G@Z+0x1c20,3,0.0216,13887,20.0
fourteam_move_prefix,3420,battlezone98redux.exe!sub_62cc50,3,0.0216,13887,20.0
fourteam_move_prefix,3420,battlezone98redux.exe!sub_77c610,3,0.0216,13887,20.0
fourteam_move_prefix,3420,battlezone98redux.exe!sub_77bf30,3,0.0216,13887,20.0
fourteam_move_prefix,3420,battlezone98redux.exe!sub_778450,3,0.0216,13887,20.0
fourteam_move_prefix,3420,battlezone98redux.exe!swap<>,3,0.0216,13887,20.0
fourteam_move_prefix,3420,battlezone98redux.exe!Swap,3,0.0216,13887,20.0
fourteam_move_prefix,3420,OgreMain.dll!?getLightDirection@AutoParamDataSource@Ogre@@UBEABVVector3@2@I@Z+0xb,3,0.0216,13887,20.0
fourteam_move_prefix,3420,OgreMain.dll!?angleBetween@Vector3@Ogre@@QBE?AVRadian@2@ABV12@@Z+0x1c,3,0.0216,13887,20.0
fourteam_move_prefix,3420,ntdll.dll!_ZwQueryInformationThread@20+0xc,3,0.0216,13887,20.0
fourteam_move_prefix,3420,KERNEL32.DLL!FlsGetValue+0x1d,3,0.0216,13887,20.0
fourteam_move_prefix,3420,battlezone98redux.exe!sub_44fdc0,3,0.0216,13887,20.0
fourteam_move_prefix,3420,OgreMain.dll!?setOrientation@Node@Ogre@@UAEXABVQuaternion@2@@Z+0x27,3,0.0216,13887,20.0
fourteam_move_prefix,3420,battlezone98redux.exe!sub_462380,3,0.0216,13887,20.0
fourteam_move_prefix,3420,OgreMain.dll!?fireEvent@RenderSystem@Ogre@@MAEXABV?$basic_string@DU?$char_traits@D@std@@V?$allocator@D@2@@std@@PBV?$map@V?$basic_string@DU?$char_traits@D@std@@V?$allocator@D@2@@std@@V12@U?$less@V?$basic_string@DU?$char_traits@D@std@@V?$allocator@D@2@@std@@@2@V?$STLAllocator@U?$pair@$$CBV?$basic_string@DU?$char_traits@D@std@@V?$allocator@D@2@@std@@V12@@std@@V?$CategorisedAllocPolicy@$0A@@Ogre@@@Ogre@@@4@@Z+0x2a,3,0.0216,13887,20.0
fourteam_move_prefix,3420,battlezone98redux.exe!sub_416290,3,0.0216,13887,20.0
fourteam_move_prefix,3420,battlezone98redux.exe!sub_67ba10,3,0.0216,13887,20.0
fourteam_move_prefix,3420,OgreMain.dll!?_updateAutoParams@GpuProgramParameters@Ogre@@QAEXPBVAutoParamDataSource@2@G@Z+0x1,3,0.0216,13887,20.0
fourteam_move_prefix,3420,OgreMain.dll!?getWorldViewProjMatrix@AutoParamDataSource@Ogre@@UBEABVMatrix4@2@XZ,3,0.0216,13887,20.0
fourteam_move_prefix,3420,OgreMain.dll!?_updateBounds@SceneNode@Ogre@@UAEXXZ+0x29d,3,0.0216,13887,20.0
fourteam_move_prefix,3420,ntdll.dll!_RtlCustomCPToUnicodeN@24+0x43,3,0.0216,13887,20.0
fourteam_move_prefix,3420,OgreMain.dll!?merge@VisibleObjectsBoundsInfo@Ogre@@QAEXABVAxisAlignedBox@2@ABVSphere@2@PBVCamera@2@_N@Z+0x13d,3,0.0216,13887,20.0
fourteam_move_prefix,3420,OgreMain.dll!?addRenderable@RenderPriorityGroup@Ogre@@QAEXPAVRenderable@2@PAVTechnique@2@@Z+0x4d,3,0.0216,13887,20.0
fourteam_move_prefix,3420,OgreMain.dll!?getDistance@Plane@Ogre@@QBEMABVVector3@2@@Z+0x2f,3,0.0216,13887,20.0
fourteam_move_prefix,3420,KERNEL32.DLL!GetTickCount+0x7,3,0.0216,13887,20.0
fourteam_move_prefix,3420,OgreMain.dll!?hasViewRelativeTextureCoordinateGeneration@TextureUnitState@Ogre@@QBE_NXZ+0xdb,3,0.0216,13887,20.0
fourteam_move_prefix,3420,RenderSystem_Direct3D11.dll!?bindGpuProgramParameters@D3D11RenderSystem@Ogre@@UAEXW4GpuProgramType@2@V?$SharedPtr@VGpuProgramParameters@Ogre@@@2@G@Z,3,0.0216,13887,20.0
fourteam_move_prefix,3420,RenderSystem_Direct3D11.dll!?unlockImpl@D3D11HardwareBuffer@Ogre@@MAEXXZ+0x53,3,0.0216,13887,20.0
fourteam_move_prefix,3420,OgreMain.dll!?RealEqual@Math@Ogre@@SA_NMMM@Z+0x8,3,0.0216,13887,20.0
fourteam_move_prefix,3420,OgreMain.dll!?getBestTechnique@Material@Ogre@@QAEPAVTechnique@2@GPBVRenderable@2@@Z+0x27,3,0.0216,13887,20.0
fourteam_move_prefix,3420,d3d11.dll!CreateDirect3D11DeviceFromDXGIDevice+0x9f903,3,0.0216,13887,20.0
fourteam_move_prefix,3420,d3d11.dll+0x35e92,3,0.0216,13887,20.0
fourteam_move_prefix,3420,OgreMain.dll!?_updateBounds@SceneNode@Ogre@@UAEXXZ+0x283,3,0.0216,13887,20.0
fourteam_move_prefix,3420,ntdll.dll!write_char+0x8,3,0.0216,13887,20.0
fourteam_move_prefix,3420,battlezone98redux.exe!sub_6797a0,3,0.0216,13887,20.0
fourteam_move_prefix,3420,d3d11.dll+0x2b4c8,3,0.0216,13887,20.0
fourteam_move_prefix,3420,OgreMain.dll!?_detectImplementation@OptimisedUtil@Ogre@@KAPAV12@XZ+0x44b7,3,0.0216,13887,20.0
fourteam_move_prefix,3420,battlezone98redux.exe!sub_4c85a0,3,0.0216,13887,20.0
fourteam_move_prefix,3420,OgreMain.dll!?_fireFrameRenderingQueued@Root@Ogre@@QAE_NXZ+0x14,3,0.0216,13887,20.0
fourteam_move_prefix,3420,ntdll.dll!_RtlCustomCPToUnicodeN@24+0xc,3,0.0216,13887,20.0
fourteam_move_prefix,3420,OgreMain.dll!?_updateRenderQueue@Entity@Ogre@@UAEXPAVRenderQueue@2@@Z+0x118,3,0.0216,13887,20.0
fourteam_move_prefix,3420,d3d11.dll!D3D11CoreCreateDevice+0x2f204,3,0.0216,13887,20.0
fourteam_move_prefix,3420,OgreMain.dll!?_updateAutoParams@GpuProgramParameters@Ogre@@QAEXPBVAutoParamDataSource@2@G@Z+0x1efa,3,0.0216,13887,20.0
fourteam_move_prefix,3420,OgreMain.dll!??1QueuedRenderableCollection@Ogre@@QAE@XZ+0xb13,3,0.0216,13887,20.0
fourteam_move_prefix,3420,ntdll.dll!_LdrpLogInternal+0x45,3,0.0216,13887,20.0
fourteam_move_prefix,3420,OgreMain.dll!?getHalfSize@AxisAlignedBox@Ogre@@QBE?AVVector3@2@XZ+0x1,3,0.0216,13887,20.0
fourteam_move_prefix,3420,OgreMain.dll!?isViewOutOfDate@Camera@Ogre@@MBE_NXZ+0xa,3,0.0216,13887,20.0
fourteam_move_prefix,3420,battlezone98redux.exe!sub_41ff50,3,0.0216,13887,20.0
fourteam_move_prefix,3420,OgreMain.dll!?getLodStrategy@Mesh@Ogre@@QBEPBVLodStrategy@2@XZ+0x6,3,0.0216,13887,20.0
fourteam_move_prefix,3420,OgreMain.dll!?getLightAs4DVector@AutoParamDataSource@Ogre@@UBE?AVVector4@2@I@Z+0x12,3,0.0216,13887,20.0
fourteam_move_prefix,3420,OgreMain.dll!?isVisible@Frustum@Ogre@@UBE_NABVAxisAlignedBox@2@PAW4FrustumPlane@2@@Z,3,0.0216,13887,20.0
fourteam_move_prefix,3420,OgreMain.dll!?isFrustumOutOfDate@Frustum@Ogre@@MBE_NXZ+0x1,3,0.0216,13887,20.0
fourteam_move_prefix,3420,battlezone98redux.exe!sub_689a20,3,0.0216,13887,20.0
fourteam_move_prefix,3420,d3d11.dll!D3D11CoreCreateDevice+0x2eabd,3,0.0216,13887,20.0
fourteam_move_prefix,3420,RenderSystem_Direct3D11.dll!?lock@D3D11HardwareUniformBuffer@Ogre@@UAEPAXIIW4LockOptions@HardwareBuffer@2@W4UploadOptions@42@@Z+0x6,3,0.0216,13887,20.0
fourteam_move_prefix,3420,OgreMain.dll!?_WndProc@WindowEventUtilities@Ogre@@SGJPAUHWND__@@IIJ@Z+0x2bc,3,0.0216,13887,20.0
fourteam_move_prefix,3420,OgreMain.dll!?_updateBounds@SceneNode@Ogre@@UAEXXZ+0x2de,3,0.0216,13887,20.0
fourteam_move_prefix,3420,battlezone98redux.exe!sub_67a4d0,3,0.0216,13887,20.0
fourteam_move_prefix,3420,d3d11.dll!D3D11CoreCreateDevice+0x9768,3,0.0216,13887,20.0
fourteam_move_prefix,3420,OgreMain.dll!?addRenderable@RenderQueue@Ogre@@QAEXPAVRenderable@2@@Z+0x1,3,0.0216,13887,20.0
fourteam_move_prefix,3420,battlezone98redux.exe!sub_43c6e0,3,0.0216,13887,20.0
fourteam_move_prefix,3420,DSOUND.dll!GetDeviceID+0x1c39,3,0.0216,13887,20.0
fourteam_move_prefix,3420,OgreMain.dll!?findLightsAffectingFrustum@SceneManager@Ogre@@MAEXPBVCamera@2@@Z+0xd8,3,0.0216,13887,20.0
