label,thread,symbol,inclusive_samples,inclusive_percent,total_samples,window_seconds
fourteam_ai_prefix,31736,battlezone98redux.exe!sub_618270,14633,99.7002,14677,20.008
fourteam_ai_prefix,31736,battlezone98redux.exe!sub_618a40,14632,99.6934,14677,20.008
fourteam_ai_prefix,31736,battlezone98redux.exe!sub_619fc0,14630,99.6798,14677,20.008
fourteam_ai_prefix,31736,battlezone98redux.exe!sub_618ff0,14627,99.6593,14677,20.008
fourteam_ai_prefix,31736,battlezone98redux.exe!sub_618b10,14626,99.6525,14677,20.008
fourteam_ai_prefix,31736,battlezone98redux.exe!entry,14624,99.6389,14677,20.008
fourteam_ai_prefix,31736,battlezone98redux.exe!sub_618130,14615,99.5776,14677,20.008
fourteam_ai_prefix,31736,KERNEL32.DLL!BaseThreadInitThunk+0x19,14601,99.4822,14677,20.008
fourteam_ai_prefix,31736,ntdll.dll!___RtlUserThreadStart@8+0x2b,14590,99.4072,14677,20.008
fourteam_ai_prefix,31736,ntdll.dll!__RtlUserThreadStart@8+0x1b,14578,99.3255,14677,20.008
fourteam_ai_prefix,31736,battlezone98redux.exe!sub_6175c0,6099,41.5548,14677,20.008
fourteam_ai_prefix,31736,battlezone98redux.exe!sub_6176a0,6099,41.5548,14677,20.008
fourteam_ai_prefix,31736,battlezone98redux.exe!sub_4d4610,5369,36.581,14677,20.008
fourteam_ai_prefix,31736,OgreMain.dll!?renderOneFrame@Root@Ogre@@QAE_NXZ+0x17,5172,35.2388,14677,20.008
fourteam_ai_prefix,31736,battlezone98redux.exe!sub_451f80,4977,33.9102,14677,20.008
fourteam_ai_prefix,31736,RenderSystem_Direct3D11.dll!?_updateAllRenderTargets@D3D11RenderSystem@Ogre@@UAEX_N@Z+0x3e,4973,33.8829,14677,20.008
fourteam_ai_prefix,31736,OgreMain.dll!?_updateAllRenderTargets@RenderSystem@Ogre@@UAEX_N@Z+0x3d,4972,33.8761,14677,20.008
fourteam_ai_prefix,31736,OgreMain.dll!?_updateAllRenderTargets@Root@Ogre@@QAE_NXZ+0x17,4972,33.8761,14677,20.008
fourteam_ai_prefix,31736,OgreMain.dll!?updateImpl@RenderTarget@Ogre@@MAEXXZ+0x17,4956,33.7671,14677,20.008
fourteam_ai_prefix,31736,OgreMain.dll!?_updateAutoUpdatedViewports@RenderTarget@Ogre@@UAEX_N@Z+0x30,4955,33.7603,14677,20.008
fourteam_ai_prefix,31736,OgreMain.dll!?update@Viewport@Ogre@@QAEXXZ+0x23,4948,33.7126,14677,20.008
fourteam_ai_prefix,31736,OgreMain.dll!?_renderScene@Camera@Ogre@@QAEXPAVViewport@2@_N@Z+0xf3,4939,33.6513,14677,20.008
fourteam_ai_prefix,31736,OgreMain.dll!?updateImpl@RenderTarget@Ogre@@MAEXXZ+0xb,4770,32.4998,14677,20.008
fourteam_ai_prefix,31736,OgreMain.dll!?_beginUpdate@RenderTarget@Ogre@@UAEXXZ+0xb,4768,32.4862,14677,20.008
fourteam_ai_prefix,31736,OgreMain.dll!?preRenderTargetUpdate@CompositorChain@Ogre@@UAEXABURenderTargetEvent@2@@Z+0x6c,4767,32.4794,14677,20.008
fourteam_ai_prefix,31736,battlezone98redux.exe!sub_44e7f0,4515,30.7624,14677,20.008
fourteam_ai_prefix,31736,WINMM.dll@6e1d0000!BZROpenShim::`anonymous namespace'::EmissionLightStateHook+0xd,4395,29.9448,14677,20.008
fourteam_ai_prefix,31736,WINMM.dll@6e1d0000!BZROpenShim::`anonymous namespace'::GetHeadlightOgreApi+0x424,4346,29.611,14677,20.008
fourteam_ai_prefix,31736,KERNEL32.DLL!GetProcAddress+0x14,4343,29.5905,14677,20.008
fourteam_ai_prefix,31736,KERNELBASE.dll!GetProcAddressForCaller+0x4d,4256,28.9978,14677,20.008
fourteam_ai_prefix,31736,ntdll.dll!_LdrpLogInternal+0x27,4009,27.3148,14677,20.008
fourteam_ai_prefix,31736,ntdll.dll!_LdrpWriteToSnapsBuffer@16+0xc7,3807,25.9385,14677,20.008
fourteam_ai_prefix,31736,OgreMain.dll!?_renderScene@SceneManager@Ogre@@UAEXPAVCamera@2@PAVViewport@2@_N@Z+0x5c0,3119,21.2509,14677,20.008
fourteam_ai_prefix,31736,OgreMain.dll!?renderVisibleObjectsDefaultSequence@SceneManager@Ogre@@MAEXXZ+0xd0,2942,20.045,14677,20.008
fourteam_ai_prefix,31736,OgreMain.dll!?renderObjects@SceneManager@Ogre@@MAEXABVQueuedRenderableCollection@2@W4OrganisationMode@32@_N2PBV?$HashedVector@PAVLight@Ogre@@@2@@Z+0x45,2933,19.9836,14677,20.008
fourteam_ai_prefix,31736,OgreMain.dll!?acceptVisitor@QueuedRenderableCollection@Ogre@@QBEXPAVQueuedRenderableVisitor@2@W4OrganisationMode@12@@Z+0xf6,2631,17.926,14677,20.008
fourteam_ai_prefix,31736,OgreMain.dll!?acceptVisitorGrouped@QueuedRenderableCollection@Ogre@@IBEXPAVQueuedRenderableVisitor@2@@Z+0x6a,2539,17.2992,14677,20.008
fourteam_ai_prefix,31736,OgreMain.dll!?visit@SceneMgrQueuedRenderableVisitor@SceneManager@Ogre@@UAEXPAVRenderable@3@@Z+0x35,2531,17.2447,14677,20.008
fourteam_ai_prefix,31736,ntdll.dll!_LdrGetProcedureAddressForCaller@24+0x449,2515,17.1357,14677,20.008
fourteam_ai_prefix,31736,ntdll.dll!_LdrpReportError@12+0xfb,2416,16.4611,14677,20.008
fourteam_ai_prefix,31736,OgreMain.dll!?_renderQueueGroupObjects@SceneManager@Ogre@@UAEXPAVRenderQueueGroup@2@W4OrganisationMode@QueuedRenderableCollection@2@@Z+0x111,2238,15.2483,14677,20.008
fourteam_ai_prefix,31736,ntdll.dll!_LdrpGenerateSnapsUnicodeStrings@28+0x183,1928,13.1362,14677,20.008
fourteam_ai_prefix,31736,OgreMain.dll!?renderBasicQueueGroupObjects@SceneManager@Ogre@@MAEXPAVRenderQueueGroup@2@W4OrganisationMode@QueuedRenderableCollection@2@@Z+0x8c,1927,13.1294,14677,20.008
fourteam_ai_prefix,31736,ntdll.dll!_RtlStringCchVPrintfExA@28+0x19,1923,13.1021,14677,20.008
fourteam_ai_prefix,31736,ntdll.dll!RtlStringVPrintfWorkerA+0x1e,1918,13.0681,14677,20.008
fourteam_ai_prefix,31736,ntdll.dll!__vsnprintf+0x18,1914,13.0408,14677,20.008
fourteam_ai_prefix,31736,ntdll.dll!__vsnprintf_l+0x4c,1910,13.0136,14677,20.008
fourteam_ai_prefix,31736,ntdll.dll!_LdrpGenerateSnapsUnicodeStrings@28+0x141,1718,11.7054,14677,20.008
fourteam_ai_prefix,31736,ntdll.dll!RtlStringCchPrintfExW+0x65,1706,11.6236,14677,20.008
fourteam_ai_prefix,31736,ntdll.dll!RtlStringVPrintfWorkerW+0x1c,1697,11.5623,14677,20.008
fourteam_ai_prefix,31736,ntdll.dll!__vsnwprintf+0x18,1693,11.5351,14677,20.008
fourteam_ai_prefix,31736,ntdll.dll!__vsnwprintf_l+0x5b,1679,11.4397,14677,20.008
fourteam_ai_prefix,31736,ntdll.dll!_LdrGetProcedureAddressForCaller@24+0x37c,1662,11.3238,14677,20.008
fourteam_ai_prefix,31736,ntdll.dll!_LdrpResolveProcedureAddress@24+0x9f,1653,11.2625,14677,20.008
fourteam_ai_prefix,31736,ntdll.dll!_LdrpGetProcedureAddress@16+0x63,1639,11.1671,14677,20.008
fourteam_ai_prefix,31736,ntdll.dll!LdrpNameToOrdinal+0xa4,1540,10.4926,14677,20.008
fourteam_ai_prefix,31736,OgreMain.dll!?_renderScene@SceneManager@Ogre@@UAEXPAVCamera@2@PAVViewport@2@_N@Z+0x3cb,1459,9.9407,14677,20.008
fourteam_ai_prefix,31736,OgreMain.dll!?_findVisibleObjects@SceneManager@Ogre@@UAEXPAVCamera@2@PAUVisibleObjectsBoundsInfo@2@_N@Z+0x3a,1457,9.9271,14677,20.008
fourteam_ai_prefix,31736,OgreMain.dll!?_findVisibleObjects@SceneNode@Ogre@@UAEXPAVCamera@2@PAVRenderQueue@2@PAUVisibleObjectsBoundsInfo@2@_N33@Z+0x89,1427,9.7227,14677,20.008
fourteam_ai_prefix,31736,battlezone98redux.exe!sub_618060,1386,9.4433,14677,20.008
fourteam_ai_prefix,31736,OgreMain.dll!?renderSingleObject@SceneManager@Ogre@@MAEXPAVRenderable@2@PBVPass@2@_N2PBV?$HashedVector@PAVLight@Ogre@@@2@@Z+0x9a0,1348,9.1844,14677,20.008
fourteam_ai_prefix,31736,OgreMain.dll!?_findVisibleObjects@SceneNode@Ogre@@UAEXPAVCamera@2@PAVRenderQueue@2@PAUVisibleObjectsBoundsInfo@2@_N33@Z+0x51,1332,9.0754,14677,20.008
fourteam_ai_prefix,31736,ntdll.dll!__woutput_l+0x870,1299,8.8506,14677,20.008
fourteam_ai_prefix,31736,WINMM.dll@6e1d0000!BZROpenShim::`anonymous namespace'::ProcessVisibleObjectHook+0x170,1281,8.7279,14677,20.008
fourteam_ai_prefix,31736,ntdll.dll!_mbtowc+0x36,1213,8.2646,14677,20.008
fourteam_ai_prefix,31736,OgreMain.dll!?_issueRenderOp@SceneManager@Ogre@@UAEXPAVRenderable@2@PBVPass@2@@Z+0x30,1096,7.4675,14677,20.008
fourteam_ai_prefix,31736,OgreMain.dll!?_renderScene@SceneManager@Ogre@@UAEXPAVCamera@2@PAVViewport@2@_N@Z+0x246,1092,7.4402,14677,20.008
fourteam_ai_prefix,31736,OgreMain.dll!?processVisibleObject@RenderQueue@Ogre@@QAEXPAVMovableObject@2@PAVCamera@2@_NPAUVisibleObjectsBoundsInfo@2@@Z+0xb0,1059,7.2154,14677,20.008
fourteam_ai_prefix,31736,OgreMain.dll!?prepareShadowTextures@SceneManager@Ogre@@UAEXPAVCamera@2@PAVViewport@2@PBV?$HashedVector@PAVLight@Ogre@@@2@@Z+0x39f,1056,7.1949,14677,20.008
fourteam_ai_prefix,31736,battlezone98redux.exe!sub_45bf90,935,6.3705,14677,20.008
fourteam_ai_prefix,31736,battlezone98redux.exe!sub_50aa10,928,6.3228,14677,20.008
fourteam_ai_prefix,31736,battlezone98redux.exe!sub_45d240,925,6.3024,14677,20.008
fourteam_ai_prefix,31736,battlezone98redux.exe!sub_4d4580,922,6.2819,14677,20.008
fourteam_ai_prefix,31736,battlezone98redux.exe!sub_5fa6e0,900,6.132,14677,20.008
fourteam_ai_prefix,31736,ntdll.dll!__output_l+0x81b,845,5.7573,14677,20.008
fourteam_ai_prefix,31736,ntdll.dll!_wctomb_s+0x18,823,5.6074,14677,20.008
fourteam_ai_prefix,31736,OgreMain.dll!?_issueRenderOp@SceneManager@Ogre@@UAEXPAVRenderable@2@PBVPass@2@@Z+0x73,815,5.5529,14677,20.008
fourteam_ai_prefix,31736,ntdll.dll!__wctomb_s_l+0x66,751,5.1168,14677,20.008
fourteam_ai_prefix,31736,OgreMain.dll!?_renderQueueGroupObjects@SceneManager@Ogre@@UAEXPAVRenderQueueGroup@2@W4OrganisationMode@QueuedRenderableCollection@2@@Z+0xb6,704,4.7966,14677,20.008
fourteam_ai_prefix,31736,OgreMain.dll!?renderTextureShadowCasterQueueGroupObjects@SceneManager@Ogre@@MAEXPAVRenderQueueGroup@2@W4OrganisationMode@QueuedRenderableCollection@2@@Z+0x124,703,4.7898,14677,20.008
fourteam_ai_prefix,31736,battlezone98redux.exe!sub_617600,701,4.7762,14677,20.008
fourteam_ai_prefix,31736,WINMM.dll@6e1d0000!BZROpenShim::ChunkEffectSimulateHook+0x298,699,4.7626,14677,20.008
fourteam_ai_prefix,31736,battlezone98redux.exe!sub_4b6f10,695,4.7353,14677,20.008
fourteam_ai_prefix,31736,battlezone98redux.exe!sub_4b6db0,693,4.7217,14677,20.008
fourteam_ai_prefix,31736,battlezone98redux.exe!sub_5faac0,679,4.6263,14677,20.008
fourteam_ai_prefix,31736,battlezone98redux.exe!sub_6002a0,675,4.599,14677,20.008
fourteam_ai_prefix,31736,ntdll.dll!_RtlAnsiCharToUnicodeChar@4+0x8d,653,4.4491,14677,20.008
fourteam_ai_prefix,31736,battlezone98redux.exe!sub_614dd0,641,4.3674,14677,20.008
fourteam_ai_prefix,31736,OgreMain.dll!?renderSingleObject@SceneManager@Ogre@@MAEXPAVRenderable@2@PBVPass@2@_N2PBV?$HashedVector@PAVLight@Ogre@@@2@@Z+0xaf4,612,4.1698,14677,20.008
fourteam_ai_prefix,31736,battlezone98redux.exe!sub_5f77c0,606,4.1289,14677,20.008
fourteam_ai_prefix,31736,WINMM.dll@6e1d0000!BZROpenShim::`anonymous namespace'::AutoSaveWorldUpdateRenderQueueHook+0x11,599,4.0812,14677,20.008
fourteam_ai_prefix,31736,OgreMain.dll!?_populateLightList@SceneManager@Ogre@@UAEXPBVSceneNode@2@MAAV?$HashedVector@PAVLight@Ogre@@@2@I@Z+0x2e,591,4.0267,14677,20.008
fourteam_ai_prefix,31736,OgreMain.dll!?queryLights@MovableObject@Ogre@@UBEABV?$HashedVector@PAVLight@Ogre@@@2@XZ+0xc4,591,4.0267,14677,20.008
fourteam_ai_prefix,31736,OgreMain.dll!?findLights@SceneNode@Ogre@@UBEXAAV?$HashedVector@PAVLight@Ogre@@@2@MI@Z+0x29,591,4.0267,14677,20.008
fourteam_ai_prefix,31736,OgreMain.dll!?renderSingleObject@SceneManager@Ogre@@MAEXPAVRenderable@2@PBVPass@2@_N2PBV?$HashedVector@PAVLight@Ogre@@@2@@Z+0x322,590,4.0199,14677,20.008
fourteam_ai_prefix,31736,ntdll.dll!_RtlUnicodeToMultiByteN@20+0x1b,573,3.9041,14677,20.008
fourteam_ai_prefix,31736,ntdll.dll!_RtlpGetCodePageData@4+0x29,534,3.6383,14677,20.008
fourteam_ai_prefix,31736,ntdll.dll!_RtlMultiByteToUnicodeN@20+0x1b,521,3.5498,14677,20.008
fourteam_ai_prefix,31736,WINMM.dll@6e1d0000!BZROpenShim::LegacyWorldUpdateRenderQueueHook+0x24a,504,3.4339,14677,20.008
fourteam_ai_prefix,31736,ntdll.dll!_RtlpGetCodePageData@4+0x16,480,3.2704,14677,20.008
fourteam_ai_prefix,31736,battlezone98redux.exe!sub_682540,473,3.2227,14677,20.008
fourteam_ai_prefix,31736,ntdll.dll!_RtlpIsUtf8Process@4+0xe,459,3.1273,14677,20.008
fourteam_ai_prefix,31736,WINMM.dll@6e1d0000!BZROpenShim::`anonymous namespace'::TrackChunkEffectActiveEntries+0x3b7,459,3.1273,14677,20.008
fourteam_ai_prefix,31736,battlezone98redux.exe!sub_493ec0,428,2.9161,14677,20.008
fourteam_ai_prefix,31736,battlezone98redux.exe!sub_6854f0,424,2.8889,14677,20.008
fourteam_ai_prefix,31736,WINMM.dll@6e1d0000!BZROpenShim::`anonymous namespace'::SubmitChunkProxiesToRenderQueue+0x48,411,2.8003,14677,20.008
fourteam_ai_prefix,31736,battlezone98redux.exe!sub_62bc80,399,2.7185,14677,20.008
fourteam_ai_prefix,31736,battlezone98redux.exe!sub_62bd40,397,2.7049,14677,20.008
fourteam_ai_prefix,31736,battlezone98redux.exe!sub_4deec0,396,2.6981,14677,20.008
fourteam_ai_prefix,31736,battlezone98redux.exe!sub_4ebfd0,386,2.63,14677,20.008
fourteam_ai_prefix,31736,OgreMain.dll!?updateGpuProgramParameters@SceneManager@Ogre@@MAEXPBVPass@2@@Z+0x62,373,2.5414,14677,20.008
fourteam_ai_prefix,31736,battlezone98redux.exe!sub_678cd0,370,2.521,14677,20.008
fourteam_ai_prefix,31736,battlezone98redux.exe!sub_44e880,365,2.4869,14677,20.008
fourteam_ai_prefix,31736,OgreMain.dll!?_populateLightList@SceneManager@Ogre@@UAEXABVVector3@2@MAAV?$HashedVector@PAVLight@Ogre@@@2@I@Z+0x140,355,2.4188,14677,20.008
fourteam_ai_prefix,31736,battlezone98redux.exe!sub_679d70,351,2.3915,14677,20.008
fourteam_ai_prefix,31736,battlezone98redux.exe!sub_6855e0,335,2.2825,14677,20.008
fourteam_ai_prefix,31736,OgreMain.dll!?updateGpuProgramParameters@SceneManager@Ogre@@MAEXPBVPass@2@@Z+0x8b,332,2.262,14677,20.008
fourteam_ai_prefix,31736,ntdll.dll!__output_l+0x328,329,2.2416,14677,20.008
fourteam_ai_prefix,31736,WINMM.dll@6e1d0000!BZROpenShim::`anonymous namespace'::RebuildAndSubmitGenericChunkBatch+0x1015,328,2.2348,14677,20.008
fourteam_ai_prefix,31736,OgreMain.dll!?updateGpuProgramParameters@SceneManager@Ogre@@MAEXPBVPass@2@@Z+0xdd,319,2.1735,14677,20.008
fourteam_ai_prefix,31736,battlezone98redux.exe!sub_617fa0,305,2.0781,14677,20.008
fourteam_ai_prefix,31736,OgreMain.dll!?acceptVisitor@QueuedRenderableCollection@Ogre@@QBEXPAVQueuedRenderableVisitor@2@W4OrganisationMode@12@@Z+0xec,302,2.0576,14677,20.008
fourteam_ai_prefix,31736,OgreMain.dll!?renderBasicQueueGroupObjects@SceneManager@Ogre@@MAEXPAVRenderQueueGroup@2@W4OrganisationMode@QueuedRenderableCollection@2@@Z+0xc1,302,2.0576,14677,20.008
fourteam_ai_prefix,31736,OgreMain.dll!?acceptVisitorDescending@QueuedRenderableCollection@Ogre@@IBEXPAVQueuedRenderableVisitor@2@@Z+0x1b,301,2.0508,14677,20.008
fourteam_ai_prefix,31736,ntdll.dll!_RtlAnsiCharToUnicodeChar@4+0x36,294,2.0031,14677,20.008
fourteam_ai_prefix,31736,battlezone98redux.exe!sub_679ac0,291,1.9827,14677,20.008
fourteam_ai_prefix,31736,battlezone98redux.exe!sub_67b9d0,282,1.9214,14677,20.008
fourteam_ai_prefix,31736,battlezone98redux.exe!sub_592f00,281,1.9146,14677,20.008
fourteam_ai_prefix,31736,RenderSystem_Direct3D11.dll!?bindGpuProgramParameters@D3D11RenderSystem@Ogre@@UAEXW4GpuProgramType@2@V?$SharedPtr@VGpuProgramParameters@Ogre@@@2@G@Z+0x16a,274,1.8669,14677,20.008
fourteam_ai_prefix,31736,WINMM.dll@6e1d0000!BZROpenShim::`anonymous namespace'::AutoSaveWorldUpdateRenderQueueHook+0x16,267,1.8192,14677,20.008
fourteam_ai_prefix,31736,ntdll.dll!_ZwQueryVirtualMemory@24+0xc,267,1.8192,14677,20.008
fourteam_ai_prefix,31736,WINMM.dll@6e1d0000!__std_fs_get_stats+0x9e,263,1.7919,14677,20.008
fourteam_ai_prefix,31736,KERNELBASE.dll!GetFileAttributesExW+0x13,263,1.7919,14677,20.008
fourteam_ai_prefix,31736,battlezone98redux.exe!sub_4ab380,263,1.7919,14677,20.008
fourteam_ai_prefix,31736,battlezone98redux.exe!sub_463fc0,259,1.7647,14677,20.008
fourteam_ai_prefix,31736,battlezone98redux.exe!sub_4933e0,257,1.751,14677,20.008
fourteam_ai_prefix,31736,ntdll.dll!_ZwQueryFullAttributesFile@8+0xc,256,1.7442,14677,20.008
fourteam_ai_prefix,31736,OgreMain.dll!?_updateRenderQueue@Entity@Ogre@@UAEXPAVRenderQueue@2@@Z+0x1ed,242,1.6488,14677,20.008
fourteam_ai_prefix,31736,OgreMain.dll!?visit@SceneMgrQueuedRenderableVisitor@SceneManager@Ogre@@UAEXPAURenderablePass@3@@Z+0x63,232,1.5807,14677,20.008
fourteam_ai_prefix,31736,battlezone98redux.exe!sub_68d2f0,227,1.5466,14677,20.008
fourteam_ai_prefix,31736,WINMM.dll@6e1d0000!BZROpenShim::`anonymous namespace'::TickChunkProxyDebug+0x7a,222,1.5126,14677,20.008
fourteam_ai_prefix,31736,OgreMain.dll!?_updateAutoParams@Pass@Ogre@@QBEXPBVAutoParamDataSource@2@G@Z+0x103,220,1.4989,14677,20.008
fourteam_ai_prefix,31736,RenderSystem_Direct3D11.dll!?getConstantBuffer@D3D11HLSLProgram@Ogre@@QAEPAUID3D11Buffer@@V?$SharedPtr@VGpuProgramParameters@Ogre@@@2@G@Z+0x9a,215,1.4649,14677,20.008
fourteam_ai_prefix,31736,RenderSystem_Direct3D11.dll!?bindGpuProgramParameters@D3D11RenderSystem@Ogre@@UAEXW4GpuProgramType@2@V?$SharedPtr@VGpuProgramParameters@Ogre@@@2@G@Z+0x90,214,1.4581,14677,20.008
fourteam_ai_prefix,31736,battlezone98redux.exe!sub_583520,213,1.4513,14677,20.008
fourteam_ai_prefix,31736,battlezone98redux.exe!sub_5d5930,212,1.4444,14677,20.008
fourteam_ai_prefix,31736,battlezone98redux.exe!sub_583500,205,1.3967,14677,20.008
fourteam_ai_prefix,31736,battlezone98redux.exe!sub_497aa0,202,1.3763,14677,20.008
fourteam_ai_prefix,31736,battlezone98redux.exe!sub_67a4a0,196,1.3354,14677,20.008
fourteam_ai_prefix,31736,OgreMain.dll!?_updateAllRenderTargets@Root@Ogre@@QAE_NXZ+0x2b,196,1.3354,14677,20.008
fourteam_ai_prefix,31736,OgreMain.dll!?getConstantDefinition@GpuProgramParameters@Ogre@@QBEABUGpuConstantDefinition@2@ABV?$basic_string@DU?$char_traits@D@std@@V?$allocator@D@2@@std@@@Z+0xcf,195,1.3286,14677,20.008
fourteam_ai_prefix,31736,WINMM.dll@6e1d0000!BZROpenShim::`anonymous namespace'::GetGameObjectActualTeam+0x42,193,1.315,14677,20.008
fourteam_ai_prefix,31736,battlezone98redux.exe!sub_463240,193,1.315,14677,20.008
fourteam_ai_prefix,31736,OgreMain.dll!?_swapAllRenderTargetBuffers@RenderSystem@Ogre@@UAEXXZ+0x3a,193,1.315,14677,20.008
fourteam_ai_prefix,31736,battlezone98redux.exe!sub_605f70,192,1.3082,14677,20.008
fourteam_ai_prefix,31736,WINMM.dll@6e1d0000!std::filesystem::exists+0x3e,189,1.2877,14677,20.008
fourteam_ai_prefix,31736,WINMM.dll@6e1d0000!BZROpenShim::AutoSaveTick+0x10b,189,1.2877,14677,20.008
fourteam_ai_prefix,31736,WINMM.dll@6e1d0000!BZROpenShim::TargetReticlePopupRecentHitGetterHook+0x3c,188,1.2809,14677,20.008
fourteam_ai_prefix,31736,RenderSystem_Direct3D11.dll!?swapBuffers@D3D11RenderWindowSwapChainBased@Ogre@@UAEXXZ+0x251,184,1.2537,14677,20.008
fourteam_ai_prefix,31736,OgreMain.dll!?isInLightRange@Light@Ogre@@QBE_NABVSphere@2@@Z+0x159,180,1.2264,14677,20.008
fourteam_ai_prefix,31736,battlezone98redux.exe!sub_678950,176,1.1992,14677,20.008
fourteam_ai_prefix,31736,ntdll.dll!_RtlAnsiCharToUnicodeChar@4+0x19,176,1.1992,14677,20.008
fourteam_ai_prefix,31736,dxgi.dll!DXGIGetDebugInterface1+0xa584,174,1.1855,14677,20.008
fourteam_ai_prefix,31736,dxgi.dll!CompatString+0x20eb,174,1.1855,14677,20.008
fourteam_ai_prefix,31736,OgreMain.dll!?renderVisibleObjectsDefaultSequence@SceneManager@Ogre@@MAEXXZ+0xbf,171,1.1651,14677,20.008
fourteam_ai_prefix,31736,RenderSystem_Direct3D11.dll!?_render@D3D11RenderSystem@Ogre@@UAEXABVRenderOperation@2@@Z+0x1622,171,1.1651,14677,20.008
fourteam_ai_prefix,31736,OgreMain.dll!?fireRenderQueueStarted@SceneManager@Ogre@@MAE_NEABV?$basic_string@DU?$char_traits@D@std@@V?$allocator@D@2@@std@@@Z+0x41,170,1.1583,14677,20.008
fourteam_ai_prefix,31736,RenderSystem_Direct3D11.dll!?setVertexDeclaration@D3D11RenderSystem@Ogre@@QAEXPAVVertexDeclaration@2@PAVVertexBufferBinding@2@@Z+0x14,167,1.1378,14677,20.008
fourteam_ai_prefix,31736,OgreMain.dll!?_renderScene@SceneManager@Ogre@@UAEXPAVCamera@2@PAVViewport@2@_N@Z+0x20a,166,1.131,14677,20.008
fourteam_ai_prefix,31736,battlezone98redux.exe!sub_593200,163,1.1106,14677,20.008
fourteam_ai_prefix,31736,battlezone98redux.exe!sub_458d70,161,1.097,14677,20.008
fourteam_ai_prefix,31736,WINMM.dll@6e1d0000!BZROpenShim::`anonymous namespace'::TrackChunkProxyDebugEntry+0x6ff,159,1.0833,14677,20.008
fourteam_ai_prefix,31736,WINMM.dll@6e1d0000!BZROpenShim::`anonymous namespace'::UpdateChunkProxySlotPosition+0x725,157,1.0697,14677,20.008
fourteam_ai_prefix,31736,battlezone98redux.exe!sub_43fb30,156,1.0629,14677,20.008
fourteam_ai_prefix,31736,battlezone98redux.exe!sub_493e60,156,1.0629,14677,20.008
fourteam_ai_prefix,31736,ntdll.dll!_RtlMultiByteToUnicodeN@20+0x21,155,1.0561,14677,20.008
fourteam_ai_prefix,31736,battlezone98redux.exe!sub_5840e0,151,1.0288,14677,20.008
fourteam_ai_prefix,31736,ntdll.dll!__woutput_l+0x8a1,147,1.0016,14677,20.008
fourteam_ai_prefix,31736,ntdll.dll!_RtlAllocateHeap@12+0xa9,146,0.9948,14677,20.008
fourteam_ai_prefix,31736,battlezone98redux.exe!sub_687340,143,0.9743,14677,20.008
fourteam_ai_prefix,31736,OgreMain.dll!?angleBetween@Vector3@Ogre@@QBE?AVRadian@2@ABV12@@Z+0xdd,143,0.9743,14677,20.008
fourteam_ai_prefix,31736,battlezone98redux.exe!sub_67a630,141,0.9607,14677,20.008
fourteam_ai_prefix,31736,battlezone98redux.exe!sub_663800,140,0.9539,14677,20.008
fourteam_ai_prefix,31736,battlezone98redux.exe!sub_480470,139,0.9471,14677,20.008
fourteam_ai_prefix,31736,battlezone98redux.exe!sub_493330,136,0.9266,14677,20.008
fourteam_ai_prefix,31736,dxgi.dll!CompatString+0x3176,136,0.9266,14677,20.008
fourteam_ai_prefix,31736,battlezone98redux.exe!sub_454cf0,134,0.913,14677,20.008
fourteam_ai_prefix,31736,RenderSystem_Direct3D11.dll!?bindToShader@D3D11VertexDeclaration@Ogre@@QAEXPAVD3D11HLSLProgram@2@PAVVertexBufferBinding@2@@Z+0x1e,132,0.8994,14677,20.008
fourteam_ai_prefix,31736,ntdll.dll!__output_l+0x874,130,0.8857,14677,20.008
fourteam_ai_prefix,31736,WINMM.dll@6e1d0000!BZROpenShim::`anonymous namespace'::TrackChunkEffectActiveEntries+0x327,129,0.8789,14677,20.008
fourteam_ai_prefix,31736,battlezone98redux.exe!sub_465320,129,0.8789,14677,20.008
fourteam_ai_prefix,31736,dxgi.dll!DXGID3D10CreateDevice+0x3c30,129,0.8789,14677,20.008
fourteam_ai_prefix,31736,ntdll.dll!_KiUserExceptionDispatcher@8+0xf,124,0.8449,14677,20.008
fourteam_ai_prefix,31736,WINMM.dll@6e1d0000!BZROpenShim::`anonymous namespace'::TrackChunkProxyDebugEntry+0x44b,123,0.838,14677,20.008
fourteam_ai_prefix,31736,OgreMain.dll!?_findNamedConstantDefinition@GpuProgramParameters@Ogre@@QBEPBUGpuConstantDefinition@2@ABV?$basic_string@DU?$char_traits@D@std@@V?$allocator@D@2@@std@@_N@Z+0xb8,123,0.838,14677,20.008
fourteam_ai_prefix,31736,ntdll.dll!_RtlpAllocateNTHeapInternal@12+0xfc,123,0.838,14677,20.008
fourteam_ai_prefix,31736,battlezone98redux.exe!sub_784620,117,0.7972,14677,20.008
fourteam_ai_prefix,31736,WINMM.dll@6e1d0000!BZROpenShim::ChunkEffectSimulateHook+0x2a1,116,0.7904,14677,20.008
fourteam_ai_prefix,31736,battlezone98redux.exe!sub_44eb20,113,0.7699,14677,20.008
fourteam_ai_prefix,31736,VCRUNTIME140.dll!@_EH4_GlobalUnwind2@8+0x15,111,0.7563,14677,20.008
fourteam_ai_prefix,31736,WINMM.dll@6e1d0000!BZROpenShim::EngineFlameSubmitHook+0x36,110,0.7495,14677,20.008
fourteam_ai_prefix,31736,OgreMain.dll!?_updateAutoParams@Pass@Ogre@@QBEXPBVAutoParamDataSource@2@G@Z+0x55,110,0.7495,14677,20.008
fourteam_ai_prefix,31736,OgreMain.dll!?_renderScene@SceneManager@Ogre@@UAEXPAVCamera@2@PAVViewport@2@_N@Z+0x187,109,0.7427,14677,20.008
fourteam_ai_prefix,31736,battlezone98redux.exe!sub_593570,109,0.7427,14677,20.008
fourteam_ai_prefix,31736,ntdll.dll!__output_l+0x846,109,0.7427,14677,20.008
fourteam_ai_prefix,31736,WINMM.dll@6e1d0000!BZROpenShim::`anonymous namespace'::EnsureChunkMeshProxySlot+0x2af,108,0.7358,14677,20.008
fourteam_ai_prefix,31736,ntdll.dll!_RtlUnicodeToMultiByteN@20+0x21,107,0.729,14677,20.008
fourteam_ai_prefix,31736,battlezone98redux.exe!sub_480750,106,0.7222,14677,20.008
fourteam_ai_prefix,31736,ntdll.dll!ExecuteHandler@20+0x24,106,0.7222,14677,20.008
fourteam_ai_prefix,31736,OgreMain.dll!?_updateSceneGraph@SceneManager@Ogre@@UAEXPAVCamera@2@@Z+0x2b,106,0.7222,14677,20.008
fourteam_ai_prefix,31736,ntdll.dll!ExecuteHandler2@20+0x26,105,0.7154,14677,20.008
fourteam_ai_prefix,31736,ntdll.dll!_LdrpGenerateSnapsUnicodeStrings@28+0x1b9,104,0.7086,14677,20.008
fourteam_ai_prefix,31736,battlezone98redux.exe!sub_44ecb0,104,0.7086,14677,20.008
fourteam_ai_prefix,31736,WINMM.dll@6e1d0000!BZROpenShim::`anonymous namespace'::TryGetGameObjectFieldBase+0xd4,103,0.7018,14677,20.008
fourteam_ai_prefix,31736,OgreMain.dll!?updateAnimation@Entity@Ogre@@IAEXXZ+0x449,103,0.7018,14677,20.008
fourteam_ai_prefix,31736,battlezone98redux.exe!sub_5938f0,101,0.6882,14677,20.008
fourteam_ai_prefix,31736,MSVCR120.dll!memmove+0xc9,99,0.6745,14677,20.008
fourteam_ai_prefix,31736,WINMM.dll@6e1d0000!BZROpenShim::`anonymous namespace'::WingmanUpdateWeaponAimWithConvergence+0x33,99,0.6745,14677,20.008
fourteam_ai_prefix,31736,ntdll.dll!@RtlpLowFragHeapAllocFromContext@16+0x67,98,0.6677,14677,20.008
fourteam_ai_prefix,31736,battlezone98redux.exe!sub_60f320,98,0.6677,14677,20.008
fourteam_ai_prefix,31736,WINMM.dll@6e1d0000!BZROpenShim::`anonymous namespace'::HookSoftwareVertexBlend+0x78,98,0.6677,14677,20.008
fourteam_ai_prefix,31736,battlezone98redux.exe!sub_462b60,97,0.6609,14677,20.008
fourteam_ai_prefix,31736,OgreMain.dll!?lock@HardwareBuffer@Ogre@@UAEPAXIIW4LockOptions@12@W4UploadOptions@12@@Z+0x103,96,0.6541,14677,20.008
fourteam_ai_prefix,31736,battlezone98redux.exe!sub_4519a0,94,0.6405,14677,20.008
fourteam_ai_prefix,31736,OgreMain.dll!?findFiles@FileSystemArchive@Ogre@@IAEXABV?$basic_string@DU?$char_traits@D@std@@V?$allocator@D@2@@std@@_N1PAV?$vector@V?$basic_string@DU?$char_traits@D@std@@V?$allocator@D@2@@std@@V?$STLAllocator@V?$basic_string@DU?$char_traits@D@std@@V?$allocator@D@2@@std@@V?$CategorisedAllocPolicy@$0A@@Ogre@@@Ogre@@@4@PAV?$vector@UFileInfo@Ogre@@V?$STLAllocator@UFileInfo@Ogre@@V?$CategorisedAllocPolicy@$0A@@2@@2@@4@@Z+0x5a6,94,0.6405,14677,20.008
fourteam_ai_prefix,31736,WINMM.dll@6e1d0000!BZROpenShim::`anonymous namespace'::TryGetGameObjectFieldBase+0x7c,91,0.62,14677,20.008
fourteam_ai_prefix,31736,WINMM.dll@6e1d0000!_except_handler4+0x29,90,0.6132,14677,20.008
fourteam_ai_prefix,31736,RenderSystem_Direct3D11.dll!?getConstantBuffer@D3D11HLSLProgram@Ogre@@QAEPAUID3D11Buffer@@V?$SharedPtr@VGpuProgramParameters@Ogre@@@2@G@Z+0x5f,90,0.6132,14677,20.008
fourteam_ai_prefix,31736,RenderSystem_Direct3D11.dll!?_render@D3D11RenderSystem@Ogre@@UAEXABVRenderOperation@2@@Z+0x1631,90,0.6132,14677,20.008
fourteam_ai_prefix,31736,WINMM.dll@6e1d0000!BZROpenShim::`anonymous namespace'::SubmitChunkProxiesToRenderQueue+0x394,90,0.6132,14677,20.008
fourteam_ai_prefix,31736,WINMM.dll@6e1d0000!BZROpenShim::`anonymous namespace'::TryAddChunkProxyRenderableSafe+0x48,90,0.6132,14677,20.008
fourteam_ai_prefix,31736,ntdll.dll!_ZwContinue@8+0xc,89,0.6064,14677,20.008
fourteam_ai_prefix,31736,RenderSystem_Direct3D11.dll!?_render@D3D11RenderSystem@Ogre@@UAEXABVRenderOperation@2@@Z+0x16df,89,0.6064,14677,20.008
fourteam_ai_prefix,31736,WINMM.dll@6e1d0000!operator new+0x1a,89,0.6064,14677,20.008
fourteam_ai_prefix,31736,ntdll.dll!write_string+0x3a,89,0.6064,14677,20.008
fourteam_ai_prefix,31736,WINMM.dll@6e1d0000!BZROpenShim::`anonymous namespace'::TrackChunkProxyDebugEntry+0x230,88,0.5996,14677,20.008
fourteam_ai_prefix,31736,OgreMain.dll!?_populateLightList@SceneManager@Ogre@@UAEXABVVector3@2@MAAV?$HashedVector@PAVLight@Ogre@@@2@I@Z+0xb2,88,0.5996,14677,20.008
fourteam_ai_prefix,31736,VCRUNTIME140.dll!_except_handler4_common+0x127,87,0.5928,14677,20.008
fourteam_ai_prefix,31736,OgreMain.dll!?processVisibleObject@RenderQueue@Ogre@@QAEXPAVMovableObject@2@PAVCamera@2@_NPAUVisibleObjectsBoundsInfo@2@@Z+0x14,87,0.5928,14677,20.008
fourteam_ai_prefix,31736,RenderSystem_Direct3D11.dll!?lockImpl@D3D11HardwareBuffer@Ogre@@MAEPAXIIW4LockOptions@HardwareBuffer@2@@Z+0x26c,87,0.5928,14677,20.008
fourteam_ai_prefix,31736,WINMM.dll@6e1d0000!BZROpenShim::`anonymous namespace'::EnsureChunkPayloadResourceLocations+0x458,86,0.586,14677,20.008
fourteam_ai_prefix,31736,OgreMain.dll!?initialiseResourceGroup@ResourceGroupManager@Ogre@@QAEXABV?$basic_string@DU?$char_traits@D@std@@V?$allocator@D@2@@std@@@Z+0x143,86,0.586,14677,20.008
fourteam_ai_prefix,31736,battlezone98redux.exe!sub_784180,85,0.5791,14677,20.008
fourteam_ai_prefix,31736,ucrtbase.dll!__malloc_base+0x2f,85,0.5791,14677,20.008
fourteam_ai_prefix,31736,WINMM.dll@6e1d0000!BZROpenShim::`anonymous namespace'::AppendGenericChunkBatchGeometry+0x67,84,0.5723,14677,20.008
fourteam_ai_prefix,31736,OgreMain.dll!?lock@HardwareBuffer@Ogre@@QAEPAXW4LockOptions@12@W4UploadOptions@12@@Z+0x13,84,0.5723,14677,20.008
fourteam_ai_prefix,31736,battlezone98redux.exe!sub_462630,83,0.5655,14677,20.008
fourteam_ai_prefix,31736,OgreMain.dll!?_update@SceneNode@Ogre@@UAEX_N0@Z+0x1b,82,0.5587,14677,20.008
fourteam_ai_prefix,31736,battlezone98redux.exe!sub_6832c8,82,0.5587,14677,20.008
fourteam_ai_prefix,31736,battlezone98redux.exe!sub_6854b0,82,0.5587,14677,20.008
fourteam_ai_prefix,31736,dxgi.dll!DXGIReportAdapterConfiguration+0xf99,82,0.5587,14677,20.008
fourteam_ai_prefix,31736,d3d11.dll!D3D11CoreCreateLayeredDevice+0xc379,82,0.5587,14677,20.008
fourteam_ai_prefix,31736,dxgi.dll!DXGID3D10CreateDevice+0x4471,82,0.5587,14677,20.008
fourteam_ai_prefix,31736,battlezone98redux.exe!sub_447e70,79,0.5383,14677,20.008
fourteam_ai_prefix,31736,battlezone98redux.exe!sub_6111e0,78,0.5314,14677,20.008
fourteam_ai_prefix,31736,WINMM.dll@6e1d0000!BZROpenShim::`anonymous namespace'::TrackChunkEffectActiveEntries+0x382,78,0.5314,14677,20.008
fourteam_ai_prefix,31736,battlezone98redux.exe!sub_4a8ab0,78,0.5314,14677,20.008
fourteam_ai_prefix,31736,ntdll.dll!__woutput_l+0x8a6,78,0.5314,14677,20.008
fourteam_ai_prefix,31736,OgreMain.dll!?acceptVisitorGrouped@QueuedRenderableCollection@Ogre@@IBEXPAVQueuedRenderableVisitor@2@@Z+0x37,76,0.5178,14677,20.008
fourteam_ai_prefix,31736,WINMM.dll@6e1d0000!BZROpenShim::AutoSaveTick+0x124,76,0.5178,14677,20.008
fourteam_ai_prefix,31736,WINMM.dll@6e1d0000!std::filesystem::last_write_time+0x45,76,0.5178,14677,20.008
fourteam_ai_prefix,31736,OgreMain.dll!?_updateRenderQueue@Entity@Ogre@@UAEXPAVRenderQueue@2@@Z+0x175,76,0.5178,14677,20.008
fourteam_ai_prefix,31736,OgreMain.dll!?addRenderable@RenderQueue@Ogre@@QAEXPAVRenderable@2@@Z+0x15,76,0.5178,14677,20.008
fourteam_ai_prefix,31736,OgreMain.dll!?findResourceFileInfo@ResourceGroupManager@Ogre@@QAE?AV?$SharedPtr@V?$vector@UFileInfo@Ogre@@V?$STLAllocator@UFileInfo@Ogre@@V?$CategorisedAllocPolicy@$0A@@2@@2@@std@@@2@ABV?$basic_string@DU?$char_traits@D@std@@V?$allocator@D@2@@std@@0_N@Z+0x1d2,76,0.5178,14677,20.008
fourteam_ai_prefix,31736,OgreMain.dll!?parseResourceGroupScripts@ResourceGroupManager@Ogre@@IAEXPAUResourceGroup@12@@Z+0x1fb,76,0.5178,14677,20.008
fourteam_ai_prefix,31736,OgreMain.dll!?findFileInfo@FileSystemArchive@Ogre@@UAE?AV?$SharedPtr@V?$vector@UFileInfo@Ogre@@V?$STLAllocator@UFileInfo@Ogre@@V?$CategorisedAllocPolicy@$0A@@2@@2@@std@@@2@ABV?$basic_string@DU?$char_traits@D@std@@V?$allocator@D@2@@std@@_N1@Z+0xad,76,0.5178,14677,20.008
fourteam_ai_prefix,31736,OgreMain.dll!?visit@SceneMgrQueuedRenderableVisitor@SceneManager@Ogre@@UAE_NPBVPass@3@@Z+0x2e,75,0.511,14677,20.008
fourteam_ai_prefix,31736,d3d11.dll!CreateDirect3D11DeviceFromDXGIDevice+0xbae61,74,0.5042,14677,20.008
fourteam_ai_prefix,31736,ntdll.dll!_memset+0x45,74,0.5042,14677,20.008
fourteam_ai_prefix,31736,KERNELBASE.dll!GetModuleHandleA+0x23,73,0.4974,14677,20.008
fourteam_ai_prefix,31736,battlezone98redux.exe!sub_49ee70,73,0.4974,14677,20.008
fourteam_ai_prefix,31736,WINMM.dll@6e1d0000!BZROpenShim::`anonymous namespace'::LogChunkCreateLifecycle+0x38f,71,0.4838,14677,20.008
fourteam_ai_prefix,31736,WINMM.dll@6e1d0000!BZROpenShim::DynamicGeometrySetSquaredViewDepthHook+0x4b,71,0.4838,14677,20.008
fourteam_ai_prefix,31736,battlezone98redux.exe!sub_67a780,71,0.4838,14677,20.008
fourteam_ai_prefix,31736,WINMM.dll@6e1d0000!BZROpenShim::`anonymous namespace'::IsLikelyLiveOgreObject+0x86,71,0.4838,14677,20.008
fourteam_ai_prefix,31736,battlezone98redux.exe!sub_4aa630,68,0.4633,14677,20.008
fourteam_ai_prefix,31736,battlezone98redux.exe!sub_4620b0,68,0.4633,14677,20.008
fourteam_ai_prefix,31736,WINMM.dll@6e1d0000!BZROpenShim::`anonymous namespace'::AppendGenericChunkBatchGeometry+0xee,68,0.4633,14677,20.008
fourteam_ai_prefix,31736,OgreMain.dll!?softwareVertexBlend@Mesh@Ogre@@SAXPBVVertexData@2@0PBQBVMatrix4@2@I_N@Z+0x35a,68,0.4633,14677,20.008
fourteam_ai_prefix,31736,OgreMain.dll!?_detectImplementation@OptimisedUtil@Ogre@@KAPAV12@XZ+0x7f48,68,0.4633,14677,20.008
fourteam_ai_prefix,31736,OgreMain.dll!?visit@SceneMgrQueuedRenderableVisitor@SceneManager@Ogre@@UAEXPAURenderablePass@3@@Z+0x48,68,0.4633,14677,20.008
fourteam_ai_prefix,31736,KERNELBASE.dll!GetModuleHandleW+0x2e,68,0.4633,14677,20.008
fourteam_ai_prefix,31736,ntdll.dll!_LdrGetDllHandle@16+0x18,68,0.4633,14677,20.008
fourteam_ai_prefix,31736,battlezone98redux.exe!sub_4aa1d0,68,0.4633,14677,20.008
fourteam_ai_prefix,31736,battlezone98redux.exe!sub_6192b0,67,0.4565,14677,20.008
fourteam_ai_prefix,31736,OgreMain.dll!?_updateAutoParams@GpuProgramParameters@Ogre@@QAEXPBVAutoParamDataSource@2@G@Z+0x1250,67,0.4565,14677,20.008
fourteam_ai_prefix,31736,WINMM.dll@6e1d0000!BZROpenShim::ChunkEffectCreateChunkletHook+0x112,66,0.4497,14677,20.008
fourteam_ai_prefix,31736,OgreMain.dll!?createEntity@SceneManager@Ogre@@UAEPAVEntity@2@ABV?$basic_string@DU?$char_traits@D@std@@V?$allocator@D@2@@std@@@Z+0x59,66,0.4497,14677,20.008
fourteam_ai_prefix,31736,d3d11.dll+0x35ece,65,0.4429,14677,20.008
fourteam_ai_prefix,31736,battlezone98redux.exe!sub_603ad0,65,0.4429,14677,20.008
fourteam_ai_prefix,31736,OgreMain.dll!?_findVisibleObjects@SceneNode@Ogre@@UAEXPAVCamera@2@PAVRenderQueue@2@PAUVisibleObjectsBoundsInfo@2@_N33@Z+0x20,64,0.4361,14677,20.008
fourteam_ai_prefix,31736,OgreMain.dll!?createEntity@SceneManager@Ogre@@UAEPAVEntity@2@ABV?$basic_string@DU?$char_traits@D@std@@V?$allocator@D@2@@std@@00@Z+0x134,64,0.4361,14677,20.008
fourteam_ai_prefix,31736,RenderSystem_Direct3D11.dll!?setVertexBufferBinding@D3D11RenderSystem@Ogre@@UAEXPAVVertexBufferBinding@2@@Z+0x9f,63,0.4292,14677,20.008
fourteam_ai_prefix,31736,OgreMain.dll!?createInstance@MovableObjectFactory@Ogre@@UAEPAVMovableObject@2@ABV?$basic_string@DU?$char_traits@D@std@@V?$allocator@D@2@@std@@PAVSceneManager@2@PBV?$map@V?$basic_string@DU?$char_traits@D@std@@V?$allocator@D@2@@std@@V12@U?$less@V?$basic_string@DU?$char_traits@D@std@@V?$allocator@D@2@@std@@@2@V?$STLAllocator@U?$pair@$$CBV?$basic_string@DU?$char_traits@D@std@@V?$allocator@D@2@@std@@V12@@std@@V?$CategorisedAllocPolicy@$0A@@Ogre@@@Ogre@@@5@@Z+0x11,63,0.4292,14677,20.008
fourteam_ai_prefix,31736,OgreMain.dll!?createMovableObject@SceneManager@Ogre@@UAEPAVMovableObject@2@ABV?$basic_string@DU?$char_traits@D@std@@V?$allocator@D@2@@std@@0PBV?$map@V?$basic_string@DU?$char_traits@D@std@@V?$allocator@D@2@@std@@V12@U?$less@V?$basic_string@DU?$char_traits@D@std@@V?$allocator@D@2@@std@@@2@V?$STLAllocator@U?$pair@$$CBV?$basic_string@DU?$char_traits@D@std@@V?$allocator@D@2@@std@@V12@@std@@V?$CategorisedAllocPolicy@$0A@@Ogre@@@Ogre@@@5@@Z+0x210,63,0.4292,14677,20.008
fourteam_ai_prefix,31736,KERNELBASE.dll!FindFirstFileExW+0x1b,63,0.4292,14677,20.008
fourteam_ai_prefix,31736,d3d11.dll!D3D11CoreCreateLayeredDevice+0xd40a,62,0.4224,14677,20.008
fourteam_ai_prefix,31736,ntdll.dll!__output_l+0x32d,61,0.4156,14677,20.008
fourteam_ai_prefix,31736,OgreMain.dll!?isInLightRange@Light@Ogre@@QBE_NABVSphere@2@@Z+0x143,61,0.4156,14677,20.008
fourteam_ai_prefix,31736,USER32.dll!PeekMessageA+0x1f1,60,0.4088,14677,20.008
fourteam_ai_prefix,31736,RenderSystem_Direct3D11.dll!?bindGpuProgramParameters@D3D11RenderSystem@Ogre@@UAEXW4GpuProgramType@2@V?$SharedPtr@VGpuProgramParameters@Ogre@@@2@G@Z+0x54a,60,0.4088,14677,20.008
fourteam_ai_prefix,31736,battlezone98redux.exe!sub_62e070,59,0.402,14677,20.008
fourteam_ai_prefix,31736,WINMM.dll@6e1d0000!BZROpenShim::`anonymous namespace'::CaptureChunkBridgeSnapshot+0x120,58,0.3952,14677,20.008
fourteam_ai_prefix,31736,battlezone98redux.exe!sub_461fd0,58,0.3952,14677,20.008
fourteam_ai_prefix,31736,battlezone98redux.exe!sub_44cb70,58,0.3952,14677,20.008
fourteam_ai_prefix,31736,WINMM.dll@6e1d0000!BZROpenShim::`anonymous namespace'::UpdateChunkProxySlotPosition+0x37b,57,0.3884,14677,20.008
fourteam_ai_prefix,31736,OgreMain.dll!?getReceivesShadows@MovableObject@Ogre@@QAE_NXZ+0x45,57,0.3884,14677,20.008
fourteam_ai_prefix,31736,OgreMain.dll!?processVisibleObject@RenderQueue@Ogre@@QAEXPAVMovableObject@2@PAVCamera@2@_NPAUVisibleObjectsBoundsInfo@2@@Z+0x4d,57,0.3884,14677,20.008
fourteam_ai_prefix,31736,battlezone98redux.exe!sub_449910,57,0.3884,14677,20.008
fourteam_ai_prefix,31736,OgreMain.dll!?updateAnimation@Entity@Ogre@@IAEXXZ+0x184,56,0.3815,14677,20.008
fourteam_ai_prefix,31736,MSVCR120.dll!memmove+0xc7,56,0.3815,14677,20.008
fourteam_ai_prefix,31736,WINMM.dll@6e1d0000!operator delete+0xb,56,0.3815,14677,20.008
fourteam_ai_prefix,31736,OgreMain.dll!?_setPass@SceneManager@Ogre@@UAEPBVPass@2@PBV32@_N1@Z+0x9c0,56,0.3815,14677,20.008
fourteam_ai_prefix,31736,battlezone98redux.exe!sub_446360,56,0.3815,14677,20.008
fourteam_ai_prefix,31736,battlezone98redux.exe!sub_4401a0,55,0.3747,14677,20.008
fourteam_ai_prefix,31736,MSVCR120.dll!malloc+0x33,55,0.3747,14677,20.008
fourteam_ai_prefix,31736,battlezone98redux.exe!sub_47b9b0,55,0.3747,14677,20.008
fourteam_ai_prefix,31736,battlezone98redux.exe!sub_679830,55,0.3747,14677,20.008
fourteam_ai_prefix,31736,OgreMain.dll!?_populateLightList@SceneManager@Ogre@@UAEXABVVector3@2@MAAV?$HashedVector@PAVLight@Ogre@@@2@I@Z+0x232,55,0.3747,14677,20.008
fourteam_ai_prefix,31736,battlezone98redux.exe!sub_4917f0,55,0.3747,14677,20.008
fourteam_ai_prefix,31736,WINMM.dll@6e1d0000!BZROpenShim::ChunkEffectSimulateHook+0x41e,55,0.3747,14677,20.008
fourteam_ai_prefix,31736,WINMM.dll@6e1d0000!BZROpenShim::Log+0x51,54,0.3679,14677,20.008
fourteam_ai_prefix,31736,battlezone98redux.exe!sub_611610,54,0.3679,14677,20.008
fourteam_ai_prefix,31736,WINMM.dll@6e1d0000!BZROpenShim::`anonymous namespace'::LogChunkDiagnostic+0x68,53,0.3611,14677,20.008
fourteam_ai_prefix,31736,OgreMain.dll!?tempSkelAnimBuffersBound@Entity@Ogre@@IBE_N_N@Z+0x5a,53,0.3611,14677,20.008
fourteam_ai_prefix,31736,WINMM.dll@6e1d0000!BZROpenShim::`anonymous namespace'::AppendGenericChunkBatchGeometry+0xc4,53,0.3611,14677,20.008
fourteam_ai_prefix,31736,MSVCR120.dll!??2@YAPAXI@Z+0xe,53,0.3611,14677,20.008
fourteam_ai_prefix,31736,MSVCR120.dll!_findfirst64i32+0x4c,53,0.3611,14677,20.008
fourteam_ai_prefix,31736,nvwgf2um.dll!NVENCODEAPI_Thunk+0x59ceb,52,0.3543,14677,20.008
fourteam_ai_prefix,31736,nvwgf2um.dll!OpenAdapter10+0x23bb0,52,0.3543,14677,20.008
fourteam_ai_prefix,31736,nvwgf2um.dll!OpenAdapter10+0x73f53,52,0.3543,14677,20.008
fourteam_ai_prefix,31736,ntdll.dll!write_string+0x31,52,0.3543,14677,20.008
fourteam_ai_prefix,31736,ntdll.dll!_ZwCreateFile@44+0xc,52,0.3543,14677,20.008
fourteam_ai_prefix,31736,KERNELBASE.dll!CreateFileW+0x80,52,0.3543,14677,20.008
fourteam_ai_prefix,31736,WINMM.dll@6e1d0000!BZROpenShim::`anonymous namespace'::Hooked_CreateFileW+0x92,52,0.3543,14677,20.008
fourteam_ai_prefix,31736,battlezone98redux.exe!get,51,0.3475,14677,20.008
fourteam_ai_prefix,31736,RenderSystem_Direct3D11.dll!??0D3D11RenderWindowSwapChainBased@Ogre@@QAE@ABV01@@Z+0x9c2,51,0.3475,14677,20.008
fourteam_ai_prefix,31736,ntdll.dll!_RtlFreeHeap@12+0xca,51,0.3475,14677,20.008
fourteam_ai_prefix,31736,RenderSystem_Direct3D11.dll!?unlockImpl@D3D11HardwareBuffer@Ogre@@MAEXXZ+0x56,51,0.3475,14677,20.008
fourteam_ai_prefix,31736,RenderSystem_Direct3D11.dll!?bindGpuProgramParameters@D3D11RenderSystem@Ogre@@UAEXW4GpuProgramType@2@V?$SharedPtr@VGpuProgramParameters@Ogre@@@2@G@Z+0xad,51,0.3475,14677,20.008
fourteam_ai_prefix,31736,ntdll.dll!write_char+0x1e,51,0.3475,14677,20.008
fourteam_ai_prefix,31736,WINMM.dll@6e1d0000!BZROpenShim::`anonymous namespace'::WriteFormattedMessage+0x1b6,50,0.3407,14677,20.008
fourteam_ai_prefix,31736,OgreMain.dll!?isVisible@Frustum@Ogre@@UBE_NABVAxisAlignedBox@2@PAW4FrustumPlane@2@@Z+0xb0,50,0.3407,14677,20.008
fourteam_ai_prefix,31736,battlezone98redux.exe!sub_81fe60,50,0.3407,14677,20.008
fourteam_ai_prefix,31736,MSVCR120.dll!log2f+0x11,50,0.3407,14677,20.008
fourteam_ai_prefix,31736,WINMM.dll@6e1d0000!BZROpenShim::LegacyWorldUpdateRenderQueueHook+0x21d,50,0.3407,14677,20.008
fourteam_ai_prefix,31736,MSVCR120.dll!_wfindfirst64i32+0x4d,50,0.3407,14677,20.008
fourteam_ai_prefix,31736,ucrtbase.dll!_free+0x18,49,0.3339,14677,20.008
fourteam_ai_prefix,31736,ntdll.dll!_KiUserExceptionDispatcher@8,49,0.3339,14677,20.008
fourteam_ai_prefix,31736,battlezone98redux.exe!sub_6786f0,49,0.3339,14677,20.008
fourteam_ai_prefix,31736,battlezone98redux.exe!sub_4aeb80,49,0.3339,14677,20.008
fourteam_ai_prefix,31736,battlezone98redux.exe!sub_62e710,49,0.3339,14677,20.008
fourteam_ai_prefix,31736,battlezone98redux.exe!sub_62e780,49,0.3339,14677,20.008
fourteam_ai_prefix,31736,ntdll.dll!LdrpNameToOrdinal+0x3c,49,0.3339,14677,20.008
fourteam_ai_prefix,31736,battlezone98redux.exe!sub_611270,49,0.3339,14677,20.008
fourteam_ai_prefix,31736,battlezone98redux.exe!sub_6687b0,49,0.3339,14677,20.008
fourteam_ai_prefix,31736,OgreMain.dll!?position@ManualObject@Ogre@@UAEXMMM@Z+0xd9,48,0.327,14677,20.008
fourteam_ai_prefix,31736,OgreMain.dll!?buffersCheckedOut@TempBlendedBufferInfo@Ogre@@QBE_N_N0@Z+0x35,48,0.327,14677,20.008
fourteam_ai_prefix,31736,d3d11.dll!D3D11CoreCreateLayeredDevice+0x942,48,0.327,14677,20.008
fourteam_ai_prefix,31736,d3d11.dll+0x2b07d,48,0.327,14677,20.008
fourteam_ai_prefix,31736,battlezone98redux.exe!sub_442e70,48,0.327,14677,20.008
fourteam_ai_prefix,31736,battlezone98redux.exe!sub_4220f0,48,0.327,14677,20.008
fourteam_ai_prefix,31736,MSVCP120.dll!?_Fiopen@std@@YAPAU_iobuf@@PB_WHH@Z+0x22,48,0.327,14677,20.008
fourteam_ai_prefix,31736,MSVCR120.dll!_sopen+0xa7,48,0.327,14677,20.008
fourteam_ai_prefix,31736,MSVCR120.dll!_filbuf+0x234,48,0.327,14677,20.008
fourteam_ai_prefix,31736,MSVCP120.dll!??_D?$basic_istream@DU?$char_traits@D@std@@@std@@QAEXXZ+0x109,48,0.327,14677,20.008
fourteam_ai_prefix,31736,battlezone98redux.exe!sub_423150,48,0.327,14677,20.008
fourteam_ai_prefix,31736,MSVCR120.dll!_sopen_s+0x19,48,0.327,14677,20.008
fourteam_ai_prefix,31736,MSVCR120.dll!_fsopen+0x9a,48,0.327,14677,20.008
fourteam_ai_prefix,31736,MSVCR120.dll!putwchar+0x24e,48,0.327,14677,20.008
fourteam_ai_prefix,31736,MSVCR120.dll!_sopen+0x152,48,0.327,14677,20.008
fourteam_ai_prefix,31736,WINMM.dll@6e1d0000!BZROpenShim::`anonymous namespace'::TryCreateChunkMeshProxyObjects+0xf9,48,0.327,14677,20.008
fourteam_ai_prefix,31736,WINMM.dll@6e1d0000!BZROpenShim::`anonymous namespace'::CreateChunkMeshProxyEntity+0x82,48,0.327,14677,20.008
fourteam_ai_prefix,31736,WINMM.dll@6e1d0000!BZROpenShim::`anonymous namespace'::EnsureChunkMeshProxySlot+0x322,48,0.327,14677,20.008
fourteam_ai_prefix,31736,d3d11.dll!CreateDirect3D11DeviceFromDXGIDevice+0x9aae8,47,0.3202,14677,20.008
fourteam_ai_prefix,31736,d3d11.dll!CreateDirect3D11DeviceFromDXGIDevice+0xa4628,47,0.3202,14677,20.008
fourteam_ai_prefix,31736,OgreMain.dll!?openResource@ResourceGroupManager@Ogre@@QAE?AV?$SharedPtr@VDataStream@Ogre@@@2@ABV?$basic_string@DU?$char_traits@D@std@@V?$allocator@D@2@@std@@0_NPAVResource@2@@Z+0x4d1,47,0.3202,14677,20.008
fourteam_ai_prefix,31736,battlezone98redux.exe!sub_4428b0,46,0.3134,14677,20.008
fourteam_ai_prefix,31736,OgreMain.dll!?addRenderable@RenderQueue@Ogre@@QAEXPAVRenderable@2@EG@Z+0x1e1,46,0.3134,14677,20.008
fourteam_ai_prefix,31736,battlezone98redux.exe!sub_4513e0,46,0.3134,14677,20.008
fourteam_ai_prefix,31736,battlezone98redux.exe!sub_4cb7b0,46,0.3134,14677,20.008
fourteam_ai_prefix,31736,battlezone98redux.exe!sub_4c9ab0,46,0.3134,14677,20.008
fourteam_ai_prefix,31736,battlezone98redux.exe!back,45,0.3066,14677,20.008
fourteam_ai_prefix,31736,dxgi.dll!DXGIDisableVBlankVirtualization+0x8b36,45,0.3066,14677,20.008
fourteam_ai_prefix,31736,dxgi.dll!DXGIDisableVBlankVirtualization+0x7920,45,0.3066,14677,20.008
fourteam_ai_prefix,31736,ntdll.dll!_ZwOpenFile@24+0xc,45,0.3066,14677,20.008
fourteam_ai_prefix,31736,battlezone98redux.exe!sub_452580,44,0.2998,14677,20.008
fourteam_ai_prefix,31736,dxgi.dll!DXGIDisableVBlankVirtualization+0x6f4e,44,0.2998,14677,20.008
fourteam_ai_prefix,31736,dxgi.dll!DXGIDisableVBlankVirtualization+0x13893,44,0.2998,14677,20.008
fourteam_ai_prefix,31736,dxgi.dll!DXGIDisableVBlankVirtualization+0x14f03,44,0.2998,14677,20.008
fourteam_ai_prefix,31736,dxgi.dll!DXGIDisableVBlankVirtualization+0x138f9,44,0.2998,14677,20.008
fourteam_ai_prefix,31736,ntdll.dll!_LdrpAddUnicodeStringToSnapsBuffer@4+0x25,43,0.293,14677,20.008
fourteam_ai_prefix,31736,battlezone98redux.exe!sub_4f90a0,42,0.2862,14677,20.008
fourteam_ai_prefix,31736,battlezone98redux.exe!sub_6116a0,42,0.2862,14677,20.008
fourteam_ai_prefix,31736,ucrtbase.dll!__free_base+0x1b,42,0.2862,14677,20.008
fourteam_ai_prefix,31736,WINMM.dll@6e1d0000!BZROpenShim::LegacyWorldUpdateRenderQueueHook+0x218,42,0.2862,14677,20.008
fourteam_ai_prefix,31736,battlezone98redux.exe!sub_679570,42,0.2862,14677,20.008
fourteam_ai_prefix,31736,WINMM.dll@6e1d0000!BZROpenShim::`anonymous namespace'::TryGetChunkProxyTransform+0xf4,41,0.2793,14677,20.008
fourteam_ai_prefix,31736,battlezone98redux.exe!sub_444ba0,41,0.2793,14677,20.008
fourteam_ai_prefix,31736,battlezone98redux.exe!sub_4db600,41,0.2793,14677,20.008
fourteam_ai_prefix,31736,battlezone98redux.exe!_Vector_iterator<>,41,0.2793,14677,20.008
fourteam_ai_prefix,31736,OgreMain.dll!?addRenderable@RenderQueueGroup@Ogre@@QAEXPAVRenderable@2@PAVTechnique@2@G@Z+0xfc,40,0.2725,14677,20.008
fourteam_ai_prefix,31736,WINMM.dll@6e1d0000!BZROpenShim::`anonymous namespace'::WriteFormattedMessage+0x117,40,0.2725,14677,20.008
fourteam_ai_prefix,31736,ntdll.dll!write_char+0x21,40,0.2725,14677,20.008
fourteam_ai_prefix,31736,OgreMain.dll!?addRenderable@RenderQueue@Ogre@@QAEXPAVRenderable@2@E@Z+0x13,39,0.2657,14677,20.008
fourteam_ai_prefix,31736,OgreMain.dll!?_calcTempSquareDist@Light@Ogre@@QAEXABVVector3@2@@Z+0x25,39,0.2657,14677,20.008
fourteam_ai_prefix,31736,ntdll.dll!_RtlInitString@8+0x1b,39,0.2657,14677,20.008
fourteam_ai_prefix,31736,win32u.dll!_NtUserPeekMessage@24+0xc,39,0.2657,14677,20.008
fourteam_ai_prefix,31736,battlezone98redux.exe!sub_4675f0,39,0.2657,14677,20.008
fourteam_ai_prefix,31736,OgreMain.dll!?getTechnique@SubEntity@Ogre@@UBEPAVTechnique@2@XZ+0xe,39,0.2657,14677,20.008
fourteam_ai_prefix,31736,WINMM.dll@6e1d0000!BZROpenShim::`anonymous namespace'::UpdateChunkProxySlotPosition+0x436,38,0.2589,14677,20.008
fourteam_ai_prefix,31736,battlezone98redux.exe!sub_45c4b0,38,0.2589,14677,20.008
fourteam_ai_prefix,31736,OgreMain.dll!?visitRenderables@Entity@Ogre@@UAEXPAVVisitor@Renderable@2@_N@Z+0x2f,38,0.2589,14677,20.008
fourteam_ai_prefix,31736,battlezone98redux.exe!sub_44dca0,37,0.2521,14677,20.008
fourteam_ai_prefix,31736,OgreMain.dll!?_writeRawConstant@GpuProgramParameters@Ogre@@QAEXIABVVector4@2@I@Z+0x25,37,0.2521,14677,20.008
fourteam_ai_prefix,31736,OgreMain.dll!?getVertexProgram@Pass@Ogre@@QBEABV?$SharedPtr@VGpuProgram@Ogre@@@2@XZ+0xc,37,0.2521,14677,20.008
fourteam_ai_prefix,31736,MSVCR120.dll!floor+0x15,37,0.2521,14677,20.008
fourteam_ai_prefix,31736,battlezone98redux.exe!sub_67df70,37,0.2521,14677,20.008
fourteam_ai_prefix,31736,ntdll.dll!__fputwc_nolock+0x2e,37,0.2521,14677,20.008
fourteam_ai_prefix,31736,WINMM.dll@6e1d0000!BZROpenShim::`anonymous namespace'::AppendGenericChunkBatchGeometry+0x165,36,0.2453,14677,20.008
fourteam_ai_prefix,31736,battlezone98redux.exe!FID_conflict:end,36,0.2453,14677,20.008
fourteam_ai_prefix,31736,battlezone98redux.exe!sub_4da060,36,0.2453,14677,20.008
fourteam_ai_prefix,31736,WINMM.dll@6e1d0000!BZROpenShim::`anonymous namespace'::TryResolveChunkPayloadMeshResource+0x411,36,0.2453,14677,20.008
fourteam_ai_prefix,31736,"WINMM.dll@6e1d0000!std::_Hash_vec<std::allocator<std::_List_unchecked_iterator<std::_List_val<std::_List_simple_types<std::pair<void * const,int> > > > > >::_Assign_grow+0x68",36,0.2453,14677,20.008
fourteam_ai_prefix,31736,d3d11.dll+0x36548,36,0.2453,14677,20.008
fourteam_ai_prefix,31736,RenderSystem_Direct3D11.dll!?_render@D3D11RenderSystem@Ogre@@UAEXABVRenderOperation@2@@Z+0x177,36,0.2453,14677,20.008
fourteam_ai_prefix,31736,ntdll.dll!_RtlAnsiCharToUnicodeChar@4+0x9d,36,0.2453,14677,20.008
fourteam_ai_prefix,31736,battlezone98redux.exe!sub_4db100,35,0.2385,14677,20.008
fourteam_ai_prefix,31736,"ucrtbase.dll!__crt_seh_guarded_call<int>::operator()<<lambda_6d20deecaf4856105ebacbad442d1079>,<lambda_9a32fed5bf61b6b509b2d3f6003082a1> &,<lambda_63ea2239ed67c638ddbae41947fdf875> >+0x2f",35,0.2385,14677,20.008
fourteam_ai_prefix,31736,ucrtbase.dll!_fflush_nolock_internal+0xe,35,0.2385,14677,20.008
fourteam_ai_prefix,31736,ucrtbase.dll!__write_nolock+0xc4,35,0.2385,14677,20.008
fourteam_ai_prefix,31736,ucrtbase.dll!___acrt_stdio_flush_nolock+0x49,35,0.2385,14677,20.008
fourteam_ai_prefix,31736,ucrtbase.dll!_fflush+0x3f,35,0.2385,14677,20.008
fourteam_ai_prefix,31736,ucrtbase.dll!__write_internal+0x9a,35,0.2385,14677,20.008
fourteam_ai_prefix,31736,WINMM.dll@6e1d0000!BZROpenShim::`anonymous namespace'::WriteLineUnlocked+0x134,35,0.2385,14677,20.008
fourteam_ai_prefix,31736,MSVCR120.dll!_findnext64i32+0x27,35,0.2385,14677,20.008
fourteam_ai_prefix,31736,OgreMain.dll!?updateGpuProgramParameters@SceneManager@Ogre@@MAEXPBVPass@2@@Z+0x7e,34,0.2317,14677,20.008
fourteam_ai_prefix,31736,d3d11.dll!D3D11CoreCreateLayeredDevice+0x9df,34,0.2317,14677,20.008
fourteam_ai_prefix,31736,battlezone98redux.exe!sub_680bd0,34,0.2317,14677,20.008
fourteam_ai_prefix,31736,battlezone98redux.exe!sub_44f020,34,0.2317,14677,20.008
fourteam_ai_prefix,31736,battlezone98redux.exe!sub_48efe0,34,0.2317,14677,20.008
fourteam_ai_prefix,31736,ucrtbase.dll!write_text_ansi_nolock+0x98,34,0.2317,14677,20.008
fourteam_ai_prefix,31736,ntdll.dll!_ZwWriteFile@36+0xc,34,0.2317,14677,20.008
fourteam_ai_prefix,31736,RenderSystem_Direct3D11.dll!?_render@D3D11RenderSystem@Ogre@@UAEXABVRenderOperation@2@@Z+0xe2,34,0.2317,14677,20.008
fourteam_ai_prefix,31736,ntdll.dll!_LdrGetProcedureAddressForCaller@24+0x342,34,0.2317,14677,20.008
fourteam_ai_prefix,31736,OgreMain.dll!?getWorldViewProjMatrix@AutoParamDataSource@Ogre@@UBEABVMatrix4@2@XZ+0x1c,33,0.2248,14677,20.008
fourteam_ai_prefix,31736,OgreMain.dll!?_findNamedConstantDefinition@GpuProgramParameters@Ogre@@QBEPBUGpuConstantDefinition@2@ABV?$basic_string@DU?$char_traits@D@std@@V?$allocator@D@2@@std@@_N@Z+0xdb,33,0.2248,14677,20.008
fourteam_ai_prefix,31736,OgreMain.dll!?findLightsAffectingFrustum@SceneManager@Ogre@@MAEXPBVCamera@2@@Z+0x119,33,0.2248,14677,20.008
fourteam_ai_prefix,31736,ntdll.dll!_RtlAppendUnicodeStringToString@8+0x3e,33,0.2248,14677,20.008
fourteam_ai_prefix,31736,OgreMain.dll!?createInstanceImpl@EntityFactory@Ogre@@MAEPAVMovableObject@2@ABV?$basic_string@DU?$char_traits@D@std@@V?$allocator@D@2@@std@@PBV?$map@V?$basic_string@DU?$char_traits@D@std@@V?$allocator@D@2@@std@@V12@U?$less@V?$basic_string@DU?$char_traits@D@std@@V?$allocator@D@2@@std@@@2@V?$STLAllocator@U?$pair@$$CBV?$basic_string@DU?$char_traits@D@std@@V?$allocator@D@2@@std@@V12@@std@@V?$CategorisedAllocPolicy@$0A@@Ogre@@@Ogre@@@5@@Z+0x30d,33,0.2248,14677,20.008
fourteam_ai_prefix,31736,ntdll.dll!_RtlCustomCPToUnicodeN@24+0x6b,32,0.218,14677,20.008
fourteam_ai_prefix,31736,OgreMain.dll!?_issueRenderOp@SceneManager@Ogre@@UAEXPAVRenderable@2@PBVPass@2@@Z+0x64,32,0.218,14677,20.008
fourteam_ai_prefix,31736,RenderSystem_Direct3D11.dll!?getILayoutByShader@D3D11VertexDeclaration@Ogre@@IAEPAUID3D11InputLayout@@PAVD3D11HLSLProgram@2@PAVVertexBufferBinding@2@@Z+0x253,32,0.218,14677,20.008
fourteam_ai_prefix,31736,WINMM.dll@6e1d0000!BZROpenShim::`anonymous namespace'::ProcessVisibleObjectHook+0xb4,32,0.218,14677,20.008
fourteam_ai_prefix,31736,d3d11.dll!CreateDirect3D11DeviceFromDXGIDevice+0x9ac60,32,0.218,14677,20.008
fourteam_ai_prefix,31736,ntdll.dll!_RtlpLocalInfoAllocFromCache@8+0x242,32,0.218,14677,20.008
fourteam_ai_prefix,31736,OgreMain.dll!?prepareShadowTextures@SceneManager@Ogre@@UAEXPAVCamera@2@PAVViewport@2@PBV?$HashedVector@PAVLight@Ogre@@@2@@Z+0x377,32,0.218,14677,20.008
fourteam_ai_prefix,31736,OgreMain.dll!?updateGpuProgramParameters@SceneManager@Ogre@@MAEXPBVPass@2@@Z+0xd0,32,0.218,14677,20.008
fourteam_ai_prefix,31736,WINMM.dll@6e1d0000!BZROpenShim::`anonymous namespace'::LogChunkDiagnostic+0x7c,32,0.218,14677,20.008
fourteam_ai_prefix,31736,OgreMain.dll!??0Entity@Ogre@@IAE@ABV?$basic_string@DU?$char_traits@D@std@@V?$allocator@D@2@@std@@ABV?$SharedPtr@VMesh@Ogre@@@1@@Z+0x3a1,32,0.218,14677,20.008
fourteam_ai_prefix,31736,ntdll.dll!write_char+0xc,32,0.218,14677,20.008
fourteam_ai_prefix,31736,KERNELBASE.dll!OutputDebugStringA+0x50,31,0.2112,14677,20.008
fourteam_ai_prefix,31736,battlezone98redux.exe!sub_68c560,31,0.2112,14677,20.008
fourteam_ai_prefix,31736,battlezone98redux.exe!sub_678779,31,0.2112,14677,20.008
fourteam_ai_prefix,31736,battlezone98redux.exe!sub_443060,31,0.2112,14677,20.008
fourteam_ai_prefix,31736,ntdll.dll!_LdrpReleaseModuleDatatableLockShared@0+0xd,31,0.2112,14677,20.008
fourteam_ai_prefix,31736,OgreMain.dll!?getShadowCamera@PSSMShadowCameraSetup@Ogre@@UBEXPBVSceneManager@2@PBVCamera@2@PBVViewport@2@PBVLight@2@PAV42@I@Z+0xbc,31,0.2112,14677,20.008
fourteam_ai_prefix,31736,WINMM.dll@6e1d0000!BZROpenShim::LogShimW+0x53,31,0.2112,14677,20.008
fourteam_ai_prefix,31736,battlezone98redux.exe!sub_4dfbf0,31,0.2112,14677,20.008
fourteam_ai_prefix,31736,battlezone98redux.exe!sub_462a70,31,0.2112,14677,20.008
fourteam_ai_prefix,31736,OgreMain.dll!?_prepare@TextureUnitState@Ogre@@QAEXXZ+0x2d,31,0.2112,14677,20.008
fourteam_ai_prefix,31736,RenderSystem_Direct3D11.dll!?prepareImpl@D3D11Texture@Ogre@@MAEXXZ+0x8e,31,0.2112,14677,20.008
fourteam_ai_prefix,31736,OgreMain.dll!?ensurePrepared@TextureUnitState@Ogre@@IBEXI@Z+0xe3,31,0.2112,14677,20.008
fourteam_ai_prefix,31736,OgreMain.dll!?prepare@TextureManager@Ogre@@UAE?AV?$SharedPtr@VTexture@Ogre@@@2@ABV?$basic_string@DU?$char_traits@D@std@@V?$allocator@D@2@@std@@0W4TextureType@2@HM_NW4PixelFormat@2@2@Z+0x89,31,0.2112,14677,20.008
fourteam_ai_prefix,31736,OgreMain.dll!?prepare@Resource@Ogre@@UAEX_N@Z+0x27f,31,0.2112,14677,20.008
fourteam_ai_prefix,31736,OgreMain.dll!?prepareImpl@Material@Ogre@@MAEXXZ+0x3f,31,0.2112,14677,20.008
fourteam_ai_prefix,31736,battlezone98redux.exe!sub_4c9930,31,0.2112,14677,20.008
fourteam_ai_prefix,31736,battlezone98redux.exe!sub_4cabf0,31,0.2112,14677,20.008
fourteam_ai_prefix,31736,ntdll.dll!_LdrpAddUnicodeStringToSnapsBuffer@4+0x19,30,0.2044,14677,20.008
fourteam_ai_prefix,31736,ntdll.dll!_LdrpReportError@12+0xae,30,0.2044,14677,20.008
fourteam_ai_prefix,31736,ntdll.dll!write_char+0x35,30,0.2044,14677,20.008
fourteam_ai_prefix,31736,OgreMain.dll!?_update@SceneNode@Ogre@@UAEX_N0@Z+0x11,30,0.2044,14677,20.008
fourteam_ai_prefix,31736,battlezone98redux.exe!sub_4621a0,30,0.2044,14677,20.008
fourteam_ai_prefix,31736,battlezone98redux.exe!sub_586ff0,30,0.2044,14677,20.008
fourteam_ai_prefix,31736,battlezone98redux.exe!sub_41fe40,30,0.2044,14677,20.008
fourteam_ai_prefix,31736,OgreMain.dll!?findFiles@FileSystemArchive@Ogre@@IAEXABV?$basic_string@DU?$char_traits@D@std@@V?$allocator@D@2@@std@@_N1PAV?$vector@V?$basic_string@DU?$char_traits@D@std@@V?$allocator@D@2@@std@@V?$STLAllocator@V?$basic_string@DU?$char_traits@D@std@@V?$allocator@D@2@@std@@V?$CategorisedAllocPolicy@$0A@@Ogre@@@Ogre@@@4@PAV?$vector@UFileInfo@Ogre@@V?$STLAllocator@UFileInfo@Ogre@@V?$CategorisedAllocPolicy@$0A@@2@@2@@4@@Z+0x14b,30,0.2044,14677,20.008
fourteam_ai_prefix,31736,ntdll.dll!_ZwQueryDirectoryFileEx@40+0xc,30,0.2044,14677,20.008
fourteam_ai_prefix,31736,OgreMain.dll!?findFiles@FileSystemArchive@Ogre@@IAEXABV?$basic_string@DU?$char_traits@D@std@@V?$allocator@D@2@@std@@_N1PAV?$vector@V?$basic_string@DU?$char_traits@D@std@@V?$allocator@D@2@@std@@V?$STLAllocator@V?$basic_string@DU?$char_traits@D@std@@V?$allocator@D@2@@std@@V?$CategorisedAllocPolicy@$0A@@Ogre@@@Ogre@@@4@PAV?$vector@UFileInfo@Ogre@@V?$STLAllocator@UFileInfo@Ogre@@V?$CategorisedAllocPolicy@$0A@@2@@2@@4@@Z+0x5b4,30,0.2044,14677,20.008
fourteam_ai_prefix,31736,OgreMain.dll!?getProgram@Pass@Ogre@@IBEABV?$SharedPtr@VGpuProgram@Ogre@@@2@PBQAVGpuProgramUsage@2@@Z+0x1c,29,0.1976,14677,20.008
fourteam_ai_prefix,31736,battlezone98redux.exe!sub_4a08e0,29,0.1976,14677,20.008
fourteam_ai_prefix,31736,ntdll.dll!_RtlAbPostRelease@8+0x28,29,0.1976,14677,20.008
fourteam_ai_prefix,31736,OgreMain.dll!?isVisible@ShadowRenderable@Ogre@@UBE_NXZ+0x236,29,0.1976,14677,20.008
fourteam_ai_prefix,31736,nvwgf2um.dll!OpenAdapter10+0x72b2d,29,0.1976,14677,20.008
fourteam_ai_prefix,31736,nvwgf2um.dll!OpenAdapter10+0x74e6d,29,0.1976,14677,20.008
fourteam_ai_prefix,31736,battlezone98redux.exe!sub_46d0a0,29,0.1976,14677,20.008
fourteam_ai_prefix,31736,battlezone98redux.exe!sub_451250,29,0.1976,14677,20.008
fourteam_ai_prefix,31736,battlezone98redux.exe!sub_584fe0,29,0.1976,14677,20.008
fourteam_ai_prefix,31736,battlezone98redux.exe!sub_480340,29,0.1976,14677,20.008
fourteam_ai_prefix,31736,battlezone98redux.exe!sub_46b260,29,0.1976,14677,20.008
fourteam_ai_prefix,31736,RenderSystem_Direct3D11.dll!?uninstall@D3D11Plugin@Ogre@@UAEXXZ+0x625f,29,0.1976,14677,20.008
fourteam_ai_prefix,31736,ntdll.dll!__output_l+0x11e,29,0.1976,14677,20.008
fourteam_ai_prefix,31736,ntdll.dll!write_char+0x3,29,0.1976,14677,20.008
fourteam_ai_prefix,31736,ntdll.dll!__output_l+0xc4,29,0.1976,14677,20.008
fourteam_ai_prefix,31736,RenderSystem_Direct3D11.dll!?_render@D3D11RenderSystem@Ogre@@UAEXABVRenderOperation@2@@Z+0x5b,28,0.1908,14677,20.008
fourteam_ai_prefix,31736,RenderSystem_Direct3D11.dll!?_render@D3D11RenderSystem@Ogre@@UAEXABVRenderOperation@2@@Z+0x5b4,28,0.1908,14677,20.008
fourteam_ai_prefix,31736,d3d11.dll!D3D11CoreCreateDevice+0x9538,28,0.1908,14677,20.008
fourteam_ai_prefix,31736,battlezone98redux.exe!sub_451370,28,0.1908,14677,20.008
fourteam_ai_prefix,31736,OgreMain.dll!?getParameters@GpuProgramUsage@Ogre@@QAE?AV?$SharedPtr@VGpuProgramParameters@Ogre@@@2@XZ+0xe7,28,0.1908,14677,20.008
fourteam_ai_prefix,31736,battlezone98redux.exe!sub_444d50,28,0.1908,14677,20.008
fourteam_ai_prefix,31736,OgreMain.dll!?createInstanceImpl@EntityFactory@Ogre@@MAEPAVMovableObject@2@ABV?$basic_string@DU?$char_traits@D@std@@V?$allocator@D@2@@std@@PBV?$map@V?$basic_string@DU?$char_traits@D@std@@V?$allocator@D@2@@std@@V12@U?$less@V?$basic_string@DU?$char_traits@D@std@@V?$allocator@D@2@@std@@@2@V?$STLAllocator@U?$pair@$$CBV?$basic_string@DU?$char_traits@D@std@@V?$allocator@D@2@@std@@V12@@std@@V?$CategorisedAllocPolicy@$0A@@Ogre@@@Ogre@@@5@@Z+0x26d,28,0.1908,14677,20.008
fourteam_ai_prefix,31736,ntdll.dll!_RtlInitAnsiString@8+0x1b,28,0.1908,14677,20.008
fourteam_ai_prefix,31736,OgreMain.dll!?_updateBounds@SceneNode@Ogre@@UAEXXZ+0x19c,27,0.184,14677,20.008
fourteam_ai_prefix,31736,ntdll.dll!_LdrpAddUnicodeStringToSnapsBuffer@4+0x46,27,0.184,14677,20.008
fourteam_ai_prefix,31736,WINMM.dll@6e1d0000!BZROpenShim::`anonymous namespace'::TryResolveChunkProxyPositionFromCandidates+0x150,27,0.184,14677,20.008
fourteam_ai_prefix,31736,battlezone98redux.exe!sub_462710,27,0.184,14677,20.008
fourteam_ai_prefix,31736,RenderSystem_Direct3D11.dll!?getILayoutByShader@D3D11VertexDeclaration@Ogre@@IAEPAUID3D11InputLayout@@PAVD3D11HLSLProgram@2@PAVVertexBufferBinding@2@@Z+0x24f,27,0.184,14677,20.008
fourteam_ai_prefix,31736,d3d11.dll+0x2704e,27,0.184,14677,20.008
fourteam_ai_prefix,31736,WINMM.dll@6e1d0000!BZROpenShim::`anonymous namespace'::RefreshHeadlightState+0x38,27,0.184,14677,20.008
fourteam_ai_prefix,31736,battlezone98redux.exe!sub_440130,27,0.184,14677,20.008
fourteam_ai_prefix,31736,ntdll.dll!__output_l+0x9e,27,0.184,14677,20.008
fourteam_ai_prefix,31736,d3d11.dll!CreateDirect3D11DeviceFromDXGIDevice+0x9f925,27,0.184,14677,20.008
fourteam_ai_prefix,31736,dxgi.dll!CompatString+0x2600,26,0.1771,14677,20.008
fourteam_ai_prefix,31736,OgreMain.dll!?renderQueueStarted@RQListener@CompositorChain@Ogre@@UAEXEABV?$basic_string@DU?$char_traits@D@std@@V?$allocator@D@2@@std@@AA_N@Z+0x1c,26,0.1771,14677,20.008
fourteam_ai_prefix,31736,OgreMain.dll!?flushUpTo@RQListener@CompositorChain@Ogre@@QAEXE@Z+0x27,26,0.1771,14677,20.008
fourteam_ai_prefix,31736,battlezone98redux.exe!sub_480f40,26,0.1771,14677,20.008
fourteam_ai_prefix,31736,WINMM.dll@6e1d0000!BZROpenShim::`anonymous namespace'::TryPromoteChunkProxyLocalTransformToAnchoredWorld+0x12a,26,0.1771,14677,20.008
fourteam_ai_prefix,31736,WINMM.dll@6e1d0000!BZROpenShim::`anonymous namespace'::TrackChunkProxyDebugEntry+0x222,26,0.1771,14677,20.008
fourteam_ai_prefix,31736,MSVCR120.dll!floor+0x19,26,0.1771,14677,20.008
fourteam_ai_prefix,31736,ntdll.dll!_ZwQuerySystemInformation@16+0xc,26,0.1771,14677,20.008
fourteam_ai_prefix,31736,MSVCR120.dll!_findnext64+0x97,26,0.1771,14677,20.008
fourteam_ai_prefix,31736,KERNELBASE.dll!SystemTimeToTzSpecificLocalTime+0x4c,26,0.1771,14677,20.008
fourteam_ai_prefix,31736,OgreMain.dll!?openResource@ResourceGroupManager@Ogre@@QAE?AV?$SharedPtr@VDataStream@Ogre@@@2@ABV?$basic_string@DU?$char_traits@D@std@@V?$allocator@D@2@@std@@0_NPAVResource@2@@Z+0x498,26,0.1771,14677,20.008
fourteam_ai_prefix,31736,OgreMain.dll!?load@MeshManager@Ogre@@QAE?AV?$SharedPtr@VMesh@Ogre@@@2@ABV?$basic_string@DU?$char_traits@D@std@@V?$allocator@D@2@@std@@0W4Usage@HardwareBuffer@2@1_N2@Z+0xb7,26,0.1771,14677,20.008
fourteam_ai_prefix,31736,OgreMain.dll!?load@Resource@Ogre@@UAEX_N@Z+0x2e4,26,0.1771,14677,20.008
fourteam_ai_prefix,31736,OgreMain.dll!?prepareImpl@Mesh@Ogre@@MAEXXZ+0xdb,26,0.1771,14677,20.008
fourteam_ai_prefix,31736,OgreMain.dll!?_update@Node@Ogre@@UAEX_N0@Z+0x54,25,0.1703,14677,20.008
fourteam_ai_prefix,31736,battlezone98redux.exe!sub_780c70,25,0.1703,14677,20.008
fourteam_ai_prefix,31736,battlezone98redux.exe!sub_7753c0,25,0.1703,14677,20.008
fourteam_ai_prefix,31736,battlezone98redux.exe!sub_774f80,25,0.1703,14677,20.008
fourteam_ai_prefix,31736,OgreMain.dll!?_initialise@Entity@Ogre@@QAEX_N@Z+0x12d,25,0.1703,14677,20.008
fourteam_ai_prefix,31736,KERNELBASE.dll!QueryUnbiasedInterruptTimePrecise+0x7e,25,0.1703,14677,20.008
fourteam_ai_prefix,31736,OgreMain.dll!?findFiles@FileSystemArchive@Ogre@@IAEXABV?$basic_string@DU?$char_traits@D@std@@V?$allocator@D@2@@std@@_N1PAV?$vector@V?$basic_string@DU?$char_traits@D@std@@V?$allocator@D@2@@std@@V?$STLAllocator@V?$basic_string@DU?$char_traits@D@std@@V?$allocator@D@2@@std@@V?$CategorisedAllocPolicy@$0A@@Ogre@@@Ogre@@@4@PAV?$vector@UFileInfo@Ogre@@V?$STLAllocator@UFileInfo@Ogre@@V?$CategorisedAllocPolicy@$0A@@2@@2@@4@@Z+0x4ea,25,0.1703,14677,20.008
fourteam_ai_prefix,31736,OgreMain.dll!?getHasInstanceData@VertexBufferBinding@Ogre@@UBE_NXZ+0x17,24,0.1635,14677,20.008
fourteam_ai_prefix,31736,WINMM.dll@6e1d0000!BZROpenShim::`anonymous namespace'::AppendGenericChunkBatchGeometry+0xa4,24,0.1635,14677,20.008
fourteam_ai_prefix,31736,ntdll.dll!_RtlpIsUtf8Process@4+0x3,24,0.1635,14677,20.008
fourteam_ai_prefix,31736,RenderSystem_Direct3D11.dll!?bindGpuProgramParameters@D3D11RenderSystem@Ogre@@UAEXW4GpuProgramType@2@V?$SharedPtr@VGpuProgramParameters@Ogre@@@2@G@Z+0x187,24,0.1635,14677,20.008
fourteam_ai_prefix,31736,OgreMain.dll!?processVisibleObject@RenderQueue@Ogre@@QAEXPAVMovableObject@2@PAVCamera@2@_NPAUVisibleObjectsBoundsInfo@2@@Z+0xd9,24,0.1635,14677,20.008
fourteam_ai_prefix,31736,OgreMain.dll!?copyTempVertexToBuffer@ManualObject@Ogre@@MAEXXZ+0x64,24,0.1635,14677,20.008
fourteam_ai_prefix,31736,OgreMain.dll!?touch@Resource@Ogre@@UAEXXZ+0xa,24,0.1635,14677,20.008
fourteam_ai_prefix,31736,battlezone98redux.exe!FID_conflict:operator!=,24,0.1635,14677,20.008
fourteam_ai_prefix,31736,battlezone98redux.exe!sub_784100,24,0.1635,14677,20.008
fourteam_ai_prefix,31736,battlezone98redux.exe!sub_680fe0,24,0.1635,14677,20.008
fourteam_ai_prefix,31736,battlezone98redux.exe!FID_conflict:begin,24,0.1635,14677,20.008
fourteam_ai_prefix,31736,battlezone98redux.exe!sub_417780,24,0.1635,14677,20.008
fourteam_ai_prefix,31736,battlezone98redux.exe!sub_58ba60,24,0.1635,14677,20.008
fourteam_ai_prefix,31736,battlezone98redux.exe!sub_43a170,23,0.1567,14677,20.008
fourteam_ai_prefix,31736,battlezone98redux.exe!sub_583f30,23,0.1567,14677,20.008
fourteam_ai_prefix,31736,battlezone98redux.exe!sub_820570,23,0.1567,14677,20.008
fourteam_ai_prefix,31736,battlezone98redux.exe!operator-,23,0.1567,14677,20.008
fourteam_ai_prefix,31736,battlezone98redux.exe!sub_44b4c0,23,0.1567,14677,20.008
fourteam_ai_prefix,31736,WINMM.dll@6e1d0000!BZROpenShim::`anonymous namespace'::UpdateChunkProxySlotPosition+0x33d,23,0.1567,14677,20.008
fourteam_ai_prefix,31736,RenderSystem_Direct3D11.dll!?_render@D3D11RenderSystem@Ogre@@UAEXABVRenderOperation@2@@Z+0x2ba,23,0.1567,14677,20.008
fourteam_ai_prefix,31736,d3d11.dll!D3D11CoreCreateDevice+0xa057,23,0.1567,14677,20.008
fourteam_ai_prefix,31736,RenderSystem_Direct3D11.dll!?_render@D3D11RenderSystem@Ogre@@UAEXABVRenderOperation@2@@Z+0x3b7,23,0.1567,14677,20.008
fourteam_ai_prefix,31736,d3d11.dll!D3D11CoreCreateDevice+0x1d1e8,23,0.1567,14677,20.008
fourteam_ai_prefix,31736,RenderSystem_Direct3D11.dll!?bindToShader@D3D11VertexDeclaration@Ogre@@QAEXPAVD3D11HLSLProgram@2@PAVVertexBufferBinding@2@@Z+0xa,23,0.1567,14677,20.008
fourteam_ai_prefix,31736,OgreMain.dll!?cacheBoneMatrices@Entity@Ogre@@IAE_NXZ+0x5d,23,0.1567,14677,20.008
fourteam_ai_prefix,31736,WINMM.dll@6e1d0000!BZROpenShim::`anonymous namespace'::RefreshHeadlightState+0x43,23,0.1567,14677,20.008
fourteam_ai_prefix,31736,OgreMain.dll!?getHasInstanceData@VertexBufferBinding@Ogre@@UBE_NXZ+0x5,23,0.1567,14677,20.008
fourteam_ai_prefix,31736,RenderSystem_Direct3D11.dll!?_prepareNormTex@D3D11Texture@Ogre@@IAE?AV?$SharedPtr@V?$vector@V?$SharedPtr@VMemoryDataStream@Ogre@@@Ogre@@V?$STLAllocator@V?$SharedPtr@VMemoryDataStream@Ogre@@@Ogre@@V?$CategorisedAllocPolicy@$0A@@2@@2@@std@@@2@XZ+0x53,23,0.1567,14677,20.008
fourteam_ai_prefix,31736,OgreMain.dll!?lock@HardwareBuffer@Ogre@@UAEPAXIIW4LockOptions@12@W4UploadOptions@12@@Z+0x19c,22,0.1499,14677,20.008
fourteam_ai_prefix,31736,OgreMain.dll!?isVisible@ShadowRenderable@Ogre@@UBE_NXZ+0x231,22,0.1499,14677,20.008
fourteam_ai_prefix,31736,RenderSystem_Direct3D11.dll!?getILayoutByShader@D3D11VertexDeclaration@Ogre@@IAEPAUID3D11InputLayout@@PAVD3D11HLSLProgram@2@PAVVertexBufferBinding@2@@Z+0x52,22,0.1499,14677,20.008
fourteam_ai_prefix,31736,OgreMain.dll!?deriveTextureRenderTargetOptions@CompositorInstance@Ogre@@AAEXABV?$basic_string@DU?$char_traits@D@std@@V?$allocator@D@2@@std@@PA_NPAIPAV34@@Z+0xcfc,22,0.1499,14677,20.008
fourteam_ai_prefix,31736,d3d11.dll!D3D11CoreCreateDevice+0xa024,22,0.1499,14677,20.008
fourteam_ai_prefix,31736,battlezone98redux.exe!sub_8205a0,22,0.1499,14677,20.008
fourteam_ai_prefix,31736,battlezone98redux.exe!sub_421ee0,22,0.1499,14677,20.008
fourteam_ai_prefix,31736,RenderSystem_Direct3D11.dll!?getILayoutByShader@D3D11VertexDeclaration@Ogre@@IAEPAUID3D11InputLayout@@PAVD3D11HLSLProgram@2@PAVVertexBufferBinding@2@@Z+0x6a,22,0.1499,14677,20.008
fourteam_ai_prefix,31736,OgreMain.dll!?findLightsAffectingFrustum@SceneManager@Ogre@@MAEXPBVCamera@2@@Z+0xd8,22,0.1499,14677,20.008
fourteam_ai_prefix,31736,battlezone98redux.exe!sub_439d00,22,0.1499,14677,20.008
fourteam_ai_prefix,31736,OgreMain.dll!?getWorldBoundingBox@MovableObject@Ogre@@UBEABVAxisAlignedBox@2@_N@Z+0x12,22,0.1499,14677,20.008
fourteam_ai_prefix,31736,ntdll.dll!_RtlCustomCPToUnicodeN@24+0x70,22,0.1499,14677,20.008
fourteam_ai_prefix,31736,battlezone98redux.exe!sub_492460,22,0.1499,14677,20.008
fourteam_ai_prefix,31736,WINMM.dll@6e1d0000!BZROpenShim::ChunkEffectPartialFragmentHook+0x7c,22,0.1499,14677,20.008
fourteam_ai_prefix,31736,WINMM.dll@6e1d0000!BZROpenShim::`anonymous namespace'::EnsureChunkPayloadResourceLocations+0x3dd,22,0.1499,14677,20.008
fourteam_ai_prefix,31736,OgreMain.dll!?buildSubEntityList@Entity@Ogre@@IAEXAAV?$SharedPtr@VMesh@Ogre@@@2@PAV?$vector@PAVSubEntity@Ogre@@V?$STLAllocator@PAVSubEntity@Ogre@@V?$CategorisedAllocPolicy@$0A@@2@@2@@std@@@Z+0xbd,22,0.1499,14677,20.008
fourteam_ai_prefix,31736,OgreMain.dll!?setMaterial@SubEntity@Ogre@@QAEXABV?$SharedPtr@VMaterial@Ogre@@@2@@Z+0x261,22,0.1499,14677,20.008
fourteam_ai_prefix,31736,OgreMain.dll!?setMaterialName@SubEntity@Ogre@@QAEXABV?$basic_string@DU?$char_traits@D@std@@V?$allocator@D@2@@std@@0@Z+0x2ee,22,0.1499,14677,20.008
fourteam_ai_prefix,31736,battlezone98redux.exe!sub_686830,22,0.1499,14677,20.008
fourteam_ai_prefix,31736,battlezone98redux.exe!sub_67ae70,21,0.1431,14677,20.008
fourteam_ai_prefix,31736,battlezone98redux.exe!sub_447e90,21,0.1431,14677,20.008
fourteam_ai_prefix,31736,battlezone98redux.exe!FID_conflict:operator-=,21,0.1431,14677,20.008
fourteam_ai_prefix,31736,battlezone98redux.exe!sub_421ec0,21,0.1431,14677,20.008
fourteam_ai_prefix,31736,d3d11.dll+0x30af7,21,0.1431,14677,20.008
fourteam_ai_prefix,31736,ntdll.dll!_RtlUnicodeToCustomCPN@24+0xc,21,0.1431,14677,20.008
fourteam_ai_prefix,31736,battlezone98redux.exe!sub_785730,21,0.1431,14677,20.008
fourteam_ai_prefix,31736,battlezone98redux.exe!sub_81ee70,21,0.1431,14677,20.008
fourteam_ai_prefix,31736,battlezone98redux.exe!sub_5e1350,21,0.1431,14677,20.008
fourteam_ai_prefix,31736,OgreMain.dll!?setOrientation@Node@Ogre@@UAEXABVQuaternion@2@@Z+0x35,21,0.1431,14677,20.008
fourteam_ai_prefix,31736,battlezone98redux.exe!sub_601250,21,0.1431,14677,20.008
fourteam_ai_prefix,31736,OgreMain.dll!?find@FileSystemArchive@Ogre@@UAE?AV?$SharedPtr@V?$vector@V?$basic_string@DU?$char_traits@D@std@@V?$allocator@D@2@@std@@V?$STLAllocator@V?$basic_string@DU?$char_traits@D@std@@V?$allocator@D@2@@std@@V?$CategorisedAllocPolicy@$0A@@Ogre@@@Ogre@@@std@@@2@ABV?$basic_string@DU?$char_traits@D@std@@V?$allocator@D@2@@std@@_N1@Z+0xad,21,0.1431,14677,20.008
fourteam_ai_prefix,31736,OgreMain.dll!?addResourceLocation@ResourceGroupManager@Ogre@@QAEXABV?$basic_string@DU?$char_traits@D@std@@V?$allocator@D@2@@std@@00_N1@Z+0x134,21,0.1431,14677,20.008
fourteam_ai_prefix,31736,d3d11.dll!CreateDirect3D11DeviceFromDXGIDevice+0x9f9c3,20,0.1363,14677,20.008
fourteam_ai_prefix,31736,battlezone98redux.exe!sub_4f90f0,20,0.1363,14677,20.008
fourteam_ai_prefix,31736,battlezone98redux.exe!sub_462850,20,0.1363,14677,20.008
fourteam_ai_prefix,31736,nvwgf2um.dll!SetDependencyInfo+0x5a32d,20,0.1363,14677,20.008
fourteam_ai_prefix,31736,nvwgf2um.dll!SetDependencyInfo+0x55f6b,20,0.1363,14677,20.008
fourteam_ai_prefix,31736,battlezone98redux.exe!sub_444f70,20,0.1363,14677,20.008
fourteam_ai_prefix,31736,MSVCR120.dll!__libm_sse2_acosf+0xa6,20,0.1363,14677,20.008
fourteam_ai_prefix,31736,ntdll.dll!_RtlpLocalInfoAllocFromCache@8+0x279,20,0.1363,14677,20.008
fourteam_ai_prefix,31736,battlezone98redux.exe!sub_421f70,20,0.1363,14677,20.008
fourteam_ai_prefix,31736,OgreMain.dll!?getBestTechnique@Material@Ogre@@QAEPAVTechnique@2@GPBVRenderable@2@@Z+0x4c,20,0.1363,14677,20.008
fourteam_ai_prefix,31736,ntdll.dll!__output_l+0x30d,20,0.1363,14677,20.008
fourteam_ai_prefix,31736,ntdll.dll!__aulldvrm+0x2f,20,0.1363,14677,20.008
fourteam_ai_prefix,31736,"WINMM.dll@6e1d0000!std::_Hash<std::_Uset_traits<unsigned int,std::_Uhash_compare<unsigned int,std::hash<unsigned int>,std::equal_to<unsigned int> >,std::allocator<unsigned int>,0> >::reserve+0x81",20,0.1363,14677,20.008
fourteam_ai_prefix,31736,OgreMain.dll!?_calcTempSquareDist@Light@Ogre@@QAEXABVVector3@2@@Z+0x28,20,0.1363,14677,20.008
fourteam_ai_prefix,31736,ntdll.dll!_LdrGetDllHandleEx@20+0x61,20,0.1363,14677,20.008
fourteam_ai_prefix,31736,OgreMain.dll!?isInLightRange@Light@Ogre@@QBE_NABVSphere@2@@Z+0x74,20,0.1363,14677,20.008
fourteam_ai_prefix,31736,ntdll.dll!__output_l+0xec,20,0.1363,14677,20.008
fourteam_ai_prefix,31736,battlezone98redux.exe!sub_4db560,20,0.1363,14677,20.008
fourteam_ai_prefix,31736,ntdll.dll!_RtlAnsiCharToUnicodeChar@4+0x84,20,0.1363,14677,20.008
fourteam_ai_prefix,31736,battlezone98redux.exe!sub_689d10,19,0.1295,14677,20.008
fourteam_ai_prefix,31736,"WINMM.dll@6e1d0000!std::_Hash_vec<std::allocator<std::_List_unchecked_iterator<std::_List_val<std::_List_simple_types<std::pair<void * const,int> > > > > >::~_Hash_vec<std::allocator<std::_List_unchecked_iterator<std::_List_val<std::_List_simple_types<std::pair<void * const,int> > > > > >+0x32",19,0.1295,14677,20.008
fourteam_ai_prefix,31736,ntdll.dll!_RtlEnterCriticalSection@4+0x25,19,0.1295,14677,20.008
fourteam_ai_prefix,31736,d3d11.dll+0x31412,19,0.1295,14677,20.008
fourteam_ai_prefix,31736,OgreMain.dll!?_writeRawConstant@GpuProgramParameters@Ogre@@QAEXIABVColourValue@2@I@Z+0x25,19,0.1295,14677,20.008
fourteam_ai_prefix,31736,ntdll.dll!_LdrGetDllHandleEx@20+0x446,19,0.1295,14677,20.008
fourteam_ai_prefix,31736,ntdll.dll!_KiUserCallbackDispatcher@12+0x36,19,0.1295,14677,20.008
fourteam_ai_prefix,31736,OgreMain.dll!?renderSingleObject@SceneManager@Ogre@@MAEXPAVRenderable@2@PBVPass@2@_N2PBV?$HashedVector@PAVLight@Ogre@@@2@@Z+0x7fb,19,0.1295,14677,20.008
fourteam_ai_prefix,31736,battlezone98redux.exe!sub_67ec70,19,0.1295,14677,20.008
fourteam_ai_prefix,31736,ntdll.dll!__output_l+0xd2,19,0.1295,14677,20.008
fourteam_ai_prefix,31736,OgreMain.dll!?getNumWorldTransforms@SubEntity@Ogre@@UBEGXZ+0x15,19,0.1295,14677,20.008
fourteam_ai_prefix,31736,OgreMain.dll!?lock@HardwareBuffer@Ogre@@UAEPAXIIW4LockOptions@12@W4UploadOptions@12@@Z+0xfa,19,0.1295,14677,20.008
fourteam_ai_prefix,31736,"WINMM.dll@6e1d0000!std::_Hash<std::_Uset_traits<unsigned int,std::_Uhash_compare<unsigned int,std::hash<unsigned int>,std::equal_to<unsigned int> >,std::allocator<unsigned int>,0> >::_Forced_rehash+0x52",19,0.1295,14677,20.008
fourteam_ai_prefix,31736,battlezone98redux.exe!sub_45aae0,19,0.1295,14677,20.008
fourteam_ai_prefix,31736,"battlezone98redux.exe!FID_conflict:_Vector_const_iterator<class_std::_Vector_val<struct_std::_Simple_types<class_std::shared_ptr<struct_Concurrency::details::_Task_impl<struct_std::pair<unsigned_char,class_Concurrency::details::_CancellationTokenState*>_>_>_>_>_>",19,0.1295,14677,20.008
fourteam_ai_prefix,31736,WINMM.dll@6e1d0000!BZROpenShim::`anonymous namespace'::IsLikelyLiveOgreObject+0x58,19,0.1295,14677,20.008
fourteam_ai_prefix,31736,battlezone98redux.exe!sub_44b030,19,0.1295,14677,20.008
fourteam_ai_prefix,31736,OgreMain.dll!?_renderScene@SceneManager@Ogre@@UAEXPAVCamera@2@PAVViewport@2@_N@Z+0x286,18,0.1226,14677,20.008
fourteam_ai_prefix,31736,WINMM.dll@6e1d0000!BZROpenShim::`anonymous namespace'::TrackChunkEffectActiveEntries+0x1a5,18,0.1226,14677,20.008
fourteam_ai_prefix,31736,battlezone98redux.exe!sub_5dc300,18,0.1226,14677,20.008
fourteam_ai_prefix,31736,d3d11.dll!CreateDirect3D11DeviceFromDXGIDevice+0x9da47,18,0.1226,14677,20.008
fourteam_ai_prefix,31736,battlezone98redux.exe!sub_585680,18,0.1226,14677,20.008
fourteam_ai_prefix,31736,OgreMain.dll!?getTechnique@Renderable@Ogre@@UBEPAVTechnique@2@XZ+0x12,18,0.1226,14677,20.008
fourteam_ai_prefix,31736,ntdll.dll!_RtlCustomCPToUnicodeN@24+0x6f,18,0.1226,14677,20.008
fourteam_ai_prefix,31736,"WINMM.dll@6e1d0000!std::_Hash<std::_Uset_traits<void *,std::_Uhash_compare<void *,std::hash<void *>,std::equal_to<void *> >,std::allocator<void *>,0> >::~_Hash<std::_Uset_traits<void *,std::_Uhash_compare<void *,std::hash<void *>,std::equal_to<void *> >,std::allocator<void *>,0> >+0x3e",18,0.1226,14677,20.008
fourteam_ai_prefix,31736,nvwgf2um.dll!SetDependencyInfo+0x5560f,18,0.1226,14677,20.008
fourteam_ai_prefix,31736,WINMM.dll@6e1d0000!BZROpenShim::`anonymous namespace'::LogChunkDiagnostic+0x57,18,0.1226,14677,20.008
fourteam_ai_prefix,31736,WINMM.dll@6e1d0000!_vsnwprintf_s_l+0x23,18,0.1226,14677,20.008
fourteam_ai_prefix,31736,RenderSystem_Direct3D11.dll!?_render@D3D11RenderSystem@Ogre@@UAEXABVRenderOperation@2@@Z+0x1a07,18,0.1226,14677,20.008
fourteam_ai_prefix,31736,dxgi.dll!DXGIGetDebugInterface1+0x2051a,18,0.1226,14677,20.008
fourteam_ai_prefix,31736,OgreMain.dll!?updatePoint@RotationalSpline@Ogre@@QAEXGABVQuaternion@2@@Z+0xafcf,18,0.1226,14677,20.008
fourteam_ai_prefix,31736,battlezone98redux.exe!sub_44d180,18,0.1226,14677,20.008
fourteam_ai_prefix,31736,KERNELBASE.dll!LoadLibraryExW+0x8e6,18,0.1226,14677,20.008
fourteam_ai_prefix,31736,ntdll.dll!_RtlMultiByteToUnicodeN@20+0x13,18,0.1226,14677,20.008
fourteam_ai_prefix,31736,battlezone98redux.exe!sub_4e1190,18,0.1226,14677,20.008
fourteam_ai_prefix,31736,OgreMain.dll!?_findVisibleObjects@SceneNode@Ogre@@UAEXPAVCamera@2@PAVRenderQueue@2@PAUVisibleObjectsBoundsInfo@2@_N33@Z+0x7e,17,0.1158,14677,20.008
fourteam_ai_prefix,31736,OgreMain.dll!?isInLightRange@Light@Ogre@@QBE_NABVSphere@2@@Z+0x172,17,0.1158,14677,20.008
fourteam_ai_prefix,31736,battlezone98redux.exe!sub_67bad0,17,0.1158,14677,20.008
fourteam_ai_prefix,31736,battlezone98redux.exe!sub_480450,17,0.1158,14677,20.008
fourteam_ai_prefix,31736,battlezone98redux.exe!sub_585560,17,0.1158,14677,20.008
fourteam_ai_prefix,31736,nvwgf2um.dll!SetDependencyInfo+0x557ac,17,0.1158,14677,20.008
fourteam_ai_prefix,31736,nvwgf2um.dll!SetDependencyInfo+0x55997,17,0.1158,14677,20.008
fourteam_ai_prefix,31736,OgreMain.dll!?_injectRenderWithPass@SceneManager@Ogre@@UAEXPAVPass@2@PAVRenderable@2@_N2PBV?$HashedVector@PAVLight@Ogre@@@2@@Z+0x29,17,0.1158,14677,20.008
fourteam_ai_prefix,31736,WINMM.dll@6e1d0000!BZROpenShim::`anonymous namespace'::UpdateChunkProxySlotPosition+0x36b,17,0.1158,14677,20.008
fourteam_ai_prefix,31736,WINMM.dll@6e1d0000!isfinite<double>+0x14,17,0.1158,14677,20.008
fourteam_ai_prefix,31736,OgreMain.dll!?_updateAutoParams@GpuProgramParameters@Ogre@@QAEXPBVAutoParamDataSource@2@G@Z+0x1c2f,17,0.1158,14677,20.008
fourteam_ai_prefix,31736,WINMM.dll@6e1d0000!BZROpenShim::`anonymous namespace'::UpdateChunkProxySlotPosition+0x34e,17,0.1158,14677,20.008
fourteam_ai_prefix,31736,battlezone98redux.exe!sub_81cb40,17,0.1158,14677,20.008
fourteam_ai_prefix,31736,OgreMain.dll!?requestUpdate@Node@Ogre@@UAEXPAV12@_N@Z+0x29,17,0.1158,14677,20.008
fourteam_ai_prefix,31736,OgreMain.dll!?needUpdate@Node@Ogre@@UAEX_N@Z+0x31,17,0.1158,14677,20.008
fourteam_ai_prefix,31736,OgreMain.dll!?getFragmentProgramParameters@Pass@Ogre@@QBE?AV?$SharedPtr@VGpuProgramParameters@Ogre@@@2@XZ+0x45,17,0.1158,14677,20.008
fourteam_ai_prefix,31736,OgreMain.dll!?_notifyCurrentCamera@Entity@Ogre@@UAEXPAVCamera@2@@Z+0x35,17,0.1158,14677,20.008
fourteam_ai_prefix,31736,ntdll.dll!__output_l+0x841,17,0.1158,14677,20.008
fourteam_ai_prefix,31736,WINMM.dll@6e1d0000!BZROpenShim::`anonymous namespace'::DecideFrustumCull+0x5d,17,0.1158,14677,20.008
fourteam_ai_prefix,31736,ntdll.dll!write_string+0x64,17,0.1158,14677,20.008
fourteam_ai_prefix,31736,d3d11.dll!CreateDirect3D11DeviceFromDXGIDevice+0x9ae79,17,0.1158,14677,20.008
fourteam_ai_prefix,31736,OgreMain.dll!?addRenderable@RenderPriorityGroup@Ogre@@QAEXPAVRenderable@2@PAVTechnique@2@@Z+0xb5,17,0.1158,14677,20.008
fourteam_ai_prefix,31736,ntdll.dll!_RtlCustomCPToUnicodeN@24+0xc,17,0.1158,14677,20.008
fourteam_ai_prefix,31736,ntdll.dll!__wctomb_s_l+0x9,17,0.1158,14677,20.008
fourteam_ai_prefix,31736,ntdll.dll!_RtlpGetCodePageData@4+0x18,17,0.1158,14677,20.008
fourteam_ai_prefix,31736,ntdll.dll!_RtlpGetCodePageData@4+0xf,17,0.1158,14677,20.008
fourteam_ai_prefix,31736,battlezone98redux.exe!sub_5a5c00,17,0.1158,14677,20.008
fourteam_ai_prefix,31736,WINMM.dll@6e1d0000!BZROpenShim::`anonymous namespace'::TryResolveChunkPayloadMeshResource+0x1ff,16,0.109,14677,20.008
fourteam_ai_prefix,31736,WINMM.dll@6e1d0000!BZROpenShim::`anonymous namespace'::NormalizeChunkMeshBaseName+0x96,16,0.109,14677,20.008
fourteam_ai_prefix,31736,OgreMain.dll!?getSide@Plane@Ogre@@QBE?AW4Side@12@ABVVector3@2@0@Z+0xe,16,0.109,14677,20.008
fourteam_ai_prefix,31736,d3d11.dll+0x2703b,16,0.109,14677,20.008
fourteam_ai_prefix,31736,OgreMain.dll!?renderSingleObject@SceneManager@Ogre@@MAEXPAVRenderable@2@PBVPass@2@_N2PBV?$HashedVector@PAVLight@Ogre@@@2@@Z+0x23d,16,0.109,14677,20.008
fourteam_ai_prefix,31736,battlezone98redux.exe!sub_42de50,16,0.109,14677,20.008
fourteam_ai_prefix,31736,KERNELBASE.dll!OutputDebugStringA+0xfe,16,0.109,14677,20.008
fourteam_ai_prefix,31736,ntdll.dll!_ZwOpenSection@12+0xc,16,0.109,14677,20.008
fourteam_ai_prefix,31736,OgreMain.dll!?_updateAutoParams@GpuProgramParameters@Ogre@@QAEXPBVAutoParamDataSource@2@G@Z+0x1a72,16,0.109,14677,20.008
fourteam_ai_prefix,31736,battlezone98redux.exe!sub_440690,16,0.109,14677,20.008
fourteam_ai_prefix,31736,battlezone98redux.exe!sub_4405e0,16,0.109,14677,20.008
fourteam_ai_prefix,31736,battlezone98redux.exe!sub_440e60,16,0.109,14677,20.008
fourteam_ai_prefix,31736,ucrtbase.dll!___stdio_common_vsnwprintf_s+0xcc,16,0.109,14677,20.008
fourteam_ai_prefix,31736,OgreMain.dll!?_updateAutoParams@GpuProgramParameters@Ogre@@QAEXPBVAutoParamDataSource@2@G@Z+0x1cf5,16,0.109,14677,20.008
fourteam_ai_prefix,31736,OgreMain.dll!?findLightsAffectingFrustum@SceneManager@Ogre@@MAEXPBVCamera@2@@Z+0xca,16,0.109,14677,20.008
fourteam_ai_prefix,31736,OgreMain.dll!?_updateAutoParams@GpuProgramParameters@Ogre@@QAEXPBVAutoParamDataSource@2@G@Z+0x125b,16,0.109,14677,20.008
fourteam_ai_prefix,31736,OgreMain.dll!?getDerivedPosition@Light@Ogre@@QBEABVVector3@2@_N@Z+0xe,16,0.109,14677,20.008
fourteam_ai_prefix,31736,battlezone98redux.exe!sub_464f80,16,0.109,14677,20.008
fourteam_ai_prefix,31736,"WINMM.dll@6e1d0000!std::allocator<std::basic_string<char,std::char_traits<char>,std::allocator<char> > >::allocate+0x56",16,0.109,14677,20.008
fourteam_ai_prefix,31736,RenderSystem_Direct3D11.dll!?getConstantBuffer@D3D11HLSLProgram@Ogre@@QAEPAUID3D11Buffer@@V?$SharedPtr@VGpuProgramParameters@Ogre@@@2@G@Z+0xe7,16,0.109,14677,20.008
fourteam_ai_prefix,31736,OgreMain.dll!?_updateAutoParams@Pass@Ogre@@QBEXPBVAutoParamDataSource@2@G@Z+0xf1,16,0.109,14677,20.008
fourteam_ai_prefix,31736,battlezone98redux.exe!sub_462070,16,0.109,14677,20.008
fourteam_ai_prefix,31736,ntdll.dll!__woutput_l+0x8b5,16,0.109,14677,20.008
fourteam_ai_prefix,31736,battlezone98redux.exe!sub_62bdb0,16,0.109,14677,20.008
fourteam_ai_prefix,31736,battlezone98redux.exe!sub_62bdf0,16,0.109,14677,20.008
fourteam_ai_prefix,31736,battlezone98redux.exe!sub_81f1e0,16,0.109,14677,20.008
fourteam_ai_prefix,31736,nvwgf2um.dll!SetDependencyInfo+0x4f20d,16,0.109,14677,20.008
fourteam_ai_prefix,31736,d3d11.dll!CreateDirect3D11DeviceFromDXGIDevice+0x9b092,16,0.109,14677,20.008
fourteam_ai_prefix,31736,nvwgf2um.dll!OpenAdapter10+0x72bbd,16,0.109,14677,20.008
fourteam_ai_prefix,31736,nvwgf2um.dll!OpenAdapter10+0x74efd,16,0.109,14677,20.008
fourteam_ai_prefix,31736,WINMM.dll@6e1d0000!BZROpenShim::`anonymous namespace'::RotateGenericChunkVector+0xa1,16,0.109,14677,20.008
fourteam_ai_prefix,31736,battlezone98redux.exe!sub_4db510,16,0.109,14677,20.008
fourteam_ai_prefix,31736,ntdll.dll!_RtlUnicodeToCustomCPN@24,16,0.109,14677,20.008
fourteam_ai_prefix,31736,battlezone98redux.exe!sub_5c1b30,16,0.109,14677,20.008
fourteam_ai_prefix,31736,battlezone98redux.exe!sub_45a060,16,0.109,14677,20.008
fourteam_ai_prefix,31736,ntdll.dll!_RtlAnsiCharToUnicodeChar@4+0x9,16,0.109,14677,20.008
fourteam_ai_prefix,31736,battlezone98redux.exe!sub_4ad070,16,0.109,14677,20.008
fourteam_ai_prefix,31736,battlezone98redux.exe!sub_4ca8f0,16,0.109,14677,20.008
fourteam_ai_prefix,31736,OgreMain.dll!?index@ManualObject@Ogre@@UAEXI@Z+0x13c,15,0.1022,14677,20.008
fourteam_ai_prefix,31736,ntdll.dll!_ZwReleaseSemaphore@12+0xc,15,0.1022,14677,20.008
fourteam_ai_prefix,31736,d3d11.dll!CreateDirect3D11DeviceFromDXGIDevice+0xbc60f,15,0.1022,14677,20.008
fourteam_ai_prefix,31736,ntdll.dll!_ZwWaitForSingleObject@12+0xc,15,0.1022,14677,20.008
fourteam_ai_prefix,31736,RenderSystem_Direct3D11.dll!?_render@D3D11RenderSystem@Ogre@@UAEXABVRenderOperation@2@@Z+0x1295,15,0.1022,14677,20.008
fourteam_ai_prefix,31736,ntdll.dll!_RtlMultiByteToUnicodeN@20+0x8,15,0.1022,14677,20.008
fourteam_ai_prefix,31736,OgreMain.dll!?getContentType@TextureUnitState@Ogre@@QBE?AW4ContentType@12@XZ+0x6,15,0.1022,14677,20.008
fourteam_ai_prefix,31736,battlezone98redux.exe!sub_81fa10,15,0.1022,14677,20.008
fourteam_ai_prefix,31736,battlezone98redux.exe!FID_conflict:operator==,15,0.1022,14677,20.008
fourteam_ai_prefix,31736,ntdll.dll!_RtlUnicodeToMultiByteN@20+0xd,15,0.1022,14677,20.008
fourteam_ai_prefix,31736,MSVCR120.dll!free+0x1a,15,0.1022,14677,20.008
fourteam_ai_prefix,31736,OgreMain.dll!?getValue@LodStrategy@Ogre@@QBEMPBVMovableObject@2@PBVCamera@2@@Z+0x1e,15,0.1022,14677,20.008
fourteam_ai_prefix,31736,ntdll.dll!_ZwQueryInformationProcess@20+0x26,15,0.1022,14677,20.008
fourteam_ai_prefix,31736,WINMM.dll@6e1d0000!BZROpenShim::`anonymous namespace'::RotateGenericChunkVector+0x9f,15,0.1022,14677,20.008
fourteam_ai_prefix,31736,ntdll.dll!LdrpNameToOrdinal+0x36,15,0.1022,14677,20.008
fourteam_ai_prefix,31736,battlezone98redux.exe!sub_44c840,15,0.1022,14677,20.008
fourteam_ai_prefix,31736,ntdll.dll!write_string+0xd,15,0.1022,14677,20.008
fourteam_ai_prefix,31736,OgreMain.dll!?_updateAutoParams@GpuProgramParameters@Ogre@@QAEXPBVAutoParamDataSource@2@G@Z+0x1e50,15,0.1022,14677,20.008
fourteam_ai_prefix,31736,dxgi.dll!DXGIGetDebugInterface1+0x204dd,15,0.1022,14677,20.008
fourteam_ai_prefix,31736,battlezone98redux.exe!sub_6210a0,15,0.1022,14677,20.008
fourteam_ai_prefix,31736,ntdll.dll!_memset+0x47,15,0.1022,14677,20.008
fourteam_ai_prefix,31736,ntdll.dll!_RtlUnicodeToCustomCPN@24+0x5d,15,0.1022,14677,20.008
fourteam_ai_prefix,31736,battlezone98redux.exe!sub_6897e0,15,0.1022,14677,20.008
fourteam_ai_prefix,31736,WINMM.dll@6e1d0000!BZROpenShim::ChunkEffectCreateChunkHook+0x893,15,0.1022,14677,20.008
fourteam_ai_prefix,31736,KERNELBASE.dll!_invalid_parameter+0x3d9,14,0.0954,14677,20.008
fourteam_ai_prefix,31736,KERNELBASE.dll!_invalid_parameter+0x1eb,14,0.0954,14677,20.008
fourteam_ai_prefix,31736,ntdll.dll!_mbtowc+0x39,14,0.0954,14677,20.008
fourteam_ai_prefix,31736,OgreMain.dll!?getVertexProgramParameters@Pass@Ogre@@QBE?AV?$SharedPtr@VGpuProgramParameters@Ogre@@@2@XZ+0x60,14,0.0954,14677,20.008
fourteam_ai_prefix,31736,battlezone98redux.exe!sub_680620,14,0.0954,14677,20.008
fourteam_ai_prefix,31736,battlezone98redux.exe!sub_67e550,14,0.0954,14677,20.008
fourteam_ai_prefix,31736,battlezone98redux.exe!sub_423830,14,0.0954,14677,20.008
fourteam_ai_prefix,31736,nvwgf2um.dll!SetDependencyInfo+0x5a146,14,0.0954,14677,20.008
fourteam_ai_prefix,31736,"WINMM.dll@6e1d0000!std::unordered_set<void *,std::hash<void *>,std::equal_to<void *>,std::allocator<void *> >::unordered_set<void *,std::hash<void *>,std::equal_to<void *>,std::allocator<void *> >+0x90",14,0.0954,14677,20.008
fourteam_ai_prefix,31736,OgreMain.dll!?findLightsAffectingFrustum@SceneManager@Ogre@@MAEXPBVCamera@2@@Z+0x398,14,0.0954,14677,20.008
fourteam_ai_prefix,31736,ntdll.dll!_RtlAnsiCharToUnicodeChar@4+0x8f,14,0.0954,14677,20.008
fourteam_ai_prefix,31736,OgreMain.dll!?getHasInstanceData@VertexBufferBinding@Ogre@@UBE_NXZ+0x13,14,0.0954,14677,20.008
fourteam_ai_prefix,31736,WINMM.dll@6e1d0000!BZROpenShim::`anonymous namespace'::TrackChunkProxyDebugEntry+0x17a,14,0.0954,14677,20.008
fourteam_ai_prefix,31736,ntdll.dll!_ZwCallbackReturn@12+0xc,14,0.0954,14677,20.008
fourteam_ai_prefix,31736,OgreMain.dll!?_updateAutoParams@GpuProgramParameters@Ogre@@QAEXPBVAutoParamDataSource@2@G@Z+0x1ca9,14,0.0954,14677,20.008
fourteam_ai_prefix,31736,d3d11.dll+0x30d82,14,0.0954,14677,20.008
fourteam_ai_prefix,31736,OgreMain.dll!?updateAnimation@Entity@Ogre@@IAEXXZ+0x38,14,0.0954,14677,20.008
fourteam_ai_prefix,31736,OgreMain.dll!?isHardwareAnimationEnabled@Entity@Ogre@@QAE_NXZ+0x43,14,0.0954,14677,20.008
fourteam_ai_prefix,31736,OgreMain.dll!?findLightsAffectingFrustum@SceneManager@Ogre@@MAEXPBVCamera@2@@Z+0xc0,14,0.0954,14677,20.008
fourteam_ai_prefix,31736,MSVCR120.dll!__libm_sse2_acosf+0x4c,14,0.0954,14677,20.008
fourteam_ai_prefix,31736,OgreMain.dll!?getMovableType@MovablePlane@Ogre@@UBEABV?$basic_string@DU?$char_traits@D@std@@V?$allocator@D@2@@std@@XZ+0x820,14,0.0954,14677,20.008
fourteam_ai_prefix,31736,OgreMain.dll!?getMovableType@MovablePlane@Ogre@@UBEABV?$basic_string@DU?$char_traits@D@std@@V?$allocator@D@2@@std@@XZ+0xb21,14,0.0954,14677,20.008
fourteam_ai_prefix,31736,OgreMain.dll!?Ogre_InterlockedIncrement64@InterlockedCompareExchange64Wrapper@Ogre@@SA_JPC_J@Z+0x72b,14,0.0954,14677,20.008
fourteam_ai_prefix,31736,battlezone98redux.exe!sub_8203f0,14,0.0954,14677,20.008
fourteam_ai_prefix,31736,battlezone98redux.exe!sub_679610,14,0.0954,14677,20.008
fourteam_ai_prefix,31736,ntdll.dll!_LdrGetDllHandleEx@20+0x2f1,14,0.0954,14677,20.008
fourteam_ai_prefix,31736,battlezone98redux.exe!sub_6796d0,14,0.0954,14677,20.008
fourteam_ai_prefix,31736,OgreMain.dll!?_updateBounds@SceneNode@Ogre@@UAEXXZ+0x193,14,0.0954,14677,20.008
fourteam_ai_prefix,31736,WINMM.dll@6e1d0000!BZROpenShim::ChunkEffectSimulateHook+0x5e,14,0.0954,14677,20.008
fourteam_ai_prefix,31736,battlezone98redux.exe!sub_5b28e0,14,0.0954,14677,20.008
fourteam_ai_prefix,31736,ntdll.dll!_RtlCustomCPToUnicodeN@24+0x43,14,0.0954,14677,20.008
fourteam_ai_prefix,31736,dxgi.dll!DXGIGetDebugInterface1+0x209d0,14,0.0954,14677,20.008
fourteam_ai_prefix,31736,d3d11.dll!CreateDirect3D11DeviceFromDXGIDevice+0x8ee16,14,0.0954,14677,20.008
fourteam_ai_prefix,31736,ntdll.dll!_RtlUnicodeToCustomCPN@24+0x2c,14,0.0954,14677,20.008
fourteam_ai_prefix,31736,WINMM.dll@6e1d0000!BZROpenShim::`anonymous namespace'::TryResolveChunkProxyPositionFromCandidates+0x13f,14,0.0954,14677,20.008
fourteam_ai_prefix,31736,battlezone98redux.exe!sub_68ca30,14,0.0954,14677,20.008
fourteam_ai_prefix,31736,battlezone98redux.exe!sub_4cbb80,14,0.0954,14677,20.008
fourteam_ai_prefix,31736,ntdll.dll!_RtlCustomCPToUnicodeN@24,14,0.0954,14677,20.008
fourteam_ai_prefix,31736,battlezone98redux.exe!swap<>,14,0.0954,14677,20.008
fourteam_ai_prefix,31736,battlezone98redux.exe!sub_5a6260,14,0.0954,14677,20.008
fourteam_ai_prefix,31736,battlezone98redux.exe!sub_686600,13,0.0886,14677,20.008
fourteam_ai_prefix,31736,battlezone98redux.exe!sub_764a10,13,0.0886,14677,20.008
fourteam_ai_prefix,31736,RenderSystem_Direct3D11.dll+0x3ee0,13,0.0886,14677,20.008
fourteam_ai_prefix,31736,nvwgf2um.dll!OpenAdapter10+0x7459d,13,0.0886,14677,20.008
fourteam_ai_prefix,31736,OgreMain.dll!?getBestTechnique@Material@Ogre@@QAEPAVTechnique@2@GPBVRenderable@2@@Z+0x8b,13,0.0886,14677,20.008
fourteam_ai_prefix,31736,ntdll.dll!_RtlpLocalInfoAllocFromCache@8+0x36,13,0.0886,14677,20.008
fourteam_ai_prefix,31736,nvwgf2um.dll!OpenAdapter10+0x77bed,13,0.0886,14677,20.008
fourteam_ai_prefix,31736,OgreMain.dll!?_updateAutoParams@Pass@Ogre@@QBEXPBVAutoParamDataSource@2@G@Z+0x43,13,0.0886,14677,20.008
fourteam_ai_prefix,31736,"WINMM.dll@6e1d0000!std::_Hash<std::_Uset_traits<unsigned int,std::_Uhash_compare<unsigned int,std::hash<unsigned int>,std::equal_to<unsigned int> >,std::allocator<unsigned int>,0> >::emplace<unsigned int>+0xfc",13,0.0886,14677,20.008
fourteam_ai_prefix,31736,battlezone98redux.exe!sub_4495d0,13,0.0886,14677,20.008
fourteam_ai_prefix,31736,d3d11.dll!CreateDirect3D11DeviceFromDXGIDevice+0xa5747,13,0.0886,14677,20.008
fourteam_ai_prefix,31736,ntdll.dll!_RtlpLfhFindClearBitAndSet@16+0x13,13,0.0886,14677,20.008
fourteam_ai_prefix,31736,dxgi.dll!DXGIDisableVBlankVirtualization+0x321ec,13,0.0886,14677,20.008
fourteam_ai_prefix,31736,ntdll.dll!_EtwEventWriteTransfer@28+0x26,13,0.0886,14677,20.008
fourteam_ai_prefix,31736,KERNEL32.DLL!GetPrivateProfileStringA+0x3c,13,0.0886,14677,20.008
fourteam_ai_prefix,31736,WINMM.dll@6e1d0000!`anonymous namespace'::TryReadIniValue+0x8c,13,0.0886,14677,20.008
fourteam_ai_prefix,31736,WINMM.dll@6e1d0000!OpenShimGetEnvironmentVariableA+0x26e,13,0.0886,14677,20.008
fourteam_ai_prefix,31736,KERNEL32.DLL!BaseDllReadWriteIniFile+0xea,13,0.0886,14677,20.008
fourteam_ai_prefix,31736,RenderSystem_Direct3D11.dll!?getMonitorSequentialNumberFromSwapChain@MonitorInfo@Ogre@@QAEGPAUIDXGISwapChain@@_N@Z+0x27a7,13,0.0886,14677,20.008
fourteam_ai_prefix,31736,OgreMain.dll!?cacheBoneMatrices@Entity@Ogre@@IAE_NXZ+0x71,13,0.0886,14677,20.008
fourteam_ai_prefix,31736,OgreMain.dll!?getHasInstanceData@VertexBufferBinding@Ogre@@UBE_NXZ+0x45,13,0.0886,14677,20.008
fourteam_ai_prefix,31736,RenderSystem_Direct3D11.dll!?_setViewport@D3D11RenderSystem@Ogre@@UAEXPAVViewport@2@@Z+0xb8,13,0.0886,14677,20.008
fourteam_ai_prefix,31736,OgreMain.dll!?setViewport@SceneManager@Ogre@@MAEXPAVViewport@2@@Z+0x16,13,0.0886,14677,20.008
fourteam_ai_prefix,31736,KERNELBASE.dll!RaiseException+0x64,13,0.0886,14677,20.008
fourteam_ai_prefix,31736,WINMM.dll@6e1d0000!BZROpenShim::`anonymous namespace'::HandleEmissionLightState+0x52,13,0.0886,14677,20.008
fourteam_ai_prefix,31736,OgreMain.dll!?addSolidRenderable@RenderPriorityGroup@Ogre@@IAEXPAVTechnique@2@PAVRenderable@2@_N@Z+0x42,13,0.0886,14677,20.008
fourteam_ai_prefix,31736,battlezone98redux.exe!sub_44ef90,13,0.0886,14677,20.008
fourteam_ai_prefix,31736,battlezone98redux.exe!sub_623b20,13,0.0886,14677,20.008
fourteam_ai_prefix,31736,ntdll.dll!_RtlReleaseSRWLockShared@4+0x16,13,0.0886,14677,20.008
fourteam_ai_prefix,31736,ntdll.dll!_RtlCustomCPToUnicodeN@24+0x104,13,0.0886,14677,20.008
fourteam_ai_prefix,31736,OgreMain.dll!?_writeRawConstant@GpuProgramParameters@Ogre@@QAEXIABVMatrix4@2@I@Z+0x3a,13,0.0886,14677,20.008
fourteam_ai_prefix,31736,ntdll.dll!__wctomb_s_l+0x48,13,0.0886,14677,20.008
fourteam_ai_prefix,31736,battlezone98redux.exe!sub_678b40,13,0.0886,14677,20.008
fourteam_ai_prefix,31736,d3d11.dll!D3D11CoreCreateLayeredDevice+0x1c11,13,0.0886,14677,20.008
fourteam_ai_prefix,31736,d3d11.dll!D3D11CoreCreateLayeredDevice+0x1202,13,0.0886,14677,20.008
fourteam_ai_prefix,31736,OgreMain.dll!?getUseIdentityView@Renderable@Ogre@@QBE_NXZ,13,0.0886,14677,20.008
fourteam_ai_prefix,31736,OgreMain.dll!?isVisible@MovableObject@Ogre@@UBE_NXZ+0x7,13,0.0886,14677,20.008
fourteam_ai_prefix,31736,battlezone98redux.exe!_Swap_adl<>,13,0.0886,14677,20.008
fourteam_ai_prefix,31736,MSVCR120.dll!_wstat64i32+0x85,13,0.0886,14677,20.008
fourteam_ai_prefix,31736,MSVCR120.dll!_stat64i32+0x32,13,0.0886,14677,20.008
fourteam_ai_prefix,31736,battlezone98redux.exe!sub_67f599,13,0.0886,14677,20.008
fourteam_ai_prefix,31736,battlezone98redux.exe!sub_5c65a0,13,0.0886,14677,20.008
fourteam_ai_prefix,31736,WINMM.dll@6e1d0000!BZROpenShim::`anonymous namespace'::AppendGenericChunkBatchGeometry+0x77,12,0.0818,14677,20.008
fourteam_ai_prefix,31736,OgreMain.dll!?touchVertexBufferCopy@HardwareBufferManagerBase@Ogre@@UAEXABVHardwareVertexBufferSharedPtr@2@@Z+0x1f,12,0.0818,14677,20.008
fourteam_ai_prefix,31736,d3d11.dll!D3D11CoreCreateDevice+0x9c8f,12,0.0818,14677,20.008
fourteam_ai_prefix,31736,d3d11.dll!D3D11CoreCreateDevice+0x964f,12,0.0818,14677,20.008
fourteam_ai_prefix,31736,OgreMain.dll!?_renderScene@SceneManager@Ogre@@UAEXPAVCamera@2@PAVViewport@2@_N@Z+0x350,12,0.0818,14677,20.008
fourteam_ai_prefix,31736,OgreMain.dll!?updatePoint@RotationalSpline@Ogre@@QAEXGABVQuaternion@2@@Z+0x1522,12,0.0818,14677,20.008
fourteam_ai_prefix,31736,OgreMain.dll!?getLightAs4DVector@AutoParamDataSource@Ogre@@UBE?AVVector4@2@I@Z+0x17,12,0.0818,14677,20.008
fourteam_ai_prefix,31736,RenderSystem_Direct3D11.dll!??0D3D11RenderWindowSwapChainBased@Ogre@@QAE@ABV01@@Z+0x322,12,0.0818,14677,20.008
fourteam_ai_prefix,31736,battlezone98redux.exe!sub_44de20,12,0.0818,14677,20.008
fourteam_ai_prefix,31736,battlezone98redux.exe!sub_686590,12,0.0818,14677,20.008
fourteam_ai_prefix,31736,RenderSystem_Direct3D11.dll!?_render@D3D11RenderSystem@Ogre@@UAEXABVRenderOperation@2@@Z+0x114,12,0.0818,14677,20.008
fourteam_ai_prefix,31736,nvwgf2um.dll!OpenAdapter10+0x7202d,12,0.0818,14677,20.008
fourteam_ai_prefix,31736,d3d11.dll+0x2b4fb,12,0.0818,14677,20.008
fourteam_ai_prefix,31736,OgreMain.dll!?_findVisibleObjects@SceneNode@Ogre@@UAEXPAVCamera@2@PAVRenderQueue@2@PAUVisibleObjectsBoundsInfo@2@_N33@Z+0x4c,12,0.0818,14677,20.008
fourteam_ai_prefix,31736,battlezone98redux.exe!sub_45acc0,12,0.0818,14677,20.008
fourteam_ai_prefix,31736,battlezone98redux.exe!sub_448e60,12,0.0818,14677,20.008
fourteam_ai_prefix,31736,dxgi.dll!DXGIDisableVBlankVirtualization+0x20ac8,12,0.0818,14677,20.008
fourteam_ai_prefix,31736,USER32.dll!GetWindow+0xa0,12,0.0818,14677,20.008
fourteam_ai_prefix,31736,d3d11.dll!CreateDirect3D11DeviceFromDXGIDevice+0xbc53d,12,0.0818,14677,20.008
fourteam_ai_prefix,31736,battlezone98redux.exe!sub_44eff0,12,0.0818,14677,20.008
fourteam_ai_prefix,31736,"WINMM.dll@6e1d0000!std::_Hash<std::_Uset_traits<void *,std::_Uhash_compare<void *,std::hash<void *>,std::equal_to<void *> >,std::allocator<void *>,0> >::~_Hash<std::_Uset_traits<void *,std::_Uhash_compare<void *,std::hash<void *>,std::equal_to<void *> >,std::allocator<void *>,0> >+0x2a",12,0.0818,14677,20.008
fourteam_ai_prefix,31736,ntdll.dll!_ZwTraceEvent@16+0xc,12,0.0818,14677,20.008
fourteam_ai_prefix,31736,RenderSystem_Direct3D11.dll!?_render@D3D11RenderSystem@Ogre@@UAEXABVRenderOperation@2@@Z+0x326,12,0.0818,14677,20.008
fourteam_ai_prefix,31736,KERNEL32.DLL!BaseDllReadWriteIniFile+0x1ac,12,0.0818,14677,20.008
fourteam_ai_prefix,31736,battlezone98redux.exe!sub_442f40,12,0.0818,14677,20.008
fourteam_ai_prefix,31736,battlezone98redux.exe!sub_453ea0,12,0.0818,14677,20.008
fourteam_ai_prefix,31736,OgreMain.dll!?getShadowCamera@LiSPSMShadowCameraSetup@Ogre@@UBEXPBVSceneManager@2@PBVCamera@2@PBVViewport@2@PBVLight@2@PAV42@I@Z+0x277,12,0.0818,14677,20.008
fourteam_ai_prefix,31736,OgreMain.dll!?touchVertexBufferCopy@HardwareBufferManagerBase@Ogre@@UAEXABVHardwareVertexBufferSharedPtr@2@@Z+0x47,12,0.0818,14677,20.008
fourteam_ai_prefix,31736,ntdll.dll!_RtlpGetCodePageData@4,12,0.0818,14677,20.008
fourteam_ai_prefix,31736,OgreMain.dll!?updatePoint@RotationalSpline@Ogre@@QAEXGABVQuaternion@2@@Z+0xb054,12,0.0818,14677,20.008
fourteam_ai_prefix,31736,ntdll.dll!_ZwReadFile@36+0xc,12,0.0818,14677,20.008
fourteam_ai_prefix,31736,ntdll.dll!__fputwc_nolock+0x2,12,0.0818,14677,20.008
fourteam_ai_prefix,31736,OgreMain.dll!?renderSingleObject@SceneManager@Ogre@@MAEXPAVRenderable@2@PBVPass@2@_N2PBV?$HashedVector@PAVLight@Ogre@@@2@@Z+0x87,12,0.0818,14677,20.008
fourteam_ai_prefix,31736,ntdll.dll!_ZwRaiseException@12+0xc,12,0.0818,14677,20.008
fourteam_ai_prefix,31736,battlezone98redux.exe!sub_679bc0,12,0.0818,14677,20.008
fourteam_ai_prefix,31736,battlezone98redux.exe!sub_686520,12,0.0818,14677,20.008
fourteam_ai_prefix,31736,WINMM.dll@6e1d0000!BZROpenShim::`anonymous namespace'::EmissionLightStateHook+0x11,12,0.0818,14677,20.008
fourteam_ai_prefix,31736,win32u.dll!_NtUserSetCursorPos@8+0xc,12,0.0818,14677,20.008
fourteam_ai_prefix,31736,RenderSystem_Direct3D11.dll!?_render@D3D11RenderSystem@Ogre@@UAEXABVRenderOperation@2@@Z+0xb7b,12,0.0818,14677,20.008
fourteam_ai_prefix,31736,ntdll.dll!_memmove+0x35,12,0.0818,14677,20.008
fourteam_ai_prefix,31736,ntdll.dll!_RtlMultiByteToUnicodeN@20+0x23,12,0.0818,14677,20.008
fourteam_ai_prefix,31736,battlezone98redux.exe!sub_42de70,12,0.0818,14677,20.008
fourteam_ai_prefix,31736,ntdll.dll!_wctomb_s+0x13,12,0.0818,14677,20.008
fourteam_ai_prefix,31736,ntdll.dll!_mbtowc+0xa,12,0.0818,14677,20.008
fourteam_ai_prefix,31736,battlezone98redux.exe!sub_44efb0,12,0.0818,14677,20.008
fourteam_ai_prefix,31736,OgreMain.dll+0x27089,12,0.0818,14677,20.008
fourteam_ai_prefix,31736,OgreMain.dll!?setAnimationState@Skeleton@Ogre@@UAEXABVAnimationStateSet@2@@Z+0x187,12,0.0818,14677,20.008
fourteam_ai_prefix,31736,MSVCR120.dll!_wfindnext64i32+0xdb,12,0.0818,14677,20.008
fourteam_ai_prefix,31736,battlezone98redux.exe!sub_68e600,12,0.0818,14677,20.008
fourteam_ai_prefix,31736,VCRUNTIME140.dll!memset+0x3c,11,0.0749,14677,20.008
fourteam_ai_prefix,31736,OgreMain.dll!?_notifyCurrentCamera@Entity@Ogre@@UAEXPAVCamera@2@@Z+0x5b,11,0.0749,14677,20.008
fourteam_ai_prefix,31736,RenderSystem_Direct3D11.dll!?getILayoutByShader@D3D11VertexDeclaration@Ogre@@IAEPAUID3D11InputLayout@@PAVD3D11HLSLProgram@2@PAVVertexBufferBinding@2@@Z+0x274,11,0.0749,14677,20.008
fourteam_ai_prefix,31736,ntdll.dll!_RtlpAllocateNTHeapInternal@12+0x15b,11,0.0749,14677,20.008
fourteam_ai_prefix,31736,RenderSystem_Direct3D11.dll!?_render@D3D11RenderSystem@Ogre@@UAEXABVRenderOperation@2@@Z+0x34d,11,0.0749,14677,20.008
fourteam_ai_prefix,31736,battlezone98redux.exe!sub_6a3490,11,0.0749,14677,20.008
fourteam_ai_prefix,31736,nvwgf2um.dll!OpenAdapter10+0x726fd,11,0.0749,14677,20.008
fourteam_ai_prefix,31736,OgreMain.dll!?_updateAutoParams@GpuProgramParameters@Ogre@@QAEXPBVAutoParamDataSource@2@G@Z+0x1cbc,11,0.0749,14677,20.008
fourteam_ai_prefix,31736,OgreMain.dll+0x21c01,11,0.0749,14677,20.008
fourteam_ai_prefix,31736,battlezone98redux.exe!sub_46d020,11,0.0749,14677,20.008
fourteam_ai_prefix,31736,KERNELBASE.dll!WaitForSingleObject+0x12,11,0.0749,14677,20.008
fourteam_ai_prefix,31736,RenderSystem_Direct3D11.dll!?_render@D3D11RenderSystem@Ogre@@UAEXABVRenderOperation@2@@Z+0x97,11,0.0749,14677,20.008
fourteam_ai_prefix,31736,RenderSystem_Direct3D11.dll!?createImpl@D3D11GpuProgramManager@Ogre@@MAEPAVResource@2@ABV?$basic_string@DU?$char_traits@D@std@@V?$allocator@D@2@@std@@_K0_NPAVManualResourceLoader@2@W4GpuProgramType@2@0@Z+0x6144,11,0.0749,14677,20.008
fourteam_ai_prefix,31736,RenderSystem_Direct3D11.dll!?getD3DVertexBuffer@D3D11HardwareVertexBuffer@Ogre@@QBEPAUID3D11Buffer@@XZ+0x6,11,0.0749,14677,20.008
fourteam_ai_prefix,31736,OgreMain.dll!?_updateAutoParams@GpuProgramParameters@Ogre@@QAEXPBVAutoParamDataSource@2@G@Z+0x1eb5,11,0.0749,14677,20.008
fourteam_ai_prefix,31736,WINMM.dll@6e1d0000!BZROpenShim::`anonymous namespace'::MultiplayerFlagSubmitHook+0x49,11,0.0749,14677,20.008
fourteam_ai_prefix,31736,d3d11.dll+0x31a6a,11,0.0749,14677,20.008
fourteam_ai_prefix,31736,WINMM.dll@6e1d0000!BZROpenShim::`anonymous namespace'::HookCreateRTV+0x35,11,0.0749,14677,20.008
fourteam_ai_prefix,31736,OgreMain.dll!??4GpuSharedParametersUsage@Ogre@@QAEAAV01@ABV01@@Z+0x27b5,11,0.0749,14677,20.008
fourteam_ai_prefix,31736,RenderSystem_Direct3D11.dll!?_render@D3D11RenderSystem@Ogre@@UAEXABVRenderOperation@2@@Z+0x132f,11,0.0749,14677,20.008
fourteam_ai_prefix,31736,USER32.dll!GetCurrentMonitorTopologyId+0x5dfe,11,0.0749,14677,20.008
fourteam_ai_prefix,31736,USER32.dll!GetNextDlgTabItem+0x538,11,0.0749,14677,20.008
fourteam_ai_prefix,31736,OgreMain.dll!??0LiSPSMShadowCameraSetup@Ogre@@QAE@XZ+0x8,11,0.0749,14677,20.008
fourteam_ai_prefix,31736,OgreMain.dll!?getVertexDataForBinding@SubEntity@Ogre@@QAEPAVVertexData@2@XZ+0x2a,11,0.0749,14677,20.008
fourteam_ai_prefix,31736,ntdll.dll!_ZwClose@4+0xc,11,0.0749,14677,20.008
fourteam_ai_prefix,31736,OgreMain.dll!?getValueImpl@DistanceLodStrategyBase@Ogre@@MBEMPBVMovableObject@2@PBVCamera@2@@Z+0x15,11,0.0749,14677,20.008
fourteam_ai_prefix,31736,WINMM.dll@6e1d0000!BZROpenShim::`anonymous namespace'::RotateGenericChunkVector+0x56,11,0.0749,14677,20.008
fourteam_ai_prefix,31736,battlezone98redux.exe!sub_44eea0,11,0.0749,14677,20.008
fourteam_ai_prefix,31736,OgreMain.dll!?getWorldBoundingBox@Entity@Ogre@@UBEABVAxisAlignedBox@2@_N@Z+0x7d,11,0.0749,14677,20.008
fourteam_ai_prefix,31736,d3d11.dll!CreateDirect3D11DeviceFromDXGIDevice+0x9da48,11,0.0749,14677,20.008
fourteam_ai_prefix,31736,ntdll.dll!_LdrGetDllHandleEx@20+0x150,11,0.0749,14677,20.008
fourteam_ai_prefix,31736,nvwgf2um.dll!NVENCODEAPI_Thunk+0x10512,11,0.0749,14677,20.008
fourteam_ai_prefix,31736,nvwgf2um.dll!SetDependencyInfo+0x5a051,11,0.0749,14677,20.008
fourteam_ai_prefix,31736,OgreMain.dll+0x3942d,11,0.0749,14677,20.008
fourteam_ai_prefix,31736,battlezone98redux.exe!sub_67dd60,11,0.0749,14677,20.008
fourteam_ai_prefix,31736,battlezone98redux.exe!sub_4df370,11,0.0749,14677,20.008
fourteam_ai_prefix,31736,battlezone98redux.exe!sub_681a00,11,0.0749,14677,20.008
fourteam_ai_prefix,31736,ntdll.dll!__output_l+0x84f,11,0.0749,14677,20.008
fourteam_ai_prefix,31736,WINMM.dll@6e1d0000!BZROpenShim::`anonymous namespace'::TrackChunkProxyDebugEntry+0x186,11,0.0749,14677,20.008
fourteam_ai_prefix,31736,OgreMain.dll!?clone@Animation@Ogre@@QBEPAV12@ABV?$basic_string@DU?$char_traits@D@std@@V?$allocator@D@2@@std@@@Z+0x283,11,0.0749,14677,20.008
fourteam_ai_prefix,31736,battlezone98redux.exe!sub_4440d0,11,0.0749,14677,20.008
fourteam_ai_prefix,31736,OgreMain.dll!?_getTexturePtr@TextureUnitState@Ogre@@QBEABV?$SharedPtr@VTexture@Ogre@@@2@XZ+0x7,11,0.0749,14677,20.008
fourteam_ai_prefix,31736,WINMM.dll@6e1d0000!BZROpenShim::`anonymous namespace'::NormalizeChunkMeshBaseName+0x16a,11,0.0749,14677,20.008
fourteam_ai_prefix,31736,d3d11.dll!D3D11CoreCreateDevice+0x8b17,11,0.0749,14677,20.008
fourteam_ai_prefix,31736,d3d11.dll!D3D11CoreCreateDevice+0x8faa,11,0.0749,14677,20.008
fourteam_ai_prefix,31736,ntdll.dll!_RtlpGetCodePageData@4+0x5,11,0.0749,14677,20.008
fourteam_ai_prefix,31736,ntdll.dll!_RtlUnicodeToCustomCPN@24+0xcd,11,0.0749,14677,20.008
fourteam_ai_prefix,31736,battlezone98redux.exe!sub_5c19d0,11,0.0749,14677,20.008
fourteam_ai_prefix,31736,WINMM.dll@6e1d0000!BZROpenShim::LogShimA+0x16,11,0.0749,14677,20.008
fourteam_ai_prefix,31736,ntdll.dll!_RtlAnsiCharToUnicodeChar@4+0x4e,11,0.0749,14677,20.008
fourteam_ai_prefix,31736,ntdll.dll!__aulldvrm+0x15,11,0.0749,14677,20.008
fourteam_ai_prefix,31736,WINMM.dll@6e1d0000!BZROpenShim::`anonymous namespace'::UnitTurboBeginHook+0xd,11,0.0749,14677,20.008
fourteam_ai_prefix,31736,WINMM.dll@6e1d0000!BZROpenShim::`anonymous namespace'::GetHeadlightOgreApi+0x429,11,0.0749,14677,20.008
fourteam_ai_prefix,31736,ntdll.dll!_RtlpGetCodePageData@4+0x23,11,0.0749,14677,20.008
fourteam_ai_prefix,31736,battlezone98redux.exe!construct<>,11,0.0749,14677,20.008
fourteam_ai_prefix,31736,OgreMain.dll!?ensureLoaded@TextureUnitState@Ogre@@IBEXI@Z+0x1f4,11,0.0749,14677,20.008
fourteam_ai_prefix,31736,WINMM.dll@6e1d0000!BZROpenShim::DynamicGeometrySetSquaredViewDepthHook+0x77,11,0.0749,14677,20.008
fourteam_ai_prefix,31736,OgreMain.dll!?load@Resource@Ogre@@UAEX_N@Z+0x338,11,0.0749,14677,20.008
fourteam_ai_prefix,31736,battlezone98redux.exe+0x2da8f,11,0.0749,14677,20.008
fourteam_ai_prefix,31736,OgreMain.dll!?softwareVertexBlend@Mesh@Ogre@@SAXPBVVertexData@2@0PBQBVMatrix4@2@I_N@Z+0x2d9,11,0.0749,14677,20.008
fourteam_ai_prefix,31736,OgreMain.dll!?apply@Animation@Ogre@@QAEXPAVSkeleton@2@MMM@Z+0x6a,11,0.0749,14677,20.008
fourteam_ai_prefix,31736,OgreMain.dll!?resourceExists@ResourceGroupManager@Ogre@@IAE_NPAUResourceGroup@12@ABV?$basic_string@DU?$char_traits@D@std@@V?$allocator@D@2@@std@@@Z+0x165,11,0.0749,14677,20.008
fourteam_ai_prefix,31736,OgreMain.dll!?resourceExistsInAnyGroup@ResourceGroupManager@Ogre@@QAE_NABV?$basic_string@DU?$char_traits@D@std@@V?$allocator@D@2@@std@@@Z+0xb,11,0.0749,14677,20.008
fourteam_ai_prefix,31736,OgreMain.dll!?findGroupContainingResourceImpl@ResourceGroupManager@Ogre@@IAEPAUResourceGroup@12@ABV?$basic_string@DU?$char_traits@D@std@@V?$allocator@D@2@@std@@@Z+0x71,11,0.0749,14677,20.008
fourteam_ai_prefix,31736,ntdll.dll!_RtlEnterCriticalSection@4+0xa,10,0.0681,14677,20.008
fourteam_ai_prefix,31736,ntdll.dll!__woutput_l+0x382,10,0.0681,14677,20.008
fourteam_ai_prefix,31736,OgreMain.dll!?getLodIndex@Mesh@Ogre@@QBEGM@Z+0x23,10,0.0681,14677,20.008
fourteam_ai_prefix,31736,WINMM.dll@6e1d0000!BZROpenShim::`anonymous namespace'::RotateGenericChunkVector+0x58,10,0.0681,14677,20.008
fourteam_ai_prefix,31736,WINMM.dll@6e1d0000!BZROpenShim::`anonymous namespace'::TryResolveChunkPayloadMeshResource+0x27b,10,0.0681,14677,20.008
fourteam_ai_prefix,31736,OgreMain.dll!?determinant@Matrix4@Ogre@@QBEMXZ+0x159,10,0.0681,14677,20.008
fourteam_ai_prefix,31736,nvwgf2um.dll!OpenAdapter10+0x74f64,10,0.0681,14677,20.008
fourteam_ai_prefix,31736,dxgi.dll!DXGIDisableVBlankVirtualization+0x20a1e,10,0.0681,14677,20.008
fourteam_ai_prefix,31736,uxtheme.dll!EnableThemeDialogTexture+0x1143,10,0.0681,14677,20.008
fourteam_ai_prefix,31736,uxtheme.dll!GetImmersiveUserColorSetPreference+0x1195f,10,0.0681,14677,20.008
fourteam_ai_prefix,31736,USER32.dll!SystemParametersInfoA+0x66,10,0.0681,14677,20.008
fourteam_ai_prefix,31736,uxtheme.dll!GetImmersiveUserColorSetPreference+0x1113f,10,0.0681,14677,20.008
fourteam_ai_prefix,31736,d3d11.dll!D3D11CoreCreateDevice+0xa1cf,10,0.0681,14677,20.008
fourteam_ai_prefix,31736,d3d11.dll!D3D11CoreCreateDevice+0xa28d,10,0.0681,14677,20.008
fourteam_ai_prefix,31736,d3d11.dll!D3D11CoreCreateLayeredDevice+0x1490,10,0.0681,14677,20.008
fourteam_ai_prefix,31736,d3d11.dll!CreateDirect3D11DeviceFromDXGIDevice+0xbdbd5,10,0.0681,14677,20.008
fourteam_ai_prefix,31736,OgreMain.dll!?updatePoint@RotationalSpline@Ogre@@QAEXGABVQuaternion@2@@Z+0xb042,10,0.0681,14677,20.008
fourteam_ai_prefix,31736,ntdll.dll!_RtlCustomCPToUnicodeN@24+0x2c,10,0.0681,14677,20.008
fourteam_ai_prefix,31736,ucrtbase.dll!__math_exit+0x29,10,0.0681,14677,20.008
fourteam_ai_prefix,31736,OgreMain.dll!?getLightMask@MovableObject@Ogre@@UBEIXZ,10,0.0681,14677,20.008
fourteam_ai_prefix,31736,OgreMain.dll!?_setTextureUnitSettings@RenderSystem@Ogre@@UAEXIAAVTextureUnitState@2@@Z+0x73,10,0.0681,14677,20.008
fourteam_ai_prefix,31736,OgreMain.dll!?getProgram@Pass@Ogre@@IBEABV?$SharedPtr@VGpuProgram@Ogre@@@2@PBQAVGpuProgramUsage@2@@Z+0x38,10,0.0681,14677,20.008
fourteam_ai_prefix,31736,d3d11.dll!CreateDirect3D11DeviceFromDXGIDevice+0xbc587,10,0.0681,14677,20.008
fourteam_ai_prefix,31736,battlezone98redux.exe!sub_6027f0,10,0.0681,14677,20.008
fourteam_ai_prefix,31736,battlezone98redux.exe!sub_5fed30,10,0.0681,14677,20.008
fourteam_ai_prefix,31736,WINMM.dll@6e1d0000!BZROpenShim::`anonymous namespace'::CaptureChunkObjectLinkProbe+0xde,10,0.0681,14677,20.008
fourteam_ai_prefix,31736,MSVCR120.dll!wcsnlen+0x13c,10,0.0681,14677,20.008
fourteam_ai_prefix,31736,RenderSystem_Direct3D11.dll!?getConstantBuffer@D3D11HLSLProgram@Ogre@@QAEPAUID3D11Buffer@@V?$SharedPtr@VGpuProgramParameters@Ogre@@@2@G@Z+0xa4,10,0.0681,14677,20.008
fourteam_ai_prefix,31736,OgreMain.dll!?_updateAutoParams@GpuProgramParameters@Ogre@@QAEXPBVAutoParamDataSource@2@G@Z+0x1f65,10,0.0681,14677,20.008
fourteam_ai_prefix,31736,battlezone98redux.exe!sub_5c6f70,10,0.0681,14677,20.008
fourteam_ai_prefix,31736,OgreMain.dll!?_updateAutoParams@GpuProgramParameters@Ogre@@QAEXPBVAutoParamDataSource@2@G@Z+0x1b5b,10,0.0681,14677,20.008
fourteam_ai_prefix,31736,WINMM.dll@6e1d0000!BZROpenShim::`anonymous namespace'::RefreshHeadlightState+0x4c0,10,0.0681,14677,20.008
fourteam_ai_prefix,31736,battlezone98redux.exe!sub_417910,10,0.0681,14677,20.008
fourteam_ai_prefix,31736,OgreMain.dll!?updatePoint@RotationalSpline@Ogre@@QAEXGABVQuaternion@2@@Z+0xb084,10,0.0681,14677,20.008
fourteam_ai_prefix,31736,WINMM.dll@6e1d0000!BZROpenShim::`anonymous namespace'::TryResolveChunkPayloadMeshResource+0x68,10,0.0681,14677,20.008
fourteam_ai_prefix,31736,OgreMain.dll!?processVisibleObject@RenderQueue@Ogre@@QAEXPAVMovableObject@2@PAVCamera@2@_NPAUVisibleObjectsBoundsInfo@2@@Z+0xd1,10,0.0681,14677,20.008
fourteam_ai_prefix,31736,battlezone98redux.exe!sub_4ee780,10,0.0681,14677,20.008
fourteam_ai_prefix,31736,WINMM.dll@6e1d0000!BZROpenShim::`anonymous namespace'::RotateGenericChunkVector+0x1b,10,0.0681,14677,20.008
fourteam_ai_prefix,31736,OgreMain.dll!?isInLightRange@Light@Ogre@@QBE_NABVSphere@2@@Z+0x4e,10,0.0681,14677,20.008
fourteam_ai_prefix,31736,VCRUNTIME140.dll!memset+0x3e,10,0.0681,14677,20.008
fourteam_ai_prefix,31736,ntdll.dll!_RtlpIsUtf8Process@4+0x13,10,0.0681,14677,20.008
fourteam_ai_prefix,31736,ntdll.dll!_RtlUnicodeToMultiByteN@20,10,0.0681,14677,20.008
fourteam_ai_prefix,31736,battlezone98redux.exe!sub_422e80,10,0.0681,14677,20.008
fourteam_ai_prefix,31736,ntdll.dll!_RtlpIsUtf8Process@4+0xb,10,0.0681,14677,20.008
fourteam_ai_prefix,31736,ntdll.dll!_memmove+0xb8,10,0.0681,14677,20.008
fourteam_ai_prefix,31736,MSVCR120.dll!_wfindnext64i32+0x53,10,0.0681,14677,20.008
fourteam_ai_prefix,31736,battlezone98redux.exe!sub_4451d0,10,0.0681,14677,20.008
fourteam_ai_prefix,31736,OgreMain.dll!?useLightsGpuProgram@SceneManager@Ogre@@MAEXPBVPass@2@PBV?$HashedVector@PAVLight@Ogre@@@2@@Z+0x2b,9,0.0613,14677,20.008
fourteam_ai_prefix,31736,KERNEL32.DLL!GetCurrentThreadId,9,0.0613,14677,20.008
fourteam_ai_prefix,31736,ntdll.dll!_RtlAnsiStringToUnicodeString@12+0x136,9,0.0613,14677,20.008
fourteam_ai_prefix,31736,OgreMain.dll!?getRenderOperation@SubEntity@Ogre@@UAEXAAVRenderOperation@2@@Z+0x1e,9,0.0613,14677,20.008
fourteam_ai_prefix,31736,KERNELBASE.dll!WaitForMultipleObjects+0x18,9,0.0613,14677,20.008
fourteam_ai_prefix,31736,MSVCR120.dll!__libm_sse2_acosf+0x13d,9,0.0613,14677,20.008
fourteam_ai_prefix,31736,win32u.dll!_NtUserSystemParametersInfo@16+0xc,9,0.0613,14677,20.008
fourteam_ai_prefix,31736,WINMM.dll@6e1d0000!BZROpenShim::`anonymous namespace'::TrackChunkProxyDebugEntry+0x6e8,9,0.0613,14677,20.008
fourteam_ai_prefix,31736,d3d11.dll+0x30e63,9,0.0613,14677,20.008
fourteam_ai_prefix,31736,nvwgf2um.dll!SetDependencyInfo+0x556aa,9,0.0613,14677,20.008
fourteam_ai_prefix,31736,ucrtbase.dll!__ldclass+0x19,9,0.0613,14677,20.008
fourteam_ai_prefix,31736,"ucrtbase.dll!common_vsprintf<__crt_stdio_output::format_validation_base,wchar_t>+0x377",9,0.0613,14677,20.008
fourteam_ai_prefix,31736,RenderSystem_Direct3D11.dll!?bindGpuProgramParameters@D3D11RenderSystem@Ogre@@UAEXW4GpuProgramType@2@V?$SharedPtr@VGpuProgramParameters@Ogre@@@2@G@Z+0x15f,9,0.0613,14677,20.008
fourteam_ai_prefix,31736,OgreMain.dll!?getNumWorldTransforms@SubEntity@Ogre@@UBEGXZ+0xe,9,0.0613,14677,20.008
fourteam_ai_prefix,31736,OgreMain.dll!?getViewMatrix@AutoParamDataSource@Ogre@@UBEABVMatrix4@2@XZ+0x7c,9,0.0613,14677,20.008
fourteam_ai_prefix,31736,d3d11.dll+0x31b92,9,0.0613,14677,20.008
fourteam_ai_prefix,31736,battlezone98redux.exe!Getal,9,0.0613,14677,20.008
fourteam_ai_prefix,31736,WINMM.dll@6e1d0000!BZROpenShim::`anonymous namespace'::ProcessVisibleObjectHook+0x89,9,0.0613,14677,20.008
fourteam_ai_prefix,31736,WINMM.dll@6e1d0000!BZROpenShim::`anonymous namespace'::IsOgreEntityObject+0x44,9,0.0613,14677,20.008
fourteam_ai_prefix,31736,OgreMain.dll!?_findVisibleObjects@SceneNode@Ogre@@UAEXPAVCamera@2@PAVRenderQueue@2@PAUVisibleObjectsBoundsInfo@2@_N33@Z+0x76,9,0.0613,14677,20.008
fourteam_ai_prefix,31736,WINMM.dll@6e1d0000!BZROpenShim::`anonymous namespace'::PopulateChunkObjectLinkProbeFromIdentityCache+0xa7,9,0.0613,14677,20.008
fourteam_ai_prefix,31736,"WINMM.dll@6e1d0000!std::_Hash<std::_Umap_traits<unsigned int,BZROpenShim::`anonymous namespace'::ChunkObjectIdentityCacheEntry,std::_Uhash_compare<unsigned int,std::hash<unsigned int>,std::equal_to<unsigned int> >,std::allocator<std::pair<unsigned int const ,BZROpenShim::`anonymous namespace'::ChunkObjectIdentityCacheEntry> >,0> >::_Find_last<unsigned int>+0x1d",9,0.0613,14677,20.008
fourteam_ai_prefix,31736,battlezone98redux.exe!sub_6895d0,9,0.0613,14677,20.008
fourteam_ai_prefix,31736,WINMM.dll@6e1d0000!BZROpenShim::`anonymous namespace'::TryResolveChunkProxyPositionFromCandidates+0xf6,9,0.0613,14677,20.008
fourteam_ai_prefix,31736,battlezone98redux.exe!sub_44ef20,9,0.0613,14677,20.008
fourteam_ai_prefix,31736,battlezone98redux.exe!sub_4462d0,9,0.0613,14677,20.008
fourteam_ai_prefix,31736,WINMM.dll@6e1d0000!BZROpenShim::`anonymous namespace'::TryResolveChunkPayloadMeshResource+0x225,9,0.0613,14677,20.008
fourteam_ai_prefix,31736,battlezone98redux.exe!sub_5ba560,9,0.0613,14677,20.008
fourteam_ai_prefix,31736,battlezone98redux.exe!sub_62bf70,9,0.0613,14677,20.008
fourteam_ai_prefix,31736,d3d11.dll+0x35e90,9,0.0613,14677,20.008
fourteam_ai_prefix,31736,ntdll.dll!__aulldvrm+0x25,9,0.0613,14677,20.008
fourteam_ai_prefix,31736,battlezone98redux.exe!sub_5b2950,9,0.0613,14677,20.008
fourteam_ai_prefix,31736,d3d11.dll+0x27010,9,0.0613,14677,20.008
fourteam_ai_prefix,31736,nvwgf2um.dll!OpenAdapter10+0x23b36,9,0.0613,14677,20.008
fourteam_ai_prefix,31736,OgreMain.dll!?processVisibleObject@RenderQueue@Ogre@@QAEXPAVMovableObject@2@PAVCamera@2@_NPAUVisibleObjectsBoundsInfo@2@@Z+0xc7,9,0.0613,14677,20.008
fourteam_ai_prefix,31736,ntdll.dll!write_char+0x3b,9,0.0613,14677,20.008
fourteam_ai_prefix,31736,MSVCR120.dll!__libm_sse2_acosf+0xf3,9,0.0613,14677,20.008
fourteam_ai_prefix,31736,RenderSystem_Direct3D11.dll!?swapBuffers@D3D11RenderWindowSwapChainBased@Ogre@@UAEXXZ+0x80,9,0.0613,14677,20.008
fourteam_ai_prefix,31736,OgreMain.dll!?setAnimationState@Skeleton@Ogre@@UAEXABVAnimationStateSet@2@@Z+0x15,9,0.0613,14677,20.008
fourteam_ai_prefix,31736,ntdll.dll!_RtlAnsiCharToUnicodeChar@4,9,0.0613,14677,20.008
fourteam_ai_prefix,31736,OgreMain.dll!?buildKeyFrameTimeList@Animation@Ogre@@IBEXXZ+0x6aa,9,0.0613,14677,20.008
fourteam_ai_prefix,31736,battlezone98redux.exe!sub_83f040,9,0.0613,14677,20.008
fourteam_ai_prefix,31736,RenderSystem_Direct3D11.dll!?_setRenderTarget@D3D11RenderSystem@Ogre@@UAEXPAVRenderTarget@2@@Z+0x4c,9,0.0613,14677,20.008
fourteam_ai_prefix,31736,ntdll.dll!__output_l+0xbd,9,0.0613,14677,20.008
fourteam_ai_prefix,31736,battlezone98redux.exe!sub_44d670,9,0.0613,14677,20.008
fourteam_ai_prefix,31736,d3d11.dll!D3D11CoreCreateDevice+0x1d48d,9,0.0613,14677,20.008
fourteam_ai_prefix,31736,d3d11.dll!D3D11CoreCreateDevice+0x1d9a7,9,0.0613,14677,20.008
fourteam_ai_prefix,31736,battlezone98redux.exe!sub_820180,9,0.0613,14677,20.008
fourteam_ai_prefix,31736,OgreMain.dll!?processVisibleObject@RenderQueue@Ogre@@QAEXPAVMovableObject@2@PAVCamera@2@_NPAUVisibleObjectsBoundsInfo@2@@Z+0x11,9,0.0613,14677,20.008
fourteam_ai_prefix,31736,OgreMain.dll!?update@Light@Ogre@@MBEXXZ+0xda,9,0.0613,14677,20.008
fourteam_ai_prefix,31736,battlezone98redux.exe!sub_601cf0,9,0.0613,14677,20.008
fourteam_ai_prefix,31736,battlezone98redux.exe!sub_601730,9,0.0613,14677,20.008
fourteam_ai_prefix,31736,d3d11.dll+0x2703e,9,0.0613,14677,20.008
fourteam_ai_prefix,31736,OgreMain.dll!?updateAnimation@Entity@Ogre@@IAEXXZ+0x85,9,0.0613,14677,20.008
fourteam_ai_prefix,31736,ntdll.dll!_memset+0x4,9,0.0613,14677,20.008
fourteam_ai_prefix,31736,OgreMain.dll!?isTransparentSortingForced@Technique@Ogre@@QBE_NXZ+0xc,9,0.0613,14677,20.008
fourteam_ai_prefix,31736,"WINMM.dll@6e1d0000!std::basic_string<char,std::char_traits<char>,std::allocator<char> >::_Allocate_for_capacity<0>+0x4b",9,0.0613,14677,20.008
fourteam_ai_prefix,31736,ntdll.dll!_RtlpFreeNTHeapInternal@12+0x217,9,0.0613,14677,20.008
fourteam_ai_prefix,31736,ntdll.dll!_RtlInitString@8+0x1d,9,0.0613,14677,20.008
fourteam_ai_prefix,31736,battlezone98redux.exe!sub_449be0,9,0.0613,14677,20.008
fourteam_ai_prefix,31736,battlezone98redux.exe!sub_4499a0,9,0.0613,14677,20.008
fourteam_ai_prefix,31736,d3d11.dll!D3D11CoreCreateLayeredDevice+0x17cd,9,0.0613,14677,20.008
fourteam_ai_prefix,31736,ntdll.dll!_RtlLeaveCriticalSection@4+0x2e,9,0.0613,14677,20.008
fourteam_ai_prefix,31736,ntdll.dll!__output_l+0x7c2,9,0.0613,14677,20.008
fourteam_ai_prefix,31736,battlezone98redux.exe!sub_4200d0,9,0.0613,14677,20.008
fourteam_ai_prefix,31736,OgreMain.dll!?_getBoneMatrices@Skeleton@Ogre@@UAEXPAVMatrix4@2@@Z+0x10,9,0.0613,14677,20.008
fourteam_ai_prefix,31736,OgreMain.dll!?_updateTransforms@Skeleton@Ogre@@UAEXXZ+0x3e,9,0.0613,14677,20.008
fourteam_ai_prefix,31736,OgreMain.dll!?createLight@SceneManager@Ogre@@UAEPAVLight@2@XZ+0x3a,9,0.0613,14677,20.008
fourteam_ai_prefix,31736,battlezone98redux.exe!sub_44c1c0,9,0.0613,14677,20.008
fourteam_ai_prefix,31736,OgreMain.dll!?read@FileStreamDataStream@Ogre@@UAEIPAXI@Z+0x17,9,0.0613,14677,20.008
fourteam_ai_prefix,31736,MSVCR120.dll!_get_fmode+0x285,9,0.0613,14677,20.008
fourteam_ai_prefix,31736,MSVCP120.dll!?read@?$basic_istream@DU?$char_traits@D@std@@@std@@QAEAAV12@PAD_J@Z+0x67,9,0.0613,14677,20.008
fourteam_ai_prefix,31736,MSVCP120.dll!?xsgetn@?$basic_streambuf@DU?$char_traits@D@std@@@std@@MAE_JPAD_J@Z+0xaa,9,0.0613,14677,20.008
fourteam_ai_prefix,31736,MSVCR120.dll!getc+0xd1,9,0.0613,14677,20.008
fourteam_ai_prefix,31736,MSVCR120.dll!_filbuf+0x55,9,0.0613,14677,20.008
fourteam_ai_prefix,31736,MSVCR120.dll!_read+0x8d,9,0.0613,14677,20.008
fourteam_ai_prefix,31736,OgreMain.dll!?_load@Technique@Ogre@@QAEXXZ+0x57,9,0.0613,14677,20.008
fourteam_ai_prefix,31736,OgreMain.dll!?loadImpl@Material@Ogre@@MAEXXZ+0x2d,9,0.0613,14677,20.008
fourteam_ai_prefix,31736,RenderSystem_Direct3D11.dll!?loadImpl@D3D11Texture@Ogre@@MAEXXZ+0x11a,9,0.0613,14677,20.008
fourteam_ai_prefix,31736,OgreMain.dll!?_load@TextureUnitState@Ogre@@QAEXXZ+0x2d,9,0.0613,14677,20.008
fourteam_ai_prefix,31736,OgreMain.dll!?findLightsAffectingFrustum@SceneManager@Ogre@@MAEXPBVCamera@2@@Z+0xfa,9,0.0613,14677,20.008
fourteam_ai_prefix,31736,ntdll.dll!__woutput_l+0x884,9,0.0613,14677,20.008
fourteam_ai_prefix,31736,ntdll.dll!__wctomb_s_l+0x68,9,0.0613,14677,20.008
fourteam_ai_prefix,31736,RenderSystem_Direct3D11.dll+0x4b38,9,0.0613,14677,20.008
fourteam_ai_prefix,31736,battlezone98redux.exe!sub_593ac0,9,0.0613,14677,20.008
fourteam_ai_prefix,31736,battlezone98redux.exe!sub_593750,9,0.0613,14677,20.008
fourteam_ai_prefix,31736,OgreMain.dll!?compile@ScriptCompiler@Ogre@@QAE_NABV?$basic_string@DU?$char_traits@D@std@@V?$allocator@D@2@@std@@00@Z+0xb8,9,0.0613,14677,20.008
fourteam_ai_prefix,31736,OgreMain.dll!?parseResourceGroupScripts@ResourceGroupManager@Ogre@@IAEXPAUResourceGroup@12@@Z+0x715,9,0.0613,14677,20.008
fourteam_ai_prefix,31736,OgreMain.dll!?parseScript@ScriptCompilerManager@Ogre@@UAEXAAV?$SharedPtr@VDataStream@Ogre@@@2@ABV?$basic_string@DU?$char_traits@D@std@@V?$allocator@D@2@@std@@@Z+0x153,9,0.0613,14677,20.008
fourteam_ai_prefix,31736,WINMM.dll@6e1d0000!BZROpenShim::`anonymous namespace'::LogRenderTargetView+0x4aa,9,0.0613,14677,20.008
fourteam_ai_prefix,31736,OgreMain.dll!?getFragmentProgram@Pass@Ogre@@QBEABV?$SharedPtr@VGpuProgram@Ogre@@@2@XZ+0xc,8,0.0545,14677,20.008
fourteam_ai_prefix,31736,OgreMain.dll!?getIndex@DistanceLodStrategyBase@Ogre@@UBEGMABV?$vector@UMeshLodUsage@Ogre@@V?$STLAllocator@UMeshLodUsage@Ogre@@V?$CategorisedAllocPolicy@$0A@@2@@2@@std@@@Z+0x16,8,0.0545,14677,20.008
fourteam_ai_prefix,31736,battlezone98redux.exe!sub_437b00,8,0.0545,14677,20.008
fourteam_ai_prefix,31736,OgreMain.dll!?_updateAutoParams@GpuProgramParameters@Ogre@@QAEXPBVAutoParamDataSource@2@G@Z+0x1f00,8,0.0545,14677,20.008
fourteam_ai_prefix,31736,ntdll.dll!_RtlpLocalInfoAllocFromCache@8+0x28,8,0.0545,14677,20.008
fourteam_ai_prefix,31736,ntdll.dll!_ZwWaitForMultipleObjects@20+0xc,8,0.0545,14677,20.008
fourteam_ai_prefix,31736,WINMM.dll@6e1d0000!BZROpenShim::`anonymous namespace'::TryResolveChunkPayloadMeshResourceForMeshAndGeom+0x6c,8,0.0545,14677,20.008
fourteam_ai_prefix,31736,OgreMain.dll!?renderSingleObject@SceneManager@Ogre@@MAEXPAVRenderable@2@PBVPass@2@_N2PBV?$HashedVector@PAVLight@Ogre@@@2@@Z+0x1d5,8,0.0545,14677,20.008
fourteam_ai_prefix,31736,nvwgf2um.dll!NVDEV_Thunk+0x4f7994,8,0.0545,14677,20.008
fourteam_ai_prefix,31736,ntdll.dll!@RtlpLowFragHeapAllocFromContext@16+0x23,8,0.0545,14677,20.008
fourteam_ai_prefix,31736,ntdll.dll!_wctomb_s+0x5,8,0.0545,14677,20.008
fourteam_ai_prefix,31736,ntdll.dll!_ZwSetInformationThread@16+0xc,8,0.0545,14677,20.008
fourteam_ai_prefix,31736,WINMM.dll@6e1d0000!BZROpenShim::`anonymous namespace'::RotateGenericChunkVector+0x53,8,0.0545,14677,20.008
fourteam_ai_prefix,31736,OgreMain.dll!?update@Light@Ogre@@MBEXXZ,8,0.0545,14677,20.008
fourteam_ai_prefix,31736,WINMM.dll@6e1d0000!BZROpenShim::`anonymous namespace'::TryResolveChunkPayloadMeshResource+0x2ff,8,0.0545,14677,20.008
fourteam_ai_prefix,31736,nvwgf2um.dll!SetDependencyInfo+0x54d72,8,0.0545,14677,20.008
fourteam_ai_prefix,31736,nvwgf2um.dll!SetDependencyInfo+0x54bea,8,0.0545,14677,20.008
fourteam_ai_prefix,31736,WINMM.dll@6e1d0000!BZROpenShim::`anonymous namespace'::RebuildAndSubmitGenericChunkBatch+0x102f,8,0.0545,14677,20.008
fourteam_ai_prefix,31736,OgreMain.dll!?ACos@Math@Ogre@@SA?AVRadian@2@M@Z+0x8,8,0.0545,14677,20.008
fourteam_ai_prefix,31736,ntdll.dll!_ZwReleaseMutant@8+0xc,8,0.0545,14677,20.008
fourteam_ai_prefix,31736,WINMM.dll@6e1d0000!BZROpenShim::`anonymous namespace'::RotateGenericChunkVector+0x75,8,0.0545,14677,20.008
fourteam_ai_prefix,31736,OgreMain.dll!?addRenderable@RenderQueue@Ogre@@QAEXPAVRenderable@2@EG@Z+0x3e,8,0.0545,14677,20.008
fourteam_ai_prefix,31736,MSVCR120.dll!__crtFlsGetValue+0x19,8,0.0545,14677,20.008
fourteam_ai_prefix,31736,OgreMain.dll!?renderBasicQueueGroupObjects@SceneManager@Ogre@@MAEXPAVRenderQueueGroup@2@W4OrganisationMode@QueuedRenderableCollection@2@@Z+0x74,8,0.0545,14677,20.008
fourteam_ai_prefix,31736,WINMM.dll@6e1d0000!BZROpenShim::`anonymous namespace'::TryResolveChunkProxyPositionFromCandidates+0x16c,8,0.0545,14677,20.008
fourteam_ai_prefix,31736,OgreMain.dll!?updatePoint@RotationalSpline@Ogre@@QAEXGABVQuaternion@2@@Z+0x1612,8,0.0545,14677,20.008
fourteam_ai_prefix,31736,OgreMain.dll!?getFragmentProgramParameters@Pass@Ogre@@QBE?AV?$SharedPtr@VGpuProgramParameters@Ogre@@@2@XZ+0x86,8,0.0545,14677,20.008
fourteam_ai_prefix,31736,OgreMain.dll!??0FocusedShadowCameraSetup@Ogre@@QAE@XZ+0x62,8,0.0545,14677,20.008
fourteam_ai_prefix,31736,battlezone98redux.exe!sub_442a90,8,0.0545,14677,20.008
fourteam_ai_prefix,31736,OgreMain.dll!?isHardwareAnimationEnabled@Entity@Ogre@@QAE_NXZ+0x28,8,0.0545,14677,20.008
fourteam_ai_prefix,31736,OgreMain.dll!?_populateLightList@SceneManager@Ogre@@UAEXABVVector3@2@MAAV?$HashedVector@PAVLight@Ogre@@@2@I@Z+0xb5,8,0.0545,14677,20.008
fourteam_ai_prefix,31736,RenderSystem_Direct3D11.dll!??0D3D11RenderWindowSwapChainBased@Ogre@@QAE@ABV01@@Z+0xa0b,8,0.0545,14677,20.008
fourteam_ai_prefix,31736,WINMM.dll@6e1d0000!BZROpenShim::`anonymous namespace'::CaptureChunkObjectLinkProbe+0xa8,8,0.0545,14677,20.008
fourteam_ai_prefix,31736,OgreMain.dll!?_calcTempSquareDist@Light@Ogre@@QAEXABVVector3@2@@Z+0x4c,8,0.0545,14677,20.008
fourteam_ai_prefix,31736,d3d11.dll+0x30e12,8,0.0545,14677,20.008
fourteam_ai_prefix,31736,dxgi.dll!DXGIGetDebugInterface1+0x20602,8,0.0545,14677,20.008
fourteam_ai_prefix,31736,d3d11.dll+0x289ab,8,0.0545,14677,20.008
fourteam_ai_prefix,31736,d3d11.dll+0x28a00,8,0.0545,14677,20.008
fourteam_ai_prefix,31736,WINMM.dll@6e1d0000!BZROpenShim::`anonymous namespace'::HookCreateSRV+0x19,8,0.0545,14677,20.008
fourteam_ai_prefix,31736,nvwgf2um.dll!OpenAdapter10+0x744c7,8,0.0545,14677,20.008
fourteam_ai_prefix,31736,nvwgf2um.dll!SetDependencyInfo+0x54242,8,0.0545,14677,20.008
fourteam_ai_prefix,31736,OgreMain.dll!?chooseVertexDataForBinding@Entity@Ogre@@QAE?AW4VertexDataBindChoice@12@_N@Z+0x11,8,0.0545,14677,20.008
fourteam_ai_prefix,31736,battlezone98redux.exe!sub_44eef0,8,0.0545,14677,20.008
fourteam_ai_prefix,31736,RenderSystem_Direct3D11.dll!?getVBlankMissCount@D3D11RenderWindowSwapChainBased@Ogre@@IAEHXZ+0x62,8,0.0545,14677,20.008
fourteam_ai_prefix,31736,dxgi.dll!DXGIGetDebugInterface1+0x8986,8,0.0545,14677,20.008
fourteam_ai_prefix,31736,RenderSystem_Direct3D11.dll!?updateStats@D3D11RenderWindowSwapChainBased@Ogre@@UAEXXZ+0x10,8,0.0545,14677,20.008
fourteam_ai_prefix,31736,RenderSystem_Direct3D11.dll!?getILayoutByShader@D3D11VertexDeclaration@Ogre@@IAEPAUID3D11InputLayout@@PAVD3D11HLSLProgram@2@PAVVertexBufferBinding@2@@Z+0x56,8,0.0545,14677,20.008
fourteam_ai_prefix,31736,VCRUNTIME140.dll!_except_handler4_common+0x15e,8,0.0545,14677,20.008
fourteam_ai_prefix,31736,battlezone98redux.exe!sub_684290,8,0.0545,14677,20.008
fourteam_ai_prefix,31736,OgreMain.dll!?setShadowCameraSetup@SceneManager@Ogre@@UAEXABV?$SharedPtr@VShadowCameraSetup@Ogre@@@2@@Z+0x5c,8,0.0545,14677,20.008
fourteam_ai_prefix,31736,battlezone98redux.exe!~_AnonymousOriginator<>,8,0.0545,14677,20.008
fourteam_ai_prefix,31736,RenderSystem_Direct3D11.dll!?_render@D3D11RenderSystem@Ogre@@UAEXABVRenderOperation@2@@Z+0x423,8,0.0545,14677,20.008
fourteam_ai_prefix,31736,nvspcap.dll!CreateShadowPlayProxyShimInterface+0xe53a,8,0.0545,14677,20.008
fourteam_ai_prefix,31736,ntdll.dll!__output_l+0x30f,8,0.0545,14677,20.008
fourteam_ai_prefix,31736,MSVCR120.dll!__libm_sse2_asinf+0x3a,8,0.0545,14677,20.008
fourteam_ai_prefix,31736,OgreMain.dll!?setVisible@MovableObject@Ogre@@UAEX_N@Z+0x25,8,0.0545,14677,20.008
fourteam_ai_prefix,31736,battlezone98redux.exe!sub_44dc60,8,0.0545,14677,20.008
fourteam_ai_prefix,31736,OgreMain.dll!?getVertexProgramParameters@Pass@Ogre@@QBE?AV?$SharedPtr@VGpuProgramParameters@Ogre@@@2@XZ+0x127,8,0.0545,14677,20.008
fourteam_ai_prefix,31736,WINMM.dll@6e1d0000!BZROpenShim::`anonymous namespace'::TryResolveChunkPayloadMeshResourceForMeshAndGeom+0x5b,8,0.0545,14677,20.008
fourteam_ai_prefix,31736,OgreMain.dll!?calculateB@FocusedShadowCameraSetup@Ogre@@IBEXABVSceneManager@2@ABVCamera@2@ABVLight@2@ABVAxisAlignedBox@2@3PAVPointListBody@12@@Z+0x154,8,0.0545,14677,20.008
fourteam_ai_prefix,31736,nvwgf2um.dll!NVENCODEAPI_Thunk+0x2175ea,8,0.0545,14677,20.008
fourteam_ai_prefix,31736,ntdll.dll!__fputwc_nolock+0x31,8,0.0545,14677,20.008
fourteam_ai_prefix,31736,OgreMain.dll!?_getTexturePtr@TextureUnitState@Ogre@@QBEABV?$SharedPtr@VTexture@Ogre@@@2@I@Z+0x47,8,0.0545,14677,20.008
fourteam_ai_prefix,31736,WINMM.dll@6e1d0000!BZROpenShim::`anonymous namespace'::TryResolveChunkPayloadMeshResourceForMeshAndGeom+0x103,8,0.0545,14677,20.008
fourteam_ai_prefix,31736,OgreMain.dll!?getSquaredDepth@DistanceLodSphereStrategy@Ogre@@UBEMPBVMovableObject@2@PBVCamera@2@@Z+0x2c,8,0.0545,14677,20.008
fourteam_ai_prefix,31736,battlezone98redux.exe!sub_67d090,8,0.0545,14677,20.008
fourteam_ai_prefix,31736,OgreMain.dll!?isVisible@MovableObject@Ogre@@UBE_NXZ+0x25,8,0.0545,14677,20.008
fourteam_ai_prefix,31736,battlezone98redux.exe!sub_4631d0,8,0.0545,14677,20.008
fourteam_ai_prefix,31736,OgreMain.dll!?addRenderable@QueuedRenderableCollection@Ogre@@QAEXPAVPass@2@PAVRenderable@2@@Z+0x3c,8,0.0545,14677,20.008
fourteam_ai_prefix,31736,battlezone98redux.exe!sub_6799c0,8,0.0545,14677,20.008
fourteam_ai_prefix,31736,ntdll.dll!_LdrpPreprocessDllName@16+0x33a,8,0.0545,14677,20.008
fourteam_ai_prefix,31736,ntdll.dll!_RtlUnicodeToMultiByteN@20+0x23,8,0.0545,14677,20.008
fourteam_ai_prefix,31736,d3d11.dll!D3D11CoreCreateLayeredDevice+0xca91,8,0.0545,14677,20.008
fourteam_ai_prefix,31736,OgreMain.dll!?_findVisibleObjects@SceneNode@Ogre@@UAEXPAVCamera@2@PAVRenderQueue@2@PAUVisibleObjectsBoundsInfo@2@_N33@Z+0x35,8,0.0545,14677,20.008
fourteam_ai_prefix,31736,WINMM.dll@6e1d0000!BZROpenShim::LogShimVA+0x10e,8,0.0545,14677,20.008
fourteam_ai_prefix,31736,WINMM.dll@6e1d0000!BZROpenShim::`anonymous namespace'::HandleUnitTurboBoundary+0x1e,8,0.0545,14677,20.008
fourteam_ai_prefix,31736,battlezone98redux.exe!sub_44eaa0,8,0.0545,14677,20.008
fourteam_ai_prefix,31736,battlezone98redux.exe!sub_4acbc0,8,0.0545,14677,20.008
fourteam_ai_prefix,31736,d3d11.dll!D3D11CoreCreateDevice+0x3943,8,0.0545,14677,20.008
fourteam_ai_prefix,31736,d3d11.dll!D3D11CoreCreateDevice+0xa4c7,8,0.0545,14677,20.008
fourteam_ai_prefix,31736,d3d11.dll!D3D11CreateDeviceAndSwapChain+0x1140,8,0.0545,14677,20.008
fourteam_ai_prefix,31736,OgreMain.dll!?getShadowCamera@LiSPSMShadowCameraSetup@Ogre@@UBEXPBVSceneManager@2@PBVCamera@2@PBVViewport@2@PBVLight@2@PAV42@I@Z+0x6c0,8,0.0545,14677,20.008
fourteam_ai_prefix,31736,OgreMain.dll!?getBestTechnique@Material@Ogre@@QAEPAVTechnique@2@GPBVRenderable@2@@Z+0x69,8,0.0545,14677,20.008
fourteam_ai_prefix,31736,battlezone98redux.exe!sub_449ce0,8,0.0545,14677,20.008
fourteam_ai_prefix,31736,ntdll.dll!write_char+0x48,8,0.0545,14677,20.008
fourteam_ai_prefix,31736,win32u.dll!_NtGdiDdDDICreateAllocation@4+0xc,8,0.0545,14677,20.008
fourteam_ai_prefix,31736,nvwgf2um.dll!NVAPI_DirectMethods+0x558e9,8,0.0545,14677,20.008
fourteam_ai_prefix,31736,d3d11.dll!D3D11CoreCreateLayeredDevice+0x22939,8,0.0545,14677,20.008
fourteam_ai_prefix,31736,nvwgf2um.dll!OpenAdapter10+0x7a83e,8,0.0545,14677,20.008
fourteam_ai_prefix,31736,nvwgf2um.dll!NVDEV_Thunk+0x212605,8,0.0545,14677,20.008
fourteam_ai_prefix,31736,d3d11.dll!D3D11CoreCreateLayeredDevice+0xa8f6,8,0.0545,14677,20.008
fourteam_ai_prefix,31736,nvwgf2um.dll!NVAPI_DirectMethods+0xb013b,8,0.0545,14677,20.008
fourteam_ai_prefix,31736,nvwgf2um.dll!OpenAdapter10+0x7a010,8,0.0545,14677,20.008
fourteam_ai_prefix,31736,battlezone98redux.exe!sub_44ec90,8,0.0545,14677,20.008
fourteam_ai_prefix,31736,OgreMain.dll!?_update@Node@Ogre@@UAEX_N0@Z+0x7f,8,0.0545,14677,20.008
fourteam_ai_prefix,31736,OgreMain.dll!??0MemoryDataStream@Ogre@@QAE@AAV?$SharedPtr@VDataStream@Ogre@@@1@_N1@Z+0xf7,8,0.0545,14677,20.008
fourteam_ai_prefix,31736,battlezone98redux.exe!sub_421520,8,0.0545,14677,20.008
fourteam_ai_prefix,31736,battlezone98redux.exe!sub_417e60,8,0.0545,14677,20.008
fourteam_ai_prefix,31736,RenderSystem_Direct3D11.dll!?_prepareNormTex@D3D11Texture@Ogre@@IAE?AV?$SharedPtr@V?$vector@V?$SharedPtr@VMemoryDataStream@Ogre@@@Ogre@@V?$STLAllocator@V?$SharedPtr@VMemoryDataStream@Ogre@@@Ogre@@V?$CategorisedAllocPolicy@$0A@@2@@2@@std@@@2@XZ+0xec,8,0.0545,14677,20.008
fourteam_ai_prefix,31736,nvwgf2um.dll!OpenAdapter10+0x74d91,8,0.0545,14677,20.008
fourteam_ai_prefix,31736,nvwgf2um.dll!SetDependencyInfo+0x56dfa,8,0.0545,14677,20.008
fourteam_ai_prefix,31736,nvwgf2um.dll!NVAPI_DirectMethods+0x143a1,8,0.0545,14677,20.008
fourteam_ai_prefix,31736,nvwgf2um.dll!NVAPI_DirectMethods+0x4654f,8,0.0545,14677,20.008
fourteam_ai_prefix,31736,nvwgf2um.dll!SetDependencyInfo+0x4f5c1,8,0.0545,14677,20.008
fourteam_ai_prefix,31736,nvwgf2um.dll!NVAPI_DirectMethods+0x140b2,8,0.0545,14677,20.008
fourteam_ai_prefix,31736,d3d11.dll!D3D11CoreCreateLayeredDevice+0xb9b,8,0.0545,14677,20.008
fourteam_ai_prefix,31736,nvwgf2um.dll!OpenAdapter10+0x21e69,8,0.0545,14677,20.008
fourteam_ai_prefix,31736,battlezone98redux.exe!sub_49bf10,8,0.0545,14677,20.008
fourteam_ai_prefix,31736,battlezone98redux.exe!sub_5e1310,8,0.0545,14677,20.008
fourteam_ai_prefix,31736,MSVCR120.dll!_wfindnext64i32+0xc9,8,0.0545,14677,20.008
fourteam_ai_prefix,31736,OgreMain.dll+0x1ba22,8,0.0545,14677,20.008
fourteam_ai_prefix,31736,OgreMain.dll!?setNull@?$SharedPtr@VHardwareIndexBuffer@Ogre@@@Ogre@@QAEXXZ+0xa,8,0.0545,14677,20.008
fourteam_ai_prefix,31736,battlezone98redux.exe!sub_43faa0,7,0.0477,14677,20.008
fourteam_ai_prefix,31736,DSOUND.dll!GetDeviceID+0x48df,7,0.0477,14677,20.008
fourteam_ai_prefix,31736,nvwgf2um.dll!OpenAdapter10+0x76d27,7,0.0477,14677,20.008
fourteam_ai_prefix,31736,d3d11.dll!D3D11CoreCreateDevice+0x3dc4,7,0.0477,14677,20.008
fourteam_ai_prefix,31736,nvwgf2um.dll!OpenAdapter10+0x72ff7,7,0.0477,14677,20.008
fourteam_ai_prefix,31736,nvwgf2um.dll!OpenAdapter10+0x7208d,7,0.0477,14677,20.008
fourteam_ai_prefix,31736,nvwgf2um.dll!OpenAdapter10+0x77c4d,7,0.0477,14677,20.008
fourteam_ai_prefix,31736,OgreMain.dll!?getAs4DVector@Light@Ogre@@QBE?AVVector4@2@_N@Z+0x54,7,0.0477,14677,20.008
fourteam_ai_prefix,31736,battlezone98redux.exe!destroy<>,7,0.0477,14677,20.008
fourteam_ai_prefix,31736,OgreMain.dll!?visit@SceneMgrQueuedRenderableVisitor@SceneManager@Ogre@@UAEXPAVRenderable@3@@Z+0x16,7,0.0477,14677,20.008
fourteam_ai_prefix,31736,battlezone98redux.exe!sub_417f60,7,0.0477,14677,20.008
fourteam_ai_prefix,31736,OgreMain.dll!?getConstantDefinition@GpuProgramParameters@Ogre@@QBEABUGpuConstantDefinition@2@ABV?$basic_string@DU?$char_traits@D@std@@V?$allocator@D@2@@std@@@Z+0xd2,7,0.0477,14677,20.008
fourteam_ai_prefix,31736,"WINMM.dll@6e1d0000!std::unordered_set<void *,std::hash<void *>,std::equal_to<void *>,std::allocator<void *> >::unordered_set<void *,std::hash<void *>,std::equal_to<void *>,std::allocator<void *> >+0x47",7,0.0477,14677,20.008
fourteam_ai_prefix,31736,battlezone98redux.exe!sub_83e885,7,0.0477,14677,20.008
fourteam_ai_prefix,31736,OgreMain.dll!?updatePoint@RotationalSpline@Ogre@@QAEXGABVQuaternion@2@@Z+0xb212,7,0.0477,14677,20.008
fourteam_ai_prefix,31736,WINMM.dll@6e1d0000!BZROpenShim::`anonymous namespace'::AppendGenericChunkBatchGeometry+0x13e,7,0.0477,14677,20.008
fourteam_ai_prefix,31736,WINMM.dll@6e1d0000!BZROpenShim::`anonymous namespace'::AppendGenericChunkBatchGeometry+0x10a,7,0.0477,14677,20.008
fourteam_ai_prefix,31736,RenderSystem_Direct3D11.dll!??0D3D11RenderWindowSwapChainBased@Ogre@@QAE@ABV01@@Z+0x9f2,7,0.0477,14677,20.008
fourteam_ai_prefix,31736,battlezone98redux.exe!sub_447ed0,7,0.0477,14677,20.008
fourteam_ai_prefix,31736,OgreMain.dll+0x3e42d,7,0.0477,14677,20.008
fourteam_ai_prefix,31736,RenderSystem_Direct3D11.dll!?_render@D3D11RenderSystem@Ogre@@UAEXABVRenderOperation@2@@Z+0x18cf,7,0.0477,14677,20.008
fourteam_ai_prefix,31736,RenderSystem_Direct3D11.dll!??0D3D11RenderWindowSwapChainBased@Ogre@@QAE@ABV01@@Z+0x9da,7,0.0477,14677,20.008
fourteam_ai_prefix,31736,RenderSystem_Direct3D11.dll!?_setTexture@D3D11RenderSystem@Ogre@@UAEXI_NABV?$SharedPtr@VTexture@Ogre@@@2@@Z+0x68,7,0.0477,14677,20.008
fourteam_ai_prefix,31736,WINMM.dll@6e1d0000!BZROpenShim::ChunkEffectSimulateHook+0x16e,7,0.0477,14677,20.008
fourteam_ai_prefix,31736,ntdll.dll!_RtlUnicodeToCustomCPN@24+0x43,7,0.0477,14677,20.008
fourteam_ai_prefix,31736,battlezone98redux.exe!sub_44f1b0,7,0.0477,14677,20.008
fourteam_ai_prefix,31736,OgreMain.dll!??4GpuSharedParametersUsage@Ogre@@QAEAAV01@ABV01@@Z+0x2742,7,0.0477,14677,20.008
fourteam_ai_prefix,31736,battlezone98redux.exe!sub_5bc640,7,0.0477,14677,20.008
fourteam_ai_prefix,31736,d3d11.dll+0x3665c,7,0.0477,14677,20.008
fourteam_ai_prefix,31736,dxgi.dll!DXGIDisableVBlankVirtualization+0x3b0ee,7,0.0477,14677,20.008
fourteam_ai_prefix,31736,OgreMain.dll!?_populateLightList@SceneManager@Ogre@@UAEXABVVector3@2@MAAV?$HashedVector@PAVLight@Ogre@@@2@I@Z+0xbd,7,0.0477,14677,20.008
fourteam_ai_prefix,31736,OgreMain.dll!?updatePoint@RotationalSpline@Ogre@@QAEXGABVQuaternion@2@@Z+0x1585,7,0.0477,14677,20.008
fourteam_ai_prefix,31736,OgreMain.dll!?_updateAutoParams@GpuProgramParameters@Ogre@@QAEXPBVAutoParamDataSource@2@G@Z+0x1be0,7,0.0477,14677,20.008
fourteam_ai_prefix,31736,WINMM.dll@6e1d0000!BZROpenShim::`anonymous namespace'::RotateGenericChunkVector+0x98,7,0.0477,14677,20.008
fourteam_ai_prefix,31736,WINMM.dll@6e1d0000!BZROpenShim::`anonymous namespace'::RebuildAndSubmitGenericChunkBatch+0x1bf,7,0.0477,14677,20.008
fourteam_ai_prefix,31736,battlezone98redux.exe!sub_6815b0,7,0.0477,14677,20.008
fourteam_ai_prefix,31736,d3d11.dll!CreateDirect3D11DeviceFromDXGIDevice+0xbae48,7,0.0477,14677,20.008
fourteam_ai_prefix,31736,OgreMain.dll!?touchVertexBufferCopy@HardwareBufferManagerBase@Ogre@@UAEXABVHardwareVertexBufferSharedPtr@2@@Z+0x3d,7,0.0477,14677,20.008
fourteam_ai_prefix,31736,battlezone98redux.exe!sub_49b1f0,7,0.0477,14677,20.008
fourteam_ai_prefix,31736,OgreMain.dll!?updateView@Frustum@Ogre@@MBEXXZ+0xd,7,0.0477,14677,20.008
fourteam_ai_prefix,31736,OgreMain.dll!?createLight@SceneManager@Ogre@@UAEPAVLight@2@ABV?$basic_string@DU?$char_traits@D@std@@V?$allocator@D@2@@std@@@Z+0x15,7,0.0477,14677,20.008
fourteam_ai_prefix,31736,battlezone98redux.exe!sub_787b60,7,0.0477,14677,20.008
fourteam_ai_prefix,31736,ntdll.dll!write_string+0x9,7,0.0477,14677,20.008
fourteam_ai_prefix,31736,ucrtbase.dll!_tolower+0x2,7,0.0477,14677,20.008
fourteam_ai_prefix,31736,battlezone98redux.exe!sub_447e50,7,0.0477,14677,20.008
fourteam_ai_prefix,31736,WINMM.dll@6e1d0000!BZROpenShim::`anonymous namespace'::RebuildAndSubmitGenericChunkBatch+0x19b,7,0.0477,14677,20.008
fourteam_ai_prefix,31736,d3d11.dll!D3D11CoreCreateDevice+0x1d0da,7,0.0477,14677,20.008
fourteam_ai_prefix,31736,d3d11.dll!D3D11CoreCreateDevice+0x1d016,7,0.0477,14677,20.008
fourteam_ai_prefix,31736,d3d11.dll!D3D11CoreCreateLayeredDevice+0x17a6,7,0.0477,14677,20.008
fourteam_ai_prefix,31736,d3d11.dll+0x31542,7,0.0477,14677,20.008
fourteam_ai_prefix,31736,battlezone98redux.exe!sub_67d040,7,0.0477,14677,20.008
fourteam_ai_prefix,31736,MSVCR120.dll!__libm_sse2_asinf+0xa0,7,0.0477,14677,20.008
fourteam_ai_prefix,31736,ntdll.dll!__aulldvrm,7,0.0477,14677,20.008
fourteam_ai_prefix,31736,MSVCR120.dll!tolower+0x28,7,0.0477,14677,20.008
fourteam_ai_prefix,31736,MSVCR120.dll!_tolower_l+0x13,7,0.0477,14677,20.008
fourteam_ai_prefix,31736,battlezone98redux.exe!sub_81c600,7,0.0477,14677,20.008
fourteam_ai_prefix,31736,battlezone98redux.exe!sub_607110,7,0.0477,14677,20.008
fourteam_ai_prefix,31736,battlezone98redux.exe!sub_67a5ed,7,0.0477,14677,20.008
fourteam_ai_prefix,31736,OgreMain.dll!?_updateBounds@SceneNode@Ogre@@UAEXXZ+0x213,7,0.0477,14677,20.008
fourteam_ai_prefix,31736,OgreMain.dll!?renderSingleObject@SceneManager@Ogre@@MAEXPAVRenderable@2@PBVPass@2@_N2PBV?$HashedVector@PAVLight@Ogre@@@2@@Z+0x64,7,0.0477,14677,20.008
fourteam_ai_prefix,31736,battlezone98redux.exe!sub_62d200,7,0.0477,14677,20.008
fourteam_ai_prefix,31736,OgreMain.dll!?queryLights@MovableObject@Ogre@@UBEABV?$HashedVector@PAVLight@Ogre@@@2@XZ+0xd,7,0.0477,14677,20.008
fourteam_ai_prefix,31736,WINMM.dll@6e1d0000!BZROpenShim::`anonymous namespace'::HookEntityGetCastShadows+0xcb,7,0.0477,14677,20.008
fourteam_ai_prefix,31736,d3d11.dll+0x27041,7,0.0477,14677,20.008
fourteam_ai_prefix,31736,battlezone98redux.exe!sub_4624f0,7,0.0477,14677,20.008
fourteam_ai_prefix,31736,WINMM.dll@6e1d0000!BZROpenShim::`anonymous namespace'::HookCreateRTV+0x19,7,0.0477,14677,20.008
fourteam_ai_prefix,31736,d3d11.dll+0x27340,7,0.0477,14677,20.008
fourteam_ai_prefix,31736,d3d11.dll+0x272eb,7,0.0477,14677,20.008
fourteam_ai_prefix,31736,ntdll.dll!__output_l+0x6d5,7,0.0477,14677,20.008
fourteam_ai_prefix,31736,ntdll.dll!write_char+0x8,7,0.0477,14677,20.008
fourteam_ai_prefix,31736,ntdll.dll!write_char+0x18,7,0.0477,14677,20.008
fourteam_ai_prefix,31736,nvwgf2um.dll!OpenAdapter10+0x76ff7,7,0.0477,14677,20.008
fourteam_ai_prefix,31736,nvwgf2um.dll!OpenAdapter10+0x76f47,7,0.0477,14677,20.008
fourteam_ai_prefix,31736,d3d11.dll!D3D11CoreCreateDevice+0x3ad9,7,0.0477,14677,20.008
fourteam_ai_prefix,31736,RenderSystem_Direct3D11.dll!?_render@D3D11RenderSystem@Ogre@@UAEXABVRenderOperation@2@@Z+0x257,7,0.0477,14677,20.008
fourteam_ai_prefix,31736,WINMM.dll@6e1d0000!BZROpenShim::`anonymous namespace'::TryResolveChunkPayloadMeshResource+0x252,7,0.0477,14677,20.008
fourteam_ai_prefix,31736,RenderSystem_Direct3D11.dll!?uninstall@D3D11Plugin@Ogre@@UAEXXZ+0x51a0,7,0.0477,14677,20.008
fourteam_ai_prefix,31736,battlezone98redux.exe!FID_conflict:_Make_iter,7,0.0477,14677,20.008
fourteam_ai_prefix,31736,WINMM.dll@6e1d0000!BZROpenShim::ChunkEffectCreateChunkHook+0x30c,7,0.0477,14677,20.008
fourteam_ai_prefix,31736,OgreMain.dll!?waitForNextRequest@DefaultWorkQueue@Ogre@@MAEXXZ+0x5589a,7,0.0477,14677,20.008
fourteam_ai_prefix,31736,OgreMain.dll!?waitForNextRequest@DefaultWorkQueue@Ogre@@MAEXXZ+0xe78d,7,0.0477,14677,20.008
fourteam_ai_prefix,31736,RenderSystem_Direct3D11.dll!?_loadTex@D3D11Texture@Ogre@@IAEXAAV?$SharedPtr@V?$vector@V?$SharedPtr@VMemoryDataStream@Ogre@@@Ogre@@V?$STLAllocator@V?$SharedPtr@VMemoryDataStream@Ogre@@@Ogre@@V?$CategorisedAllocPolicy@$0A@@2@@2@@std@@@2@@Z+0x528,7,0.0477,14677,20.008
fourteam_ai_prefix,31736,OgreMain.dll!?waitForNextRequest@DefaultWorkQueue@Ogre@@MAEXXZ+0x13e2c,7,0.0477,14677,20.008
fourteam_ai_prefix,31736,OgreMain.dll!?decode@FreeImageCodec@Ogre@@UBE?AU?$pair@V?$SharedPtr@VMemoryDataStream@Ogre@@@Ogre@@V?$SharedPtr@VCodecData@Codec@Ogre@@@2@@std@@AAV?$SharedPtr@VDataStream@Ogre@@@2@@Z+0x83,7,0.0477,14677,20.008
fourteam_ai_prefix,31736,OgreMain.dll!?waitForNextRequest@DefaultWorkQueue@Ogre@@MAEXXZ+0x20f48,7,0.0477,14677,20.008
fourteam_ai_prefix,31736,OgreMain.dll!?load@Image@Ogre@@QAEAAV12@AAV?$SharedPtr@VDataStream@Ogre@@@2@ABV?$basic_string@DU?$char_traits@D@std@@V?$allocator@D@2@@std@@@Z+0x5d,7,0.0477,14677,20.008
fourteam_ai_prefix,31736,nvwgf2um.dll!NVAPI_DirectMethods+0x5a489,7,0.0477,14677,20.008
fourteam_ai_prefix,31736,nvwgf2um.dll!NVAPI_Thunk+0x137a3,7,0.0477,14677,20.008
fourteam_ai_prefix,31736,battlezone98redux.exe!sub_44ff76,7,0.0477,14677,20.008
fourteam_ai_prefix,31736,WINMM.dll@6e1d0000!BZROpenShim::`anonymous namespace'::LogChunkCreateLifecycle+0x514,7,0.0477,14677,20.008
fourteam_ai_prefix,31736,nvwgf2um.dll!SetDependencyInfo+0x55a48,7,0.0477,14677,20.008
fourteam_ai_prefix,31736,nvwgf2um.dll!SetDependencyInfo+0x57b92,7,0.0477,14677,20.008
fourteam_ai_prefix,31736,battlezone98redux.exe!sub_44efd0,7,0.0477,14677,20.008
fourteam_ai_prefix,31736,OgreMain.dll!?exists@FileSystemArchive@Ogre@@UAE_NABV?$basic_string@DU?$char_traits@D@std@@V?$allocator@D@2@@std@@@Z+0x59,7,0.0477,14677,20.008
fourteam_ai_prefix,31736,battlezone98redux.exe!sub_4c0560,7,0.0477,14677,20.008
fourteam_ai_prefix,31736,OgreMain.dll!?_populateLightList@SceneManager@Ogre@@UAEXABVVector3@2@MAAV?$HashedVector@PAVLight@Ogre@@@2@I@Z+0x142,7,0.0477,14677,20.008
fourteam_ai_prefix,31736,battlezone98redux.exe!sub_5d5810,7,0.0477,14677,20.008
fourteam_ai_prefix,31736,ntdll.dll!write_char+0x45,7,0.0477,14677,20.008
fourteam_ai_prefix,31736,OgreMain.dll!?getIndexAscending@LodStrategy@Ogre@@KAGMABV?$vector@UMeshLodUsage@Ogre@@V?$STLAllocator@UMeshLodUsage@Ogre@@V?$CategorisedAllocPolicy@$0A@@2@@2@@std@@@Z+0x25,6,0.0409,14677,20.008
fourteam_ai_prefix,31736,battlezone98redux.exe!sub_43f8e0,6,0.0409,14677,20.008
fourteam_ai_prefix,31736,OgreMain.dll!?resizeTempIndexBufferIfNeeded@ManualObject@Ogre@@MAEXI@Z+0x51,6,0.0409,14677,20.008
fourteam_ai_prefix,31736,battlezone98redux.exe!sub_439ec0,6,0.0409,14677,20.008
fourteam_ai_prefix,31736,ntdll.dll!_RtlInitUnicodeString@8+0x1b,6,0.0409,14677,20.008
fourteam_ai_prefix,31736,OgreMain.dll!?isInLightRange@Light@Ogre@@QBE_NABVSphere@2@@Z+0x6,6,0.0409,14677,20.008
fourteam_ai_prefix,31736,OgreMain.dll!?destroyMovableObject@SceneManager@Ogre@@UAEXPAVMovableObject@2@@Z+0xd5,6,0.0409,14677,20.008
fourteam_ai_prefix,31736,nvwgf2um.dll!SetDependencyInfo+0x5040f,6,0.0409,14677,20.008
fourteam_ai_prefix,31736,battlezone98redux.exe!sub_42da60,6,0.0409,14677,20.008
fourteam_ai_prefix,31736,d3d11.dll!D3D11CoreCreateLayeredDevice+0x9aba,6,0.0409,14677,20.008
fourteam_ai_prefix,31736,OgreMain.dll+0x41fb,6,0.0409,14677,20.008
fourteam_ai_prefix,31736,nvwgf2um.dll!SetDependencyInfo+0x59669,6,0.0409,14677,20.008
fourteam_ai_prefix,31736,battlezone98redux.exe!sub_5e0f70,6,0.0409,14677,20.008
fourteam_ai_prefix,31736,WINMM.dll@6e1d0000!BZROpenShim::`anonymous namespace'::RotateGenericChunkVector+0x77,6,0.0409,14677,20.008
fourteam_ai_prefix,31736,ntdll.dll!_KiUserCallbackDispatcher@12,6,0.0409,14677,20.008
fourteam_ai_prefix,31736,OgreMain.dll!?updatePoint@RotationalSpline@Ogre@@QAEXGABVQuaternion@2@@Z+0xb224,6,0.0409,14677,20.008
fourteam_ai_prefix,31736,WINMM.dll@6e1d0000!BZROpenShim::`anonymous namespace'::DecideFrustumCull+0x119,6,0.0409,14677,20.008
fourteam_ai_prefix,31736,WINMM.dll@6e1d0000!BZROpenShim::`anonymous namespace'::RotateGenericChunkVector+0xd8,6,0.0409,14677,20.008
fourteam_ai_prefix,31736,MSVCR120.dll!log2+0x9d,6,0.0409,14677,20.008
fourteam_ai_prefix,31736,battlezone98redux.exe!sub_62cc50,6,0.0409,14677,20.008
fourteam_ai_prefix,31736,battlezone98redux.exe!sub_77bf30,6,0.0409,14677,20.008
fourteam_ai_prefix,31736,battlezone98redux.exe!sub_778450,6,0.0409,14677,20.008
fourteam_ai_prefix,31736,battlezone98redux.exe!sub_77c610,6,0.0409,14677,20.008
fourteam_ai_prefix,31736,ntdll.dll!_RtlFreeHeap@12,6,0.0409,14677,20.008
fourteam_ai_prefix,31736,battlezone98redux.exe!sub_4178a0,6,0.0409,14677,20.008
fourteam_ai_prefix,31736,RenderSystem_Direct3D11.dll+0x2554,6,0.0409,14677,20.008
fourteam_ai_prefix,31736,OgreMain.dll!?_setPass@SceneManager@Ogre@@UAEPBVPass@2@PBV32@_N1@Z+0x87d,6,0.0409,14677,20.008
fourteam_ai_prefix,31736,OgreMain.dll!?_notifyCurrentCamera@Entity@Ogre@@UAEXPAVCamera@2@@Z+0x14,6,0.0409,14677,20.008
fourteam_ai_prefix,31736,MSVCR120.dll!floor+0x30,6,0.0409,14677,20.008
fourteam_ai_prefix,31736,WINMM.dll@6e1d0000!BZROpenShim::`anonymous namespace'::NormalizeChunkMeshBaseName+0x73,6,0.0409,14677,20.008
fourteam_ai_prefix,31736,OgreMain.dll!?_fireFrameEnded@Root@Ogre@@QAE_NXZ+0x1f,6,0.0409,14677,20.008
fourteam_ai_prefix,31736,WINMM.dll@6e1d0000!BZROpenShim::`anonymous namespace'::TryResolveChunkProxyPositionFromCandidates+0x182,6,0.0409,14677,20.008
fourteam_ai_prefix,31736,RenderSystem_Direct3D11.dll!??1D3D11RenderWindowSwapChainBased@Ogre@@UAE@XZ+0x40e,6,0.0409,14677,20.008
fourteam_ai_prefix,31736,MSVCR120.dll!__libm_sse2_acosf+0x104,6,0.0409,14677,20.008
fourteam_ai_prefix,31736,d3d11.dll+0x317ab,6,0.0409,14677,20.008
fourteam_ai_prefix,31736,ntdll.dll!_RtlImageDirectoryEntryToData@16+0x1b,6,0.0409,14677,20.008
fourteam_ai_prefix,31736,ntdll.dll!_LdrpGetProcedureAddress@16+0x20,6,0.0409,14677,20.008
fourteam_ai_prefix,31736,RenderSystem_Direct3D11.dll!?uninstall@D3D11Plugin@Ogre@@UAEXXZ+0x50e2,6,0.0409,14677,20.008
fourteam_ai_prefix,31736,ntdll.dll!_RtlInitAnsiString@8+0x1f,6,0.0409,14677,20.008
fourteam_ai_prefix,31736,nvwgf2um.dll!OpenAdapter10+0x72c24,6,0.0409,14677,20.008
fourteam_ai_prefix,31736,nvwgf2um.dll!OpenAdapter10+0x71b17,6,0.0409,14677,20.008
fourteam_ai_prefix,31736,battlezone98redux.exe!sub_462450,6,0.0409,14677,20.008
fourteam_ai_prefix,31736,battlezone98redux.exe!sub_442fd0,6,0.0409,14677,20.008
fourteam_ai_prefix,31736,OgreMain.dll!?isHardwareAnimationEnabled@Entity@Ogre@@QAE_NXZ+0x2c,6,0.0409,14677,20.008
fourteam_ai_prefix,31736,RenderSystem_Direct3D11.dll!?getConstantBuffer@D3D11HLSLProgram@Ogre@@QAEPAUID3D11Buffer@@V?$SharedPtr@VGpuProgramParameters@Ogre@@@2@G@Z+0x1d1,6,0.0409,14677,20.008
fourteam_ai_prefix,31736,WINMM.dll@6e1d0000!BZROpenShim::ChunkBatchInvalidation::SourceVersion::MixFloat+0x93,6,0.0409,14677,20.008
fourteam_ai_prefix,31736,WINMM.dll@6e1d0000!BZROpenShim::`anonymous namespace'::AppendGenericChunkBatchGeometry+0x126,6,0.0409,14677,20.008
fourteam_ai_prefix,31736,OgreMain.dll!?updatePoint@RotationalSpline@Ogre@@QAEXGABVQuaternion@2@@Z+0x2520,6,0.0409,14677,20.008
fourteam_ai_prefix,31736,battlezone98redux.exe!sub_67b990,6,0.0409,14677,20.008
fourteam_ai_prefix,31736,OgreMain.dll!?updatePoint@RotationalSpline@Ogre@@QAEXGABVQuaternion@2@@Z+0x9ce3,6,0.0409,14677,20.008
fourteam_ai_prefix,31736,ntdll.dll!__output_l+0x809,6,0.0409,14677,20.008
fourteam_ai_prefix,31736,OgreMain.dll!?createTechnique@Material@Ogre@@QAEPAVTechnique@2@XZ+0xa3b,6,0.0409,14677,20.008
fourteam_ai_prefix,31736,d3d11.dll!CreateDirect3D11DeviceFromDXGIDevice+0x9f73d,6,0.0409,14677,20.008
fourteam_ai_prefix,31736,OgreMain.dll!?useLightsGpuProgram@SceneManager@Ogre@@MAEXPBVPass@2@PBV?$HashedVector@PAVLight@Ogre@@@2@@Z+0x55,6,0.0409,14677,20.008
fourteam_ai_prefix,31736,OgreMain.dll!?ACos@Math@Ogre@@SA?AVRadian@2@M@Z+0x1e,6,0.0409,14677,20.008
fourteam_ai_prefix,31736,ntdll.dll!__aulldvrm+0x8b,6,0.0409,14677,20.008
fourteam_ai_prefix,31736,nvwgf2um.dll!NVENCODEAPI_Thunk+0x68f53,6,0.0409,14677,20.008
fourteam_ai_prefix,31736,WINMM.dll@6e1d0000!BZROpenShim::`anonymous namespace'::RenderMultiplayerFlags+0x4b1,6,0.0409,14677,20.008
fourteam_ai_prefix,31736,d3d11.dll+0x2b518,6,0.0409,14677,20.008
fourteam_ai_prefix,31736,OgreMain.dll!?getDerivedPosition@Light@Ogre@@QBEABVVector3@2@_N@Z+0x8,6,0.0409,14677,20.008
fourteam_ai_prefix,31736,WINMM.dll@6e1d0000!_allmul+0x1c,6,0.0409,14677,20.008
fourteam_ai_prefix,31736,OgreMain.dll!?_updateAutoParams@GpuProgramParameters@Ogre@@QAEXPBVAutoParamDataSource@2@G@Z+0x1d08,6,0.0409,14677,20.008
fourteam_ai_prefix,31736,battlezone98redux.exe!sub_417e20,6,0.0409,14677,20.008
fourteam_ai_prefix,31736,ntdll.dll!__woutput_l+0x80f,6,0.0409,14677,20.008
fourteam_ai_prefix,31736,ntdll.dll!__output_l+0x315,6,0.0409,14677,20.008
fourteam_ai_prefix,31736,WINMM.dll@6e1d0000!BZROpenShim::`anonymous namespace'::NormalizeChunkMeshBaseName+0xfa,6,0.0409,14677,20.008
fourteam_ai_prefix,31736,OgreMain.dll!?prepareRenderQueue@SceneManager@Ogre@@MAEXXZ+0x2f,6,0.0409,14677,20.008
fourteam_ai_prefix,31736,OgreMain.dll!?isVisible@ShadowRenderable@Ogre@@UBE_NXZ+0x21c,6,0.0409,14677,20.008
fourteam_ai_prefix,31736,OgreMain.dll!?softwareVertexBlend@Mesh@Ogre@@SAXPBVVertexData@2@0PBQBVMatrix4@2@I_N@Z+0x22d,6,0.0409,14677,20.008
fourteam_ai_prefix,31736,WINMM.dll@6e1d0000!_allmul+0x26,6,0.0409,14677,20.008
fourteam_ai_prefix,31736,battlezone98redux.exe!sub_447f60,6,0.0409,14677,20.008
fourteam_ai_prefix,31736,OgreMain.dll!?sort@RenderPriorityGroup@Ogre@@QAEXPBVCamera@2@@Z+0x46,6,0.0409,14677,20.008
fourteam_ai_prefix,31736,OgreMain.dll!?size@RenderQueueInvocationSequence@Ogre@@QBEIXZ+0x227b,6,0.0409,14677,20.008
fourteam_ai_prefix,31736,OgreMain.dll!?sort@QueuedRenderableCollection@Ogre@@QAEXPBVCamera@2@@Z+0x5b,6,0.0409,14677,20.008
fourteam_ai_prefix,31736,OgreMain.dll!?_getRenderOperation@SubMesh@Ogre@@QAEXAAVRenderOperation@2@G@Z+0x2c,6,0.0409,14677,20.008
fourteam_ai_prefix,31736,d3d11.dll!CreateDirect3D11DeviceFromDXGIDevice+0xa0679,6,0.0409,14677,20.008
fourteam_ai_prefix,31736,USER32.dll!DispatchMessageA+0x11,6,0.0409,14677,20.008
fourteam_ai_prefix,31736,battlezone98redux.exe!sub_446460,6,0.0409,14677,20.008
fourteam_ai_prefix,31736,RenderSystem_Direct3D11.dll!??0D3D11RenderWindowSwapChainBased@Ogre@@QAE@ABV01@@Z+0x310,6,0.0409,14677,20.008
fourteam_ai_prefix,31736,OgreMain.dll!??RlightLess@SceneManager@Ogre@@QBE_NPBVLight@2@0@Z+0x1d,6,0.0409,14677,20.008
fourteam_ai_prefix,31736,battlezone98redux.exe!sub_83d4d0,6,0.0409,14677,20.008
fourteam_ai_prefix,31736,ucrtbase.dll!_tolower+0xe0,6,0.0409,14677,20.008
fourteam_ai_prefix,31736,ntdll.dll!RtlDosApplyFileIsolationRedirection_Ustr+0x2e1,6,0.0409,14677,20.008
fourteam_ai_prefix,31736,ntdll.dll!sxsisol_SearchActCtxForDllName+0x98,6,0.0409,14677,20.008
fourteam_ai_prefix,31736,OgreMain.dll!?ACos@Math@Ogre@@SA?AVRadian@2@M@Z+0x11,6,0.0409,14677,20.008
fourteam_ai_prefix,31736,win32u.dll!_NtGdiDdDDIGetDeviceState@4+0xc,6,0.0409,14677,20.008
fourteam_ai_prefix,31736,ntdll.dll!_RtlAnsiStringToUnicodeString@12+0x130,6,0.0409,14677,20.008
fourteam_ai_prefix,31736,OgreMain.dll!?_updateAutoParams@GpuProgramParameters@Ogre@@QAEXPBVAutoParamDataSource@2@G@Z+0x1bab,6,0.0409,14677,20.008
fourteam_ai_prefix,31736,"WINMM.dll@6e1d0000!std::_Hash<std::_Uset_traits<unsigned int,std::_Uhash_compare<unsigned int,std::hash<unsigned int>,std::equal_to<unsigned int> >,std::allocator<unsigned int>,0> >::reserve+0x34",6,0.0409,14677,20.008
fourteam_ai_prefix,31736,OgreMain.dll!?touchVertexBufferCopy@HardwareBufferManagerBase@Ogre@@UAEXABVHardwareVertexBufferSharedPtr@2@@Z+0x7e,6,0.0409,14677,20.008
fourteam_ai_prefix,31736,d3d11.dll!CreateDirect3D11DeviceFromDXGIDevice+0xa17a7,6,0.0409,14677,20.008
fourteam_ai_prefix,31736,battlezone98redux.exe!sub_67ed9d,6,0.0409,14677,20.008
fourteam_ai_prefix,31736,OgreMain.dll!?getBestTechnique@Material@Ogre@@QAEPAVTechnique@2@GPBVRenderable@2@@Z+0x7c,6,0.0409,14677,20.008
fourteam_ai_prefix,31736,RenderSystem_Direct3D11.dll!??1D3D11RenderWindowSwapChainBased@Ogre@@UAE@XZ+0x36e,6,0.0409,14677,20.008
fourteam_ai_prefix,31736,OgreMain.dll!?_updateAutoParams@GpuProgramParameters@Ogre@@QAEXPBVAutoParamDataSource@2@G@Z+0x1b85,6,0.0409,14677,20.008
fourteam_ai_prefix,31736,d3d11.dll+0x367cd,6,0.0409,14677,20.008
fourteam_ai_prefix,31736,d3d11.dll+0x375ed,6,0.0409,14677,20.008
fourteam_ai_prefix,31736,OgreMain.dll!?_populateLightList@SceneManager@Ogre@@UAEXABVVector3@2@MAAV?$HashedVector@PAVLight@Ogre@@@2@I@Z+0x136,6,0.0409,14677,20.008
fourteam_ai_prefix,31736,OgreMain.dll+0x2e866,6,0.0409,14677,20.008
fourteam_ai_prefix,31736,d3d11.dll+0x27562,6,0.0409,14677,20.008
fourteam_ai_prefix,31736,OgreMain.dll!?_findVisibleObjects@SceneNode@Ogre@@UAEXPAVCamera@2@PAVRenderQueue@2@PAUVisibleObjectsBoundsInfo@2@_N33@Z+0x68,6,0.0409,14677,20.008
fourteam_ai_prefix,31736,battlezone98redux.exe!sub_4497c0,6,0.0409,14677,20.008
fourteam_ai_prefix,31736,ntdll.dll!_ZwDuplicateObject@28+0xc,6,0.0409,14677,20.008
fourteam_ai_prefix,31736,ntdll.dll!_RtlInitUnicodeString@8+0x1e,6,0.0409,14677,20.008
fourteam_ai_prefix,31736,nvwgf2um.dll!SetDependencyInfo+0x5027b,6,0.0409,14677,20.008
fourteam_ai_prefix,31736,battlezone98redux.exe!sub_787660,6,0.0409,14677,20.008
fourteam_ai_prefix,31736,d3d11.dll+0x29801,6,0.0409,14677,20.008
fourteam_ai_prefix,31736,d3d11.dll!D3D11CoreCreateLayeredDevice+0xf28,6,0.0409,14677,20.008
fourteam_ai_prefix,31736,OgreMain.dll!?getDistance@Plane@Ogre@@QBEMABVVector3@2@@Z+0x37,6,0.0409,14677,20.008
fourteam_ai_prefix,31736,battlezone98redux.exe!sub_420f10,6,0.0409,14677,20.008
fourteam_ai_prefix,31736,ntdll.dll!__output_l+0x828,6,0.0409,14677,20.008
fourteam_ai_prefix,31736,OgreMain.dll!?getBoundingBox@Entity@Ogre@@UBEABVAxisAlignedBox@2@XZ+0x8e2,6,0.0409,14677,20.008
fourteam_ai_prefix,31736,battlezone98redux.exe!sub_4aaea0,6,0.0409,14677,20.008
fourteam_ai_prefix,31736,OgreMain.dll!??4GpuSharedParametersUsage@Ogre@@QAEAAV01@ABV01@@Z+0x2700,6,0.0409,14677,20.008
fourteam_ai_prefix,31736,ntdll.dll!__aulldvrm+0x7c,6,0.0409,14677,20.008
fourteam_ai_prefix,31736,d3d11.dll!D3D11CoreCreateDevice+0x1f1ad,6,0.0409,14677,20.008
fourteam_ai_prefix,31736,d3d11.dll!D3D11CoreCreateLayeredDevice+0x1ae33,6,0.0409,14677,20.008
fourteam_ai_prefix,31736,RenderSystem_Direct3D11.dll!??0D3D11HardwareBuffer@Ogre@@QAE@W4BufferType@01@IW4Usage@HardwareBuffer@1@AAVD3D11Device@1@_N33@Z+0x17c,6,0.0409,14677,20.008
fourteam_ai_prefix,31736,d3d11.dll!D3D11CoreCreateLayeredDevice+0x1a9b8,6,0.0409,14677,20.008
fourteam_ai_prefix,31736,d3d11.dll!D3D11CoreCreateLayeredDevice+0x141b,6,0.0409,14677,20.008
fourteam_ai_prefix,31736,d3d11.dll!D3D11CoreCreateDevice+0x1f385,6,0.0409,14677,20.008
fourteam_ai_prefix,31736,d3d11.dll!D3D11CoreCreateLayeredDevice+0x1c2b5,6,0.0409,14677,20.008
fourteam_ai_prefix,31736,battlezone98redux.exe!_Hash_seq,6,0.0409,14677,20.008
fourteam_ai_prefix,31736,battlezone98redux.exe!sub_44f190,6,0.0409,14677,20.008
fourteam_ai_prefix,31736,OgreMain.dll!?getUseIdentityProjection@Renderable@Ogre@@QBE_NXZ,6,0.0409,14677,20.008
fourteam_ai_prefix,31736,ntdll.dll!_LdrpGenerateSnapsUnicodeStrings@28+0x18,6,0.0409,14677,20.008
fourteam_ai_prefix,31736,OgreMain.dll!?applyToNode@NodeAnimationTrack@Ogre@@UAEXPAVNode@2@ABVTimeIndex@2@MM@Z+0x81,6,0.0409,14677,20.008
fourteam_ai_prefix,31736,OgreMain.dll!?getInterpolatedKeyFrame@NodeAnimationTrack@Ogre@@UBEXABVTimeIndex@2@PAVKeyFrame@2@@Z+0x40,6,0.0409,14677,20.008
fourteam_ai_prefix,31736,WINMM.dll@6e1d0000!BZROpenShim::`anonymous namespace'::TrackChunkProxyDebugEntry+0x272,6,0.0409,14677,20.008
fourteam_ai_prefix,31736,OgreMain.dll!?findFiles@FileSystemArchive@Ogre@@IAEXABV?$basic_string@DU?$char_traits@D@std@@V?$allocator@D@2@@std@@_N1PAV?$vector@V?$basic_string@DU?$char_traits@D@std@@V?$allocator@D@2@@std@@V?$STLAllocator@V?$basic_string@DU?$char_traits@D@std@@V?$allocator@D@2@@std@@V?$CategorisedAllocPolicy@$0A@@Ogre@@@Ogre@@@4@PAV?$vector@UFileInfo@Ogre@@V?$STLAllocator@UFileInfo@Ogre@@V?$CategorisedAllocPolicy@$0A@@2@@2@@4@@Z+0x368,6,0.0409,14677,20.008
fourteam_ai_prefix,31736,OgreMain.dll!?compile@ScriptCompiler@Ogre@@QAE_NABV?$SharedPtr@V?$list@V?$SharedPtr@UConcreteNode@Ogre@@@Ogre@@V?$STLAllocator@V?$SharedPtr@UConcreteNode@Ogre@@@Ogre@@V?$CategorisedAllocPolicy@$0A@@2@@2@@std@@@2@ABV?$basic_string@DU?$char_traits@D@std@@V?$allocator@D@2@@std@@@Z+0xbb,6,0.0409,14677,20.008
fourteam_ai_prefix,31736,battlezone98redux.exe!sub_666ce0,6,0.0409,14677,20.008
fourteam_ai_prefix,31736,ntdll.dll!__aulldvrm+0x2d,6,0.0409,14677,20.008
fourteam_ai_prefix,31736,OgreMain.dll!?getLight@AutoParamDataSource@Ogre@@IBEABVLight@2@I@Z+0x11,5,0.0341,14677,20.008
fourteam_ai_prefix,31736,battlezone98redux.exe!sub_67bdc0,5,0.0341,14677,20.008
fourteam_ai_prefix,31736,battlezone98redux.exe!sub_67c0e0,5,0.0341,14677,20.008
fourteam_ai_prefix,31736,OgreMain.dll!?isInLightRange@Light@Ogre@@QBE_NABVSphere@2@@Z+0x2b,5,0.0341,14677,20.008
fourteam_ai_prefix,31736,battlezone98redux.exe!sub_73b690,5,0.0341,14677,20.008
fourteam_ai_prefix,31736,battlezone98redux.exe!sub_73ada0,5,0.0341,14677,20.008
fourteam_ai_prefix,31736,battlezone98redux.exe!sub_679f10,5,0.0341,14677,20.008
fourteam_ai_prefix,31736,OgreMain.dll!?hasViewRelativeTextureCoordinateGeneration@TextureUnitState@Ogre@@QBE_NXZ+0x14,5,0.0341,14677,20.008
fourteam_ai_prefix,31736,OgreMain.dll!?_updateAutoParams@GpuProgramParameters@Ogre@@QAEXPBVAutoParamDataSource@2@G@Z+0x84,5,0.0341,14677,20.008
fourteam_ai_prefix,31736,battlezone98redux.exe!sub_4221b0,5,0.0341,14677,20.008
fourteam_ai_prefix,31736,OgreMain.dll!?_setPass@SceneManager@Ogre@@UAEPBVPass@2@PBV32@_N1@Z+0xc2,5,0.0341,14677,20.008
fourteam_ai_prefix,31736,d3d11.dll+0x2ba61,5,0.0341,14677,20.008
fourteam_ai_prefix,31736,d3d11.dll!D3D11CoreCreateDevice+0x2f01d,5,0.0341,14677,20.008
fourteam_ai_prefix,31736,WINMM.dll@6e1d0000!BZROpenShim::`anonymous namespace'::UpdateChunkProxySlotPosition+0x661,5,0.0341,14677,20.008
fourteam_ai_prefix,31736,OgreMain.dll!?_updateBounds@SceneNode@Ogre@@UAEXXZ+0x2e,5,0.0341,14677,20.008
fourteam_ai_prefix,31736,WINMM.dll@6e1d0000!BZROpenShim::`anonymous namespace'::RotateGenericChunkVector+0xa3,5,0.0341,14677,20.008
fourteam_ai_prefix,31736,d3d11.dll!CreateDirect3D11DeviceFromDXGIDevice+0x9d960,5,0.0341,14677,20.008
fourteam_ai_prefix,31736,OgreMain.dll!?end@ManualObject@Ogre@@UAEPAVManualObjectSection@12@XZ+0x2b5,5,0.0341,14677,20.008
fourteam_ai_prefix,31736,OgreMain.dll!?getVertexProgramParameters@Pass@Ogre@@QBE?AV?$SharedPtr@VGpuProgramParameters@Ogre@@@2@XZ+0x133,5,0.0341,14677,20.008
fourteam_ai_prefix,31736,RenderSystem_Direct3D11.dll!?bindGpuProgramParameters@D3D11RenderSystem@Ogre@@UAEXW4GpuProgramType@2@V?$SharedPtr@VGpuProgramParameters@Ogre@@@2@G@Z+0x504,5,0.0341,14677,20.008
fourteam_ai_prefix,31736,ntdll.dll!_RtlpFreeNTHeapInternal@12+0x22d,5,0.0341,14677,20.008
fourteam_ai_prefix,31736,OgreMain.dll!?_setPass@SceneManager@Ogre@@UAEPBVPass@2@PBV32@_N1@Z+0x116,5,0.0341,14677,20.008
fourteam_ai_prefix,31736,ntdll.dll!_RtlpLocalInfoAllocFromCache@8+0x106,5,0.0341,14677,20.008
fourteam_ai_prefix,31736,OgreMain.dll!?ASin@Math@Ogre@@SA?AVRadian@2@M@Z+0x11,5,0.0341,14677,20.008
fourteam_ai_prefix,31736,d3d11.dll!CreateDirect3D11DeviceFromDXGIDevice+0xa515f,5,0.0341,14677,20.008
fourteam_ai_prefix,31736,WINMM.dll@6e1d0000!BZROpenShim::`anonymous namespace'::DecideFrustumCull+0x8b,5,0.0341,14677,20.008
fourteam_ai_prefix,31736,battlezone98redux.exe!sub_43a7e0,5,0.0341,14677,20.008
fourteam_ai_prefix,31736,OgreMain.dll!?processVisibleObject@RenderQueue@Ogre@@QAEXPAVMovableObject@2@PAVCamera@2@_NPAUVisibleObjectsBoundsInfo@2@@Z+0x40,5,0.0341,14677,20.008
fourteam_ai_prefix,31736,OgreMain.dll!?getQueueGroup@RenderQueue@Ogre@@QAEPAVRenderQueueGroup@2@E@Z+0x43,5,0.0341,14677,20.008
fourteam_ai_prefix,31736,WINMM.dll@6e1d0000!BZROpenShim::`anonymous namespace'::RebuildAndSubmitGenericChunkBatch+0x177,5,0.0341,14677,20.008
fourteam_ai_prefix,31736,WINMM.dll@6e1d0000!BZROpenShim::`anonymous namespace'::RebuildAndSubmitGenericChunkBatch+0x1d1,5,0.0341,14677,20.008
fourteam_ai_prefix,31736,battlezone98redux.exe!sub_45b050,5,0.0341,14677,20.008
fourteam_ai_prefix,31736,OgreMain.dll!??0Frustum@Ogre@@QAE@ABV?$basic_string@DU?$char_traits@D@std@@V?$allocator@D@2@@std@@@Z+0x1c2,5,0.0341,14677,20.008
fourteam_ai_prefix,31736,OgreMain.dll!??4GpuSharedParametersUsage@Ogre@@QAEAAV01@ABV01@@Z+0x2704,5,0.0341,14677,20.008
fourteam_ai_prefix,31736,battlezone98redux.exe!sub_62c8f0,5,0.0341,14677,20.008
fourteam_ai_prefix,31736,ntdll.dll!write_char+0x9,5,0.0341,14677,20.008
fourteam_ai_prefix,31736,OgreMain.dll!?updateAnimation@Entity@Ogre@@IAEXXZ+0x10f,5,0.0341,14677,20.008
fourteam_ai_prefix,31736,battlezone98redux.exe!sub_48f5e0,5,0.0341,14677,20.008
fourteam_ai_prefix,31736,ntdll.dll!_RtlpFreeNTHeapInternal@12+0x206,5,0.0341,14677,20.008
fourteam_ai_prefix,31736,ucrtbase.dll!__ldclass+0xc,5,0.0341,14677,20.008
fourteam_ai_prefix,31736,ntdll.dll!_ZwQueryInformationThread@20+0xc,5,0.0341,14677,20.008
fourteam_ai_prefix,31736,WINMM.dll@6e1d0000!BZROpenShim::`anonymous namespace'::RebuildAndSubmitGenericChunkBatch+0x1ad,5,0.0341,14677,20.008
fourteam_ai_prefix,31736,OgreMain.dll!?updatePoint@RotationalSpline@Ogre@@QAEXGABVQuaternion@2@@Z+0x1163,5,0.0341,14677,20.008
fourteam_ai_prefix,31736,OgreMain.dll!?getWorldBoundingBox@MovableObject@Ogre@@UBEABVAxisAlignedBox@2@_N@Z+0x67,5,0.0341,14677,20.008
fourteam_ai_prefix,31736,OgreMain.dll!?findLightsAffectingFrustum@SceneManager@Ogre@@MAEXPBVCamera@2@@Z+0xa2,5,0.0341,14677,20.008
fourteam_ai_prefix,31736,OgreMain.dll!?_notifyCurrentCamera@Entity@Ogre@@UAEXPAVCamera@2@@Z+0x169,5,0.0341,14677,20.008
fourteam_ai_prefix,31736,OgreMain.dll!?getVertexProgramParameters@Pass@Ogre@@QBE?AV?$SharedPtr@VGpuProgramParameters@Ogre@@@2@XZ+0xff,5,0.0341,14677,20.008
fourteam_ai_prefix,31736,OgreMain.dll!?updateFromParentImpl@SceneNode@Ogre@@MBEXXZ+0x18,5,0.0341,14677,20.008
fourteam_ai_prefix,31736,battlezone98redux.exe!sub_44fdc0,5,0.0341,14677,20.008
fourteam_ai_prefix,31736,battlezone98redux.exe!sub_677a80,5,0.0341,14677,20.008
fourteam_ai_prefix,31736,WINMM.dll@6e1d0000!BZROpenShim::`anonymous namespace'::ProcessVisibleObjectHook+0x17b,5,0.0341,14677,20.008
fourteam_ai_prefix,31736,ntdll.dll!RtlNtStatusToDosError+0xf1,5,0.0341,14677,20.008
fourteam_ai_prefix,31736,OgreMain.dll!?getBoundingBox@Entity@Ogre@@UBEABVAxisAlignedBox@2@XZ+0x3d,5,0.0341,14677,20.008
fourteam_ai_prefix,31736,OgreMain.dll!??1Frustum@Ogre@@UAE@XZ+0xa7,5,0.0341,14677,20.008
fourteam_ai_prefix,31736,OgreMain.dll!?findLightsAffectingFrustum@SceneManager@Ogre@@MAEXPBVCamera@2@@Z+0x194,5,0.0341,14677,20.008
fourteam_ai_prefix,31736,battlezone98redux.exe!sub_4dfad0,5,0.0341,14677,20.008
fourteam_ai_prefix,31736,OgreMain.dll!?isFloat@GpuConstantDefinition@Ogre@@SA_NW4GpuConstantType@2@@Z,5,0.0341,14677,20.008
fourteam_ai_prefix,31736,battlezone98redux.exe!sub_4af020,5,0.0341,14677,20.008
fourteam_ai_prefix,31736,OgreMain.dll!?createLight@SceneManager@Ogre@@UAEPAVLight@2@XZ+0x4f,5,0.0341,14677,20.008
fourteam_ai_prefix,31736,OgreMain.dll!?angleBetween@Vector3@Ogre@@QBE?AVRadian@2@ABV12@@Z+0xd0,5,0.0341,14677,20.008
fourteam_ai_prefix,31736,OgreMain.dll!??4GpuSharedParametersUsage@Ogre@@QAEAAV01@ABV01@@Z+0x2718,5,0.0341,14677,20.008
fourteam_ai_prefix,31736,ntdll.dll!LdrpNameToOrdinal+0x78,5,0.0341,14677,20.008
fourteam_ai_prefix,31736,WINMM.dll@6e1d0000!BZROpenShim::`anonymous namespace'::RotateGenericChunkVector+0x4e,5,0.0341,14677,20.008
fourteam_ai_prefix,31736,d3d11.dll!CreateDirect3D11DeviceFromDXGIDevice+0x9a798,5,0.0341,14677,20.008
fourteam_ai_prefix,31736,d3d11.dll!CreateDirect3D11DeviceFromDXGIDevice+0x9a900,5,0.0341,14677,20.008
fourteam_ai_prefix,31736,nvwgf2um.dll!OpenAdapter10+0x72b5d,5,0.0341,14677,20.008
fourteam_ai_prefix,31736,nvwgf2um.dll!OpenAdapter10+0x74e9d,5,0.0341,14677,20.008
fourteam_ai_prefix,31736,OgreMain.dll+0x1fc30,5,0.0341,14677,20.008
fourteam_ai_prefix,31736,battlezone98redux.exe!sub_447eb0,5,0.0341,14677,20.008
fourteam_ai_prefix,31736,WINMM.dll@6e1d0000!BZROpenShim::`anonymous namespace'::HookSoftwareVertexBlend+0x62,5,0.0341,14677,20.008
fourteam_ai_prefix,31736,ntdll.dll!_RtlLeaveCriticalSection@4+0x2,5,0.0341,14677,20.008
fourteam_ai_prefix,31736,ntdll.dll!__aulldvrm+0x1d,5,0.0341,14677,20.008
fourteam_ai_prefix,31736,OgreMain.dll!?getWorldBoundingSphere@Entity@Ogre@@UBEABVSphere@2@_N@Z+0x7d,5,0.0341,14677,20.008
fourteam_ai_prefix,31736,battlezone98redux.exe!sub_4498d0,5,0.0341,14677,20.008
fourteam_ai_prefix,31736,RenderSystem_Direct3D11.dll!?_render@D3D11RenderSystem@Ogre@@UAEXABVRenderOperation@2@@Z+0x9a,5,0.0341,14677,20.008
fourteam_ai_prefix,31736,USER32.dll!CallWindowProcA+0x1b,5,0.0341,14677,20.008
fourteam_ai_prefix,31736,USER32.dll!SetMenu+0x143,5,0.0341,14677,20.008
fourteam_ai_prefix,31736,USER32.dll!MsgWaitForMultipleObjectsEx+0x270,5,0.0341,14677,20.008
fourteam_ai_prefix,31736,battlezone98redux.exe!sub_619340,5,0.0341,14677,20.008
fourteam_ai_prefix,31736,OgreMain.dll!?_WndProc@WindowEventUtilities@Ogre@@SGJPAUHWND__@@IIJ@Z+0x2bc,5,0.0341,14677,20.008
fourteam_ai_prefix,31736,USER32.dll!GetMessagePos+0x783,5,0.0341,14677,20.008
fourteam_ai_prefix,31736,USER32.dll!GetTopWindow+0x6d7,5,0.0341,14677,20.008
fourteam_ai_prefix,31736,USER32.dll!MsgWaitForMultipleObjectsEx+0x7cd,5,0.0341,14677,20.008
fourteam_ai_prefix,31736,USER32.dll!SystemParametersInfoW+0x2c9,5,0.0341,14677,20.008
fourteam_ai_prefix,31736,OgreMain.dll!?_issueRenderOp@SceneManager@Ogre@@UAEXPAVRenderable@2@PBVPass@2@@Z+0x76,5,0.0341,14677,20.008
fourteam_ai_prefix,31736,OgreMain.dll!?getBoundingBox@Entity@Ogre@@UBEABVAxisAlignedBox@2@XZ+0x8d4,5,0.0341,14677,20.008
fourteam_ai_prefix,31736,ntdll.dll!__output_l+0x22d,5,0.0341,14677,20.008
fourteam_ai_prefix,31736,battlezone98redux.exe!sub_45bbc0,5,0.0341,14677,20.008
fourteam_ai_prefix,31736,OgreMain.dll!?getProgram@Pass@Ogre@@IBEABV?$SharedPtr@VGpuProgram@Ogre@@@2@PBQAVGpuProgramUsage@2@@Z+0x44,5,0.0341,14677,20.008
fourteam_ai_prefix,31736,OgreMain.dll!?_updateAutoParams@GpuProgramParameters@Ogre@@QAEXPBVAutoParamDataSource@2@G@Z+0x1e5c,5,0.0341,14677,20.008
fourteam_ai_prefix,31736,RenderSystem_Direct3D11.dll!?getMonitorSequentialNumberFromSwapChain@MonitorInfo@Ogre@@QAEGPAUIDXGISwapChain@@_N@Z+0xdca,5,0.0341,14677,20.008
fourteam_ai_prefix,31736,d3d11.dll+0x35e92,5,0.0341,14677,20.008
fourteam_ai_prefix,31736,ntdll.dll!RtlStringCchPrintfExW+0x68,5,0.0341,14677,20.008
fourteam_ai_prefix,31736,ntdll.dll!LdrpNameToOrdinal+0x7c,5,0.0341,14677,20.008
fourteam_ai_prefix,31736,ntdll.dll!_LdrpSetSnapsUnicodeString2@0+0x12,5,0.0341,14677,20.008
fourteam_ai_prefix,31736,KERNELBASE.dll!DeleteFile2W+0x346,5,0.0341,14677,20.008
fourteam_ai_prefix,31736,ntdll.dll!_RtlDosPathNameToRelativeNtPathName_U_WithStatus@16+0x4c,5,0.0341,14677,20.008
fourteam_ai_prefix,31736,OgreMain.dll!?_injectRenderWithPass@SceneManager@Ogre@@UAEXPAVPass@2@PAVRenderable@2@_N2PBV?$HashedVector@PAVLight@Ogre@@@2@@Z+0x16,5,0.0341,14677,20.008
fourteam_ai_prefix,31736,RenderSystem_Direct3D11.dll!?_render@D3D11RenderSystem@Ogre@@UAEXABVRenderOperation@2@@Z+0x229,5,0.0341,14677,20.008
fourteam_ai_prefix,31736,battlezone98redux.exe!sub_684ca0,5,0.0341,14677,20.008
fourteam_ai_prefix,31736,battlezone98redux.exe!sub_81fd40,5,0.0341,14677,20.008
fourteam_ai_prefix,31736,OgreMain.dll!?getWorldViewProjMatrix@AutoParamDataSource@Ogre@@UBEABVMatrix4@2@XZ+0x39c,5,0.0341,14677,20.008
fourteam_ai_prefix,31736,dxgi.dll!DXGIDisableVBlankVirtualization+0x39029,5,0.0341,14677,20.008
fourteam_ai_prefix,31736,dxgi.dll!DXGID3D10CreateDevice+0x848,5,0.0341,14677,20.008
fourteam_ai_prefix,31736,OgreMain.dll!?getInverseTransposeViewMatrix@AutoParamDataSource@Ogre@@UBE?AVMatrix4@2@XZ+0xb,5,0.0341,14677,20.008
fourteam_ai_prefix,31736,MSVCR120.dll!log2+0xdd,5,0.0341,14677,20.008
fourteam_ai_prefix,31736,battlezone98redux.exe!sub_6c9bd0,5,0.0341,14677,20.008
fourteam_ai_prefix,31736,WINMM.dll@6e1d0000!BZROpenShim::`anonymous namespace'::UpdateChunkProxySlotPosition+0x4bc,5,0.0341,14677,20.008
fourteam_ai_prefix,31736,ntdll.dll!write_string+0x44,5,0.0341,14677,20.008
fourteam_ai_prefix,31736,ntdll.dll!_RtlCustomCPToUnicodeN@24+0x31,5,0.0341,14677,20.008
fourteam_ai_prefix,31736,d3d11.dll!D3D11CoreCreateLayeredDevice+0x128f,5,0.0341,14677,20.008
fourteam_ai_prefix,31736,battlezone98redux.exe!Swap,5,0.0341,14677,20.008
fourteam_ai_prefix,31736,RenderSystem_Direct3D11.dll!?bindGpuProgramParameters@D3D11RenderSystem@Ogre@@UAEXW4GpuProgramType@2@V?$SharedPtr@VGpuProgramParameters@Ogre@@@2@G@Z+0x85,5,0.0341,14677,20.008
fourteam_ai_prefix,31736,MSVCR120.dll!_strupr+0x53,5,0.0341,14677,20.008
fourteam_ai_prefix,31736,MSVCR120.dll!__crtLCMapStringA+0x32,5,0.0341,14677,20.008
fourteam_ai_prefix,31736,MSVCR120.dll!_strupr_s_l+0x20,5,0.0341,14677,20.008
fourteam_ai_prefix,31736,MSVCR120.dll!__crtLCMapStringEx+0x2d,5,0.0341,14677,20.008
fourteam_ai_prefix,31736,ntdll.dll!_LdrpResolveProcedureAddress@24+0x55,5,0.0341,14677,20.008
fourteam_ai_prefix,31736,battlezone98redux.exe!_Move<>,5,0.0341,14677,20.008
fourteam_ai_prefix,31736,battlezone98redux.exe!sub_4242f0,5,0.0341,14677,20.008
fourteam_ai_prefix,31736,battlezone98redux.exe!sub_449690,5,0.0341,14677,20.008
fourteam_ai_prefix,31736,WINMM.dll@6e1d0000!BZROpenShim::`anonymous namespace'::TryBuildOgreQuaternionFromLegacyTransform+0x193,5,0.0341,14677,20.008
fourteam_ai_prefix,31736,d3d11.dll!D3D11CoreCreateLayeredDevice+0x13af,5,0.0341,14677,20.008
fourteam_ai_prefix,31736,WINMM.dll@6e1d0000!isfinite<double>+0x9,5,0.0341,14677,20.008
fourteam_ai_prefix,31736,ntdll.dll!_RtlInitString@8+0x1f,5,0.0341,14677,20.008
fourteam_ai_prefix,31736,ntdll.dll!_ZwRemoveIoCompletion@20+0xc,5,0.0341,14677,20.008
fourteam_ai_prefix,31736,OgreMain.dll!?calculateLVS@FocusedShadowCameraSetup@Ogre@@IBEXABVSceneManager@2@ABVCamera@2@ABVLight@2@ABVAxisAlignedBox@2@PAVPointListBody@12@@Z+0x94,5,0.0341,14677,20.008
fourteam_ai_prefix,31736,OgreMain.dll!?createTechnique@Material@Ogre@@QAEPAVTechnique@2@XZ+0xaf6,5,0.0341,14677,20.008
fourteam_ai_prefix,31736,OgreMain.dll!?findLightsAffectingFrustum@SceneManager@Ogre@@MAEXPBVCamera@2@@Z+0xd4,5,0.0341,14677,20.008
fourteam_ai_prefix,31736,battlezone98redux.exe!sub_46cfe0,5,0.0341,14677,20.008
fourteam_ai_prefix,31736,WINMM.dll@6e1d0000!BZROpenShim::`anonymous namespace'::TrackChunkEffectActiveEntries+0x206,5,0.0341,14677,20.008
fourteam_ai_prefix,31736,WINMM.dll@6e1d0000!BZROpenShim::LogChunkFragmentWalkTree+0x1e7,5,0.0341,14677,20.008
fourteam_ai_prefix,31736,WINMM.dll@6e1d0000!BZROpenShim::`anonymous namespace'::ResolveChunkCreateMeshContext+0xc9,5,0.0341,14677,20.008
fourteam_ai_prefix,31736,WINMM.dll@6e1d0000!BZROpenShim::`anonymous namespace'::EnsureChunkGeoManifestLoaded+0x211,5,0.0341,14677,20.008
fourteam_ai_prefix,31736,WINMM.dll@6e1d0000!BZROpenShim::`anonymous namespace'::EnsureChunkVdfReverseIndex+0x4b,5,0.0341,14677,20.008
fourteam_ai_prefix,31736,WINMM.dll@6e1d0000!BZROpenShim::`anonymous namespace'::CaptureChunkCreateSourceTreeProbe+0x45e,5,0.0341,14677,20.008
fourteam_ai_prefix,31736,WINMM.dll@6e1d0000!BZROpenShim::`anonymous namespace'::TryInferChunkMeshNameFromGeom+0x6b,5,0.0341,14677,20.008
fourteam_ai_prefix,31736,d3d11.dll!CreateDirect3D11DeviceFromDXGIDevice+0x9f1f0,5,0.0341,14677,20.008
fourteam_ai_prefix,31736,battlezone98redux.exe!sub_450300,5,0.0341,14677,20.008
fourteam_ai_prefix,31736,WINMM.dll@6e1d0000!BZROpenShim::`anonymous namespace'::RebuildAndSubmitGenericChunkBatch+0x207,5,0.0341,14677,20.008
fourteam_ai_prefix,31736,ntdll.dll!__output_l+0x335,5,0.0341,14677,20.008
fourteam_ai_prefix,31736,d3d11.dll+0x3671a,5,0.0341,14677,20.008
fourteam_ai_prefix,31736,ntdll.dll!__output_l+0xe9,5,0.0341,14677,20.008
fourteam_ai_prefix,31736,ntdll.dll!__output_l+0x599,5,0.0341,14677,20.008
fourteam_ai_prefix,31736,ntdll.dll!_LdrpAcquireModuleDatatableLockShared@0+0xd,5,0.0341,14677,20.008
fourteam_ai_prefix,31736,battlezone98redux.exe!sub_4adcc0,5,0.0341,14677,20.008
fourteam_ai_prefix,31736,battlezone98redux.exe!sub_4adb00,5,0.0341,14677,20.008
fourteam_ai_prefix,31736,d3d11.dll!D3D11CoreCreateLayeredDevice+0xbc34,5,0.0341,14677,20.008
fourteam_ai_prefix,31736,OgreMain.dll!?_detectImplementation@OptimisedUtil@Ogre@@KAPAV12@XZ+0x464e,5,0.0341,14677,20.008
fourteam_ai_prefix,31736,ntdll.dll!__woutput_l+0x86b,5,0.0341,14677,20.008
fourteam_ai_prefix,31736,battlezone98redux.exe!sub_4cab60,5,0.0341,14677,20.008
fourteam_ai_prefix,31736,battlezone98redux.exe!sub_4c9910,5,0.0341,14677,20.008
fourteam_ai_prefix,31736,battlezone98redux.exe!sub_4245c0,5,0.0341,14677,20.008
fourteam_ai_prefix,31736,MSVCR120.dll!_wfindnext64i32+0xb7,5,0.0341,14677,20.008
fourteam_ai_prefix,31736,OgreMain.dll!?processImports@ScriptCompiler@Ogre@@AAEXAAV?$SharedPtr@V?$list@V?$SharedPtr@VAbstractNode@Ogre@@@Ogre@@V?$STLAllocator@V?$SharedPtr@VAbstractNode@Ogre@@@Ogre@@V?$CategorisedAllocPolicy@$0A@@2@@2@@std@@@2@@Z+0x10d,5,0.0341,14677,20.008
fourteam_ai_prefix,31736,battlezone98redux.exe!sub_6696d0,5,0.0341,14677,20.008
fourteam_ai_prefix,31736,OgreMain.dll!?clear@RenderQueueGroup@Ogre@@QAEX_N@Z+0xb7,5,0.0341,14677,20.008
fourteam_ai_prefix,31736,OgreMain.dll!?clear@RenderQueue@Ogre@@QAEX_N@Z+0x99,5,0.0341,14677,20.008
fourteam_ai_prefix,31736,battlezone98redux.exe!sub_68d690,5,0.0341,14677,20.008
fourteam_ai_prefix,31736,ntdll.dll!_RtlInitAnsiString@8+0x1d,5,0.0341,14677,20.008
fourteam_ai_prefix,31736,OgreMain.dll!?destroySceneNode@SceneManager@Ogre@@UAEXPAVSceneNode@2@@Z+0xd1,5,0.0341,14677,20.008
fourteam_ai_prefix,31736,battlezone98redux.exe!sub_59d340,5,0.0341,14677,20.008
fourteam_ai_prefix,31736,OgreMain.dll!?renderSingleObject@SceneManager@Ogre@@MAEXPAVRenderable@2@PBVPass@2@_N2PBV?$HashedVector@PAVLight@Ogre@@@2@@Z+0xa4d,4,0.0273,14677,20.008
fourteam_ai_prefix,31736,OgreMain.dll!??4GpuSharedParametersUsage@Ogre@@QAEAAV01@ABV01@@Z+0x27ae,4,0.0273,14677,20.008
fourteam_ai_prefix,31736,WINMM.dll@6e1d0000!BZROpenShim::`anonymous namespace'::RotateGenericChunkVector+0xa5,4,0.0273,14677,20.008
fourteam_ai_prefix,31736,battlezone98redux.exe!sub_6869c0,4,0.0273,14677,20.008
fourteam_ai_prefix,31736,battlezone98redux.exe!sub_67c2a0,4,0.0273,14677,20.008
fourteam_ai_prefix,31736,battlezone98redux.exe!sub_68af70,4,0.0273,14677,20.008
fourteam_ai_prefix,31736,battlezone98redux.exe!allocate,4,0.0273,14677,20.008
fourteam_ai_prefix,31736,battlezone98redux.exe!sub_6856e0,4,0.0273,14677,20.008
fourteam_ai_prefix,31736,OgreMain.dll!?updateRenderQueueSplitOptions@SceneManager@Ogre@@MAEXXZ+0x34,4,0.0273,14677,20.008
fourteam_ai_prefix,31736,OgreMain.dll!?_detectImplementation@OptimisedUtil@Ogre@@KAPAV12@XZ+0x44fc,4,0.0273,14677,20.008
fourteam_ai_prefix,31736,battlezone98redux.exe!sub_440300,4,0.0273,14677,20.008
fourteam_ai_prefix,31736,OgreMain.dll!?_updateRenderQueue@ManualObject@Ogre@@UAEXPAVRenderQueue@2@@Z+0xb1,4,0.0273,14677,20.008
fourteam_ai_prefix,31736,OgreMain.dll!?ACos@Math@Ogre@@SA?AVRadian@2@M@Z+0xf,4,0.0273,14677,20.008
fourteam_ai_prefix,31736,nvwgf2um.dll!SetDependencyInfo+0x59849,4,0.0273,14677,20.008
fourteam_ai_prefix,31736,d3d11.dll!D3D11CoreCreateDevice+0x8b52,4,0.0273,14677,20.008
fourteam_ai_prefix,31736,WINMM.dll@6e1d0000!BZROpenShim::`anonymous namespace'::RotateGenericChunkVector+0xb4,4,0.0273,14677,20.008
fourteam_ai_prefix,31736,battlezone98redux.exe!sub_46eaf0,4,0.0273,14677,20.008
fourteam_ai_prefix,31736,OgreMain.dll!?updatePoint@RotationalSpline@Ogre@@QAEXGABVQuaternion@2@@Z+0xa856,4,0.0273,14677,20.008
fourteam_ai_prefix,31736,battlezone98redux.exe!sub_606f70,4,0.0273,14677,20.008
fourteam_ai_prefix,31736,WINMM.dll@6e1d0000!BZROpenShim::`anonymous namespace'::TryBuildOgreQuaternionFromLegacyTransform+0x37b,4,0.0273,14677,20.008
fourteam_ai_prefix,31736,OgreMain.dll!?resizeTempVertexBufferIfNeeded@ManualObject@Ogre@@MAEXI@Z+0x60,4,0.0273,14677,20.008
fourteam_ai_prefix,31736,"WINMM.dll@6e1d0000!std::vector<std::basic_string<char,std::char_traits<char>,std::allocator<char> >,std::allocator<std::basic_string<char,std::char_traits<char>,std::allocator<char> > > >::_Tidy+0x60",4,0.0273,14677,20.008
fourteam_ai_prefix,31736,battlezone98redux.exe!sub_455990,4,0.0273,14677,20.008
fourteam_ai_prefix,31736,OgreMain.dll!?addRenderable@RenderQueue@Ogre@@QAEXPAVRenderable@2@EG@Z+0x39,4,0.0273,14677,20.008
fourteam_ai_prefix,31736,WINMM.dll@6e1d0000!BZROpenShim::`anonymous namespace'::RenderMultiplayerFlags+0xa36,4,0.0273,14677,20.008
fourteam_ai_prefix,31736,WINMM.dll@6e1d0000!BZROpenShim::`anonymous namespace'::HideUnusedMultiplayerFlagBillboards+0x63,4,0.0273,14677,20.008
fourteam_ai_prefix,31736,d3d11.dll!D3D11CoreCreateDevice+0x2eabd,4,0.0273,14677,20.008
fourteam_ai_prefix,31736,battlezone98redux.exe!sub_4178f0,4,0.0273,14677,20.008
fourteam_ai_prefix,31736,battlezone98redux.exe!sub_43c6c0,4,0.0273,14677,20.008
fourteam_ai_prefix,31736,OgreMain.dll!?getShadowCamera@LiSPSMShadowCameraSetup@Ogre@@UBEXPBVSceneManager@2@PBVCamera@2@PBVViewport@2@PBVLight@2@PAV42@I@Z+0x147e,4,0.0273,14677,20.008
fourteam_ai_prefix,31736,OgreMain.dll!?_findNamedConstantDefinition@GpuProgramParameters@Ogre@@QBEPBUGpuConstantDefinition@2@ABV?$basic_string@DU?$char_traits@D@std@@V?$allocator@D@2@@std@@_N@Z+0xdd,4,0.0273,14677,20.008
fourteam_ai_prefix,31736,OgreMain.dll!?_updateRenderQueue@Entity@Ogre@@UAEXPAVRenderQueue@2@@Z+0x16c,4,0.0273,14677,20.008
fourteam_ai_prefix,31736,OgreMain.dll!?isInLightRange@Light@Ogre@@QBE_NABVSphere@2@@Z+0x138,4,0.0273,14677,20.008
fourteam_ai_prefix,31736,ntdll.dll!_RtlCustomCPToUnicodeN@24+0x67,4,0.0273,14677,20.008
fourteam_ai_prefix,31736,WINMM.dll@6e1d0000!BZROpenShim::`anonymous namespace'::TryResolveChunkPayloadMeshResourceForMeshAndGeom+0x155,4,0.0273,14677,20.008
fourteam_ai_prefix,31736,d3d11.dll+0x35ebe,4,0.0273,14677,20.008
fourteam_ai_prefix,31736,OgreMain.dll!?_renderScene@Camera@Ogre@@QAEXPAVViewport@2@_N@Z+0xd8,4,0.0273,14677,20.008
fourteam_ai_prefix,31736,battlezone98redux.exe!sub_678880,4,0.0273,14677,20.008
fourteam_ai_prefix,31736,OgreMain.dll!?angleBetween@Vector3@Ogre@@QBE?AVRadian@2@ABV12@@Z+0xc9,4,0.0273,14677,20.008
fourteam_ai_prefix,31736,dxgi.dll!DXGIReportAdapterConfiguration+0xbf36,4,0.0273,14677,20.008
fourteam_ai_prefix,31736,dxgi.dll!DXGIGetDebugInterface1+0xa559,4,0.0273,14677,20.008
fourteam_ai_prefix,31736,WINMM.dll@6e1d0000!BZROpenShim::`anonymous namespace'::TryPromoteChunkProxyLocalTransformToAnchoredWorld+0xa8,4,0.0273,14677,20.008
fourteam_ai_prefix,31736,MSVCR120.dll!_strnicmp+0x21,4,0.0273,14677,20.008
fourteam_ai_prefix,31736,WINMM.dll@6e1d0000!BZROpenShim::`anonymous namespace'::MaybeLogSatelliteVisibilitySample+0x32e,4,0.0273,14677,20.008
fourteam_ai_prefix,31736,OgreMain.dll!?_getBoneMatrices@Skeleton@Ogre@@UAEXPAVMatrix4@2@@Z+0x48,4,0.0273,14677,20.008
fourteam_ai_prefix,31736,OgreMain.dll!?_writeRawConstant@GpuProgramParameters@Ogre@@QAEXIABVMatrix4@2@I@Z+0x1e,4,0.0273,14677,20.008
fourteam_ai_prefix,31736,battlezone98redux.exe!sub_67a1e0,4,0.0273,14677,20.008
fourteam_ai_prefix,31736,ucrtbase.dll!__free_base+0x2,4,0.0273,14677,20.008
fourteam_ai_prefix,31736,ucrtbase.dll!___acrt_fp_format+0x15f,4,0.0273,14677,20.008
fourteam_ai_prefix,31736,ucrtbase.dll!?type_case_a@?$output_processor@_WV?$string_output_adapter@_W@__crt_stdio_output@@V?$format_validation_base@_WV?$string_output_adapter@_W@__crt_stdio_output@@@2@@__crt_stdio_output@@AAE_NXZ+0xa8,4,0.0273,14677,20.008
fourteam_ai_prefix,31736,ucrtbase.dll!?state_case_type@?$output_processor@_WV?$string_output_adapter@_W@__crt_stdio_output@@V?$format_validation_base@_WV?$string_output_adapter@_W@__crt_stdio_output@@@2@@__crt_stdio_output@@AAE_NXZ+0x54,4,0.0273,14677,20.008
fourteam_ai_prefix,31736,MSVCR120.dll!memcpy+0x14,4,0.0273,14677,20.008
fourteam_ai_prefix,31736,WINMM.dll@6e1d0000!BZROpenShim::`anonymous namespace'::RebuildAndSubmitGenericChunkBatch+0x189,4,0.0273,14677,20.008
fourteam_ai_prefix,31736,WINMM.dll@6e1d0000!BZROpenShim::`anonymous namespace'::UpdateChunkProxySlotPosition+0x559,4,0.0273,14677,20.008
fourteam_ai_prefix,31736,WINMM.dll@6e1d0000!BZROpenShim::`anonymous namespace'::RotateGenericChunkVector+0x72,4,0.0273,14677,20.008
fourteam_ai_prefix,31736,RenderSystem_Direct3D11.dll!?_setRenderTarget@D3D11RenderSystem@Ogre@@UAEXPAVRenderTarget@2@@Z+0xdb,4,0.0273,14677,20.008
fourteam_ai_prefix,31736,d3d11.dll+0x366db,4,0.0273,14677,20.008
fourteam_ai_prefix,31736,OgreMain.dll!??4GpuSharedParametersUsage@Ogre@@QAEAAV01@ABV01@@Z+0x272e,4,0.0273,14677,20.008
fourteam_ai_prefix,31736,d3d11.dll!CreateDirect3D11DeviceFromDXGIDevice+0xbc657,4,0.0273,14677,20.008
fourteam_ai_prefix,31736,OgreMain.dll!??4GpuSharedParametersUsage@Ogre@@QAEAAV01@ABV01@@Z+0x2758,4,0.0273,14677,20.008
fourteam_ai_prefix,31736,OgreMain.dll!?updatePoint@RotationalSpline@Ogre@@QAEXGABVQuaternion@2@@Z+0x9d47,4,0.0273,14677,20.008
fourteam_ai_prefix,31736,OgreMain.dll!?createMovableObject@SceneManager@Ogre@@UAEPAVMovableObject@2@ABV?$basic_string@DU?$char_traits@D@std@@V?$allocator@D@2@@std@@0PBV?$map@V?$basic_string@DU?$char_traits@D@std@@V?$allocator@D@2@@std@@V12@U?$less@V?$basic_string@DU?$char_traits@D@std@@V?$allocator@D@2@@std@@@2@V?$STLAllocator@U?$pair@$$CBV?$basic_string@DU?$char_traits@D@std@@V?$allocator@D@2@@std@@V12@@std@@V?$CategorisedAllocPolicy@$0A@@Ogre@@@Ogre@@@5@@Z+0xfc,4,0.0273,14677,20.008
fourteam_ai_prefix,31736,OgreMain.dll!??1VertexData@Ogre@@QAE@XZ+0x4c,4,0.0273,14677,20.008
fourteam_ai_prefix,31736,MSVCR120.dll!floor+0x3e,4,0.0273,14677,20.008
fourteam_ai_prefix,31736,battlezone98redux.exe!sub_77c5f0,4,0.0273,14677,20.008
fourteam_ai_prefix,31736,battlezone98redux.exe!sub_77bd40,4,0.0273,14677,20.008
fourteam_ai_prefix,31736,MSVCR120.dll!floor+0x69,4,0.0273,14677,20.008
fourteam_ai_prefix,31736,RenderSystem_Direct3D11.dll!?getConstantBuffer@D3D11HLSLProgram@Ogre@@QAEPAUID3D11Buffer@@V?$SharedPtr@VGpuProgramParameters@Ogre@@@2@G@Z+0x35,4,0.0273,14677,20.008
fourteam_ai_prefix,31736,d3d11.dll!D3D11CoreCreateDevice+0x1d567,4,0.0273,14677,20.008
fourteam_ai_prefix,31736,d3d11.dll+0x2b56b,4,0.0273,14677,20.008
fourteam_ai_prefix,31736,OgreMain.dll!?_updateBounds@SceneNode@Ogre@@UAEXXZ+0x249,4,0.0273,14677,20.008
fourteam_ai_prefix,31736,battlezone98redux.exe!sub_5b2c30,4,0.0273,14677,20.008
fourteam_ai_prefix,31736,ntdll.dll!_RtlAnsiStringToUnicodeString@12+0x60,4,0.0273,14677,20.008
fourteam_ai_prefix,31736,OgreMain.dll!?updatePoint@RotationalSpline@Ogre@@QAEXGABVQuaternion@2@@Z+0x1102,4,0.0273,14677,20.008
fourteam_ai_prefix,31736,ntdll.dll!_LdrpFindLoadedDllByAddress@12+0x51,4,0.0273,14677,20.008
fourteam_ai_prefix,31736,OgreMain.dll!?needUpdate@Bone@Ogre@@UAEX_N@Z+0xe,4,0.0273,14677,20.008
fourteam_ai_prefix,31736,RenderSystem_Direct3D11.dll!?isVisible@D3D11RenderWindowHwnd@Ogre@@UBE_NXZ+0x25,4,0.0273,14677,20.008
fourteam_ai_prefix,31736,OgreMain.dll!?toString@StringConverter@Ogre@@SA?AV?$basic_string@DU?$char_traits@D@std@@V?$allocator@D@2@@std@@IGDH@Z+0x16e,4,0.0273,14677,20.008
fourteam_ai_prefix,31736,RenderSystem_Direct3D11.dll!?fireDeviceEvent@D3D11RenderSystem@Ogre@@QAEXPAVD3D11Device@2@ABV?$basic_string@DU?$char_traits@D@std@@V?$allocator@D@2@@std@@PAVD3D11RenderWindowBase@2@@Z+0xaa,4,0.0273,14677,20.008
fourteam_ai_prefix,31736,MSVCR120.dll!__libm_sse2_acosf+0x1b6,4,0.0273,14677,20.008
fourteam_ai_prefix,31736,WINMM.dll@6e1d0000!fprintf+0x13,4,0.0273,14677,20.008
fourteam_ai_prefix,31736,"ucrtbase.dll!common_vfprintf<__crt_stdio_output::standard_base,char>+0x70",4,0.0273,14677,20.008
fourteam_ai_prefix,31736,ucrtbase.dll!___stdio_common_vfprintf+0x2f,4,0.0273,14677,20.008
fourteam_ai_prefix,31736,WINMM.dll@6e1d0000!_vfprintf_l+0x1d,4,0.0273,14677,20.008
fourteam_ai_prefix,31736,WINMM.dll@6e1d0000!BZROpenShim::`anonymous namespace'::WriteLineUnlocked+0x128,4,0.0273,14677,20.008
fourteam_ai_prefix,31736,MSVCR120.dll!__libm_sse2_acosf+0x17e,4,0.0273,14677,20.008
fourteam_ai_prefix,31736,OgreMain.dll!?reset@Bone@Ogre@@QAEXXZ+0x2,4,0.0273,14677,20.008
fourteam_ai_prefix,31736,battlezone98redux.exe!sub_44b7d0,4,0.0273,14677,20.008
fourteam_ai_prefix,31736,RenderSystem_Direct3D11.dll!?getConstantBuffer@D3D11HLSLProgram@Ogre@@QAEPAUID3D11Buffer@@V?$SharedPtr@VGpuProgramParameters@Ogre@@@2@G@Z+0x4d,4,0.0273,14677,20.008
fourteam_ai_prefix,31736,ntdll.dll!_RtlAnsiCharToUnicodeChar@4+0x1e,4,0.0273,14677,20.008
fourteam_ai_prefix,31736,MSVCR120.dll!memcpy,4,0.0273,14677,20.008
fourteam_ai_prefix,31736,ntdll.dll!__woutput_l+0x38a,4,0.0273,14677,20.008
fourteam_ai_prefix,31736,WINMM.dll@6e1d0000!BZROpenShim::`anonymous namespace'::RotateGenericChunkVector+0x42,4,0.0273,14677,20.008
fourteam_ai_prefix,31736,WINMM.dll@6e1d0000!BZROpenShim::`anonymous namespace'::EnsureDx11SoftwareSkinSourceShadows+0x5a,4,0.0273,14677,20.008
fourteam_ai_prefix,31736,battlezone98redux.exe!sub_440000,4,0.0273,14677,20.008
fourteam_ai_prefix,31736,OgreMain.dll!?clone@Animation@Ogre@@QBEPAV12@ABV?$basic_string@DU?$char_traits@D@std@@V?$allocator@D@2@@std@@@Z+0x2e2,4,0.0273,14677,20.008
fourteam_ai_prefix,31736,OgreMain.dll!?isInLightRange@Light@Ogre@@QBE_NABVSphere@2@@Z+0x161,4,0.0273,14677,20.008
fourteam_ai_prefix,31736,OgreMain.dll!?ensureLoaded@TextureUnitState@Ogre@@IBEXI@Z+0x53,4,0.0273,14677,20.008
fourteam_ai_prefix,31736,USER32.dll!CreateWindowExA+0xce,4,0.0273,14677,20.008
fourteam_ai_prefix,31736,win32u.dll!_NtUserMessageCall@28+0xc,4,0.0273,14677,20.008
fourteam_ai_prefix,31736,ucrtbase.dll!_tolower+0xe2,4,0.0273,14677,20.008
fourteam_ai_prefix,31736,KERNEL32.DLL!FlsGetValue+0x1b,4,0.0273,14677,20.008
fourteam_ai_prefix,31736,nvwgf2um.dll!OpenAdapter10+0x72e97,4,0.0273,14677,20.008
fourteam_ai_prefix,31736,nvwgf2um.dll!SetDependencyInfo+0x5004f,4,0.0273,14677,20.008
fourteam_ai_prefix,31736,nvwgf2um.dll!OpenAdapter10+0x76667,4,0.0273,14677,20.008
fourteam_ai_prefix,31736,d3d11.dll!D3D11CoreCreateDevice+0x402d,4,0.0273,14677,20.008
fourteam_ai_prefix,31736,OgreMain.dll!??4GpuSharedParametersUsage@Ogre@@QAEAAV01@ABV01@@Z+0x275a,4,0.0273,14677,20.008
fourteam_ai_prefix,31736,OgreMain.dll!??4GpuSharedParametersUsage@Ogre@@QAEAAV01@ABV01@@Z+0x2727,4,0.0273,14677,20.008
fourteam_ai_prefix,31736,OgreMain.dll!??1QueuedRenderableCollection@Ogre@@QAE@XZ+0xb16,4,0.0273,14677,20.008
fourteam_ai_prefix,31736,OgreMain.dll!?merge@VisibleObjectsBoundsInfo@Ogre@@QAEXABVAxisAlignedBox@2@ABVSphere@2@PBVCamera@2@_N@Z+0x10,4,0.0273,14677,20.008
fourteam_ai_prefix,31736,OgreMain.dll!?softwareVertexBlend@Mesh@Ogre@@SAXPBVVertexData@2@0PBQBVMatrix4@2@I_N@Z+0x271,4,0.0273,14677,20.008
fourteam_ai_prefix,31736,OgreMain.dll!?isFloat@GpuConstantDefinition@Ogre@@SA_NW4GpuConstantType@2@@Z+0x13,4,0.0273,14677,20.008
fourteam_ai_prefix,31736,ntdll.dll!__woutput_l+0x73a,4,0.0273,14677,20.008
fourteam_ai_prefix,31736,OgreMain.dll!?renderSingleObject@SceneManager@Ogre@@MAEXPAVRenderable@2@PBVPass@2@_N2PBV?$HashedVector@PAVLight@Ogre@@@2@@Z+0x122,4,0.0273,14677,20.008
fourteam_ai_prefix,31736,WINMM.dll@6e1d0000!BZROpenShim::`anonymous namespace'::WingmanUpdateWeaponAimWithConvergence+0x48,4,0.0273,14677,20.008
fourteam_ai_prefix,31736,ntdll.dll!RtlFindActivationContextSectionString+0x1ba,4,0.0273,14677,20.008
fourteam_ai_prefix,31736,WINMM.dll@6e1d0000!BZROpenShim::`anonymous namespace'::TryBuildChunkProxyAnchoredEntryTransform+0xa1,4,0.0273,14677,20.008
fourteam_ai_prefix,31736,battlezone98redux.exe!sub_4b6ef0,4,0.0273,14677,20.008
fourteam_ai_prefix,31736,battlezone98redux.exe!sub_4b6c80,4,0.0273,14677,20.008
fourteam_ai_prefix,31736,ntdll.dll!_RtlpDosPathNameToRelativeNtPathName@28+0xe0,4,0.0273,14677,20.008
fourteam_ai_prefix,31736,battlezone98redux.exe!sub_440210,4,0.0273,14677,20.008
fourteam_ai_prefix,31736,OgreMain.dll!?_setPass@SceneManager@Ogre@@UAEPBVPass@2@PBV32@_N1@Z+0x321,4,0.0273,14677,20.008
fourteam_ai_prefix,31736,dxgi.dll!DXGID3D10CreateDevice+0xd76,4,0.0273,14677,20.008
fourteam_ai_prefix,31736,OgreMain.dll!??4GpuSharedParametersUsage@Ogre@@QAEAAV01@ABV01@@Z+0x27ab,4,0.0273,14677,20.008
fourteam_ai_prefix,31736,battlezone98redux.exe!sub_822e60,4,0.0273,14677,20.008
fourteam_ai_prefix,31736,battlezone98redux.exe!sub_6d2040,4,0.0273,14677,20.008
fourteam_ai_prefix,31736,battlezone98redux.exe!sub_6ce4a0,4,0.0273,14677,20.008
fourteam_ai_prefix,31736,battlezone98redux.exe!sub_6ce840,4,0.0273,14677,20.008
fourteam_ai_prefix,31736,battlezone98redux.exe!sub_6b2960,4,0.0273,14677,20.008
fourteam_ai_prefix,31736,battlezone98redux.exe!sub_6c9ab0,4,0.0273,14677,20.008
fourteam_ai_prefix,31736,battlezone98redux.exe!sub_417460,4,0.0273,14677,20.008
fourteam_ai_prefix,31736,battlezone98redux.exe!sub_6c3ad0,4,0.0273,14677,20.008
fourteam_ai_prefix,31736,battlezone98redux.exe!sub_6c69c0,4,0.0273,14677,20.008
fourteam_ai_prefix,31736,battlezone98redux.exe!sub_6809f0,4,0.0273,14677,20.008
fourteam_ai_prefix,31736,OgreMain.dll!??4GpuSharedParametersUsage@Ogre@@QAEAAV01@ABV01@@Z+0x2737,4,0.0273,14677,20.008
fourteam_ai_prefix,31736,ntdll.dll!__output_l+0x6bd,4,0.0273,14677,20.008
fourteam_ai_prefix,31736,OgreMain.dll!?isInLightRange@Light@Ogre@@QBE_NABVSphere@2@@Z+0xc6,4,0.0273,14677,20.008
fourteam_ai_prefix,31736,battlezone98redux.exe!sub_4624d0,4,0.0273,14677,20.008
fourteam_ai_prefix,31736,battlezone98redux.exe!sub_5b8ff0,4,0.0273,14677,20.008
fourteam_ai_prefix,31736,ntdll.dll!__aulldvrm+0x1,4,0.0273,14677,20.008
fourteam_ai_prefix,31736,OgreMain.dll!?createTechnique@Material@Ogre@@QAEPAVTechnique@2@XZ+0xa2c,4,0.0273,14677,20.008
fourteam_ai_prefix,31736,WINMM.dll@6e1d0000!BZROpenShim::`anonymous namespace'::UpdateChunkProxySlotPosition+0x643,4,0.0273,14677,20.008
fourteam_ai_prefix,31736,OgreMain.dll!?_notifyCurrentCamera@Entity@Ogre@@UAEXPAVCamera@2@@Z+0x109,4,0.0273,14677,20.008
fourteam_ai_prefix,31736,ntdll.dll!__woutput_l+0x7ed,4,0.0273,14677,20.008
fourteam_ai_prefix,31736,ntdll.dll!write_string+0x41,4,0.0273,14677,20.008
fourteam_ai_prefix,31736,OgreMain.dll!?getLodStrategy@Material@Ogre@@QBEPBVLodStrategy@2@XZ+0x6,4,0.0273,14677,20.008
fourteam_ai_prefix,31736,ntdll.dll!__vsnwprintf_l+0xc,4,0.0273,14677,20.008
fourteam_ai_prefix,31736,battlezone98redux.exe!sub_42d4c0,4,0.0273,14677,20.008
fourteam_ai_prefix,31736,RenderSystem_Direct3D11.dll!?_render@D3D11RenderSystem@Ogre@@UAEXABVRenderOperation@2@@Z+0x195a,4,0.0273,14677,20.008
fourteam_ai_prefix,31736,OgreMain.dll!?getParameters@GpuProgramUsage@Ogre@@QAE?AV?$SharedPtr@VGpuProgramParameters@Ogre@@@2@XZ+0xff,4,0.0273,14677,20.008
fourteam_ai_prefix,31736,MSVCR120.dll!_strnicoll+0x8f,4,0.0273,14677,20.008
fourteam_ai_prefix,31736,battlezone98redux.exe!sub_787ac0,4,0.0273,14677,20.008
fourteam_ai_prefix,31736,OgreMain.dll!?_populateLightList@SceneManager@Ogre@@UAEXABVVector3@2@MAAV?$HashedVector@PAVLight@Ogre@@@2@I@Z+0x164,4,0.0273,14677,20.008
fourteam_ai_prefix,31736,d3d11.dll!D3D11CoreCreateDevice+0x9768,4,0.0273,14677,20.008
fourteam_ai_prefix,31736,ntdll.dll!__output_l+0x558,4,0.0273,14677,20.008
fourteam_ai_prefix,31736,ntdll.dll!_RtlAllocateHeap@12,4,0.0273,14677,20.008
fourteam_ai_prefix,31736,ntdll.dll!_memset+0x3d,4,0.0273,14677,20.008
fourteam_ai_prefix,31736,nvwgf2um.dll!SetDependencyInfo+0x58362,4,0.0273,14677,20.008
fourteam_ai_prefix,31736,nvwgf2um.dll!OpenAdapter10+0x3fa,4,0.0273,14677,20.008
fourteam_ai_prefix,31736,battlezone98redux.exe!sub_481b10,4,0.0273,14677,20.008
fourteam_ai_prefix,31736,battlezone98redux.exe!sub_43aa30,4,0.0273,14677,20.008
fourteam_ai_prefix,31736,battlezone98redux.exe!sub_481af0,4,0.0273,14677,20.008
fourteam_ai_prefix,31736,OgreMain.dll!?prepareWorldGeometry@SceneManager@Ogre@@UAEXABV?$basic_string@DU?$char_traits@D@std@@V?$allocator@D@2@@std@@@Z+0x231,4,0.0273,14677,20.008
fourteam_ai_prefix,31736,OgreMain.dll!?_updateAllRenderTargets@Root@Ogre@@QAE_NXZ+0x1e,4,0.0273,14677,20.008
fourteam_ai_prefix,31736,d3d11.dll!D3D11CoreCreateLayeredDevice+0x13126,4,0.0273,14677,20.008
fourteam_ai_prefix,31736,d3d11.dll!D3D11CoreCreateLayeredDevice+0x13753,4,0.0273,14677,20.008
fourteam_ai_prefix,31736,battlezone98redux.exe!sub_5b2bd0,4,0.0273,14677,20.008
fourteam_ai_prefix,31736,OgreMain.dll!?_updateAutoParams@GpuProgramParameters@Ogre@@QAEXPBVAutoParamDataSource@2@G@Z+0x11e9,4,0.0273,14677,20.008
fourteam_ai_prefix,31736,RenderSystem_Direct3D11.dll!?getMonitorSequentialNumberFromSwapChain@MonitorInfo@Ogre@@QAEGPAUIDXGISwapChain@@_N@Z+0x2ab9,4,0.0273,14677,20.008
fourteam_ai_prefix,31736,WINMM.dll@6e1d0000!BZROpenShim::`anonymous namespace'::TryReadObjProjectId+0x6d,4,0.0273,14677,20.008
fourteam_ai_prefix,31736,battlezone98redux.exe!sub_67a110,4,0.0273,14677,20.008
fourteam_ai_prefix,31736,battlezone98redux.exe!sub_77d660,4,0.0273,14677,20.008
fourteam_ai_prefix,31736,OgreMain.dll!??4GpuSharedParametersUsage@Ogre@@QAEAAV01@ABV01@@Z+0x2749,4,0.0273,14677,20.008
fourteam_ai_prefix,31736,MSVCR120.dll!__libm_sse2_asinf+0x50,4,0.0273,14677,20.008
fourteam_ai_prefix,31736,OgreMain.dll!?generate@NameGenerator@Ogre@@QAE?AV?$basic_string@DU?$char_traits@D@std@@V?$allocator@D@2@@std@@XZ+0x10f,4,0.0273,14677,20.008
fourteam_ai_prefix,31736,ntdll.dll!_ZwOpenThread@16+0xc,4,0.0273,14677,20.008
fourteam_ai_prefix,31736,nvwgf2um.dll!SetDependencyInfo+0x54234,4,0.0273,14677,20.008
fourteam_ai_prefix,31736,ntdll.dll!_RtlCustomCPToUnicodeN@24+0x2,4,0.0273,14677,20.008
fourteam_ai_prefix,31736,battlezone98redux.exe!sub_462670,4,0.0273,14677,20.008
fourteam_ai_prefix,31736,WINMM.dll@6e1d0000!BZROpenShim::ChunkEffectPartialFragmentHook+0x41,4,0.0273,14677,20.008
fourteam_ai_prefix,31736,ucrtbase.dll!common_openfile<wchar_t>+0x3f,4,0.0273,14677,20.008
fourteam_ai_prefix,31736,ucrtbase.dll!common_fsopen<wchar_t>+0x73,4,0.0273,14677,20.008
fourteam_ai_prefix,31736,MSVCP140.dll!std::_Fiopen+0x55,4,0.0273,14677,20.008
fourteam_ai_prefix,31736,ucrtbase.dll!__wfsopen+0x13,4,0.0273,14677,20.008
fourteam_ai_prefix,31736,ucrtbase.dll!__wsopen_nolock+0xa4,4,0.0273,14677,20.008
fourteam_ai_prefix,31736,"WINMM.dll@6e1d0000!std::basic_filebuf<char,std::char_traits<char> >::open+0x46",4,0.0273,14677,20.008
fourteam_ai_prefix,31736,ucrtbase.dll!common_sopen_dispatch<wchar_t>+0x47,4,0.0273,14677,20.008
fourteam_ai_prefix,31736,"WINMM.dll@6e1d0000!std::basic_ifstream<char,std::char_traits<char> >::basic_ifstream<char,std::char_traits<char> ><std::filesystem::path,0>+0xe8",4,0.0273,14677,20.008
fourteam_ai_prefix,31736,WINMM.dll@6e1d0000!BZROpenShim::`anonymous namespace'::LoadChunkGeoManifestFile+0x6d,4,0.0273,14677,20.008
fourteam_ai_prefix,31736,OgreMain.dll!?waitForNextRequest@DefaultWorkQueue@Ogre@@MAEXXZ+0x55f97,4,0.0273,14677,20.008
fourteam_ai_prefix,31736,d3d11.dll!CreateDirect3D11DeviceFromDXGIDevice+0xa17a2,4,0.0273,14677,20.008
fourteam_ai_prefix,31736,OgreMain.dll!?getConstantDefinition@GpuProgramParameters@Ogre@@QBEABUGpuConstantDefinition@2@ABV?$basic_string@DU?$char_traits@D@std@@V?$allocator@D@2@@std@@@Z,4,0.0273,14677,20.008
fourteam_ai_prefix,31736,OgreMain.dll!?getDerivedPosition@Light@Ogre@@QBEABVVector3@2@_N@Z,4,0.0273,14677,20.008
fourteam_ai_prefix,31736,WINMM.dll@6e1d0000!BZROpenShim::`anonymous namespace'::TryGetChunkProxyTransform+0x7f,4,0.0273,14677,20.008
fourteam_ai_prefix,31736,battlezone98redux.exe!sub_58b700,4,0.0273,14677,20.008
fourteam_ai_prefix,31736,OgreMain.dll!?_notifyCurrentCamera@Entity@Ogre@@UAEXPAVCamera@2@@Z+0x107,4,0.0273,14677,20.008
fourteam_ai_prefix,31736,win32u.dll!_NtGdiDdDDIQueryVidPnExclusiveOwnership@4+0xc,4,0.0273,14677,20.008
fourteam_ai_prefix,31736,dxgi.dll!CompatString+0x2a87,4,0.0273,14677,20.008
fourteam_ai_prefix,31736,battlezone98redux.exe!sub_4d46b0,4,0.0273,14677,20.008
fourteam_ai_prefix,31736,KERNELBASE.dll!GetProcAddressForCaller+0x24,4,0.0273,14677,20.008
fourteam_ai_prefix,31736,OgreMain.dll!?findLightsAffectingFrustum@SceneManager@Ogre@@MAEXPBVCamera@2@@Z+0x1d7,4,0.0273,14677,20.008
fourteam_ai_prefix,31736,battlezone98redux.exe!sub_822970,4,0.0273,14677,20.008
fourteam_ai_prefix,31736,battlezone98redux.exe!sub_62d370,4,0.0273,14677,20.008
fourteam_ai_prefix,31736,ntdll.dll!write_char+0x3e,4,0.0273,14677,20.008
fourteam_ai_prefix,31736,MSVCR120.dll!__libm_sse2_asinf+0x9c,4,0.0273,14677,20.008
fourteam_ai_prefix,31736,ntdll.dll!_RtlpAllocateNTHeapInternal@12+0xf6,4,0.0273,14677,20.008
fourteam_ai_prefix,31736,ntdll.dll!__output_l+0x12f,4,0.0273,14677,20.008
fourteam_ai_prefix,31736,ntdll.dll!__output_l+0x124,4,0.0273,14677,20.008
fourteam_ai_prefix,31736,battlezone98redux.exe!sub_5c1850,4,0.0273,14677,20.008
fourteam_ai_prefix,31736,WINMM.dll@6e1d0000!BZROpenShim::`anonymous namespace'::RebuildAndSubmitGenericChunkBatch+0x153,4,0.0273,14677,20.008
fourteam_ai_prefix,31736,battlezone98redux.exe!sub_5a6210,4,0.0273,14677,20.008
fourteam_ai_prefix,31736,ntdll.dll!__aulldvrm+0x29,4,0.0273,14677,20.008
fourteam_ai_prefix,31736,ntdll.dll!_RtlAcquireSRWLockShared@4+0x1f,4,0.0273,14677,20.008
fourteam_ai_prefix,31736,OgreMain.dll!?_updateBounds@SceneNode@Ogre@@UAEXXZ+0x238,4,0.0273,14677,20.008
fourteam_ai_prefix,31736,ntdll.dll!__output_l+0x145,4,0.0273,14677,20.008
fourteam_ai_prefix,31736,OgreMain.dll!?findFiles@FileSystemArchive@Ogre@@IAEXABV?$basic_string@DU?$char_traits@D@std@@V?$allocator@D@2@@std@@_N1PAV?$vector@V?$basic_string@DU?$char_traits@D@std@@V?$allocator@D@2@@std@@V?$STLAllocator@V?$basic_string@DU?$char_traits@D@std@@V?$allocator@D@2@@std@@V?$CategorisedAllocPolicy@$0A@@Ogre@@@Ogre@@@4@PAV?$vector@UFileInfo@Ogre@@V?$STLAllocator@UFileInfo@Ogre@@V?$CategorisedAllocPolicy@$0A@@2@@2@@4@@Z+0x5c3,4,0.0273,14677,20.008
fourteam_ai_prefix,31736,MSVCR120.dll!_findclose+0xc,4,0.0273,14677,20.008
fourteam_ai_prefix,31736,"ucrtbase.dll!common_vsprintf<__crt_stdio_output::format_validation_base,char>+0x154",4,0.0273,14677,20.008
fourteam_ai_prefix,31736,ucrtbase.dll!___stdio_common_vsnprintf_s+0xcc,4,0.0273,14677,20.008
fourteam_ai_prefix,31736,WINMM.dll@6e1d0000!_vsnprintf_s_l+0x23,4,0.0273,14677,20.008
fourteam_ai_prefix,31736,OgreMain.dll!?generate@NameGenerator@Ogre@@QAE?AV?$basic_string@DU?$char_traits@D@std@@V?$allocator@D@2@@std@@XZ+0x104,4,0.0273,14677,20.008
fourteam_ai_prefix,31736,OgreMain.dll!?isInLightRange@Light@Ogre@@QBE_NABVSphere@2@@Z+0x7e,4,0.0273,14677,20.008
fourteam_ai_prefix,31736,battlezone98redux.exe!sub_458c40,4,0.0273,14677,20.008
fourteam_ai_prefix,31736,battlezone98redux.exe!sub_583dc0,4,0.0273,14677,20.008
fourteam_ai_prefix,31736,OgreMain.dll!?getConstantDefinition@GpuProgramParameters@Ogre@@QBEABUGpuConstantDefinition@2@ABV?$basic_string@DU?$char_traits@D@std@@V?$allocator@D@2@@std@@@Z+0xe4,4,0.0273,14677,20.008
fourteam_ai_prefix,31736,OgreMain.dll!?_notifyCurrentCamera@Entity@Ogre@@UAEXPAVCamera@2@@Z+0x111,4,0.0273,14677,20.008
fourteam_ai_prefix,31736,ntdll.dll!__output_l+0x6cf,4,0.0273,14677,20.008
fourteam_ai_prefix,31736,OgreMain.dll!?_calcTempSquareDist@Light@Ogre@@QAEXABVVector3@2@@Z+0x20,4,0.0273,14677,20.008
fourteam_ai_prefix,31736,KERNELBASE.dll!OutputDebugStringA+0xe6,4,0.0273,14677,20.008
fourteam_ai_prefix,31736,battlezone98redux.exe!sub_68d570,4,0.0273,14677,20.008
fourteam_ai_prefix,31736,OgreMain.dll!?_updateViewport@RenderTarget@Ogre@@UAEXPAVViewport@2@_N@Z+0x13,4,0.0273,14677,20.008
fourteam_ai_prefix,31736,OgreMain.dll!?fireViewportPreUpdate@RenderTarget@Ogre@@MAEXPAVViewport@2@@Z+0x3b,4,0.0273,14677,20.008
fourteam_ai_prefix,31736,ntdll.dll!__fputwc_nolock+0x35,3,0.0204,14677,20.008
fourteam_ai_prefix,31736,OgreMain.dll!?buffersCheckedOut@TempBlendedBufferInfo@Ogre@@QBE_N_N0@Z+0x2f,3,0.0204,14677,20.008
fourteam_ai_prefix,31736,d3d11.dll+0x30d9a,3,0.0204,14677,20.008
fourteam_ai_prefix,31736,OgreMain.dll!?getLightSpecularColourWithPower@AutoParamDataSource@Ogre@@UBE?BVColourValue@2@I@Z+0xd,3,0.0204,14677,20.008
fourteam_ai_prefix,31736,d3d11.dll+0x30e83,3,0.0204,14677,20.008
fourteam_ai_prefix,31736,battlezone98redux.exe!sub_44fcc0,3,0.0204,14677,20.008
fourteam_ai_prefix,31736,battlezone98redux.exe!sub_44f820,3,0.0204,14677,20.008
fourteam_ai_prefix,31736,USER32.dll!MsgWaitForMultipleObjectsEx+0xd8,3,0.0204,14677,20.008
fourteam_ai_prefix,31736,OgreMain.dll!?copyTempVertexToBuffer@ManualObject@Ogre@@MAEXXZ+0x8b,3,0.0204,14677,20.008
fourteam_ai_prefix,31736,OgreMain.dll!?getDistance@Plane@Ogre@@QBEMABVVector3@2@@Z+0x2f,3,0.0204,14677,20.008
fourteam_ai_prefix,31736,OgreMain.dll!?isVisible@ShadowRenderable@Ogre@@UBE_NXZ+0x234,3,0.0204,14677,20.008
fourteam_ai_prefix,31736,WINMM.dll@6e1d0000!BZROpenShim::`anonymous namespace'::NormalizeChunkMeshBaseName+0x188,3,0.0204,14677,20.008
fourteam_ai_prefix,31736,battlezone98redux.exe!has_value,3,0.0204,14677,20.008
fourteam_ai_prefix,31736,OgreMain.dll!?destroyMovableObject@SceneManager@Ogre@@UAEXABV?$basic_string@DU?$char_traits@D@std@@V?$allocator@D@2@@std@@0@Z+0x115,3,0.0204,14677,20.008
fourteam_ai_prefix,31736,OgreMain.dll!?setShadowCastersCannotBeReceivers@RenderQueue@Ogre@@QAEX_N@Z+0x1e,3,0.0204,14677,20.008
fourteam_ai_prefix,31736,OgreMain.dll!?_populateLightList@SceneManager@Ogre@@UAEXABVVector3@2@MAAV?$HashedVector@PAVLight@Ogre@@@2@I@Z+0x97,3,0.0204,14677,20.008
fourteam_ai_prefix,31736,RenderSystem_Direct3D11.dll!?_render@D3D11RenderSystem@Ogre@@UAEXABVRenderOperation@2@@Z+0xd7,3,0.0204,14677,20.008
fourteam_ai_prefix,31736,ucrtbase.dll!__CIsqrt+0x6,3,0.0204,14677,20.008
fourteam_ai_prefix,31736,OgreMain.dll!?_updateAutoParams@GpuProgramParameters@Ogre@@QAEXPBVAutoParamDataSource@2@G@Z+0x1f0c,3,0.0204,14677,20.008
fourteam_ai_prefix,31736,OgreMain.dll!?_updateBounds@SceneNode@Ogre@@UAEXXZ+0x235,3,0.0204,14677,20.008
fourteam_ai_prefix,31736,nvwgf2um.dll!SetDependencyInfo+0x5425a,3,0.0204,14677,20.008
fourteam_ai_prefix,31736,OgreMain.dll!?updateFromParentImpl@SceneNode@Ogre@@MBEXXZ+0x9,3,0.0204,14677,20.008
fourteam_ai_prefix,31736,WINMM.dll@6e1d0000!BZROpenShim::`anonymous namespace'::AppendGenericChunkBatchGeometry+0x131,3,0.0204,14677,20.008
fourteam_ai_prefix,31736,OgreMain.dll!?renderSingleObject@SceneManager@Ogre@@MAEXPAVRenderable@2@PBVPass@2@_N2PBV?$HashedVector@PAVLight@Ogre@@@2@@Z+0x180,3,0.0204,14677,20.008
fourteam_ai_prefix,31736,nvwgf2um.dll!NVAPI_DirectMethods+0x4bdc9,3,0.0204,14677,20.008
fourteam_ai_prefix,31736,d3d11.dll!D3D11CoreCreateDevice+0x1d43a,3,0.0204,14677,20.008
fourteam_ai_prefix,31736,OgreMain.dll!?getSide@Plane@Ogre@@QBE?AW4Side@12@ABVVector3@2@0@Z+0x11,3,0.0204,14677,20.008
fourteam_ai_prefix,31736,battlezone98redux.exe!sub_604130,3,0.0204,14677,20.008
fourteam_ai_prefix,31736,OgreMain.dll!?getTransparentSortingForced@Pass@Ogre@@QBE_NXZ+0x6,3,0.0204,14677,20.008
fourteam_ai_prefix,31736,OgreMain.dll!?_setTextureUnitSettings@RenderSystem@Ogre@@UAEXIAAVTextureUnitState@2@@Z+0xc6,3,0.0204,14677,20.008
fourteam_ai_prefix,31736,dxgi.dll!DXGIGetDebugInterface1+0x206e6,3,0.0204,14677,20.008
fourteam_ai_prefix,31736,d3d11.dll!CreateDirect3D11DeviceFromDXGIDevice+0xa21d1,3,0.0204,14677,20.008
fourteam_ai_prefix,31736,OgreMain.dll!?clone@Animation@Ogre@@QBEPAV12@ABV?$basic_string@DU?$char_traits@D@std@@V?$allocator@D@2@@std@@@Z+0x249,3,0.0204,14677,20.008
fourteam_ai_prefix,31736,battlezone98redux.exe!sub_43c6e0,3,0.0204,14677,20.008
fourteam_ai_prefix,31736,DSOUND.dll!GetDeviceID+0x1c89,3,0.0204,14677,20.008
fourteam_ai_prefix,31736,d3d11.dll!D3D11CoreCreateDevice+0x2eb0d,3,0.0204,14677,20.008
fourteam_ai_prefix,31736,OgreMain.dll!?position@ManualObject@Ogre@@UAEXMMM@Z+0x15a,3,0.0204,14677,20.008
fourteam_ai_prefix,31736,ntdll.dll!_RtlpFreeNTHeapInternal@12+0x22a,3,0.0204,14677,20.008
fourteam_ai_prefix,31736,ntdll.dll!_RtlFlsGetValue@8,3,0.0204,14677,20.008
fourteam_ai_prefix,31736,OgreMain.dll!?sort@QueuedRenderableCollection@Ogre@@QAEXPBVCamera@2@@Z+0x7,3,0.0204,14677,20.008
fourteam_ai_prefix,31736,OgreMain.dll!?sort@RenderPriorityGroup@Ogre@@QAEXPBVCamera@2@@Z+0x13,3,0.0204,14677,20.008
fourteam_ai_prefix,31736,WINMM.dll@6e1d0000!BZROpenShim::`anonymous namespace'::RotateGenericChunkVector+0x21,3,0.0204,14677,20.008
fourteam_ai_prefix,31736,WINMM.dll@6e1d0000!fabsf+0x9,3,0.0204,14677,20.008
fourteam_ai_prefix,31736,"WINMM.dll@6e1d0000!std::_Hash<std::_Uset_traits<unsigned int,std::_Uhash_compare<unsigned int,std::hash<unsigned int>,std::equal_to<unsigned int> >,std::allocator<unsigned int>,0> >::reserve+0x2c",3,0.0204,14677,20.008
fourteam_ai_prefix,31736,WINMM.dll@6e1d0000!BZROpenShim::`anonymous namespace'::TryBuildOgreQuaternionFromLegacyTransform+0x16b,3,0.0204,14677,20.008
fourteam_ai_prefix,31736,OgreMain.dll!?getSide@Plane@Ogre@@QBE?AW4Side@12@ABVVector3@2@0@Z+0x4b,3,0.0204,14677,20.008
fourteam_ai_prefix,31736,WINMM.dll@6e1d0000!BZROpenShim::ChunkBatchInvalidation::SourceVersion::MixFloat+0x7,3,0.0204,14677,20.008
fourteam_ai_prefix,31736,OgreMain.dll+0x1e6a,3,0.0204,14677,20.008
fourteam_ai_prefix,31736,OgreMain.dll!?updatePoint@RotationalSpline@Ogre@@QAEXGABVQuaternion@2@@Z+0x9e39,3,0.0204,14677,20.008
fourteam_ai_prefix,31736,WINMM.dll@6e1d0000!_allmul+0x19,3,0.0204,14677,20.008
fourteam_ai_prefix,31736,OgreMain.dll!?isFloat@GpuConstantDefinition@Ogre@@SA_NW4GpuConstantType@2@@Z+0x1a,3,0.0204,14677,20.008
fourteam_ai_prefix,31736,OgreMain.dll!?normal@ManualObject@Ogre@@UAEXMMM@Z+0x17,3,0.0204,14677,20.008
fourteam_ai_prefix,31736,OgreMain.dll!??0VertexData@Ogre@@QAE@PAVHardwareBufferManagerBase@1@@Z+0x7d,3,0.0204,14677,20.008
fourteam_ai_prefix,31736,OgreMain.dll!?_fireFrameEnded@Root@Ogre@@QAE_NAAUFrameEvent@2@@Z+0x9d,3,0.0204,14677,20.008
fourteam_ai_prefix,31736,battlezone98redux.exe!sub_4c0100,3,0.0204,14677,20.008
fourteam_ai_prefix,31736,battlezone98redux.exe!sub_4c0fe0,3,0.0204,14677,20.008
fourteam_ai_prefix,31736,nvwgf2um.dll!OpenAdapter10+0x726e0,3,0.0204,14677,20.008
fourteam_ai_prefix,31736,d3d11.dll!D3D11CoreCreateDevice+0x11a2f,3,0.0204,14677,20.008
fourteam_ai_prefix,31736,OgreMain.dll!?getAttenuationRange@Light@Ogre@@QBEMXZ+0x6,3,0.0204,14677,20.008
fourteam_ai_prefix,31736,battlezone98redux.exe!sub_68bed0,3,0.0204,14677,20.008
fourteam_ai_prefix,31736,WINMM.dll@6e1d0000!BZROpenShim::`anonymous namespace'::RotateGenericChunkVector+0xc6,3,0.0204,14677,20.008
fourteam_ai_prefix,31736,OgreMain.dll+0x2b819,3,0.0204,14677,20.008
fourteam_ai_prefix,31736,VCRUNTIME140.dll!memset,3,0.0204,14677,20.008
fourteam_ai_prefix,31736,OgreMain.dll!?waitForNextRequest@DefaultWorkQueue@Ogre@@MAEXXZ+0x11d906,3,0.0204,14677,20.008
fourteam_ai_prefix,31736,OgreMain.dll!?index@ManualObject@Ogre@@UAEXI@Z+0x131,3,0.0204,14677,20.008
fourteam_ai_prefix,31736,OgreMain.dll!?createTechnique@Material@Ogre@@QAEPAVTechnique@2@XZ+0xa23,3,0.0204,14677,20.008
fourteam_ai_prefix,31736,OgreMain.dll!?getIndex@DistanceLodStrategyBase@Ogre@@UBEGMABV?$vector@MV?$STLAllocator@MV?$CategorisedAllocPolicy@$0A@@Ogre@@@Ogre@@@std@@@Z+0x16,3,0.0204,14677,20.008
fourteam_ai_prefix,31736,OgreMain.dll!?getLodIndex@Material@Ogre@@QBEGM@Z+0x23,3,0.0204,14677,20.008
fourteam_ai_prefix,31736,ntdll.dll!_LdrpGetProcedureAddress@16+0x46,3,0.0204,14677,20.008
fourteam_ai_prefix,31736,OgreMain.dll!?merge@VisibleObjectsBoundsInfo@Ogre@@QAEXABVAxisAlignedBox@2@ABVSphere@2@PBVCamera@2@_N@Z+0x2c,3,0.0204,14677,20.008
fourteam_ai_prefix,31736,battlezone98redux.exe!sub_492d60,3,0.0204,14677,20.008
fourteam_ai_prefix,31736,battlezone98redux.exe!sub_62bec0,3,0.0204,14677,20.008
fourteam_ai_prefix,31736,battlezone98redux.exe!sub_4de9d0,3,0.0204,14677,20.008
fourteam_ai_prefix,31736,nvwgf2um.dll!SetDependencyInfo+0x5a326,3,0.0204,14677,20.008
fourteam_ai_prefix,31736,OgreMain.dll!?getDerivedDirection@Light@Ogre@@QBEABVVector3@2@XZ+0xb,3,0.0204,14677,20.008
fourteam_ai_prefix,31736,WINMM.dll@6e1d0000!BZROpenShim::`anonymous namespace'::TryReadObjProjectId+0x7c,3,0.0204,14677,20.008
fourteam_ai_prefix,31736,OgreMain.dll!?getNumWorldTransforms@SubEntity@Ogre@@UBEGXZ+0x6,3,0.0204,14677,20.008
fourteam_ai_prefix,31736,dxgi.dll!DXGID3D10CreateDevice+0x8df,3,0.0204,14677,20.008
fourteam_ai_prefix,31736,OgreMain.dll!?getSide@Plane@Ogre@@QBE?AW4Side@12@ABVVector3@2@0@Z+0x63,3,0.0204,14677,20.008
fourteam_ai_prefix,31736,ntdll.dll!__output_l+0x726,3,0.0204,14677,20.008
fourteam_ai_prefix,31736,OgreMain.dll!?hasEdgeList@Entity@Ogre@@UAE_NXZ+0x13,3,0.0204,14677,20.008
fourteam_ai_prefix,31736,OgreMain.dll!??4GpuSharedParametersUsage@Ogre@@QAEAAV01@ABV01@@Z+0x2732,3,0.0204,14677,20.008
fourteam_ai_prefix,31736,WINMM.dll@6e1d0000!BZROpenShim::`anonymous namespace'::RebuildAndSubmitGenericChunkBatch+0x1f5,3,0.0204,14677,20.008
fourteam_ai_prefix,31736,RenderSystem_Direct3D11.dll!?getMonitorSequentialNumberFromSwapChain@MonitorInfo@Ogre@@QAEGPAUIDXGISwapChain@@_N@Z+0x2ac4,3,0.0204,14677,20.008
fourteam_ai_prefix,31736,OgreMain.dll!?getProjectionMatrix@AutoParamDataSource@Ogre@@UBEABVMatrix4@2@XZ+0x9b,3,0.0204,14677,20.008
fourteam_ai_prefix,31736,d3d11.dll!CreateDirect3D11DeviceFromDXGIDevice+0x9f8a0,3,0.0204,14677,20.008
fourteam_ai_prefix,31736,ntdll.dll!write_string+0x62,3,0.0204,14677,20.008
fourteam_ai_prefix,31736,OgreMain.dll!??RlightLess@SceneManager@Ogre@@QBE_NPBVLight@2@0@Z+0x6,3,0.0204,14677,20.008
fourteam_ai_prefix,31736,RenderSystem_Direct3D11.dll!?getMonitorSequentialNumberFromSwapChain@MonitorInfo@Ogre@@QAEGPAUIDXGISwapChain@@_N@Z+0x1244,3,0.0204,14677,20.008
fourteam_ai_prefix,31736,d3d11.dll+0x35ec1,3,0.0204,14677,20.008
fourteam_ai_prefix,31736,RenderSystem_Direct3D11.dll!??4D3D11HardwareVertexBuffer@Ogre@@QAEAAV01@ABV01@@Z+0x750,3,0.0204,14677,20.008
fourteam_ai_prefix,31736,OgreMain.dll!?destroyVertexDeclaration@HardwareBufferManagerBase@Ogre@@UAEXPAVVertexDeclaration@2@@Z+0x71,3,0.0204,14677,20.008
fourteam_ai_prefix,31736,OgreMain.dll!??1FocusedShadowCameraSetup@Ogre@@UAE@XZ+0x50,3,0.0204,14677,20.008
fourteam_ai_prefix,31736,OgreMain.dll!??9Quaternion@Ogre@@QBE_NABV01@@Z+0x1e2,3,0.0204,14677,20.008
fourteam_ai_prefix,31736,OgreMain.dll!??1Camera@Ogre@@UAE@XZ+0x131,3,0.0204,14677,20.008
fourteam_ai_prefix,31736,WINMM.dll@6e1d0000!BZROpenShim::`anonymous namespace'::RotateGenericChunkVector+0xea,3,0.0204,14677,20.008
fourteam_ai_prefix,31736,OgreMain.dll!?_setPass@SceneManager@Ogre@@UAEPBVPass@2@PBV32@_N1@Z+0x9f7,3,0.0204,14677,20.008
fourteam_ai_prefix,31736,OgreMain.dll!?updateView@Frustum@Ogre@@MBEXXZ+0x1d,3,0.0204,14677,20.008
fourteam_ai_prefix,31736,battlezone98redux.exe!sub_7783d0,3,0.0204,14677,20.008
fourteam_ai_prefix,31736,OgreMain.dll!?createTechnique@Material@Ogre@@QAEPAVTechnique@2@XZ+0xa1f,3,0.0204,14677,20.008
fourteam_ai_prefix,31736,battlezone98redux.exe!sub_4976f0,3,0.0204,14677,20.008
fourteam_ai_prefix,31736,OgreMain.dll!?merge@VisibleObjectsBoundsInfo@Ogre@@QAEXABVAxisAlignedBox@2@ABVSphere@2@PBVCamera@2@_N@Z+0xc7,3,0.0204,14677,20.008
fourteam_ai_prefix,31736,Galaxy.dll!?ResetInstance@GalaxyFactory@api@galaxy@@SAXXZ+0x1a0e5,3,0.0204,14677,20.008
fourteam_ai_prefix,31736,Galaxy.dll!??4IGalaxy@api@galaxy@@QAEAAV012@ABV012@@Z+0x22629,3,0.0204,14677,20.008
fourteam_ai_prefix,31736,OgreMain.dll!?_getCombinedVisibilityMask@SceneManager@Ogre@@QBEIXZ,3,0.0204,14677,20.008
fourteam_ai_prefix,31736,WINMM.dll@6e1d0000!BZROpenShim::`anonymous namespace'::AppendGenericChunkBatchGeometry+0x8c,3,0.0204,14677,20.008
fourteam_ai_prefix,31736,OgreMain.dll!?_detectImplementation@OptimisedUtil@Ogre@@KAPAV12@XZ+0x468a,3,0.0204,14677,20.008
fourteam_ai_prefix,31736,OgreMain.dll!?_findNamedConstantDefinition@GpuProgramParameters@Ogre@@QBEPBUGpuConstantDefinition@2@ABV?$basic_string@DU?$char_traits@D@std@@V?$allocator@D@2@@std@@_N@Z+0xba,3,0.0204,14677,20.008
fourteam_ai_prefix,31736,OgreMain.dll!?getProjectionMatrix@AutoParamDataSource@Ogre@@UBEABVMatrix4@2@XZ,3,0.0204,14677,20.008
fourteam_ai_prefix,31736,ntdll.dll!RtlNtStatusToDosError,3,0.0204,14677,20.008
fourteam_ai_prefix,31736,WINMM.dll@6e1d0000!BZROpenShim::`anonymous namespace'::RotateGenericChunkVector+0x6,3,0.0204,14677,20.008
fourteam_ai_prefix,31736,ucrtbase.dll!<lambda_826c27fce7726908515bbc79a5266961>::operator()+0x99,3,0.0204,14677,20.008
fourteam_ai_prefix,31736,"ucrtbase.dll!__crt_seh_guarded_call<int>::operator()<<lambda_62491a2101a2aba6cc4a769149c84f1f>,<lambda_826c27fce7726908515bbc79a5266961> &,<lambda_4e64bbd54b50a7b070e3ea8d795375b6> >+0x2b",3,0.0204,14677,20.008
fourteam_ai_prefix,31736,OgreMain.dll!?getLightDiffuseColourWithPower@AutoParamDataSource@Ogre@@UBE?BVColourValue@2@I@Z+0x47,3,0.0204,14677,20.008
fourteam_ai_prefix,31736,OgreMain.dll!?copyTempVertexToBuffer@ManualObject@Ogre@@MAEXXZ+0xc0,3,0.0204,14677,20.008
fourteam_ai_prefix,31736,battlezone98redux.exe!sub_464610,3,0.0204,14677,20.008
fourteam_ai_prefix,31736,OgreMain.dll+0x24b36,3,0.0204,14677,20.008
fourteam_ai_prefix,31736,"WINMM.dll@6e1d0000!`anonymous namespace'::__std_find_last_trivial_impl<`anonymous namespace'::_Find_traits_1,unsigned char>+0xb3",3,0.0204,14677,20.008
fourteam_ai_prefix,31736,KERNELBASE.dll!GetModuleHandleA+0x2f,3,0.0204,14677,20.008
fourteam_ai_prefix,31736,OgreMain.dll!?deriveTextureRenderTargetOptions@CompositorInstance@Ogre@@AAEXABV?$basic_string@DU?$char_traits@D@std@@V?$allocator@D@2@@std@@PA_NPAIPAV34@@Z+0x876,3,0.0204,14677,20.008
fourteam_ai_prefix,31736,OgreMain.dll!?_getTexturedRectangle2D@CompositorManager@Ogre@@QAEPAVRenderable@2@XZ+0x13e,3,0.0204,14677,20.008
fourteam_ai_prefix,31736,MSVCR120.dll!__libm_sse2_acosf+0x10d,3,0.0204,14677,20.008
fourteam_ai_prefix,31736,WINMM.dll@6e1d0000!BZROpenShim::`anonymous namespace'::RebuildAndSubmitGenericChunkBatch+0x147,3,0.0204,14677,20.008
fourteam_ai_prefix,31736,OgreMain.dll!?isInLightRange@Light@Ogre@@QBE_NABVSphere@2@@Z+0x175,3,0.0204,14677,20.008
fourteam_ai_prefix,31736,ntdll.dll!_LdrpAddUnicodeStringToSnapsBuffer@4+0x8,3,0.0204,14677,20.008
fourteam_ai_prefix,31736,MSVCR120.dll!floor+0x1e,3,0.0204,14677,20.008
fourteam_ai_prefix,31736,WINMM.dll@6e1d0000!isfinite<double>+0xf,3,0.0204,14677,20.008
fourteam_ai_prefix,31736,"WINMM.dll@6e1d0000!std::_Hash_vec<std::allocator<std::_List_unchecked_iterator<std::_List_val<std::_List_simple_types<std::pair<void * const,int> > > > > >::_Assign_grow+0x9f",3,0.0204,14677,20.008
fourteam_ai_prefix,31736,MSVCR120.dll!__libm_sse2_asinf+0x30,3,0.0204,14677,20.008
fourteam_ai_prefix,31736,WINMM.dll@6e1d0000!BZROpenShim::`anonymous namespace'::TryBuildChunkProxyAnchoredEntryTransform+0xea,3,0.0204,14677,20.008
fourteam_ai_prefix,31736,d3d11.dll!CreateDirect3D11DeviceFromDXGIDevice+0xbda6d,3,0.0204,14677,20.008
fourteam_ai_prefix,31736,MSVCR120.dll!__libm_sse2_acosf+0xd,3,0.0204,14677,20.008
fourteam_ai_prefix,31736,OgreMain.dll+0x17bb6,3,0.0204,14677,20.008
fourteam_ai_prefix,31736,OgreMain.dll!?size@RenderQueueInvocationSequence@Ogre@@QBEIXZ+0x21c4,3,0.0204,14677,20.008
fourteam_ai_prefix,31736,OgreMain.dll!??4GpuSharedParametersUsage@Ogre@@QAEAAV01@ABV01@@Z+0x27a6,3,0.0204,14677,20.008
fourteam_ai_prefix,31736,OgreMain.dll!??RmaterialLess@SceneManager@Ogre@@QBE_NPBVMaterial@2@0@Z+0x72f2,3,0.0204,14677,20.008
fourteam_ai_prefix,31736,OgreMain.dll!?lock@HardwareBuffer@Ogre@@UAEPAXIIW4LockOptions@12@W4UploadOptions@12@@Z+0x191,3,0.0204,14677,20.008
fourteam_ai_prefix,31736,d3d11.dll+0x2c155,3,0.0204,14677,20.008
fourteam_ai_prefix,31736,ucrtbase.dll!___ascii_stricmp+0xc,3,0.0204,14677,20.008
fourteam_ai_prefix,31736,OgreMain.dll!?_setTextureUnitSettings@RenderSystem@Ogre@@UAEXIAAVTextureUnitState@2@@Z+0x22c,3,0.0204,14677,20.008
fourteam_ai_prefix,31736,OgreMain.dll!?getQueueGroup@RenderQueue@Ogre@@QAEPAVRenderQueueGroup@2@E@Z+0x52,3,0.0204,14677,20.008
fourteam_ai_prefix,31736,OgreMain.dll!?resizeTempVertexBufferIfNeeded@ManualObject@Ogre@@MAEXI@Z+0x17,3,0.0204,14677,20.008
fourteam_ai_prefix,31736,OgreMain.dll!?getLightDiffuseColourWithPower@AutoParamDataSource@Ogre@@UBE?BVColourValue@2@I@Z+0x3a,3,0.0204,14677,20.008
fourteam_ai_prefix,31736,ntdll.dll!__woutput_l+0x85d,3,0.0204,14677,20.008
fourteam_ai_prefix,31736,MSVCR120.dll!log2+0x75,3,0.0204,14677,20.008
fourteam_ai_prefix,31736,OgreMain.dll!?updatePoint@RotationalSpline@Ogre@@QAEXGABVQuaternion@2@@Z+0x9d51,3,0.0204,14677,20.008
fourteam_ai_prefix,31736,WINMM.dll@6e1d0000!BZROpenShim::`anonymous namespace'::RebuildAndSubmitGenericChunkBatch+0x165,3,0.0204,14677,20.008
fourteam_ai_prefix,31736,ntdll.dll!_RtlAbPostRelease@8+0xe,3,0.0204,14677,20.008
fourteam_ai_prefix,31736,OgreMain.dll!?_setPass@SceneManager@Ogre@@UAEPBVPass@2@PBV32@_N1@Z+0x878,3,0.0204,14677,20.008
fourteam_ai_prefix,31736,OgreMain.dll!?getLightAttenuation@AutoParamDataSource@Ogre@@UBE?AVVector4@2@I@Z+0xf,3,0.0204,14677,20.008
fourteam_ai_prefix,31736,battlezone98redux.exe!sub_42da80,3,0.0204,14677,20.008
fourteam_ai_prefix,31736,OgreMain.dll!?merge@VisibleObjectsBoundsInfo@Ogre@@QAEXABVAxisAlignedBox@2@ABVSphere@2@PBVCamera@2@_N@Z+0x1f,3,0.0204,14677,20.008
fourteam_ai_prefix,31736,ntdll.dll!write_char+0x2,3,0.0204,14677,20.008
fourteam_ai_prefix,31736,OgreMain.dll!?touchVertexBufferCopy@HardwareBufferManagerBase@Ogre@@UAEXABVHardwareVertexBufferSharedPtr@2@@Z+0x38,3,0.0204,14677,20.008
fourteam_ai_prefix,31736,ntdll.dll!_LdrpReportError@12+0x1d3,3,0.0204,14677,20.008
fourteam_ai_prefix,31736,OgreMain.dll!?getDistance@Plane@Ogre@@QBEMABVVector3@2@@Z+0x2a,3,0.0204,14677,20.008
fourteam_ai_prefix,31736,MSVCR120.dll!memmove+0x5f,3,0.0204,14677,20.008
fourteam_ai_prefix,31736,WINMM.dll@6e1d0000!_allmul,3,0.0204,14677,20.008
fourteam_ai_prefix,31736,battlezone98redux.exe!sub_450d40,3,0.0204,14677,20.008
fourteam_ai_prefix,31736,WINMM.dll@6e1d0000!BZROpenShim::`anonymous namespace'::UpdateChunkProxySlotPosition+0x63e,3,0.0204,14677,20.008
fourteam_ai_prefix,31736,MSVCR120.dll!__libm_sse2_acosf+0x130,3,0.0204,14677,20.008
fourteam_ai_prefix,31736,RenderSystem_Direct3D11.dll!?fireDeviceEvent@D3D11RenderSystem@Ogre@@QAEXPAVD3D11Device@2@ABV?$basic_string@DU?$char_traits@D@std@@V?$allocator@D@2@@std@@PAVD3D11RenderWindowBase@2@@Z+0x1f2,3,0.0204,14677,20.008
fourteam_ai_prefix,31736,MSVCR120.dll!__libm_sse2_acosf+0x1f1,3,0.0204,14677,20.008
fourteam_ai_prefix,31736,battlezone98redux.exe!allocator<char>,3,0.0204,14677,20.008
fourteam_ai_prefix,31736,"WINMM.dll@6e1d0000!std::basic_string<char,std::char_traits<char>,std::allocator<char> >::_Construct<1,char const *>+0x1",3,0.0204,14677,20.008
fourteam_ai_prefix,31736,OgreMain.dll!?_notifyCurrentCamera@Entity@Ogre@@UAEXPAVCamera@2@@Z+0x1fa,3,0.0204,14677,20.008
fourteam_ai_prefix,31736,battlezone98redux.exe!sub_4eb7e0,3,0.0204,14677,20.008
fourteam_ai_prefix,31736,ntdll.dll!__fputwc_nolock,3,0.0204,14677,20.008
fourteam_ai_prefix,31736,OgreMain.dll!?angleBetween@Vector3@Ogre@@QBE?AVRadian@2@ABV12@@Z+0x4d,3,0.0204,14677,20.008
fourteam_ai_prefix,31736,ntdll.dll!__output_l+0x8e5,3,0.0204,14677,20.008
fourteam_ai_prefix,31736,OgreMain.dll!?_getCurrentSceneManager@Root@Ogre@@QBEPAVSceneManager@2@XZ+0x2e,3,0.0204,14677,20.008
fourteam_ai_prefix,31736,OgreMain.dll!?_populateLightList@SceneManager@Ogre@@UAEXABVVector3@2@MAAV?$HashedVector@PAVLight@Ogre@@@2@I@Z+0x147,3,0.0204,14677,20.008
fourteam_ai_prefix,31736,ntdll.dll!__woutput_l+0x7fd,3,0.0204,14677,20.008
fourteam_ai_prefix,31736,battlezone98redux.exe!sub_613b70,3,0.0204,14677,20.008
fourteam_ai_prefix,31736,battlezone98redux.exe!sub_6a3b60,3,0.0204,14677,20.008
fourteam_ai_prefix,31736,ntdll.dll!_RtlAllocateHeap@12+0x29,3,0.0204,14677,20.008
fourteam_ai_prefix,31736,"WINMM.dll@6e1d0000!std::basic_string<char,std::char_traits<char>,std::allocator<char> >::_Tidy_deallocate+0x2f",3,0.0204,14677,20.008
fourteam_ai_prefix,31736,OgreMain.dll!?getSpotlightParams@AutoParamDataSource@Ogre@@UBE?AVVector4@2@I@Z+0xf,3,0.0204,14677,20.008
fourteam_ai_prefix,31736,OgreMain.dll!?createSceneNode@SceneManager@Ogre@@UAEPAVSceneNode@2@XZ+0x9,3,0.0204,14677,20.008
fourteam_ai_prefix,31736,WINMM.dll@6e1d0000!BZROpenShim::`anonymous namespace'::AppendGenericChunkBatchGeometry+0xdd,3,0.0204,14677,20.008
fourteam_ai_prefix,31736,WINMM.dll@6e1d0000!BZROpenShim::`anonymous namespace'::FormatWideToUtf8+0xbf,3,0.0204,14677,20.008
fourteam_ai_prefix,31736,ntdll.dll!_RtlFlsGetValue@8+0x2a,3,0.0204,14677,20.008
fourteam_ai_prefix,31736,ntdll.dll!_RtlAnsiStringToUnicodeString@12+0x43,3,0.0204,14677,20.008
fourteam_ai_prefix,31736,d3d11.dll!D3D11CoreCreateDevice+0xe002,3,0.0204,14677,20.008
fourteam_ai_prefix,31736,nvwgf2um.dll!OpenAdapter10+0x72c10,3,0.0204,14677,20.008
fourteam_ai_prefix,31736,OgreMain.dll!?getInverseViewMatrix@AutoParamDataSource@Ogre@@UBEABVMatrix4@2@XZ+0x22,3,0.0204,14677,20.008
fourteam_ai_prefix,31736,battlezone98redux.exe!sub_67ba40,3,0.0204,14677,20.008
fourteam_ai_prefix,31736,nvwgf2um.dll!NVAPI_DirectMethods+0xb8f4b,3,0.0204,14677,20.008
fourteam_ai_prefix,31736,nvwgf2um.dll!OpenAdapter10+0x721f7,3,0.0204,14677,20.008
fourteam_ai_prefix,31736,nvwgf2um.dll!OpenAdapter10+0x77cf7,3,0.0204,14677,20.008
fourteam_ai_prefix,31736,d3d11.dll+0x3628f,3,0.0204,14677,20.008
fourteam_ai_prefix,31736,d3d11.dll!D3D11CoreCreateLayeredDevice+0x1469,3,0.0204,14677,20.008
fourteam_ai_prefix,31736,d3d11.dll+0x373f1,3,0.0204,14677,20.008
fourteam_ai_prefix,31736,d3d11.dll+0x38e73,3,0.0204,14677,20.008
fourteam_ai_prefix,31736,d3d11.dll+0x39089,3,0.0204,14677,20.008
fourteam_ai_prefix,31736,WINMM.dll@6e1d0000!BZROpenShim::`anonymous namespace'::HandleUnitTurboBoundary+0x29,3,0.0204,14677,20.008
fourteam_ai_prefix,31736,ntdll.dll!__woutput_l+0x78a,3,0.0204,14677,20.008
fourteam_ai_prefix,31736,nvwgf2um.dll!SetDependencyInfo+0x358fb,3,0.0204,14677,20.008
fourteam_ai_prefix,31736,MSVCR120.dll!log2+0xc1,3,0.0204,14677,20.008
fourteam_ai_prefix,31736,WINMM.dll@6e1d0000!ceilf+0x1f,3,0.0204,14677,20.008
fourteam_ai_prefix,31736,battlezone98redux.exe!sub_438c10,3,0.0204,14677,20.008
fourteam_ai_prefix,31736,OgreMain.dll!?renderSingleObject@SceneManager@Ogre@@MAEXPAVRenderable@2@PBVPass@2@_N2PBV?$HashedVector@PAVLight@Ogre@@@2@@Z+0x2b9,3,0.0204,14677,20.008
fourteam_ai_prefix,31736,battlezone98redux.exe!sub_4222c0,3,0.0204,14677,20.008
fourteam_ai_prefix,31736,battlezone98redux.exe!sub_423a60,3,0.0204,14677,20.008
fourteam_ai_prefix,31736,battlezone98redux.exe!sub_4278d0,3,0.0204,14677,20.008
fourteam_ai_prefix,31736,OgreMain.dll!?_findNamedConstantDefinition@GpuProgramParameters@Ogre@@QBEPBUGpuConstantDefinition@2@ABV?$basic_string@DU?$char_traits@D@std@@V?$allocator@D@2@@std@@_N@Z+0x30,3,0.0204,14677,20.008
fourteam_ai_prefix,31736,battlezone98redux.exe!sub_48fbe0,3,0.0204,14677,20.008
fourteam_ai_prefix,31736,battlezone98redux.exe!sub_466d40,3,0.0204,14677,20.008
fourteam_ai_prefix,31736,ntdll.dll!write_multi_char+0x3,3,0.0204,14677,20.008
fourteam_ai_prefix,31736,OgreMain.dll!?isViewOutOfDate@Camera@Ogre@@MBE_NXZ+0x18d,3,0.0204,14677,20.008
fourteam_ai_prefix,31736,d3d11.dll!D3D11CoreCreateDevice+0x95ad,3,0.0204,14677,20.008
fourteam_ai_prefix,31736,OgreMain.dll+0x37c6d,3,0.0204,14677,20.008
fourteam_ai_prefix,31736,ntdll.dll!_RtlFreeHeap@12+0xcd,3,0.0204,14677,20.008
fourteam_ai_prefix,31736,RenderSystem_Direct3D11.dll!?getConstantBuffer@D3D11HLSLProgram@Ogre@@QAEPAUID3D11Buffer@@V?$SharedPtr@VGpuProgramParameters@Ogre@@@2@G@Z+0x9c,3,0.0204,14677,20.008
fourteam_ai_prefix,31736,ucrtbase.dll!__fdclass+0x13,3,0.0204,14677,20.008
fourteam_ai_prefix,31736,WINMM.dll@6e1d0000!BZROpenShim::`anonymous namespace'::DecideFrustumCull+0x101,3,0.0204,14677,20.008
fourteam_ai_prefix,31736,OgreMain.dll!?getDistance@Plane@Ogre@@QBEMABVVector3@2@@Z+0x14,3,0.0204,14677,20.008
fourteam_ai_prefix,31736,WINMM.dll@6e1d0000!BZROpenShim::`anonymous namespace'::TrackChunkEffectActiveEntries+0x339,3,0.0204,14677,20.008
fourteam_ai_prefix,31736,battlezone98redux.exe!sub_4deaa0,3,0.0204,14677,20.008
fourteam_ai_prefix,31736,OgreMain.dll!?position@ManualObject@Ogre@@UAEXMMM@Z+0x17,3,0.0204,14677,20.008
fourteam_ai_prefix,31736,ntdll.dll!write_string+0x2,3,0.0204,14677,20.008
fourteam_ai_prefix,31736,OgreMain.dll!?_populateLightList@SceneManager@Ogre@@UAEXABVVector3@2@MAAV?$HashedVector@PAVLight@Ogre@@@2@I@Z+0x81,3,0.0204,14677,20.008
fourteam_ai_prefix,31736,OgreMain.dll!??4GpuSharedParametersUsage@Ogre@@QAEAAV01@ABV01@@Z+0x26f0,3,0.0204,14677,20.008
fourteam_ai_prefix,31736,nvwgf2um.dll!SetDependencyInfo+0x35489,3,0.0204,14677,20.008
fourteam_ai_prefix,31736,OgreMain.dll!?_arbitrateMissingTechniqueForActiveScheme@MaterialManager@Ogre@@UAEPAVTechnique@2@PAVMaterial@2@GPBVRenderable@2@@Z+0x22,3,0.0204,14677,20.008
fourteam_ai_prefix,31736,RenderSystem_Direct3D11.dll!?getMonitorSequentialNumberFromSwapChain@MonitorInfo@Ogre@@QAEGPAUIDXGISwapChain@@_N@Z+0x2797,3,0.0204,14677,20.008
fourteam_ai_prefix,31736,WINMM.dll@6e1d0000!BZROpenShim::`anonymous namespace'::TryBuildOgreQuaternionFromLegacyTransform+0x1a,3,0.0204,14677,20.008
fourteam_ai_prefix,31736,OgreMain.dll!?getSide@Plane@Ogre@@QBE?AW4Side@12@ABVVector3@2@0@Z+0x6f,3,0.0204,14677,20.008
fourteam_ai_prefix,31736,battlezone98redux.exe!sub_5b26e0,3,0.0204,14677,20.008
fourteam_ai_prefix,31736,OgreMain.dll!?isLoaded@Resource@Ogre@@UBE_NXZ+0x6,3,0.0204,14677,20.008
fourteam_ai_prefix,31736,OgreMain.dll!?update@Light@Ogre@@MBEXXZ+0x10,3,0.0204,14677,20.008
fourteam_ai_prefix,31736,ntdll.dll!__woutput_l+0xbe,3,0.0204,14677,20.008
fourteam_ai_prefix,31736,ntdll.dll!write_char+0x38,3,0.0204,14677,20.008
fourteam_ai_prefix,31736,battlezone98redux.exe!sub_445d90,3,0.0204,14677,20.008
fourteam_ai_prefix,31736,WINMM.dll@6e1d0000!BZROpenShim::`anonymous namespace'::HandleEmissionLightState+0x69,3,0.0204,14677,20.008
fourteam_ai_prefix,31736,OgreMain.dll!?setVisible@MovableObject@Ogre@@UAEX_N@Z+0x9,3,0.0204,14677,20.008
fourteam_ai_prefix,31736,nvspcap.dll!QueryShadowPlayDdiShimStatus+0x23eb7,3,0.0204,14677,20.008
fourteam_ai_prefix,31736,OgreMain.dll!?getSide@Plane@Ogre@@QBE?AW4Side@12@ABVVector3@2@0@Z+0x7,3,0.0204,14677,20.008
fourteam_ai_prefix,31736,nvwgf2um.dll!OpenAdapter10+0x77157,3,0.0204,14677,20.008
fourteam_ai_prefix,31736,d3d11.dll!D3D11CoreCreateLayeredDevice+0x13f6b,3,0.0204,14677,20.008
fourteam_ai_prefix,31736,nvwgf2um.dll!OpenAdapter10+0x72d57,3,0.0204,14677,20.008
fourteam_ai_prefix,31736,d3d11.dll!D3D11CoreCreateLayeredDevice+0x13921,3,0.0204,14677,20.008
fourteam_ai_prefix,31736,d3d11.dll!D3D11CoreCreateLayeredDevice+0x13c43,3,0.0204,14677,20.008
fourteam_ai_prefix,31736,"WINMM.dll@6e1d0000!std::_Hash_vec<std::allocator<std::_List_unchecked_iterator<std::_List_val<std::_List_simple_types<std::pair<void * const,int> > > > > >::_Assign_grow+0xb9",3,0.0204,14677,20.008
fourteam_ai_prefix,31736,OgreMain.dll!?_getBindingDelegate@UnifiedHighLevelGpuProgram@Ogre@@UAEPAVGpuProgram@2@XZ+0x19,3,0.0204,14677,20.008
fourteam_ai_prefix,31736,ntdll.dll!_LdrpReleaseModuleDatatableLockShared@0+0xe,3,0.0204,14677,20.008
fourteam_ai_prefix,31736,ntdll.dll!_RtlpGetThreadAffinityIndex@8+0x3f,3,0.0204,14677,20.008
fourteam_ai_prefix,31736,ntdll.dll!_RtlpIsUtf8Process@4,3,0.0204,14677,20.008
fourteam_ai_prefix,31736,ntdll.dll!__output_l+0xf7,3,0.0204,14677,20.008
fourteam_ai_prefix,31736,OgreMain.dll!?getHasInstanceData@VertexBufferBinding@Ogre@@UBE_NXZ+0x26,3,0.0204,14677,20.008
fourteam_ai_prefix,31736,nvwgf2um.dll!NVAPI_DirectMethods+0x5e836,3,0.0204,14677,20.008
fourteam_ai_prefix,31736,nvwgf2um.dll!NVAPI_DirectMethods+0x5e44a,3,0.0204,14677,20.008
fourteam_ai_prefix,31736,nvwgf2um.dll!NVENCODEAPI_Thunk+0x694e7,3,0.0204,14677,20.008
fourteam_ai_prefix,31736,nvwgf2um.dll!NVENCODEAPI_Thunk+0x2c9df,3,0.0204,14677,20.008
fourteam_ai_prefix,31736,battlezone98redux.exe!sub_43b520,3,0.0204,14677,20.008
fourteam_ai_prefix,31736,MSVCR120.dll!fprintf+0x1dd,3,0.0204,14677,20.008
fourteam_ai_prefix,31736,OgreMain.dll!?getFragmentProgramParameters@Pass@Ogre@@QBE?AV?$SharedPtr@VGpuProgramParameters@Ogre@@@2@XZ+0x5b,3,0.0204,14677,20.008
fourteam_ai_prefix,31736,OgreMain.dll!?updateAnimation@Entity@Ogre@@IAEXXZ+0x11d,3,0.0204,14677,20.008
fourteam_ai_prefix,31736,OgreMain.dll!?isFloat@GpuConstantDefinition@Ogre@@SA_NW4GpuConstantType@2@@Z+0x6,3,0.0204,14677,20.008
fourteam_ai_prefix,31736,WINMM.dll@6e1d0000!BZROpenShim::`anonymous namespace'::EmissionLightStateHook+0x10,3,0.0204,14677,20.008
fourteam_ai_prefix,31736,OgreMain.dll!?updateFrustum@Frustum@Ogre@@MBEXXZ+0xf,3,0.0204,14677,20.008
fourteam_ai_prefix,31736,ntdll.dll!__output_l+0x570,3,0.0204,14677,20.008
fourteam_ai_prefix,31736,ntdll.dll!_RtlCustomCPToUnicodeN@24+0x11,3,0.0204,14677,20.008
fourteam_ai_prefix,31736,OgreMain.dll!?getDerivedPosition@Light@Ogre@@QBEABVVector3@2@_N@Z+0x29,3,0.0204,14677,20.008
fourteam_ai_prefix,31736,ntdll.dll!_RtlpLfhFindClearBitAndSet@16+0x98,3,0.0204,14677,20.008
fourteam_ai_prefix,31736,ntdll.dll!_RtlpFreeNTHeapInternal@12+0x2ed,3,0.0204,14677,20.008
fourteam_ai_prefix,31736,d3d11.dll!D3D11CoreCreateDevice+0x2f204,3,0.0204,14677,20.008
fourteam_ai_prefix,31736,d3d11.dll!D3D11CoreCreateDevice+0x2f18d,3,0.0204,14677,20.008
fourteam_ai_prefix,31736,battlezone98redux.exe!sub_822ae0,3,0.0204,14677,20.008
fourteam_ai_prefix,31736,d3d11.dll!D3D11CoreCreateDevice+0x26530,3,0.0204,14677,20.008
fourteam_ai_prefix,31736,battlezone98redux.exe!sub_4bb060,3,0.0204,14677,20.008
fourteam_ai_prefix,31736,battlezone98redux.exe!sub_44f090,3,0.0204,14677,20.008
fourteam_ai_prefix,31736,MSVCR120.dll!floor+0x10,3,0.0204,14677,20.008
fourteam_ai_prefix,31736,OgreMain.dll!?isInLightRange@Light@Ogre@@QBE_NABVSphere@2@@Z+0x35,3,0.0204,14677,20.008
fourteam_ai_prefix,31736,ntdll.dll!__output_l+0x573,3,0.0204,14677,20.008
fourteam_ai_prefix,31736,ntdll.dll!_RtlpAbAllocateLockEntry@0+0xe,3,0.0204,14677,20.008
fourteam_ai_prefix,31736,OgreMain.dll!?_setTextureUnitSettings@RenderSystem@Ogre@@UAEXIAAVTextureUnitState@2@@Z+0x29a,3,0.0204,14677,20.008
fourteam_ai_prefix,31736,MSVCP120.dll!??6?$basic_ostream@DU?$char_traits@D@std@@@std@@QAEAAV01@_K@Z+0x7e,3,0.0204,14677,20.008
fourteam_ai_prefix,31736,d3d11.dll!CreateDirect3D11DeviceFromDXGIDevice+0xa215b,3,0.0204,14677,20.008
fourteam_ai_prefix,31736,ntdll.dll!write_char+0x26,3,0.0204,14677,20.008
fourteam_ai_prefix,31736,dxgi.dll!CompatString+0x2524,3,0.0204,14677,20.008
fourteam_ai_prefix,31736,battlezone98redux.exe!sub_46acc0,3,0.0204,14677,20.008
fourteam_ai_prefix,31736,KERNELBASE.dll!GetModuleHandleA+0x16,3,0.0204,14677,20.008
fourteam_ai_prefix,31736,KERNELBASE.dll!LoadLibraryExA+0x77,3,0.0204,14677,20.008
fourteam_ai_prefix,31736,WINMM.dll@6e1d0000!BZROpenShim::`anonymous namespace'::IsLiveHeadlightObjectSlot+0x40,3,0.0204,14677,20.008
fourteam_ai_prefix,31736,WINMM.dll@6e1d0000!BZROpenShim::`anonymous namespace'::LogChunkCreateLifecycle+0x593,3,0.0204,14677,20.008
fourteam_ai_prefix,31736,OgreMain.dll!?_detectImplementation@OptimisedUtil@Ogre@@KAPAV12@XZ+0x46ba,3,0.0204,14677,20.008
fourteam_ai_prefix,31736,OgreMain.dll!?waitForNextRequest@DefaultWorkQueue@Ogre@@MAEXXZ+0x56011,3,0.0204,14677,20.008
fourteam_ai_prefix,31736,OgreMain.dll!?waitForNextRequest@DefaultWorkQueue@Ogre@@MAEXXZ+0xa2de6,3,0.0204,14677,20.008
fourteam_ai_prefix,31736,OgreMain.dll!?angleBetween@Vector3@Ogre@@QBE?AVRadian@2@ABV12@@Z+0x58,3,0.0204,14677,20.008
fourteam_ai_prefix,31736,d3d11.dll!CreateDirect3D11DeviceFromDXGIDevice+0xa20c1,3,0.0204,14677,20.008
fourteam_ai_prefix,31736,WINMM.dll@6e1d0000!BZROpenShim::`anonymous namespace'::TrackChunkProxyDebugEntry+0x249,3,0.0204,14677,20.008
fourteam_ai_prefix,31736,OgreMain.dll!?_updateAutoParams@GpuProgramParameters@Ogre@@QAEXPBVAutoParamDataSource@2@G@Z+0x14,3,0.0204,14677,20.008
fourteam_ai_prefix,31736,battlezone98redux.exe!sub_844220,3,0.0204,14677,20.008
fourteam_ai_prefix,31736,battlezone98redux.exe!sub_44c7c0,3,0.0204,14677,20.008
fourteam_ai_prefix,31736,OgreMain.dll!?createTechnique@Material@Ogre@@QAEPAVTechnique@2@XZ+0xaff,3,0.0204,14677,20.008
fourteam_ai_prefix,31736,WINMM.dll@6e1d0000!__security_check_cookie+0x6,3,0.0204,14677,20.008
fourteam_ai_prefix,31736,OgreMain.dll!?setOrientation@Node@Ogre@@UAEXABVQuaternion@2@@Z+0x27,3,0.0204,14677,20.008
fourteam_ai_prefix,31736,ntdll.dll!_RtlpHpStackLoggingEnabled@4+0x5,3,0.0204,14677,20.008
fourteam_ai_prefix,31736,OgreMain.dll!?getFragmentProgramParameters@Pass@Ogre@@QBE?AV?$SharedPtr@VGpuProgramParameters@Ogre@@@2@XZ+0x7a,3,0.0204,14677,20.008
fourteam_ai_prefix,31736,OgreMain.dll!?acceptVisitorGrouped@QueuedRenderableCollection@Ogre@@IBEXPAVQueuedRenderableVisitor@2@@Z+0x6b,3,0.0204,14677,20.008
fourteam_ai_prefix,31736,ntdll.dll!__woutput_l+0xf7,3,0.0204,14677,20.008
fourteam_ai_prefix,31736,MSVCR120.dll!__libm_sse2_acosf+0x36,3,0.0204,14677,20.008
fourteam_ai_prefix,31736,MSVCR120.dll!__libm_sse2_acosf+0xec,3,0.0204,14677,20.008
fourteam_ai_prefix,31736,ntdll.dll!__output_l+0x6f0,3,0.0204,14677,20.008
fourteam_ai_prefix,31736,ntdll.dll!__output_l+0x6c2,3,0.0204,14677,20.008
fourteam_ai_prefix,31736,OgreMain.dll!?angleBetween@Vector3@Ogre@@QBE?AVRadian@2@ABV12@@Z+0xcc,3,0.0204,14677,20.008
fourteam_ai_prefix,31736,OgreMain.dll!?createEntity@SceneManager@Ogre@@UAEPAVEntity@2@ABV?$basic_string@DU?$char_traits@D@std@@V?$allocator@D@2@@std@@@Z+0x3e,3,0.0204,14677,20.008
fourteam_ai_prefix,31736,OgreMain.dll!?getChildObjectsBoundingBox@Entity@Ogre@@QBE?AVAxisAlignedBox@2@XZ+0xfa,3,0.0204,14677,20.008
fourteam_ai_prefix,31736,ntdll.dll!write_string+0x67,3,0.0204,14677,20.008
fourteam_ai_prefix,31736,battlezone98redux.exe!sub_5bc170,3,0.0204,14677,20.008
fourteam_ai_prefix,31736,nvwgf2um.dll!NVENCODEAPI_Thunk+0x2175fb,3,0.0204,14677,20.008
fourteam_ai_prefix,31736,ntdll.dll!RtlNtStatusToDosError+0xcc,3,0.0204,14677,20.008
fourteam_ai_prefix,31736,ntdll.dll!_LdrpReportError@12+0xff,3,0.0204,14677,20.008
fourteam_ai_prefix,31736,battlezone98redux.exe!sub_449b50,3,0.0204,14677,20.008
fourteam_ai_prefix,31736,ntdll.dll!__output_l+0xa4,3,0.0204,14677,20.008
fourteam_ai_prefix,31736,battlezone98redux.exe!sub_456080,3,0.0204,14677,20.008
fourteam_ai_prefix,31736,battlezone98redux.exe!sub_67f480,3,0.0204,14677,20.008
fourteam_ai_prefix,31736,battlezone98redux.exe!sub_6a11a0,3,0.0204,14677,20.008
fourteam_ai_prefix,31736,battlezone98redux.exe!sub_62bab0,3,0.0204,14677,20.008
fourteam_ai_prefix,31736,battlezone98redux.exe!sub_4a7930,3,0.0204,14677,20.008
fourteam_ai_prefix,31736,battlezone98redux.exe!sub_62d150,3,0.0204,14677,20.008
fourteam_ai_prefix,31736,battlezone98redux.exe!sub_4dab60,3,0.0204,14677,20.008
fourteam_ai_prefix,31736,battlezone98redux.exe!sub_5be980,3,0.0204,14677,20.008
fourteam_ai_prefix,31736,battlezone98redux.exe!sub_62cfe0,3,0.0204,14677,20.008
fourteam_ai_prefix,31736,battlezone98redux.exe!sub_6a11d0,3,0.0204,14677,20.008
fourteam_ai_prefix,31736,battlezone98redux.exe!sub_4e9ef0,3,0.0204,14677,20.008
fourteam_ai_prefix,31736,battlezone98redux.exe!sub_4a7ea0,3,0.0204,14677,20.008
fourteam_ai_prefix,31736,WINMM.dll@6e1d0000!BZROpenShim::`anonymous namespace'::TraceConstructorRemoteBuildEvent+0x1d,3,0.0204,14677,20.008
fourteam_ai_prefix,31736,battlezone98redux.exe!sub_477440,3,0.0204,14677,20.008
fourteam_ai_prefix,31736,battlezone98redux.exe!sub_5be950,3,0.0204,14677,20.008
fourteam_ai_prefix,31736,battlezone98redux.exe!sub_62d310,3,0.0204,14677,20.008
fourteam_ai_prefix,31736,WINMM.dll@6e1d0000!BZROpenShim::`anonymous namespace'::AIUnitRemoveConstructorCleanupHook+0x6e,3,0.0204,14677,20.008
fourteam_ai_prefix,31736,WINMM.dll@6e1d0000!BZROpenShim::`anonymous namespace'::TickChunkProxyDebug+0x8b,3,0.0204,14677,20.008
fourteam_ai_prefix,31736,WINMM.dll@6e1d0000!BZROpenShim::`anonymous namespace'::ReleaseChunkProxySlot+0xb9,3,0.0204,14677,20.008
fourteam_ai_prefix,31736,OgreMain.dll!?processVisibleObject@RenderQueue@Ogre@@QAEXPAVMovableObject@2@PAVCamera@2@_NPAUVisibleObjectsBoundsInfo@2@@Z+0x69,3,0.0204,14677,20.008
fourteam_ai_prefix,31736,WINMM.dll@6e1d0000!BZROpenShim::`anonymous namespace'::TryResolveChunkPayloadMeshResource+0x171,3,0.0204,14677,20.008
fourteam_ai_prefix,31736,ntdll.dll!__output_l+0xc0,3,0.0204,14677,20.008
fourteam_ai_prefix,31736,ntdll.dll!__aulldvrm+0x5,3,0.0204,14677,20.008
fourteam_ai_prefix,31736,OgreMain.dll!?_update@Node@Ogre@@UAEX_N0@Z+0x6a,3,0.0204,14677,20.008
fourteam_ai_prefix,31736,OgreMain.dll!?getType@GpuProgram@Ogre@@UBE?AW4GpuProgramType@2@XZ+0x6,3,0.0204,14677,20.008
fourteam_ai_prefix,31736,OgreMain.dll!?resetToInitialState@Node@Ogre@@UAEXXZ+0x64,3,0.0204,14677,20.008
fourteam_ai_prefix,31736,OgreMain.dll!?getKeyFramesAtTime@AnimationTrack@Ogre@@UBEMABVTimeIndex@2@PAPAVKeyFrame@2@1PAG@Z+0x2e,3,0.0204,14677,20.008
fourteam_ai_prefix,31736,OgreMain.dll!?_setPass@SceneManager@Ogre@@UAEPBVPass@2@PBV32@_N1@Z+0x680,3,0.0204,14677,20.008
fourteam_ai_prefix,31736,d3d11.dll!CreateDirect3D11DeviceFromDXGIDevice+0xa2171,3,0.0204,14677,20.008
fourteam_ai_prefix,31736,OgreMain.dll!?FastHash@Ogre@@YAIPBDHI@Z+0x6,3,0.0204,14677,20.008
fourteam_ai_prefix,31736,battlezone98redux.exe!sub_4d1a00,3,0.0204,14677,20.008
fourteam_ai_prefix,31736,ntdll.dll!_RtlpAbAllocateLockEntry@0+0x16,3,0.0204,14677,20.008
fourteam_ai_prefix,31736,OgreMain.dll!?loadImportPath@ScriptCompiler@Ogre@@AAE?AV?$SharedPtr@V?$list@V?$SharedPtr@VAbstractNode@Ogre@@@Ogre@@V?$STLAllocator@V?$SharedPtr@VAbstractNode@Ogre@@@Ogre@@V?$CategorisedAllocPolicy@$0A@@2@@2@@std@@@2@ABV?$basic_string@DU?$char_traits@D@std@@V?$allocator@D@2@@std@@@Z+0x13d,3,0.0204,14677,20.008
fourteam_ai_prefix,31736,RenderSystem_Direct3D11.dll!??0D3D11HardwareIndexBuffer@Ogre@@QAE@PAVHardwareBufferManagerBase@1@W4IndexType@HardwareIndexBuffer@1@IW4Usage@HardwareBuffer@1@AAVD3D11Device@1@_N4@Z+0x7e,3,0.0204,14677,20.008
fourteam_ai_prefix,31736,nvwgf2um.dll!NVENCODEAPI_Thunk+0x2308a6,3,0.0204,14677,20.008
fourteam_ai_prefix,31736,nvwgf2um.dll!NVENCODEAPI_Thunk+0x6c37d,3,0.0204,14677,20.008
fourteam_ai_prefix,31736,nvwgf2um.dll!NVENCODEAPI_Thunk+0x23090b,3,0.0204,14677,20.008
fourteam_ai_prefix,31736,nvwgf2um.dll!NVENCODEAPI_Thunk+0x230d2f,3,0.0204,14677,20.008
fourteam_ai_prefix,31736,nvwgf2um.dll!NVENCODEAPI_Thunk+0x22fbe1,3,0.0204,14677,20.008
fourteam_ai_prefix,31736,nvwgf2um.dll!NVAPI_DirectMethods+0x55273,3,0.0204,14677,20.008
fourteam_ai_prefix,31736,nvwgf2um.dll!NVENCODEAPI_Thunk+0x6c89d,3,0.0204,14677,20.008
fourteam_ai_prefix,31736,nvwgf2um.dll!NVENCODEAPI_Thunk+0x23043f,3,0.0204,14677,20.008
fourteam_ai_prefix,31736,nvwgf2um.dll!NVENCODEAPI_Thunk+0x6c1fb,3,0.0204,14677,20.008
fourteam_ai_prefix,31736,MSVCR120.dll!log2+0x163,3,0.0204,14677,20.008
fourteam_ai_prefix,31736,MSVCR120.dll!memcpy+0xa,3,0.0204,14677,20.008
fourteam_ai_prefix,31736,WINMM.dll@6e1d0000!BZROpenShim::`anonymous namespace'::TryReadChunkGeomIdentity+0x68,3,0.0204,14677,20.008
fourteam_ai_prefix,31736,MSVCR120.dll!__libm_sse2_asinf+0x1f0,3,0.0204,14677,20.008
fourteam_ai_prefix,31736,OgreMain.dll!?getUseIdentityProjection@Renderable@Ogre@@QBE_NXZ+0x3,3,0.0204,14677,20.008
fourteam_ai_prefix,31736,ntdll.dll!__output_l+0xca,3,0.0204,14677,20.008
fourteam_ai_prefix,31736,ntdll.dll!_LdrpFindLoadedDllByAddress@12+0x16,3,0.0204,14677,20.008
fourteam_ai_prefix,31736,battlezone98redux.exe!sub_4588f0,3,0.0204,14677,20.008
fourteam_ai_prefix,31736,nvwgf2um.dll!SetDependencyInfo+0x35459,3,0.0204,14677,20.008
fourteam_ai_prefix,31736,OgreMain.dll!?_getActiveSchemeIndex@MaterialManager@Ogre@@UBEGXZ,3,0.0204,14677,20.008
fourteam_ai_prefix,31736,ucrtbase.dll!__fdclass+0xb,3,0.0204,14677,20.008
fourteam_ai_prefix,31736,MSVCR120.dll!log2+0xe0,3,0.0204,14677,20.008
fourteam_ai_prefix,31736,ntdll.dll!write_char,3,0.0204,14677,20.008
fourteam_ai_prefix,31736,d3d11.dll!D3D11CoreCreateLayeredDevice+0x151d9,3,0.0204,14677,20.008
fourteam_ai_prefix,31736,d3d11.dll!D3D11CoreCreateLayeredDevice+0x15270,3,0.0204,14677,20.008
fourteam_ai_prefix,31736,d3d11.dll+0x2afa5,3,0.0204,14677,20.008
fourteam_ai_prefix,31736,ntdll.dll!_RtlSetLastWin32Error@4+0x40,3,0.0204,14677,20.008
fourteam_ai_prefix,31736,OgreMain.dll!?destroySceneNode@SceneManager@Ogre@@UAEXABV?$basic_string@DU?$char_traits@D@std@@V?$allocator@D@2@@std@@@Z+0x218,3,0.0204,14677,20.008
fourteam_ai_prefix,31736,ntdll.dll!LdrpNameToOrdinal+0x6f,3,0.0204,14677,20.008
fourteam_ai_prefix,31736,OgreMain.dll!?_updateAutoParams@GpuProgramParameters@Ogre@@QAEXPBVAutoParamDataSource@2@G@Z+0x26,3,0.0204,14677,20.008
fourteam_ai_prefix,31736,battlezone98redux.exe!sub_422af0,3,0.0204,14677,20.008
fourteam_ai_prefix,31736,battlezone98redux.exe!sub_481b80,3,0.0204,14677,20.008
fourteam_ai_prefix,31736,ntdll.dll!__output_l+0x6d,3,0.0204,14677,20.008
fourteam_ai_prefix,31736,ntdll.dll!_LdrpFindLoadedDllByAddress@12+0x48,3,0.0204,14677,20.008
fourteam_ai_prefix,31736,ntdll.dll!_RtlpAbFindLockEntry@4+0x40,3,0.0204,14677,20.008
fourteam_ai_prefix,31736,ntdll.dll!write_string+0x35,3,0.0204,14677,20.008
fourteam_ai_prefix,31736,ntdll.dll!_LdrGetDllHandleEx@20+0x180,3,0.0204,14677,20.008
fourteam_ai_prefix,31736,d3d11.dll+0x30df6,3,0.0204,14677,20.008
fourteam_ai_prefix,31736,WINMM.dll@6e1d0000!BZROpenShim::`anonymous namespace'::RebuildAndSubmitGenericChunkBatch+0xd86,3,0.0204,14677,20.008
fourteam_ai_prefix,31736,battlezone98redux.exe!sub_663740,3,0.0204,14677,20.008
fourteam_ai_prefix,31736,d3d11.dll+0x31c9e,3,0.0204,14677,20.008
fourteam_ai_prefix,31736,d3d11.dll!D3DKMTWaitForVerticalBlankEvent+0x1115,3,0.0204,14677,20.008
fourteam_ai_prefix,31736,battlezone98redux.exe!sub_4ca430,3,0.0204,14677,20.008
