label,thread,symbol,inclusive_samples,inclusive_percent,total_samples,window_seconds
fourteam_move_postfix,35072,battlezone98redux.exe!sub_618a40,14905,99.866,14925,19.999
fourteam_move_postfix,35072,battlezone98redux.exe!sub_618270,14905,99.866,14925,19.999
fourteam_move_postfix,35072,battlezone98redux.exe!sub_619fc0,14905,99.866,14925,19.999
fourteam_move_postfix,35072,battlezone98redux.exe!sub_618ff0,14901,99.8392,14925,19.999
fourteam_move_postfix,35072,battlezone98redux.exe!sub_618b10,14900,99.8325,14925,19.999
fourteam_move_postfix,35072,battlezone98redux.exe!entry,14892,99.7789,14925,19.999
fourteam_move_postfix,35072,KERNEL32.DLL!BaseThreadInitThunk+0x19,14889,99.7588,14925,19.999
fourteam_move_postfix,35072,ntdll.dll!___RtlUserThreadStart@8+0x2b,14883,99.7186,14925,19.999
fourteam_move_postfix,35072,battlezone98redux.exe!sub_618130,14872,99.6449,14925,19.999
fourteam_move_postfix,35072,ntdll.dll!__RtlUserThreadStart@8+0x1b,14856,99.5377,14925,19.999
fourteam_move_postfix,35072,OgreMain.dll!?renderOneFrame@Root@Ogre@@QAE_NXZ+0x17,9399,62.9749,14925,19.999
fourteam_move_postfix,35072,OgreMain.dll!?_updateAllRenderTargets@Root@Ogre@@QAE_NXZ+0x17,8950,59.9665,14925,19.999
fourteam_move_postfix,35072,RenderSystem_Direct3D11.dll!?_updateAllRenderTargets@D3D11RenderSystem@Ogre@@UAEX_N@Z+0x3e,8950,59.9665,14925,19.999
fourteam_move_postfix,35072,OgreMain.dll!?_updateAllRenderTargets@RenderSystem@Ogre@@UAEX_N@Z+0x3d,8947,59.9464,14925,19.999
fourteam_move_postfix,35072,OgreMain.dll!?updateImpl@RenderTarget@Ogre@@MAEXXZ+0x17,8911,59.7052,14925,19.999
fourteam_move_postfix,35072,OgreMain.dll!?_updateAutoUpdatedViewports@RenderTarget@Ogre@@UAEX_N@Z+0x30,8909,59.6918,14925,19.999
fourteam_move_postfix,35072,OgreMain.dll!?update@Viewport@Ogre@@QAEXXZ+0x23,8894,59.5913,14925,19.999
fourteam_move_postfix,35072,OgreMain.dll!?_renderScene@Camera@Ogre@@QAEXPAVViewport@2@_N@Z+0xf3,8866,59.4037,14925,19.999
fourteam_move_postfix,35072,OgreMain.dll!?updateImpl@RenderTarget@Ogre@@MAEXXZ+0xb,8618,57.742,14925,19.999
fourteam_move_postfix,35072,OgreMain.dll!?_beginUpdate@RenderTarget@Ogre@@UAEXXZ+0xb,8616,57.7286,14925,19.999
fourteam_move_postfix,35072,OgreMain.dll!?preRenderTargetUpdate@CompositorChain@Ogre@@UAEXABURenderTargetEvent@2@@Z+0x6c,8607,57.6683,14925,19.999
fourteam_move_postfix,35072,OgreMain.dll!?_renderScene@SceneManager@Ogre@@UAEXPAVCamera@2@PAVViewport@2@_N@Z+0x5c0,6229,41.7353,14925,19.999
fourteam_move_postfix,35072,OgreMain.dll!?renderVisibleObjectsDefaultSequence@SceneManager@Ogre@@MAEXXZ+0xd0,5982,40.0804,14925,19.999
fourteam_move_postfix,35072,OgreMain.dll!?renderObjects@SceneManager@Ogre@@MAEXABVQueuedRenderableCollection@2@W4OrganisationMode@32@_N2PBV?$HashedVector@PAVLight@Ogre@@@2@@Z+0x45,5962,39.9464,14925,19.999
fourteam_move_postfix,35072,OgreMain.dll!?acceptVisitor@QueuedRenderableCollection@Ogre@@QBEXPAVQueuedRenderableVisitor@2@W4OrganisationMode@12@@Z+0xf6,5734,38.4188,14925,19.999
fourteam_move_postfix,35072,OgreMain.dll!?acceptVisitorGrouped@QueuedRenderableCollection@Ogre@@IBEXPAVQueuedRenderableVisitor@2@@Z+0x6a,5599,37.5142,14925,19.999
fourteam_move_postfix,35072,OgreMain.dll!?visit@SceneMgrQueuedRenderableVisitor@SceneManager@Ogre@@UAEXPAVRenderable@3@@Z+0x35,5569,37.3132,14925,19.999
fourteam_move_postfix,35072,OgreMain.dll!?_renderQueueGroupObjects@SceneManager@Ogre@@UAEXPAVRenderQueueGroup@2@W4OrganisationMode@QueuedRenderableCollection@2@@Z+0x111,4066,27.2429,14925,19.999
fourteam_move_postfix,35072,OgreMain.dll!?renderBasicQueueGroupObjects@SceneManager@Ogre@@MAEXPAVRenderQueueGroup@2@W4OrganisationMode@QueuedRenderableCollection@2@@Z+0x8c,3831,25.6683,14925,19.999
fourteam_move_postfix,35072,OgreMain.dll!?_renderScene@SceneManager@Ogre@@UAEXPAVCamera@2@PAVViewport@2@_N@Z+0x246,2936,19.6717,14925,19.999
fourteam_move_postfix,35072,OgreMain.dll!?prepareShadowTextures@SceneManager@Ogre@@UAEXPAVCamera@2@PAVViewport@2@PBV?$HashedVector@PAVLight@Ogre@@@2@@Z+0x39f,2847,19.0754,14925,19.999
fourteam_move_postfix,35072,OgreMain.dll!?renderSingleObject@SceneManager@Ogre@@MAEXPAVRenderable@2@PBVPass@2@_N2PBV?$HashedVector@PAVLight@Ogre@@@2@@Z+0x9a0,2552,17.0988,14925,19.999
fourteam_move_postfix,35072,OgreMain.dll!?_issueRenderOp@SceneManager@Ogre@@UAEXPAVRenderable@2@PBVPass@2@@Z+0x30,2461,16.4891,14925,19.999
fourteam_move_postfix,35072,OgreMain.dll!?_findVisibleObjects@SceneManager@Ogre@@UAEXPAVCamera@2@PAUVisibleObjectsBoundsInfo@2@_N@Z+0x3a,2108,14.124,14925,19.999
fourteam_move_postfix,35072,OgreMain.dll!?_renderScene@SceneManager@Ogre@@UAEXPAVCamera@2@PAVViewport@2@_N@Z+0x3cb,2108,14.124,14925,19.999
fourteam_move_postfix,35072,OgreMain.dll!?_findVisibleObjects@SceneNode@Ogre@@UAEXPAVCamera@2@PAVRenderQueue@2@PAUVisibleObjectsBoundsInfo@2@_N33@Z+0x89,2028,13.5879,14925,19.999
fourteam_move_postfix,35072,battlezone98redux.exe!sub_6175c0,2005,13.4338,14925,19.999
fourteam_move_postfix,35072,battlezone98redux.exe!sub_6176a0,2003,13.4204,14925,19.999
fourteam_move_postfix,35072,battlezone98redux.exe!sub_45bf90,1996,13.3735,14925,19.999
fourteam_move_postfix,35072,battlezone98redux.exe!sub_50aa10,1976,13.2395,14925,19.999
fourteam_move_postfix,35072,battlezone98redux.exe!sub_45d240,1971,13.206,14925,19.999
fourteam_move_postfix,35072,battlezone98redux.exe!sub_5fa6e0,1933,12.9514,14925,19.999
fourteam_move_postfix,35072,battlezone98redux.exe!sub_5faac0,1924,12.8911,14925,19.999
fourteam_move_postfix,35072,OgreMain.dll!?_renderQueueGroupObjects@SceneManager@Ogre@@UAEXPAVRenderQueueGroup@2@W4OrganisationMode@QueuedRenderableCollection@2@@Z+0xb6,1912,12.8107,14925,19.999
fourteam_move_postfix,35072,battlezone98redux.exe!sub_5fb770,1908,12.7839,14925,19.999
fourteam_move_postfix,35072,battlezone98redux.exe!sub_6002a0,1907,12.7772,14925,19.999
fourteam_move_postfix,35072,OgreMain.dll!?renderTextureShadowCasterQueueGroupObjects@SceneManager@Ogre@@MAEXPAVRenderQueueGroup@2@W4OrganisationMode@QueuedRenderableCollection@2@@Z+0x124,1902,12.7437,14925,19.999
fourteam_move_postfix,35072,battlezone98redux.exe!sub_4e63c0,1892,12.6767,14925,19.999
fourteam_move_postfix,35072,battlezone98redux.exe!sub_617600,1872,12.5427,14925,19.999
fourteam_move_postfix,35072,battlezone98redux.exe!sub_4b6f10,1859,12.4556,14925,19.999
fourteam_move_postfix,35072,battlezone98redux.exe!sub_4b6db0,1858,12.4489,14925,19.999
fourteam_move_postfix,35072,OgreMain.dll!?_findVisibleObjects@SceneNode@Ogre@@UAEXPAVCamera@2@PAVRenderQueue@2@PAUVisibleObjectsBoundsInfo@2@_N33@Z+0x51,1826,12.2345,14925,19.999
fourteam_move_postfix,35072,WINMM.dll@6ea10000!BZROpenShim::`anonymous namespace'::ProcessVisibleObjectHook+0x170,1713,11.4774,14925,19.999
fourteam_move_postfix,35072,battlezone98redux.exe!sub_601250,1650,11.0553,14925,19.999
fourteam_move_postfix,35072,OgreMain.dll!?renderSingleObject@SceneManager@Ogre@@MAEXPAVRenderable@2@PBVPass@2@_N2PBV?$HashedVector@PAVLight@Ogre@@@2@@Z+0xaf4,1604,10.7471,14925,19.999
fourteam_move_postfix,35072,OgreMain.dll!?_issueRenderOp@SceneManager@Ogre@@UAEXPAVRenderable@2@PBVPass@2@@Z+0x73,1579,10.5796,14925,19.999
fourteam_move_postfix,35072,KERNELBASE.dll!GetModuleHandleA+0x23,1224,8.201,14925,19.999
fourteam_move_postfix,35072,OgreMain.dll!?processVisibleObject@RenderQueue@Ogre@@QAEXPAVMovableObject@2@PAVCamera@2@_NPAUVisibleObjectsBoundsInfo@2@@Z+0xb0,1220,8.1742,14925,19.999
fourteam_move_postfix,35072,ntdll.dll!_LdrGetDllHandle@16+0x18,1213,8.1273,14925,19.999
fourteam_move_postfix,35072,KERNELBASE.dll!GetModuleHandleW+0x2e,1213,8.1273,14925,19.999
fourteam_move_postfix,35072,WINMM.dll@6ea10000!BZROpenShim::`anonymous namespace'::UnitTurboBeginHook+0xd,1155,7.7387,14925,19.999
fourteam_move_postfix,35072,battlezone98redux.exe!sub_493ec0,1136,7.6114,14925,19.999
fourteam_move_postfix,35072,ntdll.dll!_LdrpLogInternal+0x27,1110,7.4372,14925,19.999
fourteam_move_postfix,35072,OgreMain.dll!?findLights@SceneNode@Ogre@@UBEXAAV?$HashedVector@PAVLight@Ogre@@@2@MI@Z+0x29,1083,7.2563,14925,19.999
fourteam_move_postfix,35072,OgreMain.dll!?queryLights@MovableObject@Ogre@@UBEABV?$HashedVector@PAVLight@Ogre@@@2@XZ+0xc4,1083,7.2563,14925,19.999
fourteam_move_postfix,35072,OgreMain.dll!?_populateLightList@SceneManager@Ogre@@UAEXPBVSceneNode@2@MAAV?$HashedVector@PAVLight@Ogre@@@2@I@Z+0x2e,1080,7.2362,14925,19.999
fourteam_move_postfix,35072,OgreMain.dll!?renderSingleObject@SceneManager@Ogre@@MAEXPAVRenderable@2@PBVPass@2@_N2PBV?$HashedVector@PAVLight@Ogre@@@2@@Z+0x322,1067,7.1491,14925,19.999
fourteam_move_postfix,35072,OgreMain.dll!?updateGpuProgramParameters@SceneManager@Ogre@@MAEXPBVPass@2@@Z+0x62,1042,6.9816,14925,19.999
fourteam_move_postfix,35072,ntdll.dll!_LdrpWriteToSnapsBuffer@16+0xc7,1019,6.8275,14925,19.999
fourteam_move_postfix,35072,OgreMain.dll!?_populateLightList@SceneManager@Ogre@@UAEXABVVector3@2@MAAV?$HashedVector@PAVLight@Ogre@@@2@I@Z+0x140,846,5.6683,14925,19.999
fourteam_move_postfix,35072,ntdll.dll!_LdrpGenerateSnapsUnicodeStrings@28+0x141,820,5.4941,14925,19.999
fourteam_move_postfix,35072,ntdll.dll!RtlStringCchPrintfExW+0x65,812,5.4405,14925,19.999
fourteam_move_postfix,35072,ntdll.dll!RtlStringVPrintfWorkerW+0x1c,808,5.4137,14925,19.999
fourteam_move_postfix,35072,ntdll.dll!__vsnwprintf+0x18,807,5.407,14925,19.999
fourteam_move_postfix,35072,ntdll.dll!__vsnwprintf_l+0x5b,801,5.3668,14925,19.999
fourteam_move_postfix,35072,battlezone98redux.exe!sub_618060,751,5.0318,14925,19.999
fourteam_move_postfix,35072,OgreMain.dll!?_updateAutoParams@Pass@Ogre@@QBEXPBVAutoParamDataSource@2@G@Z+0x103,674,4.5159,14925,19.999
fourteam_move_postfix,35072,battlezone98redux.exe!sub_4933e0,655,4.3886,14925,19.999
fourteam_move_postfix,35072,OgreMain.dll!?updateGpuProgramParameters@SceneManager@Ogre@@MAEXPBVPass@2@@Z+0x8b,628,4.2077,14925,19.999
fourteam_move_postfix,35072,ntdll.dll!__woutput_l+0x870,617,4.134,14925,19.999
fourteam_move_postfix,35072,WINMM.dll@6ea10000!BZROpenShim::`anonymous namespace'::AutoSaveWorldUpdateRenderQueueHook+0x16,616,4.1273,14925,19.999
fourteam_move_postfix,35072,WINMM.dll@6ea10000!__std_fs_get_stats+0x23e,610,4.0871,14925,19.999
fourteam_move_postfix,35072,KERNELBASE.dll!GetFileAttributesExW+0x13,609,4.0804,14925,19.999
fourteam_move_postfix,35072,battlezone98redux.exe!sub_62bc80,602,4.0335,14925,19.999
fourteam_move_postfix,35072,battlezone98redux.exe!sub_62bd40,599,4.0134,14925,19.999
fourteam_move_postfix,35072,battlezone98redux.exe!sub_4deec0,597,4.0,14925,19.999
fourteam_move_postfix,35072,WINMM.dll@6ea10000!BZROpenShim::`anonymous namespace'::HandleUnitTurboBoundary+0x29,595,3.9866,14925,19.999
fourteam_move_postfix,35072,battlezone98redux.exe!sub_4ebfd0,591,3.9598,14925,19.999
fourteam_move_postfix,35072,ntdll.dll!_ZwQueryFullAttributesFile@8+0xc,586,3.9263,14925,19.999
fourteam_move_postfix,35072,ntdll.dll!_mbtowc+0x36,583,3.9062,14925,19.999
fourteam_move_postfix,35072,OgreMain.dll!?updateGpuProgramParameters@SceneManager@Ogre@@MAEXPBVPass@2@@Z+0xdd,580,3.8861,14925,19.999
fourteam_move_postfix,35072,WINMM.dll@6ea10000!BZROpenShim::`anonymous namespace'::HandleUnitTurboBoundary+0x1e,550,3.6851,14925,19.999
fourteam_move_postfix,35072,battlezone98redux.exe!sub_497aa0,543,3.6382,14925,19.999
fourteam_move_postfix,35072,WINMM.dll@6ea10000!BZROpenShim::`anonymous namespace'::GetGameObjectActualTeam+0x42,530,3.5511,14925,19.999
fourteam_move_postfix,35072,ntdll.dll!_ZwQueryVirtualMemory@24+0xc,530,3.5511,14925,19.999
fourteam_move_postfix,35072,WINMM.dll@6ea10000!BZROpenShim::DamageRevealProbeHook+0x13c,523,3.5042,14925,19.999
fourteam_move_postfix,35072,RenderSystem_Direct3D11.dll!?bindGpuProgramParameters@D3D11RenderSystem@Ogre@@UAEXW4GpuProgramType@2@V?$SharedPtr@VGpuProgramParameters@Ogre@@@2@G@Z+0x16a,505,3.3836,14925,19.999
fourteam_move_postfix,35072,OgreMain.dll!?isInLightRange@Light@Ogre@@QBE_NABVSphere@2@@Z+0x159,473,3.1692,14925,19.999
fourteam_move_postfix,35072,RenderSystem_Direct3D11.dll!?bindGpuProgramParameters@D3D11RenderSystem@Ogre@@UAEXW4GpuProgramType@2@V?$SharedPtr@VGpuProgramParameters@Ogre@@@2@G@Z+0x90,454,3.0419,14925,19.999
fourteam_move_postfix,35072,battlezone98redux.exe!sub_601730,447,2.995,14925,19.999
fourteam_move_postfix,35072,OgreMain.dll!?_updateAllRenderTargets@Root@Ogre@@QAE_NXZ+0x2b,447,2.995,14925,19.999
fourteam_move_postfix,35072,WINMM.dll@6ea10000!BZROpenShim::AutoSaveTick+0x10b,440,2.9481,14925,19.999
fourteam_move_postfix,35072,battlezone98redux.exe!sub_493e60,440,2.9481,14925,19.999
fourteam_move_postfix,35072,WINMM.dll@6ea10000!std::filesystem::exists+0x3e,439,2.9414,14925,19.999
fourteam_move_postfix,35072,OgreMain.dll!?_swapAllRenderTargetBuffers@RenderSystem@Ogre@@UAEXXZ+0x3a,439,2.9414,14925,19.999
fourteam_move_postfix,35072,battlezone98redux.exe!sub_43fb30,439,2.9414,14925,19.999
fourteam_move_postfix,35072,RenderSystem_Direct3D11.dll!?getConstantBuffer@D3D11HLSLProgram@Ogre@@QAEPAUID3D11Buffer@@V?$SharedPtr@VGpuProgramParameters@Ogre@@@2@G@Z+0x9a,426,2.8543,14925,19.999
fourteam_move_postfix,35072,RenderSystem_Direct3D11.dll!?swapBuffers@D3D11RenderWindowSwapChainBased@Ogre@@UAEXXZ+0x251,416,2.7873,14925,19.999
fourteam_move_postfix,35072,ntdll.dll!_LdrGetDllHandleEx@20+0x2f1,412,2.7605,14925,19.999
fourteam_move_postfix,35072,battlezone98redux.exe!sub_601cf0,410,2.7471,14925,19.999
fourteam_move_postfix,35072,OgreMain.dll!?_updateRenderQueue@Entity@Ogre@@UAEXPAVRenderQueue@2@@Z+0x1ed,407,2.727,14925,19.999
fourteam_move_postfix,35072,ntdll.dll!_LdrGetDllHandleEx@20+0x61,403,2.7002,14925,19.999
fourteam_move_postfix,35072,dxgi.dll!DXGIGetDebugInterface1+0xa584,401,2.6868,14925,19.999
fourteam_move_postfix,35072,dxgi.dll!CompatString+0x20eb,398,2.6667,14925,19.999
fourteam_move_postfix,35072,battlezone98redux.exe!sub_687340,382,2.5595,14925,19.999
fourteam_move_postfix,35072,OgreMain.dll!?getConstantDefinition@GpuProgramParameters@Ogre@@QBEABUGpuConstantDefinition@2@ABV?$basic_string@DU?$char_traits@D@std@@V?$allocator@D@2@@std@@@Z+0xcf,380,2.5461,14925,19.999
fourteam_move_postfix,35072,battlezone98redux.exe!sub_493330,370,2.4791,14925,19.999
fourteam_move_postfix,35072,OgreMain.dll!?angleBetween@Vector3@Ogre@@QBE?AVRadian@2@ABV12@@Z+0xdd,349,2.3384,14925,19.999
fourteam_move_postfix,35072,ntdll.dll!_RtlAnsiCharToUnicodeChar@4+0x8d,332,2.2245,14925,19.999
fourteam_move_postfix,35072,battlezone98redux.exe!sub_4ab380,302,2.0235,14925,19.999
fourteam_move_postfix,35072,WINMM.dll@6ea10000!BZROpenShim::`anonymous namespace'::TryGetGameObjectFieldBase+0xd4,300,2.0101,14925,19.999
fourteam_move_postfix,35072,ntdll.dll!_LdrGetDllHandleEx@20+0x446,290,1.943,14925,19.999
fourteam_move_postfix,35072,OgreMain.dll!?_updateAutoParams@Pass@Ogre@@QBEXPBVAutoParamDataSource@2@G@Z+0x55,279,1.8693,14925,19.999
fourteam_move_postfix,35072,battlezone98redux.exe!sub_465320,267,1.7889,14925,19.999
fourteam_move_postfix,35072,RenderSystem_Direct3D11.dll!?_render@D3D11RenderSystem@Ogre@@UAEXABVRenderOperation@2@@Z+0x1622,257,1.7219,14925,19.999
fourteam_move_postfix,35072,ntdll.dll!_RtlMultiByteToUnicodeN@20+0x1b,256,1.7152,14925,19.999
fourteam_move_postfix,35072,battlezone98redux.exe!sub_442e70,252,1.6884,14925,19.999
fourteam_move_postfix,35072,RenderSystem_Direct3D11.dll!?setVertexDeclaration@D3D11RenderSystem@Ogre@@QAEXPAVVertexDeclaration@2@PAVVertexBufferBinding@2@@Z+0x14,251,1.6817,14925,19.999
fourteam_move_postfix,35072,dxgi.dll!CompatString+0x3176,245,1.6415,14925,19.999
fourteam_move_postfix,35072,OgreMain.dll!?renderVisibleObjectsDefaultSequence@SceneManager@Ogre@@MAEXXZ+0xbf,237,1.5879,14925,19.999
fourteam_move_postfix,35072,OgreMain.dll!?fireRenderQueueStarted@SceneManager@Ogre@@MAE_NEABV?$basic_string@DU?$char_traits@D@std@@V?$allocator@D@2@@std@@@Z+0x41,235,1.5745,14925,19.999
fourteam_move_postfix,35072,battlezone98redux.exe!sub_4e6360,231,1.5477,14925,19.999
fourteam_move_postfix,35072,WINMM.dll@6ea10000!BZROpenShim::`anonymous namespace'::TryGetGameObjectFieldBase+0x7c,229,1.5343,14925,19.999
fourteam_move_postfix,35072,OgreMain.dll!?renderBasicQueueGroupObjects@SceneManager@Ogre@@MAEXPAVRenderQueueGroup@2@W4OrganisationMode@QueuedRenderableCollection@2@@Z+0xc1,228,1.5276,14925,19.999
fourteam_move_postfix,35072,OgreMain.dll!?acceptVisitor@QueuedRenderableCollection@Ogre@@QBEXPAVQueuedRenderableVisitor@2@W4OrganisationMode@12@@Z+0xec,228,1.5276,14925,19.999
fourteam_move_postfix,35072,dxgi.dll!DXGID3D10CreateDevice+0x3c30,227,1.5209,14925,19.999
fourteam_move_postfix,35072,OgreMain.dll!?acceptVisitorDescending@QueuedRenderableCollection@Ogre@@IBEXPAVQueuedRenderableVisitor@2@@Z+0x1b,226,1.5142,14925,19.999
fourteam_move_postfix,35072,OgreMain.dll!?_findNamedConstantDefinition@GpuProgramParameters@Ogre@@QBEPBUGpuConstantDefinition@2@ABV?$basic_string@DU?$char_traits@D@std@@V?$allocator@D@2@@std@@_N@Z+0xb8,225,1.5075,14925,19.999
fourteam_move_postfix,35072,battlezone98redux.exe!sub_4643e0,224,1.5008,14925,19.999
fourteam_move_postfix,35072,OgreMain.dll!?_renderScene@SceneManager@Ogre@@UAEXPAVCamera@2@PAVViewport@2@_N@Z+0x187,219,1.4673,14925,19.999
fourteam_move_postfix,35072,RenderSystem_Direct3D11.dll!?_render@D3D11RenderSystem@Ogre@@UAEXABVRenderOperation@2@@Z+0x16df,217,1.4539,14925,19.999
fourteam_move_postfix,35072,OgreMain.dll!?_updateSceneGraph@SceneManager@Ogre@@UAEXPAVCamera@2@@Z+0x2b,215,1.4405,14925,19.999
fourteam_move_postfix,35072,battlezone98redux.exe!sub_443060,213,1.4271,14925,19.999
fourteam_move_postfix,35072,MSVCR120.dll!memmove+0xc9,203,1.3601,14925,19.999
fourteam_move_postfix,35072,OgreMain.dll!?_updateRenderQueue@Entity@Ogre@@UAEXPAVRenderQueue@2@@Z+0x175,202,1.3534,14925,19.999
fourteam_move_postfix,35072,OgreMain.dll!?addRenderable@RenderQueue@Ogre@@QAEXPAVRenderable@2@@Z+0x15,200,1.34,14925,19.999
fourteam_move_postfix,35072,OgreMain.dll!?_updateAutoParams@GpuProgramParameters@Ogre@@QAEXPBVAutoParamDataSource@2@G@Z+0x1250,197,1.3199,14925,19.999
fourteam_move_postfix,35072,battlezone98redux.exe!sub_617fa0,196,1.3132,14925,19.999
fourteam_move_postfix,35072,RenderSystem_Direct3D11.dll!?bindToShader@D3D11VertexDeclaration@Ogre@@QAEXPAVD3D11HLSLProgram@2@PAVVertexBufferBinding@2@@Z+0x1e,194,1.2998,14925,19.999
fourteam_move_postfix,35072,RenderSystem_Direct3D11.dll!?_render@D3D11RenderSystem@Ogre@@UAEXABVRenderOperation@2@@Z+0x1631,188,1.2596,14925,19.999
fourteam_move_postfix,35072,OgreMain.dll!?visit@SceneMgrQueuedRenderableVisitor@SceneManager@Ogre@@UAEXPAURenderablePass@3@@Z+0x63,186,1.2462,14925,19.999
fourteam_move_postfix,35072,RenderSystem_Direct3D11.dll!?getConstantBuffer@D3D11HLSLProgram@Ogre@@QAEPAUID3D11Buffer@@V?$SharedPtr@VGpuProgramParameters@Ogre@@@2@G@Z+0x5f,183,1.2261,14925,19.999
fourteam_move_postfix,35072,OgreMain.dll!?lock@HardwareBuffer@Ogre@@UAEPAXIIW4LockOptions@12@W4UploadOptions@12@@Z+0x103,178,1.1926,14925,19.999
fourteam_move_postfix,35072,battlezone98redux.exe!sub_4a8ab0,177,1.1859,14925,19.999
fourteam_move_postfix,35072,OgreMain.dll!?lock@HardwareBuffer@Ogre@@QAEPAXW4LockOptions@12@W4UploadOptions@12@@Z+0x13,177,1.1859,14925,19.999
fourteam_move_postfix,35072,WINMM.dll@6ea10000!BZROpenShim::AutoSaveTick+0x124,173,1.1591,14925,19.999
fourteam_move_postfix,35072,WINMM.dll@6ea10000!std::filesystem::last_write_time+0x45,173,1.1591,14925,19.999
fourteam_move_postfix,35072,OgreMain.dll!?_update@SceneNode@Ogre@@UAEX_N0@Z+0x1b,169,1.1323,14925,19.999
fourteam_move_postfix,35072,battlezone98redux.exe!sub_663800,166,1.1122,14925,19.999
fourteam_move_postfix,35072,battlezone98redux.exe!sub_6111e0,166,1.1122,14925,19.999
fourteam_move_postfix,35072,OgreMain.dll!?isInLightRange@Light@Ogre@@QBE_NABVSphere@2@@Z+0x143,165,1.1055,14925,19.999
fourteam_move_postfix,35072,RenderSystem_Direct3D11.dll!?lockImpl@D3D11HardwareBuffer@Ogre@@MAEPAXIIW4LockOptions@HardwareBuffer@2@@Z+0x26c,161,1.0787,14925,19.999
fourteam_move_postfix,35072,ntdll.dll!_LdrpGenerateSnapsUnicodeStrings@28+0x183,159,1.0653,14925,19.999
fourteam_move_postfix,35072,OgreMain.dll!?processVisibleObject@RenderQueue@Ogre@@QAEXPAVMovableObject@2@PAVCamera@2@_NPAUVisibleObjectsBoundsInfo@2@@Z+0x14,157,1.0519,14925,19.999
fourteam_move_postfix,35072,ntdll.dll!_RtlStringCchVPrintfExA@28+0x19,157,1.0519,14925,19.999
fourteam_move_postfix,35072,OgreMain.dll!?updateAnimation@Entity@Ogre@@IAEXXZ+0x449,155,1.0385,14925,19.999
fourteam_move_postfix,35072,battlezone98redux.exe!sub_4405e0,152,1.0184,14925,19.999
fourteam_move_postfix,35072,ntdll.dll!_RtlpGetCodePageData@4+0x16,152,1.0184,14925,19.999
fourteam_move_postfix,35072,ntdll.dll!RtlStringVPrintfWorkerA+0x1e,151,1.0117,14925,19.999
fourteam_move_postfix,35072,battlezone98redux.exe!sub_440690,151,1.0117,14925,19.999
fourteam_move_postfix,35072,WINMM.dll@6ea10000!BZROpenShim::`anonymous namespace'::HookSoftwareVertexBlend+0x1f8,151,1.0117,14925,19.999
fourteam_move_postfix,35072,ntdll.dll!_RtlpIsUtf8Process@4+0xe,150,1.005,14925,19.999
fourteam_move_postfix,35072,OgreMain.dll!?_findVisibleObjects@SceneNode@Ogre@@UAEXPAVCamera@2@PAVRenderQueue@2@PAUVisibleObjectsBoundsInfo@2@_N33@Z+0x20,150,1.005,14925,19.999
fourteam_move_postfix,35072,battlezone98redux.exe!sub_461fd0,149,0.9983,14925,19.999
fourteam_move_postfix,35072,battlezone98redux.exe!sub_4aa1d0,148,0.9916,14925,19.999
fourteam_move_postfix,35072,ntdll.dll!__vsnprintf+0x18,147,0.9849,14925,19.999
fourteam_move_postfix,35072,ntdll.dll!__vsnprintf_l+0x4c,145,0.9715,14925,19.999
fourteam_move_postfix,35072,WINMM.dll@6ea10000!BZROpenShim::`anonymous namespace'::WingmanUpdateWeaponAimWithConvergence+0x33,144,0.9648,14925,19.999
fourteam_move_postfix,35072,battlezone98redux.exe!sub_440e60,143,0.9581,14925,19.999
fourteam_move_postfix,35072,OgreMain.dll!?updateAnimation@Entity@Ogre@@IAEXXZ+0x184,143,0.9581,14925,19.999
fourteam_move_postfix,35072,battlezone98redux.exe!sub_60f320,143,0.9581,14925,19.999
fourteam_move_postfix,35072,RenderSystem_Direct3D11.dll!?setVertexBufferBinding@D3D11RenderSystem@Ogre@@UAEXPAVVertexBufferBinding@2@@Z+0x9f,141,0.9447,14925,19.999
fourteam_move_postfix,35072,d3d11.dll!CreateDirect3D11DeviceFromDXGIDevice+0xbae61,140,0.938,14925,19.999
fourteam_move_postfix,35072,ntdll.dll!_RtlAnsiCharToUnicodeChar@4+0x36,136,0.9112,14925,19.999
fourteam_move_postfix,35072,dxgi.dll!DXGID3D10CreateDevice+0x4471,136,0.9112,14925,19.999
fourteam_move_postfix,35072,battlezone98redux.exe!sub_444ba0,135,0.9045,14925,19.999
fourteam_move_postfix,35072,OgreMain.dll!?tempSkelAnimBuffersBound@Entity@Ogre@@IBE_N_N@Z+0x5a,135,0.9045,14925,19.999
fourteam_move_postfix,35072,dxgi.dll!DXGIReportAdapterConfiguration+0xf99,135,0.9045,14925,19.999
fourteam_move_postfix,35072,d3d11.dll!D3D11CoreCreateLayeredDevice+0xc379,135,0.9045,14925,19.999
fourteam_move_postfix,35072,d3d11.dll+0x35ece,134,0.8978,14925,19.999
fourteam_move_postfix,35072,OgreMain.dll!?_writeRawConstant@GpuProgramParameters@Ogre@@QAEXIABVVector4@2@I@Z+0x25,134,0.8978,14925,19.999
fourteam_move_postfix,35072,battlezone98redux.exe!sub_611610,133,0.8911,14925,19.999
fourteam_move_postfix,35072,battlezone98redux.exe!sub_47b9b0,133,0.8911,14925,19.999
fourteam_move_postfix,35072,OgreMain.dll!?processVisibleObject@RenderQueue@Ogre@@QAEXPAVMovableObject@2@PAVCamera@2@_NPAUVisibleObjectsBoundsInfo@2@@Z+0x4d,125,0.8375,14925,19.999
fourteam_move_postfix,35072,battlezone98redux.exe!sub_62e070,123,0.8241,14925,19.999
fourteam_move_postfix,35072,OgreMain.dll!?softwareVertexBlend@Mesh@Ogre@@SAXPBVVertexData@2@0PBQBVMatrix4@2@I_N@Z+0x35a,122,0.8174,14925,19.999
fourteam_move_postfix,35072,OgreMain.dll!?getReceivesShadows@MovableObject@Ogre@@QAE_NXZ+0x45,121,0.8107,14925,19.999
fourteam_move_postfix,35072,OgreMain.dll!?getTechnique@SubEntity@Ogre@@UBEPAVTechnique@2@XZ+0xe,120,0.804,14925,19.999
fourteam_move_postfix,35072,OgreMain.dll!?_detectImplementation@OptimisedUtil@Ogre@@KAPAV12@XZ+0x7f48,120,0.804,14925,19.999
fourteam_move_postfix,35072,WINMM.dll@6ea10000!BZROpenShim::`anonymous namespace'::AutoSaveWorldUpdateRenderQueueHook+0x11,119,0.7973,14925,19.999
fourteam_move_postfix,35072,d3d11.dll!CreateDirect3D11DeviceFromDXGIDevice+0x9aae8,119,0.7973,14925,19.999
fourteam_move_postfix,35072,OgreMain.dll!?getWorldViewProjMatrix@AutoParamDataSource@Ogre@@UBEABVMatrix4@2@XZ+0x1c,117,0.7839,14925,19.999
fourteam_move_postfix,35072,battlezone98redux.exe!sub_4675f0,116,0.7772,14925,19.999
fourteam_move_postfix,35072,ntdll.dll!_RtlpGetCodePageData@4+0x29,114,0.7638,14925,19.999
fourteam_move_postfix,35072,OgreMain.dll!?acceptVisitorGrouped@QueuedRenderableCollection@Ogre@@IBEXPAVQueuedRenderableVisitor@2@@Z+0x37,113,0.7571,14925,19.999
fourteam_move_postfix,35072,OgreMain.dll!?visit@SceneMgrQueuedRenderableVisitor@SceneManager@Ogre@@UAE_NPBVPass@3@@Z+0x2e,113,0.7571,14925,19.999
fourteam_move_postfix,35072,OgreMain.dll!?buffersCheckedOut@TempBlendedBufferInfo@Ogre@@QBE_N_N0@Z+0x35,109,0.7303,14925,19.999
fourteam_move_postfix,35072,battlezone98redux.exe!sub_6116a0,109,0.7303,14925,19.999
fourteam_move_postfix,35072,RenderSystem_Direct3D11.dll!??0D3D11RenderWindowSwapChainBased@Ogre@@QAE@ABV01@@Z+0x9c2,109,0.7303,14925,19.999
fourteam_move_postfix,35072,battlezone98redux.exe!sub_462630,107,0.7169,14925,19.999
fourteam_move_postfix,35072,WINMM.dll@6ea10000!BZROpenShim::ResolveCraftOgreEntity+0xd,107,0.7169,14925,19.999
fourteam_move_postfix,35072,battlezone98redux.exe!sub_446360,106,0.7102,14925,19.999
fourteam_move_postfix,35072,battlezone98redux.exe!sub_6192b0,106,0.7102,14925,19.999
fourteam_move_postfix,35072,USER32.dll!PeekMessageA+0x1f1,104,0.6968,14925,19.999
fourteam_move_postfix,35072,OgreMain.dll!?updateGpuProgramParameters@SceneManager@Ogre@@MAEXPBVPass@2@@Z+0x7e,103,0.6901,14925,19.999
fourteam_move_postfix,35072,battlezone98redux.exe!sub_4428b0,101,0.6767,14925,19.999
fourteam_move_postfix,35072,OgreMain.dll!?isVisible@Frustum@Ogre@@UBE_NABVAxisAlignedBox@2@PAW4FrustumPlane@2@@Z+0xb0,101,0.6767,14925,19.999
fourteam_move_postfix,35072,battlezone98redux.exe!sub_780c70,100,0.67,14925,19.999
fourteam_move_postfix,35072,OgreMain.dll!?addRenderable@RenderQueue@Ogre@@QAEXPAVRenderable@2@EG@Z+0x1e1,100,0.67,14925,19.999
fourteam_move_postfix,35072,battlezone98redux.exe!sub_7753c0,99,0.6633,14925,19.999
fourteam_move_postfix,35072,MSVCR120.dll!floor+0x15,99,0.6633,14925,19.999
fourteam_move_postfix,35072,dxgi.dll!CompatString+0x2600,99,0.6633,14925,19.999
fourteam_move_postfix,35072,battlezone98redux.exe!sub_774f80,95,0.6365,14925,19.999
fourteam_move_postfix,35072,d3d11.dll!D3D11CoreCreateLayeredDevice+0xd40a,95,0.6365,14925,19.999
fourteam_move_postfix,35072,battlezone98redux.exe!sub_81fe60,95,0.6365,14925,19.999
fourteam_move_postfix,35072,OgreMain.dll!?updateGpuProgramParameters@SceneManager@Ogre@@MAEXPBVPass@2@@Z+0xd0,95,0.6365,14925,19.999
fourteam_move_postfix,35072,battlezone98redux.exe!sub_4620b0,93,0.6231,14925,19.999
fourteam_move_postfix,35072,RenderSystem_Direct3D11.dll!?unlockImpl@D3D11HardwareBuffer@Ogre@@MAEXXZ+0x56,91,0.6097,14925,19.999
fourteam_move_postfix,35072,d3d11.dll+0x2b07d,90,0.603,14925,19.999
fourteam_move_postfix,35072,d3d11.dll!D3D11CoreCreateLayeredDevice+0x942,90,0.603,14925,19.999
fourteam_move_postfix,35072,OgreMain.dll!?visitRenderables@Entity@Ogre@@UAEXPAVVisitor@Renderable@2@_N@Z+0x2f,89,0.5963,14925,19.999
fourteam_move_postfix,35072,dxgi.dll!DXGIDisableVBlankVirtualization+0x7920,88,0.5896,14925,19.999
fourteam_move_postfix,35072,dxgi.dll!DXGIDisableVBlankVirtualization+0x8b36,88,0.5896,14925,19.999
fourteam_move_postfix,35072,battlezone98redux.exe!sub_4a08e0,88,0.5896,14925,19.999
fourteam_move_postfix,35072,d3d11.dll!CreateDirect3D11DeviceFromDXGIDevice+0x9ac60,87,0.5829,14925,19.999
fourteam_move_postfix,35072,dxgi.dll!DXGIDisableVBlankVirtualization+0x13893,87,0.5829,14925,19.999
fourteam_move_postfix,35072,dxgi.dll!DXGIDisableVBlankVirtualization+0x138f9,87,0.5829,14925,19.999
fourteam_move_postfix,35072,dxgi.dll!DXGIDisableVBlankVirtualization+0x6f4e,87,0.5829,14925,19.999
fourteam_move_postfix,35072,battlezone98redux.exe!sub_4f90a0,87,0.5829,14925,19.999
fourteam_move_postfix,35072,battlezone98redux.exe!sub_68c560,86,0.5762,14925,19.999
fourteam_move_postfix,35072,battlezone98redux.exe!sub_682540,85,0.5695,14925,19.999
fourteam_move_postfix,35072,OgreMain.dll!?addRenderable@RenderQueueGroup@Ogre@@QAEXPAVRenderable@2@PAVTechnique@2@G@Z+0xfc,85,0.5695,14925,19.999
fourteam_move_postfix,35072,dxgi.dll!DXGIDisableVBlankVirtualization+0x14f03,83,0.5561,14925,19.999
fourteam_move_postfix,35072,RenderSystem_Direct3D11.dll!?bindGpuProgramParameters@D3D11RenderSystem@Ogre@@UAEXW4GpuProgramType@2@V?$SharedPtr@VGpuProgramParameters@Ogre@@@2@G@Z+0xad,82,0.5494,14925,19.999
fourteam_move_postfix,35072,OgreMain.dll!?getVertexProgram@Pass@Ogre@@QBEABV?$SharedPtr@VGpuProgram@Ogre@@@2@XZ+0xc,82,0.5494,14925,19.999
fourteam_move_postfix,35072,OgreMain.dll!?prepareShadowTextures@SceneManager@Ogre@@UAEXPAVCamera@2@PAVViewport@2@PBV?$HashedVector@PAVLight@Ogre@@@2@@Z+0x377,81,0.5427,14925,19.999
fourteam_move_postfix,35072,OgreMain.dll!?getShadowCamera@PSSMShadowCameraSetup@Ogre@@UBEXPBVSceneManager@2@PBVCamera@2@PBVViewport@2@PBVLight@2@PAV42@I@Z+0xbc,81,0.5427,14925,19.999
fourteam_move_postfix,35072,ntdll.dll!_RtlAnsiCharToUnicodeChar@4+0x19,80,0.536,14925,19.999
fourteam_move_postfix,35072,ntdll.dll!_RtlAllocateHeap@12+0xa9,79,0.5293,14925,19.999
fourteam_move_postfix,35072,nvwgf2um.dll!OpenAdapter10+0x23bb0,78,0.5226,14925,19.999
fourteam_move_postfix,35072,nvwgf2um.dll!OpenAdapter10+0x74e6d,78,0.5226,14925,19.999
fourteam_move_postfix,35072,OgreMain.dll!?_populateLightList@SceneManager@Ogre@@UAEXABVVector3@2@MAAV?$HashedVector@PAVLight@Ogre@@@2@I@Z+0xb2,78,0.5226,14925,19.999
fourteam_move_postfix,35072,nvwgf2um.dll!OpenAdapter10+0x73f53,77,0.5159,14925,19.999
fourteam_move_postfix,35072,nvwgf2um.dll!NVENCODEAPI_Thunk+0x59ceb,77,0.5159,14925,19.999
fourteam_move_postfix,35072,d3d11.dll!CreateDirect3D11DeviceFromDXGIDevice+0xa4628,76,0.5092,14925,19.999
fourteam_move_postfix,35072,d3d11.dll!D3D11CoreCreateLayeredDevice+0x9df,76,0.5092,14925,19.999
fourteam_move_postfix,35072,OgreMain.dll!?_findNamedConstantDefinition@GpuProgramParameters@Ogre@@QBEPBUGpuConstantDefinition@2@ABV?$basic_string@DU?$char_traits@D@std@@V?$allocator@D@2@@std@@_N@Z+0xdb,76,0.5092,14925,19.999
fourteam_move_postfix,35072,ntdll.dll!_RtlpAllocateNTHeapInternal@12+0xfc,74,0.4958,14925,19.999
fourteam_move_postfix,35072,OgreMain.dll!?_setPass@SceneManager@Ogre@@UAEPBVPass@2@PBV32@_N1@Z+0x9c0,74,0.4958,14925,19.999
fourteam_move_postfix,35072,nvwgf2um.dll!OpenAdapter10+0x72b2d,74,0.4958,14925,19.999
fourteam_move_postfix,35072,WINMM.dll@6ea10000!BZROpenShim::`anonymous namespace'::RefreshHeadlightState+0x1f8,73,0.4891,14925,19.999
fourteam_move_postfix,35072,win32u.dll!_NtUserPeekMessage@24+0xc,73,0.4891,14925,19.999
fourteam_move_postfix,35072,OgreMain.dll!?_issueRenderOp@SceneManager@Ogre@@UAEXPAVRenderable@2@PBVPass@2@@Z+0x64,72,0.4824,14925,19.999
fourteam_move_postfix,35072,battlezone98redux.exe!sub_784620,70,0.469,14925,19.999
fourteam_move_postfix,35072,WINMM.dll@6ea10000!BZROpenShim::`anonymous namespace'::ProcessVisibleObjectHook+0xb4,69,0.4623,14925,19.999
fourteam_move_postfix,35072,OgreMain.dll!?processVisibleObject@RenderQueue@Ogre@@QAEXPAVMovableObject@2@PAVCamera@2@_NPAUVisibleObjectsBoundsInfo@2@@Z+0xd9,69,0.4623,14925,19.999
fourteam_move_postfix,35072,OgreMain.dll!?isVisible@ShadowRenderable@Ogre@@UBE_NXZ+0x236,68,0.4556,14925,19.999
fourteam_move_postfix,35072,RenderSystem_Direct3D11.dll!?_render@D3D11RenderSystem@Ogre@@UAEXABVRenderOperation@2@@Z+0xe2,68,0.4556,14925,19.999
fourteam_move_postfix,35072,battlezone98redux.exe!sub_4f90f0,68,0.4556,14925,19.999
fourteam_move_postfix,35072,OgreMain.dll!?getNumWorldTransforms@SubEntity@Ogre@@UBEGXZ+0x15,66,0.4422,14925,19.999
fourteam_move_postfix,35072,OgreMain.dll!?renderQueueStarted@RQListener@CompositorChain@Ogre@@UAEXEABV?$basic_string@DU?$char_traits@D@std@@V?$allocator@D@2@@std@@AA_N@Z+0x1c,66,0.4422,14925,19.999
fourteam_move_postfix,35072,ntdll.dll!_LdrGetDllHandleEx@20+0x150,66,0.4422,14925,19.999
fourteam_move_postfix,35072,OgreMain.dll!?_update@SceneNode@Ogre@@UAEX_N0@Z+0x11,65,0.4355,14925,19.999
fourteam_move_postfix,35072,OgreMain.dll!?_updateBounds@SceneNode@Ogre@@UAEXXZ+0x19c,65,0.4355,14925,19.999
fourteam_move_postfix,35072,OgreMain.dll!?_renderScene@SceneManager@Ogre@@UAEXPAVCamera@2@PAVViewport@2@_N@Z+0x20a,65,0.4355,14925,19.999
fourteam_move_postfix,35072,ntdll.dll!__woutput_l+0x8a1,65,0.4355,14925,19.999
fourteam_move_postfix,35072,ntdll.dll!@RtlpLowFragHeapAllocFromContext@16+0x67,64,0.4288,14925,19.999
fourteam_move_postfix,35072,ntdll.dll!__output_l+0x81b,64,0.4288,14925,19.999
fourteam_move_postfix,35072,ntdll.dll!_wctomb_s+0x18,63,0.4221,14925,19.999
fourteam_move_postfix,35072,OgreMain.dll!?flushUpTo@RQListener@CompositorChain@Ogre@@QAEXE@Z+0x27,63,0.4221,14925,19.999
fourteam_move_postfix,35072,battlezone98redux.exe!sub_689d10,62,0.4154,14925,19.999
fourteam_move_postfix,35072,MSVCR120.dll!floor+0x19,62,0.4154,14925,19.999
fourteam_move_postfix,35072,OgreMain.dll!?_renderScene@SceneManager@Ogre@@UAEXPAVCamera@2@PAVViewport@2@_N@Z+0x286,62,0.4154,14925,19.999
fourteam_move_postfix,35072,RenderSystem_Direct3D11.dll!?_render@D3D11RenderSystem@Ogre@@UAEXABVRenderOperation@2@@Z+0x1a07,62,0.4154,14925,19.999
fourteam_move_postfix,35072,battlezone98redux.exe!sub_4db100,60,0.402,14925,19.999
fourteam_move_postfix,35072,OgreMain.dll!?_populateLightList@SceneManager@Ogre@@UAEXABVVector3@2@MAAV?$HashedVector@PAVLight@Ogre@@@2@I@Z+0x232,60,0.402,14925,19.999
fourteam_move_postfix,35072,battlezone98redux.exe!sub_45c4b0,60,0.402,14925,19.999
fourteam_move_postfix,35072,d3d11.dll!CreateDirect3D11DeviceFromDXGIDevice+0x9f9c3,60,0.402,14925,19.999
fourteam_move_postfix,35072,RenderSystem_Direct3D11.dll!?_render@D3D11RenderSystem@Ogre@@UAEXABVRenderOperation@2@@Z+0x2ba,59,0.3953,14925,19.999
fourteam_move_postfix,35072,OgreMain.dll!?_writeRawConstant@GpuProgramParameters@Ogre@@QAEXIABVColourValue@2@I@Z+0x25,59,0.3953,14925,19.999
fourteam_move_postfix,35072,battlezone98redux.exe!sub_6854f0,59,0.3953,14925,19.999
fourteam_move_postfix,35072,battlezone98redux.exe!sub_680bd0,58,0.3886,14925,19.999
fourteam_move_postfix,35072,MSVCR120.dll!memmove+0xc7,58,0.3886,14925,19.999
fourteam_move_postfix,35072,ntdll.dll!_RtlMultiByteToUnicodeN@20+0x21,58,0.3886,14925,19.999
fourteam_move_postfix,35072,OgreMain.dll!?setViewport@SceneManager@Ogre@@MAEXPAVViewport@2@@Z+0x16,58,0.3886,14925,19.999
fourteam_move_postfix,35072,d3d11.dll!D3D11CoreCreateDevice+0xa057,57,0.3819,14925,19.999
fourteam_move_postfix,35072,ntdll.dll!__wctomb_s_l+0x66,56,0.3752,14925,19.999
fourteam_move_postfix,35072,battlezone98redux.exe!sub_439d00,56,0.3752,14925,19.999
fourteam_move_postfix,35072,RenderSystem_Direct3D11.dll!?_setViewport@D3D11RenderSystem@Ogre@@UAEXPAVViewport@2@@Z+0xb8,55,0.3685,14925,19.999
fourteam_move_postfix,35072,d3d11.dll!D3D11CoreCreateDevice+0xa024,54,0.3618,14925,19.999
fourteam_move_postfix,35072,battlezone98redux.exe!sub_440130,54,0.3618,14925,19.999
fourteam_move_postfix,35072,d3d11.dll+0x30af7,54,0.3618,14925,19.999
fourteam_move_postfix,35072,d3d11.dll+0x31412,54,0.3618,14925,19.999
fourteam_move_postfix,35072,MSVCR120.dll!??2@YAPAXI@Z+0xe,53,0.3551,14925,19.999
fourteam_move_postfix,35072,battlezone98redux.exe!sub_5dc300,53,0.3551,14925,19.999
fourteam_move_postfix,35072,RenderSystem_Direct3D11.dll!?uninstall@D3D11Plugin@Ogre@@UAEXXZ+0x625f,53,0.3551,14925,19.999
fourteam_move_postfix,35072,d3d11.dll+0x30d82,53,0.3551,14925,19.999
fourteam_move_postfix,35072,OgreMain.dll!?addRenderable@RenderPriorityGroup@Ogre@@QAEXPAVRenderable@2@PAVTechnique@2@@Z+0xb5,53,0.3551,14925,19.999
fourteam_move_postfix,35072,ntdll.dll!_LdrpPreprocessDllName@16+0x33a,53,0.3551,14925,19.999
fourteam_move_postfix,35072,battlezone98redux.exe!sub_679d70,53,0.3551,14925,19.999
fourteam_move_postfix,35072,OgreMain.dll!?getProgram@Pass@Ogre@@IBEABV?$SharedPtr@VGpuProgram@Ogre@@@2@PBQAVGpuProgramUsage@2@@Z+0x1c,52,0.3484,14925,19.999
fourteam_move_postfix,35072,OgreMain.dll!?getParameters@GpuProgramUsage@Ogre@@QAE?AV?$SharedPtr@VGpuProgramParameters@Ogre@@@2@XZ+0xe7,52,0.3484,14925,19.999
fourteam_move_postfix,35072,ntdll.dll!_ZwReleaseSemaphore@12+0xc,52,0.3484,14925,19.999
fourteam_move_postfix,35072,battlezone98redux.exe!sub_4d4580,51,0.3417,14925,19.999
fourteam_move_postfix,35072,nvwgf2um.dll!SetDependencyInfo+0x5560f,51,0.3417,14925,19.999
fourteam_move_postfix,35072,OgreMain.dll!?_calcTempSquareDist@Light@Ogre@@QAEXABVVector3@2@@Z+0x25,50,0.335,14925,19.999
fourteam_move_postfix,35072,OgreMain.dll!?_update@Node@Ogre@@UAEX_N0@Z+0x54,49,0.3283,14925,19.999
fourteam_move_postfix,35072,d3d11.dll+0x2704e,49,0.3283,14925,19.999
fourteam_move_postfix,35072,RenderSystem_Direct3D11.dll!?bindGpuProgramParameters@D3D11RenderSystem@Ogre@@UAEXW4GpuProgramType@2@V?$SharedPtr@VGpuProgramParameters@Ogre@@@2@G@Z+0x54a,48,0.3216,14925,19.999
fourteam_move_postfix,35072,OgreMain.dll!?getBestTechnique@Material@Ogre@@QAEPAVTechnique@2@GPBVRenderable@2@@Z+0x4c,48,0.3216,14925,19.999
fourteam_move_postfix,35072,OgreMain.dll!?getFragmentProgramParameters@Pass@Ogre@@QBE?AV?$SharedPtr@VGpuProgramParameters@Ogre@@@2@XZ+0x45,48,0.3216,14925,19.999
fourteam_move_postfix,35072,OgreMain.dll!?_findVisibleObjects@SceneNode@Ogre@@UAEXPAVCamera@2@PAVRenderQueue@2@PAUVisibleObjectsBoundsInfo@2@_N33@Z+0x7e,48,0.3216,14925,19.999
fourteam_move_postfix,35072,MSVCR120.dll!malloc+0x33,47,0.3149,14925,19.999
fourteam_move_postfix,35072,OgreMain.dll!?getVertexProgramParameters@Pass@Ogre@@QBE?AV?$SharedPtr@VGpuProgramParameters@Ogre@@@2@XZ+0x60,47,0.3149,14925,19.999
fourteam_move_postfix,35072,RenderSystem_Direct3D11.dll!?_render@D3D11RenderSystem@Ogre@@UAEXABVRenderOperation@2@@Z+0x177,47,0.3149,14925,19.999
fourteam_move_postfix,35072,d3d11.dll+0x36548,47,0.3149,14925,19.999
fourteam_move_postfix,35072,nvwgf2um.dll!OpenAdapter10+0x7459d,47,0.3149,14925,19.999
fourteam_move_postfix,35072,nvwgf2um.dll!SetDependencyInfo+0x55997,46,0.3082,14925,19.999
fourteam_move_postfix,35072,nvwgf2um.dll!SetDependencyInfo+0x557ac,46,0.3082,14925,19.999
fourteam_move_postfix,35072,OgreMain.dll!?_updateAutoParams@GpuProgramParameters@Ogre@@QAEXPBVAutoParamDataSource@2@G@Z+0x1c2f,46,0.3082,14925,19.999
fourteam_move_postfix,35072,OgreMain.dll!?deriveTextureRenderTargetOptions@CompositorInstance@Ogre@@AAEXABV?$basic_string@DU?$char_traits@D@std@@V?$allocator@D@2@@std@@PA_NPAIPAV34@@Z+0xcfc,46,0.3082,14925,19.999
fourteam_move_postfix,35072,RenderSystem_Direct3D11.dll!?_render@D3D11RenderSystem@Ogre@@UAEXABVRenderOperation@2@@Z+0x5b4,46,0.3082,14925,19.999
fourteam_move_postfix,35072,d3d11.dll!D3D11CoreCreateDevice+0x9538,46,0.3082,14925,19.999
fourteam_move_postfix,35072,OgreMain.dll!?_updateAutoParams@GpuProgramParameters@Ogre@@QAEXPBVAutoParamDataSource@2@G@Z+0x1ca9,46,0.3082,14925,19.999
fourteam_move_postfix,35072,ntdll.dll!RtlDosApplyFileIsolationRedirection_Ustr+0x2e1,46,0.3082,14925,19.999
fourteam_move_postfix,35072,battlezone98redux.exe!sub_67a630,45,0.3015,14925,19.999
fourteam_move_postfix,35072,RenderSystem_Direct3D11.dll!?bindGpuProgramParameters@D3D11RenderSystem@Ogre@@UAEXW4GpuProgramType@2@V?$SharedPtr@VGpuProgramParameters@Ogre@@@2@G@Z+0x187,45,0.3015,14925,19.999
fourteam_move_postfix,35072,MSVCR120.dll!__libm_sse2_acosf+0xa6,45,0.3015,14925,19.999
fourteam_move_postfix,35072,OgreMain.dll!?getHasInstanceData@VertexBufferBinding@Ogre@@UBE_NXZ+0x5,45,0.3015,14925,19.999
fourteam_move_postfix,35072,dxgi.dll!DXGIDisableVBlankVirtualization+0x20a1e,45,0.3015,14925,19.999
fourteam_move_postfix,35072,battlezone98redux.exe!sub_686590,44,0.2948,14925,19.999
fourteam_move_postfix,35072,OgreMain.dll!?getBestTechnique@Material@Ogre@@QAEPAVTechnique@2@GPBVRenderable@2@@Z+0x8b,44,0.2948,14925,19.999
fourteam_move_postfix,35072,OgreMain.dll!?lock@HardwareBuffer@Ogre@@UAEPAXIIW4LockOptions@12@W4UploadOptions@12@@Z+0x19c,44,0.2948,14925,19.999
fourteam_move_postfix,35072,OgreMain.dll!?isVisible@ShadowRenderable@Ogre@@UBE_NXZ+0x231,44,0.2948,14925,19.999
fourteam_move_postfix,35072,ntdll.dll!_RtlUnicodeToMultiByteN@20+0x1b,44,0.2948,14925,19.999
fourteam_move_postfix,35072,uxtheme.dll!EnableThemeDialogTexture+0x1143,44,0.2948,14925,19.999
fourteam_move_postfix,35072,uxtheme.dll!GetImmersiveUserColorSetPreference+0x1113f,44,0.2948,14925,19.999
fourteam_move_postfix,35072,RenderSystem_Direct3D11.dll!?getILayoutByShader@D3D11VertexDeclaration@Ogre@@IAEPAUID3D11InputLayout@@PAVD3D11HLSLProgram@2@PAVVertexBufferBinding@2@@Z+0x274,43,0.2881,14925,19.999
fourteam_move_postfix,35072,OgreMain.dll!?_updateAutoParams@GpuProgramParameters@Ogre@@QAEXPBVAutoParamDataSource@2@G@Z+0x1cbc,43,0.2881,14925,19.999
fourteam_move_postfix,35072,d3d11.dll!CreateDirect3D11DeviceFromDXGIDevice+0x9f925,43,0.2881,14925,19.999
fourteam_move_postfix,35072,OgreMain.dll!?getShadowCamera@LiSPSMShadowCameraSetup@Ogre@@UBEXPBVSceneManager@2@PBVCamera@2@PBVViewport@2@PBVLight@2@PAV42@I@Z+0x277,43,0.2881,14925,19.999
fourteam_move_postfix,35072,uxtheme.dll!GetImmersiveUserColorSetPreference+0x1195f,43,0.2881,14925,19.999
fourteam_move_postfix,35072,USER32.dll!SystemParametersInfoA+0x66,43,0.2881,14925,19.999
fourteam_move_postfix,35072,WINMM.dll@6ea10000!BZROpenShim::`anonymous namespace'::RefreshHeadlightState+0x203,42,0.2814,14925,19.999
fourteam_move_postfix,35072,OgreMain.dll!?_updateAutoParams@GpuProgramParameters@Ogre@@QAEXPBVAutoParamDataSource@2@G@Z+0x1cf5,42,0.2814,14925,19.999
fourteam_move_postfix,35072,win32u.dll!_NtUserSystemParametersInfo@16+0xc,42,0.2814,14925,19.999
fourteam_move_postfix,35072,battlezone98redux.exe!sub_784180,41,0.2747,14925,19.999
fourteam_move_postfix,35072,OgreMain.dll!?renderSingleObject@SceneManager@Ogre@@MAEXPAVRenderable@2@PBVPass@2@_N2PBV?$HashedVector@PAVLight@Ogre@@@2@@Z+0x7fb,41,0.2747,14925,19.999
fourteam_move_postfix,35072,OgreMain.dll!?addSolidRenderable@RenderPriorityGroup@Ogre@@IAEXPAVTechnique@2@PAVRenderable@2@_N@Z+0x42,41,0.2747,14925,19.999
fourteam_move_postfix,35072,battlezone98redux.exe!sub_686600,41,0.2747,14925,19.999
fourteam_move_postfix,35072,battlezone98redux.exe!sub_68ca30,41,0.2747,14925,19.999
fourteam_move_postfix,35072,OgreMain.dll!?getHasInstanceData@VertexBufferBinding@Ogre@@UBE_NXZ+0x17,41,0.2747,14925,19.999
fourteam_move_postfix,35072,ntdll.dll!sxsisol_SearchActCtxForDllName+0x98,41,0.2747,14925,19.999
fourteam_move_postfix,35072,OgreMain.dll!?_updateAutoParams@GpuProgramParameters@Ogre@@QAEXPBVAutoParamDataSource@2@G@Z+0x1eb5,40,0.268,14925,19.999
fourteam_move_postfix,35072,OgreMain.dll!?isInLightRange@Light@Ogre@@QBE_NABVSphere@2@@Z+0x172,40,0.268,14925,19.999
fourteam_move_postfix,35072,d3d11.dll!CreateDirect3D11DeviceFromDXGIDevice+0xa5747,40,0.268,14925,19.999
fourteam_move_postfix,35072,OgreMain.dll!?renderSingleObject@SceneManager@Ogre@@MAEXPAVRenderable@2@PBVPass@2@_N2PBV?$HashedVector@PAVLight@Ogre@@@2@@Z+0x23d,40,0.268,14925,19.999
fourteam_move_postfix,35072,battlezone98redux.exe!sub_4dfbf0,39,0.2613,14925,19.999
fourteam_move_postfix,35072,dxgi.dll!DXGIDisableVBlankVirtualization+0x20b89,39,0.2613,14925,19.999
fourteam_move_postfix,35072,win32u.dll!_NtUserGetLayeredWindowAttributes@16+0xc,39,0.2613,14925,19.999
fourteam_move_postfix,35072,OgreMain.dll!?_renderScene@SceneManager@Ogre@@UAEXPAVCamera@2@PAVViewport@2@_N@Z+0x350,39,0.2613,14925,19.999
fourteam_move_postfix,35072,battlezone98redux.exe!sub_679ac0,39,0.2613,14925,19.999
fourteam_move_postfix,35072,nvwgf2um.dll!OpenAdapter10+0x726fd,39,0.2613,14925,19.999
fourteam_move_postfix,35072,OgreMain.dll!?visit@SceneMgrQueuedRenderableVisitor@SceneManager@Ogre@@UAEXPAURenderablePass@3@@Z+0x48,38,0.2546,14925,19.999
fourteam_move_postfix,35072,nvwgf2um.dll!SetDependencyInfo+0x5a32d,38,0.2546,14925,19.999
fourteam_move_postfix,35072,dxgi.dll!DXGIGetDebugInterface1+0x204dd,38,0.2546,14925,19.999
fourteam_move_postfix,35072,OgreMain.dll!?_updateAutoParams@GpuProgramParameters@Ogre@@QAEXPBVAutoParamDataSource@2@G@Z+0x1a72,38,0.2546,14925,19.999
fourteam_move_postfix,35072,OgreMain.dll!?_updateAutoParams@GpuProgramParameters@Ogre@@QAEXPBVAutoParamDataSource@2@G@Z+0x1b5b,38,0.2546,14925,19.999
fourteam_move_postfix,35072,OgreMain.dll!?_updateAutoParams@GpuProgramParameters@Ogre@@QAEXPBVAutoParamDataSource@2@G@Z+0x1d08,38,0.2546,14925,19.999
fourteam_move_postfix,35072,battlezone98redux.exe!sub_4401a0,38,0.2546,14925,19.999
fourteam_move_postfix,35072,d3d11.dll!CreateDirect3D11DeviceFromDXGIDevice+0xbc60f,37,0.2479,14925,19.999
fourteam_move_postfix,35072,RenderSystem_Direct3D11.dll!?_render@D3D11RenderSystem@Ogre@@UAEXABVRenderOperation@2@@Z+0x5b,37,0.2479,14925,19.999
fourteam_move_postfix,35072,nvwgf2um.dll!SetDependencyInfo+0x55f6b,37,0.2479,14925,19.999
fourteam_move_postfix,35072,battlezone98redux.exe!sub_4aeb80,37,0.2479,14925,19.999
fourteam_move_postfix,35072,OgreMain.dll!?getWorldBoundingBox@Entity@Ogre@@UBEABVAxisAlignedBox@2@_N@Z+0x7d,37,0.2479,14925,19.999
fourteam_move_postfix,35072,battlezone98redux.exe!sub_4da060,37,0.2479,14925,19.999
fourteam_move_postfix,35072,OgreMain.dll!?_updateAutoParams@GpuProgramParameters@Ogre@@QAEXPBVAutoParamDataSource@2@G@Z+0x1e50,36,0.2412,14925,19.999
fourteam_move_postfix,35072,battlezone98redux.exe!sub_4621a0,36,0.2412,14925,19.999
fourteam_move_postfix,35072,battlezone98redux.exe!sub_820570,36,0.2412,14925,19.999
fourteam_move_postfix,35072,RenderSystem_Direct3D11.dll!?bindToShader@D3D11VertexDeclaration@Ogre@@QAEXPAVD3D11HLSLProgram@2@PAVVertexBufferBinding@2@@Z+0xa,35,0.2345,14925,19.999
fourteam_move_postfix,35072,d3d11.dll!CreateDirect3D11DeviceFromDXGIDevice+0x9da47,35,0.2345,14925,19.999
fourteam_move_postfix,35072,battlezone98redux.exe!_Vector_iterator<>,35,0.2345,14925,19.999
fourteam_move_postfix,35072,RenderSystem_Direct3D11.dll!??0D3D11RenderWindowSwapChainBased@Ogre@@QAE@ABV01@@Z+0x9f2,35,0.2345,14925,19.999
fourteam_move_postfix,35072,dxgi.dll!DXGIGetDebugInterface1+0x209d0,35,0.2345,14925,19.999
fourteam_move_postfix,35072,OgreMain.dll!?addRenderable@RenderQueue@Ogre@@QAEXPAVRenderable@2@E@Z+0x13,35,0.2345,14925,19.999
fourteam_move_postfix,35072,OgreMain.dll!?_updateAutoParams@GpuProgramParameters@Ogre@@QAEXPBVAutoParamDataSource@2@G@Z+0x1be0,35,0.2345,14925,19.999
fourteam_move_postfix,35072,dxgi.dll!CompatString+0x2a87,35,0.2345,14925,19.999
fourteam_move_postfix,35072,win32u.dll!_NtGdiDdDDIQueryVidPnExclusiveOwnership@4+0xc,35,0.2345,14925,19.999
fourteam_move_postfix,35072,battlezone98redux.exe!sub_442f40,34,0.2278,14925,19.999
fourteam_move_postfix,35072,OgreMain.dll!?needUpdate@Node@Ogre@@UAEX_N@Z+0x31,34,0.2278,14925,19.999
fourteam_move_postfix,35072,battlezone98redux.exe!sub_81cb40,34,0.2278,14925,19.999
fourteam_move_postfix,35072,OgreMain.dll!?getViewMatrix@AutoParamDataSource@Ogre@@UBEABVMatrix4@2@XZ+0x7c,34,0.2278,14925,19.999
fourteam_move_postfix,35072,battlezone98redux.exe!sub_8203f0,34,0.2278,14925,19.999
fourteam_move_postfix,35072,OgreMain.dll!?_injectRenderWithPass@SceneManager@Ogre@@UAEXPAVPass@2@PAVRenderable@2@_N2PBV?$HashedVector@PAVLight@Ogre@@@2@@Z+0x29,34,0.2278,14925,19.999
fourteam_move_postfix,35072,RenderSystem_Direct3D11.dll!?_setRenderTarget@D3D11RenderSystem@Ogre@@UAEXPAVRenderTarget@2@@Z+0x4c,34,0.2278,14925,19.999
fourteam_move_postfix,35072,d3d11.dll+0x27010,34,0.2278,14925,19.999
fourteam_move_postfix,35072,OgreMain.dll!?_updateAutoParams@Pass@Ogre@@QBEXPBVAutoParamDataSource@2@G@Z+0x43,34,0.2278,14925,19.999
fourteam_move_postfix,35072,OgreMain.dll!?updateAnimation@Entity@Ogre@@IAEXXZ+0x38,34,0.2278,14925,19.999
fourteam_move_postfix,35072,OgreMain.dll!?renderSingleObject@SceneManager@Ogre@@MAEXPAVRenderable@2@PBVPass@2@_N2PBV?$HashedVector@PAVLight@Ogre@@@2@@Z+0x87,34,0.2278,14925,19.999
fourteam_move_postfix,35072,d3d11.dll!CreateDirect3D11DeviceFromDXGIDevice+0x8ee16,34,0.2278,14925,19.999
fourteam_move_postfix,35072,OgreMain.dll!?isHardwareAnimationEnabled@Entity@Ogre@@QAE_NXZ+0x43,34,0.2278,14925,19.999
fourteam_move_postfix,35072,RenderSystem_Direct3D11.dll!?getConstantBuffer@D3D11HLSLProgram@Ogre@@QAEPAUID3D11Buffer@@V?$SharedPtr@VGpuProgramParameters@Ogre@@@2@G@Z+0xa4,33,0.2211,14925,19.999
fourteam_move_postfix,35072,MSVCR120.dll!__libm_sse2_acosf+0xf3,33,0.2211,14925,19.999
fourteam_move_postfix,35072,OgreMain.dll!?_notifyCurrentCamera@Entity@Ogre@@UAEXPAVCamera@2@@Z+0x35,33,0.2211,14925,19.999
fourteam_move_postfix,35072,battlezone98redux.exe!sub_679bc0,33,0.2211,14925,19.999
fourteam_move_postfix,35072,battlezone98redux.exe!sub_686520,33,0.2211,14925,19.999
fourteam_move_postfix,35072,RenderSystem_Direct3D11.dll!?getILayoutByShader@D3D11VertexDeclaration@Ogre@@IAEPAUID3D11InputLayout@@PAVD3D11HLSLProgram@2@PAVVertexBufferBinding@2@@Z+0x253,33,0.2211,14925,19.999
fourteam_move_postfix,35072,battlezone98redux.exe!sub_67a4a0,33,0.2211,14925,19.999
fourteam_move_postfix,35072,battlezone98redux.exe!sub_466290,33,0.2211,14925,19.999
fourteam_move_postfix,35072,OgreMain.dll!?getValue@LodStrategy@Ogre@@QBEMPBVMovableObject@2@PBVCamera@2@@Z+0x1e,33,0.2211,14925,19.999
fourteam_move_postfix,35072,RenderSystem_Direct3D11.dll!?_render@D3D11RenderSystem@Ogre@@UAEXABVRenderOperation@2@@Z+0x3b7,33,0.2211,14925,19.999
fourteam_move_postfix,35072,d3d11.dll!D3D11CoreCreateDevice+0x1d1e8,33,0.2211,14925,19.999
fourteam_move_postfix,35072,battlezone98redux.exe!FID_conflict:begin,32,0.2144,14925,19.999
fourteam_move_postfix,35072,MSVCR120.dll!__libm_sse2_acosf+0x4c,32,0.2144,14925,19.999
fourteam_move_postfix,35072,OgreMain.dll!?clone@Animation@Ogre@@QBEPAV12@ABV?$basic_string@DU?$char_traits@D@std@@V?$allocator@D@2@@std@@@Z+0x283,32,0.2144,14925,19.999
fourteam_move_postfix,35072,OgreMain.dll!?_updateAutoParams@GpuProgramParameters@Ogre@@QAEXPBVAutoParamDataSource@2@G@Z+0x1f65,32,0.2144,14925,19.999
fourteam_move_postfix,35072,OgreMain.dll!?getWorldBoundingBox@MovableObject@Ogre@@UBEABVAxisAlignedBox@2@_N@Z+0x12,32,0.2144,14925,19.999
fourteam_move_postfix,35072,RenderSystem_Direct3D11.dll!?_render@D3D11RenderSystem@Ogre@@UAEXABVRenderOperation@2@@Z+0x132f,32,0.2144,14925,19.999
fourteam_move_postfix,35072,OgreMain.dll!?setOrientation@Node@Ogre@@UAEXABVQuaternion@2@@Z+0x35,31,0.2077,14925,19.999
fourteam_move_postfix,35072,OgreMain.dll!?requestUpdate@Node@Ogre@@UAEXPAV12@_N@Z+0x29,31,0.2077,14925,19.999
fourteam_move_postfix,35072,d3d11.dll!D3D11CoreCreateDevice+0x8b17,31,0.2077,14925,19.999
fourteam_move_postfix,35072,d3d11.dll!D3D11CoreCreateDevice+0x8faa,31,0.2077,14925,19.999
fourteam_move_postfix,35072,battlezone98redux.exe!sub_445d90,31,0.2077,14925,19.999
fourteam_move_postfix,35072,d3d11.dll!D3D11CoreCreateDevice+0x26530,31,0.2077,14925,19.999
fourteam_move_postfix,35072,OgreMain.dll!?_updateAutoParams@GpuProgramParameters@Ogre@@QAEXPBVAutoParamDataSource@2@G@Z+0x125b,31,0.2077,14925,19.999
fourteam_move_postfix,35072,OgreMain.dll!?getHasInstanceData@VertexBufferBinding@Ogre@@UBE_NXZ+0x13,31,0.2077,14925,19.999
fourteam_move_postfix,35072,OgreMain.dll!?getMovableType@MovablePlane@Ogre@@UBEABV?$basic_string@DU?$char_traits@D@std@@V?$allocator@D@2@@std@@XZ+0xb21,30,0.201,14925,19.999
fourteam_move_postfix,35072,battlezone98redux.exe!sub_820180,30,0.201,14925,19.999
fourteam_move_postfix,35072,battlezone98redux.exe!sub_444f70,30,0.201,14925,19.999
fourteam_move_postfix,35072,ntdll.dll!_LdrGetDllHandleEx@20+0x180,30,0.201,14925,19.999
fourteam_move_postfix,35072,RenderSystem_Direct3D11.dll!?_render@D3D11RenderSystem@Ogre@@UAEXABVRenderOperation@2@@Z+0x97,30,0.201,14925,19.999
fourteam_move_postfix,35072,battlezone98redux.exe!sub_492d60,30,0.201,14925,19.999
fourteam_move_postfix,35072,RenderSystem_Direct3D11.dll!?_render@D3D11RenderSystem@Ogre@@UAEXABVRenderOperation@2@@Z+0x326,30,0.201,14925,19.999
fourteam_move_postfix,35072,ntdll.dll!__woutput_l+0x8a6,30,0.201,14925,19.999
fourteam_move_postfix,35072,battlezone98redux.exe!sub_62e780,30,0.201,14925,19.999
fourteam_move_postfix,35072,battlezone98redux.exe!sub_62e710,30,0.201,14925,19.999
fourteam_move_postfix,35072,ntdll.dll!_KiUserCallbackDispatcher@12+0x36,29,0.1943,14925,19.999
fourteam_move_postfix,35072,d3d11.dll+0x31a6a,29,0.1943,14925,19.999
fourteam_move_postfix,35072,OgreMain.dll!?getSide@Plane@Ogre@@QBE?AW4Side@12@ABVVector3@2@0@Z+0xe,29,0.1943,14925,19.999
fourteam_move_postfix,35072,OgreMain.dll!?_updateAutoParams@Pass@Ogre@@QBEXPBVAutoParamDataSource@2@G@Z+0xf1,29,0.1943,14925,19.999
fourteam_move_postfix,35072,battlezone98redux.exe!sub_43a170,29,0.1943,14925,19.999
fourteam_move_postfix,35072,OgreMain.dll!?calculateB@FocusedShadowCameraSetup@Ogre@@IBEXABVSceneManager@2@ABVCamera@2@ABVLight@2@ABVAxisAlignedBox@2@3PAVPointListBody@12@@Z+0x154,29,0.1943,14925,19.999
fourteam_move_postfix,35072,battlezone98redux.exe!sub_62bf70,28,0.1876,14925,19.999
fourteam_move_postfix,35072,nvwgf2um.dll!OpenAdapter10+0x77bed,27,0.1809,14925,19.999
fourteam_move_postfix,35072,battlezone98redux.exe!sub_6210a0,27,0.1809,14925,19.999
fourteam_move_postfix,35072,OgreMain.dll!?getVertexDataForBinding@SubEntity@Ogre@@QAEPAVVertexData@2@XZ+0x2a,27,0.1809,14925,19.999
fourteam_move_postfix,35072,OgreMain.dll!?touchVertexBufferCopy@HardwareBufferManagerBase@Ogre@@UAEXABVHardwareVertexBufferSharedPtr@2@@Z+0x47,27,0.1809,14925,19.999
fourteam_move_postfix,35072,KERNELBASE.dll!GetModuleHandleA+0x16,27,0.1809,14925,19.999
fourteam_move_postfix,35072,RenderSystem_Direct3D11.dll!?getMonitorSequentialNumberFromSwapChain@MonitorInfo@Ogre@@QAEGPAUIDXGISwapChain@@_N@Z+0x27a7,27,0.1809,14925,19.999
fourteam_move_postfix,35072,OgreMain.dll!?processVisibleObject@RenderQueue@Ogre@@QAEXPAVMovableObject@2@PAVCamera@2@_NPAUVisibleObjectsBoundsInfo@2@@Z+0xd1,27,0.1809,14925,19.999
fourteam_move_postfix,35072,battlezone98redux.exe!sub_462710,27,0.1809,14925,19.999
fourteam_move_postfix,35072,RenderSystem_Direct3D11.dll+0x3ee0,27,0.1809,14925,19.999
fourteam_move_postfix,35072,OgreMain.dll!??4GpuSharedParametersUsage@Ogre@@QAEAAV01@ABV01@@Z+0x2704,27,0.1809,14925,19.999
fourteam_move_postfix,35072,battlezone98redux.exe!sub_6796d0,26,0.1742,14925,19.999
fourteam_move_postfix,35072,WINMM.dll@6ea10000!BZROpenShim::ChunkEffectSimulateHook+0x1de,26,0.1742,14925,19.999
fourteam_move_postfix,35072,battlezone98redux.exe!sub_4461b0,26,0.1742,14925,19.999
fourteam_move_postfix,35072,battlezone98redux.exe!sub_785730,26,0.1742,14925,19.999
fourteam_move_postfix,35072,OgreMain.dll!?_updateRenderQueue@Entity@Ogre@@UAEXPAVRenderQueue@2@@Z+0x16c,26,0.1742,14925,19.999
fourteam_move_postfix,35072,battlezone98redux.exe!sub_611270,26,0.1742,14925,19.999
fourteam_move_postfix,35072,ntdll.dll!_memset+0x45,25,0.1675,14925,19.999
fourteam_move_postfix,35072,battlezone98redux.exe!sub_44ecb0,25,0.1675,14925,19.999
fourteam_move_postfix,35072,OgreMain.dll!?prepareRenderQueue@SceneManager@Ogre@@MAEXXZ+0x2f,25,0.1675,14925,19.999
fourteam_move_postfix,35072,ntdll.dll!_EtwEventWriteTransfer@28+0x26,25,0.1675,14925,19.999
fourteam_move_postfix,35072,dxgi.dll!DXGIDisableVBlankVirtualization+0x321ec,25,0.1675,14925,19.999
fourteam_move_postfix,35072,battlezone98redux.exe!sub_4d4610,24,0.1608,14925,19.999
fourteam_move_postfix,35072,battlezone98redux.exe!sub_44eb20,24,0.1608,14925,19.999
fourteam_move_postfix,35072,WINMM.dll@6ea10000!BZROpenShim::`anonymous namespace'::ProcessVisibleObjectHook+0x89,24,0.1608,14925,19.999
fourteam_move_postfix,35072,RenderSystem_Direct3D11.dll!?_render@D3D11RenderSystem@Ogre@@UAEXABVRenderOperation@2@@Z+0x423,24,0.1608,14925,19.999
fourteam_move_postfix,35072,RenderSystem_Direct3D11.dll!??0D3D11RenderWindowSwapChainBased@Ogre@@QAE@ABV01@@Z+0xa0b,24,0.1608,14925,19.999
fourteam_move_postfix,35072,RenderSystem_Direct3D11.dll!?getILayoutByShader@D3D11VertexDeclaration@Ogre@@IAEPAUID3D11InputLayout@@PAVD3D11HLSLProgram@2@PAVVertexBufferBinding@2@@Z+0x52,24,0.1608,14925,19.999
fourteam_move_postfix,35072,battlezone98redux.exe!sub_6799c0,24,0.1608,14925,19.999
fourteam_move_postfix,35072,MSVCR120.dll!__libm_sse2_asinf+0x3a,24,0.1608,14925,19.999
fourteam_move_postfix,35072,OgreMain.dll!?touchVertexBufferCopy@HardwareBufferManagerBase@Ogre@@UAEXABVHardwareVertexBufferSharedPtr@2@@Z+0x1f,24,0.1608,14925,19.999
fourteam_move_postfix,35072,ntdll.dll!_ZwTraceEvent@16+0xc,24,0.1608,14925,19.999
fourteam_move_postfix,35072,battlezone98redux.exe!sub_4db600,24,0.1608,14925,19.999
fourteam_move_postfix,35072,battlezone98redux.exe!sub_444d50,24,0.1608,14925,19.999
fourteam_move_postfix,35072,battlezone98redux.exe!sub_5c19d0,23,0.1541,14925,19.999
fourteam_move_postfix,35072,d3d11.dll!D3D11CoreCreateDevice+0x9c8f,23,0.1541,14925,19.999
fourteam_move_postfix,35072,d3d11.dll!D3D11CoreCreateDevice+0x964f,23,0.1541,14925,19.999
fourteam_move_postfix,35072,battlezone98redux.exe!sub_784100,23,0.1541,14925,19.999
fourteam_move_postfix,35072,battlezone98redux.exe!sub_5b28e0,23,0.1541,14925,19.999
fourteam_move_postfix,35072,OgreMain.dll!?isHardwareAnimationEnabled@Entity@Ogre@@QAE_NXZ+0x2c,23,0.1541,14925,19.999
fourteam_move_postfix,35072,MSVCR120.dll!__libm_sse2_asinf+0xa0,23,0.1541,14925,19.999
fourteam_move_postfix,35072,OgreMain.dll!?getLightAs4DVector@AutoParamDataSource@Ogre@@UBE?AVVector4@2@I@Z+0x17,23,0.1541,14925,19.999
fourteam_move_postfix,35072,OgreMain.dll!?_updateBounds@SceneNode@Ogre@@UAEXXZ+0x193,23,0.1541,14925,19.999
fourteam_move_postfix,35072,RenderSystem_Direct3D11.dll!?swapBuffers@D3D11RenderWindowSwapChainBased@Ogre@@UAEXXZ+0x80,23,0.1541,14925,19.999
fourteam_move_postfix,35072,OgreMain.dll!?updatePoint@RotationalSpline@Ogre@@QAEXGABVQuaternion@2@@Z+0xafcf,23,0.1541,14925,19.999
fourteam_move_postfix,35072,battlezone98redux.exe!sub_4440d0,23,0.1541,14925,19.999
fourteam_move_postfix,35072,OgreMain.dll!?isInLightRange@Light@Ogre@@QBE_NABVSphere@2@@Z+0x175,23,0.1541,14925,19.999
fourteam_move_postfix,35072,OgreMain.dll!?getMovableType@MovablePlane@Ogre@@UBEABV?$basic_string@DU?$char_traits@D@std@@V?$allocator@D@2@@std@@XZ+0x820,22,0.1474,14925,19.999
fourteam_move_postfix,35072,OgreMain.dll!?Ogre_InterlockedIncrement64@InterlockedCompareExchange64Wrapper@Ogre@@SA_JPC_J@Z+0x72b,22,0.1474,14925,19.999
fourteam_move_postfix,35072,nvwgf2um.dll!OpenAdapter10+0x7202d,22,0.1474,14925,19.999
fourteam_move_postfix,35072,d3d11.dll!D3D11CoreCreateLayeredDevice+0x17cd,22,0.1474,14925,19.999
fourteam_move_postfix,35072,battlezone98redux.exe!sub_5c6f70,22,0.1474,14925,19.999
fourteam_move_postfix,35072,WINMM.dll@6ea10000!BZROpenShim::`anonymous namespace'::DecideFrustumCull+0x5d,22,0.1474,14925,19.999
fourteam_move_postfix,35072,OgreMain.dll!?updateView@Frustum@Ogre@@MBEXXZ+0xd,22,0.1474,14925,19.999
fourteam_move_postfix,35072,dxgi.dll!DXGIGetDebugInterface1+0x20602,22,0.1474,14925,19.999
fourteam_move_postfix,35072,battlezone98redux.exe!sub_678cd0,22,0.1474,14925,19.999
fourteam_move_postfix,35072,battlezone98redux.exe!sub_81f1e0,22,0.1474,14925,19.999
fourteam_move_postfix,35072,ntdll.dll!RtlFindActivationContextSectionString+0x1ba,22,0.1474,14925,19.999
fourteam_move_postfix,35072,d3d11.dll!CreateDirect3D11DeviceFromDXGIDevice+0xbdbd5,22,0.1474,14925,19.999
fourteam_move_postfix,35072,OgreMain.dll!?_updateAutoParams@GpuProgramParameters@Ogre@@QAEXPBVAutoParamDataSource@2@G@Z+0x1f00,22,0.1474,14925,19.999
fourteam_move_postfix,35072,RenderSystem_Direct3D11.dll!?createImpl@D3D11GpuProgramManager@Ogre@@MAEPAVResource@2@ABV?$basic_string@DU?$char_traits@D@std@@V?$allocator@D@2@@std@@_K0_NPAVManualResourceLoader@2@W4GpuProgramType@2@0@Z+0x6144,22,0.1474,14925,19.999
fourteam_move_postfix,35072,OgreMain.dll!?isHardwareAnimationEnabled@Entity@Ogre@@QAE_NXZ+0x28,22,0.1474,14925,19.999
fourteam_move_postfix,35072,ntdll.dll!_RtlpLocalInfoAllocFromCache@8+0x279,21,0.1407,14925,19.999
fourteam_move_postfix,35072,battlezone98redux.exe!sub_4db560,21,0.1407,14925,19.999
fourteam_move_postfix,35072,OgreMain.dll!?_updateAutoParams@GpuProgramParameters@Ogre@@QAEXPBVAutoParamDataSource@2@G@Z+0x1b85,21,0.1407,14925,19.999
fourteam_move_postfix,35072,nvwgf2um.dll!SetDependencyInfo+0x5a146,21,0.1407,14925,19.999
fourteam_move_postfix,35072,OgreMain.dll!?isVisible@MovableObject@Ogre@@UBE_NXZ+0x25,21,0.1407,14925,19.999
fourteam_move_postfix,35072,d3d11.dll!D3D11CoreCreateDevice+0x1d48d,21,0.1407,14925,19.999
fourteam_move_postfix,35072,OgreMain.dll!?getValueImpl@DistanceLodStrategyBase@Ogre@@MBEMPBVMovableObject@2@PBVCamera@2@@Z+0x15,21,0.1407,14925,19.999
fourteam_move_postfix,35072,battlezone98redux.exe!sub_49b1f0,20,0.134,14925,19.999
fourteam_move_postfix,35072,battlezone98redux.exe!sub_764a10,20,0.134,14925,19.999
fourteam_move_postfix,35072,battlezone98redux.exe!sub_623b20,20,0.134,14925,19.999
fourteam_move_postfix,35072,RenderSystem_Direct3D11.dll!??0D3D11RenderWindowSwapChainBased@Ogre@@QAE@ABV01@@Z+0x9da,20,0.134,14925,19.999
fourteam_move_postfix,35072,RenderSystem_Direct3D11.dll!?_render@D3D11RenderSystem@Ogre@@UAEXABVRenderOperation@2@@Z+0x18cf,20,0.134,14925,19.999
fourteam_move_postfix,35072,OgreMain.dll!?getInverseTransposeViewMatrix@AutoParamDataSource@Ogre@@UBE?AVMatrix4@2@XZ+0xb,20,0.134,14925,19.999
fourteam_move_postfix,35072,MSVCR120.dll!__libm_sse2_acosf+0x36,20,0.134,14925,19.999
fourteam_move_postfix,35072,OgreMain.dll!?useLightsGpuProgram@SceneManager@Ogre@@MAEXPBVPass@2@PBV?$HashedVector@PAVLight@Ogre@@@2@@Z+0x2b,20,0.134,14925,19.999
fourteam_move_postfix,35072,RenderSystem_Direct3D11.dll!?_render@D3D11RenderSystem@Ogre@@UAEXABVRenderOperation@2@@Z+0x229,20,0.134,14925,19.999
fourteam_move_postfix,35072,d3d11.dll+0x289ab,20,0.134,14925,19.999
fourteam_move_postfix,35072,d3d11.dll+0x28a00,20,0.134,14925,19.999
fourteam_move_postfix,35072,WINMM.dll@6ea10000!BZROpenShim::`anonymous namespace'::HookOMSetRenderTargets+0x69,20,0.134,14925,19.999
fourteam_move_postfix,35072,RenderSystem_Direct3D11.dll!?_setRenderTarget@D3D11RenderSystem@Ogre@@UAEXPAVRenderTarget@2@@Z+0xdb,20,0.134,14925,19.999
fourteam_move_postfix,35072,KERNELBASE.dll!LoadLibraryExA+0x77,20,0.134,14925,19.999
fourteam_move_postfix,35072,d3d11.dll!D3D11CreateDeviceAndSwapChain+0x1140,20,0.134,14925,19.999
fourteam_move_postfix,35072,d3d11.dll+0x31542,20,0.134,14925,19.999
fourteam_move_postfix,35072,battlezone98redux.exe!sub_8205a0,20,0.134,14925,19.999
fourteam_move_postfix,35072,d3d11.dll+0x31b92,20,0.134,14925,19.999
fourteam_move_postfix,35072,OgreMain.dll!?getDerivedPosition@Light@Ogre@@QBEABVVector3@2@_N@Z+0xe,20,0.134,14925,19.999
fourteam_move_postfix,35072,OgreMain.dll+0x2e866,20,0.134,14925,19.999
fourteam_move_postfix,35072,battlezone98redux.exe!sub_67ae70,20,0.134,14925,19.999
fourteam_move_postfix,35072,d3d11.dll!D3D11CoreCreateDevice+0x1d9a7,20,0.134,14925,19.999
fourteam_move_postfix,35072,OgreMain.dll!?addRenderable@RenderQueue@Ogre@@QAEXPAVRenderable@2@EG@Z+0x39,19,0.1273,14925,19.999
fourteam_move_postfix,35072,nvwgf2um.dll!OpenAdapter10+0x74f64,19,0.1273,14925,19.999
fourteam_move_postfix,35072,win32u.dll!_NtUserSetCursorPos@8+0xc,19,0.1273,14925,19.999
fourteam_move_postfix,35072,RenderSystem_Direct3D11.dll!?_render@D3D11RenderSystem@Ogre@@UAEXABVRenderOperation@2@@Z+0x195a,19,0.1273,14925,19.999
fourteam_move_postfix,35072,RenderSystem_Direct3D11.dll!?getILayoutByShader@D3D11VertexDeclaration@Ogre@@IAEPAUID3D11InputLayout@@PAVD3D11HLSLProgram@2@PAVVertexBufferBinding@2@@Z+0x6a,19,0.1273,14925,19.999
fourteam_move_postfix,35072,d3d11.dll+0x29801,19,0.1273,14925,19.999
fourteam_move_postfix,35072,nvwgf2um.dll!OpenAdapter10+0x77c4d,19,0.1273,14925,19.999
fourteam_move_postfix,35072,ntdll.dll!_RtlpLocalInfoAllocFromCache@8+0x242,19,0.1273,14925,19.999
fourteam_move_postfix,35072,OgreMain.dll!?addRenderable@QueuedRenderableCollection@Ogre@@QAEXPAVPass@2@PAVRenderable@2@@Z+0x3c,19,0.1273,14925,19.999
fourteam_move_postfix,35072,OgreMain.dll!?chooseVertexDataForBinding@Entity@Ogre@@QAE?AW4VertexDataBindChoice@12@_N@Z+0x11,19,0.1273,14925,19.999
fourteam_move_postfix,35072,OgreMain.dll!?getVertexProgramParameters@Pass@Ogre@@QBE?AV?$SharedPtr@VGpuProgramParameters@Ogre@@@2@XZ+0x127,19,0.1273,14925,19.999
fourteam_move_postfix,35072,OgreMain.dll!?getRenderOperation@SubEntity@Ogre@@UAEXAAVRenderOperation@2@@Z+0x1e,19,0.1273,14925,19.999
fourteam_move_postfix,35072,RenderSystem_Direct3D11.dll!??0D3D11RenderWindowSwapChainBased@Ogre@@QAE@ABV01@@Z+0x310,19,0.1273,14925,19.999
fourteam_move_postfix,35072,OgreMain.dll!?getNumWorldTransforms@SubEntity@Ogre@@UBEGXZ+0xe,19,0.1273,14925,19.999
fourteam_move_postfix,35072,nvwgf2um.dll!NVENCODEAPI_Thunk+0x21760e,19,0.1273,14925,19.999
fourteam_move_postfix,35072,OgreMain.dll!?visit@SceneMgrQueuedRenderableVisitor@SceneManager@Ogre@@UAEXPAVRenderable@3@@Z+0x16,18,0.1206,14925,19.999
fourteam_move_postfix,35072,ntdll.dll!_LdrpAddUnicodeStringToSnapsBuffer@4+0x25,18,0.1206,14925,19.999
fourteam_move_postfix,35072,RenderSystem_Direct3D11.dll!?getILayoutByShader@D3D11VertexDeclaration@Ogre@@IAEPAUID3D11InputLayout@@PAVD3D11HLSLProgram@2@PAVVertexBufferBinding@2@@Z+0x56,18,0.1206,14925,19.999
fourteam_move_postfix,35072,WINMM.dll@6ea10000!BZROpenShim::`anonymous namespace'::IsOgreEntityObject+0x44,18,0.1206,14925,19.999
fourteam_move_postfix,35072,nvwgf2um.dll!OpenAdapter10+0x71b00,18,0.1206,14925,19.999
fourteam_move_postfix,35072,OgreMain.dll!?_findVisibleObjects@SceneNode@Ogre@@UAEXPAVCamera@2@PAVRenderQueue@2@PAUVisibleObjectsBoundsInfo@2@_N33@Z+0x4c,18,0.1206,14925,19.999
fourteam_move_postfix,35072,OgreMain.dll!?getFragmentProgramParameters@Pass@Ogre@@QBE?AV?$SharedPtr@VGpuProgramParameters@Ogre@@@2@XZ+0x5b,18,0.1206,14925,19.999
fourteam_move_postfix,35072,OgreMain.dll!??4GpuSharedParametersUsage@Ogre@@QAEAAV01@ABV01@@Z+0x2742,18,0.1206,14925,19.999
fourteam_move_postfix,35072,OgreMain.dll!?renderSingleObject@SceneManager@Ogre@@MAEXPAVRenderable@2@PBVPass@2@_N2PBV?$HashedVector@PAVLight@Ogre@@@2@@Z+0x1d5,18,0.1206,14925,19.999
fourteam_move_postfix,35072,battlezone98redux.exe!sub_4dfad0,18,0.1206,14925,19.999
fourteam_move_postfix,35072,OgreMain.dll!?_notifyCurrentCamera@Entity@Ogre@@UAEXPAVCamera@2@@Z+0x169,18,0.1206,14925,19.999
fourteam_move_postfix,35072,OgreMain.dll!?_populateLightList@SceneManager@Ogre@@UAEXABVVector3@2@MAAV?$HashedVector@PAVLight@Ogre@@@2@I@Z+0x164,18,0.1206,14925,19.999
fourteam_move_postfix,35072,OgreMain.dll!?findLightsAffectingFrustum@SceneManager@Ogre@@MAEXPBVCamera@2@@Z+0x398,18,0.1206,14925,19.999
fourteam_move_postfix,35072,ntdll.dll!_RtlFreeHeap@12+0xca,17,0.1139,14925,19.999
fourteam_move_postfix,35072,battlezone98redux.exe!sub_62bdf0,17,0.1139,14925,19.999
fourteam_move_postfix,35072,battlezone98redux.exe!sub_62bdb0,17,0.1139,14925,19.999
fourteam_move_postfix,35072,d3d11.dll+0x2b4fb,17,0.1139,14925,19.999
fourteam_move_postfix,35072,OgreMain.dll!?updatePoint@RotationalSpline@Ogre@@QAEXGABVQuaternion@2@@Z+0xb042,17,0.1139,14925,19.999
fourteam_move_postfix,35072,battlezone98redux.exe!sub_67a5ed,17,0.1139,14925,19.999
fourteam_move_postfix,35072,d3d11.dll+0x367cd,17,0.1139,14925,19.999
fourteam_move_postfix,35072,d3d11.dll+0x375ed,17,0.1139,14925,19.999
fourteam_move_postfix,35072,nvwgf2um.dll!OpenAdapter10+0x7208d,17,0.1139,14925,19.999
fourteam_move_postfix,35072,d3d11.dll!CreateDirect3D11DeviceFromDXGIDevice+0xa0679,17,0.1139,14925,19.999
fourteam_move_postfix,35072,RenderSystem_Direct3D11.dll!?getILayoutByShader@D3D11VertexDeclaration@Ogre@@IAEPAUID3D11InputLayout@@PAVD3D11HLSLProgram@2@PAVVertexBufferBinding@2@@Z+0x24f,17,0.1139,14925,19.999
fourteam_move_postfix,35072,OgreMain.dll!?isInLightRange@Light@Ogre@@QBE_NABVSphere@2@@Z+0x138,17,0.1139,14925,19.999
fourteam_move_postfix,35072,OgreMain.dll!?_updateBounds@SceneNode@Ogre@@UAEXXZ+0x235,17,0.1139,14925,19.999
fourteam_move_postfix,35072,RenderSystem_Direct3D11.dll!??1D3D11RenderWindowSwapChainBased@Ogre@@UAE@XZ+0x36e,17,0.1139,14925,19.999
fourteam_move_postfix,35072,OgreMain.dll!?_updateBounds@SceneNode@Ogre@@UAEXXZ+0x2e,17,0.1139,14925,19.999
fourteam_move_postfix,35072,OgreMain.dll!?getWorldViewMatrix@AutoParamDataSource@Ogre@@UBEABVMatrix4@2@XZ+0x241,17,0.1139,14925,19.999
fourteam_move_postfix,35072,KERNEL32.DLL!GetCurrentThreadId,17,0.1139,14925,19.999
fourteam_move_postfix,35072,OgreMain.dll!?_renderScene@Camera@Ogre@@QAEXPAVViewport@2@_N@Z+0xd8,17,0.1139,14925,19.999
fourteam_move_postfix,35072,battlezone98redux.exe!sub_81ee70,17,0.1139,14925,19.999
fourteam_move_postfix,35072,MSVCR120.dll!wcsnlen+0x13c,16,0.1072,14925,19.999
fourteam_move_postfix,35072,nvwgf2um.dll!OpenAdapter10+0x72c24,16,0.1072,14925,19.999
fourteam_move_postfix,35072,WINMM.dll@6ea10000!BZROpenShim::`anonymous namespace'::TextEntryAppendCharNicknameHook+0x39,16,0.1072,14925,19.999
fourteam_move_postfix,35072,battlezone98redux.exe!sub_446460,16,0.1072,14925,19.999
fourteam_move_postfix,35072,battlezone98redux.exe!sub_81c600,16,0.1072,14925,19.999
fourteam_move_postfix,35072,battlezone98redux.exe!sub_81fd40,16,0.1072,14925,19.999
fourteam_move_postfix,35072,OgreMain.dll!?findLightsAffectingFrustum@SceneManager@Ogre@@MAEXPBVCamera@2@@Z+0x1d7,16,0.1072,14925,19.999
fourteam_move_postfix,35072,OgreMain.dll!?processVisibleObject@RenderQueue@Ogre@@QAEXPAVMovableObject@2@PAVCamera@2@_NPAUVisibleObjectsBoundsInfo@2@@Z+0x11,16,0.1072,14925,19.999
fourteam_move_postfix,35072,ntdll.dll!_ZwCallbackReturn@12+0xc,16,0.1072,14925,19.999
fourteam_move_postfix,35072,ntdll.dll!_RtlAnsiStringToUnicodeString@12+0xff,16,0.1072,14925,19.999
fourteam_move_postfix,35072,ntdll.dll!_ZwOpenThread@16+0xc,16,0.1072,14925,19.999
fourteam_move_postfix,35072,nvwgf2um.dll!SetDependencyInfo+0x54234,16,0.1072,14925,19.999
fourteam_move_postfix,35072,battlezone98redux.exe!sub_6832c8,16,0.1072,14925,19.999
fourteam_move_postfix,35072,OgreMain.dll!?ACos@Math@Ogre@@SA?AVRadian@2@M@Z+0x8,16,0.1072,14925,19.999
fourteam_move_postfix,35072,ntdll.dll!_LdrpAddUnicodeStringToSnapsBuffer@4+0x46,16,0.1072,14925,19.999
fourteam_move_postfix,35072,WINMM.dll@6ea10000!BZROpenShim::`anonymous namespace'::DecideFrustumCull+0x119,16,0.1072,14925,19.999
fourteam_move_postfix,35072,OgreMain.dll!?_writeRawConstant@GpuProgramParameters@Ogre@@QAEXIABVMatrix4@2@I@Z+0x3a,16,0.1072,14925,19.999
fourteam_move_postfix,35072,battlezone98redux.exe!sub_5e1350,16,0.1072,14925,19.999
fourteam_move_postfix,35072,RenderSystem_Direct3D11.dll!?bindGpuProgramParameters@D3D11RenderSystem@Ogre@@UAEXW4GpuProgramType@2@V?$SharedPtr@VGpuProgramParameters@Ogre@@@2@G@Z+0x85,16,0.1072,14925,19.999
fourteam_move_postfix,35072,battlezone98redux.exe!sub_67bad0,16,0.1072,14925,19.999
fourteam_move_postfix,35072,OgreMain.dll!?clear@RenderQueue@Ogre@@QAEX_N@Z+0x99,16,0.1072,14925,19.999
fourteam_move_postfix,35072,OgreMain.dll!?getBoundingBox@Entity@Ogre@@UBEABVAxisAlignedBox@2@XZ+0x8e2,16,0.1072,14925,19.999
fourteam_move_postfix,35072,ntdll.dll!write_char+0x1e,16,0.1072,14925,19.999
fourteam_move_postfix,35072,ntdll.dll!_RtlAbPostRelease@8+0x28,16,0.1072,14925,19.999
fourteam_move_postfix,35072,MSVCR120.dll!floor+0x30,16,0.1072,14925,19.999
fourteam_move_postfix,35072,battlezone98redux.exe!sub_679610,16,0.1072,14925,19.999
fourteam_move_postfix,35072,battlezone98redux.exe!sub_442a90,16,0.1072,14925,19.999
fourteam_move_postfix,35072,nvwgf2um.dll!OpenAdapter10+0x744c7,16,0.1072,14925,19.999
fourteam_move_postfix,35072,d3d11.dll+0x35e90,16,0.1072,14925,19.999
fourteam_move_postfix,35072,OgreMain.dll!?_findVisibleObjects@SceneNode@Ogre@@UAEXPAVCamera@2@PAVRenderQueue@2@PAUVisibleObjectsBoundsInfo@2@_N33@Z+0x76,16,0.1072,14925,19.999
fourteam_move_postfix,35072,MSVCR120.dll!__crtFlsGetValue+0x19,15,0.1005,14925,19.999
fourteam_move_postfix,35072,WINMM.dll@6ea10000!BZROpenShim::`anonymous namespace'::ProcessVisibleObjectHook+0x17b,15,0.1005,14925,19.999
fourteam_move_postfix,35072,d3d11.dll!D3D11CoreCreateLayeredDevice+0x1490,15,0.1005,14925,19.999
fourteam_move_postfix,35072,nvwgf2um.dll!NVENCODEAPI_Thunk+0x2175ea,15,0.1005,14925,19.999
fourteam_move_postfix,35072,battlezone98redux.exe!sub_4df370,15,0.1005,14925,19.999
fourteam_move_postfix,35072,OgreMain.dll!?_updateAutoParams@GpuProgramParameters@Ogre@@QAEXPBVAutoParamDataSource@2@G@Z+0x1bab,15,0.1005,14925,19.999
fourteam_move_postfix,35072,battlezone98redux.exe!sub_681a00,15,0.1005,14925,19.999
fourteam_move_postfix,35072,battlezone98redux.exe!sub_417910,15,0.1005,14925,19.999
fourteam_move_postfix,35072,WINMM.dll@6ea10000!BZROpenShim::`anonymous namespace'::DecideFrustumCull+0x101,15,0.1005,14925,19.999
fourteam_move_postfix,35072,MSVCR120.dll!ceil+0x1ce,15,0.1005,14925,19.999
fourteam_move_postfix,35072,battlezone98redux.exe!sub_784dd0,15,0.1005,14925,19.999
fourteam_move_postfix,35072,battlezone98redux.exe!sub_437b00,15,0.1005,14925,19.999
fourteam_move_postfix,35072,ntdll.dll!RtlFindActivationContextSectionString+0x146,15,0.1005,14925,19.999
fourteam_move_postfix,35072,OgreMain.dll!?getProgram@Pass@Ogre@@IBEABV?$SharedPtr@VGpuProgram@Ogre@@@2@PBQAVGpuProgramUsage@2@@Z+0x44,15,0.1005,14925,19.999
fourteam_move_postfix,35072,RenderSystem_Direct3D11.dll!?_render@D3D11RenderSystem@Ogre@@UAEXABVRenderOperation@2@@Z+0x1295,15,0.1005,14925,19.999
fourteam_move_postfix,35072,RenderSystem_Direct3D11.dll!?_render@D3D11RenderSystem@Ogre@@UAEXABVRenderOperation@2@@Z+0x112e,14,0.0938,14925,19.999
fourteam_move_postfix,35072,ntdll.dll!_RtlpIsUtf8Process@4+0x3,14,0.0938,14925,19.999
fourteam_move_postfix,35072,MSVCR120.dll!__libm_sse2_acosf+0x17e,14,0.0938,14925,19.999
fourteam_move_postfix,35072,battlezone98redux.exe!sub_46d0a0,14,0.0938,14925,19.999
fourteam_move_postfix,35072,MSVCR120.dll!__libm_sse2_asinf+0x50,14,0.0938,14925,19.999
fourteam_move_postfix,35072,d3d11.dll!D3D11CoreCreateLayeredDevice+0x1202,14,0.0938,14925,19.999
fourteam_move_postfix,35072,d3d11.dll!D3D11CoreCreateLayeredDevice+0xf28,14,0.0938,14925,19.999
fourteam_move_postfix,35072,d3d11.dll!D3D11CoreCreateLayeredDevice+0x13af,14,0.0938,14925,19.999
fourteam_move_postfix,35072,d3d11.dll!D3D11CoreCreateLayeredDevice+0x1c11,14,0.0938,14925,19.999
fourteam_move_postfix,35072,d3d11.dll+0x2ba61,14,0.0938,14925,19.999
fourteam_move_postfix,35072,battlezone98redux.exe!sub_6854b0,14,0.0938,14925,19.999
fourteam_move_postfix,35072,d3d11.dll+0x2703e,14,0.0938,14925,19.999
fourteam_move_postfix,35072,d3d11.dll!D3D11CoreCreateDevice+0xa4c7,14,0.0938,14925,19.999
fourteam_move_postfix,35072,d3d11.dll!D3D11CoreCreateDevice+0x3943,14,0.0938,14925,19.999
fourteam_move_postfix,35072,OgreMain.dll!?createTechnique@Material@Ogre@@QAEPAVTechnique@2@XZ+0xa3b,14,0.0938,14925,19.999
fourteam_move_postfix,35072,battlezone98redux.exe!sub_822e60,14,0.0938,14925,19.999
fourteam_move_postfix,35072,OgreMain.dll!?processVisibleObject@RenderQueue@Ogre@@QAEXPAVMovableObject@2@PAVCamera@2@_NPAUVisibleObjectsBoundsInfo@2@@Z+0xc7,14,0.0938,14925,19.999
fourteam_move_postfix,35072,OgreMain.dll!?angleBetween@Vector3@Ogre@@QBE?AVRadian@2@ABV12@@Z+0xd0,14,0.0938,14925,19.999
fourteam_move_postfix,35072,battlezone98redux.exe!sub_43faa0,14,0.0938,14925,19.999
fourteam_move_postfix,35072,OgreMain.dll!?_updateBounds@SceneNode@Ogre@@UAEXXZ+0x213,14,0.0938,14925,19.999
fourteam_move_postfix,35072,OgreMain.dll!?isFloat@GpuConstantDefinition@Ogre@@SA_NW4GpuConstantType@2@@Z+0x13,14,0.0938,14925,19.999
fourteam_move_postfix,35072,d3d11.dll!D3D11CoreCreateLayeredDevice+0x17a6,14,0.0938,14925,19.999
fourteam_move_postfix,35072,OgreMain.dll!?isVisible@ShadowRenderable@Ogre@@UBE_NXZ+0x21c,14,0.0938,14925,19.999
fourteam_move_postfix,35072,OgreMain.dll!?getSide@Plane@Ogre@@QBE?AW4Side@12@ABVVector3@2@0@Z+0x38,14,0.0938,14925,19.999
fourteam_move_postfix,35072,"battlezone98redux.exe!FID_conflict:_Vector_const_iterator<class_std::_Vector_val<struct_std::_Simple_types<class_std::shared_ptr<struct_Concurrency::details::_Task_impl<struct_std::pair<unsigned_char,class_Concurrency::details::_CancellationTokenState*>_>_>_>_>_>",14,0.0938,14925,19.999
fourteam_move_postfix,35072,RenderSystem_Direct3D11.dll!?getD3DVertexBuffer@D3D11HardwareVertexBuffer@Ogre@@QBEPAUID3D11Buffer@@XZ+0x6,14,0.0938,14925,19.999
fourteam_move_postfix,35072,nvwgf2um.dll!OpenAdapter10+0x23b36,14,0.0938,14925,19.999
fourteam_move_postfix,35072,RenderSystem_Direct3D11.dll!?getMonitorSequentialNumberFromSwapChain@MonitorInfo@Ogre@@QAEGPAUIDXGISwapChain@@_N@Z+0x2797,14,0.0938,14925,19.999
fourteam_move_postfix,35072,ntdll.dll!_LdrpGenerateSnapsUnicodeStrings@28+0x1b9,13,0.0871,14925,19.999
fourteam_move_postfix,35072,battlezone98redux.exe!sub_438c10,13,0.0871,14925,19.999
fourteam_move_postfix,35072,MSVCR120.dll!tolower+0x28,13,0.0871,14925,19.999
fourteam_move_postfix,35072,KERNELBASE.dll!DeleteFile2W+0x346,13,0.0871,14925,19.999
fourteam_move_postfix,35072,OgreMain.dll!?getVertexProgramParameters@Pass@Ogre@@QBE?AV?$SharedPtr@VGpuProgramParameters@Ogre@@@2@XZ+0xff,13,0.0871,14925,19.999
fourteam_move_postfix,35072,OgreMain.dll!?getInverseViewMatrix@AutoParamDataSource@Ogre@@UBEABVMatrix4@2@XZ+0x22,13,0.0871,14925,19.999
fourteam_move_postfix,35072,OgreMain.dll!?angleBetween@Vector3@Ogre@@QBE?AVRadian@2@ABV12@@Z+0xc9,13,0.0871,14925,19.999
fourteam_move_postfix,35072,d3d11.dll+0x30e12,13,0.0871,14925,19.999
fourteam_move_postfix,35072,battlezone98redux.exe!sub_4ee780,13,0.0871,14925,19.999
fourteam_move_postfix,35072,OgreMain.dll!?lock@HardwareBuffer@Ogre@@UAEPAXIIW4LockOptions@12@W4UploadOptions@12@@Z+0xfa,13,0.0871,14925,19.999
fourteam_move_postfix,35072,d3d11.dll!D3D11CoreCreateDevice+0x2f01d,13,0.0871,14925,19.999
fourteam_move_postfix,35072,d3d11.dll!D3D11CoreCreateLayeredDevice+0xcf8c,13,0.0871,14925,19.999
fourteam_move_postfix,35072,OgreMain.dll!?_writeRawConstant@GpuProgramParameters@Ogre@@QAEXIABVMatrix4@2@I@Z+0x1e,13,0.0871,14925,19.999
fourteam_move_postfix,35072,battlezone98redux.exe!sub_4c0100,13,0.0871,14925,19.999
fourteam_move_postfix,35072,ntdll.dll!_RtlAppendUnicodeStringToString@8+0x3e,13,0.0871,14925,19.999
fourteam_move_postfix,35072,OgreMain.dll!?touchVertexBufferCopy@HardwareBufferManagerBase@Ogre@@UAEXABVHardwareVertexBufferSharedPtr@2@@Z+0x7e,13,0.0871,14925,19.999
fourteam_move_postfix,35072,battlezone98redux.exe!sub_5b2950,13,0.0871,14925,19.999
fourteam_move_postfix,35072,OgreMain.dll!?getVertexProgramParameters@Pass@Ogre@@QBE?AV?$SharedPtr@VGpuProgramParameters@Ogre@@@2@XZ+0x133,13,0.0871,14925,19.999
fourteam_move_postfix,35072,OgreMain.dll!?update@Light@Ogre@@MBEXXZ+0xda,13,0.0871,14925,19.999
fourteam_move_postfix,35072,RenderSystem_Direct3D11.dll!?fireDeviceEvent@D3D11RenderSystem@Ogre@@QAEXPAVD3D11Device@2@ABV?$basic_string@DU?$char_traits@D@std@@V?$allocator@D@2@@std@@PAVD3D11RenderWindowBase@2@@Z+0xaa,13,0.0871,14925,19.999
fourteam_move_postfix,35072,OgreMain.dll!?getLodIndex@Material@Ogre@@QBEGM@Z+0x23,13,0.0871,14925,19.999
fourteam_move_postfix,35072,OgreMain.dll!?_getActiveSchemeIndex@MaterialManager@Ogre@@UBEGXZ,13,0.0871,14925,19.999
fourteam_move_postfix,35072,OgreMain.dll!?clear@RenderQueueGroup@Ogre@@QAEX_N@Z+0xb7,13,0.0871,14925,19.999
fourteam_move_postfix,35072,MSVCR120.dll!__libm_sse2_acosf+0x13d,13,0.0871,14925,19.999
fourteam_move_postfix,35072,ntdll.dll!_LdrpFindLoadedDllByName@20+0x8c,13,0.0871,14925,19.999
fourteam_move_postfix,35072,OgreMain.dll+0x21c01,13,0.0871,14925,19.999
fourteam_move_postfix,35072,battlezone98redux.exe!sub_43f8e0,13,0.0871,14925,19.999
fourteam_move_postfix,35072,ntdll.dll!_ZwReleaseMutant@8+0xc,13,0.0871,14925,19.999
fourteam_move_postfix,35072,OgreMain.dll!?_setTextureUnitSettings@RenderSystem@Ogre@@UAEXIAAVTextureUnitState@2@@Z+0x73,13,0.0871,14925,19.999
fourteam_move_postfix,35072,battlezone98redux.exe!sub_77bd40,13,0.0871,14925,19.999
fourteam_move_postfix,35072,ntdll.dll!__woutput_l+0x8b5,13,0.0871,14925,19.999
fourteam_move_postfix,35072,battlezone98redux.exe!sub_462450,12,0.0804,14925,19.999
fourteam_move_postfix,35072,RenderSystem_Direct3D11.dll!?_render@D3D11RenderSystem@Ogre@@UAEXABVRenderOperation@2@@Z+0x34d,12,0.0804,14925,19.999
fourteam_move_postfix,35072,ntdll.dll!_RtlDosPathNameToRelativeNtPathName_U_WithStatus@16+0x4c,12,0.0804,14925,19.999
fourteam_move_postfix,35072,battlezone98redux.exe!sub_6c69c0,12,0.0804,14925,19.999
fourteam_move_postfix,35072,battlezone98redux.exe!sub_6c3ad0,12,0.0804,14925,19.999
fourteam_move_postfix,35072,d3d11.dll!D3D11CoreCreateDevice+0xa28d,12,0.0804,14925,19.999
fourteam_move_postfix,35072,battlezone98redux.exe!sub_5b2c30,12,0.0804,14925,19.999
fourteam_move_postfix,35072,dxgi.dll!DXGIGetDebugInterface1+0x2051a,12,0.0804,14925,19.999
fourteam_move_postfix,35072,OgreMain.dll!?getWorldBoundingBox@MovableObject@Ogre@@UBEABVAxisAlignedBox@2@_N@Z+0x67,12,0.0804,14925,19.999
fourteam_move_postfix,35072,OgreMain.dll!?createTechnique@Material@Ogre@@QAEPAVTechnique@2@XZ+0xaff,12,0.0804,14925,19.999
fourteam_move_postfix,35072,USER32.dll!SystemParametersInfoW+0x2c9,12,0.0804,14925,19.999
fourteam_move_postfix,35072,battlezone98redux.exe!sub_5ba560,12,0.0804,14925,19.999
fourteam_move_postfix,35072,d3d11.dll!D3D11CoreCreateLayeredDevice+0x13c43,12,0.0804,14925,19.999
fourteam_move_postfix,35072,d3d11.dll!D3D11CoreCreateLayeredDevice+0x13921,12,0.0804,14925,19.999
fourteam_move_postfix,35072,WINMM.dll@6ea10000!BZROpenShim::`anonymous namespace'::HookEntityUpdateAnimationCore+0xfb,12,0.0804,14925,19.999
fourteam_move_postfix,35072,OgreMain.dll!?getConstantDefinition@GpuProgramParameters@Ogre@@QBEABUGpuConstantDefinition@2@ABV?$basic_string@DU?$char_traits@D@std@@V?$allocator@D@2@@std@@@Z+0x35,12,0.0804,14925,19.999
fourteam_move_postfix,35072,OgreMain.dll!?getDistance@Plane@Ogre@@QBEMABVVector3@2@@Z+0x37,12,0.0804,14925,19.999
fourteam_move_postfix,35072,OgreMain.dll!?getFragmentProgramParameters@Pass@Ogre@@QBE?AV?$SharedPtr@VGpuProgramParameters@Ogre@@@2@XZ+0x7a,12,0.0804,14925,19.999
fourteam_move_postfix,35072,OgreMain.dll!?normalise@Vector3@Ogre@@QAEMXZ+0x42,12,0.0804,14925,19.999
fourteam_move_postfix,35072,RenderSystem_Direct3D11.dll!?bindGpuProgramParameters@D3D11RenderSystem@Ogre@@UAEXW4GpuProgramType@2@V?$SharedPtr@VGpuProgramParameters@Ogre@@@2@G@Z+0x15f,12,0.0804,14925,19.999
fourteam_move_postfix,35072,OgreMain.dll!?_injectRenderWithPass@SceneManager@Ogre@@UAEXPAVPass@2@PAVRenderable@2@_N2PBV?$HashedVector@PAVLight@Ogre@@@2@@Z+0x16,12,0.0804,14925,19.999
fourteam_move_postfix,35072,OgreMain.dll!?updateAnimation@Entity@Ogre@@IAEXXZ+0x85,12,0.0804,14925,19.999
fourteam_move_postfix,35072,OgreMain.dll!?isInLightRange@Light@Ogre@@QBE_NABVSphere@2@@Z+0x134,12,0.0804,14925,19.999
fourteam_move_postfix,35072,OgreMain.dll!?getShadowCamera@LiSPSMShadowCameraSetup@Ogre@@UBEXPBVSceneManager@2@PBVCamera@2@PBVViewport@2@PBVLight@2@PAV42@I@Z+0x6c0,12,0.0804,14925,19.999
fourteam_move_postfix,35072,battlezone98redux.exe!sub_4675d0,12,0.0804,14925,19.999
fourteam_move_postfix,35072,d3d11.dll!D3D11CoreCreateLayeredDevice+0x1469,12,0.0804,14925,19.999
fourteam_move_postfix,35072,OgreMain.dll!?isInLightRange@Light@Ogre@@QBE_NABVSphere@2@@Z+0x161,12,0.0804,14925,19.999
fourteam_move_postfix,35072,OgreMain.dll!?clone@Animation@Ogre@@QBEPAV12@ABV?$basic_string@DU?$char_traits@D@std@@V?$allocator@D@2@@std@@@Z+0x249,12,0.0804,14925,19.999
fourteam_move_postfix,35072,OgreMain.dll!?getProgram@Pass@Ogre@@IBEABV?$SharedPtr@VGpuProgram@Ogre@@@2@PBQAVGpuProgramUsage@2@@Z+0x38,12,0.0804,14925,19.999
fourteam_move_postfix,35072,MSVCR120.dll!__libm_sse2_acosf+0x1b6,12,0.0804,14925,19.999
fourteam_move_postfix,35072,OgreMain.dll!?getWorldViewProjMatrix@AutoParamDataSource@Ogre@@UBEABVMatrix4@2@XZ+0x39c,12,0.0804,14925,19.999
fourteam_move_postfix,35072,ntdll.dll!_LdrpAddUnicodeStringToSnapsBuffer@4+0x19,12,0.0804,14925,19.999
fourteam_move_postfix,35072,OgreMain.dll!?buffersCheckedOut@TempBlendedBufferInfo@Ogre@@QBE_N_N0@Z+0x2f,12,0.0804,14925,19.999
fourteam_move_postfix,35072,ntdll.dll!_ZwWaitForMultipleObjects@20+0xc,12,0.0804,14925,19.999
fourteam_move_postfix,35072,KERNELBASE.dll!WaitForMultipleObjects+0x18,12,0.0804,14925,19.999
fourteam_move_postfix,35072,OgreMain.dll!?merge@VisibleObjectsBoundsInfo@Ogre@@QAEXABVAxisAlignedBox@2@ABVSphere@2@PBVCamera@2@_N@Z+0x2c,12,0.0804,14925,19.999
fourteam_move_postfix,35072,nvwgf2um.dll!NVDEV_Thunk+0x4f7994,12,0.0804,14925,19.999
fourteam_move_postfix,35072,OgreMain.dll!?isInLightRange@Light@Ogre@@QBE_NABVSphere@2@@Z+0xe4,12,0.0804,14925,19.999
fourteam_move_postfix,35072,d3d11.dll!D3D11CoreCreateDevice+0x1d016,12,0.0804,14925,19.999
fourteam_move_postfix,35072,battlezone98redux.exe!sub_83f040,12,0.0804,14925,19.999
fourteam_move_postfix,35072,d3d11.dll+0x27041,12,0.0804,14925,19.999
fourteam_move_postfix,35072,d3d11.dll+0x2703b,12,0.0804,14925,19.999
fourteam_move_postfix,35072,RenderSystem_Direct3D11.dll+0x4b38,12,0.0804,14925,19.999
fourteam_move_postfix,35072,OgreMain.dll!?getSquaredDepth@DistanceLodSphereStrategy@Ogre@@UBEMPBVMovableObject@2@PBVCamera@2@@Z+0x2c,12,0.0804,14925,19.999
fourteam_move_postfix,35072,battlezone98redux.exe!sub_77c5f0,12,0.0804,14925,19.999
fourteam_move_postfix,35072,battlezone98redux.exe!sub_7783d0,12,0.0804,14925,19.999
fourteam_move_postfix,35072,battlezone98redux.exe!sub_464610,12,0.0804,14925,19.999
fourteam_move_postfix,35072,OgreMain.dll!?cacheBoneMatrices@Entity@Ogre@@IAE_NXZ+0x71,12,0.0804,14925,19.999
fourteam_move_postfix,35072,battlezone98redux.exe!sub_464f80,11,0.0737,14925,19.999
fourteam_move_postfix,35072,MSVCR120.dll!_tolower_l+0x13,11,0.0737,14925,19.999
fourteam_move_postfix,35072,battlezone98redux.exe!sub_5c1b30,11,0.0737,14925,19.999
fourteam_move_postfix,35072,OgreMain.dll!?_setPass@SceneManager@Ogre@@UAEPBVPass@2@PBV32@_N1@Z+0xc2,11,0.0737,14925,19.999
fourteam_move_postfix,35072,RenderSystem_Direct3D11.dll!?uninstall@D3D11Plugin@Ogre@@UAEXXZ+0x51a0,11,0.0737,14925,19.999
fourteam_move_postfix,35072,OgreMain.dll!?updatePoint@RotationalSpline@Ogre@@QAEXGABVQuaternion@2@@Z+0x1522,11,0.0737,14925,19.999
fourteam_move_postfix,35072,USER32.dll!MsgWaitForMultipleObjectsEx+0x270,11,0.0737,14925,19.999
fourteam_move_postfix,35072,RenderSystem_Direct3D11.dll!?getConstantBuffer@D3D11HLSLProgram@Ogre@@QAEPAUID3D11Buffer@@V?$SharedPtr@VGpuProgramParameters@Ogre@@@2@G@Z+0x1d1,11,0.0737,14925,19.999
fourteam_move_postfix,35072,OgreMain.dll!?_detectImplementation@OptimisedUtil@Ogre@@KAPAV12@XZ+0x468a,11,0.0737,14925,19.999
fourteam_move_postfix,35072,battlezone98redux.exe!sub_440210,11,0.0737,14925,19.999
fourteam_move_postfix,35072,d3d11.dll+0x2b095,11,0.0737,14925,19.999
fourteam_move_postfix,35072,ntdll.dll!_AllocateOrValidateUnicodeStringBuffer@16+0x12,11,0.0737,14925,19.999
fourteam_move_postfix,35072,ntdll.dll!_NtdllpAllocateStringRoutine@4+0x18,11,0.0737,14925,19.999
fourteam_move_postfix,35072,OgreMain.dll!?determinant@Matrix4@Ogre@@QBEMXZ+0x159,11,0.0737,14925,19.999
fourteam_move_postfix,35072,battlezone98redux.exe!sub_46eaf0,11,0.0737,14925,19.999
fourteam_move_postfix,35072,battlezone98redux.exe!sub_6c9bd0,11,0.0737,14925,19.999
fourteam_move_postfix,35072,battlezone98redux.exe!sub_6ce840,11,0.0737,14925,19.999
fourteam_move_postfix,35072,battlezone98redux.exe!sub_46ae20,11,0.0737,14925,19.999
fourteam_move_postfix,35072,WINMM.dll@6ea10000!BZROpenShim::`anonymous namespace'::WingmanUpdateWeaponAimWithConvergence+0x48,11,0.0737,14925,19.999
fourteam_move_postfix,35072,RenderSystem_Direct3D11.dll!?getILayoutByShader@D3D11VertexDeclaration@Ogre@@IAEPAUID3D11InputLayout@@PAVD3D11HLSLProgram@2@PAVVertexBufferBinding@2@@Z+0x5b,11,0.0737,14925,19.999
fourteam_move_postfix,35072,d3d11.dll+0x3628f,11,0.0737,14925,19.999
fourteam_move_postfix,35072,RenderSystem_Direct3D11.dll!?getMonitorSequentialNumberFromSwapChain@MonitorInfo@Ogre@@QAEGPAUIDXGISwapChain@@_N@Z+0x2ac4,11,0.0737,14925,19.999
fourteam_move_postfix,35072,RenderSystem_Direct3D11.dll!??1D3D11RenderWindowSwapChainBased@Ogre@@UAE@XZ+0x40e,11,0.0737,14925,19.999
fourteam_move_postfix,35072,ntdll.dll!_RtlpGetCodePageData@4+0x5,11,0.0737,14925,19.999
fourteam_move_postfix,35072,OgreMain.dll!?touchVertexBufferCopy@HardwareBufferManagerBase@Ogre@@UAEXABVHardwareVertexBufferSharedPtr@2@@Z+0x3d,11,0.0737,14925,19.999
fourteam_move_postfix,35072,OgreMain.dll!?addRenderable@QueuedRenderableCollection@Ogre@@QAEXPAVPass@2@PAVRenderable@2@@Z+0xcc,11,0.0737,14925,19.999
fourteam_move_postfix,35072,OgreMain.dll!?ACos@Math@Ogre@@SA?AVRadian@2@M@Z+0xf,11,0.0737,14925,19.999
fourteam_move_postfix,35072,d3d11.dll!D3D11CoreCreateLayeredDevice+0x9aba,11,0.0737,14925,19.999
fourteam_move_postfix,35072,OgreMain.dll!?getTechnique@Renderable@Ogre@@UBEPAVTechnique@2@XZ+0x12,11,0.0737,14925,19.999
fourteam_move_postfix,35072,OgreMain.dll!??4GpuSharedParametersUsage@Ogre@@QAEAAV01@ABV01@@Z+0x2785,11,0.0737,14925,19.999
fourteam_move_postfix,35072,d3d11.dll!D3D11CoreCreateDevice+0x1d0da,11,0.0737,14925,19.999
fourteam_move_postfix,35072,OgreMain.dll!?processVisibleObject@RenderQueue@Ogre@@QAEXPAVMovableObject@2@PAVCamera@2@_NPAUVisibleObjectsBoundsInfo@2@@Z+0x40,11,0.0737,14925,19.999
fourteam_move_postfix,35072,nvwgf2um.dll!SetDependencyInfo+0x596d0,11,0.0737,14925,19.999
fourteam_move_postfix,35072,OgreMain.dll!?toString@StringConverter@Ogre@@SA?AV?$basic_string@DU?$char_traits@D@std@@V?$allocator@D@2@@std@@IGDH@Z+0x16e,11,0.0737,14925,19.999
fourteam_move_postfix,35072,nvwgf2um.dll!OpenAdapter10+0x71b17,11,0.0737,14925,19.999
fourteam_move_postfix,35072,OgreMain.dll!?updatePoint@RotationalSpline@Ogre@@QAEXGABVQuaternion@2@@Z+0x1538,11,0.0737,14925,19.999
fourteam_move_postfix,35072,OgreMain.dll!?getWorldTransforms@SubEntity@Ogre@@UBEXPAVMatrix4@2@@Z+0x1c,11,0.0737,14925,19.999
fourteam_move_postfix,35072,RenderSystem_Direct3D11.dll!?_render@D3D11RenderSystem@Ogre@@UAEXABVRenderOperation@2@@Z+0x9a,11,0.0737,14925,19.999
fourteam_move_postfix,35072,KERNEL32.DLL!BaseDllReadWriteIniFile+0xea,11,0.0737,14925,19.999
fourteam_move_postfix,35072,KERNEL32.DLL!GetPrivateProfileStringA+0x3c,11,0.0737,14925,19.999
fourteam_move_postfix,35072,WINMM.dll@6ea10000!`anonymous namespace'::ParseBool+0x10c,11,0.0737,14925,19.999
fourteam_move_postfix,35072,WINMM.dll@6ea10000!BZROpenShim::`anonymous namespace'::InputBindingRowClick11+0xe,11,0.0737,14925,19.999
fourteam_move_postfix,35072,WINMM.dll@6ea10000!`BZROpenShim::`anonymous namespace'::RefreshHeadlightState'::`2'::<lambda_1>::operator()+0xd0,11,0.0737,14925,19.999
fourteam_move_postfix,35072,battlezone98redux.exe!sub_4deaa0,11,0.0737,14925,19.999
fourteam_move_postfix,35072,OgreMain.dll!?getLightAttenuation@AutoParamDataSource@Ogre@@UBE?AVVector4@2@I@Z+0x3e,11,0.0737,14925,19.999
fourteam_move_postfix,35072,OgreMain.dll!?_findVisibleObjects@SceneNode@Ogre@@UAEXPAVCamera@2@PAVRenderQueue@2@PAUVisibleObjectsBoundsInfo@2@_N33@Z+0x35,11,0.0737,14925,19.999
fourteam_move_postfix,35072,OgreMain.dll!?ASin@Math@Ogre@@SA?AVRadian@2@M@Z+0x11,11,0.0737,14925,19.999
fourteam_move_postfix,35072,battlezone98redux.exe!sub_62c8f0,11,0.0737,14925,19.999
fourteam_move_postfix,35072,dxgi.dll!DXGIGetDebugInterface1+0x8986,11,0.0737,14925,19.999
fourteam_move_postfix,35072,RenderSystem_Direct3D11.dll!?getVBlankMissCount@D3D11RenderWindowSwapChainBased@Ogre@@IAEHXZ+0x62,11,0.0737,14925,19.999
fourteam_move_postfix,35072,RenderSystem_Direct3D11.dll!?updateStats@D3D11RenderWindowSwapChainBased@Ogre@@UAEXXZ+0x10,11,0.0737,14925,19.999
fourteam_move_postfix,35072,OgreMain.dll!?_updateBounds@SceneNode@Ogre@@UAEXXZ+0x249,10,0.067,14925,19.999
fourteam_move_postfix,35072,OgreMain.dll!?renderSingleObject@SceneManager@Ogre@@MAEXPAVRenderable@2@PBVPass@2@_N2PBV?$HashedVector@PAVLight@Ogre@@@2@@Z+0xa4d,10,0.067,14925,19.999
fourteam_move_postfix,35072,OgreMain.dll!?updateFromParentImpl@SceneNode@Ogre@@MBEXXZ+0x9,10,0.067,14925,19.999
fourteam_move_postfix,35072,battlezone98redux.exe!sub_4ea300,10,0.067,14925,19.999
fourteam_move_postfix,35072,RenderSystem_Direct3D11.dll!?getConstantBuffer@D3D11HLSLProgram@Ogre@@QAEPAUID3D11Buffer@@V?$SharedPtr@VGpuProgramParameters@Ogre@@@2@G@Z+0xe7,10,0.067,14925,19.999
fourteam_move_postfix,35072,OgreMain.dll!?update@Light@Ogre@@MBEXXZ,10,0.067,14925,19.999
fourteam_move_postfix,35072,OgreMain.dll!?createTechnique@Material@Ogre@@QAEPAVTechnique@2@XZ+0xb1b,10,0.067,14925,19.999
fourteam_move_postfix,35072,nvwgf2um.dll!SetDependencyInfo+0x541f0,10,0.067,14925,19.999
fourteam_move_postfix,35072,USER32.dll!MsgWaitForMultipleObjectsEx+0x7cd,10,0.067,14925,19.999
fourteam_move_postfix,35072,USER32.dll!GetMessagePos+0x783,10,0.067,14925,19.999
fourteam_move_postfix,35072,battlezone98redux.exe!sub_619340,10,0.067,14925,19.999
fourteam_move_postfix,35072,d3d11.dll!D3D11CoreCreateLayeredDevice+0x13f6b,10,0.067,14925,19.999
fourteam_move_postfix,35072,nvwgf2um.dll!OpenAdapter10+0x72d57,10,0.067,14925,19.999
fourteam_move_postfix,35072,nvwgf2um.dll!OpenAdapter10+0x77157,10,0.067,14925,19.999
fourteam_move_postfix,35072,battlezone98redux.exe!sub_48fbe0,10,0.067,14925,19.999
fourteam_move_postfix,35072,OgreMain.dll!?processVisibleObject@RenderQueue@Ogre@@QAEXPAVMovableObject@2@PAVCamera@2@_NPAUVisibleObjectsBoundsInfo@2@@Z+0x69,10,0.067,14925,19.999
fourteam_move_postfix,35072,OgreMain.dll!??4GpuSharedParametersUsage@Ogre@@QAEAAV01@ABV01@@Z+0x2737,10,0.067,14925,19.999
fourteam_move_postfix,35072,battlezone98redux.exe!sub_591670,10,0.067,14925,19.999
fourteam_move_postfix,35072,OgreMain.dll!?renderSingleObject@SceneManager@Ogre@@MAEXPAVRenderable@2@PBVPass@2@_N2PBV?$HashedVector@PAVLight@Ogre@@@2@@Z+0x180,10,0.067,14925,19.999
fourteam_move_postfix,35072,OgreMain.dll+0x3942d,10,0.067,14925,19.999
fourteam_move_postfix,35072,ntdll.dll!_ZwWaitForSingleObject@12+0xc,10,0.067,14925,19.999
fourteam_move_postfix,35072,d3d11.dll+0x2b518,10,0.067,14925,19.999
fourteam_move_postfix,35072,OgreMain.dll!?_updateAutoParams@GpuProgramParameters@Ogre@@QAEXPBVAutoParamDataSource@2@G@Z+0x1bbb,10,0.067,14925,19.999
fourteam_move_postfix,35072,OgreMain.dll!??4GpuSharedParametersUsage@Ogre@@QAEAAV01@ABV01@@Z+0x278f,10,0.067,14925,19.999
fourteam_move_postfix,35072,OgreMain.dll+0x2a95,10,0.067,14925,19.999
fourteam_move_postfix,35072,d3d11.dll+0x373f1,10,0.067,14925,19.999
fourteam_move_postfix,35072,d3d11.dll+0x38e73,10,0.067,14925,19.999
fourteam_move_postfix,35072,OgreMain.dll!?angleBetween@Vector3@Ogre@@QBE?AVRadian@2@ABV12@@Z+0xcc,10,0.067,14925,19.999
fourteam_move_postfix,35072,OgreMain.dll!?isHardwareAnimationEnabled@Entity@Ogre@@QAE_NXZ+0x8f,10,0.067,14925,19.999
fourteam_move_postfix,35072,d3d11.dll+0x27562,10,0.067,14925,19.999
fourteam_move_postfix,35072,d3d11.dll!D3D11CoreCreateLayeredDevice+0x128f,10,0.067,14925,19.999
fourteam_move_postfix,35072,WINMM.dll@6ea10000!BZROpenShim::`anonymous namespace'::HookIASetPrimitiveTopology+0x19,10,0.067,14925,19.999
fourteam_move_postfix,35072,d3d11.dll+0x27340,10,0.067,14925,19.999
fourteam_move_postfix,35072,d3d11.dll+0x272eb,10,0.067,14925,19.999
fourteam_move_postfix,35072,OgreMain.dll!?getWorldBoundingSphere@Entity@Ogre@@UBEABVSphere@2@_N@Z+0x7d,10,0.067,14925,19.999
fourteam_move_postfix,35072,battlezone98redux.exe!sub_420f10,10,0.067,14925,19.999
fourteam_move_postfix,35072,OgreMain.dll!?createTechnique@Material@Ogre@@QAEPAVTechnique@2@XZ+0xb03,10,0.067,14925,19.999
fourteam_move_postfix,35072,OgreMain.dll!?useLightsGpuProgram@SceneManager@Ogre@@MAEXPBVPass@2@PBV?$HashedVector@PAVLight@Ogre@@@2@@Z+0x55,10,0.067,14925,19.999
fourteam_move_postfix,35072,OgreMain.dll!?updatePoint@RotationalSpline@Ogre@@QAEXGABVQuaternion@2@@Z+0x1612,10,0.067,14925,19.999
fourteam_move_postfix,35072,OgreMain.dll!?_findNamedConstantDefinition@GpuProgramParameters@Ogre@@QBEPBUGpuConstantDefinition@2@ABV?$basic_string@DU?$char_traits@D@std@@V?$allocator@D@2@@std@@_N@Z+0xfe,10,0.067,14925,19.999
fourteam_move_postfix,35072,nvwgf2um.dll!NVDEV_Thunk+0x213191,10,0.067,14925,19.999
fourteam_move_postfix,35072,win32u.dll!_NtGdiDdDDISetQueuedLimit@4+0xc,10,0.067,14925,19.999
fourteam_move_postfix,35072,MSVCP120.dll!??6?$basic_ostream@DU?$char_traits@D@std@@@std@@QAEAAV01@K@Z+0x7b,10,0.067,14925,19.999
fourteam_move_postfix,35072,OgreMain.dll!?getConstantDefinition@GpuProgramParameters@Ogre@@QBEABUGpuConstantDefinition@2@ABV?$basic_string@DU?$char_traits@D@std@@V?$allocator@D@2@@std@@@Z+0xd2,10,0.067,14925,19.999
fourteam_move_postfix,35072,MSVCR120.dll!__libm_sse2_acosf+0x104,10,0.067,14925,19.999
fourteam_move_postfix,35072,nvspcap.dll!CreateShadowPlayProxyShimInterface+0xe53a,10,0.067,14925,19.999
fourteam_move_postfix,35072,OgreMain.dll!?getParameters@GpuProgramUsage@Ogre@@QAE?AV?$SharedPtr@VGpuProgramParameters@Ogre@@@2@XZ+0xff,10,0.067,14925,19.999
fourteam_move_postfix,35072,d3d11.dll!D3D11CoreCreateLayeredDevice+0xca91,10,0.067,14925,19.999
fourteam_move_postfix,35072,OgreMain.dll!?touch@Resource@Ogre@@UAEXXZ+0xa,10,0.067,14925,19.999
fourteam_move_postfix,35072,MSVCR120.dll!__libm_sse2_acosf+0x1f1,10,0.067,14925,19.999
fourteam_move_postfix,35072,OgreMain.dll!?_getBoneMatrices@Skeleton@Ogre@@UAEXPAVMatrix4@2@@Z+0x10,10,0.067,14925,19.999
fourteam_move_postfix,35072,OgreMain.dll!?_updateTransforms@Skeleton@Ogre@@UAEXXZ+0x3e,10,0.067,14925,19.999
fourteam_move_postfix,35072,OgreMain.dll!??4GpuSharedParametersUsage@Ogre@@QAEAAV01@ABV01@@Z+0x27b5,10,0.067,14925,19.999
fourteam_move_postfix,35072,OgreMain.dll!?getChildObjectsBoundingBox@Entity@Ogre@@QBE?AVAxisAlignedBox@2@XZ+0xfa,10,0.067,14925,19.999
fourteam_move_postfix,35072,dxgi.dll!DXGIDisableVBlankVirtualization+0x39029,10,0.067,14925,19.999
fourteam_move_postfix,35072,dxgi.dll!DXGID3D10CreateDevice+0x848,10,0.067,14925,19.999
fourteam_move_postfix,35072,dxgi.dll!DXGID3D10CreateDevice+0x39cc,9,0.0603,14925,19.999
fourteam_move_postfix,35072,ntdll.dll!__output_l+0x846,9,0.0603,14925,19.999
fourteam_move_postfix,35072,d3d11.dll!D3D11CoreCreateDevice+0xa1cf,9,0.0603,14925,19.999
fourteam_move_postfix,35072,OgreMain.dll+0x3e42d,9,0.0603,14925,19.999
fourteam_move_postfix,35072,OgreMain.dll!??RlightLess@SceneManager@Ogre@@QBE_NPBVLight@2@0@Z+0x1d,9,0.0603,14925,19.999
fourteam_move_postfix,35072,battlezone98redux.exe!sub_5bc640,9,0.0603,14925,19.999
fourteam_move_postfix,35072,ntdll.dll!_RtlAnsiCharToUnicodeChar@4,9,0.0603,14925,19.999
fourteam_move_postfix,35072,nvwgf2um.dll!SetDependencyInfo+0x378d1,9,0.0603,14925,19.999
fourteam_move_postfix,35072,nvwgf2um.dll!SetDependencyInfo+0x4f687,9,0.0603,14925,19.999
fourteam_move_postfix,35072,OgreMain.dll!?angleBetween@Vector3@Ogre@@QBE?AVRadian@2@ABV12@@Z+0xc2,9,0.0603,14925,19.999
fourteam_move_postfix,35072,d3d11.dll!CreateDirect3D11DeviceFromDXGIDevice+0x9ae79,9,0.0603,14925,19.999
fourteam_move_postfix,35072,OgreMain.dll!?_updateViewport@RenderTarget@Ogre@@UAEXPAVViewport@2@_N@Z+0x13,9,0.0603,14925,19.999
fourteam_move_postfix,35072,d3d11.dll+0x2c155,9,0.0603,14925,19.999
fourteam_move_postfix,35072,d3d11.dll!D3D11CoreCreateLayeredDevice+0x2c32,9,0.0603,14925,19.999
fourteam_move_postfix,35072,nvwgf2um.dll!SetDependencyInfo+0x59669,9,0.0603,14925,19.999
fourteam_move_postfix,35072,battlezone98redux.exe!sub_4d9b40,9,0.0603,14925,19.999
fourteam_move_postfix,35072,battlezone98redux.exe!sub_440300,9,0.0603,14925,19.999
fourteam_move_postfix,35072,KERNELBASE.dll!WaitForSingleObject+0x12,9,0.0603,14925,19.999
fourteam_move_postfix,35072,OgreMain.dll!?getFragmentProgramParameters@Pass@Ogre@@QBE?AV?$SharedPtr@VGpuProgramParameters@Ogre@@@2@XZ+0x86,9,0.0603,14925,19.999
fourteam_move_postfix,35072,OgreMain.dll!?getConstantDefinition@GpuProgramParameters@Ogre@@QBEABUGpuConstantDefinition@2@ABV?$basic_string@DU?$char_traits@D@std@@V?$allocator@D@2@@std@@@Z+0xe4,9,0.0603,14925,19.999
fourteam_move_postfix,35072,OgreMain.dll!?getIndex@DistanceLodStrategyBase@Ogre@@UBEGMABV?$vector@MV?$STLAllocator@MV?$CategorisedAllocPolicy@$0A@@Ogre@@@Ogre@@@std@@@Z+0x16,9,0.0603,14925,19.999
fourteam_move_postfix,35072,battlezone98redux.exe!sub_444b00,9,0.0603,14925,19.999
fourteam_move_postfix,35072,ntdll.dll!_RtlMultiByteToUnicodeN@20+0x13,9,0.0603,14925,19.999
fourteam_move_postfix,35072,OgreMain.dll!??4GpuSharedParametersUsage@Ogre@@QAEAAV01@ABV01@@Z+0x2749,9,0.0603,14925,19.999
fourteam_move_postfix,35072,battlezone98redux.exe!sub_4462d0,9,0.0603,14925,19.999
fourteam_move_postfix,35072,d3d11.dll+0x317ab,9,0.0603,14925,19.999
fourteam_move_postfix,35072,OgreMain.dll!?ACos@Math@Ogre@@SA?AVRadian@2@M@Z+0x11,9,0.0603,14925,19.999
fourteam_move_postfix,35072,ntdll.dll!_RtlEnterCriticalSection@4+0x25,9,0.0603,14925,19.999
fourteam_move_postfix,35072,OgreMain.dll!?hasEdgeList@Entity@Ogre@@UAE_NXZ+0x13,9,0.0603,14925,19.999
fourteam_move_postfix,35072,ntdll.dll!__fputwc_nolock+0x2e,9,0.0603,14925,19.999
fourteam_move_postfix,35072,battlezone98redux.exe!sub_6ae160,9,0.0603,14925,19.999
fourteam_move_postfix,35072,ntdll.dll!_RtlpLfhFindClearBitAndSet@16+0x13,9,0.0603,14925,19.999
fourteam_move_postfix,35072,OgreMain.dll!?getShadowCamera@LiSPSMShadowCameraSetup@Ogre@@UBEXPBVSceneManager@2@PBVCamera@2@PBVViewport@2@PBVLight@2@PAV42@I@Z+0x147e,9,0.0603,14925,19.999
fourteam_move_postfix,35072,battlezone98redux.exe!sub_67bdc0,9,0.0603,14925,19.999
fourteam_move_postfix,35072,battlezone98redux.exe!sub_679570,9,0.0603,14925,19.999
fourteam_move_postfix,35072,WINMM.dll@6ea10000!BZROpenShim::ResolveCraftOgreEntity+0x8,9,0.0603,14925,19.999
fourteam_move_postfix,35072,nvwgf2um.dll!OpenAdapter10+0x76667,9,0.0603,14925,19.999
fourteam_move_postfix,35072,nvwgf2um.dll!SetDependencyInfo+0x5004f,9,0.0603,14925,19.999
fourteam_move_postfix,35072,nvwgf2um.dll!OpenAdapter10+0x72e97,9,0.0603,14925,19.999
fourteam_move_postfix,35072,d3d11.dll!D3D11CoreCreateDevice+0x402d,9,0.0603,14925,19.999
fourteam_move_postfix,35072,OgreMain.dll!?getHasInstanceData@VertexBufferBinding@Ogre@@UBE_NXZ+0x45,9,0.0603,14925,19.999
fourteam_move_postfix,35072,MSVCR120.dll!__libm_sse2_acosf+0xe4,9,0.0603,14925,19.999
fourteam_move_postfix,35072,battlezone98redux.exe!FID_conflict:end,9,0.0603,14925,19.999
fourteam_move_postfix,35072,OgreMain.dll+0x2f8e2,9,0.0603,14925,19.999
fourteam_move_postfix,35072,RenderSystem_Direct3D11.dll!??0D3D11RenderWindowSwapChainBased@Ogre@@QAE@ABV01@@Z+0x322,9,0.0603,14925,19.999
fourteam_move_postfix,35072,OgreMain.dll!?_writeRawConstant@GpuProgramParameters@Ogre@@QAEXIABVVector4@2@I@Z+0x27,9,0.0603,14925,19.999
fourteam_move_postfix,35072,d3d11.dll+0x35ec1,9,0.0603,14925,19.999
fourteam_move_postfix,35072,OgreMain.dll!?hasScale@Matrix4@Ogre@@QBE_NXZ+0xd4,9,0.0603,14925,19.999
fourteam_move_postfix,35072,ntdll.dll!RtlpLocateActivationContextSection+0xd8,9,0.0603,14925,19.999
fourteam_move_postfix,35072,RenderSystem_Direct3D11.dll!?_setTexture@D3D11RenderSystem@Ogre@@UAEXI_NABV?$SharedPtr@VTexture@Ogre@@@2@@Z+0x68,9,0.0603,14925,19.999
fourteam_move_postfix,35072,ntdll.dll!_LdrpFindLoadedDllByNameLockHeld@20+0x45,9,0.0603,14925,19.999
fourteam_move_postfix,35072,OgreMain.dll!?updatePoint@RotationalSpline@Ogre@@QAEXGABVQuaternion@2@@Z+0xb054,9,0.0603,14925,19.999
fourteam_move_postfix,35072,battlezone98redux.exe!sub_4d46b0,9,0.0603,14925,19.999
fourteam_move_postfix,35072,OgreMain.dll!?_notifyCurrentCamera@Entity@Ogre@@UAEXPAVCamera@2@@Z+0x109,9,0.0603,14925,19.999
fourteam_move_postfix,35072,battlezone98redux.exe!sub_44f020,9,0.0603,14925,19.999
fourteam_move_postfix,35072,battlezone98redux.exe!sub_81ec40,9,0.0603,14925,19.999
fourteam_move_postfix,35072,OgreMain.dll!??4GpuSharedParametersUsage@Ogre@@QAEAAV01@ABV01@@Z+0x26f9,9,0.0603,14925,19.999
fourteam_move_postfix,35072,RenderSystem_Direct3D11.dll!?HasAutoMipMapGenerationEnabled@D3D11Texture@Ogre@@QBE_NXZ+0x276,9,0.0603,14925,19.999
fourteam_move_postfix,35072,RenderSystem_Direct3D11.dll!?addToSwitchingFullscreenCounter@D3D11RenderSystem@Ogre@@QAEXXZ+0x62b,9,0.0603,14925,19.999
fourteam_move_postfix,35072,ntdll.dll!write_string+0x3a,9,0.0603,14925,19.999
fourteam_move_postfix,35072,RenderSystem_Direct3D11.dll!?_render@D3D11RenderSystem@Ogre@@UAEXABVRenderOperation@2@@Z+0xb7b,9,0.0603,14925,19.999
fourteam_move_postfix,35072,battlezone98redux.exe!sub_5fed30,9,0.0603,14925,19.999
fourteam_move_postfix,35072,battlezone98redux.exe!sub_48fd00,9,0.0603,14925,19.999
fourteam_move_postfix,35072,OgreMain.dll!?isTransparentSortingForced@Technique@Ogre@@QBE_NXZ+0xc,9,0.0603,14925,19.999
fourteam_move_postfix,35072,OgreMain.dll!?isFloat@GpuConstantDefinition@Ogre@@SA_NW4GpuConstantType@2@@Z+0x1a,8,0.0536,14925,19.999
fourteam_move_postfix,35072,d3d11.dll+0x30d77,8,0.0536,14925,19.999
fourteam_move_postfix,35072,KERNELBASE.dll!GetModuleHandleA+0x2f,8,0.0536,14925,19.999
fourteam_move_postfix,35072,ntdll.dll!_RtlUnicodeToMultiByteN@20+0x21,8,0.0536,14925,19.999
fourteam_move_postfix,35072,win32u.dll!_NtGdiDdDDIGetDeviceState@4+0xc,8,0.0536,14925,19.999
fourteam_move_postfix,35072,RenderSystem_Direct3D11.dll!?getMonitorSequentialNumberFromSwapChain@MonitorInfo@Ogre@@QAEGPAUIDXGISwapChain@@_N@Z+0x2ab9,8,0.0536,14925,19.999
fourteam_move_postfix,35072,OgreMain.dll!?setVisible@MovableObject@Ogre@@UAEX_N@Z+0x25,8,0.0536,14925,19.999
fourteam_move_postfix,35072,OgreMain.dll!?updateAnimation@Entity@Ogre@@IAEXXZ+0x10f,8,0.0536,14925,19.999
fourteam_move_postfix,35072,OgreMain.dll!?useLightsGpuProgram@SceneManager@Ogre@@MAEXPBVPass@2@PBV?$HashedVector@PAVLight@Ogre@@@2@@Z+0x8,8,0.0536,14925,19.999
fourteam_move_postfix,35072,OgreMain.dll!?angleBetween@Vector3@Ogre@@QBE?AVRadian@2@ABV12@@Z+0xb3,8,0.0536,14925,19.999
fourteam_move_postfix,35072,OgreMain.dll!?_updateAutoParams@GpuProgramParameters@Ogre@@QAEXPBVAutoParamDataSource@2@G@Z+0x84,8,0.0536,14925,19.999
fourteam_move_postfix,35072,OgreMain.dll!?_notifyCurrentCamera@Entity@Ogre@@UAEXPAVCamera@2@@Z+0x14,8,0.0536,14925,19.999
fourteam_move_postfix,35072,MSVCR120.dll!free+0x1a,8,0.0536,14925,19.999
fourteam_move_postfix,35072,OgreMain.dll!?clone@Animation@Ogre@@QBEPAV12@ABV?$basic_string@DU?$char_traits@D@std@@V?$allocator@D@2@@std@@@Z+0x2c6,8,0.0536,14925,19.999
fourteam_move_postfix,35072,OgreMain.dll!?getLightDiffuseColourWithPower@AutoParamDataSource@Ogre@@UBE?BVColourValue@2@I@Z+0xd,8,0.0536,14925,19.999
fourteam_move_postfix,35072,OgreMain.dll!?getLightDiffuseColourWithPower@AutoParamDataSource@Ogre@@UBE?BVColourValue@2@I@Z+0x3a,8,0.0536,14925,19.999
fourteam_move_postfix,35072,win32u.dll!_NtUserSetCursor@4+0xc,8,0.0536,14925,19.999
fourteam_move_postfix,35072,battlezone98redux.exe!sub_466d40,8,0.0536,14925,19.999
fourteam_move_postfix,35072,battlezone98redux.exe!Getal,8,0.0536,14925,19.999
fourteam_move_postfix,35072,OgreMain.dll!?fireViewportPreUpdate@RenderTarget@Ogre@@MAEXPAVViewport@2@@Z+0x3b,8,0.0536,14925,19.999
fourteam_move_postfix,35072,battlezone98redux.exe!sub_666700,8,0.0536,14925,19.999
fourteam_move_postfix,35072,battlezone98redux.exe!sub_5b2bd0,8,0.0536,14925,19.999
fourteam_move_postfix,35072,OgreMain.dll!?getLight@AutoParamDataSource@Ogre@@IBEABVLight@2@I@Z+0x11,8,0.0536,14925,19.999
fourteam_move_postfix,35072,OgreMain.dll!?normalise@Vector3@Ogre@@QAEMXZ+0x33,8,0.0536,14925,19.999
fourteam_move_postfix,35072,battlezone98redux.exe!sub_678779,8,0.0536,14925,19.999
fourteam_move_postfix,35072,battlezone98redux.exe!sub_4178f0,8,0.0536,14925,19.999
fourteam_move_postfix,35072,OgreMain.dll!?getAs4DVector@Light@Ogre@@QBE?AVVector4@2@_N@Z+0x54,8,0.0536,14925,19.999
fourteam_move_postfix,35072,OgreMain.dll!?createTechnique@Material@Ogre@@QAEPAVTechnique@2@XZ+0xa2c,8,0.0536,14925,19.999
fourteam_move_postfix,35072,battlezone98redux.exe!sub_4aaea0,8,0.0536,14925,19.999
fourteam_move_postfix,35072,OgreMain.dll!?hasScale@Matrix4@Ogre@@QBE_NXZ+0x8d,8,0.0536,14925,19.999
fourteam_move_postfix,35072,WINMM.dll@6ea10000!BZROpenShim::`anonymous namespace'::ApplyLocalPlayerReticleConvergence+0x2b5,8,0.0536,14925,19.999
fourteam_move_postfix,35072,nvwgf2um.dll!OpenAdapter10+0x721f7,8,0.0536,14925,19.999
fourteam_move_postfix,35072,nvwgf2um.dll!OpenAdapter10+0x77cf7,8,0.0536,14925,19.999
fourteam_move_postfix,35072,d3d11.dll+0x39089,8,0.0536,14925,19.999
fourteam_move_postfix,35072,battlezone98redux.exe!sub_44b7d0,8,0.0536,14925,19.999
fourteam_move_postfix,35072,d3d11.dll!D3D11CoreCreateDevice+0x8b52,8,0.0536,14925,19.999
fourteam_move_postfix,35072,OgreMain.dll+0x33460,8,0.0536,14925,19.999
fourteam_move_postfix,35072,OgreMain.dll!?_updateAutoParams@GpuProgramParameters@Ogre@@QAEXPBVAutoParamDataSource@2@G@Z+0x1f0c,8,0.0536,14925,19.999
fourteam_move_postfix,35072,d3d11.dll!CreateDirect3D11DeviceFromDXGIDevice+0xa20c1,8,0.0536,14925,19.999
fourteam_move_postfix,35072,ntdll.dll!__aulldvrm+0x2f,8,0.0536,14925,19.999
fourteam_move_postfix,35072,ntdll.dll!_RtlAbPostRelease@8+0xe,8,0.0536,14925,19.999
fourteam_move_postfix,35072,OgreMain.dll!?_findVisibleObjects@SceneNode@Ogre@@UAEXPAVCamera@2@PAVRenderQueue@2@PAUVisibleObjectsBoundsInfo@2@_N33@Z+0x53,8,0.0536,14925,19.999
fourteam_move_postfix,35072,MSVCR120.dll!__libm_sse2_acosf+0x18e,8,0.0536,14925,19.999
fourteam_move_postfix,35072,OgreMain.dll!??4GpuSharedParametersUsage@Ogre@@QAEAAV01@ABV01@@Z+0x2718,8,0.0536,14925,19.999
fourteam_move_postfix,35072,d3d11.dll!D3D11CoreCreateLayeredDevice+0x13753,8,0.0536,14925,19.999
fourteam_move_postfix,35072,d3d11.dll!D3D11CoreCreateLayeredDevice+0x13126,8,0.0536,14925,19.999
fourteam_move_postfix,35072,dxgi.dll!DXGIReportAdapterConfiguration+0xbf36,8,0.0536,14925,19.999
fourteam_move_postfix,35072,dxgi.dll!DXGIGetDebugInterface1+0xa559,8,0.0536,14925,19.999
fourteam_move_postfix,35072,battlezone98redux.exe!sub_6ad440,8,0.0536,14925,19.999
fourteam_move_postfix,35072,DSOUND.dll!GetDeviceID+0x48df,8,0.0536,14925,19.999
fourteam_move_postfix,35072,OgreMain.dll!?updatePoint@RotationalSpline@Ogre@@QAEXGABVQuaternion@2@@Z+0xb224,8,0.0536,14925,19.999
fourteam_move_postfix,35072,nvwgf2um.dll!OpenAdapter10+0x76f47,8,0.0536,14925,19.999
fourteam_move_postfix,35072,d3d11.dll!D3D11CoreCreateDevice+0x3ad9,8,0.0536,14925,19.999
fourteam_move_postfix,35072,nvwgf2um.dll!OpenAdapter10+0x76ff7,8,0.0536,14925,19.999
fourteam_move_postfix,35072,nvwgf2um.dll!SetDependencyInfo+0x5027b,8,0.0536,14925,19.999
fourteam_move_postfix,35072,battlezone98redux.exe!sub_67c0e0,8,0.0536,14925,19.999
fourteam_move_postfix,35072,OgreMain.dll!?addRenderable@RenderQueue@Ogre@@QAEXPAVRenderable@2@EG@Z+0x3e,8,0.0536,14925,19.999
fourteam_move_postfix,35072,OgreMain.dll!?updateFromParentImpl@SceneNode@Ogre@@MBEXXZ+0x18,8,0.0536,14925,19.999
fourteam_move_postfix,35072,WINMM.dll@6ea10000!BZROpenShim::`anonymous namespace'::DecideFrustumCull+0x8b,8,0.0536,14925,19.999
fourteam_move_postfix,35072,battlezone98redux.exe!sub_417780,8,0.0536,14925,19.999
fourteam_move_postfix,35072,OgreMain.dll+0x13f52,8,0.0536,14925,19.999
fourteam_move_postfix,35072,battlezone98redux.exe!sub_5e0f70,8,0.0536,14925,19.999
fourteam_move_postfix,35072,OgreMain.dll!?updateFrustum@Frustum@Ogre@@MBEXXZ+0x1d,8,0.0536,14925,19.999
fourteam_move_postfix,35072,MSVCR120.dll!__libm_sse2_acosf+0xec,8,0.0536,14925,19.999
fourteam_move_postfix,35072,OgreMain.dll!?getSpotlightParams@AutoParamDataSource@Ogre@@UBE?AVVector4@2@I@Z+0xf,8,0.0536,14925,19.999
fourteam_move_postfix,35072,ntdll.dll!_RtlAnsiCharToUnicodeChar@4+0x9d,8,0.0536,14925,19.999
fourteam_move_postfix,35072,OgreMain.dll!?updatePoint@RotationalSpline@Ogre@@QAEXGABVQuaternion@2@@Z+0x9d47,8,0.0536,14925,19.999
fourteam_move_postfix,35072,OgreMain.dll!?renderSingleObject@SceneManager@Ogre@@MAEXPAVRenderable@2@PBVPass@2@_N2PBV?$HashedVector@PAVLight@Ogre@@@2@@Z+0x64,8,0.0536,14925,19.999
fourteam_move_postfix,35072,MSVCR120.dll!memcpy+0x57,8,0.0536,14925,19.999
fourteam_move_postfix,35072,RenderSystem_Direct3D11.dll!?_render@D3D11RenderSystem@Ogre@@UAEXABVRenderOperation@2@@Z+0x114,8,0.0536,14925,19.999
fourteam_move_postfix,35072,OgreMain.dll!??4GpuSharedParametersUsage@Ogre@@QAEAAV01@ABV01@@Z+0x2744,8,0.0536,14925,19.999
fourteam_move_postfix,35072,OgreMain.dll!?_issueRenderOp@SceneManager@Ogre@@UAEXPAVRenderable@2@PBVPass@2@@Z+0x1a,8,0.0536,14925,19.999
fourteam_move_postfix,35072,OgreMain.dll!?renderSingleObject@SceneManager@Ogre@@MAEXPAVRenderable@2@PBVPass@2@_N2PBV?$HashedVector@PAVLight@Ogre@@@2@@Z+0x1b7,8,0.0536,14925,19.999
fourteam_move_postfix,35072,battlezone98redux.exe!sub_678880,8,0.0536,14925,19.999
fourteam_move_postfix,35072,RenderSystem_Direct3D11.dll!?uninstall@D3D11Plugin@Ogre@@UAEXXZ+0x50e2,8,0.0536,14925,19.999
fourteam_move_postfix,35072,nvwgf2um.dll!SetDependencyInfo+0x5a326,8,0.0536,14925,19.999
fourteam_move_postfix,35072,RenderSystem_Direct3D11.dll!?getConstantBuffer@D3D11HLSLProgram@Ogre@@QAEPAUID3D11Buffer@@V?$SharedPtr@VGpuProgramParameters@Ogre@@@2@G@Z+0x4d,8,0.0536,14925,19.999
fourteam_move_postfix,35072,OgreMain.dll!?getSide@Plane@Ogre@@QBE?AW4Side@12@ABVVector3@2@0@Z+0x4f,8,0.0536,14925,19.999
fourteam_move_postfix,35072,d3d11.dll!CreateDirect3D11DeviceFromDXGIDevice+0x9da48,8,0.0536,14925,19.999
fourteam_move_postfix,35072,battlezone98redux.exe!sub_44ef90,8,0.0536,14925,19.999
fourteam_move_postfix,35072,OgreMain.dll!?calculateB@FocusedShadowCameraSetup@Ogre@@IBEXABVSceneManager@2@ABVCamera@2@ABVLight@2@ABVAxisAlignedBox@2@3PAVPointListBody@12@@Z+0x17,8,0.0536,14925,19.999
fourteam_move_postfix,35072,battlezone98redux.exe!sub_83e885,8,0.0536,14925,19.999
fourteam_move_postfix,35072,nvwgf2um.dll!NVAPI_DirectMethods+0xb9201,8,0.0536,14925,19.999
fourteam_move_postfix,35072,battlezone98redux.exe!sub_440000,8,0.0536,14925,19.999
fourteam_move_postfix,35072,OgreMain.dll!?_fireFrameEnded@Root@Ogre@@QAE_NXZ+0x1f,8,0.0536,14925,19.999
fourteam_move_postfix,35072,ntdll.dll!__output_l+0x874,8,0.0536,14925,19.999
fourteam_move_postfix,35072,OgreMain.dll!??4GpuSharedParametersUsage@Ogre@@QAEAAV01@ABV01@@Z+0x2723,8,0.0536,14925,19.999
fourteam_move_postfix,35072,OgreMain.dll!?updatePoint@RotationalSpline@Ogre@@QAEXGABVQuaternion@2@@Z+0x10b72,7,0.0469,14925,19.999
fourteam_move_postfix,35072,OgreMain.dll!?waitForNextRequest@DefaultWorkQueue@Ogre@@MAEXXZ+0x11d906,7,0.0469,14925,19.999
fourteam_move_postfix,35072,ntdll.dll!_RtlFreeUnicodeString@4+0x17,7,0.0469,14925,19.999
fourteam_move_postfix,35072,dxgi.dll!DXGIReportAdapterConfiguration+0xe7d,7,0.0469,14925,19.999
fourteam_move_postfix,35072,battlezone98redux.exe!FID_conflict:operator!=,7,0.0469,14925,19.999
fourteam_move_postfix,35072,RenderSystem_Direct3D11.dll!?IsDeviceLost@D3D11Device@Ogre@@QAE_NXZ+0xb,7,0.0469,14925,19.999
fourteam_move_postfix,35072,RenderSystem_Direct3D11.dll!?updateImpl@D3D11RenderWindowBase@Ogre@@MAEXXZ+0x1a,7,0.0469,14925,19.999
fourteam_move_postfix,35072,d3d11.dll!D3D11CoreCreateLayeredDevice+0x23481,7,0.0469,14925,19.999
fourteam_move_postfix,35072,KERNEL32.DLL!GetProcAddress+0x14,7,0.0469,14925,19.999
fourteam_move_postfix,35072,WINMM.dll@6ea10000!BZROpenShim::`anonymous namespace'::InstallMultiplayerFlagRenderHookIfPossible+0x106,7,0.0469,14925,19.999
fourteam_move_postfix,35072,KERNELBASE.dll!GetProcAddressForCaller+0x4d,7,0.0469,14925,19.999
fourteam_move_postfix,35072,WINMM.dll@6ea10000!BZROpenShim::`anonymous namespace'::LogArenaPointerFields+0xc3,7,0.0469,14925,19.999
fourteam_move_postfix,35072,ntdll.dll!_RtlpDosPathNameToRelativeNtPathName@28+0xe0,7,0.0469,14925,19.999
fourteam_move_postfix,35072,OgreMain.dll!?_update@Node@Ogre@@UAEX_N0@Z+0xaa,7,0.0469,14925,19.999
fourteam_move_postfix,35072,OgreMain.dll!?RealEqual@Math@Ogre@@SA_NMMM@Z+0x1f,7,0.0469,14925,19.999
fourteam_move_postfix,35072,OgreMain.dll!?updatePoint@RotationalSpline@Ogre@@QAEXGABVQuaternion@2@@Z+0x9ce3,7,0.0469,14925,19.999
fourteam_move_postfix,35072,battlezone98redux.exe!sub_4af020,7,0.0469,14925,19.999
fourteam_move_postfix,35072,nvwgf2um.dll!NVENCODEAPI_Thunk+0x1fab64,7,0.0469,14925,19.999
fourteam_move_postfix,35072,RenderSystem_Direct3D11.dll!?_render@D3D11RenderSystem@Ogre@@UAEXABVRenderOperation@2@@Z+0x257,7,0.0469,14925,19.999
fourteam_move_postfix,35072,OgreMain.dll!?_populateLightList@SceneManager@Ogre@@UAEXABVVector3@2@MAAV?$HashedVector@PAVLight@Ogre@@@2@I@Z+0x14f,7,0.0469,14925,19.999
fourteam_move_postfix,35072,nvwgf2um.dll!SetDependencyInfo+0x4f20d,7,0.0469,14925,19.999
fourteam_move_postfix,35072,nvwgf2um.dll!OpenAdapter10+0x72bbd,7,0.0469,14925,19.999
fourteam_move_postfix,35072,d3d11.dll!CreateDirect3D11DeviceFromDXGIDevice+0x9b092,7,0.0469,14925,19.999
fourteam_move_postfix,35072,nvwgf2um.dll!OpenAdapter10+0x74efd,7,0.0469,14925,19.999
fourteam_move_postfix,35072,OgreMain.dll!?clone@Animation@Ogre@@QBEPAV12@ABV?$basic_string@DU?$char_traits@D@std@@V?$allocator@D@2@@std@@@Z+0x2e2,7,0.0469,14925,19.999
fourteam_move_postfix,35072,battlezone98redux.exe!sub_663740,7,0.0469,14925,19.999
fourteam_move_postfix,35072,battlezone98redux.exe!sub_679f10,7,0.0469,14925,19.999
fourteam_move_postfix,35072,OgreMain.dll!?_notifyCurrentCamera@Entity@Ogre@@UAEXPAVCamera@2@@Z+0x5b,7,0.0469,14925,19.999
fourteam_move_postfix,35072,OgreMain.dll!?_updateAutoParams@GpuProgramParameters@Ogre@@QAEXPBVAutoParamDataSource@2@G@Z+0x1e5c,7,0.0469,14925,19.999
fourteam_move_postfix,35072,OgreMain.dll!?merge@VisibleObjectsBoundsInfo@Ogre@@QAEXABVAxisAlignedBox@2@ABVSphere@2@PBVCamera@2@_N@Z+0x11d,7,0.0469,14925,19.999
fourteam_move_postfix,35072,d3d11.dll+0x3665c,7,0.0469,14925,19.999
fourteam_move_postfix,35072,battlezone98redux.exe!sub_46b260,7,0.0469,14925,19.999
fourteam_move_postfix,35072,OgreMain.dll!?clear@RenderQueue@Ogre@@QAEX_N@Z+0xf1,7,0.0469,14925,19.999
fourteam_move_postfix,35072,OgreMain.dll!?calculateLVS@FocusedShadowCameraSetup@Ogre@@IBEXABVSceneManager@2@ABVCamera@2@ABVLight@2@ABVAxisAlignedBox@2@PAVPointListBody@12@@Z+0x94,7,0.0469,14925,19.999
fourteam_move_postfix,35072,ntdll.dll!_RtlAnsiCharToUnicodeChar@4+0x8f,7,0.0469,14925,19.999
fourteam_move_postfix,35072,d3d11.dll!D3D11CoreCreateDevice+0xa0fd,7,0.0469,14925,19.999
fourteam_move_postfix,35072,OgreMain.dll!?_writeRawConstants@GpuProgramParameters@Ogre@@QAEXIPBMI@Z+0x1c,7,0.0469,14925,19.999
fourteam_move_postfix,35072,OgreMain.dll!?FastHash@Ogre@@YAIPBDHI@Z+0x6,7,0.0469,14925,19.999
fourteam_move_postfix,35072,OgreMain.dll!?clear@RenderPriorityGroup@Ogre@@QAEXXZ+0x205,7,0.0469,14925,19.999
fourteam_move_postfix,35072,OgreMain.dll!?FastHash@Ogre@@YAIPBDHI@Z+0xb0,7,0.0469,14925,19.999
fourteam_move_postfix,35072,OgreMain.dll!?updateRenderQueueSplitOptions@SceneManager@Ogre@@MAEXXZ+0x77,7,0.0469,14925,19.999
fourteam_move_postfix,35072,OgreMain.dll!?_populateLightList@SceneManager@Ogre@@UAEXABVVector3@2@MAAV?$HashedVector@PAVLight@Ogre@@@2@I@Z+0xb5,7,0.0469,14925,19.999
fourteam_move_postfix,35072,RenderSystem_Direct3D11.dll!?getConstantBuffer@D3D11HLSLProgram@Ogre@@QAEPAUID3D11Buffer@@V?$SharedPtr@VGpuProgramParameters@Ogre@@@2@G@Z+0x141,7,0.0469,14925,19.999
fourteam_move_postfix,35072,d3d11.dll+0x311e7,7,0.0469,14925,19.999
fourteam_move_postfix,35072,dxgi.dll!CompatString+0x2c08,7,0.0469,14925,19.999
fourteam_move_postfix,35072,d3d11.dll!CreateDirect3D11DeviceFromDXGIDevice+0xa515f,7,0.0469,14925,19.999
fourteam_move_postfix,35072,battlezone98redux.exe!sub_68bed0,7,0.0469,14925,19.999
fourteam_move_postfix,35072,MSVCR120.dll!_strnicmp+0x21,7,0.0469,14925,19.999
fourteam_move_postfix,35072,OgreMain.dll!?getEdgeList@Mesh@Ogre@@QAEPAVEdgeData@2@G@Z+0x27,7,0.0469,14925,19.999
fourteam_move_postfix,35072,battlezone98redux.exe!sub_6ad980,7,0.0469,14925,19.999
fourteam_move_postfix,35072,ntdll.dll!_ZwRemoveIoCompletion@20+0xc,7,0.0469,14925,19.999
fourteam_move_postfix,35072,OgreMain.dll!?updatePoint@RotationalSpline@Ogre@@QAEXGABVQuaternion@2@@Z+0x9e39,7,0.0469,14925,19.999
fourteam_move_postfix,35072,ntdll.dll!_RtlpLocalInfoAllocFromCache@8+0x36,7,0.0469,14925,19.999
fourteam_move_postfix,35072,OgreMain.dll!?getQueueGroup@RenderQueue@Ogre@@QAEPAVRenderQueueGroup@2@E@Z+0x52,7,0.0469,14925,19.999
fourteam_move_postfix,35072,OgreMain.dll!?angleBetween@Vector3@Ogre@@QBE?AVRadian@2@ABV12@@Z+0x4d,7,0.0469,14925,19.999
fourteam_move_postfix,35072,ntdll.dll!__fputwc_nolock+0x2,7,0.0469,14925,19.999
fourteam_move_postfix,35072,OgreMain.dll!?isVisible@Frustum@Ogre@@UBE_NABVSphere@2@PAW4FrustumPlane@2@@Z+0x4f,7,0.0469,14925,19.999
fourteam_move_postfix,35072,MSVCP120.dll!?do_put@?$num_put@DV?$ostreambuf_iterator@DU?$char_traits@D@std@@@std@@@std@@MBE?AV?$ostreambuf_iterator@DU?$char_traits@D@std@@@2@V32@AAVios_base@2@DK@Z+0x56,7,0.0469,14925,19.999
fourteam_move_postfix,35072,battlezone98redux.exe!sub_62bec0,7,0.0469,14925,19.999
fourteam_move_postfix,35072,OgreMain.dll!?deriveTextureRenderTargetOptions@CompositorInstance@Ogre@@AAEXABV?$basic_string@DU?$char_traits@D@std@@V?$allocator@D@2@@std@@PA_NPAIPAV34@@Z+0x81c,7,0.0469,14925,19.999
fourteam_move_postfix,35072,d3d11.dll+0x2b56b,7,0.0469,14925,19.999
fourteam_move_postfix,35072,OgreMain.dll!?_getRenderOperation@SubMesh@Ogre@@QAEXAAVRenderOperation@2@G@Z+0x2c,7,0.0469,14925,19.999
fourteam_move_postfix,35072,OgreMain.dll!?isFloat@GpuConstantDefinition@Ogre@@SA_NW4GpuConstantType@2@@Z,7,0.0469,14925,19.999
fourteam_move_postfix,35072,OgreMain.dll!?RealEqual@Math@Ogre@@SA_NMMM@Z+0xd,7,0.0469,14925,19.999
fourteam_move_postfix,35072,MSVCR120.dll!floor+0x9c,7,0.0469,14925,19.999
fourteam_move_postfix,35072,OgreMain.dll+0x32515,7,0.0469,14925,19.999
fourteam_move_postfix,35072,MSVCR120.dll!memcpy,7,0.0469,14925,19.999
fourteam_move_postfix,35072,OgreMain.dll!?ASin@Math@Ogre@@SA?AVRadian@2@M@Z+0x8,7,0.0469,14925,19.999
fourteam_move_postfix,35072,ntdll.dll!_RtlAnsiCharToUnicodeChar@4+0x84,7,0.0469,14925,19.999
fourteam_move_postfix,35072,ntdll.dll!_ZwDuplicateObject@28+0xc,7,0.0469,14925,19.999
fourteam_move_postfix,35072,OgreMain.dll!?isInLightRange@Light@Ogre@@QBE_NABVSphere@2@@Z+0x4e,7,0.0469,14925,19.999
fourteam_move_postfix,35072,RenderSystem_Direct3D11.dll+0x2554,7,0.0469,14925,19.999
fourteam_move_postfix,35072,d3d11.dll!D3D11CoreCreateLayeredDevice+0x151d9,7,0.0469,14925,19.999
fourteam_move_postfix,35072,d3d11.dll!D3D11CoreCreateLayeredDevice+0x15270,7,0.0469,14925,19.999
fourteam_move_postfix,35072,d3d11.dll+0x2afa5,7,0.0469,14925,19.999
fourteam_move_postfix,35072,OgreMain.dll!?_update@Node@Ogre@@UAEX_N0@Z+0x7f,7,0.0469,14925,19.999
fourteam_move_postfix,35072,OgreMain.dll!?_updateFromParent@Node@Ogre@@MBEXXZ+0x8,7,0.0469,14925,19.999
fourteam_move_postfix,35072,OgreMain.dll!?_calcTempSquareDist@Light@Ogre@@QAEXABVVector3@2@@Z+0x28,7,0.0469,14925,19.999
fourteam_move_postfix,35072,OgreMain.dll!?createTechnique@Material@Ogre@@QAEPAVTechnique@2@XZ+0xa1f,7,0.0469,14925,19.999
fourteam_move_postfix,35072,nvwgf2um.dll!OpenAdapter10+0x72c10,7,0.0469,14925,19.999
fourteam_move_postfix,35072,OgreMain.dll+0x17bb6,7,0.0469,14925,19.999
fourteam_move_postfix,35072,ntdll.dll!_memset+0x47,7,0.0469,14925,19.999
fourteam_move_postfix,35072,battlezone98redux.exe!sub_5dde00,7,0.0469,14925,19.999
fourteam_move_postfix,35072,d3d11.dll!CreateDirect3D11DeviceFromDXGIDevice+0xbc64c,7,0.0469,14925,19.999
fourteam_move_postfix,35072,d3d11.dll+0x35ebe,7,0.0469,14925,19.999
fourteam_move_postfix,35072,nvwgf2um.dll!NVENCODEAPI_Thunk+0x217c95,6,0.0402,14925,19.999
fourteam_move_postfix,35072,battlezone98redux.exe!sub_42de70,6,0.0402,14925,19.999
fourteam_move_postfix,35072,battlezone98redux.exe+0x2da8f,6,0.0402,14925,19.999
fourteam_move_postfix,35072,WINMM.dll@6ea10000!BZROpenShim::`anonymous namespace'::RenderMultiplayerFlags+0x621,6,0.0402,14925,19.999
fourteam_move_postfix,35072,OgreMain.dll!?createTechnique@Material@Ogre@@QAEPAVTechnique@2@XZ+0xa23,6,0.0402,14925,19.999
fourteam_move_postfix,35072,OgreMain.dll!?_populateLightList@SceneManager@Ogre@@UAEXABVVector3@2@MAAV?$HashedVector@PAVLight@Ogre@@@2@I@Z+0x147,6,0.0402,14925,19.999
fourteam_move_postfix,35072,RenderSystem_Direct3D11.dll!?getMonitorSequentialNumberFromSwapChain@MonitorInfo@Ogre@@QAEGPAUIDXGISwapChain@@_N@Z+0x1244,6,0.0402,14925,19.999
fourteam_move_postfix,35072,OgreMain.dll!?inverseAffine@Matrix4@Ogre@@QBE?AV12@XZ+0x85,6,0.0402,14925,19.999
fourteam_move_postfix,35072,OgreMain.dll!?isInLightRange@Light@Ogre@@QBE_NABVSphere@2@@Z+0x9f,6,0.0402,14925,19.999
fourteam_move_postfix,35072,battlezone98redux.exe!sub_447ed0,6,0.0402,14925,19.999
fourteam_move_postfix,35072,OgreMain.dll!?Ogre_InterlockedIncrement64@InterlockedCompareExchange64Wrapper@Ogre@@SA_JPC_J@Z+0x11b5,6,0.0402,14925,19.999
fourteam_move_postfix,35072,OgreMain.dll!?isFloat@GpuConstantDefinition@Ogre@@SA_NW4GpuConstantType@2@@Z+0x6,6,0.0402,14925,19.999
fourteam_move_postfix,35072,battlezone98redux.exe!sub_6027f0,6,0.0402,14925,19.999
fourteam_move_postfix,35072,OgreMain.dll!?getDerivedPosition@Light@Ogre@@QBEABVVector3@2@_N@Z+0x29,6,0.0402,14925,19.999
fourteam_move_postfix,35072,battlezone98redux.exe!sub_41fe40,6,0.0402,14925,19.999
fourteam_move_postfix,35072,RenderSystem_Direct3D11.dll!?_setRenderTargetViews@D3D11RenderSystem@Ogre@@IAEXXZ+0x68,6,0.0402,14925,19.999
fourteam_move_postfix,35072,OgreMain.dll!?softwareVertexBlend@Mesh@Ogre@@SAXPBVVertexData@2@0PBQBVMatrix4@2@I_N@Z+0x2d9,6,0.0402,14925,19.999
fourteam_move_postfix,35072,ntdll.dll!__woutput_l+0x86b,6,0.0402,14925,19.999
fourteam_move_postfix,35072,OgreMain.dll!?getTransparentSortingForced@Pass@Ogre@@QBE_NXZ+0x6,6,0.0402,14925,19.999
fourteam_move_postfix,35072,d3d11.dll!CreateDirect3D11DeviceFromDXGIDevice+0x9f257,6,0.0402,14925,19.999
fourteam_move_postfix,35072,battlezone98redux.exe!sub_684ca0,6,0.0402,14925,19.999
fourteam_move_postfix,35072,battlezone98redux.exe!sub_666980,6,0.0402,14925,19.999
fourteam_move_postfix,35072,OgreMain.dll!?getAttenuationRange@Light@Ogre@@QBEMXZ+0x6,6,0.0402,14925,19.999
fourteam_move_postfix,35072,OgreMain.dll!?deriveTextureRenderTargetOptions@CompositorInstance@Ogre@@AAEXABV?$basic_string@DU?$char_traits@D@std@@V?$allocator@D@2@@std@@PA_NPAIPAV34@@Z+0x876,6,0.0402,14925,19.999
fourteam_move_postfix,35072,OgreMain.dll!?renderBasicQueueGroupObjects@SceneManager@Ogre@@MAEXPAVRenderQueueGroup@2@W4OrganisationMode@QueuedRenderableCollection@2@@Z+0x74,6,0.0402,14925,19.999
fourteam_move_postfix,35072,dxgi.dll!DXGIGetDebugInterface1+0xa5e2,6,0.0402,14925,19.999
fourteam_move_postfix,35072,dxgi.dll!DXGIReportAdapterConfiguration+0xaa96,6,0.0402,14925,19.999
fourteam_move_postfix,35072,battlezone98redux.exe!sub_421ee0,6,0.0402,14925,19.999
fourteam_move_postfix,35072,battlezone98redux.exe!sub_421f70,6,0.0402,14925,19.999
fourteam_move_postfix,35072,ntdll.dll!_RtlCustomCPToUnicodeN@24+0x43,6,0.0402,14925,19.999
fourteam_move_postfix,35072,OgreMain.dll!?getSide@Plane@Ogre@@QBE?AW4Side@12@ABVVector3@2@0@Z+0x63,6,0.0402,14925,19.999
fourteam_move_postfix,35072,nvwgf2um.dll!SetDependencyInfo+0x5a051,6,0.0402,14925,19.999
fourteam_move_postfix,35072,nvwgf2um.dll!NVENCODEAPI_Thunk+0x10512,6,0.0402,14925,19.999
fourteam_move_postfix,35072,KERNEL32.DLL!GetProcessAffinityMask+0x2a,6,0.0402,14925,19.999
fourteam_move_postfix,35072,battlezone98redux.exe!sub_49bf10,6,0.0402,14925,19.999
fourteam_move_postfix,35072,OgreMain.dll!?waitForNextRequest@DefaultWorkQueue@Ogre@@MAEXXZ+0x11ce5e,6,0.0402,14925,19.999
fourteam_move_postfix,35072,OgreMain.dll!?_setTextureUnitSettings@RenderSystem@Ogre@@UAEXIAAVTextureUnitState@2@@Z+0x1c1,6,0.0402,14925,19.999
fourteam_move_postfix,35072,battlezone98redux.exe!sub_73b690,6,0.0402,14925,19.999
fourteam_move_postfix,35072,battlezone98redux.exe!sub_73ada0,6,0.0402,14925,19.999
fourteam_move_postfix,35072,d3d11.dll!D3DPerformance_BeginEvent+0xb6,6,0.0402,14925,19.999
fourteam_move_postfix,35072,d3d11.dll!D3D11CoreCreateDevice+0x92d5,6,0.0402,14925,19.999
fourteam_move_postfix,35072,OgreMain.dll!??4GpuSharedParametersUsage@Ogre@@QAEAAV01@ABV01@@Z+0x2700,6,0.0402,14925,19.999
fourteam_move_postfix,35072,OgreMain.dll!?_updateAutoParams@GpuProgramParameters@Ogre@@QAEXPBVAutoParamDataSource@2@G@Z+0x11e9,6,0.0402,14925,19.999
fourteam_move_postfix,35072,battlezone98redux.exe!sub_44ff76,6,0.0402,14925,19.999
fourteam_move_postfix,35072,RenderSystem_Direct3D11.dll!?fireDeviceEvent@D3D11RenderSystem@Ogre@@QAEXPAVD3D11Device@2@ABV?$basic_string@DU?$char_traits@D@std@@V?$allocator@D@2@@std@@PAVD3D11RenderWindowBase@2@@Z+0x1f2,6,0.0402,14925,19.999
fourteam_move_postfix,35072,ntdll.dll!write_string+0xd,6,0.0402,14925,19.999
fourteam_move_postfix,35072,battlezone98redux.exe!sub_6c9b60,6,0.0402,14925,19.999
fourteam_move_postfix,35072,OgreMain.dll!?isInLightRange@Light@Ogre@@QBE_NABVSphere@2@@Z+0x6,6,0.0402,14925,19.999
fourteam_move_postfix,35072,battlezone98redux.exe!sub_61a510,6,0.0402,14925,19.999
fourteam_move_postfix,35072,d3d11.dll!CreateDirect3D11DeviceFromDXGIDevice+0xbc500,6,0.0402,14925,19.999
fourteam_move_postfix,35072,OgreMain.dll!?buffersCheckedOut@TempBlendedBufferInfo@Ogre@@QBE_N_N0@Z+0x32,6,0.0402,14925,19.999
fourteam_move_postfix,35072,battlezone98redux.exe!sub_5b26e0,6,0.0402,14925,19.999
fourteam_move_postfix,35072,OgreMain.dll!?_detectImplementation@OptimisedUtil@Ogre@@KAPAV12@XZ+0x4651,6,0.0402,14925,19.999
fourteam_move_postfix,35072,d3d11.dll!CreateDirect3D11DeviceFromDXGIDevice+0x9da45,6,0.0402,14925,19.999
fourteam_move_postfix,35072,battlezone98redux.exe!sub_67a780,6,0.0402,14925,19.999
fourteam_move_postfix,35072,WINMM.dll@6ea10000!BZROpenShim::DynamicGeometryAddRenderableHook+0x11b,6,0.0402,14925,19.999
fourteam_move_postfix,35072,battlezone98redux.exe!back,6,0.0402,14925,19.999
fourteam_move_postfix,35072,battlezone98redux.exe!sub_6786f0,6,0.0402,14925,19.999
fourteam_move_postfix,35072,battlezone98redux.exe!sub_417f60,6,0.0402,14925,19.999
fourteam_move_postfix,35072,OgreMain.dll+0x3db86,6,0.0402,14925,19.999
fourteam_move_postfix,35072,OgreMain.dll!?angleBetween@Vector3@Ogre@@QBE?AVRadian@2@ABV12@@Z+0x6e,6,0.0402,14925,19.999
fourteam_move_postfix,35072,battlezone98redux.exe!allocate,6,0.0402,14925,19.999
fourteam_move_postfix,35072,battlezone98redux.exe!sub_67c2a0,6,0.0402,14925,19.999
fourteam_move_postfix,35072,OgreMain.dll!??4GpuSharedParametersUsage@Ogre@@QAEAAV01@ABV01@@Z+0x27ae,6,0.0402,14925,19.999
fourteam_move_postfix,35072,OgreMain.dll+0x2b620,6,0.0402,14925,19.999
fourteam_move_postfix,35072,battlezone98redux.exe!sub_4588c0,6,0.0402,14925,19.999
fourteam_move_postfix,35072,nvwgf2um.dll!SetDependencyInfo+0x350d2,6,0.0402,14925,19.999
fourteam_move_postfix,35072,KERNEL32.DLL!FlsGetValue+0x1b,6,0.0402,14925,19.999
fourteam_move_postfix,35072,OgreMain.dll!?getLightDirection@AutoParamDataSource@Ogre@@UBEABVVector3@2@I@Z+0xb,6,0.0402,14925,19.999
fourteam_move_postfix,35072,battlezone98redux.exe!sub_4b6ef0,6,0.0402,14925,19.999
fourteam_move_postfix,35072,OgreMain.dll!?_getTexturePtr@TextureUnitState@Ogre@@QBEABV?$SharedPtr@VTexture@Ogre@@@2@I@Z+0x47,6,0.0402,14925,19.999
fourteam_move_postfix,35072,OgreMain.dll!?_getTexturePtr@TextureUnitState@Ogre@@QBEABV?$SharedPtr@VTexture@Ogre@@@2@XZ+0x7,6,0.0402,14925,19.999
fourteam_move_postfix,35072,battlezone98redux.exe!sub_43c6c0,6,0.0402,14925,19.999
fourteam_move_postfix,35072,battlezone98redux.exe!sub_43a7e0,6,0.0402,14925,19.999
fourteam_move_postfix,35072,battlezone98redux.exe!sub_447f60,6,0.0402,14925,19.999
fourteam_move_postfix,35072,RenderSystem_Direct3D11.dll!?_setTexture@D3D11RenderSystem@Ogre@@UAEXI_NABV?$SharedPtr@VTexture@Ogre@@@2@@Z+0x94,6,0.0402,14925,19.999
fourteam_move_postfix,35072,OgreMain.dll+0x41fb,6,0.0402,14925,19.999
fourteam_move_postfix,35072,OgreMain.dll!?_calcTempSquareDist@Light@Ogre@@QAEXABVVector3@2@@Z+0x4c,6,0.0402,14925,19.999
fourteam_move_postfix,35072,ntdll.dll!__fputwc_nolock+0x31,6,0.0402,14925,19.999
fourteam_move_postfix,35072,ntdll.dll!_mbtowc+0x39,6,0.0402,14925,19.999
fourteam_move_postfix,35072,OgreMain.dll!?getShadowCamera@LiSPSMShadowCameraSetup@Ogre@@UBEXPBVSceneManager@2@PBVCamera@2@PBVViewport@2@PBVLight@2@PAV42@I@Z+0x1d27,6,0.0402,14925,19.999
fourteam_move_postfix,35072,win32u.dll!_NtNotifyPresentToCompositionSurface@8+0xc,6,0.0402,14925,19.999
fourteam_move_postfix,35072,d3d11.dll!D3D11CoreCreateLayeredDevice+0xcef0,6,0.0402,14925,19.999
fourteam_move_postfix,35072,battlezone98redux.exe!sub_5e1310,6,0.0402,14925,19.999
fourteam_move_postfix,35072,ntdll.dll!__woutput_l+0x884,6,0.0402,14925,19.999
fourteam_move_postfix,35072,OgreMain.dll!?_detectImplementation@OptimisedUtil@Ogre@@KAPAV12@XZ+0x4599,6,0.0402,14925,19.999
fourteam_move_postfix,35072,battlezone98redux.exe!sub_822ae0,6,0.0402,14925,19.999
fourteam_move_postfix,35072,ntdll.dll!_RtlCustomCPToUnicodeN@24+0xc,6,0.0402,14925,19.999
fourteam_move_postfix,35072,OgreMain.dll!?_findNamedConstantDefinition@GpuProgramParameters@Ogre@@QBEPBUGpuConstantDefinition@2@ABV?$basic_string@DU?$char_traits@D@std@@V?$allocator@D@2@@std@@_N@Z+0x3,6,0.0402,14925,19.999
fourteam_move_postfix,35072,battlezone98redux.exe!sub_44eaa0,6,0.0402,14925,19.999
fourteam_move_postfix,35072,OgreMain.dll!??4GpuSharedParametersUsage@Ogre@@QAEAAV01@ABV01@@Z+0x2758,6,0.0402,14925,19.999
fourteam_move_postfix,35072,OgreMain.dll!?determinant@Matrix4@Ogre@@QBEMXZ+0xc3,6,0.0402,14925,19.999
fourteam_move_postfix,35072,d3d11.dll!D3D11CoreCreateLayeredDevice+0xbc34,6,0.0402,14925,19.999
fourteam_move_postfix,35072,RenderSystem_Direct3D11.dll!?uninstall@D3D11Plugin@Ogre@@UAEXXZ+0x624e,6,0.0402,14925,19.999
fourteam_move_postfix,35072,OgreMain.dll!?softwareVertexBlend@Mesh@Ogre@@SAXPBVVertexData@2@0PBQBVMatrix4@2@I_N@Z+0x271,6,0.0402,14925,19.999
fourteam_move_postfix,35072,OgreMain.dll!?_getFullTransform@Node@Ogre@@UBEABVMatrix4@2@XZ+0x1,6,0.0402,14925,19.999
fourteam_move_postfix,35072,OgreMain.dll!?getTechnique@SubEntity@Ogre@@UBEPAVTechnique@2@XZ,6,0.0402,14925,19.999
fourteam_move_postfix,35072,d3d11.dll!CreateDirect3D11DeviceFromDXGIDevice+0xa204b,6,0.0402,14925,19.999
fourteam_move_postfix,35072,battlezone98redux.exe!sub_45bbc0,6,0.0402,14925,19.999
fourteam_move_postfix,35072,nvwgf2um.dll!SetDependencyInfo+0x54242,6,0.0402,14925,19.999
fourteam_move_postfix,35072,OgreMain.dll!?updateFromParentImpl@Node@Ogre@@MBEXXZ+0x118,6,0.0402,14925,19.999
fourteam_move_postfix,35072,nvwgf2um.dll!SetDependencyInfo+0x4fe6e,6,0.0402,14925,19.999
fourteam_move_postfix,35072,OgreMain.dll!?_renderScene@SceneManager@Ogre@@UAEXPAVCamera@2@PAVViewport@2@_N@Z+0x4c4,6,0.0402,14925,19.999
fourteam_move_postfix,35072,MSVCR120.dll!__libm_sse2_acosf+0x1e,6,0.0402,14925,19.999
fourteam_move_postfix,35072,OgreMain.dll!?getResourceByName@ResourceManager@Ogre@@UAE?AV?$SharedPtr@VResource@Ogre@@@2@ABV?$basic_string@DU?$char_traits@D@std@@V?$allocator@D@2@@std@@0@Z+0x62,6,0.0402,14925,19.999
fourteam_move_postfix,35072,OgreMain.dll!?resourceExists@ResourceManager@Ogre@@UAE_NABV?$basic_string@DU?$char_traits@D@std@@V?$allocator@D@2@@std@@@Z+0x18,6,0.0402,14925,19.999
fourteam_move_postfix,35072,OgreMain.dll!?_findNamedConstantDefinition@GpuProgramParameters@Ogre@@QBEPBUGpuConstantDefinition@2@ABV?$basic_string@DU?$char_traits@D@std@@V?$allocator@D@2@@std@@_N@Z+0xba,6,0.0402,14925,19.999
fourteam_move_postfix,35072,RenderSystem_Direct3D11.dll!?isVisible@D3D11RenderWindowHwnd@Ogre@@UBE_NXZ+0xf,6,0.0402,14925,19.999
fourteam_move_postfix,35072,dxgi.dll!DXGIDisableVBlankVirtualization+0x3b0ee,6,0.0402,14925,19.999
fourteam_move_postfix,35072,OgreMain.dll!?renderOneFrame@Root@Ogre@@QAE_NXZ+0x8,6,0.0402,14925,19.999
fourteam_move_postfix,35072,d3d11.dll!CreateDirect3D11DeviceFromDXGIDevice+0x9f772,5,0.0335,14925,19.999
fourteam_move_postfix,35072,MSVCR120.dll!__libm_sse2_asinf+0x9c,5,0.0335,14925,19.999
fourteam_move_postfix,35072,OgreMain.dll+0x1e6a,5,0.0335,14925,19.999
fourteam_move_postfix,35072,ntdll.dll!_RtlDeleteBoundaryDescriptor@4+0x18,5,0.0335,14925,19.999
fourteam_move_postfix,35072,OgreMain.dll!?_setTextureUnitSettings@RenderSystem@Ogre@@UAEXIAAVTextureUnitState@2@@Z+0x22c,5,0.0335,14925,19.999
fourteam_move_postfix,35072,d3d11.dll+0x30f0b,5,0.0335,14925,19.999
fourteam_move_postfix,35072,ntdll.dll!_RtlLeaveCriticalSection@4+0x2e,5,0.0335,14925,19.999
fourteam_move_postfix,35072,OgreMain.dll!?getMaterial@SubEntity@Ogre@@UBEABV?$SharedPtr@VMaterial@Ogre@@@2@XZ,5,0.0335,14925,19.999
fourteam_move_postfix,35072,OgreMain.dll+0x3a468,5,0.0335,14925,19.999
fourteam_move_postfix,35072,KERNEL32.DLL!GetCurrentThreadId+0x6,5,0.0335,14925,19.999
fourteam_move_postfix,35072,nvwgf2um.dll!OpenAdapter10+0x76d27,5,0.0335,14925,19.999
fourteam_move_postfix,35072,d3d11.dll!D3D11CoreCreateDevice+0x3dc4,5,0.0335,14925,19.999
fourteam_move_postfix,35072,nvwgf2um.dll!OpenAdapter10+0x72ff7,5,0.0335,14925,19.999
fourteam_move_postfix,35072,MSVCR120.dll!_memccpy+0xbc,5,0.0335,14925,19.999
fourteam_move_postfix,35072,ntdll.dll!_LdrpAcquireModuleDatatableLockShared@0+0xd,5,0.0335,14925,19.999
fourteam_move_postfix,35072,OgreMain.dll+0x1fc30,5,0.0335,14925,19.999
fourteam_move_postfix,35072,OgreMain.dll!?getConstantDefinition@GpuProgramParameters@Ogre@@QBEABUGpuConstantDefinition@2@ABV?$basic_string@DU?$char_traits@D@std@@V?$allocator@D@2@@std@@@Z+0x17,5,0.0335,14925,19.999
fourteam_move_postfix,35072,OgreMain.dll!?unlock@HardwareBuffer@Ogre@@UAEXXZ+0x1,5,0.0335,14925,19.999
fourteam_move_postfix,35072,RenderSystem_Direct3D11.dll!?setVertexBufferBinding@D3D11RenderSystem@Ogre@@UAEXPAVVertexBufferBinding@2@@Z+0x118,5,0.0335,14925,19.999
fourteam_move_postfix,35072,MSVCR120.dll!floor,5,0.0335,14925,19.999
fourteam_move_postfix,35072,MSVCR120.dll!floor+0x10,5,0.0335,14925,19.999
fourteam_move_postfix,35072,OgreMain.dll!?_findNamedConstantDefinition@GpuProgramParameters@Ogre@@QBEPBUGpuConstantDefinition@2@ABV?$basic_string@DU?$char_traits@D@std@@V?$allocator@D@2@@std@@_N@Z+0xd2,5,0.0335,14925,19.999
fourteam_move_postfix,35072,d3d11.dll+0x30d65,5,0.0335,14925,19.999
fourteam_move_postfix,35072,d3d11.dll!CreateDirect3D11DeviceFromDXGIDevice+0x9abe3,5,0.0335,14925,19.999
fourteam_move_postfix,35072,OgreMain.dll!?createTechnique@Material@Ogre@@QAEPAVTechnique@2@XZ+0xaf6,5,0.0335,14925,19.999
fourteam_move_postfix,35072,battlezone98redux.exe!sub_417460,5,0.0335,14925,19.999
fourteam_move_postfix,35072,ntdll.dll!__woutput_l+0xe0,5,0.0335,14925,19.999
fourteam_move_postfix,35072,OgreMain.dll!?_findNamedConstantDefinition@GpuProgramParameters@Ogre@@QBEPBUGpuConstantDefinition@2@ABV?$basic_string@DU?$char_traits@D@std@@V?$allocator@D@2@@std@@_N@Z+0x1af,5,0.0335,14925,19.999
fourteam_move_postfix,35072,OgreMain.dll!?setCurrentRenderable@AutoParamDataSource@Ogre@@UAEXPBVRenderable@2@@Z+0x5b,5,0.0335,14925,19.999
fourteam_move_postfix,35072,battlezone98redux.exe!sub_6669f0,5,0.0335,14925,19.999
fourteam_move_postfix,35072,OgreMain.dll!?_updateAutoParams@Pass@Ogre@@QBEXPBVAutoParamDataSource@2@G@Z+0x11c,5,0.0335,14925,19.999
fourteam_move_postfix,35072,MSVCR120.dll!__libm_sse2_asinf+0x3e,5,0.0335,14925,19.999
fourteam_move_postfix,35072,OgreMain.dll!?getLightSpecularColourWithPower@AutoParamDataSource@Ogre@@UBE?BVColourValue@2@I@Z+0xd,5,0.0335,14925,19.999
fourteam_move_postfix,35072,OgreMain.dll!?_detectImplementation@OptimisedUtil@Ogre@@KAPAV12@XZ+0x464e,5,0.0335,14925,19.999
fourteam_move_postfix,35072,d3d11.dll!CreateDirect3D11DeviceFromDXGIDevice+0x9a900,5,0.0335,14925,19.999
fourteam_move_postfix,35072,d3d11.dll!CreateDirect3D11DeviceFromDXGIDevice+0x9a798,5,0.0335,14925,19.999
fourteam_move_postfix,35072,OgreMain.dll!?_getTexturedRectangle2D@CompositorManager@Ogre@@QAEPAVRenderable@2@XZ+0x13e,5,0.0335,14925,19.999
fourteam_move_postfix,35072,OgreMain.dll!?touchVertexBufferCopy@HardwareBufferManagerBase@Ogre@@UAEXABVHardwareVertexBufferSharedPtr@2@@Z+0x41,5,0.0335,14925,19.999
fourteam_move_postfix,35072,battlezone98redux.exe!sub_4bb060,5,0.0335,14925,19.999
fourteam_move_postfix,35072,nvwgf2um.dll!NVENCODEAPI_Thunk+0x217652,5,0.0335,14925,19.999
fourteam_move_postfix,35072,battlezone98redux.exe!sub_4eb7e0,5,0.0335,14925,19.999
fourteam_move_postfix,35072,d3d11.dll!CreateDirect3D11DeviceFromDXGIDevice+0x603ff,5,0.0335,14925,19.999
fourteam_move_postfix,35072,MSVCR120.dll!__libm_sse2_acosf+0x124,5,0.0335,14925,19.999
fourteam_move_postfix,35072,ntdll.dll!_RtlpGetCodePageData@4+0x18,5,0.0335,14925,19.999
fourteam_move_postfix,35072,d3d11.dll!CreateDirect3D11DeviceFromDXGIDevice+0xbc587,5,0.0335,14925,19.999
fourteam_move_postfix,35072,ntdll.dll!write_char+0x9,5,0.0335,14925,19.999
fourteam_move_postfix,35072,MSVCR120.dll!wcschr+0xca,5,0.0335,14925,19.999
fourteam_move_postfix,35072,OgreMain.dll+0x22d9a,5,0.0335,14925,19.999
fourteam_move_postfix,35072,OgreMain.dll!?hasViewRelativeTextureCoordinateGeneration@TextureUnitState@Ogre@@QBE_NXZ+0xa,5,0.0335,14925,19.999
fourteam_move_postfix,35072,OgreMain.dll!??1QueuedRenderableCollection@Ogre@@QAE@XZ+0xb16,5,0.0335,14925,19.999
fourteam_move_postfix,35072,battlezone98redux.exe!sub_784000,5,0.0335,14925,19.999
fourteam_move_postfix,35072,OgreMain.dll!?transpose@Matrix4@Ogre@@QBE?AV12@XZ+0x1c,5,0.0335,14925,19.999
fourteam_move_postfix,35072,OgreMain.dll!?merge@VisibleObjectsBoundsInfo@Ogre@@QAEXABVAxisAlignedBox@2@ABVSphere@2@PBVCamera@2@_N@Z+0x13a,5,0.0335,14925,19.999
fourteam_move_postfix,35072,d3d11.dll!D3D11CoreCreateDevice+0x1d284,5,0.0335,14925,19.999
fourteam_move_postfix,35072,d3d11.dll!D3D11CoreCreateDevice+0x1d20d,5,0.0335,14925,19.999
fourteam_move_postfix,35072,OgreMain.dll!?ACos@Math@Ogre@@SA?AVRadian@2@M@Z,5,0.0335,14925,19.999
fourteam_move_postfix,35072,OgreMain.dll!?setSplitPassesByLightingType@RenderQueue@Ogre@@QAEX_N@Z+0x1e,5,0.0335,14925,19.999
fourteam_move_postfix,35072,MSVCR120.dll!memcpy+0xa,5,0.0335,14925,19.999
fourteam_move_postfix,35072,d3d11.dll!CreateDirect3D11DeviceFromDXGIDevice+0xa45e0,5,0.0335,14925,19.999
fourteam_move_postfix,35072,OgreMain.dll!?FastHash@Ogre@@YAIPBDHI@Z+0x3e,5,0.0335,14925,19.999
fourteam_move_postfix,35072,d3d11.dll!D3D11CoreCreateDevice+0x11a9d,5,0.0335,14925,19.999
fourteam_move_postfix,35072,OgreMain.dll!?getValueImpl@DistanceLodStrategyBase@Ogre@@MBEMPBVMovableObject@2@PBVCamera@2@@Z+0x9d,5,0.0335,14925,19.999
fourteam_move_postfix,35072,battlezone98redux.exe!sub_421ec0,5,0.0335,14925,19.999
fourteam_move_postfix,35072,OgreMain.dll!?needUpdate@Bone@Ogre@@UAEX_N@Z+0xe,5,0.0335,14925,19.999
fourteam_move_postfix,35072,win32u.dll!_NtGdiDdDDICheckMonitorPowerState@4+0xc,5,0.0335,14925,19.999
fourteam_move_postfix,35072,d3d11.dll+0x3671a,5,0.0335,14925,19.999
fourteam_move_postfix,35072,OgreMain.dll!?createTechnique@Material@Ogre@@QAEPAVTechnique@2@XZ+0xa35,5,0.0335,14925,19.999
fourteam_move_postfix,35072,dxgi.dll!DXGIDisableVBlankVirtualization+0x20b38,5,0.0335,14925,19.999
fourteam_move_postfix,35072,OgreMain.dll!?_detectImplementation@OptimisedUtil@Ogre@@KAPAV12@XZ+0x46dc,5,0.0335,14925,19.999
fourteam_move_postfix,35072,battlezone98redux.exe!sub_6a3490,5,0.0335,14925,19.999
fourteam_move_postfix,35072,RenderSystem_Direct3D11.dll!?_render@D3D11RenderSystem@Ogre@@UAEXABVRenderOperation@2@@Z+0x64b,5,0.0335,14925,19.999
fourteam_move_postfix,35072,ntdll.dll!_RtlCustomCPToUnicodeN@24+0x6b,5,0.0335,14925,19.999
fourteam_move_postfix,35072,battlezone98redux.exe!sub_6869c0,5,0.0335,14925,19.999
fourteam_move_postfix,35072,battlezone98redux.exe!sub_44f820,5,0.0335,14925,19.999
fourteam_move_postfix,35072,battlezone98redux.exe!sub_68af70,5,0.0335,14925,19.999
fourteam_move_postfix,35072,OgreMain.dll!?getBestTechnique@Material@Ogre@@QAEPAVTechnique@2@GPBVRenderable@2@@Z+0x8d,5,0.0335,14925,19.999
fourteam_move_postfix,35072,OgreMain.dll!?getBestTechnique@Material@Ogre@@QAEPAVTechnique@2@GPBVRenderable@2@@Z+0x69,5,0.0335,14925,19.999
fourteam_move_postfix,35072,d3d11.dll!CreateDirect3D11DeviceFromDXGIDevice+0xbae56,5,0.0335,14925,19.999
fourteam_move_postfix,35072,nvwgf2um.dll!NVAPI_Thunk+0x7948,5,0.0335,14925,19.999
fourteam_move_postfix,35072,battlezone98redux.exe!sub_423b10,5,0.0335,14925,19.999
fourteam_move_postfix,35072,OgreMain.dll+0xef9d,5,0.0335,14925,19.999
fourteam_move_postfix,35072,MSVCR120.dll!__libm_sse2_asinf+0x1db,5,0.0335,14925,19.999
fourteam_move_postfix,35072,OgreMain.dll!?isViewOutOfDate@Camera@Ogre@@MBE_NXZ+0x1,5,0.0335,14925,19.999
fourteam_move_postfix,35072,battlezone98redux.exe!sub_4b6c80,5,0.0335,14925,19.999
fourteam_move_postfix,35072,RenderSystem_Direct3D11.dll!?getMonitorSequentialNumberFromSwapChain@MonitorInfo@Ogre@@QAEGPAUIDXGISwapChain@@_N@Z+0xb8a,5,0.0335,14925,19.999
fourteam_move_postfix,35072,battlezone98redux.exe!sub_5938f0,5,0.0335,14925,19.999
fourteam_move_postfix,35072,battlezone98redux.exe!sub_592f00,5,0.0335,14925,19.999
fourteam_move_postfix,35072,battlezone98redux.exe!sub_593570,5,0.0335,14925,19.999
fourteam_move_postfix,35072,battlezone98redux.exe!sub_67b9d0,5,0.0335,14925,19.999
fourteam_move_postfix,35072,OgreMain.dll!?isFloat@GpuConstantDefinition@Ogre@@SA_NW4GpuConstantType@2@@Z+0x7,5,0.0335,14925,19.999
fourteam_move_postfix,35072,MSVCR120.dll!__libm_sse2_acosf+0xc4,5,0.0335,14925,19.999
fourteam_move_postfix,35072,d3d11.dll+0x30d63,5,0.0335,14925,19.999
fourteam_move_postfix,35072,OgreMain.dll+0x1d354,5,0.0335,14925,19.999
fourteam_move_postfix,35072,OgreMain.dll!?merge@VisibleObjectsBoundsInfo@Ogre@@QAEXABVAxisAlignedBox@2@ABVSphere@2@PBVCamera@2@_N@Z+0x10,5,0.0335,14925,19.999
fourteam_move_postfix,35072,OgreMain.dll!?_updateBounds@SceneNode@Ogre@@UAEXXZ+0x238,5,0.0335,14925,19.999
fourteam_move_postfix,35072,ntdll.dll!_RtlCustomCPToUnicodeN@24+0x2c,5,0.0335,14925,19.999
fourteam_move_postfix,35072,ntdll.dll!_RtlMultiByteToUnicodeN@20+0x8,5,0.0335,14925,19.999
fourteam_move_postfix,35072,RenderSystem_Direct3D11.dll!?_render@D3D11RenderSystem@Ogre@@UAEXABVRenderOperation@2@@Z+0xc13,5,0.0335,14925,19.999
fourteam_move_postfix,35072,d3d11.dll+0x35ea9,5,0.0335,14925,19.999
fourteam_move_postfix,35072,OgreMain.dll!?_getDelegate@UnifiedHighLevelGpuProgram@Ogre@@QBEABV?$SharedPtr@VHighLevelGpuProgram@Ogre@@@2@XZ+0x7,5,0.0335,14925,19.999
fourteam_move_postfix,35072,OgreMain.dll!?_setTextureUnitSettings@RenderSystem@Ogre@@UAEXIAAVTextureUnitState@2@@Z+0x29a,5,0.0335,14925,19.999
fourteam_move_postfix,35072,OgreMain.dll!?ASin@Math@Ogre@@SA?AVRadian@2@M@Z+0xf,5,0.0335,14925,19.999
fourteam_move_postfix,35072,OgreMain.dll+0x10d11,5,0.0335,14925,19.999
fourteam_move_postfix,35072,OgreMain.dll!?_updateViewport@RenderTarget@Ogre@@UAEXPAVViewport@2@_N@Z+0x3f,5,0.0335,14925,19.999
fourteam_move_postfix,35072,OgreMain.dll!?fireViewportPostUpdate@RenderTarget@Ogre@@MAEXPAVViewport@2@@Z+0x3b,5,0.0335,14925,19.999
fourteam_move_postfix,35072,OgreMain.dll!?merge@VisibleObjectsBoundsInfo@Ogre@@QAEXABVAxisAlignedBox@2@ABVSphere@2@PBVCamera@2@_N@Z+0x1f,5,0.0335,14925,19.999
fourteam_move_postfix,35072,d3d11.dll!D3D11CoreCreateLayeredDevice+0xb6a2,5,0.0335,14925,19.999
fourteam_move_postfix,35072,d3d11.dll!CreateDirect3D11DeviceFromDXGIDevice+0xbbe96,5,0.0335,14925,19.999
fourteam_move_postfix,35072,OgreMain.dll!?getLightAttenuation@AutoParamDataSource@Ogre@@UBE?AVVector4@2@I@Z+0xf,5,0.0335,14925,19.999
fourteam_move_postfix,35072,RenderSystem_Direct3D11.dll!?_render@D3D11RenderSystem@Ogre@@UAEXABVRenderOperation@2@@Z+0x14d9,5,0.0335,14925,19.999
fourteam_move_postfix,35072,OgreMain.dll!?_renderScene@Camera@Ogre@@QAEXPAVViewport@2@_N@Z+0xbf,5,0.0335,14925,19.999
fourteam_move_postfix,35072,OgreMain.dll!?isVisible@Frustum@Ogre@@UBE_NABVAxisAlignedBox@2@PAW4FrustumPlane@2@@Z+0x76,5,0.0335,14925,19.999
fourteam_move_postfix,35072,battlezone98redux.exe!get,5,0.0335,14925,19.999
fourteam_move_postfix,35072,OgreMain.dll!?isViewOutOfDate@Camera@Ogre@@MBE_NXZ+0x51b,5,0.0335,14925,19.999
fourteam_move_postfix,35072,OgreMain.dll!?isVisible@ShadowRenderable@Ogre@@UBE_NXZ+0x24d,5,0.0335,14925,19.999
fourteam_move_postfix,35072,MSVCR120.dll!memcpy+0x1,5,0.0335,14925,19.999
fourteam_move_postfix,35072,battlezone98redux.exe!sub_443370,5,0.0335,14925,19.999
fourteam_move_postfix,35072,OgreMain.dll!?_findVisibleObjects@SceneNode@Ogre@@UAEXPAVCamera@2@PAVRenderQueue@2@PAUVisibleObjectsBoundsInfo@2@_N33@Z+0x68,5,0.0335,14925,19.999
fourteam_move_postfix,35072,OgreMain.dll!?getLightAs4DVector@AutoParamDataSource@Ogre@@UBE?AVVector4@2@I@Z+0x10,5,0.0335,14925,19.999
fourteam_move_postfix,35072,d3d11.dll+0x31b1f,5,0.0335,14925,19.999
fourteam_move_postfix,35072,dxgi.dll!DXGIGetDebugInterface1+0xed4c,5,0.0335,14925,19.999
fourteam_move_postfix,35072,dxgi.dll!DXGID3D10CreateDevice+0x3c27,5,0.0335,14925,19.999
fourteam_move_postfix,35072,battlezone98redux.exe!sub_48fca0,5,0.0335,14925,19.999
fourteam_move_postfix,35072,nvwgf2um.dll!NVENCODEAPI_Thunk+0x2178c1,5,0.0335,14925,19.999
fourteam_move_postfix,35072,ntdll.dll!_ZwOpenFile@24+0xc,5,0.0335,14925,19.999
fourteam_move_postfix,35072,KERNEL32.DLL!BaseDllReadWriteIniFile+0x1ac,5,0.0335,14925,19.999
fourteam_move_postfix,35072,OgreMain.dll!?setCurrentLightList@AutoParamDataSource@Ogre@@UAEXPBV?$HashedVector@PAVLight@Ogre@@@2@@Z+0x43,5,0.0335,14925,19.999
fourteam_move_postfix,35072,OgreMain.dll!?renderSingleObject@SceneManager@Ogre@@MAEXPAVRenderable@2@PBVPass@2@_N2PBV?$HashedVector@PAVLight@Ogre@@@2@@Z+0x2b9,5,0.0335,14925,19.999
fourteam_move_postfix,35072,RenderSystem_Direct3D11.dll!?clearFrameBuffer@D3D11RenderSystem@Ogre@@UAEXIABVColourValue@2@MG@Z+0x67,5,0.0335,14925,19.999
fourteam_move_postfix,35072,RenderSystem_Direct3D11.dll!?getConstantBuffer@D3D11HLSLProgram@Ogre@@QAEPAUID3D11Buffer@@V?$SharedPtr@VGpuProgramParameters@Ogre@@@2@G@Z+0x100,5,0.0335,14925,19.999
fourteam_move_postfix,35072,ntdll.dll!_ZwClose@4+0xc,5,0.0335,14925,19.999
fourteam_move_postfix,35072,ntdll.dll!__aulldvrm+0x25,5,0.0335,14925,19.999
fourteam_move_postfix,35072,ntdll.dll!_ZwSetInformationThread@16+0xc,5,0.0335,14925,19.999
fourteam_move_postfix,35072,KERNELBASE.dll!DeleteFile2W+0x3e4,5,0.0335,14925,19.999
fourteam_move_postfix,35072,OgreMain.dll!?isVisible@Frustum@Ogre@@UBE_NABVAxisAlignedBox@2@PAW4FrustumPlane@2@@Z+0x10,5,0.0335,14925,19.999
fourteam_move_postfix,35072,nvspcap.dll!QueryShadowPlayDdiShimStatus+0x23eb7,5,0.0335,14925,19.999
fourteam_move_postfix,35072,nvwgf2um.dll!NVENCODEAPI_Thunk+0x217c9b,5,0.0335,14925,19.999
fourteam_move_postfix,35072,OgreMain.dll!?_writeRawConstant@GpuProgramParameters@Ogre@@QAEXIABVVector4@2@I@Z+0x1a,5,0.0335,14925,19.999
fourteam_move_postfix,35072,RenderSystem_Direct3D11.dll!?getConstantBuffer@D3D11HLSLProgram@Ogre@@QAEPAUID3D11Buffer@@V?$SharedPtr@VGpuProgramParameters@Ogre@@@2@G@Z+0xf0,5,0.0335,14925,19.999
fourteam_move_postfix,35072,nvwgf2um.dll!SetDependencyInfo+0x35072,5,0.0335,14925,19.999
fourteam_move_postfix,35072,nvwgf2um.dll!NVAPI_Thunk+0x77fe,5,0.0335,14925,19.999
fourteam_move_postfix,35072,ntdll.dll!_RtlMultiByteToUnicodeN@20+0x23,5,0.0335,14925,19.999
fourteam_move_postfix,35072,OgreMain.dll!?updateView@Frustum@Ogre@@MBEXXZ,5,0.0335,14925,19.999
fourteam_move_postfix,35072,OgreMain.dll!?setVisible@MovableObject@Ogre@@UAEX_N@Z+0x2c,5,0.0335,14925,19.999
fourteam_move_postfix,35072,OgreMain.dll!?updateFrustum@Frustum@Ogre@@MBEXXZ,5,0.0335,14925,19.999
fourteam_move_postfix,35072,ntdll.dll!__aulldvrm+0x15,5,0.0335,14925,19.999
fourteam_move_postfix,35072,OgreMain.dll!?angleBetween@Vector3@Ogre@@QBE?AVRadian@2@ABV12@@Z+0xbf,5,0.0335,14925,19.999
fourteam_move_postfix,35072,battlezone98redux.exe!sub_62cc50,5,0.0335,14925,19.999
fourteam_move_postfix,35072,battlezone98redux.exe!sub_77bf30,5,0.0335,14925,19.999
fourteam_move_postfix,35072,OgreMain.dll!?renderSingleObject@SceneManager@Ogre@@MAEXPAVRenderable@2@PBVPass@2@_N2PBV?$HashedVector@PAVLight@Ogre@@@2@@Z+0x247,5,0.0335,14925,19.999
fourteam_move_postfix,35072,battlezone98redux.exe!sub_4af060,5,0.0335,14925,19.999
fourteam_move_postfix,35072,OgreMain.dll!?_fireFrameEnded@Root@Ogre@@QAE_NAAUFrameEvent@2@@Z+0x9d,5,0.0335,14925,19.999
fourteam_move_postfix,35072,OgreMain.dll!?getWorldViewMatrix@AutoParamDataSource@Ogre@@UBEABVMatrix4@2@XZ+0x22f,5,0.0335,14925,19.999
fourteam_move_postfix,35072,ntdll.dll!@RtlpLowFragHeapAllocFromContext@16+0x4c,5,0.0335,14925,19.999
fourteam_move_postfix,35072,USER32.dll!MsgWaitForMultipleObjectsEx+0xd8,5,0.0335,14925,19.999
fourteam_move_postfix,35072,dxgi.dll!DXGID3D10CreateDevice+0xd76,5,0.0335,14925,19.999
fourteam_move_postfix,35072,OgreMain.dll!?_getRenderOperation@SubMesh@Ogre@@QAEXAAVRenderOperation@2@G@Z+0x37,5,0.0335,14925,19.999
fourteam_move_postfix,35072,MSVCR120.dll!__libm_sse2_asinf+0x78,5,0.0335,14925,19.999
fourteam_move_postfix,35072,d3d11.dll+0x2c3a6,5,0.0335,14925,19.999
fourteam_move_postfix,35072,RenderSystem_Direct3D11.dll!?getConstantBuffer@D3D11HLSLProgram@Ogre@@QAEPAUID3D11Buffer@@V?$SharedPtr@VGpuProgramParameters@Ogre@@@2@G@Z+0x9c,5,0.0335,14925,19.999
fourteam_move_postfix,35072,MSVCR120.dll!__libm_sse2_acosf+0x93,5,0.0335,14925,19.999
fourteam_move_postfix,35072,OgreMain.dll!?isTransparentSortingForced@Technique@Ogre@@QBE_NXZ+0x2,5,0.0335,14925,19.999
fourteam_move_postfix,35072,OgreMain.dll!??4GpuSharedParametersUsage@Ogre@@QAEAAV01@ABV01@@Z+0x2711,5,0.0335,14925,19.999
fourteam_move_postfix,35072,OgreMain.dll!?clone@Animation@Ogre@@QBEPAV12@ABV?$basic_string@DU?$char_traits@D@std@@V?$allocator@D@2@@std@@@Z+0x2e4,5,0.0335,14925,19.999
fourteam_move_postfix,35072,nvwgf2um.dll!OpenAdapter10+0x726e1,5,0.0335,14925,19.999
fourteam_move_postfix,35072,d3d11.dll+0x27029,5,0.0335,14925,19.999
fourteam_move_postfix,35072,OgreMain.dll!?_updateAutoParams@GpuProgramParameters@Ogre@@QAEXPBVAutoParamDataSource@2@G@Z+0x1246,5,0.0335,14925,19.999
fourteam_move_postfix,35072,OgreMain.dll!?getSide@Plane@Ogre@@QBE?AW4Side@12@ABVVector3@2@0@Z+0x67,5,0.0335,14925,19.999
fourteam_move_postfix,35072,battlezone98redux.exe!sub_5fb450,5,0.0335,14925,19.999
fourteam_move_postfix,35072,OgreMain.dll!??RlightLess@SceneManager@Ogre@@QBE_NPBVLight@2@0@Z+0x6,5,0.0335,14925,19.999
fourteam_move_postfix,35072,OgreMain.dll!?useLightsGpuProgram@SceneManager@Ogre@@MAEXPBVPass@2@PBV?$HashedVector@PAVLight@Ogre@@@2@@Z+0xe,5,0.0335,14925,19.999
fourteam_move_postfix,35072,OgreMain.dll!?merge@RenderPriorityGroup@Ogre@@QAEXPBV12@@Z+0xfb,5,0.0335,14925,19.999
fourteam_move_postfix,35072,RenderSystem_Direct3D11.dll!?bindGpuProgramParameters@D3D11RenderSystem@Ogre@@UAEXW4GpuProgramType@2@V?$SharedPtr@VGpuProgramParameters@Ogre@@@2@G@Z+0x17,5,0.0335,14925,19.999
fourteam_move_postfix,35072,OgreMain.dll!?updatePoint@RotationalSpline@Ogre@@QAEXGABVQuaternion@2@@Z+0xb008,4,0.0268,14925,19.999
fourteam_move_postfix,35072,OgreMain.dll!?isInLightRange@Light@Ogre@@QBE_NABVSphere@2@@Z+0x7e,4,0.0268,14925,19.999
fourteam_move_postfix,35072,OgreMain.dll!?updateFromParentImpl@SceneNode@Ogre@@MBEXXZ+0x11,4,0.0268,14925,19.999
fourteam_move_postfix,35072,OgreMain.dll!?populateFrameEvent@Root@Ogre@@IAEXW4FrameEventTimeType@12@AAUFrameEvent@2@@Z+0x1f,4,0.0268,14925,19.999
fourteam_move_postfix,35072,OgreMain.dll!?visitRenderables@Entity@Ogre@@UAEXPAVVisitor@Renderable@2@_N@Z+0x32,4,0.0268,14925,19.999
fourteam_move_postfix,35072,OgreMain.dll!?getBestTechnique@Material@Ogre@@QAEPAVTechnique@2@GPBVRenderable@2@@Z+0x41,4,0.0268,14925,19.999
fourteam_move_postfix,35072,MSVCR120.dll!__libm_sse2_acosf+0x130,4,0.0268,14925,19.999
fourteam_move_postfix,35072,OgreMain.dll!?getLightDiffuseColourWithPower@AutoParamDataSource@Ogre@@UBE?BVColourValue@2@I@Z+0x36,4,0.0268,14925,19.999
fourteam_move_postfix,35072,OgreMain.dll!?getParameters@GpuProgramUsage@Ogre@@QAE?AV?$SharedPtr@VGpuProgramParameters@Ogre@@@2@XZ+0x11,4,0.0268,14925,19.999
fourteam_move_postfix,35072,OgreMain.dll!?Ogre_InterlockedIncrement64@InterlockedCompareExchange64Wrapper@Ogre@@SA_JPC_J@Z+0x11ad,4,0.0268,14925,19.999
fourteam_move_postfix,35072,OgreMain.dll!?FastHash@Ogre@@YAIPBDHI@Z+0xa5,4,0.0268,14925,19.999
fourteam_move_postfix,35072,OgreMain.dll!?hasScale@Matrix4@Ogre@@QBE_NXZ+0x42,4,0.0268,14925,19.999
fourteam_move_postfix,35072,OgreMain.dll!??1HardwareVertexBufferSharedPtr@Ogre@@QAE@XZ,4,0.0268,14925,19.999
fourteam_move_postfix,35072,OgreMain.dll!?deriveShadowCasterPass@SceneManager@Ogre@@MAEPBVPass@2@PBV32@@Z+0x480,4,0.0268,14925,19.999
fourteam_move_postfix,35072,battlezone98redux.exe!sub_493d40,4,0.0268,14925,19.999
fourteam_move_postfix,35072,battlezone98redux.exe!sub_44eff0,4,0.0268,14925,19.999
fourteam_move_postfix,35072,dxgi.dll!DXGIDisableVBlankVirtualization+0x20ac8,4,0.0268,14925,19.999
fourteam_move_postfix,35072,OgreMain.dll!?isInLightRange@Light@Ogre@@QBE_NABVSphere@2@@Z+0x130,4,0.0268,14925,19.999
fourteam_move_postfix,35072,OgreMain.dll!?_findNamedConstantDefinition@GpuProgramParameters@Ogre@@QBEPBUGpuConstantDefinition@2@ABV?$basic_string@DU?$char_traits@D@std@@V?$allocator@D@2@@std@@_N@Z+0x1e,4,0.0268,14925,19.999
fourteam_move_postfix,35072,OgreMain.dll!?merge@VisibleObjectsBoundsInfo@Ogre@@QAEXABVAxisAlignedBox@2@ABVSphere@2@PBVCamera@2@_N@Z+0xc7,4,0.0268,14925,19.999
fourteam_move_postfix,35072,ntdll.dll!_RtlpFindUnicodeStringInSection@32+0x152,4,0.0268,14925,19.999
fourteam_move_postfix,35072,OgreMain.dll!?getAs4DVector@Light@Ogre@@QBE?AVVector4@2@_N@Z+0x57,4,0.0268,14925,19.999
fourteam_move_postfix,35072,battlezone98redux.exe!sub_4346a0,4,0.0268,14925,19.999
fourteam_move_postfix,35072,d3d11.dll+0x32179,4,0.0268,14925,19.999
fourteam_move_postfix,35072,d3d11.dll+0x31b86,4,0.0268,14925,19.999
fourteam_move_postfix,35072,OgreMain.dll!?getLodIndex@Mesh@Ogre@@QBEGM@Z+0x23,4,0.0268,14925,19.999
fourteam_move_postfix,35072,battlezone98redux.exe!basic_string<>,4,0.0268,14925,19.999
fourteam_move_postfix,35072,OgreMain.dll!?softwareVertexBlend@Mesh@Ogre@@SAXPBVVertexData@2@0PBQBVMatrix4@2@I_N@Z+0x22d,4,0.0268,14925,19.999
fourteam_move_postfix,35072,nvwgf2um.dll!SetDependencyInfo+0x4b369,4,0.0268,14925,19.999
fourteam_move_postfix,35072,d3d11.dll!D3D11CoreCreateDevice+0x96a9,4,0.0268,14925,19.999
fourteam_move_postfix,35072,d3d11.dll!CreateDirect3D11DeviceFromDXGIDevice+0xbc53d,4,0.0268,14925,19.999
fourteam_move_postfix,35072,d3d11.dll+0x3757c,4,0.0268,14925,19.999
fourteam_move_postfix,35072,OgreMain.dll!?_notifyCurrentCamera@Entity@Ogre@@UAEXPAVCamera@2@@Z+0x149,4,0.0268,14925,19.999
fourteam_move_postfix,35072,nvwgf2um.dll!OpenAdapter10+0x72b5d,4,0.0268,14925,19.999
fourteam_move_postfix,35072,nvwgf2um.dll!SetDependencyInfo+0x58362,4,0.0268,14925,19.999
fourteam_move_postfix,35072,nvwgf2um.dll!OpenAdapter10+0x74e9d,4,0.0268,14925,19.999
fourteam_move_postfix,35072,nvwgf2um.dll!OpenAdapter10+0x3fa,4,0.0268,14925,19.999
fourteam_move_postfix,35072,OgreMain.dll!?size@RenderQueueInvocationSequence@Ogre@@QBEIXZ+0x227b,4,0.0268,14925,19.999
fourteam_move_postfix,35072,OgreMain.dll!?sort@QueuedRenderableCollection@Ogre@@QAEXPBVCamera@2@@Z+0x5b,4,0.0268,14925,19.999
fourteam_move_postfix,35072,OgreMain.dll!?sort@RenderPriorityGroup@Ogre@@QAEXPBVCamera@2@@Z+0x46,4,0.0268,14925,19.999
fourteam_move_postfix,35072,d3d11.dll!D3D11CoreCreateLayeredDevice+0xce49,4,0.0268,14925,19.999
fourteam_move_postfix,35072,OgreMain.dll!?clone@Animation@Ogre@@QBEPAV12@ABV?$basic_string@DU?$char_traits@D@std@@V?$allocator@D@2@@std@@@Z+0x25c,4,0.0268,14925,19.999
fourteam_move_postfix,35072,battlezone98redux.exe!sub_44f090,4,0.0268,14925,19.999
fourteam_move_postfix,35072,OgreMain.dll!?isInLightRange@Light@Ogre@@QBE_NABVSphere@2@@Z+0x176,4,0.0268,14925,19.999
fourteam_move_postfix,35072,OgreMain.dll!?validateRenderableForRendering@SceneManager@Ogre@@MAE_NPBVPass@2@PBVRenderable@2@@Z+0x54,4,0.0268,14925,19.999
fourteam_move_postfix,35072,ntdll.dll!_ZwQuerySystemInformation@16+0xc,4,0.0268,14925,19.999
fourteam_move_postfix,35072,KERNELBASE.dll!LoadLibraryExA+0x58,4,0.0268,14925,19.999
fourteam_move_postfix,35072,d3d11.dll!CreateDirect3D11DeviceFromDXGIDevice+0xbbfda,4,0.0268,14925,19.999
fourteam_move_postfix,35072,OgreMain.dll!?isInLightRange@Light@Ogre@@QBE_NABVSphere@2@@Z+0xc6,4,0.0268,14925,19.999
fourteam_move_postfix,35072,WINMM.dll@6ea10000!BZROpenShim::`anonymous namespace'::CaptureSourceLayout+0x15a,4,0.0268,14925,19.999
fourteam_move_postfix,35072,WINMM.dll@6ea10000!BZROpenShim::`anonymous namespace'::HookSoftwareVertexBlend+0x1e2,4,0.0268,14925,19.999
fourteam_move_postfix,35072,OgreMain.dll!?getDerivedPosition@Light@Ogre@@QBEABVVector3@2@_N@Z+0x8,4,0.0268,14925,19.999
fourteam_move_postfix,35072,battlezone98redux.exe!sub_46d020,4,0.0268,14925,19.999
fourteam_move_postfix,35072,WINMM.dll@6ea10000!BZROpenShim::`anonymous namespace'::HookEntityUpdateAnimationCore+0xcd,4,0.0268,14925,19.999
fourteam_move_postfix,35072,OgreMain.dll!?determinant@Matrix4@Ogre@@QBEMXZ+0x8b,4,0.0268,14925,19.999
fourteam_move_postfix,35072,RenderSystem_Direct3D11.dll!?getCustomAttribute@D3D11RenderTexture@Ogre@@UAEXABV?$basic_string@DU?$char_traits@D@std@@V?$allocator@D@2@@std@@PAX@Z+0x13e,4,0.0268,14925,19.999
fourteam_move_postfix,35072,OgreMain.dll!?normalise@Vector3@Ogre@@QAEMXZ+0x9,4,0.0268,14925,19.999
fourteam_move_postfix,35072,Galaxy.dll!??4IGalaxy@api@galaxy@@QAEAAV012@ABV012@@Z+0x22629,4,0.0268,14925,19.999
fourteam_move_postfix,35072,Galaxy.dll!?ResetInstance@GalaxyFactory@api@galaxy@@SAXXZ+0x1a0e5,4,0.0268,14925,19.999
fourteam_move_postfix,35072,OgreMain.dll!?_setPass@SceneManager@Ogre@@UAEPBVPass@2@PBV32@_N1@Z+0x87d,4,0.0268,14925,19.999
fourteam_move_postfix,35072,MSVCR120.dll!floor+0x69,4,0.0268,14925,19.999
fourteam_move_postfix,35072,OgreMain.dll!?_findNamedConstantDefinition@GpuProgramParameters@Ogre@@QBEPBUGpuConstantDefinition@2@ABV?$basic_string@DU?$char_traits@D@std@@V?$allocator@D@2@@std@@_N@Z+0xdd,4,0.0268,14925,19.999
fourteam_move_postfix,35072,OgreMain.dll!?getIndexAscending@LodStrategy@Ogre@@KAGMABV?$vector@MV?$STLAllocator@MV?$CategorisedAllocPolicy@$0A@@Ogre@@@Ogre@@@std@@@Z+0x24,4,0.0268,14925,19.999
fourteam_move_postfix,35072,OgreMain.dll!?isVisible@Frustum@Ogre@@UBE_NABVAxisAlignedBox@2@PAW4FrustumPlane@2@@Z+0x74,4,0.0268,14925,19.999
fourteam_move_postfix,35072,d3d11.dll!D3DKMTWaitForVerticalBlankEvent+0x1115,4,0.0268,14925,19.999
fourteam_move_postfix,35072,OgreMain.dll+0x1f96f,4,0.0268,14925,19.999
fourteam_move_postfix,35072,OgreMain.dll!?_writeRawConstants@GpuProgramParameters@Ogre@@QAEXIPBMI@Z+0x1f,4,0.0268,14925,19.999
fourteam_move_postfix,35072,OgreMain.dll!?getWorldViewProjMatrix@AutoParamDataSource@Ogre@@UBEABVMatrix4@2@XZ+0x1,4,0.0268,14925,19.999
fourteam_move_postfix,35072,OgreMain.dll!?renderVisibleObjectsDefaultSequence@SceneManager@Ogre@@MAEXXZ+0xef,4,0.0268,14925,19.999
fourteam_move_postfix,35072,battlezone98redux.exe!sub_6ce790,4,0.0268,14925,19.999
fourteam_move_postfix,35072,nvwgf2um.dll!NVENCODEAPI_Thunk+0x217c8f,4,0.0268,14925,19.999
fourteam_move_postfix,35072,OgreMain.dll!?_populateLightList@SceneManager@Ogre@@UAEXABVVector3@2@MAAV?$HashedVector@PAVLight@Ogre@@@2@I@Z+0xbd,4,0.0268,14925,19.999
fourteam_move_postfix,35072,battlezone98redux.exe!sub_67dac0,4,0.0268,14925,19.999
fourteam_move_postfix,35072,OgreMain.dll!?_getCurrentSceneManager@Root@Ogre@@QBEPAVSceneManager@2@XZ+0x4d,4,0.0268,14925,19.999
fourteam_move_postfix,35072,nvwgf2um.dll!OpenAdapter10+0x77197,4,0.0268,14925,19.999
fourteam_move_postfix,35072,d3d11.dll!D3D11CoreCreateLayeredDevice+0x1495f,4,0.0268,14925,19.999
fourteam_move_postfix,35072,nvwgf2um.dll!OpenAdapter10+0x72db7,4,0.0268,14925,19.999
fourteam_move_postfix,35072,nvwgf2um.dll!SetDependencyInfo+0x4f970,4,0.0268,14925,19.999
fourteam_move_postfix,35072,ntdll.dll!_RtlAnsiCharToUnicodeChar@4+0x9,4,0.0268,14925,19.999
fourteam_move_postfix,35072,OgreMain.dll!?_writeRawConstants@GpuProgramParameters@Ogre@@QAEXIPBMI@Z+0x6,4,0.0268,14925,19.999
fourteam_move_postfix,35072,battlezone98redux.exe!sub_4221b0,4,0.0268,14925,19.999
fourteam_move_postfix,35072,ntdll.dll!_RtlCustomCPToUnicodeN@24+0x2,4,0.0268,14925,19.999
fourteam_move_postfix,35072,OgreMain.dll!?setAnimationState@Skeleton@Ogre@@UAEXABVAnimationStateSet@2@@Z+0x15,4,0.0268,14925,19.999
fourteam_move_postfix,35072,OgreMain.dll!?cacheBoneMatrices@Entity@Ogre@@IAE_NXZ+0x5d,4,0.0268,14925,19.999
fourteam_move_postfix,35072,MSVCR120.dll!log2f+0x11,4,0.0268,14925,19.999
fourteam_move_postfix,35072,OgreMain.dll!?updateView@Frustum@Ogre@@MBEXXZ+0x1d,4,0.0268,14925,19.999
fourteam_move_postfix,35072,OgreMain.dll!?merge@VisibleObjectsBoundsInfo@Ogre@@QAEXABVAxisAlignedBox@2@ABVSphere@2@PBVCamera@2@_N@Z+0x107,4,0.0268,14925,19.999
fourteam_move_postfix,35072,OgreMain.dll!?isHardwareAnimationEnabled@Entity@Ogre@@QAE_NXZ+0x10,4,0.0268,14925,19.999
fourteam_move_postfix,35072,battlezone98redux.exe!sub_46acc0,4,0.0268,14925,19.999
fourteam_move_postfix,35072,battlezone98redux.exe!sub_44fcc0,4,0.0268,14925,19.999
fourteam_move_postfix,35072,OgreMain.dll!?updatePoint@RotationalSpline@Ogre@@QAEXGABVQuaternion@2@@Z+0xb212,4,0.0268,14925,19.999
fourteam_move_postfix,35072,WINMM.dll@6ea10000!BZROpenShim::ChunkEffectSimulateHook+0x2ee,4,0.0268,14925,19.999
fourteam_move_postfix,35072,OgreMain.dll!?isInLightRange@Light@Ogre@@QBE_NABVSphere@2@@Z+0x70,4,0.0268,14925,19.999
fourteam_move_postfix,35072,OgreMain.dll!?_calcTempSquareDist@Light@Ogre@@QAEXABVVector3@2@@Z+0x20,4,0.0268,14925,19.999
fourteam_move_postfix,35072,ntdll.dll!__woutput_l+0xb9,4,0.0268,14925,19.999
fourteam_move_postfix,35072,OgreMain.dll!?_getCurrentSceneManager@Root@Ogre@@QBEPAVSceneManager@2@XZ+0x25,4,0.0268,14925,19.999
fourteam_move_postfix,35072,ntdll.dll!_LdrpReleaseModuleDatatableLockShared@0+0xd,4,0.0268,14925,19.999
fourteam_move_postfix,35072,MSVCR120.dll!__libm_sse2_acosf+0x10d,4,0.0268,14925,19.999
fourteam_move_postfix,35072,RenderSystem_Direct3D11.dll!??1D3D11RenderWindowSwapChainBased@Ogre@@UAE@XZ+0x40a,4,0.0268,14925,19.999
fourteam_move_postfix,35072,OgreMain.dll!?_getParentNodeFullTransform@MovableObject@Ogre@@UBEABVMatrix4@2@XZ+0x9,4,0.0268,14925,19.999
fourteam_move_postfix,35072,d3d11.dll!CreateDirect3D11DeviceFromDXGIDevice+0x9f1f2,4,0.0268,14925,19.999
fourteam_move_postfix,35072,d3d11.dll!CreateDirect3D11DeviceFromDXGIDevice+0xbd2e0,4,0.0268,14925,19.999
fourteam_move_postfix,35072,OgreMain.dll!?isVisible@Frustum@Ogre@@UBE_NABVAxisAlignedBox@2@PAW4FrustumPlane@2@@Z+0x91,4,0.0268,14925,19.999
fourteam_move_postfix,35072,MSVCR120.dll!__libm_sse2_asinf+0xf,4,0.0268,14925,19.999
fourteam_move_postfix,35072,OgreMain.dll!?_calcTempSquareDist@Light@Ogre@@QAEXABVVector3@2@@Z+0x30,4,0.0268,14925,19.999
fourteam_move_postfix,35072,OgreMain.dll!?lock@HardwareBuffer@Ogre@@UAEPAXIIW4LockOptions@12@W4UploadOptions@12@@Z+0x191,4,0.0268,14925,19.999
fourteam_move_postfix,35072,OgreMain.dll!?updatePoint@RotationalSpline@Ogre@@QAEXGABVQuaternion@2@@Z+0xb084,4,0.0268,14925,19.999
fourteam_move_postfix,35072,OgreMain.dll!?getWorldViewMatrix@AutoParamDataSource@Ogre@@UBEABVMatrix4@2@XZ+0x206,4,0.0268,14925,19.999
fourteam_move_postfix,35072,OgreMain.dll!?getSide@Plane@Ogre@@QBE?AW4Side@12@ABVVector3@2@0@Z+0x7,4,0.0268,14925,19.999
fourteam_move_postfix,35072,OgreMain.dll!?getGlobalInstanceVertexBufferVertexDeclaration@RenderSystem@Ogre@@QBEPAVVertexDeclaration@2@XZ,4,0.0268,14925,19.999
fourteam_move_postfix,35072,OgreMain.dll!?getWorldViewMatrix@AutoParamDataSource@Ogre@@UBEABVMatrix4@2@XZ+0x45,4,0.0268,14925,19.999
fourteam_move_postfix,35072,OgreMain.dll!?getConstantDefinition@GpuProgramParameters@Ogre@@QBEABUGpuConstantDefinition@2@ABV?$basic_string@DU?$char_traits@D@std@@V?$allocator@D@2@@std@@@Z,4,0.0268,14925,19.999
fourteam_move_postfix,35072,OgreMain.dll!?useRenderableViewProjMode@SceneManager@Ogre@@MAEXPBVRenderable@2@_N@Z,4,0.0268,14925,19.999
fourteam_move_postfix,35072,OgreMain.dll!?isHardwareAnimationEnabled@Entity@Ogre@@QAE_NXZ+0x1a,4,0.0268,14925,19.999
fourteam_move_postfix,35072,RenderSystem_Direct3D11.dll!?_render@D3D11RenderSystem@Ogre@@UAEXABVRenderOperation@2@@Z+0x9e0,4,0.0268,14925,19.999
fourteam_move_postfix,35072,d3d11.dll+0x35ed1,4,0.0268,14925,19.999
fourteam_move_postfix,35072,nvwgf2um.dll!SetDependencyInfo+0x4c447,4,0.0268,14925,19.999
fourteam_move_postfix,35072,MSVCR120.dll!__libm_sse2_asinf+0x30,4,0.0268,14925,19.999
fourteam_move_postfix,35072,OgreMain.dll!?DegreesToRadians@Math@Ogre@@SAMM@Z+0x90c,4,0.0268,14925,19.999
fourteam_move_postfix,35072,OgreMain.dll!??0ConvexBody@Ogre@@QAE@XZ+0x5f,4,0.0268,14925,19.999
fourteam_move_postfix,35072,OgreMain.dll!?clip@ConvexBody@Ogre@@QAEXABVPlane@2@_N@Z+0x47,4,0.0268,14925,19.999
fourteam_move_postfix,35072,OgreMain.dll!?_updateAutoParams@GpuProgramParameters@Ogre@@QAEXPBVAutoParamDataSource@2@G@Z+0x202d,4,0.0268,14925,19.999
fourteam_move_postfix,35072,ntdll.dll!__output_l+0x7c2,4,0.0268,14925,19.999
fourteam_move_postfix,35072,ntdll.dll!_RtlEnterCriticalSection@4+0xa,4,0.0268,14925,19.999
fourteam_move_postfix,35072,d3d11.dll+0x2b4da,4,0.0268,14925,19.999
fourteam_move_postfix,35072,ntdll.dll!_RtlAnsiCharToUnicodeChar@4+0x1e,4,0.0268,14925,19.999
fourteam_move_postfix,35072,d3d11.dll+0x30f29,4,0.0268,14925,19.999
fourteam_move_postfix,35072,ntdll.dll!_RtlAllocateHeap@12,4,0.0268,14925,19.999
fourteam_move_postfix,35072,d3d11.dll!CreateDirect3D11DeviceFromDXGIDevice+0xbae48,4,0.0268,14925,19.999
fourteam_move_postfix,35072,OgreMain.dll!?findLightsAffectingFrustum@SceneManager@Ogre@@MAEXPBVCamera@2@@Z+0x194,4,0.0268,14925,19.999
fourteam_move_postfix,35072,OgreMain.dll!?RealEqual@Math@Ogre@@SA_NMMM@Z+0x3,4,0.0268,14925,19.999
fourteam_move_postfix,35072,d3d11.dll!CreateDirect3D11DeviceFromDXGIDevice+0x9f8a0,4,0.0268,14925,19.999
fourteam_move_postfix,35072,OgreMain.dll!?_updateAutoParams@GpuProgramParameters@Ogre@@QAEXPBVAutoParamDataSource@2@G@Z+0x14,4,0.0268,14925,19.999
fourteam_move_postfix,35072,OgreMain.dll!?angleBetween@Vector3@Ogre@@QBE?AVRadian@2@ABV12@@Z+0x3a,4,0.0268,14925,19.999
fourteam_move_postfix,35072,battlezone98redux.exe!sub_479f30,4,0.0268,14925,19.999
fourteam_move_postfix,35072,d3d11.dll!CreateDirect3D11DeviceFromDXGIDevice+0xa45e2,4,0.0268,14925,19.999
fourteam_move_postfix,35072,OgreMain.dll!?addSolidRenderable@RenderPriorityGroup@Ogre@@IAEXPAVTechnique@2@PAVRenderable@2@_N@Z+0x15,4,0.0268,14925,19.999
fourteam_move_postfix,35072,MSVCR120.dll!sprintf+0x51,4,0.0268,14925,19.999
fourteam_move_postfix,35072,MSVCR120.dll!floor+0x87,4,0.0268,14925,19.999
fourteam_move_postfix,35072,OgreMain.dll!?getFragmentProgram@Pass@Ogre@@QBEABV?$SharedPtr@VGpuProgram@Ogre@@@2@XZ+0xc,4,0.0268,14925,19.999
fourteam_move_postfix,35072,OgreMain.dll!?isViewOutOfDate@Camera@Ogre@@MBE_NXZ+0x2f5,4,0.0268,14925,19.999
fourteam_move_postfix,35072,nvwgf2um.dll!SetDependencyInfo+0x56355,4,0.0268,14925,19.999
fourteam_move_postfix,35072,OgreMain.dll!?_issueRenderOp@SceneManager@Ogre@@UAEXPAVRenderable@2@PBVPass@2@@Z+0x76,4,0.0268,14925,19.999
fourteam_move_postfix,35072,KERNEL32.DLL!BaseDllReadWriteIniFile+0x2a8,4,0.0268,14925,19.999
fourteam_move_postfix,35072,battlezone98redux.exe!sub_822d80,4,0.0268,14925,19.999
fourteam_move_postfix,35072,OgreMain.dll!?hasViewRelativeTextureCoordinateGeneration@TextureUnitState@Ogre@@QBE_NXZ+0x14,4,0.0268,14925,19.999
fourteam_move_postfix,35072,battlezone98redux.exe!sub_462470,4,0.0268,14925,19.999
fourteam_move_postfix,35072,OgreMain.dll!?getSquaredViewDepth@Node@Ogre@@UBEMPBVCamera@2@@Z+0x55,4,0.0268,14925,19.999
fourteam_move_postfix,35072,OgreMain.dll!?getVertexProgramParameters@Pass@Ogre@@QBE?AV?$SharedPtr@VGpuProgramParameters@Ogre@@@2@XZ+0x106,4,0.0268,14925,19.999
fourteam_move_postfix,35072,OgreMain.dll!?clone@Animation@Ogre@@QBEPAV12@ABV?$basic_string@DU?$char_traits@D@std@@V?$allocator@D@2@@std@@@Z+0x2f4,4,0.0268,14925,19.999
fourteam_move_postfix,35072,d3d11.dll!D3D11CoreCreateDevice+0x9329,4,0.0268,14925,19.999
fourteam_move_postfix,35072,OgreMain.dll!?angleBetween@Vector3@Ogre@@QBE?AVRadian@2@ABV12@@Z+0x1c,4,0.0268,14925,19.999
fourteam_move_postfix,35072,d3d11.dll+0x35e92,4,0.0268,14925,19.999
fourteam_move_postfix,35072,OgreMain.dll!??4GpuSharedParametersUsage@Ogre@@QAEAAV01@ABV01@@Z+0x26f3,4,0.0268,14925,19.999
fourteam_move_postfix,35072,MSVCR120.dll!memcpy+0x6,4,0.0268,14925,19.999
fourteam_move_postfix,35072,battlezone98redux.exe!sub_572a70,4,0.0268,14925,19.999
fourteam_move_postfix,35072,MSVCR120.dll!floor+0x1e,4,0.0268,14925,19.999
fourteam_move_postfix,35072,OgreMain.dll+0x6c12,4,0.0268,14925,19.999
fourteam_move_postfix,35072,OgreMain.dll!?_getFullTransform@Node@Ogre@@UBEABVMatrix4@2@XZ+0x36,4,0.0268,14925,19.999
fourteam_move_postfix,35072,RenderSystem_Direct3D11.dll+0x5970,4,0.0268,14925,19.999
fourteam_move_postfix,35072,OgreMain.dll!?getContentType@TextureUnitState@Ogre@@QBE?AW4ContentType@12@XZ+0x6,4,0.0268,14925,19.999
fourteam_move_postfix,35072,OgreMain.dll!?isHardwareAnimationEnabled@Entity@Ogre@@QAE_NXZ+0x3b,4,0.0268,14925,19.999
fourteam_move_postfix,35072,ntdll.dll!_NLS_UPCASE@8+0x15,4,0.0268,14925,19.999
fourteam_move_postfix,35072,d3d11.dll+0x30d99,4,0.0268,14925,19.999
fourteam_move_postfix,35072,OgreMain.dll!?isInLightRange@Light@Ogre@@QBE_NABVSphere@2@@Z+0xd4,4,0.0268,14925,19.999
fourteam_move_postfix,35072,OgreMain.dll!?addRenderable@QueuedRenderableCollection@Ogre@@QAEXPAVPass@2@PAVRenderable@2@@Z+0x3f,4,0.0268,14925,19.999
fourteam_move_postfix,35072,OgreMain.dll!?addRenderable@RenderQueueGroup@Ogre@@QAEXPAVRenderable@2@PAVTechnique@2@G@Z+0x6a,4,0.0268,14925,19.999
fourteam_move_postfix,35072,ntdll.dll!__woutput_l+0x103,4,0.0268,14925,19.999
fourteam_move_postfix,35072,MSVCR120.dll!__libm_sse2_asinf+0x1f4,4,0.0268,14925,19.999
fourteam_move_postfix,35072,OgreMain.dll!?_populateLightList@SceneManager@Ogre@@UAEXABVVector3@2@MAAV?$HashedVector@PAVLight@Ogre@@@2@I@Z+0x142,4,0.0268,14925,19.999
fourteam_move_postfix,35072,OgreMain.dll!?hasViewRelativeTextureCoordinateGeneration@TextureUnitState@Ogre@@QBE_NXZ+0xdb,4,0.0268,14925,19.999
fourteam_move_postfix,35072,OgreMain.dll!?clip@ConvexBody@Ogre@@QAEXABVPlane@2@_N@Z+0x4dd,4,0.0268,14925,19.999
fourteam_move_postfix,35072,ntdll.dll!_mbtowc+0xa,4,0.0268,14925,19.999
fourteam_move_postfix,35072,OgreMain.dll!?_setTextureUnitSettings@RenderSystem@Ogre@@UAEXIAAVTextureUnitState@2@@Z+0xc6,4,0.0268,14925,19.999
fourteam_move_postfix,35072,d3d11.dll+0x30d46,4,0.0268,14925,19.999
fourteam_move_postfix,35072,OgreMain.dll!?calculateB@FocusedShadowCameraSetup@Ogre@@IBEXABVSceneManager@2@ABVCamera@2@ABVLight@2@ABVAxisAlignedBox@2@3PAVPointListBody@12@@Z+0x1c0,4,0.0268,14925,19.999
fourteam_move_postfix,35072,OgreMain.dll!?updateAnimation@Entity@Ogre@@IAEXXZ+0x123,4,0.0268,14925,19.999
fourteam_move_postfix,35072,OgreMain.dll!?getBoundingBox@Entity@Ogre@@UBEABVAxisAlignedBox@2@XZ+0x8d4,4,0.0268,14925,19.999
fourteam_move_postfix,35072,RenderSystem_Direct3D11.dll!?_render@D3D11RenderSystem@Ogre@@UAEXABVRenderOperation@2@@Z+0x1fb,4,0.0268,14925,19.999
fourteam_move_postfix,35072,battlezone98redux.exe!sub_45c420,4,0.0268,14925,19.999
fourteam_move_postfix,35072,RenderSystem_Direct3D11.dll!?getMonitorSequentialNumberFromSwapChain@MonitorInfo@Ogre@@QAEGPAUIDXGISwapChain@@_N@Z+0x298c,4,0.0268,14925,19.999
fourteam_move_postfix,35072,OgreMain.dll+0x165e0,4,0.0268,14925,19.999
fourteam_move_postfix,35072,nvwgf2um.dll!OpenAdapter10+0x7459e,4,0.0268,14925,19.999
fourteam_move_postfix,35072,OgreMain.dll!?getLightAttenuation@AutoParamDataSource@Ogre@@UBE?AVVector4@2@I@Z+0x50,4,0.0268,14925,19.999
fourteam_move_postfix,35072,MSVCR120.dll!__libm_sse2_acosf+0xe8,4,0.0268,14925,19.999
fourteam_move_postfix,35072,battlezone98redux.exe!sub_44efb0,4,0.0268,14925,19.999
fourteam_move_postfix,35072,OgreMain.dll!?_detectImplementation@OptimisedUtil@Ogre@@KAPAV12@XZ+0x4674,4,0.0268,14925,19.999
fourteam_move_postfix,35072,MSVCR120.dll!__libm_sse2_acosf+0xa2,4,0.0268,14925,19.999
fourteam_move_postfix,35072,OgreMain.dll!?_setPass@SceneManager@Ogre@@UAEPBVPass@2@PBV32@_N1@Z+0x9f7,4,0.0268,14925,19.999
fourteam_move_postfix,35072,OgreMain.dll!?_getRenderOperation@SubMesh@Ogre@@QAEXAAVRenderOperation@2@G@Z+0x7,4,0.0268,14925,19.999
fourteam_move_postfix,35072,OgreMain.dll!?isResourceGroupInGlobalPool@ResourceGroupManager@Ogre@@QAE_NABV?$basic_string@DU?$char_traits@D@std@@V?$allocator@D@2@@std@@@Z+0x5d,4,0.0268,14925,19.999
fourteam_move_postfix,35072,OgreMain.dll!?_updateAutoParams@GpuProgramParameters@Ogre@@QAEXPBVAutoParamDataSource@2@G@Z+0x1cf6,4,0.0268,14925,19.999
fourteam_move_postfix,35072,MSVCR120.dll!__libm_sse2_acosf+0x169,4,0.0268,14925,19.999
fourteam_move_postfix,35072,battlezone98redux.exe!sub_77c610,4,0.0268,14925,19.999
fourteam_move_postfix,35072,battlezone98redux.exe!sub_4624d0,4,0.0268,14925,19.999
fourteam_move_postfix,35072,d3d11.dll!CreateDirect3D11DeviceFromDXGIDevice+0x9dfbd,4,0.0268,14925,19.999
fourteam_move_postfix,35072,ntdll.dll!__woutput_l+0x382,4,0.0268,14925,19.999
fourteam_move_postfix,35072,OgreMain.dll!?angleBetween@Vector3@Ogre@@QBE?AVRadian@2@ABV12@@Z+0x1,4,0.0268,14925,19.999
fourteam_move_postfix,35072,battlezone98redux.exe!sub_422170,4,0.0268,14925,19.999
fourteam_move_postfix,35072,OgreMain.dll!?touchVertexBufferCopy@HardwareBufferManagerBase@Ogre@@UAEXABVHardwareVertexBufferSharedPtr@2@@Z+0x4b,4,0.0268,14925,19.999
fourteam_move_postfix,35072,RenderSystem_Direct3D11.dll!?_setTexture@D3D11RenderSystem@Ogre@@UAEXI_NABV?$SharedPtr@VTexture@Ogre@@@2@@Z+0xbb,4,0.0268,14925,19.999
fourteam_move_postfix,35072,OgreMain.dll!?preRenderTargetUpdate@CompositorChain@Ogre@@UAEXABURenderTargetEvent@2@@Z+0x63,4,0.0268,14925,19.999
fourteam_move_postfix,35072,d3d11.dll+0x2c101,4,0.0268,14925,19.999
fourteam_move_postfix,35072,RenderSystem_Direct3D11.dll!?bindGpuProgramParameters@D3D11RenderSystem@Ogre@@UAEXW4GpuProgramType@2@V?$SharedPtr@VGpuProgramParameters@Ogre@@@2@G@Z+0x8b,4,0.0268,14925,19.999
fourteam_move_postfix,35072,d3d11.dll!CreateDirect3D11DeviceFromDXGIDevice+0x9e040,4,0.0268,14925,19.999
fourteam_move_postfix,35072,battlezone98redux.exe!sub_6637a0,4,0.0268,14925,19.999
fourteam_move_postfix,35072,RenderSystem_Direct3D11.dll!?getFormat@D3D11Mappings@Ogre@@SA?AW4DXGI_FORMAT@@W4IndexType@HardwareIndexBuffer@2@@Z+0x7,4,0.0268,14925,19.999
fourteam_move_postfix,35072,RenderSystem_Direct3D11.dll!?_render@D3D11RenderSystem@Ogre@@UAEXABVRenderOperation@2@@Z+0x18bf,4,0.0268,14925,19.999
fourteam_move_postfix,35072,nvwgf2um.dll!OpenAdapter10+0x72b2e,4,0.0268,14925,19.999
fourteam_move_postfix,35072,OgreMain.dll!?isInLightRange@Light@Ogre@@QBE_NABVSphere@2@@Z+0x14c,4,0.0268,14925,19.999
fourteam_move_postfix,35072,battlezone98redux.exe!sub_616500,4,0.0268,14925,19.999
fourteam_move_postfix,35072,OgreMain.dll!?getSide@Plane@Ogre@@QBE?AW4Side@12@ABVVector3@2@0@Z+0x31,4,0.0268,14925,19.999
fourteam_move_postfix,35072,OgreMain.dll!??4GpuSharedParametersUsage@Ogre@@QAEAAV01@ABV01@@Z+0x2732,4,0.0268,14925,19.999
fourteam_move_postfix,35072,OgreMain.dll!?_updateAutoParams@Pass@Ogre@@QBEXPBVAutoParamDataSource@2@G@Z+0x6a,4,0.0268,14925,19.999
fourteam_move_postfix,35072,d3d11.dll!D3D11CoreCreateDevice+0x2f18d,4,0.0268,14925,19.999
fourteam_move_postfix,35072,ntdll.dll!_RtlCustomCPToUnicodeN@24+0x104,4,0.0268,14925,19.999
fourteam_move_postfix,35072,RenderSystem_Direct3D11.dll!?_setRenderTargetViews@D3D11RenderSystem@Ogre@@IAEXXZ+0x7e,4,0.0268,14925,19.999
fourteam_move_postfix,35072,d3d11.dll!CreateDirect3D11DeviceFromDXGIDevice+0x9f770,4,0.0268,14925,19.999
fourteam_move_postfix,35072,MSVCR120.dll!__libm_sse2_asinf+0xd8,4,0.0268,14925,19.999
fourteam_move_postfix,35072,OgreMain.dll!?_getCombinedVisibilityMask@SceneManager@Ogre@@QBEIXZ+0x3,4,0.0268,14925,19.999
fourteam_move_postfix,35072,battlezone98redux.exe!sub_4ae300,4,0.0268,14925,19.999
fourteam_move_postfix,35072,ntdll.dll!_RtlpDosPathNameToRelativeNtPathName@28+0x312,4,0.0268,14925,19.999
fourteam_move_postfix,35072,RenderSystem_Direct3D11.dll!?getMonitorSequentialNumberFromSwapChain@MonitorInfo@Ogre@@QAEGPAUIDXGISwapChain@@_N@Z+0x27c0,4,0.0268,14925,19.999
fourteam_move_postfix,35072,RenderSystem_Direct3D11.dll!?_render@D3D11RenderSystem@Ogre@@UAEXABVRenderOperation@2@@Z+0xd7,4,0.0268,14925,19.999
fourteam_move_postfix,35072,RenderSystem_Direct3D11.dll!?_setRenderTargetViews@D3D11RenderSystem@Ogre@@IAEXXZ+0x147,4,0.0268,14925,19.999
fourteam_move_postfix,35072,OgreMain.dll!?merge@VisibleObjectsBoundsInfo@Ogre@@QAEXABVAxisAlignedBox@2@ABVSphere@2@PBVCamera@2@_N@Z+0xa3,4,0.0268,14925,19.999
fourteam_move_postfix,35072,nvwgf2um.dll!SetDependencyInfo+0x35489,4,0.0268,14925,19.999
fourteam_move_postfix,35072,battlezone98redux.exe!sub_679830,4,0.0268,14925,19.999
fourteam_move_postfix,35072,OgreMain.dll!?isInLightRange@Light@Ogre@@QBE_NABVSphere@2@@Z+0x7b,4,0.0268,14925,19.999
fourteam_move_postfix,35072,battlezone98redux.exe!FID_conflict:operator==,4,0.0268,14925,19.999
fourteam_move_postfix,35072,MSVCR120.dll!__libm_sse2_asinf+0x1c,4,0.0268,14925,19.999
fourteam_move_postfix,35072,OgreMain.dll!?_fireFrameStarted@Root@Ogre@@QAE_NXZ+0x1f,4,0.0268,14925,19.999
fourteam_move_postfix,35072,nvwgf2um.dll!OpenAdapter10+0x74571,3,0.0201,14925,19.999
fourteam_move_postfix,35072,nvwgf2um.dll!OpenAdapter10+0x726d1,3,0.0201,14925,19.999
fourteam_move_postfix,35072,OgreMain.dll!??4GpuSharedParametersUsage@Ogre@@QAEAAV01@ABV01@@Z+0x27ab,3,0.0201,14925,19.999
fourteam_move_postfix,35072,ntdll.dll!_RtlpFreeNTHeapInternal@12+0x22a,3,0.0201,14925,19.999
fourteam_move_postfix,35072,RenderSystem_Direct3D11.dll+0x115e,3,0.0201,14925,19.999
fourteam_move_postfix,35072,OgreMain.dll!?deriveShadowCasterPass@SceneManager@Ogre@@MAEPBVPass@2@PBV32@@Z+0x314,3,0.0201,14925,19.999
fourteam_move_postfix,35072,battlezone98redux.exe!sub_74d110,3,0.0201,14925,19.999
fourteam_move_postfix,35072,ntdll.dll!_RtlCustomCPToUnicodeN@24+0x70,3,0.0201,14925,19.999
fourteam_move_postfix,35072,OgreMain.dll!?touchVertexBufferCopy@HardwareBufferManagerBase@Ogre@@UAEXABVHardwareVertexBufferSharedPtr@2@@Z+0x38,3,0.0201,14925,19.999
fourteam_move_postfix,35072,battlezone98redux.exe!sub_44ec90,3,0.0201,14925,19.999
fourteam_move_postfix,35072,OgreMain.dll!?_detectImplementation@OptimisedUtil@Ogre@@KAPAV12@XZ+0x45e7,3,0.0201,14925,19.999
fourteam_move_postfix,35072,OgreMain.dll!?updateView@Frustum@Ogre@@MBEXXZ+0xb,3,0.0201,14925,19.999
fourteam_move_postfix,35072,ntdll.dll!write_string+0x64,3,0.0201,14925,19.999
fourteam_move_postfix,35072,nvwgf2um.dll!SetDependencyInfo+0x358fb,3,0.0201,14925,19.999
fourteam_move_postfix,35072,nvwgf2um.dll!SetDependencyInfo+0x5040f,3,0.0201,14925,19.999
fourteam_move_postfix,35072,ntdll.dll!_LdrpPreprocessDllName@16+0x57d,3,0.0201,14925,19.999
fourteam_move_postfix,35072,ntdll.dll!_NLS_UPCASE@8+0xf,3,0.0201,14925,19.999
fourteam_move_postfix,35072,dxgi.dll+0x28232,3,0.0201,14925,19.999
fourteam_move_postfix,35072,dxgi.dll!DXGIGetDebugInterface1+0x20693,3,0.0201,14925,19.999
fourteam_move_postfix,35072,d3d11.dll+0x30e63,3,0.0201,14925,19.999
fourteam_move_postfix,35072,OgreMain.dll!?FastHash@Ogre@@YAIPBDHI@Z+0x30,3,0.0201,14925,19.999
fourteam_move_postfix,35072,d3d11.dll!CreateDirect3D11DeviceFromDXGIDevice+0xa4626,3,0.0201,14925,19.999
fourteam_move_postfix,35072,OgreMain.dll!?addRenderable@QueuedRenderableCollection@Ogre@@QAEXPAVPass@2@PAVRenderable@2@@Z+0xc3,3,0.0201,14925,19.999
fourteam_move_postfix,35072,OgreMain.dll!?angleBetween@Vector3@Ogre@@QBE?AVRadian@2@ABV12@@Z+0xd5,3,0.0201,14925,19.999
fourteam_move_postfix,35072,ntdll.dll!_RtlAnsiCharToUnicodeChar@4+0x4e,3,0.0201,14925,19.999
fourteam_move_postfix,35072,ntdll.dll!_LdrpSetSnapsUnicodeString2@0+0x12,3,0.0201,14925,19.999
fourteam_move_postfix,35072,OgreMain.dll!?prepareWorldGeometry@SceneManager@Ogre@@UAEXABV?$basic_string@DU?$char_traits@D@std@@V?$allocator@D@2@@std@@@Z+0x290,3,0.0201,14925,19.999
fourteam_move_postfix,35072,OgreMain.dll!?getLightAttenuation@AutoParamDataSource@Ogre@@UBE?AVVector4@2@I@Z+0x39,3,0.0201,14925,19.999
fourteam_move_postfix,35072,nvwgf2um.dll!SetDependencyInfo+0x5742f,3,0.0201,14925,19.999
fourteam_move_postfix,35072,OgreMain.dll!?getLightAs4DVector@AutoParamDataSource@Ogre@@UBE?AVVector4@2@I@Z+0x1a,3,0.0201,14925,19.999
fourteam_move_postfix,35072,battlezone98redux.exe!sub_4600d0,3,0.0201,14925,19.999
fourteam_move_postfix,35072,OgreMain.dll!?getUseIdentityView@Renderable@Ogre@@QBE_NXZ,3,0.0201,14925,19.999
fourteam_move_postfix,35072,d3d11.dll!D3D11CoreCreateLayeredDevice+0xf902,3,0.0201,14925,19.999
fourteam_move_postfix,35072,OgreMain.dll!?_writeRawConstant@GpuProgramParameters@Ogre@@QAEXIABVVector4@2@I@Z+0x18,3,0.0201,14925,19.999
fourteam_move_postfix,35072,OgreMain.dll!?setCurrentPassIterationCount@RenderSystem@Ogre@@UAEXI@Z+0xd,3,0.0201,14925,19.999
fourteam_move_postfix,35072,KERNEL32.DLL!GetTickCount,3,0.0201,14925,19.999
fourteam_move_postfix,35072,ntdll.dll!_memset+0x4,3,0.0201,14925,19.999
fourteam_move_postfix,35072,MSVCR120.dll!__libm_sse2_acosf+0x97,3,0.0201,14925,19.999
fourteam_move_postfix,35072,OgreMain.dll!?_notifyCurrentCamera@MovableObject@Ogre@@UAEXPAVCamera@2@@Z+0x1fa,3,0.0201,14925,19.999
fourteam_move_postfix,35072,OgreMain.dll!?acceptVisitorGrouped@QueuedRenderableCollection@Ogre@@IBEXPAVQueuedRenderableVisitor@2@@Z+0x65,3,0.0201,14925,19.999
fourteam_move_postfix,35072,OgreMain.dll!?setCorners@Rectangle2D@Ogre@@QAEXMMMM_N@Z+0x6f,3,0.0201,14925,19.999
fourteam_move_postfix,35072,OgreMain.dll!?_writeRawConstant@GpuProgramParameters@Ogre@@QAEXIABVVector4@2@I@Z+0x1d,3,0.0201,14925,19.999
fourteam_move_postfix,35072,OgreMain.dll!?_notifyCurrentCamera@Entity@Ogre@@UAEXPAVCamera@2@@Z+0x111,3,0.0201,14925,19.999
fourteam_move_postfix,35072,d3d11.dll!D3D11CoreCreateDevice+0x9768,3,0.0201,14925,19.999
fourteam_move_postfix,35072,battlezone98redux.exe!sub_44f200,3,0.0201,14925,19.999
fourteam_move_postfix,35072,battlezone98redux.exe!COleDateTimeSpan,3,0.0201,14925,19.999
fourteam_move_postfix,35072,OgreMain.dll!?updateAnimation@Entity@Ogre@@IAEXXZ+0x4c3,3,0.0201,14925,19.999
fourteam_move_postfix,35072,RenderSystem_Direct3D11.dll!?_setRenderTargetViews@D3D11RenderSystem@Ogre@@IAEXXZ+0xd0,3,0.0201,14925,19.999
fourteam_move_postfix,35072,OgreMain.dll!??4GpuSharedParametersUsage@Ogre@@QAEAAV01@ABV01@@Z+0x275a,3,0.0201,14925,19.999
fourteam_move_postfix,35072,OgreMain.dll!?renderSingleObject@SceneManager@Ogre@@MAEXPAVRenderable@2@PBVPass@2@_N2PBV?$HashedVector@PAVLight@Ogre@@@2@@Z+0xaa,3,0.0201,14925,19.999
fourteam_move_postfix,35072,OgreMain.dll!?updateRenderQueueSplitOptions@SceneManager@Ogre@@MAEXXZ+0xcb,3,0.0201,14925,19.999
fourteam_move_postfix,35072,d3d11.dll!CreateDirect3D11DeviceFromDXGIDevice+0xbbde2,3,0.0201,14925,19.999
fourteam_move_postfix,35072,ntdll.dll!_RtlFlsGetValue@8,3,0.0201,14925,19.999
fourteam_move_postfix,35072,d3d11.dll+0x3663e,3,0.0201,14925,19.999
fourteam_move_postfix,35072,OgreMain.dll+0xb7fd,3,0.0201,14925,19.999
fourteam_move_postfix,35072,nvwgf2um.dll!OpenAdapter10+0x72010,3,0.0201,14925,19.999
fourteam_move_postfix,35072,battlezone98redux.exe!sub_6b2220,3,0.0201,14925,19.999
fourteam_move_postfix,35072,OgreMain.dll!?build@PointListBody@FocusedShadowCameraSetup@Ogre@@QAEXABVConvexBody@3@_N@Z+0x194,3,0.0201,14925,19.999
fourteam_move_postfix,35072,OgreMain.dll!?_updateAutoParams@GpuProgramParameters@Ogre@@QAEXPBVAutoParamDataSource@2@G@Z+0x1f68,3,0.0201,14925,19.999
fourteam_move_postfix,35072,OgreMain.dll!?isInLightRange@Light@Ogre@@QBE_NABVSphere@2@@Z+0x153,3,0.0201,14925,19.999
fourteam_move_postfix,35072,d3d11.dll+0x27051,3,0.0201,14925,19.999
fourteam_move_postfix,35072,OgreMain.dll!?getLightSpecularColourWithPower@AutoParamDataSource@Ogre@@UBE?BVColourValue@2@I@Z+0x3a,3,0.0201,14925,19.999
fourteam_move_postfix,35072,Galaxy.dll!?ResetInstance@GalaxyFactory@api@galaxy@@SAXXZ+0x1d0b6,3,0.0201,14925,19.999
fourteam_move_postfix,35072,OgreMain.dll!?toString@StringConverter@Ogre@@SA?AV?$basic_string@DU?$char_traits@D@std@@V?$allocator@D@2@@std@@IGDH@Z+0x6f,3,0.0201,14925,19.999
fourteam_move_postfix,35072,OgreMain.dll!?touchVertexBufferCopy@HardwareBufferManagerBase@Ogre@@UAEXABVHardwareVertexBufferSharedPtr@2@@Z+0x43,3,0.0201,14925,19.999
fourteam_move_postfix,35072,nvwgf2um.dll!OpenAdapter10+0x74f5e,3,0.0201,14925,19.999
fourteam_move_postfix,35072,RenderSystem_Direct3D11.dll!?_render@D3D11RenderSystem@Ogre@@UAEXABVRenderOperation@2@@Z+0x6ca,3,0.0201,14925,19.999
fourteam_move_postfix,35072,OgreMain.dll!?setVisible@MovableObject@Ogre@@UAEX_N@Z+0x1e,3,0.0201,14925,19.999
fourteam_move_postfix,35072,OgreMain.dll!?getBestTechnique@Material@Ogre@@QAEPAVTechnique@2@GPBVRenderable@2@@Z+0x7c,3,0.0201,14925,19.999
fourteam_move_postfix,35072,OgreMain.dll!?getSide@Plane@Ogre@@QBE?AW4Side@12@ABVVector3@2@0@Z+0x69,3,0.0201,14925,19.999
fourteam_move_postfix,35072,OgreMain.dll!?isInLightRange@Light@Ogre@@QBE_NABVSphere@2@@Z+0x74,3,0.0201,14925,19.999
fourteam_move_postfix,35072,OgreMain.dll!?getParameters@GpuProgramUsage@Ogre@@QAE?AV?$SharedPtr@VGpuProgramParameters@Ogre@@@2@XZ+0xd4,3,0.0201,14925,19.999
fourteam_move_postfix,35072,ntdll.dll!_RtlpFindUnicodeStringInSection@32+0xb7,3,0.0201,14925,19.999
fourteam_move_postfix,35072,d3d11.dll!CreateDirect3D11DeviceFromDXGIDevice+0xbc502,3,0.0201,14925,19.999
fourteam_move_postfix,35072,OgreMain.dll!?tempSkelAnimBuffersBound@Entity@Ogre@@IBE_N_N@Z+0x5c,3,0.0201,14925,19.999
fourteam_move_postfix,35072,ntdll.dll!_RtlpAbFindLockEntry@4+0x25,3,0.0201,14925,19.999
fourteam_move_postfix,35072,d3d11.dll!CreateDirect3D11DeviceFromDXGIDevice+0x9f8ca,3,0.0201,14925,19.999
fourteam_move_postfix,35072,WINMM.dll@6ea10000!BZROpenShim::`anonymous namespace'::HandleUnitTurboBoundary+0x75,3,0.0201,14925,19.999
fourteam_move_postfix,35072,battlezone98redux.exe!sub_462380,3,0.0201,14925,19.999
fourteam_move_postfix,35072,battlezone98redux.exe!sub_462590,3,0.0201,14925,19.999
fourteam_move_postfix,35072,OgreMain.dll!?softwareVertexBlend@Mesh@Ogre@@SAXPBVVertexData@2@0PBQBVMatrix4@2@I_N@Z+0x392,3,0.0201,14925,19.999
fourteam_move_postfix,35072,RenderSystem_Direct3D11.dll!?_updateFromShadow@D3D11HardwareBuffer@Ogre@@UAEXXZ+0x42,3,0.0201,14925,19.999
fourteam_move_postfix,35072,RenderSystem_Direct3D11.dll!?copyDataImpl@D3D11HardwareBuffer@Ogre@@QAEXAAVHardwareBuffer@2@III_N@Z+0x73,3,0.0201,14925,19.999
fourteam_move_postfix,35072,battlezone98redux.exe!sub_67a1e0,3,0.0201,14925,19.999
fourteam_move_postfix,35072,ntdll.dll!_RtlpAbFindLockEntry@4+0xf,3,0.0201,14925,19.999
fourteam_move_postfix,35072,d3d11.dll!D3D11CoreCreateDevice+0x977b,3,0.0201,14925,19.999
fourteam_move_postfix,35072,battlezone98redux.exe!sub_6797a0,3,0.0201,14925,19.999
fourteam_move_postfix,35072,OgreMain.dll!?_calcTempSquareDist@Light@Ogre@@QAEXABVVector3@2@@Z+0x3a,3,0.0201,14925,19.999
fourteam_move_postfix,35072,OgreMain.dll!?size@RenderQueueInvocationSequence@Ogre@@QBEIXZ+0x210f,3,0.0201,14925,19.999
fourteam_move_postfix,35072,d3d11.dll!D3D11CoreCreateDevice+0x2eabd,3,0.0201,14925,19.999
fourteam_move_postfix,35072,OgreMain.dll!?getVertexDataForBinding@SubEntity@Ogre@@QAEPAVVertexData@2@XZ+0x46,3,0.0201,14925,19.999
fourteam_move_postfix,35072,battlezone98redux.exe!sub_62be60,3,0.0201,14925,19.999
fourteam_move_postfix,35072,OgreMain.dll!?isInLightRange@Light@Ogre@@QBE_NABVSphere@2@@Z+0x2b,3,0.0201,14925,19.999
fourteam_move_postfix,35072,MSVCR120.dll!_strnicmp_l+0x1e,3,0.0201,14925,19.999
fourteam_move_postfix,35072,OgreMain.dll!?getSpotlightParams@AutoParamDataSource@Ogre@@UBE?AVVector4@2@I@Z+0x45,3,0.0201,14925,19.999
fourteam_move_postfix,35072,OgreMain.dll!?resetToInitialState@Node@Ogre@@UAEXXZ+0x64,3,0.0201,14925,19.999
fourteam_move_postfix,35072,OgreMain.dll!?_updateBounds@SceneNode@Ogre@@UAEXXZ+0x268,3,0.0201,14925,19.999
fourteam_move_postfix,35072,battlezone98redux.exe!sub_6a3b60,3,0.0201,14925,19.999
fourteam_move_postfix,35072,ntdll.dll!_ZwQueryInformationThread@20+0xc,3,0.0201,14925,19.999
fourteam_move_postfix,35072,battlezone98redux.exe!FID_conflict:operator-=,3,0.0201,14925,19.999
fourteam_move_postfix,35072,battlezone98redux.exe!operator-,3,0.0201,14925,19.999
fourteam_move_postfix,35072,battlezone98redux.exe!sub_43d0a0,3,0.0201,14925,19.999
fourteam_move_postfix,35072,battlezone98redux.exe!sub_43b720,3,0.0201,14925,19.999
fourteam_move_postfix,35072,OgreMain.dll!?renderSingleObject@SceneManager@Ogre@@MAEXPAVRenderable@2@PBVPass@2@_N2PBV?$HashedVector@PAVLight@Ogre@@@2@@Z+0xa32,3,0.0201,14925,19.999
fourteam_move_postfix,35072,RenderSystem_Direct3D11.dll!?setVertexDeclaration@D3D11RenderSystem@Ogre@@QAEXPAVVertexDeclaration@2@PAVVertexBufferBinding@2@@Z+0x6,3,0.0201,14925,19.999
fourteam_move_postfix,35072,OgreMain.dll!?ACos@Math@Ogre@@SA?AVRadian@2@M@Z+0x1e,3,0.0201,14925,19.999
fourteam_move_postfix,35072,OgreMain.dll!??RlightsForShadowTextureLess@SceneManager@Ogre@@QBE_NPBVLight@2@0@Z+0x7,3,0.0201,14925,19.999
fourteam_move_postfix,35072,d3d11.dll!D3D11CoreCreateLayeredDevice+0x956f,3,0.0201,14925,19.999
fourteam_move_postfix,35072,battlezone98redux.exe!sub_427270,3,0.0201,14925,19.999
fourteam_move_postfix,35072,OgreMain.dll!?findLightsAffectingFrustum@SceneManager@Ogre@@MAEXPBVCamera@2@@Z+0x2e4,3,0.0201,14925,19.999
fourteam_move_postfix,35072,battlezone98redux.exe!sub_42da60,3,0.0201,14925,19.999
fourteam_move_postfix,35072,OgreMain.dll!?prepareWorldGeometry@SceneManager@Ogre@@UAEXABV?$basic_string@DU?$char_traits@D@std@@V?$allocator@D@2@@std@@@Z+0x231,3,0.0201,14925,19.999
fourteam_move_postfix,35072,MSVCR120.dll!wcschr+0xcd,3,0.0201,14925,19.999
fourteam_move_postfix,35072,OgreMain.dll!?lock@HardwareBuffer@Ogre@@UAEPAXIIW4LockOptions@12@W4UploadOptions@12@@Z+0x190,3,0.0201,14925,19.999
fourteam_move_postfix,35072,OgreMain.dll!?getSurfaceSpecularColour@AutoParamDataSource@Ogre@@UBEABVColourValue@2@XZ,3,0.0201,14925,19.999
fourteam_move_postfix,35072,OgreMain.dll!?setWorldMatrices@AutoParamDataSource@Ogre@@UAEXPBVMatrix4@2@I@Z+0xc,3,0.0201,14925,19.999
fourteam_move_postfix,35072,OgreMain.dll!?renderSingleObject@SceneManager@Ogre@@MAEXPAVRenderable@2@PBVPass@2@_N2PBV?$HashedVector@PAVLight@Ogre@@@2@@Z+0x199,3,0.0201,14925,19.999
fourteam_move_postfix,35072,ntdll.dll!_LdrpWriteToSnapsBuffer@16+0xb,3,0.0201,14925,19.999
fourteam_move_postfix,35072,ntdll.dll!_LdrGetDllHandleEx@20+0x42a,3,0.0201,14925,19.999
fourteam_move_postfix,35072,ntdll.dll!__vsnwprintf_l+0xc,3,0.0201,14925,19.999
fourteam_move_postfix,35072,OgreMain.dll!?getNumWorldTransforms@SubEntity@Ogre@@UBEGXZ+0x6,3,0.0201,14925,19.999
fourteam_move_postfix,35072,OgreMain.dll!?_setTextureUnitSettings@RenderSystem@Ogre@@UAEXIAAVTextureUnitState@2@@Z+0x119,3,0.0201,14925,19.999
fourteam_move_postfix,35072,d3d11.dll+0x366db,3,0.0201,14925,19.999
fourteam_move_postfix,35072,ucrtbase.dll!_memcmp+0x2e1,3,0.0201,14925,19.999
fourteam_move_postfix,35072,OgreMain.dll+0x6b22,3,0.0201,14925,19.999
fourteam_move_postfix,35072,OgreMain.dll!?getLightSpecularColourWithPower@AutoParamDataSource@Ogre@@UBE?BVColourValue@2@I@Z,3,0.0201,14925,19.999
fourteam_move_postfix,35072,RenderSystem_Direct3D11.dll!?throwIfFailed@D3D11Device@Ogre@@QAEXPBD0@Z+0x2de,3,0.0201,14925,19.999
fourteam_move_postfix,35072,d3d11.dll!CreateDirect3D11DeviceFromDXGIDevice+0x9f226,3,0.0201,14925,19.999
fourteam_move_postfix,35072,RenderSystem_Direct3D11.dll!?getVertexShader@D3D11HLSLProgram@Ogre@@QBEPAUID3D11VertexShader@@XZ+0x6,3,0.0201,14925,19.999
fourteam_move_postfix,35072,OgreMain.dll!?_updateAutoParams@GpuProgramParameters@Ogre@@QAEXPBVAutoParamDataSource@2@G@Z+0x1abe,3,0.0201,14925,19.999
fourteam_move_postfix,35072,OgreMain.dll!??4GpuSharedParametersUsage@Ogre@@QAEAAV01@ABV01@@Z+0x2727,3,0.0201,14925,19.999
fourteam_move_postfix,35072,d3d11.dll!CreateDirect3D11DeviceFromDXGIDevice+0x9f9ea,3,0.0201,14925,19.999
fourteam_move_postfix,35072,OgreMain.dll!?ASin@Math@Ogre@@SA?AVRadian@2@M@Z+0x1,3,0.0201,14925,19.999
fourteam_move_postfix,35072,OgreMain.dll!?getProjectionMatrix@AutoParamDataSource@Ogre@@UBEABVMatrix4@2@XZ+0x9b,3,0.0201,14925,19.999
fourteam_move_postfix,35072,RenderSystem_Direct3D11.dll!?clearFrameBuffer@D3D11RenderSystem@Ogre@@UAEXIABVColourValue@2@MG@Z+0x119,3,0.0201,14925,19.999
fourteam_move_postfix,35072,d3d11.dll!CreateDirect3D11DeviceFromDXGIDevice+0xa4519,3,0.0201,14925,19.999
fourteam_move_postfix,35072,ntdll.dll!_ZwQueryInformationProcess@20+0x26,3,0.0201,14925,19.999
fourteam_move_postfix,35072,OgreMain.dll!?isVisible@ShadowRenderable@Ogre@@UBE_NXZ+0x16f,3,0.0201,14925,19.999
fourteam_move_postfix,35072,OgreMain.dll!?_updateAutoParams@GpuProgramParameters@Ogre@@QAEXPBVAutoParamDataSource@2@G@Z+0x1c32,3,0.0201,14925,19.999
fourteam_move_postfix,35072,OgreMain.dll!?_issueRenderOp@SceneManager@Ogre@@UAEXPAVRenderable@2@PBVPass@2@@Z,3,0.0201,14925,19.999
fourteam_move_postfix,35072,OgreMain.dll!?_detectImplementation@OptimisedUtil@Ogre@@KAPAV12@XZ+0x4510,3,0.0201,14925,19.999
fourteam_move_postfix,35072,OgreMain.dll!?angleBetween@Vector3@Ogre@@QBE?AVRadian@2@ABV12@@Z+0x45,3,0.0201,14925,19.999
fourteam_move_postfix,35072,MSVCR120.dll!__libm_sse2_asinf+0x53,3,0.0201,14925,19.999
fourteam_move_postfix,35072,OgreMain.dll!?normalise@Vector3@Ogre@@QAEMXZ+0x54,3,0.0201,14925,19.999
fourteam_move_postfix,35072,OgreMain.dll!?_updateAutoParams@GpuProgramParameters@Ogre@@QAEXPBVAutoParamDataSource@2@G@Z+0x813,3,0.0201,14925,19.999
fourteam_move_postfix,35072,ntdll.dll!_memset+0x2f,3,0.0201,14925,19.999
fourteam_move_postfix,35072,ntdll.dll!_LdrGetProcedureAddressForCaller@24+0x37c,3,0.0201,14925,19.999
fourteam_move_postfix,35072,OgreMain.dll!?_updateRenderQueue@Entity@Ogre@@UAEXPAVRenderQueue@2@@Z+0x118,3,0.0201,14925,19.999
fourteam_move_postfix,35072,OgreMain.dll!?_updateAutoParams@GpuProgramParameters@Ogre@@QAEXPBVAutoParamDataSource@2@G@Z+0x1a7f,3,0.0201,14925,19.999
fourteam_move_postfix,35072,OgreMain.dll!?_updateAutoParams@GpuProgramParameters@Ogre@@QAEXPBVAutoParamDataSource@2@G@Z+0x1f03,3,0.0201,14925,19.999
fourteam_move_postfix,35072,OgreMain.dll!?getLightAttenuation@AutoParamDataSource@Ogre@@UBE?AVVector4@2@I@Z+0x5a,3,0.0201,14925,19.999
fourteam_move_postfix,35072,nvwgf2um.dll!NVAPI_Thunk+0x21b56,3,0.0201,14925,19.999
fourteam_move_postfix,35072,OgreMain.dll!?updatePoint@RotationalSpline@Ogre@@QAEXGABVQuaternion@2@@Z+0xb254,3,0.0201,14925,19.999
fourteam_move_postfix,35072,OgreMain.dll!?RealEqual@Math@Ogre@@SA_NMMM@Z+0x19,3,0.0201,14925,19.999
fourteam_move_postfix,35072,OgreMain.dll!?_getCurrentSceneManager@Root@Ogre@@QBEPAVSceneManager@2@XZ+0x2e,3,0.0201,14925,19.999
fourteam_move_postfix,35072,OgreMain.dll!?_issueRenderOp@SceneManager@Ogre@@UAEXPAVRenderable@2@PBVPass@2@@Z+0x7e,3,0.0201,14925,19.999
fourteam_move_postfix,35072,OgreMain.dll!?getTextureUnitStateIterator@Pass@Ogre@@QBE?AV?$ConstVectorIterator@V?$vector@PAVTextureUnitState@Ogre@@V?$STLAllocator@PAVTextureUnitState@Ogre@@V?$CategorisedAllocPolicy@$0A@@2@@2@@std@@@2@XZ+0x1a,3,0.0201,14925,19.999
fourteam_move_postfix,35072,OgreMain.dll+0x35774,3,0.0201,14925,19.999
fourteam_move_postfix,35072,OgreMain.dll!?_notifyCurrentCamera@Entity@Ogre@@UAEXPAVCamera@2@@Z+0x45,3,0.0201,14925,19.999
fourteam_move_postfix,35072,ntdll.dll!_bsearch+0x5f,3,0.0201,14925,19.999
fourteam_move_postfix,35072,nvwgf2um.dll!SetDependencyInfo+0x350bb,3,0.0201,14925,19.999
fourteam_move_postfix,35072,battlezone98redux.exe!sub_67ba40,3,0.0201,14925,19.999
fourteam_move_postfix,35072,OgreMain.dll!?determinant@Matrix4@Ogre@@QBEMXZ+0xa0,3,0.0201,14925,19.999
fourteam_move_postfix,35072,OgreMain.dll!?getQueueGroup@RenderQueue@Ogre@@QAEPAVRenderQueueGroup@2@E@Z+0x43,3,0.0201,14925,19.999
fourteam_move_postfix,35072,OgreMain.dll!?merge@AxisAlignedBox@Ogre@@QAEXABV12@@Z+0x6,3,0.0201,14925,19.999
fourteam_move_postfix,35072,OgreMain.dll!?updateAnimation@Entity@Ogre@@IAEXXZ+0x11d,3,0.0201,14925,19.999
fourteam_move_postfix,35072,OgreMain.dll!?waitForNextRequest@DefaultWorkQueue@Ogre@@MAEXXZ+0x11ce58,3,0.0201,14925,19.999
fourteam_move_postfix,35072,OgreMain.dll!?isVisible@ShadowRenderable@Ogre@@UBE_NXZ+0x141,3,0.0201,14925,19.999
fourteam_move_postfix,35072,battlezone98redux.exe!sub_4fd190,3,0.0201,14925,19.999
fourteam_move_postfix,35072,WINMM.dll@6ea10000!BZROpenShim::`anonymous namespace'::InvokeNativeSaveGame+0x48,3,0.0201,14925,19.999
fourteam_move_postfix,35072,WINMM.dll@6ea10000!BZROpenShim::AutoSaveTick+0x183,3,0.0201,14925,19.999
fourteam_move_postfix,35072,WINMM.dll@6ea10000!BZROpenShim::`anonymous namespace'::PerformAutoSave+0x15e,3,0.0201,14925,19.999
fourteam_move_postfix,35072,nvwgf2um.dll!NVENCODEAPI_Thunk+0x2176d1,3,0.0201,14925,19.999
fourteam_move_postfix,35072,OgreMain.dll+0x3ff7b,3,0.0201,14925,19.999
fourteam_move_postfix,35072,ntdll.dll!_RtlpAbAllocateLockEntry@0+0xe,3,0.0201,14925,19.999
fourteam_move_postfix,35072,MSVCR120.dll!__libm_sse2_acosf+0x7e,3,0.0201,14925,19.999
fourteam_move_postfix,35072,RenderSystem_Direct3D11.dll!?_render@D3D11RenderSystem@Ogre@@UAEXABVRenderOperation@2@@Z+0x1831,3,0.0201,14925,19.999
fourteam_move_postfix,35072,OgreMain.dll!?_writeRawConstant@GpuProgramParameters@Ogre@@QAEXIABVMatrix4@2@I@Z+0x3b,3,0.0201,14925,19.999
fourteam_move_postfix,35072,OgreMain.dll!?getPassIterator@Technique@Ogre@@QAE?BV?$VectorIterator@V?$vector@PAVPass@Ogre@@V?$STLAllocator@PAVPass@Ogre@@V?$CategorisedAllocPolicy@$0A@@2@@2@@std@@@2@XZ+0xd,3,0.0201,14925,19.999
fourteam_move_postfix,35072,nvspcap.dll+0x39835,3,0.0201,14925,19.999
fourteam_move_postfix,35072,ntdll.dll!_RtlAllocateHeap@12+0x2,3,0.0201,14925,19.999
fourteam_move_postfix,35072,OgreMain.dll!?getTextureUnitStateIterator@Pass@Ogre@@QBE?AV?$ConstVectorIterator@V?$vector@PAVTextureUnitState@Ogre@@V?$STLAllocator@PAVTextureUnitState@Ogre@@V?$CategorisedAllocPolicy@$0A@@2@@2@@std@@@2@XZ+0x3,3,0.0201,14925,19.999
fourteam_move_postfix,35072,OgreMain.dll!?getTextureUnitStateIterator@Pass@Ogre@@QBE?AV?$ConstVectorIterator@V?$vector@PAVTextureUnitState@Ogre@@V?$STLAllocator@PAVTextureUnitState@Ogre@@V?$CategorisedAllocPolicy@$0A@@2@@2@@std@@@2@XZ+0x1,3,0.0201,14925,19.999
fourteam_move_postfix,35072,d3d11.dll+0x2b939,3,0.0201,14925,19.999
fourteam_move_postfix,35072,ntdll.dll!__output_l+0x328,3,0.0201,14925,19.999
fourteam_move_postfix,35072,d3d11.dll!D3D11CoreCreateDevice+0x1d33e,3,0.0201,14925,19.999
fourteam_move_postfix,35072,d3d11.dll!D3D11CoreCreateDevice+0x1d2d8,3,0.0201,14925,19.999
fourteam_move_postfix,35072,ntdll.dll!_RtlpFreeNTHeapInternal@12+0x217,3,0.0201,14925,19.999
fourteam_move_postfix,35072,d3d11.dll+0x31c9e,3,0.0201,14925,19.999
fourteam_move_postfix,35072,OgreMain.dll!?_setTextureUnitSettings@RenderSystem@Ogre@@UAEXIAAVTextureUnitState@2@@Z+0x16c,3,0.0201,14925,19.999
fourteam_move_postfix,35072,nvwgf2um.dll!OpenAdapter10+0x74f59,3,0.0201,14925,19.999
fourteam_move_postfix,35072,OgreMain.dll!?findLightsAffectingFrustum@SceneManager@Ogre@@MAEXPBVCamera@2@@Z+0xfa,3,0.0201,14925,19.999
fourteam_move_postfix,35072,OgreMain.dll!?_notifyCurrentCamera@Entity@Ogre@@UAEXPAVCamera@2@@Z+0x1fa,3,0.0201,14925,19.999
fourteam_move_postfix,35072,OgreMain.dll!?getShadowCamera@LiSPSMShadowCameraSetup@Ogre@@UBEXPBVSceneManager@2@PBVCamera@2@PBVViewport@2@PBVLight@2@PAV42@I@Z+0xb5b,3,0.0201,14925,19.999
fourteam_move_postfix,35072,d3d11.dll!CreateDirect3D11DeviceFromDXGIDevice+0xbda30,3,0.0201,14925,19.999
fourteam_move_postfix,35072,OgreMain.dll!?updateGpuProgramParameters@SceneManager@Ogre@@MAEXPBVPass@2@@Z,3,0.0201,14925,19.999
fourteam_move_postfix,35072,OgreMain.dll!?getIndexAscending@LodStrategy@Ogre@@KAGMABV?$vector@MV?$STLAllocator@MV?$CategorisedAllocPolicy@$0A@@Ogre@@@Ogre@@@std@@@Z+0xc,3,0.0201,14925,19.999
fourteam_move_postfix,35072,OgreMain.dll!??DMatrix3@Ogre@@QBE?AVVector3@1@ABV21@@Z+0x68,3,0.0201,14925,19.999
fourteam_move_postfix,35072,OgreMain.dll!?merge@VisibleObjectsBoundsInfo@Ogre@@QAEXABVAxisAlignedBox@2@ABVSphere@2@PBVCamera@2@_N@Z+0x13f,3,0.0201,14925,19.999
fourteam_move_postfix,35072,USER32.dll!GetWindow+0xa0,3,0.0201,14925,19.999
fourteam_move_postfix,35072,nvwgf2um.dll!NVDEV_Thunk+0x17b99,3,0.0201,14925,19.999
fourteam_move_postfix,35072,battlezone98redux.exe!sub_6c9ab0,3,0.0201,14925,19.999
fourteam_move_postfix,35072,battlezone98redux.exe!sub_6b2960,3,0.0201,14925,19.999
fourteam_move_postfix,35072,battlezone98redux.exe!sub_6ce4a0,3,0.0201,14925,19.999
fourteam_move_postfix,35072,d3d11.dll+0x2c465,3,0.0201,14925,19.999
fourteam_move_postfix,35072,battlezone98redux.exe!sub_439ec0,3,0.0201,14925,19.999
fourteam_move_postfix,35072,OgreMain.dll!?isViewOutOfDate@Camera@Ogre@@MBE_NXZ+0x51a,3,0.0201,14925,19.999
fourteam_move_postfix,35072,OgreMain.dll!?_detectImplementation@OptimisedUtil@Ogre@@KAPAV12@XZ+0x4671,3,0.0201,14925,19.999
fourteam_move_postfix,35072,nvwgf2um.dll!OpenAdapter10+0x726fe,3,0.0201,14925,19.999
fourteam_move_postfix,35072,d3d11.dll!D3D11CoreCreateLayeredDevice+0x123ba,3,0.0201,14925,19.999
fourteam_move_postfix,35072,ntdll.dll!_RtlAbPostRelease@8+0x2,3,0.0201,14925,19.999
fourteam_move_postfix,35072,OgreMain.dll!?_issueRenderOp@SceneManager@Ogre@@UAEXPAVRenderable@2@PBVPass@2@@Z+0x11,3,0.0201,14925,19.999
fourteam_move_postfix,35072,OgreMain.dll!?getSide@Plane@Ogre@@QBE?AW4Side@12@ABVVector3@2@0@Z+0x6c,3,0.0201,14925,19.999
fourteam_move_postfix,35072,d3d11.dll+0x31bef,3,0.0201,14925,19.999
fourteam_move_postfix,35072,OgreMain.dll!?_getCurrentSceneManager@Root@Ogre@@QBEPAVSceneManager@2@XZ+0x50,3,0.0201,14925,19.999
fourteam_move_postfix,35072,OgreMain.dll+0x1481c,3,0.0201,14925,19.999
fourteam_move_postfix,35072,OgreMain.dll!?getLight@AutoParamDataSource@Ogre@@IBEABVLight@2@I@Z+0x24,3,0.0201,14925,19.999
fourteam_move_postfix,35072,OgreMain.dll+0xd1c5,3,0.0201,14925,19.999
fourteam_move_postfix,35072,OgreMain.dll+0x24cdf,3,0.0201,14925,19.999
fourteam_move_postfix,35072,OgreMain.dll!?ASin@Math@Ogre@@SA?AVRadian@2@M@Z+0x2a,3,0.0201,14925,19.999
fourteam_move_postfix,35072,MSVCR120.dll!floor+0x2c,3,0.0201,14925,19.999
fourteam_move_postfix,35072,OgreMain.dll!?clone@Animation@Ogre@@QBEPAV12@ABV?$basic_string@DU?$char_traits@D@std@@V?$allocator@D@2@@std@@@Z+0x243,3,0.0201,14925,19.999
fourteam_move_postfix,35072,OgreMain.dll!?_setPass@SceneManager@Ogre@@UAEPBVPass@2@PBV32@_N1@Z+0x321,3,0.0201,14925,19.999
fourteam_move_postfix,35072,RenderSystem_Direct3D11.dll!?_setVertexTexture@D3D11RenderSystem@Ogre@@UAEXIABV?$SharedPtr@VTexture@Ogre@@@2@@Z+0x19,3,0.0201,14925,19.999
fourteam_move_postfix,35072,OgreMain.dll!?touchVertexBufferCopy@HardwareBufferManagerBase@Ogre@@UAEXABVHardwareVertexBufferSharedPtr@2@@Z+0x8a,3,0.0201,14925,19.999
fourteam_move_postfix,35072,OgreMain.dll+0x1f7f3,3,0.0201,14925,19.999
fourteam_move_postfix,35072,nvwgf2um.dll!SetDependencyInfo+0x57671,3,0.0201,14925,19.999
fourteam_move_postfix,35072,d3d11.dll!CreateDirect3D11DeviceFromDXGIDevice+0xbda32,3,0.0201,14925,19.999
fourteam_move_postfix,35072,ntdll.dll!RtlStringVPrintfWorkerA+0x4c,3,0.0201,14925,19.999
fourteam_move_postfix,35072,OgreMain.dll!?getDerivedPosition@Camera@Ogre@@QBEABVVector3@2@XZ+0xb,3,0.0201,14925,19.999
fourteam_move_postfix,35072,OgreMain.dll!?calculateLiSPSM@LiSPSMShadowCameraSetup@Ogre@@IBE?AVMatrix4@2@ABV32@ABVPointListBody@FocusedShadowCameraSetup@2@1ABVSceneManager@2@ABVCamera@2@ABVLight@2@@Z+0x308,3,0.0201,14925,19.999
fourteam_move_postfix,35072,OgreMain.dll!?getWorldBoundingSphere@MovableObject@Ogre@@UBEABVSphere@2@_N@Z+0x37,3,0.0201,14925,19.999
fourteam_move_postfix,35072,nvwgf2um.dll!SetDependencyInfo+0x4b1a0,3,0.0201,14925,19.999
fourteam_move_postfix,35072,RenderSystem_Direct3D11.dll!?getMonitorSequentialNumberFromSwapChain@MonitorInfo@Ogre@@QAEGPAUIDXGISwapChain@@_N@Z+0x2f08,3,0.0201,14925,19.999
fourteam_move_postfix,35072,OgreMain.dll+0x4ae3,3,0.0201,14925,19.999
fourteam_move_postfix,35072,ntdll.dll!_ApiSetResolveToHost_V7@20+0x22,3,0.0201,14925,19.999
fourteam_move_postfix,35072,ntdll.dll!_LdrpPreprocessDllName@16+0x102,3,0.0201,14925,19.999
fourteam_move_postfix,35072,ntdll.dll!_ApiSetpResolveHost@28+0x32,3,0.0201,14925,19.999
fourteam_move_postfix,35072,OgreMain.dll!?_detectImplementation@OptimisedUtil@Ogre@@KAPAV12@XZ+0x459c,3,0.0201,14925,19.999
fourteam_move_postfix,35072,OgreMain.dll!?_populateLightList@SceneManager@Ogre@@UAEXABVVector3@2@MAAV?$HashedVector@PAVLight@Ogre@@@2@I@Z+0x2bb,3,0.0201,14925,19.999
fourteam_move_postfix,35072,battlezone98redux.exe!sub_43c6e0,3,0.0201,14925,19.999
fourteam_move_postfix,35072,OgreMain.dll!?angleBetween@Vector3@Ogre@@QBE?AVRadian@2@ABV12@@Z+0x63,3,0.0201,14925,19.999
fourteam_move_postfix,35072,RenderSystem_Direct3D11.dll+0x3242,3,0.0201,14925,19.999
fourteam_move_postfix,35072,WINMM.dll@6ea10000!BZROpenShim::EnhancedLights::StableLightId+0x46,3,0.0201,14925,19.999
fourteam_move_postfix,35072,WINMM.dll@6ea10000!BZROpenShim::`anonymous namespace'::ReportFrustumCullIntervalIfDue+0x22d,3,0.0201,14925,19.999
fourteam_move_postfix,35072,nvwgf2um.dll!SetDependencyInfo+0x5634a,3,0.0201,14925,19.999
fourteam_move_postfix,35072,d3d11.dll!CreateDirect3D11DeviceFromDXGIDevice+0x603eb,3,0.0201,14925,19.999
fourteam_move_postfix,35072,ntdll.dll!__aulldvrm+0x7c,3,0.0201,14925,19.999
fourteam_move_postfix,35072,WINMM.dll@6ea10000!BZROpenShim::`anonymous namespace'::StringIsTruthy+0xea,3,0.0201,14925,19.999
fourteam_move_postfix,35072,OgreMain.dll!?prepareWorldGeometry@SceneManager@Ogre@@UAEXABV?$basic_string@DU?$char_traits@D@std@@V?$allocator@D@2@@std@@@Z+0x289,3,0.0201,14925,19.999
fourteam_move_postfix,35072,OgreMain.dll!?_issueRenderOp@SceneManager@Ogre@@UAEXPAVRenderable@2@PBVPass@2@@Z+0x18,3,0.0201,14925,19.999
fourteam_move_postfix,35072,battlezone98redux.exe!sub_417e20,3,0.0201,14925,19.999
fourteam_move_postfix,35072,d3d11.dll!D3D11CoreCreateLayeredDevice+0x2a40,3,0.0201,14925,19.999
fourteam_move_postfix,35072,OgreMain.dll!?angleBetween@Vector3@Ogre@@QBE?AVRadian@2@ABV12@@Z+0x23,3,0.0201,14925,19.999
fourteam_move_postfix,35072,OgreMain.dll!?renderSingleObject@SceneManager@Ogre@@MAEXPAVRenderable@2@PBVPass@2@_N2PBV?$HashedVector@PAVLight@Ogre@@@2@@Z+0x9a4,3,0.0201,14925,19.999
fourteam_move_postfix,35072,OgreMain.dll!?load@Resource@Ogre@@UAEX_N@Z+0x3a,3,0.0201,14925,19.999
fourteam_move_postfix,35072,ntdll.dll!__woutput_l+0x4d9,3,0.0201,14925,19.999
fourteam_move_postfix,35072,RenderSystem_Direct3D11.dll!?_render@D3D11RenderSystem@Ogre@@UAEXABVRenderOperation@2@@Z+0xcab,3,0.0201,14925,19.999
fourteam_move_postfix,35072,OgreMain.dll!?updateAnimation@Entity@Ogre@@IAEXXZ+0x3eb,3,0.0201,14925,19.999
fourteam_move_postfix,35072,OgreMain.dll!?angleBetween@Vector3@Ogre@@QBE?AVRadian@2@ABV12@@Z+0x6a,3,0.0201,14925,19.999
fourteam_move_postfix,35072,OgreMain.dll!?getDistance@Plane@Ogre@@QBEMABVVector3@2@@Z+0x2f,3,0.0201,14925,19.999
fourteam_move_postfix,35072,d3d11.dll!D3D11CoreCreateDevice+0x11b02,3,0.0201,14925,19.999
fourteam_move_postfix,35072,MSVCR120.dll!__libm_sse2_asinf+0x220,3,0.0201,14925,19.999
fourteam_move_postfix,35072,battlezone98redux.exe!sub_67b990,3,0.0201,14925,19.999
fourteam_move_postfix,35072,OgreMain.dll!?isShadowTechniqueModulative@SceneManager@Ogre@@UBE_NXZ+0x8,3,0.0201,14925,19.999
fourteam_move_postfix,35072,OgreMain.dll!?updateGpuProgramParameters@SceneManager@Ogre@@MAEXPBVPass@2@@Z+0x7,3,0.0201,14925,19.999
fourteam_move_postfix,35072,RenderSystem_Direct3D11.dll+0x6582,3,0.0201,14925,19.999
fourteam_move_postfix,35072,OgreMain.dll!?calculateLVS@FocusedShadowCameraSetup@Ogre@@IBEXABVSceneManager@2@ABVCamera@2@ABVLight@2@ABVAxisAlignedBox@2@PAVPointListBody@12@@Z+0x42,3,0.0201,14925,19.999
fourteam_move_postfix,35072,nvwgf2um.dll!SetDependencyInfo+0x35649,3,0.0201,14925,19.999
fourteam_move_postfix,35072,OgreMain.dll!?_writeRawConstant@GpuProgramParameters@Ogre@@QAEXIABVVector4@2@I@Z+0x8,3,0.0201,14925,19.999
fourteam_move_postfix,35072,KERNEL32.DLL!GetLastError,3,0.0201,14925,19.999
fourteam_move_postfix,35072,OgreMain.dll!?_findNamedConstantDefinition@GpuProgramParameters@Ogre@@QBEPBUGpuConstantDefinition@2@ABV?$basic_string@DU?$char_traits@D@std@@V?$allocator@D@2@@std@@_N@Z+0x30,3,0.0201,14925,19.999
fourteam_move_postfix,35072,OgreMain.dll!?getAs4DVector@Light@Ogre@@QBE?AVVector4@2@_N@Z+0x4f,3,0.0201,14925,19.999
fourteam_move_postfix,35072,OgreMain.dll!?getSingleton@Root@Ogre@@SAAAV12@XZ+0x5,3,0.0201,14925,19.999
fourteam_move_postfix,35072,OgreMain.dll!?getDistance@Plane@Ogre@@QBEMABVVector3@2@@Z+0x1,3,0.0201,14925,19.999
fourteam_move_postfix,35072,OgreMain.dll!?_setPass@SceneManager@Ogre@@UAEPBVPass@2@PBV32@_N1@Z+0x116,3,0.0201,14925,19.999
fourteam_move_postfix,35072,nvspcap.dll!QueryShadowPlayDdiShimStatus+0x23d8e,3,0.0201,14925,19.999
fourteam_move_postfix,35072,MSVCP120.dll!?_Put@?$num_put@DV?$ostreambuf_iterator@DU?$char_traits@D@std@@@std@@@std@@ABA?AV?$ostreambuf_iterator@DU?$char_traits@D@std@@@2@V32@PBDI@Z+0x1b,3,0.0201,14925,19.999
fourteam_move_postfix,35072,MSVCP120.dll!?_Iput@?$num_put@DV?$ostreambuf_iterator@DU?$char_traits@D@std@@@std@@@std@@ABA?AV?$ostreambuf_iterator@DU?$char_traits@D@std@@@2@V32@AAVios_base@2@DPADI@Z+0x259,3,0.0201,14925,19.999
fourteam_move_postfix,35072,nvwgf2um.dll!NVENCODEAPI_Thunk+0x3fb4a,3,0.0201,14925,19.999
fourteam_move_postfix,35072,nvwgf2um.dll!NVENCODEAPI_Thunk+0x541d2,3,0.0201,14925,19.999
fourteam_move_postfix,35072,OgreMain.dll!?addRenderable@RenderQueue@Ogre@@QAEXPAVRenderable@2@EG@Z+0x1d7,3,0.0201,14925,19.999
fourteam_move_postfix,35072,RenderSystem_Direct3D11.dll!?getMonitorSequentialNumberFromSwapChain@MonitorInfo@Ogre@@QAEGPAUIDXGISwapChain@@_N@Z+0x2f17,3,0.0201,14925,19.999
fourteam_move_postfix,35072,MSVCR120.dll!__libm_sse2_acosf+0x1e7,3,0.0201,14925,19.999
fourteam_move_postfix,35072,MSVCR120.dll!floor+0x28,3,0.0201,14925,19.999
fourteam_move_postfix,35072,OgreMain.dll!?_updateAutoParams@GpuProgramParameters@Ogre@@QAEXPBVAutoParamDataSource@2@G@Z+0x2050,3,0.0201,14925,19.999
fourteam_move_postfix,35072,OgreMain.dll!?getBestTechnique@Material@Ogre@@QAEPAVTechnique@2@GPBVRenderable@2@@Z+0x4f,3,0.0201,14925,19.999
fourteam_move_postfix,35072,MSVCR120.dll!__libm_sse2_asinf+0x98,3,0.0201,14925,19.999
fourteam_move_postfix,35072,d3d11.dll!D3D11CoreCreateDevice+0x938f,3,0.0201,14925,19.999
fourteam_move_postfix,35072,OgreMain.dll!?_updateAutoParams@GpuProgramParameters@Ogre@@QAEXPBVAutoParamDataSource@2@G@Z+0x1af2,3,0.0201,14925,19.999
fourteam_move_postfix,35072,OgreMain.dll!?getDistance@Plane@Ogre@@QBEMABVVector3@2@@Z+0x14,3,0.0201,14925,19.999
fourteam_move_postfix,35072,MSVCR120.dll!wcsnlen+0x14f,3,0.0201,14925,19.999
fourteam_move_postfix,35072,OgreMain.dll!?_updateAutoParams@GpuProgramParameters@Ogre@@QAEXPBVAutoParamDataSource@2@G@Z+0x971,3,0.0201,14925,19.999
fourteam_move_postfix,35072,ntdll.dll!__woutput_l+0x80f,3,0.0201,14925,19.999
fourteam_move_postfix,35072,ntdll.dll!_RtlpLocalInfoAllocFromCache@8+0x51,3,0.0201,14925,19.999
fourteam_move_postfix,35072,d3d11.dll+0x30d9a,3,0.0201,14925,19.999
fourteam_move_postfix,35072,battlezone98redux.exe!sub_678950,3,0.0201,14925,19.999
fourteam_move_postfix,35072,OgreMain.dll!?getSingleton@ControllerManager@Ogre@@SAAAV12@XZ+0x5,3,0.0201,14925,19.999
fourteam_move_postfix,35072,OgreMain.dll!?renderSingleObject@SceneManager@Ogre@@MAEXPAVRenderable@2@PBVPass@2@_N2PBV?$HashedVector@PAVLight@Ogre@@@2@@Z+0x80,3,0.0201,14925,19.999
fourteam_move_postfix,35072,OgreMain.dll!?getLight@AutoParamDataSource@Ogre@@IBEABVLight@2@I@Z+0x19,3,0.0201,14925,19.999
fourteam_move_postfix,35072,battlezone98redux.exe!sub_4d44f0,3,0.0201,14925,19.999
fourteam_move_postfix,35072,KERNEL32.DLL!GetTickCount+0x7,3,0.0201,14925,19.999
fourteam_move_postfix,35072,OgreMain.dll!?_findNamedConstantDefinition@GpuProgramParameters@Ogre@@QBEPBUGpuConstantDefinition@2@ABV?$basic_string@DU?$char_traits@D@std@@V?$allocator@D@2@@std@@_N@Z+0x3f,3,0.0201,14925,19.999
fourteam_move_postfix,35072,OgreMain.dll!?clear@RenderPriorityGroup@Ogre@@QAEXXZ+0x123,3,0.0201,14925,19.999
fourteam_move_postfix,35072,OgreMain.dll!?merge@RenderPriorityGroup@Ogre@@QAEXPBV12@@Z+0xad,3,0.0201,14925,19.999
fourteam_move_postfix,35072,d3d11.dll!CreateDirect3D11DeviceFromDXGIDevice+0xa17a7,3,0.0201,14925,19.999
fourteam_move_postfix,35072,OgreMain.dll!??4GpuSharedParametersUsage@Ogre@@QAEAAV01@ABV01@@Z+0x2735,3,0.0201,14925,19.999
fourteam_move_postfix,35072,OgreMain.dll!?getLightAs4DVector@AutoParamDataSource@Ogre@@UBE?AVVector4@2@I@Z+0x12,3,0.0201,14925,19.999
fourteam_move_postfix,35072,ntdll.dll!_RtlLeaveCriticalSection@4+0x2,3,0.0201,14925,19.999
fourteam_move_postfix,35072,OgreMain.dll!?angleBetween@Vector3@Ogre@@QBE?AVRadian@2@ABV12@@Z+0x83,3,0.0201,14925,19.999
fourteam_move_postfix,35072,OgreMain.dll!?RealEqual@Math@Ogre@@SA_NMMM@Z+0x8,3,0.0201,14925,19.999
fourteam_move_postfix,35072,battlezone98redux.exe!sub_4c0fe0,3,0.0201,14925,19.999
fourteam_move_postfix,35072,OgreMain.dll!?getViewMatrix@Frustum@Ogre@@UBEABVMatrix4@2@XZ+0x5,3,0.0201,14925,19.999
fourteam_move_postfix,35072,OgreMain.dll!?queryLights@MovableObject@Ogre@@UBEABV?$HashedVector@PAVLight@Ogre@@@2@XZ+0xc5,3,0.0201,14925,19.999
fourteam_move_postfix,35072,OgreMain.dll!?processVisibleObject@RenderQueue@Ogre@@QAEXPAVMovableObject@2@PAVCamera@2@_NPAUVisibleObjectsBoundsInfo@2@@Z+0x95,3,0.0201,14925,19.999
fourteam_move_postfix,35072,nvwgf2um.dll!NVENCODEAPI_Thunk+0x43039,3,0.0201,14925,19.999
fourteam_move_postfix,35072,OgreMain.dll!?getInverseViewMatrix@AutoParamDataSource@Ogre@@UBEABVMatrix4@2@XZ+0x26,3,0.0201,14925,19.999
fourteam_move_postfix,35072,RenderSystem_Direct3D11.dll!?getMonitorSequentialNumberFromSwapChain@MonitorInfo@Ogre@@QAEGPAUIDXGISwapChain@@_N@Z+0x2aca,3,0.0201,14925,19.999
fourteam_move_postfix,35072,OgreMain.dll!?_notifyCurrentCamera@MovableObject@Ogre@@UAEXPAVCamera@2@@Z+0x1f3,3,0.0201,14925,19.999
fourteam_move_postfix,35072,OgreMain.dll!?getLodStrategy@Material@Ogre@@QBEPBVLodStrategy@2@XZ+0x6,3,0.0201,14925,19.999
fourteam_move_postfix,35072,win32u.dll!_NtQueryCompositionSurfaceStatistics@8+0xc,3,0.0201,14925,19.999
fourteam_move_postfix,35072,ntdll.dll!_LdrGetDllHandleEx@20+0x2d5,3,0.0201,14925,19.999
fourteam_move_postfix,35072,OgreMain.dll!?_getDelegate@UnifiedHighLevelGpuProgram@Ogre@@QBEABV?$SharedPtr@VHighLevelGpuProgram@Ogre@@@2@XZ+0x17,3,0.0201,14925,19.999
fourteam_move_postfix,35072,RenderSystem_Direct3D11.dll!?getMonitorSequentialNumberFromSwapChain@MonitorInfo@Ogre@@QAEGPAUIDXGISwapChain@@_N@Z+0xf44,3,0.0201,14925,19.999
fourteam_move_postfix,35072,OgreMain.dll!?renderSingleObject@SceneManager@Ogre@@MAEXPAVRenderable@2@PBVPass@2@_N2PBV?$HashedVector@PAVLight@Ogre@@@2@@Z+0xae6,3,0.0201,14925,19.999
fourteam_move_postfix,35072,OgreMain.dll!?setCurrentPassIterationCount@RenderSystem@Ogre@@UAEXI@Z+0x6,3,0.0201,14925,19.999
fourteam_move_postfix,35072,battlezone98redux.exe!sub_778450,3,0.0201,14925,19.999
fourteam_move_postfix,35072,RenderSystem_Direct3D11.dll!?getMonitorSequentialNumberFromSwapChain@MonitorInfo@Ogre@@QAEGPAUIDXGISwapChain@@_N@Z+0x1136,3,0.0201,14925,19.999
fourteam_move_postfix,35072,nvwgf2um.dll!OpenAdapter10+0x726e0,3,0.0201,14925,19.999
fourteam_move_postfix,35072,d3d11.dll+0x2bead,3,0.0201,14925,19.999
fourteam_move_postfix,35072,OgreMain.dll!?renderSingleObject@SceneManager@Ogre@@MAEXPAVRenderable@2@PBVPass@2@_N2PBV?$HashedVector@PAVLight@Ogre@@@2@@Z+0x1cb,3,0.0201,14925,19.999
fourteam_move_postfix,35072,OgreMain.dll!?_updateAutoParams@GpuProgramParameters@Ogre@@QAEXPBVAutoParamDataSource@2@G@Z+0x1bee,3,0.0201,14925,19.999
fourteam_move_postfix,35072,battlezone98redux.exe!sub_48efc0,3,0.0201,14925,19.999
fourteam_move_postfix,35072,OgreMain.dll!?_notifyCurrentCamera@Entity@Ogre@@UAEXPAVCamera@2@@Z+0x16e,3,0.0201,14925,19.999
fourteam_move_postfix,35072,OgreMain.dll!?getParameters@GpuProgramUsage@Ogre@@QAE?AV?$SharedPtr@VGpuProgramParameters@Ogre@@@2@XZ+0xf8,3,0.0201,14925,19.999
fourteam_move_postfix,35072,OgreMain.dll!?clip@ConvexBody@Ogre@@QAEXABVPlane@2@_N@Z+0x45c,3,0.0201,14925,19.999
fourteam_move_postfix,35072,ntdll.dll!_RtlpLocalInfoAllocFromCache@8+0x28,3,0.0201,14925,19.999
fourteam_move_postfix,35072,battlezone98redux.exe!sub_429ce0,3,0.0201,14925,19.999
fourteam_move_postfix,35072,battlezone98redux.exe!sub_428bd0,3,0.0201,14925,19.999
fourteam_move_postfix,35072,battlezone98redux.exe!sub_4badc0,3,0.0201,14925,19.999
fourteam_move_postfix,35072,d3d11.dll!CreateDirect3D11DeviceFromDXGIDevice+0xa2171,3,0.0201,14925,19.999
fourteam_move_postfix,35072,battlezone98redux.exe!sub_5bc170,3,0.0201,14925,19.999
fourteam_move_postfix,35072,d3d11.dll!CreateDirect3D11DeviceFromDXGIDevice+0xa05ae,3,0.0201,14925,19.999
fourteam_move_postfix,35072,DSOUND.dll!GetDeviceID+0x4965,3,0.0201,14925,19.999
fourteam_move_postfix,35072,OgreMain.dll!?_setPass@SceneManager@Ogre@@UAEPBVPass@2@PBV32@_N1@Z+0xa73,3,0.0201,14925,19.999
fourteam_move_postfix,35072,RenderSystem_Direct3D11.dll!?getConstantBuffer@D3D11HLSLProgram@Ogre@@QAEPAUID3D11Buffer@@V?$SharedPtr@VGpuProgramParameters@Ogre@@@2@G@Z+0xfc,3,0.0201,14925,19.999
fourteam_move_postfix,35072,OgreMain.dll!?createTechnique@Material@Ogre@@QAEPAVTechnique@2@XZ+0xaf0,3,0.0201,14925,19.999
fourteam_move_postfix,35072,OgreMain.dll!?updateFromParentImpl@Node@Ogre@@MBEXXZ+0x3b,3,0.0201,14925,19.999
fourteam_move_postfix,35072,battlezone98redux.exe!sub_687770,3,0.0201,14925,19.999
fourteam_move_postfix,35072,battlezone98redux.exe!sub_68af40,3,0.0201,14925,19.999
fourteam_move_postfix,35072,OgreMain.dll+0x380f0,3,0.0201,14925,19.999
fourteam_move_postfix,35072,OgreMain.dll!?_calcTempSquareDist@Light@Ogre@@QAEXABVVector3@2@@Z+0x58,3,0.0201,14925,19.999
fourteam_move_postfix,35072,OgreMain.dll!?updateFromParentImpl@SceneNode@Ogre@@MBEXXZ+0x1a,3,0.0201,14925,19.999
fourteam_move_postfix,35072,OgreMain.dll!?_updateAutoParams@GpuProgramParameters@Ogre@@QAEXPBVAutoParamDataSource@2@G@Z+0x1ca0,3,0.0201,14925,19.999
fourteam_move_postfix,35072,battlezone98redux.exe!sub_45c490,3,0.0201,14925,19.999
fourteam_move_postfix,35072,d3d11.dll!D3D11CoreCreateDevice+0x2f204,3,0.0201,14925,19.999
fourteam_move_postfix,35072,OgreMain.dll!?reset@ConvexBody@Ogre@@QAEXXZ+0x17,3,0.0201,14925,19.999
fourteam_move_postfix,35072,OgreMain.dll!?hasShadowBuffer@HardwareBuffer@Ogre@@QBE_NXZ+0x3,3,0.0201,14925,19.999
fourteam_move_postfix,35072,OgreMain.dll!?updatePoint@RotationalSpline@Ogre@@QAEXGABVQuaternion@2@@Z+0xb1d8,3,0.0201,14925,19.999
fourteam_move_postfix,35072,ntdll.dll!write_char+0xc,3,0.0201,14925,19.999
fourteam_move_postfix,35072,battlezone98redux.exe!sub_4305e0,3,0.0201,14925,19.999
fourteam_move_postfix,35072,OgreMain.dll!?getSide@Plane@Ogre@@QBE?AW4Side@12@ABVVector3@2@0@Z+0x3,3,0.0201,14925,19.999
fourteam_move_postfix,35072,OgreMain.dll!?addRenderable@RenderPriorityGroup@Ogre@@QAEXPAVRenderable@2@PAVTechnique@2@@Z+0x7,3,0.0201,14925,19.999
fourteam_move_postfix,35072,ntdll.dll!_RtlSetLastWin32Error@4,3,0.0201,14925,19.999
fourteam_move_postfix,35072,d3d11.dll+0x30d49,3,0.0201,14925,19.999
fourteam_move_postfix,35072,nvwgf2um.dll!OpenAdapter10+0x71b01,3,0.0201,14925,19.999
fourteam_move_postfix,35072,OgreMain.dll!?getDerivedDirection@Light@Ogre@@QBEABVVector3@2@XZ+0xb,3,0.0201,14925,19.999
fourteam_move_postfix,35072,OgreMain.dll!?update@Light@Ogre@@MBEXXZ+0x132,3,0.0201,14925,19.999
fourteam_move_postfix,35072,OgreMain.dll+0x7e50,3,0.0201,14925,19.999
fourteam_move_postfix,35072,OgreMain.dll!?getViewMatrix@Camera@Ogre@@QBEABVMatrix4@2@_N@Z+0x1,3,0.0201,14925,19.999
fourteam_move_postfix,35072,dxgi.dll!CompatString+0x765d,3,0.0201,14925,19.999
fourteam_move_postfix,35072,dxgi.dll!CompatString+0x7716,3,0.0201,14925,19.999
fourteam_move_postfix,35072,nvwgf2um.dll!OpenAdapter10+0x726f2,3,0.0201,14925,19.999
fourteam_move_postfix,35072,ntdll.dll!@RtlpLowFragHeapAllocFromContext@16+0x23,3,0.0201,14925,19.999
fourteam_move_postfix,35072,nvwgf2um.dll!SetDependencyInfo+0x54270,3,0.0201,14925,19.999
fourteam_move_postfix,35072,OgreMain.dll!?getWorldBoundingSphere@MovableObject@Ogre@@UBEABVSphere@2@_N@Z+0x4a,3,0.0201,14925,19.999
fourteam_move_postfix,35072,OgreMain.dll!?_disableTextureUnitsFrom@RenderSystem@Ogre@@UAEXI@Z+0x30,3,0.0201,14925,19.999
fourteam_move_postfix,35072,battlezone98redux.exe!sub_4de9d0,3,0.0201,14925,19.999
fourteam_move_postfix,35072,RenderSystem_Direct3D11.dll!?_setTesselationHullTexture@D3D11RenderSystem@Ogre@@UAEXIABV?$SharedPtr@VTexture@Ogre@@@2@@Z+0x19,3,0.0201,14925,19.999
fourteam_move_postfix,35072,OgreMain.dll!?_setTextureUnitSettings@RenderSystem@Ogre@@UAEXIAAVTextureUnitState@2@@Z+0x1ab,3,0.0201,14925,19.999
fourteam_move_postfix,35072,OgreMain.dll!?_updateBounds@SceneNode@Ogre@@UAEXXZ+0x29d,3,0.0201,14925,19.999
fourteam_move_postfix,35072,d3d11.dll!D3D11CoreCreateDevice+0x8a54,3,0.0201,14925,19.999
fourteam_move_postfix,35072,OgreMain.dll!?getWorldTransforms@SubEntity@Ogre@@UBEXPAVMatrix4@2@@Z+0xc6,3,0.0201,14925,19.999
fourteam_move_postfix,35072,nvwgf2um.dll!NVENCODEAPI_Thunk+0x44522,3,0.0201,14925,19.999
fourteam_move_postfix,35072,OgreMain.dll!?isHardwareAnimationEnabled@Entity@Ogre@@QAE_NXZ,3,0.0201,14925,19.999
fourteam_move_postfix,35072,MSVCP120.dll!?isfx@?$basic_istream@_WU?$char_traits@_W@std@@@std@@QAEXXZ,3,0.0201,14925,19.999
fourteam_move_postfix,35072,RenderSystem_Direct3D11.dll!?_render@D3D11RenderSystem@Ogre@@UAEXABVRenderOperation@2@@Z+0x1624,3,0.0201,14925,19.999
fourteam_move_postfix,35072,OgreMain.dll!?getBoundingSphereRadius@Mesh@Ogre@@QBEMXZ+0x6,3,0.0201,14925,19.999
fourteam_move_postfix,35072,OgreMain.dll!?_pushCurrentSceneManager@Root@Ogre@@QAEXPAVSceneManager@2@@Z+0xf,3,0.0201,14925,19.999
fourteam_move_postfix,35072,OgreMain.dll!?_renderScene@SceneManager@Ogre@@UAEXPAVCamera@2@PAVViewport@2@_N@Z+0x37,3,0.0201,14925,19.999
fourteam_move_postfix,35072,nvwgf2um.dll!SetDependencyInfo+0x4b1ac,3,0.0201,14925,19.999
fourteam_move_postfix,35072,OgreMain.dll!?_writeRawConstants@GpuProgramParameters@Ogre@@QAEXIPBMI@Z+0x10,3,0.0201,14925,19.999
fourteam_move_postfix,35072,OgreMain.dll!?updatePoint@RotationalSpline@Ogre@@QAEXGABVQuaternion@2@@Z+0x9cea,3,0.0201,14925,19.999
fourteam_move_postfix,35072,dxgi.dll!CompatString+0x4613,3,0.0201,14925,19.999
fourteam_move_postfix,35072,dxgi.dll!DXGID3D10CreateDevice+0x260,3,0.0201,14925,19.999
fourteam_move_postfix,35072,battlezone98redux.exe!sub_48efe0,3,0.0201,14925,19.999
fourteam_move_postfix,35072,OgreMain.dll!?setOrientation@Node@Ogre@@UAEXABVQuaternion@2@@Z+0x27,3,0.0201,14925,19.999
fourteam_move_postfix,35072,OgreMain.dll!?getParameters@GpuProgramUsage@Ogre@@QAE?AV?$SharedPtr@VGpuProgramParameters@Ogre@@@2@XZ+0x1,3,0.0201,14925,19.999
fourteam_move_postfix,35072,OgreMain.dll!?getWorldViewMatrix@AutoParamDataSource@Ogre@@UBEABVMatrix4@2@XZ+0x1a6,3,0.0201,14925,19.999
fourteam_move_postfix,35072,OgreMain.dll!?_populateLightList@SceneManager@Ogre@@UAEXABVVector3@2@MAAV?$HashedVector@PAVLight@Ogre@@@2@I@Z+0x136,3,0.0201,14925,19.999
fourteam_move_postfix,35072,battlezone98redux.exe!sub_689a20,3,0.0201,14925,19.999
fourteam_move_postfix,35072,OgreMain.dll!?RealEqual@Math@Ogre@@SA_NMMM@Z+0x1,3,0.0201,14925,19.999
fourteam_move_postfix,35072,OgreMain.dll!?getLightAttenuation@AutoParamDataSource@Ogre@@UBE?AVVector4@2@I@Z,3,0.0201,14925,19.999
fourteam_move_postfix,35072,battlezone98redux.exe!sub_689ab0,3,0.0201,14925,19.999
fourteam_move_postfix,35072,OgreMain.dll!?getBoundingBox@Entity@Ogre@@UBEABVAxisAlignedBox@2@XZ+0x3d,3,0.0201,14925,19.999
fourteam_move_postfix,35072,OgreMain.dll!??4GpuSharedParametersUsage@Ogre@@QAEAAV01@ABV01@@Z+0x272a,3,0.0201,14925,19.999
fourteam_move_postfix,35072,OgreMain.dll!?getBestTechnique@Material@Ogre@@QAEPAVTechnique@2@GPBVRenderable@2@@Z+0x29,3,0.0201,14925,19.999
fourteam_move_postfix,35072,OgreMain.dll!?getWorldViewProjMatrix@AutoParamDataSource@Ogre@@UBEABVMatrix4@2@XZ+0x7,3,0.0201,14925,19.999
fourteam_move_postfix,35072,OgreMain.dll!?getResourceGroup@ResourceGroupManager@Ogre@@IAEPAUResourceGroup@12@ABV?$basic_string@DU?$char_traits@D@std@@V?$allocator@D@2@@std@@@Z+0x73,3,0.0201,14925,19.999
fourteam_move_postfix,35072,WINMM.dll@6ea10000!BZROpenShim::`anonymous namespace'::IsOgreEntityObject+0x77,3,0.0201,14925,19.999
fourteam_move_postfix,35072,OgreMain.dll!?getLightDirection@AutoParamDataSource@Ogre@@UBEABVVector3@2@I@Z,3,0.0201,14925,19.999
fourteam_move_postfix,35072,OgreMain.dll+0x358af,3,0.0201,14925,19.999
fourteam_move_postfix,35072,OgreMain.dll!?_detectImplementation@OptimisedUtil@Ogre@@KAPAV12@XZ+0x460b,3,0.0201,14925,19.999
