label,thread,symbol,module,self_samples,self_percent,total_samples,window_seconds
fourteam_prefix,36068,ntdll.dll!_ZwQueryFullAttributesFile@8+0xc,ntdll.dll,644,5.1188,12581,19.999
fourteam_prefix,36068,ntdll.dll!_ZwQueryVirtualMemory@24+0xc,ntdll.dll,444,3.5291,12581,19.999
fourteam_prefix,36068,MSVCR120.dll!memmove+0xc9,MSVCR120.dll,172,1.3671,12581,19.999
fourteam_prefix,36068,battlezone98redux.exe!sub_461fd0,battlezone98redux.exe,134,1.0651,12581,19.999
fourteam_prefix,36068,battlezone98redux.exe!sub_687340,battlezone98redux.exe,133,1.0571,12581,19.999
fourteam_prefix,36068,RenderSystem_Direct3D11.dll!?bindGpuProgramParameters@D3D11RenderSystem@Ogre@@UAEXW4GpuProgramType@2@V?$SharedPtr@VGpuProgramParameters@Ogre@@@2@G@Z+0x54a,RenderSystem_Direct3D11.dll,108,0.8584,12581,19.999
fourteam_prefix,36068,battlezone98redux.exe!sub_4933e0,battlezone98redux.exe,107,0.8505,12581,19.999
fourteam_prefix,36068,battlezone98redux.exe!sub_446360,battlezone98redux.exe,94,0.7472,12581,19.999
fourteam_prefix,36068,battlezone98redux.exe!sub_4428b0,battlezone98redux.exe,93,0.7392,12581,19.999
fourteam_prefix,36068,MSVCR120.dll!floor+0x15,MSVCR120.dll,87,0.6915,12581,19.999
fourteam_prefix,36068,battlezone98redux.exe!sub_81fe60,battlezone98redux.exe,85,0.6756,12581,19.999
fourteam_prefix,36068,OgreMain.dll!?isVisible@ShadowRenderable@Ogre@@UBE_NXZ+0x236,OgreMain.dll,82,0.6518,12581,19.999
fourteam_prefix,36068,battlezone98redux.exe!sub_493330,battlezone98redux.exe,75,0.5961,12581,19.999
fourteam_prefix,36068,win32u.dll!_NtUserPeekMessage@24+0xc,win32u.dll,66,0.5246,12581,19.999
fourteam_prefix,36068,battlezone98redux.exe!sub_62e710,battlezone98redux.exe,65,0.5167,12581,19.999
fourteam_prefix,36068,battlezone98redux.exe!sub_4f90a0,battlezone98redux.exe,64,0.5087,12581,19.999
fourteam_prefix,36068,MSVCR120.dll!memmove+0xc7,MSVCR120.dll,61,0.4849,12581,19.999
fourteam_prefix,36068,battlezone98redux.exe!sub_440130,battlezone98redux.exe,60,0.4769,12581,19.999
fourteam_prefix,36068,battlezone98redux.exe!sub_4461b0,battlezone98redux.exe,56,0.4451,12581,19.999
fourteam_prefix,36068,MSVCR120.dll!floor+0x19,MSVCR120.dll,54,0.4292,12581,19.999
fourteam_prefix,36068,ntdll.dll!_ZwReleaseSemaphore@12+0xc,ntdll.dll,52,0.4133,12581,19.999
fourteam_prefix,36068,battlezone98redux.exe!sub_43fb30,battlezone98redux.exe,51,0.4054,12581,19.999
fourteam_prefix,36068,OgreMain.dll!?_updateBounds@SceneNode@Ogre@@UAEXXZ+0x19c,OgreMain.dll,48,0.3815,12581,19.999
fourteam_prefix,36068,battlezone98redux.exe!sub_820180,battlezone98redux.exe,48,0.3815,12581,19.999
fourteam_prefix,36068,battlezone98redux.exe!sub_4f90f0,battlezone98redux.exe,48,0.3815,12581,19.999
fourteam_prefix,36068,battlezone98redux.exe!sub_439d00,battlezone98redux.exe,46,0.3656,12581,19.999
fourteam_prefix,36068,d3d11.dll+0x30d82,d3d11.dll,44,0.3497,12581,19.999
fourteam_prefix,36068,OgreMain.dll!?getParameters@GpuProgramUsage@Ogre@@QAE?AV?$SharedPtr@VGpuProgramParameters@Ogre@@@2@XZ+0xe7,OgreMain.dll,44,0.3497,12581,19.999
fourteam_prefix,36068,OgreMain.dll!?getHasInstanceData@VertexBufferBinding@Ogre@@UBE_NXZ+0x5,OgreMain.dll,44,0.3497,12581,19.999
fourteam_prefix,36068,battlezone98redux.exe!sub_444ba0,battlezone98redux.exe,43,0.3418,12581,19.999
fourteam_prefix,36068,OgreMain.dll!?_findVisibleObjects@SceneNode@Ogre@@UAEXPAVCamera@2@PAVRenderQueue@2@PAUVisibleObjectsBoundsInfo@2@_N33@Z+0x7e,OgreMain.dll,42,0.3338,12581,19.999
fourteam_prefix,36068,OgreMain.dll!?getHasInstanceData@VertexBufferBinding@Ogre@@UBE_NXZ+0x17,OgreMain.dll,42,0.3338,12581,19.999
fourteam_prefix,36068,battlezone98redux.exe!sub_62e070,battlezone98redux.exe,41,0.3259,12581,19.999
fourteam_prefix,36068,OgreMain.dll!?lock@HardwareBuffer@Ogre@@UAEPAXIIW4LockOptions@12@W4UploadOptions@12@@Z+0x19c,OgreMain.dll,41,0.3259,12581,19.999
fourteam_prefix,36068,battlezone98redux.exe!sub_784180,battlezone98redux.exe,39,0.31,12581,19.999
fourteam_prefix,36068,d3d11.dll!CreateDirect3D11DeviceFromDXGIDevice+0x9f925,d3d11.dll,39,0.31,12581,19.999
fourteam_prefix,36068,MSVCR120.dll!__libm_sse2_acosf+0xa6,MSVCR120.dll,37,0.2941,12581,19.999
fourteam_prefix,36068,battlezone98redux.exe!sub_440210,battlezone98redux.exe,36,0.2861,12581,19.999
fourteam_prefix,36068,battlezone98redux.exe!sub_4ebfd0,battlezone98redux.exe,35,0.2782,12581,19.999
fourteam_prefix,36068,battlezone98redux.exe!sub_4440d0,battlezone98redux.exe,34,0.2702,12581,19.999
fourteam_prefix,36068,OgreMain.dll!?getHasInstanceData@VertexBufferBinding@Ogre@@UBE_NXZ+0x13,OgreMain.dll,34,0.2702,12581,19.999
fourteam_prefix,36068,OgreMain.dll!?isHardwareAnimationEnabled@Entity@Ogre@@QAE_NXZ+0x28,OgreMain.dll,34,0.2702,12581,19.999
fourteam_prefix,36068,d3d11.dll+0x27010,d3d11.dll,34,0.2702,12581,19.999
fourteam_prefix,36068,OgreMain.dll!?isInLightRange@Light@Ogre@@QBE_NABVSphere@2@@Z+0x172,OgreMain.dll,34,0.2702,12581,19.999
fourteam_prefix,36068,RenderSystem_Direct3D11.dll!?_render@D3D11RenderSystem@Ogre@@UAEXABVRenderOperation@2@@Z+0x5b,RenderSystem_Direct3D11.dll,33,0.2623,12581,19.999
fourteam_prefix,36068,battlezone98redux.exe!sub_62bf70,battlezone98redux.exe,32,0.2544,12581,19.999
fourteam_prefix,36068,ntdll.dll!_ZwTraceEvent@16+0xc,ntdll.dll,32,0.2544,12581,19.999
fourteam_prefix,36068,battlezone98redux.exe!sub_784620,battlezone98redux.exe,32,0.2544,12581,19.999
fourteam_prefix,36068,RenderSystem_Direct3D11.dll!?getILayoutByShader@D3D11VertexDeclaration@Ogre@@IAEPAUID3D11InputLayout@@PAVD3D11HLSLProgram@2@PAVVertexBufferBinding@2@@Z+0x6a,RenderSystem_Direct3D11.dll,32,0.2544,12581,19.999
fourteam_prefix,36068,RenderSystem_Direct3D11.dll!?getILayoutByShader@D3D11VertexDeclaration@Ogre@@IAEPAUID3D11InputLayout@@PAVD3D11HLSLProgram@2@PAVVertexBufferBinding@2@@Z+0x24f,RenderSystem_Direct3D11.dll,31,0.2464,12581,19.999
fourteam_prefix,36068,battlezone98redux.exe!sub_60f320,battlezone98redux.exe,31,0.2464,12581,19.999
fourteam_prefix,36068,d3d11.dll!D3D11CoreCreateDevice+0x26530,d3d11.dll,31,0.2464,12581,19.999
fourteam_prefix,36068,MSVCR120.dll!__libm_sse2_acosf+0x4c,MSVCR120.dll,31,0.2464,12581,19.999
fourteam_prefix,36068,d3d11.dll+0x2b4fb,d3d11.dll,29,0.2305,12581,19.999
fourteam_prefix,36068,RenderSystem_Direct3D11.dll!?bindToShader@D3D11VertexDeclaration@Ogre@@QAEXPAVD3D11HLSLProgram@2@PAVVertexBufferBinding@2@@Z+0xa,RenderSystem_Direct3D11.dll,28,0.2226,12581,19.999
fourteam_prefix,36068,RenderSystem_Direct3D11.dll!?getILayoutByShader@D3D11VertexDeclaration@Ogre@@IAEPAUID3D11InputLayout@@PAVD3D11HLSLProgram@2@PAVVertexBufferBinding@2@@Z+0x56,RenderSystem_Direct3D11.dll,27,0.2146,12581,19.999
fourteam_prefix,36068,battlezone98redux.exe!sub_81f1e0,battlezone98redux.exe,27,0.2146,12581,19.999
fourteam_prefix,36068,RenderSystem_Direct3D11.dll!?getILayoutByShader@D3D11VertexDeclaration@Ogre@@IAEPAUID3D11InputLayout@@PAVD3D11HLSLProgram@2@PAVVertexBufferBinding@2@@Z+0x52,RenderSystem_Direct3D11.dll,27,0.2146,12581,19.999
fourteam_prefix,36068,RenderSystem_Direct3D11.dll!?_render@D3D11RenderSystem@Ogre@@UAEXABVRenderOperation@2@@Z+0x97,RenderSystem_Direct3D11.dll,27,0.2146,12581,19.999
fourteam_prefix,36068,RenderSystem_Direct3D11.dll+0x3ee0,RenderSystem_Direct3D11.dll,27,0.2146,12581,19.999
fourteam_prefix,36068,battlezone98redux.exe!sub_8203f0,battlezone98redux.exe,27,0.2146,12581,19.999
fourteam_prefix,36068,RenderSystem_Direct3D11.dll!?getMonitorSequentialNumberFromSwapChain@MonitorInfo@Ogre@@QAEGPAUIDXGISwapChain@@_N@Z+0x27a7,RenderSystem_Direct3D11.dll,25,0.1987,12581,19.999
fourteam_prefix,36068,OgreMain.dll!?isHardwareAnimationEnabled@Entity@Ogre@@QAE_NXZ+0x43,OgreMain.dll,25,0.1987,12581,19.999
fourteam_prefix,36068,win32u.dll!_NtUserSystemParametersInfo@16+0xc,win32u.dll,25,0.1987,12581,19.999
fourteam_prefix,36068,nvwgf2um.dll!NVENCODEAPI_Thunk+0x2175ea,nvwgf2um.dll,25,0.1987,12581,19.999
fourteam_prefix,36068,battlezone98redux.exe!sub_784100,battlezone98redux.exe,24,0.1908,12581,19.999
fourteam_prefix,36068,RenderSystem_Direct3D11.dll!?getD3DVertexBuffer@D3D11HardwareVertexBuffer@Ogre@@QBEPAUID3D11Buffer@@XZ+0x6,RenderSystem_Direct3D11.dll,24,0.1908,12581,19.999
fourteam_prefix,36068,battlezone98redux.exe!sub_6111e0,battlezone98redux.exe,23,0.1828,12581,19.999
fourteam_prefix,36068,OgreMain.dll!?_findVisibleObjects@SceneNode@Ogre@@UAEXPAVCamera@2@PAVRenderQueue@2@PAUVisibleObjectsBoundsInfo@2@_N33@Z+0x4c,OgreMain.dll,22,0.1749,12581,19.999
fourteam_prefix,36068,ntdll.dll!_ZwReleaseMutant@8+0xc,ntdll.dll,22,0.1749,12581,19.999
fourteam_prefix,36068,battlezone98redux.exe!sub_4deaa0,battlezone98redux.exe,21,0.1669,12581,19.999
fourteam_prefix,36068,battlezone98redux.exe!sub_445d90,battlezone98redux.exe,21,0.1669,12581,19.999
fourteam_prefix,36068,battlezone98redux.exe!sub_81fd40,battlezone98redux.exe,20,0.159,12581,19.999
fourteam_prefix,36068,WINMM.dll@6dfa0000!BZROpenShim::`anonymous namespace'::IsOgreEntityObject+0x44,WINMM.dll@6dfa0000,20,0.159,12581,19.999
fourteam_prefix,36068,RenderSystem_Direct3D11.dll!?getConstantBuffer@D3D11HLSLProgram@Ogre@@QAEPAUID3D11Buffer@@V?$SharedPtr@VGpuProgramParameters@Ogre@@@2@G@Z+0xe7,RenderSystem_Direct3D11.dll,20,0.159,12581,19.999
fourteam_prefix,36068,battlezone98redux.exe!sub_440e60,battlezone98redux.exe,20,0.159,12581,19.999
fourteam_prefix,36068,battlezone98redux.exe!sub_417910,battlezone98redux.exe,20,0.159,12581,19.999
fourteam_prefix,36068,OgreMain.dll!?addRenderable@RenderQueue@Ogre@@QAEXPAVRenderable@2@EG@Z+0x39,OgreMain.dll,20,0.159,12581,19.999
fourteam_prefix,36068,OgreMain.dll!?touchVertexBufferCopy@HardwareBufferManagerBase@Ogre@@UAEXABVHardwareVertexBufferSharedPtr@2@@Z+0x47,OgreMain.dll,20,0.159,12581,19.999
fourteam_prefix,36068,OgreMain.dll!?getFragmentProgramParameters@Pass@Ogre@@QBE?AV?$SharedPtr@VGpuProgramParameters@Ogre@@@2@XZ+0x86,OgreMain.dll,19,0.151,12581,19.999
fourteam_prefix,36068,OgreMain.dll!??4GpuSharedParametersUsage@Ogre@@QAEAAV01@ABV01@@Z+0x27b5,OgreMain.dll,19,0.151,12581,19.999
fourteam_prefix,36068,d3d11.dll+0x35e90,d3d11.dll,18,0.1431,12581,19.999
fourteam_prefix,36068,RenderSystem_Direct3D11.dll+0x4b38,RenderSystem_Direct3D11.dll,18,0.1431,12581,19.999
fourteam_prefix,36068,OgreMain.dll!?_findVisibleObjects@SceneNode@Ogre@@UAEXPAVCamera@2@PAVRenderQueue@2@PAUVisibleObjectsBoundsInfo@2@_N33@Z+0x76,OgreMain.dll,18,0.1431,12581,19.999
fourteam_prefix,36068,win32u.dll!_NtGdiDdDDIGetDeviceState@4+0xc,win32u.dll,18,0.1431,12581,19.999
fourteam_prefix,36068,battlezone98redux.exe!sub_442e70,battlezone98redux.exe,18,0.1431,12581,19.999
fourteam_prefix,36068,OgreMain.dll!?ACos@Math@Ogre@@SA?AVRadian@2@M@Z+0x8,OgreMain.dll,18,0.1431,12581,19.999
fourteam_prefix,36068,battlezone98redux.exe!sub_440300,battlezone98redux.exe,18,0.1431,12581,19.999
fourteam_prefix,36068,RenderSystem_Direct3D11.dll!?createImpl@D3D11GpuProgramManager@Ogre@@MAEPAVResource@2@ABV?$basic_string@DU?$char_traits@D@std@@V?$allocator@D@2@@std@@_K0_NPAVManualResourceLoader@2@W4GpuProgramType@2@0@Z+0x6144,RenderSystem_Direct3D11.dll,18,0.1431,12581,19.999
fourteam_prefix,36068,OgreMain.dll!?getProgram@Pass@Ogre@@IBEABV?$SharedPtr@VGpuProgram@Ogre@@@2@PBQAVGpuProgramUsage@2@@Z+0x44,OgreMain.dll,18,0.1431,12581,19.999
fourteam_prefix,36068,OgreMain.dll!?getDistance@Plane@Ogre@@QBEMABVVector3@2@@Z+0x37,OgreMain.dll,18,0.1431,12581,19.999
fourteam_prefix,36068,OgreMain.dll!?getVertexProgramParameters@Pass@Ogre@@QBE?AV?$SharedPtr@VGpuProgramParameters@Ogre@@@2@XZ+0x127,OgreMain.dll,17,0.1351,12581,19.999
fourteam_prefix,36068,battlezone98redux.exe!sub_442f40,battlezone98redux.exe,17,0.1351,12581,19.999
fourteam_prefix,36068,OgreMain.dll!?getProgram@Pass@Ogre@@IBEABV?$SharedPtr@VGpuProgram@Ogre@@@2@PBQAVGpuProgramUsage@2@@Z+0x38,OgreMain.dll,17,0.1351,12581,19.999
fourteam_prefix,36068,battlezone98redux.exe!sub_4621a0,battlezone98redux.exe,17,0.1351,12581,19.999
fourteam_prefix,36068,battlezone98redux.exe!sub_492d60,battlezone98redux.exe,16,0.1272,12581,19.999
fourteam_prefix,36068,battlezone98redux.exe!sub_774f80,battlezone98redux.exe,16,0.1272,12581,19.999
fourteam_prefix,36068,battlezone98redux.exe!sub_6116a0,battlezone98redux.exe,16,0.1272,12581,19.999
fourteam_prefix,36068,OgreMain.dll!?getFragmentProgramParameters@Pass@Ogre@@QBE?AV?$SharedPtr@VGpuProgramParameters@Ogre@@@2@XZ+0x7a,OgreMain.dll,15,0.1192,12581,19.999
fourteam_prefix,36068,battlezone98redux.exe!sub_45d240,battlezone98redux.exe,15,0.1192,12581,19.999
fourteam_prefix,36068,KERNEL32.DLL!GetCurrentThreadId,KERNEL32.DLL,15,0.1192,12581,19.999
fourteam_prefix,36068,RenderSystem_Direct3D11.dll!?getMonitorSequentialNumberFromSwapChain@MonitorInfo@Ogre@@QAEGPAUIDXGISwapChain@@_N@Z+0x2797,RenderSystem_Direct3D11.dll,15,0.1192,12581,19.999
fourteam_prefix,36068,OgreMain.dll!?isHardwareAnimationEnabled@Entity@Ogre@@QAE_NXZ+0x2c,OgreMain.dll,15,0.1192,12581,19.999
fourteam_prefix,36068,OgreMain.dll!?isInLightRange@Light@Ogre@@QBE_NABVSphere@2@@Z+0x175,OgreMain.dll,15,0.1192,12581,19.999
fourteam_prefix,36068,d3d11.dll!CreateDirect3D11DeviceFromDXGIDevice+0x9da48,d3d11.dll,15,0.1192,12581,19.999
fourteam_prefix,36068,MSVCR120.dll!__libm_sse2_asinf+0x50,MSVCR120.dll,15,0.1192,12581,19.999
fourteam_prefix,36068,ntdll.dll!_ZwWaitForSingleObject@12+0xc,ntdll.dll,14,0.1113,12581,19.999
fourteam_prefix,36068,OgreMain.dll!?touchVertexBufferCopy@HardwareBufferManagerBase@Ogre@@UAEXABVHardwareVertexBufferSharedPtr@2@@Z+0x7e,OgreMain.dll,14,0.1113,12581,19.999
fourteam_prefix,36068,ntdll.dll!_ZwWaitForMultipleObjects@20+0xc,ntdll.dll,14,0.1113,12581,19.999
fourteam_prefix,36068,OgreMain.dll!?clone@Animation@Ogre@@QBEPAV12@ABV?$basic_string@DU?$char_traits@D@std@@V?$allocator@D@2@@std@@@Z+0x249,OgreMain.dll,14,0.1113,12581,19.999
fourteam_prefix,36068,OgreMain.dll!?createTechnique@Material@Ogre@@QAEPAVTechnique@2@XZ+0xb03,OgreMain.dll,14,0.1113,12581,19.999
fourteam_prefix,36068,OgreMain.dll+0x3942d,OgreMain.dll,14,0.1113,12581,19.999
fourteam_prefix,36068,battlezone98redux.exe!sub_5c1b30,battlezone98redux.exe,14,0.1113,12581,19.999
fourteam_prefix,36068,battlezone98redux.exe!sub_4415f0,battlezone98redux.exe,14,0.1113,12581,19.999
fourteam_prefix,36068,battlezone98redux.exe!_Vector_iterator<>,battlezone98redux.exe,14,0.1113,12581,19.999
fourteam_prefix,36068,battlezone98redux.exe!sub_820570,battlezone98redux.exe,14,0.1113,12581,19.999
fourteam_prefix,36068,OgreMain.dll!?getNumWorldTransforms@SubEntity@Ogre@@UBEGXZ+0xe,OgreMain.dll,14,0.1113,12581,19.999
fourteam_prefix,36068,d3d11.dll+0x2703b,d3d11.dll,14,0.1113,12581,19.999
fourteam_prefix,36068,"battlezone98redux.exe!FID_conflict:_Vector_const_iterator<class_std::_Vector_val<struct_std::_Simple_types<class_std::shared_ptr<struct_Concurrency::details::_Task_impl<struct_std::pair<unsigned_char,class_Concurrency::details::_CancellationTokenState*>_>_>_>_>_>",battlezone98redux.exe,14,0.1113,12581,19.999
fourteam_prefix,36068,OgreMain.dll!?_updateBounds@SceneNode@Ogre@@UAEXXZ+0x213,OgreMain.dll,14,0.1113,12581,19.999
fourteam_prefix,36068,OgreMain.dll!?_findVisibleObjects@SceneNode@Ogre@@UAEXPAVCamera@2@PAVRenderQueue@2@PAUVisibleObjectsBoundsInfo@2@_N33@Z+0x35,OgreMain.dll,14,0.1113,12581,19.999
fourteam_prefix,36068,ntdll.dll!_RtlpLocalInfoAllocFromCache@8+0x279,ntdll.dll,14,0.1113,12581,19.999
fourteam_prefix,36068,OgreMain.dll!??4GpuSharedParametersUsage@Ogre@@QAEAAV01@ABV01@@Z+0x2704,OgreMain.dll,14,0.1113,12581,19.999
fourteam_prefix,36068,OgreMain.dll!?isFloat@GpuConstantDefinition@Ogre@@SA_NW4GpuConstantType@2@@Z+0x1a,OgreMain.dll,14,0.1113,12581,19.999
fourteam_prefix,36068,MSVCR120.dll!floor+0x30,MSVCR120.dll,13,0.1033,12581,19.999
fourteam_prefix,36068,OgreMain.dll+0x13f52,OgreMain.dll,13,0.1033,12581,19.999
fourteam_prefix,36068,MSVCR120.dll!__libm_sse2_asinf+0x3a,MSVCR120.dll,13,0.1033,12581,19.999
fourteam_prefix,36068,battlezone98redux.exe!sub_83e885,battlezone98redux.exe,13,0.1033,12581,19.999
fourteam_prefix,36068,d3d11.dll!CreateDirect3D11DeviceFromDXGIDevice+0xbc53d,d3d11.dll,13,0.1033,12581,19.999
fourteam_prefix,36068,OgreMain.dll!?_writeRawConstant@GpuProgramParameters@Ogre@@QAEXIABVVector4@2@I@Z+0x25,OgreMain.dll,13,0.1033,12581,19.999
fourteam_prefix,36068,OgreMain.dll!?angleBetween@Vector3@Ogre@@QBE?AVRadian@2@ABV12@@Z+0xc9,OgreMain.dll,13,0.1033,12581,19.999
fourteam_prefix,36068,battlezone98redux.exe!sub_4401a0,battlezone98redux.exe,13,0.1033,12581,19.999
fourteam_prefix,36068,OgreMain.dll!?getVertexProgramParameters@Pass@Ogre@@QBE?AV?$SharedPtr@VGpuProgramParameters@Ogre@@@2@XZ+0x133,OgreMain.dll,13,0.1033,12581,19.999
fourteam_prefix,36068,MSVCR120.dll!__libm_sse2_asinf+0xa0,MSVCR120.dll,13,0.1033,12581,19.999
fourteam_prefix,36068,OgreMain.dll+0x21c01,OgreMain.dll,13,0.1033,12581,19.999
fourteam_prefix,36068,MSVCR120.dll!ceil+0x1ce,MSVCR120.dll,13,0.1033,12581,19.999
fourteam_prefix,36068,OgreMain.dll!?ASin@Math@Ogre@@SA?AVRadian@2@M@Z+0x8,OgreMain.dll,13,0.1033,12581,19.999
fourteam_prefix,36068,battlezone98redux.exe!sub_611610,battlezone98redux.exe,13,0.1033,12581,19.999
fourteam_prefix,36068,MSVCR120.dll!__libm_sse2_acosf+0xf3,MSVCR120.dll,13,0.1033,12581,19.999
fourteam_prefix,36068,OgreMain.dll!??4GpuSharedParametersUsage@Ogre@@QAEAAV01@ABV01@@Z+0x2737,OgreMain.dll,13,0.1033,12581,19.999
fourteam_prefix,36068,win32u.dll!_NtUserSetCursorPos@8+0xc,win32u.dll,13,0.1033,12581,19.999
fourteam_prefix,36068,OgreMain.dll!?_findNamedConstantDefinition@GpuProgramParameters@Ogre@@QBEPBUGpuConstantDefinition@2@ABV?$basic_string@DU?$char_traits@D@std@@V?$allocator@D@2@@std@@_N@Z+0xfe,OgreMain.dll,13,0.1033,12581,19.999
fourteam_prefix,36068,OgreMain.dll!?isInLightRange@Light@Ogre@@QBE_NABVSphere@2@@Z+0x74,OgreMain.dll,13,0.1033,12581,19.999
fourteam_prefix,36068,d3d11.dll+0x2703e,d3d11.dll,13,0.1033,12581,19.999
fourteam_prefix,36068,MSVCR120.dll!__libm_sse2_acosf+0x36,MSVCR120.dll,13,0.1033,12581,19.999
fourteam_prefix,36068,OgreMain.dll!?ACos@Math@Ogre@@SA?AVRadian@2@M@Z+0x11,OgreMain.dll,12,0.0954,12581,19.999
fourteam_prefix,36068,win32u.dll!_NtUserGetLayeredWindowAttributes@16+0xc,win32u.dll,12,0.0954,12581,19.999
fourteam_prefix,36068,OgreMain.dll!?clone@Animation@Ogre@@QBEPAV12@ABV?$basic_string@DU?$char_traits@D@std@@V?$allocator@D@2@@std@@@Z+0x2c6,OgreMain.dll,12,0.0954,12581,19.999
fourteam_prefix,36068,MSVCR120.dll!__libm_sse2_acosf+0x1b6,MSVCR120.dll,12,0.0954,12581,19.999
fourteam_prefix,36068,OgreMain.dll+0x2a95,OgreMain.dll,12,0.0954,12581,19.999
fourteam_prefix,36068,OgreMain.dll!?_getActiveSchemeIndex@MaterialManager@Ogre@@UBEGXZ,OgreMain.dll,12,0.0954,12581,19.999
fourteam_prefix,36068,ntdll.dll!_ZwOpenThread@16+0xc,ntdll.dll,12,0.0954,12581,19.999
fourteam_prefix,36068,OgreMain.dll!??4GpuSharedParametersUsage@Ogre@@QAEAAV01@ABV01@@Z+0x2742,OgreMain.dll,12,0.0954,12581,19.999
fourteam_prefix,36068,battlezone98redux.exe!sub_4a8ab0,battlezone98redux.exe,12,0.0954,12581,19.999
fourteam_prefix,36068,OgreMain.dll!?isInLightRange@Light@Ogre@@QBE_NABVSphere@2@@Z+0x138,OgreMain.dll,12,0.0954,12581,19.999
fourteam_prefix,36068,battlezone98redux.exe!sub_447f60,battlezone98redux.exe,12,0.0954,12581,19.999
fourteam_prefix,36068,OgreMain.dll!?RealEqual@Math@Ogre@@SA_NMMM@Z+0x3,OgreMain.dll,12,0.0954,12581,19.999
fourteam_prefix,36068,OgreMain.dll!?update@Light@Ogre@@MBEXXZ,OgreMain.dll,12,0.0954,12581,19.999
fourteam_prefix,36068,OgreMain.dll!?setVisible@MovableObject@Ogre@@UAEX_N@Z+0x25,OgreMain.dll,12,0.0954,12581,19.999
fourteam_prefix,36068,OgreMain.dll!?_populateLightList@SceneManager@Ogre@@UAEXABVVector3@2@MAAV?$HashedVector@PAVLight@Ogre@@@2@I@Z+0xb2,OgreMain.dll,11,0.0874,12581,19.999
fourteam_prefix,36068,OgreMain.dll!?_detectImplementation@OptimisedUtil@Ogre@@KAPAV12@XZ+0x468a,OgreMain.dll,11,0.0874,12581,19.999
fourteam_prefix,36068,MSVCR120.dll!__libm_sse2_acosf+0x17e,MSVCR120.dll,11,0.0874,12581,19.999
fourteam_prefix,36068,OgreMain.dll!?normalise@Vector3@Ogre@@QAEMXZ+0x42,OgreMain.dll,11,0.0874,12581,19.999
fourteam_prefix,36068,OgreMain.dll!?_findNamedConstantDefinition@GpuProgramParameters@Ogre@@QBEPBUGpuConstantDefinition@2@ABV?$basic_string@DU?$char_traits@D@std@@V?$allocator@D@2@@std@@_N@Z+0xb8,OgreMain.dll,11,0.0874,12581,19.999
fourteam_prefix,36068,OgreMain.dll!?createTechnique@Material@Ogre@@QAEPAVTechnique@2@XZ+0xa2c,OgreMain.dll,11,0.0874,12581,19.999
fourteam_prefix,36068,MSVCR120.dll!__libm_sse2_acosf+0x13d,MSVCR120.dll,11,0.0874,12581,19.999
fourteam_prefix,36068,RenderSystem_Direct3D11.dll!?uninstall@D3D11Plugin@Ogre@@UAEXXZ+0x50e2,RenderSystem_Direct3D11.dll,11,0.0874,12581,19.999
fourteam_prefix,36068,OgreMain.dll!?getWorldViewProjMatrix@AutoParamDataSource@Ogre@@UBEABVMatrix4@2@XZ+0x39c,OgreMain.dll,11,0.0874,12581,19.999
fourteam_prefix,36068,d3d11.dll!CreateDirect3D11DeviceFromDXGIDevice+0x9f73d,d3d11.dll,11,0.0874,12581,19.999
fourteam_prefix,36068,OgreMain.dll!?_updateBounds@SceneNode@Ogre@@UAEXXZ+0x193,OgreMain.dll,11,0.0874,12581,19.999
fourteam_prefix,36068,OgreMain.dll!?isTransparentSortingForced@Technique@Ogre@@QBE_NXZ+0xc,OgreMain.dll,11,0.0874,12581,19.999
fourteam_prefix,36068,RenderSystem_Direct3D11.dll!?_setTexture@D3D11RenderSystem@Ogre@@UAEXI_NABV?$SharedPtr@VTexture@Ogre@@@2@@Z+0xbb,RenderSystem_Direct3D11.dll,11,0.0874,12581,19.999
fourteam_prefix,36068,battlezone98redux.exe!sub_7783d0,battlezone98redux.exe,11,0.0874,12581,19.999
fourteam_prefix,36068,nvwgf2um.dll!NVENCODEAPI_Thunk+0x21760e,nvwgf2um.dll,11,0.0874,12581,19.999
fourteam_prefix,36068,OgreMain.dll!?_detectImplementation@OptimisedUtil@Ogre@@KAPAV12@XZ+0x4671,OgreMain.dll,11,0.0874,12581,19.999
fourteam_prefix,36068,OgreMain.dll!?getHasInstanceData@VertexBufferBinding@Ogre@@UBE_NXZ+0x45,OgreMain.dll,10,0.0795,12581,19.999
fourteam_prefix,36068,OgreMain.dll+0x41fb,OgreMain.dll,10,0.0795,12581,19.999
fourteam_prefix,36068,battlezone98redux.exe!sub_5fed30,battlezone98redux.exe,10,0.0795,12581,19.999
fourteam_prefix,36068,OgreMain.dll!??4GpuSharedParametersUsage@Ogre@@QAEAAV01@ABV01@@Z+0x2744,OgreMain.dll,10,0.0795,12581,19.999
fourteam_prefix,36068,OgreMain.dll!?isFloat@GpuConstantDefinition@Ogre@@SA_NW4GpuConstantType@2@@Z+0x13,OgreMain.dll,10,0.0795,12581,19.999
fourteam_prefix,36068,OgreMain.dll!?createTechnique@Material@Ogre@@QAEPAVTechnique@2@XZ+0xb1b,OgreMain.dll,10,0.0795,12581,19.999
fourteam_prefix,36068,OgreMain.dll!?normalise@Vector3@Ogre@@QAEMXZ+0x33,OgreMain.dll,10,0.0795,12581,19.999
fourteam_prefix,36068,RenderSystem_Direct3D11.dll!?getMonitorSequentialNumberFromSwapChain@MonitorInfo@Ogre@@QAEGPAUIDXGISwapChain@@_N@Z+0x2ab9,RenderSystem_Direct3D11.dll,10,0.0795,12581,19.999
fourteam_prefix,36068,d3d11.dll!CreateDirect3D11DeviceFromDXGIDevice+0xbae48,d3d11.dll,10,0.0795,12581,19.999
fourteam_prefix,36068,OgreMain.dll!?processVisibleObject@RenderQueue@Ogre@@QAEXPAVMovableObject@2@PAVCamera@2@_NPAUVisibleObjectsBoundsInfo@2@@Z+0x11,OgreMain.dll,10,0.0795,12581,19.999
fourteam_prefix,36068,OgreMain.dll!?_updateAutoParams@GpuProgramParameters@Ogre@@QAEXPBVAutoParamDataSource@2@G@Z+0x84,OgreMain.dll,10,0.0795,12581,19.999
fourteam_prefix,36068,battlezone98redux.exe!sub_417f60,battlezone98redux.exe,10,0.0795,12581,19.999
fourteam_prefix,36068,OgreMain.dll!?getLightMask@MovableObject@Ogre@@UBEIXZ,OgreMain.dll,10,0.0795,12581,19.999
fourteam_prefix,36068,OgreMain.dll!?ASin@Math@Ogre@@SA?AVRadian@2@M@Z+0xf,OgreMain.dll,10,0.0795,12581,19.999
fourteam_prefix,36068,OgreMain.dll!?update@Light@Ogre@@MBEXXZ+0xda,OgreMain.dll,10,0.0795,12581,19.999
fourteam_prefix,36068,d3d11.dll+0x27041,d3d11.dll,10,0.0795,12581,19.999
fourteam_prefix,36068,MSVCR120.dll!wcschr+0xca,MSVCR120.dll,10,0.0795,12581,19.999
fourteam_prefix,36068,OgreMain.dll!?getLight@AutoParamDataSource@Ogre@@IBEABVLight@2@I@Z+0x11,OgreMain.dll,10,0.0795,12581,19.999
fourteam_prefix,36068,OgreMain.dll!??4GpuSharedParametersUsage@Ogre@@QAEAAV01@ABV01@@Z+0x275a,OgreMain.dll,10,0.0795,12581,19.999
fourteam_prefix,36068,OgreMain.dll!??4GpuSharedParametersUsage@Ogre@@QAEAAV01@ABV01@@Z+0x2785,OgreMain.dll,10,0.0795,12581,19.999
fourteam_prefix,36068,OgreMain.dll!?merge@VisibleObjectsBoundsInfo@Ogre@@QAEXABVAxisAlignedBox@2@ABVSphere@2@PBVCamera@2@_N@Z+0x11d,OgreMain.dll,10,0.0795,12581,19.999
fourteam_prefix,36068,OgreMain.dll!?_getRenderOperation@SubMesh@Ogre@@QAEXAAVRenderOperation@2@G@Z+0x37,OgreMain.dll,9,0.0715,12581,19.999
fourteam_prefix,36068,OgreMain.dll+0x2e866,OgreMain.dll,9,0.0715,12581,19.999
fourteam_prefix,36068,OgreMain.dll!?getContentType@TextureUnitState@Ogre@@QBE?AW4ContentType@12@XZ+0x6,OgreMain.dll,9,0.0715,12581,19.999
fourteam_prefix,36068,OgreMain.dll!?getConstantDefinition@GpuProgramParameters@Ogre@@QBEABUGpuConstantDefinition@2@ABV?$basic_string@DU?$char_traits@D@std@@V?$allocator@D@2@@std@@@Z+0xe4,OgreMain.dll,9,0.0715,12581,19.999
fourteam_prefix,36068,OgreMain.dll!?_calcTempSquareDist@Light@Ogre@@QAEXABVVector3@2@@Z+0x28,OgreMain.dll,9,0.0715,12581,19.999
fourteam_prefix,36068,MSVCR120.dll!floor+0x9c,MSVCR120.dll,9,0.0715,12581,19.999
fourteam_prefix,36068,MSVCR120.dll!__libm_sse2_asinf+0xd6,MSVCR120.dll,9,0.0715,12581,19.999
fourteam_prefix,36068,d3d11.dll+0x35ebe,d3d11.dll,9,0.0715,12581,19.999
fourteam_prefix,36068,OgreMain.dll!?getMaterial@SubEntity@Ogre@@UBEABV?$SharedPtr@VMaterial@Ogre@@@2@XZ,OgreMain.dll,9,0.0715,12581,19.999
fourteam_prefix,36068,ntdll.dll!_ZwCallbackReturn@12+0xc,ntdll.dll,9,0.0715,12581,19.999
fourteam_prefix,36068,OgreMain.dll!?renderSingleObject@SceneManager@Ogre@@MAEXPAVRenderable@2@PBVPass@2@_N2PBV?$HashedVector@PAVLight@Ogre@@@2@@Z+0x247,OgreMain.dll,9,0.0715,12581,19.999
fourteam_prefix,36068,nvwgf2um.dll!OpenAdapter10+0x71b00,nvwgf2um.dll,9,0.0715,12581,19.999
fourteam_prefix,36068,OgreMain.dll!?_updateAutoParams@GpuProgramParameters@Ogre@@QAEXPBVAutoParamDataSource@2@G@Z+0x1bee,OgreMain.dll,9,0.0715,12581,19.999
fourteam_prefix,36068,OgreMain.dll!?getTransparentSortingForced@Pass@Ogre@@QBE_NXZ+0x6,OgreMain.dll,9,0.0715,12581,19.999
fourteam_prefix,36068,RenderSystem_Direct3D11.dll+0x2554,RenderSystem_Direct3D11.dll,9,0.0715,12581,19.999
fourteam_prefix,36068,win32u.dll!_NtGdiDdDDIQueryVidPnExclusiveOwnership@4+0xc,win32u.dll,9,0.0715,12581,19.999
fourteam_prefix,36068,OgreMain.dll!?_updateAutoParams@Pass@Ogre@@QBEXPBVAutoParamDataSource@2@G@Z+0x11c,OgreMain.dll,9,0.0715,12581,19.999
fourteam_prefix,36068,OgreMain.dll!?buffersCheckedOut@TempBlendedBufferInfo@Ogre@@QBE_N_N0@Z+0x2f,OgreMain.dll,9,0.0715,12581,19.999
fourteam_prefix,36068,MSVCR120.dll!__libm_sse2_acosf+0xe8,MSVCR120.dll,9,0.0715,12581,19.999
fourteam_prefix,36068,d3d11.dll!CreateDirect3D11DeviceFromDXGIDevice+0xbc587,d3d11.dll,9,0.0715,12581,19.999
fourteam_prefix,36068,OgreMain.dll!?ACos@Math@Ogre@@SA?AVRadian@2@M@Z+0xf,OgreMain.dll,9,0.0715,12581,19.999
fourteam_prefix,36068,OgreMain.dll!?angleBetween@Vector3@Ogre@@QBE?AVRadian@2@ABV12@@Z+0xc2,OgreMain.dll,8,0.0636,12581,19.999
fourteam_prefix,36068,OgreMain.dll!?updateAnimation@Entity@Ogre@@IAEXXZ+0x10f,OgreMain.dll,8,0.0636,12581,19.999
fourteam_prefix,36068,OgreMain.dll!?_updateBounds@SceneNode@Ogre@@UAEXXZ+0x249,OgreMain.dll,8,0.0636,12581,19.999
fourteam_prefix,36068,ntdll.dll!_RtlAnsiCharToUnicodeChar@4+0x36,ntdll.dll,8,0.0636,12581,19.999
fourteam_prefix,36068,battlezone98redux.exe!sub_42de70,battlezone98redux.exe,8,0.0636,12581,19.999
fourteam_prefix,36068,battlezone98redux.exe!sub_4db100,battlezone98redux.exe,8,0.0636,12581,19.999
fourteam_prefix,36068,RenderSystem_Direct3D11.dll!?_setTexture@D3D11RenderSystem@Ogre@@UAEXI_NABV?$SharedPtr@VTexture@Ogre@@@2@@Z+0x94,RenderSystem_Direct3D11.dll,8,0.0636,12581,19.999
fourteam_prefix,36068,OgreMain.dll+0x17bb6,OgreMain.dll,8,0.0636,12581,19.999
fourteam_prefix,36068,OgreMain.dll!?_detectImplementation@OptimisedUtil@Ogre@@KAPAV12@XZ+0x464e,OgreMain.dll,8,0.0636,12581,19.999
fourteam_prefix,36068,d3d11.dll+0x35ec1,d3d11.dll,8,0.0636,12581,19.999
fourteam_prefix,36068,MSVCR120.dll!floor+0x69,MSVCR120.dll,8,0.0636,12581,19.999
fourteam_prefix,36068,OgreMain.dll!?isInLightRange@Light@Ogre@@QBE_NABVSphere@2@@Z+0x161,OgreMain.dll,8,0.0636,12581,19.999
fourteam_prefix,36068,OgreMain.dll!?createTechnique@Material@Ogre@@QAEPAVTechnique@2@XZ+0xa3b,OgreMain.dll,8,0.0636,12581,19.999
fourteam_prefix,36068,RenderSystem_Direct3D11.dll!??0D3D11RenderWindowSwapChainBased@Ogre@@QAE@ABV01@@Z+0x310,RenderSystem_Direct3D11.dll,8,0.0636,12581,19.999
fourteam_prefix,36068,OgreMain.dll!?getConstantDefinition@GpuProgramParameters@Ogre@@QBEABUGpuConstantDefinition@2@ABV?$basic_string@DU?$char_traits@D@std@@V?$allocator@D@2@@std@@@Z,OgreMain.dll,8,0.0636,12581,19.999
fourteam_prefix,36068,OgreMain.dll!?angleBetween@Vector3@Ogre@@QBE?AVRadian@2@ABV12@@Z+0xb3,OgreMain.dll,8,0.0636,12581,19.999
fourteam_prefix,36068,OgreMain.dll+0x3db86,OgreMain.dll,8,0.0636,12581,19.999
fourteam_prefix,36068,battlezone98redux.exe!sub_686600,battlezone98redux.exe,8,0.0636,12581,19.999
fourteam_prefix,36068,win32u.dll!_NtQueryCompositionSurfaceStatistics@8+0xc,win32u.dll,8,0.0636,12581,19.999
fourteam_prefix,36068,OgreMain.dll!?getConstantDefinition@GpuProgramParameters@Ogre@@QBEABUGpuConstantDefinition@2@ABV?$basic_string@DU?$char_traits@D@std@@V?$allocator@D@2@@std@@@Z+0xcf,OgreMain.dll,8,0.0636,12581,19.999
fourteam_prefix,36068,OgreMain.dll!?isVisible@Frustum@Ogre@@UBE_NABVAxisAlignedBox@2@PAW4FrustumPlane@2@@Z+0xb3,OgreMain.dll,8,0.0636,12581,19.999
fourteam_prefix,36068,OgreMain.dll!?determinant@Matrix4@Ogre@@QBEMXZ+0x159,OgreMain.dll,8,0.0636,12581,19.999
fourteam_prefix,36068,ntdll.dll!_ZwDuplicateObject@28+0xc,ntdll.dll,8,0.0636,12581,19.999
fourteam_prefix,36068,battlezone98redux.exe!sub_5b2bd0,battlezone98redux.exe,8,0.0636,12581,19.999
fourteam_prefix,36068,d3d11.dll!CreateDirect3D11DeviceFromDXGIDevice+0xa2061,d3d11.dll,8,0.0636,12581,19.999
fourteam_prefix,36068,OgreMain.dll!?getProjectionMatrix@AutoParamDataSource@Ogre@@UBEABVMatrix4@2@XZ+0x9b,OgreMain.dll,8,0.0636,12581,19.999
fourteam_prefix,36068,battlezone98redux.exe!get,battlezone98redux.exe,8,0.0636,12581,19.999
fourteam_prefix,36068,OgreMain.dll!??4GpuSharedParametersUsage@Ogre@@QAEAAV01@ABV01@@Z+0x27a2,OgreMain.dll,8,0.0636,12581,19.999
fourteam_prefix,36068,d3d11.dll!CreateDirect3D11DeviceFromDXGIDevice+0x9d997,d3d11.dll,8,0.0636,12581,19.999
fourteam_prefix,36068,OgreMain.dll+0x32515,OgreMain.dll,8,0.0636,12581,19.999
fourteam_prefix,36068,OgreMain.dll!?getValueImpl@DistanceLodStrategyBase@Ogre@@MBEMPBVMovableObject@2@PBVCamera@2@@Z+0x9d,OgreMain.dll,8,0.0636,12581,19.999
fourteam_prefix,36068,OgreMain.dll!?isVisible@Frustum@Ogre@@UBE_NABVAxisAlignedBox@2@PAW4FrustumPlane@2@@Z+0xb0,OgreMain.dll,7,0.0556,12581,19.999
fourteam_prefix,36068,battlezone98redux.exe!sub_44b7d0,battlezone98redux.exe,7,0.0556,12581,19.999
fourteam_prefix,36068,MSVCR120.dll!floor+0x2c,MSVCR120.dll,7,0.0556,12581,19.999
fourteam_prefix,36068,OgreMain.dll!?isVisible@ShadowRenderable@Ogre@@UBE_NXZ+0x21c,OgreMain.dll,7,0.0556,12581,19.999
fourteam_prefix,36068,OgreMain.dll!?createTechnique@Material@Ogre@@QAEPAVTechnique@2@XZ+0xaf6,OgreMain.dll,7,0.0556,12581,19.999
fourteam_prefix,36068,OgreMain.dll!?getSide@Plane@Ogre@@QBE?AW4Side@12@ABVVector3@2@0@Z+0x69,OgreMain.dll,7,0.0556,12581,19.999
fourteam_prefix,36068,OgreMain.dll!?_issueRenderOp@SceneManager@Ogre@@UAEXPAVRenderable@2@PBVPass@2@@Z+0x76,OgreMain.dll,7,0.0556,12581,19.999
fourteam_prefix,36068,OgreMain.dll!?_getParentNodeFullTransform@MovableObject@Ogre@@UBEABVMatrix4@2@XZ+0x9,OgreMain.dll,7,0.0556,12581,19.999
fourteam_prefix,36068,nvwgf2um.dll!NVENCODEAPI_Thunk+0x217c95,nvwgf2um.dll,7,0.0556,12581,19.999
fourteam_prefix,36068,OgreMain.dll!?getConstantDefinition@GpuProgramParameters@Ogre@@QBEABUGpuConstantDefinition@2@ABV?$basic_string@DU?$char_traits@D@std@@V?$allocator@D@2@@std@@@Z+0x35,OgreMain.dll,7,0.0556,12581,19.999
fourteam_prefix,36068,RenderSystem_Direct3D11.dll!?unlockImpl@D3D11HardwareBuffer@Ogre@@MAEXXZ+0x50,RenderSystem_Direct3D11.dll,7,0.0556,12581,19.999
fourteam_prefix,36068,ntdll.dll!__woutput_l+0x8a1,ntdll.dll,7,0.0556,12581,19.999
fourteam_prefix,36068,MSVCR120.dll!__libm_sse2_acosf+0xec,MSVCR120.dll,7,0.0556,12581,19.999
fourteam_prefix,36068,ntdll.dll!_RtlAnsiCharToUnicodeChar@4+0x19,ntdll.dll,7,0.0556,12581,19.999
fourteam_prefix,36068,d3d11.dll!CreateDirect3D11DeviceFromDXGIDevice+0x9d960,d3d11.dll,7,0.0556,12581,19.999
fourteam_prefix,36068,OgreMain.dll!?getLightDiffuseColourWithPower@AutoParamDataSource@Ogre@@UBE?BVColourValue@2@I@Z+0xd,OgreMain.dll,7,0.0556,12581,19.999
fourteam_prefix,36068,OgreMain.dll!?angleBetween@Vector3@Ogre@@QBE?AVRadian@2@ABV12@@Z+0xd0,OgreMain.dll,7,0.0556,12581,19.999
fourteam_prefix,36068,OgreMain.dll!?_populateLightList@SceneManager@Ogre@@UAEXABVVector3@2@MAAV?$HashedVector@PAVLight@Ogre@@@2@I@Z+0x140,OgreMain.dll,7,0.0556,12581,19.999
fourteam_prefix,36068,OgreMain.dll!?isTransparentSortingForced@Technique@Ogre@@QBE_NXZ+0x2,OgreMain.dll,7,0.0556,12581,19.999
fourteam_prefix,36068,ntdll.dll!_RtlpIsUtf8Process@4+0xe,ntdll.dll,7,0.0556,12581,19.999
fourteam_prefix,36068,OgreMain.dll+0x33460,OgreMain.dll,7,0.0556,12581,19.999
fourteam_prefix,36068,win32u.dll!_NtGdiDdDDISetQueuedLimit@4+0xc,win32u.dll,7,0.0556,12581,19.999
fourteam_prefix,36068,OgreMain.dll!?_updateBounds@SceneNode@Ogre@@UAEXXZ+0x235,OgreMain.dll,7,0.0556,12581,19.999
fourteam_prefix,36068,OgreMain.dll!??4GpuSharedParametersUsage@Ogre@@QAEAAV01@ABV01@@Z+0x2749,OgreMain.dll,7,0.0556,12581,19.999
fourteam_prefix,36068,ntdll.dll!_RtlpGetCodePageData@4+0x29,ntdll.dll,7,0.0556,12581,19.999
fourteam_prefix,36068,OgreMain.dll!?_notifyCurrentCamera@Entity@Ogre@@UAEXPAVCamera@2@@Z+0x109,OgreMain.dll,7,0.0556,12581,19.999
fourteam_prefix,36068,battlezone98redux.exe!sub_46eaf0,battlezone98redux.exe,7,0.0556,12581,19.999
fourteam_prefix,36068,OgreMain.dll!?_writeRawConstant@GpuProgramParameters@Ogre@@QAEXIABVVector4@2@I@Z+0x27,OgreMain.dll,7,0.0556,12581,19.999
fourteam_prefix,36068,battlezone98redux.exe!sub_462450,battlezone98redux.exe,7,0.0556,12581,19.999
fourteam_prefix,36068,OgreMain.dll!?getSide@Plane@Ogre@@QBE?AW4Side@12@ABVVector3@2@0@Z+0x63,OgreMain.dll,7,0.0556,12581,19.999
fourteam_prefix,36068,OgreMain.dll!??4GpuSharedParametersUsage@Ogre@@QAEAAV01@ABV01@@Z+0x2723,OgreMain.dll,7,0.0556,12581,19.999
fourteam_prefix,36068,nvwgf2um.dll!NVENCODEAPI_Thunk+0x217652,nvwgf2um.dll,7,0.0556,12581,19.999
fourteam_prefix,36068,OgreMain.dll!?getWorldViewMatrix@AutoParamDataSource@Ogre@@UBEABVMatrix4@2@XZ+0x22f,OgreMain.dll,7,0.0556,12581,19.999
fourteam_prefix,36068,OgreMain.dll!??4GpuSharedParametersUsage@Ogre@@QAEAAV01@ABV01@@Z+0x26f9,OgreMain.dll,7,0.0556,12581,19.999
fourteam_prefix,36068,battlezone98redux.exe!FID_conflict:operator==,battlezone98redux.exe,7,0.0556,12581,19.999
fourteam_prefix,36068,MSVCR120.dll!floor+0x10,MSVCR120.dll,7,0.0556,12581,19.999
fourteam_prefix,36068,OgreMain.dll!?clone@Animation@Ogre@@QBEPAV12@ABV?$basic_string@DU?$char_traits@D@std@@V?$allocator@D@2@@std@@@Z+0x2e2,OgreMain.dll,7,0.0556,12581,19.999
fourteam_prefix,36068,OgreMain.dll!?renderSingleObject@SceneManager@Ogre@@MAEXPAVRenderable@2@PBVPass@2@_N2PBV?$HashedVector@PAVLight@Ogre@@@2@@Z+0x64,OgreMain.dll,7,0.0556,12581,19.999
fourteam_prefix,36068,OgreMain.dll!?buildKeyFrameTimeList@Animation@Ogre@@IBEXXZ+0x6aa,OgreMain.dll,7,0.0556,12581,19.999
fourteam_prefix,36068,MSVCR120.dll!floor+0x1e,MSVCR120.dll,7,0.0556,12581,19.999
fourteam_prefix,36068,battlezone98redux.exe!sub_83f040,battlezone98redux.exe,7,0.0556,12581,19.999
fourteam_prefix,36068,OgreMain.dll!?_populateLightList@SceneManager@Ogre@@UAEXABVVector3@2@MAAV?$HashedVector@PAVLight@Ogre@@@2@I@Z+0xbd,OgreMain.dll,7,0.0556,12581,19.999
fourteam_prefix,36068,battlezone98redux.exe!sub_4aa1d0,battlezone98redux.exe,7,0.0556,12581,19.999
fourteam_prefix,36068,OgreMain.dll!?touchVertexBufferCopy@HardwareBufferManagerBase@Ogre@@UAEXABVHardwareVertexBufferSharedPtr@2@@Z+0x38,OgreMain.dll,7,0.0556,12581,19.999
fourteam_prefix,36068,battlezone98redux.exe!sub_611270,battlezone98redux.exe,7,0.0556,12581,19.999
fourteam_prefix,36068,battlezone98redux.exe!sub_4af020,battlezone98redux.exe,7,0.0556,12581,19.999
fourteam_prefix,36068,nvwgf2um.dll!SetDependencyInfo+0x4b327,nvwgf2um.dll,6,0.0477,12581,19.999
fourteam_prefix,36068,OgreMain.dll!?touchVertexBufferCopy@HardwareBufferManagerBase@Ogre@@UAEXABVHardwareVertexBufferSharedPtr@2@@Z+0x43,OgreMain.dll,6,0.0477,12581,19.999
fourteam_prefix,36068,OgreMain.dll!?getConstantDefinition@GpuProgramParameters@Ogre@@QBEABUGpuConstantDefinition@2@ABV?$basic_string@DU?$char_traits@D@std@@V?$allocator@D@2@@std@@@Z+0x17,OgreMain.dll,6,0.0477,12581,19.999
fourteam_prefix,36068,OgreMain.dll!?_calcTempSquareDist@Light@Ogre@@QAEXABVVector3@2@@Z+0x20,OgreMain.dll,6,0.0477,12581,19.999
fourteam_prefix,36068,OgreMain.dll!?createTechnique@Material@Ogre@@QAEPAVTechnique@2@XZ+0xa23,OgreMain.dll,6,0.0477,12581,19.999
fourteam_prefix,36068,OgreMain.dll!?isInLightRange@Light@Ogre@@QBE_NABVSphere@2@@Z+0xe4,OgreMain.dll,6,0.0477,12581,19.999
fourteam_prefix,36068,ntdll.dll!_RtlpLfhFindClearBitAndSet@16+0x13,ntdll.dll,6,0.0477,12581,19.999
fourteam_prefix,36068,battlezone98redux.exe!sub_4ab380,battlezone98redux.exe,6,0.0477,12581,19.999
fourteam_prefix,36068,battlezone98redux.exe!FID_conflict:operator!=,battlezone98redux.exe,6,0.0477,12581,19.999
fourteam_prefix,36068,nvwgf2um.dll!OpenAdapter10+0x72c24,nvwgf2um.dll,6,0.0477,12581,19.999
fourteam_prefix,36068,ntdll.dll!_LdrpFindLoadedDllByNameLockHeld@20+0x45,ntdll.dll,6,0.0477,12581,19.999
fourteam_prefix,36068,MSVCR120.dll!floor+0x59,MSVCR120.dll,6,0.0477,12581,19.999
fourteam_prefix,36068,OgreMain.dll!?hasViewRelativeTextureCoordinateGeneration@TextureUnitState@Ogre@@QBE_NXZ+0x14,OgreMain.dll,6,0.0477,12581,19.999
fourteam_prefix,36068,nvwgf2um.dll!NVENCODEAPI_Thunk+0x217c8f,nvwgf2um.dll,6,0.0477,12581,19.999
fourteam_prefix,36068,MSVCR120.dll!__libm_sse2_asinf+0x9c,MSVCR120.dll,6,0.0477,12581,19.999
fourteam_prefix,36068,OgreMain.dll!?queryLights@MovableObject@Ogre@@UBEABV?$HashedVector@PAVLight@Ogre@@@2@XZ+0x4f,OgreMain.dll,6,0.0477,12581,19.999
fourteam_prefix,36068,OgreMain.dll!?getSide@Plane@Ogre@@QBE?AW4Side@12@ABVVector3@2@0@Z+0x38,OgreMain.dll,6,0.0477,12581,19.999
fourteam_prefix,36068,OgreMain.dll!?_updateAutoParams@GpuProgramParameters@Ogre@@QAEXPBVAutoParamDataSource@2@G@Z+0x1cf5,OgreMain.dll,6,0.0477,12581,19.999
fourteam_prefix,36068,OgreMain.dll!?_populateLightList@SceneManager@Ogre@@UAEXABVVector3@2@MAAV?$HashedVector@PAVLight@Ogre@@@2@I@Z+0x97,OgreMain.dll,6,0.0477,12581,19.999
fourteam_prefix,36068,OgreMain.dll!?renderSingleObject@SceneManager@Ogre@@MAEXPAVRenderable@2@PBVPass@2@_N2PBV?$HashedVector@PAVLight@Ogre@@@2@@Z+0x261,OgreMain.dll,6,0.0477,12581,19.999
fourteam_prefix,36068,OgreMain.dll!?unlock@HardwareBuffer@Ogre@@UAEXXZ+0x1,OgreMain.dll,6,0.0477,12581,19.999
fourteam_prefix,36068,OgreMain.dll!?waitForNextRequest@DefaultWorkQueue@Ogre@@MAEXXZ+0x11ce5e,OgreMain.dll,6,0.0477,12581,19.999
fourteam_prefix,36068,RenderSystem_Direct3D11.dll!?uninstall@D3D11Plugin@Ogre@@UAEXXZ+0x51a0,RenderSystem_Direct3D11.dll,6,0.0477,12581,19.999
fourteam_prefix,36068,win32u.dll!_NtGdiDdDDICheckMonitorPowerState@4+0xc,win32u.dll,6,0.0477,12581,19.999
fourteam_prefix,36068,d3d11.dll!CreateDirect3D11DeviceFromDXGIDevice+0xa2171,d3d11.dll,6,0.0477,12581,19.999
fourteam_prefix,36068,OgreMain.dll!?_notifyCurrentCamera@Entity@Ogre@@UAEXPAVCamera@2@@Z+0x45,OgreMain.dll,6,0.0477,12581,19.999
fourteam_prefix,36068,d3d11.dll+0x2b4eb,d3d11.dll,6,0.0477,12581,19.999
fourteam_prefix,36068,OgreMain.dll!?getDerivedPosition@Light@Ogre@@QBEABVVector3@2@_N@Z+0x29,OgreMain.dll,6,0.0477,12581,19.999
fourteam_prefix,36068,RenderSystem_Direct3D11.dll!?getMonitorSequentialNumberFromSwapChain@MonitorInfo@Ogre@@QAEGPAUIDXGISwapChain@@_N@Z+0x2ac4,RenderSystem_Direct3D11.dll,6,0.0477,12581,19.999
fourteam_prefix,36068,OgreMain.dll!?_notifyCurrentCamera@Entity@Ogre@@UAEXPAVCamera@2@@Z+0x1fa,OgreMain.dll,6,0.0477,12581,19.999
fourteam_prefix,36068,OgreMain.dll!?isFloat@GpuConstantDefinition@Ogre@@SA_NW4GpuConstantType@2@@Z,OgreMain.dll,6,0.0477,12581,19.999
fourteam_prefix,36068,MSVCR120.dll!__libm_sse2_acosf+0x20b,MSVCR120.dll,6,0.0477,12581,19.999
fourteam_prefix,36068,OgreMain.dll!?_updateAutoParams@GpuProgramParameters@Ogre@@QAEXPBVAutoParamDataSource@2@G@Z+0x1e5c,OgreMain.dll,6,0.0477,12581,19.999
fourteam_prefix,36068,RenderSystem_Direct3D11.dll+0x5970,RenderSystem_Direct3D11.dll,6,0.0477,12581,19.999
fourteam_prefix,36068,OgreMain.dll!?_updateAutoParams@GpuProgramParameters@Ogre@@QAEXPBVAutoParamDataSource@2@G@Z+0x1f0c,OgreMain.dll,6,0.0477,12581,19.999
fourteam_prefix,36068,battlezone98redux.exe!sub_679d70,battlezone98redux.exe,6,0.0477,12581,19.999
fourteam_prefix,36068,OgreMain.dll!?isInLightRange@Light@Ogre@@QBE_NABVSphere@2@@Z+0x4e,OgreMain.dll,6,0.0477,12581,19.999
fourteam_prefix,36068,OgreMain.dll!?setCurrentPassIterationCount@RenderSystem@Ogre@@UAEXI@Z+0xd,OgreMain.dll,6,0.0477,12581,19.999
fourteam_prefix,36068,battlezone98redux.exe!sub_443060,battlezone98redux.exe,6,0.0477,12581,19.999
fourteam_prefix,36068,OgreMain.dll!?angleBetween@Vector3@Ogre@@QBE?AVRadian@2@ABV12@@Z+0xcc,OgreMain.dll,6,0.0477,12581,19.999
fourteam_prefix,36068,RenderSystem_Direct3D11.dll!?getConstantBuffer@D3D11HLSLProgram@Ogre@@QAEPAUID3D11Buffer@@V?$SharedPtr@VGpuProgramParameters@Ogre@@@2@G@Z+0x141,RenderSystem_Direct3D11.dll,6,0.0477,12581,19.999
fourteam_prefix,36068,MSVCR120.dll!ceil+0x1b6,MSVCR120.dll,6,0.0477,12581,19.999
fourteam_prefix,36068,battlezone98redux.exe!sub_4624d0,battlezone98redux.exe,6,0.0477,12581,19.999
fourteam_prefix,36068,win32u.dll!_NtNotifyPresentToCompositionSurface@8+0xc,win32u.dll,5,0.0397,12581,19.999
fourteam_prefix,36068,OgreMain.dll!?_findNamedConstantDefinition@GpuProgramParameters@Ogre@@QBEPBUGpuConstantDefinition@2@ABV?$basic_string@DU?$char_traits@D@std@@V?$allocator@D@2@@std@@_N@Z+0x3,OgreMain.dll,5,0.0397,12581,19.999
fourteam_prefix,36068,MSVCR120.dll!wcschr+0xcd,MSVCR120.dll,5,0.0397,12581,19.999
fourteam_prefix,36068,battlezone98redux.exe!sub_479f30,battlezone98redux.exe,5,0.0397,12581,19.999
fourteam_prefix,36068,OgreMain.dll!??4GpuSharedParametersUsage@Ogre@@QAEAAV01@ABV01@@Z+0x27ab,OgreMain.dll,5,0.0397,12581,19.999
fourteam_prefix,36068,battlezone98redux.exe!sub_784000,battlezone98redux.exe,5,0.0397,12581,19.999
fourteam_prefix,36068,RenderSystem_Direct3D11.dll!?getMonitorSequentialNumberFromSwapChain@MonitorInfo@Ogre@@QAEGPAUIDXGISwapChain@@_N@Z+0xf44,RenderSystem_Direct3D11.dll,5,0.0397,12581,19.999
fourteam_prefix,36068,OgreMain.dll!?isVisible@ShadowRenderable@Ogre@@UBE_NXZ+0x141,OgreMain.dll,5,0.0397,12581,19.999
fourteam_prefix,36068,d3d11.dll!D3D11CoreCreateDevice+0x11b02,d3d11.dll,5,0.0397,12581,19.999
fourteam_prefix,36068,OgreMain.dll!??4GpuSharedParametersUsage@Ogre@@QAEAAV01@ABV01@@Z+0x27ae,OgreMain.dll,5,0.0397,12581,19.999
fourteam_prefix,36068,d3d11.dll!CreateDirect3D11DeviceFromDXGIDevice+0xbae56,d3d11.dll,5,0.0397,12581,19.999
fourteam_prefix,36068,RenderSystem_Direct3D11.dll!?_render@D3D11RenderSystem@Ogre@@UAEXABVRenderOperation@2@@Z+0x64b,RenderSystem_Direct3D11.dll,5,0.0397,12581,19.999
fourteam_prefix,36068,battlezone98redux.exe!sub_444b00,battlezone98redux.exe,5,0.0397,12581,19.999
fourteam_prefix,36068,d3d11.dll+0x2b4c8,d3d11.dll,5,0.0397,12581,19.999
fourteam_prefix,36068,OgreMain.dll!??4GpuSharedParametersUsage@Ogre@@QAEAAV01@ABV01@@Z+0x273c,OgreMain.dll,5,0.0397,12581,19.999
fourteam_prefix,36068,RenderSystem_Direct3D11.dll!?_render@D3D11RenderSystem@Ogre@@UAEXABVRenderOperation@2@@Z+0x9a,RenderSystem_Direct3D11.dll,5,0.0397,12581,19.999
fourteam_prefix,36068,OgreMain.dll!?getSide@Plane@Ogre@@QBE?AW4Side@12@ABVVector3@2@0@Z+0x4f,OgreMain.dll,5,0.0397,12581,19.999
fourteam_prefix,36068,OgreMain.dll!?angleBetween@Vector3@Ogre@@QBE?AVRadian@2@ABV12@@Z+0x3a,OgreMain.dll,5,0.0397,12581,19.999
fourteam_prefix,36068,MSVCR120.dll!__libm_sse2_acosf+0xe4,MSVCR120.dll,5,0.0397,12581,19.999
fourteam_prefix,36068,OgreMain.dll!?getConstantDefinition@GpuProgramParameters@Ogre@@QBEABUGpuConstantDefinition@2@ABV?$basic_string@DU?$char_traits@D@std@@V?$allocator@D@2@@std@@@Z+0xd2,OgreMain.dll,5,0.0397,12581,19.999
fourteam_prefix,36068,OgreMain.dll!?_updateAutoParams@GpuProgramParameters@Ogre@@QAEXPBVAutoParamDataSource@2@G@Z+0x1bab,OgreMain.dll,5,0.0397,12581,19.999
fourteam_prefix,36068,nvwgf2um.dll!NVENCODEAPI_Thunk+0x2176d1,nvwgf2um.dll,5,0.0397,12581,19.999
fourteam_prefix,36068,OgreMain.dll!?_getTexturePtr@TextureUnitState@Ogre@@QBEABV?$SharedPtr@VTexture@Ogre@@@2@XZ+0x2,OgreMain.dll,5,0.0397,12581,19.999
fourteam_prefix,36068,ntdll.dll!_ZwSetInformationThread@16+0xc,ntdll.dll,5,0.0397,12581,19.999
fourteam_prefix,36068,OgreMain.dll!?isVisible@ShadowRenderable@Ogre@@UBE_NXZ+0x24d,OgreMain.dll,5,0.0397,12581,19.999
fourteam_prefix,36068,battlezone98redux.exe!sub_4221b0,battlezone98redux.exe,5,0.0397,12581,19.999
fourteam_prefix,36068,OgreMain.dll!?getLightAs4DVector@AutoParamDataSource@Ogre@@UBE?AVVector4@2@I@Z+0x17,OgreMain.dll,5,0.0397,12581,19.999
fourteam_prefix,36068,OgreMain.dll!?getWorldViewMatrix@AutoParamDataSource@Ogre@@UBEABVMatrix4@2@XZ,OgreMain.dll,5,0.0397,12581,19.999
fourteam_prefix,36068,ntdll.dll!_RtlAbPostRelease@8+0x28,ntdll.dll,5,0.0397,12581,19.999
fourteam_prefix,36068,MSVCR120.dll!floor+0x3e,MSVCR120.dll,5,0.0397,12581,19.999
fourteam_prefix,36068,OgreMain.dll!?getValueImpl@DistanceLodStrategyBase@Ogre@@MBEMPBVMovableObject@2@PBVCamera@2@@Z+0x90,OgreMain.dll,5,0.0397,12581,19.999
fourteam_prefix,36068,OgreMain.dll!?updateFrustum@Frustum@Ogre@@MBEXXZ+0x1d,OgreMain.dll,5,0.0397,12581,19.999
fourteam_prefix,36068,OgreMain.dll!?getSide@Plane@Ogre@@QBE?AW4Side@12@ABVVector3@2@0@Z+0x67,OgreMain.dll,5,0.0397,12581,19.999
fourteam_prefix,36068,MSVCR120.dll!__libm_sse2_acosf+0x93,MSVCR120.dll,5,0.0397,12581,19.999
fourteam_prefix,36068,OgreMain.dll+0x6c12,OgreMain.dll,5,0.0397,12581,19.999
fourteam_prefix,36068,OgreMain.dll!?touchVertexBufferCopy@HardwareBufferManagerBase@Ogre@@UAEXABVHardwareVertexBufferSharedPtr@2@@Z+0x8a,OgreMain.dll,5,0.0397,12581,19.999
fourteam_prefix,36068,battlezone98redux.exe!FID_conflict:begin,battlezone98redux.exe,5,0.0397,12581,19.999
fourteam_prefix,36068,battlezone98redux.exe!sub_678cd0,battlezone98redux.exe,5,0.0397,12581,19.999
fourteam_prefix,36068,battlezone98redux.exe!sub_421f70,battlezone98redux.exe,5,0.0397,12581,19.999
fourteam_prefix,36068,OgreMain.dll!??4GpuSharedParametersUsage@Ogre@@QAEAAV01@ABV01@@Z+0x2700,OgreMain.dll,5,0.0397,12581,19.999
fourteam_prefix,36068,d3d11.dll!CreateDirect3D11DeviceFromDXGIDevice+0x9f257,d3d11.dll,5,0.0397,12581,19.999
fourteam_prefix,36068,MSVCR120.dll!__libm_sse2_asinf+0xf,MSVCR120.dll,5,0.0397,12581,19.999
fourteam_prefix,36068,battlezone98redux.exe!sub_4588c0,battlezone98redux.exe,5,0.0397,12581,19.999
fourteam_prefix,36068,OgreMain.dll!?ACos@Math@Ogre@@SA?AVRadian@2@M@Z+0x1e,OgreMain.dll,5,0.0397,12581,19.999
fourteam_prefix,36068,OgreMain.dll!?isInLightRange@Light@Ogre@@QBE_NABVSphere@2@@Z+0x6,OgreMain.dll,5,0.0397,12581,19.999
fourteam_prefix,36068,d3d11.dll!CreateDirect3D11DeviceFromDXGIDevice+0xa461e,d3d11.dll,5,0.0397,12581,19.999
fourteam_prefix,36068,OgreMain.dll!?createTechnique@Material@Ogre@@QAEPAVTechnique@2@XZ+0xaff,OgreMain.dll,5,0.0397,12581,19.999
fourteam_prefix,36068,MSVCR120.dll!__libm_sse2_asinf+0x23c,MSVCR120.dll,5,0.0397,12581,19.999
fourteam_prefix,36068,OgreMain.dll!??4GpuSharedParametersUsage@Ogre@@QAEAAV01@ABV01@@Z+0x2718,OgreMain.dll,5,0.0397,12581,19.999
fourteam_prefix,36068,battlezone98redux.exe!sub_606f70,battlezone98redux.exe,5,0.0397,12581,19.999
fourteam_prefix,36068,OgreMain.dll!?updateAnimation@Entity@Ogre@@IAEXXZ+0x11d,OgreMain.dll,5,0.0397,12581,19.999
fourteam_prefix,36068,OgreMain.dll!?getWorldViewMatrix@AutoParamDataSource@Ogre@@UBEABVMatrix4@2@XZ+0x241,OgreMain.dll,5,0.0397,12581,19.999
fourteam_prefix,36068,d3d11.dll!CreateDirect3D11DeviceFromDXGIDevice+0xbae5f,d3d11.dll,5,0.0397,12581,19.999
fourteam_prefix,36068,OgreMain.dll!?getSide@Plane@Ogre@@QBE?AW4Side@12@ABVVector3@2@0@Z+0x6c,OgreMain.dll,5,0.0397,12581,19.999
fourteam_prefix,36068,MSVCR120.dll!__libm_sse2_acosf+0xe0,MSVCR120.dll,5,0.0397,12581,19.999
fourteam_prefix,36068,OgreMain.dll!?RealEqual@Math@Ogre@@SA_NMMM@Z+0xd,OgreMain.dll,5,0.0397,12581,19.999
fourteam_prefix,36068,MSVCR120.dll!__libm_sse2_asinf+0xbc,MSVCR120.dll,5,0.0397,12581,19.999
fourteam_prefix,36068,OgreMain.dll!?_findNamedConstantDefinition@GpuProgramParameters@Ogre@@QBEPBUGpuConstantDefinition@2@ABV?$basic_string@DU?$char_traits@D@std@@V?$allocator@D@2@@std@@_N@Z+0x3f,OgreMain.dll,5,0.0397,12581,19.999
fourteam_prefix,36068,battlezone98redux.exe!sub_5bc640,battlezone98redux.exe,5,0.0397,12581,19.999
fourteam_prefix,36068,OgreMain.dll!?ASin@Math@Ogre@@SA?AVRadian@2@M@Z+0x1c,OgreMain.dll,5,0.0397,12581,19.999
fourteam_prefix,36068,RenderSystem_Direct3D11.dll!?getD3DIndexBuffer@D3D11HardwareIndexBuffer@Ogre@@QBEPAUID3D11Buffer@@XZ+0x6,RenderSystem_Direct3D11.dll,5,0.0397,12581,19.999
fourteam_prefix,36068,OgreMain.dll!?_populateLightList@SceneManager@Ogre@@UAEXABVVector3@2@MAAV?$HashedVector@PAVLight@Ogre@@@2@I@Z+0x142,OgreMain.dll,5,0.0397,12581,19.999
fourteam_prefix,36068,OgreMain.dll+0x2f103,OgreMain.dll,5,0.0397,12581,19.999
fourteam_prefix,36068,OgreMain.dll!?renderSingleObject@SceneManager@Ogre@@MAEXPAVRenderable@2@PBVPass@2@_N2PBV?$HashedVector@PAVLight@Ogre@@@2@@Z+0x1b7,OgreMain.dll,5,0.0397,12581,19.999
fourteam_prefix,36068,MSVCR120.dll!memcpy+0x14,MSVCR120.dll,5,0.0397,12581,19.999
fourteam_prefix,36068,d3d11.dll!CreateDirect3D11DeviceFromDXGIDevice+0x9f8a0,d3d11.dll,5,0.0397,12581,19.999
fourteam_prefix,36068,battlezone98redux.exe!sub_681a00,battlezone98redux.exe,5,0.0397,12581,19.999
fourteam_prefix,36068,OgreMain.dll!?_updateAutoParams@GpuProgramParameters@Ogre@@QAEXPBVAutoParamDataSource@2@G@Z+0x1ca9,OgreMain.dll,5,0.0397,12581,19.999
fourteam_prefix,36068,OgreMain.dll!?isInLightRange@Light@Ogre@@QBE_NABVSphere@2@@Z+0x14c,OgreMain.dll,5,0.0397,12581,19.999
fourteam_prefix,36068,KERNEL32.DLL!SetLastError,KERNEL32.DLL,5,0.0397,12581,19.999
fourteam_prefix,36068,OgreMain.dll!?clone@Animation@Ogre@@QBEPAV12@ABV?$basic_string@DU?$char_traits@D@std@@V?$allocator@D@2@@std@@@Z+0x2e9,OgreMain.dll,5,0.0397,12581,19.999
fourteam_prefix,36068,OgreMain.dll+0x1fc30,OgreMain.dll,5,0.0397,12581,19.999
fourteam_prefix,36068,OgreMain.dll!?updateFromParentImpl@SceneNode@Ogre@@MBEXXZ+0x18,OgreMain.dll,5,0.0397,12581,19.999
fourteam_prefix,36068,OgreMain.dll+0x2bbc0,OgreMain.dll,5,0.0397,12581,19.999
fourteam_prefix,36068,OgreMain.dll!?_writeRawConstant@GpuProgramParameters@Ogre@@QAEXIABVVector4@2@I@Z,OgreMain.dll,5,0.0397,12581,19.999
fourteam_prefix,36068,OgreMain.dll!?_findVisibleObjects@SceneNode@Ogre@@UAEXPAVCamera@2@PAVRenderQueue@2@PAUVisibleObjectsBoundsInfo@2@_N33@Z+0x68,OgreMain.dll,5,0.0397,12581,19.999
fourteam_prefix,36068,MSVCR120.dll!__libm_sse2_acosf+0x3a,MSVCR120.dll,5,0.0397,12581,19.999
fourteam_prefix,36068,OgreMain.dll!?updateView@Frustum@Ogre@@MBEXXZ+0x1d,OgreMain.dll,5,0.0397,12581,19.999
fourteam_prefix,36068,OgreMain.dll!?isInLightRange@Light@Ogre@@QBE_NABVSphere@2@@Z+0x134,OgreMain.dll,5,0.0397,12581,19.999
fourteam_prefix,36068,OgreMain.dll+0x2d2f9,OgreMain.dll,5,0.0397,12581,19.999
fourteam_prefix,36068,OgreMain.dll!?getSide@Plane@Ogre@@QBE?AW4Side@12@ABVVector3@2@0@Z+0x31,OgreMain.dll,5,0.0397,12581,19.999
fourteam_prefix,36068,nvwgf2um.dll!OpenAdapter10+0x72010,nvwgf2um.dll,5,0.0397,12581,19.999
fourteam_prefix,36068,ntdll.dll!_RtlpLocalInfoAllocFromCache@8+0x28,ntdll.dll,5,0.0397,12581,19.999
fourteam_prefix,36068,OgreMain.dll!?isFloat@GpuConstantDefinition@Ogre@@SA_NW4GpuConstantType@2@@Z+0x6,OgreMain.dll,5,0.0397,12581,19.999
fourteam_prefix,36068,OgreMain.dll!?_findNamedConstantDefinition@GpuProgramParameters@Ogre@@QBEPBUGpuConstantDefinition@2@ABV?$basic_string@DU?$char_traits@D@std@@V?$allocator@D@2@@std@@_N@Z+0xdd,OgreMain.dll,5,0.0397,12581,19.999
fourteam_prefix,36068,OgreMain.dll!?merge@VisibleObjectsBoundsInfo@Ogre@@QAEXABVAxisAlignedBox@2@ABVSphere@2@PBVCamera@2@_N@Z+0x13f,OgreMain.dll,5,0.0397,12581,19.999
fourteam_prefix,36068,OgreMain.dll!?_detectImplementation@OptimisedUtil@Ogre@@KAPAV12@XZ+0x4599,OgreMain.dll,5,0.0397,12581,19.999
fourteam_prefix,36068,RenderSystem_Direct3D11.dll!??1D3D11RenderWindowSwapChainBased@Ogre@@UAE@XZ+0x40a,RenderSystem_Direct3D11.dll,5,0.0397,12581,19.999
fourteam_prefix,36068,RenderSystem_Direct3D11.dll!?setVertexBufferBinding@D3D11RenderSystem@Ogre@@UAEXPAVVertexBufferBinding@2@@Z+0x9f,RenderSystem_Direct3D11.dll,5,0.0397,12581,19.999
fourteam_prefix,36068,battlezone98redux.exe!sub_778450,battlezone98redux.exe,5,0.0397,12581,19.999
fourteam_prefix,36068,OgreMain.dll+0x3e42d,OgreMain.dll,5,0.0397,12581,19.999
fourteam_prefix,36068,d3d11.dll!CreateDirect3D11DeviceFromDXGIDevice+0xa21d1,d3d11.dll,5,0.0397,12581,19.999
fourteam_prefix,36068,RenderSystem_Direct3D11.dll!?_render@D3D11RenderSystem@Ogre@@UAEXABVRenderOperation@2@@Z+0x225,RenderSystem_Direct3D11.dll,5,0.0397,12581,19.999
fourteam_prefix,36068,OgreMain.dll!?getShadowsEnabled@Viewport@Ogre@@QBE_NXZ+0x3,OgreMain.dll,5,0.0397,12581,19.999
fourteam_prefix,36068,OgreMain.dll!?_writeRawConstants@GpuProgramParameters@Ogre@@QAEXIPBMI@Z+0x1c,OgreMain.dll,5,0.0397,12581,19.999
fourteam_prefix,36068,battlezone98redux.exe!sub_44efb0,battlezone98redux.exe,5,0.0397,12581,19.999
fourteam_prefix,36068,d3d11.dll!CreateDirect3D11DeviceFromDXGIDevice+0xbc59b,d3d11.dll,5,0.0397,12581,19.999
fourteam_prefix,36068,OgreMain.dll!?getType@GpuProgram@Ogre@@UBE?AW4GpuProgramType@2@XZ+0x6,OgreMain.dll,5,0.0397,12581,19.999
fourteam_prefix,36068,OgreMain.dll!?getViewMatrix@AutoParamDataSource@Ogre@@UBEABVMatrix4@2@XZ+0x7c,OgreMain.dll,5,0.0397,12581,19.999
fourteam_prefix,36068,OgreMain.dll!?updateFrustum@Frustum@Ogre@@MBEXXZ,OgreMain.dll,5,0.0397,12581,19.999
fourteam_prefix,36068,RenderSystem_Direct3D11.dll!?getConstantBuffer@D3D11HLSLProgram@Ogre@@QAEPAUID3D11Buffer@@V?$SharedPtr@VGpuProgramParameters@Ogre@@@2@G@Z+0x1d1,RenderSystem_Direct3D11.dll,4,0.0318,12581,19.999
fourteam_prefix,36068,RenderSystem_Direct3D11.dll!?getConstantBuffer@D3D11HLSLProgram@Ogre@@QAEPAUID3D11Buffer@@V?$SharedPtr@VGpuProgramParameters@Ogre@@@2@G@Z+0x9a,RenderSystem_Direct3D11.dll,4,0.0318,12581,19.999
fourteam_prefix,36068,OgreMain.dll!??D?$SharedPtr@VHardwareUniformBuffer@Ogre@@@Ogre@@QBEAAVHardwareUniformBuffer@1@XZ+0x411,OgreMain.dll,4,0.0318,12581,19.999
fourteam_prefix,36068,OgreMain.dll!?_getRenderOperation@SubMesh@Ogre@@QAEXAAVRenderOperation@2@G@Z+0x2c,OgreMain.dll,4,0.0318,12581,19.999
fourteam_prefix,36068,battlezone98redux.exe!sub_4db560,battlezone98redux.exe,4,0.0318,12581,19.999
fourteam_prefix,36068,battlezone98redux.exe!sub_440000,battlezone98redux.exe,4,0.0318,12581,19.999
fourteam_prefix,36068,OgreMain.dll!??4GpuSharedParametersUsage@Ogre@@QAEAAV01@ABV01@@Z+0x274c,OgreMain.dll,4,0.0318,12581,19.999
fourteam_prefix,36068,OgreMain.dll!?_updateAutoParams@GpuProgramParameters@Ogre@@QAEXPBVAutoParamDataSource@2@G@Z+0x1f00,OgreMain.dll,4,0.0318,12581,19.999
fourteam_prefix,36068,OgreMain.dll!?isInLightRange@Light@Ogre@@QBE_NABVSphere@2@@Z+0x7e,OgreMain.dll,4,0.0318,12581,19.999
fourteam_prefix,36068,OgreMain.dll!?useLightsGpuProgram@SceneManager@Ogre@@MAEXPBVPass@2@PBV?$HashedVector@PAVLight@Ogre@@@2@@Z+0x8,OgreMain.dll,4,0.0318,12581,19.999
fourteam_prefix,36068,MSVCR120.dll!__libm_sse2_acosf+0x18e,MSVCR120.dll,4,0.0318,12581,19.999
fourteam_prefix,36068,OgreMain.dll!?isVisible@Frustum@Ogre@@UBE_NABVAxisAlignedBox@2@PAW4FrustumPlane@2@@Z+0x10,OgreMain.dll,4,0.0318,12581,19.999
fourteam_prefix,36068,RenderSystem_Direct3D11.dll!?bindGpuProgramParameters@D3D11RenderSystem@Ogre@@UAEXW4GpuProgramType@2@V?$SharedPtr@VGpuProgramParameters@Ogre@@@2@G@Z+0x504,RenderSystem_Direct3D11.dll,4,0.0318,12581,19.999
fourteam_prefix,36068,OgreMain.dll!?merge@VisibleObjectsBoundsInfo@Ogre@@QAEXABVAxisAlignedBox@2@ABVSphere@2@PBVCamera@2@_N@Z+0x2c,OgreMain.dll,4,0.0318,12581,19.999
fourteam_prefix,36068,OgreMain.dll!?lock@HardwareBuffer@Ogre@@UAEPAXIIW4LockOptions@12@W4UploadOptions@12@@Z+0x190,OgreMain.dll,4,0.0318,12581,19.999
fourteam_prefix,36068,OgreMain.dll!?getBestTechnique@Material@Ogre@@QAEPAVTechnique@2@GPBVRenderable@2@@Z+0x8d,OgreMain.dll,4,0.0318,12581,19.999
fourteam_prefix,36068,battlezone98redux.exe!sub_42de50,battlezone98redux.exe,4,0.0318,12581,19.999
fourteam_prefix,36068,OgreMain.dll!?addRenderable@RenderQueue@Ogre@@QAEXPAVRenderable@2@EG@Z+0x1e1,OgreMain.dll,4,0.0318,12581,19.999
fourteam_prefix,36068,OgreMain.dll!?_updateAutoParams@GpuProgramParameters@Ogre@@QAEXPBVAutoParamDataSource@2@G@Z+0x1246,OgreMain.dll,4,0.0318,12581,19.999
fourteam_prefix,36068,OgreMain.dll!?addSolidRenderable@RenderPriorityGroup@Ogre@@IAEXPAVTechnique@2@PAVRenderable@2@_N@Z+0x35,OgreMain.dll,4,0.0318,12581,19.999
fourteam_prefix,36068,MSVCR120.dll!__libm_sse2_asinf+0xd0,MSVCR120.dll,4,0.0318,12581,19.999
fourteam_prefix,36068,RenderSystem_Direct3D11.dll+0x3242,RenderSystem_Direct3D11.dll,4,0.0318,12581,19.999
fourteam_prefix,36068,battlezone98redux.exe!sub_46b260,battlezone98redux.exe,4,0.0318,12581,19.999
fourteam_prefix,36068,OgreMain.dll+0xb1bd,OgreMain.dll,4,0.0318,12581,19.999
fourteam_prefix,36068,OgreMain.dll!?getWorldViewMatrix@AutoParamDataSource@Ogre@@UBEABVMatrix4@2@XZ+0x45,OgreMain.dll,4,0.0318,12581,19.999
fourteam_prefix,36068,d3d11.dll!CreateDirect3D11DeviceFromDXGIDevice+0xa5745,d3d11.dll,4,0.0318,12581,19.999
fourteam_prefix,36068,OgreMain.dll!?clone@Animation@Ogre@@QBEPAV12@ABV?$basic_string@DU?$char_traits@D@std@@V?$allocator@D@2@@std@@@Z+0x283,OgreMain.dll,4,0.0318,12581,19.999
fourteam_prefix,36068,OgreMain.dll+0x10d11,OgreMain.dll,4,0.0318,12581,19.999
fourteam_prefix,36068,RenderSystem_Direct3D11.dll!?getConstantBuffer@D3D11HLSLProgram@Ogre@@QAEPAUID3D11Buffer@@V?$SharedPtr@VGpuProgramParameters@Ogre@@@2@G@Z+0x100,RenderSystem_Direct3D11.dll,4,0.0318,12581,19.999
fourteam_prefix,36068,OgreMain.dll!??4GpuSharedParametersUsage@Ogre@@QAEAAV01@ABV01@@Z+0x2758,OgreMain.dll,4,0.0318,12581,19.999
fourteam_prefix,36068,OgreMain.dll!?lock@HardwareBuffer@Ogre@@UAEPAXIIW4LockOptions@12@W4UploadOptions@12@@Z+0x191,OgreMain.dll,4,0.0318,12581,19.999
fourteam_prefix,36068,OgreMain.dll!?getBestTechnique@Material@Ogre@@QAEPAVTechnique@2@GPBVRenderable@2@@Z+0x7c,OgreMain.dll,4,0.0318,12581,19.999
fourteam_prefix,36068,OgreMain.dll!?updateFrustum@Frustum@Ogre@@MBEXXZ+0xf,OgreMain.dll,4,0.0318,12581,19.999
fourteam_prefix,36068,OgreMain.dll!?findLightsAffectingFrustum@SceneManager@Ogre@@MAEXPBVCamera@2@@Z+0xca,OgreMain.dll,4,0.0318,12581,19.999
fourteam_prefix,36068,OgreMain.dll!?getBestTechnique@Material@Ogre@@QAEPAVTechnique@2@GPBVRenderable@2@@Z+0x4c,OgreMain.dll,4,0.0318,12581,19.999
fourteam_prefix,36068,OgreMain.dll!?getDerivedPosition@Light@Ogre@@QBEABVVector3@2@_N@Z+0x6,OgreMain.dll,4,0.0318,12581,19.999
fourteam_prefix,36068,MSVCR120.dll!__libm_sse2_asinf+0x3e,MSVCR120.dll,4,0.0318,12581,19.999
fourteam_prefix,36068,d3d11.dll+0x30d77,d3d11.dll,4,0.0318,12581,19.999
fourteam_prefix,36068,battlezone98redux.exe!sub_4a7370,battlezone98redux.exe,4,0.0318,12581,19.999
fourteam_prefix,36068,OgreMain.dll!?getSide@Plane@Ogre@@QBE?AW4Side@12@ABVVector3@2@0@Z+0x7,OgreMain.dll,4,0.0318,12581,19.999
fourteam_prefix,36068,OgreMain.dll!?getWorldBoundingSphere@MovableObject@Ogre@@UBEABVSphere@2@_N@Z+0x4a,OgreMain.dll,4,0.0318,12581,19.999
fourteam_prefix,36068,OgreMain.dll!?updateFromParentImpl@SceneNode@Ogre@@MBEXXZ+0x11,OgreMain.dll,4,0.0318,12581,19.999
fourteam_prefix,36068,OgreMain.dll!?hasViewRelativeTextureCoordinateGeneration@TextureUnitState@Ogre@@QBE_NXZ+0x18,OgreMain.dll,4,0.0318,12581,19.999
fourteam_prefix,36068,d3d11.dll+0x27029,d3d11.dll,4,0.0318,12581,19.999
fourteam_prefix,36068,OgreMain.dll!?getIndexAscending@LodStrategy@Ogre@@KAGMABV?$vector@MV?$STLAllocator@MV?$CategorisedAllocPolicy@$0A@@Ogre@@@Ogre@@@std@@@Z+0x24,OgreMain.dll,4,0.0318,12581,19.999
fourteam_prefix,36068,ucrtbase.dll!_tolower,ucrtbase.dll,4,0.0318,12581,19.999
fourteam_prefix,36068,OgreMain.dll!?_detectImplementation@OptimisedUtil@Ogre@@KAPAV12@XZ+0x4687,OgreMain.dll,4,0.0318,12581,19.999
fourteam_prefix,36068,d3d11.dll!CreateDirect3D11DeviceFromDXGIDevice+0x9e040,d3d11.dll,4,0.0318,12581,19.999
fourteam_prefix,36068,OgreMain.dll!?getLightAttenuation@AutoParamDataSource@Ogre@@UBE?AVVector4@2@I@Z+0xf,OgreMain.dll,4,0.0318,12581,19.999
fourteam_prefix,36068,OgreMain.dll!??4GpuSharedParametersUsage@Ogre@@QAEAAV01@ABV01@@Z+0x2711,OgreMain.dll,4,0.0318,12581,19.999
fourteam_prefix,36068,OgreMain.dll!?_detectImplementation@OptimisedUtil@Ogre@@KAPAV12@XZ+0x459c,OgreMain.dll,4,0.0318,12581,19.999
fourteam_prefix,36068,OgreMain.dll!?angleBetween@Vector3@Ogre@@QBE?AVRadian@2@ABV12@@Z+0xd5,OgreMain.dll,4,0.0318,12581,19.999
fourteam_prefix,36068,ntdll.dll!_RtlpFreeNTHeapInternal@12+0x206,ntdll.dll,4,0.0318,12581,19.999
fourteam_prefix,36068,MSVCR120.dll!_getptd+0x5a,MSVCR120.dll,4,0.0318,12581,19.999
fourteam_prefix,36068,battlezone98redux.exe!sub_422e80,battlezone98redux.exe,4,0.0318,12581,19.999
fourteam_prefix,36068,nvwgf2um.dll!OpenAdapter10+0x71b17,nvwgf2um.dll,4,0.0318,12581,19.999
fourteam_prefix,36068,d3d11.dll!CreateDirect3D11DeviceFromDXGIDevice+0x9f9c1,d3d11.dll,4,0.0318,12581,19.999
fourteam_prefix,36068,OgreMain.dll!?lock@HardwareBuffer@Ogre@@QAEPAXW4LockOptions@12@W4UploadOptions@12@@Z+0x8,OgreMain.dll,4,0.0318,12581,19.999
fourteam_prefix,36068,battlezone98redux.exe!sub_417780,battlezone98redux.exe,4,0.0318,12581,19.999
fourteam_prefix,36068,d3d11.dll!CreateDirect3D11DeviceFromDXGIDevice+0xa204b,d3d11.dll,4,0.0318,12581,19.999
fourteam_prefix,36068,RenderSystem_Direct3D11.dll+0x6582,RenderSystem_Direct3D11.dll,4,0.0318,12581,19.999
fourteam_prefix,36068,OgreMain.dll!??4GpuSharedParametersUsage@Ogre@@QAEAAV01@ABV01@@Z+0x278f,OgreMain.dll,4,0.0318,12581,19.999
fourteam_prefix,36068,RenderSystem_Direct3D11.dll!?getMonitorSequentialNumberFromSwapChain@MonitorInfo@Ogre@@QAEGPAUIDXGISwapChain@@_N@Z+0x1244,RenderSystem_Direct3D11.dll,4,0.0318,12581,19.999
fourteam_prefix,36068,battlezone98redux.exe!sub_421ec0,battlezone98redux.exe,4,0.0318,12581,19.999
fourteam_prefix,36068,OgreMain.dll!?_issueRenderOp@SceneManager@Ogre@@UAEXPAVRenderable@2@PBVPass@2@@Z+0x18,OgreMain.dll,4,0.0318,12581,19.999
fourteam_prefix,36068,d3d11.dll!CreateDirect3D11DeviceFromDXGIDevice+0xa20c1,d3d11.dll,4,0.0318,12581,19.999
fourteam_prefix,36068,OgreMain.dll!?_calcTempSquareDist@Light@Ogre@@QAEXABVVector3@2@@Z+0x25,OgreMain.dll,4,0.0318,12581,19.999
fourteam_prefix,36068,ntdll.dll!_RtlpLocalInfoAllocFromCache@8+0x36,ntdll.dll,4,0.0318,12581,19.999
fourteam_prefix,36068,d3d11.dll+0x30d63,d3d11.dll,4,0.0318,12581,19.999
fourteam_prefix,36068,RenderSystem_Direct3D11.dll!??0D3D11RenderWindowSwapChainBased@Ogre@@QAE@ABV01@@Z+0x9c2,RenderSystem_Direct3D11.dll,4,0.0318,12581,19.999
fourteam_prefix,36068,MSVCR120.dll!__libm_sse2_asinf+0x238,MSVCR120.dll,4,0.0318,12581,19.999
fourteam_prefix,36068,OgreMain.dll!?_updateAutoParams@GpuProgramParameters@Ogre@@QAEXPBVAutoParamDataSource@2@G@Z+0x1f68,OgreMain.dll,4,0.0318,12581,19.999
fourteam_prefix,36068,OgreMain.dll!?_detectImplementation@OptimisedUtil@Ogre@@KAPAV12@XZ+0x4630,OgreMain.dll,4,0.0318,12581,19.999
fourteam_prefix,36068,OgreMain.dll!?getSide@Plane@Ogre@@QBE?AW4Side@12@ABVVector3@2@0@Z+0xe,OgreMain.dll,4,0.0318,12581,19.999
fourteam_prefix,36068,battlezone98redux.exe!sub_4178b0,battlezone98redux.exe,4,0.0318,12581,19.999
fourteam_prefix,36068,OgreMain.dll!?isViewOutOfDate@Camera@Ogre@@MBE_NXZ+0x18d,OgreMain.dll,4,0.0318,12581,19.999
fourteam_prefix,36068,OgreMain.dll!?_getCurrentSceneManager@Root@Ogre@@QBEPAVSceneManager@2@XZ+0x50,OgreMain.dll,4,0.0318,12581,19.999
fourteam_prefix,36068,battlezone98redux.exe!sub_68c560,battlezone98redux.exe,4,0.0318,12581,19.999
fourteam_prefix,36068,OgreMain.dll!?_notifyCurrentCamera@Entity@Ogre@@UAEXPAVCamera@2@@Z+0x107,OgreMain.dll,4,0.0318,12581,19.999
fourteam_prefix,36068,d3d11.dll!CreateDirect3D11DeviceFromDXGIDevice+0x9f9c3,d3d11.dll,4,0.0318,12581,19.999
fourteam_prefix,36068,OgreMain.dll!?_writeRawConstant@GpuProgramParameters@Ogre@@QAEXIABVVector4@2@I@Z+0x18,OgreMain.dll,4,0.0318,12581,19.999
fourteam_prefix,36068,OgreMain.dll!?setCurrentLightList@AutoParamDataSource@Ogre@@UAEXPBV?$HashedVector@PAVLight@Ogre@@@2@@Z+0x3e,OgreMain.dll,4,0.0318,12581,19.999
fourteam_prefix,36068,battlezone98redux.exe!sub_4a08e0,battlezone98redux.exe,4,0.0318,12581,19.999
fourteam_prefix,36068,d3d11.dll+0x35ed1,d3d11.dll,4,0.0318,12581,19.999
fourteam_prefix,36068,OgreMain.dll!??4GpuSharedParametersUsage@Ogre@@QAEAAV01@ABV01@@Z+0x2721,OgreMain.dll,4,0.0318,12581,19.999
fourteam_prefix,36068,MSVCR120.dll!__libm_sse2_asinf+0x1f0,MSVCR120.dll,4,0.0318,12581,19.999
fourteam_prefix,36068,RenderSystem_Direct3D11.dll!?bindGpuProgramParameters@D3D11RenderSystem@Ogre@@UAEXW4GpuProgramType@2@V?$SharedPtr@VGpuProgramParameters@Ogre@@@2@G@Z+0x15f,RenderSystem_Direct3D11.dll,4,0.0318,12581,19.999
fourteam_prefix,36068,d3d11.dll!CreateDirect3D11DeviceFromDXGIDevice+0xbd2e0,d3d11.dll,4,0.0318,12581,19.999
fourteam_prefix,36068,OgreMain.dll!?getWorldViewProjMatrix@AutoParamDataSource@Ogre@@UBEABVMatrix4@2@XZ+0x3a4,OgreMain.dll,4,0.0318,12581,19.999
fourteam_prefix,36068,OgreMain.dll+0x29afa,OgreMain.dll,4,0.0318,12581,19.999
fourteam_prefix,36068,RenderSystem_Direct3D11.dll!?getMonitorSequentialNumberFromSwapChain@MonitorInfo@Ogre@@QAEGPAUIDXGISwapChain@@_N@Z+0x27c0,RenderSystem_Direct3D11.dll,4,0.0318,12581,19.999
fourteam_prefix,36068,OgreMain.dll!?merge@RenderPriorityGroup@Ogre@@QAEXPBV12@@Z+0xfb,OgreMain.dll,4,0.0318,12581,19.999
fourteam_prefix,36068,OgreMain.dll!??RlightLess@SceneManager@Ogre@@QBE_NPBVLight@2@0@Z+0x6,OgreMain.dll,4,0.0318,12581,19.999
fourteam_prefix,36068,OgreMain.dll!?getLightAs4DVector@AutoParamDataSource@Ogre@@UBE?AVVector4@2@I@Z+0x1a,OgreMain.dll,4,0.0318,12581,19.999
fourteam_prefix,36068,RenderSystem_Direct3D11.dll!?getConstantBuffer@D3D11HLSLProgram@Ogre@@QAEPAUID3D11Buffer@@V?$SharedPtr@VGpuProgramParameters@Ogre@@@2@G@Z+0xb4,RenderSystem_Direct3D11.dll,4,0.0318,12581,19.999
fourteam_prefix,36068,OgreMain.dll!?_updateAutoParams@Pass@Ogre@@QBEXPBVAutoParamDataSource@2@G@Z+0x6a,OgreMain.dll,4,0.0318,12581,19.999
fourteam_prefix,36068,OgreMain.dll+0x1f96f,OgreMain.dll,4,0.0318,12581,19.999
fourteam_prefix,36068,OgreMain.dll!?_updateAutoParams@GpuProgramParameters@Ogre@@QAEXPBVAutoParamDataSource@2@G@Z+0x2031,OgreMain.dll,4,0.0318,12581,19.999
fourteam_prefix,36068,OgreMain.dll!?getLodStrategy@Material@Ogre@@QBEPBVLodStrategy@2@XZ+0x6,OgreMain.dll,4,0.0318,12581,19.999
fourteam_prefix,36068,RenderSystem_Direct3D11.dll!?createImpl@D3D11GpuProgramManager@Ogre@@MAEPAVResource@2@ABV?$basic_string@DU?$char_traits@D@std@@V?$allocator@D@2@@std@@_K0_NPAVManualResourceLoader@2@W4GpuProgramType@2@0@Z+0x6127,RenderSystem_Direct3D11.dll,4,0.0318,12581,19.999
fourteam_prefix,36068,nvwgf2um.dll!OpenAdapter10+0x72c10,nvwgf2um.dll,4,0.0318,12581,19.999
fourteam_prefix,36068,OgreMain.dll!?lock@HardwareBuffer@Ogre@@UAEPAXIIW4LockOptions@12@W4UploadOptions@12@@Z+0xf7,OgreMain.dll,4,0.0318,12581,19.999
fourteam_prefix,36068,OgreMain.dll!?_updateAutoParams@GpuProgramParameters@Ogre@@QAEXPBVAutoParamDataSource@2@G@Z+0x26,OgreMain.dll,4,0.0318,12581,19.999
fourteam_prefix,36068,OgreMain.dll!?getWorldMatrix@AutoParamDataSource@Ogre@@UBEABVMatrix4@2@XZ,OgreMain.dll,4,0.0318,12581,19.999
fourteam_prefix,36068,OgreMain.dll!?touchVertexBufferCopy@HardwareBufferManagerBase@Ogre@@UAEXABVHardwareVertexBufferSharedPtr@2@@Z+0x41,OgreMain.dll,4,0.0318,12581,19.999
fourteam_prefix,36068,OgreMain.dll+0x358be,OgreMain.dll,4,0.0318,12581,19.999
fourteam_prefix,36068,d3d11.dll!CreateDirect3D11DeviceFromDXGIDevice+0x9f9ea,d3d11.dll,4,0.0318,12581,19.999
fourteam_prefix,36068,OgreMain.dll!?angleBetween@Vector3@Ogre@@QBE?AVRadian@2@ABV12@@Z+0xab,OgreMain.dll,4,0.0318,12581,19.999
fourteam_prefix,36068,OgreMain.dll!?getSide@Plane@Ogre@@QBE?AW4Side@12@ABVVector3@2@0@Z+0x4b,OgreMain.dll,4,0.0318,12581,19.999
fourteam_prefix,36068,OgreMain.dll!?getLight@AutoParamDataSource@Ogre@@IBEABVLight@2@I@Z+0x19,OgreMain.dll,4,0.0318,12581,19.999
fourteam_prefix,36068,OgreMain.dll!?clone@Animation@Ogre@@QBEPAV12@ABV?$basic_string@DU?$char_traits@D@std@@V?$allocator@D@2@@std@@@Z+0x277,OgreMain.dll,4,0.0318,12581,19.999
fourteam_prefix,36068,OgreMain.dll!?getSpotlightParams@AutoParamDataSource@Ogre@@UBE?AVVector4@2@I@Z+0x1b,OgreMain.dll,4,0.0318,12581,19.999
fourteam_prefix,36068,MSVCR120.dll!__libm_sse2_asinf+0x78,MSVCR120.dll,4,0.0318,12581,19.999
fourteam_prefix,36068,OgreMain.dll!?_notifyMoved@MovableObject@Ogre@@UAEXXZ+0x6,OgreMain.dll,4,0.0318,12581,19.999
fourteam_prefix,36068,OgreMain.dll!?getWorldViewMatrix@AutoParamDataSource@Ogre@@UBEABVMatrix4@2@XZ+0x12c,OgreMain.dll,4,0.0318,12581,19.999
fourteam_prefix,36068,d3d11.dll!CreateDirect3D11DeviceFromDXGIDevice+0x9da5b,d3d11.dll,4,0.0318,12581,19.999
fourteam_prefix,36068,OgreMain.dll!?_calcTempSquareDist@Light@Ogre@@QAEXABVVector3@2@@Z+0x4c,OgreMain.dll,4,0.0318,12581,19.999
fourteam_prefix,36068,OgreMain.dll!?inverseAffine@Matrix4@Ogre@@QBE?AV12@XZ+0x85,OgreMain.dll,4,0.0318,12581,19.999
fourteam_prefix,36068,OgreMain.dll!?_updateAutoParams@GpuProgramParameters@Ogre@@QAEXPBVAutoParamDataSource@2@G@Z+0x4a,OgreMain.dll,4,0.0318,12581,19.999
fourteam_prefix,36068,nvwgf2um.dll!OpenAdapter10+0x72b2d,nvwgf2um.dll,4,0.0318,12581,19.999
fourteam_prefix,36068,ntdll.dll!_ZwQueryInformationThread@20+0xc,ntdll.dll,4,0.0318,12581,19.999
fourteam_prefix,36068,battlezone98redux.exe!sub_420f10,battlezone98redux.exe,4,0.0318,12581,19.999
fourteam_prefix,36068,battlezone98redux.exe!sub_45c490,battlezone98redux.exe,4,0.0318,12581,19.999
fourteam_prefix,36068,OgreMain.dll!?angleBetween@Vector3@Ogre@@QBE?AVRadian@2@ABV12@@Z+0x4d,OgreMain.dll,4,0.0318,12581,19.999
fourteam_prefix,36068,OgreMain.dll!??4GpuSharedParametersUsage@Ogre@@QAEAAV01@ABV01@@Z+0x2740,OgreMain.dll,4,0.0318,12581,19.999
fourteam_prefix,36068,MSVCR120.dll!memcpy+0x71,MSVCR120.dll,4,0.0318,12581,19.999
fourteam_prefix,36068,battlezone98redux.exe!sub_442a90,battlezone98redux.exe,4,0.0318,12581,19.999
fourteam_prefix,36068,nvwgf2um.dll!OpenAdapter10+0x72b10,nvwgf2um.dll,4,0.0318,12581,19.999
fourteam_prefix,36068,OgreMain.dll!??RlightsForShadowTextureLess@SceneManager@Ogre@@QBE_NPBVLight@2@0@Z+0x7,OgreMain.dll,4,0.0318,12581,19.999
fourteam_prefix,36068,battlezone98redux.exe!FID_conflict:end,battlezone98redux.exe,4,0.0318,12581,19.999
fourteam_prefix,36068,OgreMain.dll!?angleBetween@Vector3@Ogre@@QBE?AVRadian@2@ABV12@@Z+0x58,OgreMain.dll,4,0.0318,12581,19.999
fourteam_prefix,36068,OgreMain.dll!?getLightSpecularColourWithPower@AutoParamDataSource@Ogre@@UBE?BVColourValue@2@I@Z+0x3a,OgreMain.dll,4,0.0318,12581,19.999
fourteam_prefix,36068,OgreMain.dll!?RealEqual@Math@Ogre@@SA_NMMM@Z+0x19,OgreMain.dll,4,0.0318,12581,19.999
fourteam_prefix,36068,nvwgf2um.dll!OpenAdapter10+0x726e0,nvwgf2um.dll,4,0.0318,12581,19.999
fourteam_prefix,36068,battlezone98redux.exe!sub_62bec0,battlezone98redux.exe,4,0.0318,12581,19.999
fourteam_prefix,36068,battlezone98redux.exe!sub_785730,battlezone98redux.exe,4,0.0318,12581,19.999
fourteam_prefix,36068,battlezone98redux.exe!sub_5fb450,battlezone98redux.exe,4,0.0318,12581,19.999
fourteam_prefix,36068,nvwgf2um.dll!OpenAdapter10+0x74e67,nvwgf2um.dll,4,0.0318,12581,19.999
fourteam_prefix,36068,OgreMain.dll!?getWorldViewMatrix@AutoParamDataSource@Ogre@@UBEABVMatrix4@2@XZ+0x206,OgreMain.dll,4,0.0318,12581,19.999
fourteam_prefix,36068,OgreMain.dll!??4GpuSharedParametersUsage@Ogre@@QAEAAV01@ABV01@@Z+0x278c,OgreMain.dll,4,0.0318,12581,19.999
fourteam_prefix,36068,d3d11.dll!CreateDirect3D11DeviceFromDXGIDevice+0x9ac58,d3d11.dll,3,0.0238,12581,19.999
fourteam_prefix,36068,OgreMain.dll!??4GpuSharedParametersUsage@Ogre@@QAEAAV01@ABV01@@Z+0x26fa,OgreMain.dll,3,0.0238,12581,19.999
fourteam_prefix,36068,OgreMain.dll!?_updateAutoParams@GpuProgramParameters@Ogre@@QAEXPBVAutoParamDataSource@2@G@Z+0x1e58,OgreMain.dll,3,0.0238,12581,19.999
fourteam_prefix,36068,OgreMain.dll!?_detectImplementation@OptimisedUtil@Ogre@@KAPAV12@XZ+0x44fc,OgreMain.dll,3,0.0238,12581,19.999
fourteam_prefix,36068,d3d11.dll+0x2704e,d3d11.dll,3,0.0238,12581,19.999
fourteam_prefix,36068,OgreMain.dll!?_findNamedConstantDefinition@GpuProgramParameters@Ogre@@QBEPBUGpuConstantDefinition@2@ABV?$basic_string@DU?$char_traits@D@std@@V?$allocator@D@2@@std@@_N@Z+0x21,OgreMain.dll,3,0.0238,12581,19.999
fourteam_prefix,36068,OgreMain.dll!?_notifyCurrentCamera@MovableObject@Ogre@@UAEXPAVCamera@2@@Z+0x1f3,OgreMain.dll,3,0.0238,12581,19.999
fourteam_prefix,36068,OgreMain.dll!?getLightAttenuation@AutoParamDataSource@Ogre@@UBE?AVVector4@2@I@Z+0x39,OgreMain.dll,3,0.0238,12581,19.999
fourteam_prefix,36068,nvwgf2um.dll!OpenAdapter10+0x77c4d,nvwgf2um.dll,3,0.0238,12581,19.999
fourteam_prefix,36068,OgreMain.dll!?getLightDiffuseColourWithPower@AutoParamDataSource@Ogre@@UBE?BVColourValue@2@I@Z+0x51,OgreMain.dll,3,0.0238,12581,19.999
fourteam_prefix,36068,OgreMain.dll!?_getDelegate@UnifiedHighLevelGpuProgram@Ogre@@QBEABV?$SharedPtr@VHighLevelGpuProgram@Ogre@@@2@XZ+0x7,OgreMain.dll,3,0.0238,12581,19.999
fourteam_prefix,36068,RenderSystem_Direct3D11.dll!?unlock@D3D11HardwareVertexBuffer@Ogre@@UAEXXZ,RenderSystem_Direct3D11.dll,3,0.0238,12581,19.999
fourteam_prefix,36068,OgreMain.dll!?_getDerivedPosition@Node@Ogre@@UBEABVVector3@2@XZ,OgreMain.dll,3,0.0238,12581,19.999
fourteam_prefix,36068,OgreMain.dll!?getLightAttenuation@AutoParamDataSource@Ogre@@UBE?AVVector4@2@I@Z+0x50,OgreMain.dll,3,0.0238,12581,19.999
fourteam_prefix,36068,battlezone98redux.exe!sub_67a4a0,battlezone98redux.exe,3,0.0238,12581,19.999
fourteam_prefix,36068,nvwgf2um.dll!SetDependencyInfo+0x4b30d,nvwgf2um.dll,3,0.0238,12581,19.999
fourteam_prefix,36068,nvwgf2um.dll!OpenAdapter10+0x74f64,nvwgf2um.dll,3,0.0238,12581,19.999
fourteam_prefix,36068,MSVCP120.dll!?isfx@?$basic_istream@_WU?$char_traits@_W@std@@@std@@QAEXXZ,MSVCP120.dll,3,0.0238,12581,19.999
fourteam_prefix,36068,OgreMain.dll+0x13ba6,OgreMain.dll,3,0.0238,12581,19.999
fourteam_prefix,36068,nvwgf2um.dll!SetDependencyInfo+0x4b1df,nvwgf2um.dll,3,0.0238,12581,19.999
fourteam_prefix,36068,RenderSystem_Direct3D11.dll!?_render@D3D11RenderSystem@Ogre@@UAEXABVRenderOperation@2@@Z+0x132f,RenderSystem_Direct3D11.dll,3,0.0238,12581,19.999
fourteam_prefix,36068,battlezone98redux.exe!sub_67a150,battlezone98redux.exe,3,0.0238,12581,19.999
fourteam_prefix,36068,OgreMain.dll!?inverseAffine@Matrix4@Ogre@@QBE?AV12@XZ+0xc1,OgreMain.dll,3,0.0238,12581,19.999
fourteam_prefix,36068,OgreMain.dll!?updateGpuProgramParameters@SceneManager@Ogre@@MAEXPBVPass@2@@Z+0x81,OgreMain.dll,3,0.0238,12581,19.999
fourteam_prefix,36068,MSVCR120.dll!memcpy+0xa,MSVCR120.dll,3,0.0238,12581,19.999
fourteam_prefix,36068,d3d11.dll!CreateDirect3D11DeviceFromDXGIDevice+0xa4626,d3d11.dll,3,0.0238,12581,19.999
fourteam_prefix,36068,OgreMain.dll+0x3a468,OgreMain.dll,3,0.0238,12581,19.999
fourteam_prefix,36068,d3d11.dll!CreateDirect3D11DeviceFromDXGIDevice+0xbae64,d3d11.dll,3,0.0238,12581,19.999
fourteam_prefix,36068,MSVCR120.dll!_fdtest,MSVCR120.dll,3,0.0238,12581,19.999
fourteam_prefix,36068,d3d11.dll!CreateDirect3D11DeviceFromDXGIDevice+0x603ff,d3d11.dll,3,0.0238,12581,19.999
fourteam_prefix,36068,OgreMain.dll!?isVisible@ShadowRenderable@Ogre@@UBE_NXZ+0x15f,OgreMain.dll,3,0.0238,12581,19.999
fourteam_prefix,36068,OgreMain.dll!?clear@RenderPriorityGroup@Ogre@@QAEXXZ+0xb9,OgreMain.dll,3,0.0238,12581,19.999
fourteam_prefix,36068,OgreMain.dll!?getParameters@GpuProgramUsage@Ogre@@QAE?AV?$SharedPtr@VGpuProgramParameters@Ogre@@@2@XZ+0xf5,OgreMain.dll,3,0.0238,12581,19.999
fourteam_prefix,36068,ntdll.dll!_RtlpLocalInfoAllocFromCache@8+0x233,ntdll.dll,3,0.0238,12581,19.999
fourteam_prefix,36068,nvwgf2um.dll!NVENCODEAPI_Thunk+0x2178e3,nvwgf2um.dll,3,0.0238,12581,19.999
fourteam_prefix,36068,OgreMain.dll!?_updateAutoParams@GpuProgramParameters@Ogre@@QAEXPBVAutoParamDataSource@2@G@Z+0x1cbc,OgreMain.dll,3,0.0238,12581,19.999
fourteam_prefix,36068,OgreMain.dll!?merge@VisibleObjectsBoundsInfo@Ogre@@QAEXABVAxisAlignedBox@2@ABVSphere@2@PBVCamera@2@_N@Z+0x107,OgreMain.dll,3,0.0238,12581,19.999
fourteam_prefix,36068,OgreMain.dll!?getLight@AutoParamDataSource@Ogre@@IBEABVLight@2@I@Z+0x22,OgreMain.dll,3,0.0238,12581,19.999
fourteam_prefix,36068,OgreMain.dll!?getProjectionMatrix@AutoParamDataSource@Ogre@@UBEABVMatrix4@2@XZ+0xc0,OgreMain.dll,3,0.0238,12581,19.999
fourteam_prefix,36068,nvwgf2um.dll!OpenAdapter10+0x74597,nvwgf2um.dll,3,0.0238,12581,19.999
fourteam_prefix,36068,battlezone98redux.exe!sub_62c8f0,battlezone98redux.exe,3,0.0238,12581,19.999
fourteam_prefix,36068,battlezone98redux.exe!sub_443370,battlezone98redux.exe,3,0.0238,12581,19.999
fourteam_prefix,36068,OgreMain.dll!?updatePassIterationRenderState@RenderSystem@Ogre@@IAE_NXZ+0x11,OgreMain.dll,3,0.0238,12581,19.999
fourteam_prefix,36068,OgreMain.dll!?getEdgeList@Mesh@Ogre@@QAEPAVEdgeData@2@G@Z+0x1,OgreMain.dll,3,0.0238,12581,19.999
fourteam_prefix,36068,RenderSystem_Direct3D11.dll!?getILayoutByShader@D3D11VertexDeclaration@Ogre@@IAEPAUID3D11InputLayout@@PAVD3D11HLSLProgram@2@PAVVertexBufferBinding@2@@Z+0x259,RenderSystem_Direct3D11.dll,3,0.0238,12581,19.999
fourteam_prefix,36068,OgreMain.dll!?isFrustumOutOfDate@Frustum@Ogre@@MBE_NXZ+0x1,OgreMain.dll,3,0.0238,12581,19.999
fourteam_prefix,36068,d3d11.dll!CreateDirect3D11DeviceFromDXGIDevice+0x9ab15,d3d11.dll,3,0.0238,12581,19.999
fourteam_prefix,36068,d3d11.dll!CreateDirect3D11DeviceFromDXGIDevice+0xbc57a,d3d11.dll,3,0.0238,12581,19.999
fourteam_prefix,36068,OgreMain.dll!?getRenderOperation@SubEntity@Ogre@@UAEXAAVRenderOperation@2@@Z+0x1e,OgreMain.dll,3,0.0238,12581,19.999
fourteam_prefix,36068,RenderSystem_Direct3D11.dll!?getILayoutByShader@D3D11VertexDeclaration@Ogre@@IAEPAUID3D11InputLayout@@PAVD3D11HLSLProgram@2@PAVVertexBufferBinding@2@@Z,RenderSystem_Direct3D11.dll,3,0.0238,12581,19.999
fourteam_prefix,36068,RenderSystem_Direct3D11.dll!?getMonitorSequentialNumberFromSwapChain@MonitorInfo@Ogre@@QAEGPAUIDXGISwapChain@@_N@Z+0x2ecc,RenderSystem_Direct3D11.dll,3,0.0238,12581,19.999
fourteam_prefix,36068,OgreMain.dll!?_getCurrentSceneManager@Root@Ogre@@QBEPAVSceneManager@2@XZ+0x42,OgreMain.dll,3,0.0238,12581,19.999
fourteam_prefix,36068,d3d11.dll!CreateDirect3D11DeviceFromDXGIDevice+0xa2163,d3d11.dll,3,0.0238,12581,19.999
fourteam_prefix,36068,OgreMain.dll+0x6b22,OgreMain.dll,3,0.0238,12581,19.999
fourteam_prefix,36068,MSVCR120.dll!__libm_sse2_acosf+0x10,MSVCR120.dll,3,0.0238,12581,19.999
fourteam_prefix,36068,d3d11.dll!CreateDirect3D11DeviceFromDXGIDevice+0xbda30,d3d11.dll,3,0.0238,12581,19.999
fourteam_prefix,36068,battlezone98redux.exe!sub_678950,battlezone98redux.exe,3,0.0238,12581,19.999
fourteam_prefix,36068,OgreMain.dll!?getParameters@GpuProgramUsage@Ogre@@QAE?AV?$SharedPtr@VGpuProgramParameters@Ogre@@@2@XZ+0x30,OgreMain.dll,3,0.0238,12581,19.999
fourteam_prefix,36068,OgreMain.dll!?getMovableType@MovablePlane@Ogre@@UBEABV?$basic_string@DU?$char_traits@D@std@@V?$allocator@D@2@@std@@XZ+0xafa,OgreMain.dll,3,0.0238,12581,19.999
fourteam_prefix,36068,OgreMain.dll!?_render@RenderSystem@Ogre@@UAEXABVRenderOperation@2@@Z+0x13,OgreMain.dll,3,0.0238,12581,19.999
fourteam_prefix,36068,MSVCR120.dll!__libm_sse2_asinf+0x1db,MSVCR120.dll,3,0.0238,12581,19.999
fourteam_prefix,36068,OgreMain.dll!?_updateAutoParams@GpuProgramParameters@Ogre@@QAEXPBVAutoParamDataSource@2@G@Z+0x1cbf,OgreMain.dll,3,0.0238,12581,19.999
fourteam_prefix,36068,d3d11.dll!CreateDirect3D11DeviceFromDXGIDevice+0x9dfbd,d3d11.dll,3,0.0238,12581,19.999
fourteam_prefix,36068,OgreMain.dll!?isInLightRange@Light@Ogre@@QBE_NABVSphere@2@@Z+0x9f,OgreMain.dll,3,0.0238,12581,19.999
fourteam_prefix,36068,d3d11.dll!CreateDirect3D11DeviceFromDXGIDevice+0xbc657,d3d11.dll,3,0.0238,12581,19.999
fourteam_prefix,36068,battlezone98redux.exe!sub_679f10,battlezone98redux.exe,3,0.0238,12581,19.999
fourteam_prefix,36068,OgreMain.dll!?ASin@Math@Ogre@@SA?AVRadian@2@M@Z+0x11,OgreMain.dll,3,0.0238,12581,19.999
fourteam_prefix,36068,RenderSystem_Direct3D11.dll!?getConstantBuffer@D3D11HLSLProgram@Ogre@@QAEPAUID3D11Buffer@@V?$SharedPtr@VGpuProgramParameters@Ogre@@@2@G@Z+0x23,RenderSystem_Direct3D11.dll,3,0.0238,12581,19.999
fourteam_prefix,36068,OgreMain.dll!?renderSingleObject@SceneManager@Ogre@@MAEXPAVRenderable@2@PBVPass@2@_N2PBV?$HashedVector@PAVLight@Ogre@@@2@@Z+0x8aa,OgreMain.dll,3,0.0238,12581,19.999
fourteam_prefix,36068,OgreMain.dll!?_updateBounds@SceneNode@Ogre@@UAEXXZ+0x238,OgreMain.dll,3,0.0238,12581,19.999
fourteam_prefix,36068,OgreMain.dll!?_updateBounds@SceneNode@Ogre@@UAEXXZ+0x268,OgreMain.dll,3,0.0238,12581,19.999
fourteam_prefix,36068,OgreMain.dll!?getLightAs4DVector@AutoParamDataSource@Ogre@@UBE?AVVector4@2@I@Z+0x10,OgreMain.dll,3,0.0238,12581,19.999
fourteam_prefix,36068,OgreMain.dll!??1QueuedRenderableCollection@Ogre@@QAE@XZ+0xb1f,OgreMain.dll,3,0.0238,12581,19.999
fourteam_prefix,36068,OgreMain.dll!?getQueueGroup@RenderQueue@Ogre@@QAEPAVRenderQueueGroup@2@E@Z+0x52,OgreMain.dll,3,0.0238,12581,19.999
fourteam_prefix,36068,OgreMain.dll!?queryLights@MovableObject@Ogre@@UBEABV?$HashedVector@PAVLight@Ogre@@@2@XZ+0xd,OgreMain.dll,3,0.0238,12581,19.999
fourteam_prefix,36068,OgreMain.dll!?clone@Animation@Ogre@@QBEPAV12@ABV?$basic_string@DU?$char_traits@D@std@@V?$allocator@D@2@@std@@@Z+0x32d,OgreMain.dll,3,0.0238,12581,19.999
fourteam_prefix,36068,nvwgf2um.dll!NVENCODEAPI_Thunk+0x217644,nvwgf2um.dll,3,0.0238,12581,19.999
fourteam_prefix,36068,OgreMain.dll!?angleBetween@Vector3@Ogre@@QBE?AVRadian@2@ABV12@@Z+0x79,OgreMain.dll,3,0.0238,12581,19.999
fourteam_prefix,36068,battlezone98redux.exe!sub_48efe0,battlezone98redux.exe,3,0.0238,12581,19.999
fourteam_prefix,36068,OgreMain.dll!?getBoundingBox@Entity@Ogre@@UBEABVAxisAlignedBox@2@XZ+0x3d,OgreMain.dll,3,0.0238,12581,19.999
fourteam_prefix,36068,RenderSystem_Direct3D11.dll!?_setTexture@D3D11RenderSystem@Ogre@@UAEXI_NABV?$SharedPtr@VTexture@Ogre@@@2@@Z,RenderSystem_Direct3D11.dll,3,0.0238,12581,19.999
fourteam_prefix,36068,OgreMain.dll+0x1e6a,OgreMain.dll,3,0.0238,12581,19.999
fourteam_prefix,36068,OgreMain.dll!?_findNamedConstantDefinition@GpuProgramParameters@Ogre@@QBEPBUGpuConstantDefinition@2@ABV?$basic_string@DU?$char_traits@D@std@@V?$allocator@D@2@@std@@_N@Z+0xba,OgreMain.dll,3,0.0238,12581,19.999
fourteam_prefix,36068,OgreMain.dll!?_writeRawConstant@GpuProgramParameters@Ogre@@QAEXIABVMatrix4@2@I@Z+0x6,OgreMain.dll,3,0.0238,12581,19.999
fourteam_prefix,36068,OgreMain.dll!?isInLightRange@Light@Ogre@@QBE_NABVSphere@2@@Z+0x10f,OgreMain.dll,3,0.0238,12581,19.999
fourteam_prefix,36068,ntdll.dll!@RtlpLowFragHeapAllocFromContext@16+0x55,ntdll.dll,3,0.0238,12581,19.999
fourteam_prefix,36068,OgreMain.dll!?isVisible@Frustum@Ogre@@UBE_NABVSphere@2@PAW4FrustumPlane@2@@Z+0x62,OgreMain.dll,3,0.0238,12581,19.999
fourteam_prefix,36068,OgreMain.dll!?_writeRawConstants@GpuProgramParameters@Ogre@@QAEXIPBMI@Z+0x9,OgreMain.dll,3,0.0238,12581,19.999
fourteam_prefix,36068,d3d11.dll!CreateDirect3D11DeviceFromDXGIDevice+0xa17a7,d3d11.dll,3,0.0238,12581,19.999
fourteam_prefix,36068,ntdll.dll!_RtlEnterCriticalSection@4+0xa,ntdll.dll,3,0.0238,12581,19.999
fourteam_prefix,36068,OgreMain.dll!?getRenderOperation@SubEntity@Ogre@@UAEXAAVRenderOperation@2@@Z+0x17,OgreMain.dll,3,0.0238,12581,19.999
fourteam_prefix,36068,OgreMain.dll!?_detectImplementation@OptimisedUtil@Ogre@@KAPAV12@XZ+0x4651,OgreMain.dll,3,0.0238,12581,19.999
fourteam_prefix,36068,OgreMain.dll!?getWorldMatrix@AutoParamDataSource@Ogre@@UBEABVMatrix4@2@XZ+0x1,OgreMain.dll,3,0.0238,12581,19.999
fourteam_prefix,36068,OgreMain.dll!?visit@SceneMgrQueuedRenderableVisitor@SceneManager@Ogre@@UAEXPAVRenderable@3@@Z+0x36,OgreMain.dll,3,0.0238,12581,19.999
fourteam_prefix,36068,OgreMain.dll!??4GpuSharedParametersUsage@Ogre@@QAEAAV01@ABV01@@Z+0x272e,OgreMain.dll,3,0.0238,12581,19.999
fourteam_prefix,36068,OgreMain.dll!?_updateAutoParams@GpuProgramParameters@Ogre@@QAEXPBVAutoParamDataSource@2@G@Z+0x1d0b,OgreMain.dll,3,0.0238,12581,19.999
fourteam_prefix,36068,nvwgf2um.dll!NVENCODEAPI_Thunk+0x68f53,nvwgf2um.dll,3,0.0238,12581,19.999
fourteam_prefix,36068,RenderSystem_Direct3D11.dll!?getMonitorSequentialNumberFromSwapChain@MonitorInfo@Ogre@@QAEGPAUIDXGISwapChain@@_N@Z+0x2aca,RenderSystem_Direct3D11.dll,3,0.0238,12581,19.999
fourteam_prefix,36068,MSVCR120.dll!__libm_sse2_asinf+0x21c,MSVCR120.dll,3,0.0238,12581,19.999
fourteam_prefix,36068,OgreMain.dll!?getSpotlightParams@AutoParamDataSource@Ogre@@UBE?AVVector4@2@I@Z+0xf,OgreMain.dll,3,0.0238,12581,19.999
fourteam_prefix,36068,d3d11.dll!CreateDirect3D11DeviceFromDXGIDevice+0xbae3e,d3d11.dll,3,0.0238,12581,19.999
fourteam_prefix,36068,OgreMain.dll!?getProgram@Pass@Ogre@@IBEABV?$SharedPtr@VGpuProgram@Ogre@@@2@PBQAVGpuProgramUsage@2@@Z+0x1,OgreMain.dll,3,0.0238,12581,19.999
fourteam_prefix,36068,OgreMain.dll!?getTextureUnitStateIterator@Pass@Ogre@@QBE?AV?$ConstVectorIterator@V?$vector@PAVTextureUnitState@Ogre@@V?$STLAllocator@PAVTextureUnitState@Ogre@@V?$CategorisedAllocPolicy@$0A@@2@@2@@std@@@2@XZ+0x1a,OgreMain.dll,3,0.0238,12581,19.999
fourteam_prefix,36068,OgreMain.dll!?_updateAutoParams@GpuProgramParameters@Ogre@@QAEXPBVAutoParamDataSource@2@G@Z+0x17,OgreMain.dll,3,0.0238,12581,19.999
fourteam_prefix,36068,OgreMain.dll!?getChildObjectsBoundingBox@Entity@Ogre@@QBE?AVAxisAlignedBox@2@XZ+0xfa,OgreMain.dll,3,0.0238,12581,19.999
fourteam_prefix,36068,OgreMain.dll!?_populateLightList@SceneManager@Ogre@@UAEXPBVSceneNode@2@MAAV?$HashedVector@PAVLight@Ogre@@@2@I@Z+0x8,OgreMain.dll,3,0.0238,12581,19.999
fourteam_prefix,36068,OgreMain.dll!?getDerivedPosition@Light@Ogre@@QBEABVVector3@2@_N@Z+0x8,OgreMain.dll,3,0.0238,12581,19.999
fourteam_prefix,36068,OgreMain.dll!?getWorldViewProjMatrix@AutoParamDataSource@Ogre@@UBEABVMatrix4@2@XZ+0x2c6,OgreMain.dll,3,0.0238,12581,19.999
fourteam_prefix,36068,OgreMain.dll!?isHardwareAnimationEnabled@Entity@Ogre@@QAE_NXZ+0x14,OgreMain.dll,3,0.0238,12581,19.999
fourteam_prefix,36068,OgreMain.dll!?_getCombinedVisibilityMask@SceneManager@Ogre@@QBEIXZ+0x3,OgreMain.dll,3,0.0238,12581,19.999
fourteam_prefix,36068,OgreMain.dll!?_findNamedConstantDefinition@GpuProgramParameters@Ogre@@QBEPBUGpuConstantDefinition@2@ABV?$basic_string@DU?$char_traits@D@std@@V?$allocator@D@2@@std@@_N@Z+0x1a9,OgreMain.dll,3,0.0238,12581,19.999
fourteam_prefix,36068,battlezone98redux.exe!sub_81ec40,battlezone98redux.exe,3,0.0238,12581,19.999
fourteam_prefix,36068,OgreMain.dll!?determinant@Matrix4@Ogre@@QBEMXZ+0xe1,OgreMain.dll,3,0.0238,12581,19.999
fourteam_prefix,36068,WINMM.dll@6dfa0000!BZROpenShim::OgreProfilerAlgorithms::IsNativeTransientChunkMeshName+0x3e,WINMM.dll@6dfa0000,3,0.0238,12581,19.999
fourteam_prefix,36068,OgreMain.dll!?getBestTechnique@Material@Ogre@@QAEPAVTechnique@2@GPBVRenderable@2@@Z+0x4f,OgreMain.dll,3,0.0238,12581,19.999
fourteam_prefix,36068,d3d11.dll!CreateDirect3D11DeviceFromDXGIDevice+0x9f8b6,d3d11.dll,3,0.0238,12581,19.999
fourteam_prefix,36068,d3d11.dll+0x2b4da,d3d11.dll,3,0.0238,12581,19.999
fourteam_prefix,36068,WINMM.dll@6dfa0000!BZROpenShim::`anonymous namespace'::IsOgreEntityObject+0x77,WINMM.dll@6dfa0000,3,0.0238,12581,19.999
fourteam_prefix,36068,RenderSystem_Direct3D11.dll!?lock@D3D11HardwareUniformBuffer@Ogre@@UAEPAXIIW4LockOptions@HardwareBuffer@2@W4UploadOptions@42@@Z+0x8,RenderSystem_Direct3D11.dll,3,0.0238,12581,19.999
fourteam_prefix,36068,battlezone98redux.exe!sub_680bd0,battlezone98redux.exe,3,0.0238,12581,19.999
fourteam_prefix,36068,RenderSystem_Direct3D11.dll!?createImpl@D3D11GpuProgramManager@Ogre@@MAEPAVResource@2@ABV?$basic_string@DU?$char_traits@D@std@@V?$allocator@D@2@@std@@_K0_NPAVManualResourceLoader@2@W4GpuProgramType@2@0@Z+0x613b,RenderSystem_Direct3D11.dll,3,0.0238,12581,19.999
fourteam_prefix,36068,OgreMain.dll+0x2d312,OgreMain.dll,3,0.0238,12581,19.999
fourteam_prefix,36068,battlezone98redux.exe!sub_687ac0,battlezone98redux.exe,3,0.0238,12581,19.999
fourteam_prefix,36068,MSVCR120.dll!__libm_sse2_acosf+0x231,MSVCR120.dll,3,0.0238,12581,19.999
fourteam_prefix,36068,MSVCR120.dll!memcpy+0x57,MSVCR120.dll,3,0.0238,12581,19.999
fourteam_prefix,36068,MSVCR120.dll!__libm_sse2_acosf+0x1f1,MSVCR120.dll,3,0.0238,12581,19.999
fourteam_prefix,36068,battlezone98redux.exe!sub_493ec0,battlezone98redux.exe,3,0.0238,12581,19.999
fourteam_prefix,36068,OgreMain.dll!?_writeRawConstants@GpuProgramParameters@Ogre@@QAEXIPBMI@Z+0x1f,OgreMain.dll,3,0.0238,12581,19.999
fourteam_prefix,36068,OgreMain.dll!?_writeRawConstants@GpuProgramParameters@Ogre@@QAEXIPBMI@Z+0x6,OgreMain.dll,3,0.0238,12581,19.999
fourteam_prefix,36068,OgreMain.dll!?touchVertexBufferCopy@HardwareBufferManagerBase@Ogre@@UAEXABVHardwareVertexBufferSharedPtr@2@@Z+0x4b,OgreMain.dll,3,0.0238,12581,19.999
fourteam_prefix,36068,OgreMain.dll!?_issueRenderOp@SceneManager@Ogre@@UAEXPAVRenderable@2@PBVPass@2@@Z+0x1a,OgreMain.dll,3,0.0238,12581,19.999
fourteam_prefix,36068,d3d11.dll!CreateDirect3D11DeviceFromDXGIDevice+0xa45f9,d3d11.dll,3,0.0238,12581,19.999
fourteam_prefix,36068,OgreMain.dll!?_findVisibleObjects@SceneNode@Ogre@@UAEXPAVCamera@2@PAVRenderQueue@2@PAUVisibleObjectsBoundsInfo@2@_N33@Z+0x53,OgreMain.dll,3,0.0238,12581,19.999
fourteam_prefix,36068,OgreMain.dll!?isInLightRange@Light@Ogre@@QBE_NABVSphere@2@@Z+0x176,OgreMain.dll,3,0.0238,12581,19.999
fourteam_prefix,36068,OgreMain.dll!?isViewOutOfDate@Camera@Ogre@@MBE_NXZ+0x51a,OgreMain.dll,3,0.0238,12581,19.999
fourteam_prefix,36068,battlezone98redux.exe!sub_677b40,battlezone98redux.exe,3,0.0238,12581,19.999
fourteam_prefix,36068,battlezone98redux.exe!sub_62bc80,battlezone98redux.exe,3,0.0238,12581,19.999
fourteam_prefix,36068,OgreMain.dll!?_issueRenderOp@SceneManager@Ogre@@UAEXPAVRenderable@2@PBVPass@2@@Z+0xb,OgreMain.dll,3,0.0238,12581,19.999
fourteam_prefix,36068,ntdll.dll!_RtlpAbAllocateLockEntry@0+0x16,ntdll.dll,3,0.0238,12581,19.999
fourteam_prefix,36068,d3d11.dll!CreateDirect3D11DeviceFromDXGIDevice+0x9f97d,d3d11.dll,3,0.0238,12581,19.999
fourteam_prefix,36068,OgreMain.dll!?addRenderable@QueuedRenderableCollection@Ogre@@QAEXPAVPass@2@PAVRenderable@2@@Z+0xd,OgreMain.dll,3,0.0238,12581,19.999
fourteam_prefix,36068,OgreMain.dll!?normalise@Vector3@Ogre@@QAEMXZ+0x9,OgreMain.dll,3,0.0238,12581,19.999
fourteam_prefix,36068,OgreMain.dll!?angleBetween@Vector3@Ogre@@QBE?AVRadian@2@ABV12@@Z+0x6a,OgreMain.dll,3,0.0238,12581,19.999
fourteam_prefix,36068,ntdll.dll!_ZwWriteFile@36+0xc,ntdll.dll,3,0.0238,12581,19.999
fourteam_prefix,36068,ntdll.dll!_RtlAnsiStringToUnicodeString@12,ntdll.dll,3,0.0238,12581,19.999
fourteam_prefix,36068,OgreMain.dll!?_updateAutoParams@GpuProgramParameters@Ogre@@QAEXPBVAutoParamDataSource@2@G@Z+0x14,OgreMain.dll,3,0.0238,12581,19.999
fourteam_prefix,36068,OgreMain.dll!?getRenderOperation@SubEntity@Ogre@@UAEXAAVRenderOperation@2@@Z+0x10,OgreMain.dll,3,0.0238,12581,19.999
fourteam_prefix,36068,d3d11.dll+0x30d49,d3d11.dll,3,0.0238,12581,19.999
fourteam_prefix,36068,OgreMain.dll!?renderSingleObject@SceneManager@Ogre@@MAEXPAVRenderable@2@PBVPass@2@_N2PBV?$HashedVector@PAVLight@Ogre@@@2@@Z+0x1cb,OgreMain.dll,3,0.0238,12581,19.999
fourteam_prefix,36068,OgreMain.dll+0x89b8,OgreMain.dll,3,0.0238,12581,19.999
fourteam_prefix,36068,d3d11.dll+0x35ea9,d3d11.dll,3,0.0238,12581,19.999
fourteam_prefix,36068,ntdll.dll!_memset+0x45,ntdll.dll,3,0.0238,12581,19.999
fourteam_prefix,36068,KERNEL32.DLL!GetCurrentThreadId+0x6,KERNEL32.DLL,3,0.0238,12581,19.999
fourteam_prefix,36068,OgreMain.dll!?getQueueGroup@RenderQueue@Ogre@@QAEPAVRenderQueueGroup@2@E@Z+0x43,OgreMain.dll,3,0.0238,12581,19.999
fourteam_prefix,36068,battlezone98redux.exe!destroy<>,battlezone98redux.exe,3,0.0238,12581,19.999
fourteam_prefix,36068,OgreMain.dll!?merge@RenderPriorityGroup@Ogre@@QAEXPBV12@@Z+0xad,OgreMain.dll,3,0.0238,12581,19.999
fourteam_prefix,36068,d3d11.dll!CreateDirect3D11DeviceFromDXGIDevice+0x9e077,d3d11.dll,3,0.0238,12581,19.999
fourteam_prefix,36068,RenderSystem_Direct3D11.dll!?getILayoutByShader@D3D11VertexDeclaration@Ogre@@IAEPAUID3D11InputLayout@@PAVD3D11HLSLProgram@2@PAVVertexBufferBinding@2@@Z+0x276,RenderSystem_Direct3D11.dll,3,0.0238,12581,19.999
fourteam_prefix,36068,OgreMain.dll!?merge@VisibleObjectsBoundsInfo@Ogre@@QAEXABVAxisAlignedBox@2@ABVSphere@2@PBVCamera@2@_N@Z+0x13a,OgreMain.dll,3,0.0238,12581,19.999
fourteam_prefix,36068,OgreMain.dll+0x36269,OgreMain.dll,3,0.0238,12581,19.999
fourteam_prefix,36068,RenderSystem_Direct3D11.dll!?lock@D3D11HardwareVertexBuffer@Ogre@@UAEPAXIIW4LockOptions@HardwareBuffer@2@W4UploadOptions@42@@Z+0x8,RenderSystem_Direct3D11.dll,3,0.0238,12581,19.999
fourteam_prefix,36068,OgreMain.dll!?transformToUnitCube@FocusedShadowCameraSetup@Ogre@@IBE?AVMatrix4@2@ABV32@ABVPointListBody@12@@Z+0xff,OgreMain.dll,3,0.0238,12581,19.999
fourteam_prefix,36068,OgreMain.dll!?renderSingleObject@SceneManager@Ogre@@MAEXPAVRenderable@2@PBVPass@2@_N2PBV?$HashedVector@PAVLight@Ogre@@@2@@Z+0x7eb,OgreMain.dll,3,0.0238,12581,19.999
fourteam_prefix,36068,OgreMain.dll!?angleBetween@Vector3@Ogre@@QBE?AVRadian@2@ABV12@@Z+0x1,OgreMain.dll,3,0.0238,12581,19.999
fourteam_prefix,36068,RenderSystem_Direct3D11.dll!?getConstantBuffer@D3D11HLSLProgram@Ogre@@QAEPAUID3D11Buffer@@V?$SharedPtr@VGpuProgramParameters@Ogre@@@2@G@Z+0x4d,RenderSystem_Direct3D11.dll,3,0.0238,12581,19.999
fourteam_prefix,36068,OgreMain.dll!?angleBetween@Vector3@Ogre@@QBE?AVRadian@2@ABV12@@Z+0x83,OgreMain.dll,3,0.0238,12581,19.999
fourteam_prefix,36068,OgreMain.dll+0x35774,OgreMain.dll,3,0.0238,12581,19.999
fourteam_prefix,36068,OgreMain.dll!?_detectImplementation@OptimisedUtil@Ogre@@KAPAV12@XZ+0x3c1e,OgreMain.dll,3,0.0238,12581,19.999
fourteam_prefix,36068,OgreMain.dll!?_findNamedConstantDefinition@GpuProgramParameters@Ogre@@QBEPBUGpuConstantDefinition@2@ABV?$basic_string@DU?$char_traits@D@std@@V?$allocator@D@2@@std@@_N@Z+0xdb,OgreMain.dll,3,0.0238,12581,19.999
fourteam_prefix,36068,OgreMain.dll+0x1f7f3,OgreMain.dll,3,0.0238,12581,19.999
fourteam_prefix,36068,OgreMain.dll!?getFogStart@SceneManager@Ogre@@UBEMXZ+0x4a,OgreMain.dll,3,0.0238,12581,19.999
fourteam_prefix,36068,OgreMain.dll!?getBestTechnique@Material@Ogre@@QAEPAVTechnique@2@GPBVRenderable@2@@Z+0xf6,OgreMain.dll,3,0.0238,12581,19.999
fourteam_prefix,36068,OgreMain.dll!?Norm@Quaternion@Ogre@@QBEMXZ+0x3b,OgreMain.dll,3,0.0238,12581,19.999
fourteam_prefix,36068,nvwgf2um.dll!SetDependencyInfo+0x4c54a,nvwgf2um.dll,3,0.0238,12581,19.999
fourteam_prefix,36068,nvwgf2um.dll!NVENCODEAPI_Thunk+0x217c9b,nvwgf2um.dll,3,0.0238,12581,19.999
fourteam_prefix,36068,battlezone98redux.exe!sub_446460,battlezone98redux.exe,3,0.0238,12581,19.999
fourteam_prefix,36068,d3d11.dll!CreateDirect3D11DeviceFromDXGIDevice+0x9ab2d,d3d11.dll,3,0.0238,12581,19.999
fourteam_prefix,36068,d3d11.dll!CreateDirect3D11DeviceFromDXGIDevice+0xa45e2,d3d11.dll,3,0.0238,12581,19.999
fourteam_prefix,36068,battlezone98redux.exe!sub_6002a0,battlezone98redux.exe,3,0.0238,12581,19.999
fourteam_prefix,36068,battlezone98redux.exe!sub_462380,battlezone98redux.exe,3,0.0238,12581,19.999
fourteam_prefix,36068,d3d11.dll!CreateDirect3D11DeviceFromDXGIDevice+0xa4628,d3d11.dll,3,0.0238,12581,19.999
fourteam_prefix,36068,OgreMain.dll!?_findNamedConstantDefinition@GpuProgramParameters@Ogre@@QBEPBUGpuConstantDefinition@2@ABV?$basic_string@DU?$char_traits@D@std@@V?$allocator@D@2@@std@@_N@Z+0x1af,OgreMain.dll,3,0.0238,12581,19.999
fourteam_prefix,36068,OgreMain.dll!?renderSingleObject@SceneManager@Ogre@@MAEXPAVRenderable@2@PBVPass@2@_N2PBV?$HashedVector@PAVLight@Ogre@@@2@@Z+0x199,OgreMain.dll,3,0.0238,12581,19.999
fourteam_prefix,36068,OgreMain.dll!?getLightSpecularColourWithPower@AutoParamDataSource@Ogre@@UBE?BVColourValue@2@I@Z+0xd,OgreMain.dll,3,0.0238,12581,19.999
fourteam_prefix,36068,OgreMain.dll!?getQueueGroup@RenderQueue@Ogre@@QAEPAVRenderQueueGroup@2@E@Z+0x32,OgreMain.dll,3,0.0238,12581,19.999
fourteam_prefix,36068,OgreMain.dll!?isViewOutOfDate@Camera@Ogre@@MBE_NXZ+0xa,OgreMain.dll,3,0.0238,12581,19.999
fourteam_prefix,36068,battlezone98redux.exe!sub_6a3490,battlezone98redux.exe,3,0.0238,12581,19.999
fourteam_prefix,36068,OgreMain.dll!?getManualBonesDirty@Skeleton@Ogre@@UBE_NXZ+0x6,OgreMain.dll,3,0.0238,12581,19.999
fourteam_prefix,36068,ntdll.dll!_ZwRemoveIoCompletion@20+0xc,ntdll.dll,3,0.0238,12581,19.999
fourteam_prefix,36068,OgreMain.dll!?isVisible@ShadowRenderable@Ogre@@UBE_NXZ+0x150,OgreMain.dll,3,0.0238,12581,19.999
fourteam_prefix,36068,battlezone98redux.exe!sub_6210a0,battlezone98redux.exe,3,0.0238,12581,19.999
fourteam_prefix,36068,OgreMain.dll+0x2c1a1,OgreMain.dll,3,0.0238,12581,19.999
fourteam_prefix,36068,OgreMain.dll!?clone@Animation@Ogre@@QBEPAV12@ABV?$basic_string@DU?$char_traits@D@std@@V?$allocator@D@2@@std@@@Z+0x2f4,OgreMain.dll,3,0.0238,12581,19.999
fourteam_prefix,36068,OgreMain.dll!?_populateLightList@SceneManager@Ogre@@UAEXABVVector3@2@MAAV?$HashedVector@PAVLight@Ogre@@@2@I@Z+0x136,OgreMain.dll,3,0.0238,12581,19.999
fourteam_prefix,36068,d3d11.dll!D3D11CoreCreateDevice+0xa12f,d3d11.dll,3,0.0238,12581,19.999
fourteam_prefix,36068,OgreMain.dll!?touchVertexBufferCopy@HardwareBufferManagerBase@Ogre@@UAEXABVHardwareVertexBufferSharedPtr@2@@Z+0x3d,OgreMain.dll,3,0.0238,12581,19.999
fourteam_prefix,36068,OgreMain.dll!??4GpuSharedParametersUsage@Ogre@@QAEAAV01@ABV01@@Z+0x27a6,OgreMain.dll,3,0.0238,12581,19.999
fourteam_prefix,36068,d3d11.dll!CreateDirect3D11DeviceFromDXGIDevice+0xbc60d,d3d11.dll,3,0.0238,12581,19.999
fourteam_prefix,36068,OgreMain.dll!?angleBetween@Vector3@Ogre@@QBE?AVRadian@2@ABV12@@Z+0xbf,OgreMain.dll,3,0.0238,12581,19.999
fourteam_prefix,36068,RenderSystem_Direct3D11.dll!?_render@D3D11RenderSystem@Ogre@@UAEXABVRenderOperation@2@@Z+0x14d9,RenderSystem_Direct3D11.dll,3,0.0238,12581,19.999
fourteam_prefix,36068,OgreMain.dll!?getBestTechnique@Material@Ogre@@QAEPAVTechnique@2@GPBVRenderable@2@@Z+0x1,OgreMain.dll,3,0.0238,12581,19.999
fourteam_prefix,36068,OgreMain.dll!?updateAnimation@Entity@Ogre@@IAEXXZ+0x123,OgreMain.dll,3,0.0238,12581,19.999
fourteam_prefix,36068,MSVCR120.dll!__libm_sse2_asinf+0x30,MSVCR120.dll,3,0.0238,12581,19.999
fourteam_prefix,36068,OgreMain.dll!?getLightCount@AutoParamDataSource@Ogre@@UBEMXZ+0x32,OgreMain.dll,3,0.0238,12581,19.999
fourteam_prefix,36068,d3d11.dll+0x31c42,d3d11.dll,3,0.0238,12581,19.999
fourteam_prefix,36068,d3d11.dll!CreateDirect3D11DeviceFromDXGIDevice+0x9f23b,d3d11.dll,3,0.0238,12581,19.999
fourteam_prefix,36068,RenderSystem_Direct3D11.dll!?getConstantBuffer@D3D11HLSLProgram@Ogre@@QAEPAUID3D11Buffer@@V?$SharedPtr@VGpuProgramParameters@Ogre@@@2@G@Z+0x9c,RenderSystem_Direct3D11.dll,3,0.0238,12581,19.999
fourteam_prefix,36068,battlezone98redux.exe!sub_677be0,battlezone98redux.exe,3,0.0238,12581,19.999
fourteam_prefix,36068,OgreMain.dll!?renderSingleObject@SceneManager@Ogre@@MAEXPAVRenderable@2@PBVPass@2@_N2PBV?$HashedVector@PAVLight@Ogre@@@2@@Z+0x8b9,OgreMain.dll,3,0.0238,12581,19.999
fourteam_prefix,36068,OgreMain.dll!?angleBetween@Vector3@Ogre@@QBE?AVRadian@2@ABV12@@Z+0xb,OgreMain.dll,3,0.0238,12581,19.999
fourteam_prefix,36068,d3d11.dll+0x35e92,d3d11.dll,3,0.0238,12581,19.999
fourteam_prefix,36068,OgreMain.dll!??4GpuSharedParametersUsage@Ogre@@QAEAAV01@ABV01@@Z+0x2732,OgreMain.dll,3,0.0238,12581,19.999
fourteam_prefix,36068,OgreMain.dll!?FastHash@Ogre@@YAIPBDHI@Z+0xd,OgreMain.dll,3,0.0238,12581,19.999
fourteam_prefix,36068,OgreMain.dll!?getDistance@Plane@Ogre@@QBEMABVVector3@2@@Z+0x6,OgreMain.dll,3,0.0238,12581,19.999
fourteam_prefix,36068,d3d11.dll+0x27012,d3d11.dll,3,0.0238,12581,19.999
fourteam_prefix,36068,ntdll.dll!_RtlLeaveCriticalSection@4+0x2e,ntdll.dll,3,0.0238,12581,19.999
fourteam_prefix,36068,d3d11.dll!CreateDirect3D11DeviceFromDXGIDevice+0x603c0,d3d11.dll,3,0.0238,12581,19.999
fourteam_prefix,36068,ntdll.dll!_KiUserCallbackDispatcher@12,ntdll.dll,3,0.0238,12581,19.999
fourteam_prefix,36068,OgreMain.dll!?RealEqual@Math@Ogre@@SA_NMMM@Z+0x1,OgreMain.dll,3,0.0238,12581,19.999
fourteam_prefix,36068,RenderSystem_Direct3D11.dll!?_setTexture@D3D11RenderSystem@Ogre@@UAEXI_NABV?$SharedPtr@VTexture@Ogre@@@2@@Z+0xeb,RenderSystem_Direct3D11.dll,3,0.0238,12581,19.999
fourteam_prefix,36068,MSVCR120.dll!memcpy,MSVCR120.dll,3,0.0238,12581,19.999
fourteam_prefix,36068,d3d11.dll+0x2b4ff,d3d11.dll,3,0.0238,12581,19.999
fourteam_prefix,36068,MSVCR120.dll!memcpy+0x6,MSVCR120.dll,3,0.0238,12581,19.999
fourteam_prefix,36068,nvwgf2um.dll!OpenAdapter10+0x71b18,nvwgf2um.dll,3,0.0238,12581,19.999
fourteam_prefix,36068,battlezone98redux.exe!sub_438c10,battlezone98redux.exe,3,0.0238,12581,19.999
fourteam_prefix,36068,battlezone98redux.exe!sub_5e1310,battlezone98redux.exe,3,0.0238,12581,19.999
fourteam_prefix,36068,d3d11.dll!CreateDirect3D11DeviceFromDXGIDevice+0xb5cd0,d3d11.dll,3,0.0238,12581,19.999
fourteam_prefix,36068,OgreMain.dll!?_updateAutoParams@Pass@Ogre@@QBEXPBVAutoParamDataSource@2@G@Z+0x55,OgreMain.dll,3,0.0238,12581,19.999
fourteam_prefix,36068,OgreMain.dll!?getLightAttenuation@AutoParamDataSource@Ogre@@UBE?AVVector4@2@I@Z+0x2f,OgreMain.dll,3,0.0238,12581,19.999
fourteam_prefix,36068,battlezone98redux.exe!sub_4de9d0,battlezone98redux.exe,3,0.0238,12581,19.999
fourteam_prefix,36068,OgreMain.dll!?getLightDirection@AutoParamDataSource@Ogre@@UBEABVVector3@2@I@Z+0xd,OgreMain.dll,3,0.0238,12581,19.999
fourteam_prefix,36068,OgreMain.dll!?_findNamedConstantDefinition@GpuProgramParameters@Ogre@@QBEPBUGpuConstantDefinition@2@ABV?$basic_string@DU?$char_traits@D@std@@V?$allocator@D@2@@std@@_N@Z+0x107,OgreMain.dll,3,0.0238,12581,19.999
fourteam_prefix,36068,OgreMain.dll!?merge@VisibleObjectsBoundsInfo@Ogre@@QAEXABVAxisAlignedBox@2@ABVSphere@2@PBVCamera@2@_N@Z+0xe5,OgreMain.dll,3,0.0238,12581,19.999
fourteam_prefix,36068,OgreMain.dll!?lock@HardwareBuffer@Ogre@@UAEPAXIIW4LockOptions@12@W4UploadOptions@12@@Z+0x12e,OgreMain.dll,3,0.0238,12581,19.999
fourteam_prefix,36068,battlezone98redux.exe!sub_67a110,battlezone98redux.exe,3,0.0238,12581,19.999
fourteam_prefix,36068,RenderSystem_Direct3D11.dll!?getDepthStencilView@D3D11DepthBuffer@Ogre@@QBEPAUID3D11DepthStencilView@@XZ+0x3,RenderSystem_Direct3D11.dll,3,0.0238,12581,19.999
fourteam_prefix,36068,OgreMain.dll!?isHardwareAnimationEnabled@Entity@Ogre@@QAE_NXZ+0x1a,OgreMain.dll,3,0.0238,12581,19.999
fourteam_prefix,36068,OgreMain.dll!?setCurrentLightList@AutoParamDataSource@Ogre@@UAEXPBV?$HashedVector@PAVLight@Ogre@@@2@@Z+0x43,OgreMain.dll,3,0.0238,12581,19.999
fourteam_prefix,36068,OgreMain.dll!?setCurrentRenderable@AutoParamDataSource@Ogre@@UAEXPBVRenderable@2@@Z+0x5b,OgreMain.dll,3,0.0238,12581,19.999
fourteam_prefix,36068,OgreMain.dll!?_findVisibleObjects@SceneNode@Ogre@@UAEXPAVCamera@2@PAVRenderQueue@2@PAUVisibleObjectsBoundsInfo@2@_N33@Z+0x33,OgreMain.dll,3,0.0238,12581,19.999
fourteam_prefix,36068,OgreMain.dll!?normalise@Vector3@Ogre@@QAEMXZ+0x2f,OgreMain.dll,3,0.0238,12581,19.999
fourteam_prefix,36068,d3d11.dll+0x35ece,d3d11.dll,3,0.0238,12581,19.999
fourteam_prefix,36068,OgreMain.dll!?_populateLightList@SceneManager@Ogre@@UAEXABVVector3@2@MAAV?$HashedVector@PAVLight@Ogre@@@2@I@Z+0xb5,OgreMain.dll,3,0.0238,12581,19.999
fourteam_prefix,36068,OgreMain.dll!?getIndexAscending@LodStrategy@Ogre@@KAGMABV?$vector@UMeshLodUsage@Ogre@@V?$STLAllocator@UMeshLodUsage@Ogre@@V?$CategorisedAllocPolicy@$0A@@2@@2@@std@@@Z+0x19,OgreMain.dll,3,0.0238,12581,19.999
fourteam_prefix,36068,OgreMain.dll!?_detectImplementation@OptimisedUtil@Ogre@@KAPAV12@XZ+0x4505,OgreMain.dll,3,0.0238,12581,19.999
fourteam_prefix,36068,OgreMain.dll!?_getBindingDelegate@HighLevelGpuProgram@Ogre@@UAEPAVGpuProgram@2@XZ+0x6,OgreMain.dll,3,0.0238,12581,19.999
fourteam_prefix,36068,OgreMain.dll!?getTechnique@SubEntity@Ogre@@UBEPAVTechnique@2@XZ,OgreMain.dll,3,0.0238,12581,19.999
fourteam_prefix,36068,OgreMain.dll!??4GpuSharedParametersUsage@Ogre@@QAEAAV01@ABV01@@Z+0x2735,OgreMain.dll,3,0.0238,12581,19.999
fourteam_prefix,36068,OgreMain.dll+0x2f8e2,OgreMain.dll,3,0.0238,12581,19.999
fourteam_prefix,36068,OgreMain.dll!?useLightsGpuProgram@SceneManager@Ogre@@MAEXPBVPass@2@PBV?$HashedVector@PAVLight@Ogre@@@2@@Z+0xe,OgreMain.dll,3,0.0238,12581,19.999
fourteam_prefix,36068,OgreMain.dll!?updateFromParentImpl@SceneNode@Ogre@@MBEXXZ+0x1a,OgreMain.dll,3,0.0238,12581,19.999
fourteam_prefix,36068,OgreMain.dll+0x1481c,OgreMain.dll,3,0.0238,12581,19.999
fourteam_prefix,36068,OgreMain.dll!?findElementBySemantic@VertexDeclaration@Ogre@@UBEPBVVertexElement@2@W4VertexElementSemantic@2@G@Z+0x17,OgreMain.dll,3,0.0238,12581,19.999
fourteam_prefix,36068,OgreMain.dll!?_notifyCurrentCamera@Entity@Ogre@@UAEXPAVCamera@2@@Z+0x111,OgreMain.dll,3,0.0238,12581,19.999
fourteam_prefix,36068,OgreMain.dll!??4GpuSharedParametersUsage@Ogre@@QAEAAV01@ABV01@@Z+0x275f,OgreMain.dll,3,0.0238,12581,19.999
fourteam_prefix,36068,OgreMain.dll!?getParameters@GpuProgramUsage@Ogre@@QAE?AV?$SharedPtr@VGpuProgramParameters@Ogre@@@2@XZ+0xf8,OgreMain.dll,3,0.0238,12581,19.999
fourteam_prefix,36068,ucrtbase.dll!_memcmp+0x2e1,ucrtbase.dll,3,0.0238,12581,19.999
fourteam_prefix,36068,OgreMain.dll!?getDistance@Plane@Ogre@@QBEMABVVector3@2@@Z+0x2a,OgreMain.dll,3,0.0238,12581,19.999
fourteam_prefix,36068,RenderSystem_Direct3D11.dll!?setVertexDeclaration@D3D11RenderSystem@Ogre@@QAEXPAVVertexDeclaration@2@PAVVertexBufferBinding@2@@Z+0x6,RenderSystem_Direct3D11.dll,3,0.0238,12581,19.999
fourteam_prefix,36068,OgreMain.dll!?_updateAutoParams@GpuProgramParameters@Ogre@@QAEXPBVAutoParamDataSource@2@G@Z+0x1,OgreMain.dll,3,0.0238,12581,19.999
fourteam_prefix,36068,d3d11.dll+0x30dcc,d3d11.dll,3,0.0238,12581,19.999
fourteam_prefix,36068,OgreMain.dll!?isVisible@Frustum@Ogre@@UBE_NABVAxisAlignedBox@2@PAW4FrustumPlane@2@@Z+0xd,OgreMain.dll,3,0.0238,12581,19.999
