label,thread,symbol,inclusive_samples,inclusive_percent,total_samples,window_seconds
fourteam_fire_prefix,36116,battlezone98redux.exe!sub_619fc0,13327,99.91,13339,20.016
fourteam_fire_prefix,36116,battlezone98redux.exe!sub_618270,13327,99.91,13339,20.016
fourteam_fire_prefix,36116,battlezone98redux.exe!sub_618a40,13327,99.91,13339,20.016
fourteam_fire_prefix,36116,battlezone98redux.exe!sub_618ff0,13326,99.9025,13339,20.016
fourteam_fire_prefix,36116,battlezone98redux.exe!sub_618b10,13326,99.9025,13339,20.016
fourteam_fire_prefix,36116,battlezone98redux.exe!entry,13324,99.8875,13339,20.016
fourteam_fire_prefix,36116,KERNEL32.DLL!BaseThreadInitThunk+0x19,13322,99.8726,13339,20.016
fourteam_fire_prefix,36116,ntdll.dll!___RtlUserThreadStart@8+0x2b,13320,99.8576,13339,20.016
fourteam_fire_prefix,36116,ntdll.dll!__RtlUserThreadStart@8+0x1b,13318,99.8426,13339,20.016
fourteam_fire_prefix,36116,battlezone98redux.exe!sub_618130,13317,99.8351,13339,20.016
fourteam_fire_prefix,36116,battlezone98redux.exe!sub_6176a0,7223,54.1495,13339,20.016
fourteam_fire_prefix,36116,battlezone98redux.exe!sub_6175c0,7223,54.1495,13339,20.016
fourteam_fire_prefix,36116,battlezone98redux.exe!sub_4d4610,6600,49.479,13339,20.016
fourteam_fire_prefix,36116,battlezone98redux.exe!sub_451f80,6583,49.3515,13339,20.016
fourteam_fire_prefix,36116,battlezone98redux.exe!sub_44e7f0,6190,46.4053,13339,20.016
fourteam_fire_prefix,36116,WINMM.dll@6e1d0000!BZROpenShim::`anonymous namespace'::EmissionLightStateHook+0xd,6107,45.783,13339,20.016
fourteam_fire_prefix,36116,WINMM.dll@6e1d0000!BZROpenShim::`anonymous namespace'::GetHeadlightOgreApi+0x424,6054,45.3857,13339,20.016
fourteam_fire_prefix,36116,KERNEL32.DLL!GetProcAddress+0x14,6051,45.3632,13339,20.016
fourteam_fire_prefix,36116,KERNELBASE.dll!GetProcAddressForCaller+0x4d,5932,44.4711,13339,20.016
fourteam_fire_prefix,36116,ntdll.dll!_LdrpLogInternal+0x27,5506,41.2775,13339,20.016
fourteam_fire_prefix,36116,ntdll.dll!_LdrpWriteToSnapsBuffer@16+0xc7,5210,39.0584,13339,20.016
fourteam_fire_prefix,36116,OgreMain.dll!?renderOneFrame@Root@Ogre@@QAE_NXZ+0x17,4681,35.0926,13339,20.016
fourteam_fire_prefix,36116,OgreMain.dll!?_updateAllRenderTargets@RenderSystem@Ogre@@UAEX_N@Z+0x3d,4494,33.6907,13339,20.016
fourteam_fire_prefix,36116,RenderSystem_Direct3D11.dll!?_updateAllRenderTargets@D3D11RenderSystem@Ogre@@UAEX_N@Z+0x3e,4494,33.6907,13339,20.016
fourteam_fire_prefix,36116,OgreMain.dll!?_updateAllRenderTargets@Root@Ogre@@QAE_NXZ+0x17,4493,33.6832,13339,20.016
fourteam_fire_prefix,36116,OgreMain.dll!?updateImpl@RenderTarget@Ogre@@MAEXXZ+0x17,4474,33.5407,13339,20.016
fourteam_fire_prefix,36116,OgreMain.dll!?_updateAutoUpdatedViewports@RenderTarget@Ogre@@UAEX_N@Z+0x30,4472,33.5258,13339,20.016
fourteam_fire_prefix,36116,OgreMain.dll!?update@Viewport@Ogre@@QAEXXZ+0x23,4462,33.4508,13339,20.016
fourteam_fire_prefix,36116,OgreMain.dll!?_renderScene@Camera@Ogre@@QAEXPAVViewport@2@_N@Z+0xf3,4451,33.3683,13339,20.016
fourteam_fire_prefix,36116,OgreMain.dll!?updateImpl@RenderTarget@Ogre@@MAEXXZ+0xb,4372,32.7761,13339,20.016
fourteam_fire_prefix,36116,OgreMain.dll!?_beginUpdate@RenderTarget@Ogre@@UAEXXZ+0xb,4371,32.7686,13339,20.016
fourteam_fire_prefix,36116,OgreMain.dll!?preRenderTargetUpdate@CompositorChain@Ogre@@UAEXABURenderTargetEvent@2@@Z+0x6c,4367,32.7386,13339,20.016
fourteam_fire_prefix,36116,ntdll.dll!_LdrGetProcedureAddressForCaller@24+0x449,3498,26.2239,13339,20.016
fourteam_fire_prefix,36116,ntdll.dll!_LdrpReportError@12+0xfb,3334,24.9944,13339,20.016
fourteam_fire_prefix,36116,OgreMain.dll!?_renderScene@SceneManager@Ogre@@UAEXPAVCamera@2@PAVViewport@2@_N@Z+0x5c0,3182,23.8549,13339,20.016
fourteam_fire_prefix,36116,OgreMain.dll!?renderVisibleObjectsDefaultSequence@SceneManager@Ogre@@MAEXXZ+0xd0,3089,23.1577,13339,20.016
fourteam_fire_prefix,36116,OgreMain.dll!?renderObjects@SceneManager@Ogre@@MAEXABVQueuedRenderableCollection@2@W4OrganisationMode@32@_N2PBV?$HashedVector@PAVLight@Ogre@@@2@@Z+0x45,3087,23.1427,13339,20.016
fourteam_fire_prefix,36116,OgreMain.dll!?acceptVisitor@QueuedRenderableCollection@Ogre@@QBEXPAVQueuedRenderableVisitor@2@W4OrganisationMode@12@@Z+0xf6,2889,21.6583,13339,20.016
fourteam_fire_prefix,36116,OgreMain.dll!?acceptVisitorGrouped@QueuedRenderableCollection@Ogre@@IBEXPAVQueuedRenderableVisitor@2@@Z+0x6a,2819,21.1335,13339,20.016
fourteam_fire_prefix,36116,OgreMain.dll!?visit@SceneMgrQueuedRenderableVisitor@SceneManager@Ogre@@UAEXPAVRenderable@3@@Z+0x35,2805,21.0286,13339,20.016
fourteam_fire_prefix,36116,ntdll.dll!_LdrpGenerateSnapsUnicodeStrings@28+0x183,2626,19.6866,13339,20.016
fourteam_fire_prefix,36116,ntdll.dll!_RtlStringCchVPrintfExA@28+0x19,2619,19.6342,13339,20.016
fourteam_fire_prefix,36116,ntdll.dll!RtlStringVPrintfWorkerA+0x1e,2611,19.5742,13339,20.016
fourteam_fire_prefix,36116,ntdll.dll!__vsnprintf+0x18,2607,19.5442,13339,20.016
fourteam_fire_prefix,36116,ntdll.dll!__vsnprintf_l+0x4c,2600,19.4917,13339,20.016
fourteam_fire_prefix,36116,OgreMain.dll!?_renderQueueGroupObjects@SceneManager@Ogre@@UAEXPAVRenderQueueGroup@2@W4OrganisationMode@QueuedRenderableCollection@2@@Z+0x111,2497,18.7195,13339,20.016
fourteam_fire_prefix,36116,ntdll.dll!_LdrpGenerateSnapsUnicodeStrings@28+0x141,2391,17.9249,13339,20.016
fourteam_fire_prefix,36116,ntdll.dll!RtlStringCchPrintfExW+0x65,2373,17.7899,13339,20.016
fourteam_fire_prefix,36116,ntdll.dll!RtlStringVPrintfWorkerW+0x1c,2366,17.7375,13339,20.016
fourteam_fire_prefix,36116,ntdll.dll!__vsnwprintf+0x18,2358,17.6775,13339,20.016
fourteam_fire_prefix,36116,ntdll.dll!__vsnwprintf_l+0x5b,2349,17.61,13339,20.016
fourteam_fire_prefix,36116,ntdll.dll!_LdrGetProcedureAddressForCaller@24+0x37c,2329,17.4601,13339,20.016
fourteam_fire_prefix,36116,ntdll.dll!_LdrpResolveProcedureAddress@24+0x9f,2308,17.3026,13339,20.016
fourteam_fire_prefix,36116,OgreMain.dll!?renderBasicQueueGroupObjects@SceneManager@Ogre@@MAEXPAVRenderQueueGroup@2@W4OrganisationMode@QueuedRenderableCollection@2@@Z+0x8c,2298,17.2277,13339,20.016
fourteam_fire_prefix,36116,ntdll.dll!_LdrpGetProcedureAddress@16+0x63,2275,17.0553,13339,20.016
fourteam_fire_prefix,36116,ntdll.dll!LdrpNameToOrdinal+0xa4,2148,16.1032,13339,20.016
fourteam_fire_prefix,36116,ntdll.dll!__woutput_l+0x870,1805,13.5317,13339,20.016
fourteam_fire_prefix,36116,ntdll.dll!_mbtowc+0x36,1712,12.8345,13339,20.016
fourteam_fire_prefix,36116,OgreMain.dll!?renderSingleObject@SceneManager@Ogre@@MAEXPAVRenderable@2@PBVPass@2@_N2PBV?$HashedVector@PAVLight@Ogre@@@2@@Z+0x9a0,1352,10.1357,13339,20.016
fourteam_fire_prefix,36116,ntdll.dll!__output_l+0x81b,1159,8.6888,13339,20.016
fourteam_fire_prefix,36116,ntdll.dll!_wctomb_s+0x18,1126,8.4414,13339,20.016
fourteam_fire_prefix,36116,OgreMain.dll!?_issueRenderOp@SceneManager@Ogre@@UAEXPAVRenderable@2@PBVPass@2@@Z+0x30,1120,8.3964,13339,20.016
fourteam_fire_prefix,36116,ntdll.dll!__wctomb_s_l+0x66,1024,7.6767,13339,20.016
fourteam_fire_prefix,36116,OgreMain.dll!?_renderScene@SceneManager@Ogre@@UAEXPAVCamera@2@PAVViewport@2@_N@Z+0x246,974,7.3019,13339,20.016
fourteam_fire_prefix,36116,OgreMain.dll!?prepareShadowTextures@SceneManager@Ogre@@UAEXPAVCamera@2@PAVViewport@2@PBV?$HashedVector@PAVLight@Ogre@@@2@@Z+0x39f,937,7.0245,13339,20.016
fourteam_fire_prefix,36116,OgreMain.dll!?_findVisibleObjects@SceneManager@Ogre@@UAEXPAVCamera@2@PAUVisibleObjectsBoundsInfo@2@_N@Z+0x3a,933,6.9945,13339,20.016
fourteam_fire_prefix,36116,OgreMain.dll!?_renderScene@SceneManager@Ogre@@UAEXPAVCamera@2@PAVViewport@2@_N@Z+0x3cb,933,6.9945,13339,20.016
fourteam_fire_prefix,36116,ntdll.dll!_RtlAnsiCharToUnicodeChar@4+0x8d,917,6.8746,13339,20.016
fourteam_fire_prefix,36116,OgreMain.dll!?_findVisibleObjects@SceneNode@Ogre@@UAEXPAVCamera@2@PAVRenderQueue@2@PAUVisibleObjectsBoundsInfo@2@_N33@Z+0x89,890,6.6722,13339,20.016
fourteam_fire_prefix,36116,OgreMain.dll!?renderSingleObject@SceneManager@Ogre@@MAEXPAVRenderable@2@PBVPass@2@_N2PBV?$HashedVector@PAVLight@Ogre@@@2@@Z+0x322,880,6.5972,13339,20.016
fourteam_fire_prefix,36116,OgreMain.dll!?findLights@SceneNode@Ogre@@UBEXAAV?$HashedVector@PAVLight@Ogre@@@2@MI@Z+0x29,878,6.5822,13339,20.016
fourteam_fire_prefix,36116,OgreMain.dll!?queryLights@MovableObject@Ogre@@UBEABV?$HashedVector@PAVLight@Ogre@@@2@XZ+0xc4,878,6.5822,13339,20.016
fourteam_fire_prefix,36116,OgreMain.dll!?_populateLightList@SceneManager@Ogre@@UAEXPBVSceneNode@2@MAAV?$HashedVector@PAVLight@Ogre@@@2@I@Z+0x2e,876,6.5672,13339,20.016
fourteam_fire_prefix,36116,ntdll.dll!_RtlUnicodeToMultiByteN@20+0x1b,793,5.945,13339,20.016
fourteam_fire_prefix,36116,OgreMain.dll!?_findVisibleObjects@SceneNode@Ogre@@UAEXPAVCamera@2@PAVRenderQueue@2@PAUVisibleObjectsBoundsInfo@2@_N33@Z+0x51,783,5.87,13339,20.016
fourteam_fire_prefix,36116,ntdll.dll!_RtlpGetCodePageData@4+0x29,775,5.81,13339,20.016
fourteam_fire_prefix,36116,WINMM.dll@6e1d0000!BZROpenShim::`anonymous namespace'::ProcessVisibleObjectHook+0x170,720,5.3977,13339,20.016
fourteam_fire_prefix,36116,ntdll.dll!_RtlMultiByteToUnicodeN@20+0x1b,718,5.3827,13339,20.016
fourteam_fire_prefix,36116,OgreMain.dll!?_issueRenderOp@SceneManager@Ogre@@UAEXPAVRenderable@2@PBVPass@2@@Z+0x73,694,5.2028,13339,20.016
fourteam_fire_prefix,36116,ntdll.dll!_RtlpGetCodePageData@4+0x16,627,4.7005,13339,20.016
fourteam_fire_prefix,36116,OgreMain.dll!?_populateLightList@SceneManager@Ogre@@UAEXABVVector3@2@MAAV?$HashedVector@PAVLight@Ogre@@@2@I@Z+0x140,624,4.678,13339,20.016
fourteam_fire_prefix,36116,ntdll.dll!_RtlpIsUtf8Process@4+0xe,598,4.4831,13339,20.016
fourteam_fire_prefix,36116,battlezone98redux.exe!sub_617600,595,4.4606,13339,20.016
fourteam_fire_prefix,36116,OgreMain.dll!?_renderQueueGroupObjects@SceneManager@Ogre@@UAEXPAVRenderQueueGroup@2@W4OrganisationMode@QueuedRenderableCollection@2@@Z+0xb6,592,4.4381,13339,20.016
fourteam_fire_prefix,36116,OgreMain.dll!?renderTextureShadowCasterQueueGroupObjects@SceneManager@Ogre@@MAEXPAVRenderQueueGroup@2@W4OrganisationMode@QueuedRenderableCollection@2@@Z+0x124,591,4.4306,13339,20.016
fourteam_fire_prefix,36116,battlezone98redux.exe!sub_4b6f10,589,4.4156,13339,20.016
fourteam_fire_prefix,36116,battlezone98redux.exe!sub_4b6db0,589,4.4156,13339,20.016
fourteam_fire_prefix,36116,OgreMain.dll!?renderSingleObject@SceneManager@Ogre@@MAEXPAVRenderable@2@PBVPass@2@_N2PBV?$HashedVector@PAVLight@Ogre@@@2@@Z+0xaf4,512,3.8384,13339,20.016
fourteam_fire_prefix,36116,OgreMain.dll!?processVisibleObject@RenderQueue@Ogre@@QAEXPAVMovableObject@2@PAVCamera@2@_NPAUVisibleObjectsBoundsInfo@2@@Z+0xb0,475,3.561,13339,20.016
fourteam_fire_prefix,36116,ntdll.dll!__output_l+0x328,452,3.3886,13339,20.016
fourteam_fire_prefix,36116,ntdll.dll!_RtlAnsiCharToUnicodeChar@4+0x36,448,3.3586,13339,20.016
fourteam_fire_prefix,36116,battlezone98redux.exe!sub_618060,408,3.0587,13339,20.016
fourteam_fire_prefix,36116,battlezone98redux.exe!sub_493ec0,382,2.8638,13339,20.016
fourteam_fire_prefix,36116,battlezone98redux.exe!sub_617fa0,373,2.7963,13339,20.016
fourteam_fire_prefix,36116,OgreMain.dll!?updateGpuProgramParameters@SceneManager@Ogre@@MAEXPBVPass@2@@Z+0xdd,357,2.6764,13339,20.016
fourteam_fire_prefix,36116,battlezone98redux.exe!sub_44e880,354,2.6539,13339,20.016
fourteam_fire_prefix,36116,OgreMain.dll!?updateGpuProgramParameters@SceneManager@Ogre@@MAEXPBVPass@2@@Z+0x62,350,2.6239,13339,20.016
fourteam_fire_prefix,36116,OgreMain.dll!?isInLightRange@Light@Ogre@@QBE_NABVSphere@2@@Z+0x159,324,2.429,13339,20.016
fourteam_fire_prefix,36116,OgreMain.dll!?updateGpuProgramParameters@SceneManager@Ogre@@MAEXPBVPass@2@@Z+0x8b,320,2.399,13339,20.016
fourteam_fire_prefix,36116,RenderSystem_Direct3D11.dll!?bindGpuProgramParameters@D3D11RenderSystem@Ogre@@UAEXW4GpuProgramType@2@V?$SharedPtr@VGpuProgramParameters@Ogre@@@2@G@Z+0x16a,320,2.399,13339,20.016
fourteam_fire_prefix,36116,battlezone98redux.exe!sub_62bc80,309,2.3165,13339,20.016
fourteam_fire_prefix,36116,battlezone98redux.exe!sub_62bd40,305,2.2865,13339,20.016
fourteam_fire_prefix,36116,battlezone98redux.exe!sub_4deec0,304,2.279,13339,20.016
fourteam_fire_prefix,36116,battlezone98redux.exe!sub_4ebfd0,298,2.2341,13339,20.016
fourteam_fire_prefix,36116,OgreMain.dll!?angleBetween@Vector3@Ogre@@QBE?AVRadian@2@ABV12@@Z+0xdd,254,1.9042,13339,20.016
fourteam_fire_prefix,36116,battlezone98redux.exe!sub_682540,242,1.8142,13339,20.016
fourteam_fire_prefix,36116,battlezone98redux.exe!sub_4933e0,236,1.7692,13339,20.016
fourteam_fire_prefix,36116,ntdll.dll!_RtlAnsiCharToUnicodeChar@4+0x19,234,1.7543,13339,20.016
fourteam_fire_prefix,36116,ntdll.dll!_RtlMultiByteToUnicodeN@20+0x21,229,1.7168,13339,20.016
fourteam_fire_prefix,36116,WINMM.dll@6e1d0000!BZROpenShim::`anonymous namespace'::AutoSaveWorldUpdateRenderQueueHook+0x16,228,1.7093,13339,20.016
fourteam_fire_prefix,36116,RenderSystem_Direct3D11.dll!?getConstantBuffer@D3D11HLSLProgram@Ogre@@QAEPAUID3D11Buffer@@V?$SharedPtr@VGpuProgramParameters@Ogre@@@2@G@Z+0x9a,228,1.7093,13339,20.016
fourteam_fire_prefix,36116,WINMM.dll@6e1d0000!__std_fs_get_stats+0x9e,225,1.6868,13339,20.016
fourteam_fire_prefix,36116,KERNELBASE.dll!GetFileAttributesExW+0x13,225,1.6868,13339,20.016
fourteam_fire_prefix,36116,ntdll.dll!_ZwQueryFullAttributesFile@8+0xc,221,1.6568,13339,20.016
fourteam_fire_prefix,36116,RenderSystem_Direct3D11.dll!?bindGpuProgramParameters@D3D11RenderSystem@Ogre@@UAEXW4GpuProgramType@2@V?$SharedPtr@VGpuProgramParameters@Ogre@@@2@G@Z+0x90,216,1.6193,13339,20.016
fourteam_fire_prefix,36116,OgreMain.dll!?_updateAutoParams@Pass@Ogre@@QBEXPBVAutoParamDataSource@2@G@Z+0x103,209,1.5668,13339,20.016
fourteam_fire_prefix,36116,OgreMain.dll!?getConstantDefinition@GpuProgramParameters@Ogre@@QBEABUGpuConstantDefinition@2@ABV?$basic_string@DU?$char_traits@D@std@@V?$allocator@D@2@@std@@@Z+0xcf,208,1.5593,13339,20.016
fourteam_fire_prefix,36116,battlezone98redux.exe!sub_454cf0,200,1.4994,13339,20.016
fourteam_fire_prefix,36116,battlezone98redux.exe!sub_4ab380,197,1.4769,13339,20.016
fourteam_fire_prefix,36116,battlezone98redux.exe!sub_5840e0,196,1.4694,13339,20.016
fourteam_fire_prefix,36116,OgreMain.dll!?renderBasicQueueGroupObjects@SceneManager@Ogre@@MAEXPAVRenderQueueGroup@2@W4OrganisationMode@QueuedRenderableCollection@2@@Z+0xc1,196,1.4694,13339,20.016
fourteam_fire_prefix,36116,OgreMain.dll!?acceptVisitor@QueuedRenderableCollection@Ogre@@QBEXPAVQueuedRenderableVisitor@2@W4OrganisationMode@12@@Z+0xec,196,1.4694,13339,20.016
fourteam_fire_prefix,36116,OgreMain.dll!?acceptVisitorDescending@QueuedRenderableCollection@Ogre@@IBEXPAVQueuedRenderableVisitor@2@@Z+0x1b,196,1.4694,13339,20.016
fourteam_fire_prefix,36116,ntdll.dll!__woutput_l+0x8a1,196,1.4694,13339,20.016
fourteam_fire_prefix,36116,OgreMain.dll!?_updateAllRenderTargets@Root@Ogre@@QAE_NXZ+0x2b,185,1.3869,13339,20.016
fourteam_fire_prefix,36116,OgreMain.dll!?_swapAllRenderTargetBuffers@RenderSystem@Ogre@@UAEXXZ+0x3a,183,1.3719,13339,20.016
fourteam_fire_prefix,36116,battlezone98redux.exe!sub_6854f0,182,1.3644,13339,20.016
fourteam_fire_prefix,36116,battlezone98redux.exe!sub_442e70,174,1.3044,13339,20.016
fourteam_fire_prefix,36116,RenderSystem_Direct3D11.dll!?swapBuffers@D3D11RenderWindowSwapChainBased@Ogre@@UAEXXZ+0x251,173,1.2969,13339,20.016
fourteam_fire_prefix,36116,ntdll.dll!__output_l+0x874,172,1.2895,13339,20.016
fourteam_fire_prefix,36116,dxgi.dll!DXGIGetDebugInterface1+0xa584,169,1.267,13339,20.016
fourteam_fire_prefix,36116,dxgi.dll!CompatString+0x20eb,168,1.2595,13339,20.016
fourteam_fire_prefix,36116,WINMM.dll@6e1d0000!std::filesystem::exists+0x3e,164,1.2295,13339,20.016
fourteam_fire_prefix,36116,WINMM.dll@6e1d0000!BZROpenShim::AutoSaveTick+0x10b,164,1.2295,13339,20.016
fourteam_fire_prefix,36116,OgreMain.dll!?visit@SceneMgrQueuedRenderableVisitor@SceneManager@Ogre@@UAEXPAURenderablePass@3@@Z+0x63,158,1.1845,13339,20.016
fourteam_fire_prefix,36116,ntdll.dll!_ZwQueryVirtualMemory@24+0xc,154,1.1545,13339,20.016
fourteam_fire_prefix,36116,WINMM.dll@6e1d0000!BZROpenShim::`anonymous namespace'::GetGameObjectActualTeam+0x42,153,1.147,13339,20.016
fourteam_fire_prefix,36116,battlezone98redux.exe!sub_443060,152,1.1395,13339,20.016
fourteam_fire_prefix,36116,battlezone98redux.exe!sub_497aa0,151,1.132,13339,20.016
fourteam_fire_prefix,36116,WINMM.dll@6e1d0000!BZROpenShim::TargetReticlePopupRecentHitGetterHook+0x3c,146,1.0945,13339,20.016
fourteam_fire_prefix,36116,battlezone98redux.exe!sub_678cd0,144,1.0795,13339,20.016
fourteam_fire_prefix,36116,OgreMain.dll!?_updateRenderQueue@Entity@Ogre@@UAEXPAVRenderQueue@2@@Z+0x1ed,140,1.0496,13339,20.016
fourteam_fire_prefix,36116,OgreMain.dll!?_renderScene@SceneManager@Ogre@@UAEXPAVCamera@2@PAVViewport@2@_N@Z+0x20a,138,1.0346,13339,20.016
fourteam_fire_prefix,36116,ntdll.dll!_RtlUnicodeToMultiByteN@20+0x21,132,0.9896,13339,20.016
fourteam_fire_prefix,36116,battlezone98redux.exe!sub_43fb30,131,0.9821,13339,20.016
fourteam_fire_prefix,36116,battlezone98redux.exe!sub_493e60,131,0.9821,13339,20.016
fourteam_fire_prefix,36116,RenderSystem_Direct3D11.dll!?_render@D3D11RenderSystem@Ogre@@UAEXABVRenderOperation@2@@Z+0x1622,131,0.9821,13339,20.016
fourteam_fire_prefix,36116,battlezone98redux.exe!sub_480470,131,0.9821,13339,20.016
fourteam_fire_prefix,36116,battlezone98redux.exe!sub_440690,129,0.9671,13339,20.016
fourteam_fire_prefix,36116,battlezone98redux.exe!sub_4405e0,129,0.9671,13339,20.016
fourteam_fire_prefix,36116,ntdll.dll!_LdrpGenerateSnapsUnicodeStrings@28+0x1b9,129,0.9671,13339,20.016
fourteam_fire_prefix,36116,battlezone98redux.exe!sub_493330,128,0.9596,13339,20.016
fourteam_fire_prefix,36116,RenderSystem_Direct3D11.dll!?setVertexDeclaration@D3D11RenderSystem@Ogre@@QAEXPAVVertexDeclaration@2@PAVVertexBufferBinding@2@@Z+0x14,128,0.9596,13339,20.016
fourteam_fire_prefix,36116,dxgi.dll!CompatString+0x3176,127,0.9521,13339,20.016
fourteam_fire_prefix,36116,ntdll.dll!__output_l+0x846,127,0.9521,13339,20.016
fourteam_fire_prefix,36116,ntdll.dll!__woutput_l+0x8a6,124,0.9296,13339,20.016
fourteam_fire_prefix,36116,ntdll.dll!write_string+0x3a,123,0.9221,13339,20.016
fourteam_fire_prefix,36116,dxgi.dll!DXGID3D10CreateDevice+0x3c30,120,0.8996,13339,20.016
fourteam_fire_prefix,36116,battlezone98redux.exe!sub_60f320,120,0.8996,13339,20.016
fourteam_fire_prefix,36116,WINMM.dll@6e1d0000!BZROpenShim::`anonymous namespace'::WingmanUpdateWeaponAimWithConvergence+0x33,120,0.8996,13339,20.016
fourteam_fire_prefix,36116,OgreMain.dll!?_populateLightList@SceneManager@Ogre@@UAEXABVVector3@2@MAAV?$HashedVector@PAVLight@Ogre@@@2@I@Z+0xb2,117,0.8771,13339,20.016
fourteam_fire_prefix,36116,battlezone98redux.exe!sub_679d70,115,0.8621,13339,20.016
fourteam_fire_prefix,36116,OgreMain.dll!?_renderScene@SceneManager@Ogre@@UAEXPAVCamera@2@PAVViewport@2@_N@Z+0x187,115,0.8621,13339,20.016
fourteam_fire_prefix,36116,battlezone98redux.exe!sub_687340,114,0.8546,13339,20.016
fourteam_fire_prefix,36116,OgreMain.dll!?_updateSceneGraph@SceneManager@Ogre@@UAEXPAVCamera@2@@Z+0x2b,113,0.8471,13339,20.016
fourteam_fire_prefix,36116,battlezone98redux.exe!sub_440e60,113,0.8471,13339,20.016
fourteam_fire_prefix,36116,OgreMain.dll!?_findNamedConstantDefinition@GpuProgramParameters@Ogre@@QBEPBUGpuConstantDefinition@2@ABV?$basic_string@DU?$char_traits@D@std@@V?$allocator@D@2@@std@@_N@Z+0xb8,113,0.8471,13339,20.016
fourteam_fire_prefix,36116,OgreMain.dll!?_updateAutoParams@Pass@Ogre@@QBEXPBVAutoParamDataSource@2@G@Z+0x55,110,0.8246,13339,20.016
fourteam_fire_prefix,36116,RenderSystem_Direct3D11.dll!?bindToShader@D3D11VertexDeclaration@Ogre@@QAEXPAVD3D11HLSLProgram@2@PAVVertexBufferBinding@2@@Z+0x1e,110,0.8246,13339,20.016
fourteam_fire_prefix,36116,RenderSystem_Direct3D11.dll!?getConstantBuffer@D3D11HLSLProgram@Ogre@@QAEPAUID3D11Buffer@@V?$SharedPtr@VGpuProgramParameters@Ogre@@@2@G@Z+0x5f,107,0.8022,13339,20.016
fourteam_fire_prefix,36116,OgreMain.dll!?lock@HardwareBuffer@Ogre@@UAEPAXIIW4LockOptions@12@W4UploadOptions@12@@Z+0x103,104,0.7797,13339,20.016
fourteam_fire_prefix,36116,OgreMain.dll!?lock@HardwareBuffer@Ogre@@QAEPAXW4LockOptions@12@W4UploadOptions@12@@Z+0x13,101,0.7572,13339,20.016
fourteam_fire_prefix,36116,battlezone98redux.exe!sub_45bf90,100,0.7497,13339,20.016
fourteam_fire_prefix,36116,battlezone98redux.exe!sub_6855e0,100,0.7497,13339,20.016
fourteam_fire_prefix,36116,OgreMain.dll!?isInLightRange@Light@Ogre@@QBE_NABVSphere@2@@Z+0x143,99,0.7422,13339,20.016
fourteam_fire_prefix,36116,RenderSystem_Direct3D11.dll!?lockImpl@D3D11HardwareBuffer@Ogre@@MAEPAXIIW4LockOptions@HardwareBuffer@2@@Z+0x26c,95,0.7122,13339,20.016
fourteam_fire_prefix,36116,WINMM.dll@6e1d0000!BZROpenShim::`anonymous namespace'::TryGetGameObjectFieldBase+0xd4,94,0.7047,13339,20.016
fourteam_fire_prefix,36116,battlezone98redux.exe!sub_50aa10,92,0.6897,13339,20.016
fourteam_fire_prefix,36116,OgreMain.dll!?_updateRenderQueue@Entity@Ogre@@UAEXPAVRenderQueue@2@@Z+0x175,90,0.6747,13339,20.016
fourteam_fire_prefix,36116,ntdll.dll!_memset+0x45,90,0.6747,13339,20.016
fourteam_fire_prefix,36116,OgreMain.dll!?addRenderable@RenderQueue@Ogre@@QAEXPAVRenderable@2@@Z+0x15,89,0.6672,13339,20.016
fourteam_fire_prefix,36116,battlezone98redux.exe!sub_679ac0,88,0.6597,13339,20.016
fourteam_fire_prefix,36116,OgreMain.dll!?renderVisibleObjectsDefaultSequence@SceneManager@Ogre@@MAEXXZ+0xbf,87,0.6522,13339,20.016
fourteam_fire_prefix,36116,OgreMain.dll!?fireRenderQueueStarted@SceneManager@Ogre@@MAE_NEABV?$basic_string@DU?$char_traits@D@std@@V?$allocator@D@2@@std@@@Z+0x41,86,0.6447,13339,20.016
fourteam_fire_prefix,36116,RenderSystem_Direct3D11.dll!?_render@D3D11RenderSystem@Ogre@@UAEXABVRenderOperation@2@@Z+0x16df,84,0.6297,13339,20.016
fourteam_fire_prefix,36116,OgreMain.dll!?_update@SceneNode@Ogre@@UAEX_N0@Z+0x1b,83,0.6222,13339,20.016
fourteam_fire_prefix,36116,OgreMain.dll!?processVisibleObject@RenderQueue@Ogre@@QAEXPAVMovableObject@2@PAVCamera@2@_NPAUVisibleObjectsBoundsInfo@2@@Z+0x14,83,0.6222,13339,20.016
fourteam_fire_prefix,36116,battlezone98redux.exe!sub_444ba0,81,0.6072,13339,20.016
fourteam_fire_prefix,36116,battlezone98redux.exe!sub_611270,80,0.5997,13339,20.016
fourteam_fire_prefix,36116,d3d11.dll!CreateDirect3D11DeviceFromDXGIDevice+0xbae61,79,0.5922,13339,20.016
fourteam_fire_prefix,36116,ntdll.dll!__output_l+0x32d,79,0.5922,13339,20.016
fourteam_fire_prefix,36116,battlezone98redux.exe!sub_446360,75,0.5623,13339,20.016
fourteam_fire_prefix,36116,OgreMain.dll!?_updateAutoParams@GpuProgramParameters@Ogre@@QAEXPBVAutoParamDataSource@2@G@Z+0x1250,74,0.5548,13339,20.016
fourteam_fire_prefix,36116,dxgi.dll!DXGID3D10CreateDevice+0x4471,72,0.5398,13339,20.016
fourteam_fire_prefix,36116,OgreMain.dll!?_findVisibleObjects@SceneNode@Ogre@@UAEXPAVCamera@2@PAVRenderQueue@2@PAUVisibleObjectsBoundsInfo@2@_N33@Z+0x20,72,0.5398,13339,20.016
fourteam_fire_prefix,36116,dxgi.dll!DXGIReportAdapterConfiguration+0xf99,71,0.5323,13339,20.016
fourteam_fire_prefix,36116,d3d11.dll!D3D11CoreCreateLayeredDevice+0xc379,70,0.5248,13339,20.016
fourteam_fire_prefix,36116,battlezone98redux.exe!sub_4a8ab0,70,0.5248,13339,20.016
fourteam_fire_prefix,36116,d3d11.dll!CreateDirect3D11DeviceFromDXGIDevice+0x9aae8,70,0.5248,13339,20.016
fourteam_fire_prefix,36116,battlezone98redux.exe!sub_458d70,70,0.5248,13339,20.016
fourteam_fire_prefix,36116,RenderSystem_Direct3D11.dll!?_render@D3D11RenderSystem@Ogre@@UAEXABVRenderOperation@2@@Z+0x1631,69,0.5173,13339,20.016
fourteam_fire_prefix,36116,battlezone98redux.exe!sub_48efe0,68,0.5098,13339,20.016
fourteam_fire_prefix,36116,ntdll.dll!_RtlInitAnsiString@8+0x1b,68,0.5098,13339,20.016
fourteam_fire_prefix,36116,MSVCR120.dll!memmove+0xc9,68,0.5098,13339,20.016
fourteam_fire_prefix,36116,battlezone98redux.exe!sub_586ff0,67,0.5023,13339,20.016
fourteam_fire_prefix,36116,ntdll.dll!write_char+0x1e,67,0.5023,13339,20.016
fourteam_fire_prefix,36116,battlezone98redux.exe!sub_480340,65,0.4873,13339,20.016
fourteam_fire_prefix,36116,battlezone98redux.exe!sub_584fe0,64,0.4798,13339,20.016
fourteam_fire_prefix,36116,battlezone98redux.exe!sub_6111e0,63,0.4723,13339,20.016
fourteam_fire_prefix,36116,ntdll.dll!_LdrpAddUnicodeStringToSnapsBuffer@4+0x25,63,0.4723,13339,20.016
fourteam_fire_prefix,36116,OgreMain.dll!?processVisibleObject@RenderQueue@Ogre@@QAEXPAVMovableObject@2@PAVCamera@2@_NPAUVisibleObjectsBoundsInfo@2@@Z+0x4d,62,0.4648,13339,20.016
fourteam_fire_prefix,36116,WINMM.dll@6e1d0000!BZROpenShim::`anonymous namespace'::TryGetGameObjectFieldBase+0x7c,62,0.4648,13339,20.016
fourteam_fire_prefix,36116,OgreMain.dll!?_calcTempSquareDist@Light@Ogre@@QAEXABVVector3@2@@Z+0x25,61,0.4573,13339,20.016
fourteam_fire_prefix,36116,WINMM.dll@6e1d0000!BZROpenShim::AutoSaveTick+0x124,61,0.4573,13339,20.016
fourteam_fire_prefix,36116,WINMM.dll@6e1d0000!std::filesystem::last_write_time+0x45,61,0.4573,13339,20.016
fourteam_fire_prefix,36116,ntdll.dll!_RtlInitString@8+0x1b,61,0.4573,13339,20.016
fourteam_fire_prefix,36116,OgreMain.dll!?getReceivesShadows@MovableObject@Ogre@@QAE_NXZ+0x45,60,0.4498,13339,20.016
fourteam_fire_prefix,36116,battlezone98redux.exe!sub_663800,60,0.4498,13339,20.016
fourteam_fire_prefix,36116,OgreMain.dll!?isVisible@Frustum@Ogre@@UBE_NABVAxisAlignedBox@2@PAW4FrustumPlane@2@@Z+0xb0,59,0.4423,13339,20.016
fourteam_fire_prefix,36116,OgreMain.dll!?_findNamedConstantDefinition@GpuProgramParameters@Ogre@@QBEPBUGpuConstantDefinition@2@ABV?$basic_string@DU?$char_traits@D@std@@V?$allocator@D@2@@std@@_N@Z+0xdb,58,0.4348,13339,20.016
fourteam_fire_prefix,36116,battlezone98redux.exe!sub_4aa1d0,58,0.4348,13339,20.016
fourteam_fire_prefix,36116,battlezone98redux.exe!sub_67b9d0,58,0.4348,13339,20.016
fourteam_fire_prefix,36116,battlezone98redux.exe!sub_592f00,58,0.4348,13339,20.016
fourteam_fire_prefix,36116,battlezone98redux.exe!sub_67a4a0,57,0.4273,13339,20.016
fourteam_fire_prefix,36116,battlezone98redux.exe!sub_82f062,56,0.4198,13339,20.016
fourteam_fire_prefix,36116,battlezone98redux.exe!sub_832183,56,0.4198,13339,20.016
fourteam_fire_prefix,36116,battlezone98redux.exe!sub_82cb8c,56,0.4198,13339,20.016
fourteam_fire_prefix,36116,battlezone98redux.exe!sub_82f1b5,56,0.4198,13339,20.016
fourteam_fire_prefix,36116,battlezone98redux.exe!sub_82f4cb,56,0.4198,13339,20.016
fourteam_fire_prefix,36116,battlezone98redux.exe!sub_82c471,56,0.4198,13339,20.016
fourteam_fire_prefix,36116,WINMM.dll@6e1d0000!BZROpenShim::`anonymous namespace'::AutoSaveWorldUpdateRenderQueueHook+0x11,56,0.4198,13339,20.016
fourteam_fire_prefix,36116,battlezone98redux.exe!sub_62e070,56,0.4198,13339,20.016
fourteam_fire_prefix,36116,OgreMain.dll!?acceptVisitorGrouped@QueuedRenderableCollection@Ogre@@IBEXPAVQueuedRenderableVisitor@2@@Z+0x37,56,0.4198,13339,20.016
fourteam_fire_prefix,36116,d3d11.dll!D3D11CoreCreateLayeredDevice+0xd40a,55,0.4123,13339,20.016
fourteam_fire_prefix,36116,OgreMain.dll!?updateAnimation@Entity@Ogre@@IAEXXZ+0x449,55,0.4123,13339,20.016
fourteam_fire_prefix,36116,OgreMain.dll!?visit@SceneMgrQueuedRenderableVisitor@SceneManager@Ogre@@UAE_NPBVPass@3@@Z+0x2e,55,0.4123,13339,20.016
fourteam_fire_prefix,36116,battlezone98redux.exe!sub_4d4580,55,0.4123,13339,20.016
fourteam_fire_prefix,36116,WINMM.dll@6e1d0000!BZROpenShim::`anonymous namespace'::HookSoftwareVertexBlend+0x78,54,0.4048,13339,20.016
fourteam_fire_prefix,36116,OgreMain.dll!?_update@SceneNode@Ogre@@UAEX_N0@Z+0x11,54,0.4048,13339,20.016
fourteam_fire_prefix,36116,ntdll.dll!_RtlAllocateHeap@12+0xa9,54,0.4048,13339,20.016
fourteam_fire_prefix,36116,battlezone98redux.exe!sub_480750,54,0.4048,13339,20.016
fourteam_fire_prefix,36116,battlezone98redux.exe!sub_4cb7b0,53,0.3973,13339,20.016
fourteam_fire_prefix,36116,OgreMain.dll!?getTechnique@SubEntity@Ogre@@UBEPAVTechnique@2@XZ+0xe,52,0.3898,13339,20.016
fourteam_fire_prefix,36116,battlezone98redux.exe!sub_4c9ab0,52,0.3898,13339,20.016
fourteam_fire_prefix,36116,RenderSystem_Direct3D11.dll!?setVertexBufferBinding@D3D11RenderSystem@Ogre@@UAEXPAVVertexBufferBinding@2@@Z+0x9f,52,0.3898,13339,20.016
fourteam_fire_prefix,36116,ntdll.dll!_RtlAbPostRelease@8+0x28,51,0.3823,13339,20.016
fourteam_fire_prefix,36116,battlezone98redux.exe!sub_784620,50,0.3748,13339,20.016
fourteam_fire_prefix,36116,ntdll.dll!_LdrpAddUnicodeStringToSnapsBuffer@4+0x46,50,0.3748,13339,20.016
fourteam_fire_prefix,36116,WINMM.dll@6e1d0000!BZROpenShim::`anonymous namespace'::ProcessVisibleObjectHook+0xb4,49,0.3673,13339,20.016
fourteam_fire_prefix,36116,battlezone98redux.exe!sub_81fe60,49,0.3673,13339,20.016
fourteam_fire_prefix,36116,battlezone98redux.exe!sub_67a630,48,0.3598,13339,20.016
fourteam_fire_prefix,36116,OgreMain.dll!?_populateLightList@SceneManager@Ogre@@UAEXABVVector3@2@MAAV?$HashedVector@PAVLight@Ogre@@@2@I@Z+0x232,48,0.3598,13339,20.016
fourteam_fire_prefix,36116,d3d11.dll!CreateDirect3D11DeviceFromDXGIDevice+0x9ac60,48,0.3598,13339,20.016
fourteam_fire_prefix,36116,battlezone98redux.exe!sub_4513e0,48,0.3598,13339,20.016
fourteam_fire_prefix,36116,battlezone98redux.exe!sub_82f2d3,48,0.3598,13339,20.016
fourteam_fire_prefix,36116,ntdll.dll!_RtlAppendUnicodeStringToString@8+0x3e,48,0.3598,13339,20.016
fourteam_fire_prefix,36116,dxgi.dll!DXGIDisableVBlankVirtualization+0x6f4e,47,0.3524,13339,20.016
fourteam_fire_prefix,36116,dxgi.dll!DXGIDisableVBlankVirtualization+0x7920,47,0.3524,13339,20.016
fourteam_fire_prefix,36116,dxgi.dll!DXGIDisableVBlankVirtualization+0x138f9,47,0.3524,13339,20.016
fourteam_fire_prefix,36116,dxgi.dll!DXGIDisableVBlankVirtualization+0x8b36,47,0.3524,13339,20.016
fourteam_fire_prefix,36116,dxgi.dll!DXGIDisableVBlankVirtualization+0x13893,47,0.3524,13339,20.016
fourteam_fire_prefix,36116,battlezone98redux.exe!sub_461fd0,47,0.3524,13339,20.016
fourteam_fire_prefix,36116,ntdll.dll!write_string+0x31,47,0.3524,13339,20.016
fourteam_fire_prefix,36116,ntdll.dll!__fputwc_nolock+0x2e,47,0.3524,13339,20.016
fourteam_fire_prefix,36116,dxgi.dll!DXGIDisableVBlankVirtualization+0x14f03,46,0.3449,13339,20.016
fourteam_fire_prefix,36116,RenderSystem_Direct3D11.dll!?unlockImpl@D3D11HardwareBuffer@Ogre@@MAEXXZ+0x56,46,0.3449,13339,20.016
fourteam_fire_prefix,36116,RenderSystem_Direct3D11.dll!?bindGpuProgramParameters@D3D11RenderSystem@Ogre@@UAEXW4GpuProgramType@2@V?$SharedPtr@VGpuProgramParameters@Ogre@@@2@G@Z+0xad,46,0.3449,13339,20.016
fourteam_fire_prefix,36116,ntdll.dll!_RtlCustomCPToUnicodeN@24+0x6b,46,0.3449,13339,20.016
fourteam_fire_prefix,36116,battlezone98redux.exe!sub_6192b0,45,0.3374,13339,20.016
fourteam_fire_prefix,36116,USER32.dll!PeekMessageA+0x1f1,45,0.3374,13339,20.016
fourteam_fire_prefix,36116,battlezone98redux.exe!sub_44dca0,45,0.3374,13339,20.016
fourteam_fire_prefix,36116,OgreMain.dll!?_update@Node@Ogre@@UAEX_N0@Z+0x54,45,0.3374,13339,20.016
fourteam_fire_prefix,36116,ntdll.dll!_RtlpAllocateNTHeapInternal@12+0xfc,45,0.3374,13339,20.016
fourteam_fire_prefix,36116,ntdll.dll!_LdrpAddUnicodeStringToSnapsBuffer@4+0x19,45,0.3374,13339,20.016
fourteam_fire_prefix,36116,battlezone98redux.exe!sub_47b9b0,45,0.3374,13339,20.016
fourteam_fire_prefix,36116,battlezone98redux.exe!sub_611610,45,0.3374,13339,20.016
fourteam_fire_prefix,36116,nvwgf2um.dll!OpenAdapter10+0x73f53,44,0.3299,13339,20.016
fourteam_fire_prefix,36116,nvwgf2um.dll!OpenAdapter10+0x23bb0,44,0.3299,13339,20.016
fourteam_fire_prefix,36116,RenderSystem_Direct3D11.dll!??0D3D11RenderWindowSwapChainBased@Ogre@@QAE@ABV01@@Z+0x9c2,44,0.3299,13339,20.016
fourteam_fire_prefix,36116,RenderSystem_Direct3D11.dll!?bindGpuProgramParameters@D3D11RenderSystem@Ogre@@UAEXW4GpuProgramType@2@V?$SharedPtr@VGpuProgramParameters@Ogre@@@2@G@Z+0x54a,44,0.3299,13339,20.016
fourteam_fire_prefix,36116,OgreMain.dll!?addRenderable@RenderQueue@Ogre@@QAEXPAVRenderable@2@EG@Z+0x1e1,44,0.3299,13339,20.016
fourteam_fire_prefix,36116,nvwgf2um.dll!NVENCODEAPI_Thunk+0x59ceb,43,0.3224,13339,20.016
fourteam_fire_prefix,36116,MSVCR120.dll!memmove+0xc7,43,0.3224,13339,20.016
fourteam_fire_prefix,36116,ntdll.dll!write_char+0x35,43,0.3224,13339,20.016
fourteam_fire_prefix,36116,ntdll.dll!__output_l+0x11e,43,0.3224,13339,20.016
fourteam_fire_prefix,36116,ntdll.dll!__output_l+0xc4,42,0.3149,13339,20.016
fourteam_fire_prefix,36116,OgreMain.dll!?getWorldViewProjMatrix@AutoParamDataSource@Ogre@@UBEABVMatrix4@2@XZ+0x1c,42,0.3149,13339,20.016
fourteam_fire_prefix,36116,OgreMain.dll!?updateAnimation@Entity@Ogre@@IAEXXZ+0x184,42,0.3149,13339,20.016
fourteam_fire_prefix,36116,OgreMain.dll!?updateGpuProgramParameters@SceneManager@Ogre@@MAEXPBVPass@2@@Z+0x7e,42,0.3149,13339,20.016
fourteam_fire_prefix,36116,battlezone98redux.exe!sub_452580,42,0.3149,13339,20.016
fourteam_fire_prefix,36116,OgreMain.dll!?updateGpuProgramParameters@SceneManager@Ogre@@MAEXPBVPass@2@@Z+0xd0,41,0.3074,13339,20.016
fourteam_fire_prefix,36116,battlezone98redux.exe!sub_67df70,41,0.3074,13339,20.016
fourteam_fire_prefix,36116,ntdll.dll!_LdrpReportError@12+0xae,41,0.3074,13339,20.016
fourteam_fire_prefix,36116,ntdll.dll!_LdrGetProcedureAddressForCaller@24+0x342,41,0.3074,13339,20.016
fourteam_fire_prefix,36116,OgreMain.dll!?softwareVertexBlend@Mesh@Ogre@@SAXPBVVertexData@2@0PBQBVMatrix4@2@I_N@Z+0x35a,40,0.2999,13339,20.016
fourteam_fire_prefix,36116,OgreMain.dll!?_detectImplementation@OptimisedUtil@Ogre@@KAPAV12@XZ+0x7f48,40,0.2999,13339,20.016
fourteam_fire_prefix,36116,d3d11.dll!CreateDirect3D11DeviceFromDXGIDevice+0xa4628,40,0.2999,13339,20.016
fourteam_fire_prefix,36116,ntdll.dll!@RtlpLowFragHeapAllocFromContext@16+0x67,40,0.2999,13339,20.016
fourteam_fire_prefix,36116,battlezone98redux.exe!sub_480f40,40,0.2999,13339,20.016
fourteam_fire_prefix,36116,OgreMain.dll!?_writeRawConstant@GpuProgramParameters@Ogre@@QAEXIABVVector4@2@I@Z+0x25,40,0.2999,13339,20.016
fourteam_fire_prefix,36116,ntdll.dll!write_char+0x21,40,0.2999,13339,20.016
fourteam_fire_prefix,36116,ntdll.dll!__output_l+0x9e,40,0.2999,13339,20.016
fourteam_fire_prefix,36116,battlezone98redux.exe!sub_447e70,40,0.2999,13339,20.016
fourteam_fire_prefix,36116,OgreMain.dll!?addRenderable@RenderQueueGroup@Ogre@@QAEXPAVRenderable@2@PAVTechnique@2@G@Z+0xfc,40,0.2999,13339,20.016
fourteam_fire_prefix,36116,MSVCR120.dll!malloc+0x33,40,0.2999,13339,20.016
fourteam_fire_prefix,36116,battlezone98redux.exe!sub_43aa30,39,0.2924,13339,20.016
fourteam_fire_prefix,36116,MSVCR120.dll!??2@YAPAXI@Z+0xe,39,0.2924,13339,20.016
fourteam_fire_prefix,36116,battlezone98redux.exe!sub_43b520,38,0.2849,13339,20.016
fourteam_fire_prefix,36116,MSVCR120.dll!floor+0x15,38,0.2849,13339,20.016
fourteam_fire_prefix,36116,ntdll.dll!write_char+0xc,38,0.2849,13339,20.016
fourteam_fire_prefix,36116,OgreMain.dll!?visit@SceneMgrQueuedRenderableVisitor@SceneManager@Ogre@@UAEXPAURenderablePass@3@@Z+0x48,38,0.2849,13339,20.016
fourteam_fire_prefix,36116,battlezone98redux.exe!sub_6116a0,38,0.2849,13339,20.016
fourteam_fire_prefix,36116,battlezone98redux.exe!sub_4aeb80,38,0.2849,13339,20.016
fourteam_fire_prefix,36116,battlezone98redux.exe!sub_4519a0,38,0.2849,13339,20.016
fourteam_fire_prefix,36116,OgreMain.dll!?tempSkelAnimBuffersBound@Entity@Ogre@@IBE_N_N@Z+0x5a,38,0.2849,13339,20.016
fourteam_fire_prefix,36116,ntdll.dll!__output_l+0xd2,38,0.2849,13339,20.016
fourteam_fire_prefix,36116,ntdll.dll!LdrpNameToOrdinal+0x3c,37,0.2774,13339,20.016
fourteam_fire_prefix,36116,battlezone98redux.exe!sub_455990,37,0.2774,13339,20.016
fourteam_fire_prefix,36116,nvwgf2um.dll!OpenAdapter10+0x74e6d,37,0.2774,13339,20.016
fourteam_fire_prefix,36116,battlezone98redux.exe!sub_7d6a70,37,0.2774,13339,20.016
fourteam_fire_prefix,36116,battlezone98redux.exe!sub_43bdc0,37,0.2774,13339,20.016
fourteam_fire_prefix,36116,OgreMain.dll!?visitRenderables@Entity@Ogre@@UAEXPAVVisitor@Renderable@2@_N@Z+0x2f,36,0.2699,13339,20.016
fourteam_fire_prefix,36116,battlezone98redux.exe!sub_62e780,36,0.2699,13339,20.016
fourteam_fire_prefix,36116,OgreMain.dll!?getWorldBoundingBox@Entity@Ogre@@UBEABVAxisAlignedBox@2@_N@Z+0x7d,36,0.2699,13339,20.016
fourteam_fire_prefix,36116,ntdll.dll!__output_l+0x30d,36,0.2699,13339,20.016
fourteam_fire_prefix,36116,ntdll.dll!_LdrpReleaseModuleDatatableLockShared@0+0xd,36,0.2699,13339,20.016
fourteam_fire_prefix,36116,battlezone98redux.exe!sub_45d240,35,0.2624,13339,20.016
fourteam_fire_prefix,36116,d3d11.dll+0x35ece,35,0.2624,13339,20.016
fourteam_fire_prefix,36116,nvwgf2um.dll!OpenAdapter10+0x72b2d,35,0.2624,13339,20.016
fourteam_fire_prefix,36116,battlezone98redux.exe!sub_62e710,35,0.2624,13339,20.016
fourteam_fire_prefix,36116,ntdll.dll!_RtlCustomCPToUnicodeN@24+0x6f,34,0.2549,13339,20.016
fourteam_fire_prefix,36116,WINMM.dll@6e1d0000!BZROpenShim::LegacyWorldUpdateRenderQueueHook+0x21d,34,0.2549,13339,20.016
fourteam_fire_prefix,36116,battlezone98redux.exe!sub_6832c8,34,0.2549,13339,20.016
fourteam_fire_prefix,36116,battlezone98redux.exe!sub_678950,34,0.2549,13339,20.016
fourteam_fire_prefix,36116,KERNELBASE.dll!GetModuleHandleA+0x23,34,0.2549,13339,20.016
fourteam_fire_prefix,36116,OgreMain.dll!?_setPass@SceneManager@Ogre@@UAEPBVPass@2@PBV32@_N1@Z+0x9c0,33,0.2474,13339,20.016
fourteam_fire_prefix,36116,RenderSystem_Direct3D11.dll!?_render@D3D11RenderSystem@Ogre@@UAEXABVRenderOperation@2@@Z+0x177,33,0.2474,13339,20.016
fourteam_fire_prefix,36116,KERNELBASE.dll!GetModuleHandleW+0x2e,33,0.2474,13339,20.016
fourteam_fire_prefix,36116,ntdll.dll!_LdrGetDllHandle@16+0x18,33,0.2474,13339,20.016
fourteam_fire_prefix,36116,battlezone98redux.exe!sub_593570,33,0.2474,13339,20.016
fourteam_fire_prefix,36116,battlezone98redux.exe!sub_583f30,33,0.2474,13339,20.016
fourteam_fire_prefix,36116,battlezone98redux.exe!sub_4428b0,33,0.2474,13339,20.016
fourteam_fire_prefix,36116,MSVCR120.dll!__libm_sse2_acosf+0xa6,32,0.2399,13339,20.016
fourteam_fire_prefix,36116,battlezone98redux.exe!sub_6854b0,32,0.2399,13339,20.016
fourteam_fire_prefix,36116,RenderSystem_Direct3D11.dll!?_render@D3D11RenderSystem@Ogre@@UAEXABVRenderOperation@2@@Z+0xe2,32,0.2399,13339,20.016
fourteam_fire_prefix,36116,d3d11.dll+0x36548,32,0.2399,13339,20.016
fourteam_fire_prefix,36116,battlezone98redux.exe!sub_44cb70,32,0.2399,13339,20.016
fourteam_fire_prefix,36116,d3d11.dll+0x2b07d,31,0.2324,13339,20.016
fourteam_fire_prefix,36116,d3d11.dll!D3D11CoreCreateLayeredDevice+0x942,31,0.2324,13339,20.016
fourteam_fire_prefix,36116,ntdll.dll!LdrpNameToOrdinal+0x36,31,0.2324,13339,20.016
fourteam_fire_prefix,36116,RenderSystem_Direct3D11.dll!?uninstall@D3D11Plugin@Ogre@@UAEXXZ+0x625f,31,0.2324,13339,20.016
fourteam_fire_prefix,36116,OgreMain.dll!?buffersCheckedOut@TempBlendedBufferInfo@Ogre@@QBE_N_N0@Z+0x35,31,0.2324,13339,20.016
fourteam_fire_prefix,36116,OgreMain.dll!?prepareShadowTextures@SceneManager@Ogre@@UAEXPAVCamera@2@PAVViewport@2@PBV?$HashedVector@PAVLight@Ogre@@@2@@Z+0x377,31,0.2324,13339,20.016
fourteam_fire_prefix,36116,OgreMain.dll!?getShadowCamera@PSSMShadowCameraSetup@Ogre@@UBEXPBVSceneManager@2@PBVCamera@2@PBVViewport@2@PBVLight@2@PAV42@I@Z+0xbc,31,0.2324,13339,20.016
fourteam_fire_prefix,36116,OgreMain.dll!?_findVisibleObjects@SceneNode@Ogre@@UAEXPAVCamera@2@PAVRenderQueue@2@PAUVisibleObjectsBoundsInfo@2@_N33@Z+0x7e,31,0.2324,13339,20.016
fourteam_fire_prefix,36116,OgreMain.dll!?isInLightRange@Light@Ogre@@QBE_NABVSphere@2@@Z+0x172,31,0.2324,13339,20.016
fourteam_fire_prefix,36116,win32u.dll!_NtUserPeekMessage@24+0xc,30,0.2249,13339,20.016
fourteam_fire_prefix,36116,battlezone98redux.exe!sub_784180,30,0.2249,13339,20.016
fourteam_fire_prefix,36116,d3d11.dll+0x2704e,30,0.2249,13339,20.016
fourteam_fire_prefix,36116,OgreMain.dll!?_issueRenderOp@SceneManager@Ogre@@UAEXPAVRenderable@2@PBVPass@2@@Z+0x64,30,0.2249,13339,20.016
fourteam_fire_prefix,36116,battlezone98redux.exe!sub_5938f0,30,0.2249,13339,20.016
fourteam_fire_prefix,36116,ntdll.dll!_RtlpGetCodePageData@4+0x18,30,0.2249,13339,20.016
fourteam_fire_prefix,36116,OgreMain.dll!?getWorldBoundingBox@MovableObject@Ogre@@UBEABVAxisAlignedBox@2@_N@Z+0x67,29,0.2174,13339,20.016
fourteam_fire_prefix,36116,OgreMain.dll!?getWorldBoundingBox@MovableObject@Ogre@@UBEABVAxisAlignedBox@2@_N@Z+0x12,29,0.2174,13339,20.016
fourteam_fire_prefix,36116,OgreMain.dll!?processVisibleObject@RenderQueue@Ogre@@QAEXPAVMovableObject@2@PAVCamera@2@_NPAUVisibleObjectsBoundsInfo@2@@Z+0xd9,29,0.2174,13339,20.016
fourteam_fire_prefix,36116,ntdll.dll!write_char+0x3,29,0.2174,13339,20.016
fourteam_fire_prefix,36116,OgreMain.dll!?getBestTechnique@Material@Ogre@@QAEPAVTechnique@2@GPBVRenderable@2@@Z+0x4c,28,0.2099,13339,20.016
fourteam_fire_prefix,36116,battlezone98redux.exe!sub_440130,28,0.2099,13339,20.016
fourteam_fire_prefix,36116,ntdll.dll!_RtlpIsUtf8Process@4+0x3,28,0.2099,13339,20.016
fourteam_fire_prefix,36116,battlezone98redux.exe!sub_44ecb0,28,0.2099,13339,20.016
fourteam_fire_prefix,36116,ntdll.dll!_RtlCustomCPToUnicodeN@24+0x104,28,0.2099,13339,20.016
fourteam_fire_prefix,36116,OgreMain.dll!?isInLightRange@Light@Ogre@@QBE_NABVSphere@2@@Z+0x74,28,0.2099,13339,20.016
fourteam_fire_prefix,36116,OgreMain.dll!?processVisibleObject@RenderQueue@Ogre@@QAEXPAVMovableObject@2@PAVCamera@2@_NPAUVisibleObjectsBoundsInfo@2@@Z+0xd1,27,0.2024,13339,20.016
fourteam_fire_prefix,36116,ntdll.dll!_RtlAnsiCharToUnicodeChar@4+0x9d,27,0.2024,13339,20.016
fourteam_fire_prefix,36116,ntdll.dll!write_string+0xd,27,0.2024,13339,20.016
fourteam_fire_prefix,36116,battlezone98redux.exe!sub_44eb20,27,0.2024,13339,20.016
fourteam_fire_prefix,36116,OgreMain.dll!?getVertexProgram@Pass@Ogre@@QBEABV?$SharedPtr@VGpuProgram@Ogre@@@2@XZ+0xc,27,0.2024,13339,20.016
fourteam_fire_prefix,36116,OgreMain.dll!?setOrientation@Node@Ogre@@UAEXABVQuaternion@2@@Z+0x35,27,0.2024,13339,20.016
fourteam_fire_prefix,36116,ntdll.dll!_RtlpGetCodePageData@4,27,0.2024,13339,20.016
fourteam_fire_prefix,36116,WINMM.dll@6e1d0000!BZROpenShim::`anonymous namespace'::DecideFrustumCull+0x5d,26,0.1949,13339,20.016
fourteam_fire_prefix,36116,OgreMain.dll!?needUpdate@Node@Ogre@@UAEX_N@Z+0x31,26,0.1949,13339,20.016
fourteam_fire_prefix,36116,OgreMain.dll!?renderQueueStarted@RQListener@CompositorChain@Ogre@@UAEXEABV?$basic_string@DU?$char_traits@D@std@@V?$allocator@D@2@@std@@AA_N@Z+0x1c,26,0.1949,13339,20.016
fourteam_fire_prefix,36116,OgreMain.dll!?getHasInstanceData@VertexBufferBinding@Ogre@@UBE_NXZ+0x13,26,0.1949,13339,20.016
fourteam_fire_prefix,36116,battlezone98redux.exe!sub_6809f0,26,0.1949,13339,20.016
fourteam_fire_prefix,36116,RenderSystem_Direct3D11.dll!?getILayoutByShader@D3D11VertexDeclaration@Ogre@@IAEPAUID3D11InputLayout@@PAVD3D11HLSLProgram@2@PAVVertexBufferBinding@2@@Z+0x253,26,0.1949,13339,20.016
fourteam_fire_prefix,36116,ntdll.dll!_RtlUnicodeToCustomCPN@24+0xcd,26,0.1949,13339,20.016
fourteam_fire_prefix,36116,dxgi.dll!CompatString+0x2600,26,0.1949,13339,20.016
fourteam_fire_prefix,36116,OgreMain.dll!?_updateBounds@SceneNode@Ogre@@UAEXXZ+0x19c,26,0.1949,13339,20.016
fourteam_fire_prefix,36116,OgreMain.dll!?isVisible@ShadowRenderable@Ogre@@UBE_NXZ+0x236,26,0.1949,13339,20.016
fourteam_fire_prefix,36116,ntdll.dll!write_string+0x64,26,0.1949,13339,20.016
fourteam_fire_prefix,36116,MSVCR120.dll!__libm_sse2_acosf+0x4c,25,0.1874,13339,20.016
fourteam_fire_prefix,36116,OgreMain.dll!?requestUpdate@Node@Ogre@@UAEXPAV12@_N@Z+0x29,25,0.1874,13339,20.016
fourteam_fire_prefix,36116,OgreMain.dll!?renderSingleObject@SceneManager@Ogre@@MAEXPAVRenderable@2@PBVPass@2@_N2PBV?$HashedVector@PAVLight@Ogre@@@2@@Z+0x7fb,25,0.1874,13339,20.016
fourteam_fire_prefix,36116,OgreMain.dll!?findLightsAffectingFrustum@SceneManager@Ogre@@MAEXPBVCamera@2@@Z+0x119,25,0.1874,13339,20.016
fourteam_fire_prefix,36116,WINMM.dll@6e1d0000!BZROpenShim::DynamicGeometrySetSquaredViewDepthHook+0x4b,24,0.1799,13339,20.016
fourteam_fire_prefix,36116,OgreMain.dll!?getSide@Plane@Ogre@@QBE?AW4Side@12@ABVVector3@2@0@Z+0xe,24,0.1799,13339,20.016
fourteam_fire_prefix,36116,battlezone98redux.exe!sub_680fe0,24,0.1799,13339,20.016
fourteam_fire_prefix,36116,OgreMain.dll!?flushUpTo@RQListener@CompositorChain@Ogre@@QAEXE@Z+0x27,24,0.1799,13339,20.016
fourteam_fire_prefix,36116,OgreMain.dll!?clone@Animation@Ogre@@QBEPAV12@ABV?$basic_string@DU?$char_traits@D@std@@V?$allocator@D@2@@std@@@Z+0x283,24,0.1799,13339,20.016
fourteam_fire_prefix,36116,RenderSystem_Direct3D11.dll!?getILayoutByShader@D3D11VertexDeclaration@Ogre@@IAEPAUID3D11InputLayout@@PAVD3D11HLSLProgram@2@PAVVertexBufferBinding@2@@Z+0x24f,24,0.1799,13339,20.016
fourteam_fire_prefix,36116,battlezone98redux.exe!sub_4a08e0,24,0.1799,13339,20.016
fourteam_fire_prefix,36116,ntdll.dll!__output_l+0xec,24,0.1799,13339,20.016
fourteam_fire_prefix,36116,ntdll.dll!_RtlMultiByteToUnicodeN@20+0x13,23,0.1724,13339,20.016
fourteam_fire_prefix,36116,OgreMain.dll!?_updateBounds@SceneNode@Ogre@@UAEXXZ+0x2e,23,0.1724,13339,20.016
fourteam_fire_prefix,36116,battlezone98redux.exe!sub_679830,23,0.1724,13339,20.016
fourteam_fire_prefix,36116,battlezone98redux.exe!sub_67a780,23,0.1724,13339,20.016
fourteam_fire_prefix,36116,battlezone98redux.exe!sub_593200,23,0.1724,13339,20.016
fourteam_fire_prefix,36116,battlezone98redux.exe!sub_4ff750,23,0.1724,13339,20.016
fourteam_fire_prefix,36116,battlezone98redux.exe!sub_4db100,23,0.1724,13339,20.016
fourteam_fire_prefix,36116,RenderSystem_Direct3D11.dll!?_render@D3D11RenderSystem@Ogre@@UAEXABVRenderOperation@2@@Z+0x2ba,23,0.1724,13339,20.016
fourteam_fire_prefix,36116,d3d11.dll!D3D11CoreCreateDevice+0xa057,23,0.1724,13339,20.016
fourteam_fire_prefix,36116,battlezone98redux.exe!sub_4ff320,22,0.1649,13339,20.016
fourteam_fire_prefix,36116,ntdll.dll!_RtlMultiByteToUnicodeN@20+0x23,22,0.1649,13339,20.016
fourteam_fire_prefix,36116,d3d11.dll!D3D11CoreCreateLayeredDevice+0x9df,22,0.1649,13339,20.016
fourteam_fire_prefix,36116,d3d11.dll+0x30af7,22,0.1649,13339,20.016
fourteam_fire_prefix,36116,battlezone98redux.exe!sub_81fa10,22,0.1649,13339,20.016
fourteam_fire_prefix,36116,battlezone98redux.exe!sub_4dfbf0,22,0.1649,13339,20.016
fourteam_fire_prefix,36116,battlezone98redux.exe!sub_81e1e0,22,0.1649,13339,20.016
fourteam_fire_prefix,36116,battlezone98redux.exe!sub_480450,22,0.1649,13339,20.016
fourteam_fire_prefix,36116,battlezone98redux.exe!sub_585680,22,0.1649,13339,20.016
fourteam_fire_prefix,36116,battlezone98redux.exe!sub_585560,22,0.1649,13339,20.016
fourteam_fire_prefix,36116,ntdll.dll!_RtlAnsiCharToUnicodeChar@4+0x84,22,0.1649,13339,20.016
fourteam_fire_prefix,36116,WINMM.dll@6e1d0000!BZROpenShim::ChunkEffectSimulateHook+0x298,22,0.1649,13339,20.016
fourteam_fire_prefix,36116,ntdll.dll!__fputwc_nolock+0x2,21,0.1574,13339,20.016
fourteam_fire_prefix,36116,battlezone98redux.exe!sub_4f90a0,21,0.1574,13339,20.016
fourteam_fire_prefix,36116,battlezone98redux.exe!sub_4f90f0,21,0.1574,13339,20.016
fourteam_fire_prefix,36116,d3d11.dll!CreateDirect3D11DeviceFromDXGIDevice+0x9da47,21,0.1574,13339,20.016
fourteam_fire_prefix,36116,d3d11.dll+0x31412,21,0.1574,13339,20.016
fourteam_fire_prefix,36116,WINMM.dll@6e1d0000!BZROpenShim::`anonymous namespace'::RefreshHeadlightState+0x38,21,0.1574,13339,20.016
fourteam_fire_prefix,36116,ntdll.dll!__wctomb_s_l+0x68,21,0.1574,13339,20.016
fourteam_fire_prefix,36116,OgreMain.dll!?ACos@Math@Ogre@@SA?AVRadian@2@M@Z+0x8,21,0.1574,13339,20.016
fourteam_fire_prefix,36116,RenderSystem_Direct3D11.dll!?getConstantBuffer@D3D11HLSLProgram@Ogre@@QAEPAUID3D11Buffer@@V?$SharedPtr@VGpuProgramParameters@Ogre@@@2@G@Z+0xa4,21,0.1574,13339,20.016
fourteam_fire_prefix,36116,battlezone98redux.exe!sub_680bd0,21,0.1574,13339,20.016
fourteam_fire_prefix,36116,battlezone98redux.exe!sub_4621a0,21,0.1574,13339,20.016
fourteam_fire_prefix,36116,d3d11.dll!D3D11CoreCreateDevice+0xa024,21,0.1574,13339,20.016
fourteam_fire_prefix,36116,ntdll.dll!write_char+0x9,21,0.1574,13339,20.016
fourteam_fire_prefix,36116,ntdll.dll!LdrpNameToOrdinal+0x7c,21,0.1574,13339,20.016
fourteam_fire_prefix,36116,battlezone98redux.exe!sub_5dc300,20,0.1499,13339,20.016
fourteam_fire_prefix,36116,OgreMain.dll!?updatePoint@RotationalSpline@Ogre@@QAEXGABVQuaternion@2@@Z+0xafcf,20,0.1499,13339,20.016
fourteam_fire_prefix,36116,ntdll.dll!_RtlpLocalInfoAllocFromCache@8+0x279,20,0.1499,13339,20.016
fourteam_fire_prefix,36116,OgreMain.dll!?findLightsAffectingFrustum@SceneManager@Ogre@@MAEXPBVCamera@2@@Z+0xd8,20,0.1499,13339,20.016
fourteam_fire_prefix,36116,RenderSystem_Direct3D11.dll!?bindGpuProgramParameters@D3D11RenderSystem@Ogre@@UAEXW4GpuProgramType@2@V?$SharedPtr@VGpuProgramParameters@Ogre@@@2@G@Z+0x187,20,0.1499,13339,20.016
fourteam_fire_prefix,36116,ntdll.dll!__aulldvrm+0x2f,20,0.1499,13339,20.016
fourteam_fire_prefix,36116,OgreMain.dll!?_calcTempSquareDist@Light@Ogre@@QAEXABVVector3@2@@Z+0x28,20,0.1499,13339,20.016
fourteam_fire_prefix,36116,ntdll.dll!_RtlUnicodeToMultiByteN@20,20,0.1499,13339,20.016
fourteam_fire_prefix,36116,nvwgf2um.dll!SetDependencyInfo+0x5a32d,20,0.1499,13339,20.016
fourteam_fire_prefix,36116,nvwgf2um.dll!SetDependencyInfo+0x55f6b,20,0.1499,13339,20.016
fourteam_fire_prefix,36116,battlezone98redux.exe!back,20,0.1499,13339,20.016
fourteam_fire_prefix,36116,dxgi.dll!DXGIGetDebugInterface1+0x204dd,20,0.1499,13339,20.016
fourteam_fire_prefix,36116,OgreMain.dll!?getBestTechnique@Material@Ogre@@QAEPAVTechnique@2@GPBVRenderable@2@@Z+0x8b,20,0.1499,13339,20.016
fourteam_fire_prefix,36116,OgreMain.dll!?_writeRawConstant@GpuProgramParameters@Ogre@@QAEXIABVColourValue@2@I@Z+0x25,20,0.1499,13339,20.016
fourteam_fire_prefix,36116,RenderSystem_Direct3D11.dll!?getILayoutByShader@D3D11VertexDeclaration@Ogre@@IAEPAUID3D11InputLayout@@PAVD3D11HLSLProgram@2@PAVVertexBufferBinding@2@@Z+0x6a,20,0.1499,13339,20.016
fourteam_fire_prefix,36116,ntdll.dll!__output_l+0x809,20,0.1499,13339,20.016
fourteam_fire_prefix,36116,ntdll.dll!__output_l+0x841,20,0.1499,13339,20.016
fourteam_fire_prefix,36116,ntdll.dll!_RtlAnsiCharToUnicodeChar@4+0x9,20,0.1499,13339,20.016
fourteam_fire_prefix,36116,ntdll.dll!_RtlCustomCPToUnicodeN@24+0xc,20,0.1499,13339,20.016
fourteam_fire_prefix,36116,battlezone98redux.exe!sub_679610,19,0.1424,13339,20.016
fourteam_fire_prefix,36116,ntdll.dll!_RtlUnicodeToCustomCPN@24+0xc,19,0.1424,13339,20.016
fourteam_fire_prefix,36116,battlezone98redux.exe!sub_445d90,19,0.1424,13339,20.016
fourteam_fire_prefix,36116,battlezone98redux.exe!get,19,0.1424,13339,20.016
fourteam_fire_prefix,36116,d3d11.dll!D3D11CoreCreateDevice+0x9538,19,0.1424,13339,20.016
fourteam_fire_prefix,36116,RenderSystem_Direct3D11.dll!?_render@D3D11RenderSystem@Ogre@@UAEXABVRenderOperation@2@@Z+0x5b4,19,0.1424,13339,20.016
fourteam_fire_prefix,36116,d3d11.dll!CreateDirect3D11DeviceFromDXGIDevice+0x9f925,19,0.1424,13339,20.016
fourteam_fire_prefix,36116,d3d11.dll!CreateDirect3D11DeviceFromDXGIDevice+0x9f9c3,19,0.1424,13339,20.016
fourteam_fire_prefix,36116,dxgi.dll!DXGIGetDebugInterface1+0x209d0,19,0.1424,13339,20.016
fourteam_fire_prefix,36116,OgreMain.dll!?addRenderable@RenderPriorityGroup@Ogre@@QAEXPAVRenderable@2@PAVTechnique@2@@Z+0xb5,19,0.1424,13339,20.016
fourteam_fire_prefix,36116,ntdll.dll!_RtlUnicodeToMultiByteN@20+0xd,19,0.1424,13339,20.016
fourteam_fire_prefix,36116,OgreMain.dll!?getHasInstanceData@VertexBufferBinding@Ogre@@UBE_NXZ+0x17,19,0.1424,13339,20.016
fourteam_fire_prefix,36116,ntdll.dll!_RtlEnterCriticalSection@4+0x25,19,0.1424,13339,20.016
fourteam_fire_prefix,36116,ntdll.dll!__woutput_l+0x382,19,0.1424,13339,20.016
fourteam_fire_prefix,36116,OgreMain.dll!?_renderScene@SceneManager@Ogre@@UAEXPAVCamera@2@PAVViewport@2@_N@Z+0x350,19,0.1424,13339,20.016
fourteam_fire_prefix,36116,ntdll.dll!_RtlCustomCPToUnicodeN@24+0x70,19,0.1424,13339,20.016
fourteam_fire_prefix,36116,OgreMain.dll!?getDerivedPosition@Light@Ogre@@QBEABVVector3@2@_N@Z+0xe,18,0.1349,13339,20.016
fourteam_fire_prefix,36116,battlezone98redux.exe!sub_44d670,18,0.1349,13339,20.016
fourteam_fire_prefix,36116,OgreMain.dll!?_updateAutoParams@GpuProgramParameters@Ogre@@QAEXPBVAutoParamDataSource@2@G@Z+0x1a72,18,0.1349,13339,20.016
fourteam_fire_prefix,36116,OgreMain.dll+0x21c01,18,0.1349,13339,20.016
fourteam_fire_prefix,36116,battlezone98redux.exe!sub_4440d0,18,0.1349,13339,20.016
fourteam_fire_prefix,36116,OgreMain.dll!?addSolidRenderable@RenderPriorityGroup@Ogre@@IAEXPAVTechnique@2@PAVRenderable@2@_N@Z+0x42,18,0.1349,13339,20.016
fourteam_fire_prefix,36116,battlezone98redux.exe!sub_43a170,18,0.1349,13339,20.016
fourteam_fire_prefix,36116,RenderSystem_Direct3D11.dll!?_render@D3D11RenderSystem@Ogre@@UAEXABVRenderOperation@2@@Z+0x5b,18,0.1349,13339,20.016
fourteam_fire_prefix,36116,battlezone98redux.exe!sub_784100,18,0.1349,13339,20.016
fourteam_fire_prefix,36116,battlezone98redux.exe!sub_780c70,18,0.1349,13339,20.016
fourteam_fire_prefix,36116,battlezone98redux.exe!sub_7753c0,18,0.1349,13339,20.016
fourteam_fire_prefix,36116,OgreMain.dll!?getProgram@Pass@Ogre@@IBEABV?$SharedPtr@VGpuProgram@Ogre@@@2@PBQAVGpuProgramUsage@2@@Z+0x1c,18,0.1349,13339,20.016
fourteam_fire_prefix,36116,battlezone98redux.exe!sub_62bf70,18,0.1349,13339,20.016
fourteam_fire_prefix,36116,KERNELBASE.dll!OutputDebugStringA+0x50,18,0.1349,13339,20.016
fourteam_fire_prefix,36116,battlezone98redux.exe!sub_68c560,18,0.1349,13339,20.016
fourteam_fire_prefix,36116,battlezone98redux.exe!sub_44d180,18,0.1349,13339,20.016
fourteam_fire_prefix,36116,ntdll.dll!_LdrpGetProcedureAddress@16+0x20,18,0.1349,13339,20.016
fourteam_fire_prefix,36116,OgreMain.dll!?getParameters@GpuProgramUsage@Ogre@@QAE?AV?$SharedPtr@VGpuProgramParameters@Ogre@@@2@XZ+0xe7,18,0.1349,13339,20.016
fourteam_fire_prefix,36116,ntdll.dll!_RtlpGetCodePageData@4+0x23,18,0.1349,13339,20.016
fourteam_fire_prefix,36116,ntdll.dll!__output_l+0x558,18,0.1349,13339,20.016
fourteam_fire_prefix,36116,WINMM.dll@6e1d0000!BZROpenShim::`anonymous namespace'::TrackChunkEffectActiveEntries+0x3b7,18,0.1349,13339,20.016
fourteam_fire_prefix,36116,dxgi.dll!DXGIGetDebugInterface1+0x20602,17,0.1274,13339,20.016
fourteam_fire_prefix,36116,MSVCR120.dll!log2f+0x11,17,0.1274,13339,20.016
fourteam_fire_prefix,36116,nvwgf2um.dll!OpenAdapter10+0x7459d,17,0.1274,13339,20.016
fourteam_fire_prefix,36116,d3d11.dll!CreateDirect3D11DeviceFromDXGIDevice+0x8ee16,17,0.1274,13339,20.016
fourteam_fire_prefix,36116,ntdll.dll!_RtlUnicodeToCustomCPN@24,17,0.1274,13339,20.016
fourteam_fire_prefix,36116,ntdll.dll!_LdrpSetSnapsUnicodeString2@0+0x12,17,0.1274,13339,20.016
fourteam_fire_prefix,36116,battlezone98redux.exe!sub_774f80,17,0.1274,13339,20.016
fourteam_fire_prefix,36116,OgreMain.dll!?_findVisibleObjects@SceneNode@Ogre@@UAEXPAVCamera@2@PAVRenderQueue@2@PAUVisibleObjectsBoundsInfo@2@_N33@Z+0x4c,17,0.1274,13339,20.016
fourteam_fire_prefix,36116,OgreMain.dll!?getValue@LodStrategy@Ogre@@QBEMPBVMovableObject@2@PBVCamera@2@@Z+0x1e,17,0.1274,13339,20.016
fourteam_fire_prefix,36116,ntdll.dll!write_char+0x18,17,0.1274,13339,20.016
fourteam_fire_prefix,36116,ntdll.dll!__output_l+0x7c2,17,0.1274,13339,20.016
fourteam_fire_prefix,36116,ntdll.dll!_RtlMultiByteToUnicodeN@20+0x8,17,0.1274,13339,20.016
fourteam_fire_prefix,36116,OgreMain.dll!?_updateAutoParams@GpuProgramParameters@Ogre@@QAEXPBVAutoParamDataSource@2@G@Z+0x1cbc,17,0.1274,13339,20.016
fourteam_fire_prefix,36116,ntdll.dll!_RtlpIsUtf8Process@4+0xb,17,0.1274,13339,20.016
fourteam_fire_prefix,36116,ntdll.dll!_RtlUnicodeToMultiByteN@20+0x23,17,0.1274,13339,20.016
fourteam_fire_prefix,36116,nvwgf2um.dll!SetDependencyInfo+0x5560f,17,0.1274,13339,20.016
fourteam_fire_prefix,36116,ntdll.dll!_ZwReleaseSemaphore@12+0xc,17,0.1274,13339,20.016
fourteam_fire_prefix,36116,battlezone98redux.exe!sub_5035c0,17,0.1274,13339,20.016
fourteam_fire_prefix,36116,OgreMain.dll!?findLightsAffectingFrustum@SceneManager@Ogre@@MAEXPBVCamera@2@@Z+0xc0,17,0.1274,13339,20.016
fourteam_fire_prefix,36116,ntdll.dll!__wctomb_s_l+0x48,17,0.1274,13339,20.016
fourteam_fire_prefix,36116,ntdll.dll!__wctomb_s_l+0x9,16,0.1199,13339,20.016
fourteam_fire_prefix,36116,battlezone98redux.exe!sub_5fa6e0,16,0.1199,13339,20.016
fourteam_fire_prefix,36116,battlezone98redux.exe!sub_820180,16,0.1199,13339,20.016
fourteam_fire_prefix,36116,ntdll.dll!__fputwc_nolock+0x31,16,0.1199,13339,20.016
fourteam_fire_prefix,36116,battlezone98redux.exe!sub_678779,16,0.1199,13339,20.016
fourteam_fire_prefix,36116,OgreMain.dll!?getNumWorldTransforms@SubEntity@Ogre@@UBEGXZ+0x15,16,0.1199,13339,20.016
fourteam_fire_prefix,36116,RenderSystem_Direct3D11.dll!?getConstantBuffer@D3D11HLSLProgram@Ogre@@QAEPAUID3D11Buffer@@V?$SharedPtr@VGpuProgramParameters@Ogre@@@2@G@Z+0xe7,16,0.1199,13339,20.016
fourteam_fire_prefix,36116,ntdll.dll!__woutput_l+0x8b5,16,0.1199,13339,20.016
fourteam_fire_prefix,36116,battlezone98redux.exe!sub_451370,16,0.1199,13339,20.016
fourteam_fire_prefix,36116,OgreMain.dll!?getViewMatrix@AutoParamDataSource@Ogre@@UBEABVMatrix4@2@XZ+0x7c,16,0.1199,13339,20.016
fourteam_fire_prefix,36116,ntdll.dll!_RtlpGetCodePageData@4+0x5,16,0.1199,13339,20.016
fourteam_fire_prefix,36116,battlezone98redux.exe!sub_82c82c,16,0.1199,13339,20.016
fourteam_fire_prefix,36116,RenderSystem_Direct3D11.dll!?_render@D3D11RenderSystem@Ogre@@UAEXABVRenderOperation@2@@Z+0x1a07,16,0.1199,13339,20.016
fourteam_fire_prefix,36116,ntdll.dll!__output_l+0x84f,16,0.1199,13339,20.016
fourteam_fire_prefix,36116,RenderSystem_Direct3D11.dll!?getMonitorSequentialNumberFromSwapChain@MonitorInfo@Ogre@@QAEGPAUIDXGISwapChain@@_N@Z+0x27a7,16,0.1199,13339,20.016
fourteam_fire_prefix,36116,OgreMain.dll!?getFragmentProgramParameters@Pass@Ogre@@QBE?AV?$SharedPtr@VGpuProgramParameters@Ogre@@@2@XZ+0x45,16,0.1199,13339,20.016
fourteam_fire_prefix,36116,OgreMain.dll+0x3942d,16,0.1199,13339,20.016
fourteam_fire_prefix,36116,OgreMain.dll!?_updateAutoParams@GpuProgramParameters@Ogre@@QAEXPBVAutoParamDataSource@2@G@Z+0x125b,16,0.1199,13339,20.016
fourteam_fire_prefix,36116,RenderSystem_Direct3D11.dll!?_render@D3D11RenderSystem@Ogre@@UAEXABVRenderOperation@2@@Z+0x132f,16,0.1199,13339,20.016
fourteam_fire_prefix,36116,ntdll.dll!_RtlAnsiCharToUnicodeChar@4+0x8f,16,0.1199,13339,20.016
fourteam_fire_prefix,36116,battlezone98redux.exe!sub_6e1e90,16,0.1199,13339,20.016
fourteam_fire_prefix,36116,battlezone98redux.exe!sub_6dba70,16,0.1199,13339,20.016
fourteam_fire_prefix,36116,battlezone98redux.exe!sub_81e660,16,0.1199,13339,20.016
fourteam_fire_prefix,36116,OgreMain.dll!?findLightsAffectingFrustum@SceneManager@Ogre@@MAEXPBVCamera@2@@Z+0xca,16,0.1199,13339,20.016
fourteam_fire_prefix,36116,ntdll.dll!_RtlUnicodeToCustomCPN@24+0x43,16,0.1199,13339,20.016
fourteam_fire_prefix,36116,WINMM.dll@6e1d0000!BZROpenShim::`anonymous namespace'::HookCreateSRV+0x19,15,0.1125,13339,20.016
fourteam_fire_prefix,36116,battlezone98redux.exe!sub_5faac0,15,0.1125,13339,20.016
fourteam_fire_prefix,36116,battlezone98redux.exe!sub_5fb450,15,0.1125,13339,20.016
fourteam_fire_prefix,36116,battlezone98redux.exe!sub_68ca30,15,0.1125,13339,20.016
fourteam_fire_prefix,36116,OgreMain.dll!?updatePoint@RotationalSpline@Ogre@@QAEXGABVQuaternion@2@@Z+0xb054,15,0.1125,13339,20.016
fourteam_fire_prefix,36116,ntdll.dll!_wctomb_s+0x5,15,0.1125,13339,20.016
fourteam_fire_prefix,36116,battlezone98redux.exe!sub_447e50,15,0.1125,13339,20.016
fourteam_fire_prefix,36116,OgreMain.dll!?getShadowCamera@LiSPSMShadowCameraSetup@Ogre@@UBEXPBVSceneManager@2@PBVCamera@2@PBVViewport@2@PBVLight@2@PAV42@I@Z+0x277,15,0.1125,13339,20.016
fourteam_fire_prefix,36116,ntdll.dll!_LdrGetDllHandleEx@20+0x61,15,0.1125,13339,20.016
fourteam_fire_prefix,36116,battlezone98redux.exe!_Vector_iterator<>,15,0.1125,13339,20.016
fourteam_fire_prefix,36116,ntdll.dll!__output_l+0x828,15,0.1125,13339,20.016
fourteam_fire_prefix,36116,ntdll.dll!_RtlCustomCPToUnicodeN@24+0x43,15,0.1125,13339,20.016
fourteam_fire_prefix,36116,ntdll.dll!write_char+0x3b,15,0.1125,13339,20.016
fourteam_fire_prefix,36116,ntdll.dll!_RtlpGetCodePageData@4+0xf,15,0.1125,13339,20.016
fourteam_fire_prefix,36116,ntdll.dll!write_string+0x44,15,0.1125,13339,20.016
fourteam_fire_prefix,36116,ntdll.dll!_RtlCustomCPToUnicodeN@24+0x2c,15,0.1125,13339,20.016
fourteam_fire_prefix,36116,RenderSystem_Direct3D11.dll!?getILayoutByShader@D3D11VertexDeclaration@Ogre@@IAEPAUID3D11InputLayout@@PAVD3D11HLSLProgram@2@PAVVertexBufferBinding@2@@Z+0x52,15,0.1125,13339,20.016
fourteam_fire_prefix,36116,ntdll.dll!_KiUserExceptionDispatcher@8+0xf,15,0.1125,13339,20.016
fourteam_fire_prefix,36116,ntdll.dll!__aulldvrm+0x1d,15,0.1125,13339,20.016
fourteam_fire_prefix,36116,OgreMain.dll!?getMovableType@MovablePlane@Ogre@@UBEABV?$basic_string@DU?$char_traits@D@std@@V?$allocator@D@2@@std@@XZ+0xb21,15,0.1125,13339,20.016
fourteam_fire_prefix,36116,OgreMain.dll!??0LiSPSMShadowCameraSetup@Ogre@@QAE@XZ+0x8,15,0.1125,13339,20.016
fourteam_fire_prefix,36116,OgreMain.dll!?_updateBounds@SceneNode@Ogre@@UAEXXZ+0x193,15,0.1125,13339,20.016
fourteam_fire_prefix,36116,WINMM.dll@6e1d0000!BZROpenShim::ChunkEffectSimulateHook+0x5e,15,0.1125,13339,20.016
fourteam_fire_prefix,36116,OgreMain.dll!?prepareRenderQueue@SceneManager@Ogre@@MAEXXZ+0x2f,15,0.1125,13339,20.016
fourteam_fire_prefix,36116,ntdll.dll!__output_l+0x22d,15,0.1125,13339,20.016
fourteam_fire_prefix,36116,ntdll.dll!_wctomb_s+0x13,15,0.1125,13339,20.016
fourteam_fire_prefix,36116,ntdll.dll!_RtlCustomCPToUnicodeN@24,15,0.1125,13339,20.016
fourteam_fire_prefix,36116,battlezone98redux.exe!sub_67ec70,14,0.105,13339,20.016
fourteam_fire_prefix,36116,OgreMain.dll!?_updateAutoParams@GpuProgramParameters@Ogre@@QAEXPBVAutoParamDataSource@2@G@Z+0x1cf5,14,0.105,13339,20.016
fourteam_fire_prefix,36116,d3d11.dll+0x28a00,14,0.105,13339,20.016
fourteam_fire_prefix,36116,d3d11.dll+0x289ab,14,0.105,13339,20.016
fourteam_fire_prefix,36116,ntdll.dll!_mbtowc+0x39,14,0.105,13339,20.016
fourteam_fire_prefix,36116,OgreMain.dll!?getDerivedPosition@Light@Ogre@@QBEABVVector3@2@_N@Z+0x8,14,0.105,13339,20.016
fourteam_fire_prefix,36116,nvwgf2um.dll!OpenAdapter10+0x726fd,14,0.105,13339,20.016
fourteam_fire_prefix,36116,OgreMain.dll!?_updateAutoParams@GpuProgramParameters@Ogre@@QAEXPBVAutoParamDataSource@2@G@Z+0x1f65,14,0.105,13339,20.016
fourteam_fire_prefix,36116,nvwgf2um.dll!OpenAdapter10+0x74f64,14,0.105,13339,20.016
fourteam_fire_prefix,36116,OgreMain.dll!?deriveTextureRenderTargetOptions@CompositorInstance@Ogre@@AAEXABV?$basic_string@DU?$char_traits@D@std@@V?$allocator@D@2@@std@@PA_NPAIPAV34@@Z+0xcfc,14,0.105,13339,20.016
fourteam_fire_prefix,36116,d3d11.dll+0x2b4fb,14,0.105,13339,20.016
fourteam_fire_prefix,36116,WINMM.dll@6e1d0000!BZROpenShim::`anonymous namespace'::RefreshHeadlightState+0x43,14,0.105,13339,20.016
fourteam_fire_prefix,36116,OgreMain.dll!?lock@HardwareBuffer@Ogre@@UAEPAXIIW4LockOptions@12@W4UploadOptions@12@@Z+0x19c,14,0.105,13339,20.016
fourteam_fire_prefix,36116,OgreMain.dll!?isVisible@ShadowRenderable@Ogre@@UBE_NXZ+0x231,14,0.105,13339,20.016
fourteam_fire_prefix,36116,ntdll.dll!_memmove+0xb8,14,0.105,13339,20.016
fourteam_fire_prefix,36116,ntdll.dll!_RtlReleaseSRWLockShared@4+0x16,14,0.105,13339,20.016
fourteam_fire_prefix,36116,ntdll.dll!_RtlAnsiCharToUnicodeChar@4+0x4e,14,0.105,13339,20.016
fourteam_fire_prefix,36116,OgreMain.dll!?renderSingleObject@SceneManager@Ogre@@MAEXPAVRenderable@2@PBVPass@2@_N2PBV?$HashedVector@PAVLight@Ogre@@@2@@Z+0x87,14,0.105,13339,20.016
fourteam_fire_prefix,36116,battlezone98redux.exe!sub_7d6260,14,0.105,13339,20.016
fourteam_fire_prefix,36116,battlezone98redux.exe!sub_785730,14,0.105,13339,20.016
fourteam_fire_prefix,36116,battlezone98redux.exe!sub_439d00,14,0.105,13339,20.016
fourteam_fire_prefix,36116,ntdll.dll!_KiUserCallbackDispatcher@12+0x36,14,0.105,13339,20.016
fourteam_fire_prefix,36116,ntdll.dll!_RtlUnicodeToCustomCPN@24+0x2c,14,0.105,13339,20.016
fourteam_fire_prefix,36116,battlezone98redux.exe!sub_681a00,13,0.0975,13339,20.016
fourteam_fire_prefix,36116,battlezone98redux.exe!sub_62c8f0,13,0.0975,13339,20.016
fourteam_fire_prefix,36116,battlezone98redux.exe!sub_41fe40,13,0.0975,13339,20.016
fourteam_fire_prefix,36116,battlezone98redux.exe!sub_67dd60,13,0.0975,13339,20.016
fourteam_fire_prefix,36116,d3d11.dll!CreateDirect3D11DeviceFromDXGIDevice+0xbc53d,13,0.0975,13339,20.016
fourteam_fire_prefix,36116,ntdll.dll!__woutput_l+0x86b,13,0.0975,13339,20.016
fourteam_fire_prefix,36116,OgreMain.dll!?isInLightRange@Light@Ogre@@QBE_NABVSphere@2@@Z+0x7e,13,0.0975,13339,20.016
fourteam_fire_prefix,36116,d3d11.dll+0x30d82,13,0.0975,13339,20.016
fourteam_fire_prefix,36116,MSVCR120.dll!__libm_sse2_acosf+0xf3,13,0.0975,13339,20.016
fourteam_fire_prefix,36116,OgreMain.dll!?_renderScene@SceneManager@Ogre@@UAEXPAVCamera@2@PAVViewport@2@_N@Z+0x286,13,0.0975,13339,20.016
fourteam_fire_prefix,36116,RenderSystem_Direct3D11.dll!??0D3D11RenderWindowSwapChainBased@Ogre@@QAE@ABV01@@Z+0x9da,13,0.0975,13339,20.016
fourteam_fire_prefix,36116,d3d11.dll+0x31542,13,0.0975,13339,20.016
fourteam_fire_prefix,36116,RenderSystem_Direct3D11.dll!?_render@D3D11RenderSystem@Ogre@@UAEXABVRenderOperation@2@@Z+0x18cf,13,0.0975,13339,20.016
fourteam_fire_prefix,36116,OgreMain.dll!?getVertexProgramParameters@Pass@Ogre@@QBE?AV?$SharedPtr@VGpuProgramParameters@Ogre@@@2@XZ+0x60,13,0.0975,13339,20.016
fourteam_fire_prefix,36116,ntdll.dll!_memmove+0x35,13,0.0975,13339,20.016
fourteam_fire_prefix,36116,ntdll.dll!_RtlAnsiCharToUnicodeChar@4+0x1e,13,0.0975,13339,20.016
fourteam_fire_prefix,36116,RenderSystem_Direct3D11.dll!?_render@D3D11RenderSystem@Ogre@@UAEXABVRenderOperation@2@@Z+0x97,13,0.0975,13339,20.016
fourteam_fire_prefix,36116,OgreMain.dll!?ASin@Math@Ogre@@SA?AVRadian@2@M@Z+0x8,13,0.0975,13339,20.016
fourteam_fire_prefix,36116,OgreMain.dll!?_notifyCurrentCamera@Entity@Ogre@@UAEXPAVCamera@2@@Z+0x35,13,0.0975,13339,20.016
fourteam_fire_prefix,36116,OgreMain.dll!?getNumWorldTransforms@SubEntity@Ogre@@UBEGXZ+0xe,13,0.0975,13339,20.016
fourteam_fire_prefix,36116,battlezone98redux.exe!sub_6897e0,13,0.0975,13339,20.016
fourteam_fire_prefix,36116,ntdll.dll!__woutput_l+0xe0,13,0.0975,13339,20.016
fourteam_fire_prefix,36116,ntdll.dll!_RtlImageDirectoryEntryToData@16+0x1b,13,0.0975,13339,20.016
fourteam_fire_prefix,36116,battlezone98redux.exe!sub_820570,13,0.0975,13339,20.016
fourteam_fire_prefix,36116,OgreMain.dll!?_updateAutoParams@Pass@Ogre@@QBEXPBVAutoParamDataSource@2@G@Z+0xf1,13,0.0975,13339,20.016
fourteam_fire_prefix,36116,MSVCR120.dll!free+0x1a,13,0.0975,13339,20.016
fourteam_fire_prefix,36116,battlezone98redux.exe!sub_449910,13,0.0975,13339,20.016
fourteam_fire_prefix,36116,OgreMain.dll!?updateAnimation@Entity@Ogre@@IAEXXZ+0x38,13,0.0975,13339,20.016
fourteam_fire_prefix,36116,RenderSystem_Direct3D11.dll!?_render@D3D11RenderSystem@Ogre@@UAEXABVRenderOperation@2@@Z+0x3b7,13,0.0975,13339,20.016
fourteam_fire_prefix,36116,battlezone98redux.exe!sub_67bad0,13,0.0975,13339,20.016
fourteam_fire_prefix,36116,battlezone98redux.exe!sub_67ae70,13,0.0975,13339,20.016
fourteam_fire_prefix,36116,ntdll.dll!_RtlUnicodeToCustomCPN@24+0x5d,12,0.09,13339,20.016
fourteam_fire_prefix,36116,MSVCR120.dll!__libm_sse2_acosf+0x13d,12,0.09,13339,20.016
fourteam_fire_prefix,36116,OgreMain.dll!?renderSingleObject@SceneManager@Ogre@@MAEXPAVRenderable@2@PBVPass@2@_N2PBV?$HashedVector@PAVLight@Ogre@@@2@@Z+0x64,12,0.09,13339,20.016
fourteam_fire_prefix,36116,OgreMain.dll!?setViewport@SceneManager@Ogre@@MAEXPAVViewport@2@@Z+0x16,12,0.09,13339,20.016
fourteam_fire_prefix,36116,d3d11.dll!CreateDirect3D11DeviceFromDXGIDevice+0xa0679,12,0.09,13339,20.016
fourteam_fire_prefix,36116,battlezone98redux.exe!sub_764a10,12,0.09,13339,20.016
fourteam_fire_prefix,36116,OgreMain.dll!?getValueImpl@DistanceLodStrategyBase@Ogre@@MBEMPBVMovableObject@2@PBVCamera@2@@Z+0x15,12,0.09,13339,20.016
fourteam_fire_prefix,36116,uxtheme.dll!GetImmersiveUserColorSetPreference+0x1195f,12,0.09,13339,20.016
fourteam_fire_prefix,36116,uxtheme.dll!GetImmersiveUserColorSetPreference+0x1113f,12,0.09,13339,20.016
fourteam_fire_prefix,36116,USER32.dll!SystemParametersInfoA+0x66,12,0.09,13339,20.016
fourteam_fire_prefix,36116,uxtheme.dll!EnableThemeDialogTexture+0x1143,12,0.09,13339,20.016
fourteam_fire_prefix,36116,dxgi.dll!DXGIDisableVBlankVirtualization+0x20a1e,12,0.09,13339,20.016
fourteam_fire_prefix,36116,battlezone98redux.exe!sub_6786f0,12,0.09,13339,20.016
fourteam_fire_prefix,36116,battlezone98redux.exe!sub_83d4d0,12,0.09,13339,20.016
fourteam_fire_prefix,36116,ntdll.dll!_RtlAnsiStringToUnicodeString@12+0x130,12,0.09,13339,20.016
fourteam_fire_prefix,36116,OgreMain.dll!?isFloat@GpuConstantDefinition@Ogre@@SA_NW4GpuConstantType@2@@Z+0x1a,12,0.09,13339,20.016
fourteam_fire_prefix,36116,battlezone98redux.exe!sub_44b4c0,12,0.09,13339,20.016
fourteam_fire_prefix,36116,OgreMain.dll!??0FocusedShadowCameraSetup@Ogre@@QAE@XZ+0x62,12,0.09,13339,20.016
fourteam_fire_prefix,36116,battlezone98redux.exe!sub_8203f0,12,0.09,13339,20.016
fourteam_fire_prefix,36116,ntdll.dll!_RtlAnsiCharToUnicodeChar@4,12,0.09,13339,20.016
fourteam_fire_prefix,36116,nvwgf2um.dll!SetDependencyInfo+0x557ac,12,0.09,13339,20.016
fourteam_fire_prefix,36116,nvwgf2um.dll!SetDependencyInfo+0x55997,12,0.09,13339,20.016
fourteam_fire_prefix,36116,ntdll.dll!_RtlFreeHeap@12+0xca,12,0.09,13339,20.016
fourteam_fire_prefix,36116,nvwgf2um.dll!SetDependencyInfo+0x5a146,12,0.09,13339,20.016
fourteam_fire_prefix,36116,battlezone98redux.exe!sub_680620,12,0.09,13339,20.016
fourteam_fire_prefix,36116,d3d11.dll!D3D11CoreCreateDevice+0x1d1e8,12,0.09,13339,20.016
fourteam_fire_prefix,36116,KERNELBASE.dll!LoadLibraryExW+0x8e6,12,0.09,13339,20.016
fourteam_fire_prefix,36116,OgreMain.dll!?renderSingleObject@SceneManager@Ogre@@MAEXPAVRenderable@2@PBVPass@2@_N2PBV?$HashedVector@PAVLight@Ogre@@@2@@Z+0x23d,12,0.09,13339,20.016
fourteam_fire_prefix,36116,ntdll.dll!_ZwCreateFile@44+0xc,12,0.09,13339,20.016
fourteam_fire_prefix,36116,OgreMain.dll!?ACos@Math@Ogre@@SA?AVRadian@2@M@Z+0x11,12,0.09,13339,20.016
fourteam_fire_prefix,36116,MSVCR120.dll!floor+0x19,12,0.09,13339,20.016
fourteam_fire_prefix,36116,d3d11.dll+0x29801,11,0.0825,13339,20.016
fourteam_fire_prefix,36116,battlezone98redux.exe!sub_6002a0,11,0.0825,13339,20.016
fourteam_fire_prefix,36116,battlezone98redux.exe!sub_686520,11,0.0825,13339,20.016
fourteam_fire_prefix,36116,battlezone98redux.exe!sub_787660,11,0.0825,13339,20.016
fourteam_fire_prefix,36116,d3d11.dll!CreateDirect3D11DeviceFromDXGIDevice+0x9da48,11,0.0825,13339,20.016
fourteam_fire_prefix,36116,battlezone98redux.exe!sub_4461b0,11,0.0825,13339,20.016
fourteam_fire_prefix,36116,ntdll.dll!_RtlInitString@8+0x1f,11,0.0825,13339,20.016
fourteam_fire_prefix,36116,MSVCR120.dll!__libm_sse2_acosf+0x36,11,0.0825,13339,20.016
fourteam_fire_prefix,36116,ntdll.dll!_RtlpIsUtf8Process@4+0x13,11,0.0825,13339,20.016
fourteam_fire_prefix,36116,OgreMain.dll!?getDistance@Plane@Ogre@@QBEMABVVector3@2@@Z+0x37,11,0.0825,13339,20.016
fourteam_fire_prefix,36116,battlezone98redux.exe!sub_45acc0,11,0.0825,13339,20.016
fourteam_fire_prefix,36116,OgreMain.dll!?addRenderable@QueuedRenderableCollection@Ogre@@QAEXPAVPass@2@PAVRenderable@2@@Z+0x3c,11,0.0825,13339,20.016
fourteam_fire_prefix,36116,OgreMain.dll!?updatePoint@RotationalSpline@Ogre@@QAEXGABVQuaternion@2@@Z+0x1522,11,0.0825,13339,20.016
fourteam_fire_prefix,36116,OgreMain.dll!?useLightsGpuProgram@SceneManager@Ogre@@MAEXPBVPass@2@PBV?$HashedVector@PAVLight@Ogre@@@2@@Z+0x2b,11,0.0825,13339,20.016
fourteam_fire_prefix,36116,nvwgf2um.dll!OpenAdapter10+0x72c24,11,0.0825,13339,20.016
fourteam_fire_prefix,36116,battlezone98redux.exe!sub_4da060,11,0.0825,13339,20.016
fourteam_fire_prefix,36116,battlezone98redux.exe!sub_8309f4,11,0.0825,13339,20.016
fourteam_fire_prefix,36116,d3d11.dll!CreateDirect3D11DeviceFromDXGIDevice+0xa5747,11,0.0825,13339,20.016
fourteam_fire_prefix,36116,OgreMain.dll!?angleBetween@Vector3@Ogre@@QBE?AVRadian@2@ABV12@@Z+0xd0,11,0.0825,13339,20.016
fourteam_fire_prefix,36116,ntdll.dll!_RtlInitAnsiString@8+0x1d,11,0.0825,13339,20.016
fourteam_fire_prefix,36116,OgreMain.dll!?getFragmentProgramParameters@Pass@Ogre@@QBE?AV?$SharedPtr@VGpuProgramParameters@Ogre@@@2@XZ+0x7a,11,0.0825,13339,20.016
fourteam_fire_prefix,36116,win32u.dll!_NtUserSystemParametersInfo@16+0xc,11,0.0825,13339,20.016
fourteam_fire_prefix,36116,ntdll.dll!ExecuteHandler2@20+0x26,11,0.0825,13339,20.016
fourteam_fire_prefix,36116,ntdll.dll!ExecuteHandler@20+0x24,11,0.0825,13339,20.016
fourteam_fire_prefix,36116,battlezone98redux.exe!sub_689d10,11,0.0825,13339,20.016
fourteam_fire_prefix,36116,OgreMain.dll!?getMovableType@MovablePlane@Ogre@@UBEABV?$basic_string@DU?$char_traits@D@std@@V?$allocator@D@2@@std@@XZ+0x820,11,0.0825,13339,20.016
fourteam_fire_prefix,36116,OgreMain.dll!?Ogre_InterlockedIncrement64@InterlockedCompareExchange64Wrapper@Ogre@@SA_JPC_J@Z+0x72b,11,0.0825,13339,20.016
fourteam_fire_prefix,36116,OgreMain.dll!?addRenderable@RenderQueue@Ogre@@QAEXPAVRenderable@2@E@Z+0x13,11,0.0825,13339,20.016
fourteam_fire_prefix,36116,OgreMain.dll!?isHardwareAnimationEnabled@Entity@Ogre@@QAE_NXZ+0x28,11,0.0825,13339,20.016
fourteam_fire_prefix,36116,RenderSystem_Direct3D11.dll!?_render@D3D11RenderSystem@Ogre@@UAEXABVRenderOperation@2@@Z+0x423,11,0.0825,13339,20.016
fourteam_fire_prefix,36116,OgreMain.dll!??4GpuSharedParametersUsage@Ogre@@QAEAAV01@ABV01@@Z+0x2742,11,0.0825,13339,20.016
fourteam_fire_prefix,36116,ntdll.dll!_ZwCallbackReturn@12+0xc,11,0.0825,13339,20.016
fourteam_fire_prefix,36116,battlezone98redux.exe!sub_81cb40,11,0.0825,13339,20.016
fourteam_fire_prefix,36116,battlezone98redux.exe!sub_4415f0,11,0.0825,13339,20.016
fourteam_fire_prefix,36116,RenderSystem_Direct3D11.dll!?getD3DVertexBuffer@D3D11HardwareVertexBuffer@Ogre@@QBEPAUID3D11Buffer@@XZ+0x6,11,0.0825,13339,20.016
fourteam_fire_prefix,36116,OgreMain.dll!?clear@RenderQueue@Ogre@@QAEX_N@Z+0x99,11,0.0825,13339,20.016
fourteam_fire_prefix,36116,battlezone98redux.exe!sub_67e550,11,0.0825,13339,20.016
fourteam_fire_prefix,36116,ntdll.dll!__woutput_l+0x884,11,0.0825,13339,20.016
fourteam_fire_prefix,36116,KERNELBASE.dll!CreateFileW+0x80,11,0.0825,13339,20.016
fourteam_fire_prefix,36116,WINMM.dll@6e1d0000!BZROpenShim::`anonymous namespace'::TrackChunkProxyDebugEntry+0x6ff,11,0.0825,13339,20.016
fourteam_fire_prefix,36116,WINMM.dll@6e1d0000!BZROpenShim::`anonymous namespace'::SubmitChunkProxiesToRenderQueue+0x48,11,0.0825,13339,20.016
fourteam_fire_prefix,36116,WINMM.dll@6e1d0000!BZROpenShim::LegacyWorldUpdateRenderQueueHook+0x24a,11,0.0825,13339,20.016
fourteam_fire_prefix,36116,battlezone98redux.exe!sub_417910,10,0.075,13339,20.016
fourteam_fire_prefix,36116,battlezone98redux.exe!sub_442a90,10,0.075,13339,20.016
fourteam_fire_prefix,36116,OgreMain.dll!?touch@Resource@Ogre@@UAEXXZ+0xa,10,0.075,13339,20.016
fourteam_fire_prefix,36116,WINMM.dll@6e1d0000!BZROpenShim::LegacyWorldUpdateRenderQueueHook+0x218,10,0.075,13339,20.016
fourteam_fire_prefix,36116,battlezone98redux.exe!sub_679570,10,0.075,13339,20.016
fourteam_fire_prefix,36116,battlezone98redux.exe!sub_679bc0,10,0.075,13339,20.016
fourteam_fire_prefix,36116,battlezone98redux.exe!sub_444d50,10,0.075,13339,20.016
fourteam_fire_prefix,36116,MSVCR120.dll!_strupr+0x53,10,0.075,13339,20.016
fourteam_fire_prefix,36116,OgreMain.dll!?renderSingleObject@SceneManager@Ogre@@MAEXPAVRenderable@2@PBVPass@2@_N2PBV?$HashedVector@PAVLight@Ogre@@@2@@Z+0x1d5,10,0.075,13339,20.016
fourteam_fire_prefix,36116,RenderSystem_Direct3D11.dll+0x4b38,10,0.075,13339,20.016
fourteam_fire_prefix,36116,WINMM.dll@6e1d0000!BZROpenShim::Log+0x51,10,0.075,13339,20.016
fourteam_fire_prefix,36116,RenderSystem_Direct3D11.dll!?_render@D3D11RenderSystem@Ogre@@UAEXABVRenderOperation@2@@Z+0x326,10,0.075,13339,20.016
fourteam_fire_prefix,36116,WINMM.dll@6e1d0000!BZROpenShim::`anonymous namespace'::HandleEmissionLightState+0x52,10,0.075,13339,20.016
fourteam_fire_prefix,36116,WINMM.dll@6e1d0000!BZROpenShim::`anonymous namespace'::MultiplayerFlagSubmitHook+0x49,10,0.075,13339,20.016
fourteam_fire_prefix,36116,dxgi.dll!DXGIDisableVBlankVirtualization+0x20ac8,10,0.075,13339,20.016
fourteam_fire_prefix,36116,RenderSystem_Direct3D11.dll!?createImpl@D3D11GpuProgramManager@Ogre@@MAEPAVResource@2@ABV?$basic_string@DU?$char_traits@D@std@@V?$allocator@D@2@@std@@_K0_NPAVManualResourceLoader@2@W4GpuProgramType@2@0@Z+0x6144,10,0.075,13339,20.016
fourteam_fire_prefix,36116,battlezone98redux.exe!sub_447eb0,10,0.075,13339,20.016
fourteam_fire_prefix,36116,battlezone98redux.exe!sub_4497c0,10,0.075,13339,20.016
fourteam_fire_prefix,36116,OgreMain.dll!?getHasInstanceData@VertexBufferBinding@Ogre@@UBE_NXZ+0x5,10,0.075,13339,20.016
fourteam_fire_prefix,36116,battlezone98redux.exe!sub_44f020,10,0.075,13339,20.016
fourteam_fire_prefix,36116,OgreMain.dll!?_updateAutoParams@GpuProgramParameters@Ogre@@QAEXPBVAutoParamDataSource@2@G@Z+0x1b5b,10,0.075,13339,20.016
fourteam_fire_prefix,36116,OgreMain.dll!?_writeRawConstant@GpuProgramParameters@Ogre@@QAEXIABVMatrix4@2@I@Z+0x3a,10,0.075,13339,20.016
fourteam_fire_prefix,36116,OgreMain.dll!?ASin@Math@Ogre@@SA?AVRadian@2@M@Z+0x11,10,0.075,13339,20.016
fourteam_fire_prefix,36116,battlezone98redux.exe!sub_6c3ad0,10,0.075,13339,20.016
fourteam_fire_prefix,36116,battlezone98redux.exe!sub_6c69c0,10,0.075,13339,20.016
fourteam_fire_prefix,36116,OgreMain.dll!?getRenderOperation@SubEntity@Ogre@@UAEXAAVRenderOperation@2@@Z+0x1e,10,0.075,13339,20.016
fourteam_fire_prefix,36116,battlezone98redux.exe!sub_447e90,10,0.075,13339,20.016
fourteam_fire_prefix,36116,ntdll.dll!__woutput_l+0x80f,10,0.075,13339,20.016
fourteam_fire_prefix,36116,KERNEL32.DLL!GetCurrentThreadId,10,0.075,13339,20.016
fourteam_fire_prefix,36116,ntdll.dll!_ZwContinue@8+0xc,10,0.075,13339,20.016
fourteam_fire_prefix,36116,OgreMain.dll!?update@Light@Ogre@@MBEXXZ+0xda,10,0.075,13339,20.016
fourteam_fire_prefix,36116,OgreMain.dll!?isVisible@MovableObject@Ogre@@UBE_NXZ+0x25,10,0.075,13339,20.016
fourteam_fire_prefix,36116,battlezone98redux.exe!FID_conflict:operator!=,10,0.075,13339,20.016
fourteam_fire_prefix,36116,battlezone98redux.exe!construct<>,10,0.075,13339,20.016
fourteam_fire_prefix,36116,ntdll.dll!_RtlInitAnsiString@8+0x1f,10,0.075,13339,20.016
fourteam_fire_prefix,36116,OgreMain.dll!?getConstantDefinition@GpuProgramParameters@Ogre@@QBEABUGpuConstantDefinition@2@ABV?$basic_string@DU?$char_traits@D@std@@V?$allocator@D@2@@std@@@Z,10,0.075,13339,20.016
fourteam_fire_prefix,36116,OgreMain.dll!?_updateAutoParams@GpuProgramParameters@Ogre@@QAEXPBVAutoParamDataSource@2@G@Z+0x1d08,10,0.075,13339,20.016
fourteam_fire_prefix,36116,ntdll.dll!_RtlEnterCriticalSection@4+0xa,10,0.075,13339,20.016
fourteam_fire_prefix,36116,OgreMain.dll!?visit@SceneMgrQueuedRenderableVisitor@SceneManager@Ogre@@UAEXPAVRenderable@3@@Z+0x16,10,0.075,13339,20.016
fourteam_fire_prefix,36116,ntdll.dll!_memset+0x47,10,0.075,13339,20.016
fourteam_fire_prefix,36116,battlezone98redux.exe!sub_44de20,10,0.075,13339,20.016
fourteam_fire_prefix,36116,RenderSystem_Direct3D11.dll!?_render@D3D11RenderSystem@Ogre@@UAEXABVRenderOperation@2@@Z+0x1295,10,0.075,13339,20.016
fourteam_fire_prefix,36116,ucrtbase.dll!common_sopen_dispatch<wchar_t>+0x47,10,0.075,13339,20.016
fourteam_fire_prefix,36116,ucrtbase.dll!common_fsopen<wchar_t>+0x73,10,0.075,13339,20.016
fourteam_fire_prefix,36116,ucrtbase.dll!__wsopen_nolock+0xa4,10,0.075,13339,20.016
fourteam_fire_prefix,36116,ucrtbase.dll!__wfsopen+0x13,10,0.075,13339,20.016
fourteam_fire_prefix,36116,"WINMM.dll@6e1d0000!std::basic_filebuf<char,std::char_traits<char> >::open+0x46",10,0.075,13339,20.016
fourteam_fire_prefix,36116,"WINMM.dll@6e1d0000!std::basic_ifstream<char,std::char_traits<char> >::basic_ifstream<char,std::char_traits<char> ><std::filesystem::path,0>+0xe8",10,0.075,13339,20.016
fourteam_fire_prefix,36116,WINMM.dll@6e1d0000!BZROpenShim::`anonymous namespace'::Hooked_CreateFileW+0x92,10,0.075,13339,20.016
fourteam_fire_prefix,36116,MSVCP140.dll!std::_Fiopen+0x55,10,0.075,13339,20.016
fourteam_fire_prefix,36116,ucrtbase.dll!common_openfile<wchar_t>+0x3f,10,0.075,13339,20.016
fourteam_fire_prefix,36116,WINMM.dll@6e1d0000!BZROpenShim::`anonymous namespace'::IsCanonicalGenericChunkPayload+0x38a,10,0.075,13339,20.016
fourteam_fire_prefix,36116,MSVCR120.dll!__libm_sse2_acosf+0xe4,9,0.0675,13339,20.016
fourteam_fire_prefix,36116,battlezone98redux.exe!sub_81f1e0,9,0.0675,13339,20.016
fourteam_fire_prefix,36116,OgreMain.dll!?_populateLightList@SceneManager@Ogre@@UAEXABVVector3@2@MAAV?$HashedVector@PAVLight@Ogre@@@2@I@Z+0xb5,9,0.0675,13339,20.016
fourteam_fire_prefix,36116,MSVCR120.dll!_strupr_s_l+0x20,9,0.0675,13339,20.016
fourteam_fire_prefix,36116,MSVCR120.dll!__crtLCMapStringA+0x32,9,0.0675,13339,20.016
fourteam_fire_prefix,36116,OgreMain.dll!?getLightAs4DVector@AutoParamDataSource@Ogre@@UBE?AVVector4@2@I@Z+0x17,9,0.0675,13339,20.016
fourteam_fire_prefix,36116,RenderSystem_Direct3D11.dll!??0D3D11RenderWindowSwapChainBased@Ogre@@QAE@ABV01@@Z+0x9f2,9,0.0675,13339,20.016
fourteam_fire_prefix,36116,RenderSystem_Direct3D11.dll+0x3ee0,9,0.0675,13339,20.016
fourteam_fire_prefix,36116,OgreMain.dll!?_updateAutoParams@GpuProgramParameters@Ogre@@QAEXPBVAutoParamDataSource@2@G@Z+0x1c2f,9,0.0675,13339,20.016
fourteam_fire_prefix,36116,OgreMain.dll!?_populateLightList@SceneManager@Ogre@@UAEXABVVector3@2@MAAV?$HashedVector@PAVLight@Ogre@@@2@I@Z+0x136,9,0.0675,13339,20.016
fourteam_fire_prefix,36116,battlezone98redux.exe!sub_4aa630,9,0.0675,13339,20.016
fourteam_fire_prefix,36116,RenderSystem_Direct3D11.dll!?_setViewport@D3D11RenderSystem@Ogre@@UAEXPAVViewport@2@@Z+0xb8,9,0.0675,13339,20.016
fourteam_fire_prefix,36116,battlezone98redux.exe!sub_6a3490,9,0.0675,13339,20.016
fourteam_fire_prefix,36116,OgreMain.dll!?isInLightRange@Light@Ogre@@QBE_NABVSphere@2@@Z+0x4e,9,0.0675,13339,20.016
fourteam_fire_prefix,36116,OgreMain.dll!?isInLightRange@Light@Ogre@@QBE_NABVSphere@2@@Z+0x175,9,0.0675,13339,20.016
fourteam_fire_prefix,36116,battlezone98redux.exe!sub_4401a0,9,0.0675,13339,20.016
fourteam_fire_prefix,36116,RenderSystem_Direct3D11.dll!?bindGpuProgramParameters@D3D11RenderSystem@Ogre@@UAEXW4GpuProgramType@2@V?$SharedPtr@VGpuProgramParameters@Ogre@@@2@G@Z+0x15f,9,0.0675,13339,20.016
fourteam_fire_prefix,36116,OgreMain.dll!?getBoundingBox@Entity@Ogre@@UBEABVAxisAlignedBox@2@XZ+0x8e2,9,0.0675,13339,20.016
fourteam_fire_prefix,36116,battlezone98redux.exe!sub_448e60,9,0.0675,13339,20.016
fourteam_fire_prefix,36116,WINMM.dll@6e1d0000!BZROpenShim::`anonymous namespace'::ProcessVisibleObjectHook+0x89,9,0.0675,13339,20.016
fourteam_fire_prefix,36116,OgreMain.dll!?isInLightRange@Light@Ogre@@QBE_NABVSphere@2@@Z+0x2b,9,0.0675,13339,20.016
fourteam_fire_prefix,36116,OgreMain.dll!?_updateAutoParams@GpuProgramParameters@Ogre@@QAEXPBVAutoParamDataSource@2@G@Z+0x1be0,9,0.0675,13339,20.016
fourteam_fire_prefix,36116,OgreMain.dll!?getVertexDataForBinding@SubEntity@Ogre@@QAEPAVVertexData@2@XZ+0x2a,9,0.0675,13339,20.016
fourteam_fire_prefix,36116,ntdll.dll!_mbtowc+0xa,9,0.0675,13339,20.016
fourteam_fire_prefix,36116,OgreMain.dll!?updatePoint@RotationalSpline@Ogre@@QAEXGABVQuaternion@2@@Z+0x1538,9,0.0675,13339,20.016
fourteam_fire_prefix,36116,OgreMain.dll!?_updateAutoParams@GpuProgramParameters@Ogre@@QAEXPBVAutoParamDataSource@2@G@Z+0x1f00,9,0.0675,13339,20.016
fourteam_fire_prefix,36116,battlezone98redux.exe!sub_44c7c0,9,0.0675,13339,20.016
fourteam_fire_prefix,36116,battlezone98redux.exe!sub_447f60,9,0.0675,13339,20.016
fourteam_fire_prefix,36116,battlezone98redux.exe!sub_6ce840,9,0.0675,13339,20.016
fourteam_fire_prefix,36116,battlezone98redux.exe!sub_6c9bd0,9,0.0675,13339,20.016
fourteam_fire_prefix,36116,OgreMain.dll!?angleBetween@Vector3@Ogre@@QBE?AVRadian@2@ABV12@@Z+0xc9,9,0.0675,13339,20.016
fourteam_fire_prefix,36116,battlezone98redux.exe!sub_4deaa0,9,0.0675,13339,20.016
fourteam_fire_prefix,36116,d3d11.dll+0x2703e,9,0.0675,13339,20.016
fourteam_fire_prefix,36116,OgreMain.dll!?_updateViewport@RenderTarget@Ogre@@UAEXPAVViewport@2@_N@Z+0x13,9,0.0675,13339,20.016
fourteam_fire_prefix,36116,ntdll.dll!_ZwWriteFile@36+0xc,9,0.0675,13339,20.016
fourteam_fire_prefix,36116,ntdll.dll!_RtlpLocalInfoAllocFromCache@8+0x242,9,0.0675,13339,20.016
fourteam_fire_prefix,36116,RenderSystem_Direct3D11.dll!?swapBuffers@D3D11RenderWindowSwapChainBased@Ogre@@UAEXXZ+0x80,9,0.0675,13339,20.016
fourteam_fire_prefix,36116,OgreMain.dll!?isHardwareAnimationEnabled@Entity@Ogre@@QAE_NXZ+0x43,9,0.0675,13339,20.016
fourteam_fire_prefix,36116,WINMM.dll@6e1d0000!BZROpenShim::`anonymous namespace'::DecideFrustumCull+0x8b,9,0.0675,13339,20.016
fourteam_fire_prefix,36116,ntdll.dll!_ZwReleaseMutant@8+0xc,9,0.0675,13339,20.016
fourteam_fire_prefix,36116,ntdll.dll!__aulldvrm+0x25,9,0.0675,13339,20.016
fourteam_fire_prefix,36116,nvwgf2um.dll!OpenAdapter10+0x23b36,9,0.0675,13339,20.016
fourteam_fire_prefix,36116,OgreMain.dll!?_populateLightList@SceneManager@Ogre@@UAEXABVVector3@2@MAAV?$HashedVector@PAVLight@Ogre@@@2@I@Z+0x142,9,0.0675,13339,20.016
fourteam_fire_prefix,36116,ntdll.dll!LdrpNameToOrdinal+0x3a,9,0.0675,13339,20.016
fourteam_fire_prefix,36116,ntdll.dll!__output_l+0x335,9,0.0675,13339,20.016
fourteam_fire_prefix,36116,ntdll.dll!__output_l+0x6f0,9,0.0675,13339,20.016
fourteam_fire_prefix,36116,ntdll.dll!_memset+0x4,9,0.0675,13339,20.016
fourteam_fire_prefix,36116,ntdll.dll!__aulldvrm+0x29,9,0.0675,13339,20.016
fourteam_fire_prefix,36116,battlezone98redux.exe!sub_686590,9,0.0675,13339,20.016
fourteam_fire_prefix,36116,ntdll.dll!__output_l+0x7a0,9,0.0675,13339,20.016
fourteam_fire_prefix,36116,battlezone98redux.exe!sub_5c1b30,9,0.0675,13339,20.016
fourteam_fire_prefix,36116,battlezone98redux.exe!sub_44c840,9,0.0675,13339,20.016
fourteam_fire_prefix,36116,d3d11.dll!D3D11CoreCreateDevice+0x26530,9,0.0675,13339,20.016
fourteam_fire_prefix,36116,OgreMain.dll!?getFragmentProgramParameters@Pass@Ogre@@QBE?AV?$SharedPtr@VGpuProgramParameters@Ogre@@@2@XZ+0x86,8,0.06,13339,20.016
fourteam_fire_prefix,36116,OgreMain.dll!?getTechnique@Renderable@Ogre@@UBEPAVTechnique@2@XZ+0x12,8,0.06,13339,20.016
fourteam_fire_prefix,36116,OgreMain.dll!?updateView@Frustum@Ogre@@MBEXXZ+0xd,8,0.06,13339,20.016
fourteam_fire_prefix,36116,OgreMain.dll!?_renderScene@Camera@Ogre@@QAEXPAVViewport@2@_N@Z+0xd8,8,0.06,13339,20.016
fourteam_fire_prefix,36116,MSVCR120.dll!_strnicoll+0x8f,8,0.06,13339,20.016
fourteam_fire_prefix,36116,battlezone98redux.exe!sub_787ac0,8,0.06,13339,20.016
fourteam_fire_prefix,36116,OgreMain.dll!??4GpuSharedParametersUsage@Ogre@@QAEAAV01@ABV01@@Z+0x27b5,8,0.06,13339,20.016
fourteam_fire_prefix,36116,OgreMain.dll!?_notifyCurrentCamera@Entity@Ogre@@UAEXPAVCamera@2@@Z+0x109,8,0.06,13339,20.016
fourteam_fire_prefix,36116,d3d11.dll!CreateDirect3D11DeviceFromDXGIDevice+0xbdbd5,8,0.06,13339,20.016
fourteam_fire_prefix,36116,battlezone98redux.exe!sub_444b00,8,0.06,13339,20.016
fourteam_fire_prefix,36116,battlezone98redux.exe!sub_5b2950,8,0.06,13339,20.016
fourteam_fire_prefix,36116,battlezone98redux.exe!sub_49b1f0,8,0.06,13339,20.016
fourteam_fire_prefix,36116,ntdll.dll!__aulldvrm+0x15,8,0.06,13339,20.016
fourteam_fire_prefix,36116,d3d11.dll+0x367cd,8,0.06,13339,20.016
fourteam_fire_prefix,36116,d3d11.dll+0x375ed,8,0.06,13339,20.016
fourteam_fire_prefix,36116,battlezone98redux.exe!sub_44e380,8,0.06,13339,20.016
fourteam_fire_prefix,36116,USER32.dll!GetWindow+0xa0,8,0.06,13339,20.016
fourteam_fire_prefix,36116,OgreMain.dll!?_injectRenderWithPass@SceneManager@Ogre@@UAEXPAVPass@2@PAVRenderable@2@_N2PBV?$HashedVector@PAVLight@Ogre@@@2@@Z+0x29,8,0.06,13339,20.016
fourteam_fire_prefix,36116,OgreMain.dll!?_updateAutoParams@GpuProgramParameters@Ogre@@QAEXPBVAutoParamDataSource@2@G@Z+0x1bab,8,0.06,13339,20.016
fourteam_fire_prefix,36116,MSVCR120.dll!__libm_sse2_asinf+0x23c,8,0.06,13339,20.016
fourteam_fire_prefix,36116,OgreMain.dll!?addRenderable@RenderQueue@Ogre@@QAEXPAVRenderable@2@EG@Z+0x39,8,0.06,13339,20.016
fourteam_fire_prefix,36116,ntdll.dll!write_char+0x45,8,0.06,13339,20.016
fourteam_fire_prefix,36116,ntdll.dll!write_char+0x48,8,0.06,13339,20.016
fourteam_fire_prefix,36116,battlezone98redux.exe!FID_conflict:end,8,0.06,13339,20.016
fourteam_fire_prefix,36116,OgreMain.dll!?isInLightRange@Light@Ogre@@QBE_NABVSphere@2@@Z+0x10f,8,0.06,13339,20.016
fourteam_fire_prefix,36116,MSVCR120.dll!__libm_sse2_asinf+0x50,8,0.06,13339,20.016
fourteam_fire_prefix,36116,battlezone98redux.exe!sub_583dc0,8,0.06,13339,20.016
fourteam_fire_prefix,36116,battlezone98redux.exe!sub_421ec0,8,0.06,13339,20.016
fourteam_fire_prefix,36116,battlezone98redux.exe!sub_62bdb0,8,0.06,13339,20.016
fourteam_fire_prefix,36116,OgreMain.dll!?findLightsAffectingFrustum@SceneManager@Ogre@@MAEXPBVCamera@2@@Z+0x398,8,0.06,13339,20.016
fourteam_fire_prefix,36116,KERNELBASE.dll!_invalid_parameter+0x3d9,8,0.06,13339,20.016
fourteam_fire_prefix,36116,KERNELBASE.dll!_invalid_parameter+0x1eb,8,0.06,13339,20.016
fourteam_fire_prefix,36116,OgreMain.dll!?getSquaredDepth@DistanceLodSphereStrategy@Ogre@@UBEMPBVMovableObject@2@PBVCamera@2@@Z+0x2c,8,0.06,13339,20.016
fourteam_fire_prefix,36116,OgreMain.dll!?_setPass@SceneManager@Ogre@@UAEPBVPass@2@PBV32@_N1@Z+0xc2,8,0.06,13339,20.016
fourteam_fire_prefix,36116,battlezone98redux.exe!sub_45b050,8,0.06,13339,20.016
fourteam_fire_prefix,36116,battlezone98redux.exe!sub_417780,8,0.06,13339,20.016
fourteam_fire_prefix,36116,ntdll.dll!__output_l+0x12f,8,0.06,13339,20.016
fourteam_fire_prefix,36116,OgreMain.dll!?getVertexProgramParameters@Pass@Ogre@@QBE?AV?$SharedPtr@VGpuProgramParameters@Ogre@@@2@XZ+0x133,8,0.06,13339,20.016
fourteam_fire_prefix,36116,RenderSystem_Direct3D11.dll!?getILayoutByShader@D3D11VertexDeclaration@Ogre@@IAEPAUID3D11InputLayout@@PAVD3D11HLSLProgram@2@PAVVertexBufferBinding@2@@Z+0x274,8,0.06,13339,20.016
fourteam_fire_prefix,36116,ntdll.dll!__output_l+0xf7,8,0.06,13339,20.016
fourteam_fire_prefix,36116,battlezone98redux.exe!sub_822e60,8,0.06,13339,20.016
fourteam_fire_prefix,36116,OgreMain.dll!??0Frustum@Ogre@@QAE@ABV?$basic_string@DU?$char_traits@D@std@@V?$allocator@D@2@@std@@@Z+0x1c2,8,0.06,13339,20.016
fourteam_fire_prefix,36116,d3d11.dll+0x2703b,8,0.06,13339,20.016
fourteam_fire_prefix,36116,OgreMain.dll!?fireViewportPreUpdate@RenderTarget@Ogre@@MAEXPAVViewport@2@@Z+0x3b,8,0.06,13339,20.016
fourteam_fire_prefix,36116,battlezone98redux.exe!sub_437b00,8,0.06,13339,20.016
fourteam_fire_prefix,36116,dxgi.dll!DXGIGetDebugInterface1+0x8986,8,0.06,13339,20.016
fourteam_fire_prefix,36116,RenderSystem_Direct3D11.dll!?getVBlankMissCount@D3D11RenderWindowSwapChainBased@Ogre@@IAEHXZ+0x62,8,0.06,13339,20.016
fourteam_fire_prefix,36116,RenderSystem_Direct3D11.dll!?updateStats@D3D11RenderWindowSwapChainBased@Ogre@@UAEXXZ+0x10,8,0.06,13339,20.016
fourteam_fire_prefix,36116,OgreMain.dll!?_updateAutoParams@Pass@Ogre@@QBEXPBVAutoParamDataSource@2@G@Z+0x43,8,0.06,13339,20.016
fourteam_fire_prefix,36116,OgreMain.dll!?clear@RenderQueueGroup@Ogre@@QAEX_N@Z+0xb7,8,0.06,13339,20.016
fourteam_fire_prefix,36116,battlezone98redux.exe!sub_67d040,8,0.06,13339,20.016
fourteam_fire_prefix,36116,battlezone98redux.exe!sub_67d090,8,0.06,13339,20.016
fourteam_fire_prefix,36116,OgreMain.dll!?getVertexProgramParameters@Pass@Ogre@@QBE?AV?$SharedPtr@VGpuProgramParameters@Ogre@@@2@XZ+0x127,8,0.06,13339,20.016
fourteam_fire_prefix,36116,d3d11.dll!D3D11CoreCreateDevice+0x1d48d,8,0.06,13339,20.016
fourteam_fire_prefix,36116,battlezone98redux.exe!sub_62c000,8,0.06,13339,20.016
fourteam_fire_prefix,36116,battlezone98redux.exe!sub_4a88b0,8,0.06,13339,20.016
fourteam_fire_prefix,36116,battlezone98redux.exe!sub_4df970,8,0.06,13339,20.016
fourteam_fire_prefix,36116,OgreMain.dll!?processVisibleObject@RenderQueue@Ogre@@QAEXPAVMovableObject@2@PAVCamera@2@_NPAUVisibleObjectsBoundsInfo@2@@Z+0x11,8,0.06,13339,20.016
fourteam_fire_prefix,36116,OgreMain.dll!?processVisibleObject@RenderQueue@Ogre@@QAEXPAVMovableObject@2@PAVCamera@2@_NPAUVisibleObjectsBoundsInfo@2@@Z+0xc7,8,0.06,13339,20.016
fourteam_fire_prefix,36116,battlezone98redux.exe!sub_4495d0,8,0.06,13339,20.016
fourteam_fire_prefix,36116,battlezone98redux.exe!sub_5cb140,8,0.06,13339,20.016
fourteam_fire_prefix,36116,ntdll.dll!_RtlLeaveCriticalSection@4+0x2e,8,0.06,13339,20.016
fourteam_fire_prefix,36116,OgreMain.dll!?ACos@Math@Ogre@@SA?AVRadian@2@M@Z+0xf,8,0.06,13339,20.016
fourteam_fire_prefix,36116,battlezone98redux.exe!sub_7783d0,8,0.06,13339,20.016
fourteam_fire_prefix,36116,battlezone98redux.exe!sub_77c5f0,8,0.06,13339,20.016
fourteam_fire_prefix,36116,battlezone98redux.exe!sub_77bd40,8,0.06,13339,20.016
fourteam_fire_prefix,36116,OgreMain.dll!?touchVertexBufferCopy@HardwareBufferManagerBase@Ogre@@UAEXABVHardwareVertexBufferSharedPtr@2@@Z+0x1f,8,0.06,13339,20.016
fourteam_fire_prefix,36116,battlezone98redux.exe!sub_82c4a6,8,0.06,13339,20.016
fourteam_fire_prefix,36116,OgreMain.dll+0x3e42d,8,0.06,13339,20.016
fourteam_fire_prefix,36116,d3d11.dll+0x27010,8,0.06,13339,20.016
fourteam_fire_prefix,36116,OgreMain.dll!?findLightsAffectingFrustum@SceneManager@Ogre@@MAEXPBVCamera@2@@Z+0xfa,8,0.06,13339,20.016
fourteam_fire_prefix,36116,battlezone98redux.exe!sub_6210a0,8,0.06,13339,20.016
fourteam_fire_prefix,36116,MSVCR120.dll!__crtLCMapStringEx+0x2d,8,0.06,13339,20.016
fourteam_fire_prefix,36116,ntdll.dll!_RtlAnsiStringToUnicodeString@12+0x136,8,0.06,13339,20.016
fourteam_fire_prefix,36116,OgreMain.dll!?createLight@SceneManager@Ogre@@UAEPAVLight@2@XZ+0x3a,8,0.06,13339,20.016
fourteam_fire_prefix,36116,WINMM.dll@6e1d0000!BZROpenShim::`anonymous namespace'::RebuildAndSubmitGenericChunkBatch+0x1015,8,0.06,13339,20.016
fourteam_fire_prefix,36116,WINMM.dll@6e1d0000!BZROpenShim::`anonymous namespace'::DecideFrustumCull+0x101,7,0.0525,13339,20.016
fourteam_fire_prefix,36116,battlezone98redux.exe!sub_678880,7,0.0525,13339,20.016
fourteam_fire_prefix,36116,nvwgf2um.dll!SetDependencyInfo+0x5a051,7,0.0525,13339,20.016
fourteam_fire_prefix,36116,nvwgf2um.dll!NVENCODEAPI_Thunk+0x10512,7,0.0525,13339,20.016
fourteam_fire_prefix,36116,nvwgf2um.dll!OpenAdapter10+0x77c4d,7,0.0525,13339,20.016
fourteam_fire_prefix,36116,battlezone98redux.exe!sub_4976f0,7,0.0525,13339,20.016
fourteam_fire_prefix,36116,battlezone98redux.exe!sub_5b2bd0,7,0.0525,13339,20.016
fourteam_fire_prefix,36116,OgreMain.dll!?getBoundingBox@Entity@Ogre@@UBEABVAxisAlignedBox@2@XZ+0x51,7,0.0525,13339,20.016
fourteam_fire_prefix,36116,battlezone98redux.exe!sub_462710,7,0.0525,13339,20.016
fourteam_fire_prefix,36116,WINMM.dll@6e1d0000!BZROpenShim::DamageRevealProbeHook+0x383,7,0.0525,13339,20.016
fourteam_fire_prefix,36116,RenderSystem_Direct3D11.dll!??1D3D11RenderWindowSwapChainBased@Ogre@@UAE@XZ+0x40e,7,0.0525,13339,20.016
fourteam_fire_prefix,36116,battlezone98redux.exe!sub_5003a0,7,0.0525,13339,20.016
fourteam_fire_prefix,36116,ntdll.dll!_RtlCustomCPToUnicodeN@24+0x67,7,0.0525,13339,20.016
fourteam_fire_prefix,36116,WINMM.dll@6e1d0000!BZROpenShim::`anonymous namespace'::RenderMultiplayerFlags+0x4b1,7,0.0525,13339,20.016
fourteam_fire_prefix,36116,nvwgf2um.dll!SetDependencyInfo+0x54234,7,0.0525,13339,20.016
fourteam_fire_prefix,36116,MSVCR120.dll!floor+0x30,7,0.0525,13339,20.016
fourteam_fire_prefix,36116,battlezone98redux.exe!FID_conflict:operator-=,7,0.0525,13339,20.016
fourteam_fire_prefix,36116,battlezone98redux.exe!operator-,7,0.0525,13339,20.016
fourteam_fire_prefix,36116,ntdll.dll!__output_l+0x30f,7,0.0525,13339,20.016
fourteam_fire_prefix,36116,battlezone98redux.exe!sub_6796d0,7,0.0525,13339,20.016
fourteam_fire_prefix,36116,MSVCR120.dll!__libm_sse2_acosf+0xe8,7,0.0525,13339,20.016
fourteam_fire_prefix,36116,OgreMain.dll!?calculateB@FocusedShadowCameraSetup@Ogre@@IBEXABVSceneManager@2@ABVCamera@2@ABVLight@2@ABVAxisAlignedBox@2@3PAVPointListBody@12@@Z+0x154,7,0.0525,13339,20.016
fourteam_fire_prefix,36116,ntdll.dll!_LdrGetDllHandleEx@20+0x446,7,0.0525,13339,20.016
fourteam_fire_prefix,36116,OgreMain.dll!?createTechnique@Material@Ogre@@QAEPAVTechnique@2@XZ+0xa3b,7,0.0525,13339,20.016
fourteam_fire_prefix,36116,OgreMain.dll!?useLightsGpuProgram@SceneManager@Ogre@@MAEXPBVPass@2@PBV?$HashedVector@PAVLight@Ogre@@@2@@Z+0x55,7,0.0525,13339,20.016
fourteam_fire_prefix,36116,battlezone98redux.exe!FID_conflict:begin,7,0.0525,13339,20.016
fourteam_fire_prefix,36116,RenderSystem_Direct3D11.dll!?getILayoutByShader@D3D11VertexDeclaration@Ogre@@IAEPAUID3D11InputLayout@@PAVD3D11HLSLProgram@2@PAVVertexBufferBinding@2@@Z+0x56,7,0.0525,13339,20.016
fourteam_fire_prefix,36116,RenderSystem_Direct3D11.dll!?bindToShader@D3D11VertexDeclaration@Ogre@@QAEXPAVD3D11HLSLProgram@2@PAVVertexBufferBinding@2@@Z+0xa,7,0.0525,13339,20.016
fourteam_fire_prefix,36116,d3d11.dll!D3D11CoreCreateLayeredDevice+0x13af,7,0.0525,13339,20.016
fourteam_fire_prefix,36116,d3d11.dll!D3D11CoreCreateLayeredDevice+0x1c11,7,0.0525,13339,20.016
fourteam_fire_prefix,36116,d3d11.dll!D3D11CoreCreateLayeredDevice+0x1202,7,0.0525,13339,20.016
fourteam_fire_prefix,36116,d3d11.dll!D3D11CoreCreateLayeredDevice+0xf28,7,0.0525,13339,20.016
fourteam_fire_prefix,36116,battlezone98redux.exe!sub_678b40,7,0.0525,13339,20.016
fourteam_fire_prefix,36116,ntdll.dll!_RtlAnsiStringToUnicodeString@12+0x60,7,0.0525,13339,20.016
fourteam_fire_prefix,36116,battlezone98redux.exe!sub_62bdf0,7,0.0525,13339,20.016
fourteam_fire_prefix,36116,OgreMain.dll!?_notifyCurrentCamera@Entity@Ogre@@UAEXPAVCamera@2@@Z+0x5b,7,0.0525,13339,20.016
fourteam_fire_prefix,36116,OgreMain.dll!??4GpuSharedParametersUsage@Ogre@@QAEAAV01@ABV01@@Z+0x2704,7,0.0525,13339,20.016
fourteam_fire_prefix,36116,battlezone98redux.exe!sub_844220,7,0.0525,13339,20.016
fourteam_fire_prefix,36116,ntdll.dll!_LdrpFindLoadedDllByAddress@12+0x48,7,0.0525,13339,20.016
fourteam_fire_prefix,36116,battlezone98redux.exe!sub_451250,7,0.0525,13339,20.016
fourteam_fire_prefix,36116,battlezone98redux.exe!sub_81fd40,7,0.0525,13339,20.016
fourteam_fire_prefix,36116,OgreMain.dll!?_calcTempSquareDist@Light@Ogre@@QAEXABVVector3@2@@Z+0x4c,7,0.0525,13339,20.016
fourteam_fire_prefix,36116,d3d11.dll+0x31a6a,7,0.0525,13339,20.016
fourteam_fire_prefix,36116,ntdll.dll!__woutput_l+0x38a,7,0.0525,13339,20.016
fourteam_fire_prefix,36116,OgreMain.dll!?updatePoint@RotationalSpline@Ogre@@QAEXGABVQuaternion@2@@Z+0xb042,7,0.0525,13339,20.016
fourteam_fire_prefix,36116,OgreMain.dll!?angleBetween@Vector3@Ogre@@QBE?AVRadian@2@ABV12@@Z+0xe3,7,0.0525,13339,20.016
fourteam_fire_prefix,36116,ntdll.dll!__aulldvrm+0x2d,7,0.0525,13339,20.016
fourteam_fire_prefix,36116,OgreMain.dll!?_findVisibleObjects@SceneNode@Ogre@@UAEXPAVCamera@2@PAVRenderQueue@2@PAUVisibleObjectsBoundsInfo@2@_N33@Z+0x35,7,0.0525,13339,20.016
fourteam_fire_prefix,36116,battlezone98redux.exe!sub_43faa0,7,0.0525,13339,20.016
fourteam_fire_prefix,36116,battlezone98redux.exe!sub_43f8e0,7,0.0525,13339,20.016
fourteam_fire_prefix,36116,WINMM.dll@6e1d0000!BZROpenShim::`anonymous namespace'::RefreshHeadlightState+0x4c0,7,0.0525,13339,20.016
fourteam_fire_prefix,36116,OgreMain.dll!?_notifyCurrentCamera@Entity@Ogre@@UAEXPAVCamera@2@@Z+0x169,7,0.0525,13339,20.016
fourteam_fire_prefix,36116,OgreMain.dll!?getIndex@DistanceLodStrategyBase@Ogre@@UBEGMABV?$vector@MV?$STLAllocator@MV?$CategorisedAllocPolicy@$0A@@Ogre@@@Ogre@@@std@@@Z+0x16,7,0.0525,13339,20.016
fourteam_fire_prefix,36116,OgreMain.dll!?getLodIndex@Material@Ogre@@QBEGM@Z+0x23,7,0.0525,13339,20.016
fourteam_fire_prefix,36116,nvwgf2um.dll!NVENCODEAPI_Thunk+0x2175ea,7,0.0525,13339,20.016
fourteam_fire_prefix,36116,dxgi.dll!DXGID3D10CreateDevice+0x848,7,0.0525,13339,20.016
fourteam_fire_prefix,36116,dxgi.dll!DXGIDisableVBlankVirtualization+0x39029,7,0.0525,13339,20.016
fourteam_fire_prefix,36116,d3d11.dll!D3D11CoreCreateDevice+0x8b17,7,0.0525,13339,20.016
fourteam_fire_prefix,36116,d3d11.dll!D3D11CoreCreateDevice+0x8faa,7,0.0525,13339,20.016
fourteam_fire_prefix,36116,battlezone98redux.exe!sub_584d30,7,0.0525,13339,20.016
fourteam_fire_prefix,36116,battlezone98redux.exe!sub_5fed30,7,0.0525,13339,20.016
fourteam_fire_prefix,36116,ntdll.dll!write_char+0x3e,7,0.0525,13339,20.016
fourteam_fire_prefix,36116,ntdll.dll!_RtlAbPostRelease@8+0xe,7,0.0525,13339,20.016
fourteam_fire_prefix,36116,MSVCR120.dll!__libm_sse2_acosf+0x104,7,0.0525,13339,20.016
fourteam_fire_prefix,36116,battlezone98redux.exe!sub_6ef330,7,0.0525,13339,20.016
fourteam_fire_prefix,36116,battlezone98redux.exe!sub_6f0ea0,7,0.0525,13339,20.016
fourteam_fire_prefix,36116,RenderSystem_Direct3D11.dll!?_render@D3D11RenderSystem@Ogre@@UAEXABVRenderOperation@2@@Z+0x161d,7,0.0525,13339,20.016
fourteam_fire_prefix,36116,ntdll.dll!__output_l+0x55b,7,0.0525,13339,20.016
fourteam_fire_prefix,36116,nvspcap.dll!CreateShadowPlayProxyShimInterface+0xe53a,7,0.0525,13339,20.016
fourteam_fire_prefix,36116,d3d11.dll!D3D11CoreCreateDevice+0x1d9a7,7,0.0525,13339,20.016
fourteam_fire_prefix,36116,OgreMain.dll!?_updateAutoParams@GpuProgramParameters@Ogre@@QAEXPBVAutoParamDataSource@2@G@Z+0x1eb5,7,0.0525,13339,20.016
fourteam_fire_prefix,36116,battlezone98redux.exe!sub_42de70,7,0.0525,13339,20.016
fourteam_fire_prefix,36116,battlezone98redux.exe!sub_8245f0,7,0.0525,13339,20.016
fourteam_fire_prefix,36116,battlezone98redux.exe!sub_4df930,7,0.0525,13339,20.016
fourteam_fire_prefix,36116,battlezone98redux.exe!sub_62c0b0,7,0.0525,13339,20.016
fourteam_fire_prefix,36116,MSVCR120.dll!__libm_sse2_acosf+0x1b6,7,0.0525,13339,20.016
fourteam_fire_prefix,36116,WINMM.dll@6e1d0000!BZROpenShim::`anonymous namespace'::EmissionLightStateHook+0x11,7,0.0525,13339,20.016
fourteam_fire_prefix,36116,battlezone98redux.exe!sub_5c19d0,7,0.0525,13339,20.016
fourteam_fire_prefix,36116,OgreMain.dll!?getConstantDefinition@GpuProgramParameters@Ogre@@QBEABUGpuConstantDefinition@2@ABV?$basic_string@DU?$char_traits@D@std@@V?$allocator@D@2@@std@@@Z+0xe4,7,0.0525,13339,20.016
fourteam_fire_prefix,36116,ntdll.dll!_RtlpAllocateNTHeapInternal@12+0x15b,7,0.0525,13339,20.016
fourteam_fire_prefix,36116,WINMM.dll@6e1d0000!BZROpenShim::`anonymous namespace'::GetHeadlightOgreApi+0x429,7,0.0525,13339,20.016
fourteam_fire_prefix,36116,d3d11.dll!D3D11CoreCreateDevice+0x964f,7,0.0525,13339,20.016
fourteam_fire_prefix,36116,d3d11.dll!D3D11CoreCreateDevice+0x9c8f,7,0.0525,13339,20.016
fourteam_fire_prefix,36116,KERNEL32.DLL!GetProcAddress+0x15,7,0.0525,13339,20.016
fourteam_fire_prefix,36116,ntdll.dll!write_char+0x8,7,0.0525,13339,20.016
fourteam_fire_prefix,36116,dxgi.dll!DXGIGetDebugInterface1+0x2051a,7,0.0525,13339,20.016
fourteam_fire_prefix,36116,battlezone98redux.exe!sub_623b20,7,0.0525,13339,20.016
fourteam_fire_prefix,36116,battlezone98redux.exe!sub_67ed9d,7,0.0525,13339,20.016
fourteam_fire_prefix,36116,battlezone98redux.exe!sub_67bdc0,7,0.0525,13339,20.016
fourteam_fire_prefix,36116,battlezone98redux.exe!sub_67c0e0,7,0.0525,13339,20.016
fourteam_fire_prefix,36116,ntdll.dll!__output_l+0x6d5,7,0.0525,13339,20.016
fourteam_fire_prefix,36116,MSVCR120.dll!fprintf+0x1dd,7,0.0525,13339,20.016
fourteam_fire_prefix,36116,battlezone98redux.exe!sub_4499a0,7,0.0525,13339,20.016
fourteam_fire_prefix,36116,OgreMain.dll!?lock@HardwareBuffer@Ogre@@UAEPAXIIW4LockOptions@12@W4UploadOptions@12@@Z+0xfa,7,0.0525,13339,20.016
fourteam_fire_prefix,36116,OgreMain.dll!?_updateAutoParams@GpuProgramParameters@Ogre@@QAEXPBVAutoParamDataSource@2@G@Z+0x1ca9,7,0.0525,13339,20.016
fourteam_fire_prefix,36116,ntdll.dll!_LdrpGenerateSnapsUnicodeStrings@28+0x1c6,7,0.0525,13339,20.016
fourteam_fire_prefix,36116,OgreMain.dll!?isInLightRange@Light@Ogre@@QBE_NABVSphere@2@@Z+0x161,7,0.0525,13339,20.016
fourteam_fire_prefix,36116,OgreMain.dll!?_updateAutoParams@GpuProgramParameters@Ogre@@QAEXPBVAutoParamDataSource@2@G@Z+0x1e50,7,0.0525,13339,20.016
fourteam_fire_prefix,36116,ntdll.dll!_LdrpResolveProcedureAddress@24+0x55,7,0.0525,13339,20.016
fourteam_fire_prefix,36116,WINMM.dll@6e1d0000!BZROpenShim::`anonymous namespace'::UpdateChunkProxySlotPosition+0x5c8,7,0.0525,13339,20.016
fourteam_fire_prefix,36116,OgreMain.dll!?createTechnique@Material@Ogre@@QAEPAVTechnique@2@XZ+0xa1f,6,0.045,13339,20.016
fourteam_fire_prefix,36116,OgreMain.dll!?isInLightRange@Light@Ogre@@QBE_NABVSphere@2@@Z+0x70,6,0.045,13339,20.016
fourteam_fire_prefix,36116,battlezone98redux.exe!sub_438c10,6,0.045,13339,20.016
fourteam_fire_prefix,36116,OgreMain.dll!?_notifyCurrentCamera@Entity@Ogre@@UAEXPAVCamera@2@@Z+0x14,6,0.045,13339,20.016
fourteam_fire_prefix,36116,OgreMain.dll!?getAs4DVector@Light@Ogre@@QBE?AVVector4@2@_N@Z+0x54,6,0.045,13339,20.016
fourteam_fire_prefix,36116,OgreMain.dll!?getLightMask@MovableObject@Ogre@@UBEIXZ,6,0.045,13339,20.016
fourteam_fire_prefix,36116,d3d11.dll!D3D11CoreCreateLayeredDevice+0x9aba,6,0.045,13339,20.016
fourteam_fire_prefix,36116,OgreMain.dll!?processVisibleObject@RenderQueue@Ogre@@QAEXPAVMovableObject@2@PAVCamera@2@_NPAUVisibleObjectsBoundsInfo@2@@Z+0x69,6,0.045,13339,20.016
fourteam_fire_prefix,36116,MSVCR120.dll!__libm_sse2_asinf+0x21c,6,0.045,13339,20.016
fourteam_fire_prefix,36116,OgreMain.dll!?angleBetween@Vector3@Ogre@@QBE?AVRadian@2@ABV12@@Z+0xcc,6,0.045,13339,20.016
fourteam_fire_prefix,36116,OgreMain.dll!?_populateLightList@SceneManager@Ogre@@UAEXABVVector3@2@MAAV?$HashedVector@PAVLight@Ogre@@@2@I@Z+0x14f,6,0.045,13339,20.016
fourteam_fire_prefix,36116,nvwgf2um.dll!NVENCODEAPI_Thunk+0x2178c1,6,0.045,13339,20.016
fourteam_fire_prefix,36116,WINMM.dll@6e1d0000!BZROpenShim::`anonymous namespace'::WriteFormattedMessage+0x117,6,0.045,13339,20.016
fourteam_fire_prefix,36116,OgreMain.dll!?isInLightRange@Light@Ogre@@QBE_NABVSphere@2@@Z+0x6,6,0.045,13339,20.016
fourteam_fire_prefix,36116,nvwgf2um.dll!OpenAdapter10+0x72c10,6,0.045,13339,20.016
fourteam_fire_prefix,36116,ntdll.dll!_ZwOpenThread@16+0xc,6,0.045,13339,20.016
fourteam_fire_prefix,36116,OgreMain.dll+0x17bb6,6,0.045,13339,20.016
fourteam_fire_prefix,36116,d3d11.dll+0x38e73,6,0.045,13339,20.016
fourteam_fire_prefix,36116,d3d11.dll+0x3628f,6,0.045,13339,20.016
fourteam_fire_prefix,36116,d3d11.dll!D3D11CoreCreateLayeredDevice+0x1469,6,0.045,13339,20.016
fourteam_fire_prefix,36116,d3d11.dll+0x373f1,6,0.045,13339,20.016
fourteam_fire_prefix,36116,battlezone98redux.exe!sub_440300,6,0.045,13339,20.016
fourteam_fire_prefix,36116,USER32.dll!GetCurrentMonitorTopologyId+0x5dfe,6,0.045,13339,20.016
fourteam_fire_prefix,36116,USER32.dll!GetNextDlgTabItem+0x538,6,0.045,13339,20.016
fourteam_fire_prefix,36116,RenderSystem_Direct3D11.dll!?_render@D3D11RenderSystem@Ogre@@UAEXABVRenderOperation@2@@Z+0x229,6,0.045,13339,20.016
fourteam_fire_prefix,36116,OgreMain.dll!?touchVertexBufferCopy@HardwareBufferManagerBase@Ogre@@UAEXABVHardwareVertexBufferSharedPtr@2@@Z+0x47,6,0.045,13339,20.016
fourteam_fire_prefix,36116,KERNELBASE.dll!WaitForMultipleObjects+0x18,6,0.045,13339,20.016
fourteam_fire_prefix,36116,battlezone98redux.exe!sub_44dcd0,6,0.045,13339,20.016
fourteam_fire_prefix,36116,RenderSystem_Direct3D11.dll!?uninstall@D3D11Plugin@Ogre@@UAEXXZ+0x51a0,6,0.045,13339,20.016
fourteam_fire_prefix,36116,OgreMain.dll!?clone@Animation@Ogre@@QBEPAV12@ABV?$basic_string@DU?$char_traits@D@std@@V?$allocator@D@2@@std@@@Z+0x2c6,6,0.045,13339,20.016
fourteam_fire_prefix,36116,OgreMain.dll!?getConstantDefinition@GpuProgramParameters@Ogre@@QBEABUGpuConstantDefinition@2@ABV?$basic_string@DU?$char_traits@D@std@@V?$allocator@D@2@@std@@@Z+0xd2,6,0.045,13339,20.016
fourteam_fire_prefix,36116,MSVCR120.dll!memcpy,6,0.045,13339,20.016
fourteam_fire_prefix,36116,OgreMain.dll!?_findVisibleObjects@SceneNode@Ogre@@UAEXPAVCamera@2@PAVRenderQueue@2@PAUVisibleObjectsBoundsInfo@2@_N33@Z+0x76,6,0.045,13339,20.016
fourteam_fire_prefix,36116,battlezone98redux.exe!sub_6ae160,6,0.045,13339,20.016
fourteam_fire_prefix,36116,"battlezone98redux.exe!FID_conflict:_Vector_const_iterator<class_std::_Vector_val<struct_std::_Simple_types<class_std::shared_ptr<struct_Concurrency::details::_Task_impl<struct_std::pair<unsigned_char,class_Concurrency::details::_CancellationTokenState*>_>_>_>_>_>",6,0.045,13339,20.016
fourteam_fire_prefix,36116,OgreMain.dll!?angleBetween@Vector3@Ogre@@QBE?AVRadian@2@ABV12@@Z+0x1,6,0.045,13339,20.016
fourteam_fire_prefix,36116,MSVCR120.dll!wcsnlen+0x13c,6,0.045,13339,20.016
fourteam_fire_prefix,36116,battlezone98redux.exe!sub_6799c0,6,0.045,13339,20.016
fourteam_fire_prefix,36116,ntdll.dll!_ZwSetInformationThread@16+0xc,6,0.045,13339,20.016
fourteam_fire_prefix,36116,MSVCR120.dll!__libm_sse2_asinf+0x3a,6,0.045,13339,20.016
fourteam_fire_prefix,36116,ntdll.dll!__aulldvrm,6,0.045,13339,20.016
fourteam_fire_prefix,36116,OgreMain.dll!??4GpuSharedParametersUsage@Ogre@@QAEAAV01@ABV01@@Z+0x2758,6,0.045,13339,20.016
fourteam_fire_prefix,36116,OgreMain.dll!?isInLightRange@Light@Ogre@@QBE_NABVSphere@2@@Z+0x134,6,0.045,13339,20.016
fourteam_fire_prefix,36116,OgreMain.dll!?getLightAs4DVector@AutoParamDataSource@Ogre@@UBE?AVVector4@2@I@Z+0x10,6,0.045,13339,20.016
fourteam_fire_prefix,36116,OgreMain.dll!?getLight@AutoParamDataSource@Ogre@@IBEABVLight@2@I@Z+0x11,6,0.045,13339,20.016
fourteam_fire_prefix,36116,battlezone98redux.exe!sub_686600,6,0.045,13339,20.016
fourteam_fire_prefix,36116,OgreMain.dll!?findLightsAffectingFrustum@SceneManager@Ogre@@MAEXPBVCamera@2@@Z+0x1d7,6,0.045,13339,20.016
fourteam_fire_prefix,36116,ntdll.dll!RtlpImageDirectoryEntryToDataEx+0x40,6,0.045,13339,20.016
fourteam_fire_prefix,36116,OgreMain.dll!?_writeRawConstant@GpuProgramParameters@Ogre@@QAEXIABVMatrix4@2@I@Z+0x1e,6,0.045,13339,20.016
fourteam_fire_prefix,36116,WINMM.dll@6e1d0000!BZROpenShim::`anonymous namespace'::IsOgreEntityObject+0x44,6,0.045,13339,20.016
fourteam_fire_prefix,36116,OgreMain.dll!?isInLightRange@Light@Ogre@@QBE_NABVSphere@2@@Z+0x14c,6,0.045,13339,20.016
fourteam_fire_prefix,36116,nvwgf2um.dll!SetDependencyInfo+0x54242,6,0.045,13339,20.016
fourteam_fire_prefix,36116,battlezone98redux.exe!sub_479f30,6,0.045,13339,20.016
fourteam_fire_prefix,36116,ntdll.dll!_LdrpGetProcedureAddress@16+0x46,6,0.045,13339,20.016
fourteam_fire_prefix,36116,RenderSystem_Direct3D11.dll!??1D3D11RenderWindowSwapChainBased@Ogre@@UAE@XZ+0x36e,6,0.045,13339,20.016
fourteam_fire_prefix,36116,OgreMain.dll!?buildKeyFrameTimeList@Animation@Ogre@@IBEXXZ+0x6aa,6,0.045,13339,20.016
fourteam_fire_prefix,36116,OgreMain.dll!?getProgram@Pass@Ogre@@IBEABV?$SharedPtr@VGpuProgram@Ogre@@@2@PBQAVGpuProgramUsage@2@@Z+0x44,6,0.045,13339,20.016
fourteam_fire_prefix,36116,battlezone98redux.exe!sub_663740,6,0.045,13339,20.016
fourteam_fire_prefix,36116,OgreMain.dll!?update@Light@Ogre@@MBEXXZ,6,0.045,13339,20.016
fourteam_fire_prefix,36116,KERNEL32.DLL!GetPrivateProfileStringA+0x3c,6,0.045,13339,20.016
fourteam_fire_prefix,36116,WINMM.dll@6e1d0000!OpenShimGetEnvironmentVariableA+0x26e,6,0.045,13339,20.016
fourteam_fire_prefix,36116,WINMM.dll@6e1d0000!`anonymous namespace'::TryReadIniValue+0x8c,6,0.045,13339,20.016
fourteam_fire_prefix,36116,OgreMain.dll!?merge@VisibleObjectsBoundsInfo@Ogre@@QAEXABVAxisAlignedBox@2@ABVSphere@2@PBVCamera@2@_N@Z+0x11d,6,0.045,13339,20.016
fourteam_fire_prefix,36116,OgreMain.dll!?clone@Animation@Ogre@@QBEPAV12@ABV?$basic_string@DU?$char_traits@D@std@@V?$allocator@D@2@@std@@@Z+0x2e2,6,0.045,13339,20.016
fourteam_fire_prefix,36116,battlezone98redux.exe!sub_81c600,6,0.045,13339,20.016
fourteam_fire_prefix,36116,battlezone98redux.exe!sub_446460,6,0.045,13339,20.016
fourteam_fire_prefix,36116,KERNELBASE.dll!RaiseException+0x64,6,0.045,13339,20.016
fourteam_fire_prefix,36116,battlezone98redux.exe!sub_492d60,6,0.045,13339,20.016
fourteam_fire_prefix,36116,d3d11.dll!CreateDirect3D11DeviceFromDXGIDevice+0xbc60f,6,0.045,13339,20.016
fourteam_fire_prefix,36116,battlezone98redux.exe!sub_5ba560,6,0.045,13339,20.016
fourteam_fire_prefix,36116,OgreMain.dll!?getHasInstanceData@VertexBufferBinding@Ogre@@UBE_NXZ+0x45,6,0.045,13339,20.016
fourteam_fire_prefix,36116,OgreMain.dll!?getDerivedPosition@Light@Ogre@@QBEABVVector3@2@_N@Z+0x29,6,0.045,13339,20.016
fourteam_fire_prefix,36116,MSVCP120.dll!??0?$basic_istream@DU?$char_traits@D@std@@@std@@QAE@PAV?$basic_streambuf@DU?$char_traits@D@std@@@1@_N@Z+0x62,6,0.045,13339,20.016
fourteam_fire_prefix,36116,MSVCP120.dll!??0?$basic_iostream@DU?$char_traits@D@std@@@std@@QAE@PAV?$basic_streambuf@DU?$char_traits@D@std@@@1@@Z+0x45,6,0.045,13339,20.016
fourteam_fire_prefix,36116,battlezone98redux.exe!sub_70c6f0,6,0.045,13339,20.016
fourteam_fire_prefix,36116,battlezone98redux.exe!sub_6fc7c0,6,0.045,13339,20.016
fourteam_fire_prefix,36116,RenderSystem_Direct3D11.dll!?bindGpuProgramParameters@D3D11RenderSystem@Ogre@@UAEXW4GpuProgramType@2@V?$SharedPtr@VGpuProgramParameters@Ogre@@@2@G@Z+0x85,6,0.045,13339,20.016
fourteam_fire_prefix,36116,OgreMain.dll!?findLightsAffectingFrustum@SceneManager@Ogre@@MAEXPBVCamera@2@@Z+0xa2,6,0.045,13339,20.016
fourteam_fire_prefix,36116,ntdll.dll!__aulldvrm+0x80,6,0.045,13339,20.016
fourteam_fire_prefix,36116,OgreMain.dll!?clone@Animation@Ogre@@QBEPAV12@ABV?$basic_string@DU?$char_traits@D@std@@V?$allocator@D@2@@std@@@Z+0x249,6,0.045,13339,20.016
fourteam_fire_prefix,36116,ntdll.dll!_RtlpGetCodePageData@4+0x6,6,0.045,13339,20.016
fourteam_fire_prefix,36116,battlezone98redux.exe!sub_83432e,6,0.045,13339,20.016
fourteam_fire_prefix,36116,battlezone98redux.exe!sub_82ba1c,6,0.045,13339,20.016
fourteam_fire_prefix,36116,battlezone98redux.exe!sub_82d338,6,0.045,13339,20.016
fourteam_fire_prefix,36116,OgreMain.dll!?getWorldBoundingSphere@Entity@Ogre@@UBEABVSphere@2@_N@Z+0x7d,6,0.045,13339,20.016
fourteam_fire_prefix,36116,OgreMain.dll!?getProgram@Pass@Ogre@@IBEABV?$SharedPtr@VGpuProgram@Ogre@@@2@PBQAVGpuProgramUsage@2@@Z+0x38,6,0.045,13339,20.016
fourteam_fire_prefix,36116,ntdll.dll!write_char+0x1f,6,0.045,13339,20.016
fourteam_fire_prefix,36116,ntdll.dll!_RtlInitString@8+0x1d,6,0.045,13339,20.016
fourteam_fire_prefix,36116,OgreMain.dll!?calculateB@FocusedShadowCameraSetup@Ogre@@IBEXABVSceneManager@2@ABVCamera@2@ABVLight@2@ABVAxisAlignedBox@2@3PAVPointListBody@12@@Z+0x17,6,0.045,13339,20.016
fourteam_fire_prefix,36116,win32u.dll!_NtGdiDdDDIQueryVidPnExclusiveOwnership@4+0xc,6,0.045,13339,20.016
fourteam_fire_prefix,36116,dxgi.dll!CompatString+0x2a87,6,0.045,13339,20.016
fourteam_fire_prefix,36116,OgreMain.dll!?_injectRenderWithPass@SceneManager@Ogre@@UAEXPAVPass@2@PAVRenderable@2@_N2PBV?$HashedVector@PAVLight@Ogre@@@2@@Z+0x16,6,0.045,13339,20.016
fourteam_fire_prefix,36116,battlezone98redux.exe!sub_440210,6,0.045,13339,20.016
fourteam_fire_prefix,36116,KERNELBASE.dll!GetProcAddressForCaller+0x24,6,0.045,13339,20.016
fourteam_fire_prefix,36116,win32u.dll!_NtUserSetCursorPos@8+0xc,6,0.045,13339,20.016
fourteam_fire_prefix,36116,d3d11.dll!CreateDirect3D11DeviceFromDXGIDevice+0xbae48,6,0.045,13339,20.016
fourteam_fire_prefix,36116,ntdll.dll!write_multi_char+0x9,6,0.045,13339,20.016
fourteam_fire_prefix,36116,OgreMain.dll!?getVertexProgramParameters@Pass@Ogre@@QBE?AV?$SharedPtr@VGpuProgramParameters@Ogre@@@2@XZ+0xff,6,0.045,13339,20.016
fourteam_fire_prefix,36116,ntdll.dll!_LdrpFindLoadedDllByAddress@12+0x16,6,0.045,13339,20.016
fourteam_fire_prefix,36116,nvwgf2um.dll!SetDependencyInfo+0x59669,6,0.045,13339,20.016
fourteam_fire_prefix,36116,ntdll.dll!__output_l+0x6cf,6,0.045,13339,20.016
fourteam_fire_prefix,36116,nvwgf2um.dll!NVDEV_Thunk+0x4f7994,6,0.045,13339,20.016
fourteam_fire_prefix,36116,MSVCR120.dll!__libm_sse2_acosf+0x17e,6,0.045,13339,20.016
fourteam_fire_prefix,36116,OgreMain.dll!?createEntity@SceneManager@Ogre@@UAEPAVEntity@2@ABV?$basic_string@DU?$char_traits@D@std@@V?$allocator@D@2@@std@@00@Z+0x134,5,0.0375,13339,20.016
fourteam_fire_prefix,36116,OgreMain.dll!?createEntity@SceneManager@Ogre@@UAEPAVEntity@2@ABV?$basic_string@DU?$char_traits@D@std@@V?$allocator@D@2@@std@@@Z+0x59,5,0.0375,13339,20.016
fourteam_fire_prefix,36116,MSVCR120.dll!tolower+0x28,5,0.0375,13339,20.016
fourteam_fire_prefix,36116,MSVCR120.dll!ceil+0x1ce,5,0.0375,13339,20.016
fourteam_fire_prefix,36116,RenderSystem_Direct3D11.dll!?_setTexture@D3D11RenderSystem@Ogre@@UAEXI_NABV?$SharedPtr@VTexture@Ogre@@@2@@Z+0x68,5,0.0375,13339,20.016
fourteam_fire_prefix,36116,OgreMain.dll!?_setTextureUnitSettings@RenderSystem@Ogre@@UAEXIAAVTextureUnitState@2@@Z+0x73,5,0.0375,13339,20.016
fourteam_fire_prefix,36116,ntdll.dll!__woutput_l+0x4d9,5,0.0375,13339,20.016
fourteam_fire_prefix,36116,RenderSystem_Direct3D11.dll!?_render@D3D11RenderSystem@Ogre@@UAEXABVRenderOperation@2@@Z+0x112e,5,0.0375,13339,20.016
fourteam_fire_prefix,36116,MSVCR120.dll!__libm_sse2_acosf+0xec,5,0.0375,13339,20.016
fourteam_fire_prefix,36116,OgreMain.dll!?_writeRawConstants@GpuProgramParameters@Ogre@@QAEXIPBMI@Z+0xd,5,0.0375,13339,20.016
fourteam_fire_prefix,36116,ntdll.dll!_RtlAnsiCharToUnicodeChar@4+0x3,5,0.0375,13339,20.016
fourteam_fire_prefix,36116,RenderSystem_Direct3D11.dll!?_setRenderTarget@D3D11RenderSystem@Ogre@@UAEXPAVRenderTarget@2@@Z+0x4c,5,0.0375,13339,20.016
fourteam_fire_prefix,36116,battlezone98redux.exe!sub_787b60,5,0.0375,13339,20.016
fourteam_fire_prefix,36116,battlezone98redux.exe!sub_423830,5,0.0375,13339,20.016
fourteam_fire_prefix,36116,OgreMain.dll!?updateAnimation@Entity@Ogre@@IAEXXZ+0x10f,5,0.0375,13339,20.016
fourteam_fire_prefix,36116,OgreMain.dll!?_calcTempSquareDist@Light@Ogre@@QAEXABVVector3@2@@Z+0x58,5,0.0375,13339,20.016
fourteam_fire_prefix,36116,WINMM.dll@6e1d0000!BZROpenShim::`anonymous namespace'::EmissionLightStateHook+0x10,5,0.0375,13339,20.016
fourteam_fire_prefix,36116,OgreMain.dll!?FastHash@Ogre@@YAIPBDHI@Z+0x6,5,0.0375,13339,20.016
fourteam_fire_prefix,36116,ntdll.dll!_ZwWaitForMultipleObjects@20+0xc,5,0.0375,13339,20.016
fourteam_fire_prefix,36116,battlezone98redux.exe!sub_43a7e0,5,0.0375,13339,20.016
fourteam_fire_prefix,36116,battlezone98redux.exe!sub_43c6c0,5,0.0375,13339,20.016
fourteam_fire_prefix,36116,OgreMain.dll!?updatePoint@RotationalSpline@Ogre@@QAEXGABVQuaternion@2@@Z+0x9ce3,5,0.0375,13339,20.016
fourteam_fire_prefix,36116,MSVCR120.dll!memcpy+0x6,5,0.0375,13339,20.016
fourteam_fire_prefix,36116,OgreMain.dll!?getRenderOperation@SubEntity@Ogre@@UAEXAAVRenderOperation@2@@Z+0x10,5,0.0375,13339,20.016
fourteam_fire_prefix,36116,MSVCR120.dll!__crtFlsGetValue+0x19,5,0.0375,13339,20.016
fourteam_fire_prefix,36116,battlezone98redux.exe!sub_42da60,5,0.0375,13339,20.016
fourteam_fire_prefix,36116,battlezone98redux.exe!sub_67a5ed,5,0.0375,13339,20.016
fourteam_fire_prefix,36116,OgreMain.dll!??4GpuSharedParametersUsage@Ogre@@QAEAAV01@ABV01@@Z+0x2727,5,0.0375,13339,20.016
fourteam_fire_prefix,36116,battlezone98redux.exe!sub_4588f0,5,0.0375,13339,20.016
fourteam_fire_prefix,36116,battlezone98redux.exe!sub_448f10,5,0.0375,13339,20.016
fourteam_fire_prefix,36116,battlezone98redux.exe!sub_458c40,5,0.0375,13339,20.016
fourteam_fire_prefix,36116,d3d11.dll+0x2ba61,5,0.0375,13339,20.016
fourteam_fire_prefix,36116,d3d11.dll!D3D11CoreCreateDevice+0x2f01d,5,0.0375,13339,20.016
fourteam_fire_prefix,36116,OgreMain.dll!?updateFromParentImpl@SceneNode@Ogre@@MBEXXZ+0x9,5,0.0375,13339,20.016
fourteam_fire_prefix,36116,OgreMain.dll!?_fireFrameEnded@Root@Ogre@@QAE_NXZ+0x1f,5,0.0375,13339,20.016
fourteam_fire_prefix,36116,OgreMain.dll!?_getTexturePtr@TextureUnitState@Ogre@@QBEABV?$SharedPtr@VTexture@Ogre@@@2@XZ+0x7,5,0.0375,13339,20.016
fourteam_fire_prefix,36116,battlezone98redux.exe!sub_4df370,5,0.0375,13339,20.016
fourteam_fire_prefix,36116,battlezone98redux.exe!sub_4ee780,5,0.0375,13339,20.016
fourteam_fire_prefix,36116,OgreMain.dll!?_calcTempSquareDist@Light@Ogre@@QAEXABVVector3@2@@Z+0x20,5,0.0375,13339,20.016
fourteam_fire_prefix,36116,OgreMain.dll!?angleBetween@Vector3@Ogre@@QBE?AVRadian@2@ABV12@@Z+0x58,5,0.0375,13339,20.016
fourteam_fire_prefix,36116,battlezone98redux.exe!sub_442f40,5,0.0375,13339,20.016
fourteam_fire_prefix,36116,WINMM.dll@6e1d0000!BZROpenShim::`anonymous namespace'::DecideFrustumCull+0x119,5,0.0375,13339,20.016
fourteam_fire_prefix,36116,ntdll.dll!write_string+0x23,5,0.0375,13339,20.016
fourteam_fire_prefix,36116,KERNELBASE.dll!OutputDebugStringA+0xfe,5,0.0375,13339,20.016
fourteam_fire_prefix,36116,ntdll.dll!_ZwOpenSection@12+0xc,5,0.0375,13339,20.016
fourteam_fire_prefix,36116,RenderSystem_Direct3D11.dll!?getConstantBuffer@D3D11HLSLProgram@Ogre@@QAEPAUID3D11Buffer@@V?$SharedPtr@VGpuProgramParameters@Ogre@@@2@G@Z+0x141,5,0.0375,13339,20.016
fourteam_fire_prefix,36116,ntdll.dll!_RtlpAbAllocateLockEntry@0+0x16,5,0.0375,13339,20.016
fourteam_fire_prefix,36116,MSVCR120.dll!wcschr+0xca,5,0.0375,13339,20.016
fourteam_fire_prefix,36116,d3d11.dll+0x35e90,5,0.0375,13339,20.016
fourteam_fire_prefix,36116,OgreMain.dll!?queryLights@MovableObject@Ogre@@UBEABV?$HashedVector@PAVLight@Ogre@@@2@XZ+0xd,5,0.0375,13339,20.016
fourteam_fire_prefix,36116,OgreMain.dll!??0VertexData@Ogre@@QAE@PAVHardwareBufferManagerBase@1@@Z+0x7d,5,0.0375,13339,20.016
fourteam_fire_prefix,36116,OgreMain.dll!?isVisible@MovableObject@Ogre@@UBE_NXZ+0x7,5,0.0375,13339,20.016
fourteam_fire_prefix,36116,OgreMain.dll!?update@Light@Ogre@@MBEXXZ+0x132,5,0.0375,13339,20.016
fourteam_fire_prefix,36116,OgreMain.dll!?_populateLightList@SceneManager@Ogre@@UAEXABVVector3@2@MAAV?$HashedVector@PAVLight@Ogre@@@2@I@Z+0xbd,5,0.0375,13339,20.016
fourteam_fire_prefix,36116,nvwgf2um.dll!OpenAdapter10+0x744c7,5,0.0375,13339,20.016
fourteam_fire_prefix,36116,nvwgf2um.dll!OpenAdapter10+0x71b17,5,0.0375,13339,20.016
fourteam_fire_prefix,36116,d3d11.dll!CreateDirect3D11DeviceFromDXGIDevice+0xbc587,5,0.0375,13339,20.016
fourteam_fire_prefix,36116,battlezone98redux.exe!sub_666700,5,0.0375,13339,20.016
fourteam_fire_prefix,36116,d3d11.dll+0x31b92,5,0.0375,13339,20.016
fourteam_fire_prefix,36116,KERNEL32.DLL!BaseDllReadWriteIniFile+0xea,5,0.0375,13339,20.016
fourteam_fire_prefix,36116,ucrtbase.dll!__write_internal+0x9a,5,0.0375,13339,20.016
fourteam_fire_prefix,36116,"ucrtbase.dll!__crt_seh_guarded_call<int>::operator()<<lambda_6d20deecaf4856105ebacbad442d1079>,<lambda_9a32fed5bf61b6b509b2d3f6003082a1> &,<lambda_63ea2239ed67c638ddbae41947fdf875> >+0x2f",5,0.0375,13339,20.016
fourteam_fire_prefix,36116,ucrtbase.dll!write_text_ansi_nolock+0x98,5,0.0375,13339,20.016
fourteam_fire_prefix,36116,ucrtbase.dll!_fflush_nolock_internal+0xe,5,0.0375,13339,20.016
fourteam_fire_prefix,36116,WINMM.dll@6e1d0000!BZROpenShim::`anonymous namespace'::WriteLineUnlocked+0x134,5,0.0375,13339,20.016
fourteam_fire_prefix,36116,ucrtbase.dll!___acrt_stdio_flush_nolock+0x49,5,0.0375,13339,20.016
fourteam_fire_prefix,36116,ucrtbase.dll!_fflush+0x3f,5,0.0375,13339,20.016
fourteam_fire_prefix,36116,ucrtbase.dll!__write_nolock+0xc4,5,0.0375,13339,20.016
fourteam_fire_prefix,36116,OgreMain.dll!?getFragmentProgram@Pass@Ogre@@QBEABV?$SharedPtr@VGpuProgram@Ogre@@@2@XZ+0xc,5,0.0375,13339,20.016
fourteam_fire_prefix,36116,d3d11.dll!CreateDirect3D11DeviceFromDXGIDevice+0xbc57a,5,0.0375,13339,20.016
fourteam_fire_prefix,36116,ntdll.dll!_ZwRaiseException@12+0xc,5,0.0375,13339,20.016
fourteam_fire_prefix,36116,ntdll.dll!_RtlpLfhFindClearBitAndSet@16+0x13,5,0.0375,13339,20.016
fourteam_fire_prefix,36116,win32u.dll!_NtQueryCompositionSurfaceStatistics@8+0xc,5,0.0375,13339,20.016
fourteam_fire_prefix,36116,d3d11.dll!D3D11CreateDeviceAndSwapChain+0x1140,5,0.0375,13339,20.016
fourteam_fire_prefix,36116,d3d11.dll!D3D11CoreCreateLayeredDevice+0x17cd,5,0.0375,13339,20.016
fourteam_fire_prefix,36116,ntdll.dll!_RtlCustomCPToUnicodeN@24+0x106,5,0.0375,13339,20.016
fourteam_fire_prefix,36116,RenderSystem_Direct3D11.dll!?_render@D3D11RenderSystem@Ogre@@UAEXABVRenderOperation@2@@Z+0x195a,5,0.0375,13339,20.016
fourteam_fire_prefix,36116,battlezone98redux.exe!FID_conflict:operator==,5,0.0375,13339,20.016
fourteam_fire_prefix,36116,battlezone98redux.exe!sub_5c6f70,5,0.0375,13339,20.016
fourteam_fire_prefix,36116,RenderSystem_Direct3D11.dll!?getMonitorSequentialNumberFromSwapChain@MonitorInfo@Ogre@@QAEGPAUIDXGISwapChain@@_N@Z+0x2ac4,5,0.0375,13339,20.016
fourteam_fire_prefix,36116,OgreMain.dll!?ASin@Math@Ogre@@SA?AVRadian@2@M@Z+0x1,5,0.0375,13339,20.016
fourteam_fire_prefix,36116,OgreMain.dll!?_setPass@SceneManager@Ogre@@UAEPBVPass@2@PBV32@_N1@Z+0x87d,5,0.0375,13339,20.016
fourteam_fire_prefix,36116,ntdll.dll!_RtlAcquireSRWLockShared@4+0x1f,5,0.0375,13339,20.016
fourteam_fire_prefix,36116,ntdll.dll!_LdrpAcquireModuleDatatableLockShared@0+0xd,5,0.0375,13339,20.016
fourteam_fire_prefix,36116,OgreMain.dll!?clear@RenderPriorityGroup@Ogre@@QAEXXZ+0x205,5,0.0375,13339,20.016
fourteam_fire_prefix,36116,ntdll.dll!__output_l+0x124,5,0.0375,13339,20.016
fourteam_fire_prefix,36116,d3d11.dll!CreateDirect3D11DeviceFromDXGIDevice+0xbc64c,5,0.0375,13339,20.016
fourteam_fire_prefix,36116,battlezone98redux.exe!sub_43ac70,5,0.0375,13339,20.016
fourteam_fire_prefix,36116,OgreMain.dll!?deriveTextureRenderTargetOptions@CompositorInstance@Ogre@@AAEXABV?$basic_string@DU?$char_traits@D@std@@V?$allocator@D@2@@std@@PA_NPAIPAV34@@Z+0x81c,5,0.0375,13339,20.016
fourteam_fire_prefix,36116,battlezone98redux.exe!sub_449690,5,0.0375,13339,20.016
fourteam_fire_prefix,36116,RenderSystem_Direct3D11.dll!?isVisible@D3D11RenderWindowHwnd@Ogre@@UBE_NXZ+0xf,5,0.0375,13339,20.016
fourteam_fire_prefix,36116,battlezone98redux.exe+0x2da8f,5,0.0375,13339,20.016
fourteam_fire_prefix,36116,ntdll.dll!@__security_check_cookie@4+0x6,5,0.0375,13339,20.016
fourteam_fire_prefix,36116,ntdll.dll!write_char+0x26,5,0.0375,13339,20.016
fourteam_fire_prefix,36116,OgreMain.dll!?_updateAutoParams@GpuProgramParameters@Ogre@@QAEXPBVAutoParamDataSource@2@G@Z+0x1bbb,5,0.0375,13339,20.016
fourteam_fire_prefix,36116,OgreMain.dll!?isTransparentSortingForced@Technique@Ogre@@QBE_NXZ+0xc,5,0.0375,13339,20.016
fourteam_fire_prefix,36116,OgreMain.dll!?isFloat@GpuConstantDefinition@Ogre@@SA_NW4GpuConstantType@2@@Z+0x13,5,0.0375,13339,20.016
fourteam_fire_prefix,36116,battlezone98redux.exe!sub_6fe560,5,0.0375,13339,20.016
fourteam_fire_prefix,36116,battlezone98redux.exe!sub_6f0e50,5,0.0375,13339,20.016
fourteam_fire_prefix,36116,OgreMain.dll!?_updateBounds@SceneNode@Ogre@@UAEXXZ+0x213,5,0.0375,13339,20.016
fourteam_fire_prefix,36116,ntdll.dll!_RtlInitUnicodeString@8+0x1e,5,0.0375,13339,20.016
fourteam_fire_prefix,36116,ntdll.dll!_LdrGetProcedureAddressForCaller@24+0x193,5,0.0375,13339,20.016
fourteam_fire_prefix,36116,ntdll.dll!_LdrpAddUnicodeStringToSnapsBuffer@4+0x3b,5,0.0375,13339,20.016
fourteam_fire_prefix,36116,MSVCR120.dll!__libm_sse2_asinf+0xa0,5,0.0375,13339,20.016
fourteam_fire_prefix,36116,OgreMain.dll!?hasViewRelativeTextureCoordinateGeneration@TextureUnitState@Ogre@@QBE_NXZ+0x14,5,0.0375,13339,20.016
fourteam_fire_prefix,36116,OgreMain.dll!??4GpuSharedParametersUsage@Ogre@@QAEAAV01@ABV01@@Z+0x2737,5,0.0375,13339,20.016
fourteam_fire_prefix,36116,OgreMain.dll!?_updateAutoParams@GpuProgramParameters@Ogre@@QAEXPBVAutoParamDataSource@2@G@Z+0x84,5,0.0375,13339,20.016
fourteam_fire_prefix,36116,OgreMain.dll!?_updateAutoParams@GpuProgramParameters@Ogre@@QAEXPBVAutoParamDataSource@2@G@Z+0x1b85,5,0.0375,13339,20.016
fourteam_fire_prefix,36116,OgreMain.dll!?getInverseTransposeViewMatrix@AutoParamDataSource@Ogre@@UBE?AVMatrix4@2@XZ+0xb,5,0.0375,13339,20.016
fourteam_fire_prefix,36116,battlezone98redux.exe!sub_444f70,5,0.0375,13339,20.016
fourteam_fire_prefix,36116,d3d11.dll!D3D11CoreCreateLayeredDevice+0x1490,5,0.0375,13339,20.016
fourteam_fire_prefix,36116,OgreMain.dll!?getContentType@TextureUnitState@Ogre@@QBE?AW4ContentType@12@XZ+0x6,5,0.0375,13339,20.016
fourteam_fire_prefix,36116,ntdll.dll!_RtlCustomCPToUnicodeN@24+0x2,5,0.0375,13339,20.016
fourteam_fire_prefix,36116,OgreMain.dll!?destroySceneNode@SceneManager@Ogre@@UAEXPAVSceneNode@2@@Z+0xd1,5,0.0375,13339,20.016
fourteam_fire_prefix,36116,OgreMain.dll!?createTechnique@Material@Ogre@@QAEPAVTechnique@2@XZ+0xb03,5,0.0375,13339,20.016
fourteam_fire_prefix,36116,WINMM.dll@6e1d0000!BZROpenShim::`anonymous namespace'::HandleEmissionLightState+0x59,5,0.0375,13339,20.016
fourteam_fire_prefix,36116,battlezone98redux.exe!sub_44ff76,5,0.0375,13339,20.016
fourteam_fire_prefix,36116,OgreMain.dll+0x32515,5,0.0375,13339,20.016
fourteam_fire_prefix,36116,OgreMain.dll!??4GpuSharedParametersUsage@Ogre@@QAEAAV01@ABV01@@Z+0x274f,5,0.0375,13339,20.016
fourteam_fire_prefix,36116,battlezone98redux.exe!sub_417f60,5,0.0375,13339,20.016
fourteam_fire_prefix,36116,battlezone98redux.exe!sub_44f820,5,0.0375,13339,20.016
fourteam_fire_prefix,36116,OgreMain.dll+0x41fb,5,0.0375,13339,20.016
fourteam_fire_prefix,36116,battlezone98redux.exe!sub_5bc640,5,0.0375,13339,20.016
fourteam_fire_prefix,36116,RenderSystem_Direct3D11.dll!?getMonitorSequentialNumberFromSwapChain@MonitorInfo@Ogre@@QAEGPAUIDXGISwapChain@@_N@Z+0x2797,5,0.0375,13339,20.016
fourteam_fire_prefix,36116,OgreMain.dll!?generate@NameGenerator@Ogre@@QAE?AV?$basic_string@DU?$char_traits@D@std@@V?$allocator@D@2@@std@@XZ+0x89,5,0.0375,13339,20.016
fourteam_fire_prefix,36116,OgreMain.dll!?_updateAutoParams@GpuProgramParameters@Ogre@@QAEXPBVAutoParamDataSource@2@G@Z+0x1246,5,0.0375,13339,20.016
fourteam_fire_prefix,36116,OgreMain.dll!??4GpuSharedParametersUsage@Ogre@@QAEAAV01@ABV01@@Z+0x2785,5,0.0375,13339,20.016
fourteam_fire_prefix,36116,OgreMain.dll!??1QueuedRenderableCollection@Ogre@@QAE@XZ+0xb16,5,0.0375,13339,20.016
fourteam_fire_prefix,36116,OgreMain.dll!?transformAffine@AxisAlignedBox@Ogre@@QAEXABVMatrix4@2@@Z+0x1c4,5,0.0375,13339,20.016
fourteam_fire_prefix,36116,ntdll.dll!_RtlCustomCPToUnicodeN@24+0x11,5,0.0375,13339,20.016
fourteam_fire_prefix,36116,RenderSystem_Direct3D11.dll!?_render@D3D11RenderSystem@Ogre@@UAEXABVRenderOperation@2@@Z+0x64b,5,0.0375,13339,20.016
fourteam_fire_prefix,36116,battlezone98redux.exe!sub_449be0,5,0.0375,13339,20.016
fourteam_fire_prefix,36116,ntdll.dll!__output_l+0x145,5,0.0375,13339,20.016
fourteam_fire_prefix,36116,d3d11.dll!CreateDirect3D11DeviceFromDXGIDevice+0x9ae79,5,0.0375,13339,20.016
fourteam_fire_prefix,36116,ntdll.dll!__aulldvrm+0x7c,5,0.0375,13339,20.016
fourteam_fire_prefix,36116,battlezone98redux.exe!sub_420f10,5,0.0375,13339,20.016
fourteam_fire_prefix,36116,RenderSystem_Direct3D11.dll!??0D3D11RenderWindowSwapChainBased@Ogre@@QAE@ABV01@@Z+0xa0b,5,0.0375,13339,20.016
fourteam_fire_prefix,36116,battlezone98redux.exe!sub_504f90,5,0.0375,13339,20.016
fourteam_fire_prefix,36116,battlezone98redux.exe!sub_4bb060,5,0.0375,13339,20.016
fourteam_fire_prefix,36116,d3d11.dll+0x2b518,5,0.0375,13339,20.016
fourteam_fire_prefix,36116,ntdll.dll!write_char+0x12,5,0.0375,13339,20.016
fourteam_fire_prefix,36116,battlezone98redux.exe!sub_421a50,5,0.0375,13339,20.016
fourteam_fire_prefix,36116,MSVCR120.dll!fflush+0x2c,5,0.0375,13339,20.016
fourteam_fire_prefix,36116,MSVCR120.dll!_fflush_nolock+0x15,5,0.0375,13339,20.016
fourteam_fire_prefix,36116,MSVCP120.dll!?osfx@?$basic_ostream@_WU?$char_traits@_W@std@@@std@@QAEXXZ+0x2e,5,0.0375,13339,20.016
fourteam_fire_prefix,36116,battlezone98redux.exe!sub_4bc878,5,0.0375,13339,20.016
fourteam_fire_prefix,36116,battlezone98redux.exe!sub_4bba20,5,0.0375,13339,20.016
fourteam_fire_prefix,36116,MSVCR120.dll!_write+0x7c,5,0.0375,13339,20.016
fourteam_fire_prefix,36116,MSVCR120.dll!_write+0xf1,5,0.0375,13339,20.016
fourteam_fire_prefix,36116,ntdll.dll!_ZwQueryInformationProcess@20+0x26,5,0.0375,13339,20.016
fourteam_fire_prefix,36116,battlezone98redux.exe!sub_44f090,5,0.0375,13339,20.016
fourteam_fire_prefix,36116,OgreMain.dll!?setNull@?$SharedPtr@VHardwareIndexBuffer@Ogre@@@Ogre@@QAEXXZ+0xa,5,0.0375,13339,20.016
fourteam_fire_prefix,36116,d3d11.dll!D3D11CoreCreateLayeredDevice+0x13c43,5,0.0375,13339,20.016
fourteam_fire_prefix,36116,d3d11.dll!D3D11CoreCreateLayeredDevice+0x13921,5,0.0375,13339,20.016
fourteam_fire_prefix,36116,OgreMain.dll+0x2e866,4,0.03,13339,20.016
fourteam_fire_prefix,36116,OgreMain.dll!?isInLightRange@Light@Ogre@@QBE_NABVSphere@2@@Z+0x64,4,0.03,13339,20.016
fourteam_fire_prefix,36116,battlezone98redux.exe!sub_417460,4,0.03,13339,20.016
fourteam_fire_prefix,36116,OgreMain.dll!?processVisibleObject@RenderQueue@Ogre@@QAEXPAVMovableObject@2@PAVCamera@2@_NPAUVisibleObjectsBoundsInfo@2@@Z+0x40,4,0.03,13339,20.016
fourteam_fire_prefix,36116,RenderSystem_Direct3D11.dll!?uninstall@D3D11Plugin@Ogre@@UAEXXZ+0x50e2,4,0.03,13339,20.016
fourteam_fire_prefix,36116,d3d11.dll+0x311e7,4,0.03,13339,20.016
fourteam_fire_prefix,36116,d3d11.dll!D3D11CoreCreateDevice+0x977b,4,0.03,13339,20.016
fourteam_fire_prefix,36116,nvwgf2um.dll!NVAPI_DirectMethods+0x5e1c6,4,0.03,13339,20.016
fourteam_fire_prefix,36116,ntdll.dll!LdrpNameToOrdinal+0x38,4,0.03,13339,20.016
fourteam_fire_prefix,36116,OgreMain.dll!?isHardwareAnimationEnabled@Entity@Ogre@@QAE_NXZ+0x2c,4,0.03,13339,20.016
fourteam_fire_prefix,36116,OgreMain.dll+0x2a95,4,0.03,13339,20.016
fourteam_fire_prefix,36116,battlezone98redux.exe!sub_6a3b60,4,0.03,13339,20.016
fourteam_fire_prefix,36116,OgreMain.dll!?_findNamedConstantDefinition@GpuProgramParameters@Ogre@@QBEPBUGpuConstantDefinition@2@ABV?$basic_string@DU?$char_traits@D@std@@V?$allocator@D@2@@std@@_N@Z+0x3f,4,0.03,13339,20.016
fourteam_fire_prefix,36116,OgreMain.dll!?createTechnique@Material@Ogre@@QAEPAVTechnique@2@XZ+0xb1b,4,0.03,13339,20.016
fourteam_fire_prefix,36116,d3d11.dll+0x27041,4,0.03,13339,20.016
fourteam_fire_prefix,36116,battlezone98redux.exe!sub_684ca0,4,0.03,13339,20.016
fourteam_fire_prefix,36116,OgreMain.dll!??4GpuSharedParametersUsage@Ogre@@QAEAAV01@ABV01@@Z+0x2732,4,0.03,13339,20.016
fourteam_fire_prefix,36116,OgreMain.dll!?_updateAutoParams@GpuProgramParameters@Ogre@@QAEXPBVAutoParamDataSource@2@G@Z+0x2031,4,0.03,13339,20.016
fourteam_fire_prefix,36116,OgreMain.dll!?isInLightRange@Light@Ogre@@QBE_NABVSphere@2@@Z+0x138,4,0.03,13339,20.016
fourteam_fire_prefix,36116,OgreMain.dll!??RlightLess@SceneManager@Ogre@@QBE_NPBVLight@2@0@Z+0x1a,4,0.03,13339,20.016
fourteam_fire_prefix,36116,MSVCR120.dll!__libm_sse2_acosf+0x76,4,0.03,13339,20.016
fourteam_fire_prefix,36116,OgreMain.dll!?_findNamedConstantDefinition@GpuProgramParameters@Ogre@@QBEPBUGpuConstantDefinition@2@ABV?$basic_string@DU?$char_traits@D@std@@V?$allocator@D@2@@std@@_N@Z+0xba,4,0.03,13339,20.016
fourteam_fire_prefix,36116,battlezone98redux.exe!sub_4200d0,4,0.03,13339,20.016
fourteam_fire_prefix,36116,OgreMain.dll+0x2f103,4,0.03,13339,20.016
fourteam_fire_prefix,36116,RenderSystem_Direct3D11.dll!?_render@D3D11RenderSystem@Ogre@@UAEXABVRenderOperation@2@@Z+0xb7b,4,0.03,13339,20.016
fourteam_fire_prefix,36116,ntdll.dll!__vsnwprintf_l+0xc,4,0.03,13339,20.016
fourteam_fire_prefix,36116,WINMM.dll@6e1d0000!BZROpenShim::DynamicGeometrySetSquaredViewDepthHook+0x77,4,0.03,13339,20.016
fourteam_fire_prefix,36116,win32u.dll!_NtGdiDdDDICheckMonitorPowerState@4+0xc,4,0.03,13339,20.016
fourteam_fire_prefix,36116,dxgi.dll!CompatString+0x2c08,4,0.03,13339,20.016
fourteam_fire_prefix,36116,OgreMain.dll!?createMovableObject@SceneManager@Ogre@@UAEPAVMovableObject@2@ABV?$basic_string@DU?$char_traits@D@std@@V?$allocator@D@2@@std@@0PBV?$map@V?$basic_string@DU?$char_traits@D@std@@V?$allocator@D@2@@std@@V12@U?$less@V?$basic_string@DU?$char_traits@D@std@@V?$allocator@D@2@@std@@@2@V?$STLAllocator@U?$pair@$$CBV?$basic_string@DU?$char_traits@D@std@@V?$allocator@D@2@@std@@V12@@std@@V?$CategorisedAllocPolicy@$0A@@Ogre@@@Ogre@@@5@@Z+0x21e,4,0.03,13339,20.016
fourteam_fire_prefix,36116,battlezone98redux.exe!sub_6895d0,4,0.03,13339,20.016
fourteam_fire_prefix,36116,ntdll.dll!__output_l+0xe9,4,0.03,13339,20.016
fourteam_fire_prefix,36116,battlezone98redux.exe!sub_44e420,4,0.03,13339,20.016
fourteam_fire_prefix,36116,WINMM.dll@6e1d0000!BZROpenShim::ChunkEffectSimulateHook+0x16e,4,0.03,13339,20.016
fourteam_fire_prefix,36116,OgreMain.dll!?_fireFrameEnded@Root@Ogre@@QAE_NAAUFrameEvent@2@@Z+0x9d,4,0.03,13339,20.016
fourteam_fire_prefix,36116,OgreMain.dll!?_getTexturePtr@TextureUnitState@Ogre@@QBEABV?$SharedPtr@VTexture@Ogre@@@2@I@Z+0x47,4,0.03,13339,20.016
fourteam_fire_prefix,36116,OgreMain.dll!??4GpuSharedParametersUsage@Ogre@@QAEAAV01@ABV01@@Z+0x2749,4,0.03,13339,20.016
fourteam_fire_prefix,36116,RenderSystem_Direct3D11.dll!??0D3D11RenderWindowSwapChainBased@Ogre@@QAE@ABV01@@Z+0x310,4,0.03,13339,20.016
fourteam_fire_prefix,36116,RenderSystem_Direct3D11.dll!?clearFrameBuffer@D3D11RenderSystem@Ogre@@UAEXIABVColourValue@2@MG@Z+0x119,4,0.03,13339,20.016
fourteam_fire_prefix,36116,OgreMain.dll!?getShadowCamera@LiSPSMShadowCameraSetup@Ogre@@UBEXPBVSceneManager@2@PBVCamera@2@PBVViewport@2@PBVLight@2@PAV42@I@Z+0x6c0,4,0.03,13339,20.016
fourteam_fire_prefix,36116,OgreMain.dll!?updatePoint@RotationalSpline@Ogre@@QAEXGABVQuaternion@2@@Z+0xb212,4,0.03,13339,20.016
fourteam_fire_prefix,36116,battlezone98redux.exe!sub_83e885,4,0.03,13339,20.016
fourteam_fire_prefix,36116,OgreMain.dll!??RlightLess@SceneManager@Ogre@@QBE_NPBVLight@2@0@Z+0x1d,4,0.03,13339,20.016
fourteam_fire_prefix,36116,RenderSystem_Direct3D11.dll!?unlockImpl@D3D11HardwareBuffer@Ogre@@MAEXXZ+0x53,4,0.03,13339,20.016
fourteam_fire_prefix,36116,OgreMain.dll!?clone@Animation@Ogre@@QBEPAV12@ABV?$basic_string@DU?$char_traits@D@std@@V?$allocator@D@2@@std@@@Z+0x2e4,4,0.03,13339,20.016
fourteam_fire_prefix,36116,OgreMain.dll!?createTechnique@Material@Ogre@@QAEPAVTechnique@2@XZ+0xa35,4,0.03,13339,20.016
fourteam_fire_prefix,36116,battlezone98redux.exe!sub_4801a0,4,0.03,13339,20.016
fourteam_fire_prefix,36116,RenderSystem_Direct3D11.dll!?getConstantBuffer@D3D11HLSLProgram@Ogre@@QAEPAUID3D11Buffer@@V?$SharedPtr@VGpuProgramParameters@Ogre@@@2@G@Z+0x100,4,0.03,13339,20.016
fourteam_fire_prefix,36116,OgreMain.dll!?_getCurrentSceneManager@Root@Ogre@@QBEPAVSceneManager@2@XZ+0x4d,4,0.03,13339,20.016
fourteam_fire_prefix,36116,d3d11.dll+0x2afc1,4,0.03,13339,20.016
fourteam_fire_prefix,36116,ntdll.dll!_EtwEventWriteTransfer@28+0x26,4,0.03,13339,20.016
fourteam_fire_prefix,36116,dxgi.dll!DXGIDisableVBlankVirtualization+0x321ec,4,0.03,13339,20.016
fourteam_fire_prefix,36116,ntdll.dll!_ZwTraceEvent@16+0xc,4,0.03,13339,20.016
fourteam_fire_prefix,36116,MSVCR120.dll!__libm_sse2_acosf+0x124,4,0.03,13339,20.016
fourteam_fire_prefix,36116,battlezone98redux.exe!sub_504f50,4,0.03,13339,20.016
fourteam_fire_prefix,36116,OgreMain.dll!??4GpuSharedParametersUsage@Ogre@@QAEAAV01@ABV01@@Z+0x2711,4,0.03,13339,20.016
fourteam_fire_prefix,36116,OgreMain.dll!?createTechnique@Material@Ogre@@QAEPAVTechnique@2@XZ+0xaf6,4,0.03,13339,20.016
fourteam_fire_prefix,36116,battlezone98redux.exe!sub_42de50,4,0.03,13339,20.016
fourteam_fire_prefix,36116,OgreMain.dll!?updateFromParentImpl@SceneNode@Ogre@@MBEXXZ+0x11,4,0.03,13339,20.016
fourteam_fire_prefix,36116,OgreMain.dll!?angleBetween@Vector3@Ogre@@QBE?AVRadian@2@ABV12@@Z+0x3a,4,0.03,13339,20.016
fourteam_fire_prefix,36116,OgreMain.dll!?chooseVertexDataForBinding@Entity@Ogre@@QAE?AW4VertexDataBindChoice@12@_N@Z+0xa,4,0.03,13339,20.016
fourteam_fire_prefix,36116,ntdll.dll!_LdrGetDllHandleEx@20+0x2f1,4,0.03,13339,20.016
fourteam_fire_prefix,36116,OgreMain.dll!?cacheBoneMatrices@Entity@Ogre@@IAE_NXZ+0x5d,4,0.03,13339,20.016
fourteam_fire_prefix,36116,d3d11.dll!CreateDirect3D11DeviceFromDXGIDevice+0xa20c1,4,0.03,13339,20.016
fourteam_fire_prefix,36116,OgreMain.dll!?isInLightRange@Light@Ogre@@QBE_NABVSphere@2@@Z+0xe4,4,0.03,13339,20.016
fourteam_fire_prefix,36116,battlezone98redux.exe!sub_4d9b40,4,0.03,13339,20.016
fourteam_fire_prefix,36116,ntdll.dll!__output_l+0xca,4,0.03,13339,20.016
fourteam_fire_prefix,36116,OgreMain.dll!?_populateLightList@SceneManager@Ogre@@UAEXABVVector3@2@MAAV?$HashedVector@PAVLight@Ogre@@@2@I@Z+0x97,4,0.03,13339,20.016
fourteam_fire_prefix,36116,ntdll.dll!__woutput_l+0x4e0,4,0.03,13339,20.016
fourteam_fire_prefix,36116,OgreMain.dll!?_getRenderOperation@SubMesh@Ogre@@QAEXAAVRenderOperation@2@G@Z+0x2c,4,0.03,13339,20.016
fourteam_fire_prefix,36116,OgreMain.dll!?getProjectionMatrix@AutoParamDataSource@Ogre@@UBEABVMatrix4@2@XZ+0x9b,4,0.03,13339,20.016
fourteam_fire_prefix,36116,OgreMain.dll!?_getCurrentSceneManager@Root@Ogre@@QBEPAVSceneManager@2@XZ+0x2c,4,0.03,13339,20.016
fourteam_fire_prefix,36116,OgreMain.dll!?updatePoint@RotationalSpline@Ogre@@QAEXGABVQuaternion@2@@Z+0x1612,4,0.03,13339,20.016
fourteam_fire_prefix,36116,battlezone98redux.exe!sub_822ae0,4,0.03,13339,20.016
fourteam_fire_prefix,36116,MSVCR120.dll!_tolower_l+0x13,4,0.03,13339,20.016
fourteam_fire_prefix,36116,battlezone98redux.exe!sub_44efd0,4,0.03,13339,20.016
fourteam_fire_prefix,36116,d3d11.dll+0x3665c,4,0.03,13339,20.016
fourteam_fire_prefix,36116,OgreMain.dll!?_notifyCurrentCamera@Entity@Ogre@@UAEXPAVCamera@2@@Z+0x149,4,0.03,13339,20.016
fourteam_fire_prefix,36116,ntdll.dll!_RtlDosPathNameToRelativeNtPathName_U_WithStatus@16+0x4c,4,0.03,13339,20.016
fourteam_fire_prefix,36116,KERNELBASE.dll!DeleteFile2W+0x346,4,0.03,13339,20.016
fourteam_fire_prefix,36116,nvwgf2um.dll!NVAPI_DirectMethods+0xb9201,4,0.03,13339,20.016
fourteam_fire_prefix,36116,nvwgf2um.dll!SetDependencyInfo+0x5027b,4,0.03,13339,20.016
fourteam_fire_prefix,36116,nvwgf2um.dll!OpenAdapter10+0x76f47,4,0.03,13339,20.016
fourteam_fire_prefix,36116,nvwgf2um.dll!OpenAdapter10+0x76ff7,4,0.03,13339,20.016
fourteam_fire_prefix,36116,d3d11.dll!D3D11CoreCreateDevice+0xa4c7,4,0.03,13339,20.016
fourteam_fire_prefix,36116,d3d11.dll!D3D11CoreCreateDevice+0x3ad9,4,0.03,13339,20.016
fourteam_fire_prefix,36116,d3d11.dll!D3D11CoreCreateDevice+0x3943,4,0.03,13339,20.016
fourteam_fire_prefix,36116,OgreMain.dll+0xc09f,4,0.03,13339,20.016
fourteam_fire_prefix,36116,OgreMain.dll!?touchVertexBufferCopy@HardwareBufferManagerBase@Ogre@@UAEXABVHardwareVertexBufferSharedPtr@2@@Z+0x3d,4,0.03,13339,20.016
fourteam_fire_prefix,36116,ntdll.dll!_LdrGetProcedureAddressForCaller@24+0x50f,4,0.03,13339,20.016
fourteam_fire_prefix,36116,OgreMain.dll!?_update@Node@Ogre@@UAEX_N0@Z+0xaa,4,0.03,13339,20.016
fourteam_fire_prefix,36116,RenderSystem_Direct3D11.dll+0x2554,4,0.03,13339,20.016
fourteam_fire_prefix,36116,ntdll.dll!write_char+0x2,4,0.03,13339,20.016
fourteam_fire_prefix,36116,OgreMain.dll!??4GpuSharedParametersUsage@Ogre@@QAEAAV01@ABV01@@Z+0x2723,4,0.03,13339,20.016
fourteam_fire_prefix,36116,battlezone98redux.exe!sub_4498d0,4,0.03,13339,20.016
fourteam_fire_prefix,36116,ntdll.dll!__woutput_l+0x103,4,0.03,13339,20.016
fourteam_fire_prefix,36116,OgreMain.dll!?getBestTechnique@Material@Ogre@@QAEPAVTechnique@2@GPBVRenderable@2@@Z+0x8d,4,0.03,13339,20.016
fourteam_fire_prefix,36116,OgreMain.dll!?_populateLightList@SceneManager@Ogre@@UAEXABVVector3@2@MAAV?$HashedVector@PAVLight@Ogre@@@2@I@Z+0x164,4,0.03,13339,20.016
fourteam_fire_prefix,36116,RenderSystem_Direct3D11.dll!?updateImpl@D3D11RenderWindowBase@Ogre@@MAEXXZ+0x1a,4,0.03,13339,20.016
fourteam_fire_prefix,36116,RenderSystem_Direct3D11.dll!?IsDeviceLost@D3D11Device@Ogre@@QAE_NXZ+0xb,4,0.03,13339,20.016
fourteam_fire_prefix,36116,battlezone98redux.exe!sub_717710,4,0.03,13339,20.016
fourteam_fire_prefix,36116,OgreMain.dll!?getSpotlightParams@AutoParamDataSource@Ogre@@UBE?AVVector4@2@I@Z+0xf,4,0.03,13339,20.016
fourteam_fire_prefix,36116,RenderSystem_Direct3D11.dll!?_render@D3D11RenderSystem@Ogre@@UAEXABVRenderOperation@2@@Z+0x9a,4,0.03,13339,20.016
fourteam_fire_prefix,36116,OgreMain.dll!?normalise@Vector3@Ogre@@QAEMXZ+0x42,4,0.03,13339,20.016
fourteam_fire_prefix,36116,RenderSystem_Direct3D11.dll!?getConstantBuffer@D3D11HLSLProgram@Ogre@@QAEPAUID3D11Buffer@@V?$SharedPtr@VGpuProgramParameters@Ogre@@@2@G@Z+0x4d,4,0.03,13339,20.016
fourteam_fire_prefix,36116,battlezone98redux.exe!sub_462630,4,0.03,13339,20.016
fourteam_fire_prefix,36116,OgreMain.dll!?createLight@SceneManager@Ogre@@UAEPAVLight@2@ABV?$basic_string@DU?$char_traits@D@std@@V?$allocator@D@2@@std@@@Z+0x15,4,0.03,13339,20.016
fourteam_fire_prefix,36116,OgreMain.dll!?transformAffine@AxisAlignedBox@Ogre@@QAEXABVMatrix4@2@@Z+0x8a,4,0.03,13339,20.016
fourteam_fire_prefix,36116,ntdll.dll!__aulldvrm+0x5,4,0.03,13339,20.016
fourteam_fire_prefix,36116,battlezone98redux.exe!sub_74d110,4,0.03,13339,20.016
fourteam_fire_prefix,36116,battlezone98redux.exe!sub_6fc6b0,4,0.03,13339,20.016
fourteam_fire_prefix,36116,OgreMain.dll!??4GpuSharedParametersUsage@Ogre@@QAEAAV01@ABV01@@Z+0x27ae,4,0.03,13339,20.016
fourteam_fire_prefix,36116,nvwgf2um.dll!OpenAdapter10+0x77bed,4,0.03,13339,20.016
fourteam_fire_prefix,36116,RenderSystem_Direct3D11.dll!?_setRenderTarget@D3D11RenderSystem@Ogre@@UAEXPAVRenderTarget@2@@Z+0xdb,4,0.03,13339,20.016
fourteam_fire_prefix,36116,battlezone98redux.exe!allocate,4,0.03,13339,20.016
fourteam_fire_prefix,36116,OgreMain.dll!?_findNamedConstantDefinition@GpuProgramParameters@Ogre@@QBEPBUGpuConstantDefinition@2@ABV?$basic_string@DU?$char_traits@D@std@@V?$allocator@D@2@@std@@_N@Z+0xfe,4,0.03,13339,20.016
fourteam_fire_prefix,36116,OgreMain.dll!?hasScale@Matrix4@Ogre@@QBE_NXZ+0x42,4,0.03,13339,20.016
fourteam_fire_prefix,36116,OgreMain.dll!?isTransparentSortingForced@Technique@Ogre@@QBE_NXZ+0x2,4,0.03,13339,20.016
fourteam_fire_prefix,36116,ntdll.dll!__woutput_l+0x819,4,0.03,13339,20.016
fourteam_fire_prefix,36116,ntdll.dll!__woutput_l+0x75b,4,0.03,13339,20.016
fourteam_fire_prefix,36116,ntdll.dll!__woutput_l+0x7ed,4,0.03,13339,20.016
fourteam_fire_prefix,36116,battlezone98redux.exe!sub_447ed0,4,0.03,13339,20.016
fourteam_fire_prefix,36116,OgreMain.dll!?determinant@Matrix4@Ogre@@QBEMXZ+0x159,4,0.03,13339,20.016
fourteam_fire_prefix,36116,ntdll.dll!_LdrpFindLoadedDllByAddress@12+0x51,4,0.03,13339,20.016
fourteam_fire_prefix,36116,battlezone98redux.exe!sub_62d4b0,4,0.03,13339,20.016
fourteam_fire_prefix,36116,ntdll.dll!RtlpImageDirectoryEntryToDataEx+0x43,4,0.03,13339,20.016
fourteam_fire_prefix,36116,battlezone98redux.exe!sub_784000,4,0.03,13339,20.016
fourteam_fire_prefix,36116,OgreMain.dll!?clone@Animation@Ogre@@QBEPAV12@ABV?$basic_string@DU?$char_traits@D@std@@V?$allocator@D@2@@std@@@Z+0x2e9,4,0.03,13339,20.016
fourteam_fire_prefix,36116,ntdll.dll!write_string+0x9,4,0.03,13339,20.016
fourteam_fire_prefix,36116,OgreMain.dll!?merge@VisibleObjectsBoundsInfo@Ogre@@QAEXABVAxisAlignedBox@2@ABVSphere@2@PBVCamera@2@_N@Z+0x134,4,0.03,13339,20.016
fourteam_fire_prefix,36116,OgreMain.dll!?generate@NameGenerator@Ogre@@QAE?AV?$basic_string@DU?$char_traits@D@std@@V?$allocator@D@2@@std@@XZ+0x10f,4,0.03,13339,20.016
fourteam_fire_prefix,36116,d3d11.dll!CreateDirect3D11DeviceFromDXGIDevice+0x9f73d,4,0.03,13339,20.016
fourteam_fire_prefix,36116,ntdll.dll!_mbtowc+0x2,4,0.03,13339,20.016
fourteam_fire_prefix,36116,MSVCR120.dll!__libm_sse2_acosf+0x10d,4,0.03,13339,20.016
fourteam_fire_prefix,36116,WINMM.dll@6e1d0000!BZROpenShim::`anonymous namespace'::EmissionLightStateHook+0x12,4,0.03,13339,20.016
fourteam_fire_prefix,36116,ntdll.dll!RtlStringCchPrintfExW+0x1d,4,0.03,13339,20.016
fourteam_fire_prefix,36116,MSVCR120.dll!__libm_sse2_asinf+0x30,4,0.03,13339,20.016
fourteam_fire_prefix,36116,OgreMain.dll!?addRenderable@QueuedRenderableCollection@Ogre@@QAEXPAVPass@2@PAVRenderable@2@@Z+0xcc,4,0.03,13339,20.016
fourteam_fire_prefix,36116,d3d11.dll!CreateDirect3D11DeviceFromDXGIDevice+0xbda6d,4,0.03,13339,20.016
fourteam_fire_prefix,36116,WINMM.dll@6e1d0000!BZROpenShim::`anonymous namespace'::HookCreateRTV+0x19,4,0.03,13339,20.016
fourteam_fire_prefix,36116,d3d11.dll+0x27340,4,0.03,13339,20.016
fourteam_fire_prefix,36116,d3d11.dll+0x27562,4,0.03,13339,20.016
fourteam_fire_prefix,36116,d3d11.dll+0x272eb,4,0.03,13339,20.016
fourteam_fire_prefix,36116,OgreMain.dll!?renderSingleObject@SceneManager@Ogre@@MAEXPAVRenderable@2@PBVPass@2@_N2PBV?$HashedVector@PAVLight@Ogre@@@2@@Z+0x180,4,0.03,13339,20.016
fourteam_fire_prefix,36116,d3d11.dll!CreateDirect3D11DeviceFromDXGIDevice+0xa2171,4,0.03,13339,20.016
fourteam_fire_prefix,36116,battlezone98redux.exe!sub_4dfad0,4,0.03,13339,20.016
fourteam_fire_prefix,36116,nvwgf2um.dll!SetDependencyInfo+0x541f0,4,0.03,13339,20.016
fourteam_fire_prefix,36116,battlezone98redux.exe!sub_67c2a0,4,0.03,13339,20.016
fourteam_fire_prefix,36116,ntdll.dll!_memmove+0x3e,4,0.03,13339,20.016
fourteam_fire_prefix,36116,KERNELBASE.dll!LCMapStringEx+0x45b,4,0.03,13339,20.016
fourteam_fire_prefix,36116,KERNEL32.DLL!BaseDllReadWriteIniFile+0x1ac,4,0.03,13339,20.016
fourteam_fire_prefix,36116,nvwgf2um.dll!NVENCODEAPI_Thunk+0x217c9b,4,0.03,13339,20.016
fourteam_fire_prefix,36116,OgreMain.dll!?getBoundingBox@Entity@Ogre@@UBEABVAxisAlignedBox@2@XZ+0x8d4,4,0.03,13339,20.016
fourteam_fire_prefix,36116,OgreMain.dll!?softwareVertexBlend@Mesh@Ogre@@SAXPBVVertexData@2@0PBQBVMatrix4@2@I_N@Z+0x22d,4,0.03,13339,20.016
fourteam_fire_prefix,36116,win32u.dll!_NtGdiDdDDISetQueuedLimit@4+0xc,4,0.03,13339,20.016
fourteam_fire_prefix,36116,nvwgf2um.dll!NVDEV_Thunk+0x213191,4,0.03,13339,20.016
fourteam_fire_prefix,36116,nvwgf2um.dll!SetDependencyInfo+0x596d0,4,0.03,13339,20.016
fourteam_fire_prefix,36116,ntdll.dll!__woutput_l+0xad,4,0.03,13339,20.016
fourteam_fire_prefix,36116,nvwgf2um.dll!SetDependencyInfo+0x4fe6e,4,0.03,13339,20.016
fourteam_fire_prefix,36116,d3d11.dll+0x39089,4,0.03,13339,20.016
fourteam_fire_prefix,36116,nvwgf2um.dll!OpenAdapter10+0x721f7,4,0.03,13339,20.016
fourteam_fire_prefix,36116,nvwgf2um.dll!OpenAdapter10+0x77cf7,4,0.03,13339,20.016
fourteam_fire_prefix,36116,MSVCR120.dll!__libm_sse2_asinf+0x9c,4,0.03,13339,20.016
fourteam_fire_prefix,36116,battlezone98redux.exe!sub_442fd0,4,0.03,13339,20.016
fourteam_fire_prefix,36116,battlezone98redux.exe!sub_449ce0,4,0.03,13339,20.016
fourteam_fire_prefix,36116,d3d11.dll!D3D11CoreCreateDevice+0x3dc4,4,0.03,13339,20.016
fourteam_fire_prefix,36116,nvwgf2um.dll!OpenAdapter10+0x76d27,4,0.03,13339,20.016
fourteam_fire_prefix,36116,d3d11.dll!D3D11CoreCreateDevice+0xa1cf,4,0.03,13339,20.016
fourteam_fire_prefix,36116,d3d11.dll!D3D11CoreCreateDevice+0xa28d,4,0.03,13339,20.016
fourteam_fire_prefix,36116,nvwgf2um.dll!SetDependencyInfo+0x5040f,4,0.03,13339,20.016
fourteam_fire_prefix,36116,nvwgf2um.dll!OpenAdapter10+0x72ff7,4,0.03,13339,20.016
fourteam_fire_prefix,36116,OgreMain.dll!?getLodIndex@Mesh@Ogre@@QBEGM@Z+0x23,4,0.03,13339,20.016
fourteam_fire_prefix,36116,OgreMain.dll!?getIndex@DistanceLodStrategyBase@Ogre@@UBEGMABV?$vector@UMeshLodUsage@Ogre@@V?$STLAllocator@UMeshLodUsage@Ogre@@V?$CategorisedAllocPolicy@$0A@@2@@2@@std@@@Z+0x16,4,0.03,13339,20.016
fourteam_fire_prefix,36116,OgreMain.dll!?isInLightRange@Light@Ogre@@QBE_NABVSphere@2@@Z+0x9f,4,0.03,13339,20.016
fourteam_fire_prefix,36116,ntdll.dll!_RtlUnicodeToMultiByteN@20+0x3,4,0.03,13339,20.016
fourteam_fire_prefix,36116,d3d11.dll!CreateDirect3D11DeviceFromDXGIDevice+0x9b092,4,0.03,13339,20.016
fourteam_fire_prefix,36116,nvwgf2um.dll!SetDependencyInfo+0x4f20d,4,0.03,13339,20.016
fourteam_fire_prefix,36116,nvwgf2um.dll!OpenAdapter10+0x74efd,4,0.03,13339,20.016
fourteam_fire_prefix,36116,nvwgf2um.dll!OpenAdapter10+0x72bbd,4,0.03,13339,20.016
fourteam_fire_prefix,36116,WINMM.dll@6e1d0000!BZROpenShim::`anonymous namespace'::WriteFormattedMessage+0x1b6,4,0.03,13339,20.016
fourteam_fire_prefix,36116,OgreMain.dll!?getIndexAscending@LodStrategy@Ogre@@KAGMABV?$vector@MV?$STLAllocator@MV?$CategorisedAllocPolicy@$0A@@Ogre@@@Ogre@@@std@@@Z+0x24,4,0.03,13339,20.016
fourteam_fire_prefix,36116,battlezone98redux.exe!sub_6ad440,4,0.03,13339,20.016
fourteam_fire_prefix,36116,ntdll.dll!_ZwRemoveIoCompletion@20+0xc,4,0.03,13339,20.016
fourteam_fire_prefix,36116,MSVCR120.dll!__libm_sse2_acosf+0xe0,4,0.03,13339,20.016
fourteam_fire_prefix,36116,battlezone98redux.exe!sub_77c610,4,0.03,13339,20.016
fourteam_fire_prefix,36116,battlezone98redux.exe!sub_77bf30,4,0.03,13339,20.016
fourteam_fire_prefix,36116,battlezone98redux.exe!sub_62cc50,4,0.03,13339,20.016
fourteam_fire_prefix,36116,battlezone98redux.exe!sub_778450,4,0.03,13339,20.016
fourteam_fire_prefix,36116,ntdll.dll!_RtlpLocalInfoAllocFromCache@8+0x28,4,0.03,13339,20.016
fourteam_fire_prefix,36116,MSVCR120.dll!_write+0x1b8,4,0.03,13339,20.016
fourteam_fire_prefix,36116,ntdll.dll!_RtlCustomCPToUnicodeN@24+0x77,4,0.03,13339,20.016
fourteam_fire_prefix,36116,OgreMain.dll!?_updateBounds@SceneNode@Ogre@@UAEXXZ+0x2de,4,0.03,13339,20.016
fourteam_fire_prefix,36116,RenderSystem_Direct3D11.dll!??0D3D11RenderWindowSwapChainBased@Ogre@@QAE@ABV01@@Z+0x322,4,0.03,13339,20.016
fourteam_fire_prefix,36116,battlezone98redux.exe!COleDateTimeSpan,4,0.03,13339,20.016
fourteam_fire_prefix,36116,battlezone98redux.exe!sub_44f200,4,0.03,13339,20.016
fourteam_fire_prefix,36116,battlezone98redux.exe!_Uninitialized_move<>,4,0.03,13339,20.016
fourteam_fire_prefix,36116,ntdll.dll!_memmove+0x9c,4,0.03,13339,20.016
fourteam_fire_prefix,36116,ntdll.dll!write_string+0x2,4,0.03,13339,20.016
fourteam_fire_prefix,36116,ntdll.dll!_LdrGetDllHandleEx@20+0x150,4,0.03,13339,20.016
fourteam_fire_prefix,36116,OgreMain.dll!?needUpdate@Bone@Ogre@@UAEX_N@Z+0xe,4,0.03,13339,20.016
fourteam_fire_prefix,36116,nvwgf2um.dll!NVENCODEAPI_Thunk+0x21760e,4,0.03,13339,20.016
fourteam_fire_prefix,36116,nvwgf2um.dll!SetDependencyInfo+0x378d1,4,0.03,13339,20.016
fourteam_fire_prefix,36116,d3d11.dll!D3D11CoreCreateLayeredDevice+0x13f6b,4,0.03,13339,20.016
fourteam_fire_prefix,36116,nvwgf2um.dll!OpenAdapter10+0x77157,4,0.03,13339,20.016
fourteam_fire_prefix,36116,nvwgf2um.dll!OpenAdapter10+0x72d57,4,0.03,13339,20.016
fourteam_fire_prefix,36116,nvwgf2um.dll!SetDependencyInfo+0x4f687,4,0.03,13339,20.016
fourteam_fire_prefix,36116,d3d11.dll+0x2b56b,4,0.03,13339,20.016
fourteam_fire_prefix,36116,ntdll.dll!RtlNtStatusToDosError,4,0.03,13339,20.016
fourteam_fire_prefix,36116,WINMM.dll@6e1d0000!BZROpenShim::`anonymous namespace'::TickChunkProxyDebug+0x7a,4,0.03,13339,20.016
fourteam_fire_prefix,36116,ntdll.dll!_RtlAnsiStringToUnicodeString@12+0x43,4,0.03,13339,20.016
fourteam_fire_prefix,36116,WINMM.dll@6e1d0000!BZROpenShim::`anonymous namespace'::TrackChunkEffectActiveEntries+0x327,4,0.03,13339,20.016
fourteam_fire_prefix,36116,OgreMain.dll!?findLightsAffectingFrustum@SceneManager@Ogre@@MAEXPBVCamera@2@@Z+0x1e7,3,0.0225,13339,20.016
fourteam_fire_prefix,36116,OgreMain.dll!?getSide@Plane@Ogre@@QBE?AW4Side@12@ABVVector3@2@0@Z+0x7,3,0.0225,13339,20.016
fourteam_fire_prefix,36116,OgreMain.dll!?findLightsAffectingFrustum@SceneManager@Ogre@@MAEXPBVCamera@2@@Z+0x194,3,0.0225,13339,20.016
fourteam_fire_prefix,36116,OgreMain.dll!?load@Resource@Ogre@@UAEX_N@Z+0x3a4,3,0.0225,13339,20.016
fourteam_fire_prefix,36116,d3d11.dll+0x35e92,3,0.0225,13339,20.016
fourteam_fire_prefix,36116,WINMM.dll@6e1d0000!BZROpenShim::`anonymous namespace'::TransformLocalBoxAffine+0x2f,3,0.0225,13339,20.016
fourteam_fire_prefix,36116,OgreMain.dll!?getWorldBoundingBox@Entity@Ogre@@UBEABVAxisAlignedBox@2@_N@Z+0x17,3,0.0225,13339,20.016
fourteam_fire_prefix,36116,OgreMain.dll!?_notifyCurrentCamera@MovableObject@Ogre@@UAEXPAVCamera@2@@Z+0x1f3,3,0.0225,13339,20.016
fourteam_fire_prefix,36116,battlezone98redux.exe!sub_417ca0,3,0.0225,13339,20.016
fourteam_fire_prefix,36116,OgreMain.dll!?clone@Animation@Ogre@@QBEPAV12@ABV?$basic_string@DU?$char_traits@D@std@@V?$allocator@D@2@@std@@@Z+0x286,3,0.0225,13339,20.016
fourteam_fire_prefix,36116,battlezone98redux.exe!Getal,3,0.0225,13339,20.016
fourteam_fire_prefix,36116,WINMM.dll@6e1d0000!BZROpenShim::`anonymous namespace'::RefreshHeadlightState+0x333,3,0.0225,13339,20.016
fourteam_fire_prefix,36116,WINMM.dll@6e1d0000!`BZROpenShim::`anonymous namespace'::RefreshHeadlightState'::`2'::<lambda_1>::operator()+0x106,3,0.0225,13339,20.016
fourteam_fire_prefix,36116,OgreMain.dll!?acceptVisitorGrouped@QueuedRenderableCollection@Ogre@@IBEXPAVQueuedRenderableVisitor@2@@Z+0xc7,3,0.0225,13339,20.016
fourteam_fire_prefix,36116,ntdll.dll!__output_l+0xbd,3,0.0225,13339,20.016
fourteam_fire_prefix,36116,battlezone98redux.exe!sub_677a80,3,0.0225,13339,20.016
fourteam_fire_prefix,36116,battlezone98redux.exe!sub_67b990,3,0.0225,13339,20.016
fourteam_fire_prefix,36116,nvwgf2um.dll!OpenAdapter10+0x7208d,3,0.0225,13339,20.016
fourteam_fire_prefix,36116,OgreMain.dll!?updateFromParentImpl@SceneNode@Ogre@@MBEXXZ+0x18,3,0.0225,13339,20.016
fourteam_fire_prefix,36116,MSVCR120.dll!__libm_sse2_asinf+0x1c,3,0.0225,13339,20.016
fourteam_fire_prefix,36116,MSVCR120.dll!__libm_sse2_acosf+0x16f,3,0.0225,13339,20.016
fourteam_fire_prefix,36116,OgreMain.dll!?setVisible@Light@Ogre@@UAEX_N@Z+0x1,3,0.0225,13339,20.016
fourteam_fire_prefix,36116,USER32.dll!GetWindowLongA+0x43,3,0.0225,13339,20.016
fourteam_fire_prefix,36116,RenderSystem_Direct3D11.dll!?isVisible@D3D11RenderWindowHwnd@Ogre@@UBE_NXZ+0x25,3,0.0225,13339,20.016
fourteam_fire_prefix,36116,USER32.dll!GetCurrentMonitorTopologyId+0x3a77,3,0.0225,13339,20.016
fourteam_fire_prefix,36116,OgreMain.dll!?merge@VisibleObjectsBoundsInfo@Ogre@@QAEXABVAxisAlignedBox@2@ABVSphere@2@PBVCamera@2@_N@Z+0x2c,3,0.0225,13339,20.016
fourteam_fire_prefix,36116,d3d11.dll+0x2b4ff,3,0.0225,13339,20.016
fourteam_fire_prefix,36116,battlezone98redux.exe!sub_44ddc0,3,0.0225,13339,20.016
fourteam_fire_prefix,36116,battlezone98redux.exe!sub_459850,3,0.0225,13339,20.016
fourteam_fire_prefix,36116,battlezone98redux.exe!sub_459880,3,0.0225,13339,20.016
fourteam_fire_prefix,36116,battlezone98redux.exe!sub_82c882,3,0.0225,13339,20.016
fourteam_fire_prefix,36116,OgreMain.dll!?getSide@Plane@Ogre@@QBE?AW4Side@12@ABVVector3@2@0@Z+0x76,3,0.0225,13339,20.016
fourteam_fire_prefix,36116,battlezone98redux.exe!sub_6a0e20,3,0.0225,13339,20.016
fourteam_fire_prefix,36116,OgreMain.dll!?isVisible@Frustum@Ogre@@UBE_NABVAxisAlignedBox@2@PAW4FrustumPlane@2@@Z+0xb3,3,0.0225,13339,20.016
fourteam_fire_prefix,36116,d3d11.dll+0x30d4e,3,0.0225,13339,20.016
fourteam_fire_prefix,36116,OgreMain.dll!?getFragmentProgramParameters@Pass@Ogre@@QBE?AV?$SharedPtr@VGpuProgramParameters@Ogre@@@2@XZ+0x5b,3,0.0225,13339,20.016
fourteam_fire_prefix,36116,ntdll.dll!_LdrpSetSnapsUnicodeString2@0+0x2b,3,0.0225,13339,20.016
fourteam_fire_prefix,36116,battlezone98redux.exe!sub_4d46b0,3,0.0225,13339,20.016
fourteam_fire_prefix,36116,OgreMain.dll!?createTechnique@Material@Ogre@@QAEPAVTechnique@2@XZ+0xa23,3,0.0225,13339,20.016
fourteam_fire_prefix,36116,OgreMain.dll!?getAttenuationRange@Light@Ogre@@QBEMXZ+0x6,3,0.0225,13339,20.016
fourteam_fire_prefix,36116,DSOUND.dll!GetDeviceID+0x6f17,3,0.0225,13339,20.016
fourteam_fire_prefix,36116,ntdll.dll!__aulldvrm+0x1,3,0.0225,13339,20.016
fourteam_fire_prefix,36116,battlezone98redux.exe!sub_44d330,3,0.0225,13339,20.016
fourteam_fire_prefix,36116,battlezone98redux.exe!sub_44da10,3,0.0225,13339,20.016
fourteam_fire_prefix,36116,battlezone98redux.exe!sub_4346a0,3,0.0225,13339,20.016
fourteam_fire_prefix,36116,OgreMain.dll!?hasVertexAnimation@Mesh@Ogre@@QBE_NXZ+0x2,3,0.0225,13339,20.016
fourteam_fire_prefix,36116,OgreMain.dll!?_calcTempSquareDist@Light@Ogre@@QAEXABVVector3@2@@Z+0x30,3,0.0225,13339,20.016
fourteam_fire_prefix,36116,nvwgf2um.dll!OpenAdapter10+0x71b00,3,0.0225,13339,20.016
fourteam_fire_prefix,36116,battlezone98redux.exe!sub_602420,3,0.0225,13339,20.016
fourteam_fire_prefix,36116,battlezone98redux.exe!sub_608630,3,0.0225,13339,20.016
fourteam_fire_prefix,36116,battlezone98redux.exe!sub_606f70,3,0.0225,13339,20.016
fourteam_fire_prefix,36116,OgreMain.dll!?acceptVisitorGrouped@QueuedRenderableCollection@Ogre@@IBEXPAVQueuedRenderableVisitor@2@@Z+0x6b,3,0.0225,13339,20.016
fourteam_fire_prefix,36116,OgreMain.dll+0x6c12,3,0.0225,13339,20.016
fourteam_fire_prefix,36116,battlezone98redux.exe!sub_81ee70,3,0.0225,13339,20.016
fourteam_fire_prefix,36116,battlezone98redux.exe!sub_44efb0,3,0.0225,13339,20.016
fourteam_fire_prefix,36116,OgreMain.dll!?getWorldViewMatrix@AutoParamDataSource@Ogre@@UBEABVMatrix4@2@XZ+0x2a,3,0.0225,13339,20.016
fourteam_fire_prefix,36116,OgreMain.dll!?_updateAutoParams@GpuProgramParameters@Ogre@@QAEXPBVAutoParamDataSource@2@G@Z+0x11e9,3,0.0225,13339,20.016
fourteam_fire_prefix,36116,battlezone98redux.exe!sub_4b6ef0,3,0.0225,13339,20.016
fourteam_fire_prefix,36116,battlezone98redux.exe!sub_4b6c80,3,0.0225,13339,20.016
fourteam_fire_prefix,36116,OgreMain.dll!?setCurrentLightList@AutoParamDataSource@Ogre@@UAEXPBV?$HashedVector@PAVLight@Ogre@@@2@@Z+0x43,3,0.0225,13339,20.016
fourteam_fire_prefix,36116,battlezone98redux.exe!sub_6ad980,3,0.0225,13339,20.016
fourteam_fire_prefix,36116,OgreMain.dll!?touchVertexBufferCopy@HardwareBufferManagerBase@Ogre@@UAEXABVHardwareVertexBufferSharedPtr@2@@Z+0x41,3,0.0225,13339,20.016
fourteam_fire_prefix,36116,OgreMain.dll!?getBestTechnique@Material@Ogre@@QAEPAVTechnique@2@GPBVRenderable@2@@Z+0x69,3,0.0225,13339,20.016
fourteam_fire_prefix,36116,OgreMain.dll!?getChildObjectsBoundingBox@Entity@Ogre@@QBE?AVAxisAlignedBox@2@XZ+0xfa,3,0.0225,13339,20.016
fourteam_fire_prefix,36116,OgreMain.dll!?_setPass@SceneManager@Ogre@@UAEPBVPass@2@PBV32@_N1@Z+0x321,3,0.0225,13339,20.016
fourteam_fire_prefix,36116,OgreMain.dll!?chooseVertexDataForBinding@Entity@Ogre@@QAE?AW4VertexDataBindChoice@12@_N@Z+0x11,3,0.0225,13339,20.016
fourteam_fire_prefix,36116,OgreMain.dll!??4GpuSharedParametersUsage@Ogre@@QAEAAV01@ABV01@@Z+0x2700,3,0.0225,13339,20.016
fourteam_fire_prefix,36116,OgreMain.dll!?_updateAutoParams@GpuProgramParameters@Ogre@@QAEXPBVAutoParamDataSource@2@G@Z+0x1ae9,3,0.0225,13339,20.016
fourteam_fire_prefix,36116,d3d11.dll+0x3674c,3,0.0225,13339,20.016
fourteam_fire_prefix,36116,d3d11.dll!CreateDirect3D11DeviceFromDXGIDevice+0x9f940,3,0.0225,13339,20.016
fourteam_fire_prefix,36116,ntdll.dll!write_string+0x35,3,0.0225,13339,20.016
fourteam_fire_prefix,36116,OgreMain.dll!?updateFromParentImpl@Node@Ogre@@MBEXXZ+0x118,3,0.0225,13339,20.016
fourteam_fire_prefix,36116,battlezone98redux.exe!sub_46eaf0,3,0.0225,13339,20.016
fourteam_fire_prefix,36116,ntdll.dll!write_string+0x67,3,0.0225,13339,20.016
fourteam_fire_prefix,36116,OgreMain.dll!?findLightsAffectingFrustum@SceneManager@Ogre@@MAEXPBVCamera@2@@Z+0x117,3,0.0225,13339,20.016
fourteam_fire_prefix,36116,d3d11.dll!CreateDirect3D11DeviceFromDXGIDevice+0x9e040,3,0.0225,13339,20.016
fourteam_fire_prefix,36116,MSVCR120.dll!??2@YAPAXI@Z+0xbd,3,0.0225,13339,20.016
fourteam_fire_prefix,36116,nvwgf2um.dll!OpenAdapter10+0x72b10,3,0.0225,13339,20.016
fourteam_fire_prefix,36116,ntdll.dll!_memset+0x2f,3,0.0225,13339,20.016
fourteam_fire_prefix,36116,OgreMain.dll!?setOrientation@Node@Ogre@@UAEXABVQuaternion@2@@Z+0x27,3,0.0225,13339,20.016
fourteam_fire_prefix,36116,OgreMain.dll!?setOrientation@Node@Ogre@@UAEXMMMM@Z+0x37,3,0.0225,13339,20.016
fourteam_fire_prefix,36116,OgreMain.dll!??4GpuSharedParametersUsage@Ogre@@QAEAAV01@ABV01@@Z+0x278f,3,0.0225,13339,20.016
fourteam_fire_prefix,36116,OgreMain.dll!?isInLightRange@Light@Ogre@@QBE_NABVSphere@2@@Z+0x35,3,0.0225,13339,20.016
fourteam_fire_prefix,36116,OgreMain.dll!?calculateLVS@FocusedShadowCameraSetup@Ogre@@IBEXABVSceneManager@2@ABVCamera@2@ABVLight@2@ABVAxisAlignedBox@2@PAVPointListBody@12@@Z+0x94,3,0.0225,13339,20.016
fourteam_fire_prefix,36116,OgreMain.dll!??4GpuSharedParametersUsage@Ogre@@QAEAAV01@ABV01@@Z+0x278c,3,0.0225,13339,20.016
fourteam_fire_prefix,36116,OgreMain.dll!?getSquaredViewDepth@Node@Ogre@@UBEMPBVCamera@2@@Z+0x1f,3,0.0225,13339,20.016
fourteam_fire_prefix,36116,battlezone98redux.exe!sub_4178a0,3,0.0225,13339,20.016
fourteam_fire_prefix,36116,OgreMain.dll!?_setPass@SceneManager@Ogre@@UAEPBVPass@2@PBV32@_N1@Z+0x330,3,0.0225,13339,20.016
fourteam_fire_prefix,36116,OgreMain.dll!?getType@GpuProgram@Ogre@@UBE?AW4GpuProgramType@2@XZ+0x6,3,0.0225,13339,20.016
fourteam_fire_prefix,36116,ntdll.dll!_RtlpIsUtf8Process@4,3,0.0225,13339,20.016
fourteam_fire_prefix,36116,OgreMain.dll!?isVisible@Frustum@Ogre@@UBE_NABVSphere@2@PAW4FrustumPlane@2@@Z+0x64,3,0.0225,13339,20.016
fourteam_fire_prefix,36116,ntdll.dll!write_multi_char,3,0.0225,13339,20.016
fourteam_fire_prefix,36116,ntdll.dll!write_char+0x38,3,0.0225,13339,20.016
fourteam_fire_prefix,36116,d3d11.dll+0x30e63,3,0.0225,13339,20.016
fourteam_fire_prefix,36116,OgreMain.dll!?isInLightRange@Light@Ogre@@QBE_NABVSphere@2@@Z+0x89,3,0.0225,13339,20.016
fourteam_fire_prefix,36116,d3d11.dll+0x35ea9,3,0.0225,13339,20.016
fourteam_fire_prefix,36116,ntdll.dll!_ZwWaitForSingleObject@12+0xc,3,0.0225,13339,20.016
fourteam_fire_prefix,36116,battlezone98redux.exe!sub_6c9ab0,3,0.0225,13339,20.016
fourteam_fire_prefix,36116,battlezone98redux.exe!sub_6b2960,3,0.0225,13339,20.016
fourteam_fire_prefix,36116,d3d11.dll!D3D11CoreCreateLayeredDevice+0xcf8c,3,0.0225,13339,20.016
fourteam_fire_prefix,36116,battlezone98redux.exe!sub_8205a0,3,0.0225,13339,20.016
fourteam_fire_prefix,36116,ntdll.dll!_RtlInitString@8+0x1,3,0.0225,13339,20.016
fourteam_fire_prefix,36116,OgreMain.dll!??RlightLess@SceneManager@Ogre@@QBE_NPBVLight@2@0@Z+0x1,3,0.0225,13339,20.016
fourteam_fire_prefix,36116,nvwgf2um.dll!NVENCODEAPI_Thunk+0x68f53,3,0.0225,13339,20.016
fourteam_fire_prefix,36116,OgreMain.dll!?resourceExists@ResourceManager@Ogre@@UAE_NABV?$basic_string@DU?$char_traits@D@std@@V?$allocator@D@2@@std@@@Z+0x18,3,0.0225,13339,20.016
fourteam_fire_prefix,36116,OgreMain.dll!?_detectImplementation@OptimisedUtil@Ogre@@KAPAV12@XZ+0x459c,3,0.0225,13339,20.016
fourteam_fire_prefix,36116,OgreMain.dll!?lock@HardwareBuffer@Ogre@@QAEPAXW4LockOptions@12@W4UploadOptions@12@@Z+0x8,3,0.0225,13339,20.016
fourteam_fire_prefix,36116,ntdll.dll!_RtlInitString@8,3,0.0225,13339,20.016
fourteam_fire_prefix,36116,battlezone98redux.exe!sub_44ec90,3,0.0225,13339,20.016
fourteam_fire_prefix,36116,OgreMain.dll!?_findNamedConstantDefinition@GpuProgramParameters@Ogre@@QBEPBUGpuConstantDefinition@2@ABV?$basic_string@DU?$char_traits@D@std@@V?$allocator@D@2@@std@@_N@Z+0x1b4,3,0.0225,13339,20.016
fourteam_fire_prefix,36116,ntdll.dll!__woutput_l+0x78a,3,0.0225,13339,20.016
fourteam_fire_prefix,36116,battlezone98redux.exe!sub_46b260,3,0.0225,13339,20.016
fourteam_fire_prefix,36116,DSOUND.dll!GetDeviceID+0x48df,3,0.0225,13339,20.016
fourteam_fire_prefix,36116,ntdll.dll!__vsnwprintf+0x3,3,0.0225,13339,20.016
fourteam_fire_prefix,36116,battlezone98redux.exe!sub_45c4b0,3,0.0225,13339,20.016
fourteam_fire_prefix,36116,WINMM.dll@6e1d0000!BZROpenShim::`anonymous namespace'::HookEntityGetCastShadows+0xcb,3,0.0225,13339,20.016
fourteam_fire_prefix,36116,battlezone98redux.exe!sub_830de6,3,0.0225,13339,20.016
fourteam_fire_prefix,36116,battlezone98redux.exe!sub_8330e3,3,0.0225,13339,20.016
fourteam_fire_prefix,36116,OgreMain.dll!?setAnimationState@Skeleton@Ogre@@UAEXABVAnimationStateSet@2@@Z+0x15,3,0.0225,13339,20.016
fourteam_fire_prefix,36116,OgreMain.dll!?getSide@Plane@Ogre@@QBE?AW4Side@12@ABVVector3@2@0@Z+0x69,3,0.0225,13339,20.016
fourteam_fire_prefix,36116,ntdll.dll!write_string+0x62,3,0.0225,13339,20.016
fourteam_fire_prefix,36116,OgreMain.dll!?getWorldViewProjMatrix@AutoParamDataSource@Ogre@@UBEABVMatrix4@2@XZ+0x39c,3,0.0225,13339,20.016
fourteam_fire_prefix,36116,OgreMain.dll!?getEdgeList@Mesh@Ogre@@QAEPAVEdgeData@2@G@Z+0x27,3,0.0225,13339,20.016
fourteam_fire_prefix,36116,OgreMain.dll!?hasEdgeList@Entity@Ogre@@UAE_NXZ+0x13,3,0.0225,13339,20.016
fourteam_fire_prefix,36116,battlezone98redux.exe!sub_504da0,3,0.0225,13339,20.016
fourteam_fire_prefix,36116,OgreMain.dll!?normalise@Vector3@Ogre@@QAEMXZ+0x33,3,0.0225,13339,20.016
fourteam_fire_prefix,36116,OgreMain.dll!?angleBetween@Vector3@Ogre@@QBE?AVRadian@2@ABV12@@Z+0xb3,3,0.0225,13339,20.016
fourteam_fire_prefix,36116,ntdll.dll!_RtlpDosPathNameToRelativeNtPathName@28+0xe0,3,0.0225,13339,20.016
fourteam_fire_prefix,36116,RenderSystem_Direct3D11.dll!?lock@D3D11HardwareUniformBuffer@Ogre@@UAEPAXIIW4LockOptions@HardwareBuffer@2@W4UploadOptions@42@@Z+0x8,3,0.0225,13339,20.016
fourteam_fire_prefix,36116,OgreMain.dll!??4GpuSharedParametersUsage@Ogre@@QAEAAV01@ABV01@@Z+0x26f9,3,0.0225,13339,20.016
fourteam_fire_prefix,36116,OgreMain.dll!?_calcTempSquareDist@Light@Ogre@@QAEXABVVector3@2@@Z+0x2c,3,0.0225,13339,20.016
fourteam_fire_prefix,36116,OgreMain.dll!?Ogre_InterlockedIncrement64@InterlockedCompareExchange64Wrapper@Ogre@@SA_JPC_J@Z+0x11ad,3,0.0225,13339,20.016
fourteam_fire_prefix,36116,OgreMain.dll!?Ogre_InterlockedIncrement64@InterlockedCompareExchange64Wrapper@Ogre@@SA_JPC_J@Z+0x11b5,3,0.0225,13339,20.016
fourteam_fire_prefix,36116,ntdll.dll!_RtlImageDirectoryEntryToData@16+0x1e,3,0.0225,13339,20.016
fourteam_fire_prefix,36116,ntdll.dll!_RtlpAbFindLockEntry@4+0x25,3,0.0225,13339,20.016
fourteam_fire_prefix,36116,d3d11.dll!CreateDirect3D11DeviceFromDXGIDevice+0x9ac5e,3,0.0225,13339,20.016
fourteam_fire_prefix,36116,d3d11.dll!D3D11CoreCreateDevice+0x8b52,3,0.0225,13339,20.016
fourteam_fire_prefix,36116,RenderSystem_Direct3D11.dll!?fireDeviceEvent@D3D11RenderSystem@Ogre@@QAEXPAVD3D11Device@2@ABV?$basic_string@DU?$char_traits@D@std@@V?$allocator@D@2@@std@@PAVD3D11RenderWindowBase@2@@Z+0xaa,3,0.0225,13339,20.016
fourteam_fire_prefix,36116,OgreMain.dll!?_updateAutoParams@GpuProgramParameters@Ogre@@QAEXPBVAutoParamDataSource@2@G@Z+0x14,3,0.0225,13339,20.016
fourteam_fire_prefix,36116,RenderSystem_Direct3D11.dll!?getConstantBuffer@D3D11HLSLProgram@Ogre@@QAEPAUID3D11Buffer@@V?$SharedPtr@VGpuProgramParameters@Ogre@@@2@G@Z+0x4a,3,0.0225,13339,20.016
fourteam_fire_prefix,36116,OgreMain.dll+0x23cea,3,0.0225,13339,20.016
fourteam_fire_prefix,36116,ntdll.dll!write_string+0x32,3,0.0225,13339,20.016
fourteam_fire_prefix,36116,d3d11.dll!CreateDirect3D11DeviceFromDXGIDevice+0x9d960,3,0.0225,13339,20.016
fourteam_fire_prefix,36116,ntdll.dll!_RtlAppendUnicodeStringToString@8+0x9,3,0.0225,13339,20.016
fourteam_fire_prefix,36116,KERNELBASE.dll!GetProcAddressForCaller+0x4f,3,0.0225,13339,20.016
fourteam_fire_prefix,36116,OgreMain.dll!??RmaterialLess@SceneManager@Ogre@@QBE_NPBVMaterial@2@0@Z+0x734e,3,0.0225,13339,20.016
fourteam_fire_prefix,36116,battlezone98redux.exe!sub_45aae0,3,0.0225,13339,20.016
fourteam_fire_prefix,36116,d3d11.dll!D3D11CoreCreateLayeredDevice+0x17a6,3,0.0225,13339,20.016
fourteam_fire_prefix,36116,ntdll.dll!RtlNtStatusToDosError+0xb0,3,0.0225,13339,20.016
fourteam_fire_prefix,36116,OgreMain.dll!?_updateTransforms@Skeleton@Ogre@@UAEXXZ+0x3e,3,0.0225,13339,20.016
fourteam_fire_prefix,36116,OgreMain.dll!?cacheBoneMatrices@Entity@Ogre@@IAE_NXZ+0x71,3,0.0225,13339,20.016
fourteam_fire_prefix,36116,OgreMain.dll!?_getBoneMatrices@Skeleton@Ogre@@UAEXPAVMatrix4@2@@Z+0x10,3,0.0225,13339,20.016
fourteam_fire_prefix,36116,OgreMain.dll!?_update@Node@Ogre@@UAEX_N0@Z+0x7f,3,0.0225,13339,20.016
fourteam_fire_prefix,36116,WINMM.dll@6e1d0000!BZROpenShim::OgreProfilerAlgorithms::QuantizeDynamicAlphaDepthKey+0x1e,3,0.0225,13339,20.016
fourteam_fire_prefix,36116,OgreMain.dll!?getShadowsEnabled@Viewport@Ogre@@QBE_NXZ+0x3,3,0.0225,13339,20.016
fourteam_fire_prefix,36116,OgreMain.dll!?clear@RenderQueue@Ogre@@QAEX_N@Z+0xf1,3,0.0225,13339,20.016
fourteam_fire_prefix,36116,battlezone98redux.exe!sub_453ea0,3,0.0225,13339,20.016
fourteam_fire_prefix,36116,ntdll.dll!__output_l+0x570,3,0.0225,13339,20.016
fourteam_fire_prefix,36116,OgreMain.dll!?isInLightRange@Light@Ogre@@QBE_NABVSphere@2@@Z+0x80,3,0.0225,13339,20.016
fourteam_fire_prefix,36116,ntdll.dll!write_char+0x13,3,0.0225,13339,20.016
fourteam_fire_prefix,36116,OgreMain.dll!?updatePoint@RotationalSpline@Ogre@@QAEXGABVQuaternion@2@@Z+0xb224,3,0.0225,13339,20.016
fourteam_fire_prefix,36116,battlezone98redux.exe!sub_666980,3,0.0225,13339,20.016
fourteam_fire_prefix,36116,battlezone98redux.exe!sub_6669f0,3,0.0225,13339,20.016
fourteam_fire_prefix,36116,OgreMain.dll!?_issueRenderOp@SceneManager@Ogre@@UAEXPAVRenderable@2@PBVPass@2@@Z+0x11,3,0.0225,13339,20.016
fourteam_fire_prefix,36116,OgreMain.dll!?acceptVisitorGrouped@QueuedRenderableCollection@Ogre@@IBEXPAVQueuedRenderableVisitor@2@@Z+0x65,3,0.0225,13339,20.016
fourteam_fire_prefix,36116,battlezone98redux.exe!sub_45e690,3,0.0225,13339,20.016
fourteam_fire_prefix,36116,battlezone98redux.exe!sub_45c7d0,3,0.0225,13339,20.016
fourteam_fire_prefix,36116,WINMM.dll@6e1d0000!BZROpenShim::AutoSaveTick+0x183,3,0.0225,13339,20.016
fourteam_fire_prefix,36116,RenderSystem_Direct3D11.dll!?getConstantBuffer@D3D11HLSLProgram@Ogre@@QAEPAUID3D11Buffer@@V?$SharedPtr@VGpuProgramParameters@Ogre@@@2@G@Z+0x9c,3,0.0225,13339,20.016
fourteam_fire_prefix,36116,nvwgf2um.dll!OpenAdapter10+0x7202d,3,0.0225,13339,20.016
fourteam_fire_prefix,36116,RenderSystem_Direct3D11.dll!?getConstantBuffer@D3D11HLSLProgram@Ogre@@QAEPAUID3D11Buffer@@V?$SharedPtr@VGpuProgramParameters@Ogre@@@2@G@Z+0x1d1,3,0.0225,13339,20.016
fourteam_fire_prefix,36116,OgreMain.dll!?_notifyCurrentCamera@Entity@Ogre@@UAEXPAVCamera@2@@Z+0x111,3,0.0225,13339,20.016
fourteam_fire_prefix,36116,OgreMain.dll!?transformAffine@AxisAlignedBox@Ogre@@QAEXABVMatrix4@2@@Z+0xa,3,0.0225,13339,20.016
fourteam_fire_prefix,36116,ntdll.dll!__aulldvrm+0x8f,3,0.0225,13339,20.016
fourteam_fire_prefix,36116,OgreMain.dll!?_calcTempSquareDist@Light@Ogre@@QAEXABVVector3@2@@Z+0x48,3,0.0225,13339,20.016
fourteam_fire_prefix,36116,OgreMain.dll!?_calcTempSquareDist@Light@Ogre@@QAEXABVVector3@2@@Z+0x54,3,0.0225,13339,20.016
fourteam_fire_prefix,36116,ntdll.dll!write_string+0x3,3,0.0225,13339,20.016
fourteam_fire_prefix,36116,WINMM.dll@6e1d0000!BZROpenShim::`anonymous namespace'::HandleEmissionLightState+0x69,3,0.0225,13339,20.016
fourteam_fire_prefix,36116,OgreMain.dll!?renderSingleObject@SceneManager@Ogre@@MAEXPAVRenderable@2@PBVPass@2@_N2PBV?$HashedVector@PAVLight@Ogre@@@2@@Z+0xb4e,3,0.0225,13339,20.016
fourteam_fire_prefix,36116,battlezone98redux.exe!sub_593ac0,3,0.0225,13339,20.016
fourteam_fire_prefix,36116,battlezone98redux.exe!sub_593750,3,0.0225,13339,20.016
fourteam_fire_prefix,36116,OgreMain.dll!?updateAnimation@Entity@Ogre@@IAEXXZ+0x4c3,3,0.0225,13339,20.016
fourteam_fire_prefix,36116,ntdll.dll!_RtlCustomCPToUnicodeN@24+0x53,3,0.0225,13339,20.016
fourteam_fire_prefix,36116,OgreMain.dll!?getInverseViewMatrix@AutoParamDataSource@Ogre@@UBEABVMatrix4@2@XZ+0x22,3,0.0225,13339,20.016
fourteam_fire_prefix,36116,OgreMain.dll+0x35774,3,0.0225,13339,20.016
fourteam_fire_prefix,36116,ntdll.dll!_RtlSetLastWin32Error@4,3,0.0225,13339,20.016
fourteam_fire_prefix,36116,MSVCP120.dll!??6?$basic_ostream@DU?$char_traits@D@std@@@std@@QAEAAV01@_K@Z+0x7e,3,0.0225,13339,20.016
fourteam_fire_prefix,36116,OgreMain.dll!?createEntity@SceneManager@Ogre@@UAEPAVEntity@2@ABV?$basic_string@DU?$char_traits@D@std@@V?$allocator@D@2@@std@@@Z+0x3e,3,0.0225,13339,20.016
fourteam_fire_prefix,36116,RenderSystem_Direct3D11.dll!?getMonitorSequentialNumberFromSwapChain@MonitorInfo@Ogre@@QAEGPAUIDXGISwapChain@@_N@Z+0xdca,3,0.0225,13339,20.016
fourteam_fire_prefix,36116,OgreMain.dll!?clone@Animation@Ogre@@QBEPAV12@ABV?$basic_string@DU?$char_traits@D@std@@V?$allocator@D@2@@std@@@Z+0x277,3,0.0225,13339,20.016
fourteam_fire_prefix,36116,RenderSystem_Direct3D11.dll!?getConstantBuffer@D3D11HLSLProgram@Ogre@@QAEPAUID3D11Buffer@@V?$SharedPtr@VGpuProgramParameters@Ogre@@@2@G@Z+0xf0,3,0.0225,13339,20.016
fourteam_fire_prefix,36116,OgreMain.dll!?_setPass@SceneManager@Ogre@@UAEPBVPass@2@PBV32@_N1@Z+0x7ab,3,0.0225,13339,20.016
fourteam_fire_prefix,36116,OgreMain.dll!?setProjectiveTexturing@TextureUnitState@Ogre@@QAEX_NPBVFrustum@2@@Z+0x2f,3,0.0225,13339,20.016
fourteam_fire_prefix,36116,OgreMain.dll!?isInLightRange@Light@Ogre@@QBE_NABVSphere@2@@Z+0x130,3,0.0225,13339,20.016
fourteam_fire_prefix,36116,ntdll.dll!_LdrpReportError@12+0x8b,3,0.0225,13339,20.016
fourteam_fire_prefix,36116,OgreMain.dll!??ZVector3@Ogre@@QAEAAV01@ABV01@@Z+0xd82,3,0.0225,13339,20.016
fourteam_fire_prefix,36116,ntdll.dll!_RtlpFreeNTHeapInternal@12+0x206,3,0.0225,13339,20.016
fourteam_fire_prefix,36116,OgreMain.dll!??1SceneNode@Ogre@@UAE@XZ+0xdc,3,0.0225,13339,20.016
fourteam_fire_prefix,36116,OgreMain.dll!?destroySceneNode@SceneManager@Ogre@@UAEXABV?$basic_string@DU?$char_traits@D@std@@V?$allocator@D@2@@std@@@Z+0x218,3,0.0225,13339,20.016
fourteam_fire_prefix,36116,OgreMain.dll!?_updateAllRenderTargets@Root@Ogre@@QAE_NXZ+0x1e,3,0.0225,13339,20.016
fourteam_fire_prefix,36116,win32u.dll!_NtGdiDdDDIGetDeviceState@4+0xc,3,0.0225,13339,20.016
fourteam_fire_prefix,36116,d3d11.dll!D3D11CoreCreateLayeredDevice+0x23481,3,0.0225,13339,20.016
fourteam_fire_prefix,36116,ntdll.dll!_RtlAppendUnicodeStringToString@8+0x47,3,0.0225,13339,20.016
fourteam_fire_prefix,36116,d3d11.dll!D3D11CoreCreateLayeredDevice+0x13126,3,0.0225,13339,20.016
fourteam_fire_prefix,36116,d3d11.dll!D3D11CoreCreateLayeredDevice+0x128f,3,0.0225,13339,20.016
fourteam_fire_prefix,36116,nvwgf2um.dll!OpenAdapter10+0x72db7,3,0.0225,13339,20.016
fourteam_fire_prefix,36116,nvwgf2um.dll!OpenAdapter10+0x77197,3,0.0225,13339,20.016
fourteam_fire_prefix,36116,d3d11.dll!D3D11CoreCreateLayeredDevice+0x13753,3,0.0225,13339,20.016
fourteam_fire_prefix,36116,nvwgf2um.dll!SetDependencyInfo+0x4f970,3,0.0225,13339,20.016
fourteam_fire_prefix,36116,d3d11.dll!D3D11CoreCreateLayeredDevice+0x1495f,3,0.0225,13339,20.016
fourteam_fire_prefix,36116,OgreMain.dll!??4GpuSharedParametersUsage@Ogre@@QAEAAV01@ABV01@@Z+0x2721,3,0.0225,13339,20.016
fourteam_fire_prefix,36116,ntdll.dll!_memset+0x1c,3,0.0225,13339,20.016
fourteam_fire_prefix,36116,OgreMain.dll!?_getRenderOperation@SubMesh@Ogre@@QAEXAAVRenderOperation@2@G@Z+0x37,3,0.0225,13339,20.016
fourteam_fire_prefix,36116,OgreMain.dll!?createSceneNode@SceneManager@Ogre@@UAEPAVSceneNode@2@XZ+0x9,3,0.0225,13339,20.016
fourteam_fire_prefix,36116,OgreMain.dll!?createSceneNodeImpl@SceneManager@Ogre@@MAEPAVSceneNode@2@XZ+0x49,3,0.0225,13339,20.016
fourteam_fire_prefix,36116,OgreMain.dll!??0SceneNode@Ogre@@QAE@PAVSceneManager@1@@Z+0x30,3,0.0225,13339,20.016
fourteam_fire_prefix,36116,OgreMain.dll!?_getFullTransform@Node@Ogre@@UBEABVMatrix4@2@XZ+0x36,3,0.0225,13339,20.016
fourteam_fire_prefix,36116,ntdll.dll!__woutput_l+0x48c,3,0.0225,13339,20.016
fourteam_fire_prefix,36116,OgreMain.dll!?getWorldViewMatrix@AutoParamDataSource@Ogre@@UBEABVMatrix4@2@XZ+0x206,3,0.0225,13339,20.016
fourteam_fire_prefix,36116,battlezone98redux.exe!sub_44fcc0,3,0.0225,13339,20.016
fourteam_fire_prefix,36116,d3d11.dll!CreateDirect3D11DeviceFromDXGIDevice+0x9f8a0,3,0.0225,13339,20.016
fourteam_fire_prefix,36116,d3d11.dll+0x2afa5,3,0.0225,13339,20.016
fourteam_fire_prefix,36116,d3d11.dll!D3D11CoreCreateLayeredDevice+0x15270,3,0.0225,13339,20.016
fourteam_fire_prefix,36116,d3d11.dll!D3D11CoreCreateLayeredDevice+0x151d9,3,0.0225,13339,20.016
fourteam_fire_prefix,36116,OgreMain.dll!?merge@VisibleObjectsBoundsInfo@Ogre@@QAEXABVAxisAlignedBox@2@ABVSphere@2@PBVCamera@2@_N@Z+0x10,3,0.0225,13339,20.016
fourteam_fire_prefix,36116,MSVCR120.dll!floor+0x9c,3,0.0225,13339,20.016
fourteam_fire_prefix,36116,battlezone98redux.exe!sub_44eff0,3,0.0225,13339,20.016
fourteam_fire_prefix,36116,ntdll.dll!_ZwOpenFile@24+0xc,3,0.0225,13339,20.016
fourteam_fire_prefix,36116,WINMM.dll@6e1d0000!BZROpenShim::`anonymous namespace'::HookCreateRTV+0x35,3,0.0225,13339,20.016
fourteam_fire_prefix,36116,battlezone98redux.exe!sub_4c0100,3,0.0225,13339,20.016
fourteam_fire_prefix,36116,OgreMain.dll!?addChild@Node@Ogre@@UAEXPAV12@@Z+0x150,3,0.0225,13339,20.016
fourteam_fire_prefix,36116,OgreMain.dll!?createChild@Node@Ogre@@UAEPAV12@ABVVector3@2@ABVQuaternion@2@@Z+0x31,3,0.0225,13339,20.016
fourteam_fire_prefix,36116,RenderSystem_Direct3D11.dll!?_render@D3D11RenderSystem@Ogre@@UAEXABVRenderOperation@2@@Z+0xe9,3,0.0225,13339,20.016
fourteam_fire_prefix,36116,battlezone98redux.exe!sub_4a74e0,3,0.0225,13339,20.016
fourteam_fire_prefix,36116,battlezone98redux.exe!sub_4af020,3,0.0225,13339,20.016
fourteam_fire_prefix,36116,battlezone98redux.exe!sub_4aaea0,3,0.0225,13339,20.016
fourteam_fire_prefix,36116,OgreMain.dll!??4GpuSharedParametersUsage@Ogre@@QAEAAV01@ABV01@@Z+0x2744,3,0.0225,13339,20.016
fourteam_fire_prefix,36116,OgreMain.dll!?createTechnique@Material@Ogre@@QAEPAVTechnique@2@XZ+0xa37,3,0.0225,13339,20.016
fourteam_fire_prefix,36116,MSVCR120.dll!__libm_sse2_acosf+0x10,3,0.0225,13339,20.016
fourteam_fire_prefix,36116,ntdll.dll!_LdrpGenerateSnapsUnicodeStrings@28+0x1bc,3,0.0225,13339,20.016
fourteam_fire_prefix,36116,OgreMain.dll!?getWorldBoundingBox@Entity@Ogre@@UBEABVAxisAlignedBox@2@_N@Z+0x19,3,0.0225,13339,20.016
fourteam_fire_prefix,36116,OgreMain.dll!?_notifyCurrentCamera@Entity@Ogre@@UAEXPAVCamera@2@@Z+0x107,3,0.0225,13339,20.016
fourteam_fire_prefix,36116,d3d11.dll!CreateDirect3D11DeviceFromDXGIDevice+0xa4626,3,0.0225,13339,20.016
fourteam_fire_prefix,36116,d3d11.dll!CreateDirect3D11DeviceFromDXGIDevice+0x603ff,3,0.0225,13339,20.016
fourteam_fire_prefix,36116,OgreMain.dll!?findLightsAffectingFrustum@SceneManager@Ogre@@MAEXPBVCamera@2@@Z+0xd4,3,0.0225,13339,20.016
fourteam_fire_prefix,36116,nvwgf2um.dll!SetDependencyInfo+0x35072,3,0.0225,13339,20.016
fourteam_fire_prefix,36116,nvwgf2um.dll!NVAPI_Thunk+0x77fe,3,0.0225,13339,20.016
fourteam_fire_prefix,36116,ntdll.dll!RtlStringCchPrintfExW+0x68,3,0.0225,13339,20.016
fourteam_fire_prefix,36116,d3d11.dll+0x366db,3,0.0225,13339,20.016
fourteam_fire_prefix,36116,ntdll.dll!_RtlInitUnicodeString@8+0x1b,3,0.0225,13339,20.016
fourteam_fire_prefix,36116,MSVCR120.dll!__libm_sse2_asinf+0x1f0,3,0.0225,13339,20.016
fourteam_fire_prefix,36116,ntdll.dll!__output_l+0x726,3,0.0225,13339,20.016
fourteam_fire_prefix,36116,OgreMain.dll!?useLightsGpuProgram@SceneManager@Ogre@@MAEXPBVPass@2@PBV?$HashedVector@PAVLight@Ogre@@@2@@Z+0x8,3,0.0225,13339,20.016
fourteam_fire_prefix,36116,battlezone98redux.exe!sub_7234b0,3,0.0225,13339,20.016
fourteam_fire_prefix,36116,RenderSystem_Direct3D11.dll!?getMonitorSequentialNumberFromSwapChain@MonitorInfo@Ogre@@QAEGPAUIDXGISwapChain@@_N@Z+0x2ab9,3,0.0225,13339,20.016
fourteam_fire_prefix,36116,ntdll.dll!_LdrpWriteToSnapsBuffer@16+0xc9,3,0.0225,13339,20.016
fourteam_fire_prefix,36116,ntdll.dll!LdrpNameToOrdinal+0x33,3,0.0225,13339,20.016
fourteam_fire_prefix,36116,ntdll.dll!_RtlAnsiCharToUnicodeChar@4+0x5,3,0.0225,13339,20.016
fourteam_fire_prefix,36116,OgreMain.dll!?ASin@Math@Ogre@@SA?AVRadian@2@M@Z+0xf,3,0.0225,13339,20.016
fourteam_fire_prefix,36116,d3d11.dll!D3D11CoreCreateLayeredDevice+0xcef0,3,0.0225,13339,20.016
fourteam_fire_prefix,36116,win32u.dll!_NtNotifyPresentToCompositionSurface@8+0xc,3,0.0225,13339,20.016
fourteam_fire_prefix,36116,OgreMain.dll!?getLightDirection@AutoParamDataSource@Ogre@@UBEABVVector3@2@I@Z+0xb,3,0.0225,13339,20.016
fourteam_fire_prefix,36116,ntdll.dll!__aulldvrm+0x8b,3,0.0225,13339,20.016
fourteam_fire_prefix,36116,ucrtbase.dll!__fdclass+0x13,3,0.0225,13339,20.016
fourteam_fire_prefix,36116,battlezone98redux.exe!sub_504de0,3,0.0225,13339,20.016
fourteam_fire_prefix,36116,OgreMain.dll+0x33460,3,0.0225,13339,20.016
fourteam_fire_prefix,36116,ntdll.dll!_RtlAbPreAcquire@8+0x3,3,0.0225,13339,20.016
fourteam_fire_prefix,36116,battlezone98redux.exe!allocator<char>,3,0.0225,13339,20.016
fourteam_fire_prefix,36116,ntdll.dll!_RtlInitAnsiString@8+0x5,3,0.0225,13339,20.016
fourteam_fire_prefix,36116,ntdll.dll!_memmove+0x8,3,0.0225,13339,20.016
fourteam_fire_prefix,36116,OgreMain.dll!?isVisible@ShadowRenderable@Ogre@@UBE_NXZ+0x161,3,0.0225,13339,20.016
fourteam_fire_prefix,36116,OgreMain.dll!??4GpuSharedParametersUsage@Ogre@@QAEAAV01@ABV01@@Z+0x26fa,3,0.0225,13339,20.016
fourteam_fire_prefix,36116,ntdll.dll!write_char+0x5,3,0.0225,13339,20.016
fourteam_fire_prefix,36116,KERNEL32.DLL!GetProcessAffinityMask+0x2a,3,0.0225,13339,20.016
fourteam_fire_prefix,36116,OgreMain.dll!?getLightSpecularColourWithPower@AutoParamDataSource@Ogre@@UBE?BVColourValue@2@I@Z+0xd,3,0.0225,13339,20.016
fourteam_fire_prefix,36116,OgreMain.dll!?softwareVertexBlend@Mesh@Ogre@@SAXPBVVertexData@2@0PBQBVMatrix4@2@I_N@Z+0x271,3,0.0225,13339,20.016
fourteam_fire_prefix,36116,MSVCR120.dll!__libm_sse2_acosf+0x3a,3,0.0225,13339,20.016
fourteam_fire_prefix,36116,OgreMain.dll!?_updateRenderQueue@Entity@Ogre@@UAEXPAVRenderQueue@2@@Z+0x16c,3,0.0225,13339,20.016
fourteam_fire_prefix,36116,OgreMain.dll!?getSide@Plane@Ogre@@QBE?AW4Side@12@ABVVector3@2@0@Z+0x4b,3,0.0225,13339,20.016
fourteam_fire_prefix,36116,d3d11.dll!CreateDirect3D11DeviceFromDXGIDevice+0xa45e0,3,0.0225,13339,20.016
fourteam_fire_prefix,36116,OgreMain.dll!?_updateAutoParams@Pass@Ogre@@QBEXPBVAutoParamDataSource@2@G@Z+0x6a,3,0.0225,13339,20.016
fourteam_fire_prefix,36116,ntdll.dll!__woutput_l+0x141,3,0.0225,13339,20.016
fourteam_fire_prefix,36116,battlezone98redux.exe!sub_684290,3,0.0225,13339,20.016
fourteam_fire_prefix,36116,OgreMain.dll!?setShadowCameraSetup@SceneManager@Ogre@@UAEXABV?$SharedPtr@VShadowCameraSetup@Ogre@@@2@@Z+0x5c,3,0.0225,13339,20.016
fourteam_fire_prefix,36116,battlezone98redux.exe!sub_6815b0,3,0.0225,13339,20.016
fourteam_fire_prefix,36116,battlezone98redux.exe!~_AnonymousOriginator<>,3,0.0225,13339,20.016
fourteam_fire_prefix,36116,WINMM.dll@6e1d0000!BZROpenShim::`anonymous namespace'::RenderMultiplayerFlags+0xa36,3,0.0225,13339,20.016
fourteam_fire_prefix,36116,WINMM.dll@6e1d0000!BZROpenShim::`anonymous namespace'::HideUnusedMultiplayerFlagBillboards+0x63,3,0.0225,13339,20.016
fourteam_fire_prefix,36116,ntdll.dll!__woutput_l+0x47,3,0.0225,13339,20.016
fourteam_fire_prefix,36116,OgreMain.dll!?getViewMatrix@Frustum@Ogre@@UBEABVMatrix4@2@XZ+0x1,3,0.0225,13339,20.016
fourteam_fire_prefix,36116,OgreMain.dll!?ASin@Math@Ogre@@SA?AVRadian@2@M@Z+0x1c,3,0.0225,13339,20.016
fourteam_fire_prefix,36116,d3d11.dll+0x2b095,3,0.0225,13339,20.016
fourteam_fire_prefix,36116,OgreMain.dll!?updatePoint@RotationalSpline@Ogre@@QAEXGABVQuaternion@2@@Z+0x9d22,3,0.0225,13339,20.016
fourteam_fire_prefix,36116,OgreMain.dll!?_findVisibleObjects@SceneNode@Ogre@@UAEXPAVCamera@2@PAVRenderQueue@2@PAUVisibleObjectsBoundsInfo@2@_N33@Z+0x53,3,0.0225,13339,20.016
fourteam_fire_prefix,36116,OgreMain.dll!?_updateBounds@SceneNode@Ogre@@UAEXXZ+0x235,3,0.0225,13339,20.016
fourteam_fire_prefix,36116,d3d11.dll+0x2973d,3,0.0225,13339,20.016
fourteam_fire_prefix,36116,OgreMain.dll!?_setPass@SceneManager@Ogre@@UAEPBVPass@2@PBV32@_N1@Z+0x31f,3,0.0225,13339,20.016
fourteam_fire_prefix,36116,OgreMain.dll!?touchVertexBufferCopy@HardwareBufferManagerBase@Ogre@@UAEXABVHardwareVertexBufferSharedPtr@2@@Z+0x7e,3,0.0225,13339,20.016
fourteam_fire_prefix,36116,ntdll.dll!write_multi_char+0x5,3,0.0225,13339,20.016
fourteam_fire_prefix,36116,battlezone98redux.exe!sub_493d40,3,0.0225,13339,20.016
fourteam_fire_prefix,36116,ntdll.dll!_LdrpGenerateSnapsUnicodeStrings@28+0x144,3,0.0225,13339,20.016
fourteam_fire_prefix,36116,MSVCR120.dll!__libm_sse2_acosf+0x169,3,0.0225,13339,20.016
fourteam_fire_prefix,36116,OgreMain.dll!?createTechnique@Material@Ogre@@QAEPAVTechnique@2@XZ+0xaff,3,0.0225,13339,20.016
fourteam_fire_prefix,36116,OgreMain.dll!?hasScale@Matrix4@Ogre@@QBE_NXZ+0x8d,3,0.0225,13339,20.016
fourteam_fire_prefix,36116,OgreMain.dll!?destroyMovableObject@SceneManager@Ogre@@UAEXPAVMovableObject@2@@Z+0xd5,3,0.0225,13339,20.016
fourteam_fire_prefix,36116,ntdll.dll!__woutput_l+0xaa,3,0.0225,13339,20.016
fourteam_fire_prefix,36116,MSVCR120.dll!memcpy+0x1,3,0.0225,13339,20.016
fourteam_fire_prefix,36116,battlezone98redux.exe!sub_450130,3,0.0225,13339,20.016
fourteam_fire_prefix,36116,battlezone98redux.exe!sub_450a30,3,0.0225,13339,20.016
fourteam_fire_prefix,36116,battlezone98redux.exe!sub_450300,3,0.0225,13339,20.016
fourteam_fire_prefix,36116,battlezone98redux.exe!sub_44f9c0,3,0.0225,13339,20.016
fourteam_fire_prefix,36116,battlezone98redux.exe+0x4f6c8,3,0.0225,13339,20.016
fourteam_fire_prefix,36116,battlezone98redux.exe!sub_450980,3,0.0225,13339,20.016
fourteam_fire_prefix,36116,nvspcap.dll!QueryShadowPlayDdiShimStatus+0x23d8e,3,0.0225,13339,20.016
fourteam_fire_prefix,36116,ntdll.dll!_LdrpWriteToSnapsBuffer@16+0x64,3,0.0225,13339,20.016
fourteam_fire_prefix,36116,d3d11.dll!CreateDirect3D11DeviceFromDXGIDevice+0x9a798,3,0.0225,13339,20.016
fourteam_fire_prefix,36116,d3d11.dll!CreateDirect3D11DeviceFromDXGIDevice+0x9a900,3,0.0225,13339,20.016
fourteam_fire_prefix,36116,nvwgf2um.dll!OpenAdapter10+0x72b5d,3,0.0225,13339,20.016
fourteam_fire_prefix,36116,nvwgf2um.dll!OpenAdapter10+0x74e9d,3,0.0225,13339,20.016
fourteam_fire_prefix,36116,RenderSystem_Direct3D11.dll!?getILayoutByShader@D3D11VertexDeclaration@Ogre@@IAEPAUID3D11InputLayout@@PAVD3D11HLSLProgram@2@PAVVertexBufferBinding@2@@Z+0x47,3,0.0225,13339,20.016
fourteam_fire_prefix,36116,battlezone98redux.exe!sub_44ef20,3,0.0225,13339,20.016
fourteam_fire_prefix,36116,battlezone98redux.exe!sub_689a20,3,0.0225,13339,20.016
fourteam_fire_prefix,36116,battlezone98redux.exe!sub_689ab0,3,0.0225,13339,20.016
fourteam_fire_prefix,36116,ntdll.dll!_RtlLeaveCriticalSection@4+0xe,3,0.0225,13339,20.016
fourteam_fire_prefix,36116,OgreMain.dll!??RmaterialLess@SceneManager@Ogre@@QBE_NPBVMaterial@2@0@Z+0x72f2,3,0.0225,13339,20.016
fourteam_fire_prefix,36116,nvwgf2um.dll!OpenAdapter10+0x72b2e,3,0.0225,13339,20.016
fourteam_fire_prefix,36116,DSOUND.dll!GetDeviceID+0x4965,3,0.0225,13339,20.016
fourteam_fire_prefix,36116,OgreMain.dll!??0VertexData@Ogre@@QAE@PAVHardwareBufferManagerBase@1@@Z+0x73,3,0.0225,13339,20.016
fourteam_fire_prefix,36116,ntdll.dll!__woutput_l+0x73a,3,0.0225,13339,20.016
fourteam_fire_prefix,36116,ntdll.dll!_LdrpAddUnicodeStringToSnapsBuffer@4+0x2a,3,0.0225,13339,20.016
fourteam_fire_prefix,36116,ntdll.dll!__output_l+0x87d,3,0.0225,13339,20.016
fourteam_fire_prefix,36116,battlezone98redux.exe!sub_4221b0,3,0.0225,13339,20.016
fourteam_fire_prefix,36116,battlezone98redux.exe!sub_4eb7e0,3,0.0225,13339,20.016
fourteam_fire_prefix,36116,battlezone98redux.exe!sub_423a60,3,0.0225,13339,20.016
fourteam_fire_prefix,36116,battlezone98redux.exe!sub_4278d0,3,0.0225,13339,20.016
fourteam_fire_prefix,36116,battlezone98redux.exe!sub_4222c0,3,0.0225,13339,20.016
fourteam_fire_prefix,36116,WINMM.dll@6e1d0000!BZROpenShim::`anonymous namespace'::UpdateChunkProxySlotPosition+0x5e4,3,0.0225,13339,20.016
fourteam_fire_prefix,36116,ntdll.dll!_RtlpGetCodePageData@4+0x2b,3,0.0225,13339,20.016
fourteam_fire_prefix,36116,d3d11.dll+0x2c155,3,0.0225,13339,20.016
fourteam_fire_prefix,36116,d3d11.dll!D3DPerformance_BeginEvent+0xb6,3,0.0225,13339,20.016
fourteam_fire_prefix,36116,MSVCR120.dll!__libm_sse2_acosf+0x1ea,3,0.0225,13339,20.016
fourteam_fire_prefix,36116,WINMM.dll@6e1d0000!BZROpenShim::EngineFlameSubmitHook+0x36,3,0.0225,13339,20.016
fourteam_fire_prefix,36116,OgreMain.dll!?addRenderable@RenderPriorityGroup@Ogre@@QAEXPAVRenderable@2@PAVTechnique@2@@Z+0x13,3,0.0225,13339,20.016
fourteam_fire_prefix,36116,ntdll.dll!__fputwc_nolock+0x3,3,0.0225,13339,20.016
fourteam_fire_prefix,36116,battlezone98redux.exe!sub_4245c0,3,0.0225,13339,20.016
fourteam_fire_prefix,36116,WINMM.dll@6e1d0000!BZROpenShim::`anonymous namespace'::AppendGenericChunkBatchGeometry+0xee,3,0.0225,13339,20.016
fourteam_fire_prefix,36116,OgreMain.dll!?copyTempVertexToBuffer@ManualObject@Ogre@@MAEXXZ+0x64,3,0.0225,13339,20.016
fourteam_fire_prefix,36116,OgreMain.dll!?resizeTempVertexBufferIfNeeded@ManualObject@Ogre@@MAEXI@Z+0x60,3,0.0225,13339,20.016
fourteam_fire_prefix,36116,OgreMain.dll!?position@ManualObject@Ogre@@UAEXMMM@Z+0xd9,3,0.0225,13339,20.016
fourteam_fire_prefix,36116,nvwgf2um.dll!NVENCODEAPI_Thunk+0x1fab64,3,0.0225,13339,20.016
fourteam_fire_prefix,36116,ntdll.dll!_LdrpPreprocessDllName@16+0x33a,3,0.0225,13339,20.016
fourteam_fire_prefix,36116,WINMM.dll@6e1d0000!BZROpenShim::`anonymous namespace'::TrackChunkProxyDebugEntry+0x44b,3,0.0225,13339,20.016
fourteam_fire_prefix,36116,WINMM.dll@6e1d0000!operator new+0x1a,3,0.0225,13339,20.016
fourteam_fire_prefix,36116,ucrtbase.dll!__malloc_base+0x2f,3,0.0225,13339,20.016
fourteam_fire_prefix,36116,VCRUNTIME140.dll!@_EH4_GlobalUnwind2@8+0x15,3,0.0225,13339,20.016
fourteam_fire_prefix,36116,VCRUNTIME140.dll!_except_handler4_common+0x127,3,0.0225,13339,20.016
fourteam_fire_prefix,36116,WINMM.dll@6e1d0000!_except_handler4+0x29,3,0.0225,13339,20.016
