label,thread,symbol,module,self_samples,self_percent,total_samples,window_seconds
fourteam_move_postfix,35072,ntdll.dll!_ZwQueryFullAttributesFile@8+0xc,ntdll.dll,586,3.9263,14925,19.999
fourteam_move_postfix,35072,ntdll.dll!_ZwQueryVirtualMemory@24+0xc,ntdll.dll,530,3.5511,14925,19.999
fourteam_move_postfix,35072,MSVCR120.dll!memmove+0xc9,MSVCR120.dll,203,1.3601,14925,19.999
fourteam_move_postfix,35072,ntdll.dll!_RtlpIsUtf8Process@4+0xe,ntdll.dll,150,1.005,14925,19.999
fourteam_move_postfix,35072,battlezone98redux.exe!sub_461fd0,battlezone98redux.exe,149,0.9983,14925,19.999
fourteam_move_postfix,35072,ntdll.dll!_RtlAnsiCharToUnicodeChar@4+0x36,ntdll.dll,136,0.9112,14925,19.999
fourteam_move_postfix,35072,battlezone98redux.exe!sub_687340,battlezone98redux.exe,132,0.8844,14925,19.999
fourteam_move_postfix,35072,battlezone98redux.exe!sub_4933e0,battlezone98redux.exe,125,0.8375,14925,19.999
fourteam_move_postfix,35072,ntdll.dll!_RtlpGetCodePageData@4+0x29,ntdll.dll,114,0.7638,14925,19.999
fourteam_move_postfix,35072,battlezone98redux.exe!sub_446360,battlezone98redux.exe,106,0.7102,14925,19.999
fourteam_move_postfix,35072,battlezone98redux.exe!sub_4428b0,battlezone98redux.exe,101,0.6767,14925,19.999
fourteam_move_postfix,35072,MSVCR120.dll!floor+0x15,MSVCR120.dll,99,0.6633,14925,19.999
fourteam_move_postfix,35072,battlezone98redux.exe!sub_81fe60,battlezone98redux.exe,95,0.6365,14925,19.999
fourteam_move_postfix,35072,battlezone98redux.exe!sub_4f90a0,battlezone98redux.exe,87,0.5829,14925,19.999
fourteam_move_postfix,35072,battlezone98redux.exe!sub_465320,battlezone98redux.exe,85,0.5695,14925,19.999
fourteam_move_postfix,35072,ntdll.dll!_RtlAnsiCharToUnicodeChar@4+0x19,ntdll.dll,80,0.536,14925,19.999
fourteam_move_postfix,35072,battlezone98redux.exe!sub_4620b0,battlezone98redux.exe,76,0.5092,14925,19.999
fourteam_move_postfix,35072,battlezone98redux.exe!sub_493330,battlezone98redux.exe,75,0.5025,14925,19.999
fourteam_move_postfix,35072,win32u.dll!_NtUserPeekMessage@24+0xc,win32u.dll,73,0.4891,14925,19.999
fourteam_move_postfix,35072,OgreMain.dll!?isVisible@ShadowRenderable@Ogre@@UBE_NXZ+0x236,OgreMain.dll,68,0.4556,14925,19.999
fourteam_move_postfix,35072,battlezone98redux.exe!sub_4f90f0,battlezone98redux.exe,68,0.4556,14925,19.999
fourteam_move_postfix,35072,OgreMain.dll!?_updateBounds@SceneNode@Ogre@@UAEXXZ+0x19c,OgreMain.dll,65,0.4355,14925,19.999
fourteam_move_postfix,35072,ntdll.dll!__woutput_l+0x8a1,ntdll.dll,65,0.4355,14925,19.999
fourteam_move_postfix,35072,MSVCR120.dll!floor+0x19,MSVCR120.dll,62,0.4154,14925,19.999
fourteam_move_postfix,35072,battlezone98redux.exe!sub_45c4b0,battlezone98redux.exe,60,0.402,14925,19.999
fourteam_move_postfix,35072,MSVCR120.dll!memmove+0xc7,MSVCR120.dll,58,0.3886,14925,19.999
fourteam_move_postfix,35072,battlezone98redux.exe!sub_439d00,battlezone98redux.exe,56,0.3752,14925,19.999
fourteam_move_postfix,35072,battlezone98redux.exe!sub_440130,battlezone98redux.exe,54,0.3618,14925,19.999
fourteam_move_postfix,35072,battlezone98redux.exe!sub_43fb30,battlezone98redux.exe,53,0.3551,14925,19.999
fourteam_move_postfix,35072,d3d11.dll+0x30d82,d3d11.dll,53,0.3551,14925,19.999
fourteam_move_postfix,35072,OgreMain.dll!?getParameters@GpuProgramUsage@Ogre@@QAE?AV?$SharedPtr@VGpuProgramParameters@Ogre@@@2@XZ+0xe7,OgreMain.dll,52,0.3484,14925,19.999
fourteam_move_postfix,35072,ntdll.dll!_ZwReleaseSemaphore@12+0xc,ntdll.dll,52,0.3484,14925,19.999
fourteam_move_postfix,35072,RenderSystem_Direct3D11.dll!?bindGpuProgramParameters@D3D11RenderSystem@Ogre@@UAEXW4GpuProgramType@2@V?$SharedPtr@VGpuProgramParameters@Ogre@@@2@G@Z+0x54a,RenderSystem_Direct3D11.dll,48,0.3216,14925,19.999
fourteam_move_postfix,35072,OgreMain.dll!?_findVisibleObjects@SceneNode@Ogre@@UAEXPAVCamera@2@PAVRenderQueue@2@PAUVisibleObjectsBoundsInfo@2@_N33@Z+0x7e,OgreMain.dll,48,0.3216,14925,19.999
fourteam_move_postfix,35072,battlezone98redux.exe!sub_4643e0,battlezone98redux.exe,45,0.3015,14925,19.999
fourteam_move_postfix,35072,MSVCR120.dll!__libm_sse2_acosf+0xa6,MSVCR120.dll,45,0.3015,14925,19.999
fourteam_move_postfix,35072,OgreMain.dll!?getHasInstanceData@VertexBufferBinding@Ogre@@UBE_NXZ+0x5,OgreMain.dll,45,0.3015,14925,19.999
fourteam_move_postfix,35072,battlezone98redux.exe!sub_62e070,battlezone98redux.exe,44,0.2948,14925,19.999
fourteam_move_postfix,35072,OgreMain.dll!?lock@HardwareBuffer@Ogre@@UAEPAXIIW4LockOptions@12@W4UploadOptions@12@@Z+0x19c,OgreMain.dll,44,0.2948,14925,19.999
fourteam_move_postfix,35072,d3d11.dll!CreateDirect3D11DeviceFromDXGIDevice+0x9f925,d3d11.dll,43,0.2881,14925,19.999
fourteam_move_postfix,35072,battlezone98redux.exe!sub_4675f0,battlezone98redux.exe,43,0.2881,14925,19.999
fourteam_move_postfix,35072,battlezone98redux.exe!sub_4ebfd0,battlezone98redux.exe,43,0.2881,14925,19.999
fourteam_move_postfix,35072,win32u.dll!_NtUserSystemParametersInfo@16+0xc,win32u.dll,42,0.2814,14925,19.999
fourteam_move_postfix,35072,OgreMain.dll!?getHasInstanceData@VertexBufferBinding@Ogre@@UBE_NXZ+0x17,OgreMain.dll,41,0.2747,14925,19.999
fourteam_move_postfix,35072,OgreMain.dll!?isInLightRange@Light@Ogre@@QBE_NABVSphere@2@@Z+0x172,OgreMain.dll,40,0.268,14925,19.999
fourteam_move_postfix,35072,win32u.dll!_NtUserGetLayeredWindowAttributes@16+0xc,win32u.dll,39,0.2613,14925,19.999
fourteam_move_postfix,35072,battlezone98redux.exe!sub_4401a0,battlezone98redux.exe,38,0.2546,14925,19.999
fourteam_move_postfix,35072,RenderSystem_Direct3D11.dll!?_render@D3D11RenderSystem@Ogre@@UAEXABVRenderOperation@2@@Z+0x5b,RenderSystem_Direct3D11.dll,37,0.2479,14925,19.999
fourteam_move_postfix,35072,battlezone98redux.exe!sub_4da060,battlezone98redux.exe,37,0.2479,14925,19.999
fourteam_move_postfix,35072,battlezone98redux.exe!sub_444ba0,battlezone98redux.exe,36,0.2412,14925,19.999
fourteam_move_postfix,35072,battlezone98redux.exe!sub_60f320,battlezone98redux.exe,36,0.2412,14925,19.999
fourteam_move_postfix,35072,battlezone98redux.exe!sub_820570,battlezone98redux.exe,36,0.2412,14925,19.999
fourteam_move_postfix,35072,RenderSystem_Direct3D11.dll!?bindToShader@D3D11VertexDeclaration@Ogre@@QAEXPAVD3D11HLSLProgram@2@PAVVertexBufferBinding@2@@Z+0xa,RenderSystem_Direct3D11.dll,35,0.2345,14925,19.999
fourteam_move_postfix,35072,win32u.dll!_NtGdiDdDDIQueryVidPnExclusiveOwnership@4+0xc,win32u.dll,35,0.2345,14925,19.999
fourteam_move_postfix,35072,battlezone98redux.exe!sub_442f40,battlezone98redux.exe,34,0.2278,14925,19.999
fourteam_move_postfix,35072,battlezone98redux.exe!sub_8203f0,battlezone98redux.exe,34,0.2278,14925,19.999
fourteam_move_postfix,35072,d3d11.dll+0x27010,d3d11.dll,34,0.2278,14925,19.999
fourteam_move_postfix,35072,OgreMain.dll!?isHardwareAnimationEnabled@Entity@Ogre@@QAE_NXZ+0x43,OgreMain.dll,34,0.2278,14925,19.999
fourteam_move_postfix,35072,MSVCR120.dll!__libm_sse2_acosf+0xf3,MSVCR120.dll,33,0.2211,14925,19.999
fourteam_move_postfix,35072,MSVCR120.dll!__libm_sse2_acosf+0x4c,MSVCR120.dll,32,0.2144,14925,19.999
fourteam_move_postfix,35072,d3d11.dll!D3D11CoreCreateDevice+0x26530,d3d11.dll,31,0.2077,14925,19.999
fourteam_move_postfix,35072,OgreMain.dll!?getHasInstanceData@VertexBufferBinding@Ogre@@UBE_NXZ+0x13,OgreMain.dll,31,0.2077,14925,19.999
fourteam_move_postfix,35072,battlezone98redux.exe!sub_820180,battlezone98redux.exe,30,0.201,14925,19.999
fourteam_move_postfix,35072,RenderSystem_Direct3D11.dll!?_render@D3D11RenderSystem@Ogre@@UAEXABVRenderOperation@2@@Z+0x97,RenderSystem_Direct3D11.dll,30,0.201,14925,19.999
fourteam_move_postfix,35072,battlezone98redux.exe!sub_492d60,battlezone98redux.exe,30,0.201,14925,19.999
fourteam_move_postfix,35072,battlezone98redux.exe!sub_62e710,battlezone98redux.exe,30,0.201,14925,19.999
fourteam_move_postfix,35072,battlezone98redux.exe!sub_784180,battlezone98redux.exe,28,0.1876,14925,19.999
fourteam_move_postfix,35072,OgreMain.dll!?touchVertexBufferCopy@HardwareBufferManagerBase@Ogre@@UAEXABVHardwareVertexBufferSharedPtr@2@@Z+0x47,OgreMain.dll,27,0.1809,14925,19.999
fourteam_move_postfix,35072,RenderSystem_Direct3D11.dll!?getMonitorSequentialNumberFromSwapChain@MonitorInfo@Ogre@@QAEGPAUIDXGISwapChain@@_N@Z+0x27a7,RenderSystem_Direct3D11.dll,27,0.1809,14925,19.999
fourteam_move_postfix,35072,battlezone98redux.exe!sub_462710,battlezone98redux.exe,27,0.1809,14925,19.999
fourteam_move_postfix,35072,RenderSystem_Direct3D11.dll+0x3ee0,RenderSystem_Direct3D11.dll,27,0.1809,14925,19.999
fourteam_move_postfix,35072,OgreMain.dll!??4GpuSharedParametersUsage@Ogre@@QAEAAV01@ABV01@@Z+0x2704,OgreMain.dll,27,0.1809,14925,19.999
fourteam_move_postfix,35072,battlezone98redux.exe!sub_4461b0,battlezone98redux.exe,26,0.1742,14925,19.999
fourteam_move_postfix,35072,ntdll.dll!_memset+0x45,ntdll.dll,25,0.1675,14925,19.999
fourteam_move_postfix,35072,RenderSystem_Direct3D11.dll!?getILayoutByShader@D3D11VertexDeclaration@Ogre@@IAEPAUID3D11InputLayout@@PAVD3D11HLSLProgram@2@PAVVertexBufferBinding@2@@Z+0x52,RenderSystem_Direct3D11.dll,24,0.1608,14925,19.999
fourteam_move_postfix,35072,MSVCR120.dll!__libm_sse2_asinf+0x3a,MSVCR120.dll,24,0.1608,14925,19.999
fourteam_move_postfix,35072,ntdll.dll!_ZwTraceEvent@16+0xc,ntdll.dll,24,0.1608,14925,19.999
fourteam_move_postfix,35072,battlezone98redux.exe!sub_784100,battlezone98redux.exe,23,0.1541,14925,19.999
fourteam_move_postfix,35072,OgreMain.dll!?isHardwareAnimationEnabled@Entity@Ogre@@QAE_NXZ+0x2c,OgreMain.dll,23,0.1541,14925,19.999
fourteam_move_postfix,35072,MSVCR120.dll!__libm_sse2_asinf+0xa0,MSVCR120.dll,23,0.1541,14925,19.999
fourteam_move_postfix,35072,OgreMain.dll!?_updateBounds@SceneNode@Ogre@@UAEXXZ+0x193,OgreMain.dll,23,0.1541,14925,19.999
fourteam_move_postfix,35072,battlezone98redux.exe!sub_4440d0,battlezone98redux.exe,23,0.1541,14925,19.999
fourteam_move_postfix,35072,OgreMain.dll!?isInLightRange@Light@Ogre@@QBE_NABVSphere@2@@Z+0x175,OgreMain.dll,23,0.1541,14925,19.999
fourteam_move_postfix,35072,battlezone98redux.exe!sub_442e70,battlezone98redux.exe,22,0.1474,14925,19.999
fourteam_move_postfix,35072,RenderSystem_Direct3D11.dll!?createImpl@D3D11GpuProgramManager@Ogre@@MAEPAVResource@2@ABV?$basic_string@DU?$char_traits@D@std@@V?$allocator@D@2@@std@@_K0_NPAVManualResourceLoader@2@W4GpuProgramType@2@0@Z+0x6144,RenderSystem_Direct3D11.dll,22,0.1474,14925,19.999
fourteam_move_postfix,35072,OgreMain.dll!?isHardwareAnimationEnabled@Entity@Ogre@@QAE_NXZ+0x28,OgreMain.dll,22,0.1474,14925,19.999
fourteam_move_postfix,35072,ntdll.dll!_RtlpLocalInfoAllocFromCache@8+0x279,ntdll.dll,21,0.1407,14925,19.999
fourteam_move_postfix,35072,battlezone98redux.exe!sub_774f80,battlezone98redux.exe,21,0.1407,14925,19.999
fourteam_move_postfix,35072,battlezone98redux.exe!_Vector_iterator<>,battlezone98redux.exe,21,0.1407,14925,19.999
fourteam_move_postfix,35072,battlezone98redux.exe!sub_6111e0,battlezone98redux.exe,21,0.1407,14925,19.999
fourteam_move_postfix,35072,MSVCR120.dll!__libm_sse2_acosf+0x36,MSVCR120.dll,20,0.134,14925,19.999
fourteam_move_postfix,35072,ntdll.dll!_RtlMultiByteToUnicodeN@20+0x21,ntdll.dll,20,0.134,14925,19.999
fourteam_move_postfix,35072,OgreMain.dll+0x2e866,OgreMain.dll,20,0.134,14925,19.999
fourteam_move_postfix,35072,OgreMain.dll!?addRenderable@RenderQueue@Ogre@@QAEXPAVRenderable@2@EG@Z+0x39,OgreMain.dll,19,0.1273,14925,19.999
fourteam_move_postfix,35072,win32u.dll!_NtUserSetCursorPos@8+0xc,win32u.dll,19,0.1273,14925,19.999
fourteam_move_postfix,35072,RenderSystem_Direct3D11.dll!?getILayoutByShader@D3D11VertexDeclaration@Ogre@@IAEPAUID3D11InputLayout@@PAVD3D11HLSLProgram@2@PAVVertexBufferBinding@2@@Z+0x6a,RenderSystem_Direct3D11.dll,19,0.1273,14925,19.999
fourteam_move_postfix,35072,battlezone98redux.exe!sub_784620,battlezone98redux.exe,19,0.1273,14925,19.999
fourteam_move_postfix,35072,OgreMain.dll!?getVertexProgramParameters@Pass@Ogre@@QBE?AV?$SharedPtr@VGpuProgramParameters@Ogre@@@2@XZ+0x127,OgreMain.dll,19,0.1273,14925,19.999
fourteam_move_postfix,35072,RenderSystem_Direct3D11.dll!??0D3D11RenderWindowSwapChainBased@Ogre@@QAE@ABV01@@Z+0x310,RenderSystem_Direct3D11.dll,19,0.1273,14925,19.999
fourteam_move_postfix,35072,OgreMain.dll!?getNumWorldTransforms@SubEntity@Ogre@@UBEGXZ+0xe,OgreMain.dll,19,0.1273,14925,19.999
fourteam_move_postfix,35072,nvwgf2um.dll!NVENCODEAPI_Thunk+0x21760e,nvwgf2um.dll,19,0.1273,14925,19.999
fourteam_move_postfix,35072,RenderSystem_Direct3D11.dll!?getILayoutByShader@D3D11VertexDeclaration@Ogre@@IAEPAUID3D11InputLayout@@PAVD3D11HLSLProgram@2@PAVVertexBufferBinding@2@@Z+0x56,RenderSystem_Direct3D11.dll,18,0.1206,14925,19.999
fourteam_move_postfix,35072,WINMM.dll@6ea10000!BZROpenShim::`anonymous namespace'::IsOgreEntityObject+0x44,WINMM.dll@6ea10000,18,0.1206,14925,19.999
fourteam_move_postfix,35072,nvwgf2um.dll!OpenAdapter10+0x71b00,nvwgf2um.dll,18,0.1206,14925,19.999
fourteam_move_postfix,35072,battlezone98redux.exe!sub_443060,battlezone98redux.exe,18,0.1206,14925,19.999
fourteam_move_postfix,35072,OgreMain.dll!?_findVisibleObjects@SceneNode@Ogre@@UAEXPAVCamera@2@PAVRenderQueue@2@PAUVisibleObjectsBoundsInfo@2@_N33@Z+0x4c,OgreMain.dll,18,0.1206,14925,19.999
fourteam_move_postfix,35072,OgreMain.dll!??4GpuSharedParametersUsage@Ogre@@QAEAAV01@ABV01@@Z+0x2742,OgreMain.dll,18,0.1206,14925,19.999
fourteam_move_postfix,35072,d3d11.dll+0x2b4fb,d3d11.dll,17,0.1139,14925,19.999
fourteam_move_postfix,35072,RenderSystem_Direct3D11.dll!?getILayoutByShader@D3D11VertexDeclaration@Ogre@@IAEPAUID3D11InputLayout@@PAVD3D11HLSLProgram@2@PAVVertexBufferBinding@2@@Z+0x24f,RenderSystem_Direct3D11.dll,17,0.1139,14925,19.999
fourteam_move_postfix,35072,battlezone98redux.exe!sub_4621a0,battlezone98redux.exe,17,0.1139,14925,19.999
fourteam_move_postfix,35072,OgreMain.dll!?isInLightRange@Light@Ogre@@QBE_NABVSphere@2@@Z+0x138,OgreMain.dll,17,0.1139,14925,19.999
fourteam_move_postfix,35072,OgreMain.dll!?_updateBounds@SceneNode@Ogre@@UAEXXZ+0x235,OgreMain.dll,17,0.1139,14925,19.999
fourteam_move_postfix,35072,OgreMain.dll!?getWorldViewMatrix@AutoParamDataSource@Ogre@@UBEABVMatrix4@2@XZ+0x241,OgreMain.dll,17,0.1139,14925,19.999
fourteam_move_postfix,35072,KERNEL32.DLL!GetCurrentThreadId,KERNEL32.DLL,17,0.1139,14925,19.999
fourteam_move_postfix,35072,OgreMain.dll!?_findNamedConstantDefinition@GpuProgramParameters@Ogre@@QBEPBUGpuConstantDefinition@2@ABV?$basic_string@DU?$char_traits@D@std@@V?$allocator@D@2@@std@@_N@Z+0xdb,OgreMain.dll,17,0.1139,14925,19.999
fourteam_move_postfix,35072,battlezone98redux.exe!sub_81fd40,battlezone98redux.exe,16,0.1072,14925,19.999
fourteam_move_postfix,35072,battlezone98redux.exe!sub_62bf70,battlezone98redux.exe,16,0.1072,14925,19.999
fourteam_move_postfix,35072,OgreMain.dll!?processVisibleObject@RenderQueue@Ogre@@QAEXPAVMovableObject@2@PAVCamera@2@_NPAUVisibleObjectsBoundsInfo@2@@Z+0x11,OgreMain.dll,16,0.1072,14925,19.999
fourteam_move_postfix,35072,ntdll.dll!_ZwCallbackReturn@12+0xc,ntdll.dll,16,0.1072,14925,19.999
fourteam_move_postfix,35072,ntdll.dll!_ZwOpenThread@16+0xc,ntdll.dll,16,0.1072,14925,19.999
fourteam_move_postfix,35072,OgreMain.dll!?ACos@Math@Ogre@@SA?AVRadian@2@M@Z+0x8,OgreMain.dll,16,0.1072,14925,19.999
fourteam_move_postfix,35072,battlezone98redux.exe!sub_5e1350,battlezone98redux.exe,16,0.1072,14925,19.999
fourteam_move_postfix,35072,ntdll.dll!_RtlAbPostRelease@8+0x28,ntdll.dll,16,0.1072,14925,19.999
fourteam_move_postfix,35072,MSVCR120.dll!floor+0x30,MSVCR120.dll,16,0.1072,14925,19.999
fourteam_move_postfix,35072,d3d11.dll+0x35e90,d3d11.dll,16,0.1072,14925,19.999
fourteam_move_postfix,35072,OgreMain.dll!?_findVisibleObjects@SceneNode@Ogre@@UAEXPAVCamera@2@PAVRenderQueue@2@PAUVisibleObjectsBoundsInfo@2@_N33@Z+0x76,OgreMain.dll,16,0.1072,14925,19.999
fourteam_move_postfix,35072,battlezone98redux.exe!sub_4db560,battlezone98redux.exe,15,0.1005,14925,19.999
fourteam_move_postfix,35072,nvwgf2um.dll!NVENCODEAPI_Thunk+0x2175ea,nvwgf2um.dll,15,0.1005,14925,19.999
fourteam_move_postfix,35072,battlezone98redux.exe!sub_417910,battlezone98redux.exe,15,0.1005,14925,19.999
fourteam_move_postfix,35072,MSVCR120.dll!ceil+0x1ce,MSVCR120.dll,15,0.1005,14925,19.999
fourteam_move_postfix,35072,battlezone98redux.exe!sub_81f1e0,battlezone98redux.exe,15,0.1005,14925,19.999
fourteam_move_postfix,35072,OgreMain.dll!?getProgram@Pass@Ogre@@IBEABV?$SharedPtr@VGpuProgram@Ogre@@@2@PBQAVGpuProgramUsage@2@@Z+0x44,OgreMain.dll,15,0.1005,14925,19.999
fourteam_move_postfix,35072,battlezone98redux.exe!sub_686600,battlezone98redux.exe,15,0.1005,14925,19.999
fourteam_move_postfix,35072,ntdll.dll!_RtlpIsUtf8Process@4+0x3,ntdll.dll,14,0.0938,14925,19.999
fourteam_move_postfix,35072,MSVCR120.dll!__libm_sse2_acosf+0x17e,MSVCR120.dll,14,0.0938,14925,19.999
fourteam_move_postfix,35072,battlezone98redux.exe!sub_46d0a0,battlezone98redux.exe,14,0.0938,14925,19.999
fourteam_move_postfix,35072,MSVCR120.dll!__libm_sse2_asinf+0x50,MSVCR120.dll,14,0.0938,14925,19.999
fourteam_move_postfix,35072,battlezone98redux.exe!sub_6116a0,battlezone98redux.exe,14,0.0938,14925,19.999
fourteam_move_postfix,35072,d3d11.dll+0x2703e,d3d11.dll,14,0.0938,14925,19.999
fourteam_move_postfix,35072,OgreMain.dll!?createTechnique@Material@Ogre@@QAEPAVTechnique@2@XZ+0xa3b,OgreMain.dll,14,0.0938,14925,19.999
fourteam_move_postfix,35072,OgreMain.dll!?angleBetween@Vector3@Ogre@@QBE?AVRadian@2@ABV12@@Z+0xd0,OgreMain.dll,14,0.0938,14925,19.999
fourteam_move_postfix,35072,OgreMain.dll!?_updateBounds@SceneNode@Ogre@@UAEXXZ+0x213,OgreMain.dll,14,0.0938,14925,19.999
fourteam_move_postfix,35072,OgreMain.dll!?isFloat@GpuConstantDefinition@Ogre@@SA_NW4GpuConstantType@2@@Z+0x13,OgreMain.dll,14,0.0938,14925,19.999
fourteam_move_postfix,35072,OgreMain.dll!?isVisible@ShadowRenderable@Ogre@@UBE_NXZ+0x21c,OgreMain.dll,14,0.0938,14925,19.999
fourteam_move_postfix,35072,OgreMain.dll!?getSide@Plane@Ogre@@QBE?AW4Side@12@ABVVector3@2@0@Z+0x38,OgreMain.dll,14,0.0938,14925,19.999
fourteam_move_postfix,35072,RenderSystem_Direct3D11.dll!?getD3DVertexBuffer@D3D11HardwareVertexBuffer@Ogre@@QBEPAUID3D11Buffer@@XZ+0x6,RenderSystem_Direct3D11.dll,14,0.0938,14925,19.999
fourteam_move_postfix,35072,RenderSystem_Direct3D11.dll!?getMonitorSequentialNumberFromSwapChain@MonitorInfo@Ogre@@QAEGPAUIDXGISwapChain@@_N@Z+0x2797,RenderSystem_Direct3D11.dll,14,0.0938,14925,19.999
fourteam_move_postfix,35072,OgreMain.dll!?angleBetween@Vector3@Ogre@@QBE?AVRadian@2@ABV12@@Z+0xc9,OgreMain.dll,13,0.0871,14925,19.999
fourteam_move_postfix,35072,OgreMain.dll!?touchVertexBufferCopy@HardwareBufferManagerBase@Ogre@@UAEXABVHardwareVertexBufferSharedPtr@2@@Z+0x7e,OgreMain.dll,13,0.0871,14925,19.999
fourteam_move_postfix,35072,OgreMain.dll!?getVertexProgramParameters@Pass@Ogre@@QBE?AV?$SharedPtr@VGpuProgramParameters@Ogre@@@2@XZ+0x133,OgreMain.dll,13,0.0871,14925,19.999
fourteam_move_postfix,35072,OgreMain.dll!?update@Light@Ogre@@MBEXXZ+0xda,OgreMain.dll,13,0.0871,14925,19.999
fourteam_move_postfix,35072,OgreMain.dll!?_getActiveSchemeIndex@MaterialManager@Ogre@@UBEGXZ,OgreMain.dll,13,0.0871,14925,19.999
fourteam_move_postfix,35072,MSVCR120.dll!__libm_sse2_acosf+0x13d,MSVCR120.dll,13,0.0871,14925,19.999
fourteam_move_postfix,35072,OgreMain.dll+0x21c01,OgreMain.dll,13,0.0871,14925,19.999
fourteam_move_postfix,35072,ntdll.dll!_ZwReleaseMutant@8+0xc,ntdll.dll,13,0.0871,14925,19.999
fourteam_move_postfix,35072,"battlezone98redux.exe!FID_conflict:_Vector_const_iterator<class_std::_Vector_val<struct_std::_Simple_types<class_std::shared_ptr<struct_Concurrency::details::_Task_impl<struct_std::pair<unsigned_char,class_Concurrency::details::_CancellationTokenState*>_>_>_>_>_>",battlezone98redux.exe,13,0.0871,14925,19.999
fourteam_move_postfix,35072,ntdll.dll!__woutput_l+0x8b5,ntdll.dll,13,0.0871,14925,19.999
fourteam_move_postfix,35072,battlezone98redux.exe!sub_462450,battlezone98redux.exe,12,0.0804,14925,19.999
fourteam_move_postfix,35072,OgreMain.dll!?createTechnique@Material@Ogre@@QAEPAVTechnique@2@XZ+0xaff,OgreMain.dll,12,0.0804,14925,19.999
fourteam_move_postfix,35072,OgreMain.dll!?getConstantDefinition@GpuProgramParameters@Ogre@@QBEABUGpuConstantDefinition@2@ABV?$basic_string@DU?$char_traits@D@std@@V?$allocator@D@2@@std@@@Z+0x35,OgreMain.dll,12,0.0804,14925,19.999
fourteam_move_postfix,35072,OgreMain.dll!?getDistance@Plane@Ogre@@QBEMABVVector3@2@@Z+0x37,OgreMain.dll,12,0.0804,14925,19.999
fourteam_move_postfix,35072,OgreMain.dll!?getFragmentProgramParameters@Pass@Ogre@@QBE?AV?$SharedPtr@VGpuProgramParameters@Ogre@@@2@XZ+0x7a,OgreMain.dll,12,0.0804,14925,19.999
fourteam_move_postfix,35072,OgreMain.dll!?normalise@Vector3@Ogre@@QAEMXZ+0x42,OgreMain.dll,12,0.0804,14925,19.999
fourteam_move_postfix,35072,battlezone98redux.exe!sub_611270,battlezone98redux.exe,12,0.0804,14925,19.999
fourteam_move_postfix,35072,OgreMain.dll!?isInLightRange@Light@Ogre@@QBE_NABVSphere@2@@Z+0x134,OgreMain.dll,12,0.0804,14925,19.999
fourteam_move_postfix,35072,OgreMain.dll!?isInLightRange@Light@Ogre@@QBE_NABVSphere@2@@Z+0x161,OgreMain.dll,12,0.0804,14925,19.999
fourteam_move_postfix,35072,OgreMain.dll!?clone@Animation@Ogre@@QBEPAV12@ABV?$basic_string@DU?$char_traits@D@std@@V?$allocator@D@2@@std@@@Z+0x249,OgreMain.dll,12,0.0804,14925,19.999
fourteam_move_postfix,35072,OgreMain.dll!?_writeRawConstant@GpuProgramParameters@Ogre@@QAEXIABVVector4@2@I@Z+0x25,OgreMain.dll,12,0.0804,14925,19.999
fourteam_move_postfix,35072,OgreMain.dll!?getProgram@Pass@Ogre@@IBEABV?$SharedPtr@VGpuProgram@Ogre@@@2@PBQAVGpuProgramUsage@2@@Z+0x38,OgreMain.dll,12,0.0804,14925,19.999
fourteam_move_postfix,35072,MSVCR120.dll!__libm_sse2_acosf+0x1b6,MSVCR120.dll,12,0.0804,14925,19.999
fourteam_move_postfix,35072,OgreMain.dll!?getWorldViewProjMatrix@AutoParamDataSource@Ogre@@UBEABVMatrix4@2@XZ+0x39c,OgreMain.dll,12,0.0804,14925,19.999
fourteam_move_postfix,35072,OgreMain.dll!?buffersCheckedOut@TempBlendedBufferInfo@Ogre@@QBE_N_N0@Z+0x2f,OgreMain.dll,12,0.0804,14925,19.999
fourteam_move_postfix,35072,ntdll.dll!_ZwWaitForMultipleObjects@20+0xc,ntdll.dll,12,0.0804,14925,19.999
fourteam_move_postfix,35072,OgreMain.dll!?isInLightRange@Light@Ogre@@QBE_NABVSphere@2@@Z+0xe4,OgreMain.dll,12,0.0804,14925,19.999
fourteam_move_postfix,35072,battlezone98redux.exe!sub_83f040,battlezone98redux.exe,12,0.0804,14925,19.999
fourteam_move_postfix,35072,d3d11.dll+0x27041,d3d11.dll,12,0.0804,14925,19.999
fourteam_move_postfix,35072,d3d11.dll+0x2703b,d3d11.dll,12,0.0804,14925,19.999
fourteam_move_postfix,35072,battlezone98redux.exe!sub_601730,battlezone98redux.exe,12,0.0804,14925,19.999
fourteam_move_postfix,35072,RenderSystem_Direct3D11.dll+0x4b38,RenderSystem_Direct3D11.dll,12,0.0804,14925,19.999
fourteam_move_postfix,35072,battlezone98redux.exe!sub_7783d0,battlezone98redux.exe,12,0.0804,14925,19.999
fourteam_move_postfix,35072,battlezone98redux.exe!sub_464610,battlezone98redux.exe,12,0.0804,14925,19.999
fourteam_move_postfix,35072,battlezone98redux.exe!sub_785730,battlezone98redux.exe,11,0.0737,14925,19.999
fourteam_move_postfix,35072,RenderSystem_Direct3D11.dll!?uninstall@D3D11Plugin@Ogre@@UAEXXZ+0x51a0,RenderSystem_Direct3D11.dll,11,0.0737,14925,19.999
fourteam_move_postfix,35072,battlezone98redux.exe!sub_440e60,battlezone98redux.exe,11,0.0737,14925,19.999
fourteam_move_postfix,35072,RenderSystem_Direct3D11.dll!?getConstantBuffer@D3D11HLSLProgram@Ogre@@QAEPAUID3D11Buffer@@V?$SharedPtr@VGpuProgramParameters@Ogre@@@2@G@Z+0x1d1,RenderSystem_Direct3D11.dll,11,0.0737,14925,19.999
fourteam_move_postfix,35072,OgreMain.dll!?_detectImplementation@OptimisedUtil@Ogre@@KAPAV12@XZ+0x468a,OgreMain.dll,11,0.0737,14925,19.999
fourteam_move_postfix,35072,battlezone98redux.exe!sub_440210,battlezone98redux.exe,11,0.0737,14925,19.999
fourteam_move_postfix,35072,OgreMain.dll!?determinant@Matrix4@Ogre@@QBEMXZ+0x159,OgreMain.dll,11,0.0737,14925,19.999
fourteam_move_postfix,35072,battlezone98redux.exe!sub_46eaf0,battlezone98redux.exe,11,0.0737,14925,19.999
fourteam_move_postfix,35072,RenderSystem_Direct3D11.dll!?getILayoutByShader@D3D11VertexDeclaration@Ogre@@IAEPAUID3D11InputLayout@@PAVD3D11HLSLProgram@2@PAVVertexBufferBinding@2@@Z+0x5b,RenderSystem_Direct3D11.dll,11,0.0737,14925,19.999
fourteam_move_postfix,35072,RenderSystem_Direct3D11.dll!?getMonitorSequentialNumberFromSwapChain@MonitorInfo@Ogre@@QAEGPAUIDXGISwapChain@@_N@Z+0x2ac4,RenderSystem_Direct3D11.dll,11,0.0737,14925,19.999
fourteam_move_postfix,35072,ntdll.dll!_RtlpGetCodePageData@4+0x5,ntdll.dll,11,0.0737,14925,19.999
fourteam_move_postfix,35072,OgreMain.dll!?touchVertexBufferCopy@HardwareBufferManagerBase@Ogre@@UAEXABVHardwareVertexBufferSharedPtr@2@@Z+0x3d,OgreMain.dll,11,0.0737,14925,19.999
fourteam_move_postfix,35072,battlezone98redux.exe!sub_462630,battlezone98redux.exe,11,0.0737,14925,19.999
fourteam_move_postfix,35072,OgreMain.dll!?ACos@Math@Ogre@@SA?AVRadian@2@M@Z+0xf,OgreMain.dll,11,0.0737,14925,19.999
fourteam_move_postfix,35072,battlezone98redux.exe!sub_45d240,battlezone98redux.exe,11,0.0737,14925,19.999
fourteam_move_postfix,35072,OgreMain.dll!??4GpuSharedParametersUsage@Ogre@@QAEAAV01@ABV01@@Z+0x2785,OgreMain.dll,11,0.0737,14925,19.999
fourteam_move_postfix,35072,RenderSystem_Direct3D11.dll!?_render@D3D11RenderSystem@Ogre@@UAEXABVRenderOperation@2@@Z+0x9a,RenderSystem_Direct3D11.dll,11,0.0737,14925,19.999
fourteam_move_postfix,35072,OgreMain.dll!?getLightAttenuation@AutoParamDataSource@Ogre@@UBE?AVVector4@2@I@Z+0x3e,OgreMain.dll,11,0.0737,14925,19.999
fourteam_move_postfix,35072,OgreMain.dll!?_findVisibleObjects@SceneNode@Ogre@@UAEXPAVCamera@2@PAVRenderQueue@2@PAUVisibleObjectsBoundsInfo@2@_N33@Z+0x35,OgreMain.dll,11,0.0737,14925,19.999
fourteam_move_postfix,35072,OgreMain.dll!?ASin@Math@Ogre@@SA?AVRadian@2@M@Z+0x11,OgreMain.dll,11,0.0737,14925,19.999
fourteam_move_postfix,35072,OgreMain.dll!?_updateBounds@SceneNode@Ogre@@UAEXXZ+0x249,OgreMain.dll,10,0.067,14925,19.999
fourteam_move_postfix,35072,RenderSystem_Direct3D11.dll!?getConstantBuffer@D3D11HLSLProgram@Ogre@@QAEPAUID3D11Buffer@@V?$SharedPtr@VGpuProgramParameters@Ogre@@@2@G@Z+0xe7,RenderSystem_Direct3D11.dll,10,0.067,14925,19.999
fourteam_move_postfix,35072,OgreMain.dll!?update@Light@Ogre@@MBEXXZ,OgreMain.dll,10,0.067,14925,19.999
fourteam_move_postfix,35072,OgreMain.dll!?createTechnique@Material@Ogre@@QAEPAVTechnique@2@XZ+0xb1b,OgreMain.dll,10,0.067,14925,19.999
fourteam_move_postfix,35072,OgreMain.dll!??4GpuSharedParametersUsage@Ogre@@QAEAAV01@ABV01@@Z+0x2737,OgreMain.dll,10,0.067,14925,19.999
fourteam_move_postfix,35072,battlezone98redux.exe!sub_591670,battlezone98redux.exe,10,0.067,14925,19.999
fourteam_move_postfix,35072,OgreMain.dll+0x3942d,OgreMain.dll,10,0.067,14925,19.999
fourteam_move_postfix,35072,ntdll.dll!_ZwWaitForSingleObject@12+0xc,ntdll.dll,10,0.067,14925,19.999
fourteam_move_postfix,35072,OgreMain.dll!??4GpuSharedParametersUsage@Ogre@@QAEAAV01@ABV01@@Z+0x278f,OgreMain.dll,10,0.067,14925,19.999
fourteam_move_postfix,35072,OgreMain.dll+0x2a95,OgreMain.dll,10,0.067,14925,19.999
fourteam_move_postfix,35072,OgreMain.dll!?angleBetween@Vector3@Ogre@@QBE?AVRadian@2@ABV12@@Z+0xcc,OgreMain.dll,10,0.067,14925,19.999
fourteam_move_postfix,35072,OgreMain.dll!?isHardwareAnimationEnabled@Entity@Ogre@@QAE_NXZ+0x8f,OgreMain.dll,10,0.067,14925,19.999
fourteam_move_postfix,35072,OgreMain.dll!?isVisible@Frustum@Ogre@@UBE_NABVAxisAlignedBox@2@PAW4FrustumPlane@2@@Z+0xb0,OgreMain.dll,10,0.067,14925,19.999
fourteam_move_postfix,35072,OgreMain.dll!?createTechnique@Material@Ogre@@QAEPAVTechnique@2@XZ+0xb03,OgreMain.dll,10,0.067,14925,19.999
fourteam_move_postfix,35072,OgreMain.dll!?_findNamedConstantDefinition@GpuProgramParameters@Ogre@@QBEPBUGpuConstantDefinition@2@ABV?$basic_string@DU?$char_traits@D@std@@V?$allocator@D@2@@std@@_N@Z+0xfe,OgreMain.dll,10,0.067,14925,19.999
fourteam_move_postfix,35072,win32u.dll!_NtGdiDdDDISetQueuedLimit@4+0xc,win32u.dll,10,0.067,14925,19.999
fourteam_move_postfix,35072,d3d11.dll+0x35ece,d3d11.dll,10,0.067,14925,19.999
fourteam_move_postfix,35072,OgreMain.dll!?getConstantDefinition@GpuProgramParameters@Ogre@@QBEABUGpuConstantDefinition@2@ABV?$basic_string@DU?$char_traits@D@std@@V?$allocator@D@2@@std@@@Z+0xd2,OgreMain.dll,10,0.067,14925,19.999
fourteam_move_postfix,35072,battlezone98redux.exe!sub_611610,battlezone98redux.exe,10,0.067,14925,19.999
fourteam_move_postfix,35072,MSVCR120.dll!__libm_sse2_acosf+0x104,MSVCR120.dll,10,0.067,14925,19.999
fourteam_move_postfix,35072,battlezone98redux.exe!sub_5faac0,battlezone98redux.exe,10,0.067,14925,19.999
fourteam_move_postfix,35072,OgreMain.dll!?getParameters@GpuProgramUsage@Ogre@@QAE?AV?$SharedPtr@VGpuProgramParameters@Ogre@@@2@XZ+0xff,OgreMain.dll,10,0.067,14925,19.999
fourteam_move_postfix,35072,MSVCR120.dll!__libm_sse2_acosf+0x1f1,MSVCR120.dll,10,0.067,14925,19.999
fourteam_move_postfix,35072,OgreMain.dll!??4GpuSharedParametersUsage@Ogre@@QAEAAV01@ABV01@@Z+0x27b5,OgreMain.dll,10,0.067,14925,19.999
fourteam_move_postfix,35072,OgreMain.dll!?getChildObjectsBoundingBox@Entity@Ogre@@QBE?AVAxisAlignedBox@2@XZ+0xfa,OgreMain.dll,10,0.067,14925,19.999
fourteam_move_postfix,35072,battlezone98redux.exe!sub_5c1b30,battlezone98redux.exe,9,0.0603,14925,19.999
fourteam_move_postfix,35072,battlezone98redux.exe!sub_5b2c30,battlezone98redux.exe,9,0.0603,14925,19.999
fourteam_move_postfix,35072,OgreMain.dll+0x3e42d,OgreMain.dll,9,0.0603,14925,19.999
fourteam_move_postfix,35072,OgreMain.dll!??RlightLess@SceneManager@Ogre@@QBE_NPBVLight@2@0@Z+0x1d,OgreMain.dll,9,0.0603,14925,19.999
fourteam_move_postfix,35072,OgreMain.dll!?_findNamedConstantDefinition@GpuProgramParameters@Ogre@@QBEPBUGpuConstantDefinition@2@ABV?$basic_string@DU?$char_traits@D@std@@V?$allocator@D@2@@std@@_N@Z+0xb8,OgreMain.dll,9,0.0603,14925,19.999
fourteam_move_postfix,35072,ntdll.dll!_RtlAnsiCharToUnicodeChar@4,ntdll.dll,9,0.0603,14925,19.999
fourteam_move_postfix,35072,OgreMain.dll!?angleBetween@Vector3@Ogre@@QBE?AVRadian@2@ABV12@@Z+0xc2,OgreMain.dll,9,0.0603,14925,19.999
fourteam_move_postfix,35072,battlezone98redux.exe!sub_440300,battlezone98redux.exe,9,0.0603,14925,19.999
fourteam_move_postfix,35072,OgreMain.dll!?getFragmentProgramParameters@Pass@Ogre@@QBE?AV?$SharedPtr@VGpuProgramParameters@Ogre@@@2@XZ+0x86,OgreMain.dll,9,0.0603,14925,19.999
fourteam_move_postfix,35072,OgreMain.dll!?getConstantDefinition@GpuProgramParameters@Ogre@@QBEABUGpuConstantDefinition@2@ABV?$basic_string@DU?$char_traits@D@std@@V?$allocator@D@2@@std@@@Z+0xe4,OgreMain.dll,9,0.0603,14925,19.999
fourteam_move_postfix,35072,ntdll.dll!_RtlMultiByteToUnicodeN@20+0x13,ntdll.dll,9,0.0603,14925,19.999
fourteam_move_postfix,35072,OgreMain.dll!??4GpuSharedParametersUsage@Ogre@@QAEAAV01@ABV01@@Z+0x2749,OgreMain.dll,9,0.0603,14925,19.999
fourteam_move_postfix,35072,OgreMain.dll!?_calcTempSquareDist@Light@Ogre@@QAEXABVVector3@2@@Z+0x25,OgreMain.dll,9,0.0603,14925,19.999
fourteam_move_postfix,35072,OgreMain.dll!?ACos@Math@Ogre@@SA?AVRadian@2@M@Z+0x11,OgreMain.dll,9,0.0603,14925,19.999
fourteam_move_postfix,35072,ntdll.dll!_RtlEnterCriticalSection@4+0x25,ntdll.dll,9,0.0603,14925,19.999
fourteam_move_postfix,35072,ntdll.dll!__fputwc_nolock+0x2e,ntdll.dll,9,0.0603,14925,19.999
fourteam_move_postfix,35072,ntdll.dll!_RtlpLfhFindClearBitAndSet@16+0x13,ntdll.dll,9,0.0603,14925,19.999
fourteam_move_postfix,35072,OgreMain.dll!?getHasInstanceData@VertexBufferBinding@Ogre@@UBE_NXZ+0x45,OgreMain.dll,9,0.0603,14925,19.999
fourteam_move_postfix,35072,MSVCR120.dll!__libm_sse2_acosf+0xe4,MSVCR120.dll,9,0.0603,14925,19.999
fourteam_move_postfix,35072,OgreMain.dll+0x2f8e2,OgreMain.dll,9,0.0603,14925,19.999
fourteam_move_postfix,35072,OgreMain.dll!?_writeRawConstant@GpuProgramParameters@Ogre@@QAEXIABVVector4@2@I@Z+0x27,OgreMain.dll,9,0.0603,14925,19.999
fourteam_move_postfix,35072,d3d11.dll+0x35ec1,d3d11.dll,9,0.0603,14925,19.999
fourteam_move_postfix,35072,ntdll.dll!_LdrpFindLoadedDllByNameLockHeld@20+0x45,ntdll.dll,9,0.0603,14925,19.999
fourteam_move_postfix,35072,OgreMain.dll!?_notifyCurrentCamera@Entity@Ogre@@UAEXPAVCamera@2@@Z+0x109,OgreMain.dll,9,0.0603,14925,19.999
fourteam_move_postfix,35072,OgreMain.dll!??4GpuSharedParametersUsage@Ogre@@QAEAAV01@ABV01@@Z+0x26f9,OgreMain.dll,9,0.0603,14925,19.999
fourteam_move_postfix,35072,OgreMain.dll!?isTransparentSortingForced@Technique@Ogre@@QBE_NXZ+0xc,OgreMain.dll,9,0.0603,14925,19.999
fourteam_move_postfix,35072,OgreMain.dll!?isFloat@GpuConstantDefinition@Ogre@@SA_NW4GpuConstantType@2@@Z+0x1a,OgreMain.dll,8,0.0536,14925,19.999
fourteam_move_postfix,35072,d3d11.dll+0x30d77,d3d11.dll,8,0.0536,14925,19.999
fourteam_move_postfix,35072,win32u.dll!_NtGdiDdDDIGetDeviceState@4+0xc,win32u.dll,8,0.0536,14925,19.999
fourteam_move_postfix,35072,RenderSystem_Direct3D11.dll!?getMonitorSequentialNumberFromSwapChain@MonitorInfo@Ogre@@QAEGPAUIDXGISwapChain@@_N@Z+0x2ab9,RenderSystem_Direct3D11.dll,8,0.0536,14925,19.999
fourteam_move_postfix,35072,battlezone98redux.exe!FID_conflict:begin,battlezone98redux.exe,8,0.0536,14925,19.999
fourteam_move_postfix,35072,OgreMain.dll!?setVisible@MovableObject@Ogre@@UAEX_N@Z+0x25,OgreMain.dll,8,0.0536,14925,19.999
fourteam_move_postfix,35072,OgreMain.dll!?updateAnimation@Entity@Ogre@@IAEXXZ+0x10f,OgreMain.dll,8,0.0536,14925,19.999
fourteam_move_postfix,35072,OgreMain.dll!?useLightsGpuProgram@SceneManager@Ogre@@MAEXPBVPass@2@PBV?$HashedVector@PAVLight@Ogre@@@2@@Z+0x8,OgreMain.dll,8,0.0536,14925,19.999
fourteam_move_postfix,35072,OgreMain.dll!?angleBetween@Vector3@Ogre@@QBE?AVRadian@2@ABV12@@Z+0xb3,OgreMain.dll,8,0.0536,14925,19.999
fourteam_move_postfix,35072,OgreMain.dll!?_updateAutoParams@GpuProgramParameters@Ogre@@QAEXPBVAutoParamDataSource@2@G@Z+0x84,OgreMain.dll,8,0.0536,14925,19.999
fourteam_move_postfix,35072,OgreMain.dll!?clone@Animation@Ogre@@QBEPAV12@ABV?$basic_string@DU?$char_traits@D@std@@V?$allocator@D@2@@std@@@Z+0x2c6,OgreMain.dll,8,0.0536,14925,19.999
fourteam_move_postfix,35072,OgreMain.dll!?getLightDiffuseColourWithPower@AutoParamDataSource@Ogre@@UBE?BVColourValue@2@I@Z+0x3a,OgreMain.dll,8,0.0536,14925,19.999
fourteam_move_postfix,35072,win32u.dll!_NtUserSetCursor@4+0xc,win32u.dll,8,0.0536,14925,19.999
fourteam_move_postfix,35072,OgreMain.dll!?getConstantDefinition@GpuProgramParameters@Ogre@@QBEABUGpuConstantDefinition@2@ABV?$basic_string@DU?$char_traits@D@std@@V?$allocator@D@2@@std@@@Z+0xcf,OgreMain.dll,8,0.0536,14925,19.999
fourteam_move_postfix,35072,battlezone98redux.exe!sub_5b2bd0,battlezone98redux.exe,8,0.0536,14925,19.999
fourteam_move_postfix,35072,OgreMain.dll!?getLight@AutoParamDataSource@Ogre@@IBEABVLight@2@I@Z+0x11,OgreMain.dll,8,0.0536,14925,19.999
fourteam_move_postfix,35072,OgreMain.dll!?normalise@Vector3@Ogre@@QAEMXZ+0x33,OgreMain.dll,8,0.0536,14925,19.999
fourteam_move_postfix,35072,battlezone98redux.exe!sub_4178f0,battlezone98redux.exe,8,0.0536,14925,19.999
fourteam_move_postfix,35072,OgreMain.dll!?createTechnique@Material@Ogre@@QAEPAVTechnique@2@XZ+0xa2c,OgreMain.dll,8,0.0536,14925,19.999
fourteam_move_postfix,35072,battlezone98redux.exe!sub_4db600,battlezone98redux.exe,8,0.0536,14925,19.999
fourteam_move_postfix,35072,battlezone98redux.exe!sub_44b7d0,battlezone98redux.exe,8,0.0536,14925,19.999
fourteam_move_postfix,35072,OgreMain.dll+0x33460,OgreMain.dll,8,0.0536,14925,19.999
fourteam_move_postfix,35072,OgreMain.dll!?_updateAutoParams@GpuProgramParameters@Ogre@@QAEXPBVAutoParamDataSource@2@G@Z+0x1f0c,OgreMain.dll,8,0.0536,14925,19.999
fourteam_move_postfix,35072,ntdll.dll!__aulldvrm+0x2f,ntdll.dll,8,0.0536,14925,19.999
fourteam_move_postfix,35072,OgreMain.dll!?_findVisibleObjects@SceneNode@Ogre@@UAEXPAVCamera@2@PAVRenderQueue@2@PAUVisibleObjectsBoundsInfo@2@_N33@Z+0x53,OgreMain.dll,8,0.0536,14925,19.999
fourteam_move_postfix,35072,MSVCR120.dll!__libm_sse2_acosf+0x18e,MSVCR120.dll,8,0.0536,14925,19.999
fourteam_move_postfix,35072,OgreMain.dll!??4GpuSharedParametersUsage@Ogre@@QAEAAV01@ABV01@@Z+0x2718,OgreMain.dll,8,0.0536,14925,19.999
fourteam_move_postfix,35072,OgreMain.dll!?updateFromParentImpl@SceneNode@Ogre@@MBEXXZ+0x18,OgreMain.dll,8,0.0536,14925,19.999
fourteam_move_postfix,35072,battlezone98redux.exe!sub_417780,battlezone98redux.exe,8,0.0536,14925,19.999
fourteam_move_postfix,35072,OgreMain.dll+0x13f52,OgreMain.dll,8,0.0536,14925,19.999
fourteam_move_postfix,35072,battlezone98redux.exe!sub_5e0f70,battlezone98redux.exe,8,0.0536,14925,19.999
fourteam_move_postfix,35072,OgreMain.dll!?updateFrustum@Frustum@Ogre@@MBEXXZ+0x1d,OgreMain.dll,8,0.0536,14925,19.999
fourteam_move_postfix,35072,MSVCR120.dll!__libm_sse2_acosf+0xec,MSVCR120.dll,8,0.0536,14925,19.999
fourteam_move_postfix,35072,battlezone98redux.exe!sub_4ab380,battlezone98redux.exe,8,0.0536,14925,19.999
fourteam_move_postfix,35072,ntdll.dll!_RtlAnsiCharToUnicodeChar@4+0x9d,ntdll.dll,8,0.0536,14925,19.999
fourteam_move_postfix,35072,OgreMain.dll!?renderSingleObject@SceneManager@Ogre@@MAEXPAVRenderable@2@PBVPass@2@_N2PBV?$HashedVector@PAVLight@Ogre@@@2@@Z+0x64,OgreMain.dll,8,0.0536,14925,19.999
fourteam_move_postfix,35072,MSVCR120.dll!memcpy+0x57,MSVCR120.dll,8,0.0536,14925,19.999
fourteam_move_postfix,35072,OgreMain.dll!??4GpuSharedParametersUsage@Ogre@@QAEAAV01@ABV01@@Z+0x2744,OgreMain.dll,8,0.0536,14925,19.999
fourteam_move_postfix,35072,OgreMain.dll!?_issueRenderOp@SceneManager@Ogre@@UAEXPAVRenderable@2@PBVPass@2@@Z+0x1a,OgreMain.dll,8,0.0536,14925,19.999
fourteam_move_postfix,35072,RenderSystem_Direct3D11.dll!?uninstall@D3D11Plugin@Ogre@@UAEXXZ+0x50e2,RenderSystem_Direct3D11.dll,8,0.0536,14925,19.999
fourteam_move_postfix,35072,RenderSystem_Direct3D11.dll!?getConstantBuffer@D3D11HLSLProgram@Ogre@@QAEPAUID3D11Buffer@@V?$SharedPtr@VGpuProgramParameters@Ogre@@@2@G@Z+0x4d,RenderSystem_Direct3D11.dll,8,0.0536,14925,19.999
fourteam_move_postfix,35072,OgreMain.dll!?getSide@Plane@Ogre@@QBE?AW4Side@12@ABVVector3@2@0@Z+0x4f,OgreMain.dll,8,0.0536,14925,19.999
fourteam_move_postfix,35072,d3d11.dll!CreateDirect3D11DeviceFromDXGIDevice+0x9da48,d3d11.dll,8,0.0536,14925,19.999
fourteam_move_postfix,35072,battlezone98redux.exe!sub_83e885,battlezone98redux.exe,8,0.0536,14925,19.999
fourteam_move_postfix,35072,RenderSystem_Direct3D11.dll!?getConstantBuffer@D3D11HLSLProgram@Ogre@@QAEPAUID3D11Buffer@@V?$SharedPtr@VGpuProgramParameters@Ogre@@@2@G@Z+0x9a,RenderSystem_Direct3D11.dll,8,0.0536,14925,19.999
fourteam_move_postfix,35072,battlezone98redux.exe!sub_440000,battlezone98redux.exe,8,0.0536,14925,19.999
fourteam_move_postfix,35072,OgreMain.dll!??4GpuSharedParametersUsage@Ogre@@QAEAAV01@ABV01@@Z+0x2723,OgreMain.dll,8,0.0536,14925,19.999
fourteam_move_postfix,35072,battlezone98redux.exe!sub_601cf0,battlezone98redux.exe,7,0.0469,14925,19.999
fourteam_move_postfix,35072,battlezone98redux.exe!sub_4aa1d0,battlezone98redux.exe,7,0.0469,14925,19.999
fourteam_move_postfix,35072,OgreMain.dll!?RealEqual@Math@Ogre@@SA_NMMM@Z+0x1f,OgreMain.dll,7,0.0469,14925,19.999
fourteam_move_postfix,35072,OgreMain.dll!?clone@Animation@Ogre@@QBEPAV12@ABV?$basic_string@DU?$char_traits@D@std@@V?$allocator@D@2@@std@@@Z+0x2e2,OgreMain.dll,7,0.0469,14925,19.999
fourteam_move_postfix,35072,battlezone98redux.exe!sub_679f10,battlezone98redux.exe,7,0.0469,14925,19.999
fourteam_move_postfix,35072,OgreMain.dll!?_updateAutoParams@GpuProgramParameters@Ogre@@QAEXPBVAutoParamDataSource@2@G@Z+0x1e5c,OgreMain.dll,7,0.0469,14925,19.999
fourteam_move_postfix,35072,OgreMain.dll!?merge@VisibleObjectsBoundsInfo@Ogre@@QAEXABVAxisAlignedBox@2@ABVSphere@2@PBVCamera@2@_N@Z+0x11d,OgreMain.dll,7,0.0469,14925,19.999
fourteam_move_postfix,35072,battlezone98redux.exe!sub_5b2950,battlezone98redux.exe,7,0.0469,14925,19.999
fourteam_move_postfix,35072,battlezone98redux.exe!sub_46ae20,battlezone98redux.exe,7,0.0469,14925,19.999
fourteam_move_postfix,35072,ntdll.dll!_RtlAnsiCharToUnicodeChar@4+0x8f,ntdll.dll,7,0.0469,14925,19.999
fourteam_move_postfix,35072,OgreMain.dll!?_writeRawConstants@GpuProgramParameters@Ogre@@QAEXIPBMI@Z+0x1c,OgreMain.dll,7,0.0469,14925,19.999
fourteam_move_postfix,35072,OgreMain.dll!?FastHash@Ogre@@YAIPBDHI@Z+0x6,OgreMain.dll,7,0.0469,14925,19.999
fourteam_move_postfix,35072,OgreMain.dll!?_populateLightList@SceneManager@Ogre@@UAEXABVVector3@2@MAAV?$HashedVector@PAVLight@Ogre@@@2@I@Z+0x140,OgreMain.dll,7,0.0469,14925,19.999
fourteam_move_postfix,35072,OgreMain.dll!?FastHash@Ogre@@YAIPBDHI@Z+0xb0,OgreMain.dll,7,0.0469,14925,19.999
fourteam_move_postfix,35072,OgreMain.dll!?_populateLightList@SceneManager@Ogre@@UAEXABVVector3@2@MAAV?$HashedVector@PAVLight@Ogre@@@2@I@Z+0xb5,OgreMain.dll,7,0.0469,14925,19.999
fourteam_move_postfix,35072,RenderSystem_Direct3D11.dll!?getConstantBuffer@D3D11HLSLProgram@Ogre@@QAEPAUID3D11Buffer@@V?$SharedPtr@VGpuProgramParameters@Ogre@@@2@G@Z+0x141,RenderSystem_Direct3D11.dll,7,0.0469,14925,19.999
fourteam_move_postfix,35072,ntdll.dll!_ZwRemoveIoCompletion@20+0xc,ntdll.dll,7,0.0469,14925,19.999
fourteam_move_postfix,35072,ntdll.dll!_RtlpLocalInfoAllocFromCache@8+0x36,ntdll.dll,7,0.0469,14925,19.999
fourteam_move_postfix,35072,OgreMain.dll!?getQueueGroup@RenderQueue@Ogre@@QAEPAVRenderQueueGroup@2@E@Z+0x52,OgreMain.dll,7,0.0469,14925,19.999
fourteam_move_postfix,35072,OgreMain.dll!?angleBetween@Vector3@Ogre@@QBE?AVRadian@2@ABV12@@Z+0x4d,OgreMain.dll,7,0.0469,14925,19.999
fourteam_move_postfix,35072,ntdll.dll!__fputwc_nolock+0x2,ntdll.dll,7,0.0469,14925,19.999
fourteam_move_postfix,35072,OgreMain.dll!?_getRenderOperation@SubMesh@Ogre@@QAEXAAVRenderOperation@2@G@Z+0x2c,OgreMain.dll,7,0.0469,14925,19.999
fourteam_move_postfix,35072,OgreMain.dll!?isFloat@GpuConstantDefinition@Ogre@@SA_NW4GpuConstantType@2@@Z,OgreMain.dll,7,0.0469,14925,19.999
fourteam_move_postfix,35072,OgreMain.dll!?RealEqual@Math@Ogre@@SA_NMMM@Z+0xd,OgreMain.dll,7,0.0469,14925,19.999
fourteam_move_postfix,35072,MSVCR120.dll!floor+0x9c,MSVCR120.dll,7,0.0469,14925,19.999
fourteam_move_postfix,35072,OgreMain.dll+0x32515,OgreMain.dll,7,0.0469,14925,19.999
fourteam_move_postfix,35072,MSVCR120.dll!memcpy,MSVCR120.dll,7,0.0469,14925,19.999
fourteam_move_postfix,35072,OgreMain.dll!?ASin@Math@Ogre@@SA?AVRadian@2@M@Z+0x8,OgreMain.dll,7,0.0469,14925,19.999
fourteam_move_postfix,35072,ntdll.dll!_RtlAnsiCharToUnicodeChar@4+0x84,ntdll.dll,7,0.0469,14925,19.999
fourteam_move_postfix,35072,ntdll.dll!_ZwDuplicateObject@28+0xc,ntdll.dll,7,0.0469,14925,19.999
fourteam_move_postfix,35072,OgreMain.dll!?isInLightRange@Light@Ogre@@QBE_NABVSphere@2@@Z+0x4e,OgreMain.dll,7,0.0469,14925,19.999
fourteam_move_postfix,35072,RenderSystem_Direct3D11.dll+0x2554,RenderSystem_Direct3D11.dll,7,0.0469,14925,19.999
fourteam_move_postfix,35072,OgreMain.dll!?_calcTempSquareDist@Light@Ogre@@QAEXABVVector3@2@@Z+0x28,OgreMain.dll,7,0.0469,14925,19.999
fourteam_move_postfix,35072,OgreMain.dll!?createTechnique@Material@Ogre@@QAEPAVTechnique@2@XZ+0xa1f,OgreMain.dll,7,0.0469,14925,19.999
fourteam_move_postfix,35072,nvwgf2um.dll!OpenAdapter10+0x72c10,nvwgf2um.dll,7,0.0469,14925,19.999
fourteam_move_postfix,35072,OgreMain.dll+0x17bb6,OgreMain.dll,7,0.0469,14925,19.999
fourteam_move_postfix,35072,ntdll.dll!_memset+0x47,ntdll.dll,7,0.0469,14925,19.999
fourteam_move_postfix,35072,d3d11.dll!CreateDirect3D11DeviceFromDXGIDevice+0xbc64c,d3d11.dll,7,0.0469,14925,19.999
fourteam_move_postfix,35072,d3d11.dll+0x35ebe,d3d11.dll,7,0.0469,14925,19.999
fourteam_move_postfix,35072,nvwgf2um.dll!NVENCODEAPI_Thunk+0x217c95,nvwgf2um.dll,6,0.0402,14925,19.999
fourteam_move_postfix,35072,battlezone98redux.exe!sub_42de70,battlezone98redux.exe,6,0.0402,14925,19.999
fourteam_move_postfix,35072,OgreMain.dll!?createTechnique@Material@Ogre@@QAEPAVTechnique@2@XZ+0xa23,OgreMain.dll,6,0.0402,14925,19.999
fourteam_move_postfix,35072,OgreMain.dll!?_populateLightList@SceneManager@Ogre@@UAEXABVVector3@2@MAAV?$HashedVector@PAVLight@Ogre@@@2@I@Z+0x147,OgreMain.dll,6,0.0402,14925,19.999
fourteam_move_postfix,35072,RenderSystem_Direct3D11.dll!?getMonitorSequentialNumberFromSwapChain@MonitorInfo@Ogre@@QAEGPAUIDXGISwapChain@@_N@Z+0x1244,RenderSystem_Direct3D11.dll,6,0.0402,14925,19.999
fourteam_move_postfix,35072,OgreMain.dll!?inverseAffine@Matrix4@Ogre@@QBE?AV12@XZ+0x85,OgreMain.dll,6,0.0402,14925,19.999
fourteam_move_postfix,35072,OgreMain.dll!?isInLightRange@Light@Ogre@@QBE_NABVSphere@2@@Z+0x9f,OgreMain.dll,6,0.0402,14925,19.999
fourteam_move_postfix,35072,battlezone98redux.exe!sub_4ea300,battlezone98redux.exe,6,0.0402,14925,19.999
fourteam_move_postfix,35072,battlezone98redux.exe!sub_447ed0,battlezone98redux.exe,6,0.0402,14925,19.999
fourteam_move_postfix,35072,battlezone98redux.exe!sub_6210a0,battlezone98redux.exe,6,0.0402,14925,19.999
fourteam_move_postfix,35072,OgreMain.dll!?isFloat@GpuConstantDefinition@Ogre@@SA_NW4GpuConstantType@2@@Z+0x6,OgreMain.dll,6,0.0402,14925,19.999
fourteam_move_postfix,35072,OgreMain.dll!?getDerivedPosition@Light@Ogre@@QBEABVVector3@2@_N@Z+0x29,OgreMain.dll,6,0.0402,14925,19.999
fourteam_move_postfix,35072,ntdll.dll!__woutput_l+0x86b,ntdll.dll,6,0.0402,14925,19.999
fourteam_move_postfix,35072,OgreMain.dll!?getTransparentSortingForced@Pass@Ogre@@QBE_NXZ+0x6,OgreMain.dll,6,0.0402,14925,19.999
fourteam_move_postfix,35072,ntdll.dll!_mbtowc+0x36,ntdll.dll,6,0.0402,14925,19.999
fourteam_move_postfix,35072,battlezone98redux.exe!sub_4aeb80,battlezone98redux.exe,6,0.0402,14925,19.999
fourteam_move_postfix,35072,OgreMain.dll!?getAttenuationRange@Light@Ogre@@QBEMXZ+0x6,OgreMain.dll,6,0.0402,14925,19.999
fourteam_move_postfix,35072,battlezone98redux.exe!sub_421f70,battlezone98redux.exe,6,0.0402,14925,19.999
fourteam_move_postfix,35072,ntdll.dll!_RtlCustomCPToUnicodeN@24+0x43,ntdll.dll,6,0.0402,14925,19.999
fourteam_move_postfix,35072,OgreMain.dll!?getSide@Plane@Ogre@@QBE?AW4Side@12@ABVVector3@2@0@Z+0x63,OgreMain.dll,6,0.0402,14925,19.999
fourteam_move_postfix,35072,battlezone98redux.exe!sub_679d70,battlezone98redux.exe,6,0.0402,14925,19.999
fourteam_move_postfix,35072,OgreMain.dll!?waitForNextRequest@DefaultWorkQueue@Ogre@@MAEXXZ+0x11ce5e,OgreMain.dll,6,0.0402,14925,19.999
fourteam_move_postfix,35072,OgreMain.dll!??4GpuSharedParametersUsage@Ogre@@QAEAAV01@ABV01@@Z+0x2700,OgreMain.dll,6,0.0402,14925,19.999
fourteam_move_postfix,35072,d3d11.dll!CreateDirect3D11DeviceFromDXGIDevice+0xa20c1,d3d11.dll,6,0.0402,14925,19.999
fourteam_move_postfix,35072,OgreMain.dll!?_findVisibleObjects@SceneNode@Ogre@@UAEXPAVCamera@2@PAVRenderQueue@2@PAUVisibleObjectsBoundsInfo@2@_N33@Z+0x20,OgreMain.dll,6,0.0402,14925,19.999
fourteam_move_postfix,35072,ntdll.dll!write_string+0xd,ntdll.dll,6,0.0402,14925,19.999
fourteam_move_postfix,35072,battlezone98redux.exe!sub_4462d0,battlezone98redux.exe,6,0.0402,14925,19.999
fourteam_move_postfix,35072,OgreMain.dll!?isInLightRange@Light@Ogre@@QBE_NABVSphere@2@@Z+0x6,OgreMain.dll,6,0.0402,14925,19.999
fourteam_move_postfix,35072,d3d11.dll!CreateDirect3D11DeviceFromDXGIDevice+0xbc500,d3d11.dll,6,0.0402,14925,19.999
fourteam_move_postfix,35072,OgreMain.dll!?buffersCheckedOut@TempBlendedBufferInfo@Ogre@@QBE_N_N0@Z+0x32,OgreMain.dll,6,0.0402,14925,19.999
fourteam_move_postfix,35072,battlezone98redux.exe!sub_5b26e0,battlezone98redux.exe,6,0.0402,14925,19.999
fourteam_move_postfix,35072,OgreMain.dll!?_detectImplementation@OptimisedUtil@Ogre@@KAPAV12@XZ+0x4651,OgreMain.dll,6,0.0402,14925,19.999
fourteam_move_postfix,35072,d3d11.dll!CreateDirect3D11DeviceFromDXGIDevice+0x9da45,d3d11.dll,6,0.0402,14925,19.999
fourteam_move_postfix,35072,battlezone98redux.exe!sub_417f60,battlezone98redux.exe,6,0.0402,14925,19.999
fourteam_move_postfix,35072,OgreMain.dll+0x3db86,OgreMain.dll,6,0.0402,14925,19.999
fourteam_move_postfix,35072,OgreMain.dll!?angleBetween@Vector3@Ogre@@QBE?AVRadian@2@ABV12@@Z+0x6e,OgreMain.dll,6,0.0402,14925,19.999
fourteam_move_postfix,35072,OgreMain.dll!??4GpuSharedParametersUsage@Ogre@@QAEAAV01@ABV01@@Z+0x27ae,OgreMain.dll,6,0.0402,14925,19.999
fourteam_move_postfix,35072,OgreMain.dll+0x2b620,OgreMain.dll,6,0.0402,14925,19.999
fourteam_move_postfix,35072,battlezone98redux.exe!sub_4588c0,battlezone98redux.exe,6,0.0402,14925,19.999
fourteam_move_postfix,35072,battlezone98redux.exe!sub_447f60,battlezone98redux.exe,6,0.0402,14925,19.999
fourteam_move_postfix,35072,RenderSystem_Direct3D11.dll!?_setTexture@D3D11RenderSystem@Ogre@@UAEXI_NABV?$SharedPtr@VTexture@Ogre@@@2@@Z+0x94,RenderSystem_Direct3D11.dll,6,0.0402,14925,19.999
fourteam_move_postfix,35072,OgreMain.dll+0x41fb,OgreMain.dll,6,0.0402,14925,19.999
fourteam_move_postfix,35072,OgreMain.dll!?_calcTempSquareDist@Light@Ogre@@QAEXABVVector3@2@@Z+0x4c,OgreMain.dll,6,0.0402,14925,19.999
fourteam_move_postfix,35072,ntdll.dll!__fputwc_nolock+0x31,ntdll.dll,6,0.0402,14925,19.999
fourteam_move_postfix,35072,ntdll.dll!_mbtowc+0x39,ntdll.dll,6,0.0402,14925,19.999
fourteam_move_postfix,35072,win32u.dll!_NtNotifyPresentToCompositionSurface@8+0xc,win32u.dll,6,0.0402,14925,19.999
fourteam_move_postfix,35072,battlezone98redux.exe!sub_5fb770,battlezone98redux.exe,6,0.0402,14925,19.999
fourteam_move_postfix,35072,battlezone98redux.exe!sub_5e1310,battlezone98redux.exe,6,0.0402,14925,19.999
fourteam_move_postfix,35072,ntdll.dll!__woutput_l+0x884,ntdll.dll,6,0.0402,14925,19.999
fourteam_move_postfix,35072,OgreMain.dll!?_detectImplementation@OptimisedUtil@Ogre@@KAPAV12@XZ+0x4599,OgreMain.dll,6,0.0402,14925,19.999
fourteam_move_postfix,35072,battlezone98redux.exe!sub_445d90,battlezone98redux.exe,6,0.0402,14925,19.999
fourteam_move_postfix,35072,ntdll.dll!_RtlCustomCPToUnicodeN@24+0xc,ntdll.dll,6,0.0402,14925,19.999
fourteam_move_postfix,35072,OgreMain.dll!?_findNamedConstantDefinition@GpuProgramParameters@Ogre@@QBEPBUGpuConstantDefinition@2@ABV?$basic_string@DU?$char_traits@D@std@@V?$allocator@D@2@@std@@_N@Z+0x3,OgreMain.dll,6,0.0402,14925,19.999
fourteam_move_postfix,35072,OgreMain.dll!??4GpuSharedParametersUsage@Ogre@@QAEAAV01@ABV01@@Z+0x2758,OgreMain.dll,6,0.0402,14925,19.999
fourteam_move_postfix,35072,OgreMain.dll!?determinant@Matrix4@Ogre@@QBEMXZ+0xc3,OgreMain.dll,6,0.0402,14925,19.999
fourteam_move_postfix,35072,RenderSystem_Direct3D11.dll!?uninstall@D3D11Plugin@Ogre@@UAEXXZ+0x624e,RenderSystem_Direct3D11.dll,6,0.0402,14925,19.999
fourteam_move_postfix,35072,OgreMain.dll!?_getFullTransform@Node@Ogre@@UBEABVMatrix4@2@XZ+0x1,OgreMain.dll,6,0.0402,14925,19.999
fourteam_move_postfix,35072,OgreMain.dll!?getTechnique@SubEntity@Ogre@@UBEPAVTechnique@2@XZ,OgreMain.dll,6,0.0402,14925,19.999
fourteam_move_postfix,35072,d3d11.dll!CreateDirect3D11DeviceFromDXGIDevice+0xa204b,d3d11.dll,6,0.0402,14925,19.999
fourteam_move_postfix,35072,battlezone98redux.exe!sub_45bbc0,battlezone98redux.exe,6,0.0402,14925,19.999
fourteam_move_postfix,35072,MSVCR120.dll!__libm_sse2_acosf+0x1e,MSVCR120.dll,6,0.0402,14925,19.999
fourteam_move_postfix,35072,OgreMain.dll!?_findNamedConstantDefinition@GpuProgramParameters@Ogre@@QBEPBUGpuConstantDefinition@2@ABV?$basic_string@DU?$char_traits@D@std@@V?$allocator@D@2@@std@@_N@Z+0xba,OgreMain.dll,6,0.0402,14925,19.999
fourteam_move_postfix,35072,battlezone98redux.exe!sub_4deaa0,battlezone98redux.exe,6,0.0402,14925,19.999
fourteam_move_postfix,35072,battlezone98redux.exe!sub_420f10,battlezone98redux.exe,6,0.0402,14925,19.999
fourteam_move_postfix,35072,MSVCR120.dll!__libm_sse2_asinf+0x9c,MSVCR120.dll,5,0.0335,14925,19.999
fourteam_move_postfix,35072,OgreMain.dll+0x1e6a,OgreMain.dll,5,0.0335,14925,19.999
fourteam_move_postfix,35072,ntdll.dll!_RtlLeaveCriticalSection@4+0x2e,ntdll.dll,5,0.0335,14925,19.999
fourteam_move_postfix,35072,OgreMain.dll!?getMaterial@SubEntity@Ogre@@UBEABV?$SharedPtr@VMaterial@Ogre@@@2@XZ,OgreMain.dll,5,0.0335,14925,19.999
fourteam_move_postfix,35072,OgreMain.dll+0x3a468,OgreMain.dll,5,0.0335,14925,19.999
fourteam_move_postfix,35072,KERNEL32.DLL!GetCurrentThreadId+0x6,KERNEL32.DLL,5,0.0335,14925,19.999
fourteam_move_postfix,35072,MSVCR120.dll!_memccpy+0xbc,MSVCR120.dll,5,0.0335,14925,19.999
fourteam_move_postfix,35072,OgreMain.dll+0x1fc30,OgreMain.dll,5,0.0335,14925,19.999
fourteam_move_postfix,35072,OgreMain.dll!?getConstantDefinition@GpuProgramParameters@Ogre@@QBEABUGpuConstantDefinition@2@ABV?$basic_string@DU?$char_traits@D@std@@V?$allocator@D@2@@std@@@Z+0x17,OgreMain.dll,5,0.0335,14925,19.999
fourteam_move_postfix,35072,OgreMain.dll!?unlock@HardwareBuffer@Ogre@@UAEXXZ+0x1,OgreMain.dll,5,0.0335,14925,19.999
fourteam_move_postfix,35072,RenderSystem_Direct3D11.dll!?setVertexBufferBinding@D3D11RenderSystem@Ogre@@UAEXPAVVertexBufferBinding@2@@Z+0x118,RenderSystem_Direct3D11.dll,5,0.0335,14925,19.999
fourteam_move_postfix,35072,MSVCR120.dll!floor,MSVCR120.dll,5,0.0335,14925,19.999
fourteam_move_postfix,35072,MSVCR120.dll!floor+0x10,MSVCR120.dll,5,0.0335,14925,19.999
fourteam_move_postfix,35072,OgreMain.dll!?_findNamedConstantDefinition@GpuProgramParameters@Ogre@@QBEPBUGpuConstantDefinition@2@ABV?$basic_string@DU?$char_traits@D@std@@V?$allocator@D@2@@std@@_N@Z+0xd2,OgreMain.dll,5,0.0335,14925,19.999
fourteam_move_postfix,35072,battlezone98redux.exe!sub_5bc640,battlezone98redux.exe,5,0.0335,14925,19.999
fourteam_move_postfix,35072,d3d11.dll+0x30d65,d3d11.dll,5,0.0335,14925,19.999
fourteam_move_postfix,35072,d3d11.dll!CreateDirect3D11DeviceFromDXGIDevice+0x9abe3,d3d11.dll,5,0.0335,14925,19.999
fourteam_move_postfix,35072,OgreMain.dll!?createTechnique@Material@Ogre@@QAEPAVTechnique@2@XZ+0xaf6,OgreMain.dll,5,0.0335,14925,19.999
fourteam_move_postfix,35072,ntdll.dll!__woutput_l+0xe0,ntdll.dll,5,0.0335,14925,19.999
fourteam_move_postfix,35072,OgreMain.dll!?_findNamedConstantDefinition@GpuProgramParameters@Ogre@@QBEPBUGpuConstantDefinition@2@ABV?$basic_string@DU?$char_traits@D@std@@V?$allocator@D@2@@std@@_N@Z+0x1af,OgreMain.dll,5,0.0335,14925,19.999
fourteam_move_postfix,35072,d3d11.dll!CreateDirect3D11DeviceFromDXGIDevice+0x9f257,d3d11.dll,5,0.0335,14925,19.999
fourteam_move_postfix,35072,OgreMain.dll!?setCurrentRenderable@AutoParamDataSource@Ogre@@UAEXPBVRenderable@2@@Z+0x5b,OgreMain.dll,5,0.0335,14925,19.999
fourteam_move_postfix,35072,OgreMain.dll!?_updateAutoParams@Pass@Ogre@@QBEXPBVAutoParamDataSource@2@G@Z+0x11c,OgreMain.dll,5,0.0335,14925,19.999
fourteam_move_postfix,35072,MSVCR120.dll!__libm_sse2_asinf+0x3e,MSVCR120.dll,5,0.0335,14925,19.999
fourteam_move_postfix,35072,OgreMain.dll!?_updateAutoParams@GpuProgramParameters@Ogre@@QAEXPBVAutoParamDataSource@2@G@Z+0x1e50,OgreMain.dll,5,0.0335,14925,19.999
fourteam_move_postfix,35072,OgreMain.dll!?_detectImplementation@OptimisedUtil@Ogre@@KAPAV12@XZ+0x464e,OgreMain.dll,5,0.0335,14925,19.999
fourteam_move_postfix,35072,OgreMain.dll!?touchVertexBufferCopy@HardwareBufferManagerBase@Ogre@@UAEXABVHardwareVertexBufferSharedPtr@2@@Z+0x41,OgreMain.dll,5,0.0335,14925,19.999
fourteam_move_postfix,35072,nvwgf2um.dll!NVENCODEAPI_Thunk+0x217652,nvwgf2um.dll,5,0.0335,14925,19.999
fourteam_move_postfix,35072,battlezone98redux.exe!sub_438c10,battlezone98redux.exe,5,0.0335,14925,19.999
fourteam_move_postfix,35072,d3d11.dll!CreateDirect3D11DeviceFromDXGIDevice+0x603ff,d3d11.dll,5,0.0335,14925,19.999
fourteam_move_postfix,35072,ntdll.dll!__woutput_l+0x870,ntdll.dll,5,0.0335,14925,19.999
fourteam_move_postfix,35072,MSVCR120.dll!__libm_sse2_acosf+0x124,MSVCR120.dll,5,0.0335,14925,19.999
fourteam_move_postfix,35072,ntdll.dll!_RtlpGetCodePageData@4+0x18,ntdll.dll,5,0.0335,14925,19.999
fourteam_move_postfix,35072,d3d11.dll!CreateDirect3D11DeviceFromDXGIDevice+0xbc587,d3d11.dll,5,0.0335,14925,19.999
fourteam_move_postfix,35072,ntdll.dll!write_char+0x9,ntdll.dll,5,0.0335,14925,19.999
fourteam_move_postfix,35072,MSVCR120.dll!wcschr+0xca,MSVCR120.dll,5,0.0335,14925,19.999
fourteam_move_postfix,35072,battlezone98redux.exe!sub_4a8ab0,battlezone98redux.exe,5,0.0335,14925,19.999
fourteam_move_postfix,35072,OgreMain.dll+0x22d9a,OgreMain.dll,5,0.0335,14925,19.999
fourteam_move_postfix,35072,OgreMain.dll!?hasViewRelativeTextureCoordinateGeneration@TextureUnitState@Ogre@@QBE_NXZ+0xa,OgreMain.dll,5,0.0335,14925,19.999
fourteam_move_postfix,35072,OgreMain.dll!??1QueuedRenderableCollection@Ogre@@QAE@XZ+0xb16,OgreMain.dll,5,0.0335,14925,19.999
fourteam_move_postfix,35072,battlezone98redux.exe!sub_784000,battlezone98redux.exe,5,0.0335,14925,19.999
fourteam_move_postfix,35072,OgreMain.dll!?transpose@Matrix4@Ogre@@QBE?AV12@XZ+0x1c,OgreMain.dll,5,0.0335,14925,19.999
fourteam_move_postfix,35072,OgreMain.dll!?merge@VisibleObjectsBoundsInfo@Ogre@@QAEXABVAxisAlignedBox@2@ABVSphere@2@PBVCamera@2@_N@Z+0x13a,OgreMain.dll,5,0.0335,14925,19.999
fourteam_move_postfix,35072,battlezone98redux.exe!sub_680bd0,battlezone98redux.exe,5,0.0335,14925,19.999
fourteam_move_postfix,35072,OgreMain.dll!?ACos@Math@Ogre@@SA?AVRadian@2@M@Z,OgreMain.dll,5,0.0335,14925,19.999
fourteam_move_postfix,35072,battlezone98redux.exe!sub_784dd0,battlezone98redux.exe,5,0.0335,14925,19.999
fourteam_move_postfix,35072,MSVCR120.dll!memcpy+0xa,MSVCR120.dll,5,0.0335,14925,19.999
fourteam_move_postfix,35072,d3d11.dll!CreateDirect3D11DeviceFromDXGIDevice+0xa45e0,d3d11.dll,5,0.0335,14925,19.999
fourteam_move_postfix,35072,OgreMain.dll!?FastHash@Ogre@@YAIPBDHI@Z+0x3e,OgreMain.dll,5,0.0335,14925,19.999
fourteam_move_postfix,35072,OgreMain.dll!?getValueImpl@DistanceLodStrategyBase@Ogre@@MBEMPBVMovableObject@2@PBVCamera@2@@Z+0x9d,OgreMain.dll,5,0.0335,14925,19.999
fourteam_move_postfix,35072,win32u.dll!_NtGdiDdDDICheckMonitorPowerState@4+0xc,win32u.dll,5,0.0335,14925,19.999
fourteam_move_postfix,35072,OgreMain.dll!?createTechnique@Material@Ogre@@QAEPAVTechnique@2@XZ+0xa35,OgreMain.dll,5,0.0335,14925,19.999
fourteam_move_postfix,35072,OgreMain.dll!?_detectImplementation@OptimisedUtil@Ogre@@KAPAV12@XZ+0x46dc,OgreMain.dll,5,0.0335,14925,19.999
fourteam_move_postfix,35072,RenderSystem_Direct3D11.dll!?_render@D3D11RenderSystem@Ogre@@UAEXABVRenderOperation@2@@Z+0x64b,RenderSystem_Direct3D11.dll,5,0.0335,14925,19.999
fourteam_move_postfix,35072,battlezone98redux.exe!sub_5fa6e0,battlezone98redux.exe,5,0.0335,14925,19.999
fourteam_move_postfix,35072,ntdll.dll!_RtlCustomCPToUnicodeN@24+0x6b,ntdll.dll,5,0.0335,14925,19.999
fourteam_move_postfix,35072,OgreMain.dll!?getBestTechnique@Material@Ogre@@QAEPAVTechnique@2@GPBVRenderable@2@@Z+0x8d,OgreMain.dll,5,0.0335,14925,19.999
fourteam_move_postfix,35072,battlezone98redux.exe!sub_678cd0,battlezone98redux.exe,5,0.0335,14925,19.999
fourteam_move_postfix,35072,d3d11.dll!CreateDirect3D11DeviceFromDXGIDevice+0xbae56,d3d11.dll,5,0.0335,14925,19.999
fourteam_move_postfix,35072,battlezone98redux.exe!sub_423b10,battlezone98redux.exe,5,0.0335,14925,19.999
fourteam_move_postfix,35072,OgreMain.dll+0xef9d,OgreMain.dll,5,0.0335,14925,19.999
fourteam_move_postfix,35072,MSVCR120.dll!__libm_sse2_asinf+0x1db,MSVCR120.dll,5,0.0335,14925,19.999
fourteam_move_postfix,35072,OgreMain.dll!?isViewOutOfDate@Camera@Ogre@@MBE_NXZ+0x1,OgreMain.dll,5,0.0335,14925,19.999
fourteam_move_postfix,35072,RenderSystem_Direct3D11.dll!?getMonitorSequentialNumberFromSwapChain@MonitorInfo@Ogre@@QAEGPAUIDXGISwapChain@@_N@Z+0xb8a,RenderSystem_Direct3D11.dll,5,0.0335,14925,19.999
fourteam_move_postfix,35072,OgreMain.dll!?isFloat@GpuConstantDefinition@Ogre@@SA_NW4GpuConstantType@2@@Z+0x7,OgreMain.dll,5,0.0335,14925,19.999
fourteam_move_postfix,35072,OgreMain.dll!?isInLightRange@Light@Ogre@@QBE_NABVSphere@2@@Z+0x159,OgreMain.dll,5,0.0335,14925,19.999
fourteam_move_postfix,35072,MSVCR120.dll!__libm_sse2_acosf+0xc4,MSVCR120.dll,5,0.0335,14925,19.999
fourteam_move_postfix,35072,ntdll.dll!_RtlAnsiCharToUnicodeChar@4+0x8d,ntdll.dll,5,0.0335,14925,19.999
fourteam_move_postfix,35072,d3d11.dll+0x30d63,d3d11.dll,5,0.0335,14925,19.999
fourteam_move_postfix,35072,OgreMain.dll+0x1d354,OgreMain.dll,5,0.0335,14925,19.999
fourteam_move_postfix,35072,OgreMain.dll!?_updateBounds@SceneNode@Ogre@@UAEXXZ+0x238,OgreMain.dll,5,0.0335,14925,19.999
fourteam_move_postfix,35072,ntdll.dll!_RtlCustomCPToUnicodeN@24+0x2c,ntdll.dll,5,0.0335,14925,19.999
fourteam_move_postfix,35072,ntdll.dll!_RtlMultiByteToUnicodeN@20+0x8,ntdll.dll,5,0.0335,14925,19.999
fourteam_move_postfix,35072,d3d11.dll+0x35ea9,d3d11.dll,5,0.0335,14925,19.999
fourteam_move_postfix,35072,OgreMain.dll!?_getDelegate@UnifiedHighLevelGpuProgram@Ogre@@QBEABV?$SharedPtr@VHighLevelGpuProgram@Ogre@@@2@XZ+0x7,OgreMain.dll,5,0.0335,14925,19.999
fourteam_move_postfix,35072,OgreMain.dll!?ASin@Math@Ogre@@SA?AVRadian@2@M@Z+0xf,OgreMain.dll,5,0.0335,14925,19.999
fourteam_move_postfix,35072,OgreMain.dll+0x10d11,OgreMain.dll,5,0.0335,14925,19.999
fourteam_move_postfix,35072,RenderSystem_Direct3D11.dll!?_render@D3D11RenderSystem@Ogre@@UAEXABVRenderOperation@2@@Z+0x14d9,RenderSystem_Direct3D11.dll,5,0.0335,14925,19.999
fourteam_move_postfix,35072,OgreMain.dll!?isVisible@Frustum@Ogre@@UBE_NABVAxisAlignedBox@2@PAW4FrustumPlane@2@@Z+0x76,OgreMain.dll,5,0.0335,14925,19.999
fourteam_move_postfix,35072,battlezone98redux.exe!get,battlezone98redux.exe,5,0.0335,14925,19.999
fourteam_move_postfix,35072,OgreMain.dll!?isViewOutOfDate@Camera@Ogre@@MBE_NXZ+0x51b,OgreMain.dll,5,0.0335,14925,19.999
fourteam_move_postfix,35072,OgreMain.dll!?isVisible@ShadowRenderable@Ogre@@UBE_NXZ+0x24d,OgreMain.dll,5,0.0335,14925,19.999
fourteam_move_postfix,35072,MSVCR120.dll!memcpy+0x1,MSVCR120.dll,5,0.0335,14925,19.999
fourteam_move_postfix,35072,OgreMain.dll!?_findVisibleObjects@SceneNode@Ogre@@UAEXPAVCamera@2@PAVRenderQueue@2@PAUVisibleObjectsBoundsInfo@2@_N33@Z+0x68,OgreMain.dll,5,0.0335,14925,19.999
fourteam_move_postfix,35072,ntdll.dll!_ZwOpenFile@24+0xc,ntdll.dll,5,0.0335,14925,19.999
fourteam_move_postfix,35072,OgreMain.dll!?setCurrentLightList@AutoParamDataSource@Ogre@@UAEXPBV?$HashedVector@PAVLight@Ogre@@@2@@Z+0x43,OgreMain.dll,5,0.0335,14925,19.999
fourteam_move_postfix,35072,RenderSystem_Direct3D11.dll!?getConstantBuffer@D3D11HLSLProgram@Ogre@@QAEPAUID3D11Buffer@@V?$SharedPtr@VGpuProgramParameters@Ogre@@@2@G@Z+0x100,RenderSystem_Direct3D11.dll,5,0.0335,14925,19.999
fourteam_move_postfix,35072,ntdll.dll!_ZwClose@4+0xc,ntdll.dll,5,0.0335,14925,19.999
fourteam_move_postfix,35072,ntdll.dll!__aulldvrm+0x25,ntdll.dll,5,0.0335,14925,19.999
fourteam_move_postfix,35072,ntdll.dll!_ZwSetInformationThread@16+0xc,ntdll.dll,5,0.0335,14925,19.999
fourteam_move_postfix,35072,OgreMain.dll!?isVisible@Frustum@Ogre@@UBE_NABVAxisAlignedBox@2@PAW4FrustumPlane@2@@Z+0x10,OgreMain.dll,5,0.0335,14925,19.999
fourteam_move_postfix,35072,nvwgf2um.dll!NVENCODEAPI_Thunk+0x217c9b,nvwgf2um.dll,5,0.0335,14925,19.999
fourteam_move_postfix,35072,OgreMain.dll!?_writeRawConstant@GpuProgramParameters@Ogre@@QAEXIABVVector4@2@I@Z+0x1a,OgreMain.dll,5,0.0335,14925,19.999
fourteam_move_postfix,35072,RenderSystem_Direct3D11.dll!?getConstantBuffer@D3D11HLSLProgram@Ogre@@QAEPAUID3D11Buffer@@V?$SharedPtr@VGpuProgramParameters@Ogre@@@2@G@Z+0xf0,RenderSystem_Direct3D11.dll,5,0.0335,14925,19.999
fourteam_move_postfix,35072,ntdll.dll!_RtlMultiByteToUnicodeN@20+0x23,ntdll.dll,5,0.0335,14925,19.999
fourteam_move_postfix,35072,OgreMain.dll!?updateView@Frustum@Ogre@@MBEXXZ,OgreMain.dll,5,0.0335,14925,19.999
fourteam_move_postfix,35072,OgreMain.dll!?setVisible@MovableObject@Ogre@@UAEX_N@Z+0x2c,OgreMain.dll,5,0.0335,14925,19.999
fourteam_move_postfix,35072,OgreMain.dll!?updateFrustum@Frustum@Ogre@@MBEXXZ,OgreMain.dll,5,0.0335,14925,19.999
fourteam_move_postfix,35072,ntdll.dll!__aulldvrm+0x15,ntdll.dll,5,0.0335,14925,19.999
fourteam_move_postfix,35072,OgreMain.dll!?angleBetween@Vector3@Ogre@@QBE?AVRadian@2@ABV12@@Z+0xbf,OgreMain.dll,5,0.0335,14925,19.999
fourteam_move_postfix,35072,battlezone98redux.exe!sub_4d4610,battlezone98redux.exe,5,0.0335,14925,19.999
fourteam_move_postfix,35072,OgreMain.dll!?renderSingleObject@SceneManager@Ogre@@MAEXPAVRenderable@2@PBVPass@2@_N2PBV?$HashedVector@PAVLight@Ogre@@@2@@Z+0x247,OgreMain.dll,5,0.0335,14925,19.999
fourteam_move_postfix,35072,OgreMain.dll!?getWorldViewMatrix@AutoParamDataSource@Ogre@@UBEABVMatrix4@2@XZ+0x22f,OgreMain.dll,5,0.0335,14925,19.999
fourteam_move_postfix,35072,ntdll.dll!@RtlpLowFragHeapAllocFromContext@16+0x4c,ntdll.dll,5,0.0335,14925,19.999
fourteam_move_postfix,35072,battlezone98redux.exe!sub_444d50,battlezone98redux.exe,5,0.0335,14925,19.999
fourteam_move_postfix,35072,OgreMain.dll!?_getRenderOperation@SubMesh@Ogre@@QAEXAAVRenderOperation@2@G@Z+0x37,OgreMain.dll,5,0.0335,14925,19.999
fourteam_move_postfix,35072,MSVCR120.dll!__libm_sse2_asinf+0x78,MSVCR120.dll,5,0.0335,14925,19.999
fourteam_move_postfix,35072,RenderSystem_Direct3D11.dll!?getConstantBuffer@D3D11HLSLProgram@Ogre@@QAEPAUID3D11Buffer@@V?$SharedPtr@VGpuProgramParameters@Ogre@@@2@G@Z+0x9c,RenderSystem_Direct3D11.dll,5,0.0335,14925,19.999
fourteam_move_postfix,35072,MSVCR120.dll!__libm_sse2_acosf+0x93,MSVCR120.dll,5,0.0335,14925,19.999
fourteam_move_postfix,35072,OgreMain.dll!?isTransparentSortingForced@Technique@Ogre@@QBE_NXZ+0x2,OgreMain.dll,5,0.0335,14925,19.999
fourteam_move_postfix,35072,OgreMain.dll!??4GpuSharedParametersUsage@Ogre@@QAEAAV01@ABV01@@Z+0x2711,OgreMain.dll,5,0.0335,14925,19.999
fourteam_move_postfix,35072,OgreMain.dll!?clone@Animation@Ogre@@QBEPAV12@ABV?$basic_string@DU?$char_traits@D@std@@V?$allocator@D@2@@std@@@Z+0x2e4,OgreMain.dll,5,0.0335,14925,19.999
fourteam_move_postfix,35072,nvwgf2um.dll!OpenAdapter10+0x726e1,nvwgf2um.dll,5,0.0335,14925,19.999
fourteam_move_postfix,35072,d3d11.dll+0x27029,d3d11.dll,5,0.0335,14925,19.999
fourteam_move_postfix,35072,OgreMain.dll!?_updateAutoParams@GpuProgramParameters@Ogre@@QAEXPBVAutoParamDataSource@2@G@Z+0x1246,OgreMain.dll,5,0.0335,14925,19.999
fourteam_move_postfix,35072,OgreMain.dll!?getSide@Plane@Ogre@@QBE?AW4Side@12@ABVVector3@2@0@Z+0x67,OgreMain.dll,5,0.0335,14925,19.999
fourteam_move_postfix,35072,OgreMain.dll!??RlightLess@SceneManager@Ogre@@QBE_NPBVLight@2@0@Z+0x6,OgreMain.dll,5,0.0335,14925,19.999
fourteam_move_postfix,35072,OgreMain.dll!?useLightsGpuProgram@SceneManager@Ogre@@MAEXPBVPass@2@PBV?$HashedVector@PAVLight@Ogre@@@2@@Z+0xe,OgreMain.dll,5,0.0335,14925,19.999
fourteam_move_postfix,35072,OgreMain.dll!?merge@RenderPriorityGroup@Ogre@@QAEXPBV12@@Z+0xfb,OgreMain.dll,5,0.0335,14925,19.999
fourteam_move_postfix,35072,RenderSystem_Direct3D11.dll!?bindGpuProgramParameters@D3D11RenderSystem@Ogre@@UAEXW4GpuProgramType@2@V?$SharedPtr@VGpuProgramParameters@Ogre@@@2@G@Z+0x17,RenderSystem_Direct3D11.dll,5,0.0335,14925,19.999
fourteam_move_postfix,35072,battlezone98redux.exe!sub_464f80,battlezone98redux.exe,4,0.0268,14925,19.999
fourteam_move_postfix,35072,OgreMain.dll!?isInLightRange@Light@Ogre@@QBE_NABVSphere@2@@Z+0x7e,OgreMain.dll,4,0.0268,14925,19.999
fourteam_move_postfix,35072,OgreMain.dll!?updateFromParentImpl@SceneNode@Ogre@@MBEXXZ+0x11,OgreMain.dll,4,0.0268,14925,19.999
fourteam_move_postfix,35072,OgreMain.dll!?visitRenderables@Entity@Ogre@@UAEXPAVVisitor@Renderable@2@_N@Z+0x32,OgreMain.dll,4,0.0268,14925,19.999
fourteam_move_postfix,35072,OgreMain.dll!?getBestTechnique@Material@Ogre@@QAEPAVTechnique@2@GPBVRenderable@2@@Z+0x41,OgreMain.dll,4,0.0268,14925,19.999
fourteam_move_postfix,35072,MSVCR120.dll!__libm_sse2_acosf+0x130,MSVCR120.dll,4,0.0268,14925,19.999
fourteam_move_postfix,35072,OgreMain.dll!?getLightDiffuseColourWithPower@AutoParamDataSource@Ogre@@UBE?BVColourValue@2@I@Z+0x36,OgreMain.dll,4,0.0268,14925,19.999
fourteam_move_postfix,35072,OgreMain.dll!?getParameters@GpuProgramUsage@Ogre@@QAE?AV?$SharedPtr@VGpuProgramParameters@Ogre@@@2@XZ+0x11,OgreMain.dll,4,0.0268,14925,19.999
fourteam_move_postfix,35072,OgreMain.dll!?FastHash@Ogre@@YAIPBDHI@Z+0xa5,OgreMain.dll,4,0.0268,14925,19.999
fourteam_move_postfix,35072,OgreMain.dll!?getLightDiffuseColourWithPower@AutoParamDataSource@Ogre@@UBE?BVColourValue@2@I@Z+0xd,OgreMain.dll,4,0.0268,14925,19.999
fourteam_move_postfix,35072,OgreMain.dll!??1HardwareVertexBufferSharedPtr@Ogre@@QAE@XZ,OgreMain.dll,4,0.0268,14925,19.999
fourteam_move_postfix,35072,OgreMain.dll!?isInLightRange@Light@Ogre@@QBE_NABVSphere@2@@Z+0x130,OgreMain.dll,4,0.0268,14925,19.999
fourteam_move_postfix,35072,OgreMain.dll!?_findNamedConstantDefinition@GpuProgramParameters@Ogre@@QBEPBUGpuConstantDefinition@2@ABV?$basic_string@DU?$char_traits@D@std@@V?$allocator@D@2@@std@@_N@Z+0x1e,OgreMain.dll,4,0.0268,14925,19.999
fourteam_move_postfix,35072,OgreMain.dll!?merge@VisibleObjectsBoundsInfo@Ogre@@QAEXABVAxisAlignedBox@2@ABVSphere@2@PBVCamera@2@_N@Z+0xc7,OgreMain.dll,4,0.0268,14925,19.999
fourteam_move_postfix,35072,ntdll.dll!_RtlpFindUnicodeStringInSection@32+0x152,ntdll.dll,4,0.0268,14925,19.999
fourteam_move_postfix,35072,OgreMain.dll!?getAs4DVector@Light@Ogre@@QBE?AVVector4@2@_N@Z+0x57,OgreMain.dll,4,0.0268,14925,19.999
fourteam_move_postfix,35072,battlezone98redux.exe!sub_601250,battlezone98redux.exe,4,0.0268,14925,19.999
fourteam_move_postfix,35072,OgreMain.dll!?_updateAutoParams@GpuProgramParameters@Ogre@@QAEXPBVAutoParamDataSource@2@G@Z+0x1cf5,OgreMain.dll,4,0.0268,14925,19.999
fourteam_move_postfix,35072,nvwgf2um.dll!SetDependencyInfo+0x4b369,nvwgf2um.dll,4,0.0268,14925,19.999
fourteam_move_postfix,35072,d3d11.dll!CreateDirect3D11DeviceFromDXGIDevice+0xbc53d,d3d11.dll,4,0.0268,14925,19.999
fourteam_move_postfix,35072,d3d11.dll+0x3757c,d3d11.dll,4,0.0268,14925,19.999
fourteam_move_postfix,35072,OgreMain.dll!?clone@Animation@Ogre@@QBEPAV12@ABV?$basic_string@DU?$char_traits@D@std@@V?$allocator@D@2@@std@@@Z+0x25c,OgreMain.dll,4,0.0268,14925,19.999
fourteam_move_postfix,35072,OgreMain.dll!?isInLightRange@Light@Ogre@@QBE_NABVSphere@2@@Z+0x176,OgreMain.dll,4,0.0268,14925,19.999
fourteam_move_postfix,35072,OgreMain.dll!?validateRenderableForRendering@SceneManager@Ogre@@MAE_NPBVPass@2@PBVRenderable@2@@Z+0x54,OgreMain.dll,4,0.0268,14925,19.999
fourteam_move_postfix,35072,ntdll.dll!_ZwQuerySystemInformation@16+0xc,ntdll.dll,4,0.0268,14925,19.999
fourteam_move_postfix,35072,OgreMain.dll!?isInLightRange@Light@Ogre@@QBE_NABVSphere@2@@Z+0xc6,OgreMain.dll,4,0.0268,14925,19.999
fourteam_move_postfix,35072,OgreMain.dll!?getDerivedPosition@Light@Ogre@@QBEABVVector3@2@_N@Z+0x8,OgreMain.dll,4,0.0268,14925,19.999
fourteam_move_postfix,35072,battlezone98redux.exe!sub_46d020,battlezone98redux.exe,4,0.0268,14925,19.999
fourteam_move_postfix,35072,OgreMain.dll!?determinant@Matrix4@Ogre@@QBEMXZ+0x8b,OgreMain.dll,4,0.0268,14925,19.999
fourteam_move_postfix,35072,OgreMain.dll!?normalise@Vector3@Ogre@@QAEMXZ+0x9,OgreMain.dll,4,0.0268,14925,19.999
fourteam_move_postfix,35072,OgreMain.dll!?_setPass@SceneManager@Ogre@@UAEPBVPass@2@PBV32@_N1@Z+0x87d,OgreMain.dll,4,0.0268,14925,19.999
fourteam_move_postfix,35072,MSVCR120.dll!floor+0x69,MSVCR120.dll,4,0.0268,14925,19.999
fourteam_move_postfix,35072,OgreMain.dll!?_findNamedConstantDefinition@GpuProgramParameters@Ogre@@QBEPBUGpuConstantDefinition@2@ABV?$basic_string@DU?$char_traits@D@std@@V?$allocator@D@2@@std@@_N@Z+0xdd,OgreMain.dll,4,0.0268,14925,19.999
fourteam_move_postfix,35072,OgreMain.dll!?getIndexAscending@LodStrategy@Ogre@@KAGMABV?$vector@MV?$STLAllocator@MV?$CategorisedAllocPolicy@$0A@@Ogre@@@Ogre@@@std@@@Z+0x24,OgreMain.dll,4,0.0268,14925,19.999
fourteam_move_postfix,35072,OgreMain.dll!?isVisible@Frustum@Ogre@@UBE_NABVAxisAlignedBox@2@PAW4FrustumPlane@2@@Z+0x74,OgreMain.dll,4,0.0268,14925,19.999
fourteam_move_postfix,35072,OgreMain.dll+0x1f96f,OgreMain.dll,4,0.0268,14925,19.999
fourteam_move_postfix,35072,OgreMain.dll!?_writeRawConstants@GpuProgramParameters@Ogre@@QAEXIPBMI@Z+0x1f,OgreMain.dll,4,0.0268,14925,19.999
fourteam_move_postfix,35072,OgreMain.dll!?getWorldViewProjMatrix@AutoParamDataSource@Ogre@@UBEABVMatrix4@2@XZ+0x1,OgreMain.dll,4,0.0268,14925,19.999
fourteam_move_postfix,35072,nvwgf2um.dll!NVENCODEAPI_Thunk+0x217c8f,nvwgf2um.dll,4,0.0268,14925,19.999
fourteam_move_postfix,35072,battlezone98redux.exe!sub_421ec0,battlezone98redux.exe,4,0.0268,14925,19.999
fourteam_move_postfix,35072,OgreMain.dll!?_populateLightList@SceneManager@Ogre@@UAEXABVVector3@2@MAAV?$HashedVector@PAVLight@Ogre@@@2@I@Z+0xbd,OgreMain.dll,4,0.0268,14925,19.999
fourteam_move_postfix,35072,OgreMain.dll!?_getCurrentSceneManager@Root@Ogre@@QBEPAVSceneManager@2@XZ+0x4d,OgreMain.dll,4,0.0268,14925,19.999
fourteam_move_postfix,35072,ntdll.dll!_RtlAnsiCharToUnicodeChar@4+0x9,ntdll.dll,4,0.0268,14925,19.999
fourteam_move_postfix,35072,OgreMain.dll!?_writeRawConstants@GpuProgramParameters@Ogre@@QAEXIPBMI@Z+0x6,OgreMain.dll,4,0.0268,14925,19.999
fourteam_move_postfix,35072,RenderSystem_Direct3D11.dll!?setVertexBufferBinding@D3D11RenderSystem@Ogre@@UAEXPAVVertexBufferBinding@2@@Z+0x9f,RenderSystem_Direct3D11.dll,4,0.0268,14925,19.999
fourteam_move_postfix,35072,battlezone98redux.exe!sub_4221b0,battlezone98redux.exe,4,0.0268,14925,19.999
fourteam_move_postfix,35072,ntdll.dll!_RtlCustomCPToUnicodeN@24+0x2,ntdll.dll,4,0.0268,14925,19.999
fourteam_move_postfix,35072,OgreMain.dll!?updateView@Frustum@Ogre@@MBEXXZ+0x1d,OgreMain.dll,4,0.0268,14925,19.999
fourteam_move_postfix,35072,OgreMain.dll!?merge@VisibleObjectsBoundsInfo@Ogre@@QAEXABVAxisAlignedBox@2@ABVSphere@2@PBVCamera@2@_N@Z+0x107,OgreMain.dll,4,0.0268,14925,19.999
fourteam_move_postfix,35072,OgreMain.dll!?isHardwareAnimationEnabled@Entity@Ogre@@QAE_NXZ+0x10,OgreMain.dll,4,0.0268,14925,19.999
fourteam_move_postfix,35072,battlezone98redux.exe!sub_46acc0,battlezone98redux.exe,4,0.0268,14925,19.999
fourteam_move_postfix,35072,OgreMain.dll!?isInLightRange@Light@Ogre@@QBE_NABVSphere@2@@Z+0x70,OgreMain.dll,4,0.0268,14925,19.999
fourteam_move_postfix,35072,OgreMain.dll!?_calcTempSquareDist@Light@Ogre@@QAEXABVVector3@2@@Z+0x20,OgreMain.dll,4,0.0268,14925,19.999
fourteam_move_postfix,35072,ntdll.dll!__woutput_l+0xb9,ntdll.dll,4,0.0268,14925,19.999
fourteam_move_postfix,35072,MSVCR120.dll!__libm_sse2_acosf+0x10d,MSVCR120.dll,4,0.0268,14925,19.999
fourteam_move_postfix,35072,RenderSystem_Direct3D11.dll!??1D3D11RenderWindowSwapChainBased@Ogre@@UAE@XZ+0x40a,RenderSystem_Direct3D11.dll,4,0.0268,14925,19.999
fourteam_move_postfix,35072,OgreMain.dll!?_getParentNodeFullTransform@MovableObject@Ogre@@UBEABVMatrix4@2@XZ+0x9,OgreMain.dll,4,0.0268,14925,19.999
fourteam_move_postfix,35072,d3d11.dll!CreateDirect3D11DeviceFromDXGIDevice+0x9f1f2,d3d11.dll,4,0.0268,14925,19.999
fourteam_move_postfix,35072,d3d11.dll!CreateDirect3D11DeviceFromDXGIDevice+0xbd2e0,d3d11.dll,4,0.0268,14925,19.999
fourteam_move_postfix,35072,battlezone98redux.exe!sub_4b6db0,battlezone98redux.exe,4,0.0268,14925,19.999
fourteam_move_postfix,35072,OgreMain.dll!?isVisible@Frustum@Ogre@@UBE_NABVAxisAlignedBox@2@PAW4FrustumPlane@2@@Z+0x91,OgreMain.dll,4,0.0268,14925,19.999
fourteam_move_postfix,35072,MSVCR120.dll!__libm_sse2_asinf+0xf,MSVCR120.dll,4,0.0268,14925,19.999
fourteam_move_postfix,35072,OgreMain.dll!?_calcTempSquareDist@Light@Ogre@@QAEXABVVector3@2@@Z+0x30,OgreMain.dll,4,0.0268,14925,19.999
fourteam_move_postfix,35072,OgreMain.dll!?lock@HardwareBuffer@Ogre@@UAEPAXIIW4LockOptions@12@W4UploadOptions@12@@Z+0x191,OgreMain.dll,4,0.0268,14925,19.999
fourteam_move_postfix,35072,OgreMain.dll!?getWorldViewMatrix@AutoParamDataSource@Ogre@@UBEABVMatrix4@2@XZ+0x206,OgreMain.dll,4,0.0268,14925,19.999
fourteam_move_postfix,35072,OgreMain.dll!?getSide@Plane@Ogre@@QBE?AW4Side@12@ABVVector3@2@0@Z+0x7,OgreMain.dll,4,0.0268,14925,19.999
fourteam_move_postfix,35072,OgreMain.dll!?getGlobalInstanceVertexBufferVertexDeclaration@RenderSystem@Ogre@@QBEPAVVertexDeclaration@2@XZ,OgreMain.dll,4,0.0268,14925,19.999
fourteam_move_postfix,35072,OgreMain.dll!?getWorldViewMatrix@AutoParamDataSource@Ogre@@UBEABVMatrix4@2@XZ+0x45,OgreMain.dll,4,0.0268,14925,19.999
fourteam_move_postfix,35072,OgreMain.dll!?getConstantDefinition@GpuProgramParameters@Ogre@@QBEABUGpuConstantDefinition@2@ABV?$basic_string@DU?$char_traits@D@std@@V?$allocator@D@2@@std@@@Z,OgreMain.dll,4,0.0268,14925,19.999
fourteam_move_postfix,35072,OgreMain.dll!?useRenderableViewProjMode@SceneManager@Ogre@@MAEXPBVRenderable@2@_N@Z,OgreMain.dll,4,0.0268,14925,19.999
fourteam_move_postfix,35072,OgreMain.dll!?isHardwareAnimationEnabled@Entity@Ogre@@QAE_NXZ+0x1a,OgreMain.dll,4,0.0268,14925,19.999
fourteam_move_postfix,35072,d3d11.dll+0x35ed1,d3d11.dll,4,0.0268,14925,19.999
fourteam_move_postfix,35072,nvwgf2um.dll!SetDependencyInfo+0x4c447,nvwgf2um.dll,4,0.0268,14925,19.999
fourteam_move_postfix,35072,MSVCR120.dll!__libm_sse2_asinf+0x30,MSVCR120.dll,4,0.0268,14925,19.999
fourteam_move_postfix,35072,OgreMain.dll!?_updateAutoParams@GpuProgramParameters@Ogre@@QAEXPBVAutoParamDataSource@2@G@Z+0x202d,OgreMain.dll,4,0.0268,14925,19.999
fourteam_move_postfix,35072,ntdll.dll!_RtlEnterCriticalSection@4+0xa,ntdll.dll,4,0.0268,14925,19.999
fourteam_move_postfix,35072,OgreMain.dll!?_populateLightList@SceneManager@Ogre@@UAEXABVVector3@2@MAAV?$HashedVector@PAVLight@Ogre@@@2@I@Z+0xb2,OgreMain.dll,4,0.0268,14925,19.999
fourteam_move_postfix,35072,d3d11.dll+0x2b4da,d3d11.dll,4,0.0268,14925,19.999
fourteam_move_postfix,35072,ntdll.dll!_RtlAnsiCharToUnicodeChar@4+0x1e,ntdll.dll,4,0.0268,14925,19.999
fourteam_move_postfix,35072,battlezone98redux.exe!sub_4e63c0,battlezone98redux.exe,4,0.0268,14925,19.999
fourteam_move_postfix,35072,ntdll.dll!_RtlAllocateHeap@12,ntdll.dll,4,0.0268,14925,19.999
fourteam_move_postfix,35072,d3d11.dll!CreateDirect3D11DeviceFromDXGIDevice+0xbae48,d3d11.dll,4,0.0268,14925,19.999
fourteam_move_postfix,35072,OgreMain.dll!?RealEqual@Math@Ogre@@SA_NMMM@Z+0x3,OgreMain.dll,4,0.0268,14925,19.999
fourteam_move_postfix,35072,OgreMain.dll!?getLightAttenuation@AutoParamDataSource@Ogre@@UBE?AVVector4@2@I@Z+0xf,OgreMain.dll,4,0.0268,14925,19.999
fourteam_move_postfix,35072,d3d11.dll!CreateDirect3D11DeviceFromDXGIDevice+0x9f8a0,d3d11.dll,4,0.0268,14925,19.999
fourteam_move_postfix,35072,OgreMain.dll!?_updateAutoParams@GpuProgramParameters@Ogre@@QAEXPBVAutoParamDataSource@2@G@Z+0x14,OgreMain.dll,4,0.0268,14925,19.999
fourteam_move_postfix,35072,OgreMain.dll!?angleBetween@Vector3@Ogre@@QBE?AVRadian@2@ABV12@@Z+0x3a,OgreMain.dll,4,0.0268,14925,19.999
fourteam_move_postfix,35072,battlezone98redux.exe!sub_479f30,battlezone98redux.exe,4,0.0268,14925,19.999
fourteam_move_postfix,35072,OgreMain.dll!?getReceivesShadows@MovableObject@Ogre@@QAE_NXZ+0x45,OgreMain.dll,4,0.0268,14925,19.999
fourteam_move_postfix,35072,d3d11.dll!CreateDirect3D11DeviceFromDXGIDevice+0xa45e2,d3d11.dll,4,0.0268,14925,19.999
fourteam_move_postfix,35072,MSVCR120.dll!floor+0x87,MSVCR120.dll,4,0.0268,14925,19.999
fourteam_move_postfix,35072,d3d11.dll+0x2704e,d3d11.dll,4,0.0268,14925,19.999
fourteam_move_postfix,35072,OgreMain.dll!?isViewOutOfDate@Camera@Ogre@@MBE_NXZ+0x2f5,OgreMain.dll,4,0.0268,14925,19.999
fourteam_move_postfix,35072,OgreMain.dll!?_issueRenderOp@SceneManager@Ogre@@UAEXPAVRenderable@2@PBVPass@2@@Z+0x76,OgreMain.dll,4,0.0268,14925,19.999
fourteam_move_postfix,35072,battlezone98redux.exe!sub_822d80,battlezone98redux.exe,4,0.0268,14925,19.999
fourteam_move_postfix,35072,OgreMain.dll!?hasViewRelativeTextureCoordinateGeneration@TextureUnitState@Ogre@@QBE_NXZ+0x14,OgreMain.dll,4,0.0268,14925,19.999
fourteam_move_postfix,35072,battlezone98redux.exe!sub_462470,battlezone98redux.exe,4,0.0268,14925,19.999
fourteam_move_postfix,35072,OgreMain.dll!?getSquaredViewDepth@Node@Ogre@@UBEMPBVCamera@2@@Z+0x55,OgreMain.dll,4,0.0268,14925,19.999
fourteam_move_postfix,35072,OgreMain.dll!?getVertexProgramParameters@Pass@Ogre@@QBE?AV?$SharedPtr@VGpuProgramParameters@Ogre@@@2@XZ+0x106,OgreMain.dll,4,0.0268,14925,19.999
fourteam_move_postfix,35072,OgreMain.dll!?clone@Animation@Ogre@@QBEPAV12@ABV?$basic_string@DU?$char_traits@D@std@@V?$allocator@D@2@@std@@@Z+0x2f4,OgreMain.dll,4,0.0268,14925,19.999
fourteam_move_postfix,35072,battlezone98redux.exe!sub_44ef90,battlezone98redux.exe,4,0.0268,14925,19.999
fourteam_move_postfix,35072,OgreMain.dll!?angleBetween@Vector3@Ogre@@QBE?AVRadian@2@ABV12@@Z+0x1c,OgreMain.dll,4,0.0268,14925,19.999
fourteam_move_postfix,35072,d3d11.dll+0x35e92,d3d11.dll,4,0.0268,14925,19.999
fourteam_move_postfix,35072,OgreMain.dll!??4GpuSharedParametersUsage@Ogre@@QAEAAV01@ABV01@@Z+0x26f3,OgreMain.dll,4,0.0268,14925,19.999
fourteam_move_postfix,35072,MSVCR120.dll!memcpy+0x6,MSVCR120.dll,4,0.0268,14925,19.999
fourteam_move_postfix,35072,battlezone98redux.exe!sub_572a70,battlezone98redux.exe,4,0.0268,14925,19.999
fourteam_move_postfix,35072,MSVCR120.dll!floor+0x1e,MSVCR120.dll,4,0.0268,14925,19.999
fourteam_move_postfix,35072,OgreMain.dll+0x6c12,OgreMain.dll,4,0.0268,14925,19.999
fourteam_move_postfix,35072,RenderSystem_Direct3D11.dll+0x5970,RenderSystem_Direct3D11.dll,4,0.0268,14925,19.999
fourteam_move_postfix,35072,OgreMain.dll!?getContentType@TextureUnitState@Ogre@@QBE?AW4ContentType@12@XZ+0x6,OgreMain.dll,4,0.0268,14925,19.999
fourteam_move_postfix,35072,OgreMain.dll!?addRenderable@RenderQueue@Ogre@@QAEXPAVRenderable@2@EG@Z+0x1e1,OgreMain.dll,4,0.0268,14925,19.999
fourteam_move_postfix,35072,OgreMain.dll!?isHardwareAnimationEnabled@Entity@Ogre@@QAE_NXZ+0x3b,OgreMain.dll,4,0.0268,14925,19.999
fourteam_move_postfix,35072,ntdll.dll!_NLS_UPCASE@8+0x15,ntdll.dll,4,0.0268,14925,19.999
fourteam_move_postfix,35072,d3d11.dll+0x30d99,d3d11.dll,4,0.0268,14925,19.999
fourteam_move_postfix,35072,OgreMain.dll!?isInLightRange@Light@Ogre@@QBE_NABVSphere@2@@Z+0xd4,OgreMain.dll,4,0.0268,14925,19.999
fourteam_move_postfix,35072,OgreMain.dll!?addRenderable@QueuedRenderableCollection@Ogre@@QAEXPAVPass@2@PAVRenderable@2@@Z+0x3f,OgreMain.dll,4,0.0268,14925,19.999
fourteam_move_postfix,35072,OgreMain.dll!?addRenderable@RenderQueueGroup@Ogre@@QAEXPAVRenderable@2@PAVTechnique@2@G@Z+0x6a,OgreMain.dll,4,0.0268,14925,19.999
fourteam_move_postfix,35072,ntdll.dll!__woutput_l+0x103,ntdll.dll,4,0.0268,14925,19.999
fourteam_move_postfix,35072,MSVCR120.dll!__libm_sse2_asinf+0x1f4,MSVCR120.dll,4,0.0268,14925,19.999
fourteam_move_postfix,35072,OgreMain.dll!?_populateLightList@SceneManager@Ogre@@UAEXABVVector3@2@MAAV?$HashedVector@PAVLight@Ogre@@@2@I@Z+0x142,OgreMain.dll,4,0.0268,14925,19.999
fourteam_move_postfix,35072,OgreMain.dll!?hasViewRelativeTextureCoordinateGeneration@TextureUnitState@Ogre@@QBE_NXZ+0xdb,OgreMain.dll,4,0.0268,14925,19.999
fourteam_move_postfix,35072,ntdll.dll!_mbtowc+0xa,ntdll.dll,4,0.0268,14925,19.999
fourteam_move_postfix,35072,d3d11.dll+0x30d46,d3d11.dll,4,0.0268,14925,19.999
fourteam_move_postfix,35072,battlezone98redux.exe!sub_68c560,battlezone98redux.exe,4,0.0268,14925,19.999
fourteam_move_postfix,35072,OgreMain.dll!?updateAnimation@Entity@Ogre@@IAEXXZ+0x123,OgreMain.dll,4,0.0268,14925,19.999
fourteam_move_postfix,35072,RenderSystem_Direct3D11.dll!?_render@D3D11RenderSystem@Ogre@@UAEXABVRenderOperation@2@@Z+0x1fb,RenderSystem_Direct3D11.dll,4,0.0268,14925,19.999
fourteam_move_postfix,35072,battlezone98redux.exe!FID_conflict:end,battlezone98redux.exe,4,0.0268,14925,19.999
fourteam_move_postfix,35072,RenderSystem_Direct3D11.dll!?getMonitorSequentialNumberFromSwapChain@MonitorInfo@Ogre@@QAEGPAUIDXGISwapChain@@_N@Z+0x298c,RenderSystem_Direct3D11.dll,4,0.0268,14925,19.999
fourteam_move_postfix,35072,OgreMain.dll+0x165e0,OgreMain.dll,4,0.0268,14925,19.999
fourteam_move_postfix,35072,nvwgf2um.dll!OpenAdapter10+0x7459e,nvwgf2um.dll,4,0.0268,14925,19.999
fourteam_move_postfix,35072,OgreMain.dll!?getLightAttenuation@AutoParamDataSource@Ogre@@UBE?AVVector4@2@I@Z+0x50,OgreMain.dll,4,0.0268,14925,19.999
fourteam_move_postfix,35072,MSVCR120.dll!__libm_sse2_acosf+0xe8,MSVCR120.dll,4,0.0268,14925,19.999
fourteam_move_postfix,35072,battlezone98redux.exe!sub_5fed30,battlezone98redux.exe,4,0.0268,14925,19.999
fourteam_move_postfix,35072,OgreMain.dll!?_detectImplementation@OptimisedUtil@Ogre@@KAPAV12@XZ+0x4674,OgreMain.dll,4,0.0268,14925,19.999
fourteam_move_postfix,35072,MSVCR120.dll!__libm_sse2_acosf+0xa2,MSVCR120.dll,4,0.0268,14925,19.999
fourteam_move_postfix,35072,OgreMain.dll!?getSpotlightParams@AutoParamDataSource@Ogre@@UBE?AVVector4@2@I@Z+0xf,OgreMain.dll,4,0.0268,14925,19.999
fourteam_move_postfix,35072,OgreMain.dll!?_getRenderOperation@SubMesh@Ogre@@QAEXAAVRenderOperation@2@G@Z+0x7,OgreMain.dll,4,0.0268,14925,19.999
fourteam_move_postfix,35072,OgreMain.dll!?_updateAutoParams@GpuProgramParameters@Ogre@@QAEXPBVAutoParamDataSource@2@G@Z+0x1cf6,OgreMain.dll,4,0.0268,14925,19.999
fourteam_move_postfix,35072,MSVCR120.dll!__libm_sse2_acosf+0x169,MSVCR120.dll,4,0.0268,14925,19.999
fourteam_move_postfix,35072,battlezone98redux.exe!sub_4624d0,battlezone98redux.exe,4,0.0268,14925,19.999
fourteam_move_postfix,35072,d3d11.dll!CreateDirect3D11DeviceFromDXGIDevice+0x9dfbd,d3d11.dll,4,0.0268,14925,19.999
fourteam_move_postfix,35072,OgreMain.dll!?angleBetween@Vector3@Ogre@@QBE?AVRadian@2@ABV12@@Z+0x1,OgreMain.dll,4,0.0268,14925,19.999
fourteam_move_postfix,35072,OgreMain.dll!?touchVertexBufferCopy@HardwareBufferManagerBase@Ogre@@UAEXABVHardwareVertexBufferSharedPtr@2@@Z+0x4b,OgreMain.dll,4,0.0268,14925,19.999
fourteam_move_postfix,35072,RenderSystem_Direct3D11.dll!?_setTexture@D3D11RenderSystem@Ogre@@UAEXI_NABV?$SharedPtr@VTexture@Ogre@@@2@@Z+0xbb,RenderSystem_Direct3D11.dll,4,0.0268,14925,19.999
fourteam_move_postfix,35072,OgreMain.dll!?isVisible@Frustum@Ogre@@UBE_NABVSphere@2@PAW4FrustumPlane@2@@Z+0x4f,OgreMain.dll,4,0.0268,14925,19.999
fourteam_move_postfix,35072,battlezone98redux.exe!sub_48fd00,battlezone98redux.exe,4,0.0268,14925,19.999
fourteam_move_postfix,35072,battlezone98redux.exe!sub_444f70,battlezone98redux.exe,4,0.0268,14925,19.999
fourteam_move_postfix,35072,RenderSystem_Direct3D11.dll!?bindGpuProgramParameters@D3D11RenderSystem@Ogre@@UAEXW4GpuProgramType@2@V?$SharedPtr@VGpuProgramParameters@Ogre@@@2@G@Z+0x8b,RenderSystem_Direct3D11.dll,4,0.0268,14925,19.999
fourteam_move_postfix,35072,d3d11.dll!CreateDirect3D11DeviceFromDXGIDevice+0x9e040,d3d11.dll,4,0.0268,14925,19.999
fourteam_move_postfix,35072,RenderSystem_Direct3D11.dll!?getFormat@D3D11Mappings@Ogre@@SA?AW4DXGI_FORMAT@@W4IndexType@HardwareIndexBuffer@2@@Z+0x7,RenderSystem_Direct3D11.dll,4,0.0268,14925,19.999
fourteam_move_postfix,35072,nvwgf2um.dll!OpenAdapter10+0x72b2e,nvwgf2um.dll,4,0.0268,14925,19.999
fourteam_move_postfix,35072,OgreMain.dll!?isInLightRange@Light@Ogre@@QBE_NABVSphere@2@@Z+0x14c,OgreMain.dll,4,0.0268,14925,19.999
fourteam_move_postfix,35072,OgreMain.dll!?getSide@Plane@Ogre@@QBE?AW4Side@12@ABVVector3@2@0@Z+0x31,OgreMain.dll,4,0.0268,14925,19.999
fourteam_move_postfix,35072,OgreMain.dll!??4GpuSharedParametersUsage@Ogre@@QAEAAV01@ABV01@@Z+0x2732,OgreMain.dll,4,0.0268,14925,19.999
fourteam_move_postfix,35072,OgreMain.dll!?_updateAutoParams@Pass@Ogre@@QBEXPBVAutoParamDataSource@2@G@Z+0x6a,OgreMain.dll,4,0.0268,14925,19.999
fourteam_move_postfix,35072,battlezone98redux.exe!sub_81ec40,battlezone98redux.exe,4,0.0268,14925,19.999
fourteam_move_postfix,35072,ntdll.dll!_RtlCustomCPToUnicodeN@24+0x104,ntdll.dll,4,0.0268,14925,19.999
fourteam_move_postfix,35072,d3d11.dll!CreateDirect3D11DeviceFromDXGIDevice+0x9f770,d3d11.dll,4,0.0268,14925,19.999
fourteam_move_postfix,35072,MSVCR120.dll!__libm_sse2_asinf+0xd8,MSVCR120.dll,4,0.0268,14925,19.999
fourteam_move_postfix,35072,OgreMain.dll!?_getCombinedVisibilityMask@SceneManager@Ogre@@QBEIXZ+0x3,OgreMain.dll,4,0.0268,14925,19.999
fourteam_move_postfix,35072,battlezone98redux.exe!sub_4ae300,battlezone98redux.exe,4,0.0268,14925,19.999
fourteam_move_postfix,35072,RenderSystem_Direct3D11.dll!?getMonitorSequentialNumberFromSwapChain@MonitorInfo@Ogre@@QAEGPAUIDXGISwapChain@@_N@Z+0x27c0,RenderSystem_Direct3D11.dll,4,0.0268,14925,19.999
fourteam_move_postfix,35072,OgreMain.dll!?merge@VisibleObjectsBoundsInfo@Ogre@@QAEXABVAxisAlignedBox@2@ABVSphere@2@PBVCamera@2@_N@Z+0xa3,OgreMain.dll,4,0.0268,14925,19.999
fourteam_move_postfix,35072,OgreMain.dll!?isInLightRange@Light@Ogre@@QBE_NABVSphere@2@@Z+0x7b,OgreMain.dll,4,0.0268,14925,19.999
fourteam_move_postfix,35072,battlezone98redux.exe!FID_conflict:operator==,battlezone98redux.exe,4,0.0268,14925,19.999
fourteam_move_postfix,35072,MSVCR120.dll!__libm_sse2_asinf+0x1c,MSVCR120.dll,4,0.0268,14925,19.999
fourteam_move_postfix,35072,OgreMain.dll!??4GpuSharedParametersUsage@Ogre@@QAEAAV01@ABV01@@Z+0x27ab,OgreMain.dll,3,0.0201,14925,19.999
fourteam_move_postfix,35072,ntdll.dll!_RtlpFreeNTHeapInternal@12+0x22a,ntdll.dll,3,0.0201,14925,19.999
fourteam_move_postfix,35072,RenderSystem_Direct3D11.dll+0x115e,RenderSystem_Direct3D11.dll,3,0.0201,14925,19.999
fourteam_move_postfix,35072,OgreMain.dll!?getBestTechnique@Material@Ogre@@QAEPAVTechnique@2@GPBVRenderable@2@@Z+0x8b,OgreMain.dll,3,0.0201,14925,19.999
fourteam_move_postfix,35072,battlezone98redux.exe!FID_conflict:operator!=,battlezone98redux.exe,3,0.0201,14925,19.999
fourteam_move_postfix,35072,ntdll.dll!_RtlCustomCPToUnicodeN@24+0x70,ntdll.dll,3,0.0201,14925,19.999
fourteam_move_postfix,35072,OgreMain.dll!?touchVertexBufferCopy@HardwareBufferManagerBase@Ogre@@UAEXABVHardwareVertexBufferSharedPtr@2@@Z+0x38,OgreMain.dll,3,0.0201,14925,19.999
fourteam_move_postfix,35072,OgreMain.dll!?_detectImplementation@OptimisedUtil@Ogre@@KAPAV12@XZ+0x45e7,OgreMain.dll,3,0.0201,14925,19.999
fourteam_move_postfix,35072,OgreMain.dll!?updateView@Frustum@Ogre@@MBEXXZ+0xb,OgreMain.dll,3,0.0201,14925,19.999
fourteam_move_postfix,35072,ntdll.dll!write_string+0x64,ntdll.dll,3,0.0201,14925,19.999
fourteam_move_postfix,35072,ntdll.dll!_NLS_UPCASE@8+0xf,ntdll.dll,3,0.0201,14925,19.999
fourteam_move_postfix,35072,OgreMain.dll!?FastHash@Ogre@@YAIPBDHI@Z+0x30,OgreMain.dll,3,0.0201,14925,19.999
fourteam_move_postfix,35072,d3d11.dll!CreateDirect3D11DeviceFromDXGIDevice+0xa4626,d3d11.dll,3,0.0201,14925,19.999
fourteam_move_postfix,35072,OgreMain.dll!?addRenderable@QueuedRenderableCollection@Ogre@@QAEXPAVPass@2@PAVRenderable@2@@Z+0xc3,OgreMain.dll,3,0.0201,14925,19.999
fourteam_move_postfix,35072,OgreMain.dll!?angleBetween@Vector3@Ogre@@QBE?AVRadian@2@ABV12@@Z+0xd5,OgreMain.dll,3,0.0201,14925,19.999
fourteam_move_postfix,35072,ntdll.dll!_RtlAnsiCharToUnicodeChar@4+0x4e,ntdll.dll,3,0.0201,14925,19.999
fourteam_move_postfix,35072,battlezone98redux.exe!sub_48fbe0,battlezone98redux.exe,3,0.0201,14925,19.999
fourteam_move_postfix,35072,ntdll.dll!_LdrpSetSnapsUnicodeString2@0+0x12,ntdll.dll,3,0.0201,14925,19.999
fourteam_move_postfix,35072,OgreMain.dll!?prepareWorldGeometry@SceneManager@Ogre@@UAEXABV?$basic_string@DU?$char_traits@D@std@@V?$allocator@D@2@@std@@@Z+0x290,OgreMain.dll,3,0.0201,14925,19.999
fourteam_move_postfix,35072,OgreMain.dll!?getLightAttenuation@AutoParamDataSource@Ogre@@UBE?AVVector4@2@I@Z+0x39,OgreMain.dll,3,0.0201,14925,19.999
fourteam_move_postfix,35072,nvwgf2um.dll!SetDependencyInfo+0x5742f,nvwgf2um.dll,3,0.0201,14925,19.999
fourteam_move_postfix,35072,OgreMain.dll!?getLightAs4DVector@AutoParamDataSource@Ogre@@UBE?AVVector4@2@I@Z+0x1a,OgreMain.dll,3,0.0201,14925,19.999
fourteam_move_postfix,35072,battlezone98redux.exe!sub_417460,battlezone98redux.exe,3,0.0201,14925,19.999
fourteam_move_postfix,35072,OgreMain.dll!?getUseIdentityView@Renderable@Ogre@@QBE_NXZ,OgreMain.dll,3,0.0201,14925,19.999
fourteam_move_postfix,35072,OgreMain.dll!?_writeRawConstant@GpuProgramParameters@Ogre@@QAEXIABVVector4@2@I@Z+0x18,OgreMain.dll,3,0.0201,14925,19.999
fourteam_move_postfix,35072,OgreMain.dll!?setCurrentPassIterationCount@RenderSystem@Ogre@@UAEXI@Z+0xd,OgreMain.dll,3,0.0201,14925,19.999
fourteam_move_postfix,35072,KERNEL32.DLL!GetTickCount,KERNEL32.DLL,3,0.0201,14925,19.999
fourteam_move_postfix,35072,ntdll.dll!_memset+0x4,ntdll.dll,3,0.0201,14925,19.999
fourteam_move_postfix,35072,MSVCR120.dll!__libm_sse2_acosf+0x97,MSVCR120.dll,3,0.0201,14925,19.999
fourteam_move_postfix,35072,OgreMain.dll!?_notifyCurrentCamera@MovableObject@Ogre@@UAEXPAVCamera@2@@Z+0x1fa,OgreMain.dll,3,0.0201,14925,19.999
fourteam_move_postfix,35072,OgreMain.dll!?acceptVisitorGrouped@QueuedRenderableCollection@Ogre@@IBEXPAVQueuedRenderableVisitor@2@@Z+0x65,OgreMain.dll,3,0.0201,14925,19.999
fourteam_move_postfix,35072,OgreMain.dll!?_writeRawConstant@GpuProgramParameters@Ogre@@QAEXIABVVector4@2@I@Z+0x1d,OgreMain.dll,3,0.0201,14925,19.999
fourteam_move_postfix,35072,OgreMain.dll!?_notifyCurrentCamera@Entity@Ogre@@UAEXPAVCamera@2@@Z+0x111,OgreMain.dll,3,0.0201,14925,19.999
fourteam_move_postfix,35072,OgreMain.dll!??4GpuSharedParametersUsage@Ogre@@QAEAAV01@ABV01@@Z+0x275a,OgreMain.dll,3,0.0201,14925,19.999
fourteam_move_postfix,35072,OgreMain.dll!?renderSingleObject@SceneManager@Ogre@@MAEXPAVRenderable@2@PBVPass@2@_N2PBV?$HashedVector@PAVLight@Ogre@@@2@@Z+0xaa,OgreMain.dll,3,0.0201,14925,19.999
fourteam_move_postfix,35072,ntdll.dll!_RtlFlsGetValue@8,ntdll.dll,3,0.0201,14925,19.999
fourteam_move_postfix,35072,OgreMain.dll+0xb7fd,OgreMain.dll,3,0.0201,14925,19.999
fourteam_move_postfix,35072,nvwgf2um.dll!OpenAdapter10+0x72010,nvwgf2um.dll,3,0.0201,14925,19.999
fourteam_move_postfix,35072,OgreMain.dll!?_updateAutoParams@GpuProgramParameters@Ogre@@QAEXPBVAutoParamDataSource@2@G@Z+0x1f68,OgreMain.dll,3,0.0201,14925,19.999
fourteam_move_postfix,35072,OgreMain.dll!?isInLightRange@Light@Ogre@@QBE_NABVSphere@2@@Z+0x153,OgreMain.dll,3,0.0201,14925,19.999
fourteam_move_postfix,35072,d3d11.dll+0x27051,d3d11.dll,3,0.0201,14925,19.999
fourteam_move_postfix,35072,OgreMain.dll!?getLightSpecularColourWithPower@AutoParamDataSource@Ogre@@UBE?BVColourValue@2@I@Z+0x3a,OgreMain.dll,3,0.0201,14925,19.999
fourteam_move_postfix,35072,OgreMain.dll!?touchVertexBufferCopy@HardwareBufferManagerBase@Ogre@@UAEXABVHardwareVertexBufferSharedPtr@2@@Z+0x43,OgreMain.dll,3,0.0201,14925,19.999
fourteam_move_postfix,35072,nvwgf2um.dll!OpenAdapter10+0x74f5e,nvwgf2um.dll,3,0.0201,14925,19.999
fourteam_move_postfix,35072,ntdll.dll!_RtlAnsiStringToUnicodeString@12+0xff,ntdll.dll,3,0.0201,14925,19.999
fourteam_move_postfix,35072,OgreMain.dll!?setVisible@MovableObject@Ogre@@UAEX_N@Z+0x1e,OgreMain.dll,3,0.0201,14925,19.999
fourteam_move_postfix,35072,OgreMain.dll!?getBestTechnique@Material@Ogre@@QAEPAVTechnique@2@GPBVRenderable@2@@Z+0x7c,OgreMain.dll,3,0.0201,14925,19.999
fourteam_move_postfix,35072,OgreMain.dll!?getSide@Plane@Ogre@@QBE?AW4Side@12@ABVVector3@2@0@Z+0x69,OgreMain.dll,3,0.0201,14925,19.999
fourteam_move_postfix,35072,OgreMain.dll!?isInLightRange@Light@Ogre@@QBE_NABVSphere@2@@Z+0x74,OgreMain.dll,3,0.0201,14925,19.999
fourteam_move_postfix,35072,OgreMain.dll!?getParameters@GpuProgramUsage@Ogre@@QAE?AV?$SharedPtr@VGpuProgramParameters@Ogre@@@2@XZ+0xd4,OgreMain.dll,3,0.0201,14925,19.999
fourteam_move_postfix,35072,RenderSystem_Direct3D11.dll!?unlockImpl@D3D11HardwareBuffer@Ogre@@MAEXXZ+0x56,RenderSystem_Direct3D11.dll,3,0.0201,14925,19.999
fourteam_move_postfix,35072,ntdll.dll!_RtlpFindUnicodeStringInSection@32+0xb7,ntdll.dll,3,0.0201,14925,19.999
fourteam_move_postfix,35072,d3d11.dll!CreateDirect3D11DeviceFromDXGIDevice+0xbc502,d3d11.dll,3,0.0201,14925,19.999
fourteam_move_postfix,35072,OgreMain.dll!?tempSkelAnimBuffersBound@Entity@Ogre@@IBE_N_N@Z+0x5c,OgreMain.dll,3,0.0201,14925,19.999
fourteam_move_postfix,35072,ntdll.dll!_RtlpAbFindLockEntry@4+0x25,ntdll.dll,3,0.0201,14925,19.999
fourteam_move_postfix,35072,d3d11.dll!CreateDirect3D11DeviceFromDXGIDevice+0x9f8ca,d3d11.dll,3,0.0201,14925,19.999
fourteam_move_postfix,35072,battlezone98redux.exe!sub_462380,battlezone98redux.exe,3,0.0201,14925,19.999
fourteam_move_postfix,35072,battlezone98redux.exe!sub_462590,battlezone98redux.exe,3,0.0201,14925,19.999
fourteam_move_postfix,35072,battlezone98redux.exe!sub_67a1e0,battlezone98redux.exe,3,0.0201,14925,19.999
fourteam_move_postfix,35072,ntdll.dll!_RtlpAbFindLockEntry@4+0xf,ntdll.dll,3,0.0201,14925,19.999
fourteam_move_postfix,35072,battlezone98redux.exe!sub_6797a0,battlezone98redux.exe,3,0.0201,14925,19.999
fourteam_move_postfix,35072,OgreMain.dll!?_calcTempSquareDist@Light@Ogre@@QAEXABVVector3@2@@Z+0x3a,OgreMain.dll,3,0.0201,14925,19.999
fourteam_move_postfix,35072,OgreMain.dll!?getVertexDataForBinding@SubEntity@Ogre@@QAEPAVVertexData@2@XZ+0x46,OgreMain.dll,3,0.0201,14925,19.999
fourteam_move_postfix,35072,battlezone98redux.exe!sub_62be60,battlezone98redux.exe,3,0.0201,14925,19.999
fourteam_move_postfix,35072,OgreMain.dll!?isInLightRange@Light@Ogre@@QBE_NABVSphere@2@@Z+0x2b,OgreMain.dll,3,0.0201,14925,19.999
fourteam_move_postfix,35072,d3d11.dll!CreateDirect3D11DeviceFromDXGIDevice+0xbc60f,d3d11.dll,3,0.0201,14925,19.999
fourteam_move_postfix,35072,OgreMain.dll!?getSpotlightParams@AutoParamDataSource@Ogre@@UBE?AVVector4@2@I@Z+0x45,OgreMain.dll,3,0.0201,14925,19.999
fourteam_move_postfix,35072,OgreMain.dll!?_updateBounds@SceneNode@Ogre@@UAEXXZ+0x268,OgreMain.dll,3,0.0201,14925,19.999
fourteam_move_postfix,35072,ntdll.dll!_ZwQueryInformationThread@20+0xc,ntdll.dll,3,0.0201,14925,19.999
fourteam_move_postfix,35072,OgreMain.dll!?buffersCheckedOut@TempBlendedBufferInfo@Ogre@@QBE_N_N0@Z+0x35,OgreMain.dll,3,0.0201,14925,19.999
fourteam_move_postfix,35072,RenderSystem_Direct3D11.dll!?setVertexDeclaration@D3D11RenderSystem@Ogre@@QAEXPAVVertexDeclaration@2@PAVVertexBufferBinding@2@@Z+0x6,RenderSystem_Direct3D11.dll,3,0.0201,14925,19.999
fourteam_move_postfix,35072,OgreMain.dll!?ACos@Math@Ogre@@SA?AVRadian@2@M@Z+0x1e,OgreMain.dll,3,0.0201,14925,19.999
fourteam_move_postfix,35072,OgreMain.dll!??RlightsForShadowTextureLess@SceneManager@Ogre@@QBE_NPBVLight@2@0@Z+0x7,OgreMain.dll,3,0.0201,14925,19.999
fourteam_move_postfix,35072,OgreMain.dll!?prepareWorldGeometry@SceneManager@Ogre@@UAEXABV?$basic_string@DU?$char_traits@D@std@@V?$allocator@D@2@@std@@@Z+0x231,OgreMain.dll,3,0.0201,14925,19.999
fourteam_move_postfix,35072,OgreMain.dll!?getLightDirection@AutoParamDataSource@Ogre@@UBEABVVector3@2@I@Z+0xb,OgreMain.dll,3,0.0201,14925,19.999
fourteam_move_postfix,35072,MSVCR120.dll!wcschr+0xcd,MSVCR120.dll,3,0.0201,14925,19.999
fourteam_move_postfix,35072,OgreMain.dll!?lock@HardwareBuffer@Ogre@@UAEPAXIIW4LockOptions@12@W4UploadOptions@12@@Z+0x190,OgreMain.dll,3,0.0201,14925,19.999
fourteam_move_postfix,35072,OgreMain.dll!?getSurfaceSpecularColour@AutoParamDataSource@Ogre@@UBEABVColourValue@2@XZ,OgreMain.dll,3,0.0201,14925,19.999
fourteam_move_postfix,35072,OgreMain.dll!?_updateAutoParams@Pass@Ogre@@QBEXPBVAutoParamDataSource@2@G@Z+0xf1,OgreMain.dll,3,0.0201,14925,19.999
fourteam_move_postfix,35072,OgreMain.dll!?_getCurrentSceneManager@Root@Ogre@@QBEPAVSceneManager@2@XZ+0x25,OgreMain.dll,3,0.0201,14925,19.999
fourteam_move_postfix,35072,OgreMain.dll!?setWorldMatrices@AutoParamDataSource@Ogre@@UAEXPBVMatrix4@2@I@Z+0xc,OgreMain.dll,3,0.0201,14925,19.999
fourteam_move_postfix,35072,ntdll.dll!_LdrpWriteToSnapsBuffer@16+0xb,ntdll.dll,3,0.0201,14925,19.999
fourteam_move_postfix,35072,ntdll.dll!__vsnwprintf_l+0xc,ntdll.dll,3,0.0201,14925,19.999
fourteam_move_postfix,35072,battlezone98redux.exe!sub_4b6c80,battlezone98redux.exe,3,0.0201,14925,19.999
fourteam_move_postfix,35072,OgreMain.dll!?getNumWorldTransforms@SubEntity@Ogre@@UBEGXZ+0x6,OgreMain.dll,3,0.0201,14925,19.999
fourteam_move_postfix,35072,ucrtbase.dll!_memcmp+0x2e1,ucrtbase.dll,3,0.0201,14925,19.999
fourteam_move_postfix,35072,OgreMain.dll+0x6b22,OgreMain.dll,3,0.0201,14925,19.999
fourteam_move_postfix,35072,OgreMain.dll!?getLightSpecularColourWithPower@AutoParamDataSource@Ogre@@UBE?BVColourValue@2@I@Z,OgreMain.dll,3,0.0201,14925,19.999
fourteam_move_postfix,35072,d3d11.dll!CreateDirect3D11DeviceFromDXGIDevice+0x9f226,d3d11.dll,3,0.0201,14925,19.999
fourteam_move_postfix,35072,RenderSystem_Direct3D11.dll!?getVertexShader@D3D11HLSLProgram@Ogre@@QBEPAUID3D11VertexShader@@XZ+0x6,RenderSystem_Direct3D11.dll,3,0.0201,14925,19.999
fourteam_move_postfix,35072,RenderSystem_Direct3D11.dll!?_render@D3D11RenderSystem@Ogre@@UAEXABVRenderOperation@2@@Z+0x1631,RenderSystem_Direct3D11.dll,3,0.0201,14925,19.999
fourteam_move_postfix,35072,battlezone98redux.exe!sub_62bc80,battlezone98redux.exe,3,0.0201,14925,19.999
fourteam_move_postfix,35072,OgreMain.dll!?_updateAutoParams@GpuProgramParameters@Ogre@@QAEXPBVAutoParamDataSource@2@G@Z+0x1abe,OgreMain.dll,3,0.0201,14925,19.999
fourteam_move_postfix,35072,OgreMain.dll!??4GpuSharedParametersUsage@Ogre@@QAEAAV01@ABV01@@Z+0x2727,OgreMain.dll,3,0.0201,14925,19.999
fourteam_move_postfix,35072,d3d11.dll!CreateDirect3D11DeviceFromDXGIDevice+0x9f9ea,d3d11.dll,3,0.0201,14925,19.999
fourteam_move_postfix,35072,OgreMain.dll!?ASin@Math@Ogre@@SA?AVRadian@2@M@Z+0x1,OgreMain.dll,3,0.0201,14925,19.999
fourteam_move_postfix,35072,OgreMain.dll!?getProjectionMatrix@AutoParamDataSource@Ogre@@UBEABVMatrix4@2@XZ+0x9b,OgreMain.dll,3,0.0201,14925,19.999
fourteam_move_postfix,35072,ntdll.dll!_ZwQueryInformationProcess@20+0x26,ntdll.dll,3,0.0201,14925,19.999
fourteam_move_postfix,35072,OgreMain.dll!?isVisible@ShadowRenderable@Ogre@@UBE_NXZ+0x16f,OgreMain.dll,3,0.0201,14925,19.999
fourteam_move_postfix,35072,OgreMain.dll!?renderSingleObject@SceneManager@Ogre@@MAEXPAVRenderable@2@PBVPass@2@_N2PBV?$HashedVector@PAVLight@Ogre@@@2@@Z+0x180,OgreMain.dll,3,0.0201,14925,19.999
fourteam_move_postfix,35072,OgreMain.dll!?_updateAutoParams@GpuProgramParameters@Ogre@@QAEXPBVAutoParamDataSource@2@G@Z+0x1c32,OgreMain.dll,3,0.0201,14925,19.999
fourteam_move_postfix,35072,battlezone98redux.exe!sub_493ec0,battlezone98redux.exe,3,0.0201,14925,19.999
fourteam_move_postfix,35072,OgreMain.dll!?_issueRenderOp@SceneManager@Ogre@@UAEXPAVRenderable@2@PBVPass@2@@Z,OgreMain.dll,3,0.0201,14925,19.999
fourteam_move_postfix,35072,OgreMain.dll!?_detectImplementation@OptimisedUtil@Ogre@@KAPAV12@XZ+0x4510,OgreMain.dll,3,0.0201,14925,19.999
fourteam_move_postfix,35072,OgreMain.dll!?angleBetween@Vector3@Ogre@@QBE?AVRadian@2@ABV12@@Z+0x45,OgreMain.dll,3,0.0201,14925,19.999
fourteam_move_postfix,35072,MSVCR120.dll!__libm_sse2_asinf+0x53,MSVCR120.dll,3,0.0201,14925,19.999
fourteam_move_postfix,35072,OgreMain.dll!?normalise@Vector3@Ogre@@QAEMXZ+0x54,OgreMain.dll,3,0.0201,14925,19.999
fourteam_move_postfix,35072,ntdll.dll!_memset+0x2f,ntdll.dll,3,0.0201,14925,19.999
fourteam_move_postfix,35072,OgreMain.dll!?_updateAutoParams@GpuProgramParameters@Ogre@@QAEXPBVAutoParamDataSource@2@G@Z+0x1a7f,OgreMain.dll,3,0.0201,14925,19.999
fourteam_move_postfix,35072,ntdll.dll!_wctomb_s+0x18,ntdll.dll,3,0.0201,14925,19.999
fourteam_move_postfix,35072,OgreMain.dll!?_updateAutoParams@GpuProgramParameters@Ogre@@QAEXPBVAutoParamDataSource@2@G@Z+0x1f03,OgreMain.dll,3,0.0201,14925,19.999
fourteam_move_postfix,35072,OgreMain.dll!?getLightAttenuation@AutoParamDataSource@Ogre@@UBE?AVVector4@2@I@Z+0x5a,OgreMain.dll,3,0.0201,14925,19.999
fourteam_move_postfix,35072,OgreMain.dll!?RealEqual@Math@Ogre@@SA_NMMM@Z+0x19,OgreMain.dll,3,0.0201,14925,19.999
fourteam_move_postfix,35072,OgreMain.dll!?_getCurrentSceneManager@Root@Ogre@@QBEPAVSceneManager@2@XZ+0x2e,OgreMain.dll,3,0.0201,14925,19.999
fourteam_move_postfix,35072,OgreMain.dll!?_issueRenderOp@SceneManager@Ogre@@UAEXPAVRenderable@2@PBVPass@2@@Z+0x7e,OgreMain.dll,3,0.0201,14925,19.999
fourteam_move_postfix,35072,OgreMain.dll!?getTextureUnitStateIterator@Pass@Ogre@@QBE?AV?$ConstVectorIterator@V?$vector@PAVTextureUnitState@Ogre@@V?$STLAllocator@PAVTextureUnitState@Ogre@@V?$CategorisedAllocPolicy@$0A@@2@@2@@std@@@2@XZ+0x1a,OgreMain.dll,3,0.0201,14925,19.999
fourteam_move_postfix,35072,OgreMain.dll+0x35774,OgreMain.dll,3,0.0201,14925,19.999
fourteam_move_postfix,35072,OgreMain.dll!?_notifyCurrentCamera@Entity@Ogre@@UAEXPAVCamera@2@@Z+0x45,OgreMain.dll,3,0.0201,14925,19.999
fourteam_move_postfix,35072,OgreMain.dll!?_updateAutoParams@Pass@Ogre@@QBEXPBVAutoParamDataSource@2@G@Z+0x43,OgreMain.dll,3,0.0201,14925,19.999
fourteam_move_postfix,35072,battlezone98redux.exe!sub_67ba40,battlezone98redux.exe,3,0.0201,14925,19.999
fourteam_move_postfix,35072,OgreMain.dll!?determinant@Matrix4@Ogre@@QBEMXZ+0xa0,OgreMain.dll,3,0.0201,14925,19.999
fourteam_move_postfix,35072,OgreMain.dll!?getQueueGroup@RenderQueue@Ogre@@QAEPAVRenderQueueGroup@2@E@Z+0x43,OgreMain.dll,3,0.0201,14925,19.999
fourteam_move_postfix,35072,OgreMain.dll!?merge@AxisAlignedBox@Ogre@@QAEXABV12@@Z+0x6,OgreMain.dll,3,0.0201,14925,19.999
fourteam_move_postfix,35072,OgreMain.dll!?updateAnimation@Entity@Ogre@@IAEXXZ+0x11d,OgreMain.dll,3,0.0201,14925,19.999
fourteam_move_postfix,35072,OgreMain.dll!?waitForNextRequest@DefaultWorkQueue@Ogre@@MAEXXZ+0x11ce58,OgreMain.dll,3,0.0201,14925,19.999
fourteam_move_postfix,35072,RenderSystem_Direct3D11.dll!?_render@D3D11RenderSystem@Ogre@@UAEXABVRenderOperation@2@@Z+0x132f,RenderSystem_Direct3D11.dll,3,0.0201,14925,19.999
fourteam_move_postfix,35072,OgreMain.dll!?isVisible@ShadowRenderable@Ogre@@UBE_NXZ+0x141,OgreMain.dll,3,0.0201,14925,19.999
fourteam_move_postfix,35072,nvwgf2um.dll!NVENCODEAPI_Thunk+0x2176d1,nvwgf2um.dll,3,0.0201,14925,19.999
fourteam_move_postfix,35072,OgreMain.dll+0x3ff7b,OgreMain.dll,3,0.0201,14925,19.999
fourteam_move_postfix,35072,ntdll.dll!_RtlpAbAllocateLockEntry@0+0xe,ntdll.dll,3,0.0201,14925,19.999
fourteam_move_postfix,35072,MSVCR120.dll!__libm_sse2_acosf+0x7e,MSVCR120.dll,3,0.0201,14925,19.999
fourteam_move_postfix,35072,RenderSystem_Direct3D11.dll!?_render@D3D11RenderSystem@Ogre@@UAEXABVRenderOperation@2@@Z+0x1831,RenderSystem_Direct3D11.dll,3,0.0201,14925,19.999
fourteam_move_postfix,35072,OgreMain.dll!?_writeRawConstant@GpuProgramParameters@Ogre@@QAEXIABVMatrix4@2@I@Z+0x3b,OgreMain.dll,3,0.0201,14925,19.999
fourteam_move_postfix,35072,OgreMain.dll!?getPassIterator@Technique@Ogre@@QAE?BV?$VectorIterator@V?$vector@PAVPass@Ogre@@V?$STLAllocator@PAVPass@Ogre@@V?$CategorisedAllocPolicy@$0A@@2@@2@@std@@@2@XZ+0xd,OgreMain.dll,3,0.0201,14925,19.999
fourteam_move_postfix,35072,ntdll.dll!_RtlAllocateHeap@12+0x2,ntdll.dll,3,0.0201,14925,19.999
fourteam_move_postfix,35072,OgreMain.dll!?getTextureUnitStateIterator@Pass@Ogre@@QBE?AV?$ConstVectorIterator@V?$vector@PAVTextureUnitState@Ogre@@V?$STLAllocator@PAVTextureUnitState@Ogre@@V?$CategorisedAllocPolicy@$0A@@2@@2@@std@@@2@XZ+0x3,OgreMain.dll,3,0.0201,14925,19.999
fourteam_move_postfix,35072,OgreMain.dll!?getTextureUnitStateIterator@Pass@Ogre@@QBE?AV?$ConstVectorIterator@V?$vector@PAVTextureUnitState@Ogre@@V?$STLAllocator@PAVTextureUnitState@Ogre@@V?$CategorisedAllocPolicy@$0A@@2@@2@@std@@@2@XZ+0x1,OgreMain.dll,3,0.0201,14925,19.999
fourteam_move_postfix,35072,d3d11.dll+0x2b939,d3d11.dll,3,0.0201,14925,19.999
fourteam_move_postfix,35072,ntdll.dll!__output_l+0x328,ntdll.dll,3,0.0201,14925,19.999
fourteam_move_postfix,35072,ntdll.dll!_RtlpFreeNTHeapInternal@12+0x217,ntdll.dll,3,0.0201,14925,19.999
fourteam_move_postfix,35072,nvwgf2um.dll!OpenAdapter10+0x74f59,nvwgf2um.dll,3,0.0201,14925,19.999
fourteam_move_postfix,35072,OgreMain.dll!?findLightsAffectingFrustum@SceneManager@Ogre@@MAEXPBVCamera@2@@Z+0xfa,OgreMain.dll,3,0.0201,14925,19.999
fourteam_move_postfix,35072,RenderSystem_Direct3D11.dll!?bindGpuProgramParameters@D3D11RenderSystem@Ogre@@UAEXW4GpuProgramType@2@V?$SharedPtr@VGpuProgramParameters@Ogre@@@2@G@Z+0xad,RenderSystem_Direct3D11.dll,3,0.0201,14925,19.999
fourteam_move_postfix,35072,battlezone98redux.exe!sub_4af020,battlezone98redux.exe,3,0.0201,14925,19.999
fourteam_move_postfix,35072,OgreMain.dll!?_notifyCurrentCamera@Entity@Ogre@@UAEXPAVCamera@2@@Z+0x1fa,OgreMain.dll,3,0.0201,14925,19.999
fourteam_move_postfix,35072,d3d11.dll!CreateDirect3D11DeviceFromDXGIDevice+0xbda30,d3d11.dll,3,0.0201,14925,19.999
fourteam_move_postfix,35072,OgreMain.dll!?updateGpuProgramParameters@SceneManager@Ogre@@MAEXPBVPass@2@@Z,OgreMain.dll,3,0.0201,14925,19.999
fourteam_move_postfix,35072,OgreMain.dll!?getIndexAscending@LodStrategy@Ogre@@KAGMABV?$vector@MV?$STLAllocator@MV?$CategorisedAllocPolicy@$0A@@Ogre@@@Ogre@@@std@@@Z+0xc,OgreMain.dll,3,0.0201,14925,19.999
fourteam_move_postfix,35072,OgreMain.dll!??DMatrix3@Ogre@@QBE?AVVector3@1@ABV21@@Z+0x68,OgreMain.dll,3,0.0201,14925,19.999
fourteam_move_postfix,35072,OgreMain.dll!?merge@VisibleObjectsBoundsInfo@Ogre@@QAEXABVAxisAlignedBox@2@ABVSphere@2@PBVCamera@2@_N@Z+0x13f,OgreMain.dll,3,0.0201,14925,19.999
fourteam_move_postfix,35072,OgreMain.dll!?isViewOutOfDate@Camera@Ogre@@MBE_NXZ+0x51a,OgreMain.dll,3,0.0201,14925,19.999
fourteam_move_postfix,35072,OgreMain.dll!?_detectImplementation@OptimisedUtil@Ogre@@KAPAV12@XZ+0x4671,OgreMain.dll,3,0.0201,14925,19.999
fourteam_move_postfix,35072,nvwgf2um.dll!OpenAdapter10+0x726fe,nvwgf2um.dll,3,0.0201,14925,19.999
fourteam_move_postfix,35072,ntdll.dll!_RtlAbPostRelease@8+0x2,ntdll.dll,3,0.0201,14925,19.999
fourteam_move_postfix,35072,OgreMain.dll!?_issueRenderOp@SceneManager@Ogre@@UAEXPAVRenderable@2@PBVPass@2@@Z+0x11,OgreMain.dll,3,0.0201,14925,19.999
fourteam_move_postfix,35072,OgreMain.dll!?getSide@Plane@Ogre@@QBE?AW4Side@12@ABVVector3@2@0@Z+0x6c,OgreMain.dll,3,0.0201,14925,19.999
fourteam_move_postfix,35072,battlezone98redux.exe!sub_443370,battlezone98redux.exe,3,0.0201,14925,19.999
fourteam_move_postfix,35072,OgreMain.dll!?_getCurrentSceneManager@Root@Ogre@@QBEPAVSceneManager@2@XZ+0x50,OgreMain.dll,3,0.0201,14925,19.999
fourteam_move_postfix,35072,OgreMain.dll+0x1481c,OgreMain.dll,3,0.0201,14925,19.999
fourteam_move_postfix,35072,OgreMain.dll!?getLight@AutoParamDataSource@Ogre@@IBEABVLight@2@I@Z+0x24,OgreMain.dll,3,0.0201,14925,19.999
fourteam_move_postfix,35072,OgreMain.dll+0xd1c5,OgreMain.dll,3,0.0201,14925,19.999
fourteam_move_postfix,35072,OgreMain.dll+0x24cdf,OgreMain.dll,3,0.0201,14925,19.999
fourteam_move_postfix,35072,OgreMain.dll!?ASin@Math@Ogre@@SA?AVRadian@2@M@Z+0x2a,OgreMain.dll,3,0.0201,14925,19.999
fourteam_move_postfix,35072,MSVCR120.dll!floor+0x2c,MSVCR120.dll,3,0.0201,14925,19.999
fourteam_move_postfix,35072,OgreMain.dll!?clone@Animation@Ogre@@QBEPAV12@ABV?$basic_string@DU?$char_traits@D@std@@V?$allocator@D@2@@std@@@Z+0x243,OgreMain.dll,3,0.0201,14925,19.999
fourteam_move_postfix,35072,OgreMain.dll!?_setPass@SceneManager@Ogre@@UAEPBVPass@2@PBV32@_N1@Z+0x321,OgreMain.dll,3,0.0201,14925,19.999
fourteam_move_postfix,35072,OgreMain.dll!?touchVertexBufferCopy@HardwareBufferManagerBase@Ogre@@UAEXABVHardwareVertexBufferSharedPtr@2@@Z+0x8a,OgreMain.dll,3,0.0201,14925,19.999
fourteam_move_postfix,35072,OgreMain.dll+0x1f7f3,OgreMain.dll,3,0.0201,14925,19.999
fourteam_move_postfix,35072,nvwgf2um.dll!SetDependencyInfo+0x57671,nvwgf2um.dll,3,0.0201,14925,19.999
fourteam_move_postfix,35072,d3d11.dll!CreateDirect3D11DeviceFromDXGIDevice+0xbda32,d3d11.dll,3,0.0201,14925,19.999
fourteam_move_postfix,35072,ntdll.dll!RtlStringVPrintfWorkerA+0x4c,ntdll.dll,3,0.0201,14925,19.999
fourteam_move_postfix,35072,OgreMain.dll!?getWorldBoundingSphere@MovableObject@Ogre@@UBEABVSphere@2@_N@Z+0x37,OgreMain.dll,3,0.0201,14925,19.999
fourteam_move_postfix,35072,nvwgf2um.dll!SetDependencyInfo+0x4b1a0,nvwgf2um.dll,3,0.0201,14925,19.999
fourteam_move_postfix,35072,RenderSystem_Direct3D11.dll!?getMonitorSequentialNumberFromSwapChain@MonitorInfo@Ogre@@QAEGPAUIDXGISwapChain@@_N@Z+0x2f08,RenderSystem_Direct3D11.dll,3,0.0201,14925,19.999
fourteam_move_postfix,35072,OgreMain.dll+0x4ae3,OgreMain.dll,3,0.0201,14925,19.999
fourteam_move_postfix,35072,OgreMain.dll!?_detectImplementation@OptimisedUtil@Ogre@@KAPAV12@XZ+0x459c,OgreMain.dll,3,0.0201,14925,19.999
fourteam_move_postfix,35072,OgreMain.dll!?_populateLightList@SceneManager@Ogre@@UAEXABVVector3@2@MAAV?$HashedVector@PAVLight@Ogre@@@2@I@Z+0x2bb,OgreMain.dll,3,0.0201,14925,19.999
fourteam_move_postfix,35072,OgreMain.dll!?angleBetween@Vector3@Ogre@@QBE?AVRadian@2@ABV12@@Z+0x63,OgreMain.dll,3,0.0201,14925,19.999
fourteam_move_postfix,35072,RenderSystem_Direct3D11.dll+0x3242,RenderSystem_Direct3D11.dll,3,0.0201,14925,19.999
fourteam_move_postfix,35072,battlezone98redux.exe!sub_4deec0,battlezone98redux.exe,3,0.0201,14925,19.999
fourteam_move_postfix,35072,d3d11.dll!CreateDirect3D11DeviceFromDXGIDevice+0x603eb,d3d11.dll,3,0.0201,14925,19.999
fourteam_move_postfix,35072,ntdll.dll!__aulldvrm+0x7c,ntdll.dll,3,0.0201,14925,19.999
fourteam_move_postfix,35072,OgreMain.dll!?visitRenderables@Entity@Ogre@@UAEXPAVVisitor@Renderable@2@_N@Z+0x2f,OgreMain.dll,3,0.0201,14925,19.999
fourteam_move_postfix,35072,WINMM.dll@6ea10000!BZROpenShim::`anonymous namespace'::StringIsTruthy+0xea,WINMM.dll@6ea10000,3,0.0201,14925,19.999
fourteam_move_postfix,35072,OgreMain.dll!?prepareWorldGeometry@SceneManager@Ogre@@UAEXABV?$basic_string@DU?$char_traits@D@std@@V?$allocator@D@2@@std@@@Z+0x289,OgreMain.dll,3,0.0201,14925,19.999
fourteam_move_postfix,35072,OgreMain.dll!?_issueRenderOp@SceneManager@Ogre@@UAEXPAVRenderable@2@PBVPass@2@@Z+0x18,OgreMain.dll,3,0.0201,14925,19.999
fourteam_move_postfix,35072,battlezone98redux.exe!sub_417e20,battlezone98redux.exe,3,0.0201,14925,19.999
fourteam_move_postfix,35072,OgreMain.dll!?angleBetween@Vector3@Ogre@@QBE?AVRadian@2@ABV12@@Z+0x23,OgreMain.dll,3,0.0201,14925,19.999
fourteam_move_postfix,35072,OgreMain.dll!?renderSingleObject@SceneManager@Ogre@@MAEXPAVRenderable@2@PBVPass@2@_N2PBV?$HashedVector@PAVLight@Ogre@@@2@@Z+0x9a4,OgreMain.dll,3,0.0201,14925,19.999
fourteam_move_postfix,35072,OgreMain.dll!?load@Resource@Ogre@@UAEX_N@Z+0x3a,OgreMain.dll,3,0.0201,14925,19.999
fourteam_move_postfix,35072,ntdll.dll!__woutput_l+0x4d9,ntdll.dll,3,0.0201,14925,19.999
fourteam_move_postfix,35072,OgreMain.dll!?angleBetween@Vector3@Ogre@@QBE?AVRadian@2@ABV12@@Z+0x6a,OgreMain.dll,3,0.0201,14925,19.999
fourteam_move_postfix,35072,OgreMain.dll!?getDistance@Plane@Ogre@@QBEMABVVector3@2@@Z+0x2f,OgreMain.dll,3,0.0201,14925,19.999
fourteam_move_postfix,35072,d3d11.dll!D3D11CoreCreateDevice+0x11b02,d3d11.dll,3,0.0201,14925,19.999
fourteam_move_postfix,35072,MSVCR120.dll!__libm_sse2_asinf+0x220,MSVCR120.dll,3,0.0201,14925,19.999
fourteam_move_postfix,35072,OgreMain.dll!?isShadowTechniqueModulative@SceneManager@Ogre@@UBE_NXZ+0x8,OgreMain.dll,3,0.0201,14925,19.999
fourteam_move_postfix,35072,OgreMain.dll!?updateGpuProgramParameters@SceneManager@Ogre@@MAEXPBVPass@2@@Z+0x7,OgreMain.dll,3,0.0201,14925,19.999
fourteam_move_postfix,35072,RenderSystem_Direct3D11.dll+0x6582,RenderSystem_Direct3D11.dll,3,0.0201,14925,19.999
fourteam_move_postfix,35072,OgreMain.dll!?_writeRawConstant@GpuProgramParameters@Ogre@@QAEXIABVVector4@2@I@Z+0x8,OgreMain.dll,3,0.0201,14925,19.999
fourteam_move_postfix,35072,battlezone98redux.exe!Getal,battlezone98redux.exe,3,0.0201,14925,19.999
fourteam_move_postfix,35072,KERNEL32.DLL!GetLastError,KERNEL32.DLL,3,0.0201,14925,19.999
fourteam_move_postfix,35072,battlezone98redux.exe!sub_5c19d0,battlezone98redux.exe,3,0.0201,14925,19.999
fourteam_move_postfix,35072,OgreMain.dll!?_findNamedConstantDefinition@GpuProgramParameters@Ogre@@QBEPBUGpuConstantDefinition@2@ABV?$basic_string@DU?$char_traits@D@std@@V?$allocator@D@2@@std@@_N@Z+0x30,OgreMain.dll,3,0.0201,14925,19.999
fourteam_move_postfix,35072,OgreMain.dll!?getAs4DVector@Light@Ogre@@QBE?AVVector4@2@_N@Z+0x4f,OgreMain.dll,3,0.0201,14925,19.999
fourteam_move_postfix,35072,OgreMain.dll!?getSingleton@Root@Ogre@@SAAAV12@XZ+0x5,OgreMain.dll,3,0.0201,14925,19.999
fourteam_move_postfix,35072,OgreMain.dll!?getDistance@Plane@Ogre@@QBEMABVVector3@2@@Z+0x1,OgreMain.dll,3,0.0201,14925,19.999
fourteam_move_postfix,35072,OgreMain.dll!?_setPass@SceneManager@Ogre@@UAEPBVPass@2@PBV32@_N1@Z+0x116,OgreMain.dll,3,0.0201,14925,19.999
fourteam_move_postfix,35072,OgreMain.dll!?addRenderable@RenderQueue@Ogre@@QAEXPAVRenderable@2@EG@Z+0x1d7,OgreMain.dll,3,0.0201,14925,19.999
fourteam_move_postfix,35072,RenderSystem_Direct3D11.dll!?getMonitorSequentialNumberFromSwapChain@MonitorInfo@Ogre@@QAEGPAUIDXGISwapChain@@_N@Z+0x2f17,RenderSystem_Direct3D11.dll,3,0.0201,14925,19.999
fourteam_move_postfix,35072,MSVCR120.dll!__libm_sse2_acosf+0x1e7,MSVCR120.dll,3,0.0201,14925,19.999
fourteam_move_postfix,35072,MSVCR120.dll!floor+0x28,MSVCR120.dll,3,0.0201,14925,19.999
fourteam_move_postfix,35072,OgreMain.dll!?_updateAutoParams@GpuProgramParameters@Ogre@@QAEXPBVAutoParamDataSource@2@G@Z+0x2050,OgreMain.dll,3,0.0201,14925,19.999
fourteam_move_postfix,35072,OgreMain.dll!?getBestTechnique@Material@Ogre@@QAEPAVTechnique@2@GPBVRenderable@2@@Z+0x4f,OgreMain.dll,3,0.0201,14925,19.999
fourteam_move_postfix,35072,MSVCR120.dll!__libm_sse2_asinf+0x98,MSVCR120.dll,3,0.0201,14925,19.999
fourteam_move_postfix,35072,battlezone98redux.exe!sub_44efb0,battlezone98redux.exe,3,0.0201,14925,19.999
fourteam_move_postfix,35072,OgreMain.dll!?_updateAutoParams@GpuProgramParameters@Ogre@@QAEXPBVAutoParamDataSource@2@G@Z+0x1af2,OgreMain.dll,3,0.0201,14925,19.999
fourteam_move_postfix,35072,OgreMain.dll!?getDistance@Plane@Ogre@@QBEMABVVector3@2@@Z+0x14,OgreMain.dll,3,0.0201,14925,19.999
fourteam_move_postfix,35072,MSVCR120.dll!wcsnlen+0x14f,MSVCR120.dll,3,0.0201,14925,19.999
fourteam_move_postfix,35072,battlezone98redux.exe!sub_497aa0,battlezone98redux.exe,3,0.0201,14925,19.999
fourteam_move_postfix,35072,ntdll.dll!_RtlpLocalInfoAllocFromCache@8+0x51,ntdll.dll,3,0.0201,14925,19.999
fourteam_move_postfix,35072,d3d11.dll+0x30d9a,d3d11.dll,3,0.0201,14925,19.999
fourteam_move_postfix,35072,OgreMain.dll!?_findVisibleObjects@SceneNode@Ogre@@UAEXPAVCamera@2@PAVRenderQueue@2@PAUVisibleObjectsBoundsInfo@2@_N33@Z+0x51,OgreMain.dll,3,0.0201,14925,19.999
fourteam_move_postfix,35072,battlezone98redux.exe!sub_678950,battlezone98redux.exe,3,0.0201,14925,19.999
fourteam_move_postfix,35072,OgreMain.dll!?getSingleton@ControllerManager@Ogre@@SAAAV12@XZ+0x5,OgreMain.dll,3,0.0201,14925,19.999
fourteam_move_postfix,35072,OgreMain.dll!?renderSingleObject@SceneManager@Ogre@@MAEXPAVRenderable@2@PBVPass@2@_N2PBV?$HashedVector@PAVLight@Ogre@@@2@@Z+0x80,OgreMain.dll,3,0.0201,14925,19.999
fourteam_move_postfix,35072,OgreMain.dll!?getLight@AutoParamDataSource@Ogre@@IBEABVLight@2@I@Z+0x19,OgreMain.dll,3,0.0201,14925,19.999
fourteam_move_postfix,35072,OgreMain.dll!?_findNamedConstantDefinition@GpuProgramParameters@Ogre@@QBEPBUGpuConstantDefinition@2@ABV?$basic_string@DU?$char_traits@D@std@@V?$allocator@D@2@@std@@_N@Z+0x3f,OgreMain.dll,3,0.0201,14925,19.999
fourteam_move_postfix,35072,OgreMain.dll!?merge@RenderPriorityGroup@Ogre@@QAEXPBV12@@Z+0xad,OgreMain.dll,3,0.0201,14925,19.999
fourteam_move_postfix,35072,d3d11.dll!CreateDirect3D11DeviceFromDXGIDevice+0xa17a7,d3d11.dll,3,0.0201,14925,19.999
fourteam_move_postfix,35072,OgreMain.dll!??4GpuSharedParametersUsage@Ogre@@QAEAAV01@ABV01@@Z+0x2735,OgreMain.dll,3,0.0201,14925,19.999
fourteam_move_postfix,35072,OgreMain.dll!?getLightAs4DVector@AutoParamDataSource@Ogre@@UBE?AVVector4@2@I@Z+0x12,OgreMain.dll,3,0.0201,14925,19.999
fourteam_move_postfix,35072,ntdll.dll!_RtlLeaveCriticalSection@4+0x2,ntdll.dll,3,0.0201,14925,19.999
fourteam_move_postfix,35072,OgreMain.dll!?angleBetween@Vector3@Ogre@@QBE?AVRadian@2@ABV12@@Z+0x83,OgreMain.dll,3,0.0201,14925,19.999
fourteam_move_postfix,35072,OgreMain.dll!?RealEqual@Math@Ogre@@SA_NMMM@Z+0x8,OgreMain.dll,3,0.0201,14925,19.999
fourteam_move_postfix,35072,battlezone98redux.exe!sub_4c0fe0,battlezone98redux.exe,3,0.0201,14925,19.999
fourteam_move_postfix,35072,OgreMain.dll!?getViewMatrix@Frustum@Ogre@@UBEABVMatrix4@2@XZ+0x5,OgreMain.dll,3,0.0201,14925,19.999
fourteam_move_postfix,35072,OgreMain.dll!?queryLights@MovableObject@Ogre@@UBEABV?$HashedVector@PAVLight@Ogre@@@2@XZ+0xc5,OgreMain.dll,3,0.0201,14925,19.999
fourteam_move_postfix,35072,OgreMain.dll!?_writeRawConstant@GpuProgramParameters@Ogre@@QAEXIABVColourValue@2@I@Z+0x25,OgreMain.dll,3,0.0201,14925,19.999
fourteam_move_postfix,35072,OgreMain.dll!?getInverseViewMatrix@AutoParamDataSource@Ogre@@UBEABVMatrix4@2@XZ+0x26,OgreMain.dll,3,0.0201,14925,19.999
fourteam_move_postfix,35072,RenderSystem_Direct3D11.dll!?getMonitorSequentialNumberFromSwapChain@MonitorInfo@Ogre@@QAEGPAUIDXGISwapChain@@_N@Z+0x2aca,RenderSystem_Direct3D11.dll,3,0.0201,14925,19.999
fourteam_move_postfix,35072,OgreMain.dll!?getLodStrategy@Material@Ogre@@QBEPBVLodStrategy@2@XZ+0x6,OgreMain.dll,3,0.0201,14925,19.999
fourteam_move_postfix,35072,win32u.dll!_NtQueryCompositionSurfaceStatistics@8+0xc,win32u.dll,3,0.0201,14925,19.999
fourteam_move_postfix,35072,OgreMain.dll!?getWorldBoundingBox@MovableObject@Ogre@@UBEABVAxisAlignedBox@2@_N@Z+0x67,OgreMain.dll,3,0.0201,14925,19.999
fourteam_move_postfix,35072,OgreMain.dll!?_getDelegate@UnifiedHighLevelGpuProgram@Ogre@@QBEABV?$SharedPtr@VHighLevelGpuProgram@Ogre@@@2@XZ+0x17,OgreMain.dll,3,0.0201,14925,19.999
fourteam_move_postfix,35072,RenderSystem_Direct3D11.dll!?getMonitorSequentialNumberFromSwapChain@MonitorInfo@Ogre@@QAEGPAUIDXGISwapChain@@_N@Z+0xf44,RenderSystem_Direct3D11.dll,3,0.0201,14925,19.999
fourteam_move_postfix,35072,OgreMain.dll!?setCurrentPassIterationCount@RenderSystem@Ogre@@UAEXI@Z+0x6,OgreMain.dll,3,0.0201,14925,19.999
fourteam_move_postfix,35072,battlezone98redux.exe!sub_422170,battlezone98redux.exe,3,0.0201,14925,19.999
fourteam_move_postfix,35072,battlezone98redux.exe!sub_778450,battlezone98redux.exe,3,0.0201,14925,19.999
fourteam_move_postfix,35072,RenderSystem_Direct3D11.dll!?getMonitorSequentialNumberFromSwapChain@MonitorInfo@Ogre@@QAEGPAUIDXGISwapChain@@_N@Z+0x1136,RenderSystem_Direct3D11.dll,3,0.0201,14925,19.999
fourteam_move_postfix,35072,nvwgf2um.dll!OpenAdapter10+0x726e0,nvwgf2um.dll,3,0.0201,14925,19.999
fourteam_move_postfix,35072,OgreMain.dll!?renderSingleObject@SceneManager@Ogre@@MAEXPAVRenderable@2@PBVPass@2@_N2PBV?$HashedVector@PAVLight@Ogre@@@2@@Z+0x1cb,OgreMain.dll,3,0.0201,14925,19.999
fourteam_move_postfix,35072,OgreMain.dll!?_updateAutoParams@GpuProgramParameters@Ogre@@QAEXPBVAutoParamDataSource@2@G@Z+0x1bee,OgreMain.dll,3,0.0201,14925,19.999
fourteam_move_postfix,35072,battlezone98redux.exe!sub_48efc0,battlezone98redux.exe,3,0.0201,14925,19.999
fourteam_move_postfix,35072,OgreMain.dll!?_notifyCurrentCamera@Entity@Ogre@@UAEXPAVCamera@2@@Z+0x16e,OgreMain.dll,3,0.0201,14925,19.999
fourteam_move_postfix,35072,OgreMain.dll!?getParameters@GpuProgramUsage@Ogre@@QAE?AV?$SharedPtr@VGpuProgramParameters@Ogre@@@2@XZ+0xf8,OgreMain.dll,3,0.0201,14925,19.999
fourteam_move_postfix,35072,OgreMain.dll!?getVertexDataForBinding@SubEntity@Ogre@@QAEPAVVertexData@2@XZ+0x2a,OgreMain.dll,3,0.0201,14925,19.999
fourteam_move_postfix,35072,ntdll.dll!_RtlpLocalInfoAllocFromCache@8+0x28,ntdll.dll,3,0.0201,14925,19.999
fourteam_move_postfix,35072,d3d11.dll!CreateDirect3D11DeviceFromDXGIDevice+0xa2171,d3d11.dll,3,0.0201,14925,19.999
fourteam_move_postfix,35072,RenderSystem_Direct3D11.dll!??0D3D11RenderWindowSwapChainBased@Ogre@@QAE@ABV01@@Z+0x9c2,RenderSystem_Direct3D11.dll,3,0.0201,14925,19.999
fourteam_move_postfix,35072,RenderSystem_Direct3D11.dll!?getConstantBuffer@D3D11HLSLProgram@Ogre@@QAEPAUID3D11Buffer@@V?$SharedPtr@VGpuProgramParameters@Ogre@@@2@G@Z+0xfc,RenderSystem_Direct3D11.dll,3,0.0201,14925,19.999
fourteam_move_postfix,35072,OgreMain.dll!?createTechnique@Material@Ogre@@QAEPAVTechnique@2@XZ+0xaf0,OgreMain.dll,3,0.0201,14925,19.999
fourteam_move_postfix,35072,OgreMain.dll+0x380f0,OgreMain.dll,3,0.0201,14925,19.999
fourteam_move_postfix,35072,OgreMain.dll!?_calcTempSquareDist@Light@Ogre@@QAEXABVVector3@2@@Z+0x58,OgreMain.dll,3,0.0201,14925,19.999
fourteam_move_postfix,35072,OgreMain.dll!?updateFromParentImpl@SceneNode@Ogre@@MBEXXZ+0x1a,OgreMain.dll,3,0.0201,14925,19.999
fourteam_move_postfix,35072,OgreMain.dll!?_updateAutoParams@GpuProgramParameters@Ogre@@QAEXPBVAutoParamDataSource@2@G@Z+0x1ca0,OgreMain.dll,3,0.0201,14925,19.999
fourteam_move_postfix,35072,battlezone98redux.exe!sub_45c490,battlezone98redux.exe,3,0.0201,14925,19.999
fourteam_move_postfix,35072,OgreMain.dll!?hasShadowBuffer@HardwareBuffer@Ogre@@QBE_NXZ+0x3,OgreMain.dll,3,0.0201,14925,19.999
fourteam_move_postfix,35072,battlezone98redux.exe!sub_442a90,battlezone98redux.exe,3,0.0201,14925,19.999
fourteam_move_postfix,35072,ntdll.dll!write_char+0xc,ntdll.dll,3,0.0201,14925,19.999
fourteam_move_postfix,35072,OgreMain.dll!?getSide@Plane@Ogre@@QBE?AW4Side@12@ABVVector3@2@0@Z+0x3,OgreMain.dll,3,0.0201,14925,19.999
fourteam_move_postfix,35072,OgreMain.dll!?addRenderable@RenderPriorityGroup@Ogre@@QAEXPAVRenderable@2@PAVTechnique@2@@Z+0x7,OgreMain.dll,3,0.0201,14925,19.999
fourteam_move_postfix,35072,ntdll.dll!_RtlSetLastWin32Error@4,ntdll.dll,3,0.0201,14925,19.999
fourteam_move_postfix,35072,d3d11.dll+0x30d49,d3d11.dll,3,0.0201,14925,19.999
fourteam_move_postfix,35072,RenderSystem_Direct3D11.dll!?_render@D3D11RenderSystem@Ogre@@UAEXABVRenderOperation@2@@Z+0x1a07,RenderSystem_Direct3D11.dll,3,0.0201,14925,19.999
fourteam_move_postfix,35072,nvwgf2um.dll!OpenAdapter10+0x71b01,nvwgf2um.dll,3,0.0201,14925,19.999
fourteam_move_postfix,35072,OgreMain.dll!?update@Light@Ogre@@MBEXXZ+0x132,OgreMain.dll,3,0.0201,14925,19.999
fourteam_move_postfix,35072,OgreMain.dll+0x7e50,OgreMain.dll,3,0.0201,14925,19.999
fourteam_move_postfix,35072,OgreMain.dll!?getViewMatrix@Camera@Ogre@@QBEABVMatrix4@2@_N@Z+0x1,OgreMain.dll,3,0.0201,14925,19.999
fourteam_move_postfix,35072,nvwgf2um.dll!OpenAdapter10+0x726f2,nvwgf2um.dll,3,0.0201,14925,19.999
fourteam_move_postfix,35072,OgreMain.dll!?getWorldBoundingSphere@MovableObject@Ogre@@UBEABVSphere@2@_N@Z+0x4a,OgreMain.dll,3,0.0201,14925,19.999
fourteam_move_postfix,35072,OgreMain.dll!?_updateBounds@SceneNode@Ogre@@UAEXXZ+0x29d,OgreMain.dll,3,0.0201,14925,19.999
fourteam_move_postfix,35072,OgreMain.dll!?getWorldTransforms@SubEntity@Ogre@@UBEXPAVMatrix4@2@@Z+0xc6,OgreMain.dll,3,0.0201,14925,19.999
fourteam_move_postfix,35072,OgreMain.dll!?getSide@Plane@Ogre@@QBE?AW4Side@12@ABVVector3@2@0@Z+0xe,OgreMain.dll,3,0.0201,14925,19.999
fourteam_move_postfix,35072,OgreMain.dll!?isHardwareAnimationEnabled@Entity@Ogre@@QAE_NXZ,OgreMain.dll,3,0.0201,14925,19.999
fourteam_move_postfix,35072,MSVCP120.dll!?isfx@?$basic_istream@_WU?$char_traits@_W@std@@@std@@QAEXXZ,MSVCP120.dll,3,0.0201,14925,19.999
fourteam_move_postfix,35072,RenderSystem_Direct3D11.dll!?_render@D3D11RenderSystem@Ogre@@UAEXABVRenderOperation@2@@Z+0x1624,RenderSystem_Direct3D11.dll,3,0.0201,14925,19.999
fourteam_move_postfix,35072,OgreMain.dll!?getBoundingSphereRadius@Mesh@Ogre@@QBEMXZ+0x6,OgreMain.dll,3,0.0201,14925,19.999
fourteam_move_postfix,35072,nvwgf2um.dll!SetDependencyInfo+0x4b1ac,nvwgf2um.dll,3,0.0201,14925,19.999
fourteam_move_postfix,35072,OgreMain.dll!?_writeRawConstants@GpuProgramParameters@Ogre@@QAEXIPBMI@Z+0x10,OgreMain.dll,3,0.0201,14925,19.999
fourteam_move_postfix,35072,OgreMain.dll!?updatePoint@RotationalSpline@Ogre@@QAEXGABVQuaternion@2@@Z+0x9cea,OgreMain.dll,3,0.0201,14925,19.999
fourteam_move_postfix,35072,battlezone98redux.exe!sub_62c8f0,battlezone98redux.exe,3,0.0201,14925,19.999
fourteam_move_postfix,35072,battlezone98redux.exe!sub_48efe0,battlezone98redux.exe,3,0.0201,14925,19.999
fourteam_move_postfix,35072,OgreMain.dll!?getParameters@GpuProgramUsage@Ogre@@QAE?AV?$SharedPtr@VGpuProgramParameters@Ogre@@@2@XZ+0x1,OgreMain.dll,3,0.0201,14925,19.999
fourteam_move_postfix,35072,OgreMain.dll!?getWorldViewMatrix@AutoParamDataSource@Ogre@@UBEABVMatrix4@2@XZ+0x1a6,OgreMain.dll,3,0.0201,14925,19.999
fourteam_move_postfix,35072,OgreMain.dll!?_populateLightList@SceneManager@Ogre@@UAEXABVVector3@2@MAAV?$HashedVector@PAVLight@Ogre@@@2@I@Z+0x136,OgreMain.dll,3,0.0201,14925,19.999
fourteam_move_postfix,35072,OgreMain.dll!?RealEqual@Math@Ogre@@SA_NMMM@Z+0x1,OgreMain.dll,3,0.0201,14925,19.999
fourteam_move_postfix,35072,OgreMain.dll!?getLightAttenuation@AutoParamDataSource@Ogre@@UBE?AVVector4@2@I@Z,OgreMain.dll,3,0.0201,14925,19.999
fourteam_move_postfix,35072,OgreMain.dll!?getBoundingBox@Entity@Ogre@@UBEABVAxisAlignedBox@2@XZ+0x3d,OgreMain.dll,3,0.0201,14925,19.999
fourteam_move_postfix,35072,OgreMain.dll!??4GpuSharedParametersUsage@Ogre@@QAEAAV01@ABV01@@Z+0x272a,OgreMain.dll,3,0.0201,14925,19.999
fourteam_move_postfix,35072,OgreMain.dll!?getBestTechnique@Material@Ogre@@QAEPAVTechnique@2@GPBVRenderable@2@@Z+0x29,OgreMain.dll,3,0.0201,14925,19.999
fourteam_move_postfix,35072,OgreMain.dll!?getWorldViewProjMatrix@AutoParamDataSource@Ogre@@UBEABVMatrix4@2@XZ+0x7,OgreMain.dll,3,0.0201,14925,19.999
fourteam_move_postfix,35072,WINMM.dll@6ea10000!BZROpenShim::`anonymous namespace'::IsOgreEntityObject+0x77,WINMM.dll@6ea10000,3,0.0201,14925,19.999
fourteam_move_postfix,35072,OgreMain.dll!?getLightDirection@AutoParamDataSource@Ogre@@UBEABVVector3@2@I@Z,OgreMain.dll,3,0.0201,14925,19.999
fourteam_move_postfix,35072,OgreMain.dll+0x358af,OgreMain.dll,3,0.0201,14925,19.999
fourteam_move_postfix,35072,OgreMain.dll!?_detectImplementation@OptimisedUtil@Ogre@@KAPAV12@XZ+0x460b,OgreMain.dll,3,0.0201,14925,19.999
