label,thread,symbol,inclusive_samples,inclusive_percent,total_samples,window_seconds
fourteam_postfix,12092,battlezone98redux.exe!sub_618270,13648,99.7953,13676,20.0
fourteam_postfix,12092,battlezone98redux.exe!sub_618a40,13648,99.7953,13676,20.0
fourteam_postfix,12092,battlezone98redux.exe!sub_619fc0,13643,99.7587,13676,20.0
fourteam_postfix,12092,battlezone98redux.exe!sub_618ff0,13641,99.7441,13676,20.0
fourteam_postfix,12092,battlezone98redux.exe!sub_618b10,13639,99.7295,13676,20.0
fourteam_postfix,12092,battlezone98redux.exe!entry,13632,99.6783,13676,20.0
fourteam_postfix,12092,battlezone98redux.exe!sub_618130,13630,99.6636,13676,20.0
fourteam_postfix,12092,KERNEL32.DLL!BaseThreadInitThunk+0x19,13627,99.6417,13676,20.0
fourteam_postfix,12092,ntdll.dll!___RtlUserThreadStart@8+0x2b,13622,99.6051,13676,20.0
fourteam_postfix,12092,ntdll.dll!__RtlUserThreadStart@8+0x1b,13596,99.415,13676,20.0
fourteam_postfix,12092,OgreMain.dll!?renderOneFrame@Root@Ogre@@QAE_NXZ+0x17,9709,70.993,13676,20.0
fourteam_postfix,12092,OgreMain.dll!?_updateAllRenderTargets@RenderSystem@Ogre@@UAEX_N@Z+0x3d,9333,68.2436,13676,20.0
fourteam_postfix,12092,RenderSystem_Direct3D11.dll!?_updateAllRenderTargets@D3D11RenderSystem@Ogre@@UAEX_N@Z+0x3e,9333,68.2436,13676,20.0
fourteam_postfix,12092,OgreMain.dll!?_updateAllRenderTargets@Root@Ogre@@QAE_NXZ+0x17,9331,68.229,13676,20.0
fourteam_postfix,12092,OgreMain.dll!?_updateAutoUpdatedViewports@RenderTarget@Ogre@@UAEX_N@Z+0x30,9291,67.9365,13676,20.0
fourteam_postfix,12092,OgreMain.dll!?updateImpl@RenderTarget@Ogre@@MAEXXZ+0x17,9291,67.9365,13676,20.0
fourteam_postfix,12092,OgreMain.dll!?update@Viewport@Ogre@@QAEXXZ+0x23,9269,67.7757,13676,20.0
fourteam_postfix,12092,OgreMain.dll!?_renderScene@Camera@Ogre@@QAEXPAVViewport@2@_N@Z+0xf3,9247,67.6148,13676,20.0
fourteam_postfix,12092,OgreMain.dll!?updateImpl@RenderTarget@Ogre@@MAEXXZ+0xb,8958,65.5016,13676,20.0
fourteam_postfix,12092,OgreMain.dll!?_beginUpdate@RenderTarget@Ogre@@UAEXXZ+0xb,8955,65.4797,13676,20.0
fourteam_postfix,12092,OgreMain.dll!?preRenderTargetUpdate@CompositorChain@Ogre@@UAEXABURenderTargetEvent@2@@Z+0x6c,8947,65.4212,13676,20.0
fourteam_postfix,12092,OgreMain.dll!?_renderScene@SceneManager@Ogre@@UAEXPAVCamera@2@PAVViewport@2@_N@Z+0x5c0,6498,47.5139,13676,20.0
fourteam_postfix,12092,OgreMain.dll!?renderVisibleObjectsDefaultSequence@SceneManager@Ogre@@MAEXXZ+0xd0,6209,45.4007,13676,20.0
fourteam_postfix,12092,OgreMain.dll!?renderObjects@SceneManager@Ogre@@MAEXABVQueuedRenderableCollection@2@W4OrganisationMode@32@_N2PBV?$HashedVector@PAVLight@Ogre@@@2@@Z+0x45,6190,45.2618,13676,20.0
fourteam_postfix,12092,OgreMain.dll!?acceptVisitor@QueuedRenderableCollection@Ogre@@QBEXPAVQueuedRenderableVisitor@2@W4OrganisationMode@12@@Z+0xf6,5943,43.4557,13676,20.0
fourteam_postfix,12092,OgreMain.dll!?acceptVisitorGrouped@QueuedRenderableCollection@Ogre@@IBEXPAVQueuedRenderableVisitor@2@@Z+0x6a,5834,42.6587,13676,20.0
fourteam_postfix,12092,OgreMain.dll!?visit@SceneMgrQueuedRenderableVisitor@SceneManager@Ogre@@UAEXPAVRenderable@3@@Z+0x35,5802,42.4247,13676,20.0
fourteam_postfix,12092,OgreMain.dll!?_renderQueueGroupObjects@SceneManager@Ogre@@UAEXPAVRenderQueueGroup@2@W4OrganisationMode@QueuedRenderableCollection@2@@Z+0x111,4237,30.9813,13676,20.0
fourteam_postfix,12092,OgreMain.dll!?renderBasicQueueGroupObjects@SceneManager@Ogre@@MAEXPAVRenderQueueGroup@2@W4OrganisationMode@QueuedRenderableCollection@2@@Z+0x8c,3982,29.1167,13676,20.0
fourteam_postfix,12092,OgreMain.dll!?_renderScene@SceneManager@Ogre@@UAEXPAVCamera@2@PAVViewport@2@_N@Z+0x246,3000,21.9362,13676,20.0
fourteam_postfix,12092,OgreMain.dll!?prepareShadowTextures@SceneManager@Ogre@@UAEXPAVCamera@2@PAVViewport@2@PBV?$HashedVector@PAVLight@Ogre@@@2@@Z+0x39f,2921,21.3586,13676,20.0
fourteam_postfix,12092,OgreMain.dll!?renderSingleObject@SceneManager@Ogre@@MAEXPAVRenderable@2@PBVPass@2@_N2PBV?$HashedVector@PAVLight@Ogre@@@2@@Z+0x9a0,2744,20.0643,13676,20.0
fourteam_postfix,12092,OgreMain.dll!?_issueRenderOp@SceneManager@Ogre@@UAEXPAVRenderable@2@PBVPass@2@@Z+0x30,2619,19.1503,13676,20.0
fourteam_postfix,12092,OgreMain.dll!?_findVisibleObjects@SceneManager@Ogre@@UAEXPAVCamera@2@PAUVisibleObjectsBoundsInfo@2@_N@Z+0x3a,2250,16.4522,13676,20.0
fourteam_postfix,12092,OgreMain.dll!?_renderScene@SceneManager@Ogre@@UAEXPAVCamera@2@PAVViewport@2@_N@Z+0x3cb,2250,16.4522,13676,20.0
fourteam_postfix,12092,OgreMain.dll!?_findVisibleObjects@SceneNode@Ogre@@UAEXPAVCamera@2@PAVRenderQueue@2@PAUVisibleObjectsBoundsInfo@2@_N33@Z+0x89,2143,15.6698,13676,20.0
fourteam_postfix,12092,battlezone98redux.exe!sub_6175c0,2082,15.2237,13676,20.0
fourteam_postfix,12092,battlezone98redux.exe!sub_6176a0,2082,15.2237,13676,20.0
fourteam_postfix,12092,OgreMain.dll!?_renderQueueGroupObjects@SceneManager@Ogre@@UAEXPAVRenderQueueGroup@2@W4OrganisationMode@QueuedRenderableCollection@2@@Z+0xb6,1971,14.4121,13676,20.0
fourteam_postfix,12092,OgreMain.dll!?renderTextureShadowCasterQueueGroupObjects@SceneManager@Ogre@@MAEXPAVRenderQueueGroup@2@W4OrganisationMode@QueuedRenderableCollection@2@@Z+0x124,1962,14.3463,13676,20.0
fourteam_postfix,12092,battlezone98redux.exe!sub_617600,1941,14.1927,13676,20.0
fourteam_postfix,12092,OgreMain.dll!?_findVisibleObjects@SceneNode@Ogre@@UAEXPAVCamera@2@PAVRenderQueue@2@PAUVisibleObjectsBoundsInfo@2@_N33@Z+0x51,1930,14.1123,13676,20.0
fourteam_postfix,12092,battlezone98redux.exe!sub_4b6f10,1920,14.0392,13676,20.0
fourteam_postfix,12092,battlezone98redux.exe!sub_4b6db0,1919,14.0319,13676,20.0
fourteam_postfix,12092,WINMM.dll@6e990000!BZROpenShim::`anonymous namespace'::ProcessVisibleObjectHook+0x170,1822,13.3226,13676,20.0
fourteam_postfix,12092,OgreMain.dll!?_issueRenderOp@SceneManager@Ogre@@UAEXPAVRenderable@2@PBVPass@2@@Z+0x73,1692,12.372,13676,20.0
fourteam_postfix,12092,OgreMain.dll!?renderSingleObject@SceneManager@Ogre@@MAEXPAVRenderable@2@PBVPass@2@_N2PBV?$HashedVector@PAVLight@Ogre@@@2@@Z+0xaf4,1663,12.16,13676,20.0
fourteam_postfix,12092,OgreMain.dll!?processVisibleObject@RenderQueue@Ogre@@QAEXPAVMovableObject@2@PAVCamera@2@_NPAUVisibleObjectsBoundsInfo@2@@Z+0xb0,1326,9.6958,13676,20.0
fourteam_postfix,12092,battlezone98redux.exe!sub_493ec0,1168,8.5405,13676,20.0
fourteam_postfix,12092,OgreMain.dll!?updateGpuProgramParameters@SceneManager@Ogre@@MAEXPBVPass@2@@Z+0x62,1092,7.9848,13676,20.0
fourteam_postfix,12092,OgreMain.dll!?findLights@SceneNode@Ogre@@UBEXAAV?$HashedVector@PAVLight@Ogre@@@2@MI@Z+0x29,1023,7.4803,13676,20.0
fourteam_postfix,12092,OgreMain.dll!?queryLights@MovableObject@Ogre@@UBEABV?$HashedVector@PAVLight@Ogre@@@2@XZ+0xc4,1023,7.4803,13676,20.0
fourteam_postfix,12092,OgreMain.dll!?_populateLightList@SceneManager@Ogre@@UAEXPBVSceneNode@2@MAAV?$HashedVector@PAVLight@Ogre@@@2@I@Z+0x2e,1022,7.4729,13676,20.0
fourteam_postfix,12092,OgreMain.dll!?renderSingleObject@SceneManager@Ogre@@MAEXPAVRenderable@2@PBVPass@2@_N2PBV?$HashedVector@PAVLight@Ogre@@@2@@Z+0x322,1016,7.4291,13676,20.0
fourteam_postfix,12092,battlezone98redux.exe!sub_618060,904,6.6101,13676,20.0
fourteam_postfix,12092,OgreMain.dll!?_populateLightList@SceneManager@Ogre@@UAEXABVVector3@2@MAAV?$HashedVector@PAVLight@Ogre@@@2@I@Z+0x140,761,5.5645,13676,20.0
fourteam_postfix,12092,battlezone98redux.exe!sub_62bc80,731,5.3451,13676,20.0
fourteam_postfix,12092,battlezone98redux.exe!sub_62bd40,729,5.3305,13676,20.0
fourteam_postfix,12092,battlezone98redux.exe!sub_4deec0,727,5.3159,13676,20.0
fourteam_postfix,12092,WINMM.dll@6e990000!BZROpenShim::`anonymous namespace'::AutoSaveWorldUpdateRenderQueueHook+0x16,726,5.3086,13676,20.0
fourteam_postfix,12092,battlezone98redux.exe!sub_4ebfd0,721,5.272,13676,20.0
fourteam_postfix,12092,WINMM.dll@6e990000!__std_fs_get_stats+0x23e,713,5.2135,13676,20.0
fourteam_postfix,12092,KERNELBASE.dll!GetFileAttributesExW+0x13,712,5.2062,13676,20.0
fourteam_postfix,12092,OgreMain.dll!?_updateAutoParams@Pass@Ogre@@QBEXPBVAutoParamDataSource@2@G@Z+0x103,709,5.1843,13676,20.0
fourteam_postfix,12092,battlezone98redux.exe!sub_4933e0,707,5.1696,13676,20.0
fourteam_postfix,12092,ntdll.dll!_ZwQueryFullAttributesFile@8+0xc,699,5.1111,13676,20.0
fourteam_postfix,12092,OgreMain.dll!?updateGpuProgramParameters@SceneManager@Ogre@@MAEXPBVPass@2@@Z+0x8b,644,4.709,13676,20.0
fourteam_postfix,12092,OgreMain.dll!?updateGpuProgramParameters@SceneManager@Ogre@@MAEXPBVPass@2@@Z+0xdd,635,4.6432,13676,20.0
fourteam_postfix,12092,battlezone98redux.exe!sub_497aa0,586,4.2849,13676,20.0
fourteam_postfix,12092,ntdll.dll!_ZwQueryVirtualMemory@24+0xc,583,4.2629,13676,20.0
fourteam_postfix,12092,WINMM.dll@6e990000!BZROpenShim::`anonymous namespace'::GetGameObjectActualTeam+0x42,578,4.2264,13676,20.0
fourteam_postfix,12092,WINMM.dll@6e990000!BZROpenShim::DamageRevealProbeHook+0x13c,569,4.1606,13676,20.0
fourteam_postfix,12092,RenderSystem_Direct3D11.dll!?bindGpuProgramParameters@D3D11RenderSystem@Ogre@@UAEXW4GpuProgramType@2@V?$SharedPtr@VGpuProgramParameters@Ogre@@@2@G@Z+0x16a,519,3.795,13676,20.0
fourteam_postfix,12092,WINMM.dll@6e990000!BZROpenShim::AutoSaveTick+0x10b,493,3.6049,13676,20.0
fourteam_postfix,12092,WINMM.dll@6e990000!std::filesystem::exists+0x3e,492,3.5975,13676,20.0
fourteam_postfix,12092,RenderSystem_Direct3D11.dll!?bindGpuProgramParameters@D3D11RenderSystem@Ogre@@UAEXW4GpuProgramType@2@V?$SharedPtr@VGpuProgramParameters@Ogre@@@2@G@Z+0x90,484,3.539,13676,20.0
fourteam_postfix,12092,battlezone98redux.exe!sub_442e70,433,3.1661,13676,20.0
fourteam_postfix,12092,OgreMain.dll!?_updateRenderQueue@Entity@Ogre@@UAEXPAVRenderQueue@2@@Z+0x1ed,430,3.1442,13676,20.0
fourteam_postfix,12092,battlezone98redux.exe!sub_493330,427,3.1223,13676,20.0
fourteam_postfix,12092,battlezone98redux.exe!sub_43fb30,411,3.0053,13676,20.0
fourteam_postfix,12092,battlezone98redux.exe!sub_493e60,411,3.0053,13676,20.0
fourteam_postfix,12092,RenderSystem_Direct3D11.dll!?getConstantBuffer@D3D11HLSLProgram@Ogre@@QAEPAUID3D11Buffer@@V?$SharedPtr@VGpuProgramParameters@Ogre@@@2@G@Z+0x9a,405,2.9614,13676,20.0
fourteam_postfix,12092,OgreMain.dll!?isInLightRange@Light@Ogre@@QBE_NABVSphere@2@@Z+0x159,405,2.9614,13676,20.0
fourteam_postfix,12092,battlezone98redux.exe!sub_443060,396,2.8956,13676,20.0
fourteam_postfix,12092,OgreMain.dll!?_updateAllRenderTargets@Root@Ogre@@QAE_NXZ+0x2b,376,2.7493,13676,20.0
fourteam_postfix,12092,OgreMain.dll!?getConstantDefinition@GpuProgramParameters@Ogre@@QBEABUGpuConstantDefinition@2@ABV?$basic_string@DU?$char_traits@D@std@@V?$allocator@D@2@@std@@@Z+0xcf,373,2.7274,13676,20.0
fourteam_postfix,12092,OgreMain.dll!?_swapAllRenderTargetBuffers@RenderSystem@Ogre@@UAEXXZ+0x3a,373,2.7274,13676,20.0
fourteam_postfix,12092,battlezone98redux.exe!sub_4ab380,364,2.6616,13676,20.0
fourteam_postfix,12092,battlezone98redux.exe!sub_4405e0,354,2.5885,13676,20.0
fourteam_postfix,12092,battlezone98redux.exe!sub_440690,352,2.5739,13676,20.0
fourteam_postfix,12092,battlezone98redux.exe!sub_687340,351,2.5665,13676,20.0
fourteam_postfix,12092,RenderSystem_Direct3D11.dll!?swapBuffers@D3D11RenderWindowSwapChainBased@Ogre@@UAEXXZ+0x251,349,2.5519,13676,20.0
fourteam_postfix,12092,battlezone98redux.exe!sub_440e60,336,2.4569,13676,20.0
fourteam_postfix,12092,dxgi.dll!DXGIGetDebugInterface1+0xa584,334,2.4422,13676,20.0
fourteam_postfix,12092,dxgi.dll!CompatString+0x20eb,330,2.413,13676,20.0
fourteam_postfix,12092,WINMM.dll@6e990000!BZROpenShim::`anonymous namespace'::TryGetGameObjectFieldBase+0xd4,317,2.3179,13676,20.0
fourteam_postfix,12092,OgreMain.dll!?angleBetween@Vector3@Ogre@@QBE?AVRadian@2@ABV12@@Z+0xdd,293,2.1424,13676,20.0
fourteam_postfix,12092,OgreMain.dll!?_updateAutoParams@Pass@Ogre@@QBEXPBVAutoParamDataSource@2@G@Z+0x55,292,2.1351,13676,20.0
fourteam_postfix,12092,RenderSystem_Direct3D11.dll!?_render@D3D11RenderSystem@Ogre@@UAEXABVRenderOperation@2@@Z+0x1622,279,2.0401,13676,20.0
fourteam_postfix,12092,RenderSystem_Direct3D11.dll!?setVertexDeclaration@D3D11RenderSystem@Ogre@@QAEXPAVVertexDeclaration@2@PAVVertexBufferBinding@2@@Z+0x14,278,2.0328,13676,20.0
fourteam_postfix,12092,OgreMain.dll!?renderVisibleObjectsDefaultSequence@SceneManager@Ogre@@MAEXXZ+0xbf,267,1.9523,13676,20.0
fourteam_postfix,12092,WINMM.dll@6e990000!BZROpenShim::`anonymous namespace'::TryGetGameObjectFieldBase+0x7c,265,1.9377,13676,20.0
fourteam_postfix,12092,OgreMain.dll!?fireRenderQueueStarted@SceneManager@Ogre@@MAE_NEABV?$basic_string@DU?$char_traits@D@std@@V?$allocator@D@2@@std@@@Z+0x41,265,1.9377,13676,20.0
fourteam_postfix,12092,OgreMain.dll!?renderBasicQueueGroupObjects@SceneManager@Ogre@@MAEXPAVRenderQueueGroup@2@W4OrganisationMode@QueuedRenderableCollection@2@@Z+0xc1,247,1.8061,13676,20.0
fourteam_postfix,12092,OgreMain.dll!?acceptVisitorDescending@QueuedRenderableCollection@Ogre@@IBEXPAVQueuedRenderableVisitor@2@@Z+0x1b,246,1.7988,13676,20.0
fourteam_postfix,12092,OgreMain.dll!?acceptVisitor@QueuedRenderableCollection@Ogre@@QBEXPAVQueuedRenderableVisitor@2@W4OrganisationMode@12@@Z+0xec,246,1.7988,13676,20.0
fourteam_postfix,12092,battlezone98redux.exe!sub_444ba0,239,1.7476,13676,20.0
fourteam_postfix,12092,dxgi.dll!CompatString+0x3176,238,1.7403,13676,20.0
fourteam_postfix,12092,dxgi.dll!DXGID3D10CreateDevice+0x3c30,234,1.711,13676,20.0
fourteam_postfix,12092,battlezone98redux.exe!sub_4a8ab0,230,1.6818,13676,20.0
fourteam_postfix,12092,WINMM.dll@6e990000!BZROpenShim::AutoSaveTick+0x124,228,1.6672,13676,20.0
fourteam_postfix,12092,WINMM.dll@6e990000!std::filesystem::last_write_time+0x45,227,1.6598,13676,20.0
fourteam_postfix,12092,RenderSystem_Direct3D11.dll!?bindToShader@D3D11VertexDeclaration@Ogre@@QAEXPAVD3D11HLSLProgram@2@PAVVertexBufferBinding@2@@Z+0x1e,221,1.616,13676,20.0
fourteam_postfix,12092,OgreMain.dll!?_findNamedConstantDefinition@GpuProgramParameters@Ogre@@QBEPBUGpuConstantDefinition@2@ABV?$basic_string@DU?$char_traits@D@std@@V?$allocator@D@2@@std@@_N@Z+0xb8,215,1.5721,13676,20.0
fourteam_postfix,12092,RenderSystem_Direct3D11.dll!?_render@D3D11RenderSystem@Ogre@@UAEXABVRenderOperation@2@@Z+0x1631,208,1.5209,13676,20.0
fourteam_postfix,12092,OgreMain.dll!?_updateRenderQueue@Entity@Ogre@@UAEXPAVRenderQueue@2@@Z+0x175,205,1.499,13676,20.0
fourteam_postfix,12092,OgreMain.dll!?addRenderable@RenderQueue@Ogre@@QAEXPAVRenderable@2@@Z+0x15,202,1.477,13676,20.0
fourteam_postfix,12092,battlezone98redux.exe!sub_617fa0,201,1.4697,13676,20.0
fourteam_postfix,12092,battlezone98redux.exe!sub_4aa1d0,201,1.4697,13676,20.0
fourteam_postfix,12092,battlezone98redux.exe!sub_663800,200,1.4624,13676,20.0
fourteam_postfix,12092,RenderSystem_Direct3D11.dll!?_render@D3D11RenderSystem@Ogre@@UAEXABVRenderOperation@2@@Z+0x16df,200,1.4624,13676,20.0
fourteam_postfix,12092,OgreMain.dll!?_renderScene@SceneManager@Ogre@@UAEXPAVCamera@2@PAVViewport@2@_N@Z+0x187,198,1.4478,13676,20.0
fourteam_postfix,12092,RenderSystem_Direct3D11.dll!?getConstantBuffer@D3D11HLSLProgram@Ogre@@QAEPAUID3D11Buffer@@V?$SharedPtr@VGpuProgramParameters@Ogre@@@2@G@Z+0x5f,197,1.4405,13676,20.0
fourteam_postfix,12092,OgreMain.dll!?visit@SceneMgrQueuedRenderableVisitor@SceneManager@Ogre@@UAEXPAURenderablePass@3@@Z+0x63,196,1.4332,13676,20.0
fourteam_postfix,12092,MSVCR120.dll!memmove+0xc9,195,1.4259,13676,20.0
fourteam_postfix,12092,OgreMain.dll!?_updateSceneGraph@SceneManager@Ogre@@UAEXPAVCamera@2@@Z+0x2b,194,1.4185,13676,20.0
fourteam_postfix,12092,OgreMain.dll!?_updateAutoParams@GpuProgramParameters@Ogre@@QAEXPBVAutoParamDataSource@2@G@Z+0x1250,191,1.3966,13676,20.0
fourteam_postfix,12092,OgreMain.dll!?lock@HardwareBuffer@Ogre@@QAEPAXW4LockOptions@12@W4UploadOptions@12@@Z+0x13,186,1.36,13676,20.0
fourteam_postfix,12092,OgreMain.dll!?lock@HardwareBuffer@Ogre@@UAEPAXIIW4LockOptions@12@W4UploadOptions@12@@Z+0x103,182,1.3308,13676,20.0
fourteam_postfix,12092,OgreMain.dll!?processVisibleObject@RenderQueue@Ogre@@QAEXPAVMovableObject@2@PAVCamera@2@_NPAUVisibleObjectsBoundsInfo@2@@Z+0x14,178,1.3016,13676,20.0
fourteam_postfix,12092,battlezone98redux.exe!sub_6111e0,165,1.2065,13676,20.0
fourteam_postfix,12092,OgreMain.dll!?isInLightRange@Light@Ogre@@QBE_NABVSphere@2@@Z+0x143,163,1.1919,13676,20.0
fourteam_postfix,12092,OgreMain.dll!?updateAnimation@Entity@Ogre@@IAEXXZ+0x449,163,1.1919,13676,20.0
fourteam_postfix,12092,WINMM.dll@6e990000!BZROpenShim::`anonymous namespace'::HookSoftwareVertexBlend+0x1f8,158,1.1553,13676,20.0
fourteam_postfix,12092,RenderSystem_Direct3D11.dll!?lockImpl@D3D11HardwareBuffer@Ogre@@MAEPAXIIW4LockOptions@HardwareBuffer@2@@Z+0x26c,158,1.1553,13676,20.0
fourteam_postfix,12092,OgreMain.dll!?updateAnimation@Entity@Ogre@@IAEXXZ+0x184,156,1.1407,13676,20.0
fourteam_postfix,12092,OgreMain.dll!?tempSkelAnimBuffersBound@Entity@Ogre@@IBE_N_N@Z+0x5a,151,1.1041,13676,20.0
fourteam_postfix,12092,WINMM.dll@6e990000!BZROpenShim::`anonymous namespace'::WingmanUpdateWeaponAimWithConvergence+0x33,150,1.0968,13676,20.0
fourteam_postfix,12092,OgreMain.dll!?_update@SceneNode@Ogre@@UAEX_N0@Z+0x1b,150,1.0968,13676,20.0
fourteam_postfix,12092,battlezone98redux.exe!sub_60f320,149,1.0895,13676,20.0
fourteam_postfix,12092,RenderSystem_Direct3D11.dll!?setVertexBufferBinding@D3D11RenderSystem@Ogre@@UAEXPAVVertexBufferBinding@2@@Z+0x9f,148,1.0822,13676,20.0
fourteam_postfix,12092,OgreMain.dll!?_findVisibleObjects@SceneNode@Ogre@@UAEXPAVCamera@2@PAVRenderQueue@2@PAUVisibleObjectsBoundsInfo@2@_N33@Z+0x20,148,1.0822,13676,20.0
fourteam_postfix,12092,battlezone98redux.exe!sub_461fd0,146,1.0676,13676,20.0
fourteam_postfix,12092,d3d11.dll!CreateDirect3D11DeviceFromDXGIDevice+0xbae61,145,1.0603,13676,20.0
fourteam_postfix,12092,dxgi.dll!DXGIReportAdapterConfiguration+0xf99,141,1.031,13676,20.0
fourteam_postfix,12092,d3d11.dll!D3D11CoreCreateLayeredDevice+0xc379,141,1.031,13676,20.0
fourteam_postfix,12092,dxgi.dll!DXGID3D10CreateDevice+0x4471,141,1.031,13676,20.0
fourteam_postfix,12092,battlezone98redux.exe!sub_47b9b0,136,0.9944,13676,20.0
fourteam_postfix,12092,battlezone98redux.exe!sub_611610,136,0.9944,13676,20.0
fourteam_postfix,12092,OgreMain.dll!?softwareVertexBlend@Mesh@Ogre@@SAXPBVVertexData@2@0PBQBVMatrix4@2@I_N@Z+0x35a,134,0.9798,13676,20.0
fourteam_postfix,12092,OgreMain.dll!?_detectImplementation@OptimisedUtil@Ogre@@KAPAV12@XZ+0x7f48,133,0.9725,13676,20.0
fourteam_postfix,12092,OgreMain.dll!?buffersCheckedOut@TempBlendedBufferInfo@Ogre@@QBE_N_N0@Z+0x35,132,0.9652,13676,20.0
fourteam_postfix,12092,d3d11.dll!CreateDirect3D11DeviceFromDXGIDevice+0x9aae8,124,0.9067,13676,20.0
fourteam_postfix,12092,battlezone98redux.exe!sub_62e070,123,0.8994,13676,20.0
fourteam_postfix,12092,OgreMain.dll!?processVisibleObject@RenderQueue@Ogre@@QAEXPAVMovableObject@2@PAVCamera@2@_NPAUVisibleObjectsBoundsInfo@2@@Z+0x4d,123,0.8994,13676,20.0
fourteam_postfix,12092,KERNELBASE.dll!GetModuleHandleA+0x23,122,0.8921,13676,20.0
fourteam_postfix,12092,d3d11.dll!D3D11CoreCreateLayeredDevice+0x942,121,0.8848,13676,20.0
fourteam_postfix,12092,d3d11.dll+0x2b07d,121,0.8848,13676,20.0
fourteam_postfix,12092,OgreMain.dll!?_writeRawConstant@GpuProgramParameters@Ogre@@QAEXIABVVector4@2@I@Z+0x25,120,0.8774,13676,20.0
fourteam_postfix,12092,KERNELBASE.dll!GetModuleHandleW+0x2e,119,0.8701,13676,20.0
fourteam_postfix,12092,ntdll.dll!_LdrGetDllHandle@16+0x18,119,0.8701,13676,20.0
fourteam_postfix,12092,OgreMain.dll!?updateGpuProgramParameters@SceneManager@Ogre@@MAEXPBVPass@2@@Z+0x7e,119,0.8701,13676,20.0
fourteam_postfix,12092,battlezone98redux.exe!sub_6116a0,118,0.8628,13676,20.0
fourteam_postfix,12092,OgreMain.dll!?getReceivesShadows@MovableObject@Ogre@@QAE_NXZ+0x45,118,0.8628,13676,20.0
fourteam_postfix,12092,MSVCR120.dll!floor+0x15,116,0.8482,13676,20.0
fourteam_postfix,12092,battlezone98redux.exe!sub_81fe60,115,0.8409,13676,20.0
fourteam_postfix,12092,WINMM.dll@6e990000!BZROpenShim::`anonymous namespace'::AutoSaveWorldUpdateRenderQueueHook+0x11,114,0.8336,13676,20.0
fourteam_postfix,12092,OgreMain.dll!?isVisible@Frustum@Ogre@@UBE_NABVAxisAlignedBox@2@PAW4FrustumPlane@2@@Z+0xb0,114,0.8336,13676,20.0
fourteam_postfix,12092,OgreMain.dll!?isVisible@ShadowRenderable@Ogre@@UBE_NXZ+0x236,112,0.819,13676,20.0
fourteam_postfix,12092,OgreMain.dll!?getWorldViewProjMatrix@AutoParamDataSource@Ogre@@UBEABVMatrix4@2@XZ+0x1c,110,0.8043,13676,20.0
fourteam_postfix,12092,RenderSystem_Direct3D11.dll!?unlockImpl@D3D11HardwareBuffer@Ogre@@MAEXXZ+0x56,109,0.797,13676,20.0
fourteam_postfix,12092,OgreMain.dll!?addRenderable@RenderQueue@Ogre@@QAEXPAVRenderable@2@EG@Z+0x1e1,108,0.7897,13676,20.0
fourteam_postfix,12092,battlezone98redux.exe!sub_780c70,108,0.7897,13676,20.0
fourteam_postfix,12092,WINMM.dll@6e990000!BZROpenShim::ResolveCraftOgreEntity+0xd,107,0.7824,13676,20.0
fourteam_postfix,12092,OgreMain.dll!?updateGpuProgramParameters@SceneManager@Ogre@@MAEXPBVPass@2@@Z+0xd0,107,0.7824,13676,20.0
fourteam_postfix,12092,d3d11.dll!D3D11CoreCreateLayeredDevice+0xd40a,107,0.7824,13676,20.0
fourteam_postfix,12092,OgreMain.dll!?getVertexProgram@Pass@Ogre@@QBEABV?$SharedPtr@VGpuProgram@Ogre@@@2@XZ+0xc,107,0.7824,13676,20.0
fourteam_postfix,12092,battlezone98redux.exe!sub_7753c0,107,0.7824,13676,20.0
fourteam_postfix,12092,RenderSystem_Direct3D11.dll!??0D3D11RenderWindowSwapChainBased@Ogre@@QAE@ABV01@@Z+0x9c2,105,0.7678,13676,20.0
fourteam_postfix,12092,OgreMain.dll!?addRenderable@RenderQueueGroup@Ogre@@QAEXPAVRenderable@2@PAVTechnique@2@G@Z+0xfc,104,0.7605,13676,20.0
fourteam_postfix,12092,OgreMain.dll!?getTechnique@SubEntity@Ogre@@UBEPAVTechnique@2@XZ+0xe,104,0.7605,13676,20.0
fourteam_postfix,12092,battlezone98redux.exe!sub_784620,104,0.7605,13676,20.0
fourteam_postfix,12092,d3d11.dll+0x35ece,103,0.7531,13676,20.0
fourteam_postfix,12092,battlezone98redux.exe!sub_774f80,103,0.7531,13676,20.0
fourteam_postfix,12092,d3d11.dll!D3D11CoreCreateLayeredDevice+0x9df,100,0.7312,13676,20.0
fourteam_postfix,12092,OgreMain.dll!?_populateLightList@SceneManager@Ogre@@UAEXABVVector3@2@MAAV?$HashedVector@PAVLight@Ogre@@@2@I@Z+0xb2,99,0.7239,13676,20.0
fourteam_postfix,12092,OgreMain.dll!?visit@SceneMgrQueuedRenderableVisitor@SceneManager@Ogre@@UAE_NPBVPass@3@@Z+0x2e,94,0.6873,13676,20.0
fourteam_postfix,12092,OgreMain.dll!?acceptVisitorGrouped@QueuedRenderableCollection@Ogre@@IBEXPAVQueuedRenderableVisitor@2@@Z+0x37,94,0.6873,13676,20.0
fourteam_postfix,12092,ntdll.dll!_LdrpLogInternal+0x27,93,0.68,13676,20.0
fourteam_postfix,12092,ntdll.dll!_LdrpWriteToSnapsBuffer@16+0xc7,91,0.6654,13676,20.0
fourteam_postfix,12092,battlezone98redux.exe!sub_446360,91,0.6654,13676,20.0
fourteam_postfix,12092,dxgi.dll!DXGIDisableVBlankVirtualization+0x8b36,91,0.6654,13676,20.0
fourteam_postfix,12092,d3d11.dll!CreateDirect3D11DeviceFromDXGIDevice+0x9ac60,91,0.6654,13676,20.0
fourteam_postfix,12092,WINMM.dll@6e990000!BZROpenShim::`anonymous namespace'::RefreshHeadlightState+0x1f8,90,0.6581,13676,20.0
fourteam_postfix,12092,dxgi.dll!DXGIDisableVBlankVirtualization+0x7920,90,0.6581,13676,20.0
fourteam_postfix,12092,OgreMain.dll!?_findNamedConstantDefinition@GpuProgramParameters@Ogre@@QBEPBUGpuConstantDefinition@2@ABV?$basic_string@DU?$char_traits@D@std@@V?$allocator@D@2@@std@@_N@Z+0xdb,89,0.6508,13676,20.0
fourteam_postfix,12092,d3d11.dll!CreateDirect3D11DeviceFromDXGIDevice+0xa4628,88,0.6435,13676,20.0
fourteam_postfix,12092,dxgi.dll!DXGIDisableVBlankVirtualization+0x138f9,86,0.6288,13676,20.0
fourteam_postfix,12092,dxgi.dll!DXGIDisableVBlankVirtualization+0x13893,86,0.6288,13676,20.0
fourteam_postfix,12092,dxgi.dll!DXGIDisableVBlankVirtualization+0x6f4e,86,0.6288,13676,20.0
fourteam_postfix,12092,nvwgf2um.dll!OpenAdapter10+0x23bb0,85,0.6215,13676,20.0
fourteam_postfix,12092,nvwgf2um.dll!NVENCODEAPI_Thunk+0x59ceb,84,0.6142,13676,20.0
fourteam_postfix,12092,nvwgf2um.dll!OpenAdapter10+0x73f53,84,0.6142,13676,20.0
fourteam_postfix,12092,dxgi.dll!DXGIDisableVBlankVirtualization+0x14f03,84,0.6142,13676,20.0
fourteam_postfix,12092,battlezone98redux.exe!sub_4f90a0,84,0.6142,13676,20.0
fourteam_postfix,12092,battlezone98redux.exe!sub_4db100,83,0.6069,13676,20.0
fourteam_postfix,12092,battlezone98redux.exe!sub_4a08e0,83,0.6069,13676,20.0
fourteam_postfix,12092,battlezone98redux.exe!sub_68c560,80,0.585,13676,20.0
fourteam_postfix,12092,battlezone98redux.exe!sub_4428b0,80,0.585,13676,20.0
fourteam_postfix,12092,battlezone98redux.exe!sub_445d90,80,0.585,13676,20.0
fourteam_postfix,12092,battlezone98redux.exe!sub_45bf90,79,0.5777,13676,20.0
fourteam_postfix,12092,OgreMain.dll!?visitRenderables@Entity@Ogre@@UAEXPAVVisitor@Renderable@2@_N@Z+0x2f,79,0.5777,13676,20.0
fourteam_postfix,12092,battlezone98redux.exe!sub_680bd0,77,0.563,13676,20.0
fourteam_postfix,12092,battlezone98redux.exe!sub_4d4580,74,0.5411,13676,20.0
fourteam_postfix,12092,nvwgf2um.dll!OpenAdapter10+0x74e6d,74,0.5411,13676,20.0
fourteam_postfix,12092,OgreMain.dll!?prepareShadowTextures@SceneManager@Ogre@@UAEXPAVCamera@2@PAVViewport@2@PBV?$HashedVector@PAVLight@Ogre@@@2@@Z+0x377,74,0.5411,13676,20.0
fourteam_postfix,12092,battlezone98redux.exe!sub_682540,74,0.5411,13676,20.0
fourteam_postfix,12092,OgreMain.dll!?_findVisibleObjects@SceneNode@Ogre@@UAEXPAVCamera@2@PAVRenderQueue@2@PAUVisibleObjectsBoundsInfo@2@_N33@Z+0x7e,73,0.5338,13676,20.0
fourteam_postfix,12092,MSVCR120.dll!floor+0x19,72,0.5265,13676,20.0
fourteam_postfix,12092,OgreMain.dll!?getShadowCamera@PSSMShadowCameraSetup@Ogre@@UBEXPBVSceneManager@2@PBVCamera@2@PBVViewport@2@PBVLight@2@PAV42@I@Z+0xbc,72,0.5265,13676,20.0
fourteam_postfix,12092,ntdll.dll!_LdrpGenerateSnapsUnicodeStrings@28+0x141,71,0.5192,13676,20.0
fourteam_postfix,12092,WINMM.dll@6e990000!BZROpenShim::`anonymous namespace'::ProcessVisibleObjectHook+0xb4,71,0.5192,13676,20.0
fourteam_postfix,12092,d3d11.dll+0x2704e,71,0.5192,13676,20.0
fourteam_postfix,12092,ntdll.dll!RtlStringCchPrintfExW+0x65,70,0.5118,13676,20.0
fourteam_postfix,12092,OgreMain.dll!?_setPass@SceneManager@Ogre@@UAEPBVPass@2@PBV32@_N1@Z+0x9c0,70,0.5118,13676,20.0
fourteam_postfix,12092,ntdll.dll!RtlStringVPrintfWorkerW+0x1c,69,0.5045,13676,20.0
fourteam_postfix,12092,OgreMain.dll!?_populateLightList@SceneManager@Ogre@@UAEXABVVector3@2@MAAV?$HashedVector@PAVLight@Ogre@@@2@I@Z+0x232,69,0.5045,13676,20.0
fourteam_postfix,12092,RenderSystem_Direct3D11.dll!?bindGpuProgramParameters@D3D11RenderSystem@Ogre@@UAEXW4GpuProgramType@2@V?$SharedPtr@VGpuProgramParameters@Ogre@@@2@G@Z+0xad,69,0.5045,13676,20.0
fourteam_postfix,12092,ntdll.dll!__vsnwprintf_l+0x5b,68,0.4972,13676,20.0
fourteam_postfix,12092,ntdll.dll!__vsnwprintf+0x18,68,0.4972,13676,20.0
fourteam_postfix,12092,OgreMain.dll!?getVertexProgramParameters@Pass@Ogre@@QBE?AV?$SharedPtr@VGpuProgramParameters@Ogre@@@2@XZ+0x60,68,0.4972,13676,20.0
fourteam_postfix,12092,nvwgf2um.dll!OpenAdapter10+0x72b2d,68,0.4972,13676,20.0
fourteam_postfix,12092,OgreMain.dll!?_renderScene@SceneManager@Ogre@@UAEXPAVCamera@2@PAVViewport@2@_N@Z+0x20a,66,0.4826,13676,20.0
fourteam_postfix,12092,OgreMain.dll!?getProgram@Pass@Ogre@@IBEABV?$SharedPtr@VGpuProgram@Ogre@@@2@PBQAVGpuProgramUsage@2@@Z+0x1c,66,0.4826,13676,20.0
fourteam_postfix,12092,d3d11.dll!D3D11CoreCreateDevice+0xa057,65,0.4753,13676,20.0
fourteam_postfix,12092,RenderSystem_Direct3D11.dll!?_render@D3D11RenderSystem@Ogre@@UAEXABVRenderOperation@2@@Z+0x2ba,65,0.4753,13676,20.0
fourteam_postfix,12092,OgreMain.dll!?_update@SceneNode@Ogre@@UAEX_N0@Z+0x11,64,0.468,13676,20.0
fourteam_postfix,12092,d3d11.dll!D3D11CoreCreateDevice+0xa024,63,0.4607,13676,20.0
fourteam_postfix,12092,battlezone98redux.exe!sub_440130,63,0.4607,13676,20.0
fourteam_postfix,12092,OgreMain.dll!?renderQueueStarted@RQListener@CompositorChain@Ogre@@UAEXEABV?$basic_string@DU?$char_traits@D@std@@V?$allocator@D@2@@std@@AA_N@Z+0x1c,63,0.4607,13676,20.0
fourteam_postfix,12092,battlezone98redux.exe!sub_6192b0,63,0.4607,13676,20.0
fourteam_postfix,12092,OgreMain.dll!?_issueRenderOp@SceneManager@Ogre@@UAEXPAVRenderable@2@PBVPass@2@@Z+0x64,62,0.4533,13676,20.0
fourteam_postfix,12092,OgreMain.dll!?addRenderable@RenderPriorityGroup@Ogre@@QAEXPAVRenderable@2@PAVTechnique@2@@Z+0xb5,62,0.4533,13676,20.0
fourteam_postfix,12092,battlezone98redux.exe!sub_4461b0,62,0.4533,13676,20.0
fourteam_postfix,12092,RenderSystem_Direct3D11.dll!?bindGpuProgramParameters@D3D11RenderSystem@Ogre@@UAEXW4GpuProgramType@2@V?$SharedPtr@VGpuProgramParameters@Ogre@@@2@G@Z+0x187,62,0.4533,13676,20.0
fourteam_postfix,12092,USER32.dll!PeekMessageA+0x1f1,62,0.4533,13676,20.0
fourteam_postfix,12092,OgreMain.dll!?flushUpTo@RQListener@CompositorChain@Ogre@@QAEXE@Z+0x27,61,0.446,13676,20.0
fourteam_postfix,12092,OgreMain.dll!?_updateBounds@SceneNode@Ogre@@UAEXXZ+0x19c,61,0.446,13676,20.0
fourteam_postfix,12092,battlezone98redux.exe!sub_6854f0,59,0.4314,13676,20.0
fourteam_postfix,12092,OgreMain.dll!?getHasInstanceData@VertexBufferBinding@Ogre@@UBE_NXZ+0x17,58,0.4241,13676,20.0
fourteam_postfix,12092,battlezone98redux.exe!sub_689d10,58,0.4241,13676,20.0
fourteam_postfix,12092,ntdll.dll!_ZwReleaseSemaphore@12+0xc,58,0.4241,13676,20.0
fourteam_postfix,12092,d3d11.dll!D3D11CoreCreateDevice+0x9538,58,0.4241,13676,20.0
fourteam_postfix,12092,RenderSystem_Direct3D11.dll!?_render@D3D11RenderSystem@Ogre@@UAEXABVRenderOperation@2@@Z+0x5b4,58,0.4241,13676,20.0
fourteam_postfix,12092,battlezone98redux.exe!sub_4f90f0,58,0.4241,13676,20.0
fourteam_postfix,12092,d3d11.dll+0x30d82,57,0.4168,13676,20.0
fourteam_postfix,12092,battlezone98redux.exe!sub_4aeb80,57,0.4168,13676,20.0
fourteam_postfix,12092,nvwgf2um.dll!SetDependencyInfo+0x5560f,57,0.4168,13676,20.0
fourteam_postfix,12092,RenderSystem_Direct3D11.dll!?_render@D3D11RenderSystem@Ogre@@UAEXABVRenderOperation@2@@Z+0xe2,57,0.4168,13676,20.0
fourteam_postfix,12092,battlezone98redux.exe!sub_784180,57,0.4168,13676,20.0
fourteam_postfix,12092,OgreMain.dll!?_notifyCurrentCamera@Entity@Ogre@@UAEXPAVCamera@2@@Z+0x35,56,0.4095,13676,20.0
fourteam_postfix,12092,battlezone98redux.exe!sub_62e710,56,0.4095,13676,20.0
fourteam_postfix,12092,battlezone98redux.exe!sub_62e780,56,0.4095,13676,20.0
fourteam_postfix,12092,battlezone98redux.exe!sub_5dc300,55,0.4022,13676,20.0
fourteam_postfix,12092,battlezone98redux.exe!sub_679d70,55,0.4022,13676,20.0
fourteam_postfix,12092,battlezone98redux.exe!sub_50aa10,55,0.4022,13676,20.0
fourteam_postfix,12092,d3d11.dll+0x30af7,55,0.4022,13676,20.0
fourteam_postfix,12092,OgreMain.dll!?_writeRawConstant@GpuProgramParameters@Ogre@@QAEXIABVColourValue@2@I@Z+0x25,55,0.4022,13676,20.0
fourteam_postfix,12092,MSVCR120.dll!memmove+0xc7,53,0.3875,13676,20.0
fourteam_postfix,12092,OgreMain.dll!?isVisible@ShadowRenderable@Ogre@@UBE_NXZ+0x231,53,0.3875,13676,20.0
fourteam_postfix,12092,OgreMain.dll!?_renderScene@SceneManager@Ogre@@UAEXPAVCamera@2@PAVViewport@2@_N@Z+0x350,53,0.3875,13676,20.0
fourteam_postfix,12092,OgreMain.dll!?processVisibleObject@RenderQueue@Ogre@@QAEXPAVMovableObject@2@PAVCamera@2@_NPAUVisibleObjectsBoundsInfo@2@@Z+0xd9,53,0.3875,13676,20.0
fourteam_postfix,12092,OgreMain.dll!?_calcTempSquareDist@Light@Ogre@@QAEXABVVector3@2@@Z+0x25,52,0.3802,13676,20.0
fourteam_postfix,12092,RenderSystem_Direct3D11.dll!?bindGpuProgramParameters@D3D11RenderSystem@Ogre@@UAEXW4GpuProgramType@2@V?$SharedPtr@VGpuProgramParameters@Ogre@@@2@G@Z+0x54a,52,0.3802,13676,20.0
fourteam_postfix,12092,OgreMain.dll!?getFragmentProgramParameters@Pass@Ogre@@QBE?AV?$SharedPtr@VGpuProgramParameters@Ogre@@@2@XZ+0x45,52,0.3802,13676,20.0
fourteam_postfix,12092,OgreMain.dll!?getHasInstanceData@VertexBufferBinding@Ogre@@UBE_NXZ+0x5,52,0.3802,13676,20.0
fourteam_postfix,12092,battlezone98redux.exe!sub_62bf70,52,0.3802,13676,20.0
fourteam_postfix,12092,OgreMain.dll!?deriveTextureRenderTargetOptions@CompositorInstance@Ogre@@AAEXABV?$basic_string@DU?$char_traits@D@std@@V?$allocator@D@2@@std@@PA_NPAIPAV34@@Z+0xcfc,52,0.3802,13676,20.0
fourteam_postfix,12092,RenderSystem_Direct3D11.dll!?uninstall@D3D11Plugin@Ogre@@UAEXXZ+0x625f,51,0.3729,13676,20.0
fourteam_postfix,12092,OgreMain.dll!?getNumWorldTransforms@SubEntity@Ogre@@UBEGXZ+0x15,51,0.3729,13676,20.0
fourteam_postfix,12092,d3d11.dll+0x31412,51,0.3729,13676,20.0
fourteam_postfix,12092,OgreMain.dll!?_renderScene@SceneManager@Ogre@@UAEXPAVCamera@2@PAVViewport@2@_N@Z+0x286,51,0.3729,13676,20.0
fourteam_postfix,12092,OgreMain.dll!?getValue@LodStrategy@Ogre@@QBEMPBVMovableObject@2@PBVCamera@2@@Z+0x1e,50,0.3656,13676,20.0
fourteam_postfix,12092,OgreMain.dll!?lock@HardwareBuffer@Ogre@@UAEPAXIIW4LockOptions@12@W4UploadOptions@12@@Z+0x19c,50,0.3656,13676,20.0
fourteam_postfix,12092,d3d11.dll!CreateDirect3D11DeviceFromDXGIDevice+0x9f9c3,50,0.3656,13676,20.0
fourteam_postfix,12092,ntdll.dll!__woutput_l+0x870,49,0.3583,13676,20.0
fourteam_postfix,12092,d3d11.dll!CreateDirect3D11DeviceFromDXGIDevice+0x9f925,49,0.3583,13676,20.0
fourteam_postfix,12092,OgreMain.dll!?addSolidRenderable@RenderPriorityGroup@Ogre@@IAEXPAVTechnique@2@PAVRenderable@2@_N@Z+0x42,49,0.3583,13676,20.0
fourteam_postfix,12092,battlezone98redux.exe!sub_4dfbf0,49,0.3583,13676,20.0
fourteam_postfix,12092,ntdll.dll!_mbtowc+0x36,48,0.351,13676,20.0
fourteam_postfix,12092,OgreMain.dll!?_updateAutoParams@GpuProgramParameters@Ogre@@QAEXPBVAutoParamDataSource@2@G@Z+0x1a72,48,0.351,13676,20.0
fourteam_postfix,12092,OgreMain.dll!?renderSingleObject@SceneManager@Ogre@@MAEXPAVRenderable@2@PBVPass@2@_N2PBV?$HashedVector@PAVLight@Ogre@@@2@@Z+0x7fb,48,0.351,13676,20.0
fourteam_postfix,12092,RenderSystem_Direct3D11.dll!?_render@D3D11RenderSystem@Ogre@@UAEXABVRenderOperation@2@@Z+0x1a07,47,0.3437,13676,20.0
fourteam_postfix,12092,battlezone98redux.exe!sub_439d00,47,0.3437,13676,20.0
fourteam_postfix,12092,OgreMain.dll!?_updateAutoParams@GpuProgramParameters@Ogre@@QAEXPBVAutoParamDataSource@2@G@Z+0x1ca9,47,0.3437,13676,20.0
fourteam_postfix,12092,RenderSystem_Direct3D11.dll!?getConstantBuffer@D3D11HLSLProgram@Ogre@@QAEPAUID3D11Buffer@@V?$SharedPtr@VGpuProgramParameters@Ogre@@@2@G@Z+0xa4,47,0.3437,13676,20.0
fourteam_postfix,12092,ntdll.dll!_RtlAllocateHeap@12+0xa9,46,0.3364,13676,20.0
fourteam_postfix,12092,OgreMain.dll!?visit@SceneMgrQueuedRenderableVisitor@SceneManager@Ogre@@UAEXPAURenderablePass@3@@Z+0x48,46,0.3364,13676,20.0
fourteam_postfix,12092,OgreMain.dll!?setViewport@SceneManager@Ogre@@MAEXPAVViewport@2@@Z+0x16,46,0.3364,13676,20.0
fourteam_postfix,12092,d3d11.dll!D3D11CoreCreateDevice+0x8faa,45,0.329,13676,20.0
fourteam_postfix,12092,d3d11.dll!D3D11CoreCreateDevice+0x8b17,45,0.329,13676,20.0
fourteam_postfix,12092,OgreMain.dll!?touchVertexBufferCopy@HardwareBufferManagerBase@Ogre@@UAEXABVHardwareVertexBufferSharedPtr@2@@Z+0x1f,45,0.329,13676,20.0
fourteam_postfix,12092,battlezone98redux.exe!sub_45d240,45,0.329,13676,20.0
fourteam_postfix,12092,WINMM.dll@6e990000!BZROpenShim::`anonymous namespace'::RefreshHeadlightState+0x203,44,0.3217,13676,20.0
fourteam_postfix,12092,OgreMain.dll!?_update@Node@Ogre@@UAEX_N0@Z+0x54,44,0.3217,13676,20.0
fourteam_postfix,12092,RenderSystem_Direct3D11.dll!?_render@D3D11RenderSystem@Ogre@@UAEXABVRenderOperation@2@@Z+0x177,44,0.3217,13676,20.0
fourteam_postfix,12092,dxgi.dll!CompatString+0x2600,44,0.3217,13676,20.0
fourteam_postfix,12092,OgreMain.dll!?getShadowCamera@LiSPSMShadowCameraSetup@Ogre@@UBEXPBVSceneManager@2@PBVCamera@2@PBVViewport@2@PBVLight@2@PAV42@I@Z+0x277,44,0.3217,13676,20.0
fourteam_postfix,12092,OgreMain.dll!?getParameters@GpuProgramUsage@Ogre@@QAE?AV?$SharedPtr@VGpuProgramParameters@Ogre@@@2@XZ+0xe7,44,0.3217,13676,20.0
fourteam_postfix,12092,OgreMain.dll!?_updateAutoParams@GpuProgramParameters@Ogre@@QAEXPBVAutoParamDataSource@2@G@Z+0x1b5b,44,0.3217,13676,20.0
fourteam_postfix,12092,nvwgf2um.dll!SetDependencyInfo+0x5a32d,44,0.3217,13676,20.0
fourteam_postfix,12092,nvwgf2um.dll!SetDependencyInfo+0x55f6b,44,0.3217,13676,20.0
fourteam_postfix,12092,battlezone98redux.exe!sub_67a630,44,0.3217,13676,20.0
fourteam_postfix,12092,RenderSystem_Direct3D11.dll!?getILayoutByShader@D3D11VertexDeclaration@Ogre@@IAEPAUID3D11InputLayout@@PAVD3D11HLSLProgram@2@PAVVertexBufferBinding@2@@Z+0x253,43,0.3144,13676,20.0
fourteam_postfix,12092,d3d11.dll+0x36548,43,0.3144,13676,20.0
fourteam_postfix,12092,ntdll.dll!_RtlpAllocateNTHeapInternal@12+0xfc,43,0.3144,13676,20.0
fourteam_postfix,12092,OgreMain.dll!?getWorldBoundingBox@MovableObject@Ogre@@UBEABVAxisAlignedBox@2@_N@Z+0x12,43,0.3144,13676,20.0
fourteam_postfix,12092,win32u.dll!_NtUserPeekMessage@24+0xc,43,0.3144,13676,20.0
fourteam_postfix,12092,d3d11.dll!CreateDirect3D11DeviceFromDXGIDevice+0x9da47,43,0.3144,13676,20.0
fourteam_postfix,12092,RenderSystem_Direct3D11.dll!?_render@D3D11RenderSystem@Ogre@@UAEXABVRenderOperation@2@@Z+0x5b,42,0.3071,13676,20.0
fourteam_postfix,12092,WINMM.dll@6e990000!BZROpenShim::ChunkEffectSimulateHook+0x1de,42,0.3071,13676,20.0
fourteam_postfix,12092,OgreMain.dll!?renderSingleObject@SceneManager@Ogre@@MAEXPAVRenderable@2@PBVPass@2@_N2PBV?$HashedVector@PAVLight@Ogre@@@2@@Z+0x23d,42,0.3071,13676,20.0
fourteam_postfix,12092,OgreMain.dll!?_updateAutoParams@GpuProgramParameters@Ogre@@QAEXPBVAutoParamDataSource@2@G@Z+0x1d08,42,0.3071,13676,20.0
fourteam_postfix,12092,RenderSystem_Direct3D11.dll!?_render@D3D11RenderSystem@Ogre@@UAEXABVRenderOperation@2@@Z+0x3b7,42,0.3071,13676,20.0
fourteam_postfix,12092,OgreMain.dll!?getBestTechnique@Material@Ogre@@QAEPAVTechnique@2@GPBVRenderable@2@@Z+0x8b,42,0.3071,13676,20.0
fourteam_postfix,12092,RenderSystem_Direct3D11.dll!?_setViewport@D3D11RenderSystem@Ogre@@UAEXPAVViewport@2@@Z+0xb8,42,0.3071,13676,20.0
fourteam_postfix,12092,ntdll.dll!_LdrGetDllHandleEx@20+0x61,41,0.2998,13676,20.0
fourteam_postfix,12092,RenderSystem_Direct3D11.dll!?bindToShader@D3D11VertexDeclaration@Ogre@@QAEXPAVD3D11HLSLProgram@2@PAVVertexBufferBinding@2@@Z+0xa,41,0.2998,13676,20.0
fourteam_postfix,12092,d3d11.dll!D3D11CoreCreateDevice+0x1d1e8,41,0.2998,13676,20.0
fourteam_postfix,12092,OgreMain.dll!?prepareRenderQueue@SceneManager@Ogre@@MAEXXZ+0x2f,41,0.2998,13676,20.0
fourteam_postfix,12092,nvwgf2um.dll!SetDependencyInfo+0x55997,41,0.2998,13676,20.0
fourteam_postfix,12092,nvwgf2um.dll!SetDependencyInfo+0x557ac,41,0.2998,13676,20.0
fourteam_postfix,12092,battlezone98redux.exe!sub_68ca30,40,0.2925,13676,20.0
fourteam_postfix,12092,RenderSystem_Direct3D11.dll!?_render@D3D11RenderSystem@Ogre@@UAEXABVRenderOperation@2@@Z+0x1295,40,0.2925,13676,20.0
fourteam_postfix,12092,OgreMain.dll!?getWorldBoundingBox@Entity@Ogre@@UBEABVAxisAlignedBox@2@_N@Z+0x7d,40,0.2925,13676,20.0
fourteam_postfix,12092,battlezone98redux.exe!sub_444f70,39,0.2852,13676,20.0
fourteam_postfix,12092,battlezone98redux.exe!sub_4621a0,39,0.2852,13676,20.0
fourteam_postfix,12092,battlezone98redux.exe!sub_686590,39,0.2852,13676,20.0
fourteam_postfix,12092,nvwgf2um.dll!OpenAdapter10+0x7459d,39,0.2852,13676,20.0
fourteam_postfix,12092,RenderSystem_Direct3D11.dll!?createImpl@D3D11GpuProgramManager@Ogre@@MAEPAVResource@2@ABV?$basic_string@DU?$char_traits@D@std@@V?$allocator@D@2@@std@@_K0_NPAVManualResourceLoader@2@W4GpuProgramType@2@0@Z+0x6144,39,0.2852,13676,20.0
fourteam_postfix,12092,OgreMain.dll!?_injectRenderWithPass@SceneManager@Ogre@@UAEXPAVPass@2@PAVRenderable@2@_N2PBV?$HashedVector@PAVLight@Ogre@@@2@@Z+0x29,38,0.2779,13676,20.0
fourteam_postfix,12092,d3d11.dll!D3D11CoreCreateDevice+0x964f,38,0.2779,13676,20.0
fourteam_postfix,12092,OgreMain.dll!?clone@Animation@Ogre@@QBEPAV12@ABV?$basic_string@DU?$char_traits@D@std@@V?$allocator@D@2@@std@@@Z+0x283,38,0.2779,13676,20.0
fourteam_postfix,12092,battlezone98redux.exe!sub_8203f0,37,0.2705,13676,20.0
fourteam_postfix,12092,MSVCR120.dll!__libm_sse2_acosf+0xa6,37,0.2705,13676,20.0
fourteam_postfix,12092,d3d11.dll!D3D11CoreCreateDevice+0x9c8f,37,0.2705,13676,20.0
fourteam_postfix,12092,OgreMain.dll!?isInLightRange@Light@Ogre@@QBE_NABVSphere@2@@Z+0x172,37,0.2705,13676,20.0
fourteam_postfix,12092,OgreMain.dll!?setOrientation@Node@Ogre@@UAEXABVQuaternion@2@@Z+0x35,37,0.2705,13676,20.0
fourteam_postfix,12092,OgreMain.dll!?getBestTechnique@Material@Ogre@@QAEPAVTechnique@2@GPBVRenderable@2@@Z+0x4c,37,0.2705,13676,20.0
fourteam_postfix,12092,battlezone98redux.exe!sub_679ac0,37,0.2705,13676,20.0
fourteam_postfix,12092,OgreMain.dll!?_updateAutoParams@GpuProgramParameters@Ogre@@QAEXPBVAutoParamDataSource@2@G@Z+0x1eb5,37,0.2705,13676,20.0
fourteam_postfix,12092,battlezone98redux.exe!sub_820180,37,0.2705,13676,20.0
fourteam_postfix,12092,dxgi.dll!DXGIGetDebugInterface1+0x204dd,37,0.2705,13676,20.0
fourteam_postfix,12092,dxgi.dll!DXGIGetDebugInterface1+0x209d0,37,0.2705,13676,20.0
fourteam_postfix,12092,battlezone98redux.exe!sub_440210,37,0.2705,13676,20.0
fourteam_postfix,12092,OgreMain.dll!?_updateAutoParams@GpuProgramParameters@Ogre@@QAEXPBVAutoParamDataSource@2@G@Z+0x1cbc,37,0.2705,13676,20.0
fourteam_postfix,12092,OgreMain.dll!?getHasInstanceData@VertexBufferBinding@Ogre@@UBE_NXZ+0x13,36,0.2632,13676,20.0
fourteam_postfix,12092,battlezone98redux.exe!sub_686600,36,0.2632,13676,20.0
fourteam_postfix,12092,OgreMain.dll!?getVertexDataForBinding@SubEntity@Ogre@@QAEPAVVertexData@2@XZ+0x2a,36,0.2632,13676,20.0
fourteam_postfix,12092,OgreMain.dll!?_updateAutoParams@GpuProgramParameters@Ogre@@QAEXPBVAutoParamDataSource@2@G@Z+0x1f65,36,0.2632,13676,20.0
fourteam_postfix,12092,OgreMain.dll!?_updateAutoParams@GpuProgramParameters@Ogre@@QAEXPBVAutoParamDataSource@2@G@Z+0x125b,36,0.2632,13676,20.0
fourteam_postfix,12092,d3d11.dll!D3D11CoreCreateLayeredDevice+0x17cd,35,0.2559,13676,20.0
fourteam_postfix,12092,battlezone98redux.exe!sub_4440d0,35,0.2559,13676,20.0
fourteam_postfix,12092,ntdll.dll!@RtlpLowFragHeapAllocFromContext@16+0x67,35,0.2559,13676,20.0
fourteam_postfix,12092,OgreMain.dll!?getViewMatrix@AutoParamDataSource@Ogre@@UBEABVMatrix4@2@XZ+0x7c,35,0.2559,13676,20.0
fourteam_postfix,12092,d3d11.dll!CreateDirect3D11DeviceFromDXGIDevice+0x8ee16,35,0.2559,13676,20.0
fourteam_postfix,12092,d3d11.dll+0x2b4fb,35,0.2559,13676,20.0
fourteam_postfix,12092,RenderSystem_Direct3D11.dll!?getILayoutByShader@D3D11VertexDeclaration@Ogre@@IAEPAUID3D11InputLayout@@PAVD3D11HLSLProgram@2@PAVVertexBufferBinding@2@@Z+0x274,34,0.2486,13676,20.0
fourteam_postfix,12092,OgreMain.dll!?_updateAutoParams@GpuProgramParameters@Ogre@@QAEXPBVAutoParamDataSource@2@G@Z+0x1cf5,34,0.2486,13676,20.0
fourteam_postfix,12092,RenderSystem_Direct3D11.dll!?getILayoutByShader@D3D11VertexDeclaration@Ogre@@IAEPAUID3D11InputLayout@@PAVD3D11HLSLProgram@2@PAVVertexBufferBinding@2@@Z+0x24f,34,0.2486,13676,20.0
fourteam_postfix,12092,nvwgf2um.dll!OpenAdapter10+0x726fd,34,0.2486,13676,20.0
fourteam_postfix,12092,battlezone98redux.exe!sub_679bc0,34,0.2486,13676,20.0
fourteam_postfix,12092,battlezone98redux.exe!sub_686520,34,0.2486,13676,20.0
fourteam_postfix,12092,RenderSystem_Direct3D11.dll!?getILayoutByShader@D3D11VertexDeclaration@Ogre@@IAEPAUID3D11InputLayout@@PAVD3D11HLSLProgram@2@PAVVertexBufferBinding@2@@Z+0x52,33,0.2413,13676,20.0
fourteam_postfix,12092,battlezone98redux.exe!sub_611270,33,0.2413,13676,20.0
fourteam_postfix,12092,RenderSystem_Direct3D11.dll!?_render@D3D11RenderSystem@Ogre@@UAEXABVRenderOperation@2@@Z+0x132f,33,0.2413,13676,20.0
fourteam_postfix,12092,battlezone98redux.exe!sub_5c19d0,33,0.2413,13676,20.0
fourteam_postfix,12092,OgreMain.dll!?getValueImpl@DistanceLodStrategyBase@Ogre@@MBEMPBVMovableObject@2@PBVCamera@2@@Z+0x15,33,0.2413,13676,20.0
fourteam_postfix,12092,OgreMain.dll!?_updateAutoParams@GpuProgramParameters@Ogre@@QAEXPBVAutoParamDataSource@2@G@Z+0x1c2f,33,0.2413,13676,20.0
fourteam_postfix,12092,OgreMain.dll!?needUpdate@Node@Ogre@@UAEX_N@Z+0x31,33,0.2413,13676,20.0
fourteam_postfix,12092,OgreMain.dll!?requestUpdate@Node@Ogre@@UAEXPAV12@_N@Z+0x29,33,0.2413,13676,20.0
fourteam_postfix,12092,OgreMain.dll!?processVisibleObject@RenderQueue@Ogre@@QAEXPAVMovableObject@2@PAVCamera@2@_NPAUVisibleObjectsBoundsInfo@2@@Z+0xd1,33,0.2413,13676,20.0
fourteam_postfix,12092,RenderSystem_Direct3D11.dll!?_render@D3D11RenderSystem@Ogre@@UAEXABVRenderOperation@2@@Z+0x423,33,0.2413,13676,20.0
fourteam_postfix,12092,d3d11.dll!CreateDirect3D11DeviceFromDXGIDevice+0xbc60f,33,0.2413,13676,20.0
fourteam_postfix,12092,OgreMain.dll!?getSide@Plane@Ogre@@QBE?AW4Side@12@ABVVector3@2@0@Z+0xe,33,0.2413,13676,20.0
fourteam_postfix,12092,d3d11.dll!CreateDirect3D11DeviceFromDXGIDevice+0xbdbd5,33,0.2413,13676,20.0
fourteam_postfix,12092,OgreMain.dll!?_updateAutoParams@GpuProgramParameters@Ogre@@QAEXPBVAutoParamDataSource@2@G@Z+0x1e50,33,0.2413,13676,20.0
fourteam_postfix,12092,d3d11.dll!D3D11CreateDeviceAndSwapChain+0x1140,32,0.234,13676,20.0
fourteam_postfix,12092,battlezone98redux.exe!sub_785730,32,0.234,13676,20.0
fourteam_postfix,12092,OgreMain.dll!?renderSingleObject@SceneManager@Ogre@@MAEXPAVRenderable@2@PBVPass@2@_N2PBV?$HashedVector@PAVLight@Ogre@@@2@@Z+0x87,32,0.234,13676,20.0
fourteam_postfix,12092,battlezone98redux.exe!sub_67a4a0,32,0.234,13676,20.0
fourteam_postfix,12092,MSVCR120.dll!??2@YAPAXI@Z+0xe,32,0.234,13676,20.0
fourteam_postfix,12092,OgreMain.dll!?chooseVertexDataForBinding@Entity@Ogre@@QAE?AW4VertexDataBindChoice@12@_N@Z+0x11,31,0.2267,13676,20.0
fourteam_postfix,12092,RenderSystem_Direct3D11.dll!?_render@D3D11RenderSystem@Ogre@@UAEXABVRenderOperation@2@@Z+0x161d,31,0.2267,13676,20.0
fourteam_postfix,12092,OgreMain.dll!?updateAnimation@Entity@Ogre@@IAEXXZ+0x38,31,0.2267,13676,20.0
fourteam_postfix,12092,d3d11.dll!CreateDirect3D11DeviceFromDXGIDevice+0xa5747,31,0.2267,13676,20.0
fourteam_postfix,12092,battlezone98redux.exe!sub_678cd0,31,0.2267,13676,20.0
fourteam_postfix,12092,OgreMain.dll!?touchVertexBufferCopy@HardwareBufferManagerBase@Ogre@@UAEXABVHardwareVertexBufferSharedPtr@2@@Z+0x47,31,0.2267,13676,20.0
fourteam_postfix,12092,OgreMain.dll!?_writeRawConstant@GpuProgramParameters@Ogre@@QAEXIABVMatrix4@2@I@Z+0x3a,31,0.2267,13676,20.0
fourteam_postfix,12092,RenderSystem_Direct3D11.dll!?_render@D3D11RenderSystem@Ogre@@UAEXABVRenderOperation@2@@Z+0x326,31,0.2267,13676,20.0
fourteam_postfix,12092,battlezone98redux.exe!sub_43a170,30,0.2194,13676,20.0
fourteam_postfix,12092,OgreMain.dll!?renderSingleObject@SceneManager@Ogre@@MAEXPAVRenderable@2@PBVPass@2@_N2PBV?$HashedVector@PAVLight@Ogre@@@2@@Z+0x1d5,30,0.2194,13676,20.0
fourteam_postfix,12092,d3d11.dll+0x27010,30,0.2194,13676,20.0
fourteam_postfix,12092,WINMM.dll@6e990000!BZROpenShim::`anonymous namespace'::DecideFrustumCull+0x5d,30,0.2194,13676,20.0
fourteam_postfix,12092,d3d11.dll!D3D11CoreCreateDevice+0x26530,30,0.2194,13676,20.0
fourteam_postfix,12092,RenderSystem_Direct3D11.dll!??0D3D11RenderWindowSwapChainBased@Ogre@@QAE@ABV01@@Z+0x9f2,30,0.2194,13676,20.0
fourteam_postfix,12092,nvwgf2um.dll!OpenAdapter10+0x74f64,30,0.2194,13676,20.0
fourteam_postfix,12092,MSVCR120.dll!__libm_sse2_acosf+0x4c,29,0.2121,13676,20.0
fourteam_postfix,12092,OgreMain.dll!?_updateAutoParams@GpuProgramParameters@Ogre@@QAEXPBVAutoParamDataSource@2@G@Z+0x1f00,29,0.2121,13676,20.0
fourteam_postfix,12092,d3d11.dll!D3D11CoreCreateDevice+0x3943,29,0.2121,13676,20.0
fourteam_postfix,12092,d3d11.dll!D3D11CoreCreateDevice+0xa4c7,29,0.2121,13676,20.0
fourteam_postfix,12092,OgreMain.dll!?calculateB@FocusedShadowCameraSetup@Ogre@@IBEXABVSceneManager@2@ABVCamera@2@ABVLight@2@ABVAxisAlignedBox@2@3PAVPointListBody@12@@Z+0x154,29,0.2121,13676,20.0
fourteam_postfix,12092,battlezone98redux.exe!sub_81f1e0,29,0.2121,13676,20.0
fourteam_postfix,12092,OgreMain.dll!?updatePoint@RotationalSpline@Ogre@@QAEXGABVQuaternion@2@@Z+0x1522,29,0.2121,13676,20.0
fourteam_postfix,12092,RenderSystem_Direct3D11.dll!?bindGpuProgramParameters@D3D11RenderSystem@Ogre@@UAEXW4GpuProgramType@2@V?$SharedPtr@VGpuProgramParameters@Ogre@@@2@G@Z+0x15f,29,0.2121,13676,20.0
fourteam_postfix,12092,OgreMain.dll!?_updateAutoParams@Pass@Ogre@@QBEXPBVAutoParamDataSource@2@G@Z+0xf1,29,0.2121,13676,20.0
fourteam_postfix,12092,battlezone98redux.exe!sub_81cb40,28,0.2047,13676,20.0
fourteam_postfix,12092,OgreMain.dll!?getLightAs4DVector@AutoParamDataSource@Ogre@@UBE?AVVector4@2@I@Z+0x17,28,0.2047,13676,20.0
fourteam_postfix,12092,RenderSystem_Direct3D11.dll!?_render@D3D11RenderSystem@Ogre@@UAEXABVRenderOperation@2@@Z+0x229,28,0.2047,13676,20.0
fourteam_postfix,12092,OgreMain.dll!?clear@RenderQueue@Ogre@@QAEX_N@Z+0x99,28,0.2047,13676,20.0
fourteam_postfix,12092,battlezone98redux.exe!_Vector_iterator<>,28,0.2047,13676,20.0
fourteam_postfix,12092,RenderSystem_Direct3D11.dll!?_render@D3D11RenderSystem@Ogre@@UAEXABVRenderOperation@2@@Z+0x18cf,28,0.2047,13676,20.0
fourteam_postfix,12092,RenderSystem_Direct3D11.dll!?_render@D3D11RenderSystem@Ogre@@UAEXABVRenderOperation@2@@Z+0x97,28,0.2047,13676,20.0
fourteam_postfix,12092,ntdll.dll!_RtlAnsiCharToUnicodeChar@4+0x8d,27,0.1974,13676,20.0
fourteam_postfix,12092,battlezone98redux.exe!sub_44ecb0,27,0.1974,13676,20.0
fourteam_postfix,12092,battlezone98redux.exe!sub_44eb20,27,0.1974,13676,20.0
fourteam_postfix,12092,OgreMain.dll!?isHardwareAnimationEnabled@Entity@Ogre@@QAE_NXZ+0x43,27,0.1974,13676,20.0
fourteam_postfix,12092,dxgi.dll!DXGIGetDebugInterface1+0x20602,27,0.1974,13676,20.0
fourteam_postfix,12092,d3d11.dll+0x289ab,27,0.1974,13676,20.0
fourteam_postfix,12092,WINMM.dll@6e990000!BZROpenShim::`anonymous namespace'::HookOMSetRenderTargets+0x69,27,0.1974,13676,20.0
fourteam_postfix,12092,OgreMain.dll!?getSquaredDepth@DistanceLodSphereStrategy@Ogre@@UBEMPBVMovableObject@2@PBVCamera@2@@Z+0x2c,27,0.1974,13676,20.0
fourteam_postfix,12092,ntdll.dll!_LdrGetDllHandleEx@20+0x2f1,27,0.1974,13676,20.0
fourteam_postfix,12092,d3d11.dll!D3D11CoreCreateDevice+0x1d9a7,27,0.1974,13676,20.0
fourteam_postfix,12092,d3d11.dll!D3D11CoreCreateDevice+0x1d48d,27,0.1974,13676,20.0
fourteam_postfix,12092,OgreMain.dll!?updatePoint@RotationalSpline@Ogre@@QAEXGABVQuaternion@2@@Z+0xb042,27,0.1974,13676,20.0
fourteam_postfix,12092,OgreMain.dll!?_updateAutoParams@GpuProgramParameters@Ogre@@QAEXPBVAutoParamDataSource@2@G@Z+0x1be0,27,0.1974,13676,20.0
fourteam_postfix,12092,RenderSystem_Direct3D11.dll+0x3ee0,27,0.1974,13676,20.0
fourteam_postfix,12092,OgreMain.dll!?_findVisibleObjects@SceneNode@Ogre@@UAEXPAVCamera@2@PAVRenderQueue@2@PAUVisibleObjectsBoundsInfo@2@_N33@Z+0x4c,27,0.1974,13676,20.0
fourteam_postfix,12092,battlezone98redux.exe!sub_6799c0,27,0.1974,13676,20.0
fourteam_postfix,12092,battlezone98redux.exe!sub_679610,27,0.1974,13676,20.0
fourteam_postfix,12092,battlezone98redux.exe!sub_820570,27,0.1974,13676,20.0
fourteam_postfix,12092,battlezone98redux.exe!sub_67ae70,27,0.1974,13676,20.0
fourteam_postfix,12092,RenderSystem_Direct3D11.dll!??0D3D11RenderWindowSwapChainBased@Ogre@@QAE@ABV01@@Z+0xa0b,26,0.1901,13676,20.0
fourteam_postfix,12092,OgreMain.dll!?_updateAutoParams@GpuProgramParameters@Ogre@@QAEXPBVAutoParamDataSource@2@G@Z+0x1b85,26,0.1901,13676,20.0
fourteam_postfix,12092,d3d11.dll+0x28a00,26,0.1901,13676,20.0
fourteam_postfix,12092,battlezone98redux.exe!sub_681a00,26,0.1901,13676,20.0
fourteam_postfix,12092,OgreMain.dll!?_updateAutoParams@Pass@Ogre@@QBEXPBVAutoParamDataSource@2@G@Z+0x43,26,0.1901,13676,20.0
fourteam_postfix,12092,nvwgf2um.dll!OpenAdapter10+0x72c24,26,0.1901,13676,20.0
fourteam_postfix,12092,nvwgf2um.dll!SetDependencyInfo+0x5a146,25,0.1828,13676,20.0
fourteam_postfix,12092,battlezone98redux.exe!sub_4d4610,25,0.1828,13676,20.0
fourteam_postfix,12092,OgreMain.dll!?getMovableType@MovablePlane@Ogre@@UBEABV?$basic_string@DU?$char_traits@D@std@@V?$allocator@D@2@@std@@XZ+0xb21,25,0.1828,13676,20.0
fourteam_postfix,12092,RenderSystem_Direct3D11.dll!??1D3D11RenderWindowSwapChainBased@Ogre@@UAE@XZ+0x36e,25,0.1828,13676,20.0
fourteam_postfix,12092,battlezone98redux.exe!FID_conflict:begin,25,0.1828,13676,20.0
fourteam_postfix,12092,MSVCR120.dll!malloc+0x33,25,0.1828,13676,20.0
fourteam_postfix,12092,OgreMain.dll!?processVisibleObject@RenderQueue@Ogre@@QAEXPAVMovableObject@2@PAVCamera@2@_NPAUVisibleObjectsBoundsInfo@2@@Z+0xc7,25,0.1828,13676,20.0
fourteam_postfix,12092,RenderSystem_Direct3D11.dll!?getILayoutByShader@D3D11VertexDeclaration@Ogre@@IAEPAUID3D11InputLayout@@PAVD3D11HLSLProgram@2@PAVVertexBufferBinding@2@@Z+0x56,25,0.1828,13676,20.0
fourteam_postfix,12092,battlezone98redux.exe!sub_49b1f0,24,0.1755,13676,20.0
fourteam_postfix,12092,d3d11.dll+0x29801,24,0.1755,13676,20.0
fourteam_postfix,12092,battlezone98redux.exe!sub_784100,24,0.1755,13676,20.0
fourteam_postfix,12092,d3d11.dll+0x31a6a,24,0.1755,13676,20.0
fourteam_postfix,12092,nvwgf2um.dll!OpenAdapter10+0x77c4d,24,0.1755,13676,20.0
fourteam_postfix,12092,ntdll.dll!_LdrGetDllHandleEx@20+0x446,24,0.1755,13676,20.0
fourteam_postfix,12092,RenderSystem_Direct3D11.dll!?getMonitorSequentialNumberFromSwapChain@MonitorInfo@Ogre@@QAEGPAUIDXGISwapChain@@_N@Z+0x27a7,24,0.1755,13676,20.0
fourteam_postfix,12092,RenderSystem_Direct3D11.dll!?swapBuffers@D3D11RenderWindowSwapChainBased@Ogre@@UAEXXZ+0x80,24,0.1755,13676,20.0
fourteam_postfix,12092,d3d11.dll!D3D11CoreCreateLayeredDevice+0x1490,24,0.1755,13676,20.0
fourteam_postfix,12092,MSVCR120.dll!__libm_sse2_asinf+0xa0,24,0.1755,13676,20.0
fourteam_postfix,12092,win32u.dll!_NtGdiDdDDIQueryVidPnExclusiveOwnership@4+0xc,23,0.1682,13676,20.0
fourteam_postfix,12092,dxgi.dll!CompatString+0x2a87,23,0.1682,13676,20.0
fourteam_postfix,12092,RenderSystem_Direct3D11.dll!?getILayoutByShader@D3D11VertexDeclaration@Ogre@@IAEPAUID3D11InputLayout@@PAVD3D11HLSLProgram@2@PAVVertexBufferBinding@2@@Z+0x6a,23,0.1682,13676,20.0
fourteam_postfix,12092,battlezone98redux.exe!sub_4deaa0,23,0.1682,13676,20.0
fourteam_postfix,12092,OgreMain.dll!?clear@RenderQueueGroup@Ogre@@QAEX_N@Z+0xb7,23,0.1682,13676,20.0
fourteam_postfix,12092,KERNEL32.DLL!GetCurrentThreadId,23,0.1682,13676,20.0
fourteam_postfix,12092,OgreMain.dll!?getBoundingBox@Entity@Ogre@@UBEABVAxisAlignedBox@2@XZ+0x8e2,23,0.1682,13676,20.0
fourteam_postfix,12092,d3d11.dll+0x31542,23,0.1682,13676,20.0
fourteam_postfix,12092,battlezone98redux.exe!sub_83e885,23,0.1682,13676,20.0
fourteam_postfix,12092,nvwgf2um.dll!OpenAdapter10+0x77bed,23,0.1682,13676,20.0
fourteam_postfix,12092,OgreMain.dll!?isHardwareAnimationEnabled@Entity@Ogre@@QAE_NXZ+0x28,23,0.1682,13676,20.0
fourteam_postfix,12092,OgreMain.dll!?ACos@Math@Ogre@@SA?AVRadian@2@M@Z+0x8,23,0.1682,13676,20.0
fourteam_postfix,12092,OgreMain.dll!?getVertexProgramParameters@Pass@Ogre@@QBE?AV?$SharedPtr@VGpuProgramParameters@Ogre@@@2@XZ+0x127,22,0.1609,13676,20.0
fourteam_postfix,12092,OgreMain.dll!?getProgram@Pass@Ogre@@IBEABV?$SharedPtr@VGpuProgram@Ogre@@@2@PBQAVGpuProgramUsage@2@@Z+0x38,22,0.1609,13676,20.0
fourteam_postfix,12092,battlezone98redux.exe!sub_442a90,22,0.1609,13676,20.0
fourteam_postfix,12092,OgreMain.dll!?addRenderable@RenderQueue@Ogre@@QAEXPAVRenderable@2@E@Z+0x13,22,0.1609,13676,20.0
fourteam_postfix,12092,battlezone98redux.exe!sub_5fa6e0,22,0.1609,13676,20.0
fourteam_postfix,12092,d3d11.dll!D3D11CoreCreateDevice+0xa28d,22,0.1609,13676,20.0
fourteam_postfix,12092,battlezone98redux.exe!sub_67bad0,22,0.1609,13676,20.0
fourteam_postfix,12092,RenderSystem_Direct3D11.dll!?_setRenderTarget@D3D11RenderSystem@Ogre@@UAEXPAVRenderTarget@2@@Z+0x4c,22,0.1609,13676,20.0
fourteam_postfix,12092,USER32.dll!SystemParametersInfoA+0x66,21,0.1536,13676,20.0
fourteam_postfix,12092,dxgi.dll!DXGIDisableVBlankVirtualization+0x20a1e,21,0.1536,13676,20.0
fourteam_postfix,12092,battlezone98redux.exe!sub_440300,21,0.1536,13676,20.0
fourteam_postfix,12092,d3d11.dll!D3D11CoreCreateLayeredDevice+0x13af,21,0.1536,13676,20.0
fourteam_postfix,12092,d3d11.dll!D3D11CoreCreateLayeredDevice+0xf28,21,0.1536,13676,20.0
fourteam_postfix,12092,d3d11.dll!D3D11CoreCreateLayeredDevice+0x1202,21,0.1536,13676,20.0
fourteam_postfix,12092,d3d11.dll!D3D11CoreCreateLayeredDevice+0x1c11,21,0.1536,13676,20.0
fourteam_postfix,12092,nvwgf2um.dll!OpenAdapter10+0x744c7,21,0.1536,13676,20.0
fourteam_postfix,12092,ntdll.dll!_RtlMultiByteToUnicodeN@20+0x1b,21,0.1536,13676,20.0
fourteam_postfix,12092,OgreMain.dll!?isInLightRange@Light@Ogre@@QBE_NABVSphere@2@@Z+0x161,21,0.1536,13676,20.0
fourteam_postfix,12092,battlezone98redux.exe!sub_62c8f0,21,0.1536,13676,20.0
fourteam_postfix,12092,OgreMain.dll!?_findVisibleObjects@SceneNode@Ogre@@UAEXPAVCamera@2@PAVRenderQueue@2@PAUVisibleObjectsBoundsInfo@2@_N33@Z+0x76,21,0.1536,13676,20.0
fourteam_postfix,12092,dxgi.dll!DXGIDisableVBlankVirtualization+0x321ec,21,0.1536,13676,20.0
fourteam_postfix,12092,OgreMain.dll!?_notifyCurrentCamera@Entity@Ogre@@UAEXPAVCamera@2@@Z+0x169,21,0.1536,13676,20.0
fourteam_postfix,12092,battlezone98redux.exe!sub_444d50,21,0.1536,13676,20.0
fourteam_postfix,12092,d3d11.dll!D3D11CoreCreateDevice+0x3ad9,21,0.1536,13676,20.0
fourteam_postfix,12092,battlezone98redux.exe!sub_67a5ed,21,0.1536,13676,20.0
fourteam_postfix,12092,battlezone98redux.exe!sub_764a10,21,0.1536,13676,20.0
fourteam_postfix,12092,OgreMain.dll!?isHardwareAnimationEnabled@Entity@Ogre@@QAE_NXZ+0x2c,20,0.1462,13676,20.0
fourteam_postfix,12092,MSVCR120.dll!__libm_sse2_asinf+0x50,20,0.1462,13676,20.0
fourteam_postfix,12092,ntdll.dll!_ZwReleaseMutant@8+0xc,20,0.1462,13676,20.0
fourteam_postfix,12092,uxtheme.dll!GetImmersiveUserColorSetPreference+0x1113f,20,0.1462,13676,20.0
fourteam_postfix,12092,uxtheme.dll!GetImmersiveUserColorSetPreference+0x1195f,20,0.1462,13676,20.0
fourteam_postfix,12092,uxtheme.dll!EnableThemeDialogTexture+0x1143,20,0.1462,13676,20.0
fourteam_postfix,12092,OgreMain.dll!?_updateAutoParams@GpuProgramParameters@Ogre@@QAEXPBVAutoParamDataSource@2@G@Z+0x1bab,20,0.1462,13676,20.0
fourteam_postfix,12092,OgreMain.dll!?_updateRenderQueue@Entity@Ogre@@UAEXPAVRenderQueue@2@@Z+0x16c,20,0.1462,13676,20.0
fourteam_postfix,12092,MSVCR120.dll!wcsnlen+0x13c,20,0.1462,13676,20.0
fourteam_postfix,12092,OgreMain.dll+0x2e866,20,0.1462,13676,20.0
fourteam_postfix,12092,ntdll.dll!_ZwTraceEvent@16+0xc,20,0.1462,13676,20.0
fourteam_postfix,12092,ntdll.dll!_EtwEventWriteTransfer@28+0x26,20,0.1462,13676,20.0
fourteam_postfix,12092,RenderSystem_Direct3D11.dll!?getD3DVertexBuffer@D3D11HardwareVertexBuffer@Ogre@@QBEPAUID3D11Buffer@@XZ+0x6,20,0.1462,13676,20.0
fourteam_postfix,12092,OgreMain.dll!?findLightsAffectingFrustum@SceneManager@Ogre@@MAEXPBVCamera@2@@Z+0x398,20,0.1462,13676,20.0
fourteam_postfix,12092,nvwgf2um.dll!OpenAdapter10+0x76ff7,20,0.1462,13676,20.0
fourteam_postfix,12092,nvwgf2um.dll!OpenAdapter10+0x76f47,20,0.1462,13676,20.0
fourteam_postfix,12092,nvwgf2um.dll!OpenAdapter10+0x23b36,20,0.1462,13676,20.0
fourteam_postfix,12092,OgreMain.dll!?hasScale@Matrix4@Ogre@@QBE_NXZ+0x42,20,0.1462,13676,20.0
fourteam_postfix,12092,OgreMain.dll!?getDerivedPosition@Light@Ogre@@QBEABVVector3@2@_N@Z+0xe,19,0.1389,13676,20.0
fourteam_postfix,12092,ntdll.dll!_LdrGetDllHandleEx@20+0x150,19,0.1389,13676,20.0
fourteam_postfix,12092,OgreMain.dll!?getInverseTransposeViewMatrix@AutoParamDataSource@Ogre@@UBE?AVMatrix4@2@XZ+0xb,19,0.1389,13676,20.0
fourteam_postfix,12092,nvwgf2um.dll!SetDependencyInfo+0x59669,19,0.1389,13676,20.0
fourteam_postfix,12092,WINMM.dll@6e990000!BZROpenShim::`anonymous namespace'::DecideFrustumCull+0x119,19,0.1389,13676,20.0
fourteam_postfix,12092,OgreMain.dll!?updatePoint@RotationalSpline@Ogre@@QAEXGABVQuaternion@2@@Z+0xb054,19,0.1389,13676,20.0
fourteam_postfix,12092,battlezone98redux.exe!sub_492d60,19,0.1389,13676,20.0
fourteam_postfix,12092,nvwgf2um.dll!OpenAdapter10+0x7208d,19,0.1389,13676,20.0
fourteam_postfix,12092,OgreMain.dll!?getDistance@Plane@Ogre@@QBEMABVVector3@2@@Z+0x37,19,0.1389,13676,20.0
fourteam_postfix,12092,OgreMain.dll!?addRenderable@QueuedRenderableCollection@Ogre@@QAEXPAVPass@2@PAVRenderable@2@@Z+0xcc,19,0.1389,13676,20.0
fourteam_postfix,12092,battlezone98redux.exe!sub_81ee70,19,0.1389,13676,20.0
fourteam_postfix,12092,nvwgf2um.dll!OpenAdapter10+0x7202d,19,0.1389,13676,20.0
fourteam_postfix,12092,RenderSystem_Direct3D11.dll!?_setRenderTarget@D3D11RenderSystem@Ogre@@UAEXPAVRenderTarget@2@@Z+0xdb,19,0.1389,13676,20.0
fourteam_postfix,12092,OgreMain.dll!?isFloat@GpuConstantDefinition@Ogre@@SA_NW4GpuConstantType@2@@Z+0x1a,19,0.1389,13676,20.0
fourteam_postfix,12092,d3d11.dll!D3D11CoreCreateDevice+0xa1cf,19,0.1389,13676,20.0
fourteam_postfix,12092,OgreMain.dll!?clone@Animation@Ogre@@QBEPAV12@ABV?$basic_string@DU?$char_traits@D@std@@V?$allocator@D@2@@std@@@Z+0x249,19,0.1389,13676,20.0
fourteam_postfix,12092,OgreMain.dll!?addRenderable@QueuedRenderableCollection@Ogre@@QAEXPAVPass@2@PAVRenderable@2@@Z+0x3c,18,0.1316,13676,20.0
fourteam_postfix,12092,win32u.dll!_NtUserSystemParametersInfo@16+0xc,18,0.1316,13676,20.0
fourteam_postfix,12092,RenderSystem_Direct3D11.dll!??0D3D11RenderWindowSwapChainBased@Ogre@@QAE@ABV01@@Z+0x310,18,0.1316,13676,20.0
fourteam_postfix,12092,battlezone98redux.exe!sub_5c6f70,18,0.1316,13676,20.0
fourteam_postfix,12092,RenderSystem_Direct3D11.dll!?getVBlankMissCount@D3D11RenderWindowSwapChainBased@Ogre@@IAEHXZ+0x62,18,0.1316,13676,20.0
fourteam_postfix,12092,RenderSystem_Direct3D11.dll!?updateStats@D3D11RenderWindowSwapChainBased@Ogre@@UAEXXZ+0x10,18,0.1316,13676,20.0
fourteam_postfix,12092,dxgi.dll!DXGIGetDebugInterface1+0x8986,18,0.1316,13676,20.0
fourteam_postfix,12092,d3d11.dll!D3D11CoreCreateLayeredDevice+0x13c43,18,0.1316,13676,20.0
fourteam_postfix,12092,d3d11.dll!D3D11CoreCreateLayeredDevice+0x13921,18,0.1316,13676,20.0
fourteam_postfix,12092,OgreMain.dll!?getFragmentProgramParameters@Pass@Ogre@@QBE?AV?$SharedPtr@VGpuProgramParameters@Ogre@@@2@XZ+0x7a,18,0.1316,13676,20.0
fourteam_postfix,12092,OgreMain.dll!?_findNamedConstantDefinition@GpuProgramParameters@Ogre@@QBEPBUGpuConstantDefinition@2@ABV?$basic_string@DU?$char_traits@D@std@@V?$allocator@D@2@@std@@_N@Z+0xfe,18,0.1316,13676,20.0
fourteam_postfix,12092,MSVCR120.dll!floor+0x30,18,0.1316,13676,20.0
fourteam_postfix,12092,battlezone98redux.exe!sub_6796d0,18,0.1316,13676,20.0
fourteam_postfix,12092,OgreMain.dll!?isFloat@GpuConstantDefinition@Ogre@@SA_NW4GpuConstantType@2@@Z+0x13,18,0.1316,13676,20.0
fourteam_postfix,12092,battlezone98redux.exe!sub_5fb450,18,0.1316,13676,20.0
fourteam_postfix,12092,battlezone98redux.exe!sub_5faac0,18,0.1316,13676,20.0
fourteam_postfix,12092,battlezone98redux.exe!sub_6832c8,18,0.1316,13676,20.0
fourteam_postfix,12092,nvwgf2um.dll!SetDependencyInfo+0x5027b,18,0.1316,13676,20.0
fourteam_postfix,12092,OgreMain.dll!?isVisible@MovableObject@Ogre@@UBE_NXZ+0x25,18,0.1316,13676,20.0
fourteam_postfix,12092,battlezone98redux.exe!sub_4d46b0,17,0.1243,13676,20.0
fourteam_postfix,12092,OgreMain.dll!?_renderScene@Camera@Ogre@@QAEXPAVViewport@2@_N@Z+0xd8,17,0.1243,13676,20.0
fourteam_postfix,12092,OgreMain.dll!?useLightsGpuProgram@SceneManager@Ogre@@MAEXPBVPass@2@PBV?$HashedVector@PAVLight@Ogre@@@2@@Z+0x55,17,0.1243,13676,20.0
fourteam_postfix,12092,OgreMain.dll+0x13f52,17,0.1243,13676,20.0
fourteam_postfix,12092,MSVCR120.dll!__libm_sse2_acosf+0x36,17,0.1243,13676,20.0
fourteam_postfix,12092,battlezone98redux.exe!sub_81fd40,17,0.1243,13676,20.0
fourteam_postfix,12092,OgreMain.dll!?getProgram@Pass@Ogre@@IBEABV?$SharedPtr@VGpuProgram@Ogre@@@2@PBQAVGpuProgramUsage@2@@Z+0x44,17,0.1243,13676,20.0
fourteam_postfix,12092,MSVCR120.dll!__crtFlsGetValue+0x19,17,0.1243,13676,20.0
fourteam_postfix,12092,battlezone98redux.exe!sub_4401a0,17,0.1243,13676,20.0
fourteam_postfix,12092,d3d11.dll!CreateDirect3D11DeviceFromDXGIDevice+0xa0679,17,0.1243,13676,20.0
fourteam_postfix,12092,ntdll.dll!_ZwWaitForSingleObject@12+0xc,17,0.1243,13676,20.0
fourteam_postfix,12092,battlezone98redux.exe!sub_8205a0,17,0.1243,13676,20.0
fourteam_postfix,12092,OgreMain.dll!?getWorldBoundingSphere@Entity@Ogre@@UBEABVSphere@2@_N@Z+0x7d,17,0.1243,13676,20.0
fourteam_postfix,12092,nvspcap.dll!CreateShadowPlayProxyShimInterface+0xe53a,17,0.1243,13676,20.0
fourteam_postfix,12092,OgreMain.dll!?updateAnimation@Entity@Ogre@@IAEXXZ+0x85,17,0.1243,13676,20.0
fourteam_postfix,12092,OgreMain.dll!?renderSingleObject@SceneManager@Ogre@@MAEXPAVRenderable@2@PBVPass@2@_N2PBV?$HashedVector@PAVLight@Ogre@@@2@@Z+0x180,17,0.1243,13676,20.0
fourteam_postfix,12092,OgreMain.dll!?setVisible@MovableObject@Ogre@@UAEX_N@Z+0x25,17,0.1243,13676,20.0
fourteam_postfix,12092,ntdll.dll!_RtlFreeHeap@12+0xca,16,0.117,13676,20.0
fourteam_postfix,12092,nvwgf2um.dll!OpenAdapter10+0x72d57,16,0.117,13676,20.0
fourteam_postfix,12092,nvwgf2um.dll!OpenAdapter10+0x77157,16,0.117,13676,20.0
fourteam_postfix,12092,d3d11.dll!D3D11CoreCreateLayeredDevice+0x13f6b,16,0.117,13676,20.0
fourteam_postfix,12092,OgreMain.dll!?useLightsGpuProgram@SceneManager@Ogre@@MAEXPBVPass@2@PBV?$HashedVector@PAVLight@Ogre@@@2@@Z+0x2b,16,0.117,13676,20.0
fourteam_postfix,12092,nvwgf2um.dll!OpenAdapter10+0x71b17,16,0.117,13676,20.0
fourteam_postfix,12092,d3d11.dll!D3D11CoreCreateLayeredDevice+0x17a6,16,0.117,13676,20.0
fourteam_postfix,12092,WINMM.dll@6e990000!BZROpenShim::`anonymous namespace'::ProcessVisibleObjectHook+0x17b,16,0.117,13676,20.0
fourteam_postfix,12092,KERNELBASE.dll!WaitForSingleObject+0x12,16,0.117,13676,20.0
fourteam_postfix,12092,RenderSystem_Direct3D11.dll!?bindGpuProgramParameters@D3D11RenderSystem@Ogre@@UAEXW4GpuProgramType@2@V?$SharedPtr@VGpuProgramParameters@Ogre@@@2@G@Z+0x85,16,0.117,13676,20.0
fourteam_postfix,12092,ntdll.dll!_ZwSetInformationThread@16+0xc,16,0.117,13676,20.0
fourteam_postfix,12092,OgreMain.dll!?_updateBounds@SceneNode@Ogre@@UAEXXZ+0x2e,16,0.117,13676,20.0
fourteam_postfix,12092,OgreMain.dll!?addRenderable@RenderQueue@Ogre@@QAEXPAVRenderable@2@EG@Z+0x39,16,0.117,13676,20.0
fourteam_postfix,12092,ntdll.dll!_KiUserCallbackDispatcher@12+0x36,16,0.117,13676,20.0
fourteam_postfix,12092,OgreMain.dll!?getFragmentProgramParameters@Pass@Ogre@@QBE?AV?$SharedPtr@VGpuProgramParameters@Ogre@@@2@XZ+0x5b,16,0.117,13676,20.0
fourteam_postfix,12092,OgreMain.dll!?updateView@Frustum@Ogre@@MBEXXZ+0xd,16,0.117,13676,20.0
fourteam_postfix,12092,ntdll.dll!__vsnprintf_l+0x4c,16,0.117,13676,20.0
fourteam_postfix,12092,ntdll.dll!__vsnprintf+0x18,16,0.117,13676,20.0
fourteam_postfix,12092,ntdll.dll!_LdrpGenerateSnapsUnicodeStrings@28+0x183,16,0.117,13676,20.0
fourteam_postfix,12092,ntdll.dll!RtlStringVPrintfWorkerA+0x1e,16,0.117,13676,20.0
fourteam_postfix,12092,ntdll.dll!_RtlStringCchVPrintfExA@28+0x19,16,0.117,13676,20.0
fourteam_postfix,12092,OgreMain.dll!?getMovableType@MovablePlane@Ogre@@UBEABV?$basic_string@DU?$char_traits@D@std@@V?$allocator@D@2@@std@@XZ+0x820,16,0.117,13676,20.0
fourteam_postfix,12092,OgreMain.dll!?getLodIndex@Material@Ogre@@QBEGM@Z+0x23,16,0.117,13676,20.0
fourteam_postfix,12092,OgreMain.dll!?getTechnique@Renderable@Ogre@@UBEPAVTechnique@2@XZ+0x12,16,0.117,13676,20.0
fourteam_postfix,12092,OgreMain.dll!?getShadowCamera@LiSPSMShadowCameraSetup@Ogre@@UBEXPBVSceneManager@2@PBVCamera@2@PBVViewport@2@PBVLight@2@PAV42@I@Z+0x6c0,16,0.117,13676,20.0
fourteam_postfix,12092,OgreMain.dll!?getAs4DVector@Light@Ogre@@QBE?AVVector4@2@_N@Z+0x54,15,0.1097,13676,20.0
fourteam_postfix,12092,OgreMain.dll!?_findVisibleObjects@SceneNode@Ogre@@UAEXPAVCamera@2@PAVRenderQueue@2@PAUVisibleObjectsBoundsInfo@2@_N33@Z+0x35,15,0.1097,13676,20.0
fourteam_postfix,12092,battlezone98redux.exe!sub_5ba560,15,0.1097,13676,20.0
fourteam_postfix,12092,OgreMain.dll!?isInLightRange@Light@Ogre@@QBE_NABVSphere@2@@Z+0x175,15,0.1097,13676,20.0
fourteam_postfix,12092,nvwgf2um.dll!NVENCODEAPI_Thunk+0x2175ea,15,0.1097,13676,20.0
fourteam_postfix,12092,"battlezone98redux.exe!FID_conflict:_Vector_const_iterator<class_std::_Vector_val<struct_std::_Simple_types<class_std::shared_ptr<struct_Concurrency::details::_Task_impl<struct_std::pair<unsigned_char,class_Concurrency::details::_CancellationTokenState*>_>_>_>_>_>",15,0.1097,13676,20.0
fourteam_postfix,12092,WINMM.dll@6e990000!BZROpenShim::`anonymous namespace'::TextEntryAppendCharNicknameHook+0x39,15,0.1097,13676,20.0
fourteam_postfix,12092,dxgi.dll!DXGIGetDebugInterface1+0x2051a,15,0.1097,13676,20.0
fourteam_postfix,12092,RenderSystem_Direct3D11.dll!?getMonitorSequentialNumberFromSwapChain@MonitorInfo@Ogre@@QAEGPAUIDXGISwapChain@@_N@Z+0x2797,15,0.1097,13676,20.0
fourteam_postfix,12092,battlezone98redux.exe!sub_4aaea0,15,0.1097,13676,20.0
fourteam_postfix,12092,battlezone98redux.exe!sub_6002a0,15,0.1097,13676,20.0
fourteam_postfix,12092,battlezone98redux.exe!sub_4dfad0,15,0.1097,13676,20.0
fourteam_postfix,12092,OgreMain.dll!?getWorldBoundingBox@MovableObject@Ogre@@UBEABVAxisAlignedBox@2@_N@Z+0x67,15,0.1097,13676,20.0
fourteam_postfix,12092,nvwgf2um.dll!SetDependencyInfo+0x54234,15,0.1097,13676,20.0
fourteam_postfix,12092,ntdll.dll!_ZwOpenThread@16+0xc,15,0.1097,13676,20.0
fourteam_postfix,12092,OgreMain.dll!?isInLightRange@Light@Ogre@@QBE_NABVSphere@2@@Z+0x134,15,0.1097,13676,20.0
fourteam_postfix,12092,OgreMain.dll!?_notifyCurrentCamera@Entity@Ogre@@UAEXPAVCamera@2@@Z+0x5b,15,0.1097,13676,20.0
fourteam_postfix,12092,OgreMain.dll!?angleBetween@Vector3@Ogre@@QBE?AVRadian@2@ABV12@@Z+0xc9,15,0.1097,13676,20.0
fourteam_postfix,12092,OgreMain.dll!?update@Light@Ogre@@MBEXXZ,15,0.1097,13676,20.0
fourteam_postfix,12092,OgreMain.dll!?_updateAutoParams@GpuProgramParameters@Ogre@@QAEXPBVAutoParamDataSource@2@G@Z+0x1bbb,15,0.1097,13676,20.0
fourteam_postfix,12092,OgreMain.dll!?RealEqual@Math@Ogre@@SA_NMMM@Z+0xd,15,0.1097,13676,20.0
fourteam_postfix,12092,RenderSystem_Direct3D11.dll!?fireDeviceEvent@D3D11RenderSystem@Ogre@@QAEXPAVD3D11Device@2@ABV?$basic_string@DU?$char_traits@D@std@@V?$allocator@D@2@@std@@PAVD3D11RenderWindowBase@2@@Z+0xaa,15,0.1097,13676,20.0
fourteam_postfix,12092,WINMM.dll@6e990000!BZROpenShim::`anonymous namespace'::HookEntityUpdateAnimationCore+0xfb,15,0.1097,13676,20.0
fourteam_postfix,12092,OgreMain.dll!?isVisible@ShadowRenderable@Ogre@@UBE_NXZ+0x21c,15,0.1097,13676,20.0
fourteam_postfix,12092,battlezone98redux.exe!sub_6854b0,15,0.1097,13676,20.0
fourteam_postfix,12092,OgreMain.dll!?getWorldViewMatrix@AutoParamDataSource@Ogre@@UBEABVMatrix4@2@XZ+0x241,15,0.1097,13676,20.0
fourteam_postfix,12092,battlezone98redux.exe!sub_4df370,14,0.1024,13676,20.0
fourteam_postfix,12092,battlezone98redux.exe!sub_62bdb0,14,0.1024,13676,20.0
fourteam_postfix,12092,battlezone98redux.exe!sub_62bdf0,14,0.1024,13676,20.0
fourteam_postfix,12092,OgreMain.dll!?isInLightRange@Light@Ogre@@QBE_NABVSphere@2@@Z+0x138,14,0.1024,13676,20.0
fourteam_postfix,12092,nvwgf2um.dll!SetDependencyInfo+0x4f687,14,0.1024,13676,20.0
fourteam_postfix,12092,RenderSystem_Direct3D11.dll!?uninstall@D3D11Plugin@Ogre@@UAEXXZ+0x51a0,14,0.1024,13676,20.0
fourteam_postfix,12092,OgreMain.dll!?_detectImplementation@OptimisedUtil@Ogre@@KAPAV12@XZ+0x468a,14,0.1024,13676,20.0
fourteam_postfix,12092,OgreMain.dll!?createTechnique@Material@Ogre@@QAEPAVTechnique@2@XZ+0xb03,14,0.1024,13676,20.0
fourteam_postfix,12092,OgreMain.dll!?getVertexProgramParameters@Pass@Ogre@@QBE?AV?$SharedPtr@VGpuProgramParameters@Ogre@@@2@XZ+0x133,14,0.1024,13676,20.0
fourteam_postfix,12092,d3d11.dll!D3D11CoreCreateDevice+0x1d016,14,0.1024,13676,20.0
fourteam_postfix,12092,d3d11.dll+0x27562,14,0.1024,13676,20.0
fourteam_postfix,12092,WINMM.dll@6e990000!BZROpenShim::`anonymous namespace'::HookIASetPrimitiveTopology+0x19,14,0.1024,13676,20.0
fourteam_postfix,12092,d3d11.dll+0x272eb,14,0.1024,13676,20.0
fourteam_postfix,12092,d3d11.dll+0x27340,14,0.1024,13676,20.0
fourteam_postfix,12092,OgreMain.dll!?_injectRenderWithPass@SceneManager@Ogre@@UAEXPAVPass@2@PAVRenderable@2@_N2PBV?$HashedVector@PAVLight@Ogre@@@2@@Z+0x16,14,0.1024,13676,20.0
fourteam_postfix,12092,battlezone98redux.exe!sub_83f040,14,0.1024,13676,20.0
fourteam_postfix,12092,RenderSystem_Direct3D11.dll!??0D3D11RenderWindowSwapChainBased@Ogre@@QAE@ABV01@@Z+0x9da,14,0.1024,13676,20.0
fourteam_postfix,12092,OgreMain.dll!?_calcTempSquareDist@Light@Ogre@@QAEXABVVector3@2@@Z+0x20,14,0.1024,13676,20.0
fourteam_postfix,12092,OgreMain.dll!??4GpuSharedParametersUsage@Ogre@@QAEAAV01@ABV01@@Z+0x2742,14,0.1024,13676,20.0
fourteam_postfix,12092,OgreMain.dll!?_updateBounds@SceneNode@Ogre@@UAEXXZ+0x213,14,0.1024,13676,20.0
fourteam_postfix,12092,RenderSystem_Direct3D11.dll+0x4b38,14,0.1024,13676,20.0
fourteam_postfix,12092,battlezone98redux.exe!sub_442f40,14,0.1024,13676,20.0
fourteam_postfix,12092,dxgi.dll!DXGID3D10CreateDevice+0x848,14,0.1024,13676,20.0
fourteam_postfix,12092,dxgi.dll!DXGIDisableVBlankVirtualization+0x39029,14,0.1024,13676,20.0
fourteam_postfix,12092,RenderSystem_Direct3D11.dll!??1D3D11RenderWindowSwapChainBased@Ogre@@UAE@XZ+0x40e,14,0.1024,13676,20.0
fourteam_postfix,12092,battlezone98redux.exe!FID_conflict:end,14,0.1024,13676,20.0
fourteam_postfix,12092,OgreMain.dll!?processVisibleObject@RenderQueue@Ogre@@QAEXPAVMovableObject@2@PAVCamera@2@_NPAUVisibleObjectsBoundsInfo@2@@Z+0x11,14,0.1024,13676,20.0
fourteam_postfix,12092,OgreMain.dll!?getIndex@DistanceLodStrategyBase@Ogre@@UBEGMABV?$vector@MV?$STLAllocator@MV?$CategorisedAllocPolicy@$0A@@Ogre@@@Ogre@@@std@@@Z+0x16,14,0.1024,13676,20.0
fourteam_postfix,12092,battlezone98redux.exe!sub_444b00,14,0.1024,13676,20.0
fourteam_postfix,12092,d3d11.dll+0x31b92,14,0.1024,13676,20.0
fourteam_postfix,12092,battlezone98redux.exe!sub_5b2c30,14,0.1024,13676,20.0
fourteam_postfix,12092,OgreMain.dll!?determinant@Matrix4@Ogre@@QBEMXZ+0x159,14,0.1024,13676,20.0
fourteam_postfix,12092,battlezone98redux.exe!sub_44f020,13,0.0951,13676,20.0
fourteam_postfix,12092,OgreMain.dll+0x33460,13,0.0951,13676,20.0
fourteam_postfix,12092,OgreMain.dll!?getDerivedPosition@Light@Ogre@@QBEABVVector3@2@_N@Z+0x29,13,0.0951,13676,20.0
fourteam_postfix,12092,OgreMain.dll!?_setPass@SceneManager@Ogre@@UAEPBVPass@2@PBV32@_N1@Z+0xc2,13,0.0951,13676,20.0
fourteam_postfix,12092,nvwgf2um.dll!SetDependencyInfo+0x378d1,13,0.0951,13676,20.0
fourteam_postfix,12092,battlezone98redux.exe!sub_4db560,13,0.0951,13676,20.0
fourteam_postfix,12092,KERNELBASE.dll!WaitForMultipleObjects+0x18,13,0.0951,13676,20.0
fourteam_postfix,12092,ntdll.dll!_ZwWaitForMultipleObjects@20+0xc,13,0.0951,13676,20.0
fourteam_postfix,12092,ntdll.dll!_RtlpGetCodePageData@4+0x29,13,0.0951,13676,20.0
fourteam_postfix,12092,OgreMain.dll!?angleBetween@Vector3@Ogre@@QBE?AVRadian@2@ABV12@@Z+0xd0,13,0.0951,13676,20.0
fourteam_postfix,12092,OgreMain.dll!?isInLightRange@Light@Ogre@@QBE_NABVSphere@2@@Z+0x74,13,0.0951,13676,20.0
fourteam_postfix,12092,OgreMain.dll!?_updateAutoParams@GpuProgramParameters@Ogre@@QAEXPBVAutoParamDataSource@2@G@Z+0x84,13,0.0951,13676,20.0
fourteam_postfix,12092,RenderSystem_Direct3D11.dll!?getConstantBuffer@D3D11HLSLProgram@Ogre@@QAEPAUID3D11Buffer@@V?$SharedPtr@VGpuProgramParameters@Ogre@@@2@G@Z+0xe7,13,0.0951,13676,20.0
fourteam_postfix,12092,d3d11.dll!D3D11CoreCreateLayeredDevice+0xcf8c,13,0.0951,13676,20.0
fourteam_postfix,12092,nvspcap.dll!QueryShadowPlayDdiShimStatus+0x23eb7,13,0.0951,13676,20.0
fourteam_postfix,12092,OgreMain.dll!?_updateAutoParams@GpuProgramParameters@Ogre@@QAEXPBVAutoParamDataSource@2@G@Z+0x11e9,13,0.0951,13676,20.0
fourteam_postfix,12092,battlezone98redux.exe!sub_4c0100,13,0.0951,13676,20.0
fourteam_postfix,12092,OgreMain.dll!?_updateBounds@SceneNode@Ogre@@UAEXXZ+0x193,13,0.0951,13676,20.0
fourteam_postfix,12092,OgreMain.dll!??4GpuSharedParametersUsage@Ogre@@QAEAAV01@ABV01@@Z+0x2749,13,0.0951,13676,20.0
fourteam_postfix,12092,OgreMain.dll!?_updateAutoParams@GpuProgramParameters@Ogre@@QAEXPBVAutoParamDataSource@2@G@Z+0x1e5c,13,0.0951,13676,20.0
fourteam_postfix,12092,OgreMain.dll!?findLightsAffectingFrustum@SceneManager@Ogre@@MAEXPBVCamera@2@@Z+0x1d7,13,0.0951,13676,20.0
fourteam_postfix,12092,OgreMain.dll!?getRenderOperation@SubEntity@Ogre@@UAEXAAVRenderOperation@2@@Z+0x1e,13,0.0951,13676,20.0
fourteam_postfix,12092,OgreMain.dll!?Ogre_InterlockedIncrement64@InterlockedCompareExchange64Wrapper@Ogre@@SA_JPC_J@Z+0x72b,13,0.0951,13676,20.0
fourteam_postfix,12092,OgreMain.dll!?updateAnimation@Entity@Ogre@@IAEXXZ+0x10f,13,0.0951,13676,20.0
fourteam_postfix,12092,battlezone98redux.exe!sub_822e60,13,0.0951,13676,20.0
fourteam_postfix,12092,battlezone98redux.exe!sub_6ce840,13,0.0951,13676,20.0
fourteam_postfix,12092,battlezone98redux.exe!sub_6c9bd0,13,0.0951,13676,20.0
fourteam_postfix,12092,OgreMain.dll!?updatePoint@RotationalSpline@Ogre@@QAEXGABVQuaternion@2@@Z+0xb084,13,0.0951,13676,20.0
fourteam_postfix,12092,battlezone98redux.exe!sub_6c3ad0,13,0.0951,13676,20.0
fourteam_postfix,12092,battlezone98redux.exe!sub_6c69c0,13,0.0951,13676,20.0
fourteam_postfix,12092,OgreMain.dll!?merge@VisibleObjectsBoundsInfo@Ogre@@QAEXABVAxisAlignedBox@2@ABVSphere@2@PBVCamera@2@_N@Z+0x2c,13,0.0951,13676,20.0
fourteam_postfix,12092,OgreMain.dll!??4GpuSharedParametersUsage@Ogre@@QAEAAV01@ABV01@@Z+0x2704,13,0.0951,13676,20.0
fourteam_postfix,12092,OgreMain.dll!?getFragmentProgramParameters@Pass@Ogre@@QBE?AV?$SharedPtr@VGpuProgramParameters@Ogre@@@2@XZ+0x86,13,0.0951,13676,20.0
fourteam_postfix,12092,ntdll.dll!_LdrpPreprocessDllName@16+0x33a,13,0.0951,13676,20.0
fourteam_postfix,12092,battlezone98redux.exe!sub_421ee0,13,0.0951,13676,20.0
fourteam_postfix,12092,OgreMain.dll!?processVisibleObject@RenderQueue@Ogre@@QAEXPAVMovableObject@2@PAVCamera@2@_NPAUVisibleObjectsBoundsInfo@2@@Z+0x40,13,0.0951,13676,20.0
fourteam_postfix,12092,d3d11.dll+0x2703e,12,0.0877,13676,20.0
fourteam_postfix,12092,battlezone98redux.exe!sub_4ee780,12,0.0877,13676,20.0
fourteam_postfix,12092,d3d11.dll+0x375ed,12,0.0877,13676,20.0
fourteam_postfix,12092,d3d11.dll+0x367cd,12,0.0877,13676,20.0
fourteam_postfix,12092,d3d11.dll!D3D11CoreCreateLayeredDevice+0x9aba,12,0.0877,13676,20.0
fourteam_postfix,12092,WINMM.dll@6e990000!BZROpenShim::`anonymous namespace'::WingmanUpdateWeaponAimWithConvergence+0x48,12,0.0877,13676,20.0
fourteam_postfix,12092,OgreMain.dll+0x21c01,12,0.0877,13676,20.0
fourteam_postfix,12092,d3d11.dll!D3D11CoreCreateLayeredDevice+0x128f,12,0.0877,13676,20.0
fourteam_postfix,12092,OgreMain.dll!?getWorldViewProjMatrix@AutoParamDataSource@Ogre@@UBEABVMatrix4@2@XZ+0x39c,12,0.0877,13676,20.0
fourteam_postfix,12092,OgreMain.dll!?lock@HardwareBuffer@Ogre@@UAEPAXIIW4LockOptions@12@W4UploadOptions@12@@Z+0xfa,12,0.0877,13676,20.0
fourteam_postfix,12092,OgreMain.dll!?getChildObjectsBoundingBox@Entity@Ogre@@QBE?AVAxisAlignedBox@2@XZ+0xfa,12,0.0877,13676,20.0
fourteam_postfix,12092,RenderSystem_Direct3D11.dll!?_render@D3D11RenderSystem@Ogre@@UAEXABVRenderOperation@2@@Z+0x195a,12,0.0877,13676,20.0
fourteam_postfix,12092,RenderSystem_Direct3D11.dll+0x2554,12,0.0877,13676,20.0
fourteam_postfix,12092,nvwgf2um.dll!SetDependencyInfo+0x35489,12,0.0877,13676,20.0
fourteam_postfix,12092,RenderSystem_Direct3D11.dll!?_render@D3D11RenderSystem@Ogre@@UAEXABVRenderOperation@2@@Z+0x9a,12,0.0877,13676,20.0
fourteam_postfix,12092,ntdll.dll!_ZwCallbackReturn@12+0xc,12,0.0877,13676,20.0
fourteam_postfix,12092,OgreMain.dll!??4GpuSharedParametersUsage@Ogre@@QAEAAV01@ABV01@@Z+0x27b5,12,0.0877,13676,20.0
fourteam_postfix,12092,OgreMain.dll!?visit@SceneMgrQueuedRenderableVisitor@SceneManager@Ogre@@UAEXPAVRenderable@3@@Z+0x16,12,0.0877,13676,20.0
fourteam_postfix,12092,OgreMain.dll+0x3942d,12,0.0877,13676,20.0
fourteam_postfix,12092,nvwgf2um.dll!NVENCODEAPI_Thunk+0x21760e,12,0.0877,13676,20.0
fourteam_postfix,12092,OgreMain.dll!?touch@Resource@Ogre@@UAEXXZ+0xa,12,0.0877,13676,20.0
fourteam_postfix,12092,OgreMain.dll!?ACos@Math@Ogre@@SA?AVRadian@2@M@Z+0x11,12,0.0877,13676,20.0
fourteam_postfix,12092,OgreMain.dll!?_detectImplementation@OptimisedUtil@Ogre@@KAPAV12@XZ+0x459c,11,0.0804,13676,20.0
fourteam_postfix,12092,WINMM.dll@6e990000!BZROpenShim::`anonymous namespace'::DecideFrustumCull+0x101,11,0.0804,13676,20.0
fourteam_postfix,12092,d3d11.dll+0x2703b,11,0.0804,13676,20.0
fourteam_postfix,12092,d3d11.dll+0x2b095,11,0.0804,13676,20.0
fourteam_postfix,12092,nvwgf2um.dll!NVENCODEAPI_Thunk+0x1fab64,11,0.0804,13676,20.0
fourteam_postfix,12092,battlezone98redux.exe!sub_5bc640,11,0.0804,13676,20.0
fourteam_postfix,12092,OgreMain.dll!?touchVertexBufferCopy@HardwareBufferManagerBase@Ogre@@UAEXABVHardwareVertexBufferSharedPtr@2@@Z+0x7e,11,0.0804,13676,20.0
fourteam_postfix,12092,OgreMain.dll!?getSide@Plane@Ogre@@QBE?AW4Side@12@ABVVector3@2@0@Z+0x38,11,0.0804,13676,20.0
fourteam_postfix,12092,ntdll.dll!_RtlpLocalInfoAllocFromCache@8+0x279,11,0.0804,13676,20.0
fourteam_postfix,12092,ntdll.dll!_RtlAnsiCharToUnicodeChar@4+0x19,11,0.0804,13676,20.0
fourteam_postfix,12092,OgreMain.dll!?ASin@Math@Ogre@@SA?AVRadian@2@M@Z+0x8,11,0.0804,13676,20.0
fourteam_postfix,12092,battlezone98redux.exe!sub_608630,11,0.0804,13676,20.0
fourteam_postfix,12092,nvwgf2um.dll!SetDependencyInfo+0x54242,11,0.0804,13676,20.0
fourteam_postfix,12092,OgreMain.dll!?ASin@Math@Ogre@@SA?AVRadian@2@M@Z+0x11,11,0.0804,13676,20.0
fourteam_postfix,12092,nvwgf2um.dll!NVENCODEAPI_Thunk+0x217c95,11,0.0804,13676,20.0
fourteam_postfix,12092,OgreMain.dll+0x32515,11,0.0804,13676,20.0
fourteam_postfix,12092,OgreMain.dll!?getLight@AutoParamDataSource@Ogre@@IBEABVLight@2@I@Z+0x11,11,0.0804,13676,20.0
fourteam_postfix,12092,d3d11.dll!D3D11CoreCreateDevice+0x3dc4,11,0.0804,13676,20.0
fourteam_postfix,12092,OgreMain.dll!?buffersCheckedOut@TempBlendedBufferInfo@Ogre@@QBE_N_N0@Z+0x2f,11,0.0804,13676,20.0
fourteam_postfix,12092,d3d11.dll!D3D11CoreCreateDevice+0x1d0da,11,0.0804,13676,20.0
fourteam_postfix,12092,battlezone98redux.exe!sub_417780,11,0.0804,13676,20.0
fourteam_postfix,12092,OgreMain.dll!??4GpuSharedParametersUsage@Ogre@@QAEAAV01@ABV01@@Z+0x2785,11,0.0804,13676,20.0
fourteam_postfix,12092,OgreMain.dll!?toString@StringConverter@Ogre@@SA?AV?$basic_string@DU?$char_traits@D@std@@V?$allocator@D@2@@std@@IGDH@Z+0x16e,11,0.0804,13676,20.0
fourteam_postfix,12092,OgreMain.dll!?getLightSpecularColourWithPower@AutoParamDataSource@Ogre@@UBE?BVColourValue@2@I@Z+0xd,11,0.0804,13676,20.0
fourteam_postfix,12092,OgreMain.dll!?ACos@Math@Ogre@@SA?AVRadian@2@M@Z+0xf,11,0.0804,13676,20.0
fourteam_postfix,12092,d3d11.dll+0x35e90,11,0.0804,13676,20.0
fourteam_postfix,12092,battlezone98redux.exe!sub_417910,11,0.0804,13676,20.0
fourteam_postfix,12092,battlezone98redux.exe!sub_46b260,11,0.0804,13676,20.0
fourteam_postfix,12092,battlezone98redux.exe!sub_678779,11,0.0804,13676,20.0
fourteam_postfix,12092,OgreMain.dll!?getConstantDefinition@GpuProgramParameters@Ogre@@QBEABUGpuConstantDefinition@2@ABV?$basic_string@DU?$char_traits@D@std@@V?$allocator@D@2@@std@@@Z+0xe4,11,0.0804,13676,20.0
fourteam_postfix,12092,RenderSystem_Direct3D11.dll!?getMonitorSequentialNumberFromSwapChain@MonitorInfo@Ogre@@QAEGPAUIDXGISwapChain@@_N@Z+0x2ab9,11,0.0804,13676,20.0
fourteam_postfix,12092,OgreMain.dll!?_updateAutoParams@Pass@Ogre@@QBEXPBVAutoParamDataSource@2@G@Z+0x11c,11,0.0804,13676,20.0
fourteam_postfix,12092,OgreMain.dll!?calculateLVS@FocusedShadowCameraSetup@Ogre@@IBEXABVSceneManager@2@ABVCamera@2@ABVLight@2@ABVAxisAlignedBox@2@PAVPointListBody@12@@Z+0x94,11,0.0804,13676,20.0
fourteam_postfix,12092,OgreMain.dll!?_updateViewport@RenderTarget@Ogre@@UAEXPAVViewport@2@_N@Z+0x3f,10,0.0731,13676,20.0
fourteam_postfix,12092,OgreMain.dll!?fireViewportPostUpdate@RenderTarget@Ogre@@MAEXPAVViewport@2@@Z+0x3b,10,0.0731,13676,20.0
fourteam_postfix,12092,OgreMain.dll!?getInverseViewMatrix@AutoParamDataSource@Ogre@@UBEABVMatrix4@2@XZ+0x22,10,0.0731,13676,20.0
fourteam_postfix,12092,OgreMain.dll!?getNumWorldTransforms@SubEntity@Ogre@@UBEGXZ+0xe,10,0.0731,13676,20.0
fourteam_postfix,12092,MSVCR120.dll!__libm_sse2_acosf+0xe8,10,0.0731,13676,20.0
fourteam_postfix,12092,battlezone98redux.exe!sub_81c600,10,0.0731,13676,20.0
fourteam_postfix,12092,battlezone98redux.exe!sub_446460,10,0.0731,13676,20.0
fourteam_postfix,12092,battlezone98redux.exe!sub_5b2bd0,10,0.0731,13676,20.0
fourteam_postfix,12092,battlezone98redux.exe!sub_43faa0,10,0.0731,13676,20.0
fourteam_postfix,12092,MSVCR120.dll!free+0x1a,10,0.0731,13676,20.0
fourteam_postfix,12092,OgreMain.dll!?getSide@Plane@Ogre@@QBE?AW4Side@12@ABVVector3@2@0@Z+0x4b,10,0.0731,13676,20.0
fourteam_postfix,12092,MSVCR120.dll!ceil+0x1ce,10,0.0731,13676,20.0
fourteam_postfix,12092,OgreMain.dll!?_notifyCurrentCamera@Entity@Ogre@@UAEXPAVCamera@2@@Z+0x14,10,0.0731,13676,20.0
fourteam_postfix,12092,WINMM.dll@6e990000!BZROpenShim::`anonymous namespace'::ProcessVisibleObjectHook+0x89,10,0.0731,13676,20.0
fourteam_postfix,12092,MSVCR120.dll!__libm_sse2_acosf+0x93,10,0.0731,13676,20.0
fourteam_postfix,12092,OgreMain.dll!?_populateLightList@SceneManager@Ogre@@UAEXABVVector3@2@MAAV?$HashedVector@PAVLight@Ogre@@@2@I@Z+0x136,10,0.0731,13676,20.0
fourteam_postfix,12092,d3d11.dll!CreateDirect3D11DeviceFromDXGIDevice+0x9ae79,10,0.0731,13676,20.0
fourteam_postfix,12092,OgreMain.dll!?createTechnique@Material@Ogre@@QAEPAVTechnique@2@XZ+0xa3b,10,0.0731,13676,20.0
fourteam_postfix,12092,OgreMain.dll!?clone@Animation@Ogre@@QBEPAV12@ABV?$basic_string@DU?$char_traits@D@std@@V?$allocator@D@2@@std@@@Z+0x2c6,10,0.0731,13676,20.0
fourteam_postfix,12092,nvspcap.dll+0x39835,10,0.0731,13676,20.0
fourteam_postfix,12092,battlezone98redux.exe!sub_784000,10,0.0731,13676,20.0
fourteam_postfix,12092,OgreMain.dll!?touchVertexBufferCopy@HardwareBufferManagerBase@Ogre@@UAEXABVHardwareVertexBufferSharedPtr@2@@Z+0x41,10,0.0731,13676,20.0
fourteam_postfix,12092,battlezone98redux.exe!sub_602420,10,0.0731,13676,20.0
fourteam_postfix,12092,battlezone98redux.exe!sub_606f70,10,0.0731,13676,20.0
fourteam_postfix,12092,battlezone98redux.exe!sub_49bf10,10,0.0731,13676,20.0
fourteam_postfix,12092,OgreMain.dll!?_calcTempSquareDist@Light@Ogre@@QAEXABVVector3@2@@Z+0x28,10,0.0731,13676,20.0
fourteam_postfix,12092,nvspcap.dll!QueryShadowPlayDdiShimStatus+0x23d8e,10,0.0731,13676,20.0
fourteam_postfix,12092,OgreMain.dll!??4GpuSharedParametersUsage@Ogre@@QAEAAV01@ABV01@@Z+0x2737,10,0.0731,13676,20.0
fourteam_postfix,12092,d3d11.dll+0x2ba61,10,0.0731,13676,20.0
fourteam_postfix,12092,battlezone98redux.exe!sub_4af020,10,0.0731,13676,20.0
fourteam_postfix,12092,d3d11.dll!CreateDirect3D11DeviceFromDXGIDevice+0xbc587,10,0.0731,13676,20.0
fourteam_postfix,12092,OgreMain.dll!?getLodIndex@Mesh@Ogre@@QBEGM@Z+0x23,10,0.0731,13676,20.0
fourteam_postfix,12092,nvwgf2um.dll!OpenAdapter10+0x76d27,10,0.0731,13676,20.0
fourteam_postfix,12092,nvwgf2um.dll!OpenAdapter10+0x72ff7,10,0.0731,13676,20.0
fourteam_postfix,12092,RenderSystem_Direct3D11.dll!?_render@D3D11RenderSystem@Ogre@@UAEXABVRenderOperation@2@@Z+0x257,10,0.0731,13676,20.0
fourteam_postfix,12092,battlezone98redux.exe!sub_67bdc0,10,0.0731,13676,20.0
fourteam_postfix,12092,RenderSystem_Direct3D11.dll!?getConstantBuffer@D3D11HLSLProgram@Ogre@@QAEPAUID3D11Buffer@@V?$SharedPtr@VGpuProgramParameters@Ogre@@@2@G@Z+0x1d1,10,0.0731,13676,20.0
fourteam_postfix,12092,battlezone98redux.exe!sub_6ae160,10,0.0731,13676,20.0
fourteam_postfix,12092,battlezone98redux.exe!sub_6ad440,10,0.0731,13676,20.0
fourteam_postfix,12092,battlezone98redux.exe!sub_6210a0,10,0.0731,13676,20.0
fourteam_postfix,12092,battlezone98redux.exe!sub_81ec40,10,0.0731,13676,20.0
fourteam_postfix,12092,d3d11.dll!D3D11CoreCreateLayeredDevice+0xca91,10,0.0731,13676,20.0
fourteam_postfix,12092,dxgi.dll!DXGIDisableVBlankVirtualization+0x20b89,10,0.0731,13676,20.0
fourteam_postfix,12092,win32u.dll!_NtUserGetLayeredWindowAttributes@16+0xc,10,0.0731,13676,20.0
fourteam_postfix,12092,OgreMain.dll!?getLightDiffuseColourWithPower@AutoParamDataSource@Ogre@@UBE?BVColourValue@2@I@Z+0xd,10,0.0731,13676,20.0
fourteam_postfix,12092,d3d11.dll!CreateDirect3D11DeviceFromDXGIDevice+0x9da48,10,0.0731,13676,20.0
fourteam_postfix,12092,OgreMain.dll!?getValueImpl@DistanceLodStrategyBase@Ogre@@MBEMPBVMovableObject@2@PBVCamera@2@@Z+0x9d,9,0.0658,13676,20.0
fourteam_postfix,12092,OgreMain.dll!?updateFromParentImpl@SceneNode@Ogre@@MBEXXZ+0x1a,9,0.0658,13676,20.0
fourteam_postfix,12092,OgreMain.dll!?update@Light@Ogre@@MBEXXZ+0xda,9,0.0658,13676,20.0
fourteam_postfix,12092,MSVCR120.dll!memcpy+0x57,9,0.0658,13676,20.0
fourteam_postfix,12092,OgreMain.dll!?renderSingleObject@SceneManager@Ogre@@MAEXPAVRenderable@2@PBVPass@2@_N2PBV?$HashedVector@PAVLight@Ogre@@@2@@Z+0x64,9,0.0658,13676,20.0
fourteam_postfix,12092,OgreMain.dll!?getHasInstanceData@VertexBufferBinding@Ogre@@UBE_NXZ+0x45,9,0.0658,13676,20.0
fourteam_postfix,12092,OgreMain.dll!??4GpuSharedParametersUsage@Ogre@@QAEAAV01@ABV01@@Z+0x27ab,9,0.0658,13676,20.0
fourteam_postfix,12092,d3d11.dll!D3D11CoreCreateLayeredDevice+0x2c32,9,0.0658,13676,20.0
fourteam_postfix,12092,OgreMain.dll!?_updateViewport@RenderTarget@Ogre@@UAEXPAVViewport@2@_N@Z+0x13,9,0.0658,13676,20.0
fourteam_postfix,12092,OgreMain.dll!?fireViewportPreUpdate@RenderTarget@Ogre@@MAEXPAVViewport@2@@Z+0x3b,9,0.0658,13676,20.0
fourteam_postfix,12092,battlezone98redux.exe!sub_43f8e0,9,0.0658,13676,20.0
fourteam_postfix,12092,battlezone98redux.exe!sub_437b00,9,0.0658,13676,20.0
fourteam_postfix,12092,battlezone98redux.exe!sub_62bec0,9,0.0658,13676,20.0
fourteam_postfix,12092,OgreMain.dll!?hasViewRelativeTextureCoordinateGeneration@TextureUnitState@Ogre@@QBE_NXZ+0xa,9,0.0658,13676,20.0
fourteam_postfix,12092,battlezone98redux.exe!sub_4415f0,9,0.0658,13676,20.0
fourteam_postfix,12092,nvwgf2um.dll!NVAPI_DirectMethods+0xb9201,9,0.0658,13676,20.0
fourteam_postfix,12092,d3d11.dll!D3D11CoreCreateLayeredDevice+0x13753,9,0.0658,13676,20.0
fourteam_postfix,12092,d3d11.dll!D3D11CoreCreateLayeredDevice+0x13126,9,0.0658,13676,20.0
fourteam_postfix,12092,OgreMain.dll!?getLightAs4DVector@AutoParamDataSource@Ogre@@UBE?AVVector4@2@I@Z+0x10,9,0.0658,13676,20.0
fourteam_postfix,12092,KERNEL32.DLL!FlsGetValue+0x1b,9,0.0658,13676,20.0
fourteam_postfix,12092,OgreMain.dll!?_populateLightList@SceneManager@Ogre@@UAEXABVVector3@2@MAAV?$HashedVector@PAVLight@Ogre@@@2@I@Z+0x142,9,0.0658,13676,20.0
fourteam_postfix,12092,OgreMain.dll!?isTransparentSortingForced@Technique@Ogre@@QBE_NXZ+0x2,9,0.0658,13676,20.0
fourteam_postfix,12092,OgreMain.dll!?merge@RenderPriorityGroup@Ogre@@QAEXPBV12@@Z+0xfb,9,0.0658,13676,20.0
fourteam_postfix,12092,nvwgf2um.dll!SetDependencyInfo+0x541f0,9,0.0658,13676,20.0
fourteam_postfix,12092,WINMM.dll@6e990000!BZROpenShim::`anonymous namespace'::RenderMultiplayerFlags+0x621,9,0.0658,13676,20.0
fourteam_postfix,12092,battlezone98redux.exe!Getal,9,0.0658,13676,20.0
fourteam_postfix,12092,d3d11.dll+0x27041,9,0.0658,13676,20.0
fourteam_postfix,12092,OgreMain.dll!?buildKeyFrameTimeList@Animation@Ogre@@IBEXXZ+0x6aa,9,0.0658,13676,20.0
fourteam_postfix,12092,dxgi.dll!DXGIDisableVBlankVirtualization+0x20ac8,9,0.0658,13676,20.0
fourteam_postfix,12092,win32u.dll!_NtGdiDdDDIGetDeviceState@4+0xc,9,0.0658,13676,20.0
fourteam_postfix,12092,KERNELBASE.dll!GetModuleHandleA+0x16,9,0.0658,13676,20.0
fourteam_postfix,12092,RenderSystem_Direct3D11.dll!?_render@D3D11RenderSystem@Ogre@@UAEXABVRenderOperation@2@@Z+0x112e,9,0.0658,13676,20.0
fourteam_postfix,12092,nvwgf2um.dll!NVDEV_Thunk+0x4f7994,9,0.0658,13676,20.0
fourteam_postfix,12092,nvwgf2um.dll!SetDependencyInfo+0x5040f,9,0.0658,13676,20.0
fourteam_postfix,12092,MSVCR120.dll!__libm_sse2_acosf+0xf3,9,0.0658,13676,20.0
fourteam_postfix,12092,OgreMain.dll!?hasViewRelativeTextureCoordinateGeneration@TextureUnitState@Ogre@@QBE_NXZ+0x14,9,0.0658,13676,20.0
fourteam_postfix,12092,MSVCR120.dll!__libm_sse2_asinf+0x3a,9,0.0658,13676,20.0
fourteam_postfix,12092,OgreMain.dll!?getWorldViewMatrix@AutoParamDataSource@Ogre@@UBEABVMatrix4@2@XZ+0x45,9,0.0658,13676,20.0
fourteam_postfix,12092,d3d11.dll+0x27012,9,0.0658,13676,20.0
fourteam_postfix,12092,OgreMain.dll!?clear@RenderQueue@Ogre@@QAEX_N@Z+0xf1,9,0.0658,13676,20.0
fourteam_postfix,12092,OgreMain.dll!?updatePoint@RotationalSpline@Ogre@@QAEXGABVQuaternion@2@@Z+0x1612,9,0.0658,13676,20.0
fourteam_postfix,12092,d3d11.dll+0x3665c,9,0.0658,13676,20.0
fourteam_postfix,12092,battlezone98redux.exe!sub_4d9b40,9,0.0658,13676,20.0
fourteam_postfix,12092,battlezone98redux.exe!sub_6ad980,9,0.0658,13676,20.0
fourteam_postfix,12092,MSVCP120.dll!??6?$basic_ostream@DU?$char_traits@D@std@@@std@@QAEAAV01@K@Z+0x7b,9,0.0658,13676,20.0
fourteam_postfix,12092,OgreMain.dll!?_getActiveSchemeIndex@MaterialManager@Ogre@@UBEGXZ,9,0.0658,13676,20.0
fourteam_postfix,12092,ntdll.dll!_ZwDuplicateObject@28+0xc,9,0.0658,13676,20.0
fourteam_postfix,12092,OgreMain.dll!?isFloat@GpuConstantDefinition@Ogre@@SA_NW4GpuConstantType@2@@Z,9,0.0658,13676,20.0
fourteam_postfix,12092,battlezone98redux.exe!sub_421f70,9,0.0658,13676,20.0
fourteam_postfix,12092,OgreMain.dll!?updatePoint@RotationalSpline@Ogre@@QAEXGABVQuaternion@2@@Z+0x9ce3,9,0.0658,13676,20.0
fourteam_postfix,12092,OgreMain.dll!?processVisibleObject@RenderQueue@Ogre@@QAEXPAVMovableObject@2@PAVCamera@2@_NPAUVisibleObjectsBoundsInfo@2@@Z+0x69,9,0.0658,13676,20.0
fourteam_postfix,12092,OgreMain.dll!?getSide@Plane@Ogre@@QBE?AW4Side@12@ABVVector3@2@0@Z+0x4f,9,0.0658,13676,20.0
fourteam_postfix,12092,OgreMain.dll!?_updateBounds@SceneNode@Ogre@@UAEXXZ+0x249,8,0.0585,13676,20.0
fourteam_postfix,12092,battlezone98redux.exe!sub_678880,8,0.0585,13676,20.0
fourteam_postfix,12092,battlezone98redux.exe!sub_4b6ef0,8,0.0585,13676,20.0
fourteam_postfix,12092,OgreMain.dll!?_getParentNodeFullTransform@MovableObject@Ogre@@UBEABVMatrix4@2@XZ+0x9,8,0.0585,13676,20.0
fourteam_postfix,12092,d3d11.dll+0x373f1,8,0.0585,13676,20.0
fourteam_postfix,12092,d3d11.dll+0x3628f,8,0.0585,13676,20.0
fourteam_postfix,12092,d3d11.dll+0x38e73,8,0.0585,13676,20.0
fourteam_postfix,12092,d3d11.dll!D3D11CoreCreateLayeredDevice+0x1469,8,0.0585,13676,20.0
fourteam_postfix,12092,d3d11.dll!CreateDirect3D11DeviceFromDXGIDevice+0x9da45,8,0.0585,13676,20.0
fourteam_postfix,12092,OgreMain.dll!?getSide@Plane@Ogre@@QBE?AW4Side@12@ABVVector3@2@0@Z+0x63,8,0.0585,13676,20.0
fourteam_postfix,12092,d3d11.dll!CreateDirect3D11DeviceFromDXGIDevice+0xa2171,8,0.0585,13676,20.0
fourteam_postfix,12092,OgreMain.dll!?getLightAttenuation@AutoParamDataSource@Ogre@@UBE?AVVector4@2@I@Z+0x3e,8,0.0585,13676,20.0
fourteam_postfix,12092,OgreMain.dll!?_writeRawConstant@GpuProgramParameters@Ogre@@QAEXIABVVector4@2@I@Z+0x27,8,0.0585,13676,20.0
fourteam_postfix,12092,d3d11.dll+0x2afc1,8,0.0585,13676,20.0
fourteam_postfix,12092,OgreMain.dll!?calculateB@FocusedShadowCameraSetup@Ogre@@IBEXABVSceneManager@2@ABVCamera@2@ABVLight@2@ABVAxisAlignedBox@2@3PAVPointListBody@12@@Z+0x17,8,0.0585,13676,20.0
fourteam_postfix,12092,battlezone98redux.exe!sub_593570,8,0.0585,13676,20.0
fourteam_postfix,12092,battlezone98redux.exe!sub_592f00,8,0.0585,13676,20.0
fourteam_postfix,12092,battlezone98redux.exe!sub_67b9d0,8,0.0585,13676,20.0
fourteam_postfix,12092,WINMM.dll@6e990000!BZROpenShim::`anonymous namespace'::IsOgreEntityObject+0x44,8,0.0585,13676,20.0
fourteam_postfix,12092,d3d11.dll!CreateDirect3D11DeviceFromDXGIDevice+0xa20c1,8,0.0585,13676,20.0
fourteam_postfix,12092,OgreMain.dll!?createTechnique@Material@Ogre@@QAEPAVTechnique@2@XZ+0xb1b,8,0.0585,13676,20.0
fourteam_postfix,12092,OgreMain.dll!?_populateLightList@SceneManager@Ogre@@UAEXABVVector3@2@MAAV?$HashedVector@PAVLight@Ogre@@@2@I@Z+0x164,8,0.0585,13676,20.0
fourteam_postfix,12092,d3d11.dll!CreateDirect3D11DeviceFromDXGIDevice+0x9b092,8,0.0585,13676,20.0
fourteam_postfix,12092,OgreMain.dll+0x2a95,8,0.0585,13676,20.0
fourteam_postfix,12092,battlezone98redux.exe!sub_43a7e0,8,0.0585,13676,20.0
fourteam_postfix,12092,battlezone98redux.exe!sub_4a74e0,8,0.0585,13676,20.0
fourteam_postfix,12092,d3d11.dll+0x35ebe,8,0.0585,13676,20.0
fourteam_postfix,12092,USER32.dll!GetWindow+0xa0,8,0.0585,13676,20.0
fourteam_postfix,12092,OgreMain.dll!?updatePoint@RotationalSpline@Ogre@@QAEXGABVQuaternion@2@@Z+0x25bf,8,0.0585,13676,20.0
fourteam_postfix,12092,OgreMain.dll!?updatePoint@RotationalSpline@Ogre@@QAEXGABVQuaternion@2@@Z+0x1585,8,0.0585,13676,20.0
fourteam_postfix,12092,d3d11.dll+0x2c155,8,0.0585,13676,20.0
fourteam_postfix,12092,d3d11.dll!D3D11CoreCreateDevice+0x2f01d,8,0.0585,13676,20.0
fourteam_postfix,12092,MSVCR120.dll!__libm_sse2_acosf+0x1b6,8,0.0585,13676,20.0
fourteam_postfix,12092,WINMM.dll@6e990000!BZROpenShim::`anonymous namespace'::ApplyLocalPlayerReticleConvergence+0x2b5,8,0.0585,13676,20.0
fourteam_postfix,12092,OgreMain.dll!?_updateAutoParams@GpuProgramParameters@Ogre@@QAEXPBVAutoParamDataSource@2@G@Z+0x1246,8,0.0585,13676,20.0
fourteam_postfix,12092,d3d11.dll+0x2afa5,8,0.0585,13676,20.0
fourteam_postfix,12092,d3d11.dll!D3D11CoreCreateLayeredDevice+0x15270,8,0.0585,13676,20.0
fourteam_postfix,12092,d3d11.dll!D3D11CoreCreateLayeredDevice+0x151d9,8,0.0585,13676,20.0
fourteam_postfix,12092,battlezone98redux.exe!sub_67c0e0,8,0.0585,13676,20.0
fourteam_postfix,12092,battlezone98redux.exe!sub_67c2a0,8,0.0585,13676,20.0
fourteam_postfix,12092,MSVCR120.dll!wcschr+0xca,8,0.0585,13676,20.0
fourteam_postfix,12092,battlezone98redux.exe!sub_623b20,8,0.0585,13676,20.0
fourteam_postfix,12092,OgreMain.dll!?updatePoint@RotationalSpline@Ogre@@QAEXGABVQuaternion@2@@Z+0xb224,8,0.0585,13676,20.0
fourteam_postfix,12092,OgreMain.dll!??4GpuSharedParametersUsage@Ogre@@QAEAAV01@ABV01@@Z+0x2700,8,0.0585,13676,20.0
fourteam_postfix,12092,OgreMain.dll!?_notifyCurrentCamera@Entity@Ogre@@UAEXPAVCamera@2@@Z+0x1fa,8,0.0585,13676,20.0
fourteam_postfix,12092,MSVCR120.dll!__libm_sse2_acosf+0x13d,8,0.0585,13676,20.0
fourteam_postfix,12092,OgreMain.dll+0x3e42d,8,0.0585,13676,20.0
fourteam_postfix,12092,OgreMain.dll!?_fireFrameEnded@Root@Ogre@@QAE_NXZ+0x1f,8,0.0585,13676,20.0
fourteam_postfix,12092,OgreMain.dll+0x1fc30,8,0.0585,13676,20.0
fourteam_postfix,12092,dxgi.dll!DXGIGetDebugInterface1+0xa559,8,0.0585,13676,20.0
fourteam_postfix,12092,dxgi.dll!DXGIReportAdapterConfiguration+0xbf36,8,0.0585,13676,20.0
fourteam_postfix,12092,RenderSystem_Direct3D11.dll!?isVisible@D3D11RenderWindowHwnd@Ogre@@UBE_NXZ+0x25,8,0.0585,13676,20.0
fourteam_postfix,12092,battlezone98redux.exe!sub_822ae0,8,0.0585,13676,20.0
fourteam_postfix,12092,ntdll.dll!_RtlDosPathNameToRelativeNtPathName_U_WithStatus@16+0x4c,8,0.0585,13676,20.0
fourteam_postfix,12092,KERNELBASE.dll!DeleteFile2W+0x346,8,0.0585,13676,20.0
fourteam_postfix,12092,OgreMain.dll!?renderSingleObject@SceneManager@Ogre@@MAEXPAVRenderable@2@PBVPass@2@_N2PBV?$HashedVector@PAVLight@Ogre@@@2@@Z+0xa4d,8,0.0585,13676,20.0
fourteam_postfix,12092,ntdll.dll!RtlDosApplyFileIsolationRedirection_Ustr+0x2e1,8,0.0585,13676,20.0
fourteam_postfix,12092,ntdll.dll!sxsisol_SearchActCtxForDllName+0x98,8,0.0585,13676,20.0
fourteam_postfix,12092,battlezone98redux.exe!sub_44b7d0,8,0.0585,13676,20.0
fourteam_postfix,12092,MSVCR120.dll!floor+0x1e,8,0.0585,13676,20.0
fourteam_postfix,12092,d3d11.dll+0x27029,8,0.0585,13676,20.0
fourteam_postfix,12092,OgreMain.dll!?hasEdgeList@Entity@Ogre@@UAE_NXZ+0x13,8,0.0585,13676,20.0
fourteam_postfix,12092,battlezone98redux.exe!sub_6637a0,7,0.0512,13676,20.0
fourteam_postfix,12092,OgreMain.dll!?ACos@Math@Ogre@@SA?AVRadian@2@M@Z+0x1e,7,0.0512,13676,20.0
fourteam_postfix,12092,RenderSystem_Direct3D11.dll!?getConstantBuffer@D3D11HLSLProgram@Ogre@@QAEPAUID3D11Buffer@@V?$SharedPtr@VGpuProgramParameters@Ogre@@@2@G@Z+0xb1,7,0.0512,13676,20.0
fourteam_postfix,12092,OgreMain.dll!?setCurrentLightList@AutoParamDataSource@Ogre@@UAEXPBV?$HashedVector@PAVLight@Ogre@@@2@@Z+0x43,7,0.0512,13676,20.0
fourteam_postfix,12092,battlezone98redux.exe!sub_420f10,7,0.0512,13676,20.0
fourteam_postfix,12092,OgreMain.dll!?updatePoint@RotationalSpline@Ogre@@QAEXGABVQuaternion@2@@Z+0xafcf,7,0.0512,13676,20.0
fourteam_postfix,12092,RenderSystem_Direct3D11.dll!?_render@D3D11RenderSystem@Ogre@@UAEXABVRenderOperation@2@@Z+0xb7b,7,0.0512,13676,20.0
fourteam_postfix,12092,OgreMain.dll!?getGlobalInstanceVertexBufferVertexDeclaration@RenderSystem@Ogre@@QBEPAVVertexDeclaration@2@XZ,7,0.0512,13676,20.0
fourteam_postfix,12092,OgreMain.dll!?_calcTempSquareDist@Light@Ogre@@QAEXABVVector3@2@@Z+0x4c,7,0.0512,13676,20.0
fourteam_postfix,12092,OgreMain.dll!?getVertexProgramParameters@Pass@Ogre@@QBE?AV?$SharedPtr@VGpuProgramParameters@Ogre@@@2@XZ+0xff,7,0.0512,13676,20.0
fourteam_postfix,12092,OgreMain.dll!?_setTextureUnitSettings@RenderSystem@Ogre@@UAEXIAAVTextureUnitState@2@@Z+0x73,7,0.0512,13676,20.0
fourteam_postfix,12092,ntdll.dll!_RtlpLocalInfoAllocFromCache@8+0x242,7,0.0512,13676,20.0
fourteam_postfix,12092,RenderSystem_Direct3D11.dll!?_render@D3D11RenderSystem@Ogre@@UAEXABVRenderOperation@2@@Z+0x64b,7,0.0512,13676,20.0
fourteam_postfix,12092,OgreMain.dll!?isVisible@MovableObject@Ogre@@UBE_NXZ+0x1e,7,0.0512,13676,20.0
fourteam_postfix,12092,battlezone98redux.exe!sub_5938f0,7,0.0512,13676,20.0
fourteam_postfix,12092,OgreMain.dll!?_detectImplementation@OptimisedUtil@Ogre@@KAPAV12@XZ+0x4599,7,0.0512,13676,20.0
fourteam_postfix,12092,dxgi.dll!CompatString+0x2c08,7,0.0512,13676,20.0
fourteam_postfix,12092,win32u.dll!_NtGdiDdDDICheckMonitorPowerState@4+0xc,7,0.0512,13676,20.0
fourteam_postfix,12092,OgreMain.dll!?normalise@Vector3@Ogre@@QAEMXZ+0x33,7,0.0512,13676,20.0
fourteam_postfix,12092,OgreMain.dll!?determinant@Matrix4@Ogre@@QBEMXZ+0x8b,7,0.0512,13676,20.0
fourteam_postfix,12092,nvwgf2um.dll!OpenAdapter10+0x74efd,7,0.0512,13676,20.0
fourteam_postfix,12092,nvwgf2um.dll!SetDependencyInfo+0x4f20d,7,0.0512,13676,20.0
fourteam_postfix,12092,nvwgf2um.dll!OpenAdapter10+0x72bbd,7,0.0512,13676,20.0
fourteam_postfix,12092,OgreMain.dll!?updateFrustumPlanes@Frustum@Ogre@@MBEXXZ+0x15,7,0.0512,13676,20.0
fourteam_postfix,12092,OgreMain.dll!?getDerivedPosition@Light@Ogre@@QBEABVVector3@2@_N@Z+0x8,7,0.0512,13676,20.0
fourteam_postfix,12092,ntdll.dll!_RtlAnsiCharToUnicodeChar@4+0x36,7,0.0512,13676,20.0
fourteam_postfix,12092,WINMM.dll@6e990000!BZROpenShim::DynamicGeometryAddRenderableHook+0x11b,7,0.0512,13676,20.0
fourteam_postfix,12092,OgreMain.dll!?angleBetween@Vector3@Ogre@@QBE?AVRadian@2@ABV12@@Z+0x6a,7,0.0512,13676,20.0
fourteam_postfix,12092,KERNEL32.DLL!GetProcessAffinityMask+0x2a,7,0.0512,13676,20.0
fourteam_postfix,12092,battlezone98redux.exe!sub_5bc170,7,0.0512,13676,20.0
fourteam_postfix,12092,battlezone98redux.exe!sub_43c6c0,7,0.0512,13676,20.0
fourteam_postfix,12092,OgreMain.dll!?softwareVertexBlend@Mesh@Ogre@@SAXPBVVertexData@2@0PBQBVMatrix4@2@I_N@Z+0x22d,7,0.0512,13676,20.0
fourteam_postfix,12092,d3d11.dll!CreateDirect3D11DeviceFromDXGIDevice+0xa2061,7,0.0512,13676,20.0
fourteam_postfix,12092,MSVCR120.dll!__libm_sse2_acosf+0xc4,7,0.0512,13676,20.0
fourteam_postfix,12092,battlezone98redux.exe!FID_conflict:operator!=,7,0.0512,13676,20.0
fourteam_postfix,12092,d3d11.dll!CreateDirect3D11DeviceFromDXGIDevice+0x9f8a0,7,0.0512,13676,20.0
fourteam_postfix,12092,d3d11.dll!CreateDirect3D11DeviceFromDXGIDevice+0xa45e0,7,0.0512,13676,20.0
fourteam_postfix,12092,OgreMain.dll!?findLightsAffectingFrustum@SceneManager@Ogre@@MAEXPBVCamera@2@@Z+0x194,7,0.0512,13676,20.0
fourteam_postfix,12092,OgreMain.dll!?addRenderable@RenderQueue@Ogre@@QAEXPAVRenderable@2@EG@Z+0x3e,7,0.0512,13676,20.0
fourteam_postfix,12092,d3d11.dll!CreateDirect3D11DeviceFromDXGIDevice+0xa21d1,7,0.0512,13676,20.0
fourteam_postfix,12092,WINMM.dll@6e990000!BZROpenShim::`anonymous namespace'::DecideFrustumCull+0x8b,7,0.0512,13676,20.0
fourteam_postfix,12092,KERNELBASE.dll!LoadLibraryExA+0x77,7,0.0512,13676,20.0
fourteam_postfix,12092,RenderSystem_Direct3D11.dll!?addToSwitchingFullscreenCounter@D3D11RenderSystem@Ogre@@QAEXXZ+0x62b,7,0.0512,13676,20.0
fourteam_postfix,12092,OgreMain.dll!?deriveTextureRenderTargetOptions@CompositorInstance@Ogre@@AAEXABV?$basic_string@DU?$char_traits@D@std@@V?$allocator@D@2@@std@@PA_NPAIPAV34@@Z+0x81c,7,0.0512,13676,20.0
fourteam_postfix,12092,OgreMain.dll!?isVisible@Frustum@Ogre@@UBE_NABVAxisAlignedBox@2@PAW4FrustumPlane@2@@Z+0x74,7,0.0512,13676,20.0
fourteam_postfix,12092,OgreMain.dll+0x2f103,7,0.0512,13676,20.0
fourteam_postfix,12092,WINMM.dll@6e990000!`BZROpenShim::`anonymous namespace'::RefreshHeadlightState'::`2'::<lambda_1>::operator()+0xd0,7,0.0512,13676,20.0
fourteam_postfix,12092,OgreMain.dll!?ASin@Math@Ogre@@SA?AVRadian@2@M@Z+0xf,7,0.0512,13676,20.0
fourteam_postfix,12092,OgreMain.dll!?isInLightRange@Light@Ogre@@QBE_NABVSphere@2@@Z+0x4e,7,0.0512,13676,20.0
fourteam_postfix,12092,OgreMain.dll!?isFloat@GpuConstantDefinition@Ogre@@SA_NW4GpuConstantType@2@@Z+0x6,7,0.0512,13676,20.0
fourteam_postfix,12092,battlezone98redux.exe!sub_77bf30,7,0.0512,13676,20.0
fourteam_postfix,12092,battlezone98redux.exe!sub_62cc50,7,0.0512,13676,20.0
fourteam_postfix,12092,dxgi.dll!CompatString+0x4613,7,0.0512,13676,20.0
fourteam_postfix,12092,nvwgf2um.dll!NVENCODEAPI_Thunk+0x44522,7,0.0512,13676,20.0
fourteam_postfix,12092,RenderSystem_Direct3D11.dll!?_render@D3D11RenderSystem@Ogre@@UAEXABVRenderOperation@2@@Z+0x114,7,0.0512,13676,20.0
fourteam_postfix,12092,WINMM.dll@6e990000!BZROpenShim::LogShimVA+0xe7,7,0.0512,13676,20.0
fourteam_postfix,12092,MSVCR120.dll!floor+0x3e,7,0.0512,13676,20.0
fourteam_postfix,12092,battlezone98redux.exe!sub_6ce4a0,7,0.0512,13676,20.0
fourteam_postfix,12092,battlezone98redux.exe!sub_6c9ab0,7,0.0512,13676,20.0
fourteam_postfix,12092,battlezone98redux.exe!sub_6b2960,7,0.0512,13676,20.0
fourteam_postfix,12092,OgreMain.dll!?updatePoint@RotationalSpline@Ogre@@QAEXGABVQuaternion@2@@Z+0xb212,7,0.0512,13676,20.0
fourteam_postfix,12092,OgreMain.dll!?isInLightRange@Light@Ogre@@QBE_NABVSphere@2@@Z+0x6,7,0.0512,13676,20.0
fourteam_postfix,12092,OgreMain.dll!??4GpuSharedParametersUsage@Ogre@@QAEAAV01@ABV01@@Z+0x2718,7,0.0512,13676,20.0
fourteam_postfix,12092,battlezone98redux.exe!sub_45c420,7,0.0512,13676,20.0
fourteam_postfix,12092,OgreMain.dll!?resourceExists@ResourceManager@Ogre@@UAE_NABV?$basic_string@DU?$char_traits@D@std@@V?$allocator@D@2@@std@@@Z+0x18,7,0.0512,13676,20.0
fourteam_postfix,12092,ntdll.dll!_ZwRemoveIoCompletion@20+0xc,7,0.0512,13676,20.0
fourteam_postfix,12092,win32u.dll!_NtUserSetCursorPos@8+0xc,7,0.0512,13676,20.0
fourteam_postfix,12092,d3d11.dll+0x27051,7,0.0512,13676,20.0
fourteam_postfix,12092,OgreMain.dll!?_populateLightList@SceneManager@Ogre@@UAEXABVVector3@2@MAAV?$HashedVector@PAVLight@Ogre@@@2@I@Z+0xbd,7,0.0512,13676,20.0
fourteam_postfix,12092,OgreMain.dll!?renderSingleObject@SceneManager@Ogre@@MAEXPAVRenderable@2@PBVPass@2@_N2PBV?$HashedVector@PAVLight@Ogre@@@2@@Z+0x247,7,0.0512,13676,20.0
fourteam_postfix,12092,OgreMain.dll!?updatePoint@RotationalSpline@Ogre@@QAEXGABVQuaternion@2@@Z+0x1163,7,0.0512,13676,20.0
fourteam_postfix,12092,OgreMain.dll!?_setTextureUnitSettings@RenderSystem@Ogre@@UAEXIAAVTextureUnitState@2@@Z+0x16c,7,0.0512,13676,20.0
fourteam_postfix,12092,nvwgf2um.dll!OpenAdapter10+0x72c10,7,0.0512,13676,20.0
fourteam_postfix,12092,OgreMain.dll!?unlock@HardwareBuffer@Ogre@@UAEXXZ+0x1,7,0.0512,13676,20.0
fourteam_postfix,12092,MSVCR120.dll!memcpy+0xa,7,0.0512,13676,20.0
fourteam_postfix,12092,OgreMain.dll!?setCurrentRenderable@AutoParamDataSource@Ogre@@UAEXPBVRenderable@2@@Z+0x5b,7,0.0512,13676,20.0
fourteam_postfix,12092,battlezone98redux.exe!sub_4bb060,7,0.0512,13676,20.0
fourteam_postfix,12092,win32u.dll!_NtQueryCompositionSurfaceStatistics@8+0xc,7,0.0512,13676,20.0
fourteam_postfix,12092,nvwgf2um.dll!NVENCODEAPI_Thunk+0x217c8f,7,0.0512,13676,20.0
fourteam_postfix,12092,OgreMain.dll!?updateRenderQueueSplitOptions@SceneManager@Ogre@@MAEXXZ+0xcb,7,0.0512,13676,20.0
fourteam_postfix,12092,OgreMain.dll!?getQueueGroup@RenderQueue@Ogre@@QAEPAVRenderQueueGroup@2@E@Z+0x52,7,0.0512,13676,20.0
fourteam_postfix,12092,OgreMain.dll!?touchVertexBufferCopy@HardwareBufferManagerBase@Ogre@@UAEXABVHardwareVertexBufferSharedPtr@2@@Z+0x3d,7,0.0512,13676,20.0
fourteam_postfix,12092,ntdll.dll!_RtlpIsUtf8Process@4+0xe,7,0.0512,13676,20.0
fourteam_postfix,12092,ntdll.dll!_RtlpGetCodePageData@4+0x16,7,0.0512,13676,20.0
fourteam_postfix,12092,OgreMain.dll!?_updateAutoParams@GpuProgramParameters@Ogre@@QAEXPBVAutoParamDataSource@2@G@Z+0x2031,7,0.0512,13676,20.0
fourteam_postfix,12092,battlezone98redux.exe!sub_42de50,7,0.0512,13676,20.0
fourteam_postfix,12092,battlezone98redux.exe!sub_68af70,7,0.0512,13676,20.0
fourteam_postfix,12092,battlezone98redux.exe!sub_6869c0,7,0.0512,13676,20.0
fourteam_postfix,12092,MSVCR120.dll!floor+0x9c,7,0.0512,13676,20.0
fourteam_postfix,12092,MSVCR120.dll!__libm_sse2_acosf+0xe4,7,0.0512,13676,20.0
fourteam_postfix,12092,OgreMain.dll!??4GpuSharedParametersUsage@Ogre@@QAEAAV01@ABV01@@Z+0x2723,7,0.0512,13676,20.0
fourteam_postfix,12092,OgreMain.dll!?getEdgeList@Mesh@Ogre@@QAEPAVEdgeData@2@G@Z+0x27,7,0.0512,13676,20.0
fourteam_postfix,12092,OgreMain.dll!?_notifyCurrentCamera@Entity@Ogre@@UAEXPAVCamera@2@@Z+0x109,7,0.0512,13676,20.0
fourteam_postfix,12092,battlezone98redux.exe!sub_4badc0,6,0.0439,13676,20.0
fourteam_postfix,12092,battlezone98redux.exe!sub_4b6c80,6,0.0439,13676,20.0
fourteam_postfix,12092,MSVCR120.dll!__libm_sse2_acosf+0x1f1,6,0.0439,13676,20.0
fourteam_postfix,12092,battlezone98redux.exe!sub_43b720,6,0.0439,13676,20.0
fourteam_postfix,12092,battlezone98redux.exe!sub_479f30,6,0.0439,13676,20.0
fourteam_postfix,12092,battlezone98redux.exe!get,6,0.0439,13676,20.0
fourteam_postfix,12092,OgreMain.dll!??4GpuSharedParametersUsage@Ogre@@QAEAAV01@ABV01@@Z+0x26f9,6,0.0439,13676,20.0
fourteam_postfix,12092,OgreMain.dll!?touchVertexBufferCopy@HardwareBufferManagerBase@Ogre@@UAEXABVHardwareVertexBufferSharedPtr@2@@Z+0x38,6,0.0439,13676,20.0
fourteam_postfix,12092,OgreMain.dll!?updateAnimation@Entity@Ogre@@IAEXXZ+0x4c3,6,0.0439,13676,20.0
fourteam_postfix,12092,OgreMain.dll!?hasScale@Matrix4@Ogre@@QBE_NXZ+0xd4,6,0.0439,13676,20.0
fourteam_postfix,12092,OgreMain.dll!?RealEqual@Math@Ogre@@SA_NMMM@Z+0x1f,6,0.0439,13676,20.0
fourteam_postfix,12092,OgreMain.dll!?angleBetween@Vector3@Ogre@@QBE?AVRadian@2@ABV12@@Z+0x9b,6,0.0439,13676,20.0
fourteam_postfix,12092,DSOUND.dll!GetDeviceID+0x48df,6,0.0439,13676,20.0
fourteam_postfix,12092,OgreMain.dll!?createTechnique@Material@Ogre@@QAEPAVTechnique@2@XZ+0xa23,6,0.0439,13676,20.0
fourteam_postfix,12092,OgreMain.dll+0x10d11,6,0.0439,13676,20.0
fourteam_postfix,12092,OgreMain.dll!?angleBetween@Vector3@Ogre@@QBE?AVRadian@2@ABV12@@Z+0x3a,6,0.0439,13676,20.0
fourteam_postfix,12092,battlezone98redux.exe!sub_44ef90,6,0.0439,13676,20.0
fourteam_postfix,12092,battlezone98redux.exe!sub_438c10,6,0.0439,13676,20.0
fourteam_postfix,12092,OgreMain.dll!?getSingleton@Root@Ogre@@SAAAV12@XZ+0x5,6,0.0439,13676,20.0
fourteam_postfix,12092,OgreMain.dll!?angleBetween@Vector3@Ogre@@QBE?AVRadian@2@ABV12@@Z+0xcc,6,0.0439,13676,20.0
fourteam_postfix,12092,battlezone98redux.exe!sub_5c1b30,6,0.0439,13676,20.0
fourteam_postfix,12092,MSVCR120.dll!log2f+0x11,6,0.0439,13676,20.0
fourteam_postfix,12092,battlezone98redux.exe!sub_67a780,6,0.0439,13676,20.0
fourteam_postfix,12092,OgreMain.dll!?getSide@Plane@Ogre@@QBE?AW4Side@12@ABVVector3@2@0@Z+0x67,6,0.0439,13676,20.0
fourteam_postfix,12092,battlezone98redux.exe!sub_679830,6,0.0439,13676,20.0
fourteam_postfix,12092,battlezone98redux.exe!sub_417460,6,0.0439,13676,20.0
fourteam_postfix,12092,OgreMain.dll!?_updateAutoParams@GpuProgramParameters@Ogre@@QAEXPBVAutoParamDataSource@2@G@Z+0x17,6,0.0439,13676,20.0
fourteam_postfix,12092,nvwgf2um.dll!NVENCODEAPI_Thunk+0x10512,6,0.0439,13676,20.0
fourteam_postfix,12092,nvwgf2um.dll!SetDependencyInfo+0x5a051,6,0.0439,13676,20.0
fourteam_postfix,12092,battlezone98redux.exe!sub_4a88b0,6,0.0439,13676,20.0
fourteam_postfix,12092,battlezone98redux.exe!sub_4df930,6,0.0439,13676,20.0
fourteam_postfix,12092,battlezone98redux.exe!sub_4aa630,6,0.0439,13676,20.0
fourteam_postfix,12092,battlezone98redux.exe!sub_4df970,6,0.0439,13676,20.0
fourteam_postfix,12092,battlezone98redux.exe!sub_8245f0,6,0.0439,13676,20.0
fourteam_postfix,12092,battlezone98redux.exe!sub_62c0b0,6,0.0439,13676,20.0
fourteam_postfix,12092,battlezone98redux.exe!sub_62c000,6,0.0439,13676,20.0
fourteam_postfix,12092,nvwgf2um.dll!SetDependencyInfo+0x4b327,6,0.0439,13676,20.0
fourteam_postfix,12092,MSVCR120.dll!wcschr+0xcd,6,0.0439,13676,20.0
fourteam_postfix,12092,WINMM.dll@6e990000!BZROpenShim::ResolveCraftOgreEntity+0x8,6,0.0439,13676,20.0
fourteam_postfix,12092,RenderSystem_Direct3D11.dll!?getConstantBuffer@D3D11HLSLProgram@Ogre@@QAEPAUID3D11Buffer@@V?$SharedPtr@VGpuProgramParameters@Ogre@@@2@G@Z+0x100,6,0.0439,13676,20.0
fourteam_postfix,12092,OgreMain.dll!?getSpotlightParams@AutoParamDataSource@Ogre@@UBE?AVVector4@2@I@Z+0x99,6,0.0439,13676,20.0
fourteam_postfix,12092,nvwgf2um.dll!SetDependencyInfo+0x5425a,6,0.0439,13676,20.0
fourteam_postfix,12092,OgreMain.dll!?getLightAttenuation@AutoParamDataSource@Ogre@@UBE?AVVector4@2@I@Z+0xf,6,0.0439,13676,20.0
fourteam_postfix,12092,WINMM.dll@6e990000!BZROpenShim::`anonymous namespace'::ReportFrustumCullIntervalIfDue+0x22d,6,0.0439,13676,20.0
fourteam_postfix,12092,WINMM.dll@6e990000!BZROpenShim::EnhancedLights::StableLightId+0x46,6,0.0439,13676,20.0
fourteam_postfix,12092,d3d11.dll+0x35e92,6,0.0439,13676,20.0
fourteam_postfix,12092,RenderSystem_Direct3D11.dll!?HasAutoMipMapGenerationEnabled@D3D11Texture@Ogre@@QBE_NXZ+0x276,6,0.0439,13676,20.0
fourteam_postfix,12092,d3d11.dll!D3D11CoreCreateLayeredDevice+0x23481,6,0.0439,13676,20.0
fourteam_postfix,12092,RenderSystem_Direct3D11.dll!?IsDeviceLost@D3D11Device@Ogre@@QAE_NXZ+0xb,6,0.0439,13676,20.0
fourteam_postfix,12092,RenderSystem_Direct3D11.dll!?updateImpl@D3D11RenderWindowBase@Ogre@@MAEXXZ+0x1a,6,0.0439,13676,20.0
fourteam_postfix,12092,battlezone98redux.exe!sub_421ec0,6,0.0439,13676,20.0
fourteam_postfix,12092,KERNEL32.DLL!GetPrivateProfileStringA+0x3c,6,0.0439,13676,20.0
fourteam_postfix,12092,KERNEL32.DLL!BaseDllReadWriteIniFile+0xea,6,0.0439,13676,20.0
fourteam_postfix,12092,WINMM.dll@6e990000!BZROpenShim::`anonymous namespace'::InputBindingRowClick11+0xe,6,0.0439,13676,20.0
fourteam_postfix,12092,WINMM.dll@6e990000!`anonymous namespace'::ParseBool+0x10c,6,0.0439,13676,20.0
fourteam_postfix,12092,nvwgf2um.dll!OpenAdapter10+0x71b00,6,0.0439,13676,20.0
fourteam_postfix,12092,battlezone98redux.exe!sub_62be60,6,0.0439,13676,20.0
fourteam_postfix,12092,ntdll.dll!__output_l+0x81b,6,0.0439,13676,20.0
fourteam_postfix,12092,MSVCR120.dll!__libm_sse2_asinf+0x30,6,0.0439,13676,20.0
fourteam_postfix,12092,d3d11.dll!D3D11CoreCreateDevice+0x402d,6,0.0439,13676,20.0
fourteam_postfix,12092,nvwgf2um.dll!OpenAdapter10+0x72e97,6,0.0439,13676,20.0
fourteam_postfix,12092,nvwgf2um.dll!OpenAdapter10+0x76667,6,0.0439,13676,20.0
fourteam_postfix,12092,nvwgf2um.dll!SetDependencyInfo+0x5004f,6,0.0439,13676,20.0
fourteam_postfix,12092,OgreMain.dll!?merge@RenderPriorityGroup@Ogre@@QAEXPBV12@@Z+0xad,6,0.0439,13676,20.0
fourteam_postfix,12092,battlezone98redux.exe!sub_6d2040,6,0.0439,13676,20.0
fourteam_postfix,12092,d3d11.dll!CreateDirect3D11DeviceFromDXGIDevice+0x9f8a2,6,0.0439,13676,20.0
fourteam_postfix,12092,OgreMain.dll+0x165e0,6,0.0439,13676,20.0
fourteam_postfix,12092,OgreMain.dll!?updateFromParentImpl@SceneNode@Ogre@@MBEXXZ+0x9,6,0.0439,13676,20.0
fourteam_postfix,12092,MSVCR120.dll!__libm_sse2_acosf+0x18e,6,0.0439,13676,20.0
fourteam_postfix,12092,OgreMain.dll!?normalise@Vector3@Ogre@@QAEMXZ+0x42,6,0.0439,13676,20.0
fourteam_postfix,12092,d3d11.dll!CreateDirect3D11DeviceFromDXGIDevice+0xa05ae,6,0.0439,13676,20.0
fourteam_postfix,12092,OgreMain.dll!?getContentType@TextureUnitState@Ogre@@QBE?AW4ContentType@12@XZ+0x6,6,0.0439,13676,20.0
fourteam_postfix,12092,d3d11.dll!CreateDirect3D11DeviceFromDXGIDevice+0xa4626,6,0.0439,13676,20.0
fourteam_postfix,12092,MSVCR120.dll!__libm_sse2_asinf+0x1db,6,0.0439,13676,20.0
fourteam_postfix,12092,OgreMain.dll!?getSide@Plane@Ogre@@QBE?AW4Side@12@ABVVector3@2@0@Z+0x69,6,0.0439,13676,20.0
fourteam_postfix,12092,OgreMain.dll!?_getCurrentSceneManager@Root@Ogre@@QBEPAVSceneManager@2@XZ+0x2c,6,0.0439,13676,20.0
fourteam_postfix,12092,battlezone98redux.exe!sub_46eaf0,6,0.0439,13676,20.0
fourteam_postfix,12092,OgreMain.dll!?renderSingleObject@SceneManager@Ogre@@MAEXPAVRenderable@2@PBVPass@2@_N2PBV?$HashedVector@PAVLight@Ogre@@@2@@Z+0x2b9,6,0.0439,13676,20.0
fourteam_postfix,12092,battlezone98redux.exe!sub_778450,6,0.0439,13676,20.0
fourteam_postfix,12092,battlezone98redux.exe!sub_77c610,6,0.0439,13676,20.0
fourteam_postfix,12092,battlezone98redux.exe!sub_440000,6,0.0439,13676,20.0
fourteam_postfix,12092,battlezone98redux.exe!sub_44f090,6,0.0439,13676,20.0
fourteam_postfix,12092,battlezone98redux.exe!sub_44f200,6,0.0439,13676,20.0
fourteam_postfix,12092,MSVCR120.dll!__libm_sse2_acosf+0x17e,6,0.0439,13676,20.0
fourteam_postfix,12092,battlezone98redux.exe!sub_44eaa0,6,0.0439,13676,20.0
fourteam_postfix,12092,OgreMain.dll!?getProjectionMatrix@AutoParamDataSource@Ogre@@UBEABVMatrix4@2@XZ+0x9b,6,0.0439,13676,20.0
fourteam_postfix,12092,OgreMain.dll!?isInLightRange@Light@Ogre@@QBE_NABVSphere@2@@Z+0x2b,6,0.0439,13676,20.0
fourteam_postfix,12092,RenderSystem_Direct3D11.dll!?getMonitorSequentialNumberFromSwapChain@MonitorInfo@Ogre@@QAEGPAUIDXGISwapChain@@_N@Z+0x298c,6,0.0439,13676,20.0
fourteam_postfix,12092,OgreMain.dll!?getBestTechnique@Material@Ogre@@QAEPAVTechnique@2@GPBVRenderable@2@@Z+0x69,6,0.0439,13676,20.0
fourteam_postfix,12092,OgreMain.dll!?_setTextureUnitSettings@RenderSystem@Ogre@@UAEXIAAVTextureUnitState@2@@Z+0xc6,6,0.0439,13676,20.0
fourteam_postfix,12092,OgreMain.dll!?getBestTechnique@Material@Ogre@@QAEPAVTechnique@2@GPBVRenderable@2@@Z+0xf6,6,0.0439,13676,20.0
fourteam_postfix,12092,battlezone98redux.exe!sub_663740,6,0.0439,13676,20.0
fourteam_postfix,12092,KERNEL32.DLL!GetCurrentThreadId+0x6,6,0.0439,13676,20.0
fourteam_postfix,12092,MSVCR120.dll!__libm_sse2_acosf+0xec,6,0.0439,13676,20.0
fourteam_postfix,12092,OgreMain.dll!?_findVisibleObjects@SceneNode@Ogre@@UAEXPAVCamera@2@PAVRenderQueue@2@PAUVisibleObjectsBoundsInfo@2@_N33@Z+0x53,6,0.0439,13676,20.0
fourteam_postfix,12092,battlezone98redux.exe!sub_447f60,6,0.0439,13676,20.0
fourteam_postfix,12092,d3d11.dll+0x2b4da,6,0.0439,13676,20.0
fourteam_postfix,12092,ntdll.dll!RtlFindActivationContextSectionString+0x146,6,0.0439,13676,20.0
fourteam_postfix,12092,d3d11.dll!CreateDirect3D11DeviceFromDXGIDevice+0x9f9c1,6,0.0439,13676,20.0
fourteam_postfix,12092,OgreMain.dll!?Ogre_InterlockedIncrement64@InterlockedCompareExchange64Wrapper@Ogre@@SA_JPC_J@Z+0x11b5,6,0.0439,13676,20.0
fourteam_postfix,12092,OgreMain.dll!?_update@Node@Ogre@@UAEX_N0@Z+0xaa,6,0.0439,13676,20.0
fourteam_postfix,12092,OgreMain.dll!?Ogre_InterlockedIncrement64@InterlockedCompareExchange64Wrapper@Ogre@@SA_JPC_J@Z+0x11ad,6,0.0439,13676,20.0
fourteam_postfix,12092,OgreMain.dll!?createTechnique@Material@Ogre@@QAEPAVTechnique@2@XZ+0xaf6,6,0.0439,13676,20.0
fourteam_postfix,12092,OgreMain.dll!?isVisible@ShadowRenderable@Ogre@@UBE_NXZ+0x24d,6,0.0439,13676,20.0
fourteam_postfix,12092,d3d11.dll!D3D11CoreCreateLayeredDevice+0x123ba,6,0.0439,13676,20.0
fourteam_postfix,12092,OgreMain.dll!?calculateB@FocusedShadowCameraSetup@Ogre@@IBEXABVSceneManager@2@ABVCamera@2@ABVLight@2@ABVAxisAlignedBox@2@3PAVPointListBody@12@@Z+0x1c0,6,0.0439,13676,20.0
fourteam_postfix,12092,OgreMain.dll!?createTechnique@Material@Ogre@@QAEPAVTechnique@2@XZ+0xaff,6,0.0439,13676,20.0
fourteam_postfix,12092,OgreMain.dll!?_writeRawConstant@GpuProgramParameters@Ogre@@QAEXIABVMatrix4@2@I@Z+0x1e,6,0.0439,13676,20.0
fourteam_postfix,12092,OgreMain.dll!?useLightsGpuProgram@SceneManager@Ogre@@MAEXPBVPass@2@PBV?$HashedVector@PAVLight@Ogre@@@2@@Z+0x8,6,0.0439,13676,20.0
fourteam_postfix,12092,battlezone98redux.exe!sub_4d44f0,6,0.0439,13676,20.0
fourteam_postfix,12092,nvwgf2um.dll!OpenAdapter10+0x72b10,6,0.0439,13676,20.0
fourteam_postfix,12092,OgreMain.dll!?_updateBounds@SceneNode@Ogre@@UAEXXZ+0x235,6,0.0439,13676,20.0
fourteam_postfix,12092,OgreMain.dll!?getConstantDefinition@GpuProgramParameters@Ogre@@QBEABUGpuConstantDefinition@2@ABV?$basic_string@DU?$char_traits@D@std@@V?$allocator@D@2@@std@@@Z+0x35,6,0.0439,13676,20.0
fourteam_postfix,12092,OgreMain.dll+0x2d312,6,0.0439,13676,20.0
fourteam_postfix,12092,OgreMain.dll!?angleBetween@Vector3@Ogre@@QBE?AVRadian@2@ABV12@@Z+0xc2,6,0.0439,13676,20.0
fourteam_postfix,12092,OgreMain.dll!?angleBetween@Vector3@Ogre@@QBE?AVRadian@2@ABV12@@Z+0x1,5,0.0366,13676,20.0
fourteam_postfix,12092,d3d11.dll+0x31c9e,5,0.0366,13676,20.0
fourteam_postfix,12092,OgreMain.dll!?getTransparentSortingForced@Pass@Ogre@@QBE_NXZ+0x6,5,0.0366,13676,20.0
fourteam_postfix,12092,battlezone98redux.exe!sub_67b990,5,0.0366,13676,20.0
fourteam_postfix,12092,RenderSystem_Direct3D11.dll!?_render@D3D11RenderSystem@Ogre@@UAEXABVRenderOperation@2@@Z+0x34d,5,0.0366,13676,20.0
fourteam_postfix,12092,OgreMain.dll+0xb7fd,5,0.0366,13676,20.0
fourteam_postfix,12092,OgreMain.dll!?FastHash@Ogre@@YAIPBDHI@Z+0xb0,5,0.0366,13676,20.0
fourteam_postfix,12092,OgreMain.dll!?getSquaredViewDepth@Node@Ogre@@UBEMPBVCamera@2@@Z+0x1f,5,0.0366,13676,20.0
fourteam_postfix,12092,MSVCR120.dll!__libm_sse2_asinf+0x3e,5,0.0366,13676,20.0
fourteam_postfix,12092,d3d11.dll!D3D11CoreCreateDevice+0x1d567,5,0.0366,13676,20.0
fourteam_postfix,12092,d3d11.dll+0x2b518,5,0.0366,13676,20.0
fourteam_postfix,12092,d3d11.dll+0x2b4c8,5,0.0366,13676,20.0
fourteam_postfix,12092,OgreMain.dll!?clear@RenderPriorityGroup@Ogre@@QAEXXZ+0x205,5,0.0366,13676,20.0
fourteam_postfix,12092,OgreMain.dll!?getDistance@Plane@Ogre@@QBEMABVVector3@2@@Z+0x1,5,0.0366,13676,20.0
fourteam_postfix,12092,RenderSystem_Direct3D11.dll!?getConstantBuffer@D3D11HLSLProgram@Ogre@@QAEPAUID3D11Buffer@@V?$SharedPtr@VGpuProgramParameters@Ogre@@@2@G@Z+0x9c,5,0.0366,13676,20.0
fourteam_postfix,12092,OgreMain.dll!?_updateAutoParams@GpuProgramParameters@Ogre@@QAEXPBVAutoParamDataSource@2@G@Z+0x1332,5,0.0366,13676,20.0
fourteam_postfix,12092,OgreMain.dll!?_writeRawConstant@GpuProgramParameters@Ogre@@QAEXIABVVector4@2@I@Z+0x18,5,0.0366,13676,20.0
fourteam_postfix,12092,battlezone98redux.exe!sub_678950,5,0.0366,13676,20.0
fourteam_postfix,12092,OgreMain.dll!??4GpuSharedParametersUsage@Ogre@@QAEAAV01@ABV01@@Z+0x2744,5,0.0366,13676,20.0
fourteam_postfix,12092,OgreMain.dll!?RealEqual@Math@Ogre@@SA_NMMM@Z+0x19,5,0.0366,13676,20.0
fourteam_postfix,12092,nvwgf2um.dll!OpenAdapter10+0x77cf7,5,0.0366,13676,20.0
fourteam_postfix,12092,d3d11.dll+0x39089,5,0.0366,13676,20.0
fourteam_postfix,12092,nvwgf2um.dll!SetDependencyInfo+0x4fe6e,5,0.0366,13676,20.0
fourteam_postfix,12092,nvwgf2um.dll!SetDependencyInfo+0x35072,5,0.0366,13676,20.0
fourteam_postfix,12092,nvwgf2um.dll!OpenAdapter10+0x721f7,5,0.0366,13676,20.0
fourteam_postfix,12092,nvwgf2um.dll!NVAPI_Thunk+0x77fe,5,0.0366,13676,20.0
fourteam_postfix,12092,OgreMain.dll!?isHardwareAnimationEnabled@Entity@Ogre@@QAE_NXZ+0x1,5,0.0366,13676,20.0
fourteam_postfix,12092,WINMM.dll@6e990000!BZROpenShim::`anonymous namespace'::InstallMultiplayerFlagRenderHookIfPossible+0x106,5,0.0366,13676,20.0
fourteam_postfix,12092,WINMM.dll@6e990000!BZROpenShim::`anonymous namespace'::LogArenaPointerFields+0xc3,5,0.0366,13676,20.0
fourteam_postfix,12092,KERNELBASE.dll!GetProcAddressForCaller+0x4d,5,0.0366,13676,20.0
fourteam_postfix,12092,KERNEL32.DLL!GetProcAddress+0x14,5,0.0366,13676,20.0
fourteam_postfix,12092,OgreMain.dll!?determinant@Matrix4@Ogre@@QBEMXZ+0xe4,5,0.0366,13676,20.0
fourteam_postfix,12092,OgreMain.dll!?cacheBoneMatrices@Entity@Ogre@@IAE_NXZ+0x71,5,0.0366,13676,20.0
fourteam_postfix,12092,d3d11.dll+0x31b1f,5,0.0366,13676,20.0
fourteam_postfix,12092,battlezone98redux.exe!sub_42de70,5,0.0366,13676,20.0
fourteam_postfix,12092,d3d11.dll!CreateDirect3D11DeviceFromDXGIDevice+0xbc53d,5,0.0366,13676,20.0
fourteam_postfix,12092,OgreMain.dll!?reset@ConvexBody@Ogre@@QAEXXZ+0x17,5,0.0366,13676,20.0
fourteam_postfix,12092,OgreMain.dll!?getLightMask@MovableObject@Ogre@@UBEIXZ,5,0.0366,13676,20.0
fourteam_postfix,12092,OgreMain.dll!?_writeRawConstants@GpuProgramParameters@Ogre@@QAEXIPBMI@Z+0x1c,5,0.0366,13676,20.0
fourteam_postfix,12092,battlezone98redux.exe!sub_689a20,5,0.0366,13676,20.0
fourteam_postfix,12092,MSVCR120.dll!__libm_sse2_asinf+0x20c,5,0.0366,13676,20.0
fourteam_postfix,12092,nvwgf2um.dll!NVENCODEAPI_Thunk+0x2175fb,5,0.0366,13676,20.0
fourteam_postfix,12092,ntdll.dll!_RtlpLocalInfoAllocFromCache@8+0x36,5,0.0366,13676,20.0
fourteam_postfix,12092,OgreMain.dll!?merge@VisibleObjectsBoundsInfo@Ogre@@QAEXABVAxisAlignedBox@2@ABVSphere@2@PBVCamera@2@_N@Z+0x10,5,0.0366,13676,20.0
fourteam_postfix,12092,RenderSystem_Direct3D11.dll!?_render@D3D11RenderSystem@Ogre@@UAEXABVRenderOperation@2@@Z+0x1fb,5,0.0366,13676,20.0
fourteam_postfix,12092,d3d11.dll+0x2b35b,5,0.0366,13676,20.0
fourteam_postfix,12092,OgreMain.dll!?getIndex@DistanceLodStrategyBase@Ogre@@UBEGMABV?$vector@UMeshLodUsage@Ogre@@V?$STLAllocator@UMeshLodUsage@Ogre@@V?$CategorisedAllocPolicy@$0A@@2@@2@@std@@@Z+0x16,5,0.0366,13676,20.0
fourteam_postfix,12092,OgreMain.dll!?_updateAutoParams@GpuProgramParameters@Ogre@@QAEXPBVAutoParamDataSource@2@G@Z+0x1bee,5,0.0366,13676,20.0
fourteam_postfix,12092,OgreMain.dll!?getConstantDefinition@GpuProgramParameters@Ogre@@QBEABUGpuConstantDefinition@2@ABV?$basic_string@DU?$char_traits@D@std@@V?$allocator@D@2@@std@@@Z,5,0.0366,13676,20.0
fourteam_postfix,12092,ntdll.dll!_wctomb_s+0x18,5,0.0366,13676,20.0
fourteam_postfix,12092,battlezone98redux.exe!sub_443370,5,0.0366,13676,20.0
fourteam_postfix,12092,d3d11.dll+0x2c101,5,0.0366,13676,20.0
fourteam_postfix,12092,WINMM.dll@6e990000!BZROpenShim::WeaponConvergence::Solve+0x21b,5,0.0366,13676,20.0
fourteam_postfix,12092,battlezone98redux.exe!compare,5,0.0366,13676,20.0
fourteam_postfix,12092,nvwgf2um.dll!SetDependencyInfo+0x350d2,5,0.0366,13676,20.0
fourteam_postfix,12092,nvwgf2um.dll!NVAPI_Thunk+0x7948,5,0.0366,13676,20.0
fourteam_postfix,12092,OgreMain.dll!?clear@RenderPriorityGroup@Ogre@@QAEXXZ+0x3d,5,0.0366,13676,20.0
fourteam_postfix,12092,OgreMain.dll!?_setPass@SceneManager@Ogre@@UAEPBVPass@2@PBV32@_N1@Z+0x554,5,0.0366,13676,20.0
fourteam_postfix,12092,battlezone98redux.exe!sub_417f60,5,0.0366,13676,20.0
fourteam_postfix,12092,OgreMain.dll!?getIndexAscending@LodStrategy@Ogre@@KAGMABV?$vector@MV?$STLAllocator@MV?$CategorisedAllocPolicy@$0A@@Ogre@@@Ogre@@@std@@@Z+0x24,5,0.0366,13676,20.0
fourteam_postfix,12092,OgreMain.dll!?_populateLightList@SceneManager@Ogre@@UAEXABVVector3@2@MAAV?$HashedVector@PAVLight@Ogre@@@2@I@Z+0x147,5,0.0366,13676,20.0
fourteam_postfix,12092,battlezone98redux.exe!sub_44ff76,5,0.0366,13676,20.0
fourteam_postfix,12092,battlezone98redux.exe!sub_4de9d0,5,0.0366,13676,20.0
fourteam_postfix,12092,MSVCR120.dll!__libm_sse2_acosf+0x3a,5,0.0366,13676,20.0
fourteam_postfix,12092,OgreMain.dll!?getFragmentProgram@Pass@Ogre@@QBEABV?$SharedPtr@VGpuProgram@Ogre@@@2@XZ+0xc,5,0.0366,13676,20.0
fourteam_postfix,12092,OgreMain.dll+0x15898,5,0.0366,13676,20.0
fourteam_postfix,12092,OgreMain.dll!?getBestTechnique@Material@Ogre@@QAEPAVTechnique@2@GPBVRenderable@2@@Z+0x8d,5,0.0366,13676,20.0
fourteam_postfix,12092,OgreMain.dll+0x3db86,5,0.0366,13676,20.0
fourteam_postfix,12092,OgreMain.dll!?getSquaredViewDepth@Node@Ogre@@UBEMPBVCamera@2@@Z+0x55,5,0.0366,13676,20.0
fourteam_postfix,12092,RenderSystem_Direct3D11.dll!??0D3D11RenderWindowSwapChainBased@Ogre@@QAE@ABV01@@Z+0x322,5,0.0366,13676,20.0
fourteam_postfix,12092,OgreMain.dll!?getParameters@GpuProgramUsage@Ogre@@QAE?AV?$SharedPtr@VGpuProgramParameters@Ogre@@@2@XZ+0xff,5,0.0366,13676,20.0
fourteam_postfix,12092,OgreMain.dll!?getLight@AutoParamDataSource@Ogre@@IBEABVLight@2@I@Z+0x22,5,0.0366,13676,20.0
fourteam_postfix,12092,OgreMain.dll!?_detectImplementation@OptimisedUtil@Ogre@@KAPAV12@XZ+0x4517,5,0.0366,13676,20.0
fourteam_postfix,12092,battlezone98redux.exe!sub_73b690,5,0.0366,13676,20.0
fourteam_postfix,12092,ucrtbase.dll!_tolower,5,0.0366,13676,20.0
fourteam_postfix,12092,MSVCR120.dll!??2@YAPAXI@Z+0xbf,5,0.0366,13676,20.0
fourteam_postfix,12092,OgreMain.dll!?getLightDiffuseColourWithPower@AutoParamDataSource@Ogre@@UBE?BVColourValue@2@I@Z+0x3a,5,0.0366,13676,20.0
fourteam_postfix,12092,RenderSystem_Direct3D11.dll!?uninstall@D3D11Plugin@Ogre@@UAEXXZ+0x50e2,5,0.0366,13676,20.0
fourteam_postfix,12092,RenderSystem_Direct3D11.dll!?_setTexture@D3D11RenderSystem@Ogre@@UAEXI_NABV?$SharedPtr@VTexture@Ogre@@@2@@Z+0x68,5,0.0366,13676,20.0
fourteam_postfix,12092,nvwgf2um.dll!SetDependencyInfo+0x4b1df,5,0.0366,13676,20.0
fourteam_postfix,12092,OgreMain.dll!?_updateBounds@SceneNode@Ogre@@UAEXXZ+0x25b,5,0.0366,13676,20.0
fourteam_postfix,12092,OgreMain.dll!?lock@HardwareBuffer@Ogre@@UAEPAXIIW4LockOptions@12@W4UploadOptions@12@@Z+0x191,5,0.0366,13676,20.0
fourteam_postfix,12092,battlezone98redux.exe!back,5,0.0366,13676,20.0
fourteam_postfix,12092,win32u.dll!_NtNotifyPresentToCompositionSurface@8+0xc,5,0.0366,13676,20.0
fourteam_postfix,12092,d3d11.dll!D3D11CoreCreateLayeredDevice+0xcef0,5,0.0366,13676,20.0
fourteam_postfix,12092,OgreMain.dll!?createTechnique@Material@Ogre@@QAEPAVTechnique@2@XZ+0xa35,5,0.0366,13676,20.0
fourteam_postfix,12092,OgreMain.dll!?updatePoint@RotationalSpline@Ogre@@QAEXGABVQuaternion@2@@Z+0x1675,5,0.0366,13676,20.0
fourteam_postfix,12092,battlezone98redux.exe!sub_493d40,5,0.0366,13676,20.0
fourteam_postfix,12092,OgreMain.dll!?_writeRawConstant@GpuProgramParameters@Ogre@@QAEXIABVColourValue@2@I@Z+0xe,5,0.0366,13676,20.0
fourteam_postfix,12092,MSVCR120.dll!__libm_sse2_acosf+0x169,5,0.0366,13676,20.0
fourteam_postfix,12092,battlezone98redux.exe!sub_44f350,5,0.0366,13676,20.0
fourteam_postfix,12092,OgreMain.dll+0x6b22,5,0.0366,13676,20.0
fourteam_postfix,12092,OgreMain.dll!?_setTextureUnitSettings@RenderSystem@Ogre@@UAEXIAAVTextureUnitState@2@@Z+0x1c1,5,0.0366,13676,20.0
fourteam_postfix,12092,OgreMain.dll!?getWorldViewProjMatrix@AutoParamDataSource@Ogre@@UBEABVMatrix4@2@XZ+0x38a,5,0.0366,13676,20.0
fourteam_postfix,12092,battlezone98redux.exe!sub_44fdc0,5,0.0366,13676,20.0
fourteam_postfix,12092,ntdll.dll!_RtlpDosPathNameToRelativeNtPathName@28+0xe0,5,0.0366,13676,20.0
fourteam_postfix,12092,OgreMain.dll+0x41fb,5,0.0366,13676,20.0
fourteam_postfix,12092,OgreMain.dll!?clone@Animation@Ogre@@QBEPAV12@ABV?$basic_string@DU?$char_traits@D@std@@V?$allocator@D@2@@std@@@Z+0x2e2,5,0.0366,13676,20.0
fourteam_postfix,12092,MSVCR120.dll!floor+0x28,5,0.0366,13676,20.0
fourteam_postfix,12092,OgreMain.dll+0x6c12,5,0.0366,13676,20.0
fourteam_postfix,12092,OgreMain.dll+0x2d2f9,5,0.0366,13676,20.0
fourteam_postfix,12092,OgreMain.dll!?getSide@Plane@Ogre@@QBE?AW4Side@12@ABVVector3@2@0@Z+0x31,5,0.0366,13676,20.0
fourteam_postfix,12092,d3d11.dll+0x366db,5,0.0366,13676,20.0
fourteam_postfix,12092,MSVCR120.dll!__libm_sse2_acosf+0xe0,5,0.0366,13676,20.0
fourteam_postfix,12092,OgreMain.dll!??DMatrix3@Ogre@@QBE?AVVector3@1@ABV21@@Z+0x3,5,0.0366,13676,20.0
fourteam_postfix,12092,OgreMain.dll!?getResourceByName@ResourceManager@Ogre@@UAE?AV?$SharedPtr@VResource@Ogre@@@2@ABV?$basic_string@DU?$char_traits@D@std@@V?$allocator@D@2@@std@@0@Z+0x62,5,0.0366,13676,20.0
fourteam_postfix,12092,RenderSystem_Direct3D11.dll!?_render@D3D11RenderSystem@Ogre@@UAEXABVRenderOperation@2@@Z+0xd7,5,0.0366,13676,20.0
fourteam_postfix,12092,OgreMain.dll+0x1e6a,5,0.0366,13676,20.0
fourteam_postfix,12092,OgreMain.dll!?getWorldBoundingSphere@MovableObject@Ogre@@UBEABVSphere@2@_N@Z+0x4a,5,0.0366,13676,20.0
fourteam_postfix,12092,MSVCR120.dll!__libm_sse2_asinf+0xbc,5,0.0366,13676,20.0
fourteam_postfix,12092,OgreMain.dll+0x17bb6,5,0.0366,13676,20.0
fourteam_postfix,12092,OgreMain.dll!?_findVisibleObjects@SceneNode@Ogre@@UAEXPAVCamera@2@PAVRenderQueue@2@PAUVisibleObjectsBoundsInfo@2@_N33@Z+0x68,5,0.0366,13676,20.0
fourteam_postfix,12092,OgreMain.dll!?getDistance@Plane@Ogre@@QBEMABVVector3@2@@Z+0x14,5,0.0366,13676,20.0
fourteam_postfix,12092,RenderSystem_Direct3D11.dll!?getILayoutByShader@D3D11VertexDeclaration@Ogre@@IAEPAUID3D11InputLayout@@PAVD3D11HLSLProgram@2@PAVVertexBufferBinding@2@@Z+0x66,5,0.0366,13676,20.0
fourteam_postfix,12092,OgreMain.dll!?_setTextureUnitSettings@RenderSystem@Ogre@@UAEXIAAVTextureUnitState@2@@Z+0x29a,5,0.0366,13676,20.0
fourteam_postfix,12092,battlezone98redux.exe!sub_449910,5,0.0366,13676,20.0
fourteam_postfix,12092,d3d11.dll!D3D11CoreCreateDevice+0xa0fd,5,0.0366,13676,20.0
fourteam_postfix,12092,USER32.dll!GetNextDlgTabItem+0x538,5,0.0366,13676,20.0
fourteam_postfix,12092,USER32.dll!GetCurrentMonitorTopologyId+0x5dfe,5,0.0366,13676,20.0
fourteam_postfix,12092,OgreMain.dll+0x1f96f,5,0.0366,13676,20.0
fourteam_postfix,12092,MSVCP120.dll!?do_put@?$num_put@DV?$ostreambuf_iterator@DU?$char_traits@D@std@@@std@@@std@@MBE?AV?$ostreambuf_iterator@DU?$char_traits@D@std@@@2@V32@AAVios_base@2@DK@Z+0x56,5,0.0366,13676,20.0
fourteam_postfix,12092,nvwgf2um.dll!SetDependencyInfo+0x596d0,5,0.0366,13676,20.0
fourteam_postfix,12092,win32u.dll!_NtGdiDdDDISetQueuedLimit@4+0xc,5,0.0366,13676,20.0
fourteam_postfix,12092,nvwgf2um.dll!NVDEV_Thunk+0x213191,5,0.0366,13676,20.0
fourteam_postfix,12092,d3d11.dll+0x30d63,5,0.0366,13676,20.0
fourteam_postfix,12092,OgreMain.dll!??4GpuSharedParametersUsage@Ogre@@QAEAAV01@ABV01@@Z+0x275f,5,0.0366,13676,20.0
fourteam_postfix,12092,d3d11.dll!D3D11CoreCreateLayeredDevice+0xbc91,5,0.0366,13676,20.0
fourteam_postfix,12092,dxgi.dll!DXGIGetDebugInterface1+0xa5e2,5,0.0366,13676,20.0
fourteam_postfix,12092,dxgi.dll!DXGIReportAdapterConfiguration+0xaa96,5,0.0366,13676,20.0
fourteam_postfix,12092,OgreMain.dll!??4GpuSharedParametersUsage@Ogre@@QAEAAV01@ABV01@@Z+0x2732,5,0.0366,13676,20.0
fourteam_postfix,12092,RenderSystem_Direct3D11.dll!?bindGpuProgramParameters@D3D11RenderSystem@Ogre@@UAEXW4GpuProgramType@2@V?$SharedPtr@VGpuProgramParameters@Ogre@@@2@G@Z+0x17,5,0.0366,13676,20.0
fourteam_postfix,12092,RenderSystem_Direct3D11.dll!?_setRenderTargetViews@D3D11RenderSystem@Ogre@@IAEXXZ+0x68,5,0.0366,13676,20.0
fourteam_postfix,12092,OgreMain.dll!?getParameters@GpuProgramUsage@Ogre@@QAE?AV?$SharedPtr@VGpuProgramParameters@Ogre@@@2@XZ+0x21,5,0.0366,13676,20.0
fourteam_postfix,12092,OgreMain.dll!?getHalfSize@AxisAlignedBox@Ogre@@QBE?AVVector3@2@XZ+0x66,5,0.0366,13676,20.0
fourteam_postfix,12092,OgreMain.dll!?_writeRawConstant@GpuProgramParameters@Ogre@@QAEXIABVColourValue@2@I@Z+0x1,5,0.0366,13676,20.0
fourteam_postfix,12092,RenderSystem_Direct3D11.dll!?isVisible@D3D11RenderWindowHwnd@Ogre@@UBE_NXZ+0xf,5,0.0366,13676,20.0
fourteam_postfix,12092,ntdll.dll!_RtlMultiByteToUnicodeN@20+0x21,4,0.0292,13676,20.0
fourteam_postfix,12092,WINMM.dll@6e990000!BZROpenShim::ChunkEffectSimulateHook+0x2ee,4,0.0292,13676,20.0
fourteam_postfix,12092,battlezone98redux.exe!sub_44efb0,4,0.0292,13676,20.0
fourteam_postfix,12092,OgreMain.dll!?_notifyCurrentCamera@Entity@Ogre@@UAEXPAVCamera@2@@Z+0x1c9,4,0.0292,13676,20.0
fourteam_postfix,12092,d3d11.dll!D3DKMTWaitForVerticalBlankEvent+0x1115,4,0.0292,13676,20.0
fourteam_postfix,12092,d3d11.dll!CreateDirect3D11DeviceFromDXGIDevice+0xa17a2,4,0.0292,13676,20.0
fourteam_postfix,12092,RenderSystem_Direct3D11.dll!?uninstall@D3D11Plugin@Ogre@@UAEXXZ+0xda0,4,0.0292,13676,20.0
fourteam_postfix,12092,d3d11.dll!CreateDirect3D11DeviceFromDXGIDevice+0xa5745,4,0.0292,13676,20.0
fourteam_postfix,12092,d3d11.dll!CreateDirect3D11DeviceFromDXGIDevice+0xa2158,4,0.0292,13676,20.0
fourteam_postfix,12092,d3d11.dll+0x2b56b,4,0.0292,13676,20.0
fourteam_postfix,12092,OgreMain.dll!??4GpuSharedParametersUsage@Ogre@@QAEAAV01@ABV01@@Z+0x2727,4,0.0292,13676,20.0
fourteam_postfix,12092,OgreMain.dll+0x2bbc0,4,0.0292,13676,20.0
fourteam_postfix,12092,OgreMain.dll!?_setTextureUnitSettings@RenderSystem@Ogre@@UAEXIAAVTextureUnitState@2@@Z+0x22c,4,0.0292,13676,20.0
fourteam_postfix,12092,OgreMain.dll!?getInverseTransposeViewMatrix@AutoParamDataSource@Ogre@@UBE?AVMatrix4@2@XZ+0x12,4,0.0292,13676,20.0
fourteam_postfix,12092,d3d11.dll!CreateDirect3D11DeviceFromDXGIDevice+0xbc500,4,0.0292,13676,20.0
fourteam_postfix,12092,OgreMain.dll!?_getTexturePtr@TextureUnitState@Ogre@@QBEABV?$SharedPtr@VTexture@Ogre@@@2@XZ+0x7,4,0.0292,13676,20.0
fourteam_postfix,12092,d3d11.dll!CreateDirect3D11DeviceFromDXGIDevice+0xa2053,4,0.0292,13676,20.0
fourteam_postfix,12092,OgreMain.dll!?_updateAutoParams@GpuProgramParameters@Ogre@@QAEXPBVAutoParamDataSource@2@G@Z+0x1d0b,4,0.0292,13676,20.0
fourteam_postfix,12092,d3d11.dll!D3D11CoreCreateLayeredDevice+0x1495f,4,0.0292,13676,20.0
fourteam_postfix,12092,nvwgf2um.dll!OpenAdapter10+0x72db7,4,0.0292,13676,20.0
fourteam_postfix,12092,nvwgf2um.dll!OpenAdapter10+0x77197,4,0.0292,13676,20.0
fourteam_postfix,12092,nvwgf2um.dll!SetDependencyInfo+0x4f970,4,0.0292,13676,20.0
fourteam_postfix,12092,MSVCR120.dll!_tolower_l+0x13,4,0.0292,13676,20.0
fourteam_postfix,12092,ntdll.dll!_RtlFlsGetValue@8+0x43,4,0.0292,13676,20.0
fourteam_postfix,12092,MSVCR120.dll!tolower+0x28,4,0.0292,13676,20.0
fourteam_postfix,12092,battlezone98redux.exe+0x2da8f,4,0.0292,13676,20.0
fourteam_postfix,12092,OgreMain.dll!?_updateAutoParams@GpuProgramParameters@Ogre@@QAEXPBVAutoParamDataSource@2@G@Z+0x1cec,4,0.0292,13676,20.0
fourteam_postfix,12092,RenderSystem_Direct3D11.dll!?bindGpuProgramParameters@D3D11RenderSystem@Ogre@@UAEXW4GpuProgramType@2@V?$SharedPtr@VGpuProgramParameters@Ogre@@@2@G@Z+0x543,4,0.0292,13676,20.0
fourteam_postfix,12092,dxgi.dll!DXGID3D10CreateDevice+0x3c27,4,0.0292,13676,20.0
fourteam_postfix,12092,dxgi.dll!DXGIGetDebugInterface1+0xed4c,4,0.0292,13676,20.0
fourteam_postfix,12092,OgreMain.dll!?getValueImpl@DistanceLodStrategyBase@Ogre@@MBEMPBVMovableObject@2@PBVCamera@2@@Z+0x74,4,0.0292,13676,20.0
fourteam_postfix,12092,OgreMain.dll!?getViewMatrix@AutoParamDataSource@Ogre@@UBEABVMatrix4@2@XZ,4,0.0292,13676,20.0
fourteam_postfix,12092,OgreMain.dll!?_updateAutoParams@GpuProgramParameters@Ogre@@QAEXPBVAutoParamDataSource@2@G@Z+0x971,4,0.0292,13676,20.0
fourteam_postfix,12092,OgreMain.dll!?renderOneFrame@Root@Ogre@@QAE_NXZ+0x8,4,0.0292,13676,20.0
fourteam_postfix,12092,OgreMain.dll!?isVisible@ShadowRenderable@Ogre@@UBE_NXZ+0x150,4,0.0292,13676,20.0
fourteam_postfix,12092,OgreMain.dll!?softwareVertexBlend@Mesh@Ogre@@SAXPBVVertexData@2@0PBQBVMatrix4@2@I_N@Z+0x271,4,0.0292,13676,20.0
fourteam_postfix,12092,battlezone98redux.exe!sub_5b8ff0,4,0.0292,13676,20.0
fourteam_postfix,12092,RenderSystem_Direct3D11.dll!?getILayoutByShader@D3D11VertexDeclaration@Ogre@@IAEPAUID3D11InputLayout@@PAVD3D11HLSLProgram@2@PAVVertexBufferBinding@2@@Z+0x5b,4,0.0292,13676,20.0
fourteam_postfix,12092,OgreMain.dll!?_notifyCurrentCamera@Entity@Ogre@@UAEXPAVCamera@2@@Z+0x107,4,0.0292,13676,20.0
fourteam_postfix,12092,OgreMain.dll!?ACos@Math@Ogre@@SA?AVRadian@2@M@Z+0x1c,4,0.0292,13676,20.0
fourteam_postfix,12092,battlezone98redux.exe!sub_427270,4,0.0292,13676,20.0
fourteam_postfix,12092,OgreMain.dll!?useLightsGpuProgram@SceneManager@Ogre@@MAEXPBVPass@2@PBV?$HashedVector@PAVLight@Ogre@@@2@@Z+0xe,4,0.0292,13676,20.0
fourteam_postfix,12092,RenderSystem_Direct3D11.dll!?_render@D3D11RenderSystem@Ogre@@UAEXABVRenderOperation@2@@Z+0x225,4,0.0292,13676,20.0
fourteam_postfix,12092,ntdll.dll!_ZwQuerySystemInformation@16+0xc,4,0.0292,13676,20.0
fourteam_postfix,12092,nvwgf2um.dll!OpenAdapter10+0x72010,4,0.0292,13676,20.0
fourteam_postfix,12092,battlezone98redux.exe!sub_41fe40,4,0.0292,13676,20.0
fourteam_postfix,12092,ntdll.dll!_RtlpFreeNTHeapInternal@12+0x217,4,0.0292,13676,20.0
fourteam_postfix,12092,battlezone98redux.exe!sub_679570,4,0.0292,13676,20.0
fourteam_postfix,12092,OgreMain.dll!?getWorldViewProjMatrix@AutoParamDataSource@Ogre@@UBEABVMatrix4@2@XZ+0x3b,4,0.0292,13676,20.0
fourteam_postfix,12092,OgreMain.dll+0x2c20,4,0.0292,13676,20.0
fourteam_postfix,12092,OgreMain.dll!?setAnimationState@Skeleton@Ogre@@UAEXABVAnimationStateSet@2@@Z+0x15,4,0.0292,13676,20.0
fourteam_postfix,12092,OgreMain.dll!?cacheBoneMatrices@Entity@Ogre@@IAE_NXZ+0x5d,4,0.0292,13676,20.0
fourteam_postfix,12092,battlezone98redux.exe!sub_687c90,4,0.0292,13676,20.0
fourteam_postfix,12092,OgreMain.dll!?_update@Node@Ogre@@UAEX_N0@Z+0x4e,4,0.0292,13676,20.0
fourteam_postfix,12092,OgreMain.dll!?_updateAutoParams@GpuProgramParameters@Ogre@@QAEXPBVAutoParamDataSource@2@G@Z+0x79,4,0.0292,13676,20.0
fourteam_postfix,12092,ntdll.dll!_RtlFlsGetValue@8,4,0.0292,13676,20.0
fourteam_postfix,12092,dxgi.dll!CompatString+0x2524,4,0.0292,13676,20.0
fourteam_postfix,12092,OgreMain.dll!?isVisible@Frustum@Ogre@@UBE_NABVAxisAlignedBox@2@PAW4FrustumPlane@2@@Z+0x10,4,0.0292,13676,20.0
fourteam_postfix,12092,RenderSystem_Direct3D11.dll!?_setRenderTargetViews@D3D11RenderSystem@Ogre@@IAEXXZ+0x147,4,0.0292,13676,20.0
fourteam_postfix,12092,dxgi.dll!DXGID3D10CreateDevice+0xd76,4,0.0292,13676,20.0
fourteam_postfix,12092,RenderSystem_Direct3D11.dll!?clearFrameBuffer@D3D11RenderSystem@Ogre@@UAEXIABVColourValue@2@MG@Z+0x67,4,0.0292,13676,20.0
fourteam_postfix,12092,USER32.dll!SystemParametersInfoW+0x2c9,4,0.0292,13676,20.0
fourteam_postfix,12092,USER32.dll!MsgWaitForMultipleObjectsEx+0x270,4,0.0292,13676,20.0
fourteam_postfix,12092,OgreMain.dll!?hasViewRelativeTextureCoordinateGeneration@TextureUnitState@Ogre@@QBE_NXZ+0xdb,4,0.0292,13676,20.0
fourteam_postfix,12092,nvwgf2um.dll!NVENCODEAPI_Thunk+0x217c9b,4,0.0292,13676,20.0
fourteam_postfix,12092,RenderSystem_Direct3D11.dll!?_render@D3D11RenderSystem@Ogre@@UAEXABVRenderOperation@2@@Z+0xaf3,4,0.0292,13676,20.0
fourteam_postfix,12092,OgreMain.dll!?isViewOutOfDate@Camera@Ogre@@MBE_NXZ+0x51a,4,0.0292,13676,20.0
fourteam_postfix,12092,nvwgf2um.dll!NVENCODEAPI_Thunk+0x21761a,4,0.0292,13676,20.0
fourteam_postfix,12092,KERNEL32.DLL!BaseDllReadWriteIniFile+0x1ac,4,0.0292,13676,20.0
fourteam_postfix,12092,OgreMain.dll!?isInLightRange@Light@Ogre@@QBE_NABVSphere@2@@Z+0xc6,4,0.0292,13676,20.0
fourteam_postfix,12092,d3d11.dll!D3D11CoreCreateLayeredDevice+0xf902,4,0.0292,13676,20.0
fourteam_postfix,12092,d3d11.dll+0x31b86,4,0.0292,13676,20.0
fourteam_postfix,12092,d3d11.dll+0x32179,4,0.0292,13676,20.0
fourteam_postfix,12092,MSVCR120.dll!__libm_sse2_asinf+0x228,4,0.0292,13676,20.0
fourteam_postfix,12092,RenderSystem_Direct3D11.dll!?getConstantBuffer@D3D11HLSLProgram@Ogre@@QAEPAUID3D11Buffer@@V?$SharedPtr@VGpuProgramParameters@Ogre@@@2@G@Z+0x62,4,0.0292,13676,20.0
fourteam_postfix,12092,OgreMain.dll!?visit@SceneMgrQueuedRenderableVisitor@SceneManager@Ogre@@UAEXPAVRenderable@3@@Z+0x36,4,0.0292,13676,20.0
fourteam_postfix,12092,battlezone98redux.exe!sub_616500,4,0.0292,13676,20.0
fourteam_postfix,12092,battlezone98redux.exe!sub_77c5f0,4,0.0292,13676,20.0
fourteam_postfix,12092,battlezone98redux.exe!sub_7783d0,4,0.0292,13676,20.0
fourteam_postfix,12092,battlezone98redux.exe!sub_77bd40,4,0.0292,13676,20.0
fourteam_postfix,12092,d3d11.dll!CreateDirect3D11DeviceFromDXGIDevice+0x9f772,4,0.0292,13676,20.0
fourteam_postfix,12092,d3d11.dll+0x2bead,4,0.0292,13676,20.0
fourteam_postfix,12092,d3d11.dll+0x2c3a6,4,0.0292,13676,20.0
fourteam_postfix,12092,d3d11.dll+0x2bc91,4,0.0292,13676,20.0
fourteam_postfix,12092,OgreMain.dll!?getLight@AutoParamDataSource@Ogre@@IBEABVLight@2@I@Z+0x1,4,0.0292,13676,20.0
fourteam_postfix,12092,OgreMain.dll!?acceptVisitorGrouped@QueuedRenderableCollection@Ogre@@IBEXPAVQueuedRenderableVisitor@2@@Z+0x6b,4,0.0292,13676,20.0
fourteam_postfix,12092,nvwgf2um.dll!NVAPI_Thunk+0x21dd7,4,0.0292,13676,20.0
fourteam_postfix,12092,OgreMain.dll!?_updateAutoParams@GpuProgramParameters@Ogre@@QAEXPBVAutoParamDataSource@2@G@Z+0x1,4,0.0292,13676,20.0
fourteam_postfix,12092,RenderSystem_Direct3D11.dll!?_render@D3D11RenderSystem@Ogre@@UAEXABVRenderOperation@2@@Z+0xcab,4,0.0292,13676,20.0
fourteam_postfix,12092,OgreMain.dll!?_setTextureUnitSettings@RenderSystem@Ogre@@UAEXIAAVTextureUnitState@2@@Z+0x200,4,0.0292,13676,20.0
fourteam_postfix,12092,MSVCR120.dll!__libm_sse2_asinf+0x9c,4,0.0292,13676,20.0
fourteam_postfix,12092,d3d11.dll+0x30e12,4,0.0292,13676,20.0
fourteam_postfix,12092,OgreMain.dll!?clear@RenderPriorityGroup@Ogre@@QAEXXZ+0xb9,4,0.0292,13676,20.0
fourteam_postfix,12092,dxgi.dll+0x28232,4,0.0292,13676,20.0
fourteam_postfix,12092,OgreMain.dll!?updateFrustum@Frustum@Ogre@@MBEXXZ,4,0.0292,13676,20.0
fourteam_postfix,12092,WINMM.dll@6e990000!BZROpenShim::ReadExeSignature+0xc1,4,0.0292,13676,20.0
fourteam_postfix,12092,OgreMain.dll!?isVisible@Frustum@Ogre@@UBE_NABVSphere@2@PAW4FrustumPlane@2@@Z+0x4f,4,0.0292,13676,20.0
fourteam_postfix,12092,OgreMain.dll!?_detectImplementation@OptimisedUtil@Ogre@@KAPAV12@XZ+0x464e,4,0.0292,13676,20.0
fourteam_postfix,12092,OgreMain.dll!?getParameters@GpuProgramUsage@Ogre@@QAE?AV?$SharedPtr@VGpuProgramParameters@Ogre@@@2@XZ+0xf8,4,0.0292,13676,20.0
fourteam_postfix,12092,OgreMain.dll!?addSolidRenderable@RenderPriorityGroup@Ogre@@IAEXPAVTechnique@2@PAVRenderable@2@_N@Z+0x15,4,0.0292,13676,20.0
fourteam_postfix,12092,OgreMain.dll!?getLightAs4DVector@AutoParamDataSource@Ogre@@UBE?AVVector4@2@I@Z+0x1a,4,0.0292,13676,20.0
fourteam_postfix,12092,OgreMain.dll!?visit@SceneMgrQueuedRenderableVisitor@SceneManager@Ogre@@UAEXPAVRenderable@3@@Z+0x18,4,0.0292,13676,20.0
fourteam_postfix,12092,OgreMain.dll!?_findNamedConstantDefinition@GpuProgramParameters@Ogre@@QBEPBUGpuConstantDefinition@2@ABV?$basic_string@DU?$char_traits@D@std@@V?$allocator@D@2@@std@@_N@Z+0x3,4,0.0292,13676,20.0
fourteam_postfix,12092,battlezone98redux.exe!sub_4eb7e0,4,0.0292,13676,20.0
fourteam_postfix,12092,OgreMain.dll!?FastHash@Ogre@@YAIPBDHI@Z+0x6,4,0.0292,13676,20.0
fourteam_postfix,12092,battlezone98redux.exe!sub_44f820,4,0.0292,13676,20.0
fourteam_postfix,12092,WINMM.dll@6e990000!BZROpenShim::`anonymous namespace'::HookEntityUpdateAnimationCore+0xcd,4,0.0292,13676,20.0
fourteam_postfix,12092,dxgi.dll!DXGIDisableVBlankVirtualization+0x3b0ee,4,0.0292,13676,20.0
fourteam_postfix,12092,battlezone98redux.exe!sub_4624d0,4,0.0292,13676,20.0
fourteam_postfix,12092,d3d11.dll!CreateDirect3D11DeviceFromDXGIDevice+0xa56d0,4,0.0292,13676,20.0
fourteam_postfix,12092,d3d11.dll!D3D11CoreCreateDevice+0x8b52,4,0.0292,13676,20.0
fourteam_postfix,12092,battlezone98redux.exe!sub_740be0,4,0.0292,13676,20.0
fourteam_postfix,12092,OgreMain.dll!?updatePoint@RotationalSpline@Ogre@@QAEXGABVQuaternion@2@@Z+0xa856,4,0.0292,13676,20.0
fourteam_postfix,12092,OgreMain.dll!?_updateAutoParams@GpuProgramParameters@Ogre@@QAEXPBVAutoParamDataSource@2@G@Z+0x40d,4,0.0292,13676,20.0
fourteam_postfix,12092,nvwgf2um.dll!SetDependencyInfo+0x35459,4,0.0292,13676,20.0
fourteam_postfix,12092,OgreMain.dll!?_updateAutoParams@GpuProgramParameters@Ogre@@QAEXPBVAutoParamDataSource@2@G@Z+0x1f08,4,0.0292,13676,20.0
fourteam_postfix,12092,RenderSystem_Direct3D11.dll!?getMonitorSequentialNumberFromSwapChain@MonitorInfo@Ogre@@QAEGPAUIDXGISwapChain@@_N@Z+0xdca,4,0.0292,13676,20.0
fourteam_postfix,12092,OgreMain.dll+0x13ba6,4,0.0292,13676,20.0
fourteam_postfix,12092,RenderSystem_Direct3D11.dll!?getMonitorSequentialNumberFromSwapChain@MonitorInfo@Ogre@@QAEGPAUIDXGISwapChain@@_N@Z+0x1244,4,0.0292,13676,20.0
fourteam_postfix,12092,d3d11.dll!D3D11CoreCreateDevice+0x3e29,4,0.0292,13676,20.0
fourteam_postfix,12092,OgreMain.dll+0xef9d,4,0.0292,13676,20.0
fourteam_postfix,12092,MSVCR120.dll!_vsprintf_s_l+0x32,4,0.0292,13676,20.0
fourteam_postfix,12092,MSVCP120.dll!?do_put@?$num_put@DV?$ostreambuf_iterator@DU?$char_traits@D@std@@@std@@@std@@MBE?AV?$ostreambuf_iterator@DU?$char_traits@D@std@@@2@V32@AAVios_base@2@DK@Z+0x40,4,0.0292,13676,20.0
fourteam_postfix,12092,MSVCR120.dll!sprintf_s+0x17,4,0.0292,13676,20.0
fourteam_postfix,12092,d3d11.dll!D3D11CoreCreateDevice+0x2f18d,4,0.0292,13676,20.0
fourteam_postfix,12092,ntdll.dll!_LdrGetDllHandleEx@20+0x180,4,0.0292,13676,20.0
fourteam_postfix,12092,OgreMain.dll!?isInLightRange@Light@Ogre@@QBE_NABVSphere@2@@Z+0xe4,4,0.0292,13676,20.0
fourteam_postfix,12092,OgreMain.dll+0x3a468,4,0.0292,13676,20.0
fourteam_postfix,12092,OgreMain.dll!?renderSingleObject@SceneManager@Ogre@@MAEXPAVRenderable@2@PBVPass@2@_N2PBV?$HashedVector@PAVLight@Ogre@@@2@@Z+0x22a,4,0.0292,13676,20.0
fourteam_postfix,12092,OgreMain.dll!?renderSingleObject@SceneManager@Ogre@@MAEXPAVRenderable@2@PBVPass@2@_N2PBV?$HashedVector@PAVLight@Ogre@@@2@@Z+0x1b7,4,0.0292,13676,20.0
fourteam_postfix,12092,d3d11.dll!D3D11CoreCreateLayeredDevice+0xbc34,4,0.0292,13676,20.0
fourteam_postfix,12092,OgreMain.dll!?_detectImplementation@OptimisedUtil@Ogre@@KAPAV12@XZ+0x4671,4,0.0292,13676,20.0
fourteam_postfix,12092,OgreMain.dll!?isInLightRange@Light@Ogre@@QBE_NABVSphere@2@@Z+0xd4,4,0.0292,13676,20.0
fourteam_postfix,12092,MSVCR120.dll!memcpy,4,0.0292,13676,20.0
fourteam_postfix,12092,OgreMain.dll!?getLightAttenuation@AutoParamDataSource@Ogre@@UBE?AVVector4@2@I@Z+0x39,4,0.0292,13676,20.0
fourteam_postfix,12092,RenderSystem_Direct3D11.dll!?_setPolygonMode@D3D11RenderSystem@Ogre@@UAEXW4PolygonMode@2@@Z+0x6,4,0.0292,13676,20.0
fourteam_postfix,12092,OgreMain.dll!?getLightAs4DVector@AutoParamDataSource@Ogre@@UBE?AVVector4@2@I@Z+0x12,4,0.0292,13676,20.0
fourteam_postfix,12092,OgreMain.dll!?angleBetween@Vector3@Ogre@@QBE?AVRadian@2@ABV12@@Z+0xe3,4,0.0292,13676,20.0
fourteam_postfix,12092,OgreMain.dll!?updatePoint@RotationalSpline@Ogre@@QAEXGABVQuaternion@2@@Z+0x2764,4,0.0292,13676,20.0
fourteam_postfix,12092,battlezone98redux.exe!basic_string<>,4,0.0292,13676,20.0
fourteam_postfix,12092,battlezone98redux.exe!assign,4,0.0292,13676,20.0
fourteam_postfix,12092,OgreMain.dll!??4GpuSharedParametersUsage@Ogre@@QAEAAV01@ABV01@@Z+0x2711,4,0.0292,13676,20.0
fourteam_postfix,12092,OgreMain.dll!?_writeRawConstant@GpuProgramParameters@Ogre@@QAEXIABVVector4@2@I@Z,4,0.0292,13676,20.0
fourteam_postfix,12092,d3d11.dll+0x35ea9,4,0.0292,13676,20.0
fourteam_postfix,12092,battlezone98redux.exe!sub_43c6e0,4,0.0292,13676,20.0
fourteam_postfix,12092,RenderSystem_Direct3D11.dll!?_setTexture@D3D11RenderSystem@Ogre@@UAEXI_NABV?$SharedPtr@VTexture@Ogre@@@2@@Z+0xbb,4,0.0292,13676,20.0
fourteam_postfix,12092,USER32.dll!GetWindowLongA+0x43,4,0.0292,13676,20.0
fourteam_postfix,12092,OgreMain.dll!?getConstantDefinition@GpuProgramParameters@Ogre@@QBEABUGpuConstantDefinition@2@ABV?$basic_string@DU?$char_traits@D@std@@V?$allocator@D@2@@std@@@Z+0xd2,4,0.0292,13676,20.0
fourteam_postfix,12092,battlezone98redux.exe!sub_4ea300,4,0.0292,13676,20.0
fourteam_postfix,12092,OgreMain.dll!?createTechnique@Material@Ogre@@QAEPAVTechnique@2@XZ+0xa2c,4,0.0292,13676,20.0
fourteam_postfix,12092,OgreMain.dll!??4GpuSharedParametersUsage@Ogre@@QAEAAV01@ABV01@@Z+0x2730,4,0.0292,13676,20.0
fourteam_postfix,12092,OgreMain.dll!?updateAnimation@Entity@Ogre@@IAEXXZ+0x3eb,4,0.0292,13676,20.0
fourteam_postfix,12092,ntdll.dll!_RtlEnterCriticalSection@4+0x25,4,0.0292,13676,20.0
fourteam_postfix,12092,MSVCR120.dll!memcpy+0x2,4,0.0292,13676,20.0
fourteam_postfix,12092,MSVCR120.dll!__libm_sse2_asinf+0x78,4,0.0292,13676,20.0
fourteam_postfix,12092,OgreMain.dll!?_populateLightList@SceneManager@Ogre@@UAEXABVVector3@2@MAAV?$HashedVector@PAVLight@Ogre@@@2@I@Z+0x14f,4,0.0292,13676,20.0
fourteam_postfix,12092,nvwgf2um.dll!SetDependencyInfo+0x358fb,4,0.0292,13676,20.0
fourteam_postfix,12092,d3d11.dll!D3D11CoreCreateDevice+0x408e,4,0.0292,13676,20.0
fourteam_postfix,12092,d3d11.dll!D3D11CoreCreateDevice+0x4138,4,0.0292,13676,20.0
fourteam_postfix,12092,OgreMain.dll!?getProjectionMatrix@AutoParamDataSource@Ogre@@UBEABVMatrix4@2@XZ+0x95,4,0.0292,13676,20.0
fourteam_postfix,12092,OgreMain.dll!?getWorldViewMatrix@AutoParamDataSource@Ogre@@UBEABVMatrix4@2@XZ+0x206,4,0.0292,13676,20.0
fourteam_postfix,12092,nvwgf2um.dll!NVENCODEAPI_Thunk+0x68f53,4,0.0292,13676,20.0
fourteam_postfix,12092,nvwgf2um.dll!OpenAdapter10+0x726e1,4,0.0292,13676,20.0
fourteam_postfix,12092,OgreMain.dll!?setSplitNoShadowPasses@RenderQueue@Ogre@@QAEX_N@Z+0x1e,4,0.0292,13676,20.0
fourteam_postfix,12092,OgreMain.dll!?_writeRawConstants@GpuProgramParameters@Ogre@@QAEXIPBMI@Z+0x6,4,0.0292,13676,20.0
fourteam_postfix,12092,OgreMain.dll!?getViewMatrix@Frustum@Ogre@@UBEABVMatrix4@2@XZ+0x5,4,0.0292,13676,20.0
fourteam_postfix,12092,RenderSystem_Direct3D11.dll!?unlockImpl@D3D11HardwareBuffer@Ogre@@MAEXXZ+0x50,4,0.0292,13676,20.0
fourteam_postfix,12092,battlezone98redux.exe!sub_462450,4,0.0292,13676,20.0
fourteam_postfix,12092,battlezone98redux.exe!sub_666700,4,0.0292,13676,20.0
fourteam_postfix,12092,RenderSystem_Direct3D11.dll!?getMonitorSequentialNumberFromSwapChain@MonitorInfo@Ogre@@QAEGPAUIDXGISwapChain@@_N@Z+0x866,4,0.0292,13676,20.0
fourteam_postfix,12092,OgreMain.dll!?getConstantDefinition@GpuProgramParameters@Ogre@@QBEABUGpuConstantDefinition@2@ABV?$basic_string@DU?$char_traits@D@std@@V?$allocator@D@2@@std@@@Z+0x17,4,0.0292,13676,20.0
fourteam_postfix,12092,OgreMain.dll!?_renderScene@SceneManager@Ogre@@UAEXPAVCamera@2@PAVViewport@2@_N@Z+0x4c4,4,0.0292,13676,20.0
fourteam_postfix,12092,OgreMain.dll!?getShadowCamera@LiSPSMShadowCameraSetup@Ogre@@UBEXPBVSceneManager@2@PBVCamera@2@PBVViewport@2@PBVLight@2@PAV42@I@Z+0x147e,4,0.0292,13676,20.0
fourteam_postfix,12092,d3d11.dll+0x30eac,4,0.0292,13676,20.0
fourteam_postfix,12092,battlezone98redux.exe!sub_5e1310,4,0.0292,13676,20.0
fourteam_postfix,12092,OgreMain.dll!?merge@VisibleObjectsBoundsInfo@Ogre@@QAEXABVAxisAlignedBox@2@ABVSphere@2@PBVCamera@2@_N@Z+0x183,4,0.0292,13676,20.0
fourteam_postfix,12092,OgreMain.dll!?_detectImplementation@OptimisedUtil@Ogre@@KAPAV12@XZ+0x4651,4,0.0292,13676,20.0
fourteam_postfix,12092,OgreMain.dll!?getLightDirection@AutoParamDataSource@Ogre@@UBEABVVector3@2@I@Z+0xb,4,0.0292,13676,20.0
fourteam_postfix,12092,OgreMain.dll!?getWorldMatrix@AutoParamDataSource@Ogre@@UBEABVMatrix4@2@XZ+0x9e,4,0.0292,13676,20.0
fourteam_postfix,12092,OgreMain.dll!?angleBetween@Vector3@Ogre@@QBE?AVRadian@2@ABV12@@Z+0xb3,4,0.0292,13676,20.0
fourteam_postfix,12092,"ucrtbase.dll!__crt_seh_guarded_call<int>::operator()<<lambda_6d20deecaf4856105ebacbad442d1079>,<lambda_9a32fed5bf61b6b509b2d3f6003082a1> &,<lambda_63ea2239ed67c638ddbae41947fdf875> >+0x2f",4,0.0292,13676,20.0
fourteam_postfix,12092,ucrtbase.dll!_fflush+0x3f,4,0.0292,13676,20.0
fourteam_postfix,12092,ucrtbase.dll!__write_internal+0x9a,4,0.0292,13676,20.0
fourteam_postfix,12092,ucrtbase.dll!_fflush_nolock_internal+0xe,4,0.0292,13676,20.0
fourteam_postfix,12092,ucrtbase.dll!write_text_ansi_nolock+0x98,4,0.0292,13676,20.0
fourteam_postfix,12092,ucrtbase.dll!__write_nolock+0xc4,4,0.0292,13676,20.0
fourteam_postfix,12092,ucrtbase.dll!___acrt_stdio_flush_nolock+0x49,4,0.0292,13676,20.0
fourteam_postfix,12092,WINMM.dll@6e990000!BZROpenShim::EnhancedLights::`anonymous namespace'::Normalize+0x9e,4,0.0292,13676,20.0
fourteam_postfix,12092,ntdll.dll!_ZwWriteFile@36+0xc,4,0.0292,13676,20.0
fourteam_postfix,12092,WINMM.dll@6e990000!BZROpenShim::`anonymous namespace'::InitLoggerOnce+0x194,4,0.0292,13676,20.0
fourteam_postfix,12092,battlezone98redux.exe!sub_462610,4,0.0292,13676,20.0
fourteam_postfix,12092,nvwgf2um.dll!SetDependencyInfo+0x5a038,4,0.0292,13676,20.0
fourteam_postfix,12092,d3d11.dll!CreateDirect3D11DeviceFromDXGIDevice+0x9ac5e,4,0.0292,13676,20.0
fourteam_postfix,12092,OgreMain.dll!?_findNamedConstantDefinition@GpuProgramParameters@Ogre@@QBEPBUGpuConstantDefinition@2@ABV?$basic_string@DU?$char_traits@D@std@@V?$allocator@D@2@@std@@_N@Z+0x30,4,0.0292,13676,20.0
fourteam_postfix,12092,OgreMain.dll!??4GpuSharedParametersUsage@Ogre@@QAEAAV01@ABV01@@Z+0x27ae,4,0.0292,13676,20.0
fourteam_postfix,12092,OgreMain.dll!?_updateAutoParams@Pass@Ogre@@QBEXPBVAutoParamDataSource@2@G@Z+0x6a,4,0.0292,13676,20.0
fourteam_postfix,12092,OgreMain.dll!??RlightLess@SceneManager@Ogre@@QBE_NPBVLight@2@0@Z+0x6,4,0.0292,13676,20.0
fourteam_postfix,12092,OgreMain.dll!?_getRenderOperation@SubMesh@Ogre@@QAEXAAVRenderOperation@2@G@Z+0x37,4,0.0292,13676,20.0
fourteam_postfix,12092,OgreMain.dll!?lock@HardwareBuffer@Ogre@@UAEPAXIIW4LockOptions@12@W4UploadOptions@12@@Z+0x190,4,0.0292,13676,20.0
fourteam_postfix,12092,nvwgf2um.dll!NVENCODEAPI_Thunk+0x217652,4,0.0292,13676,20.0
fourteam_postfix,12092,battlezone98redux.exe!sub_5dde00,4,0.0292,13676,20.0
fourteam_postfix,12092,MSVCR120.dll!__libm_sse2_asinf+0xd6,4,0.0292,13676,20.0
fourteam_postfix,12092,nvwgf2um.dll!OpenAdapter10+0x73011,4,0.0292,13676,20.0
fourteam_postfix,12092,d3d11.dll!D3D11CoreCreateLayeredDevice+0x12054,4,0.0292,13676,20.0
fourteam_postfix,12092,nvwgf2um.dll!OpenAdapter10+0x76d41,4,0.0292,13676,20.0
fourteam_postfix,12092,d3d11.dll!D3D11CoreCreateDevice+0x92b5,4,0.0292,13676,20.0
fourteam_postfix,12092,d3d11.dll!CreateDirect3D11DeviceFromDXGIDevice+0xbbe61,4,0.0292,13676,20.0
fourteam_postfix,12092,OgreMain.dll!?isHardwareAnimationEnabled@Entity@Ogre@@QAE_NXZ+0x3f,4,0.0292,13676,20.0
fourteam_postfix,12092,MSVCR120.dll!memcpy+0x14,4,0.0292,13676,20.0
fourteam_postfix,12092,OgreMain.dll!?isVisible@ShadowRenderable@Ogre@@UBE_NXZ+0x145,4,0.0292,13676,20.0
fourteam_postfix,12092,d3d11.dll+0x31bef,4,0.0292,13676,20.0
fourteam_postfix,12092,RenderSystem_Direct3D11.dll!?bindGpuProgramParameters@D3D11RenderSystem@Ogre@@UAEXW4GpuProgramType@2@V?$SharedPtr@VGpuProgramParameters@Ogre@@@2@G@Z+0x580,4,0.0292,13676,20.0
fourteam_postfix,12092,OgreMain.dll!?getIndexAscending@LodStrategy@Ogre@@KAGMABV?$vector@MV?$STLAllocator@MV?$CategorisedAllocPolicy@$0A@@Ogre@@@Ogre@@@std@@@Z+0xc,4,0.0292,13676,20.0
fourteam_postfix,12092,battlezone98redux.exe!sub_4588c0,4,0.0292,13676,20.0
fourteam_postfix,12092,OgreMain.dll!?build@PointListBody@FocusedShadowCameraSetup@Ogre@@QAEXABVConvexBody@3@_N@Z+0x194,4,0.0292,13676,20.0
fourteam_postfix,12092,nvwgf2um.dll!OpenAdapter10+0x77c47,4,0.0292,13676,20.0
fourteam_postfix,12092,OgreMain.dll!?_detectImplementation@OptimisedUtil@Ogre@@KAPAV12@XZ+0x4505,4,0.0292,13676,20.0
fourteam_postfix,12092,RenderSystem_Direct3D11.dll!?getMonitorSequentialNumberFromSwapChain@MonitorInfo@Ogre@@QAEGPAUIDXGISwapChain@@_N@Z+0x2ac4,4,0.0292,13676,20.0
fourteam_postfix,12092,battlezone98redux.exe!sub_68bed0,4,0.0292,13676,20.0
fourteam_postfix,12092,WINMM.dll@6e990000!__std_fs_get_stats+0x240,4,0.0292,13676,20.0
fourteam_postfix,12092,OgreMain.dll!?updateAnimation@Entity@Ogre@@IAEXXZ+0x123,4,0.0292,13676,20.0
fourteam_postfix,12092,OgreMain.dll!?touchVertexBufferCopy@HardwareBufferManagerBase@Ogre@@UAEXABVHardwareVertexBufferSharedPtr@2@@Z+0x8a,4,0.0292,13676,20.0
fourteam_postfix,12092,ntdll.dll!_RtlFreeHeap@12+0x2,4,0.0292,13676,20.0
fourteam_postfix,12092,OgreMain.dll!?isTransparentSortingForced@Technique@Ogre@@QBE_NXZ+0xc,4,0.0292,13676,20.0
fourteam_postfix,12092,OgreMain.dll!??4GpuSharedParametersUsage@Ogre@@QAEAAV01@ABV01@@Z+0x278f,4,0.0292,13676,20.0
fourteam_postfix,12092,OgreMain.dll+0x1481c,4,0.0292,13676,20.0
fourteam_postfix,12092,<unmapped>+0x774d7000,4,0.0292,13676,20.0
fourteam_postfix,12092,OgreMain.dll!?_updateAutoParams@GpuProgramParameters@Ogre@@QAEXPBVAutoParamDataSource@2@G@Z+0x202d,4,0.0292,13676,20.0
fourteam_postfix,12092,OgreMain.dll!?queryLights@MovableObject@Ogre@@UBEABV?$HashedVector@PAVLight@Ogre@@@2@XZ+0x4f,4,0.0292,13676,20.0
fourteam_postfix,12092,MSVCR120.dll!_fdtest+0x10,4,0.0292,13676,20.0
fourteam_postfix,12092,d3d11.dll+0x30d65,4,0.0292,13676,20.0
fourteam_postfix,12092,OgreMain.dll!?clip@ConvexBody@Ogre@@QAEXABVPlane@2@_N@Z+0x45c,4,0.0292,13676,20.0
fourteam_postfix,12092,OgreMain.dll!?_getDerivedPosition@Node@Ogre@@UBEABVVector3@2@XZ+0x7,4,0.0292,13676,20.0
fourteam_postfix,12092,OgreMain.dll!??4Pass@Ogre@@QAEAAV01@ABV01@@Z+0x14c7,4,0.0292,13676,20.0
fourteam_postfix,12092,RenderSystem_Direct3D11.dll!?getDepthStencilView@D3D11DepthBuffer@Ogre@@QBEPAUID3D11DepthStencilView@@XZ+0x3,4,0.0292,13676,20.0
fourteam_postfix,12092,OgreMain.dll!?getSpotlightParams@AutoParamDataSource@Ogre@@UBE?AVVector4@2@I@Z+0xf,4,0.0292,13676,20.0
fourteam_postfix,12092,d3d11.dll!CreateDirect3D11DeviceFromDXGIDevice+0xbdb27,4,0.0292,13676,20.0
fourteam_postfix,12092,d3d11.dll!D3D11CoreCreateLayeredDevice+0x15ae2,4,0.0292,13676,20.0
fourteam_postfix,12092,d3d11.dll+0x2c414,4,0.0292,13676,20.0
fourteam_postfix,12092,battlezone98redux.exe!sub_44eff0,4,0.0292,13676,20.0
fourteam_postfix,12092,USER32.dll!MsgWaitForMultipleObjectsEx+0xd8,4,0.0292,13676,20.0
fourteam_postfix,12092,OgreMain.dll!?getBestTechnique@Material@Ogre@@QAEPAVTechnique@2@GPBVRenderable@2@@Z+0x27,4,0.0292,13676,20.0
fourteam_postfix,12092,OgreMain.dll!?touchVertexBufferCopy@HardwareBufferManagerBase@Ogre@@UAEXABVHardwareVertexBufferSharedPtr@2@@Z+0x4b,4,0.0292,13676,20.0
fourteam_postfix,12092,OgreMain.dll!?_fireFrameEnded@Root@Ogre@@QAE_NAAUFrameEvent@2@@Z+0x9d,4,0.0292,13676,20.0
fourteam_postfix,12092,OgreMain.dll!?_setPass@SceneManager@Ogre@@UAEPBVPass@2@PBV32@_N1@Z+0x125,4,0.0292,13676,20.0
fourteam_postfix,12092,OgreMain.dll!??RlightLess@SceneManager@Ogre@@QBE_NPBVLight@2@0@Z+0x1d,4,0.0292,13676,20.0
fourteam_postfix,12092,RenderSystem_Direct3D11.dll!?getMonitorSequentialNumberFromSwapChain@MonitorInfo@Ogre@@QAEGPAUIDXGISwapChain@@_N@Z+0x27cf,4,0.0292,13676,20.0
fourteam_postfix,12092,OgreMain.dll!?isTransparent@Pass@Ogre@@QBE_NXZ+0x11,4,0.0292,13676,20.0
fourteam_postfix,12092,battlezone98redux.exe!sub_48efe0,4,0.0292,13676,20.0
fourteam_postfix,12092,RenderSystem_Direct3D11.dll!?unlockImpl@D3D11HardwareBuffer@Ogre@@MAEXXZ+0x53,4,0.0292,13676,20.0
fourteam_postfix,12092,OgreMain.dll!?getRenderOperation@SubEntity@Ogre@@UAEXAAVRenderOperation@2@@Z+0x17,3,0.0219,13676,20.0
fourteam_postfix,12092,OgreMain.dll!??4GpuSharedParametersUsage@Ogre@@QAEAAV01@ABV01@@Z+0x2754,3,0.0219,13676,20.0
fourteam_postfix,12092,battlezone98redux.exe!sub_4200d0,3,0.0219,13676,20.0
fourteam_postfix,12092,OgreMain.dll!?setOrientation@Node@Ogre@@UAEXABVQuaternion@2@@Z+0x27,3,0.0219,13676,20.0
fourteam_postfix,12092,OgreMain.dll!?getLightSpecularColourWithPower@AutoParamDataSource@Ogre@@UBE?BVColourValue@2@I@Z+0x28,3,0.0219,13676,20.0
fourteam_postfix,12092,OgreMain.dll!?isVisible@ShadowRenderable@Ogre@@UBE_NXZ+0x141,3,0.0219,13676,20.0
fourteam_postfix,12092,battlezone98redux.exe!sub_43d0a0,3,0.0219,13676,20.0
fourteam_postfix,12092,OgreMain.dll!?updatePoint@RotationalSpline@Ogre@@QAEXGABVQuaternion@2@@Z+0x9d13,3,0.0219,13676,20.0
fourteam_postfix,12092,battlezone98redux.exe!sub_43d0c0,3,0.0219,13676,20.0
fourteam_postfix,12092,DSOUND.dll!GetDeviceID+0xa681,3,0.0219,13676,20.0
fourteam_postfix,12092,OgreMain.dll!?_issueRenderOp@SceneManager@Ogre@@UAEXPAVRenderable@2@PBVPass@2@@Z+0x7e,3,0.0219,13676,20.0
fourteam_postfix,12092,d3d11.dll!D3D11CoreCreateDevice+0x8bc2,3,0.0219,13676,20.0
fourteam_postfix,12092,d3d11.dll!D3D11CoreCreateDevice+0x347d0,3,0.0219,13676,20.0
fourteam_postfix,12092,OgreMain.dll!?_issueRenderOp@SceneManager@Ogre@@UAEXPAVRenderable@2@PBVPass@2@@Z,3,0.0219,13676,20.0
fourteam_postfix,12092,MSVCR120.dll!memcpy+0x6,3,0.0219,13676,20.0
fourteam_postfix,12092,d3d11.dll!D3D11CreateDeviceAndSwapChain+0x1113,3,0.0219,13676,20.0
fourteam_postfix,12092,OgreMain.dll!?isVisible@Frustum@Ogre@@UBE_NABVAxisAlignedBox@2@PAW4FrustumPlane@2@@Z+0xa0,3,0.0219,13676,20.0
fourteam_postfix,12092,OgreMain.dll!?findLightsAffectingFrustum@SceneManager@Ogre@@MAEXPBVCamera@2@@Z+0xca,3,0.0219,13676,20.0
fourteam_postfix,12092,OgreMain.dll!?merge@VisibleObjectsBoundsInfo@Ogre@@QAEXABVAxisAlignedBox@2@ABVSphere@2@PBVCamera@2@_N@Z+0x92,3,0.0219,13676,20.0
fourteam_postfix,12092,OgreMain.dll!?getBestTechnique@Material@Ogre@@QAEPAVTechnique@2@GPBVRenderable@2@@Z+0x29,3,0.0219,13676,20.0
fourteam_postfix,12092,OgreMain.dll!?_getTexturePtr@TextureUnitState@Ogre@@QBEABV?$SharedPtr@VTexture@Ogre@@@2@I@Z+0x47,3,0.0219,13676,20.0
fourteam_postfix,12092,WINMM.dll@6e990000!BZROpenShim::`anonymous namespace'::CaptureSourceLayout+0x15a,3,0.0219,13676,20.0
fourteam_postfix,12092,WINMM.dll@6e990000!BZROpenShim::`anonymous namespace'::HookSoftwareVertexBlend+0x1e2,3,0.0219,13676,20.0
fourteam_postfix,12092,nvwgf2um.dll!SetDependencyInfo+0x4b1c3,3,0.0219,13676,20.0
fourteam_postfix,12092,OgreMain.dll!?allocatePolygon@ConvexBody@Ogre@@KAPAVPolygon@2@XZ+0x39,3,0.0219,13676,20.0
fourteam_postfix,12092,OgreMain.dll!?define@ConvexBody@Ogre@@QAEXABVFrustum@2@@Z+0x136,3,0.0219,13676,20.0
fourteam_postfix,12092,OgreMain.dll!?setWorldMatrices@AutoParamDataSource@Ogre@@UAEXPBVMatrix4@2@I@Z,3,0.0219,13676,20.0
fourteam_postfix,12092,d3d11.dll!CreateDirect3D11DeviceFromDXGIDevice+0x9df86,3,0.0219,13676,20.0
fourteam_postfix,12092,nvwgf2um.dll!SetDependencyInfo+0x356d8,3,0.0219,13676,20.0
fourteam_postfix,12092,OgreMain.dll!?updatePoint@RotationalSpline@Ogre@@QAEXGABVQuaternion@2@@Z+0x159c,3,0.0219,13676,20.0
fourteam_postfix,12092,MSVCR120.dll!__crtFlsGetValue+0x3,3,0.0219,13676,20.0
fourteam_postfix,12092,OgreMain.dll+0x2b620,3,0.0219,13676,20.0
fourteam_postfix,12092,OgreMain.dll!??4GpuSharedParametersUsage@Ogre@@QAEAAV01@ABV01@@Z+0x27a6,3,0.0219,13676,20.0
fourteam_postfix,12092,OgreMain.dll!?getLightAttenuation@AutoParamDataSource@Ogre@@UBE?AVVector4@2@I@Z+0x25,3,0.0219,13676,20.0
fourteam_postfix,12092,RenderSystem_Direct3D11.dll!?setVertexBufferBinding@D3D11RenderSystem@Ogre@@UAEXPAVVertexBufferBinding@2@@Z+0xcd,3,0.0219,13676,20.0
fourteam_postfix,12092,OgreMain.dll!?_fireFrameStarted@Root@Ogre@@QAE_NXZ+0x1f,3,0.0219,13676,20.0
fourteam_postfix,12092,OgreMain.dll!?_fireFrameStarted@Root@Ogre@@QAE_NAAUFrameEvent@2@@Z+0x2a,3,0.0219,13676,20.0
fourteam_postfix,12092,OgreMain.dll!?getShadowCamera@LiSPSMShadowCameraSetup@Ogre@@UBEXPBVSceneManager@2@PBVCamera@2@PBVViewport@2@PBVLight@2@PAV42@I@Z+0x52,3,0.0219,13676,20.0
fourteam_postfix,12092,d3d11.dll!CreateDirect3D11DeviceFromDXGIDevice+0xa2163,3,0.0219,13676,20.0
fourteam_postfix,12092,OgreMain.dll!?_detectImplementation@OptimisedUtil@Ogre@@KAPAV12@XZ+0x44fc,3,0.0219,13676,20.0
fourteam_postfix,12092,d3d11.dll!CreateDirect3D11DeviceFromDXGIDevice+0xa0d71,3,0.0219,13676,20.0
fourteam_postfix,12092,d3d11.dll+0x35ed1,3,0.0219,13676,20.0
fourteam_postfix,12092,nvwgf2um.dll!NVAPI_Thunk+0x21b56,3,0.0219,13676,20.0
fourteam_postfix,12092,OgreMain.dll!?getMaterial@SubEntity@Ogre@@UBEABV?$SharedPtr@VMaterial@Ogre@@@2@XZ,3,0.0219,13676,20.0
fourteam_postfix,12092,d3d11.dll+0x2b527,3,0.0219,13676,20.0
fourteam_postfix,12092,OgreMain.dll!?getParameters@GpuProgramUsage@Ogre@@QAE?AV?$SharedPtr@VGpuProgramParameters@Ogre@@@2@XZ+0x5,3,0.0219,13676,20.0
fourteam_postfix,12092,battlezone98redux.exe!sub_4af060,3,0.0219,13676,20.0
fourteam_postfix,12092,OgreMain.dll!??4GpuSharedParametersUsage@Ogre@@QAEAAV01@ABV01@@Z+0x272a,3,0.0219,13676,20.0
fourteam_postfix,12092,OgreMain.dll!?renderBasicQueueGroupObjects@SceneManager@Ogre@@MAEXPAVRenderQueueGroup@2@W4OrganisationMode@QueuedRenderableCollection@2@@Z+0x74,3,0.0219,13676,20.0
fourteam_postfix,12092,OgreMain.dll!?updatePoint@RotationalSpline@Ogre@@QAEXGABVQuaternion@2@@Z+0xb008,3,0.0219,13676,20.0
fourteam_postfix,12092,ntdll.dll!_RtlpLfhFindClearBitAndSet@16+0x13,3,0.0219,13676,20.0
fourteam_postfix,12092,OgreMain.dll!?updatePoint@RotationalSpline@Ogre@@QAEXGABVQuaternion@2@@Z+0x10b72,3,0.0219,13676,20.0
fourteam_postfix,12092,OgreMain.dll!?waitForNextRequest@DefaultWorkQueue@Ogre@@MAEXXZ+0x11d906,3,0.0219,13676,20.0
fourteam_postfix,12092,OgreMain.dll!?freePolygon@ConvexBody@Ogre@@KAXPAVPolygon@2@@Z+0x39,3,0.0219,13676,20.0
fourteam_postfix,12092,d3d11.dll!CreateDirect3D11DeviceFromDXGIDevice+0x9f9ea,3,0.0219,13676,20.0
fourteam_postfix,12092,OgreMain.dll!?merge@VisibleObjectsBoundsInfo@Ogre@@QAEXABVAxisAlignedBox@2@ABVSphere@2@PBVCamera@2@_N@Z+0x134,3,0.0219,13676,20.0
fourteam_postfix,12092,MSVCR120.dll!floor+0x69,3,0.0219,13676,20.0
fourteam_postfix,12092,RenderSystem_Direct3D11.dll!?_render@D3D11RenderSystem@Ogre@@UAEXABVRenderOperation@2@@Z+0x8f8,3,0.0219,13676,20.0
fourteam_postfix,12092,RenderSystem_Direct3D11.dll!?setVertexBufferBinding@D3D11RenderSystem@Ogre@@UAEXPAVVertexBufferBinding@2@@Z+0xa6,3,0.0219,13676,20.0
fourteam_postfix,12092,WINMM.dll@6e990000!BZROpenShim::`anonymous namespace'::ProcessVisibleObjectHook+0x17,3,0.0219,13676,20.0
fourteam_postfix,12092,OgreMain.dll!?updateFromParentImpl@SceneNode@Ogre@@MBEXXZ+0x18,3,0.0219,13676,20.0
fourteam_postfix,12092,battlezone98redux.exe!sub_68f090,3,0.0219,13676,20.0
fourteam_postfix,12092,OgreMain.dll+0x310c0,3,0.0219,13676,20.0
fourteam_postfix,12092,OgreMain.dll!?updateView@Frustum@Ogre@@MBEXXZ+0x1d,3,0.0219,13676,20.0
fourteam_postfix,12092,OgreMain.dll!?getDerivedPosition@Camera@Ogre@@QBEABVVector3@2@XZ+0x5,3,0.0219,13676,20.0
fourteam_postfix,12092,MSVCR120.dll!__libm_sse2_asinf+0x4c,3,0.0219,13676,20.0
fourteam_postfix,12092,battlezone98redux.exe!sub_446440,3,0.0219,13676,20.0
fourteam_postfix,12092,OgreMain.dll!?getQueueGroup@RenderQueue@Ogre@@QAEPAVRenderQueueGroup@2@E@Z+0x1c,3,0.0219,13676,20.0
fourteam_postfix,12092,OgreMain.dll!?_updateAutoParams@Pass@Ogre@@QBEXPBVAutoParamDataSource@2@G@Z+0x243,3,0.0219,13676,20.0
fourteam_postfix,12092,OgreMain.dll!?updatePoint@RotationalSpline@Ogre@@QAEXGABVQuaternion@2@@Z+0xb254,3,0.0219,13676,20.0
fourteam_postfix,12092,OgreMain.dll!?_calcTempSquareDist@Light@Ogre@@QAEXABVVector3@2@@Z+0x58,3,0.0219,13676,20.0
fourteam_postfix,12092,nvwgf2um.dll!OpenAdapter10+0x74e67,3,0.0219,13676,20.0
fourteam_postfix,12092,OgreMain.dll!?getChildObjectsBoundingBox@Entity@Ogre@@QBE?AVAxisAlignedBox@2@XZ+0x5,3,0.0219,13676,20.0
fourteam_postfix,12092,OgreMain.dll!?getIndexAscending@LodStrategy@Ogre@@KAGMABV?$vector@UMeshLodUsage@Ogre@@V?$STLAllocator@UMeshLodUsage@Ogre@@V?$CategorisedAllocPolicy@$0A@@2@@2@@std@@@Z+0x19,3,0.0219,13676,20.0
fourteam_postfix,12092,OgreMain.dll!?getSide@Plane@Ogre@@QBE?AW4Side@12@ABVVector3@2@0@Z+0x3,3,0.0219,13676,20.0
fourteam_postfix,12092,OgreMain.dll!?renderVisibleObjectsDefaultSequence@SceneManager@Ogre@@MAEXXZ+0x91,3,0.0219,13676,20.0
fourteam_postfix,12092,OgreMain.dll!?_updateAutoParams@GpuProgramParameters@Ogre@@QAEXPBVAutoParamDataSource@2@G@Z+0x1a6c,3,0.0219,13676,20.0
fourteam_postfix,12092,OgreMain.dll!?addRenderable@QueuedRenderableCollection@Ogre@@QAEXPAVPass@2@PAVRenderable@2@@Z+0xc3,3,0.0219,13676,20.0
fourteam_postfix,12092,OgreMain.dll!?_updateFromParent@Node@Ogre@@MBEXXZ+0x8,3,0.0219,13676,20.0
fourteam_postfix,12092,OgreMain.dll!?_getBoneMatrices@Skeleton@Ogre@@UAEXPAVMatrix4@2@@Z+0x10,3,0.0219,13676,20.0
fourteam_postfix,12092,OgreMain.dll!?_updateTransforms@Skeleton@Ogre@@UAEXXZ+0x3e,3,0.0219,13676,20.0
fourteam_postfix,12092,d3d11.dll!CreateDirect3D11DeviceFromDXGIDevice+0xa574a,3,0.0219,13676,20.0
fourteam_postfix,12092,nvwgf2um.dll!NVAPI_DirectMethods+0x28686,3,0.0219,13676,20.0
fourteam_postfix,12092,d3d11.dll!CreateDirect3D11DeviceFromDXGIDevice+0x9dfbd,3,0.0219,13676,20.0
fourteam_postfix,12092,OgreMain.dll!??4GpuSharedParametersUsage@Ogre@@QAEAAV01@ABV01@@Z+0x275a,3,0.0219,13676,20.0
fourteam_postfix,12092,OgreMain.dll!?_getDerivedPosition@Node@Ogre@@UBEABVVector3@2@XZ,3,0.0219,13676,20.0
fourteam_postfix,12092,OgreMain.dll!?updateFrustum@Frustum@Ogre@@MBEXXZ+0x1d,3,0.0219,13676,20.0
fourteam_postfix,12092,OgreMain.dll!?getSurfaceSpecularColour@AutoParamDataSource@Ogre@@UBEABVColourValue@2@XZ,3,0.0219,13676,20.0
fourteam_postfix,12092,RenderSystem_Direct3D11.dll!?_render@D3D11RenderSystem@Ogre@@UAEXABVRenderOperation@2@@Z+0x18d6,3,0.0219,13676,20.0
fourteam_postfix,12092,OgreMain.dll!?getTextureWorldViewProjMatrix@AutoParamDataSource@Ogre@@UBEABVMatrix4@2@I@Z+0x3f,3,0.0219,13676,20.0
fourteam_postfix,12092,OgreMain.dll!?getBestTechnique@Material@Ogre@@QAEPAVTechnique@2@GPBVRenderable@2@@Z+0xb5,3,0.0219,13676,20.0
fourteam_postfix,12092,OgreMain.dll!?_updateAutoParams@GpuProgramParameters@Ogre@@QAEXPBVAutoParamDataSource@2@G@Z+0x1f03,3,0.0219,13676,20.0
fourteam_postfix,12092,d3d11.dll!CreateDirect3D11DeviceFromDXGIDevice+0x9e068,3,0.0219,13676,20.0
fourteam_postfix,12092,battlezone98redux.exe!sub_777600,3,0.0219,13676,20.0
fourteam_postfix,12092,OgreMain.dll!?_updateAutoParams@GpuProgramParameters@Ogre@@QAEXPBVAutoParamDataSource@2@G@Z+0x3d,3,0.0219,13676,20.0
fourteam_postfix,12092,OgreMain.dll!?_getRenderOperation@SubMesh@Ogre@@QAEXAAVRenderOperation@2@G@Z+0x3,3,0.0219,13676,20.0
fourteam_postfix,12092,nvwgf2um.dll!OpenAdapter10+0x74571,3,0.0219,13676,20.0
fourteam_postfix,12092,nvwgf2um.dll!OpenAdapter10+0x726d1,3,0.0219,13676,20.0
fourteam_postfix,12092,RenderSystem_Direct3D11.dll!?bindGpuProgramParameters@D3D11RenderSystem@Ogre@@UAEXW4GpuProgramType@2@V?$SharedPtr@VGpuProgramParameters@Ogre@@@2@G@Z+0x96,3,0.0219,13676,20.0
fourteam_postfix,12092,dxgi.dll!DXGID3D10CreateDevice+0x260,3,0.0219,13676,20.0
fourteam_postfix,12092,battlezone98redux.exe!sub_416290,3,0.0219,13676,20.0
fourteam_postfix,12092,nvwgf2um.dll!NVENCODEAPI_Thunk+0x3fb4a,3,0.0219,13676,20.0
fourteam_postfix,12092,ntdll.dll!_RtlAbPostRelease@8+0x2,3,0.0219,13676,20.0
fourteam_postfix,12092,OgreMain.dll!?angleBetween@Vector3@Ogre@@QBE?AVRadian@2@ABV12@@Z+0x79,3,0.0219,13676,20.0
fourteam_postfix,12092,OgreMain.dll!?getLightAs4DVector@AutoParamDataSource@Ogre@@UBE?AVVector4@2@I@Z,3,0.0219,13676,20.0
fourteam_postfix,12092,RenderSystem_Direct3D11.dll!?_setTextureUnitCompareFunction@D3D11RenderSystem@Ogre@@UAEXIW4CompareFunction@2@@Z+0xf,3,0.0219,13676,20.0
fourteam_postfix,12092,nvwgf2um.dll!NVENCODEAPI_Thunk+0x541d2,3,0.0219,13676,20.0
fourteam_postfix,12092,OgreMain.dll!?getAs4DVector@Light@Ogre@@QBE?AVVector4@2@_N@Z+0x4f,3,0.0219,13676,20.0
fourteam_postfix,12092,d3d11.dll!D3D11CoreCreateLayeredDevice+0xce49,3,0.0219,13676,20.0
fourteam_postfix,12092,battlezone98redux.exe!sub_5fed30,3,0.0219,13676,20.0
fourteam_postfix,12092,battlezone98redux.exe!sub_4e9580,3,0.0219,13676,20.0
fourteam_postfix,12092,WINMM.dll@6e990000!fprintf+0x13,3,0.0219,13676,20.0
fourteam_postfix,12092,ucrtbase.dll!___stdio_common_vfprintf+0x2f,3,0.0219,13676,20.0
fourteam_postfix,12092,"ucrtbase.dll!common_vfprintf<__crt_stdio_output::standard_base,char>+0x70",3,0.0219,13676,20.0
fourteam_postfix,12092,WINMM.dll@6e990000!BZROpenShim::`anonymous namespace'::InitLoggerOnce+0x188,3,0.0219,13676,20.0
fourteam_postfix,12092,WINMM.dll@6e990000!_vfprintf_l+0x1d,3,0.0219,13676,20.0
fourteam_postfix,12092,WINMM.dll@6e990000!BZROpenShim::`anonymous namespace'::ResolveAiPreferredHardpoint+0x73,3,0.0219,13676,20.0
fourteam_postfix,12092,OgreMain.dll!?processPendingPassUpdates@Pass@Ogre@@SAXXZ+0x2d5,3,0.0219,13676,20.0
fourteam_postfix,12092,OgreMain.dll!?_updateAutoParams@Pass@Ogre@@QBEXPBVAutoParamDataSource@2@G@Z+0x1ef,3,0.0219,13676,20.0
fourteam_postfix,12092,OgreMain.dll!?clone@Animation@Ogre@@QBEPAV12@ABV?$basic_string@DU?$char_traits@D@std@@V?$allocator@D@2@@std@@@Z+0x2f8,3,0.0219,13676,20.0
fourteam_postfix,12092,OgreMain.dll!?clone@Animation@Ogre@@QBEPAV12@ABV?$basic_string@DU?$char_traits@D@std@@V?$allocator@D@2@@std@@@Z+0x2c1,3,0.0219,13676,20.0
fourteam_postfix,12092,OgreMain.dll!?updatePoint@RotationalSpline@Ogre@@QAEXGABVQuaternion@2@@Z+0x9e40,3,0.0219,13676,20.0
fourteam_postfix,12092,OgreMain.dll!?isShadowTechniqueModulative@SceneManager@Ogre@@UBE_NXZ+0x8,3,0.0219,13676,20.0
fourteam_postfix,12092,OgreMain.dll!?getPassSurfaceAndLightStates@GpuProgram@Ogre@@UBE_NXZ+0x2,3,0.0219,13676,20.0
fourteam_postfix,12092,DSOUND.dll!GetDeviceID+0x719b,3,0.0219,13676,20.0
fourteam_postfix,12092,OgreMain.dll!?updateFromParentImpl@Node@Ogre@@MBEXXZ+0x3b,3,0.0219,13676,20.0
fourteam_postfix,12092,OgreMain.dll!?_updateAutoParams@GpuProgramParameters@Ogre@@QAEXPBVAutoParamDataSource@2@G@Z+0x1f0c,3,0.0219,13676,20.0
fourteam_postfix,12092,ntdll.dll!_ZwQueryInformationThread@20+0xc,3,0.0219,13676,20.0
fourteam_postfix,12092,OgreMain.dll!?_findNamedConstantDefinition@GpuProgramParameters@Ogre@@QBEPBUGpuConstantDefinition@2@ABV?$basic_string@DU?$char_traits@D@std@@V?$allocator@D@2@@std@@_N@Z+0xd2,3,0.0219,13676,20.0
fourteam_postfix,12092,OgreMain.dll!?_writeRawConstant@GpuProgramParameters@Ogre@@QAEXIABVVector4@2@I@Z+0x8,3,0.0219,13676,20.0
fourteam_postfix,12092,"WINMM.dll@6e990000!std::_Sort_unchecked<BZROpenShim::`anonymous namespace'::DynamicGeometryTopSample *,`BZROpenShim::A0xa90b081b::ReportDynamicGeometryContributors'::`2'::<lambda_1> >+0x10a",3,0.0219,13676,20.0
fourteam_postfix,12092,OgreMain.dll!?updateGpuProgramParameters@SceneManager@Ogre@@MAEXPBVPass@2@@Z+0x92,3,0.0219,13676,20.0
fourteam_postfix,12092,OgreMain.dll!?update@Light@Ogre@@MBEXXZ+0x62,3,0.0219,13676,20.0
fourteam_postfix,12092,battlezone98redux.exe!sub_822ea0,3,0.0219,13676,20.0
fourteam_postfix,12092,OgreMain.dll!?getAs4DVector@Light@Ogre@@QBE?AVVector4@2@_N@Z+0x70,3,0.0219,13676,20.0
fourteam_postfix,12092,OgreMain.dll!?preRender@Renderable@Ogre@@UAE_NPAVSceneManager@2@PAVRenderSystem@2@@Z+0x2,3,0.0219,13676,20.0
fourteam_postfix,12092,battlezone98redux.exe!sub_44ec90,3,0.0219,13676,20.0
fourteam_postfix,12092,RenderSystem_Direct3D11.dll+0x3242,3,0.0219,13676,20.0
fourteam_postfix,12092,battlezone98redux.exe!sub_4178a0,3,0.0219,13676,20.0
fourteam_postfix,12092,nvwgf2um.dll!NVAPI_DirectMethods+0x16fd9,3,0.0219,13676,20.0
fourteam_postfix,12092,RenderSystem_Direct3D11.dll!?getMonitorSequentialNumberFromSwapChain@MonitorInfo@Ogre@@QAEGPAUIDXGISwapChain@@_N@Z+0x2ecc,3,0.0219,13676,20.0
fourteam_postfix,12092,OgreMain.dll!?isVisible@ShadowRenderable@Ogre@@UBE_NXZ+0x15f,3,0.0219,13676,20.0
fourteam_postfix,12092,OgreMain.dll+0x29afa,3,0.0219,13676,20.0
fourteam_postfix,12092,OgreMain.dll!?hasScale@Matrix4@Ogre@@QBE_NXZ+0x9c,3,0.0219,13676,20.0
fourteam_postfix,12092,MSVCR120.dll!floor+0x2c,3,0.0219,13676,20.0
fourteam_postfix,12092,OgreMain.dll!?getBoundingBox@Entity@Ogre@@UBEABVAxisAlignedBox@2@XZ+0x8ee,3,0.0219,13676,20.0
fourteam_postfix,12092,OgreMain.dll!?getLightAttenuation@AutoParamDataSource@Ogre@@UBE?AVVector4@2@I@Z+0x2f,3,0.0219,13676,20.0
fourteam_postfix,12092,nvwgf2um.dll!NVENCODEAPI_Thunk+0x202548,3,0.0219,13676,20.0
fourteam_postfix,12092,nvwgf2um.dll!OpenAdapter10+0x74e5c,3,0.0219,13676,20.0
fourteam_postfix,12092,battlezone98redux.exe!sub_44ef20,3,0.0219,13676,20.0
fourteam_postfix,12092,ntdll.dll!_RtlLeaveCriticalSection@4+0x2e,3,0.0219,13676,20.0
fourteam_postfix,12092,OgreMain.dll!?updatePoint@RotationalSpline@Ogre@@QAEXGABVQuaternion@2@@Z+0x9e39,3,0.0219,13676,20.0
fourteam_postfix,12092,OgreMain.dll!?_issueRenderOp@SceneManager@Ogre@@UAEXPAVRenderable@2@PBVPass@2@@Z+0x76,3,0.0219,13676,20.0
fourteam_postfix,12092,OgreMain.dll!?RealEqual@Math@Ogre@@SA_NMMM@Z+0x8,3,0.0219,13676,20.0
fourteam_postfix,12092,OgreMain.dll!?getLightSpecularColourWithPower@AutoParamDataSource@Ogre@@UBE?BVColourValue@2@I@Z+0x3a,3,0.0219,13676,20.0
fourteam_postfix,12092,OgreMain.dll!?_setTextureUnitSettings@RenderSystem@Ogre@@UAEXIAAVTextureUnitState@2@@Z+0x119,3,0.0219,13676,20.0
fourteam_postfix,12092,d3d11.dll!CreateDirect3D11DeviceFromDXGIDevice+0x9aace,3,0.0219,13676,20.0
fourteam_postfix,12092,ntdll.dll!_LdrpFindLoadedDllByName@20+0x8c,3,0.0219,13676,20.0
fourteam_postfix,12092,ntdll.dll!_LdrpFindLoadedDllByNameLockHeld@20+0x45,3,0.0219,13676,20.0
fourteam_postfix,12092,OgreMain.dll+0x19c45,3,0.0219,13676,20.0
fourteam_postfix,12092,battlezone98redux.exe!sub_684ca0,3,0.0219,13676,20.0
fourteam_postfix,12092,battlezone98redux.exe!sub_82f4cb,3,0.0219,13676,20.0
fourteam_postfix,12092,battlezone98redux.exe!sub_832183,3,0.0219,13676,20.0
fourteam_postfix,12092,battlezone98redux.exe!sub_82c471,3,0.0219,13676,20.0
fourteam_postfix,12092,battlezone98redux.exe!sub_82f062,3,0.0219,13676,20.0
fourteam_postfix,12092,battlezone98redux.exe!sub_82f1b5,3,0.0219,13676,20.0
fourteam_postfix,12092,battlezone98redux.exe!sub_82cb8c,3,0.0219,13676,20.0
fourteam_postfix,12092,OgreMain.dll!?determinant@Matrix4@Ogre@@QBEMXZ+0x1,3,0.0219,13676,20.0
fourteam_postfix,12092,OgreMain.dll!??RlightLess@SceneManager@Ogre@@QBE_NPBVLight@2@0@Z+0x1,3,0.0219,13676,20.0
fourteam_postfix,12092,OgreMain.dll!?postViewportUpdate@CompositorChain@Ogre@@UAEXABURenderTargetViewportEvent@2@@Z+0x2a,3,0.0219,13676,20.0
fourteam_postfix,12092,d3d11.dll!CreateDirect3D11DeviceFromDXGIDevice+0xbc657,3,0.0219,13676,20.0
fourteam_postfix,12092,OgreMain.dll!?updateStats@RenderTarget@Ogre@@MAEXXZ+0x13,3,0.0219,13676,20.0
fourteam_postfix,12092,OgreMain.dll!?update@RenderTarget@Ogre@@UAEX_N@Z+0xe,3,0.0219,13676,20.0
fourteam_postfix,12092,OgreMain.dll!?getLightDiffuseColourWithPower@AutoParamDataSource@Ogre@@UBE?BVColourValue@2@I@Z+0x51,3,0.0219,13676,20.0
fourteam_postfix,12092,OgreMain.dll!?_populateLightList@SceneManager@Ogre@@UAEXABVVector3@2@MAAV?$HashedVector@PAVLight@Ogre@@@2@I@Z+0xb5,3,0.0219,13676,20.0
fourteam_postfix,12092,OgreMain.dll!??4GpuSharedParametersUsage@Ogre@@QAEAAV01@ABV01@@Z+0x278c,3,0.0219,13676,20.0
fourteam_postfix,12092,d3d11.dll+0x36f79,3,0.0219,13676,20.0
fourteam_postfix,12092,OgreMain.dll!?getViewMatrix@AutoParamDataSource@Ogre@@UBEABVMatrix4@2@XZ+0xf6,3,0.0219,13676,20.0
fourteam_postfix,12092,d3d11.dll!CreateDirect3D11DeviceFromDXGIDevice+0x9ab2d,3,0.0219,13676,20.0
fourteam_postfix,12092,OgreMain.dll!?getIndex@DistanceLodStrategyBase@Ogre@@UBEGMABV?$vector@UMeshLodUsage@Ogre@@V?$STLAllocator@UMeshLodUsage@Ogre@@V?$CategorisedAllocPolicy@$0A@@2@@2@@std@@@Z+0xb,3,0.0219,13676,20.0
fourteam_postfix,12092,OgreMain.dll!?renderSingleObject@SceneManager@Ogre@@MAEXPAVRenderable@2@PBVPass@2@_N2PBV?$HashedVector@PAVLight@Ogre@@@2@@Z+0xa32,3,0.0219,13676,20.0
fourteam_postfix,12092,OgreMain.dll!?_getDelegate@UnifiedHighLevelGpuProgram@Ogre@@QBEABV?$SharedPtr@VHighLevelGpuProgram@Ogre@@@2@XZ+0x18,3,0.0219,13676,20.0
fourteam_postfix,12092,OgreMain.dll!?_notifyCurrentCamera@MovableObject@Ogre@@UAEXPAVCamera@2@@Z+0x1f3,3,0.0219,13676,20.0
fourteam_postfix,12092,OgreMain.dll!?getWorldViewProjMatrix@AutoParamDataSource@Ogre@@UBEABVMatrix4@2@XZ+0x20,3,0.0219,13676,20.0
fourteam_postfix,12092,d3d11.dll!CreateDirect3D11DeviceFromDXGIDevice+0x603c0,3,0.0219,13676,20.0
fourteam_postfix,12092,RenderSystem_Direct3D11.dll!?uninstall@D3D11Plugin@Ogre@@UAEXXZ+0x6224,3,0.0219,13676,20.0
fourteam_postfix,12092,d3d11.dll+0x30dcc,3,0.0219,13676,20.0
fourteam_postfix,12092,battlezone98redux.exe!sub_6b26e0,3,0.0219,13676,20.0
fourteam_postfix,12092,OgreMain.dll!?getValue@LodStrategy@Ogre@@QBEMPBVMovableObject@2@PBVCamera@2@@Z+0x18,3,0.0219,13676,20.0
fourteam_postfix,12092,OgreMain.dll!?_writeRawConstant@GpuProgramParameters@Ogre@@QAEXIABVColourValue@2@I@Z+0x18,3,0.0219,13676,20.0
fourteam_postfix,12092,MSVCR120.dll!free+0x1,3,0.0219,13676,20.0
fourteam_postfix,12092,OgreMain.dll!?_findVisibleObjects@SceneNode@Ogre@@UAEXPAVCamera@2@PAVRenderQueue@2@PAUVisibleObjectsBoundsInfo@2@_N33@Z+0x8b,3,0.0219,13676,20.0
fourteam_postfix,12092,d3d11.dll!CreateDirect3D11DeviceFromDXGIDevice+0xa2142,3,0.0219,13676,20.0
fourteam_postfix,12092,RenderSystem_Direct3D11.dll!?_render@D3D11RenderSystem@Ogre@@UAEXABVRenderOperation@2@@Z+0x1961,3,0.0219,13676,20.0
fourteam_postfix,12092,WINMM.dll@6e990000!BZROpenShim::AutoSaveTick+0x183,3,0.0219,13676,20.0
fourteam_postfix,12092,OgreMain.dll!?_detectImplementation@OptimisedUtil@Ogre@@KAPAV12@XZ+0x45e7,3,0.0219,13676,20.0
fourteam_postfix,12092,OgreMain.dll!?setVisible@MovableObject@Ogre@@UAEX_N@Z+0x2c,3,0.0219,13676,20.0
fourteam_postfix,12092,OgreMain.dll!?angleBetween@Vector3@Ogre@@QBE?AVRadian@2@ABV12@@Z+0x4d,3,0.0219,13676,20.0
fourteam_postfix,12092,OgreMain.dll!?_updateAutoParams@GpuProgramParameters@Ogre@@QAEXPBVAutoParamDataSource@2@G@Z+0x1a7b,3,0.0219,13676,20.0
fourteam_postfix,12092,OgreMain.dll!??0ConvexBody@Ogre@@QAE@XZ+0x5f,3,0.0219,13676,20.0
fourteam_postfix,12092,battlezone98redux.exe!sub_67dac0,3,0.0219,13676,20.0
fourteam_postfix,12092,d3d11.dll!D3D11CoreCreateDevice+0x3b3a,3,0.0219,13676,20.0
fourteam_postfix,12092,d3d11.dll+0x35ebb,3,0.0219,13676,20.0
fourteam_postfix,12092,RenderSystem_Direct3D11.dll!?lockImpl@D3D11HardwareBuffer@Ogre@@MAEPAXIIW4LockOptions@HardwareBuffer@2@@Z+0x48,3,0.0219,13676,20.0
fourteam_postfix,12092,OgreMain.dll!?_notifyCurrentCamera@Entity@Ogre@@UAEXPAVCamera@2@@Z+0x45,3,0.0219,13676,20.0
fourteam_postfix,12092,d3d11.dll!D3D11CoreCreateDevice+0x2eb0d,3,0.0219,13676,20.0
fourteam_postfix,12092,d3d11.dll!D3D11CoreCreateDevice+0x2eabd,3,0.0219,13676,20.0
fourteam_postfix,12092,OgreMain.dll!?isViewOutOfDate@Camera@Ogre@@MBE_NXZ+0x1,3,0.0219,13676,20.0
fourteam_postfix,12092,OgreMain.dll!?_updateAutoParams@GpuProgramParameters@Ogre@@QAEXPBVAutoParamDataSource@2@G@Z+0x1a7f,3,0.0219,13676,20.0
fourteam_postfix,12092,OgreMain.dll!?_getFullTransform@Node@Ogre@@UBEABVMatrix4@2@XZ+0x36,3,0.0219,13676,20.0
fourteam_postfix,12092,OgreMain.dll!??4GpuSharedParametersUsage@Ogre@@QAEAAV01@ABV01@@Z+0x27bf,3,0.0219,13676,20.0
fourteam_postfix,12092,OgreMain.dll!?addRenderable@RenderQueue@Ogre@@QAEXPAVRenderable@2@@Z+0x1,3,0.0219,13676,20.0
fourteam_postfix,12092,OgreMain.dll+0x1372d,3,0.0219,13676,20.0
fourteam_postfix,12092,OgreMain.dll!?clone@Animation@Ogre@@QBEPAV12@ABV?$basic_string@DU?$char_traits@D@std@@V?$allocator@D@2@@std@@@Z+0x2f4,3,0.0219,13676,20.0
fourteam_postfix,12092,ntdll.dll!RtlDosApplyFileIsolationRedirection_Ustr+0x2af,3,0.0219,13676,20.0
fourteam_postfix,12092,nvwgf2um.dll!SetDependencyInfo+0x4c42d,3,0.0219,13676,20.0
fourteam_postfix,12092,OgreMain.dll!?getSide@Plane@Ogre@@QBE?AW4Side@12@ABVVector3@2@0@Z+0x6f,3,0.0219,13676,20.0
fourteam_postfix,12092,RenderSystem_Direct3D11.dll!?getConstantBuffer@D3D11HLSLProgram@Ogre@@QAEPAUID3D11Buffer@@V?$SharedPtr@VGpuProgramParameters@Ogre@@@2@G@Z+0x4d,3,0.0219,13676,20.0
fourteam_postfix,12092,d3d11.dll!CreateDirect3D11DeviceFromDXGIDevice+0xa515f,3,0.0219,13676,20.0
fourteam_postfix,12092,OgreMain.dll!?_updateAutoParams@GpuProgramParameters@Ogre@@QAEXPBVAutoParamDataSource@2@G@Z+0x1b46,3,0.0219,13676,20.0
fourteam_postfix,12092,OgreMain.dll!?_writeRawConstants@GpuProgramParameters@Ogre@@QAEXIPBMI@Z,3,0.0219,13676,20.0
fourteam_postfix,12092,OgreMain.dll!?_issueRenderOp@SceneManager@Ogre@@UAEXPAVRenderable@2@PBVPass@2@@Z+0x1a,3,0.0219,13676,20.0
fourteam_postfix,12092,OgreMain.dll!?_getRenderOperation@SubMesh@Ogre@@QAEXAAVRenderOperation@2@G@Z+0x2c,3,0.0219,13676,20.0
fourteam_postfix,12092,battlezone98redux.exe!sub_677a80,3,0.0219,13676,20.0
fourteam_postfix,12092,OgreMain.dll!?deriveShadowCasterPass@SceneManager@Ogre@@MAEPBVPass@2@PBV32@@Z+0x480,3,0.0219,13676,20.0
fourteam_postfix,12092,RenderSystem_Direct3D11.dll!?_setTexture@D3D11RenderSystem@Ogre@@UAEXI_NABV?$SharedPtr@VTexture@Ogre@@@2@@Z+0x94,3,0.0219,13676,20.0
fourteam_postfix,12092,d3d11.dll!D3D11CoreCreateDevice+0x9156,3,0.0219,13676,20.0
fourteam_postfix,12092,MSVCR120.dll!floor+0x10,3,0.0219,13676,20.0
fourteam_postfix,12092,OgreMain.dll!?_notifyCurrentCamera@Entity@Ogre@@UAEXPAVCamera@2@@Z+0x149,3,0.0219,13676,20.0
fourteam_postfix,12092,d3d11.dll!CreateDirect3D11DeviceFromDXGIDevice+0x9f8ca,3,0.0219,13676,20.0
fourteam_postfix,12092,RenderSystem_Direct3D11.dll!?getConstantBuffer@D3D11HLSLProgram@Ogre@@QAEPAUID3D11Buffer@@V?$SharedPtr@VGpuProgramParameters@Ogre@@@2@G@Z+0x48,3,0.0219,13676,20.0
fourteam_postfix,12092,RenderSystem_Direct3D11.dll!?throwIfFailed@D3D11Device@Ogre@@QAEXPBD0@Z+0x2de,3,0.0219,13676,20.0
fourteam_postfix,12092,RenderSystem_Direct3D11.dll!?_setRenderTargetViews@D3D11RenderSystem@Ogre@@IAEXXZ+0x7e,3,0.0219,13676,20.0
fourteam_postfix,12092,OgreMain.dll!?isResourceGroupInGlobalPool@ResourceGroupManager@Ogre@@QAE_NABV?$basic_string@DU?$char_traits@D@std@@V?$allocator@D@2@@std@@@Z+0x5d,3,0.0219,13676,20.0
fourteam_postfix,12092,OgreMain.dll!?getResourceGroup@ResourceGroupManager@Ogre@@IAEPAUResourceGroup@12@ABV?$basic_string@DU?$char_traits@D@std@@V?$allocator@D@2@@std@@@Z+0x51,3,0.0219,13676,20.0
fourteam_postfix,12092,KERNEL32.DLL!GetTickCount+0x7,3,0.0219,13676,20.0
fourteam_postfix,12092,d3d11.dll!D3D11CoreCreateDevice+0x9768,3,0.0219,13676,20.0
fourteam_postfix,12092,OgreMain.dll!?merge@VisibleObjectsBoundsInfo@Ogre@@QAEXABVAxisAlignedBox@2@ABVSphere@2@PBVCamera@2@_N@Z+0x1f,3,0.0219,13676,20.0
fourteam_postfix,12092,OgreMain.dll!?isVisible@Frustum@Ogre@@UBE_NABVAxisAlignedBox@2@PAW4FrustumPlane@2@@Z+0xa9,3,0.0219,13676,20.0
fourteam_postfix,12092,OgreMain.dll!?_getCurrentSceneManager@Root@Ogre@@QBEPAVSceneManager@2@XZ+0x4d,3,0.0219,13676,20.0
fourteam_postfix,12092,OgreMain.dll!?isFloat@GpuConstantDefinition@Ogre@@SA_NW4GpuConstantType@2@@Z+0x7,3,0.0219,13676,20.0
fourteam_postfix,12092,OgreMain.dll+0x2f8e2,3,0.0219,13676,20.0
fourteam_postfix,12092,OgreMain.dll!?isHardwareAnimationEnabled@Entity@Ogre@@QAE_NXZ+0x1a,3,0.0219,13676,20.0
fourteam_postfix,12092,OgreMain.dll!?_detectImplementation@OptimisedUtil@Ogre@@KAPAV12@XZ+0x45be,3,0.0219,13676,20.0
fourteam_postfix,12092,OgreMain.dll!?addRenderable@RenderPriorityGroup@Ogre@@QAEXPAVRenderable@2@PAVTechnique@2@@Z+0x7,3,0.0219,13676,20.0
fourteam_postfix,12092,battlezone98redux.exe!sub_44eea0,3,0.0219,13676,20.0
fourteam_postfix,12092,OgreMain.dll!?hasScale@Matrix4@Ogre@@QBE_NXZ+0x38,3,0.0219,13676,20.0
fourteam_postfix,12092,OgreMain.dll!?getWorldViewMatrix@AutoParamDataSource@Ogre@@UBEABVMatrix4@2@XZ+0x1e,3,0.0219,13676,20.0
fourteam_postfix,12092,d3d11.dll+0x2b4d8,3,0.0219,13676,20.0
fourteam_postfix,12092,OgreMain.dll!?touch@Resource@Ogre@@UAEXXZ+0x1,3,0.0219,13676,20.0
fourteam_postfix,12092,d3d11.dll!CreateDirect3D11DeviceFromDXGIDevice+0xa204b,3,0.0219,13676,20.0
fourteam_postfix,12092,OgreMain.dll!?getSpotlightParams@AutoParamDataSource@Ogre@@UBE?AVVector4@2@I@Z,3,0.0219,13676,20.0
fourteam_postfix,12092,MSVCR120.dll!_memccpy+0xbc,3,0.0219,13676,20.0
fourteam_postfix,12092,ntdll.dll!_RtlAnsiStringToUnicodeString@12+0xff,3,0.0219,13676,20.0
fourteam_postfix,12092,ntdll.dll!_AllocateOrValidateUnicodeStringBuffer@16+0x12,3,0.0219,13676,20.0
fourteam_postfix,12092,battlezone98redux.exe!sub_4b9830,3,0.0219,13676,20.0
fourteam_postfix,12092,OgreMain.dll!??RlightLess@SceneManager@Ogre@@QBE_NPBVLight@2@0@Z+0x11,3,0.0219,13676,20.0
fourteam_postfix,12092,battlezone98redux.exe!sub_44eef0,3,0.0219,13676,20.0
fourteam_postfix,12092,ntdll.dll!RtlpLocateActivationContextSection+0xd8,3,0.0219,13676,20.0
fourteam_postfix,12092,OgreMain.dll+0x1b79d,3,0.0219,13676,20.0
fourteam_postfix,12092,OgreMain.dll+0x6be5,3,0.0219,13676,20.0
fourteam_postfix,12092,battlezone98redux.exe!sub_4498d0,3,0.0219,13676,20.0
fourteam_postfix,12092,nvwgf2um.dll!SetDependencyInfo+0x4b369,3,0.0219,13676,20.0
fourteam_postfix,12092,OgreMain.dll!?getDistance@Plane@Ogre@@QBEMABVVector3@2@@Z+0x2a,3,0.0219,13676,20.0
fourteam_postfix,12092,ntdll.dll!__wctomb_s_l+0x66,3,0.0219,13676,20.0
fourteam_postfix,12092,d3d11.dll!D3D11CoreCreateDevice+0x9712,3,0.0219,13676,20.0
fourteam_postfix,12092,OgreMain.dll!?normalise@Vector3@Ogre@@QAEMXZ+0x1c,3,0.0219,13676,20.0
fourteam_postfix,12092,OgreMain.dll!?preRenderTargetUpdate@CompositorChain@Ogre@@UAEXABURenderTargetEvent@2@@Z+0x63,3,0.0219,13676,20.0
fourteam_postfix,12092,OgreMain.dll!?_issueRenderOp@SceneManager@Ogre@@UAEXPAVRenderable@2@PBVPass@2@@Z+0x1,3,0.0219,13676,20.0
fourteam_postfix,12092,battlezone98redux.exe!sub_73ada0,3,0.0219,13676,20.0
fourteam_postfix,12092,Galaxy.dll!?ResetInstance@GalaxyFactory@api@galaxy@@SAXXZ+0x1a0e5,3,0.0219,13676,20.0
fourteam_postfix,12092,Galaxy.dll!??4IGalaxy@api@galaxy@@QAEAAV012@ABV012@@Z+0x22629,3,0.0219,13676,20.0
fourteam_postfix,12092,OgreMain.dll!?_renderScene@SceneManager@Ogre@@UAEXPAVCamera@2@PAVViewport@2@_N@Z+0x37,3,0.0219,13676,20.0
fourteam_postfix,12092,KERNEL32.DLL!HeapFree+0x2,3,0.0219,13676,20.0
fourteam_postfix,12092,OgreMain.dll!?clone@Animation@Ogre@@QBEPAV12@ABV?$basic_string@DU?$char_traits@D@std@@V?$allocator@D@2@@std@@@Z+0x299,3,0.0219,13676,20.0
fourteam_postfix,12092,d3d11.dll!D3D11CoreCreateDevice+0x3df6,3,0.0219,13676,20.0
fourteam_postfix,12092,RenderSystem_Direct3D11.dll!?unlock@D3D11HardwareUniformBuffer@Ogre@@UAEXXZ,3,0.0219,13676,20.0
fourteam_postfix,12092,RenderSystem_Direct3D11.dll!?bindGpuProgramParameters@D3D11RenderSystem@Ogre@@UAEXW4GpuProgramType@2@V?$SharedPtr@VGpuProgramParameters@Ogre@@@2@G@Z,3,0.0219,13676,20.0
fourteam_postfix,12092,battlezone98redux.exe!FID_conflict:_Destroy,3,0.0219,13676,20.0
fourteam_postfix,12092,OgreMain.dll+0x1a744,3,0.0219,13676,20.0
fourteam_postfix,12092,d3d11.dll!CreateDirect3D11DeviceFromDXGIDevice+0x9aae0,3,0.0219,13676,20.0
fourteam_postfix,12092,OgreMain.dll!?setVisible@MovableObject@Ogre@@UAEX_N@Z+0x1e,3,0.0219,13676,20.0
fourteam_postfix,12092,d3d11.dll!CreateDirect3D11DeviceFromDXGIDevice+0x9ab3f,3,0.0219,13676,20.0
fourteam_postfix,12092,RenderSystem_Direct3D11.dll!?_render@D3D11RenderSystem@Ogre@@UAEXABVRenderOperation@2@@Z+0x1a47,3,0.0219,13676,20.0
fourteam_postfix,12092,d3d11.dll!CreateDirect3D11DeviceFromDXGIDevice+0x9f991,3,0.0219,13676,20.0
fourteam_postfix,12092,RenderSystem_Direct3D11.dll!?setVertexBufferBinding@D3D11RenderSystem@Ogre@@UAEXPAVVertexBufferBinding@2@@Z+0x8f,3,0.0219,13676,20.0
fourteam_postfix,12092,nvwgf2um.dll!SetDependencyInfo+0x4b318,3,0.0219,13676,20.0
fourteam_postfix,12092,OgreMain.dll!??RlightsForShadowTextureLess@SceneManager@Ogre@@QBE_NPBVLight@2@0@Z+0x7,3,0.0219,13676,20.0
fourteam_postfix,12092,MSVCR120.dll!__libm_sse2_acosf+0x231,3,0.0219,13676,20.0
fourteam_postfix,12092,KERNEL32.DLL!GetLastError,3,0.0219,13676,20.0
fourteam_postfix,12092,USER32.dll!GetWindowRect+0x116,3,0.0219,13676,20.0
fourteam_postfix,12092,nvspcap.dll!CreateShadowPlayProxyShimInterface+0xb854,3,0.0219,13676,20.0
fourteam_postfix,12092,OgreMain.dll!?isVisible@Frustum@Ogre@@UBE_NABVAxisAlignedBox@2@PAW4FrustumPlane@2@@Z+0xb3,3,0.0219,13676,20.0
fourteam_postfix,12092,ucrtbase.dll!_tolower+0x11,3,0.0219,13676,20.0
fourteam_postfix,12092,OgreMain.dll!?lock@HardwareBuffer@Ogre@@QAEPAXW4LockOptions@12@W4UploadOptions@12@@Z+0x8,3,0.0219,13676,20.0
fourteam_postfix,12092,OgreMain.dll!?_findNamedConstantDefinition@GpuProgramParameters@Ogre@@QBEPBUGpuConstantDefinition@2@ABV?$basic_string@DU?$char_traits@D@std@@V?$allocator@D@2@@std@@_N@Z+0x1b4,3,0.0219,13676,20.0
fourteam_postfix,12092,d3d11.dll!CreateDirect3D11DeviceFromDXGIDevice+0xa56d2,3,0.0219,13676,20.0
fourteam_postfix,12092,MSVCR120.dll!__libm_sse2_asinf+0x210,3,0.0219,13676,20.0
fourteam_postfix,12092,OgreMain.dll!?getBoundingBox@Entity@Ogre@@UBEABVAxisAlignedBox@2@XZ+0x8d4,3,0.0219,13676,20.0
fourteam_postfix,12092,d3d11.dll!D3D11CoreCreateDevice+0x131cf,3,0.0219,13676,20.0
fourteam_postfix,12092,OgreMain.dll!?buffersCheckedOut@TempBlendedBufferInfo@Ogre@@QBE_N_N0@Z+0x32,3,0.0219,13676,20.0
fourteam_postfix,12092,OgreMain.dll!?getLightDirection@AutoParamDataSource@Ogre@@UBEABVVector3@2@I@Z+0xd,3,0.0219,13676,20.0
fourteam_postfix,12092,d3d11.dll!CreateDirect3D11DeviceFromDXGIDevice+0xa461e,3,0.0219,13676,20.0
fourteam_postfix,12092,OgreMain.dll!??4GpuSharedParametersUsage@Ogre@@QAEAAV01@ABV01@@Z+0x27a0,3,0.0219,13676,20.0
fourteam_postfix,12092,d3d11.dll!CreateDirect3D11DeviceFromDXGIDevice+0x9f1f0,3,0.0219,13676,20.0
fourteam_postfix,12092,MSVCR120.dll!__libm_sse2_asinf+0xd8,3,0.0219,13676,20.0
fourteam_postfix,12092,OgreMain.dll!?updateFromParentImpl@SceneNode@Ogre@@MBEXXZ+0x11,3,0.0219,13676,20.0
fourteam_postfix,12092,RenderSystem_Direct3D11.dll!?_render@D3D11RenderSystem@Ogre@@UAEXABVRenderOperation@2@@Z+0x6e,3,0.0219,13676,20.0
fourteam_postfix,12092,battlezone98redux.exe!sub_77d660,3,0.0219,13676,20.0
fourteam_postfix,12092,d3d11.dll+0x2b4d4,3,0.0219,13676,20.0
fourteam_postfix,12092,MSVCR120.dll!_strnicmp+0x21,3,0.0219,13676,20.0
fourteam_postfix,12092,d3d11.dll!CreateDirect3D11DeviceFromDXGIDevice+0x9e040,3,0.0219,13676,20.0
fourteam_postfix,12092,nvwgf2um.dll!NVAPI_DirectMethods+0xb9182,3,0.0219,13676,20.0
fourteam_postfix,12092,OgreMain.dll!??4GpuSharedParametersUsage@Ogre@@QAEAAV01@ABV01@@Z+0x27a9,3,0.0219,13676,20.0
fourteam_postfix,12092,battlezone98redux.exe!sub_48efc0,3,0.0219,13676,20.0
fourteam_postfix,12092,USER32.dll!GetWindowLongA+0x5c,3,0.0219,13676,20.0
fourteam_postfix,12092,OgreMain.dll!??4GpuSharedParametersUsage@Ogre@@QAEAAV01@ABV01@@Z+0x2714,3,0.0219,13676,20.0
fourteam_postfix,12092,d3d11.dll+0x317ab,3,0.0219,13676,20.0
fourteam_postfix,12092,RenderSystem_Direct3D11.dll!?getConstantBuffer@D3D11HLSLProgram@Ogre@@QAEPAUID3D11Buffer@@V?$SharedPtr@VGpuProgramParameters@Ogre@@@2@G@Z+0x141,3,0.0219,13676,20.0
fourteam_postfix,12092,OgreMain.dll!?FastHash@Ogre@@YAIPBDHI@Z+0xc9,3,0.0219,13676,20.0
fourteam_postfix,12092,RenderSystem_Direct3D11.dll+0x6582,3,0.0219,13676,20.0
fourteam_postfix,12092,d3d11.dll!CreateDirect3D11DeviceFromDXGIDevice+0x9aca3,3,0.0219,13676,20.0
fourteam_postfix,12092,OgreMain.dll!?touch@Resource@Ogre@@UAEXXZ+0x17,3,0.0219,13676,20.0
fourteam_postfix,12092,OgreMain.dll!?_updateAutoParams@GpuProgramParameters@Ogre@@QAEXPBVAutoParamDataSource@2@G@Z+0x1af2,3,0.0219,13676,20.0
fourteam_postfix,12092,nvwgf2um.dll!OpenAdapter10+0x7208e,3,0.0219,13676,20.0
fourteam_postfix,12092,MSVCR120.dll!__libm_sse2_acosf+0x202,3,0.0219,13676,20.0
fourteam_postfix,12092,OgreMain.dll!?isVisible@Frustum@Ogre@@UBE_NABVAxisAlignedBox@2@PAW4FrustumPlane@2@@Z+0x44,3,0.0219,13676,20.0
fourteam_postfix,12092,OgreMain.dll!??4GpuSharedParametersUsage@Ogre@@QAEAAV01@ABV01@@Z+0x2735,3,0.0219,13676,20.0
fourteam_postfix,12092,ntdll.dll!_ZwOpenFile@24+0xc,3,0.0219,13676,20.0
fourteam_postfix,12092,OgreMain.dll!?ACos@Math@Ogre@@SA?AVRadian@2@M@Z,3,0.0219,13676,20.0
fourteam_postfix,12092,OgreMain.dll!?isInLightRange@Light@Ogre@@QBE_NABVSphere@2@@Z+0x176,3,0.0219,13676,20.0
fourteam_postfix,12092,d3d11.dll+0x2b4f7,3,0.0219,13676,20.0
fourteam_postfix,12092,OgreMain.dll!?_detectImplementation@OptimisedUtil@Ogre@@KAPAV12@XZ+0x4630,3,0.0219,13676,20.0
fourteam_postfix,12092,battlezone98redux.exe!sub_60a480,3,0.0219,13676,20.0
fourteam_postfix,12092,OgreMain.dll!?_updateBounds@SceneNode@Ogre@@UAEXXZ+0x29d,3,0.0219,13676,20.0
fourteam_postfix,12092,RenderSystem_Direct3D11.dll!?_setTextureAddressingMode@D3D11RenderSystem@Ogre@@UAEXIABUUVWAddressingMode@TextureUnitState@2@@Z+0x1e,3,0.0219,13676,20.0
fourteam_postfix,12092,d3d11.dll+0x30df6,3,0.0219,13676,20.0
fourteam_postfix,12092,d3d11.dll+0x35ec1,3,0.0219,13676,20.0
fourteam_postfix,12092,d3d11.dll!CreateDirect3D11DeviceFromDXGIDevice+0x9f8b6,3,0.0219,13676,20.0
fourteam_postfix,12092,OgreMain.dll!??4GpuSharedParametersUsage@Ogre@@QAEAAV01@ABV01@@Z+0x279e,3,0.0219,13676,20.0
fourteam_postfix,12092,OgreMain.dll!?getRenderSystem@Root@Ogre@@QAEPAVRenderSystem@2@XZ,3,0.0219,13676,20.0
fourteam_postfix,12092,OgreMain.dll!?getBestTechnique@Material@Ogre@@QAEPAVTechnique@2@GPBVRenderable@2@@Z+0xf,3,0.0219,13676,20.0
fourteam_postfix,12092,OgreMain.dll!?clone@Animation@Ogre@@QBEPAV12@ABV?$basic_string@DU?$char_traits@D@std@@V?$allocator@D@2@@std@@@Z+0x2e4,3,0.0219,13676,20.0
fourteam_postfix,12092,RenderSystem_Direct3D11.dll!?getMonitorSequentialNumberFromSwapChain@MonitorInfo@Ogre@@QAEGPAUIDXGISwapChain@@_N@Z+0xf44,3,0.0219,13676,20.0
fourteam_postfix,12092,OgreMain.dll!?_setTextureUnitSettings@RenderSystem@Ogre@@UAEXIAAVTextureUnitState@2@@Z+0x222,3,0.0219,13676,20.0
fourteam_postfix,12092,OgreMain.dll!?_issueRenderOp@SceneManager@Ogre@@UAEXPAVRenderable@2@PBVPass@2@@Z+0xb,3,0.0219,13676,20.0
fourteam_postfix,12092,OgreMain.dll!?angleBetween@Vector3@Ogre@@QBE?AVRadian@2@ABV12@@Z+0x45,3,0.0219,13676,20.0
fourteam_postfix,12092,OgreMain.dll!?normalise@Vector3@Ogre@@QAEMXZ+0x10,3,0.0219,13676,20.0
fourteam_postfix,12092,OgreMain.dll!?getValue@LodStrategy@Ogre@@QBEMPBVMovableObject@2@PBVCamera@2@@Z+0x1a,3,0.0219,13676,20.0
fourteam_postfix,12092,d3d11.dll!D3DPerformance_BeginEvent+0xa50,3,0.0219,13676,20.0
fourteam_postfix,12092,OgreMain.dll+0x4223,3,0.0219,13676,20.0
fourteam_postfix,12092,OgreMain.dll!??DMatrix3@Ogre@@QBE?AVVector3@1@ABV21@@Z+0x68,3,0.0219,13676,20.0
fourteam_postfix,12092,OgreMain.dll!?addRenderable@RenderQueue@Ogre@@QAEXPAVRenderable@2@EG@Z+0x40,3,0.0219,13676,20.0
fourteam_postfix,12092,USER32.dll!GetCurrentMonitorTopologyId+0x3a77,3,0.0219,13676,20.0
fourteam_postfix,12092,d3d11.dll+0x2b4eb,3,0.0219,13676,20.0
fourteam_postfix,12092,ntdll.dll!_ZwQueryInformationProcess@20+0x26,3,0.0219,13676,20.0
fourteam_postfix,12092,OgreMain.dll!??4GpuSharedParametersUsage@Ogre@@QAEAAV01@ABV01@@Z+0x27a4,3,0.0219,13676,20.0
fourteam_postfix,12092,d3d11.dll+0x2f249,3,0.0219,13676,20.0
fourteam_postfix,12092,dxgi.dll!DXGID3D10CreateDevice+0x19d,3,0.0219,13676,20.0
fourteam_postfix,12092,OgreMain.dll!??1QueuedRenderableCollection@Ogre@@QAE@XZ+0xb2a,3,0.0219,13676,20.0
fourteam_postfix,12092,MSVCR120.dll!??0scoped_lock_read@reader_writer_lock@Concurrency@@QAE@AAV12@@Z+0xa0a,3,0.0219,13676,20.0
fourteam_postfix,12092,OgreMain.dll+0x7e50,3,0.0219,13676,20.0
fourteam_postfix,12092,RenderSystem_Direct3D11.dll!?getConstantBuffer@D3D11HLSLProgram@Ogre@@QAEPAUID3D11Buffer@@V?$SharedPtr@VGpuProgramParameters@Ogre@@@2@G@Z+0x4a,3,0.0219,13676,20.0
fourteam_postfix,12092,OgreMain.dll!?isInLightRange@Light@Ogre@@QBE_NABVSphere@2@@Z+0x10f,3,0.0219,13676,20.0
fourteam_postfix,12092,OgreMain.dll!?updatePoint@RotationalSpline@Ogre@@QAEXGABVQuaternion@2@@Z+0x1538,3,0.0219,13676,20.0
fourteam_postfix,12092,OgreMain.dll!?merge@VisibleObjectsBoundsInfo@Ogre@@QAEXABVAxisAlignedBox@2@ABVSphere@2@PBVCamera@2@_N@Z+0x13a,3,0.0219,13676,20.0
fourteam_postfix,12092,OgreMain.dll!?getChildObjectsBoundingBox@Entity@Ogre@@QBE?AVAxisAlignedBox@2@XZ+0x1b,3,0.0219,13676,20.0
fourteam_postfix,12092,OgreMain.dll!?getTransparentSortingForced@Pass@Ogre@@QBE_NXZ,3,0.0219,13676,20.0
fourteam_postfix,12092,ntdll.dll!__woutput_l+0x8a1,3,0.0219,13676,20.0
fourteam_postfix,12092,OgreMain.dll!?isInLightRange@Light@Ogre@@QBE_NABVSphere@2@@Z+0x14c,3,0.0219,13676,20.0
fourteam_postfix,12092,OgreMain.dll!??1QueuedRenderableCollection@Ogre@@QAE@XZ+0xb16,3,0.0219,13676,20.0
fourteam_postfix,12092,battlezone98redux.exe!sub_6b2220,3,0.0219,13676,20.0
fourteam_postfix,12092,battlezone98redux.exe!sub_6b2130,3,0.0219,13676,20.0
fourteam_postfix,12092,d3d11.dll!CreateDirect3D11DeviceFromDXGIDevice+0xbbe96,3,0.0219,13676,20.0
fourteam_postfix,12092,battlezone98redux.exe!sub_42d8c0,3,0.0219,13676,20.0
fourteam_postfix,12092,OgreMain.dll!?determinant@Matrix4@Ogre@@QBEMXZ+0xc3,3,0.0219,13676,20.0
fourteam_postfix,12092,OgreMain.dll!?getFarClipDistance@Camera@Ogre@@UBEMXZ+0x2,3,0.0219,13676,20.0
fourteam_postfix,12092,OgreMain.dll!?_writeRawConstant@GpuProgramParameters@Ogre@@QAEXIABVColourValue@2@I@Z+0x27,3,0.0219,13676,20.0
fourteam_postfix,12092,DSOUND.dll!GetDeviceID+0x6f17,3,0.0219,13676,20.0
fourteam_postfix,12092,OgreMain.dll!?getViewMatrix@Frustum@Ogre@@UBEABVMatrix4@2@XZ+0x1,3,0.0219,13676,20.0
fourteam_postfix,12092,d3d11.dll!CreateDirect3D11DeviceFromDXGIDevice+0xbae4e,3,0.0219,13676,20.0
fourteam_postfix,12092,OgreMain.dll!?getSpotlightParams@AutoParamDataSource@Ogre@@UBE?AVVector4@2@I@Z+0x11,3,0.0219,13676,20.0
fourteam_postfix,12092,RenderSystem_Direct3D11.dll!?_setRenderTargetViews@D3D11RenderSystem@Ogre@@IAEXXZ+0xd0,3,0.0219,13676,20.0
fourteam_postfix,12092,OgreMain.dll!?fireRenderSingleObject@SceneManager@Ogre@@MAEXPAVRenderable@2@PBVPass@2@PBVAutoParamDataSource@2@PBV?$HashedVector@PAVLight@Ogre@@@2@_N@Z+0x25,3,0.0219,13676,20.0
fourteam_postfix,12092,OgreMain.dll!?softwareVertexBlend@Mesh@Ogre@@SAXPBVVertexData@2@0PBQBVMatrix4@2@I_N@Z+0x2d9,3,0.0219,13676,20.0
fourteam_postfix,12092,d3d11.dll!CreateDirect3D11DeviceFromDXGIDevice+0xa2020,3,0.0219,13676,20.0
fourteam_postfix,12092,battlezone98redux.exe!construct<>,3,0.0219,13676,20.0
fourteam_postfix,12092,RenderSystem_Direct3D11.dll!?getConstantBuffer@D3D11HLSLProgram@Ogre@@QAEPAUID3D11Buffer@@V?$SharedPtr@VGpuProgramParameters@Ogre@@@2@G@Z+0xf0,3,0.0219,13676,20.0
fourteam_postfix,12092,OgreMain.dll+0x3365e,3,0.0219,13676,20.0
fourteam_postfix,12092,OgreMain.dll!?clone@Animation@Ogre@@QBEPAV12@ABV?$basic_string@DU?$char_traits@D@std@@V?$allocator@D@2@@std@@@Z+0x243,3,0.0219,13676,20.0
fourteam_postfix,12092,OgreMain.dll!?_renderScene@Camera@Ogre@@QAEXPAVViewport@2@_N@Z+0xbf,3,0.0219,13676,20.0
fourteam_postfix,12092,OgreMain.dll!?_writeRawConstants@GpuProgramParameters@Ogre@@QAEXIPBMI@Z+0x1f,3,0.0219,13676,20.0
fourteam_postfix,12092,OgreMain.dll!?_findNamedConstantDefinition@GpuProgramParameters@Ogre@@QBEPBUGpuConstantDefinition@2@ABV?$basic_string@DU?$char_traits@D@std@@V?$allocator@D@2@@std@@_N@Z,3,0.0219,13676,20.0
fourteam_postfix,12092,OgreMain.dll!?isViewOutOfDate@Camera@Ogre@@MBE_NXZ+0x18d,3,0.0219,13676,20.0
fourteam_postfix,12092,OgreMain.dll!?getLodLevel@Mesh@Ogre@@QBEABUMeshLodUsage@2@G@Z+0x72,3,0.0219,13676,20.0
fourteam_postfix,12092,RenderSystem_Direct3D11.dll!?_render@D3D11RenderSystem@Ogre@@UAEXABVRenderOperation@2@@Z+0x65e,3,0.0219,13676,20.0
fourteam_postfix,12092,battlezone98redux.exe!sub_6ce2d0,3,0.0219,13676,20.0
fourteam_postfix,12092,OgreMain.dll!?_writeRawConstant@GpuProgramParameters@Ogre@@QAEXIABVVector4@2@I@Z+0x1a,3,0.0219,13676,20.0
fourteam_postfix,12092,MSVCR120.dll!__libm_sse2_acosf+0x1da,3,0.0219,13676,20.0
