label,thread,symbol,module,self_samples,self_percent,total_samples,window_seconds
fourteam_fire_postfix,34852,ntdll.dll!_ZwQueryFullAttributesFile@8+0xc,ntdll.dll,461,3.2229,14304,20.002
fourteam_fire_postfix,34852,ntdll.dll!_ZwQueryVirtualMemory@24+0xc,ntdll.dll,355,2.4818,14304,20.002
fourteam_fire_postfix,34852,battlezone98redux.exe!sub_454cf0,battlezone98redux.exe,345,2.4119,14304,20.002
fourteam_fire_postfix,34852,battlezone98redux.exe!sub_678cd0,battlezone98redux.exe,187,1.3073,14304,20.002
fourteam_fire_postfix,34852,MSVCR120.dll!memmove+0xc9,MSVCR120.dll,170,1.1885,14304,20.002
fourteam_fire_postfix,34852,battlezone98redux.exe!sub_446360,battlezone98redux.exe,142,0.9927,14304,20.002
fourteam_fire_postfix,34852,battlezone98redux.exe!sub_4933e0,battlezone98redux.exe,110,0.769,14304,20.002
fourteam_fire_postfix,34852,battlezone98redux.exe!sub_687340,battlezone98redux.exe,106,0.7411,14304,20.002
fourteam_fire_postfix,34852,battlezone98redux.exe!sub_461fd0,battlezone98redux.exe,101,0.7061,14304,20.002
fourteam_fire_postfix,34852,MSVCR120.dll!floor+0x15,MSVCR120.dll,92,0.6432,14304,20.002
fourteam_fire_postfix,34852,battlezone98redux.exe!sub_81fe60,battlezone98redux.exe,86,0.6012,14304,20.002
fourteam_fire_postfix,34852,RenderSystem_Direct3D11.dll!?bindGpuProgramParameters@D3D11RenderSystem@Ogre@@UAEXW4GpuProgramType@2@V?$SharedPtr@VGpuProgramParameters@Ogre@@@2@G@Z+0x54a,RenderSystem_Direct3D11.dll,81,0.5663,14304,20.002
fourteam_fire_postfix,34852,win32u.dll!_NtUserPeekMessage@24+0xc,win32u.dll,80,0.5593,14304,20.002
fourteam_fire_postfix,34852,battlezone98redux.exe!sub_4428b0,battlezone98redux.exe,77,0.5383,14304,20.002
fourteam_fire_postfix,34852,OgreMain.dll!?isInLightRange@Light@Ogre@@QBE_NABVSphere@2@@Z+0x172,OgreMain.dll,76,0.5313,14304,20.002
fourteam_fire_postfix,34852,OgreMain.dll!?isVisible@ShadowRenderable@Ogre@@UBE_NXZ+0x236,OgreMain.dll,69,0.4824,14304,20.002
fourteam_fire_postfix,34852,battlezone98redux.exe!sub_447e70,battlezone98redux.exe,67,0.4684,14304,20.002
fourteam_fire_postfix,34852,MSVCR120.dll!__libm_sse2_acosf+0xa6,MSVCR120.dll,67,0.4684,14304,20.002
fourteam_fire_postfix,34852,battlezone98redux.exe!sub_4f90a0,battlezone98redux.exe,67,0.4684,14304,20.002
fourteam_fire_postfix,34852,MSVCR120.dll!memmove+0xc7,MSVCR120.dll,58,0.4055,14304,20.002
fourteam_fire_postfix,34852,battlezone98redux.exe!sub_678950,battlezone98redux.exe,57,0.3985,14304,20.002
fourteam_fire_postfix,34852,OgreMain.dll!?_updateBounds@SceneNode@Ogre@@UAEXXZ+0x19c,OgreMain.dll,56,0.3915,14304,20.002
fourteam_fire_postfix,34852,MSVCR120.dll!__libm_sse2_acosf+0x4c,MSVCR120.dll,56,0.3915,14304,20.002
fourteam_fire_postfix,34852,OgreMain.dll!?_findVisibleObjects@SceneNode@Ogre@@UAEXPAVCamera@2@PAVRenderQueue@2@PAUVisibleObjectsBoundsInfo@2@_N33@Z+0x7e,OgreMain.dll,56,0.3915,14304,20.002
fourteam_fire_postfix,34852,battlezone98redux.exe!sub_493330,battlezone98redux.exe,51,0.3565,14304,20.002
fourteam_fire_postfix,34852,battlezone98redux.exe!sub_62e710,battlezone98redux.exe,48,0.3356,14304,20.002
fourteam_fire_postfix,34852,battlezone98redux.exe!sub_440130,battlezone98redux.exe,48,0.3356,14304,20.002
fourteam_fire_postfix,34852,OgreMain.dll!?_calcTempSquareDist@Light@Ogre@@QAEXABVVector3@2@@Z+0x28,OgreMain.dll,47,0.3286,14304,20.002
fourteam_fire_postfix,34852,OgreMain.dll!?ACos@Math@Ogre@@SA?AVRadian@2@M@Z+0x8,OgreMain.dll,46,0.3216,14304,20.002
fourteam_fire_postfix,34852,MSVCR120.dll!floor+0x19,MSVCR120.dll,45,0.3146,14304,20.002
fourteam_fire_postfix,34852,OgreMain.dll!?getParameters@GpuProgramUsage@Ogre@@QAE?AV?$SharedPtr@VGpuProgramParameters@Ogre@@@2@XZ+0xe7,OgreMain.dll,44,0.3076,14304,20.002
fourteam_fire_postfix,34852,battlezone98redux.exe!sub_43fb30,battlezone98redux.exe,42,0.2936,14304,20.002
fourteam_fire_postfix,34852,d3d11.dll+0x30d82,d3d11.dll,42,0.2936,14304,20.002
fourteam_fire_postfix,34852,MSVCR120.dll!__libm_sse2_acosf+0x36,MSVCR120.dll,42,0.2936,14304,20.002
fourteam_fire_postfix,34852,OgreMain.dll!?lock@HardwareBuffer@Ogre@@UAEPAXIIW4LockOptions@12@W4UploadOptions@12@@Z+0x19c,OgreMain.dll,39,0.2727,14304,20.002
fourteam_fire_postfix,34852,OgreMain.dll!?isInLightRange@Light@Ogre@@QBE_NABVSphere@2@@Z+0x74,OgreMain.dll,38,0.2657,14304,20.002
fourteam_fire_postfix,34852,battlezone98redux.exe!sub_4f90f0,battlezone98redux.exe,37,0.2587,14304,20.002
fourteam_fire_postfix,34852,OgreMain.dll!?getHasInstanceData@VertexBufferBinding@Ogre@@UBE_NXZ+0x17,OgreMain.dll,37,0.2587,14304,20.002
fourteam_fire_postfix,34852,d3d11.dll!CreateDirect3D11DeviceFromDXGIDevice+0x9f925,d3d11.dll,37,0.2587,14304,20.002
fourteam_fire_postfix,34852,MSVCR120.dll!__libm_sse2_acosf+0x17e,MSVCR120.dll,37,0.2587,14304,20.002
fourteam_fire_postfix,34852,battlezone98redux.exe!sub_784180,battlezone98redux.exe,36,0.2517,14304,20.002
fourteam_fire_postfix,34852,battlezone98redux.exe!sub_60f320,battlezone98redux.exe,36,0.2517,14304,20.002
fourteam_fire_postfix,34852,battlezone98redux.exe!sub_820180,battlezone98redux.exe,35,0.2447,14304,20.002
fourteam_fire_postfix,34852,battlezone98redux.exe!sub_444ba0,battlezone98redux.exe,33,0.2307,14304,20.002
fourteam_fire_postfix,34852,OgreMain.dll+0x3942d,OgreMain.dll,33,0.2307,14304,20.002
fourteam_fire_postfix,34852,battlezone98redux.exe!sub_4621a0,battlezone98redux.exe,33,0.2307,14304,20.002
fourteam_fire_postfix,34852,OgreMain.dll!?getHasInstanceData@VertexBufferBinding@Ogre@@UBE_NXZ+0x13,OgreMain.dll,32,0.2237,14304,20.002
fourteam_fire_postfix,34852,OgreMain.dll!?isInLightRange@Light@Ogre@@QBE_NABVSphere@2@@Z+0x4e,OgreMain.dll,32,0.2237,14304,20.002
fourteam_fire_postfix,34852,RenderSystem_Direct3D11.dll!?createImpl@D3D11GpuProgramManager@Ogre@@MAEPAVResource@2@ABV?$basic_string@DU?$char_traits@D@std@@V?$allocator@D@2@@std@@_K0_NPAVManualResourceLoader@2@W4GpuProgramType@2@0@Z+0x6144,RenderSystem_Direct3D11.dll,30,0.2097,14304,20.002
fourteam_fire_postfix,34852,MSVCR120.dll!__libm_sse2_acosf+0xf3,MSVCR120.dll,30,0.2097,14304,20.002
fourteam_fire_postfix,34852,win32u.dll!_NtUserSystemParametersInfo@16+0xc,win32u.dll,29,0.2027,14304,20.002
fourteam_fire_postfix,34852,battlezone98redux.exe!sub_820570,battlezone98redux.exe,29,0.2027,14304,20.002
fourteam_fire_postfix,34852,battlezone98redux.exe!get,battlezone98redux.exe,29,0.2027,14304,20.002
fourteam_fire_postfix,34852,battlezone98redux.exe!sub_62e070,battlezone98redux.exe,29,0.2027,14304,20.002
fourteam_fire_postfix,34852,battlezone98redux.exe!sub_480f40,battlezone98redux.exe,29,0.2027,14304,20.002
fourteam_fire_postfix,34852,RenderSystem_Direct3D11.dll!?getILayoutByShader@D3D11VertexDeclaration@Ogre@@IAEPAUID3D11InputLayout@@PAVD3D11HLSLProgram@2@PAVVertexBufferBinding@2@@Z+0x24f,RenderSystem_Direct3D11.dll,28,0.1957,14304,20.002
fourteam_fire_postfix,34852,OgreMain.dll!?ACos@Math@Ogre@@SA?AVRadian@2@M@Z+0x11,OgreMain.dll,28,0.1957,14304,20.002
fourteam_fire_postfix,34852,OgreMain.dll!?isInLightRange@Light@Ogre@@QBE_NABVSphere@2@@Z+0x138,OgreMain.dll,28,0.1957,14304,20.002
fourteam_fire_postfix,34852,OgreMain.dll!?findLightsAffectingFrustum@SceneManager@Ogre@@MAEXPBVCamera@2@@Z+0x119,OgreMain.dll,28,0.1957,14304,20.002
fourteam_fire_postfix,34852,OgreMain.dll!?_populateLightList@SceneManager@Ogre@@UAEXABVVector3@2@MAAV?$HashedVector@PAVLight@Ogre@@@2@I@Z+0xb2,OgreMain.dll,27,0.1888,14304,20.002
fourteam_fire_postfix,34852,win32u.dll!_NtUserGetLayeredWindowAttributes@16+0xc,win32u.dll,27,0.1888,14304,20.002
fourteam_fire_postfix,34852,battlezone98redux.exe!sub_784620,battlezone98redux.exe,27,0.1888,14304,20.002
fourteam_fire_postfix,34852,OgreMain.dll!?isInLightRange@Light@Ogre@@QBE_NABVSphere@2@@Z+0x175,OgreMain.dll,27,0.1888,14304,20.002
fourteam_fire_postfix,34852,battlezone98redux.exe!sub_439d00,battlezone98redux.exe,26,0.1818,14304,20.002
fourteam_fire_postfix,34852,ntdll.dll!_ZwReleaseSemaphore@12+0xc,ntdll.dll,26,0.1818,14304,20.002
fourteam_fire_postfix,34852,battlezone98redux.exe!sub_4440d0,battlezone98redux.exe,26,0.1818,14304,20.002
fourteam_fire_postfix,34852,RenderSystem_Direct3D11.dll!?getILayoutByShader@D3D11VertexDeclaration@Ogre@@IAEPAUID3D11InputLayout@@PAVD3D11HLSLProgram@2@PAVVertexBufferBinding@2@@Z+0x56,RenderSystem_Direct3D11.dll,25,0.1748,14304,20.002
fourteam_fire_postfix,34852,OgreMain.dll!?_populateLightList@SceneManager@Ogre@@UAEXABVVector3@2@MAAV?$HashedVector@PAVLight@Ogre@@@2@I@Z+0xb5,OgreMain.dll,25,0.1748,14304,20.002
fourteam_fire_postfix,34852,OgreMain.dll!?getProgram@Pass@Ogre@@IBEABV?$SharedPtr@VGpuProgram@Ogre@@@2@PBQAVGpuProgramUsage@2@@Z+0x38,OgreMain.dll,25,0.1748,14304,20.002
fourteam_fire_postfix,34852,WINMM.dll@6ea10000!BZROpenShim::`anonymous namespace'::InstallEmissionLightFixIfPossible+0xb5,WINMM.dll@6ea10000,25,0.1748,14304,20.002
fourteam_fire_postfix,34852,battlezone98redux.exe!sub_8203f0,battlezone98redux.exe,25,0.1748,14304,20.002
fourteam_fire_postfix,34852,OgreMain.dll!?isHardwareAnimationEnabled@Entity@Ogre@@QAE_NXZ+0x28,OgreMain.dll,25,0.1748,14304,20.002
fourteam_fire_postfix,34852,OgreMain.dll!?ASin@Math@Ogre@@SA?AVRadian@2@M@Z+0x8,OgreMain.dll,25,0.1748,14304,20.002
fourteam_fire_postfix,34852,RenderSystem_Direct3D11.dll!?getConstantBuffer@D3D11HLSLProgram@Ogre@@QAEPAUID3D11Buffer@@V?$SharedPtr@VGpuProgramParameters@Ogre@@@2@G@Z+0xe7,RenderSystem_Direct3D11.dll,25,0.1748,14304,20.002
fourteam_fire_postfix,34852,MSVCR120.dll!__libm_sse2_acosf+0x13d,MSVCR120.dll,25,0.1748,14304,20.002
fourteam_fire_postfix,34852,OgreMain.dll!?angleBetween@Vector3@Ogre@@QBE?AVRadian@2@ABV12@@Z+0xc9,OgreMain.dll,24,0.1678,14304,20.002
fourteam_fire_postfix,34852,OgreMain.dll!?_updateBounds@SceneNode@Ogre@@UAEXXZ+0x193,OgreMain.dll,24,0.1678,14304,20.002
fourteam_fire_postfix,34852,battlezone98redux.exe!sub_417780,battlezone98redux.exe,24,0.1678,14304,20.002
fourteam_fire_postfix,34852,d3d11.dll+0x27010,d3d11.dll,24,0.1678,14304,20.002
fourteam_fire_postfix,34852,OgreMain.dll+0x21c01,OgreMain.dll,24,0.1678,14304,20.002
fourteam_fire_postfix,34852,RenderSystem_Direct3D11.dll!?getILayoutByShader@D3D11VertexDeclaration@Ogre@@IAEPAUID3D11InputLayout@@PAVD3D11HLSLProgram@2@PAVVertexBufferBinding@2@@Z+0x52,RenderSystem_Direct3D11.dll,24,0.1678,14304,20.002
fourteam_fire_postfix,34852,battlezone98redux.exe!sub_784100,battlezone98redux.exe,24,0.1678,14304,20.002
fourteam_fire_postfix,34852,ntdll.dll!_ZwContinue@8+0xc,ntdll.dll,23,0.1608,14304,20.002
fourteam_fire_postfix,34852,battlezone98redux.exe!sub_6897e0,battlezone98redux.exe,23,0.1608,14304,20.002
fourteam_fire_postfix,34852,OgreMain.dll!?isInLightRange@Light@Ogre@@QBE_NABVSphere@2@@Z+0x6,OgreMain.dll,23,0.1608,14304,20.002
fourteam_fire_postfix,34852,battlezone98redux.exe!_Vector_iterator<>,battlezone98redux.exe,23,0.1608,14304,20.002
fourteam_fire_postfix,34852,RenderSystem_Direct3D11.dll+0x3ee0,RenderSystem_Direct3D11.dll,23,0.1608,14304,20.002
fourteam_fire_postfix,34852,OgreMain.dll!?isInLightRange@Light@Ogre@@QBE_NABVSphere@2@@Z+0x7e,OgreMain.dll,23,0.1608,14304,20.002
fourteam_fire_postfix,34852,RenderSystem_Direct3D11.dll!?getMonitorSequentialNumberFromSwapChain@MonitorInfo@Ogre@@QAEGPAUIDXGISwapChain@@_N@Z+0x27a7,RenderSystem_Direct3D11.dll,22,0.1538,14304,20.002
fourteam_fire_postfix,34852,RenderSystem_Direct3D11.dll!?bindToShader@D3D11VertexDeclaration@Ogre@@QAEXPAVD3D11HLSLProgram@2@PAVVertexBufferBinding@2@@Z+0xa,RenderSystem_Direct3D11.dll,22,0.1538,14304,20.002
fourteam_fire_postfix,34852,d3d11.dll+0x2b4fb,d3d11.dll,22,0.1538,14304,20.002
fourteam_fire_postfix,34852,OgreMain.dll!?_calcTempSquareDist@Light@Ogre@@QAEXABVVector3@2@@Z+0x4c,OgreMain.dll,22,0.1538,14304,20.002
fourteam_fire_postfix,34852,OgreMain.dll!?findLightsAffectingFrustum@SceneManager@Ogre@@MAEXPBVCamera@2@@Z+0xd8,OgreMain.dll,22,0.1538,14304,20.002
fourteam_fire_postfix,34852,OgreMain.dll!?getVertexProgramParameters@Pass@Ogre@@QBE?AV?$SharedPtr@VGpuProgramParameters@Ogre@@@2@XZ+0x127,OgreMain.dll,21,0.1468,14304,20.002
fourteam_fire_postfix,34852,OgreMain.dll!?getHasInstanceData@VertexBufferBinding@Ogre@@UBE_NXZ+0x5,OgreMain.dll,21,0.1468,14304,20.002
fourteam_fire_postfix,34852,OgreMain.dll!?isFloat@GpuConstantDefinition@Ogre@@SA_NW4GpuConstantType@2@@Z+0x1a,OgreMain.dll,21,0.1468,14304,20.002
fourteam_fire_postfix,34852,OgreMain.dll!?angleBetween@Vector3@Ogre@@QBE?AVRadian@2@ABV12@@Z+0xd0,OgreMain.dll,21,0.1468,14304,20.002
fourteam_fire_postfix,34852,MSVCR120.dll!__libm_sse2_acosf+0xe8,MSVCR120.dll,21,0.1468,14304,20.002
fourteam_fire_postfix,34852,OgreMain.dll!?_populateLightList@SceneManager@Ogre@@UAEXABVVector3@2@MAAV?$HashedVector@PAVLight@Ogre@@@2@I@Z+0x136,OgreMain.dll,21,0.1468,14304,20.002
fourteam_fire_postfix,34852,battlezone98redux.exe!sub_447e50,battlezone98redux.exe,21,0.1468,14304,20.002
fourteam_fire_postfix,34852,OgreMain.dll!?isInLightRange@Light@Ogre@@QBE_NABVSphere@2@@Z+0x161,OgreMain.dll,21,0.1468,14304,20.002
fourteam_fire_postfix,34852,battlezone98redux.exe!sub_81f1e0,battlezone98redux.exe,20,0.1398,14304,20.002
fourteam_fire_postfix,34852,OgreMain.dll!?isInLightRange@Light@Ogre@@QBE_NABVSphere@2@@Z+0x2b,OgreMain.dll,20,0.1398,14304,20.002
fourteam_fire_postfix,34852,OgreMain.dll!?ACos@Math@Ogre@@SA?AVRadian@2@M@Z+0xf,OgreMain.dll,20,0.1398,14304,20.002
fourteam_fire_postfix,34852,battlezone98redux.exe!sub_445d90,battlezone98redux.exe,20,0.1398,14304,20.002
fourteam_fire_postfix,34852,battlezone98redux.exe!sub_4da060,battlezone98redux.exe,20,0.1398,14304,20.002
fourteam_fire_postfix,34852,OgreMain.dll!?_calcTempSquareDist@Light@Ogre@@QAEXABVVector3@2@@Z+0x25,OgreMain.dll,20,0.1398,14304,20.002
fourteam_fire_postfix,34852,"battlezone98redux.exe!FID_conflict:_Vector_const_iterator<class_std::_Vector_val<struct_std::_Simple_types<class_std::shared_ptr<struct_Concurrency::details::_Task_impl<struct_std::pair<unsigned_char,class_Concurrency::details::_CancellationTokenState*>_>_>_>_>_>",battlezone98redux.exe,20,0.1398,14304,20.002
fourteam_fire_postfix,34852,OgreMain.dll!?getDistance@Plane@Ogre@@QBEMABVVector3@2@@Z+0x37,OgreMain.dll,20,0.1398,14304,20.002
fourteam_fire_postfix,34852,OgreMain.dll!?getNumWorldTransforms@SubEntity@Ogre@@UBEGXZ+0xe,OgreMain.dll,19,0.1328,14304,20.002
fourteam_fire_postfix,34852,battlezone98redux.exe!sub_492d60,battlezone98redux.exe,19,0.1328,14304,20.002
fourteam_fire_postfix,34852,OgreMain.dll!?_calcTempSquareDist@Light@Ogre@@QAEXABVVector3@2@@Z+0x58,OgreMain.dll,19,0.1328,14304,20.002
fourteam_fire_postfix,34852,battlezone98redux.exe!sub_4461b0,battlezone98redux.exe,19,0.1328,14304,20.002
fourteam_fire_postfix,34852,battlezone98redux.exe!sub_4ebfd0,battlezone98redux.exe,19,0.1328,14304,20.002
fourteam_fire_postfix,34852,OgreMain.dll!?_populateLightList@SceneManager@Ogre@@UAEXABVVector3@2@MAAV?$HashedVector@PAVLight@Ogre@@@2@I@Z+0xbd,OgreMain.dll,19,0.1328,14304,20.002
fourteam_fire_postfix,34852,battlezone98redux.exe!sub_462710,battlezone98redux.exe,19,0.1328,14304,20.002
fourteam_fire_postfix,34852,OgreMain.dll!?isHardwareAnimationEnabled@Entity@Ogre@@QAE_NXZ+0x43,OgreMain.dll,19,0.1328,14304,20.002
fourteam_fire_postfix,34852,battlezone98redux.exe!sub_81fd40,battlezone98redux.exe,19,0.1328,14304,20.002
fourteam_fire_postfix,34852,OgreMain.dll!?_findVisibleObjects@SceneNode@Ogre@@UAEXPAVCamera@2@PAVRenderQueue@2@PAUVisibleObjectsBoundsInfo@2@_N33@Z+0x4c,OgreMain.dll,19,0.1328,14304,20.002
fourteam_fire_postfix,34852,OgreMain.dll!?getVertexProgramParameters@Pass@Ogre@@QBE?AV?$SharedPtr@VGpuProgramParameters@Ogre@@@2@XZ+0x133,OgreMain.dll,18,0.1258,14304,20.002
fourteam_fire_postfix,34852,battlezone98redux.exe!sub_62bf70,battlezone98redux.exe,18,0.1258,14304,20.002
fourteam_fire_postfix,34852,MSVCR120.dll!__libm_sse2_asinf+0xa0,MSVCR120.dll,18,0.1258,14304,20.002
fourteam_fire_postfix,34852,RenderSystem_Direct3D11.dll!?_render@D3D11RenderSystem@Ogre@@UAEXABVRenderOperation@2@@Z+0x5b,RenderSystem_Direct3D11.dll,18,0.1258,14304,20.002
fourteam_fire_postfix,34852,battlezone98redux.exe!sub_81fa10,battlezone98redux.exe,18,0.1258,14304,20.002
fourteam_fire_postfix,34852,OgreMain.dll!?update@Light@Ogre@@MBEXXZ+0xda,OgreMain.dll,18,0.1258,14304,20.002
fourteam_fire_postfix,34852,OgreMain.dll!?getDerivedPosition@Light@Ogre@@QBEABVVector3@2@_N@Z+0x8,OgreMain.dll,18,0.1258,14304,20.002
fourteam_fire_postfix,34852,battlezone98redux.exe!sub_6111e0,battlezone98redux.exe,18,0.1258,14304,20.002
fourteam_fire_postfix,34852,OgreMain.dll!?update@Light@Ogre@@MBEXXZ,OgreMain.dll,18,0.1258,14304,20.002
fourteam_fire_postfix,34852,ntdll.dll!_RtlpLocalInfoAllocFromCache@8+0x279,ntdll.dll,18,0.1258,14304,20.002
fourteam_fire_postfix,34852,OgreMain.dll!?getFragmentProgramParameters@Pass@Ogre@@QBE?AV?$SharedPtr@VGpuProgramParameters@Ogre@@@2@XZ+0x7a,OgreMain.dll,18,0.1258,14304,20.002
fourteam_fire_postfix,34852,win32u.dll!_NtGdiDdDDIQueryVidPnExclusiveOwnership@4+0xc,win32u.dll,18,0.1258,14304,20.002
fourteam_fire_postfix,34852,d3d11.dll!D3D11CoreCreateDevice+0x26530,d3d11.dll,18,0.1258,14304,20.002
fourteam_fire_postfix,34852,KERNEL32.DLL!GetCurrentThreadId,KERNEL32.DLL,17,0.1188,14304,20.002
fourteam_fire_postfix,34852,battlezone98redux.exe!sub_440210,battlezone98redux.exe,17,0.1188,14304,20.002
fourteam_fire_postfix,34852,d3d11.dll+0x35e90,d3d11.dll,17,0.1188,14304,20.002
fourteam_fire_postfix,34852,OgreMain.dll!?getLightMask@MovableObject@Ogre@@UBEIXZ,OgreMain.dll,17,0.1188,14304,20.002
fourteam_fire_postfix,34852,battlezone98redux.exe!sub_442f40,battlezone98redux.exe,17,0.1188,14304,20.002
fourteam_fire_postfix,34852,battlezone98redux.exe!sub_44de20,battlezone98redux.exe,17,0.1188,14304,20.002
fourteam_fire_postfix,34852,RenderSystem_Direct3D11.dll!?_render@D3D11RenderSystem@Ogre@@UAEXABVRenderOperation@2@@Z+0x97,RenderSystem_Direct3D11.dll,17,0.1188,14304,20.002
fourteam_fire_postfix,34852,nvwgf2um.dll!NVENCODEAPI_Thunk+0x2175ea,nvwgf2um.dll,17,0.1188,14304,20.002
fourteam_fire_postfix,34852,OgreMain.dll!?_populateLightList@SceneManager@Ogre@@UAEXABVVector3@2@MAAV?$HashedVector@PAVLight@Ogre@@@2@I@Z+0x142,OgreMain.dll,16,0.1119,14304,20.002
fourteam_fire_postfix,34852,RenderSystem_Direct3D11.dll!?getILayoutByShader@D3D11VertexDeclaration@Ogre@@IAEPAUID3D11InputLayout@@PAVD3D11HLSLProgram@2@PAVVertexBufferBinding@2@@Z+0x6a,RenderSystem_Direct3D11.dll,16,0.1119,14304,20.002
fourteam_fire_postfix,34852,OgreMain.dll!??4GpuSharedParametersUsage@Ogre@@QAEAAV01@ABV01@@Z+0x2742,OgreMain.dll,16,0.1119,14304,20.002
fourteam_fire_postfix,34852,RenderSystem_Direct3D11.dll+0x4b38,RenderSystem_Direct3D11.dll,16,0.1119,14304,20.002
fourteam_fire_postfix,34852,ntdll.dll!_ZwCallbackReturn@12+0xc,ntdll.dll,16,0.1119,14304,20.002
fourteam_fire_postfix,34852,OgreMain.dll!?ASin@Math@Ogre@@SA?AVRadian@2@M@Z+0x11,OgreMain.dll,16,0.1119,14304,20.002
fourteam_fire_postfix,34852,battlezone98redux.exe!sub_448e60,battlezone98redux.exe,16,0.1119,14304,20.002
fourteam_fire_postfix,34852,win32u.dll!_NtUserSetCursorPos@8+0xc,win32u.dll,16,0.1119,14304,20.002
fourteam_fire_postfix,34852,battlezone98redux.exe!sub_440e60,battlezone98redux.exe,15,0.1049,14304,20.002
fourteam_fire_postfix,34852,MSVCR120.dll!__libm_sse2_acosf+0x93,MSVCR120.dll,15,0.1049,14304,20.002
fourteam_fire_postfix,34852,OgreMain.dll!?_populateLightList@SceneManager@Ogre@@UAEXABVVector3@2@MAAV?$HashedVector@PAVLight@Ogre@@@2@I@Z+0x140,OgreMain.dll,15,0.1049,14304,20.002
fourteam_fire_postfix,34852,battlezone98redux.exe!sub_480470,battlezone98redux.exe,15,0.1049,14304,20.002
fourteam_fire_postfix,34852,battlezone98redux.exe!sub_442fd0,battlezone98redux.exe,15,0.1049,14304,20.002
fourteam_fire_postfix,34852,MSVCR120.dll!__libm_sse2_acosf+0xe4,MSVCR120.dll,15,0.1049,14304,20.002
fourteam_fire_postfix,34852,OgreMain.dll!??4GpuSharedParametersUsage@Ogre@@QAEAAV01@ABV01@@Z+0x2704,OgreMain.dll,15,0.1049,14304,20.002
fourteam_fire_postfix,34852,OgreMain.dll!?_findNamedConstantDefinition@GpuProgramParameters@Ogre@@QBEPBUGpuConstantDefinition@2@ABV?$basic_string@DU?$char_traits@D@std@@V?$allocator@D@2@@std@@_N@Z+0xdb,OgreMain.dll,15,0.1049,14304,20.002
fourteam_fire_postfix,34852,MSVCR120.dll!__libm_sse2_asinf+0x50,MSVCR120.dll,15,0.1049,14304,20.002
fourteam_fire_postfix,34852,OgreMain.dll!?getProgram@Pass@Ogre@@IBEABV?$SharedPtr@VGpuProgram@Ogre@@@2@PBQAVGpuProgramUsage@2@@Z+0x44,OgreMain.dll,15,0.1049,14304,20.002
fourteam_fire_postfix,34852,battlezone98redux.exe!sub_583dc0,battlezone98redux.exe,15,0.1049,14304,20.002
fourteam_fire_postfix,34852,battlezone98redux.exe!sub_44d670,battlezone98redux.exe,15,0.1049,14304,20.002
fourteam_fire_postfix,34852,OgreMain.dll!?createTechnique@Material@Ogre@@QAEPAVTechnique@2@XZ+0xa3b,OgreMain.dll,15,0.1049,14304,20.002
fourteam_fire_postfix,34852,OgreMain.dll!?_findVisibleObjects@SceneNode@Ogre@@UAEXPAVCamera@2@PAVRenderQueue@2@PAUVisibleObjectsBoundsInfo@2@_N33@Z+0x76,OgreMain.dll,15,0.1049,14304,20.002
fourteam_fire_postfix,34852,OgreMain.dll+0x41fb,OgreMain.dll,15,0.1049,14304,20.002
fourteam_fire_postfix,34852,MSVCR120.dll!ceil+0x1ce,MSVCR120.dll,15,0.1049,14304,20.002
fourteam_fire_postfix,34852,WINMM.dll@6ea10000!BZROpenShim::`anonymous namespace'::InstallEmissionLightFixIfPossible+0xa2,WINMM.dll@6ea10000,15,0.1049,14304,20.002
fourteam_fire_postfix,34852,OgreMain.dll!?addRenderable@RenderQueue@Ogre@@QAEXPAVRenderable@2@EG@Z+0x39,OgreMain.dll,14,0.0979,14304,20.002
fourteam_fire_postfix,34852,OgreMain.dll!?touchVertexBufferCopy@HardwareBufferManagerBase@Ogre@@UAEXABVHardwareVertexBufferSharedPtr@2@@Z+0x47,OgreMain.dll,14,0.0979,14304,20.002
fourteam_fire_postfix,34852,battlezone98redux.exe!sub_458d70,battlezone98redux.exe,14,0.0979,14304,20.002
fourteam_fire_postfix,34852,ntdll.dll!_ZwOpenThread@16+0xc,ntdll.dll,14,0.0979,14304,20.002
fourteam_fire_postfix,34852,OgreMain.dll!?_calcTempSquareDist@Light@Ogre@@QAEXABVVector3@2@@Z+0x20,OgreMain.dll,14,0.0979,14304,20.002
fourteam_fire_postfix,34852,MSVCR120.dll!__libm_sse2_acosf+0xec,MSVCR120.dll,14,0.0979,14304,20.002
fourteam_fire_postfix,34852,OgreMain.dll!??4GpuSharedParametersUsage@Ogre@@QAEAAV01@ABV01@@Z+0x2785,OgreMain.dll,14,0.0979,14304,20.002
fourteam_fire_postfix,34852,OgreMain.dll!?getDerivedPosition@Light@Ogre@@QBEABVVector3@2@_N@Z+0x29,OgreMain.dll,14,0.0979,14304,20.002
fourteam_fire_postfix,34852,RenderSystem_Direct3D11.dll!?getD3DVertexBuffer@D3D11HardwareVertexBuffer@Ogre@@QBEPAUID3D11Buffer@@XZ+0x6,RenderSystem_Direct3D11.dll,14,0.0979,14304,20.002
fourteam_fire_postfix,34852,ntdll.dll!_ZwTraceEvent@16+0xc,ntdll.dll,14,0.0979,14304,20.002
fourteam_fire_postfix,34852,d3d11.dll+0x2703e,d3d11.dll,14,0.0979,14304,20.002
fourteam_fire_postfix,34852,battlezone98redux.exe!sub_4415f0,battlezone98redux.exe,14,0.0979,14304,20.002
fourteam_fire_postfix,34852,OgreMain.dll!?ASin@Math@Ogre@@SA?AVRadian@2@M@Z+0xf,OgreMain.dll,14,0.0979,14304,20.002
fourteam_fire_postfix,34852,nvwgf2um.dll!NVENCODEAPI_Thunk+0x21760e,nvwgf2um.dll,14,0.0979,14304,20.002
fourteam_fire_postfix,34852,OgreMain.dll!?getSide@Plane@Ogre@@QBE?AW4Side@12@ABVVector3@2@0@Z+0x4b,OgreMain.dll,13,0.0909,14304,20.002
fourteam_fire_postfix,34852,WINMM.dll@6ea10000!BZROpenShim::`anonymous namespace'::IsOgreEntityObject+0x44,WINMM.dll@6ea10000,13,0.0909,14304,20.002
fourteam_fire_postfix,34852,RenderSystem_Direct3D11.dll!??0D3D11RenderWindowSwapChainBased@Ogre@@QAE@ABV01@@Z+0x310,RenderSystem_Direct3D11.dll,13,0.0909,14304,20.002
fourteam_fire_postfix,34852,ntdll.dll!_ZwWaitForSingleObject@12+0xc,ntdll.dll,13,0.0909,14304,20.002
fourteam_fire_postfix,34852,OgreMain.dll!?isInLightRange@Light@Ogre@@QBE_NABVSphere@2@@Z+0xe4,OgreMain.dll,13,0.0909,14304,20.002
fourteam_fire_postfix,34852,MSVCR120.dll!__libm_sse2_asinf+0x3a,MSVCR120.dll,13,0.0909,14304,20.002
fourteam_fire_postfix,34852,ntdll.dll!_ZwWriteFile@36+0xc,ntdll.dll,13,0.0909,14304,20.002
fourteam_fire_postfix,34852,battlezone98redux.exe!destroy<>,battlezone98redux.exe,13,0.0909,14304,20.002
fourteam_fire_postfix,34852,d3d11.dll!CreateDirect3D11DeviceFromDXGIDevice+0x9da48,d3d11.dll,13,0.0909,14304,20.002
fourteam_fire_postfix,34852,battlezone98redux.exe!sub_8309f4,battlezone98redux.exe,13,0.0909,14304,20.002
fourteam_fire_postfix,34852,battlezone98redux.exe!sub_6895d0,battlezone98redux.exe,13,0.0909,14304,20.002
fourteam_fire_postfix,34852,battlezone98redux.exe!sub_479f30,battlezone98redux.exe,13,0.0909,14304,20.002
fourteam_fire_postfix,34852,battlezone98redux.exe!sub_440300,battlezone98redux.exe,13,0.0909,14304,20.002
fourteam_fire_postfix,34852,OgreMain.dll!?getConstantDefinition@GpuProgramParameters@Ogre@@QBEABUGpuConstantDefinition@2@ABV?$basic_string@DU?$char_traits@D@std@@V?$allocator@D@2@@std@@@Z+0xd2,OgreMain.dll,12,0.0839,14304,20.002
fourteam_fire_postfix,34852,OgreMain.dll!?angleBetween@Vector3@Ogre@@QBE?AVRadian@2@ABV12@@Z+0x9b,OgreMain.dll,12,0.0839,14304,20.002
fourteam_fire_postfix,34852,OgreMain.dll!?clone@Animation@Ogre@@QBEPAV12@ABV?$basic_string@DU?$char_traits@D@std@@V?$allocator@D@2@@std@@@Z+0x2c6,OgreMain.dll,12,0.0839,14304,20.002
fourteam_fire_postfix,34852,OgreMain.dll!?_writeRawConstant@GpuProgramParameters@Ogre@@QAEXIABVVector4@2@I@Z+0x25,OgreMain.dll,12,0.0839,14304,20.002
fourteam_fire_postfix,34852,battlezone98redux.exe!sub_7783d0,battlezone98redux.exe,12,0.0839,14304,20.002
fourteam_fire_postfix,34852,OgreMain.dll!?findLightsAffectingFrustum@SceneManager@Ogre@@MAEXPBVCamera@2@@Z+0xc0,OgreMain.dll,12,0.0839,14304,20.002
fourteam_fire_postfix,34852,d3d11.dll+0x27041,d3d11.dll,12,0.0839,14304,20.002
fourteam_fire_postfix,34852,OgreMain.dll!?clone@Animation@Ogre@@QBEPAV12@ABV?$basic_string@DU?$char_traits@D@std@@V?$allocator@D@2@@std@@@Z+0x249,OgreMain.dll,12,0.0839,14304,20.002
fourteam_fire_postfix,34852,MSVCR120.dll!__libm_sse2_acosf+0xc4,MSVCR120.dll,12,0.0839,14304,20.002
fourteam_fire_postfix,34852,battlezone98redux.exe!sub_42de70,battlezone98redux.exe,12,0.0839,14304,20.002
fourteam_fire_postfix,34852,battlezone98redux.exe!sub_45d240,battlezone98redux.exe,12,0.0839,14304,20.002
fourteam_fire_postfix,34852,RenderSystem_Direct3D11.dll!?getConstantBuffer@D3D11HLSLProgram@Ogre@@QAEPAUID3D11Buffer@@V?$SharedPtr@VGpuProgramParameters@Ogre@@@2@G@Z+0x1d1,RenderSystem_Direct3D11.dll,12,0.0839,14304,20.002
fourteam_fire_postfix,34852,OgreMain.dll!?isInLightRange@Light@Ogre@@QBE_NABVSphere@2@@Z+0x134,OgreMain.dll,12,0.0839,14304,20.002
fourteam_fire_postfix,34852,WINMM.dll@6ea10000!BZROpenShim::`anonymous namespace'::CaptureChunkBridgeSnapshot+0x120,WINMM.dll@6ea10000,12,0.0839,14304,20.002
fourteam_fire_postfix,34852,battlezone98redux.exe!sub_6116a0,battlezone98redux.exe,11,0.0769,14304,20.002
fourteam_fire_postfix,34852,OgreMain.dll!?getFragmentProgramParameters@Pass@Ogre@@QBE?AV?$SharedPtr@VGpuProgramParameters@Ogre@@@2@XZ+0x86,OgreMain.dll,11,0.0769,14304,20.002
fourteam_fire_postfix,34852,OgreMain.dll!?getChildObjectsBoundingBox@Entity@Ogre@@QBE?AVAxisAlignedBox@2@XZ+0xfa,OgreMain.dll,11,0.0769,14304,20.002
fourteam_fire_postfix,34852,OgreMain.dll!??4GpuSharedParametersUsage@Ogre@@QAEAAV01@ABV01@@Z+0x2700,OgreMain.dll,11,0.0769,14304,20.002
fourteam_fire_postfix,34852,OgreMain.dll!?processVisibleObject@RenderQueue@Ogre@@QAEXPAVMovableObject@2@PAVCamera@2@_NPAUVisibleObjectsBoundsInfo@2@@Z+0x11,OgreMain.dll,11,0.0769,14304,20.002
fourteam_fire_postfix,34852,battlezone98redux.exe!sub_4deaa0,battlezone98redux.exe,11,0.0769,14304,20.002
fourteam_fire_postfix,34852,MSVCR120.dll!__libm_sse2_acosf+0x1b6,MSVCR120.dll,11,0.0769,14304,20.002
fourteam_fire_postfix,34852,OgreMain.dll!?RealEqual@Math@Ogre@@SA_NMMM@Z+0xd,OgreMain.dll,11,0.0769,14304,20.002
fourteam_fire_postfix,34852,battlezone98redux.exe!sub_417910,battlezone98redux.exe,11,0.0769,14304,20.002
fourteam_fire_postfix,34852,battlezone98redux.exe!sub_452580,battlezone98redux.exe,11,0.0769,14304,20.002
fourteam_fire_postfix,34852,battlezone98redux.exe!sub_83e885,battlezone98redux.exe,11,0.0769,14304,20.002
fourteam_fire_postfix,34852,OgreMain.dll!??4GpuSharedParametersUsage@Ogre@@QAEAAV01@ABV01@@Z+0x2723,OgreMain.dll,11,0.0769,14304,20.002
fourteam_fire_postfix,34852,MSVCR120.dll!__libm_sse2_asinf+0x23c,MSVCR120.dll,11,0.0769,14304,20.002
fourteam_fire_postfix,34852,OgreMain.dll!??4GpuSharedParametersUsage@Ogre@@QAEAAV01@ABV01@@Z+0x27b5,OgreMain.dll,11,0.0769,14304,20.002
fourteam_fire_postfix,34852,OgreMain.dll!?_findNamedConstantDefinition@GpuProgramParameters@Ogre@@QBEPBUGpuConstantDefinition@2@ABV?$basic_string@DU?$char_traits@D@std@@V?$allocator@D@2@@std@@_N@Z+0xba,OgreMain.dll,11,0.0769,14304,20.002
fourteam_fire_postfix,34852,battlezone98redux.exe!sub_686600,battlezone98redux.exe,11,0.0769,14304,20.002
fourteam_fire_postfix,34852,OgreMain.dll!?determinant@Matrix4@Ogre@@QBEMXZ+0x159,OgreMain.dll,11,0.0769,14304,20.002
fourteam_fire_postfix,34852,OgreMain.dll!?getWorldViewProjMatrix@AutoParamDataSource@Ogre@@UBEABVMatrix4@2@XZ+0x39c,OgreMain.dll,11,0.0769,14304,20.002
fourteam_fire_postfix,34852,OgreMain.dll!?getConstantDefinition@GpuProgramParameters@Ogre@@QBEABUGpuConstantDefinition@2@ABV?$basic_string@DU?$char_traits@D@std@@V?$allocator@D@2@@std@@@Z+0xe4,OgreMain.dll,11,0.0769,14304,20.002
fourteam_fire_postfix,34852,battlezone98redux.exe!sub_44dca0,battlezone98redux.exe,11,0.0769,14304,20.002
fourteam_fire_postfix,34852,ntdll.dll!_ZwWaitForMultipleObjects@20+0xc,ntdll.dll,11,0.0769,14304,20.002
fourteam_fire_postfix,34852,OgreMain.dll!?findLightsAffectingFrustum@SceneManager@Ogre@@MAEXPBVCamera@2@@Z+0xca,OgreMain.dll,11,0.0769,14304,20.002
fourteam_fire_postfix,34852,battlezone98redux.exe!sub_440000,battlezone98redux.exe,10,0.0699,14304,20.002
fourteam_fire_postfix,34852,OgreMain.dll!?isInLightRange@Light@Ogre@@QBE_NABVSphere@2@@Z+0x130,OgreMain.dll,10,0.0699,14304,20.002
fourteam_fire_postfix,34852,OgreMain.dll!?FastHash@Ogre@@YAIPBDHI@Z+0x6,OgreMain.dll,10,0.0699,14304,20.002
fourteam_fire_postfix,34852,MSVCR120.dll!__libm_sse2_acosf+0x1f1,MSVCR120.dll,10,0.0699,14304,20.002
fourteam_fire_postfix,34852,RenderSystem_Direct3D11.dll!?getMonitorSequentialNumberFromSwapChain@MonitorInfo@Ogre@@QAEGPAUIDXGISwapChain@@_N@Z+0x2ab9,RenderSystem_Direct3D11.dll,10,0.0699,14304,20.002
fourteam_fire_postfix,34852,OgreMain.dll!??4GpuSharedParametersUsage@Ogre@@QAEAAV01@ABV01@@Z+0x2758,OgreMain.dll,10,0.0699,14304,20.002
fourteam_fire_postfix,34852,RenderSystem_Direct3D11.dll!?_render@D3D11RenderSystem@Ogre@@UAEXABVRenderOperation@2@@Z+0x9a,RenderSystem_Direct3D11.dll,10,0.0699,14304,20.002
fourteam_fire_postfix,34852,OgreMain.dll!??4GpuSharedParametersUsage@Ogre@@QAEAAV01@ABV01@@Z+0x2744,OgreMain.dll,10,0.0699,14304,20.002
fourteam_fire_postfix,34852,OgreMain.dll!?createTechnique@Material@Ogre@@QAEPAVTechnique@2@XZ+0xaf6,OgreMain.dll,10,0.0699,14304,20.002
fourteam_fire_postfix,34852,OgreMain.dll!?isInLightRange@Light@Ogre@@QBE_NABVSphere@2@@Z+0x35,OgreMain.dll,10,0.0699,14304,20.002
fourteam_fire_postfix,34852,OgreMain.dll!?getSide@Plane@Ogre@@QBE?AW4Side@12@ABVVector3@2@0@Z+0x63,OgreMain.dll,10,0.0699,14304,20.002
fourteam_fire_postfix,34852,OgreMain.dll!?findLightsAffectingFrustum@SceneManager@Ogre@@MAEXPBVCamera@2@@Z+0xfa,OgreMain.dll,10,0.0699,14304,20.002
fourteam_fire_postfix,34852,OgreMain.dll!?_updateAutoParams@GpuProgramParameters@Ogre@@QAEXPBVAutoParamDataSource@2@G@Z+0x84,OgreMain.dll,10,0.0699,14304,20.002
fourteam_fire_postfix,34852,ntdll.dll!_ZwSetInformationThread@16+0xc,ntdll.dll,10,0.0699,14304,20.002
fourteam_fire_postfix,34852,OgreMain.dll!?getWorldBoundingSphere@MovableObject@Ogre@@UBEABVSphere@2@_N@Z+0x4a,OgreMain.dll,10,0.0699,14304,20.002
fourteam_fire_postfix,34852,battlezone98redux.exe!FID_conflict:operator!=,battlezone98redux.exe,10,0.0699,14304,20.002
fourteam_fire_postfix,34852,RenderSystem_Direct3D11.dll!?getMonitorSequentialNumberFromSwapChain@MonitorInfo@Ogre@@QAEGPAUIDXGISwapChain@@_N@Z+0x2797,RenderSystem_Direct3D11.dll,10,0.0699,14304,20.002
fourteam_fire_postfix,34852,OgreMain.dll!?touchVertexBufferCopy@HardwareBufferManagerBase@Ogre@@UAEXABVHardwareVertexBufferSharedPtr@2@@Z+0x7e,OgreMain.dll,10,0.0699,14304,20.002
fourteam_fire_postfix,34852,MSVCR120.dll!wcschr+0xca,MSVCR120.dll,10,0.0699,14304,20.002
fourteam_fire_postfix,34852,OgreMain.dll!?isHardwareAnimationEnabled@Entity@Ogre@@QAE_NXZ+0x2c,OgreMain.dll,10,0.0699,14304,20.002
fourteam_fire_postfix,34852,battlezone98redux.exe!sub_447e90,battlezone98redux.exe,10,0.0699,14304,20.002
fourteam_fire_postfix,34852,OgreMain.dll!?getSide@Plane@Ogre@@QBE?AW4Side@12@ABVVector3@2@0@Z+0x4f,OgreMain.dll,9,0.0629,14304,20.002
fourteam_fire_postfix,34852,battlezone98redux.exe!sub_442e70,battlezone98redux.exe,9,0.0629,14304,20.002
fourteam_fire_postfix,34852,OgreMain.dll!?_writeRawConstant@GpuProgramParameters@Ogre@@QAEXIABVVector4@2@I@Z+0x27,OgreMain.dll,9,0.0629,14304,20.002
fourteam_fire_postfix,34852,OgreMain.dll!?_findNamedConstantDefinition@GpuProgramParameters@Ogre@@QBEPBUGpuConstantDefinition@2@ABV?$basic_string@DU?$char_traits@D@std@@V?$allocator@D@2@@std@@_N@Z+0xfe,OgreMain.dll,9,0.0629,14304,20.002
fourteam_fire_postfix,34852,win32u.dll!_NtGdiDdDDIGetDeviceState@4+0xc,win32u.dll,9,0.0629,14304,20.002
fourteam_fire_postfix,34852,OgreMain.dll!?touchVertexBufferCopy@HardwareBufferManagerBase@Ogre@@UAEXABVHardwareVertexBufferSharedPtr@2@@Z+0x3d,OgreMain.dll,9,0.0629,14304,20.002
fourteam_fire_postfix,34852,OgreMain.dll!?isInLightRange@Light@Ogre@@QBE_NABVSphere@2@@Z+0x70,OgreMain.dll,9,0.0629,14304,20.002
fourteam_fire_postfix,34852,MSVCR120.dll!memcpy+0x57,MSVCR120.dll,9,0.0629,14304,20.002
fourteam_fire_postfix,34852,ntdll.dll!_ZwReleaseMutant@8+0xc,ntdll.dll,9,0.0629,14304,20.002
fourteam_fire_postfix,34852,MSVCR120.dll!__libm_sse2_acosf+0x169,MSVCR120.dll,9,0.0629,14304,20.002
fourteam_fire_postfix,34852,battlezone98redux.exe!sub_774f80,battlezone98redux.exe,9,0.0629,14304,20.002
fourteam_fire_postfix,34852,OgreMain.dll!?getBoundingBox@Entity@Ogre@@UBEABVAxisAlignedBox@2@XZ+0x3d,OgreMain.dll,9,0.0629,14304,20.002
fourteam_fire_postfix,34852,battlezone98redux.exe!sub_4976f0,battlezone98redux.exe,9,0.0629,14304,20.002
fourteam_fire_postfix,34852,OgreMain.dll!?angleBetween@Vector3@Ogre@@QBE?AVRadian@2@ABV12@@Z+0xcc,OgreMain.dll,9,0.0629,14304,20.002
fourteam_fire_postfix,34852,battlezone98redux.exe!sub_44cb70,battlezone98redux.exe,9,0.0629,14304,20.002
fourteam_fire_postfix,34852,MSVCR120.dll!__libm_sse2_acosf+0x130,MSVCR120.dll,9,0.0629,14304,20.002
fourteam_fire_postfix,34852,battlezone98redux.exe!sub_421ee0,battlezone98redux.exe,9,0.0629,14304,20.002
fourteam_fire_postfix,34852,battlezone98redux.exe!sub_593200,battlezone98redux.exe,9,0.0629,14304,20.002
fourteam_fire_postfix,34852,OgreMain.dll!?getHasInstanceData@VertexBufferBinding@Ogre@@UBE_NXZ+0x45,OgreMain.dll,9,0.0629,14304,20.002
fourteam_fire_postfix,34852,battlezone98redux.exe!sub_785730,battlezone98redux.exe,9,0.0629,14304,20.002
fourteam_fire_postfix,34852,OgreMain.dll!?getBestTechnique@Material@Ogre@@QAEPAVTechnique@2@GPBVRenderable@2@@Z+0xf6,OgreMain.dll,8,0.0559,14304,20.002
fourteam_fire_postfix,34852,ntdll.dll!_RtlpLocalInfoAllocFromCache@8+0x36,ntdll.dll,8,0.0559,14304,20.002
fourteam_fire_postfix,34852,OgreMain.dll!?buffersCheckedOut@TempBlendedBufferInfo@Ogre@@QBE_N_N0@Z+0x2f,OgreMain.dll,8,0.0559,14304,20.002
fourteam_fire_postfix,34852,battlezone98redux.exe!sub_4178a0,battlezone98redux.exe,8,0.0559,14304,20.002
fourteam_fire_postfix,34852,MSVCR120.dll!__libm_sse2_acosf+0x10d,MSVCR120.dll,8,0.0559,14304,20.002
fourteam_fire_postfix,34852,battlezone98redux.exe!sub_417f60,battlezone98redux.exe,8,0.0559,14304,20.002
fourteam_fire_postfix,34852,OgreMain.dll!?getUseIdentityProjection@Renderable@Ogre@@QBE_NXZ,OgreMain.dll,8,0.0559,14304,20.002
fourteam_fire_postfix,34852,battlezone98redux.exe!sub_679d70,battlezone98redux.exe,8,0.0559,14304,20.002
fourteam_fire_postfix,34852,d3d11.dll!CreateDirect3D11DeviceFromDXGIDevice+0xbc53d,d3d11.dll,8,0.0559,14304,20.002
fourteam_fire_postfix,34852,RenderSystem_Direct3D11.dll+0x2554,RenderSystem_Direct3D11.dll,8,0.0559,14304,20.002
fourteam_fire_postfix,34852,OgreMain.dll+0x33460,OgreMain.dll,8,0.0559,14304,20.002
fourteam_fire_postfix,34852,RenderSystem_Direct3D11.dll!?uninstall@D3D11Plugin@Ogre@@UAEXXZ+0x50e2,RenderSystem_Direct3D11.dll,8,0.0559,14304,20.002
fourteam_fire_postfix,34852,OgreMain.dll!?createTechnique@Material@Ogre@@QAEPAVTechnique@2@XZ+0xaff,OgreMain.dll,8,0.0559,14304,20.002
fourteam_fire_postfix,34852,battlezone98redux.exe!sub_5938f0,battlezone98redux.exe,8,0.0559,14304,20.002
fourteam_fire_postfix,34852,d3d11.dll!CreateDirect3D11DeviceFromDXGIDevice+0xa45e0,d3d11.dll,8,0.0559,14304,20.002
fourteam_fire_postfix,34852,MSVCR120.dll!__libm_sse2_acosf+0x1b2,MSVCR120.dll,8,0.0559,14304,20.002
fourteam_fire_postfix,34852,battlezone98redux.exe!sub_46eaf0,battlezone98redux.exe,8,0.0559,14304,20.002
fourteam_fire_postfix,34852,OgreMain.dll!?angleBetween@Vector3@Ogre@@QBE?AVRadian@2@ABV12@@Z+0xbf,OgreMain.dll,8,0.0559,14304,20.002
fourteam_fire_postfix,34852,OgreMain.dll!?_notifyCurrentCamera@Entity@Ogre@@UAEXPAVCamera@2@@Z+0x109,OgreMain.dll,8,0.0559,14304,20.002
fourteam_fire_postfix,34852,OgreMain.dll+0x2e866,OgreMain.dll,8,0.0559,14304,20.002
fourteam_fire_postfix,34852,OgreMain.dll!?isFloat@GpuConstantDefinition@Ogre@@SA_NW4GpuConstantType@2@@Z+0x13,OgreMain.dll,8,0.0559,14304,20.002
fourteam_fire_postfix,34852,OgreMain.dll!?isVisible@ShadowRenderable@Ogre@@UBE_NXZ+0x21c,OgreMain.dll,8,0.0559,14304,20.002
fourteam_fire_postfix,34852,win32u.dll!_NtQueryCompositionSurfaceStatistics@8+0xc,win32u.dll,8,0.0559,14304,20.002
fourteam_fire_postfix,34852,OgreMain.dll!?createTechnique@Material@Ogre@@QAEPAVTechnique@2@XZ+0xb1b,OgreMain.dll,8,0.0559,14304,20.002
fourteam_fire_postfix,34852,OgreMain.dll!?getValueImpl@DistanceLodStrategyBase@Ogre@@MBEMPBVMovableObject@2@PBVCamera@2@@Z+0x9d,OgreMain.dll,8,0.0559,14304,20.002
fourteam_fire_postfix,34852,MSVCR120.dll!__libm_sse2_asinf+0xbc,MSVCR120.dll,8,0.0559,14304,20.002
fourteam_fire_postfix,34852,d3d11.dll!CreateDirect3D11DeviceFromDXGIDevice+0xbae48,d3d11.dll,8,0.0559,14304,20.002
fourteam_fire_postfix,34852,OgreMain.dll!?ASin@Math@Ogre@@SA?AVRadian@2@M@Z+0x1c,OgreMain.dll,8,0.0559,14304,20.002
fourteam_fire_postfix,34852,d3d11.dll+0x30e83,d3d11.dll,8,0.0559,14304,20.002
fourteam_fire_postfix,34852,OgreMain.dll!?getWorldViewMatrix@AutoParamDataSource@Ogre@@UBEABVMatrix4@2@XZ+0x241,OgreMain.dll,8,0.0559,14304,20.002
fourteam_fire_postfix,34852,OgreMain.dll!?_updateBounds@SceneNode@Ogre@@UAEXXZ+0x213,OgreMain.dll,8,0.0559,14304,20.002
fourteam_fire_postfix,34852,battlezone98redux.exe!sub_44b7d0,battlezone98redux.exe,8,0.0559,14304,20.002
fourteam_fire_postfix,34852,ntdll.dll!_RtlpLocalInfoAllocFromCache@8+0x28,ntdll.dll,8,0.0559,14304,20.002
fourteam_fire_postfix,34852,MSVCR120.dll!floor+0x30,MSVCR120.dll,8,0.0559,14304,20.002
fourteam_fire_postfix,34852,OgreMain.dll!?getSide@Plane@Ogre@@QBE?AW4Side@12@ABVVector3@2@0@Z+0xe,OgreMain.dll,8,0.0559,14304,20.002
fourteam_fire_postfix,34852,RenderSystem_Direct3D11.dll!?uninstall@D3D11Plugin@Ogre@@UAEXXZ+0x51a0,RenderSystem_Direct3D11.dll,8,0.0559,14304,20.002
fourteam_fire_postfix,34852,MSVCR120.dll!floor+0x1e,MSVCR120.dll,8,0.0559,14304,20.002
fourteam_fire_postfix,34852,OgreMain.dll!?_getParentNodeFullTransform@MovableObject@Ogre@@UBEABVMatrix4@2@XZ+0x9,OgreMain.dll,8,0.0559,14304,20.002
fourteam_fire_postfix,34852,battlezone98redux.exe!sub_5fed30,battlezone98redux.exe,7,0.0489,14304,20.002
fourteam_fire_postfix,34852,battlezone98redux.exe!sub_5b2950,battlezone98redux.exe,7,0.0489,14304,20.002
fourteam_fire_postfix,34852,OgreMain.dll!?getDistance@Plane@Ogre@@QBEMABVVector3@2@@Z+0x2f,OgreMain.dll,7,0.0489,14304,20.002
fourteam_fire_postfix,34852,OgreMain.dll!?queryLights@MovableObject@Ogre@@UBEABV?$HashedVector@PAVLight@Ogre@@@2@XZ+0x4f,OgreMain.dll,7,0.0489,14304,20.002
fourteam_fire_postfix,34852,OgreMain.dll!?_findNamedConstantDefinition@GpuProgramParameters@Ogre@@QBEPBUGpuConstantDefinition@2@ABV?$basic_string@DU?$char_traits@D@std@@V?$allocator@D@2@@std@@_N@Z+0xd2,OgreMain.dll,7,0.0489,14304,20.002
fourteam_fire_postfix,34852,ntdll.dll!_RtlLeaveCriticalSection@4+0x2e,ntdll.dll,7,0.0489,14304,20.002
fourteam_fire_postfix,34852,MSVCR120.dll!__libm_sse2_asinf+0x30,MSVCR120.dll,7,0.0489,14304,20.002
fourteam_fire_postfix,34852,OgreMain.dll!?getTransparentSortingForced@Pass@Ogre@@QBE_NXZ+0x6,OgreMain.dll,7,0.0489,14304,20.002
fourteam_fire_postfix,34852,OgreMain.dll!?FastHash@Ogre@@YAIPBDHI@Z+0xb0,OgreMain.dll,7,0.0489,14304,20.002
fourteam_fire_postfix,34852,d3d11.dll+0x2703b,d3d11.dll,7,0.0489,14304,20.002
fourteam_fire_postfix,34852,OgreMain.dll!?isTransparentSortingForced@Technique@Ogre@@QBE_NXZ+0xc,OgreMain.dll,7,0.0489,14304,20.002
fourteam_fire_postfix,34852,OgreMain.dll!?getSide@Plane@Ogre@@QBE?AW4Side@12@ABVVector3@2@0@Z+0x69,OgreMain.dll,7,0.0489,14304,20.002
fourteam_fire_postfix,34852,battlezone98redux.exe!sub_5b2bd0,battlezone98redux.exe,7,0.0489,14304,20.002
fourteam_fire_postfix,34852,OgreMain.dll!?angleBetween@Vector3@Ogre@@QBE?AVRadian@2@ABV12@@Z+0x3a,OgreMain.dll,7,0.0489,14304,20.002
fourteam_fire_postfix,34852,d3d11.dll+0x35ec1,d3d11.dll,7,0.0489,14304,20.002
fourteam_fire_postfix,34852,OgreMain.dll!?isInLightRange@Light@Ogre@@QBE_NABVSphere@2@@Z+0x14c,OgreMain.dll,7,0.0489,14304,20.002
fourteam_fire_postfix,34852,OgreMain.dll!??4GpuSharedParametersUsage@Ogre@@QAEAAV01@ABV01@@Z+0x26f9,OgreMain.dll,7,0.0489,14304,20.002
fourteam_fire_postfix,34852,OgreMain.dll!?_updateAutoParams@GpuProgramParameters@Ogre@@QAEXPBVAutoParamDataSource@2@G@Z+0x1bee,OgreMain.dll,7,0.0489,14304,20.002
fourteam_fire_postfix,34852,OgreMain.dll!?_findNamedConstantDefinition@GpuProgramParameters@Ogre@@QBEPBUGpuConstantDefinition@2@ABV?$basic_string@DU?$char_traits@D@std@@V?$allocator@D@2@@std@@_N@Z+0xb8,OgreMain.dll,7,0.0489,14304,20.002
fourteam_fire_postfix,34852,OgreMain.dll!?_findVisibleObjects@SceneNode@Ogre@@UAEXPAVCamera@2@PAVRenderQueue@2@PAUVisibleObjectsBoundsInfo@2@_N33@Z+0x35,OgreMain.dll,7,0.0489,14304,20.002
fourteam_fire_postfix,34852,OgreMain.dll!?isInLightRange@Light@Ogre@@QBE_NABVSphere@2@@Z+0x9f,OgreMain.dll,7,0.0489,14304,20.002
fourteam_fire_postfix,34852,OgreMain.dll!?_getActiveSchemeIndex@MaterialManager@Ogre@@UBEGXZ,OgreMain.dll,7,0.0489,14304,20.002
fourteam_fire_postfix,34852,OgreMain.dll+0x19c45,OgreMain.dll,7,0.0489,14304,20.002
fourteam_fire_postfix,34852,RenderSystem_Direct3D11.dll!?unlockImpl@D3D11HardwareBuffer@Ogre@@MAEXXZ+0x53,RenderSystem_Direct3D11.dll,7,0.0489,14304,20.002
fourteam_fire_postfix,34852,OgreMain.dll!?createTechnique@Material@Ogre@@QAEPAVTechnique@2@XZ+0xb03,OgreMain.dll,7,0.0489,14304,20.002
fourteam_fire_postfix,34852,battlezone98redux.exe!sub_832183,battlezone98redux.exe,7,0.0489,14304,20.002
fourteam_fire_postfix,34852,battlezone98redux.exe!sub_678b40,battlezone98redux.exe,7,0.0489,14304,20.002
fourteam_fire_postfix,34852,OgreMain.dll!?_updateAutoParams@Pass@Ogre@@QBEXPBVAutoParamDataSource@2@G@Z+0x6a,OgreMain.dll,7,0.0489,14304,20.002
fourteam_fire_postfix,34852,battlezone98redux.exe!sub_82f2d3,battlezone98redux.exe,7,0.0489,14304,20.002
fourteam_fire_postfix,34852,OgreMain.dll!?isVisible@Frustum@Ogre@@UBE_NABVAxisAlignedBox@2@PAW4FrustumPlane@2@@Z+0x10,OgreMain.dll,7,0.0489,14304,20.002
fourteam_fire_postfix,34852,OgreMain.dll!?angleBetween@Vector3@Ogre@@QBE?AVRadian@2@ABV12@@Z+0xe3,OgreMain.dll,7,0.0489,14304,20.002
fourteam_fire_postfix,34852,OgreMain.dll!?RealEqual@Math@Ogre@@SA_NMMM@Z+0x1f,OgreMain.dll,7,0.0489,14304,20.002
fourteam_fire_postfix,34852,OgreMain.dll!?isInLightRange@Light@Ogre@@QBE_NABVSphere@2@@Z+0x159,OgreMain.dll,7,0.0489,14304,20.002
fourteam_fire_postfix,34852,OgreMain.dll+0x13f52,OgreMain.dll,7,0.0489,14304,20.002
fourteam_fire_postfix,34852,OgreMain.dll!?angleBetween@Vector3@Ogre@@QBE?AVRadian@2@ABV12@@Z+0x1,OgreMain.dll,7,0.0489,14304,20.002
fourteam_fire_postfix,34852,OgreMain.dll!?angleBetween@Vector3@Ogre@@QBE?AVRadian@2@ABV12@@Z+0x58,OgreMain.dll,7,0.0489,14304,20.002
fourteam_fire_postfix,34852,battlezone98redux.exe!sub_6809f0,battlezone98redux.exe,7,0.0489,14304,20.002
fourteam_fire_postfix,34852,MSVCR120.dll!__libm_sse2_asinf+0x1f8,MSVCR120.dll,7,0.0489,14304,20.002
fourteam_fire_postfix,34852,ntdll.dll!_RtlAnsiCharToUnicodeChar@4+0x36,ntdll.dll,7,0.0489,14304,20.002
fourteam_fire_postfix,34852,MSVCR120.dll!__libm_sse2_asinf+0x224,MSVCR120.dll,7,0.0489,14304,20.002
fourteam_fire_postfix,34852,MSVCR120.dll!__libm_sse2_acosf+0x76,MSVCR120.dll,7,0.0489,14304,20.002
fourteam_fire_postfix,34852,OgreMain.dll!??4GpuSharedParametersUsage@Ogre@@QAEAAV01@ABV01@@Z+0x273c,OgreMain.dll,7,0.0489,14304,20.002
fourteam_fire_postfix,34852,battlezone98redux.exe!sub_421f70,battlezone98redux.exe,7,0.0489,14304,20.002
fourteam_fire_postfix,34852,OgreMain.dll!?isInLightRange@Light@Ogre@@QBE_NABVSphere@2@@Z+0xc6,OgreMain.dll,7,0.0489,14304,20.002
fourteam_fire_postfix,34852,OgreMain.dll+0x3db86,OgreMain.dll,7,0.0489,14304,20.002
fourteam_fire_postfix,34852,OgreMain.dll!?merge@VisibleObjectsBoundsInfo@Ogre@@QAEXABVAxisAlignedBox@2@ABVSphere@2@PBVCamera@2@_N@Z+0x11d,OgreMain.dll,7,0.0489,14304,20.002
fourteam_fire_postfix,34852,OgreMain.dll!?_updateBounds@SceneNode@Ogre@@UAEXXZ+0x249,OgreMain.dll,7,0.0489,14304,20.002
fourteam_fire_postfix,34852,OgreMain.dll!?angleBetween@Vector3@Ogre@@QBE?AVRadian@2@ABV12@@Z+0xb3,OgreMain.dll,7,0.0489,14304,20.002
fourteam_fire_postfix,34852,OgreMain.dll!?updateFromParentImpl@SceneNode@Ogre@@MBEXXZ+0x18,OgreMain.dll,7,0.0489,14304,20.002
fourteam_fire_postfix,34852,OgreMain.dll!?_updateAutoParams@GpuProgramParameters@Ogre@@QAEXPBVAutoParamDataSource@2@G@Z+0x1246,OgreMain.dll,7,0.0489,14304,20.002
fourteam_fire_postfix,34852,ntdll.dll!_KiUserExceptionDispatcher@8,ntdll.dll,7,0.0489,14304,20.002
fourteam_fire_postfix,34852,OgreMain.dll+0x17bb6,OgreMain.dll,7,0.0489,14304,20.002
fourteam_fire_postfix,34852,battlezone98redux.exe!sub_6210a0,battlezone98redux.exe,6,0.0419,14304,20.002
fourteam_fire_postfix,34852,d3d11.dll+0x27012,d3d11.dll,6,0.0419,14304,20.002
fourteam_fire_postfix,34852,OgreMain.dll!?normalise@Vector3@Ogre@@QAEMXZ+0x42,OgreMain.dll,6,0.0419,14304,20.002
fourteam_fire_postfix,34852,OgreMain.dll!?isFloat@GpuConstantDefinition@Ogre@@SA_NW4GpuConstantType@2@@Z+0x6,OgreMain.dll,6,0.0419,14304,20.002
fourteam_fire_postfix,34852,nvwgf2um.dll!OpenAdapter10+0x72c10,nvwgf2um.dll,6,0.0419,14304,20.002
fourteam_fire_postfix,34852,OgreMain.dll!?getSide@Plane@Ogre@@QBE?AW4Side@12@ABVVector3@2@0@Z+0x38,OgreMain.dll,6,0.0419,14304,20.002
fourteam_fire_postfix,34852,ntdll.dll!_ZwDuplicateObject@28+0xc,ntdll.dll,6,0.0419,14304,20.002
fourteam_fire_postfix,34852,battlezone98redux.exe!FID_conflict:end,battlezone98redux.exe,6,0.0419,14304,20.002
fourteam_fire_postfix,34852,battlezone98redux.exe!sub_82d338,battlezone98redux.exe,6,0.0419,14304,20.002
fourteam_fire_postfix,34852,OgreMain.dll!?getWorldViewMatrix@AutoParamDataSource@Ogre@@UBEABVMatrix4@2@XZ+0x22f,OgreMain.dll,6,0.0419,14304,20.002
fourteam_fire_postfix,34852,RenderSystem_Direct3D11.dll!?setVertexBufferBinding@D3D11RenderSystem@Ogre@@UAEXPAVVertexBufferBinding@2@@Z+0x9f,RenderSystem_Direct3D11.dll,6,0.0419,14304,20.002
fourteam_fire_postfix,34852,OgreMain.dll!?setVisible@MovableObject@Ogre@@UAEX_N@Z+0x25,OgreMain.dll,6,0.0419,14304,20.002
fourteam_fire_postfix,34852,OgreMain.dll!?updateAnimation@Entity@Ogre@@IAEXXZ+0x10f,OgreMain.dll,6,0.0419,14304,20.002
fourteam_fire_postfix,34852,RenderSystem_Direct3D11.dll!?getConstantBuffer@D3D11HLSLProgram@Ogre@@QAEPAUID3D11Buffer@@V?$SharedPtr@VGpuProgramParameters@Ogre@@@2@G@Z+0x100,RenderSystem_Direct3D11.dll,6,0.0419,14304,20.002
fourteam_fire_postfix,34852,OgreMain.dll!?getWorldMatrix@AutoParamDataSource@Ogre@@UBEABVMatrix4@2@XZ+0x9e,OgreMain.dll,6,0.0419,14304,20.002
fourteam_fire_postfix,34852,battlezone98redux.exe!sub_5c1b30,battlezone98redux.exe,6,0.0419,14304,20.002
fourteam_fire_postfix,34852,RenderSystem_Direct3D11.dll!?getConstantBuffer@D3D11HLSLProgram@Ogre@@QAEPAUID3D11Buffer@@V?$SharedPtr@VGpuProgramParameters@Ogre@@@2@G@Z+0x141,RenderSystem_Direct3D11.dll,6,0.0419,14304,20.002
fourteam_fire_postfix,34852,battlezone98redux.exe!sub_830f2e,battlezone98redux.exe,6,0.0419,14304,20.002
fourteam_fire_postfix,34852,MSVCR120.dll!__libm_sse2_asinf+0x230,MSVCR120.dll,6,0.0419,14304,20.002
fourteam_fire_postfix,34852,battlezone98redux.exe!sub_4ab380,battlezone98redux.exe,6,0.0419,14304,20.002
fourteam_fire_postfix,34852,battlezone98redux.exe!sub_4588c0,battlezone98redux.exe,6,0.0419,14304,20.002
fourteam_fire_postfix,34852,MSVCR120.dll!__libm_sse2_acosf+0x1a9,MSVCR120.dll,6,0.0419,14304,20.002
fourteam_fire_postfix,34852,RenderSystem_Direct3D11.dll!?_setTexture@D3D11RenderSystem@Ogre@@UAEXI_NABV?$SharedPtr@VTexture@Ogre@@@2@@Z+0x94,RenderSystem_Direct3D11.dll,6,0.0419,14304,20.002
fourteam_fire_postfix,34852,battlezone98redux.exe!sub_4513e0,battlezone98redux.exe,6,0.0419,14304,20.002
fourteam_fire_postfix,34852,battlezone98redux.exe!sub_42de50,battlezone98redux.exe,6,0.0419,14304,20.002
fourteam_fire_postfix,34852,battlezone98redux.exe!sub_830de6,battlezone98redux.exe,6,0.0419,14304,20.002
fourteam_fire_postfix,34852,OgreMain.dll!?_updateAutoParams@GpuProgramParameters@Ogre@@QAEXPBVAutoParamDataSource@2@G@Z+0x26,OgreMain.dll,6,0.0419,14304,20.002
fourteam_fire_postfix,34852,OgreMain.dll!?hasViewRelativeTextureCoordinateGeneration@TextureUnitState@Ogre@@QBE_NXZ+0x14,OgreMain.dll,6,0.0419,14304,20.002
fourteam_fire_postfix,34852,OgreMain.dll!?_calcTempSquareDist@Light@Ogre@@QAEXABVVector3@2@@Z+0x30,OgreMain.dll,6,0.0419,14304,20.002
fourteam_fire_postfix,34852,OgreMain.dll!?updateFromParentImpl@SceneNode@Ogre@@MBEXXZ+0x1a,OgreMain.dll,6,0.0419,14304,20.002
fourteam_fire_postfix,34852,nvwgf2um.dll!OpenAdapter10+0x72b10,nvwgf2um.dll,6,0.0419,14304,20.002
fourteam_fire_postfix,34852,ucrtbase.dll!_memcmp+0x240,ucrtbase.dll,6,0.0419,14304,20.002
fourteam_fire_postfix,34852,OgreMain.dll!?_detectImplementation@OptimisedUtil@Ogre@@KAPAV12@XZ+0x468a,OgreMain.dll,6,0.0419,14304,20.002
fourteam_fire_postfix,34852,MSVCR120.dll!__libm_sse2_acosf+0x10,MSVCR120.dll,6,0.0419,14304,20.002
fourteam_fire_postfix,34852,OgreMain.dll!?getBestTechnique@Material@Ogre@@QAEPAVTechnique@2@GPBVRenderable@2@@Z+0x4f,OgreMain.dll,6,0.0419,14304,20.002
fourteam_fire_postfix,34852,battlezone98redux.exe!sub_5c19d0,battlezone98redux.exe,6,0.0419,14304,20.002
fourteam_fire_postfix,34852,MSVCR120.dll!wcschr+0xcd,MSVCR120.dll,6,0.0419,14304,20.002
fourteam_fire_postfix,34852,OgreMain.dll!??4GpuSharedParametersUsage@Ogre@@QAEAAV01@ABV01@@Z+0x278f,OgreMain.dll,6,0.0419,14304,20.002
fourteam_fire_postfix,34852,OgreMain.dll!?getSide@Plane@Ogre@@QBE?AW4Side@12@ABVVector3@2@0@Z+0x6c,OgreMain.dll,6,0.0419,14304,20.002
fourteam_fire_postfix,34852,OgreMain.dll!?createTechnique@Material@Ogre@@QAEPAVTechnique@2@XZ+0xa1f,OgreMain.dll,6,0.0419,14304,20.002
fourteam_fire_postfix,34852,OgreMain.dll!?getViewMatrix@AutoParamDataSource@Ogre@@UBEABVMatrix4@2@XZ+0x7c,OgreMain.dll,6,0.0419,14304,20.002
fourteam_fire_postfix,34852,OgreMain.dll!?getTextureUnitStateIterator@Pass@Ogre@@QBE?AV?$ConstVectorIterator@V?$vector@PAVTextureUnitState@Ogre@@V?$STLAllocator@PAVTextureUnitState@Ogre@@V?$CategorisedAllocPolicy@$0A@@2@@2@@std@@@2@XZ+0x1a,OgreMain.dll,6,0.0419,14304,20.002
fourteam_fire_postfix,34852,OgreMain.dll!?RealEqual@Math@Ogre@@SA_NMMM@Z+0x19,OgreMain.dll,6,0.0419,14304,20.002
fourteam_fire_postfix,34852,battlezone98redux.exe!sub_67a780,battlezone98redux.exe,6,0.0419,14304,20.002
fourteam_fire_postfix,34852,ntdll.dll!_ZwRaiseException@12+0xc,ntdll.dll,6,0.0419,14304,20.002
fourteam_fire_postfix,34852,ntdll.dll!_RtlAbPostRelease@8+0x28,ntdll.dll,6,0.0419,14304,20.002
fourteam_fire_postfix,34852,ntdll.dll!_ZwQueryInformationProcess@20+0x26,ntdll.dll,6,0.0419,14304,20.002
fourteam_fire_postfix,34852,MSVCR120.dll!__libm_sse2_acosf+0x3a,MSVCR120.dll,6,0.0419,14304,20.002
fourteam_fire_postfix,34852,battlezone98redux.exe!sub_784000,battlezone98redux.exe,6,0.0419,14304,20.002
fourteam_fire_postfix,34852,OgreMain.dll!?_getDelegate@UnifiedHighLevelGpuProgram@Ogre@@QBEABV?$SharedPtr@VHighLevelGpuProgram@Ogre@@@2@XZ+0x7,OgreMain.dll,6,0.0419,14304,20.002
fourteam_fire_postfix,34852,battlezone98redux.exe!sub_4db100,battlezone98redux.exe,6,0.0419,14304,20.002
fourteam_fire_postfix,34852,OgreMain.dll!?touchVertexBufferCopy@HardwareBufferManagerBase@Ogre@@UAEXABVHardwareVertexBufferSharedPtr@2@@Z+0x41,OgreMain.dll,6,0.0419,14304,20.002
fourteam_fire_postfix,34852,MSVCR120.dll!__libm_sse2_acosf+0xe0,MSVCR120.dll,6,0.0419,14304,20.002
fourteam_fire_postfix,34852,battlezone98redux.exe!sub_679f10,battlezone98redux.exe,6,0.0419,14304,20.002
fourteam_fire_postfix,34852,battlezone98redux.exe!sub_4221b0,battlezone98redux.exe,6,0.0419,14304,20.002
fourteam_fire_postfix,34852,OgreMain.dll!?angleBetween@Vector3@Ogre@@QBE?AVRadian@2@ABV12@@Z+0x79,OgreMain.dll,6,0.0419,14304,20.002
fourteam_fire_postfix,34852,OgreMain.dll!?_writeRawConstants@GpuProgramParameters@Ogre@@QAEXIPBMI@Z+0xd,OgreMain.dll,6,0.0419,14304,20.002
fourteam_fire_postfix,34852,battlezone98redux.exe!sub_443060,battlezone98redux.exe,6,0.0419,14304,20.002
fourteam_fire_postfix,34852,OgreMain.dll!?_findNamedConstantDefinition@GpuProgramParameters@Ogre@@QBEPBUGpuConstantDefinition@2@ABV?$basic_string@DU?$char_traits@D@std@@V?$allocator@D@2@@std@@_N@Z+0x19c,OgreMain.dll,6,0.0419,14304,20.002
fourteam_fire_postfix,34852,battlezone98redux.exe!sub_447f60,battlezone98redux.exe,6,0.0419,14304,20.002
fourteam_fire_postfix,34852,RenderSystem_Direct3D11.dll!?getConstantBuffer@D3D11HLSLProgram@Ogre@@QAEPAUID3D11Buffer@@V?$SharedPtr@VGpuProgramParameters@Ogre@@@2@G@Z+0xb1,RenderSystem_Direct3D11.dll,6,0.0419,14304,20.002
fourteam_fire_postfix,34852,OgreMain.dll!?getLight@AutoParamDataSource@Ogre@@IBEABVLight@2@I@Z+0x11,OgreMain.dll,6,0.0419,14304,20.002
fourteam_fire_postfix,34852,OgreMain.dll!?getConstantDefinition@GpuProgramParameters@Ogre@@QBEABUGpuConstantDefinition@2@ABV?$basic_string@DU?$char_traits@D@std@@V?$allocator@D@2@@std@@@Z+0x35,OgreMain.dll,6,0.0419,14304,20.002
fourteam_fire_postfix,34852,OgreMain.dll!?isInLightRange@Light@Ogre@@QBE_NABVSphere@2@@Z+0x64,OgreMain.dll,6,0.0419,14304,20.002
fourteam_fire_postfix,34852,OgreMain.dll!??RlightLess@SceneManager@Ogre@@QBE_NPBVLight@2@0@Z+0x6,OgreMain.dll,6,0.0419,14304,20.002
fourteam_fire_postfix,34852,OgreMain.dll!?isVisible@MovableObject@Ogre@@UBE_NXZ+0x7,OgreMain.dll,6,0.0419,14304,20.002
fourteam_fire_postfix,34852,battlezone98redux.exe!sub_447ed0,battlezone98redux.exe,6,0.0419,14304,20.002
fourteam_fire_postfix,34852,OgreMain.dll!?touchVertexBufferCopy@HardwareBufferManagerBase@Ogre@@UAEXABVHardwareVertexBufferSharedPtr@2@@Z+0x38,OgreMain.dll,5,0.035,14304,20.002
fourteam_fire_postfix,34852,MSVCR120.dll!??2@YAPAXI@Z,MSVCR120.dll,5,0.035,14304,20.002
fourteam_fire_postfix,34852,OgreMain.dll+0x3e42d,OgreMain.dll,5,0.035,14304,20.002
fourteam_fire_postfix,34852,battlezone98redux.exe!sub_6786f0,battlezone98redux.exe,5,0.035,14304,20.002
fourteam_fire_postfix,34852,battlezone98redux.exe!FID_conflict:operator==,battlezone98redux.exe,5,0.035,14304,20.002
fourteam_fire_postfix,34852,RenderSystem_Direct3D11.dll!?getConstantBuffer@D3D11HLSLProgram@Ogre@@QAEPAUID3D11Buffer@@V?$SharedPtr@VGpuProgramParameters@Ogre@@@2@G@Z+0xf0,RenderSystem_Direct3D11.dll,5,0.035,14304,20.002
fourteam_fire_postfix,34852,OgreMain.dll!?isVisible@Frustum@Ogre@@UBE_NABVAxisAlignedBox@2@PAW4FrustumPlane@2@@Z+0xb0,OgreMain.dll,5,0.035,14304,20.002
fourteam_fire_postfix,34852,battlezone98redux.exe!sub_4401a0,battlezone98redux.exe,5,0.035,14304,20.002
fourteam_fire_postfix,34852,battlezone98redux.exe!sub_44ecb0,battlezone98redux.exe,5,0.035,14304,20.002
fourteam_fire_postfix,34852,OgreMain.dll!?_detectImplementation@OptimisedUtil@Ogre@@KAPAV12@XZ+0x4599,OgreMain.dll,5,0.035,14304,20.002
fourteam_fire_postfix,34852,OgreMain.dll!?angleBetween@Vector3@Ogre@@QBE?AVRadian@2@ABV12@@Z+0xd5,OgreMain.dll,5,0.035,14304,20.002
fourteam_fire_postfix,34852,OgreMain.dll!??4GpuSharedParametersUsage@Ogre@@QAEAAV01@ABV01@@Z+0x274f,OgreMain.dll,5,0.035,14304,20.002
fourteam_fire_postfix,34852,battlezone98redux.exe!sub_611270,battlezone98redux.exe,5,0.035,14304,20.002
fourteam_fire_postfix,34852,battlezone98redux.exe!sub_423830,battlezone98redux.exe,5,0.035,14304,20.002
fourteam_fire_postfix,34852,OgreMain.dll!?merge@VisibleObjectsBoundsInfo@Ogre@@QAEXABVAxisAlignedBox@2@ABVSphere@2@PBVCamera@2@_N@Z+0xc7,OgreMain.dll,5,0.035,14304,20.002
fourteam_fire_postfix,34852,OgreMain.dll!?_notifyCurrentCamera@Entity@Ogre@@UAEXPAVCamera@2@@Z+0x45,OgreMain.dll,5,0.035,14304,20.002
fourteam_fire_postfix,34852,OgreMain.dll!?isViewOutOfDate@Camera@Ogre@@MBE_NXZ+0x18d,OgreMain.dll,5,0.035,14304,20.002
fourteam_fire_postfix,34852,OgreMain.dll!?getValueImpl@DistanceLodStrategyBase@Ogre@@MBEMPBVMovableObject@2@PBVCamera@2@@Z+0x90,OgreMain.dll,5,0.035,14304,20.002
fourteam_fire_postfix,34852,OgreMain.dll!?_calcTempSquareDist@Light@Ogre@@QAEXABVVector3@2@@Z+0x54,OgreMain.dll,5,0.035,14304,20.002
fourteam_fire_postfix,34852,OgreMain.dll!?updateView@Frustum@Ogre@@MBEXXZ,OgreMain.dll,5,0.035,14304,20.002
fourteam_fire_postfix,34852,OgreMain.dll!?getConstantDefinition@GpuProgramParameters@Ogre@@QBEABUGpuConstantDefinition@2@ABV?$basic_string@DU?$char_traits@D@std@@V?$allocator@D@2@@std@@@Z+0xcf,OgreMain.dll,5,0.035,14304,20.002
fourteam_fire_postfix,34852,OgreMain.dll!?isInLightRange@Light@Ogre@@QBE_NABVSphere@2@@Z+0xd4,OgreMain.dll,5,0.035,14304,20.002
fourteam_fire_postfix,34852,OgreMain.dll!?renderSingleObject@SceneManager@Ogre@@MAEXPAVRenderable@2@PBVPass@2@_N2PBV?$HashedVector@PAVLight@Ogre@@@2@@Z+0x261,OgreMain.dll,5,0.035,14304,20.002
fourteam_fire_postfix,34852,OgreMain.dll!?_findNamedConstantDefinition@GpuProgramParameters@Ogre@@QBEPBUGpuConstantDefinition@2@ABV?$basic_string@DU?$char_traits@D@std@@V?$allocator@D@2@@std@@_N@Z+0x3f,OgreMain.dll,5,0.035,14304,20.002
fourteam_fire_postfix,34852,battlezone98redux.exe!sub_82c82c,battlezone98redux.exe,5,0.035,14304,20.002
fourteam_fire_postfix,34852,OgreMain.dll!?getRenderOperation@SubEntity@Ogre@@UAEXAAVRenderOperation@2@@Z+0x17,OgreMain.dll,5,0.035,14304,20.002
fourteam_fire_postfix,34852,OgreMain.dll!??4GpuSharedParametersUsage@Ogre@@QAEAAV01@ABV01@@Z+0x27ae,OgreMain.dll,5,0.035,14304,20.002
fourteam_fire_postfix,34852,win32u.dll!_NtGdiDdDDISetQueuedLimit@4+0xc,win32u.dll,5,0.035,14304,20.002
fourteam_fire_postfix,34852,RenderSystem_Direct3D11.dll!?getMonitorSequentialNumberFromSwapChain@MonitorInfo@Ogre@@QAEGPAUIDXGISwapChain@@_N@Z+0xdca,RenderSystem_Direct3D11.dll,5,0.035,14304,20.002
fourteam_fire_postfix,34852,OgreMain.dll!?lock@HardwareBuffer@Ogre@@UAEPAXIIW4LockOptions@12@W4UploadOptions@12@@Z+0x122,OgreMain.dll,5,0.035,14304,20.002
fourteam_fire_postfix,34852,ntdll.dll!_RtlpIsUtf8Process@4+0xe,ntdll.dll,5,0.035,14304,20.002
fourteam_fire_postfix,34852,OgreMain.dll!?getDistance@Plane@Ogre@@QBEMABVVector3@2@@Z+0x1c,OgreMain.dll,5,0.035,14304,20.002
fourteam_fire_postfix,34852,OgreMain.dll!?isVisible@Frustum@Ogre@@UBE_NABVAxisAlignedBox@2@PAW4FrustumPlane@2@@Z+0xb3,OgreMain.dll,5,0.035,14304,20.002
fourteam_fire_postfix,34852,OgreMain.dll!?clone@Animation@Ogre@@QBEPAV12@ABV?$basic_string@DU?$char_traits@D@std@@V?$allocator@D@2@@std@@@Z+0x2f4,OgreMain.dll,5,0.035,14304,20.002
fourteam_fire_postfix,34852,MSVCR120.dll!__libm_sse2_acosf+0x1da,MSVCR120.dll,5,0.035,14304,20.002
fourteam_fire_postfix,34852,ntdll.dll!_RtlpGetCodePageData@4+0x29,ntdll.dll,5,0.035,14304,20.002
fourteam_fire_postfix,34852,d3d11.dll!CreateDirect3D11DeviceFromDXGIDevice+0x9f8a0,d3d11.dll,5,0.035,14304,20.002
fourteam_fire_postfix,34852,OgreMain.dll!?getSide@Plane@Ogre@@QBE?AW4Side@12@ABVVector3@2@0@Z+0x67,OgreMain.dll,5,0.035,14304,20.002
fourteam_fire_postfix,34852,OgreMain.dll!?setCurrentLightList@AutoParamDataSource@Ogre@@UAEXPBV?$HashedVector@PAVLight@Ogre@@@2@@Z+0x3e,OgreMain.dll,5,0.035,14304,20.002
fourteam_fire_postfix,34852,MSVCR120.dll!floor+0x2c,MSVCR120.dll,5,0.035,14304,20.002
fourteam_fire_postfix,34852,RenderSystem_Direct3D11.dll!?bindGpuProgramParameters@D3D11RenderSystem@Ogre@@UAEXW4GpuProgramType@2@V?$SharedPtr@VGpuProgramParameters@Ogre@@@2@G@Z+0x580,RenderSystem_Direct3D11.dll,5,0.035,14304,20.002
fourteam_fire_postfix,34852,MSVCR120.dll!__libm_sse2_acosf+0x104,MSVCR120.dll,5,0.035,14304,20.002
fourteam_fire_postfix,34852,OgreMain.dll!?getLightAttenuation@AutoParamDataSource@Ogre@@UBE?AVVector4@2@I@Z+0x2f,OgreMain.dll,5,0.035,14304,20.002
fourteam_fire_postfix,34852,RenderSystem_Direct3D11.dll!?getConstantBuffer@D3D11HLSLProgram@Ogre@@QAEPAUID3D11Buffer@@V?$SharedPtr@VGpuProgramParameters@Ogre@@@2@G@Z+0x9a,RenderSystem_Direct3D11.dll,5,0.035,14304,20.002
fourteam_fire_postfix,34852,d3d11.dll+0x30d63,d3d11.dll,5,0.035,14304,20.002
fourteam_fire_postfix,34852,OgreMain.dll!?isFloat@GpuConstantDefinition@Ogre@@SA_NW4GpuConstantType@2@@Z,OgreMain.dll,5,0.035,14304,20.002
fourteam_fire_postfix,34852,MSVCR120.dll!__libm_sse2_asinf+0x1f0,MSVCR120.dll,5,0.035,14304,20.002
fourteam_fire_postfix,34852,OgreMain.dll!?transpose@Matrix4@Ogre@@QBE?AV12@XZ+0x1c,OgreMain.dll,5,0.035,14304,20.002
fourteam_fire_postfix,34852,battlezone98redux.exe!FID_conflict:begin,battlezone98redux.exe,5,0.035,14304,20.002
fourteam_fire_postfix,34852,battlezone98redux.exe!sub_5840e0,battlezone98redux.exe,5,0.035,14304,20.002
fourteam_fire_postfix,34852,battlezone98redux.exe!sub_681a00,battlezone98redux.exe,5,0.035,14304,20.002
fourteam_fire_postfix,34852,OgreMain.dll!?setVisible@MovableObject@Ogre@@UAEX_N@Z+0x2c,OgreMain.dll,5,0.035,14304,20.002
fourteam_fire_postfix,34852,OgreMain.dll!??4GpuSharedParametersUsage@Ogre@@QAEAAV01@ABV01@@Z+0x2735,OgreMain.dll,5,0.035,14304,20.002
fourteam_fire_postfix,34852,MSVCR120.dll!memcpy,MSVCR120.dll,5,0.035,14304,20.002
fourteam_fire_postfix,34852,OgreMain.dll!??RlightLess@SceneManager@Ogre@@QBE_NPBVLight@2@0@Z+0x1d,OgreMain.dll,5,0.035,14304,20.002
fourteam_fire_postfix,34852,d3d11.dll+0x27051,d3d11.dll,5,0.035,14304,20.002
fourteam_fire_postfix,34852,OgreMain.dll+0x165e0,OgreMain.dll,5,0.035,14304,20.002
fourteam_fire_postfix,34852,OgreMain.dll!?getDistance@Plane@Ogre@@QBEMABVVector3@2@@Z+0x14,OgreMain.dll,5,0.035,14304,20.002
fourteam_fire_postfix,34852,battlezone98redux.exe!sub_41fe40,battlezone98redux.exe,5,0.035,14304,20.002
fourteam_fire_postfix,34852,OgreMain.dll!?renderSingleObject@SceneManager@Ogre@@MAEXPAVRenderable@2@PBVPass@2@_N2PBV?$HashedVector@PAVLight@Ogre@@@2@@Z+0x247,OgreMain.dll,5,0.035,14304,20.002
fourteam_fire_postfix,34852,d3d11.dll!CreateDirect3D11DeviceFromDXGIDevice+0xa460e,d3d11.dll,5,0.035,14304,20.002
fourteam_fire_postfix,34852,RenderSystem_Direct3D11.dll!?getConstantBuffer@D3D11HLSLProgram@Ogre@@QAEPAUID3D11Buffer@@V?$SharedPtr@VGpuProgramParameters@Ogre@@@2@G@Z+0x9c,RenderSystem_Direct3D11.dll,5,0.035,14304,20.002
fourteam_fire_postfix,34852,OgreMain.dll!?merge@VisibleObjectsBoundsInfo@Ogre@@QAEXABVAxisAlignedBox@2@ABVSphere@2@PBVCamera@2@_N@Z+0x13a,OgreMain.dll,5,0.035,14304,20.002
fourteam_fire_postfix,34852,d3d11.dll+0x35e92,d3d11.dll,5,0.035,14304,20.002
fourteam_fire_postfix,34852,OgreMain.dll!?_calcTempSquareDist@Light@Ogre@@QAEXABVVector3@2@@Z+0x50,OgreMain.dll,5,0.035,14304,20.002
fourteam_fire_postfix,34852,OgreMain.dll!?_updateAutoParams@GpuProgramParameters@Ogre@@QAEXPBVAutoParamDataSource@2@G@Z+0x125b,OgreMain.dll,5,0.035,14304,20.002
fourteam_fire_postfix,34852,OgreMain.dll!?_getDerivedOrientation@Node@Ogre@@UBEABVQuaternion@2@XZ,OgreMain.dll,5,0.035,14304,20.002
fourteam_fire_postfix,34852,RenderSystem_Direct3D11.dll!?getConstantBuffer@D3D11HLSLProgram@Ogre@@QAEPAUID3D11Buffer@@V?$SharedPtr@VGpuProgramParameters@Ogre@@@2@G@Z+0x4d,RenderSystem_Direct3D11.dll,5,0.035,14304,20.002
fourteam_fire_postfix,34852,OgreMain.dll!?getSide@Plane@Ogre@@QBE?AW4Side@12@ABVVector3@2@0@Z+0x31,OgreMain.dll,5,0.035,14304,20.002
fourteam_fire_postfix,34852,OgreMain.dll!?ACos@Math@Ogre@@SA?AVRadian@2@M@Z,OgreMain.dll,5,0.035,14304,20.002
fourteam_fire_postfix,34852,OgreMain.dll+0x1e6a,OgreMain.dll,5,0.035,14304,20.002
fourteam_fire_postfix,34852,OgreMain.dll!?renderSingleObject@SceneManager@Ogre@@MAEXPAVRenderable@2@PBVPass@2@_N2PBV?$HashedVector@PAVLight@Ogre@@@2@@Z+0x331,OgreMain.dll,5,0.035,14304,20.002
fourteam_fire_postfix,34852,battlezone98redux.exe!sub_611610,battlezone98redux.exe,5,0.035,14304,20.002
fourteam_fire_postfix,34852,battlezone98redux.exe!sub_45aae0,battlezone98redux.exe,5,0.035,14304,20.002
fourteam_fire_postfix,34852,OgreMain.dll!?getConstantDefinition@GpuProgramParameters@Ogre@@QBEABUGpuConstantDefinition@2@ABV?$basic_string@DU?$char_traits@D@std@@V?$allocator@D@2@@std@@@Z,OgreMain.dll,5,0.035,14304,20.002
fourteam_fire_postfix,34852,MSVCR120.dll!__libm_sse2_asinf+0x9c,MSVCR120.dll,5,0.035,14304,20.002
fourteam_fire_postfix,34852,OgreMain.dll!?clone@Animation@Ogre@@QBEPAV12@ABV?$basic_string@DU?$char_traits@D@std@@V?$allocator@D@2@@std@@@Z+0x243,OgreMain.dll,5,0.035,14304,20.002
fourteam_fire_postfix,34852,OgreMain.dll!??4GpuSharedParametersUsage@Ogre@@QAEAAV01@ABV01@@Z+0x2737,OgreMain.dll,5,0.035,14304,20.002
fourteam_fire_postfix,34852,d3d11.dll+0x35ebb,d3d11.dll,5,0.035,14304,20.002
fourteam_fire_postfix,34852,OgreMain.dll!?_populateLightList@SceneManager@Ogre@@UAEXABVVector3@2@MAAV?$HashedVector@PAVLight@Ogre@@@2@I@Z+0x147,OgreMain.dll,5,0.035,14304,20.002
fourteam_fire_postfix,34852,OgreMain.dll!?getWorldBoundingBox@Entity@Ogre@@UBEABVAxisAlignedBox@2@_N@Z+0x19,OgreMain.dll,5,0.035,14304,20.002
fourteam_fire_postfix,34852,MSVCR120.dll!__libm_sse2_acosf+0x4,MSVCR120.dll,5,0.035,14304,20.002
fourteam_fire_postfix,34852,battlezone98redux.exe!sub_49b1f0,battlezone98redux.exe,5,0.035,14304,20.002
fourteam_fire_postfix,34852,OgreMain.dll!?angleBetween@Vector3@Ogre@@QBE?AVRadian@2@ABV12@@Z+0x1c,OgreMain.dll,5,0.035,14304,20.002
fourteam_fire_postfix,34852,battlezone98redux.exe!sub_46d020,battlezone98redux.exe,5,0.035,14304,20.002
fourteam_fire_postfix,34852,OgreMain.dll!??4GpuSharedParametersUsage@Ogre@@QAEAAV01@ABV01@@Z+0x2749,OgreMain.dll,5,0.035,14304,20.002
fourteam_fire_postfix,34852,d3d11.dll+0x31c42,d3d11.dll,5,0.035,14304,20.002
fourteam_fire_postfix,34852,battlezone98redux.exe!sub_455990,battlezone98redux.exe,5,0.035,14304,20.002
fourteam_fire_postfix,34852,battlezone98redux.exe!sub_4a8ab0,battlezone98redux.exe,5,0.035,14304,20.002
fourteam_fire_postfix,34852,OgreMain.dll!?createTechnique@Material@Ogre@@QAEPAVTechnique@2@XZ+0xa2c,OgreMain.dll,5,0.035,14304,20.002
fourteam_fire_postfix,34852,battlezone98redux.exe!sub_473890,battlezone98redux.exe,5,0.035,14304,20.002
fourteam_fire_postfix,34852,d3d11.dll+0x30df6,d3d11.dll,5,0.035,14304,20.002
fourteam_fire_postfix,34852,OgreMain.dll!?_updateAutoParams@GpuProgramParameters@Ogre@@QAEXPBVAutoParamDataSource@2@G@Z+0x14,OgreMain.dll,5,0.035,14304,20.002
fourteam_fire_postfix,34852,OgreMain.dll!?findLightsAffectingFrustum@SceneManager@Ogre@@MAEXPBVCamera@2@@Z+0xc6,OgreMain.dll,5,0.035,14304,20.002
fourteam_fire_postfix,34852,MSVCR120.dll!floor,MSVCR120.dll,5,0.035,14304,20.002
fourteam_fire_postfix,34852,OgreMain.dll!?getSide@Plane@Ogre@@QBE?AW4Side@12@ABVVector3@2@0@Z+0x6f,OgreMain.dll,5,0.035,14304,20.002
fourteam_fire_postfix,34852,nvwgf2um.dll!NVENCODEAPI_Thunk+0x68f53,nvwgf2um.dll,5,0.035,14304,20.002
fourteam_fire_postfix,34852,OgreMain.dll!?_updateAutoParams@GpuProgramParameters@Ogre@@QAEXPBVAutoParamDataSource@2@G@Z+0x2031,OgreMain.dll,5,0.035,14304,20.002
fourteam_fire_postfix,34852,d3d11.dll!CreateDirect3D11DeviceFromDXGIDevice+0x9e040,d3d11.dll,5,0.035,14304,20.002
fourteam_fire_postfix,34852,battlezone98redux.exe!sub_421ec0,battlezone98redux.exe,5,0.035,14304,20.002
fourteam_fire_postfix,34852,battlezone98redux.exe!sub_4200d0,battlezone98redux.exe,5,0.035,14304,20.002
fourteam_fire_postfix,34852,OgreMain.dll!?addRenderable@RenderQueueGroup@Ogre@@QAEXPAVRenderable@2@PAVTechnique@2@G@Z+0x2a,OgreMain.dll,5,0.035,14304,20.002
fourteam_fire_postfix,34852,OgreMain.dll+0x1fc30,OgreMain.dll,5,0.035,14304,20.002
fourteam_fire_postfix,34852,WINMM.dll@6ea10000!BZROpenShim::`anonymous namespace'::TryGetGameObjectHeadlight+0x91,WINMM.dll@6ea10000,5,0.035,14304,20.002
fourteam_fire_postfix,34852,battlezone98redux.exe!sub_5e1310,battlezone98redux.exe,5,0.035,14304,20.002
fourteam_fire_postfix,34852,MSVCR120.dll!__libm_sse2_acosf+0x48,MSVCR120.dll,5,0.035,14304,20.002
fourteam_fire_postfix,34852,nvwgf2um.dll!NVENCODEAPI_Thunk+0x217652,nvwgf2um.dll,4,0.028,14304,20.002
fourteam_fire_postfix,34852,MSVCR120.dll!__libm_sse2_asinf+0x4,MSVCR120.dll,4,0.028,14304,20.002
fourteam_fire_postfix,34852,OgreMain.dll!?_updateAutoParams@GpuProgramParameters@Ogre@@QAEXPBVAutoParamDataSource@2@G@Z+0x1f0c,OgreMain.dll,4,0.028,14304,20.002
fourteam_fire_postfix,34852,OgreMain.dll!?getIndex@DistanceLodStrategyBase@Ogre@@UBEGMABV?$vector@UMeshLodUsage@Ogre@@V?$STLAllocator@UMeshLodUsage@Ogre@@V?$CategorisedAllocPolicy@$0A@@2@@2@@std@@@Z+0xb,OgreMain.dll,4,0.028,14304,20.002
fourteam_fire_postfix,34852,OgreMain.dll!?getBestTechnique@Material@Ogre@@QAEPAVTechnique@2@GPBVRenderable@2@@Z+0x4c,OgreMain.dll,4,0.028,14304,20.002
fourteam_fire_postfix,34852,OgreMain.dll!?_detectImplementation@OptimisedUtil@Ogre@@KAPAV12@XZ+0x4517,OgreMain.dll,4,0.028,14304,20.002
fourteam_fire_postfix,34852,OgreMain.dll!?getContentType@TextureUnitState@Ogre@@QBE?AW4ContentType@12@XZ+0x6,OgreMain.dll,4,0.028,14304,20.002
fourteam_fire_postfix,34852,OgreMain.dll!?_getRenderOperation@SubMesh@Ogre@@QAEXAAVRenderOperation@2@G@Z+0x2c,OgreMain.dll,4,0.028,14304,20.002
fourteam_fire_postfix,34852,OgreMain.dll!?_writeRawConstant@GpuProgramParameters@Ogre@@QAEXIABVMatrix4@2@I@Z+0x3b,OgreMain.dll,4,0.028,14304,20.002
fourteam_fire_postfix,34852,nvwgf2um.dll!NVENCODEAPI_Thunk+0x217c95,nvwgf2um.dll,4,0.028,14304,20.002
fourteam_fire_postfix,34852,OgreMain.dll!?_findNamedConstantDefinition@GpuProgramParameters@Ogre@@QBEPBUGpuConstantDefinition@2@ABV?$basic_string@DU?$char_traits@D@std@@V?$allocator@D@2@@std@@_N@Z+0xdd,OgreMain.dll,4,0.028,14304,20.002
fourteam_fire_postfix,34852,OgreMain.dll!?_issueRenderOp@SceneManager@Ogre@@UAEXPAVRenderable@2@PBVPass@2@@Z+0x18,OgreMain.dll,4,0.028,14304,20.002
fourteam_fire_postfix,34852,battlezone98redux.exe!sub_44f020,battlezone98redux.exe,4,0.028,14304,20.002
fourteam_fire_postfix,34852,OgreMain.dll!?ASin@Math@Ogre@@SA?AVRadian@2@M@Z+0x1,OgreMain.dll,4,0.028,14304,20.002
fourteam_fire_postfix,34852,OgreMain.dll!?updatePoint@RotationalSpline@Ogre@@QAEXGABVQuaternion@2@@Z+0x9d47,OgreMain.dll,4,0.028,14304,20.002
fourteam_fire_postfix,34852,ntdll.dll!_RtlpFreeNTHeapInternal@12+0x40,ntdll.dll,4,0.028,14304,20.002
fourteam_fire_postfix,34852,battlezone98redux.exe!sub_440690,battlezone98redux.exe,4,0.028,14304,20.002
fourteam_fire_postfix,34852,OgreMain.dll!??DMatrix3@Ogre@@QBE?AVVector3@1@ABV21@@Z+0x8d,OgreMain.dll,4,0.028,14304,20.002
fourteam_fire_postfix,34852,OgreMain.dll!?RealEqual@Math@Ogre@@SA_NMMM@Z+0x8,OgreMain.dll,4,0.028,14304,20.002
fourteam_fire_postfix,34852,OgreMain.dll!?getDistance@Plane@Ogre@@QBEMABVVector3@2@@Z,OgreMain.dll,4,0.028,14304,20.002
fourteam_fire_postfix,34852,OgreMain.dll!?updateFrustum@Frustum@Ogre@@MBEXXZ+0xf,OgreMain.dll,4,0.028,14304,20.002
fourteam_fire_postfix,34852,OgreMain.dll!?getBoundingBox@Entity@Ogre@@UBEABVAxisAlignedBox@2@XZ+0x8d4,OgreMain.dll,4,0.028,14304,20.002
fourteam_fire_postfix,34852,OgreMain.dll!?angleBetween@Vector3@Ogre@@QBE?AVRadian@2@ABV12@@Z+0x18,OgreMain.dll,4,0.028,14304,20.002
fourteam_fire_postfix,34852,MSVCR120.dll!__libm_sse2_asinf+0x1c,MSVCR120.dll,4,0.028,14304,20.002
fourteam_fire_postfix,34852,d3d11.dll+0x27029,d3d11.dll,4,0.028,14304,20.002
fourteam_fire_postfix,34852,MSVCR120.dll!__libm_sse2_asinf+0x21c,MSVCR120.dll,4,0.028,14304,20.002
fourteam_fire_postfix,34852,d3d11.dll+0x35ed1,d3d11.dll,4,0.028,14304,20.002
fourteam_fire_postfix,34852,RenderSystem_Direct3D11.dll+0x6582,RenderSystem_Direct3D11.dll,4,0.028,14304,20.002
fourteam_fire_postfix,34852,OgreMain.dll!?findLightsAffectingFrustum@SceneManager@Ogre@@MAEXPBVCamera@2@@Z+0x121,OgreMain.dll,4,0.028,14304,20.002
fourteam_fire_postfix,34852,battlezone98redux.exe!sub_4db560,battlezone98redux.exe,4,0.028,14304,20.002
fourteam_fire_postfix,34852,battlezone98redux.exe!sub_682540,battlezone98redux.exe,4,0.028,14304,20.002
fourteam_fire_postfix,34852,d3d11.dll!CreateDirect3D11DeviceFromDXGIDevice+0xa21d1,d3d11.dll,4,0.028,14304,20.002
fourteam_fire_postfix,34852,d3d11.dll!CreateDirect3D11DeviceFromDXGIDevice+0x9f1f0,d3d11.dll,4,0.028,14304,20.002
fourteam_fire_postfix,34852,OgreMain.dll!?getRenderOperation@SubEntity@Ogre@@UAEXAAVRenderOperation@2@@Z+0x10,OgreMain.dll,4,0.028,14304,20.002
fourteam_fire_postfix,34852,OgreMain.dll!?angleBetween@Vector3@Ogre@@QBE?AVRadian@2@ABV12@@Z+0x6e,OgreMain.dll,4,0.028,14304,20.002
fourteam_fire_postfix,34852,OgreMain.dll!?_updateAutoParams@GpuProgramParameters@Ogre@@QAEXPBVAutoParamDataSource@2@G@Z+0x1f68,OgreMain.dll,4,0.028,14304,20.002
fourteam_fire_postfix,34852,battlezone98redux.exe!sub_679ac0,battlezone98redux.exe,4,0.028,14304,20.002
fourteam_fire_postfix,34852,battlezone98redux.exe!sub_82f246,battlezone98redux.exe,4,0.028,14304,20.002
fourteam_fire_postfix,34852,OgreMain.dll+0x358af,OgreMain.dll,4,0.028,14304,20.002
fourteam_fire_postfix,34852,RenderSystem_Direct3D11.dll!?_setTexture@D3D11RenderSystem@Ogre@@UAEXI_NABV?$SharedPtr@VTexture@Ogre@@@2@@Z+0xbb,RenderSystem_Direct3D11.dll,4,0.028,14304,20.002
fourteam_fire_postfix,34852,OgreMain.dll!?buildKeyFrameTimeList@Animation@Ogre@@IBEXXZ+0x6aa,OgreMain.dll,4,0.028,14304,20.002
fourteam_fire_postfix,34852,RenderSystem_Direct3D11.dll!?lock@D3D11HardwareUniformBuffer@Ogre@@UAEPAXIIW4LockOptions@HardwareBuffer@2@W4UploadOptions@42@@Z+0x8,RenderSystem_Direct3D11.dll,4,0.028,14304,20.002
fourteam_fire_postfix,34852,OgreMain.dll!?isTransparentSortingForced@Technique@Ogre@@QBE_NXZ+0x2,OgreMain.dll,4,0.028,14304,20.002
fourteam_fire_postfix,34852,battlezone98redux.exe!sub_684c10,battlezone98redux.exe,4,0.028,14304,20.002
fourteam_fire_postfix,34852,d3d11.dll!D3D11CoreCreateDevice+0x11b02,d3d11.dll,4,0.028,14304,20.002
fourteam_fire_postfix,34852,OgreMain.dll!?getSide@Plane@Ogre@@QBE?AW4Side@12@ABVVector3@2@0@Z+0x1c,OgreMain.dll,4,0.028,14304,20.002
fourteam_fire_postfix,34852,OgreMain.dll!?getBestTechnique@Material@Ogre@@QAEPAVTechnique@2@GPBVRenderable@2@@Z+0x27,OgreMain.dll,4,0.028,14304,20.002
fourteam_fire_postfix,34852,OgreMain.dll!?_writeRawConstants@GpuProgramParameters@Ogre@@QAEXIPBMI@Z+0x1c,OgreMain.dll,4,0.028,14304,20.002
fourteam_fire_postfix,34852,OgreMain.dll!??4GpuSharedParametersUsage@Ogre@@QAEAAV01@ABV01@@Z+0x27ab,OgreMain.dll,4,0.028,14304,20.002
fourteam_fire_postfix,34852,battlezone98redux.exe!sub_81ee70,battlezone98redux.exe,4,0.028,14304,20.002
fourteam_fire_postfix,34852,OgreMain.dll+0x6b22,OgreMain.dll,4,0.028,14304,20.002
fourteam_fire_postfix,34852,OgreMain.dll+0x2a95,OgreMain.dll,4,0.028,14304,20.002
fourteam_fire_postfix,34852,battlezone98redux.exe!sub_68c560,battlezone98redux.exe,4,0.028,14304,20.002
fourteam_fire_postfix,34852,OgreMain.dll!?_issueRenderOp@SceneManager@Ogre@@UAEXPAVRenderable@2@PBVPass@2@@Z+0x11,OgreMain.dll,4,0.028,14304,20.002
fourteam_fire_postfix,34852,OgreMain.dll!?getLightAttenuation@AutoParamDataSource@Ogre@@UBE?AVVector4@2@I@Z+0x3e,OgreMain.dll,4,0.028,14304,20.002
fourteam_fire_postfix,34852,OgreMain.dll+0x2cdd6,OgreMain.dll,4,0.028,14304,20.002
fourteam_fire_postfix,34852,battlezone98redux.exe!sub_584d30,battlezone98redux.exe,4,0.028,14304,20.002
fourteam_fire_postfix,34852,OgreMain.dll!?_updateAutoParams@GpuProgramParameters@Ogre@@QAEXPBVAutoParamDataSource@2@G@Z+0x2034,OgreMain.dll,4,0.028,14304,20.002
fourteam_fire_postfix,34852,nvwgf2um.dll!OpenAdapter10+0x71b00,nvwgf2um.dll,4,0.028,14304,20.002
fourteam_fire_postfix,34852,OgreMain.dll!?getLight@AutoParamDataSource@Ogre@@IBEABVLight@2@I@Z+0x1,OgreMain.dll,4,0.028,14304,20.002
fourteam_fire_postfix,34852,battlezone98redux.exe!sub_45b050,battlezone98redux.exe,4,0.028,14304,20.002
fourteam_fire_postfix,34852,OgreMain.dll!?isViewOutOfDate@Camera@Ogre@@MBE_NXZ+0x51b,OgreMain.dll,4,0.028,14304,20.002
fourteam_fire_postfix,34852,OgreMain.dll!?renderSingleObject@SceneManager@Ogre@@MAEXPAVRenderable@2@PBVPass@2@_N2PBV?$HashedVector@PAVLight@Ogre@@@2@@Z+0x7fb,OgreMain.dll,4,0.028,14304,20.002
fourteam_fire_postfix,34852,OgreMain.dll!?isVisible@ShadowRenderable@Ogre@@UBE_NXZ+0x14a,OgreMain.dll,4,0.028,14304,20.002
fourteam_fire_postfix,34852,OgreMain.dll!?_getRenderOperation@SubMesh@Ogre@@QAEXAAVRenderOperation@2@G@Z+0x37,OgreMain.dll,4,0.028,14304,20.002
fourteam_fire_postfix,34852,OgreMain.dll!?getHalfSize@AxisAlignedBox@Ogre@@QBE?AVVector3@2@XZ+0x1,OgreMain.dll,4,0.028,14304,20.002
fourteam_fire_postfix,34852,OgreMain.dll!?_findVisibleObjects@SceneNode@Ogre@@UAEXPAVCamera@2@PAVRenderQueue@2@PAUVisibleObjectsBoundsInfo@2@_N33@Z+0x20,OgreMain.dll,4,0.028,14304,20.002
fourteam_fire_postfix,34852,OgreMain.dll!??4GpuSharedParametersUsage@Ogre@@QAEAAV01@ABV01@@Z+0x2718,OgreMain.dll,4,0.028,14304,20.002
fourteam_fire_postfix,34852,OgreMain.dll!?getLightSpecularColourWithPower@AutoParamDataSource@Ogre@@UBE?BVColourValue@2@I@Z+0x3a,OgreMain.dll,4,0.028,14304,20.002
fourteam_fire_postfix,34852,OgreMain.dll!?_detectImplementation@OptimisedUtil@Ogre@@KAPAV12@XZ+0x4674,OgreMain.dll,4,0.028,14304,20.002
fourteam_fire_postfix,34852,KERNEL32.DLL!FlsGetValue+0x2,KERNEL32.DLL,4,0.028,14304,20.002
fourteam_fire_postfix,34852,MSVCR120.dll!__libm_sse2_asinf+0xd6,MSVCR120.dll,4,0.028,14304,20.002
fourteam_fire_postfix,34852,ntdll.dll!__woutput_l+0x8a1,ntdll.dll,4,0.028,14304,20.002
fourteam_fire_postfix,34852,RenderSystem_Direct3D11.dll!?getMonitorSequentialNumberFromSwapChain@MonitorInfo@Ogre@@QAEGPAUIDXGISwapChain@@_N@Z+0x2ac4,RenderSystem_Direct3D11.dll,4,0.028,14304,20.002
fourteam_fire_postfix,34852,RenderSystem_Direct3D11.dll!?lockImpl@D3D11HardwareBuffer@Ogre@@MAEPAXIIW4LockOptions@HardwareBuffer@2@@Z+0x48,RenderSystem_Direct3D11.dll,4,0.028,14304,20.002
fourteam_fire_postfix,34852,OgreMain.dll!?fireRenderSingleObject@SceneManager@Ogre@@MAEXPAVRenderable@2@PBVPass@2@PBVAutoParamDataSource@2@PBV?$HashedVector@PAVLight@Ogre@@@2@_N@Z,OgreMain.dll,4,0.028,14304,20.002
fourteam_fire_postfix,34852,OgreMain.dll!?_setCameraRelative@Light@Ogre@@QAEXPAVCamera@2@@Z+0x14,OgreMain.dll,4,0.028,14304,20.002
fourteam_fire_postfix,34852,d3d11.dll!CreateDirect3D11DeviceFromDXGIDevice+0xa2171,d3d11.dll,4,0.028,14304,20.002
fourteam_fire_postfix,34852,OgreMain.dll!?touch@Resource@Ogre@@UAEXXZ+0xd,OgreMain.dll,4,0.028,14304,20.002
fourteam_fire_postfix,34852,RenderSystem_Direct3D11.dll+0x5970,RenderSystem_Direct3D11.dll,4,0.028,14304,20.002
fourteam_fire_postfix,34852,battlezone98redux.exe!sub_447eb0,battlezone98redux.exe,4,0.028,14304,20.002
fourteam_fire_postfix,34852,win32u.dll!_NtUserSetCursor@4+0xc,win32u.dll,4,0.028,14304,20.002
fourteam_fire_postfix,34852,OgreMain.dll!?isInLightRange@Light@Ogre@@QBE_NABVSphere@2@@Z+0x89,OgreMain.dll,4,0.028,14304,20.002
fourteam_fire_postfix,34852,battlezone98redux.exe!sub_444b00,battlezone98redux.exe,4,0.028,14304,20.002
fourteam_fire_postfix,34852,OgreMain.dll!?ACos@Math@Ogre@@SA?AVRadian@2@M@Z+0x1e,OgreMain.dll,4,0.028,14304,20.002
fourteam_fire_postfix,34852,battlezone98redux.exe!sub_680bd0,battlezone98redux.exe,4,0.028,14304,20.002
fourteam_fire_postfix,34852,OgreMain.dll!??4GpuSharedParametersUsage@Ogre@@QAEAAV01@ABV01@@Z+0x278c,OgreMain.dll,4,0.028,14304,20.002
fourteam_fire_postfix,34852,RenderSystem_Direct3D11.dll!?_render@D3D11RenderSystem@Ogre@@UAEXABVRenderOperation@2@@Z+0x19fd,RenderSystem_Direct3D11.dll,4,0.028,14304,20.002
fourteam_fire_postfix,34852,ntdll.dll!_ZwQuerySystemInformation@16+0xc,ntdll.dll,4,0.028,14304,20.002
fourteam_fire_postfix,34852,battlezone98redux.exe!sub_462630,battlezone98redux.exe,4,0.028,14304,20.002
fourteam_fire_postfix,34852,d3d11.dll!CreateDirect3D11DeviceFromDXGIDevice+0xbae5f,d3d11.dll,4,0.028,14304,20.002
fourteam_fire_postfix,34852,battlezone98redux.exe!sub_4245c0,battlezone98redux.exe,4,0.028,14304,20.002
fourteam_fire_postfix,34852,OgreMain.dll+0x29afa,OgreMain.dll,4,0.028,14304,20.002
fourteam_fire_postfix,34852,OgreMain.dll+0x2c20,OgreMain.dll,4,0.028,14304,20.002
fourteam_fire_postfix,34852,WINMM.dll@6ea10000!BZROpenShim::`anonymous namespace'::DecideFrustumCull+0x5f,WINMM.dll@6ea10000,4,0.028,14304,20.002
fourteam_fire_postfix,34852,OgreMain.dll!?_writeRawConstants@GpuProgramParameters@Ogre@@QAEXIPBMI@Z+0x6,OgreMain.dll,4,0.028,14304,20.002
fourteam_fire_postfix,34852,OgreMain.dll+0x32515,OgreMain.dll,4,0.028,14304,20.002
fourteam_fire_postfix,34852,RenderSystem_Direct3D11.dll!?getVertexShader@D3D11HLSLProgram@Ogre@@QBEPAUID3D11VertexShader@@XZ+0x6,RenderSystem_Direct3D11.dll,4,0.028,14304,20.002
fourteam_fire_postfix,34852,MSVCR120.dll!__libm_sse2_asinf+0xf,MSVCR120.dll,4,0.028,14304,20.002
fourteam_fire_postfix,34852,OgreMain.dll!?getViewMatrix@AutoParamDataSource@Ogre@@UBEABVMatrix4@2@XZ,OgreMain.dll,4,0.028,14304,20.002
fourteam_fire_postfix,34852,OgreMain.dll!?_issueRenderOp@SceneManager@Ogre@@UAEXPAVRenderable@2@PBVPass@2@@Z+0x76,OgreMain.dll,4,0.028,14304,20.002
fourteam_fire_postfix,34852,OgreMain.dll!?findLightsAffectingFrustum@SceneManager@Ogre@@MAEXPBVCamera@2@@Z+0x117,OgreMain.dll,4,0.028,14304,20.002
fourteam_fire_postfix,34852,d3d11.dll+0x2b4eb,d3d11.dll,4,0.028,14304,20.002
fourteam_fire_postfix,34852,nvwgf2um.dll!OpenAdapter10+0x72c25,nvwgf2um.dll,4,0.028,14304,20.002
fourteam_fire_postfix,34852,OgreMain.dll+0x35774,OgreMain.dll,4,0.028,14304,20.002
fourteam_fire_postfix,34852,OgreMain.dll!?determinant@Matrix4@Ogre@@QBEMXZ+0xa0,OgreMain.dll,4,0.028,14304,20.002
fourteam_fire_postfix,34852,OgreMain.dll!?isInLightRange@Light@Ogre@@QBE_NABVSphere@2@@Z+0x176,OgreMain.dll,4,0.028,14304,20.002
fourteam_fire_postfix,34852,OgreMain.dll!?_getCombinedVisibilityMask@SceneManager@Ogre@@QBEIXZ+0x3,OgreMain.dll,4,0.028,14304,20.002
fourteam_fire_postfix,34852,battlezone98redux.exe!sub_679610,battlezone98redux.exe,4,0.028,14304,20.002
fourteam_fire_postfix,34852,OgreMain.dll!?transformAffine@AxisAlignedBox@Ogre@@QAEXABVMatrix4@2@@Z+0x1df,OgreMain.dll,4,0.028,14304,20.002
fourteam_fire_postfix,34852,OgreMain.dll!?_updateBounds@SceneNode@Ogre@@UAEXXZ+0x235,OgreMain.dll,4,0.028,14304,20.002
fourteam_fire_postfix,34852,OgreMain.dll!?clone@Animation@Ogre@@QBEPAV12@ABV?$basic_string@DU?$char_traits@D@std@@V?$allocator@D@2@@std@@@Z+0x2e9,OgreMain.dll,4,0.028,14304,20.002
fourteam_fire_postfix,34852,OgreMain.dll+0x20e0f,OgreMain.dll,4,0.028,14304,20.002
fourteam_fire_postfix,34852,OgreMain.dll!?isVisible@ShadowRenderable@Ogre@@UBE_NXZ+0x24d,OgreMain.dll,4,0.028,14304,20.002
fourteam_fire_postfix,34852,d3d11.dll!CreateDirect3D11DeviceFromDXGIDevice+0x9f73d,d3d11.dll,4,0.028,14304,20.002
fourteam_fire_postfix,34852,OgreMain.dll!?_findVisibleObjects@SceneNode@Ogre@@UAEXPAVCamera@2@PAVRenderQueue@2@PAUVisibleObjectsBoundsInfo@2@_N33@Z+0xf,OgreMain.dll,4,0.028,14304,20.002
fourteam_fire_postfix,34852,OgreMain.dll+0xd86e,OgreMain.dll,4,0.028,14304,20.002
fourteam_fire_postfix,34852,RenderSystem_Direct3D11.dll!?_render@D3D11RenderSystem@Ogre@@UAEXABVRenderOperation@2@@Z+0x1fb,RenderSystem_Direct3D11.dll,4,0.028,14304,20.002
fourteam_fire_postfix,34852,OgreMain.dll!?getShadowsEnabled@Viewport@Ogre@@QBE_NXZ+0x3,OgreMain.dll,4,0.028,14304,20.002
fourteam_fire_postfix,34852,OgreMain.dll+0x1ba22,OgreMain.dll,4,0.028,14304,20.002
fourteam_fire_postfix,34852,battlezone98redux.exe!sub_8205a0,battlezone98redux.exe,4,0.028,14304,20.002
fourteam_fire_postfix,34852,win32u.dll!_NtNotifyPresentToCompositionSurface@8+0xc,win32u.dll,4,0.028,14304,20.002
fourteam_fire_postfix,34852,OgreMain.dll!?isVisible@Frustum@Ogre@@UBE_NABVAxisAlignedBox@2@PAW4FrustumPlane@2@@Z+0x5c,OgreMain.dll,4,0.028,14304,20.002
fourteam_fire_postfix,34852,OgreMain.dll!?getValueImpl@DistanceLodStrategyBase@Ogre@@MBEMPBVMovableObject@2@PBVCamera@2@@Z+0x81,OgreMain.dll,4,0.028,14304,20.002
fourteam_fire_postfix,34852,battlezone98redux.exe!sub_679570,battlezone98redux.exe,4,0.028,14304,20.002
fourteam_fire_postfix,34852,d3d11.dll+0x2704e,d3d11.dll,4,0.028,14304,20.002
fourteam_fire_postfix,34852,RenderSystem_Direct3D11.dll!?lock@D3D11HardwareUniformBuffer@Ogre@@UAEPAXIIW4LockOptions@HardwareBuffer@2@W4UploadOptions@42@@Z,RenderSystem_Direct3D11.dll,4,0.028,14304,20.002
fourteam_fire_postfix,34852,OgreMain.dll!?isInLightRange@Light@Ogre@@QBE_NABVSphere@2@@Z+0x68,OgreMain.dll,4,0.028,14304,20.002
fourteam_fire_postfix,34852,OgreMain.dll!?getBestTechnique@Material@Ogre@@QAEPAVTechnique@2@GPBVRenderable@2@@Z+0x8d,OgreMain.dll,4,0.028,14304,20.002
fourteam_fire_postfix,34852,OgreMain.dll+0x2d312,OgreMain.dll,4,0.028,14304,20.002
fourteam_fire_postfix,34852,RenderSystem_Direct3D11.dll!?_render@D3D11RenderSystem@Ogre@@UAEXABVRenderOperation@2@@Z+0x112e,RenderSystem_Direct3D11.dll,4,0.028,14304,20.002
fourteam_fire_postfix,34852,OgreMain.dll!?_detectImplementation@OptimisedUtil@Ogre@@KAPAV12@XZ+0x459c,OgreMain.dll,4,0.028,14304,20.002
fourteam_fire_postfix,34852,OgreMain.dll!?_writeRawConstant@GpuProgramParameters@Ogre@@QAEXIABVMatrix4@2@I@Z+0x3a,OgreMain.dll,4,0.028,14304,20.002
fourteam_fire_postfix,34852,battlezone98redux.exe!sub_420f10,battlezone98redux.exe,4,0.028,14304,20.002
fourteam_fire_postfix,34852,d3d11.dll!CreateDirect3D11DeviceFromDXGIDevice+0x9da5e,d3d11.dll,4,0.028,14304,20.002
fourteam_fire_postfix,34852,OgreMain.dll!?normalise@Vector3@Ogre@@QAEMXZ+0x33,OgreMain.dll,4,0.028,14304,20.002
fourteam_fire_postfix,34852,OgreMain.dll!?isVisible@ShadowRenderable@Ogre@@UBE_NXZ+0x25a,OgreMain.dll,4,0.028,14304,20.002
fourteam_fire_postfix,34852,OgreMain.dll!?postRender@Renderable@Ogre@@UAEXPAVSceneManager@2@PAVRenderSystem@2@@Z,OgreMain.dll,4,0.028,14304,20.002
fourteam_fire_postfix,34852,MSVCR120.dll!__libm_sse2_acosf+0x124,MSVCR120.dll,4,0.028,14304,20.002
fourteam_fire_postfix,34852,OgreMain.dll!?getDerivedPosition@Light@Ogre@@QBEABVVector3@2@_N@Z+0x6,OgreMain.dll,4,0.028,14304,20.002
fourteam_fire_postfix,34852,OgreMain.dll!?clone@Animation@Ogre@@QBEPAV12@ABV?$basic_string@DU?$char_traits@D@std@@V?$allocator@D@2@@std@@@Z+0x299,OgreMain.dll,4,0.028,14304,20.002
fourteam_fire_postfix,34852,ucrtbase.dll!_memcmp+0x2e1,ucrtbase.dll,4,0.028,14304,20.002
fourteam_fire_postfix,34852,d3d11.dll+0x2c403,d3d11.dll,4,0.028,14304,20.002
fourteam_fire_postfix,34852,battlezone98redux.exe!sub_422e80,battlezone98redux.exe,4,0.028,14304,20.002
fourteam_fire_postfix,34852,nvwgf2um.dll!OpenAdapter10+0x726fd,nvwgf2um.dll,4,0.028,14304,20.002
fourteam_fire_postfix,34852,OgreMain.dll!??4GpuSharedParametersUsage@Ogre@@QAEAAV01@ABV01@@Z+0x2730,OgreMain.dll,4,0.028,14304,20.002
fourteam_fire_postfix,34852,OgreMain.dll!?angleBetween@Vector3@Ogre@@QBE?AVRadian@2@ABV12@@Z+0xb,OgreMain.dll,4,0.028,14304,20.002
fourteam_fire_postfix,34852,battlezone98redux.exe!sub_62bc80,battlezone98redux.exe,4,0.028,14304,20.002
fourteam_fire_postfix,34852,OgreMain.dll!?load@Resource@Ogre@@UAEX_N@Z+0x3a3,OgreMain.dll,4,0.028,14304,20.002
fourteam_fire_postfix,34852,d3d11.dll!CreateDirect3D11DeviceFromDXGIDevice+0xa45e2,d3d11.dll,4,0.028,14304,20.002
fourteam_fire_postfix,34852,OgreMain.dll!??RlightLess@SceneManager@Ogre@@QBE_NPBVLight@2@0@Z+0x1,OgreMain.dll,3,0.021,14304,20.002
fourteam_fire_postfix,34852,d3d11.dll!CreateDirect3D11DeviceFromDXGIDevice+0x9f991,d3d11.dll,3,0.021,14304,20.002
fourteam_fire_postfix,34852,ntdll.dll!_RtlFlsGetValue@8,ntdll.dll,3,0.021,14304,20.002
fourteam_fire_postfix,34852,OgreMain.dll+0x10d11,OgreMain.dll,3,0.021,14304,20.002
fourteam_fire_postfix,34852,ntdll.dll!_RtlEnterCriticalSection@4+0xa,ntdll.dll,3,0.021,14304,20.002
fourteam_fire_postfix,34852,OgreMain.dll!?merge@VisibleObjectsBoundsInfo@Ogre@@QAEXABVAxisAlignedBox@2@ABVSphere@2@PBVCamera@2@_N@Z+0x13d,OgreMain.dll,3,0.021,14304,20.002
fourteam_fire_postfix,34852,OgreMain.dll!?clone@Animation@Ogre@@QBEPAV12@ABV?$basic_string@DU?$char_traits@D@std@@V?$allocator@D@2@@std@@@Z+0x241,OgreMain.dll,3,0.021,14304,20.002
fourteam_fire_postfix,34852,OgreMain.dll!?_setPass@SceneManager@Ogre@@UAEPBVPass@2@PBV32@_N1@Z+0x87d,OgreMain.dll,3,0.021,14304,20.002
fourteam_fire_postfix,34852,battlezone98redux.exe!sub_606f70,battlezone98redux.exe,3,0.021,14304,20.002
fourteam_fire_postfix,34852,OgreMain.dll!?_getParentNodeFullTransform@MovableObject@Ogre@@UBEABVMatrix4@2@XZ+0x3,OgreMain.dll,3,0.021,14304,20.002
fourteam_fire_postfix,34852,RenderSystem_Direct3D11.dll!?_render@D3D11RenderSystem@Ogre@@UAEXABVRenderOperation@2@@Z+0x132f,RenderSystem_Direct3D11.dll,3,0.021,14304,20.002
fourteam_fire_postfix,34852,OgreMain.dll!?clone@Animation@Ogre@@QBEPAV12@ABV?$basic_string@DU?$char_traits@D@std@@V?$allocator@D@2@@std@@@Z+0x2e2,OgreMain.dll,3,0.021,14304,20.002
fourteam_fire_postfix,34852,OgreMain.dll+0x358eb,OgreMain.dll,3,0.021,14304,20.002
fourteam_fire_postfix,34852,OgreMain.dll!?getLightDirection@AutoParamDataSource@Ogre@@UBEABVVector3@2@I@Z+0xb,OgreMain.dll,3,0.021,14304,20.002
fourteam_fire_postfix,34852,OgreMain.dll+0x24b36,OgreMain.dll,3,0.021,14304,20.002
fourteam_fire_postfix,34852,OgreMain.dll!?getLightDiffuseColourWithPower@AutoParamDataSource@Ogre@@UBE?BVColourValue@2@I@Z+0x43,OgreMain.dll,3,0.021,14304,20.002
fourteam_fire_postfix,34852,OgreMain.dll!?visit@SceneMgrQueuedRenderableVisitor@SceneManager@Ogre@@UAEXPAVRenderable@3@@Z+0x35,OgreMain.dll,3,0.021,14304,20.002
fourteam_fire_postfix,34852,OgreMain.dll!?angleBetween@Vector3@Ogre@@QBE?AVRadian@2@ABV12@@Z+0xc2,OgreMain.dll,3,0.021,14304,20.002
fourteam_fire_postfix,34852,OgreMain.dll!?clone@Animation@Ogre@@QBEPAV12@ABV?$basic_string@DU?$char_traits@D@std@@V?$allocator@D@2@@std@@@Z+0x27a,OgreMain.dll,3,0.021,14304,20.002
fourteam_fire_postfix,34852,OgreMain.dll!?_detectImplementation@OptimisedUtil@Ogre@@KAPAV12@XZ+0x4651,OgreMain.dll,3,0.021,14304,20.002
fourteam_fire_postfix,34852,d3d11.dll!CreateDirect3D11DeviceFromDXGIDevice+0x9ab76,d3d11.dll,3,0.021,14304,20.002
fourteam_fire_postfix,34852,battlezone98redux.exe!sub_44efb0,battlezone98redux.exe,3,0.021,14304,20.002
fourteam_fire_postfix,34852,battlezone98redux.exe!sub_4d4580,battlezone98redux.exe,3,0.021,14304,20.002
fourteam_fire_postfix,34852,battlezone98redux.exe!sub_677a80,battlezone98redux.exe,3,0.021,14304,20.002
fourteam_fire_postfix,34852,battlezone98redux.exe!sub_77d660,battlezone98redux.exe,3,0.021,14304,20.002
fourteam_fire_postfix,34852,nvwgf2um.dll!NVENCODEAPI_Thunk+0x2175b0,nvwgf2um.dll,3,0.021,14304,20.002
fourteam_fire_postfix,34852,d3d11.dll!CreateDirect3D11DeviceFromDXGIDevice+0x9acd9,d3d11.dll,3,0.021,14304,20.002
fourteam_fire_postfix,34852,d3d11.dll!CreateDirect3D11DeviceFromDXGIDevice+0xa3faa,d3d11.dll,3,0.021,14304,20.002
fourteam_fire_postfix,34852,battlezone98redux.exe!sub_67a110,battlezone98redux.exe,3,0.021,14304,20.002
fourteam_fire_postfix,34852,OgreMain.dll!?setCurrentLightList@AutoParamDataSource@Ogre@@UAEXPBV?$HashedVector@PAVLight@Ogre@@@2@@Z+0x43,OgreMain.dll,3,0.021,14304,20.002
fourteam_fire_postfix,34852,OgreMain.dll!?getConstantDefinition@GpuProgramParameters@Ogre@@QBEABUGpuConstantDefinition@2@ABV?$basic_string@DU?$char_traits@D@std@@V?$allocator@D@2@@std@@@Z+0x17,OgreMain.dll,3,0.021,14304,20.002
fourteam_fire_postfix,34852,OgreMain.dll!?getIndexAscending@LodStrategy@Ogre@@KAGMABV?$vector@MV?$STLAllocator@MV?$CategorisedAllocPolicy@$0A@@Ogre@@@Ogre@@@std@@@Z+0x24,OgreMain.dll,3,0.021,14304,20.002
fourteam_fire_postfix,34852,ntdll.dll!_ZwOpenSection@12+0xc,ntdll.dll,3,0.021,14304,20.002
fourteam_fire_postfix,34852,MSVCR120.dll!memmove+0x5f,MSVCR120.dll,3,0.021,14304,20.002
fourteam_fire_postfix,34852,MSVCR120.dll!floor+0x59,MSVCR120.dll,3,0.021,14304,20.002
fourteam_fire_postfix,34852,OgreMain.dll!??DMatrix3@Ogre@@QBE?AVVector3@1@ABV21@@Z+0x8c,OgreMain.dll,3,0.021,14304,20.002
fourteam_fire_postfix,34852,battlezone98redux.exe!back,battlezone98redux.exe,3,0.021,14304,20.002
fourteam_fire_postfix,34852,OgreMain.dll!?_updateAutoParams@GpuProgramParameters@Ogre@@QAEXPBVAutoParamDataSource@2@G@Z+0x17,OgreMain.dll,3,0.021,14304,20.002
fourteam_fire_postfix,34852,OgreMain.dll!?FastHash@Ogre@@YAIPBDHI@Z+0x5a,OgreMain.dll,3,0.021,14304,20.002
fourteam_fire_postfix,34852,OgreMain.dll!?_detectImplementation@OptimisedUtil@Ogre@@KAPAV12@XZ+0x460b,OgreMain.dll,3,0.021,14304,20.002
fourteam_fire_postfix,34852,OgreMain.dll!?setWorldMatrices@AutoParamDataSource@Ogre@@UAEXPBVMatrix4@2@I@Z+0x1d,OgreMain.dll,3,0.021,14304,20.002
fourteam_fire_postfix,34852,OgreMain.dll!?_updateAutoParams@Pass@Ogre@@QBEXPBVAutoParamDataSource@2@G@Z+0x103,OgreMain.dll,3,0.021,14304,20.002
fourteam_fire_postfix,34852,OgreMain.dll!?_updateAutoParams@GpuProgramParameters@Ogre@@QAEXPBVAutoParamDataSource@2@G@Z+0x1e50,OgreMain.dll,3,0.021,14304,20.002
fourteam_fire_postfix,34852,OgreMain.dll!??RlightLess@SceneManager@Ogre@@QBE_NPBVLight@2@0@Z+0x1a,OgreMain.dll,3,0.021,14304,20.002
fourteam_fire_postfix,34852,battlezone98redux.exe!sub_45c4b0,battlezone98redux.exe,3,0.021,14304,20.002
fourteam_fire_postfix,34852,RenderSystem_Direct3D11.dll!?bindGpuProgramParameters@D3D11RenderSystem@Ogre@@UAEXW4GpuProgramType@2@V?$SharedPtr@VGpuProgramParameters@Ogre@@@2@G@Z+0xb4,RenderSystem_Direct3D11.dll,3,0.021,14304,20.002
fourteam_fire_postfix,34852,RenderSystem_Direct3D11.dll!??0D3D11RenderWindowSwapChainBased@Ogre@@QAE@ABV01@@Z+0x9f4,RenderSystem_Direct3D11.dll,3,0.021,14304,20.002
fourteam_fire_postfix,34852,battlezone98redux.exe!sub_83f040,battlezone98redux.exe,3,0.021,14304,20.002
fourteam_fire_postfix,34852,OgreMain.dll!?renderSingleObject@SceneManager@Ogre@@MAEXPAVRenderable@2@PBVPass@2@_N2PBV?$HashedVector@PAVLight@Ogre@@@2@@Z+0xd6,OgreMain.dll,3,0.021,14304,20.002
fourteam_fire_postfix,34852,OgreMain.dll!?_writeRawConstant@GpuProgramParameters@Ogre@@QAEXIABVMatrix4@2@I@Z+0x35,OgreMain.dll,3,0.021,14304,20.002
fourteam_fire_postfix,34852,MSVCR120.dll!_fdtest+0x10,MSVCR120.dll,3,0.021,14304,20.002
fourteam_fire_postfix,34852,battlezone98redux.exe!sub_497aa0,battlezone98redux.exe,3,0.021,14304,20.002
fourteam_fire_postfix,34852,OgreMain.dll!?updateAnimation@Entity@Ogre@@IAEXXZ+0x123,OgreMain.dll,3,0.021,14304,20.002
fourteam_fire_postfix,34852,ntdll.dll!_RtlAnsiCharToUnicodeChar@4+0x19,ntdll.dll,3,0.021,14304,20.002
fourteam_fire_postfix,34852,battlezone98redux.exe!sub_50b960,battlezone98redux.exe,3,0.021,14304,20.002
fourteam_fire_postfix,34852,OgreMain.dll!?isVisible@ShadowRenderable@Ogre@@UBE_NXZ+0x231,OgreMain.dll,3,0.021,14304,20.002
fourteam_fire_postfix,34852,OgreMain.dll!?getInverseViewMatrix@AutoParamDataSource@Ogre@@UBEABVMatrix4@2@XZ+0x33,OgreMain.dll,3,0.021,14304,20.002
fourteam_fire_postfix,34852,OgreMain.dll!?allocatePolygon@ConvexBody@Ogre@@KAPAVPolygon@2@XZ+0xa1,OgreMain.dll,3,0.021,14304,20.002
fourteam_fire_postfix,34852,OgreMain.dll!?addRenderable@RenderQueue@Ogre@@QAEXPAVRenderable@2@EG@Z+0x1e1,OgreMain.dll,3,0.021,14304,20.002
fourteam_fire_postfix,34852,OgreMain.dll!?_getCurrentSceneManager@Root@Ogre@@QBEPAVSceneManager@2@XZ+0x50,OgreMain.dll,3,0.021,14304,20.002
fourteam_fire_postfix,34852,OgreMain.dll!?_updateAutoParams@Pass@Ogre@@QBEXPBVAutoParamDataSource@2@G@Z+0x55,OgreMain.dll,3,0.021,14304,20.002
fourteam_fire_postfix,34852,OgreMain.dll!??4GpuSharedParametersUsage@Ogre@@QAEAAV01@ABV01@@Z+0x27a2,OgreMain.dll,3,0.021,14304,20.002
fourteam_fire_postfix,34852,OgreMain.dll!?isVisible@MovableObject@Ogre@@UBE_NXZ+0x4b,OgreMain.dll,3,0.021,14304,20.002
fourteam_fire_postfix,34852,OgreMain.dll!?_setPass@SceneManager@Ogre@@UAEPBVPass@2@PBV32@_N1@Z+0x680,OgreMain.dll,3,0.021,14304,20.002
fourteam_fire_postfix,34852,nvwgf2um.dll!OpenAdapter10+0x72c11,nvwgf2um.dll,3,0.021,14304,20.002
fourteam_fire_postfix,34852,d3d11.dll!CreateDirect3D11DeviceFromDXGIDevice+0xa20c1,d3d11.dll,3,0.021,14304,20.002
fourteam_fire_postfix,34852,OgreMain.dll!?isShadowTechniqueModulative@SceneManager@Ogre@@UBE_NXZ+0x6,OgreMain.dll,3,0.021,14304,20.002
fourteam_fire_postfix,34852,OgreMain.dll!?hasViewRelativeTextureCoordinateGeneration@TextureUnitState@Ogre@@QBE_NXZ+0xa,OgreMain.dll,3,0.021,14304,20.002
fourteam_fire_postfix,34852,MSVCR120.dll!__libm_sse2_asinf+0x228,MSVCR120.dll,3,0.021,14304,20.002
fourteam_fire_postfix,34852,OgreMain.dll!?transformAffine@AxisAlignedBox@Ogre@@QAEXABVMatrix4@2@@Z+0x1c4,OgreMain.dll,3,0.021,14304,20.002
fourteam_fire_postfix,34852,OgreMain.dll!?getQueueGroup@RenderQueue@Ogre@@QAEPAVRenderQueueGroup@2@E@Z+0x52,OgreMain.dll,3,0.021,14304,20.002
fourteam_fire_postfix,34852,OgreMain.dll!??4GpuSharedParametersUsage@Ogre@@QAEAAV01@ABV01@@Z+0x272a,OgreMain.dll,3,0.021,14304,20.002
fourteam_fire_postfix,34852,battlezone98redux.exe!sub_451250,battlezone98redux.exe,3,0.021,14304,20.002
fourteam_fire_postfix,34852,OgreMain.dll!?getProjectionMatrix@AutoParamDataSource@Ogre@@UBEABVMatrix4@2@XZ+0x95,OgreMain.dll,3,0.021,14304,20.002
fourteam_fire_postfix,34852,d3d11.dll!CreateDirect3D11DeviceFromDXGIDevice+0xbae56,d3d11.dll,3,0.021,14304,20.002
fourteam_fire_postfix,34852,battlezone98redux.exe!sub_4495d0,battlezone98redux.exe,3,0.021,14304,20.002
fourteam_fire_postfix,34852,battlezone98redux.exe!sub_6a3490,battlezone98redux.exe,3,0.021,14304,20.002
fourteam_fire_postfix,34852,d3d11.dll!CreateDirect3D11DeviceFromDXGIDevice+0xa21cf,d3d11.dll,3,0.021,14304,20.002
fourteam_fire_postfix,34852,OgreMain.dll!?_findNamedConstantDefinition@GpuProgramParameters@Ogre@@QBEPBUGpuConstantDefinition@2@ABV?$basic_string@DU?$char_traits@D@std@@V?$allocator@D@2@@std@@_N@Z+0x30,OgreMain.dll,3,0.021,14304,20.002
fourteam_fire_postfix,34852,MSVCR120.dll!__libm_sse2_asinf+0x78,MSVCR120.dll,3,0.021,14304,20.002
fourteam_fire_postfix,34852,battlezone98redux.exe!sub_6002a0,battlezone98redux.exe,3,0.021,14304,20.002
fourteam_fire_postfix,34852,RenderSystem_Direct3D11.dll!?_setPolygonMode@D3D11RenderSystem@Ogre@@UAEXW4PolygonMode@2@@Z+0x6,RenderSystem_Direct3D11.dll,3,0.021,14304,20.002
fourteam_fire_postfix,34852,MSVCR120.dll!memcpy+0x6,MSVCR120.dll,3,0.021,14304,20.002
fourteam_fire_postfix,34852,win32u.dll!_NtGdiDdDDICheckMonitorPowerState@4+0xc,win32u.dll,3,0.021,14304,20.002
fourteam_fire_postfix,34852,nvwgf2um.dll!OpenAdapter10+0x726fe,nvwgf2um.dll,3,0.021,14304,20.002
fourteam_fire_postfix,34852,OgreMain.dll!?getAs4DVector@Light@Ogre@@QBE?AVVector4@2@_N@Z+0x54,OgreMain.dll,3,0.021,14304,20.002
fourteam_fire_postfix,34852,OgreMain.dll!?_updateAutoParams@GpuProgramParameters@Ogre@@QAEXPBVAutoParamDataSource@2@G@Z+0x1cf5,OgreMain.dll,3,0.021,14304,20.002
fourteam_fire_postfix,34852,OgreMain.dll!?getLightDirection@AutoParamDataSource@Ogre@@UBEABVVector3@2@I@Z,OgreMain.dll,3,0.021,14304,20.002
fourteam_fire_postfix,34852,d3d11.dll!CreateDirect3D11DeviceFromDXGIDevice+0x9da1a,d3d11.dll,3,0.021,14304,20.002
fourteam_fire_postfix,34852,battlezone98redux.exe!operator-,battlezone98redux.exe,3,0.021,14304,20.002
fourteam_fire_postfix,34852,nvwgf2um.dll!NVENCODEAPI_Thunk+0x21761a,nvwgf2um.dll,3,0.021,14304,20.002
fourteam_fire_postfix,34852,MSVCR120.dll!memcpy+0x2,MSVCR120.dll,3,0.021,14304,20.002
fourteam_fire_postfix,34852,RenderSystem_Direct3D11.dll!?createImpl@D3D11GpuProgramManager@Ogre@@MAEPAVResource@2@ABV?$basic_string@DU?$char_traits@D@std@@V?$allocator@D@2@@std@@_K0_NPAVManualResourceLoader@2@W4GpuProgramType@2@0@Z+0x6127,RenderSystem_Direct3D11.dll,3,0.021,14304,20.002
fourteam_fire_postfix,34852,ucrtbase.dll!_floor+0x1f,ucrtbase.dll,3,0.021,14304,20.002
fourteam_fire_postfix,34852,OgreMain.dll!?_updateAutoParams@GpuProgramParameters@Ogre@@QAEXPBVAutoParamDataSource@2@G@Z+0x2053,OgreMain.dll,3,0.021,14304,20.002
fourteam_fire_postfix,34852,battlezone98redux.exe!sub_4519a0,battlezone98redux.exe,3,0.021,14304,20.002
fourteam_fire_postfix,34852,OgreMain.dll+0x7e50,OgreMain.dll,3,0.021,14304,20.002
fourteam_fire_postfix,34852,d3d11.dll+0x313ba,d3d11.dll,3,0.021,14304,20.002
fourteam_fire_postfix,34852,OgreMain.dll!?updatePoint@RotationalSpline@Ogre@@QAEXGABVQuaternion@2@@Z+0x9d33,OgreMain.dll,3,0.021,14304,20.002
fourteam_fire_postfix,34852,MSVCR120.dll!__libm_sse2_asinf+0x1db,MSVCR120.dll,3,0.021,14304,20.002
fourteam_fire_postfix,34852,OgreMain.dll!??4GpuSharedParametersUsage@Ogre@@QAEAAV01@ABV01@@Z+0x2721,OgreMain.dll,3,0.021,14304,20.002
fourteam_fire_postfix,34852,battlezone98redux.exe!sub_4dfbf0,battlezone98redux.exe,3,0.021,14304,20.002
fourteam_fire_postfix,34852,OgreMain.dll!?getProjectionMatrix@AutoParamDataSource@Ogre@@UBEABVMatrix4@2@XZ+0x9b,OgreMain.dll,3,0.021,14304,20.002
fourteam_fire_postfix,34852,battlezone98redux.exe!sub_462450,battlezone98redux.exe,3,0.021,14304,20.002
fourteam_fire_postfix,34852,OgreMain.dll!?waitForNextRequest@DefaultWorkQueue@Ogre@@MAEXXZ+0x11d872,OgreMain.dll,3,0.021,14304,20.002
fourteam_fire_postfix,34852,d3d11.dll!CreateDirect3D11DeviceFromDXGIDevice+0xbd2e0,d3d11.dll,3,0.021,14304,20.002
fourteam_fire_postfix,34852,RenderSystem_Direct3D11.dll!?_render@D3D11RenderSystem@Ogre@@UAEXABVRenderOperation@2@@Z+0x21f,RenderSystem_Direct3D11.dll,3,0.021,14304,20.002
fourteam_fire_postfix,34852,OgreMain.dll!?getSide@Plane@Ogre@@QBE?AW4Side@12@ABVVector3@2@0@Z+0x11,OgreMain.dll,3,0.021,14304,20.002
fourteam_fire_postfix,34852,battlezone98redux.exe!sub_44ec90,battlezone98redux.exe,3,0.021,14304,20.002
fourteam_fire_postfix,34852,d3d11.dll!CreateDirect3D11DeviceFromDXGIDevice+0xa20bf,d3d11.dll,3,0.021,14304,20.002
fourteam_fire_postfix,34852,OgreMain.dll+0x6c12,OgreMain.dll,3,0.021,14304,20.002
fourteam_fire_postfix,34852,OgreMain.dll!?getWorldViewMatrix@AutoParamDataSource@Ogre@@UBEABVMatrix4@2@XZ+0x39,OgreMain.dll,3,0.021,14304,20.002
fourteam_fire_postfix,34852,OgreMain.dll!?setCurrentPassIterationCount@RenderSystem@Ogre@@UAEXI@Z+0xd,OgreMain.dll,3,0.021,14304,20.002
fourteam_fire_postfix,34852,OgreMain.dll!?getLodIndex@Mesh@Ogre@@QBEGM@Z+0x14,OgreMain.dll,3,0.021,14304,20.002
fourteam_fire_postfix,34852,OgreMain.dll!?FastHash@Ogre@@YAIPBDHI@Z+0x44,OgreMain.dll,3,0.021,14304,20.002
fourteam_fire_postfix,34852,d3d11.dll!CreateDirect3D11DeviceFromDXGIDevice+0x9d953,d3d11.dll,3,0.021,14304,20.002
fourteam_fire_postfix,34852,OgreMain.dll!??4GpuSharedParametersUsage@Ogre@@QAEAAV01@ABV01@@Z+0x2732,OgreMain.dll,3,0.021,14304,20.002
fourteam_fire_postfix,34852,d3d11.dll!CreateDirect3D11DeviceFromDXGIDevice+0xa204b,d3d11.dll,3,0.021,14304,20.002
fourteam_fire_postfix,34852,OgreMain.dll!?merge@AxisAlignedBox@Ogre@@QAEXABV12@@Z+0x6,OgreMain.dll,3,0.021,14304,20.002
fourteam_fire_postfix,34852,KERNELBASE.dll!GetTickCount,KERNELBASE.dll,3,0.021,14304,20.002
fourteam_fire_postfix,34852,OgreMain.dll!?isViewOutOfDate@Camera@Ogre@@MBE_NXZ+0x1,OgreMain.dll,3,0.021,14304,20.002
fourteam_fire_postfix,34852,OgreMain.dll!??4GpuSharedParametersUsage@Ogre@@QAEAAV01@ABV01@@Z+0x2714,OgreMain.dll,3,0.021,14304,20.002
fourteam_fire_postfix,34852,battlezone98redux.exe!sub_449910,battlezone98redux.exe,3,0.021,14304,20.002
fourteam_fire_postfix,34852,RenderSystem_Direct3D11.dll!?getMonitorSequentialNumberFromSwapChain@MonitorInfo@Ogre@@QAEGPAUIDXGISwapChain@@_N@Z+0x2f08,RenderSystem_Direct3D11.dll,3,0.021,14304,20.002
fourteam_fire_postfix,34852,OgreMain.dll!?clone@Animation@Ogre@@QBEPAV12@ABV?$basic_string@DU?$char_traits@D@std@@V?$allocator@D@2@@std@@@Z+0x32d,OgreMain.dll,3,0.021,14304,20.002
fourteam_fire_postfix,34852,OgreMain.dll!?updateGpuProgramParameters@SceneManager@Ogre@@MAEXPBVPass@2@@Z+0x5b,OgreMain.dll,3,0.021,14304,20.002
fourteam_fire_postfix,34852,OgreMain.dll+0x3f7f6,OgreMain.dll,3,0.021,14304,20.002
fourteam_fire_postfix,34852,OgreMain.dll!?acceptVisitorGrouped@QueuedRenderableCollection@Ogre@@IBEXPAVQueuedRenderableVisitor@2@@Z+0x65,OgreMain.dll,3,0.021,14304,20.002
fourteam_fire_postfix,34852,OgreMain.dll!?updateFrustum@Frustum@Ogre@@MBEXXZ+0x1d,OgreMain.dll,3,0.021,14304,20.002
fourteam_fire_postfix,34852,ntdll.dll!_RtlpLfhFindClearBitAndSet@16+0x13,ntdll.dll,3,0.021,14304,20.002
fourteam_fire_postfix,34852,OgreMain.dll!?getLightAttenuation@AutoParamDataSource@Ogre@@UBE?AVVector4@2@I@Z+0x1b,OgreMain.dll,3,0.021,14304,20.002
fourteam_fire_postfix,34852,OgreMain.dll!?_findNamedConstantDefinition@GpuProgramParameters@Ogre@@QBEPBUGpuConstantDefinition@2@ABV?$basic_string@DU?$char_traits@D@std@@V?$allocator@D@2@@std@@_N@Z+0xcf,OgreMain.dll,3,0.021,14304,20.002
fourteam_fire_postfix,34852,OgreMain.dll!?_updateAutoParams@GpuProgramParameters@Ogre@@QAEXPBVAutoParamDataSource@2@G@Z+0x1,OgreMain.dll,3,0.021,14304,20.002
fourteam_fire_postfix,34852,OgreMain.dll!?updateView@Frustum@Ogre@@MBEXXZ+0x1d,OgreMain.dll,3,0.021,14304,20.002
fourteam_fire_postfix,34852,OgreMain.dll!?getHalfSize@AxisAlignedBox@Ogre@@QBE?AVVector3@2@XZ+0x66,OgreMain.dll,3,0.021,14304,20.002
fourteam_fire_postfix,34852,OgreMain.dll!?createTechnique@Material@Ogre@@QAEPAVTechnique@2@XZ+0xa35,OgreMain.dll,3,0.021,14304,20.002
fourteam_fire_postfix,34852,OgreMain.dll!?_updateAutoParams@GpuProgramParameters@Ogre@@QAEXPBVAutoParamDataSource@2@G@Z+0x1bac,OgreMain.dll,3,0.021,14304,20.002
fourteam_fire_postfix,34852,OgreMain.dll!?touchVertexBufferCopy@HardwareBufferManagerBase@Ogre@@UAEXABVHardwareVertexBufferSharedPtr@2@@Z+0x43,OgreMain.dll,3,0.021,14304,20.002
fourteam_fire_postfix,34852,ntdll.dll!_ZwClose@4+0xc,ntdll.dll,3,0.021,14304,20.002
fourteam_fire_postfix,34852,OgreMain.dll+0x29ed8,OgreMain.dll,3,0.021,14304,20.002
fourteam_fire_postfix,34852,OgreMain.dll!?updateGpuProgramParameters@SceneManager@Ogre@@MAEXPBVPass@2@@Z+0xd3,OgreMain.dll,3,0.021,14304,20.002
fourteam_fire_postfix,34852,OgreMain.dll!?transformAffine@AxisAlignedBox@Ogre@@QAEXABVMatrix4@2@@Z+0xfb,OgreMain.dll,3,0.021,14304,20.002
fourteam_fire_postfix,34852,OgreMain.dll!?_updateAutoParams@GpuProgramParameters@Ogre@@QAEXPBVAutoParamDataSource@2@G@Z+0x1a7f,OgreMain.dll,3,0.021,14304,20.002
fourteam_fire_postfix,34852,OgreMain.dll!?determinant@Matrix4@Ogre@@QBEMXZ+0xc3,OgreMain.dll,3,0.021,14304,20.002
fourteam_fire_postfix,34852,OgreMain.dll!?lock@HardwareBuffer@Ogre@@UAEPAXIIW4LockOptions@12@W4UploadOptions@12@@Z+0x103,OgreMain.dll,3,0.021,14304,20.002
fourteam_fire_postfix,34852,OgreMain.dll!?getTechnique@SubEntity@Ogre@@UBEPAVTechnique@2@XZ+0xe,OgreMain.dll,3,0.021,14304,20.002
fourteam_fire_postfix,34852,OgreMain.dll!?createTechnique@Material@Ogre@@QAEPAVTechnique@2@XZ+0xa23,OgreMain.dll,3,0.021,14304,20.002
fourteam_fire_postfix,34852,OgreMain.dll!?renderSingleObject@SceneManager@Ogre@@MAEXPAVRenderable@2@PBVPass@2@_N2PBV?$HashedVector@PAVLight@Ogre@@@2@@Z+0x28e,OgreMain.dll,3,0.021,14304,20.002
fourteam_fire_postfix,34852,OgreMain.dll!?isInLightRange@Light@Ogre@@QBE_NABVSphere@2@@Z+0x7b,OgreMain.dll,3,0.021,14304,20.002
fourteam_fire_postfix,34852,battlezone98redux.exe!sub_44ef20,battlezone98redux.exe,3,0.021,14304,20.002
fourteam_fire_postfix,34852,ntdll.dll!_strlen+0x32,ntdll.dll,3,0.021,14304,20.002
fourteam_fire_postfix,34852,OgreMain.dll!?getDistance@Plane@Ogre@@QBEMABVVector3@2@@Z+0x6,OgreMain.dll,3,0.021,14304,20.002
fourteam_fire_postfix,34852,d3d11.dll!CreateDirect3D11DeviceFromDXGIDevice+0x9da45,d3d11.dll,3,0.021,14304,20.002
fourteam_fire_postfix,34852,nvwgf2um.dll!SetDependencyInfo+0x4b369,nvwgf2um.dll,3,0.021,14304,20.002
fourteam_fire_postfix,34852,MSVCR120.dll!__libm_sse2_acosf+0x97,MSVCR120.dll,3,0.021,14304,20.002
fourteam_fire_postfix,34852,OgreMain.dll!?_calcTempSquareDist@Light@Ogre@@QAEXABVVector3@2@@Z+0x2c,OgreMain.dll,3,0.021,14304,20.002
fourteam_fire_postfix,34852,MSVCR120.dll!__libm_sse2_acosf+0x16f,MSVCR120.dll,3,0.021,14304,20.002
fourteam_fire_postfix,34852,RenderSystem_Direct3D11.dll!?getMonitorSequentialNumberFromSwapChain@MonitorInfo@Ogre@@QAEGPAUIDXGISwapChain@@_N@Z+0x2f17,RenderSystem_Direct3D11.dll,3,0.021,14304,20.002
fourteam_fire_postfix,34852,OgreMain.dll!?_updateAutoParams@GpuProgramParameters@Ogre@@QAEXPBVAutoParamDataSource@2@G@Z+0x1e5c,OgreMain.dll,3,0.021,14304,20.002
fourteam_fire_postfix,34852,battlezone98redux.exe!sub_6d73e0,battlezone98redux.exe,3,0.021,14304,20.002
fourteam_fire_postfix,34852,RenderSystem_Direct3D11.dll!?_render@D3D11RenderSystem@Ogre@@UAEXABVRenderOperation@2@@Z+0x225,RenderSystem_Direct3D11.dll,3,0.021,14304,20.002
fourteam_fire_postfix,34852,battlezone98redux.exe!sub_438c10,battlezone98redux.exe,3,0.021,14304,20.002
fourteam_fire_postfix,34852,OgreMain.dll+0x19a56,OgreMain.dll,3,0.021,14304,20.002
fourteam_fire_postfix,34852,battlezone98redux.exe!allocator<char>,battlezone98redux.exe,3,0.021,14304,20.002
fourteam_fire_postfix,34852,ntdll.dll!_RtlAllocateHeap@12+0x51,ntdll.dll,3,0.021,14304,20.002
fourteam_fire_postfix,34852,MSVCR120.dll!??2@YAPAXI@Z+0xbf,MSVCR120.dll,3,0.021,14304,20.002
fourteam_fire_postfix,34852,OgreMain.dll!?renderSingleObject@SceneManager@Ogre@@MAEXPAVRenderable@2@PBVPass@2@_N2PBV?$HashedVector@PAVLight@Ogre@@@2@@Z+0x989,OgreMain.dll,3,0.021,14304,20.002
fourteam_fire_postfix,34852,OgreMain.dll!?determinant@Matrix4@Ogre@@QBEMXZ+0x8b,OgreMain.dll,3,0.021,14304,20.002
fourteam_fire_postfix,34852,MSVCR120.dll!memcpy+0x20,MSVCR120.dll,3,0.021,14304,20.002
fourteam_fire_postfix,34852,RenderSystem_Direct3D11.dll!?uninstall@D3D11Plugin@Ogre@@UAEXXZ+0x6224,RenderSystem_Direct3D11.dll,3,0.021,14304,20.002
fourteam_fire_postfix,34852,OgreMain.dll!?_populateLightList@SceneManager@Ogre@@UAEXABVVector3@2@MAAV?$HashedVector@PAVLight@Ogre@@@2@I@Z+0x2bb,OgreMain.dll,3,0.021,14304,20.002
fourteam_fire_postfix,34852,battlezone98redux.exe!sub_416410,battlezone98redux.exe,3,0.021,14304,20.002
fourteam_fire_postfix,34852,d3d11.dll!D3D11CoreCreateDevice+0xe002,d3d11.dll,3,0.021,14304,20.002
fourteam_fire_postfix,34852,OgreMain.dll!?clone@Animation@Ogre@@QBEPAV12@ABV?$basic_string@DU?$char_traits@D@std@@V?$allocator@D@2@@std@@@Z+0x2c3,OgreMain.dll,3,0.021,14304,20.002
fourteam_fire_postfix,34852,battlezone98redux.exe!sub_67b990,battlezone98redux.exe,3,0.021,14304,20.002
fourteam_fire_postfix,34852,nvwgf2um.dll!SetDependencyInfo+0x4af22,nvwgf2um.dll,3,0.021,14304,20.002
fourteam_fire_postfix,34852,OgreMain.dll!?createTechnique@Material@Ogre@@QAEPAVTechnique@2@XZ+0xa16,OgreMain.dll,3,0.021,14304,20.002
fourteam_fire_postfix,34852,d3d11.dll+0x35ebe,d3d11.dll,3,0.021,14304,20.002
fourteam_fire_postfix,34852,OgreMain.dll!?isInLightRange@Light@Ogre@@QBE_NABVSphere@2@@Z+0xfc,OgreMain.dll,3,0.021,14304,20.002
fourteam_fire_postfix,34852,MSVCR120.dll!__libm_sse2_acosf+0x1e7,MSVCR120.dll,3,0.021,14304,20.002
fourteam_fire_postfix,34852,OgreMain.dll!?_releaseBufferCopies@HardwareBufferManagerBase@Ogre@@UAEX_N@Z+0x98,OgreMain.dll,3,0.021,14304,20.002
fourteam_fire_postfix,34852,OgreMain.dll!?waitForNextRequest@DefaultWorkQueue@Ogre@@MAEXXZ+0x11ce58,OgreMain.dll,3,0.021,14304,20.002
fourteam_fire_postfix,34852,OgreMain.dll!?renderSingleObject@SceneManager@Ogre@@MAEXPAVRenderable@2@PBVPass@2@_N2PBV?$HashedVector@PAVLight@Ogre@@@2@@Z+0x40,OgreMain.dll,3,0.021,14304,20.002
fourteam_fire_postfix,34852,nvwgf2um.dll!SetDependencyInfo+0x4b327,nvwgf2um.dll,3,0.021,14304,20.002
fourteam_fire_postfix,34852,MSVCR120.dll!__crtFlsGetValue+0x19,MSVCR120.dll,3,0.021,14304,20.002
fourteam_fire_postfix,34852,OgreMain.dll!?renderSingleObject@SceneManager@Ogre@@MAEXPAVRenderable@2@PBVPass@2@_N2PBV?$HashedVector@PAVLight@Ogre@@@2@@Z+0x17b,OgreMain.dll,3,0.021,14304,20.002
fourteam_fire_postfix,34852,d3d11.dll!CreateDirect3D11DeviceFromDXGIDevice+0x9f255,d3d11.dll,3,0.021,14304,20.002
fourteam_fire_postfix,34852,OgreMain.dll!?isInLightRange@Light@Ogre@@QBE_NABVSphere@2@@Z+0x10f,OgreMain.dll,3,0.021,14304,20.002
fourteam_fire_postfix,34852,d3d11.dll!CreateDirect3D11DeviceFromDXGIDevice+0xbda32,d3d11.dll,3,0.021,14304,20.002
fourteam_fire_postfix,34852,OgreMain.dll!?getSide@Plane@Ogre@@QBE?AW4Side@12@ABVVector3@2@0@Z+0x1,OgreMain.dll,3,0.021,14304,20.002
fourteam_fire_postfix,34852,d3d11.dll!CreateDirect3D11DeviceFromDXGIDevice+0xa17a7,d3d11.dll,3,0.021,14304,20.002
fourteam_fire_postfix,34852,OgreMain.dll!?RealEqual@Math@Ogre@@SA_NMMM@Z+0x3,OgreMain.dll,3,0.021,14304,20.002
fourteam_fire_postfix,34852,MSVCR120.dll!__libm_sse2_asinf+0x210,MSVCR120.dll,3,0.021,14304,20.002
fourteam_fire_postfix,34852,MSVCR120.dll!wcschr+0xe7,MSVCR120.dll,3,0.021,14304,20.002
fourteam_fire_postfix,34852,OgreMain.dll!?_detectImplementation@OptimisedUtil@Ogre@@KAPAV12@XZ+0x44ae,OgreMain.dll,3,0.021,14304,20.002
fourteam_fire_postfix,34852,OgreMain.dll!?_updateAutoParams@GpuProgramParameters@Ogre@@QAEXPBVAutoParamDataSource@2@G@Z+0x4a,OgreMain.dll,3,0.021,14304,20.002
fourteam_fire_postfix,34852,OgreMain.dll!?transformAffine@AxisAlignedBox@Ogre@@QAEXABVMatrix4@2@@Z+0xd5,OgreMain.dll,3,0.021,14304,20.002
fourteam_fire_postfix,34852,OgreMain.dll!??1QueuedRenderableCollection@Ogre@@QAE@XZ+0xb16,OgreMain.dll,3,0.021,14304,20.002
fourteam_fire_postfix,34852,MSVCR120.dll!__libm_sse2_acosf+0x18e,MSVCR120.dll,3,0.021,14304,20.002
fourteam_fire_postfix,34852,OgreMain.dll!?_notifyCurrentCamera@Entity@Ogre@@UAEXPAVCamera@2@@Z+0x1fa,OgreMain.dll,3,0.021,14304,20.002
fourteam_fire_postfix,34852,battlezone98redux.exe!sub_44b4c0,battlezone98redux.exe,3,0.021,14304,20.002
fourteam_fire_postfix,34852,WINMM.dll@6ea10000!BZROpenShim::`anonymous namespace'::TryGetGameObjectHeadlight+0x81,WINMM.dll@6ea10000,3,0.021,14304,20.002
fourteam_fire_postfix,34852,OgreMain.dll!?_populateLightList@SceneManager@Ogre@@UAEXABVVector3@2@MAAV?$HashedVector@PAVLight@Ogre@@@2@I@Z+0x92,OgreMain.dll,3,0.021,14304,20.002
fourteam_fire_postfix,34852,OgreMain.dll!?getTextureUnitStateIterator@Pass@Ogre@@QBE?AV?$ConstVectorIterator@V?$vector@PAVTextureUnitState@Ogre@@V?$STLAllocator@PAVTextureUnitState@Ogre@@V?$CategorisedAllocPolicy@$0A@@2@@2@@std@@@2@XZ+0x6,OgreMain.dll,3,0.021,14304,20.002
fourteam_fire_postfix,34852,OgreMain.dll!?isFrustumOutOfDate@Frustum@Ogre@@MBE_NXZ+0x1,OgreMain.dll,3,0.021,14304,20.002
fourteam_fire_postfix,34852,OgreMain.dll!?normalise@Quaternion@Ogre@@QAEMXZ+0x20,OgreMain.dll,3,0.021,14304,20.002
fourteam_fire_postfix,34852,MSVCR120.dll!__libm_sse2_acosf+0x265,MSVCR120.dll,3,0.021,14304,20.002
fourteam_fire_postfix,34852,d3d11.dll!CreateDirect3D11DeviceFromDXGIDevice+0x9f715,d3d11.dll,3,0.021,14304,20.002
fourteam_fire_postfix,34852,OgreMain.dll!?RealEqual@Math@Ogre@@SA_NMMM@Z+0x1,OgreMain.dll,3,0.021,14304,20.002
fourteam_fire_postfix,34852,OgreMain.dll!?_getCurrentSceneManager@Root@Ogre@@QBEPAVSceneManager@2@XZ+0x4d,OgreMain.dll,3,0.021,14304,20.002
fourteam_fire_postfix,34852,OgreMain.dll!?getUseIdentityProjection@Renderable@Ogre@@QBE_NXZ+0x3,OgreMain.dll,3,0.021,14304,20.002
fourteam_fire_postfix,34852,d3d11.dll+0x30dcc,d3d11.dll,3,0.021,14304,20.002
fourteam_fire_postfix,34852,OgreMain.dll!?isInLightRange@Light@Ogre@@QBE_NABVSphere@2@@Z+0x80,OgreMain.dll,3,0.021,14304,20.002
fourteam_fire_postfix,34852,MSVCR120.dll!__libm_sse2_acosf+0xa2,MSVCR120.dll,3,0.021,14304,20.002
fourteam_fire_postfix,34852,OgreMain.dll!?updateGpuProgramParameters@SceneManager@Ogre@@MAEXPBVPass@2@@Z+0xdd,OgreMain.dll,3,0.021,14304,20.002
fourteam_fire_postfix,34852,OgreMain.dll!??4GpuSharedParametersUsage@Ogre@@QAEAAV01@ABV01@@Z+0x2754,OgreMain.dll,3,0.021,14304,20.002
fourteam_fire_postfix,34852,battlezone98redux.exe!sub_45c490,battlezone98redux.exe,3,0.021,14304,20.002
fourteam_fire_postfix,34852,OgreMain.dll!?_detectImplementation@OptimisedUtil@Ogre@@KAPAV12@XZ+0x468d,OgreMain.dll,3,0.021,14304,20.002
fourteam_fire_postfix,34852,d3d11.dll!CreateDirect3D11DeviceFromDXGIDevice+0xa572a,d3d11.dll,3,0.021,14304,20.002
fourteam_fire_postfix,34852,battlezone98redux.exe!sub_449690,battlezone98redux.exe,3,0.021,14304,20.002
fourteam_fire_postfix,34852,OgreMain.dll!?_findVisibleObjects@SceneNode@Ogre@@UAEXPAVCamera@2@PAVRenderQueue@2@PAUVisibleObjectsBoundsInfo@2@_N33@Z,OgreMain.dll,3,0.021,14304,20.002
fourteam_fire_postfix,34852,"WINMM.dll@6ea10000!std::_Sort_unchecked<BZROpenShim::`anonymous namespace'::DynamicGeometryTopSample *,`BZROpenShim::A0xa90b081b::ReportDynamicGeometryContributors'::`2'::<lambda_1> >+0x10a",WINMM.dll@6ea10000,3,0.021,14304,20.002
fourteam_fire_postfix,34852,OgreMain.dll!?_detectImplementation@OptimisedUtil@Ogre@@KAPAV12@XZ+0x46ba,OgreMain.dll,3,0.021,14304,20.002
fourteam_fire_postfix,34852,OgreMain.dll!?getWorldBoundingBox@Entity@Ogre@@UBEABVAxisAlignedBox@2@_N@Z,OgreMain.dll,3,0.021,14304,20.002
fourteam_fire_postfix,34852,battlezone98redux.exe!sub_82c4a6,battlezone98redux.exe,3,0.021,14304,20.002
fourteam_fire_postfix,34852,d3d11.dll!CreateDirect3D11DeviceFromDXGIDevice+0x9f9c1,d3d11.dll,3,0.021,14304,20.002
fourteam_fire_postfix,34852,MSVCR120.dll!log2+0xa7,MSVCR120.dll,3,0.021,14304,20.002
fourteam_fire_postfix,34852,RenderSystem_Direct3D11.dll!?setVertexBufferBinding@D3D11RenderSystem@Ogre@@UAEXPAVVertexBufferBinding@2@@Z+0xcd,RenderSystem_Direct3D11.dll,3,0.021,14304,20.002
fourteam_fire_postfix,34852,OgreMain.dll!?ASin@Math@Ogre@@SA?AVRadian@2@M@Z+0x1e,OgreMain.dll,3,0.021,14304,20.002
fourteam_fire_postfix,34852,OgreMain.dll!?updatePoint@RotationalSpline@Ogre@@QAEXGABVQuaternion@2@@Z+0x9d4e,OgreMain.dll,3,0.021,14304,20.002
fourteam_fire_postfix,34852,d3d11.dll!CreateDirect3D11DeviceFromDXGIDevice+0x9df86,d3d11.dll,3,0.021,14304,20.002
fourteam_fire_postfix,34852,d3d11.dll!CreateDirect3D11DeviceFromDXGIDevice+0xbc591,d3d11.dll,3,0.021,14304,20.002
fourteam_fire_postfix,34852,OgreMain.dll!?updatePoint@RotationalSpline@Ogre@@QAEXGABVQuaternion@2@@Z+0x9d69,OgreMain.dll,3,0.021,14304,20.002
fourteam_fire_postfix,34852,OgreMain.dll!?getProgram@Pass@Ogre@@IBEABV?$SharedPtr@VGpuProgram@Ogre@@@2@PBQAVGpuProgramUsage@2@@Z+0x1,OgreMain.dll,3,0.021,14304,20.002
fourteam_fire_postfix,34852,OgreMain.dll!?useLightsGpuProgram@SceneManager@Ogre@@MAEXPBVPass@2@PBV?$HashedVector@PAVLight@Ogre@@@2@@Z+0xe,OgreMain.dll,3,0.021,14304,20.002
fourteam_fire_postfix,34852,nvwgf2um.dll!SetDependencyInfo+0x581eb,nvwgf2um.dll,3,0.021,14304,20.002
fourteam_fire_postfix,34852,OgreMain.dll+0x1f7f3,OgreMain.dll,3,0.021,14304,20.002
fourteam_fire_postfix,34852,battlezone98redux.exe!sub_443370,battlezone98redux.exe,3,0.021,14304,20.002
fourteam_fire_postfix,34852,OgreMain.dll!?updateFrustumPlanes@Frustum@Ogre@@MBEXXZ,OgreMain.dll,3,0.021,14304,20.002
fourteam_fire_postfix,34852,d3d11.dll!CreateDirect3D11DeviceFromDXGIDevice+0xbae12,d3d11.dll,3,0.021,14304,20.002
fourteam_fire_postfix,34852,battlezone98redux.exe!sub_82c882,battlezone98redux.exe,3,0.021,14304,20.002
fourteam_fire_postfix,34852,OgreMain.dll+0xf5ce,OgreMain.dll,3,0.021,14304,20.002
fourteam_fire_postfix,34852,battlezone98redux.exe!sub_451370,battlezone98redux.exe,3,0.021,14304,20.002
fourteam_fire_postfix,34852,OgreMain.dll!?getWorldViewProjMatrix@AutoParamDataSource@Ogre@@UBEABVMatrix4@2@XZ+0x38a,OgreMain.dll,3,0.021,14304,20.002
fourteam_fire_postfix,34852,nvwgf2um.dll!OpenAdapter10+0x74e6d,nvwgf2um.dll,3,0.021,14304,20.002
fourteam_fire_postfix,34852,OgreMain.dll+0x2f8e2,OgreMain.dll,3,0.021,14304,20.002
fourteam_fire_postfix,34852,OgreMain.dll!?useLightsGpuProgram@SceneManager@Ogre@@MAEXPBVPass@2@PBV?$HashedVector@PAVLight@Ogre@@@2@@Z+0x55,OgreMain.dll,3,0.021,14304,20.002
fourteam_fire_postfix,34852,RenderSystem_Direct3D11.dll!?_render@D3D11RenderSystem@Ogre@@UAEXABVRenderOperation@2@@Z+0x1295,RenderSystem_Direct3D11.dll,3,0.021,14304,20.002
fourteam_fire_postfix,34852,d3d11.dll!CreateDirect3D11DeviceFromDXGIDevice+0xbbe1e,d3d11.dll,3,0.021,14304,20.002
fourteam_fire_postfix,34852,OgreMain.dll!?addSolidRenderable@RenderPriorityGroup@Ogre@@IAEXPAVTechnique@2@PAVRenderable@2@_N@Z+0x19,OgreMain.dll,3,0.021,14304,20.002
fourteam_fire_postfix,34852,KERNEL32.DLL!FlsGetValue+0x1d,KERNEL32.DLL,3,0.021,14304,20.002
fourteam_fire_postfix,34852,OgreMain.dll!?transformAffine@AxisAlignedBox@Ogre@@QAEXABVMatrix4@2@@Z+0x8a,OgreMain.dll,3,0.021,14304,20.002
fourteam_fire_postfix,34852,OgreMain.dll!?clone@Animation@Ogre@@QBEPAV12@ABV?$basic_string@DU?$char_traits@D@std@@V?$allocator@D@2@@std@@@Z+0x2ef,OgreMain.dll,3,0.021,14304,20.002
fourteam_fire_postfix,34852,OgreMain.dll!?_updateAutoParams@GpuProgramParameters@Ogre@@QAEXPBVAutoParamDataSource@2@G@Z+0x1b03,OgreMain.dll,3,0.021,14304,20.002
fourteam_fire_postfix,34852,USER32.dll!GetNextDlgTabItem+0x538,USER32.dll,3,0.021,14304,20.002
fourteam_fire_postfix,34852,MSVCR120.dll!floor+0x3e,MSVCR120.dll,3,0.021,14304,20.002
fourteam_fire_postfix,34852,OgreMain.dll+0x1481c,OgreMain.dll,3,0.021,14304,20.002
fourteam_fire_postfix,34852,OgreMain.dll!??4WindowEventUtilities@Ogre@@QAEAAV01@ABV01@@Z+0xa6e,OgreMain.dll,3,0.021,14304,20.002
fourteam_fire_postfix,34852,d3d11.dll!CreateDirect3D11DeviceFromDXGIDevice+0xa56d0,d3d11.dll,3,0.021,14304,20.002
fourteam_fire_postfix,34852,OgreMain.dll!?getWorldViewProjMatrix@AutoParamDataSource@Ogre@@UBEABVMatrix4@2@XZ+0x134,OgreMain.dll,3,0.021,14304,20.002
fourteam_fire_postfix,34852,MSVCR120.dll!log2+0xdd,MSVCR120.dll,3,0.021,14304,20.002
fourteam_fire_postfix,34852,RenderSystem_Direct3D11.dll!?getD3DVertexBuffer@D3D11HardwareVertexBuffer@Ogre@@QBEPAUID3D11Buffer@@XZ+0x3,RenderSystem_Direct3D11.dll,3,0.021,14304,20.002
fourteam_fire_postfix,34852,OgreMain.dll!?addSolidRenderable@RenderPriorityGroup@Ogre@@IAEXPAVTechnique@2@PAVRenderable@2@_N@Z+0x45,OgreMain.dll,3,0.021,14304,20.002
fourteam_fire_postfix,34852,d3d11.dll!CreateDirect3D11DeviceFromDXGIDevice+0x603c0,d3d11.dll,3,0.021,14304,20.002
fourteam_fire_postfix,34852,OgreMain.dll!?update@Light@Ogre@@MBEXXZ+0x132,OgreMain.dll,3,0.021,14304,20.002
fourteam_fire_postfix,34852,OgreMain.dll!?hasScale@Matrix4@Ogre@@QBE_NXZ+0x18,OgreMain.dll,3,0.021,14304,20.002
fourteam_fire_postfix,34852,battlezone98redux.exe!sub_4498d0,battlezone98redux.exe,3,0.021,14304,20.002
fourteam_fire_postfix,34852,OgreMain.dll!??4GpuSharedParametersUsage@Ogre@@QAEAAV01@ABV01@@Z+0x2711,OgreMain.dll,3,0.021,14304,20.002
fourteam_fire_postfix,34852,OgreMain.dll!?getUseIdentityView@Renderable@Ogre@@QBE_NXZ,OgreMain.dll,3,0.021,14304,20.002
fourteam_fire_postfix,34852,OgreMain.dll!?setVisible@MovableObject@Ogre@@UAEX_N@Z+0x9,OgreMain.dll,3,0.021,14304,20.002
fourteam_fire_postfix,34852,d3d11.dll!CreateDirect3D11DeviceFromDXGIDevice+0xbae29,d3d11.dll,3,0.021,14304,20.002
fourteam_fire_postfix,34852,OgreMain.dll!?_updateAutoParams@GpuProgramParameters@Ogre@@QAEXPBVAutoParamDataSource@2@G@Z+0x1f00,OgreMain.dll,3,0.021,14304,20.002
fourteam_fire_postfix,34852,WINMM.dll@6ea10000!BZROpenShim::`anonymous namespace'::TryGetGameObjectHeadlight+0x82,WINMM.dll@6ea10000,3,0.021,14304,20.002
fourteam_fire_postfix,34852,OgreMain.dll!?FastHash@Ogre@@YAIPBDHI@Z+0xa5,OgreMain.dll,3,0.021,14304,20.002
fourteam_fire_postfix,34852,d3d11.dll!CreateDirect3D11DeviceFromDXGIDevice+0xbc657,d3d11.dll,3,0.021,14304,20.002
fourteam_fire_postfix,34852,OgreMain.dll!?renderSingleObject@SceneManager@Ogre@@MAEXPAVRenderable@2@PBVPass@2@_N2PBV?$HashedVector@PAVLight@Ogre@@@2@@Z+0x8b9,OgreMain.dll,3,0.021,14304,20.002
fourteam_fire_postfix,34852,nvwgf2um.dll!SetDependencyInfo+0x4b1ac,nvwgf2um.dll,3,0.021,14304,20.002
fourteam_fire_postfix,34852,OgreMain.dll!?getLodIndex@Material@Ogre@@QBEGM@Z+0x9,OgreMain.dll,3,0.021,14304,20.002
fourteam_fire_postfix,34852,d3d11.dll+0x2b4d4,d3d11.dll,3,0.021,14304,20.002
fourteam_fire_postfix,34852,OgreMain.dll!?_findVisibleObjects@SceneNode@Ogre@@UAEXPAVCamera@2@PAVRenderQueue@2@PAUVisibleObjectsBoundsInfo@2@_N33@Z+0x68,OgreMain.dll,3,0.021,14304,20.002
fourteam_fire_postfix,34852,d3d11.dll!CreateDirect3D11DeviceFromDXGIDevice+0xbc59b,d3d11.dll,3,0.021,14304,20.002
fourteam_fire_postfix,34852,RenderSystem_Direct3D11.dll!?lockImpl@D3D11HardwareBuffer@Ogre@@MAEPAXIIW4LockOptions@HardwareBuffer@2@@Z+0x250,RenderSystem_Direct3D11.dll,3,0.021,14304,20.002
fourteam_fire_postfix,34852,OgreMain.dll!?angleBetween@Vector3@Ogre@@QBE?AVRadian@2@ABV12@@Z+0xba,OgreMain.dll,3,0.021,14304,20.002
fourteam_fire_postfix,34852,ntdll.dll!_ZwRemoveIoCompletion@20+0xc,ntdll.dll,3,0.021,14304,20.002
fourteam_fire_postfix,34852,ntdll.dll!_ZwQueryInformationThread@20+0xc,ntdll.dll,3,0.021,14304,20.002
fourteam_fire_postfix,34852,OgreMain.dll!?createTechnique@Material@Ogre@@QAEPAVTechnique@2@XZ+0xa33,OgreMain.dll,3,0.021,14304,20.002
fourteam_fire_postfix,34852,OgreMain.dll!?getSquaredViewDepth@Node@Ogre@@UBEMPBVCamera@2@@Z+0x1f,OgreMain.dll,3,0.021,14304,20.002
fourteam_fire_postfix,34852,battlezone98redux.exe!sub_4aa1d0,battlezone98redux.exe,3,0.021,14304,20.002
fourteam_fire_postfix,34852,OgreMain.dll!?getBestTechnique@Material@Ogre@@QAEPAVTechnique@2@GPBVRenderable@2@@Z+0x1,OgreMain.dll,3,0.021,14304,20.002
fourteam_fire_postfix,34852,MSVCR120.dll!memcpy+0x10,MSVCR120.dll,3,0.021,14304,20.002
fourteam_fire_postfix,34852,MSVCR120.dll!_getptd,MSVCR120.dll,3,0.021,14304,20.002
fourteam_fire_postfix,34852,OgreMain.dll!?getWorldViewProjMatrix@AutoParamDataSource@Ogre@@UBEABVMatrix4@2@XZ+0x3b,OgreMain.dll,3,0.021,14304,20.002
fourteam_fire_postfix,34852,battlezone98redux.exe!construct<>,battlezone98redux.exe,3,0.021,14304,20.002
fourteam_fire_postfix,34852,d3d11.dll!CreateDirect3D11DeviceFromDXGIDevice+0x9da47,d3d11.dll,3,0.021,14304,20.002
