label,thread,symbol,module,self_samples,self_percent,total_samples,window_seconds
fourteam_postfix,12092,ntdll.dll!_ZwQueryFullAttributesFile@8+0xc,ntdll.dll,699,5.1111,13676,20.0
fourteam_postfix,12092,ntdll.dll!_ZwQueryVirtualMemory@24+0xc,ntdll.dll,583,4.2629,13676,20.0
fourteam_postfix,12092,MSVCR120.dll!memmove+0xc9,MSVCR120.dll,195,1.4259,13676,20.0
fourteam_postfix,12092,battlezone98redux.exe!sub_461fd0,battlezone98redux.exe,146,1.0676,13676,20.0
fourteam_postfix,12092,battlezone98redux.exe!sub_4933e0,battlezone98redux.exe,133,0.9725,13676,20.0
fourteam_postfix,12092,battlezone98redux.exe!sub_687340,battlezone98redux.exe,120,0.8774,13676,20.0
fourteam_postfix,12092,MSVCR120.dll!floor+0x15,MSVCR120.dll,116,0.8482,13676,20.0
fourteam_postfix,12092,battlezone98redux.exe!sub_81fe60,battlezone98redux.exe,115,0.8409,13676,20.0
fourteam_postfix,12092,OgreMain.dll!?isVisible@ShadowRenderable@Ogre@@UBE_NXZ+0x236,OgreMain.dll,112,0.819,13676,20.0
fourteam_postfix,12092,battlezone98redux.exe!sub_446360,battlezone98redux.exe,91,0.6654,13676,20.0
fourteam_postfix,12092,battlezone98redux.exe!sub_493330,battlezone98redux.exe,87,0.6362,13676,20.0
fourteam_postfix,12092,battlezone98redux.exe!sub_4f90a0,battlezone98redux.exe,84,0.6142,13676,20.0
fourteam_postfix,12092,battlezone98redux.exe!sub_4428b0,battlezone98redux.exe,80,0.585,13676,20.0
fourteam_postfix,12092,OgreMain.dll!?_findVisibleObjects@SceneNode@Ogre@@UAEXPAVCamera@2@PAVRenderQueue@2@PAUVisibleObjectsBoundsInfo@2@_N33@Z+0x7e,OgreMain.dll,73,0.5338,13676,20.0
fourteam_postfix,12092,MSVCR120.dll!floor+0x19,MSVCR120.dll,72,0.5265,13676,20.0
fourteam_postfix,12092,battlezone98redux.exe!sub_440130,battlezone98redux.exe,63,0.4607,13676,20.0
fourteam_postfix,12092,battlezone98redux.exe!sub_4461b0,battlezone98redux.exe,62,0.4533,13676,20.0
fourteam_postfix,12092,battlezone98redux.exe!sub_444ba0,battlezone98redux.exe,61,0.446,13676,20.0
fourteam_postfix,12092,OgreMain.dll!?_updateBounds@SceneNode@Ogre@@UAEXXZ+0x19c,OgreMain.dll,61,0.446,13676,20.0
fourteam_postfix,12092,battlezone98redux.exe!sub_43fb30,battlezone98redux.exe,59,0.4314,13676,20.0
fourteam_postfix,12092,OgreMain.dll!?getHasInstanceData@VertexBufferBinding@Ogre@@UBE_NXZ+0x17,OgreMain.dll,58,0.4241,13676,20.0
fourteam_postfix,12092,ntdll.dll!_ZwReleaseSemaphore@12+0xc,ntdll.dll,58,0.4241,13676,20.0
fourteam_postfix,12092,battlezone98redux.exe!sub_4f90f0,battlezone98redux.exe,58,0.4241,13676,20.0
fourteam_postfix,12092,d3d11.dll+0x30d82,d3d11.dll,57,0.4168,13676,20.0
fourteam_postfix,12092,battlezone98redux.exe!sub_62e710,battlezone98redux.exe,56,0.4095,13676,20.0
fourteam_postfix,12092,MSVCR120.dll!memmove+0xc7,MSVCR120.dll,53,0.3875,13676,20.0
fourteam_postfix,12092,RenderSystem_Direct3D11.dll!?bindGpuProgramParameters@D3D11RenderSystem@Ogre@@UAEXW4GpuProgramType@2@V?$SharedPtr@VGpuProgramParameters@Ogre@@@2@G@Z+0x54a,RenderSystem_Direct3D11.dll,52,0.3802,13676,20.0
fourteam_postfix,12092,OgreMain.dll!?getHasInstanceData@VertexBufferBinding@Ogre@@UBE_NXZ+0x5,OgreMain.dll,52,0.3802,13676,20.0
fourteam_postfix,12092,OgreMain.dll!?lock@HardwareBuffer@Ogre@@UAEPAXIIW4LockOptions@12@W4UploadOptions@12@@Z+0x19c,OgreMain.dll,50,0.3656,13676,20.0
fourteam_postfix,12092,d3d11.dll!CreateDirect3D11DeviceFromDXGIDevice+0x9f925,d3d11.dll,49,0.3583,13676,20.0
fourteam_postfix,12092,battlezone98redux.exe!sub_439d00,battlezone98redux.exe,47,0.3437,13676,20.0
fourteam_postfix,12092,OgreMain.dll!?getParameters@GpuProgramUsage@Ogre@@QAE?AV?$SharedPtr@VGpuProgramParameters@Ogre@@@2@XZ+0xe7,OgreMain.dll,44,0.3217,13676,20.0
fourteam_postfix,12092,battlezone98redux.exe!sub_784180,battlezone98redux.exe,44,0.3217,13676,20.0
fourteam_postfix,12092,win32u.dll!_NtUserPeekMessage@24+0xc,win32u.dll,43,0.3144,13676,20.0
fourteam_postfix,12092,RenderSystem_Direct3D11.dll!?_render@D3D11RenderSystem@Ogre@@UAEXABVRenderOperation@2@@Z+0x5b,RenderSystem_Direct3D11.dll,42,0.3071,13676,20.0
fourteam_postfix,12092,RenderSystem_Direct3D11.dll!?bindToShader@D3D11VertexDeclaration@Ogre@@QAEXPAVD3D11HLSLProgram@2@PAVVertexBufferBinding@2@@Z+0xa,RenderSystem_Direct3D11.dll,41,0.2998,13676,20.0
fourteam_postfix,12092,RenderSystem_Direct3D11.dll!?createImpl@D3D11GpuProgramManager@Ogre@@MAEPAVResource@2@ABV?$basic_string@DU?$char_traits@D@std@@V?$allocator@D@2@@std@@_K0_NPAVManualResourceLoader@2@W4GpuProgramType@2@0@Z+0x6144,RenderSystem_Direct3D11.dll,39,0.2852,13676,20.0
fourteam_postfix,12092,battlezone98redux.exe!sub_8203f0,battlezone98redux.exe,37,0.2705,13676,20.0
fourteam_postfix,12092,MSVCR120.dll!__libm_sse2_acosf+0xa6,MSVCR120.dll,37,0.2705,13676,20.0
fourteam_postfix,12092,OgreMain.dll!?isInLightRange@Light@Ogre@@QBE_NABVSphere@2@@Z+0x172,OgreMain.dll,37,0.2705,13676,20.0
fourteam_postfix,12092,battlezone98redux.exe!sub_820180,battlezone98redux.exe,37,0.2705,13676,20.0
fourteam_postfix,12092,battlezone98redux.exe!sub_440210,battlezone98redux.exe,37,0.2705,13676,20.0
fourteam_postfix,12092,OgreMain.dll!?getHasInstanceData@VertexBufferBinding@Ogre@@UBE_NXZ+0x13,OgreMain.dll,36,0.2632,13676,20.0
fourteam_postfix,12092,battlezone98redux.exe!sub_62e070,battlezone98redux.exe,35,0.2559,13676,20.0
fourteam_postfix,12092,battlezone98redux.exe!sub_4440d0,battlezone98redux.exe,35,0.2559,13676,20.0
fourteam_postfix,12092,d3d11.dll+0x2b4fb,d3d11.dll,35,0.2559,13676,20.0
fourteam_postfix,12092,RenderSystem_Direct3D11.dll!?getILayoutByShader@D3D11VertexDeclaration@Ogre@@IAEPAUID3D11InputLayout@@PAVD3D11HLSLProgram@2@PAVVertexBufferBinding@2@@Z+0x24f,RenderSystem_Direct3D11.dll,34,0.2486,13676,20.0
fourteam_postfix,12092,battlezone98redux.exe!sub_4ebfd0,battlezone98redux.exe,34,0.2486,13676,20.0
fourteam_postfix,12092,RenderSystem_Direct3D11.dll!?getILayoutByShader@D3D11VertexDeclaration@Ogre@@IAEPAUID3D11InputLayout@@PAVD3D11HLSLProgram@2@PAVVertexBufferBinding@2@@Z+0x52,RenderSystem_Direct3D11.dll,33,0.2413,13676,20.0
fourteam_postfix,12092,RenderSystem_Direct3D11.dll!?_render@D3D11RenderSystem@Ogre@@UAEXABVRenderOperation@2@@Z+0x161d,RenderSystem_Direct3D11.dll,31,0.2267,13676,20.0
fourteam_postfix,12092,OgreMain.dll!?touchVertexBufferCopy@HardwareBufferManagerBase@Ogre@@UAEXABVHardwareVertexBufferSharedPtr@2@@Z+0x47,OgreMain.dll,31,0.2267,13676,20.0
fourteam_postfix,12092,d3d11.dll+0x27010,d3d11.dll,30,0.2194,13676,20.0
fourteam_postfix,12092,battlezone98redux.exe!sub_784620,battlezone98redux.exe,30,0.2194,13676,20.0
fourteam_postfix,12092,d3d11.dll!D3D11CoreCreateDevice+0x26530,d3d11.dll,30,0.2194,13676,20.0
fourteam_postfix,12092,MSVCR120.dll!__libm_sse2_acosf+0x4c,MSVCR120.dll,29,0.2121,13676,20.0
fourteam_postfix,12092,RenderSystem_Direct3D11.dll!?_render@D3D11RenderSystem@Ogre@@UAEXABVRenderOperation@2@@Z+0x97,RenderSystem_Direct3D11.dll,28,0.2047,13676,20.0
fourteam_postfix,12092,OgreMain.dll!?isHardwareAnimationEnabled@Entity@Ogre@@QAE_NXZ+0x43,OgreMain.dll,27,0.1974,13676,20.0
fourteam_postfix,12092,battlezone98redux.exe!sub_440e60,battlezone98redux.exe,27,0.1974,13676,20.0
fourteam_postfix,12092,RenderSystem_Direct3D11.dll+0x3ee0,RenderSystem_Direct3D11.dll,27,0.1974,13676,20.0
fourteam_postfix,12092,OgreMain.dll!?_findVisibleObjects@SceneNode@Ogre@@UAEXPAVCamera@2@PAVRenderQueue@2@PAUVisibleObjectsBoundsInfo@2@_N33@Z+0x4c,OgreMain.dll,27,0.1974,13676,20.0
fourteam_postfix,12092,battlezone98redux.exe!sub_820570,battlezone98redux.exe,27,0.1974,13676,20.0
fourteam_postfix,12092,battlezone98redux.exe!sub_60f320,battlezone98redux.exe,27,0.1974,13676,20.0
fourteam_postfix,12092,battlezone98redux.exe!sub_62bf70,battlezone98redux.exe,26,0.1901,13676,20.0
fourteam_postfix,12092,RenderSystem_Direct3D11.dll!?getILayoutByShader@D3D11VertexDeclaration@Ogre@@IAEPAUID3D11InputLayout@@PAVD3D11HLSLProgram@2@PAVVertexBufferBinding@2@@Z+0x56,RenderSystem_Direct3D11.dll,25,0.1828,13676,20.0
fourteam_postfix,12092,battlezone98redux.exe!sub_784100,battlezone98redux.exe,24,0.1755,13676,20.0
fourteam_postfix,12092,RenderSystem_Direct3D11.dll!?getMonitorSequentialNumberFromSwapChain@MonitorInfo@Ogre@@QAEGPAUIDXGISwapChain@@_N@Z+0x27a7,RenderSystem_Direct3D11.dll,24,0.1755,13676,20.0
fourteam_postfix,12092,battlezone98redux.exe!sub_6116a0,battlezone98redux.exe,24,0.1755,13676,20.0
fourteam_postfix,12092,MSVCR120.dll!__libm_sse2_asinf+0xa0,MSVCR120.dll,24,0.1755,13676,20.0
fourteam_postfix,12092,win32u.dll!_NtGdiDdDDIQueryVidPnExclusiveOwnership@4+0xc,win32u.dll,23,0.1682,13676,20.0
fourteam_postfix,12092,RenderSystem_Direct3D11.dll!?getILayoutByShader@D3D11VertexDeclaration@Ogre@@IAEPAUID3D11InputLayout@@PAVD3D11HLSLProgram@2@PAVVertexBufferBinding@2@@Z+0x6a,RenderSystem_Direct3D11.dll,23,0.1682,13676,20.0
fourteam_postfix,12092,KERNEL32.DLL!GetCurrentThreadId,KERNEL32.DLL,23,0.1682,13676,20.0
fourteam_postfix,12092,battlezone98redux.exe!sub_81f1e0,battlezone98redux.exe,23,0.1682,13676,20.0
fourteam_postfix,12092,battlezone98redux.exe!sub_83e885,battlezone98redux.exe,23,0.1682,13676,20.0
fourteam_postfix,12092,OgreMain.dll!?isHardwareAnimationEnabled@Entity@Ogre@@QAE_NXZ+0x28,OgreMain.dll,23,0.1682,13676,20.0
fourteam_postfix,12092,OgreMain.dll!?ACos@Math@Ogre@@SA?AVRadian@2@M@Z+0x8,OgreMain.dll,23,0.1682,13676,20.0
fourteam_postfix,12092,OgreMain.dll!?getVertexProgramParameters@Pass@Ogre@@QBE?AV?$SharedPtr@VGpuProgramParameters@Ogre@@@2@XZ+0x127,OgreMain.dll,22,0.1609,13676,20.0
fourteam_postfix,12092,OgreMain.dll!?getProgram@Pass@Ogre@@IBEABV?$SharedPtr@VGpuProgram@Ogre@@@2@PBQAVGpuProgramUsage@2@@Z+0x38,OgreMain.dll,22,0.1609,13676,20.0
fourteam_postfix,12092,battlezone98redux.exe!sub_440300,battlezone98redux.exe,21,0.1536,13676,20.0
fourteam_postfix,12092,OgreMain.dll!?isInLightRange@Light@Ogre@@QBE_NABVSphere@2@@Z+0x161,OgreMain.dll,21,0.1536,13676,20.0
fourteam_postfix,12092,OgreMain.dll!?_findVisibleObjects@SceneNode@Ogre@@UAEXPAVCamera@2@PAVRenderQueue@2@PAUVisibleObjectsBoundsInfo@2@_N33@Z+0x76,OgreMain.dll,21,0.1536,13676,20.0
fourteam_postfix,12092,battlezone98redux.exe!sub_4621a0,battlezone98redux.exe,20,0.1462,13676,20.0
fourteam_postfix,12092,OgreMain.dll!?isHardwareAnimationEnabled@Entity@Ogre@@QAE_NXZ+0x2c,OgreMain.dll,20,0.1462,13676,20.0
fourteam_postfix,12092,MSVCR120.dll!__libm_sse2_asinf+0x50,MSVCR120.dll,20,0.1462,13676,20.0
fourteam_postfix,12092,ntdll.dll!_ZwReleaseMutant@8+0xc,ntdll.dll,20,0.1462,13676,20.0
fourteam_postfix,12092,OgreMain.dll+0x2e866,OgreMain.dll,20,0.1462,13676,20.0
fourteam_postfix,12092,ntdll.dll!_ZwTraceEvent@16+0xc,ntdll.dll,20,0.1462,13676,20.0
fourteam_postfix,12092,RenderSystem_Direct3D11.dll!?getD3DVertexBuffer@D3D11HardwareVertexBuffer@Ogre@@QBEPAUID3D11Buffer@@XZ+0x6,RenderSystem_Direct3D11.dll,20,0.1462,13676,20.0
fourteam_postfix,12092,battlezone98redux.exe!sub_686600,battlezone98redux.exe,19,0.1389,13676,20.0
fourteam_postfix,12092,battlezone98redux.exe!sub_445d90,battlezone98redux.exe,19,0.1389,13676,20.0
fourteam_postfix,12092,battlezone98redux.exe!sub_492d60,battlezone98redux.exe,19,0.1389,13676,20.0
fourteam_postfix,12092,OgreMain.dll!?getDistance@Plane@Ogre@@QBEMABVVector3@2@@Z+0x37,OgreMain.dll,19,0.1389,13676,20.0
fourteam_postfix,12092,OgreMain.dll!?isFloat@GpuConstantDefinition@Ogre@@SA_NW4GpuConstantType@2@@Z+0x1a,OgreMain.dll,19,0.1389,13676,20.0
fourteam_postfix,12092,OgreMain.dll!?clone@Animation@Ogre@@QBEPAV12@ABV?$basic_string@DU?$char_traits@D@std@@V?$allocator@D@2@@std@@@Z+0x249,OgreMain.dll,19,0.1389,13676,20.0
fourteam_postfix,12092,win32u.dll!_NtUserSystemParametersInfo@16+0xc,win32u.dll,18,0.1316,13676,20.0
fourteam_postfix,12092,RenderSystem_Direct3D11.dll!??0D3D11RenderWindowSwapChainBased@Ogre@@QAE@ABV01@@Z+0x310,RenderSystem_Direct3D11.dll,18,0.1316,13676,20.0
fourteam_postfix,12092,OgreMain.dll!?getFragmentProgramParameters@Pass@Ogre@@QBE?AV?$SharedPtr@VGpuProgramParameters@Ogre@@@2@XZ+0x7a,OgreMain.dll,18,0.1316,13676,20.0
fourteam_postfix,12092,OgreMain.dll!?_findNamedConstantDefinition@GpuProgramParameters@Ogre@@QBEPBUGpuConstantDefinition@2@ABV?$basic_string@DU?$char_traits@D@std@@V?$allocator@D@2@@std@@_N@Z+0xfe,OgreMain.dll,18,0.1316,13676,20.0
fourteam_postfix,12092,MSVCR120.dll!floor+0x30,MSVCR120.dll,18,0.1316,13676,20.0
fourteam_postfix,12092,battlezone98redux.exe!sub_774f80,battlezone98redux.exe,18,0.1316,13676,20.0
fourteam_postfix,12092,OgreMain.dll!?isFloat@GpuConstantDefinition@Ogre@@SA_NW4GpuConstantType@2@@Z+0x13,OgreMain.dll,18,0.1316,13676,20.0
fourteam_postfix,12092,OgreMain.dll+0x13f52,OgreMain.dll,17,0.1243,13676,20.0
fourteam_postfix,12092,MSVCR120.dll!__libm_sse2_acosf+0x36,MSVCR120.dll,17,0.1243,13676,20.0
fourteam_postfix,12092,battlezone98redux.exe!sub_81fd40,battlezone98redux.exe,17,0.1243,13676,20.0
fourteam_postfix,12092,battlezone98redux.exe!sub_4deaa0,battlezone98redux.exe,17,0.1243,13676,20.0
fourteam_postfix,12092,OgreMain.dll!?getProgram@Pass@Ogre@@IBEABV?$SharedPtr@VGpuProgram@Ogre@@@2@PBQAVGpuProgramUsage@2@@Z+0x44,OgreMain.dll,17,0.1243,13676,20.0
fourteam_postfix,12092,battlezone98redux.exe!sub_4401a0,battlezone98redux.exe,17,0.1243,13676,20.0
fourteam_postfix,12092,ntdll.dll!_ZwWaitForSingleObject@12+0xc,ntdll.dll,17,0.1243,13676,20.0
fourteam_postfix,12092,OgreMain.dll!?setVisible@MovableObject@Ogre@@UAEX_N@Z+0x25,OgreMain.dll,17,0.1243,13676,20.0
fourteam_postfix,12092,battlezone98redux.exe!sub_6111e0,battlezone98redux.exe,16,0.117,13676,20.0
fourteam_postfix,12092,ntdll.dll!_ZwSetInformationThread@16+0xc,ntdll.dll,16,0.117,13676,20.0
fourteam_postfix,12092,OgreMain.dll!?addRenderable@RenderQueue@Ogre@@QAEXPAVRenderable@2@EG@Z+0x39,OgreMain.dll,16,0.117,13676,20.0
fourteam_postfix,12092,OgreMain.dll!?_findVisibleObjects@SceneNode@Ogre@@UAEXPAVCamera@2@PAVRenderQueue@2@PAUVisibleObjectsBoundsInfo@2@_N33@Z+0x35,OgreMain.dll,15,0.1097,13676,20.0
fourteam_postfix,12092,battlezone98redux.exe!sub_611270,battlezone98redux.exe,15,0.1097,13676,20.0
fourteam_postfix,12092,OgreMain.dll!?isInLightRange@Light@Ogre@@QBE_NABVSphere@2@@Z+0x175,OgreMain.dll,15,0.1097,13676,20.0
fourteam_postfix,12092,nvwgf2um.dll!NVENCODEAPI_Thunk+0x2175ea,nvwgf2um.dll,15,0.1097,13676,20.0
fourteam_postfix,12092,"battlezone98redux.exe!FID_conflict:_Vector_const_iterator<class_std::_Vector_val<struct_std::_Simple_types<class_std::shared_ptr<struct_Concurrency::details::_Task_impl<struct_std::pair<unsigned_char,class_Concurrency::details::_CancellationTokenState*>_>_>_>_>_>",battlezone98redux.exe,15,0.1097,13676,20.0
fourteam_postfix,12092,RenderSystem_Direct3D11.dll!?getMonitorSequentialNumberFromSwapChain@MonitorInfo@Ogre@@QAEGPAUIDXGISwapChain@@_N@Z+0x2797,RenderSystem_Direct3D11.dll,15,0.1097,13676,20.0
fourteam_postfix,12092,ntdll.dll!_ZwOpenThread@16+0xc,ntdll.dll,15,0.1097,13676,20.0
fourteam_postfix,12092,OgreMain.dll!?isInLightRange@Light@Ogre@@QBE_NABVSphere@2@@Z+0x134,OgreMain.dll,15,0.1097,13676,20.0
fourteam_postfix,12092,battlezone98redux.exe!sub_442e70,battlezone98redux.exe,15,0.1097,13676,20.0
fourteam_postfix,12092,OgreMain.dll!?angleBetween@Vector3@Ogre@@QBE?AVRadian@2@ABV12@@Z+0xc9,OgreMain.dll,15,0.1097,13676,20.0
fourteam_postfix,12092,OgreMain.dll!?update@Light@Ogre@@MBEXXZ,OgreMain.dll,15,0.1097,13676,20.0
fourteam_postfix,12092,OgreMain.dll!?RealEqual@Math@Ogre@@SA_NMMM@Z+0xd,OgreMain.dll,15,0.1097,13676,20.0
fourteam_postfix,12092,battlezone98redux.exe!sub_4ab380,battlezone98redux.exe,15,0.1097,13676,20.0
fourteam_postfix,12092,OgreMain.dll!?isVisible@ShadowRenderable@Ogre@@UBE_NXZ+0x21c,OgreMain.dll,15,0.1097,13676,20.0
fourteam_postfix,12092,OgreMain.dll!?getWorldViewMatrix@AutoParamDataSource@Ogre@@UBEABVMatrix4@2@XZ+0x241,OgreMain.dll,15,0.1097,13676,20.0
fourteam_postfix,12092,battlezone98redux.exe!sub_680bd0,battlezone98redux.exe,14,0.1024,13676,20.0
fourteam_postfix,12092,OgreMain.dll!?isInLightRange@Light@Ogre@@QBE_NABVSphere@2@@Z+0x138,OgreMain.dll,14,0.1024,13676,20.0
fourteam_postfix,12092,RenderSystem_Direct3D11.dll!?uninstall@D3D11Plugin@Ogre@@UAEXXZ+0x51a0,RenderSystem_Direct3D11.dll,14,0.1024,13676,20.0
fourteam_postfix,12092,OgreMain.dll!?_detectImplementation@OptimisedUtil@Ogre@@KAPAV12@XZ+0x468a,OgreMain.dll,14,0.1024,13676,20.0
fourteam_postfix,12092,OgreMain.dll!?createTechnique@Material@Ogre@@QAEPAVTechnique@2@XZ+0xb03,OgreMain.dll,14,0.1024,13676,20.0
fourteam_postfix,12092,OgreMain.dll!?getVertexProgramParameters@Pass@Ogre@@QBE?AV?$SharedPtr@VGpuProgramParameters@Ogre@@@2@XZ+0x133,OgreMain.dll,14,0.1024,13676,20.0
fourteam_postfix,12092,battlezone98redux.exe!sub_83f040,battlezone98redux.exe,14,0.1024,13676,20.0
fourteam_postfix,12092,OgreMain.dll!?_calcTempSquareDist@Light@Ogre@@QAEXABVVector3@2@@Z+0x20,OgreMain.dll,14,0.1024,13676,20.0
fourteam_postfix,12092,OgreMain.dll!??4GpuSharedParametersUsage@Ogre@@QAEAAV01@ABV01@@Z+0x2742,OgreMain.dll,14,0.1024,13676,20.0
fourteam_postfix,12092,OgreMain.dll!?_updateBounds@SceneNode@Ogre@@UAEXXZ+0x213,OgreMain.dll,14,0.1024,13676,20.0
fourteam_postfix,12092,battlezone98redux.exe!_Vector_iterator<>,battlezone98redux.exe,14,0.1024,13676,20.0
fourteam_postfix,12092,RenderSystem_Direct3D11.dll+0x4b38,RenderSystem_Direct3D11.dll,14,0.1024,13676,20.0
fourteam_postfix,12092,battlezone98redux.exe!sub_442f40,battlezone98redux.exe,14,0.1024,13676,20.0
fourteam_postfix,12092,OgreMain.dll!?processVisibleObject@RenderQueue@Ogre@@QAEXPAVMovableObject@2@PAVCamera@2@_NPAUVisibleObjectsBoundsInfo@2@@Z+0x11,OgreMain.dll,14,0.1024,13676,20.0
fourteam_postfix,12092,OgreMain.dll!?determinant@Matrix4@Ogre@@QBEMXZ+0x159,OgreMain.dll,14,0.1024,13676,20.0
fourteam_postfix,12092,OgreMain.dll+0x33460,OgreMain.dll,13,0.0951,13676,20.0
fourteam_postfix,12092,OgreMain.dll!?getDerivedPosition@Light@Ogre@@QBEABVVector3@2@_N@Z+0x29,OgreMain.dll,13,0.0951,13676,20.0
fourteam_postfix,12092,ntdll.dll!_ZwWaitForMultipleObjects@20+0xc,ntdll.dll,13,0.0951,13676,20.0
fourteam_postfix,12092,ntdll.dll!_RtlpGetCodePageData@4+0x29,ntdll.dll,13,0.0951,13676,20.0
fourteam_postfix,12092,OgreMain.dll!?angleBetween@Vector3@Ogre@@QBE?AVRadian@2@ABV12@@Z+0xd0,OgreMain.dll,13,0.0951,13676,20.0
fourteam_postfix,12092,OgreMain.dll!?isInLightRange@Light@Ogre@@QBE_NABVSphere@2@@Z+0x74,OgreMain.dll,13,0.0951,13676,20.0
fourteam_postfix,12092,OgreMain.dll!?_updateAutoParams@GpuProgramParameters@Ogre@@QAEXPBVAutoParamDataSource@2@G@Z+0x84,OgreMain.dll,13,0.0951,13676,20.0
fourteam_postfix,12092,RenderSystem_Direct3D11.dll!?getConstantBuffer@D3D11HLSLProgram@Ogre@@QAEPAUID3D11Buffer@@V?$SharedPtr@VGpuProgramParameters@Ogre@@@2@G@Z+0xe7,RenderSystem_Direct3D11.dll,13,0.0951,13676,20.0
fourteam_postfix,12092,OgreMain.dll!?_updateBounds@SceneNode@Ogre@@UAEXXZ+0x193,OgreMain.dll,13,0.0951,13676,20.0
fourteam_postfix,12092,OgreMain.dll!??4GpuSharedParametersUsage@Ogre@@QAEAAV01@ABV01@@Z+0x2749,OgreMain.dll,13,0.0951,13676,20.0
fourteam_postfix,12092,OgreMain.dll!?_updateAutoParams@GpuProgramParameters@Ogre@@QAEXPBVAutoParamDataSource@2@G@Z+0x1e5c,OgreMain.dll,13,0.0951,13676,20.0
fourteam_postfix,12092,OgreMain.dll!?updateAnimation@Entity@Ogre@@IAEXXZ+0x10f,OgreMain.dll,13,0.0951,13676,20.0
fourteam_postfix,12092,OgreMain.dll!??4GpuSharedParametersUsage@Ogre@@QAEAAV01@ABV01@@Z+0x2704,OgreMain.dll,13,0.0951,13676,20.0
fourteam_postfix,12092,OgreMain.dll!?getFragmentProgramParameters@Pass@Ogre@@QBE?AV?$SharedPtr@VGpuProgramParameters@Ogre@@@2@XZ+0x86,OgreMain.dll,13,0.0951,13676,20.0
fourteam_postfix,12092,d3d11.dll+0x2703e,d3d11.dll,12,0.0877,13676,20.0
fourteam_postfix,12092,OgreMain.dll+0x21c01,OgreMain.dll,12,0.0877,13676,20.0
fourteam_postfix,12092,OgreMain.dll!?getWorldViewProjMatrix@AutoParamDataSource@Ogre@@UBEABVMatrix4@2@XZ+0x39c,OgreMain.dll,12,0.0877,13676,20.0
fourteam_postfix,12092,OgreMain.dll!?getChildObjectsBoundingBox@Entity@Ogre@@QBE?AVAxisAlignedBox@2@XZ+0xfa,OgreMain.dll,12,0.0877,13676,20.0
fourteam_postfix,12092,RenderSystem_Direct3D11.dll+0x2554,RenderSystem_Direct3D11.dll,12,0.0877,13676,20.0
fourteam_postfix,12092,RenderSystem_Direct3D11.dll!?_render@D3D11RenderSystem@Ogre@@UAEXABVRenderOperation@2@@Z+0x9a,RenderSystem_Direct3D11.dll,12,0.0877,13676,20.0
fourteam_postfix,12092,ntdll.dll!_ZwCallbackReturn@12+0xc,ntdll.dll,12,0.0877,13676,20.0
fourteam_postfix,12092,OgreMain.dll!??4GpuSharedParametersUsage@Ogre@@QAEAAV01@ABV01@@Z+0x27b5,OgreMain.dll,12,0.0877,13676,20.0
fourteam_postfix,12092,OgreMain.dll+0x3942d,OgreMain.dll,12,0.0877,13676,20.0
fourteam_postfix,12092,nvwgf2um.dll!NVENCODEAPI_Thunk+0x21760e,nvwgf2um.dll,12,0.0877,13676,20.0
fourteam_postfix,12092,OgreMain.dll!?ACos@Math@Ogre@@SA?AVRadian@2@M@Z+0x11,OgreMain.dll,12,0.0877,13676,20.0
fourteam_postfix,12092,OgreMain.dll!?_detectImplementation@OptimisedUtil@Ogre@@KAPAV12@XZ+0x459c,OgreMain.dll,11,0.0804,13676,20.0
fourteam_postfix,12092,d3d11.dll+0x2703b,d3d11.dll,11,0.0804,13676,20.0
fourteam_postfix,12092,OgreMain.dll!?touchVertexBufferCopy@HardwareBufferManagerBase@Ogre@@UAEXABVHardwareVertexBufferSharedPtr@2@@Z+0x7e,OgreMain.dll,11,0.0804,13676,20.0
fourteam_postfix,12092,battlezone98redux.exe!sub_5c19d0,battlezone98redux.exe,11,0.0804,13676,20.0
fourteam_postfix,12092,OgreMain.dll!?getSide@Plane@Ogre@@QBE?AW4Side@12@ABVVector3@2@0@Z+0x38,OgreMain.dll,11,0.0804,13676,20.0
fourteam_postfix,12092,battlezone98redux.exe!sub_45d240,battlezone98redux.exe,11,0.0804,13676,20.0
fourteam_postfix,12092,ntdll.dll!_RtlpLocalInfoAllocFromCache@8+0x279,ntdll.dll,11,0.0804,13676,20.0
fourteam_postfix,12092,ntdll.dll!_RtlAnsiCharToUnicodeChar@4+0x19,ntdll.dll,11,0.0804,13676,20.0
fourteam_postfix,12092,OgreMain.dll!?ASin@Math@Ogre@@SA?AVRadian@2@M@Z+0x8,OgreMain.dll,11,0.0804,13676,20.0
fourteam_postfix,12092,OgreMain.dll!?ASin@Math@Ogre@@SA?AVRadian@2@M@Z+0x11,OgreMain.dll,11,0.0804,13676,20.0
fourteam_postfix,12092,nvwgf2um.dll!NVENCODEAPI_Thunk+0x217c95,nvwgf2um.dll,11,0.0804,13676,20.0
fourteam_postfix,12092,OgreMain.dll+0x32515,OgreMain.dll,11,0.0804,13676,20.0
fourteam_postfix,12092,OgreMain.dll!?getLight@AutoParamDataSource@Ogre@@IBEABVLight@2@I@Z+0x11,OgreMain.dll,11,0.0804,13676,20.0
fourteam_postfix,12092,OgreMain.dll!?buffersCheckedOut@TempBlendedBufferInfo@Ogre@@QBE_N_N0@Z+0x2f,OgreMain.dll,11,0.0804,13676,20.0
fourteam_postfix,12092,battlezone98redux.exe!sub_417780,battlezone98redux.exe,11,0.0804,13676,20.0
fourteam_postfix,12092,OgreMain.dll!??4GpuSharedParametersUsage@Ogre@@QAEAAV01@ABV01@@Z+0x2785,OgreMain.dll,11,0.0804,13676,20.0
fourteam_postfix,12092,OgreMain.dll!?ACos@Math@Ogre@@SA?AVRadian@2@M@Z+0xf,OgreMain.dll,11,0.0804,13676,20.0
fourteam_postfix,12092,d3d11.dll+0x35e90,d3d11.dll,11,0.0804,13676,20.0
fourteam_postfix,12092,battlezone98redux.exe!sub_417910,battlezone98redux.exe,11,0.0804,13676,20.0
fourteam_postfix,12092,OgreMain.dll!?getConstantDefinition@GpuProgramParameters@Ogre@@QBEABUGpuConstantDefinition@2@ABV?$basic_string@DU?$char_traits@D@std@@V?$allocator@D@2@@std@@@Z+0xe4,OgreMain.dll,11,0.0804,13676,20.0
fourteam_postfix,12092,RenderSystem_Direct3D11.dll!?getMonitorSequentialNumberFromSwapChain@MonitorInfo@Ogre@@QAEGPAUIDXGISwapChain@@_N@Z+0x2ab9,RenderSystem_Direct3D11.dll,11,0.0804,13676,20.0
fourteam_postfix,12092,OgreMain.dll!?_updateAutoParams@Pass@Ogre@@QBEXPBVAutoParamDataSource@2@G@Z+0x11c,OgreMain.dll,11,0.0804,13676,20.0
fourteam_postfix,12092,OgreMain.dll!?getNumWorldTransforms@SubEntity@Ogre@@UBEGXZ+0xe,OgreMain.dll,10,0.0731,13676,20.0
fourteam_postfix,12092,MSVCR120.dll!__libm_sse2_acosf+0xe8,MSVCR120.dll,10,0.0731,13676,20.0
fourteam_postfix,12092,battlezone98redux.exe!sub_5b2bd0,battlezone98redux.exe,10,0.0731,13676,20.0
fourteam_postfix,12092,battlezone98redux.exe!sub_4db560,battlezone98redux.exe,10,0.0731,13676,20.0
fourteam_postfix,12092,OgreMain.dll!?getSide@Plane@Ogre@@QBE?AW4Side@12@ABVVector3@2@0@Z+0x4b,OgreMain.dll,10,0.0731,13676,20.0
fourteam_postfix,12092,MSVCR120.dll!ceil+0x1ce,MSVCR120.dll,10,0.0731,13676,20.0
fourteam_postfix,12092,OgreMain.dll!?getViewMatrix@AutoParamDataSource@Ogre@@UBEABVMatrix4@2@XZ+0x7c,OgreMain.dll,10,0.0731,13676,20.0
fourteam_postfix,12092,MSVCR120.dll!__libm_sse2_acosf+0x93,MSVCR120.dll,10,0.0731,13676,20.0
fourteam_postfix,12092,OgreMain.dll!?_populateLightList@SceneManager@Ogre@@UAEXABVVector3@2@MAAV?$HashedVector@PAVLight@Ogre@@@2@I@Z+0x136,OgreMain.dll,10,0.0731,13676,20.0
fourteam_postfix,12092,OgreMain.dll!?createTechnique@Material@Ogre@@QAEPAVTechnique@2@XZ+0xa3b,OgreMain.dll,10,0.0731,13676,20.0
fourteam_postfix,12092,OgreMain.dll!?clone@Animation@Ogre@@QBEPAV12@ABV?$basic_string@DU?$char_traits@D@std@@V?$allocator@D@2@@std@@@Z+0x2c6,OgreMain.dll,10,0.0731,13676,20.0
fourteam_postfix,12092,battlezone98redux.exe!sub_784000,battlezone98redux.exe,10,0.0731,13676,20.0
fourteam_postfix,12092,OgreMain.dll!?touchVertexBufferCopy@HardwareBufferManagerBase@Ogre@@UAEXABVHardwareVertexBufferSharedPtr@2@@Z+0x41,OgreMain.dll,10,0.0731,13676,20.0
fourteam_postfix,12092,OgreMain.dll!?_calcTempSquareDist@Light@Ogre@@QAEXABVVector3@2@@Z+0x28,OgreMain.dll,10,0.0731,13676,20.0
fourteam_postfix,12092,OgreMain.dll!??4GpuSharedParametersUsage@Ogre@@QAEAAV01@ABV01@@Z+0x2737,OgreMain.dll,10,0.0731,13676,20.0
fourteam_postfix,12092,battlezone98redux.exe!sub_678cd0,battlezone98redux.exe,10,0.0731,13676,20.0
fourteam_postfix,12092,d3d11.dll!CreateDirect3D11DeviceFromDXGIDevice+0xbc587,d3d11.dll,10,0.0731,13676,20.0
fourteam_postfix,12092,RenderSystem_Direct3D11.dll!?getConstantBuffer@D3D11HLSLProgram@Ogre@@QAEPAUID3D11Buffer@@V?$SharedPtr@VGpuProgramParameters@Ogre@@@2@G@Z+0x1d1,RenderSystem_Direct3D11.dll,10,0.0731,13676,20.0
fourteam_postfix,12092,OgreMain.dll!?isVisible@Frustum@Ogre@@UBE_NABVAxisAlignedBox@2@PAW4FrustumPlane@2@@Z+0xb0,OgreMain.dll,10,0.0731,13676,20.0
fourteam_postfix,12092,OgreMain.dll!?getLightSpecularColourWithPower@AutoParamDataSource@Ogre@@UBE?BVColourValue@2@I@Z+0xd,OgreMain.dll,10,0.0731,13676,20.0
fourteam_postfix,12092,win32u.dll!_NtUserGetLayeredWindowAttributes@16+0xc,win32u.dll,10,0.0731,13676,20.0
fourteam_postfix,12092,d3d11.dll!CreateDirect3D11DeviceFromDXGIDevice+0x9da48,d3d11.dll,10,0.0731,13676,20.0
fourteam_postfix,12092,OgreMain.dll!?getValueImpl@DistanceLodStrategyBase@Ogre@@MBEMPBVMovableObject@2@PBVCamera@2@@Z+0x9d,OgreMain.dll,9,0.0658,13676,20.0
fourteam_postfix,12092,OgreMain.dll!?updateFromParentImpl@SceneNode@Ogre@@MBEXXZ+0x1a,OgreMain.dll,9,0.0658,13676,20.0
fourteam_postfix,12092,OgreMain.dll!?update@Light@Ogre@@MBEXXZ+0xda,OgreMain.dll,9,0.0658,13676,20.0
fourteam_postfix,12092,MSVCR120.dll!memcpy+0x57,MSVCR120.dll,9,0.0658,13676,20.0
fourteam_postfix,12092,OgreMain.dll!?renderSingleObject@SceneManager@Ogre@@MAEXPAVRenderable@2@PBVPass@2@_N2PBV?$HashedVector@PAVLight@Ogre@@@2@@Z+0x64,OgreMain.dll,9,0.0658,13676,20.0
fourteam_postfix,12092,OgreMain.dll!?getHasInstanceData@VertexBufferBinding@Ogre@@UBE_NXZ+0x45,OgreMain.dll,9,0.0658,13676,20.0
fourteam_postfix,12092,OgreMain.dll!??4GpuSharedParametersUsage@Ogre@@QAEAAV01@ABV01@@Z+0x27ab,OgreMain.dll,9,0.0658,13676,20.0
fourteam_postfix,12092,OgreMain.dll!?hasViewRelativeTextureCoordinateGeneration@TextureUnitState@Ogre@@QBE_NXZ+0xa,OgreMain.dll,9,0.0658,13676,20.0
fourteam_postfix,12092,battlezone98redux.exe!sub_443060,battlezone98redux.exe,9,0.0658,13676,20.0
fourteam_postfix,12092,battlezone98redux.exe!sub_4415f0,battlezone98redux.exe,9,0.0658,13676,20.0
fourteam_postfix,12092,OgreMain.dll!?_populateLightList@SceneManager@Ogre@@UAEXABVVector3@2@MAAV?$HashedVector@PAVLight@Ogre@@@2@I@Z+0x142,OgreMain.dll,9,0.0658,13676,20.0
fourteam_postfix,12092,OgreMain.dll!?isTransparentSortingForced@Technique@Ogre@@QBE_NXZ+0x2,OgreMain.dll,9,0.0658,13676,20.0
fourteam_postfix,12092,OgreMain.dll!?merge@RenderPriorityGroup@Ogre@@QAEXPBV12@@Z+0xfb,OgreMain.dll,9,0.0658,13676,20.0
fourteam_postfix,12092,d3d11.dll+0x27041,d3d11.dll,9,0.0658,13676,20.0
fourteam_postfix,12092,OgreMain.dll!?buildKeyFrameTimeList@Animation@Ogre@@IBEXXZ+0x6aa,OgreMain.dll,9,0.0658,13676,20.0
fourteam_postfix,12092,win32u.dll!_NtGdiDdDDIGetDeviceState@4+0xc,win32u.dll,9,0.0658,13676,20.0
fourteam_postfix,12092,MSVCR120.dll!__libm_sse2_acosf+0xf3,MSVCR120.dll,9,0.0658,13676,20.0
fourteam_postfix,12092,OgreMain.dll!?hasViewRelativeTextureCoordinateGeneration@TextureUnitState@Ogre@@QBE_NXZ+0x14,OgreMain.dll,9,0.0658,13676,20.0
fourteam_postfix,12092,MSVCR120.dll!__libm_sse2_asinf+0x3a,MSVCR120.dll,9,0.0658,13676,20.0
fourteam_postfix,12092,OgreMain.dll!?getWorldViewMatrix@AutoParamDataSource@Ogre@@UBEABVMatrix4@2@XZ+0x45,OgreMain.dll,9,0.0658,13676,20.0
fourteam_postfix,12092,d3d11.dll+0x27012,d3d11.dll,9,0.0658,13676,20.0
fourteam_postfix,12092,battlezone98redux.exe!sub_5b2c30,battlezone98redux.exe,9,0.0658,13676,20.0
fourteam_postfix,12092,OgreMain.dll!?_getActiveSchemeIndex@MaterialManager@Ogre@@UBEGXZ,OgreMain.dll,9,0.0658,13676,20.0
fourteam_postfix,12092,ntdll.dll!_ZwDuplicateObject@28+0xc,ntdll.dll,9,0.0658,13676,20.0
fourteam_postfix,12092,OgreMain.dll!?isFloat@GpuConstantDefinition@Ogre@@SA_NW4GpuConstantType@2@@Z,OgreMain.dll,9,0.0658,13676,20.0
fourteam_postfix,12092,battlezone98redux.exe!sub_421f70,battlezone98redux.exe,9,0.0658,13676,20.0
fourteam_postfix,12092,OgreMain.dll!?getSide@Plane@Ogre@@QBE?AW4Side@12@ABVVector3@2@0@Z+0x4f,OgreMain.dll,9,0.0658,13676,20.0
fourteam_postfix,12092,OgreMain.dll!?_updateBounds@SceneNode@Ogre@@UAEXXZ+0x249,OgreMain.dll,8,0.0585,13676,20.0
fourteam_postfix,12092,OgreMain.dll!?_getParentNodeFullTransform@MovableObject@Ogre@@UBEABVMatrix4@2@XZ+0x9,OgreMain.dll,8,0.0585,13676,20.0
fourteam_postfix,12092,OgreMain.dll!?_findNamedConstantDefinition@GpuProgramParameters@Ogre@@QBEPBUGpuConstantDefinition@2@ABV?$basic_string@DU?$char_traits@D@std@@V?$allocator@D@2@@std@@_N@Z+0xdb,OgreMain.dll,8,0.0585,13676,20.0
fourteam_postfix,12092,d3d11.dll!CreateDirect3D11DeviceFromDXGIDevice+0x9da45,d3d11.dll,8,0.0585,13676,20.0
fourteam_postfix,12092,OgreMain.dll!?getSide@Plane@Ogre@@QBE?AW4Side@12@ABVVector3@2@0@Z+0x63,OgreMain.dll,8,0.0585,13676,20.0
fourteam_postfix,12092,d3d11.dll!CreateDirect3D11DeviceFromDXGIDevice+0xa2171,d3d11.dll,8,0.0585,13676,20.0
fourteam_postfix,12092,OgreMain.dll!?getLightAttenuation@AutoParamDataSource@Ogre@@UBE?AVVector4@2@I@Z+0x3e,OgreMain.dll,8,0.0585,13676,20.0
fourteam_postfix,12092,OgreMain.dll!?_writeRawConstant@GpuProgramParameters@Ogre@@QAEXIABVVector4@2@I@Z+0x27,OgreMain.dll,8,0.0585,13676,20.0
fourteam_postfix,12092,WINMM.dll@6e990000!BZROpenShim::`anonymous namespace'::IsOgreEntityObject+0x44,WINMM.dll@6e990000,8,0.0585,13676,20.0
fourteam_postfix,12092,OgreMain.dll!?createTechnique@Material@Ogre@@QAEPAVTechnique@2@XZ+0xb1b,OgreMain.dll,8,0.0585,13676,20.0
fourteam_postfix,12092,battlezone98redux.exe!sub_606f70,battlezone98redux.exe,8,0.0585,13676,20.0
fourteam_postfix,12092,OgreMain.dll!?_calcTempSquareDist@Light@Ogre@@QAEXABVVector3@2@@Z+0x25,OgreMain.dll,8,0.0585,13676,20.0
fourteam_postfix,12092,OgreMain.dll+0x2a95,OgreMain.dll,8,0.0585,13676,20.0
fourteam_postfix,12092,battlezone98redux.exe!sub_68c560,battlezone98redux.exe,8,0.0585,13676,20.0
fourteam_postfix,12092,d3d11.dll+0x35ebe,d3d11.dll,8,0.0585,13676,20.0
fourteam_postfix,12092,OgreMain.dll!?_populateLightList@SceneManager@Ogre@@UAEXABVVector3@2@MAAV?$HashedVector@PAVLight@Ogre@@@2@I@Z+0xb2,OgreMain.dll,8,0.0585,13676,20.0
fourteam_postfix,12092,battlezone98redux.exe!sub_679d70,battlezone98redux.exe,8,0.0585,13676,20.0
fourteam_postfix,12092,MSVCR120.dll!__libm_sse2_acosf+0x1b6,MSVCR120.dll,8,0.0585,13676,20.0
fourteam_postfix,12092,OgreMain.dll!?_updateAutoParams@GpuProgramParameters@Ogre@@QAEXPBVAutoParamDataSource@2@G@Z+0x1246,OgreMain.dll,8,0.0585,13676,20.0
fourteam_postfix,12092,battlezone98redux.exe!sub_4aa1d0,battlezone98redux.exe,8,0.0585,13676,20.0
fourteam_postfix,12092,MSVCR120.dll!wcschr+0xca,MSVCR120.dll,8,0.0585,13676,20.0
fourteam_postfix,12092,OgreMain.dll!??4GpuSharedParametersUsage@Ogre@@QAEAAV01@ABV01@@Z+0x2700,OgreMain.dll,8,0.0585,13676,20.0
fourteam_postfix,12092,OgreMain.dll!?_notifyCurrentCamera@Entity@Ogre@@UAEXPAVCamera@2@@Z+0x1fa,OgreMain.dll,8,0.0585,13676,20.0
fourteam_postfix,12092,MSVCR120.dll!__libm_sse2_acosf+0x13d,MSVCR120.dll,8,0.0585,13676,20.0
fourteam_postfix,12092,OgreMain.dll+0x3e42d,OgreMain.dll,8,0.0585,13676,20.0
fourteam_postfix,12092,OgreMain.dll!?_writeRawConstant@GpuProgramParameters@Ogre@@QAEXIABVVector4@2@I@Z+0x25,OgreMain.dll,8,0.0585,13676,20.0
fourteam_postfix,12092,OgreMain.dll+0x1fc30,OgreMain.dll,8,0.0585,13676,20.0
fourteam_postfix,12092,battlezone98redux.exe!sub_44b7d0,battlezone98redux.exe,8,0.0585,13676,20.0
fourteam_postfix,12092,MSVCR120.dll!floor+0x1e,MSVCR120.dll,8,0.0585,13676,20.0
fourteam_postfix,12092,d3d11.dll+0x27029,d3d11.dll,8,0.0585,13676,20.0
fourteam_postfix,12092,OgreMain.dll!?ACos@Math@Ogre@@SA?AVRadian@2@M@Z+0x1e,OgreMain.dll,7,0.0512,13676,20.0
fourteam_postfix,12092,RenderSystem_Direct3D11.dll!?getConstantBuffer@D3D11HLSLProgram@Ogre@@QAEPAUID3D11Buffer@@V?$SharedPtr@VGpuProgramParameters@Ogre@@@2@G@Z+0xb1,RenderSystem_Direct3D11.dll,7,0.0512,13676,20.0
fourteam_postfix,12092,OgreMain.dll!?setCurrentLightList@AutoParamDataSource@Ogre@@UAEXPBV?$HashedVector@PAVLight@Ogre@@@2@@Z+0x43,OgreMain.dll,7,0.0512,13676,20.0
fourteam_postfix,12092,OgreMain.dll!?_updateAutoParams@GpuProgramParameters@Ogre@@QAEXPBVAutoParamDataSource@2@G@Z+0x1cf5,OgreMain.dll,7,0.0512,13676,20.0
fourteam_postfix,12092,OgreMain.dll!?getGlobalInstanceVertexBufferVertexDeclaration@RenderSystem@Ogre@@QBEPAVVertexDeclaration@2@XZ,OgreMain.dll,7,0.0512,13676,20.0
fourteam_postfix,12092,OgreMain.dll!?_calcTempSquareDist@Light@Ogre@@QAEXABVVector3@2@@Z+0x4c,OgreMain.dll,7,0.0512,13676,20.0
fourteam_postfix,12092,battlezone98redux.exe!sub_4a08e0,battlezone98redux.exe,7,0.0512,13676,20.0
fourteam_postfix,12092,RenderSystem_Direct3D11.dll!?_render@D3D11RenderSystem@Ogre@@UAEXABVRenderOperation@2@@Z+0x64b,RenderSystem_Direct3D11.dll,7,0.0512,13676,20.0
fourteam_postfix,12092,OgreMain.dll!?isVisible@MovableObject@Ogre@@UBE_NXZ+0x1e,OgreMain.dll,7,0.0512,13676,20.0
fourteam_postfix,12092,OgreMain.dll!?_detectImplementation@OptimisedUtil@Ogre@@KAPAV12@XZ+0x4599,OgreMain.dll,7,0.0512,13676,20.0
fourteam_postfix,12092,d3d11.dll!CreateDirect3D11DeviceFromDXGIDevice+0xa20c1,d3d11.dll,7,0.0512,13676,20.0
fourteam_postfix,12092,win32u.dll!_NtGdiDdDDICheckMonitorPowerState@4+0xc,win32u.dll,7,0.0512,13676,20.0
fourteam_postfix,12092,OgreMain.dll!?normalise@Vector3@Ogre@@QAEMXZ+0x33,OgreMain.dll,7,0.0512,13676,20.0
fourteam_postfix,12092,OgreMain.dll!?determinant@Matrix4@Ogre@@QBEMXZ+0x8b,OgreMain.dll,7,0.0512,13676,20.0
fourteam_postfix,12092,OgreMain.dll!?getDerivedPosition@Light@Ogre@@QBEABVVector3@2@_N@Z+0x8,OgreMain.dll,7,0.0512,13676,20.0
fourteam_postfix,12092,ntdll.dll!_RtlAnsiCharToUnicodeChar@4+0x36,ntdll.dll,7,0.0512,13676,20.0
fourteam_postfix,12092,OgreMain.dll!?angleBetween@Vector3@Ogre@@QBE?AVRadian@2@ABV12@@Z+0x6a,OgreMain.dll,7,0.0512,13676,20.0
fourteam_postfix,12092,battlezone98redux.exe!sub_785730,battlezone98redux.exe,7,0.0512,13676,20.0
fourteam_postfix,12092,d3d11.dll!CreateDirect3D11DeviceFromDXGIDevice+0xa2061,d3d11.dll,7,0.0512,13676,20.0
fourteam_postfix,12092,MSVCR120.dll!__libm_sse2_acosf+0xc4,MSVCR120.dll,7,0.0512,13676,20.0
fourteam_postfix,12092,d3d11.dll!CreateDirect3D11DeviceFromDXGIDevice+0x9f8a0,d3d11.dll,7,0.0512,13676,20.0
fourteam_postfix,12092,d3d11.dll!CreateDirect3D11DeviceFromDXGIDevice+0xa45e0,d3d11.dll,7,0.0512,13676,20.0
fourteam_postfix,12092,OgreMain.dll!?_populateLightList@SceneManager@Ogre@@UAEXABVVector3@2@MAAV?$HashedVector@PAVLight@Ogre@@@2@I@Z+0x140,OgreMain.dll,7,0.0512,13676,20.0
fourteam_postfix,12092,OgreMain.dll+0x2f103,OgreMain.dll,7,0.0512,13676,20.0
fourteam_postfix,12092,OgreMain.dll!?ASin@Math@Ogre@@SA?AVRadian@2@M@Z+0xf,OgreMain.dll,7,0.0512,13676,20.0
fourteam_postfix,12092,OgreMain.dll!?isInLightRange@Light@Ogre@@QBE_NABVSphere@2@@Z+0x4e,OgreMain.dll,7,0.0512,13676,20.0
fourteam_postfix,12092,OgreMain.dll!?isFloat@GpuConstantDefinition@Ogre@@SA_NW4GpuConstantType@2@@Z+0x6,OgreMain.dll,7,0.0512,13676,20.0
fourteam_postfix,12092,MSVCR120.dll!floor+0x3e,MSVCR120.dll,7,0.0512,13676,20.0
fourteam_postfix,12092,OgreMain.dll!?isInLightRange@Light@Ogre@@QBE_NABVSphere@2@@Z+0x6,OgreMain.dll,7,0.0512,13676,20.0
fourteam_postfix,12092,OgreMain.dll!??4GpuSharedParametersUsage@Ogre@@QAEAAV01@ABV01@@Z+0x2718,OgreMain.dll,7,0.0512,13676,20.0
fourteam_postfix,12092,ntdll.dll!_ZwRemoveIoCompletion@20+0xc,ntdll.dll,7,0.0512,13676,20.0
fourteam_postfix,12092,win32u.dll!_NtUserSetCursorPos@8+0xc,win32u.dll,7,0.0512,13676,20.0
fourteam_postfix,12092,battlezone98redux.exe!sub_81ee70,battlezone98redux.exe,7,0.0512,13676,20.0
fourteam_postfix,12092,d3d11.dll+0x27051,d3d11.dll,7,0.0512,13676,20.0
fourteam_postfix,12092,OgreMain.dll!?_populateLightList@SceneManager@Ogre@@UAEXABVVector3@2@MAAV?$HashedVector@PAVLight@Ogre@@@2@I@Z+0xbd,OgreMain.dll,7,0.0512,13676,20.0
fourteam_postfix,12092,OgreMain.dll!?renderSingleObject@SceneManager@Ogre@@MAEXPAVRenderable@2@PBVPass@2@_N2PBV?$HashedVector@PAVLight@Ogre@@@2@@Z+0x247,OgreMain.dll,7,0.0512,13676,20.0
fourteam_postfix,12092,nvwgf2um.dll!OpenAdapter10+0x72c10,nvwgf2um.dll,7,0.0512,13676,20.0
fourteam_postfix,12092,OgreMain.dll!?unlock@HardwareBuffer@Ogre@@UAEXXZ+0x1,OgreMain.dll,7,0.0512,13676,20.0
fourteam_postfix,12092,MSVCR120.dll!memcpy+0xa,MSVCR120.dll,7,0.0512,13676,20.0
fourteam_postfix,12092,OgreMain.dll!?setCurrentRenderable@AutoParamDataSource@Ogre@@UAEXPBVRenderable@2@@Z+0x5b,OgreMain.dll,7,0.0512,13676,20.0
fourteam_postfix,12092,win32u.dll!_NtQueryCompositionSurfaceStatistics@8+0xc,win32u.dll,7,0.0512,13676,20.0
fourteam_postfix,12092,nvwgf2um.dll!NVENCODEAPI_Thunk+0x217c8f,nvwgf2um.dll,7,0.0512,13676,20.0
fourteam_postfix,12092,OgreMain.dll!?getQueueGroup@RenderQueue@Ogre@@QAEPAVRenderQueueGroup@2@E@Z+0x52,OgreMain.dll,7,0.0512,13676,20.0
fourteam_postfix,12092,OgreMain.dll!?touchVertexBufferCopy@HardwareBufferManagerBase@Ogre@@UAEXABVHardwareVertexBufferSharedPtr@2@@Z+0x3d,OgreMain.dll,7,0.0512,13676,20.0
fourteam_postfix,12092,ntdll.dll!_RtlpIsUtf8Process@4+0xe,ntdll.dll,7,0.0512,13676,20.0
fourteam_postfix,12092,OgreMain.dll!?_updateAutoParams@GpuProgramParameters@Ogre@@QAEXPBVAutoParamDataSource@2@G@Z+0x2031,OgreMain.dll,7,0.0512,13676,20.0
fourteam_postfix,12092,battlezone98redux.exe!FID_conflict:end,battlezone98redux.exe,7,0.0512,13676,20.0
fourteam_postfix,12092,MSVCR120.dll!floor+0x9c,MSVCR120.dll,7,0.0512,13676,20.0
fourteam_postfix,12092,MSVCR120.dll!__libm_sse2_acosf+0xe4,MSVCR120.dll,7,0.0512,13676,20.0
fourteam_postfix,12092,OgreMain.dll!??4GpuSharedParametersUsage@Ogre@@QAEAAV01@ABV01@@Z+0x2723,OgreMain.dll,7,0.0512,13676,20.0
fourteam_postfix,12092,OgreMain.dll!?_notifyCurrentCamera@Entity@Ogre@@UAEXPAVCamera@2@@Z+0x109,OgreMain.dll,7,0.0512,13676,20.0
fourteam_postfix,12092,battlezone98redux.exe!sub_4d46b0,battlezone98redux.exe,6,0.0439,13676,20.0
fourteam_postfix,12092,MSVCR120.dll!__libm_sse2_acosf+0x1f1,MSVCR120.dll,6,0.0439,13676,20.0
fourteam_postfix,12092,battlezone98redux.exe!sub_479f30,battlezone98redux.exe,6,0.0439,13676,20.0
fourteam_postfix,12092,battlezone98redux.exe!get,battlezone98redux.exe,6,0.0439,13676,20.0
fourteam_postfix,12092,OgreMain.dll!??4GpuSharedParametersUsage@Ogre@@QAEAAV01@ABV01@@Z+0x26f9,OgreMain.dll,6,0.0439,13676,20.0
fourteam_postfix,12092,OgreMain.dll!?touchVertexBufferCopy@HardwareBufferManagerBase@Ogre@@UAEXABVHardwareVertexBufferSharedPtr@2@@Z+0x38,OgreMain.dll,6,0.0439,13676,20.0
fourteam_postfix,12092,OgreMain.dll!?RealEqual@Math@Ogre@@SA_NMMM@Z+0x1f,OgreMain.dll,6,0.0439,13676,20.0
fourteam_postfix,12092,OgreMain.dll!?angleBetween@Vector3@Ogre@@QBE?AVRadian@2@ABV12@@Z+0x9b,OgreMain.dll,6,0.0439,13676,20.0
fourteam_postfix,12092,OgreMain.dll!?createTechnique@Material@Ogre@@QAEPAVTechnique@2@XZ+0xa23,OgreMain.dll,6,0.0439,13676,20.0
fourteam_postfix,12092,OgreMain.dll+0x10d11,OgreMain.dll,6,0.0439,13676,20.0
fourteam_postfix,12092,OgreMain.dll!?angleBetween@Vector3@Ogre@@QBE?AVRadian@2@ABV12@@Z+0x3a,OgreMain.dll,6,0.0439,13676,20.0
fourteam_postfix,12092,battlezone98redux.exe!FID_conflict:begin,battlezone98redux.exe,6,0.0439,13676,20.0
fourteam_postfix,12092,OgreMain.dll!?getSingleton@Root@Ogre@@SAAAV12@XZ+0x5,OgreMain.dll,6,0.0439,13676,20.0
fourteam_postfix,12092,OgreMain.dll!?angleBetween@Vector3@Ogre@@QBE?AVRadian@2@ABV12@@Z+0xcc,OgreMain.dll,6,0.0439,13676,20.0
fourteam_postfix,12092,battlezone98redux.exe!sub_5c1b30,battlezone98redux.exe,6,0.0439,13676,20.0
fourteam_postfix,12092,battlezone98redux.exe!sub_442a90,battlezone98redux.exe,6,0.0439,13676,20.0
fourteam_postfix,12092,battlezone98redux.exe!sub_8205a0,battlezone98redux.exe,6,0.0439,13676,20.0
fourteam_postfix,12092,OgreMain.dll!?getSide@Plane@Ogre@@QBE?AW4Side@12@ABVVector3@2@0@Z+0x67,OgreMain.dll,6,0.0439,13676,20.0
fourteam_postfix,12092,battlezone98redux.exe!sub_417460,battlezone98redux.exe,6,0.0439,13676,20.0
fourteam_postfix,12092,OgreMain.dll!?_updateAutoParams@GpuProgramParameters@Ogre@@QAEXPBVAutoParamDataSource@2@G@Z+0x17,OgreMain.dll,6,0.0439,13676,20.0
fourteam_postfix,12092,nvwgf2um.dll!SetDependencyInfo+0x4b327,nvwgf2um.dll,6,0.0439,13676,20.0
fourteam_postfix,12092,MSVCR120.dll!wcschr+0xcd,MSVCR120.dll,6,0.0439,13676,20.0
fourteam_postfix,12092,RenderSystem_Direct3D11.dll!?getConstantBuffer@D3D11HLSLProgram@Ogre@@QAEPAUID3D11Buffer@@V?$SharedPtr@VGpuProgramParameters@Ogre@@@2@G@Z+0x100,RenderSystem_Direct3D11.dll,6,0.0439,13676,20.0
fourteam_postfix,12092,OgreMain.dll!?getSpotlightParams@AutoParamDataSource@Ogre@@UBE?AVVector4@2@I@Z+0x99,OgreMain.dll,6,0.0439,13676,20.0
fourteam_postfix,12092,d3d11.dll+0x35e92,d3d11.dll,6,0.0439,13676,20.0
fourteam_postfix,12092,nvwgf2um.dll!OpenAdapter10+0x71b00,nvwgf2um.dll,6,0.0439,13676,20.0
fourteam_postfix,12092,battlezone98redux.exe!sub_62be60,battlezone98redux.exe,6,0.0439,13676,20.0
fourteam_postfix,12092,MSVCR120.dll!__libm_sse2_asinf+0x30,MSVCR120.dll,6,0.0439,13676,20.0
fourteam_postfix,12092,OgreMain.dll!?getConstantDefinition@GpuProgramParameters@Ogre@@QBEABUGpuConstantDefinition@2@ABV?$basic_string@DU?$char_traits@D@std@@V?$allocator@D@2@@std@@@Z+0xcf,OgreMain.dll,6,0.0439,13676,20.0
fourteam_postfix,12092,OgreMain.dll!?merge@RenderPriorityGroup@Ogre@@QAEXPBV12@@Z+0xad,OgreMain.dll,6,0.0439,13676,20.0
fourteam_postfix,12092,d3d11.dll!CreateDirect3D11DeviceFromDXGIDevice+0x9f8a2,d3d11.dll,6,0.0439,13676,20.0
fourteam_postfix,12092,OgreMain.dll+0x165e0,OgreMain.dll,6,0.0439,13676,20.0
fourteam_postfix,12092,MSVCR120.dll!__libm_sse2_acosf+0x18e,MSVCR120.dll,6,0.0439,13676,20.0
fourteam_postfix,12092,OgreMain.dll!?normalise@Vector3@Ogre@@QAEMXZ+0x42,OgreMain.dll,6,0.0439,13676,20.0
fourteam_postfix,12092,OgreMain.dll!?getContentType@TextureUnitState@Ogre@@QBE?AW4ContentType@12@XZ+0x6,OgreMain.dll,6,0.0439,13676,20.0
fourteam_postfix,12092,battlezone98redux.exe!sub_420f10,battlezone98redux.exe,6,0.0439,13676,20.0
fourteam_postfix,12092,d3d11.dll!CreateDirect3D11DeviceFromDXGIDevice+0xa4626,d3d11.dll,6,0.0439,13676,20.0
fourteam_postfix,12092,MSVCR120.dll!__libm_sse2_asinf+0x1db,MSVCR120.dll,6,0.0439,13676,20.0
fourteam_postfix,12092,OgreMain.dll!?getSide@Plane@Ogre@@QBE?AW4Side@12@ABVVector3@2@0@Z+0x69,OgreMain.dll,6,0.0439,13676,20.0
fourteam_postfix,12092,battlezone98redux.exe!sub_46eaf0,battlezone98redux.exe,6,0.0439,13676,20.0
fourteam_postfix,12092,battlezone98redux.exe!sub_778450,battlezone98redux.exe,6,0.0439,13676,20.0
fourteam_postfix,12092,battlezone98redux.exe!sub_440000,battlezone98redux.exe,6,0.0439,13676,20.0
fourteam_postfix,12092,MSVCR120.dll!__libm_sse2_acosf+0x17e,MSVCR120.dll,6,0.0439,13676,20.0
fourteam_postfix,12092,OgreMain.dll!?isInLightRange@Light@Ogre@@QBE_NABVSphere@2@@Z+0x159,OgreMain.dll,6,0.0439,13676,20.0
fourteam_postfix,12092,OgreMain.dll!?getProjectionMatrix@AutoParamDataSource@Ogre@@UBEABVMatrix4@2@XZ+0x9b,OgreMain.dll,6,0.0439,13676,20.0
fourteam_postfix,12092,OgreMain.dll!?isInLightRange@Light@Ogre@@QBE_NABVSphere@2@@Z+0x2b,OgreMain.dll,6,0.0439,13676,20.0
fourteam_postfix,12092,RenderSystem_Direct3D11.dll!?getMonitorSequentialNumberFromSwapChain@MonitorInfo@Ogre@@QAEGPAUIDXGISwapChain@@_N@Z+0x298c,RenderSystem_Direct3D11.dll,6,0.0439,13676,20.0
fourteam_postfix,12092,OgreMain.dll!?getBestTechnique@Material@Ogre@@QAEPAVTechnique@2@GPBVRenderable@2@@Z+0xf6,OgreMain.dll,6,0.0439,13676,20.0
fourteam_postfix,12092,KERNEL32.DLL!GetCurrentThreadId+0x6,KERNEL32.DLL,6,0.0439,13676,20.0
fourteam_postfix,12092,MSVCR120.dll!__libm_sse2_acosf+0xec,MSVCR120.dll,6,0.0439,13676,20.0
fourteam_postfix,12092,battlezone98redux.exe!sub_42de50,battlezone98redux.exe,6,0.0439,13676,20.0
fourteam_postfix,12092,OgreMain.dll!?_findVisibleObjects@SceneNode@Ogre@@UAEXPAVCamera@2@PAVRenderQueue@2@PAUVisibleObjectsBoundsInfo@2@_N33@Z+0x53,OgreMain.dll,6,0.0439,13676,20.0
fourteam_postfix,12092,battlezone98redux.exe!sub_447f60,battlezone98redux.exe,6,0.0439,13676,20.0
fourteam_postfix,12092,d3d11.dll+0x2b4da,d3d11.dll,6,0.0439,13676,20.0
fourteam_postfix,12092,d3d11.dll!CreateDirect3D11DeviceFromDXGIDevice+0x9f9c1,d3d11.dll,6,0.0439,13676,20.0
fourteam_postfix,12092,OgreMain.dll!?createTechnique@Material@Ogre@@QAEPAVTechnique@2@XZ+0xaf6,OgreMain.dll,6,0.0439,13676,20.0
fourteam_postfix,12092,OgreMain.dll!?isVisible@ShadowRenderable@Ogre@@UBE_NXZ+0x24d,OgreMain.dll,6,0.0439,13676,20.0
fourteam_postfix,12092,OgreMain.dll!?createTechnique@Material@Ogre@@QAEPAVTechnique@2@XZ+0xaff,OgreMain.dll,6,0.0439,13676,20.0
fourteam_postfix,12092,OgreMain.dll!?useLightsGpuProgram@SceneManager@Ogre@@MAEXPBVPass@2@PBV?$HashedVector@PAVLight@Ogre@@@2@@Z+0x8,OgreMain.dll,6,0.0439,13676,20.0
fourteam_postfix,12092,nvwgf2um.dll!OpenAdapter10+0x72b10,nvwgf2um.dll,6,0.0439,13676,20.0
fourteam_postfix,12092,OgreMain.dll!?_updateBounds@SceneNode@Ogre@@UAEXXZ+0x235,OgreMain.dll,6,0.0439,13676,20.0
fourteam_postfix,12092,OgreMain.dll!?getConstantDefinition@GpuProgramParameters@Ogre@@QBEABUGpuConstantDefinition@2@ABV?$basic_string@DU?$char_traits@D@std@@V?$allocator@D@2@@std@@@Z+0x35,OgreMain.dll,6,0.0439,13676,20.0
fourteam_postfix,12092,OgreMain.dll+0x2d312,OgreMain.dll,6,0.0439,13676,20.0
fourteam_postfix,12092,OgreMain.dll!?angleBetween@Vector3@Ogre@@QBE?AVRadian@2@ABV12@@Z+0xc2,OgreMain.dll,6,0.0439,13676,20.0
fourteam_postfix,12092,OgreMain.dll!?angleBetween@Vector3@Ogre@@QBE?AVRadian@2@ABV12@@Z+0x1,OgreMain.dll,5,0.0366,13676,20.0
fourteam_postfix,12092,OgreMain.dll!?getTransparentSortingForced@Pass@Ogre@@QBE_NXZ+0x6,OgreMain.dll,5,0.0366,13676,20.0
fourteam_postfix,12092,OgreMain.dll+0xb7fd,OgreMain.dll,5,0.0366,13676,20.0
fourteam_postfix,12092,OgreMain.dll!?FastHash@Ogre@@YAIPBDHI@Z+0xb0,OgreMain.dll,5,0.0366,13676,20.0
fourteam_postfix,12092,OgreMain.dll!?getSquaredViewDepth@Node@Ogre@@UBEMPBVCamera@2@@Z+0x1f,OgreMain.dll,5,0.0366,13676,20.0
fourteam_postfix,12092,MSVCR120.dll!__libm_sse2_asinf+0x3e,MSVCR120.dll,5,0.0366,13676,20.0
fourteam_postfix,12092,d3d11.dll+0x2b4c8,d3d11.dll,5,0.0366,13676,20.0
fourteam_postfix,12092,OgreMain.dll!?getDistance@Plane@Ogre@@QBEMABVVector3@2@@Z+0x1,OgreMain.dll,5,0.0366,13676,20.0
fourteam_postfix,12092,RenderSystem_Direct3D11.dll!?getConstantBuffer@D3D11HLSLProgram@Ogre@@QAEPAUID3D11Buffer@@V?$SharedPtr@VGpuProgramParameters@Ogre@@@2@G@Z+0x9c,RenderSystem_Direct3D11.dll,5,0.0366,13676,20.0
fourteam_postfix,12092,OgreMain.dll!?_writeRawConstant@GpuProgramParameters@Ogre@@QAEXIABVVector4@2@I@Z+0x18,OgreMain.dll,5,0.0366,13676,20.0
fourteam_postfix,12092,battlezone98redux.exe!sub_678950,battlezone98redux.exe,5,0.0366,13676,20.0
fourteam_postfix,12092,OgreMain.dll!??4GpuSharedParametersUsage@Ogre@@QAEAAV01@ABV01@@Z+0x2744,OgreMain.dll,5,0.0366,13676,20.0
fourteam_postfix,12092,OgreMain.dll!?RealEqual@Math@Ogre@@SA_NMMM@Z+0x19,OgreMain.dll,5,0.0366,13676,20.0
fourteam_postfix,12092,OgreMain.dll!?isHardwareAnimationEnabled@Entity@Ogre@@QAE_NXZ+0x1,OgreMain.dll,5,0.0366,13676,20.0
fourteam_postfix,12092,OgreMain.dll!?determinant@Matrix4@Ogre@@QBEMXZ+0xe4,OgreMain.dll,5,0.0366,13676,20.0
fourteam_postfix,12092,d3d11.dll!CreateDirect3D11DeviceFromDXGIDevice+0xbc53d,d3d11.dll,5,0.0366,13676,20.0
fourteam_postfix,12092,OgreMain.dll!?getLightMask@MovableObject@Ogre@@UBEIXZ,OgreMain.dll,5,0.0366,13676,20.0
fourteam_postfix,12092,OgreMain.dll!?_writeRawConstants@GpuProgramParameters@Ogre@@QAEXIPBMI@Z+0x1c,OgreMain.dll,5,0.0366,13676,20.0
fourteam_postfix,12092,MSVCR120.dll!__libm_sse2_asinf+0x20c,MSVCR120.dll,5,0.0366,13676,20.0
fourteam_postfix,12092,nvwgf2um.dll!NVENCODEAPI_Thunk+0x2175fb,nvwgf2um.dll,5,0.0366,13676,20.0
fourteam_postfix,12092,ntdll.dll!_RtlpLocalInfoAllocFromCache@8+0x36,ntdll.dll,5,0.0366,13676,20.0
fourteam_postfix,12092,RenderSystem_Direct3D11.dll!?_render@D3D11RenderSystem@Ogre@@UAEXABVRenderOperation@2@@Z+0x1fb,RenderSystem_Direct3D11.dll,5,0.0366,13676,20.0
fourteam_postfix,12092,OgreMain.dll!?_updateAutoParams@GpuProgramParameters@Ogre@@QAEXPBVAutoParamDataSource@2@G@Z+0x1bee,OgreMain.dll,5,0.0366,13676,20.0
fourteam_postfix,12092,OgreMain.dll!?getConstantDefinition@GpuProgramParameters@Ogre@@QBEABUGpuConstantDefinition@2@ABV?$basic_string@DU?$char_traits@D@std@@V?$allocator@D@2@@std@@@Z,OgreMain.dll,5,0.0366,13676,20.0
fourteam_postfix,12092,d3d11.dll!CreateDirect3D11DeviceFromDXGIDevice+0xa21d1,d3d11.dll,5,0.0366,13676,20.0
fourteam_postfix,12092,battlezone98redux.exe!sub_417f60,battlezone98redux.exe,5,0.0366,13676,20.0
fourteam_postfix,12092,OgreMain.dll!?getIndexAscending@LodStrategy@Ogre@@KAGMABV?$vector@MV?$STLAllocator@MV?$CategorisedAllocPolicy@$0A@@Ogre@@@Ogre@@@std@@@Z+0x24,OgreMain.dll,5,0.0366,13676,20.0
fourteam_postfix,12092,OgreMain.dll!?_populateLightList@SceneManager@Ogre@@UAEXABVVector3@2@MAAV?$HashedVector@PAVLight@Ogre@@@2@I@Z+0x147,OgreMain.dll,5,0.0366,13676,20.0
fourteam_postfix,12092,nvwgf2um.dll!OpenAdapter10+0x71b17,nvwgf2um.dll,5,0.0366,13676,20.0
fourteam_postfix,12092,MSVCR120.dll!__libm_sse2_acosf+0x3a,MSVCR120.dll,5,0.0366,13676,20.0
fourteam_postfix,12092,battlezone98redux.exe!sub_4a8ab0,battlezone98redux.exe,5,0.0366,13676,20.0
fourteam_postfix,12092,OgreMain.dll+0x15898,OgreMain.dll,5,0.0366,13676,20.0
fourteam_postfix,12092,OgreMain.dll!?getBestTechnique@Material@Ogre@@QAEPAVTechnique@2@GPBVRenderable@2@@Z+0x8d,OgreMain.dll,5,0.0366,13676,20.0
fourteam_postfix,12092,OgreMain.dll+0x3db86,OgreMain.dll,5,0.0366,13676,20.0
fourteam_postfix,12092,OgreMain.dll!?getSquaredViewDepth@Node@Ogre@@UBEMPBVCamera@2@@Z+0x55,OgreMain.dll,5,0.0366,13676,20.0
fourteam_postfix,12092,OgreMain.dll!?getParameters@GpuProgramUsage@Ogre@@QAE?AV?$SharedPtr@VGpuProgramParameters@Ogre@@@2@XZ+0xff,OgreMain.dll,5,0.0366,13676,20.0
fourteam_postfix,12092,OgreMain.dll!?getLight@AutoParamDataSource@Ogre@@IBEABVLight@2@I@Z+0x22,OgreMain.dll,5,0.0366,13676,20.0
fourteam_postfix,12092,OgreMain.dll!?_detectImplementation@OptimisedUtil@Ogre@@KAPAV12@XZ+0x4517,OgreMain.dll,5,0.0366,13676,20.0
fourteam_postfix,12092,ucrtbase.dll!_tolower,ucrtbase.dll,5,0.0366,13676,20.0
fourteam_postfix,12092,MSVCR120.dll!??2@YAPAXI@Z+0xbf,MSVCR120.dll,5,0.0366,13676,20.0
fourteam_postfix,12092,OgreMain.dll!?getLightDiffuseColourWithPower@AutoParamDataSource@Ogre@@UBE?BVColourValue@2@I@Z+0x3a,OgreMain.dll,5,0.0366,13676,20.0
fourteam_postfix,12092,RenderSystem_Direct3D11.dll!?uninstall@D3D11Plugin@Ogre@@UAEXXZ+0x50e2,RenderSystem_Direct3D11.dll,5,0.0366,13676,20.0
fourteam_postfix,12092,nvwgf2um.dll!SetDependencyInfo+0x4b1df,nvwgf2um.dll,5,0.0366,13676,20.0
fourteam_postfix,12092,OgreMain.dll!?_updateBounds@SceneNode@Ogre@@UAEXXZ+0x25b,OgreMain.dll,5,0.0366,13676,20.0
fourteam_postfix,12092,OgreMain.dll!?lock@HardwareBuffer@Ogre@@UAEPAXIIW4LockOptions@12@W4UploadOptions@12@@Z+0x191,OgreMain.dll,5,0.0366,13676,20.0
fourteam_postfix,12092,win32u.dll!_NtNotifyPresentToCompositionSurface@8+0xc,win32u.dll,5,0.0366,13676,20.0
fourteam_postfix,12092,battlezone98redux.exe!sub_611610,battlezone98redux.exe,5,0.0366,13676,20.0
fourteam_postfix,12092,OgreMain.dll!?createTechnique@Material@Ogre@@QAEPAVTechnique@2@XZ+0xa35,OgreMain.dll,5,0.0366,13676,20.0
fourteam_postfix,12092,OgreMain.dll!?_writeRawConstant@GpuProgramParameters@Ogre@@QAEXIABVColourValue@2@I@Z+0xe,OgreMain.dll,5,0.0366,13676,20.0
fourteam_postfix,12092,MSVCR120.dll!__libm_sse2_acosf+0x169,MSVCR120.dll,5,0.0366,13676,20.0
fourteam_postfix,12092,OgreMain.dll+0x6b22,OgreMain.dll,5,0.0366,13676,20.0
fourteam_postfix,12092,OgreMain.dll!?getWorldViewProjMatrix@AutoParamDataSource@Ogre@@UBEABVMatrix4@2@XZ+0x38a,OgreMain.dll,5,0.0366,13676,20.0
fourteam_postfix,12092,OgreMain.dll!?getSide@Plane@Ogre@@QBE?AW4Side@12@ABVVector3@2@0@Z+0xe,OgreMain.dll,5,0.0366,13676,20.0
fourteam_postfix,12092,OgreMain.dll+0x41fb,OgreMain.dll,5,0.0366,13676,20.0
fourteam_postfix,12092,OgreMain.dll!?clone@Animation@Ogre@@QBEPAV12@ABV?$basic_string@DU?$char_traits@D@std@@V?$allocator@D@2@@std@@@Z+0x2e2,OgreMain.dll,5,0.0366,13676,20.0
fourteam_postfix,12092,MSVCR120.dll!floor+0x28,MSVCR120.dll,5,0.0366,13676,20.0
fourteam_postfix,12092,OgreMain.dll+0x6c12,OgreMain.dll,5,0.0366,13676,20.0
fourteam_postfix,12092,OgreMain.dll+0x2d2f9,OgreMain.dll,5,0.0366,13676,20.0
fourteam_postfix,12092,OgreMain.dll!?getSide@Plane@Ogre@@QBE?AW4Side@12@ABVVector3@2@0@Z+0x31,OgreMain.dll,5,0.0366,13676,20.0
fourteam_postfix,12092,MSVCR120.dll!__libm_sse2_acosf+0xe0,MSVCR120.dll,5,0.0366,13676,20.0
fourteam_postfix,12092,OgreMain.dll!??DMatrix3@Ogre@@QBE?AVVector3@1@ABV21@@Z+0x3,OgreMain.dll,5,0.0366,13676,20.0
fourteam_postfix,12092,OgreMain.dll+0x1e6a,OgreMain.dll,5,0.0366,13676,20.0
fourteam_postfix,12092,OgreMain.dll!?getWorldBoundingSphere@MovableObject@Ogre@@UBEABVSphere@2@_N@Z+0x4a,OgreMain.dll,5,0.0366,13676,20.0
fourteam_postfix,12092,MSVCR120.dll!__libm_sse2_asinf+0xbc,MSVCR120.dll,5,0.0366,13676,20.0
fourteam_postfix,12092,OgreMain.dll+0x17bb6,OgreMain.dll,5,0.0366,13676,20.0
fourteam_postfix,12092,OgreMain.dll!?_findVisibleObjects@SceneNode@Ogre@@UAEXPAVCamera@2@PAVRenderQueue@2@PAUVisibleObjectsBoundsInfo@2@_N33@Z+0x68,OgreMain.dll,5,0.0366,13676,20.0
fourteam_postfix,12092,OgreMain.dll!?getDistance@Plane@Ogre@@QBEMABVVector3@2@@Z+0x14,OgreMain.dll,5,0.0366,13676,20.0
fourteam_postfix,12092,battlezone98redux.exe!sub_81ec40,battlezone98redux.exe,5,0.0366,13676,20.0
fourteam_postfix,12092,RenderSystem_Direct3D11.dll!?getILayoutByShader@D3D11VertexDeclaration@Ogre@@IAEPAUID3D11InputLayout@@PAVD3D11HLSLProgram@2@PAVVertexBufferBinding@2@@Z+0x66,RenderSystem_Direct3D11.dll,5,0.0366,13676,20.0
fourteam_postfix,12092,OgreMain.dll!?renderSingleObject@SceneManager@Ogre@@MAEXPAVRenderable@2@PBVPass@2@_N2PBV?$HashedVector@PAVLight@Ogre@@@2@@Z+0x180,OgreMain.dll,5,0.0366,13676,20.0
fourteam_postfix,12092,USER32.dll!GetNextDlgTabItem+0x538,USER32.dll,5,0.0366,13676,20.0
fourteam_postfix,12092,OgreMain.dll+0x1f96f,OgreMain.dll,5,0.0366,13676,20.0
fourteam_postfix,12092,win32u.dll!_NtGdiDdDDISetQueuedLimit@4+0xc,win32u.dll,5,0.0366,13676,20.0
fourteam_postfix,12092,d3d11.dll+0x30d63,d3d11.dll,5,0.0366,13676,20.0
fourteam_postfix,12092,OgreMain.dll!?_findNamedConstantDefinition@GpuProgramParameters@Ogre@@QBEPBUGpuConstantDefinition@2@ABV?$basic_string@DU?$char_traits@D@std@@V?$allocator@D@2@@std@@_N@Z+0xb8,OgreMain.dll,5,0.0366,13676,20.0
fourteam_postfix,12092,OgreMain.dll!??4GpuSharedParametersUsage@Ogre@@QAEAAV01@ABV01@@Z+0x275f,OgreMain.dll,5,0.0366,13676,20.0
fourteam_postfix,12092,battlezone98redux.exe!sub_444f70,battlezone98redux.exe,5,0.0366,13676,20.0
fourteam_postfix,12092,OgreMain.dll!??4GpuSharedParametersUsage@Ogre@@QAEAAV01@ABV01@@Z+0x2732,OgreMain.dll,5,0.0366,13676,20.0
fourteam_postfix,12092,RenderSystem_Direct3D11.dll!?bindGpuProgramParameters@D3D11RenderSystem@Ogre@@UAEXW4GpuProgramType@2@V?$SharedPtr@VGpuProgramParameters@Ogre@@@2@G@Z+0x17,RenderSystem_Direct3D11.dll,5,0.0366,13676,20.0
fourteam_postfix,12092,OgreMain.dll!?getParameters@GpuProgramUsage@Ogre@@QAE?AV?$SharedPtr@VGpuProgramParameters@Ogre@@@2@XZ+0x21,OgreMain.dll,5,0.0366,13676,20.0
fourteam_postfix,12092,OgreMain.dll!?getHalfSize@AxisAlignedBox@Ogre@@QBE?AVVector3@2@XZ+0x66,OgreMain.dll,5,0.0366,13676,20.0
fourteam_postfix,12092,OgreMain.dll!?_writeRawConstant@GpuProgramParameters@Ogre@@QAEXIABVColourValue@2@I@Z+0x1,OgreMain.dll,5,0.0366,13676,20.0
fourteam_postfix,12092,d3d11.dll+0x2704e,d3d11.dll,4,0.0292,13676,20.0
fourteam_postfix,12092,d3d11.dll!CreateDirect3D11DeviceFromDXGIDevice+0xa17a2,d3d11.dll,4,0.0292,13676,20.0
fourteam_postfix,12092,RenderSystem_Direct3D11.dll!?uninstall@D3D11Plugin@Ogre@@UAEXXZ+0xda0,RenderSystem_Direct3D11.dll,4,0.0292,13676,20.0
fourteam_postfix,12092,d3d11.dll!CreateDirect3D11DeviceFromDXGIDevice+0xa5745,d3d11.dll,4,0.0292,13676,20.0
fourteam_postfix,12092,d3d11.dll!CreateDirect3D11DeviceFromDXGIDevice+0xa2158,d3d11.dll,4,0.0292,13676,20.0
fourteam_postfix,12092,battlezone98redux.exe!sub_5bc640,battlezone98redux.exe,4,0.0292,13676,20.0
fourteam_postfix,12092,OgreMain.dll!??4GpuSharedParametersUsage@Ogre@@QAEAAV01@ABV01@@Z+0x2727,OgreMain.dll,4,0.0292,13676,20.0
fourteam_postfix,12092,OgreMain.dll+0x2bbc0,OgreMain.dll,4,0.0292,13676,20.0
fourteam_postfix,12092,d3d11.dll!CreateDirect3D11DeviceFromDXGIDevice+0xbc500,d3d11.dll,4,0.0292,13676,20.0
fourteam_postfix,12092,d3d11.dll!CreateDirect3D11DeviceFromDXGIDevice+0xa2053,d3d11.dll,4,0.0292,13676,20.0
fourteam_postfix,12092,OgreMain.dll!?_updateAutoParams@GpuProgramParameters@Ogre@@QAEXPBVAutoParamDataSource@2@G@Z+0x1d0b,OgreMain.dll,4,0.0292,13676,20.0
fourteam_postfix,12092,ntdll.dll!_RtlFlsGetValue@8+0x43,ntdll.dll,4,0.0292,13676,20.0
fourteam_postfix,12092,battlezone98redux.exe!sub_42de70,battlezone98redux.exe,4,0.0292,13676,20.0
fourteam_postfix,12092,OgreMain.dll!?_updateAutoParams@GpuProgramParameters@Ogre@@QAEXPBVAutoParamDataSource@2@G@Z+0x1cec,OgreMain.dll,4,0.0292,13676,20.0
fourteam_postfix,12092,RenderSystem_Direct3D11.dll!?bindGpuProgramParameters@D3D11RenderSystem@Ogre@@UAEXW4GpuProgramType@2@V?$SharedPtr@VGpuProgramParameters@Ogre@@@2@G@Z+0x543,RenderSystem_Direct3D11.dll,4,0.0292,13676,20.0
fourteam_postfix,12092,OgreMain.dll!?getValueImpl@DistanceLodStrategyBase@Ogre@@MBEMPBVMovableObject@2@PBVCamera@2@@Z+0x74,OgreMain.dll,4,0.0292,13676,20.0
fourteam_postfix,12092,OgreMain.dll!?getViewMatrix@AutoParamDataSource@Ogre@@UBEABVMatrix4@2@XZ,OgreMain.dll,4,0.0292,13676,20.0
fourteam_postfix,12092,OgreMain.dll!?isVisible@ShadowRenderable@Ogre@@UBE_NXZ+0x150,OgreMain.dll,4,0.0292,13676,20.0
fourteam_postfix,12092,battlezone98redux.exe!sub_5b8ff0,battlezone98redux.exe,4,0.0292,13676,20.0
fourteam_postfix,12092,RenderSystem_Direct3D11.dll!?getILayoutByShader@D3D11VertexDeclaration@Ogre@@IAEPAUID3D11InputLayout@@PAVD3D11HLSLProgram@2@PAVVertexBufferBinding@2@@Z+0x5b,RenderSystem_Direct3D11.dll,4,0.0292,13676,20.0
fourteam_postfix,12092,OgreMain.dll!?_notifyCurrentCamera@Entity@Ogre@@UAEXPAVCamera@2@@Z+0x107,OgreMain.dll,4,0.0292,13676,20.0
fourteam_postfix,12092,OgreMain.dll!?ACos@Math@Ogre@@SA?AVRadian@2@M@Z+0x1c,OgreMain.dll,4,0.0292,13676,20.0
fourteam_postfix,12092,OgreMain.dll!?useLightsGpuProgram@SceneManager@Ogre@@MAEXPBVPass@2@PBV?$HashedVector@PAVLight@Ogre@@@2@@Z+0xe,OgreMain.dll,4,0.0292,13676,20.0
fourteam_postfix,12092,RenderSystem_Direct3D11.dll!?_render@D3D11RenderSystem@Ogre@@UAEXABVRenderOperation@2@@Z+0x225,RenderSystem_Direct3D11.dll,4,0.0292,13676,20.0
fourteam_postfix,12092,ntdll.dll!_ZwQuerySystemInformation@16+0xc,ntdll.dll,4,0.0292,13676,20.0
fourteam_postfix,12092,nvwgf2um.dll!OpenAdapter10+0x72010,nvwgf2um.dll,4,0.0292,13676,20.0
fourteam_postfix,12092,ntdll.dll!_RtlpFreeNTHeapInternal@12+0x217,ntdll.dll,4,0.0292,13676,20.0
fourteam_postfix,12092,OgreMain.dll!?getWorldViewProjMatrix@AutoParamDataSource@Ogre@@UBEABVMatrix4@2@XZ+0x3b,OgreMain.dll,4,0.0292,13676,20.0
fourteam_postfix,12092,OgreMain.dll+0x2c20,OgreMain.dll,4,0.0292,13676,20.0
fourteam_postfix,12092,battlezone98redux.exe!sub_493ec0,battlezone98redux.exe,4,0.0292,13676,20.0
fourteam_postfix,12092,battlezone98redux.exe!sub_687c90,battlezone98redux.exe,4,0.0292,13676,20.0
fourteam_postfix,12092,OgreMain.dll!?_update@Node@Ogre@@UAEX_N0@Z+0x4e,OgreMain.dll,4,0.0292,13676,20.0
fourteam_postfix,12092,OgreMain.dll!?_updateAutoParams@GpuProgramParameters@Ogre@@QAEXPBVAutoParamDataSource@2@G@Z+0x79,OgreMain.dll,4,0.0292,13676,20.0
fourteam_postfix,12092,ntdll.dll!_RtlFlsGetValue@8,ntdll.dll,4,0.0292,13676,20.0
fourteam_postfix,12092,OgreMain.dll!?isVisible@Frustum@Ogre@@UBE_NABVAxisAlignedBox@2@PAW4FrustumPlane@2@@Z+0x10,OgreMain.dll,4,0.0292,13676,20.0
fourteam_postfix,12092,battlezone98redux.exe!sub_4dfbf0,battlezone98redux.exe,4,0.0292,13676,20.0
fourteam_postfix,12092,battlezone98redux.exe!sub_689a20,battlezone98redux.exe,4,0.0292,13676,20.0
fourteam_postfix,12092,OgreMain.dll!?hasViewRelativeTextureCoordinateGeneration@TextureUnitState@Ogre@@QBE_NXZ+0xdb,OgreMain.dll,4,0.0292,13676,20.0
fourteam_postfix,12092,nvwgf2um.dll!NVENCODEAPI_Thunk+0x217c9b,nvwgf2um.dll,4,0.0292,13676,20.0
fourteam_postfix,12092,OgreMain.dll!?isViewOutOfDate@Camera@Ogre@@MBE_NXZ+0x51a,OgreMain.dll,4,0.0292,13676,20.0
fourteam_postfix,12092,nvwgf2um.dll!NVENCODEAPI_Thunk+0x21761a,nvwgf2um.dll,4,0.0292,13676,20.0
fourteam_postfix,12092,OgreMain.dll!?isInLightRange@Light@Ogre@@QBE_NABVSphere@2@@Z+0xc6,OgreMain.dll,4,0.0292,13676,20.0
fourteam_postfix,12092,MSVCR120.dll!__libm_sse2_asinf+0x228,MSVCR120.dll,4,0.0292,13676,20.0
fourteam_postfix,12092,RenderSystem_Direct3D11.dll!?getConstantBuffer@D3D11HLSLProgram@Ogre@@QAEPAUID3D11Buffer@@V?$SharedPtr@VGpuProgramParameters@Ogre@@@2@G@Z+0x62,RenderSystem_Direct3D11.dll,4,0.0292,13676,20.0
fourteam_postfix,12092,OgreMain.dll!?visit@SceneMgrQueuedRenderableVisitor@SceneManager@Ogre@@UAEXPAVRenderable@3@@Z+0x36,OgreMain.dll,4,0.0292,13676,20.0
fourteam_postfix,12092,battlezone98redux.exe!sub_7783d0,battlezone98redux.exe,4,0.0292,13676,20.0
fourteam_postfix,12092,OgreMain.dll!?getLight@AutoParamDataSource@Ogre@@IBEABVLight@2@I@Z+0x1,OgreMain.dll,4,0.0292,13676,20.0
fourteam_postfix,12092,OgreMain.dll!?acceptVisitorGrouped@QueuedRenderableCollection@Ogre@@IBEXPAVQueuedRenderableVisitor@2@@Z+0x6b,OgreMain.dll,4,0.0292,13676,20.0
fourteam_postfix,12092,OgreMain.dll!?_updateAutoParams@GpuProgramParameters@Ogre@@QAEXPBVAutoParamDataSource@2@G@Z+0x1,OgreMain.dll,4,0.0292,13676,20.0
fourteam_postfix,12092,MSVCR120.dll!__libm_sse2_asinf+0x9c,MSVCR120.dll,4,0.0292,13676,20.0
fourteam_postfix,12092,OgreMain.dll!?clear@RenderPriorityGroup@Ogre@@QAEXXZ+0xb9,OgreMain.dll,4,0.0292,13676,20.0
fourteam_postfix,12092,OgreMain.dll!?updateFrustum@Frustum@Ogre@@MBEXXZ,OgreMain.dll,4,0.0292,13676,20.0
fourteam_postfix,12092,OgreMain.dll!?_detectImplementation@OptimisedUtil@Ogre@@KAPAV12@XZ+0x464e,OgreMain.dll,4,0.0292,13676,20.0
fourteam_postfix,12092,OgreMain.dll!?getParameters@GpuProgramUsage@Ogre@@QAE?AV?$SharedPtr@VGpuProgramParameters@Ogre@@@2@XZ+0xf8,OgreMain.dll,4,0.0292,13676,20.0
fourteam_postfix,12092,OgreMain.dll!?getLightAs4DVector@AutoParamDataSource@Ogre@@UBE?AVVector4@2@I@Z+0x1a,OgreMain.dll,4,0.0292,13676,20.0
fourteam_postfix,12092,OgreMain.dll!?visit@SceneMgrQueuedRenderableVisitor@SceneManager@Ogre@@UAEXPAVRenderable@3@@Z+0x18,OgreMain.dll,4,0.0292,13676,20.0
fourteam_postfix,12092,OgreMain.dll!?_findNamedConstantDefinition@GpuProgramParameters@Ogre@@QBEPBUGpuConstantDefinition@2@ABV?$basic_string@DU?$char_traits@D@std@@V?$allocator@D@2@@std@@_N@Z+0x3,OgreMain.dll,4,0.0292,13676,20.0
fourteam_postfix,12092,OgreMain.dll!?FastHash@Ogre@@YAIPBDHI@Z+0x6,OgreMain.dll,4,0.0292,13676,20.0
fourteam_postfix,12092,battlezone98redux.exe!sub_4624d0,battlezone98redux.exe,4,0.0292,13676,20.0
fourteam_postfix,12092,d3d11.dll!CreateDirect3D11DeviceFromDXGIDevice+0xa56d0,d3d11.dll,4,0.0292,13676,20.0
fourteam_postfix,12092,OgreMain.dll!?_updateAutoParams@GpuProgramParameters@Ogre@@QAEXPBVAutoParamDataSource@2@G@Z+0x1f08,OgreMain.dll,4,0.0292,13676,20.0
fourteam_postfix,12092,RenderSystem_Direct3D11.dll!?getMonitorSequentialNumberFromSwapChain@MonitorInfo@Ogre@@QAEGPAUIDXGISwapChain@@_N@Z+0xdca,RenderSystem_Direct3D11.dll,4,0.0292,13676,20.0
fourteam_postfix,12092,OgreMain.dll+0x13ba6,OgreMain.dll,4,0.0292,13676,20.0
fourteam_postfix,12092,RenderSystem_Direct3D11.dll!?getMonitorSequentialNumberFromSwapChain@MonitorInfo@Ogre@@QAEGPAUIDXGISwapChain@@_N@Z+0x1244,RenderSystem_Direct3D11.dll,4,0.0292,13676,20.0
fourteam_postfix,12092,OgreMain.dll+0xef9d,OgreMain.dll,4,0.0292,13676,20.0
fourteam_postfix,12092,OgreMain.dll!?isInLightRange@Light@Ogre@@QBE_NABVSphere@2@@Z+0xe4,OgreMain.dll,4,0.0292,13676,20.0
fourteam_postfix,12092,OgreMain.dll+0x3a468,OgreMain.dll,4,0.0292,13676,20.0
fourteam_postfix,12092,OgreMain.dll!?renderSingleObject@SceneManager@Ogre@@MAEXPAVRenderable@2@PBVPass@2@_N2PBV?$HashedVector@PAVLight@Ogre@@@2@@Z+0x22a,OgreMain.dll,4,0.0292,13676,20.0
fourteam_postfix,12092,OgreMain.dll!?_detectImplementation@OptimisedUtil@Ogre@@KAPAV12@XZ+0x4671,OgreMain.dll,4,0.0292,13676,20.0
fourteam_postfix,12092,OgreMain.dll!?isInLightRange@Light@Ogre@@QBE_NABVSphere@2@@Z+0xd4,OgreMain.dll,4,0.0292,13676,20.0
fourteam_postfix,12092,MSVCR120.dll!memcpy,MSVCR120.dll,4,0.0292,13676,20.0
fourteam_postfix,12092,OgreMain.dll!?getLightAttenuation@AutoParamDataSource@Ogre@@UBE?AVVector4@2@I@Z+0x39,OgreMain.dll,4,0.0292,13676,20.0
fourteam_postfix,12092,RenderSystem_Direct3D11.dll!?_setPolygonMode@D3D11RenderSystem@Ogre@@UAEXW4PolygonMode@2@@Z+0x6,RenderSystem_Direct3D11.dll,4,0.0292,13676,20.0
fourteam_postfix,12092,OgreMain.dll!?getLightAs4DVector@AutoParamDataSource@Ogre@@UBE?AVVector4@2@I@Z+0x12,OgreMain.dll,4,0.0292,13676,20.0
fourteam_postfix,12092,OgreMain.dll!?angleBetween@Vector3@Ogre@@QBE?AVRadian@2@ABV12@@Z+0xe3,OgreMain.dll,4,0.0292,13676,20.0
fourteam_postfix,12092,OgreMain.dll!??4GpuSharedParametersUsage@Ogre@@QAEAAV01@ABV01@@Z+0x2711,OgreMain.dll,4,0.0292,13676,20.0
fourteam_postfix,12092,OgreMain.dll!?_writeRawConstant@GpuProgramParameters@Ogre@@QAEXIABVVector4@2@I@Z,OgreMain.dll,4,0.0292,13676,20.0
fourteam_postfix,12092,d3d11.dll+0x35ea9,d3d11.dll,4,0.0292,13676,20.0
fourteam_postfix,12092,RenderSystem_Direct3D11.dll!?_setTexture@D3D11RenderSystem@Ogre@@UAEXI_NABV?$SharedPtr@VTexture@Ogre@@@2@@Z+0xbb,RenderSystem_Direct3D11.dll,4,0.0292,13676,20.0
fourteam_postfix,12092,OgreMain.dll!?getConstantDefinition@GpuProgramParameters@Ogre@@QBEABUGpuConstantDefinition@2@ABV?$basic_string@DU?$char_traits@D@std@@V?$allocator@D@2@@std@@@Z+0xd2,OgreMain.dll,4,0.0292,13676,20.0
fourteam_postfix,12092,OgreMain.dll!?createTechnique@Material@Ogre@@QAEPAVTechnique@2@XZ+0xa2c,OgreMain.dll,4,0.0292,13676,20.0
fourteam_postfix,12092,OgreMain.dll!??4GpuSharedParametersUsage@Ogre@@QAEAAV01@ABV01@@Z+0x2730,OgreMain.dll,4,0.0292,13676,20.0
fourteam_postfix,12092,ntdll.dll!_RtlEnterCriticalSection@4+0x25,ntdll.dll,4,0.0292,13676,20.0
fourteam_postfix,12092,MSVCR120.dll!memcpy+0x2,MSVCR120.dll,4,0.0292,13676,20.0
fourteam_postfix,12092,battlezone98redux.exe!FID_conflict:operator!=,battlezone98redux.exe,4,0.0292,13676,20.0
fourteam_postfix,12092,MSVCR120.dll!__libm_sse2_asinf+0x78,MSVCR120.dll,4,0.0292,13676,20.0
fourteam_postfix,12092,OgreMain.dll!?getProjectionMatrix@AutoParamDataSource@Ogre@@UBEABVMatrix4@2@XZ+0x95,OgreMain.dll,4,0.0292,13676,20.0
fourteam_postfix,12092,OgreMain.dll!?getWorldViewMatrix@AutoParamDataSource@Ogre@@UBEABVMatrix4@2@XZ+0x206,OgreMain.dll,4,0.0292,13676,20.0
fourteam_postfix,12092,nvwgf2um.dll!NVENCODEAPI_Thunk+0x68f53,nvwgf2um.dll,4,0.0292,13676,20.0
fourteam_postfix,12092,battlezone98redux.exe!sub_679610,battlezone98redux.exe,4,0.0292,13676,20.0
fourteam_postfix,12092,nvwgf2um.dll!OpenAdapter10+0x726e1,nvwgf2um.dll,4,0.0292,13676,20.0
fourteam_postfix,12092,OgreMain.dll!?_writeRawConstants@GpuProgramParameters@Ogre@@QAEXIPBMI@Z+0x6,OgreMain.dll,4,0.0292,13676,20.0
fourteam_postfix,12092,OgreMain.dll!?getViewMatrix@Frustum@Ogre@@UBEABVMatrix4@2@XZ+0x5,OgreMain.dll,4,0.0292,13676,20.0
fourteam_postfix,12092,RenderSystem_Direct3D11.dll!?unlockImpl@D3D11HardwareBuffer@Ogre@@MAEXXZ+0x50,RenderSystem_Direct3D11.dll,4,0.0292,13676,20.0
fourteam_postfix,12092,battlezone98redux.exe!sub_462450,battlezone98redux.exe,4,0.0292,13676,20.0
fourteam_postfix,12092,RenderSystem_Direct3D11.dll!?getMonitorSequentialNumberFromSwapChain@MonitorInfo@Ogre@@QAEGPAUIDXGISwapChain@@_N@Z+0x866,RenderSystem_Direct3D11.dll,4,0.0292,13676,20.0
fourteam_postfix,12092,OgreMain.dll!?getConstantDefinition@GpuProgramParameters@Ogre@@QBEABUGpuConstantDefinition@2@ABV?$basic_string@DU?$char_traits@D@std@@V?$allocator@D@2@@std@@@Z+0x17,OgreMain.dll,4,0.0292,13676,20.0
fourteam_postfix,12092,battlezone98redux.exe!sub_5e1310,battlezone98redux.exe,4,0.0292,13676,20.0
fourteam_postfix,12092,OgreMain.dll!?merge@VisibleObjectsBoundsInfo@Ogre@@QAEXABVAxisAlignedBox@2@ABVSphere@2@PBVCamera@2@_N@Z+0x183,OgreMain.dll,4,0.0292,13676,20.0
fourteam_postfix,12092,OgreMain.dll!?_detectImplementation@OptimisedUtil@Ogre@@KAPAV12@XZ+0x4651,OgreMain.dll,4,0.0292,13676,20.0
fourteam_postfix,12092,OgreMain.dll!?getWorldMatrix@AutoParamDataSource@Ogre@@UBEABVMatrix4@2@XZ+0x9e,OgreMain.dll,4,0.0292,13676,20.0
fourteam_postfix,12092,battlezone98redux.exe!sub_449910,battlezone98redux.exe,4,0.0292,13676,20.0
fourteam_postfix,12092,OgreMain.dll!?angleBetween@Vector3@Ogre@@QBE?AVRadian@2@ABV12@@Z+0xb3,OgreMain.dll,4,0.0292,13676,20.0
fourteam_postfix,12092,ntdll.dll!_ZwWriteFile@36+0xc,ntdll.dll,4,0.0292,13676,20.0
fourteam_postfix,12092,battlezone98redux.exe!sub_421ee0,battlezone98redux.exe,4,0.0292,13676,20.0
fourteam_postfix,12092,battlezone98redux.exe!sub_462610,battlezone98redux.exe,4,0.0292,13676,20.0
fourteam_postfix,12092,d3d11.dll!CreateDirect3D11DeviceFromDXGIDevice+0x9ac5e,d3d11.dll,4,0.0292,13676,20.0
fourteam_postfix,12092,OgreMain.dll!?_findNamedConstantDefinition@GpuProgramParameters@Ogre@@QBEPBUGpuConstantDefinition@2@ABV?$basic_string@DU?$char_traits@D@std@@V?$allocator@D@2@@std@@_N@Z+0x30,OgreMain.dll,4,0.0292,13676,20.0
fourteam_postfix,12092,OgreMain.dll!??4GpuSharedParametersUsage@Ogre@@QAEAAV01@ABV01@@Z+0x27ae,OgreMain.dll,4,0.0292,13676,20.0
fourteam_postfix,12092,OgreMain.dll!?_updateAutoParams@Pass@Ogre@@QBEXPBVAutoParamDataSource@2@G@Z+0x6a,OgreMain.dll,4,0.0292,13676,20.0
fourteam_postfix,12092,OgreMain.dll!??RlightLess@SceneManager@Ogre@@QBE_NPBVLight@2@0@Z+0x6,OgreMain.dll,4,0.0292,13676,20.0
fourteam_postfix,12092,OgreMain.dll!?_getRenderOperation@SubMesh@Ogre@@QAEXAAVRenderOperation@2@G@Z+0x37,OgreMain.dll,4,0.0292,13676,20.0
fourteam_postfix,12092,OgreMain.dll!?lock@HardwareBuffer@Ogre@@UAEPAXIIW4LockOptions@12@W4UploadOptions@12@@Z+0x190,OgreMain.dll,4,0.0292,13676,20.0
fourteam_postfix,12092,nvwgf2um.dll!NVENCODEAPI_Thunk+0x217652,nvwgf2um.dll,4,0.0292,13676,20.0
fourteam_postfix,12092,MSVCR120.dll!__libm_sse2_asinf+0xd6,MSVCR120.dll,4,0.0292,13676,20.0
fourteam_postfix,12092,OgreMain.dll!?isHardwareAnimationEnabled@Entity@Ogre@@QAE_NXZ+0x3f,OgreMain.dll,4,0.0292,13676,20.0
fourteam_postfix,12092,MSVCR120.dll!memcpy+0x14,MSVCR120.dll,4,0.0292,13676,20.0
fourteam_postfix,12092,OgreMain.dll!?isVisible@ShadowRenderable@Ogre@@UBE_NXZ+0x145,OgreMain.dll,4,0.0292,13676,20.0
fourteam_postfix,12092,RenderSystem_Direct3D11.dll!?bindGpuProgramParameters@D3D11RenderSystem@Ogre@@UAEXW4GpuProgramType@2@V?$SharedPtr@VGpuProgramParameters@Ogre@@@2@G@Z+0x580,RenderSystem_Direct3D11.dll,4,0.0292,13676,20.0
fourteam_postfix,12092,OgreMain.dll!?getIndexAscending@LodStrategy@Ogre@@KAGMABV?$vector@MV?$STLAllocator@MV?$CategorisedAllocPolicy@$0A@@Ogre@@@Ogre@@@std@@@Z+0xc,OgreMain.dll,4,0.0292,13676,20.0
fourteam_postfix,12092,battlezone98redux.exe!sub_4588c0,battlezone98redux.exe,4,0.0292,13676,20.0
fourteam_postfix,12092,OgreMain.dll!?_findVisibleObjects@SceneNode@Ogre@@UAEXPAVCamera@2@PAVRenderQueue@2@PAUVisibleObjectsBoundsInfo@2@_N33@Z+0x20,OgreMain.dll,4,0.0292,13676,20.0
fourteam_postfix,12092,nvwgf2um.dll!OpenAdapter10+0x77c47,nvwgf2um.dll,4,0.0292,13676,20.0
fourteam_postfix,12092,OgreMain.dll!?_detectImplementation@OptimisedUtil@Ogre@@KAPAV12@XZ+0x4505,OgreMain.dll,4,0.0292,13676,20.0
fourteam_postfix,12092,RenderSystem_Direct3D11.dll!?getMonitorSequentialNumberFromSwapChain@MonitorInfo@Ogre@@QAEGPAUIDXGISwapChain@@_N@Z+0x2ac4,RenderSystem_Direct3D11.dll,4,0.0292,13676,20.0
fourteam_postfix,12092,WINMM.dll@6e990000!__std_fs_get_stats+0x240,WINMM.dll@6e990000,4,0.0292,13676,20.0
fourteam_postfix,12092,OgreMain.dll!?updateAnimation@Entity@Ogre@@IAEXXZ+0x123,OgreMain.dll,4,0.0292,13676,20.0
fourteam_postfix,12092,OgreMain.dll!?touchVertexBufferCopy@HardwareBufferManagerBase@Ogre@@UAEXABVHardwareVertexBufferSharedPtr@2@@Z+0x8a,OgreMain.dll,4,0.0292,13676,20.0
fourteam_postfix,12092,ntdll.dll!_RtlFreeHeap@12+0x2,ntdll.dll,4,0.0292,13676,20.0
fourteam_postfix,12092,OgreMain.dll!?isTransparentSortingForced@Technique@Ogre@@QBE_NXZ+0xc,OgreMain.dll,4,0.0292,13676,20.0
fourteam_postfix,12092,OgreMain.dll!??4GpuSharedParametersUsage@Ogre@@QAEAAV01@ABV01@@Z+0x278f,OgreMain.dll,4,0.0292,13676,20.0
fourteam_postfix,12092,OgreMain.dll+0x1481c,OgreMain.dll,4,0.0292,13676,20.0
fourteam_postfix,12092,<unmapped>+0x774d7000,<unmapped>,4,0.0292,13676,20.0
fourteam_postfix,12092,OgreMain.dll!?_updateAutoParams@GpuProgramParameters@Ogre@@QAEXPBVAutoParamDataSource@2@G@Z+0x202d,OgreMain.dll,4,0.0292,13676,20.0
fourteam_postfix,12092,OgreMain.dll!?queryLights@MovableObject@Ogre@@UBEABV?$HashedVector@PAVLight@Ogre@@@2@XZ+0x4f,OgreMain.dll,4,0.0292,13676,20.0
fourteam_postfix,12092,MSVCR120.dll!_fdtest+0x10,MSVCR120.dll,4,0.0292,13676,20.0
fourteam_postfix,12092,d3d11.dll+0x30d65,d3d11.dll,4,0.0292,13676,20.0
fourteam_postfix,12092,OgreMain.dll!?_getDerivedPosition@Node@Ogre@@UBEABVVector3@2@XZ+0x7,OgreMain.dll,4,0.0292,13676,20.0
fourteam_postfix,12092,RenderSystem_Direct3D11.dll!?getDepthStencilView@D3D11DepthBuffer@Ogre@@QBEPAUID3D11DepthStencilView@@XZ+0x3,RenderSystem_Direct3D11.dll,4,0.0292,13676,20.0
fourteam_postfix,12092,d3d11.dll!CreateDirect3D11DeviceFromDXGIDevice+0xbdb27,d3d11.dll,4,0.0292,13676,20.0
fourteam_postfix,12092,d3d11.dll+0x2c414,d3d11.dll,4,0.0292,13676,20.0
fourteam_postfix,12092,OgreMain.dll!?getBestTechnique@Material@Ogre@@QAEPAVTechnique@2@GPBVRenderable@2@@Z+0x27,OgreMain.dll,4,0.0292,13676,20.0
fourteam_postfix,12092,OgreMain.dll!?touchVertexBufferCopy@HardwareBufferManagerBase@Ogre@@UAEXABVHardwareVertexBufferSharedPtr@2@@Z+0x4b,OgreMain.dll,4,0.0292,13676,20.0
fourteam_postfix,12092,OgreMain.dll!??RlightLess@SceneManager@Ogre@@QBE_NPBVLight@2@0@Z+0x1d,OgreMain.dll,4,0.0292,13676,20.0
fourteam_postfix,12092,RenderSystem_Direct3D11.dll!?getMonitorSequentialNumberFromSwapChain@MonitorInfo@Ogre@@QAEGPAUIDXGISwapChain@@_N@Z+0x27cf,RenderSystem_Direct3D11.dll,4,0.0292,13676,20.0
fourteam_postfix,12092,OgreMain.dll!?isTransparent@Pass@Ogre@@QBE_NXZ+0x11,OgreMain.dll,4,0.0292,13676,20.0
fourteam_postfix,12092,battlezone98redux.exe!sub_48efe0,battlezone98redux.exe,4,0.0292,13676,20.0
fourteam_postfix,12092,RenderSystem_Direct3D11.dll!?unlockImpl@D3D11HardwareBuffer@Ogre@@MAEXXZ+0x53,RenderSystem_Direct3D11.dll,4,0.0292,13676,20.0
fourteam_postfix,12092,OgreMain.dll!?getRenderOperation@SubEntity@Ogre@@UAEXAAVRenderOperation@2@@Z+0x17,OgreMain.dll,3,0.0219,13676,20.0
fourteam_postfix,12092,OgreMain.dll!??4GpuSharedParametersUsage@Ogre@@QAEAAV01@ABV01@@Z+0x2754,OgreMain.dll,3,0.0219,13676,20.0
fourteam_postfix,12092,battlezone98redux.exe!sub_4200d0,battlezone98redux.exe,3,0.0219,13676,20.0
fourteam_postfix,12092,OgreMain.dll!?getLightSpecularColourWithPower@AutoParamDataSource@Ogre@@UBE?BVColourValue@2@I@Z+0x28,OgreMain.dll,3,0.0219,13676,20.0
fourteam_postfix,12092,OgreMain.dll!?getAs4DVector@Light@Ogre@@QBE?AVVector4@2@_N@Z+0x54,OgreMain.dll,3,0.0219,13676,20.0
fourteam_postfix,12092,OgreMain.dll!?isVisible@ShadowRenderable@Ogre@@UBE_NXZ+0x141,OgreMain.dll,3,0.0219,13676,20.0
fourteam_postfix,12092,OgreMain.dll!?updatePoint@RotationalSpline@Ogre@@QAEXGABVQuaternion@2@@Z+0x9d13,OgreMain.dll,3,0.0219,13676,20.0
fourteam_postfix,12092,OgreMain.dll!?_issueRenderOp@SceneManager@Ogre@@UAEXPAVRenderable@2@PBVPass@2@@Z+0x7e,OgreMain.dll,3,0.0219,13676,20.0
fourteam_postfix,12092,OgreMain.dll!?_issueRenderOp@SceneManager@Ogre@@UAEXPAVRenderable@2@PBVPass@2@@Z,OgreMain.dll,3,0.0219,13676,20.0
fourteam_postfix,12092,MSVCR120.dll!memcpy+0x6,MSVCR120.dll,3,0.0219,13676,20.0
fourteam_postfix,12092,OgreMain.dll!?isVisible@Frustum@Ogre@@UBE_NABVAxisAlignedBox@2@PAW4FrustumPlane@2@@Z+0xa0,OgreMain.dll,3,0.0219,13676,20.0
fourteam_postfix,12092,battlezone98redux.exe!sub_62bec0,battlezone98redux.exe,3,0.0219,13676,20.0
fourteam_postfix,12092,OgreMain.dll!?findLightsAffectingFrustum@SceneManager@Ogre@@MAEXPBVCamera@2@@Z+0xca,OgreMain.dll,3,0.0219,13676,20.0
fourteam_postfix,12092,OgreMain.dll!?merge@VisibleObjectsBoundsInfo@Ogre@@QAEXABVAxisAlignedBox@2@ABVSphere@2@PBVCamera@2@_N@Z+0x92,OgreMain.dll,3,0.0219,13676,20.0
fourteam_postfix,12092,OgreMain.dll!?getBestTechnique@Material@Ogre@@QAEPAVTechnique@2@GPBVRenderable@2@@Z+0x29,OgreMain.dll,3,0.0219,13676,20.0
fourteam_postfix,12092,d3d11.dll!CreateDirect3D11DeviceFromDXGIDevice+0xbc60f,d3d11.dll,3,0.0219,13676,20.0
fourteam_postfix,12092,nvwgf2um.dll!SetDependencyInfo+0x4b1c3,nvwgf2um.dll,3,0.0219,13676,20.0
fourteam_postfix,12092,OgreMain.dll!?setWorldMatrices@AutoParamDataSource@Ogre@@UAEXPBVMatrix4@2@I@Z,OgreMain.dll,3,0.0219,13676,20.0
fourteam_postfix,12092,d3d11.dll!CreateDirect3D11DeviceFromDXGIDevice+0x9df86,d3d11.dll,3,0.0219,13676,20.0
fourteam_postfix,12092,MSVCR120.dll!__crtFlsGetValue+0x3,MSVCR120.dll,3,0.0219,13676,20.0
fourteam_postfix,12092,OgreMain.dll+0x2b620,OgreMain.dll,3,0.0219,13676,20.0
fourteam_postfix,12092,OgreMain.dll!??4GpuSharedParametersUsage@Ogre@@QAEAAV01@ABV01@@Z+0x27a6,OgreMain.dll,3,0.0219,13676,20.0
fourteam_postfix,12092,OgreMain.dll!?getLightAs4DVector@AutoParamDataSource@Ogre@@UBE?AVVector4@2@I@Z+0x10,OgreMain.dll,3,0.0219,13676,20.0
fourteam_postfix,12092,d3d11.dll!CreateDirect3D11DeviceFromDXGIDevice+0xbae61,d3d11.dll,3,0.0219,13676,20.0
fourteam_postfix,12092,OgreMain.dll!?getLightAttenuation@AutoParamDataSource@Ogre@@UBE?AVVector4@2@I@Z+0x25,OgreMain.dll,3,0.0219,13676,20.0
fourteam_postfix,12092,RenderSystem_Direct3D11.dll!?setVertexBufferBinding@D3D11RenderSystem@Ogre@@UAEXPAVVertexBufferBinding@2@@Z+0xcd,RenderSystem_Direct3D11.dll,3,0.0219,13676,20.0
fourteam_postfix,12092,d3d11.dll!CreateDirect3D11DeviceFromDXGIDevice+0xa2163,d3d11.dll,3,0.0219,13676,20.0
fourteam_postfix,12092,OgreMain.dll!?_detectImplementation@OptimisedUtil@Ogre@@KAPAV12@XZ+0x44fc,OgreMain.dll,3,0.0219,13676,20.0
fourteam_postfix,12092,d3d11.dll+0x35ed1,d3d11.dll,3,0.0219,13676,20.0
fourteam_postfix,12092,OgreMain.dll!?getMaterial@SubEntity@Ogre@@UBEABV?$SharedPtr@VMaterial@Ogre@@@2@XZ,OgreMain.dll,3,0.0219,13676,20.0
fourteam_postfix,12092,d3d11.dll+0x2b527,d3d11.dll,3,0.0219,13676,20.0
fourteam_postfix,12092,OgreMain.dll!?getParameters@GpuProgramUsage@Ogre@@QAE?AV?$SharedPtr@VGpuProgramParameters@Ogre@@@2@XZ+0x5,OgreMain.dll,3,0.0219,13676,20.0
fourteam_postfix,12092,OgreMain.dll!??4GpuSharedParametersUsage@Ogre@@QAEAAV01@ABV01@@Z+0x272a,OgreMain.dll,3,0.0219,13676,20.0
fourteam_postfix,12092,ntdll.dll!_RtlpLfhFindClearBitAndSet@16+0x13,ntdll.dll,3,0.0219,13676,20.0
fourteam_postfix,12092,d3d11.dll!CreateDirect3D11DeviceFromDXGIDevice+0x9f9ea,d3d11.dll,3,0.0219,13676,20.0
fourteam_postfix,12092,OgreMain.dll!?merge@VisibleObjectsBoundsInfo@Ogre@@QAEXABVAxisAlignedBox@2@ABVSphere@2@PBVCamera@2@_N@Z+0x134,OgreMain.dll,3,0.0219,13676,20.0
fourteam_postfix,12092,MSVCR120.dll!floor+0x69,MSVCR120.dll,3,0.0219,13676,20.0
fourteam_postfix,12092,RenderSystem_Direct3D11.dll!?setVertexBufferBinding@D3D11RenderSystem@Ogre@@UAEXPAVVertexBufferBinding@2@@Z+0xa6,RenderSystem_Direct3D11.dll,3,0.0219,13676,20.0
fourteam_postfix,12092,WINMM.dll@6e990000!BZROpenShim::`anonymous namespace'::ProcessVisibleObjectHook+0x17,WINMM.dll@6e990000,3,0.0219,13676,20.0
fourteam_postfix,12092,OgreMain.dll!?updateFromParentImpl@SceneNode@Ogre@@MBEXXZ+0x18,OgreMain.dll,3,0.0219,13676,20.0
fourteam_postfix,12092,battlezone98redux.exe!sub_68f090,battlezone98redux.exe,3,0.0219,13676,20.0
fourteam_postfix,12092,OgreMain.dll+0x310c0,OgreMain.dll,3,0.0219,13676,20.0
fourteam_postfix,12092,OgreMain.dll!?lock@HardwareBuffer@Ogre@@UAEPAXIIW4LockOptions@12@W4UploadOptions@12@@Z+0x103,OgreMain.dll,3,0.0219,13676,20.0
fourteam_postfix,12092,OgreMain.dll!?updateView@Frustum@Ogre@@MBEXXZ+0x1d,OgreMain.dll,3,0.0219,13676,20.0
fourteam_postfix,12092,OgreMain.dll!?getDerivedPosition@Camera@Ogre@@QBEABVVector3@2@XZ+0x5,OgreMain.dll,3,0.0219,13676,20.0
fourteam_postfix,12092,MSVCR120.dll!__libm_sse2_asinf+0x4c,MSVCR120.dll,3,0.0219,13676,20.0
fourteam_postfix,12092,battlezone98redux.exe!sub_446440,battlezone98redux.exe,3,0.0219,13676,20.0
fourteam_postfix,12092,OgreMain.dll!?getQueueGroup@RenderQueue@Ogre@@QAEPAVRenderQueueGroup@2@E@Z+0x1c,OgreMain.dll,3,0.0219,13676,20.0
fourteam_postfix,12092,OgreMain.dll!?_updateAutoParams@Pass@Ogre@@QBEXPBVAutoParamDataSource@2@G@Z+0x243,OgreMain.dll,3,0.0219,13676,20.0
fourteam_postfix,12092,OgreMain.dll!?_calcTempSquareDist@Light@Ogre@@QAEXABVVector3@2@@Z+0x58,OgreMain.dll,3,0.0219,13676,20.0
fourteam_postfix,12092,nvwgf2um.dll!OpenAdapter10+0x74e67,nvwgf2um.dll,3,0.0219,13676,20.0
fourteam_postfix,12092,OgreMain.dll!?getChildObjectsBoundingBox@Entity@Ogre@@QBE?AVAxisAlignedBox@2@XZ+0x5,OgreMain.dll,3,0.0219,13676,20.0
fourteam_postfix,12092,OgreMain.dll!?getIndexAscending@LodStrategy@Ogre@@KAGMABV?$vector@UMeshLodUsage@Ogre@@V?$STLAllocator@UMeshLodUsage@Ogre@@V?$CategorisedAllocPolicy@$0A@@2@@2@@std@@@Z+0x19,OgreMain.dll,3,0.0219,13676,20.0
fourteam_postfix,12092,OgreMain.dll!?getSide@Plane@Ogre@@QBE?AW4Side@12@ABVVector3@2@0@Z+0x3,OgreMain.dll,3,0.0219,13676,20.0
fourteam_postfix,12092,OgreMain.dll!?_updateAutoParams@GpuProgramParameters@Ogre@@QAEXPBVAutoParamDataSource@2@G@Z+0x1a6c,OgreMain.dll,3,0.0219,13676,20.0
fourteam_postfix,12092,OgreMain.dll!?addRenderable@QueuedRenderableCollection@Ogre@@QAEXPAVPass@2@PAVRenderable@2@@Z+0xc3,OgreMain.dll,3,0.0219,13676,20.0
fourteam_postfix,12092,d3d11.dll!CreateDirect3D11DeviceFromDXGIDevice+0xa574a,d3d11.dll,3,0.0219,13676,20.0
fourteam_postfix,12092,nvwgf2um.dll!NVAPI_DirectMethods+0x28686,nvwgf2um.dll,3,0.0219,13676,20.0
fourteam_postfix,12092,d3d11.dll!CreateDirect3D11DeviceFromDXGIDevice+0x9dfbd,d3d11.dll,3,0.0219,13676,20.0
fourteam_postfix,12092,battlezone98redux.exe!sub_67b990,battlezone98redux.exe,3,0.0219,13676,20.0
fourteam_postfix,12092,OgreMain.dll!??4GpuSharedParametersUsage@Ogre@@QAEAAV01@ABV01@@Z+0x275a,OgreMain.dll,3,0.0219,13676,20.0
fourteam_postfix,12092,RenderSystem_Direct3D11.dll!?_render@D3D11RenderSystem@Ogre@@UAEXABVRenderOperation@2@@Z+0x195a,RenderSystem_Direct3D11.dll,3,0.0219,13676,20.0
fourteam_postfix,12092,OgreMain.dll!?_getDerivedPosition@Node@Ogre@@UBEABVVector3@2@XZ,OgreMain.dll,3,0.0219,13676,20.0
fourteam_postfix,12092,OgreMain.dll!?updateFrustum@Frustum@Ogre@@MBEXXZ+0x1d,OgreMain.dll,3,0.0219,13676,20.0
fourteam_postfix,12092,OgreMain.dll!?getSurfaceSpecularColour@AutoParamDataSource@Ogre@@UBEABVColourValue@2@XZ,OgreMain.dll,3,0.0219,13676,20.0
fourteam_postfix,12092,RenderSystem_Direct3D11.dll!?_render@D3D11RenderSystem@Ogre@@UAEXABVRenderOperation@2@@Z+0x18d6,RenderSystem_Direct3D11.dll,3,0.0219,13676,20.0
fourteam_postfix,12092,OgreMain.dll!?getBestTechnique@Material@Ogre@@QAEPAVTechnique@2@GPBVRenderable@2@@Z+0xb5,OgreMain.dll,3,0.0219,13676,20.0
fourteam_postfix,12092,OgreMain.dll!?_updateAutoParams@GpuProgramParameters@Ogre@@QAEXPBVAutoParamDataSource@2@G@Z+0x1f03,OgreMain.dll,3,0.0219,13676,20.0
fourteam_postfix,12092,battlezone98redux.exe!sub_443370,battlezone98redux.exe,3,0.0219,13676,20.0
fourteam_postfix,12092,d3d11.dll!CreateDirect3D11DeviceFromDXGIDevice+0x9e068,d3d11.dll,3,0.0219,13676,20.0
fourteam_postfix,12092,OgreMain.dll!?_updateAutoParams@GpuProgramParameters@Ogre@@QAEXPBVAutoParamDataSource@2@G@Z+0x3d,OgreMain.dll,3,0.0219,13676,20.0
fourteam_postfix,12092,OgreMain.dll!?_getRenderOperation@SubMesh@Ogre@@QAEXAAVRenderOperation@2@G@Z+0x3,OgreMain.dll,3,0.0219,13676,20.0
fourteam_postfix,12092,RenderSystem_Direct3D11.dll!?bindGpuProgramParameters@D3D11RenderSystem@Ogre@@UAEXW4GpuProgramType@2@V?$SharedPtr@VGpuProgramParameters@Ogre@@@2@G@Z+0x96,RenderSystem_Direct3D11.dll,3,0.0219,13676,20.0
fourteam_postfix,12092,battlezone98redux.exe!sub_416290,battlezone98redux.exe,3,0.0219,13676,20.0
fourteam_postfix,12092,ntdll.dll!_RtlAbPostRelease@8+0x2,ntdll.dll,3,0.0219,13676,20.0
fourteam_postfix,12092,OgreMain.dll!?angleBetween@Vector3@Ogre@@QBE?AVRadian@2@ABV12@@Z+0x79,OgreMain.dll,3,0.0219,13676,20.0
fourteam_postfix,12092,OgreMain.dll!?getLightAs4DVector@AutoParamDataSource@Ogre@@UBE?AVVector4@2@I@Z,OgreMain.dll,3,0.0219,13676,20.0
fourteam_postfix,12092,OgreMain.dll!?getAs4DVector@Light@Ogre@@QBE?AVVector4@2@_N@Z+0x4f,OgreMain.dll,3,0.0219,13676,20.0
fourteam_postfix,12092,d3d11.dll!CreateDirect3D11DeviceFromDXGIDevice+0xa4628,d3d11.dll,3,0.0219,13676,20.0
fourteam_postfix,12092,battlezone98redux.exe!sub_4e9580,battlezone98redux.exe,3,0.0219,13676,20.0
fourteam_postfix,12092,OgreMain.dll!?_updateAutoParams@Pass@Ogre@@QBEXPBVAutoParamDataSource@2@G@Z+0x1ef,OgreMain.dll,3,0.0219,13676,20.0
fourteam_postfix,12092,OgreMain.dll!?clone@Animation@Ogre@@QBEPAV12@ABV?$basic_string@DU?$char_traits@D@std@@V?$allocator@D@2@@std@@@Z+0x2f8,OgreMain.dll,3,0.0219,13676,20.0
fourteam_postfix,12092,OgreMain.dll!?clone@Animation@Ogre@@QBEPAV12@ABV?$basic_string@DU?$char_traits@D@std@@V?$allocator@D@2@@std@@@Z+0x2c1,OgreMain.dll,3,0.0219,13676,20.0
fourteam_postfix,12092,OgreMain.dll!?updatePoint@RotationalSpline@Ogre@@QAEXGABVQuaternion@2@@Z+0x9e40,OgreMain.dll,3,0.0219,13676,20.0
fourteam_postfix,12092,OgreMain.dll!?isShadowTechniqueModulative@SceneManager@Ogre@@UBE_NXZ+0x8,OgreMain.dll,3,0.0219,13676,20.0
fourteam_postfix,12092,OgreMain.dll!?getPassSurfaceAndLightStates@GpuProgram@Ogre@@UBE_NXZ+0x2,OgreMain.dll,3,0.0219,13676,20.0
fourteam_postfix,12092,OgreMain.dll!?_updateAutoParams@GpuProgramParameters@Ogre@@QAEXPBVAutoParamDataSource@2@G@Z+0x1f0c,OgreMain.dll,3,0.0219,13676,20.0
fourteam_postfix,12092,battlezone98redux.exe!sub_4eb7e0,battlezone98redux.exe,3,0.0219,13676,20.0
fourteam_postfix,12092,ntdll.dll!_ZwQueryInformationThread@20+0xc,ntdll.dll,3,0.0219,13676,20.0
fourteam_postfix,12092,OgreMain.dll!?_findNamedConstantDefinition@GpuProgramParameters@Ogre@@QBEPBUGpuConstantDefinition@2@ABV?$basic_string@DU?$char_traits@D@std@@V?$allocator@D@2@@std@@_N@Z+0xd2,OgreMain.dll,3,0.0219,13676,20.0
fourteam_postfix,12092,OgreMain.dll!?_writeRawConstant@GpuProgramParameters@Ogre@@QAEXIABVVector4@2@I@Z+0x8,OgreMain.dll,3,0.0219,13676,20.0
fourteam_postfix,12092,battlezone98redux.exe!Getal,battlezone98redux.exe,3,0.0219,13676,20.0
fourteam_postfix,12092,"WINMM.dll@6e990000!std::_Sort_unchecked<BZROpenShim::`anonymous namespace'::DynamicGeometryTopSample *,`BZROpenShim::A0xa90b081b::ReportDynamicGeometryContributors'::`2'::<lambda_1> >+0x10a",WINMM.dll@6e990000,3,0.0219,13676,20.0
fourteam_postfix,12092,OgreMain.dll!?updateGpuProgramParameters@SceneManager@Ogre@@MAEXPBVPass@2@@Z+0x92,OgreMain.dll,3,0.0219,13676,20.0
fourteam_postfix,12092,OgreMain.dll!?getAs4DVector@Light@Ogre@@QBE?AVVector4@2@_N@Z+0x70,OgreMain.dll,3,0.0219,13676,20.0
fourteam_postfix,12092,OgreMain.dll!?preRender@Renderable@Ogre@@UAE_NPAVSceneManager@2@PAVRenderSystem@2@@Z+0x2,OgreMain.dll,3,0.0219,13676,20.0
fourteam_postfix,12092,RenderSystem_Direct3D11.dll+0x3242,RenderSystem_Direct3D11.dll,3,0.0219,13676,20.0
fourteam_postfix,12092,battlezone98redux.exe!sub_4178a0,battlezone98redux.exe,3,0.0219,13676,20.0
fourteam_postfix,12092,RenderSystem_Direct3D11.dll!?getMonitorSequentialNumberFromSwapChain@MonitorInfo@Ogre@@QAEGPAUIDXGISwapChain@@_N@Z+0x2ecc,RenderSystem_Direct3D11.dll,3,0.0219,13676,20.0
fourteam_postfix,12092,OgreMain.dll!?isVisible@ShadowRenderable@Ogre@@UBE_NXZ+0x15f,OgreMain.dll,3,0.0219,13676,20.0
fourteam_postfix,12092,OgreMain.dll+0x29afa,OgreMain.dll,3,0.0219,13676,20.0
fourteam_postfix,12092,OgreMain.dll!?hasScale@Matrix4@Ogre@@QBE_NXZ+0x9c,OgreMain.dll,3,0.0219,13676,20.0
fourteam_postfix,12092,MSVCR120.dll!floor+0x2c,MSVCR120.dll,3,0.0219,13676,20.0
fourteam_postfix,12092,OgreMain.dll!?getLightAttenuation@AutoParamDataSource@Ogre@@UBE?AVVector4@2@I@Z+0x2f,OgreMain.dll,3,0.0219,13676,20.0
fourteam_postfix,12092,nvwgf2um.dll!OpenAdapter10+0x74e5c,nvwgf2um.dll,3,0.0219,13676,20.0
fourteam_postfix,12092,ntdll.dll!_RtlLeaveCriticalSection@4+0x2e,ntdll.dll,3,0.0219,13676,20.0
fourteam_postfix,12092,OgreMain.dll!?_issueRenderOp@SceneManager@Ogre@@UAEXPAVRenderable@2@PBVPass@2@@Z+0x76,OgreMain.dll,3,0.0219,13676,20.0
fourteam_postfix,12092,OgreMain.dll!?RealEqual@Math@Ogre@@SA_NMMM@Z+0x8,OgreMain.dll,3,0.0219,13676,20.0
fourteam_postfix,12092,OgreMain.dll!?getLightSpecularColourWithPower@AutoParamDataSource@Ogre@@UBE?BVColourValue@2@I@Z+0x3a,OgreMain.dll,3,0.0219,13676,20.0
fourteam_postfix,12092,d3d11.dll!CreateDirect3D11DeviceFromDXGIDevice+0x9aace,d3d11.dll,3,0.0219,13676,20.0
fourteam_postfix,12092,ntdll.dll!_LdrpFindLoadedDllByNameLockHeld@20+0x45,ntdll.dll,3,0.0219,13676,20.0
fourteam_postfix,12092,OgreMain.dll+0x19c45,OgreMain.dll,3,0.0219,13676,20.0
fourteam_postfix,12092,battlezone98redux.exe!sub_4db100,battlezone98redux.exe,3,0.0219,13676,20.0
fourteam_postfix,12092,battlezone98redux.exe!sub_832183,battlezone98redux.exe,3,0.0219,13676,20.0
fourteam_postfix,12092,OgreMain.dll!?determinant@Matrix4@Ogre@@QBEMXZ+0x1,OgreMain.dll,3,0.0219,13676,20.0
fourteam_postfix,12092,OgreMain.dll!??RlightLess@SceneManager@Ogre@@QBE_NPBVLight@2@0@Z+0x1,OgreMain.dll,3,0.0219,13676,20.0
fourteam_postfix,12092,d3d11.dll!CreateDirect3D11DeviceFromDXGIDevice+0xbc657,d3d11.dll,3,0.0219,13676,20.0
fourteam_postfix,12092,OgreMain.dll!?getLightDiffuseColourWithPower@AutoParamDataSource@Ogre@@UBE?BVColourValue@2@I@Z+0x51,OgreMain.dll,3,0.0219,13676,20.0
fourteam_postfix,12092,OgreMain.dll!?_populateLightList@SceneManager@Ogre@@UAEXABVVector3@2@MAAV?$HashedVector@PAVLight@Ogre@@@2@I@Z+0xb5,OgreMain.dll,3,0.0219,13676,20.0
fourteam_postfix,12092,OgreMain.dll!??4GpuSharedParametersUsage@Ogre@@QAEAAV01@ABV01@@Z+0x278c,OgreMain.dll,3,0.0219,13676,20.0
fourteam_postfix,12092,d3d11.dll+0x36f79,d3d11.dll,3,0.0219,13676,20.0
fourteam_postfix,12092,OgreMain.dll!?getViewMatrix@AutoParamDataSource@Ogre@@UBEABVMatrix4@2@XZ+0xf6,OgreMain.dll,3,0.0219,13676,20.0
fourteam_postfix,12092,d3d11.dll!CreateDirect3D11DeviceFromDXGIDevice+0x9ab2d,d3d11.dll,3,0.0219,13676,20.0
fourteam_postfix,12092,OgreMain.dll!?getIndex@DistanceLodStrategyBase@Ogre@@UBEGMABV?$vector@UMeshLodUsage@Ogre@@V?$STLAllocator@UMeshLodUsage@Ogre@@V?$CategorisedAllocPolicy@$0A@@2@@2@@std@@@Z+0xb,OgreMain.dll,3,0.0219,13676,20.0
fourteam_postfix,12092,RenderSystem_Direct3D11.dll!?bindGpuProgramParameters@D3D11RenderSystem@Ogre@@UAEXW4GpuProgramType@2@V?$SharedPtr@VGpuProgramParameters@Ogre@@@2@G@Z+0x187,RenderSystem_Direct3D11.dll,3,0.0219,13676,20.0
fourteam_postfix,12092,OgreMain.dll!?_getDelegate@UnifiedHighLevelGpuProgram@Ogre@@QBEABV?$SharedPtr@VHighLevelGpuProgram@Ogre@@@2@XZ+0x18,OgreMain.dll,3,0.0219,13676,20.0
fourteam_postfix,12092,OgreMain.dll!?_notifyCurrentCamera@MovableObject@Ogre@@UAEXPAVCamera@2@@Z+0x1f3,OgreMain.dll,3,0.0219,13676,20.0
fourteam_postfix,12092,OgreMain.dll!?getWorldViewProjMatrix@AutoParamDataSource@Ogre@@UBEABVMatrix4@2@XZ+0x20,OgreMain.dll,3,0.0219,13676,20.0
fourteam_postfix,12092,d3d11.dll!CreateDirect3D11DeviceFromDXGIDevice+0x603c0,d3d11.dll,3,0.0219,13676,20.0
fourteam_postfix,12092,RenderSystem_Direct3D11.dll!?uninstall@D3D11Plugin@Ogre@@UAEXXZ+0x6224,RenderSystem_Direct3D11.dll,3,0.0219,13676,20.0
fourteam_postfix,12092,d3d11.dll+0x30dcc,d3d11.dll,3,0.0219,13676,20.0
fourteam_postfix,12092,OgreMain.dll!?getValue@LodStrategy@Ogre@@QBEMPBVMovableObject@2@PBVCamera@2@@Z+0x18,OgreMain.dll,3,0.0219,13676,20.0
fourteam_postfix,12092,OgreMain.dll!?_writeRawConstant@GpuProgramParameters@Ogre@@QAEXIABVColourValue@2@I@Z+0x18,OgreMain.dll,3,0.0219,13676,20.0
fourteam_postfix,12092,MSVCR120.dll!free+0x1,MSVCR120.dll,3,0.0219,13676,20.0
fourteam_postfix,12092,OgreMain.dll!?_findVisibleObjects@SceneNode@Ogre@@UAEXPAVCamera@2@PAVRenderQueue@2@PAUVisibleObjectsBoundsInfo@2@_N33@Z+0x8b,OgreMain.dll,3,0.0219,13676,20.0
fourteam_postfix,12092,d3d11.dll!CreateDirect3D11DeviceFromDXGIDevice+0xa2142,d3d11.dll,3,0.0219,13676,20.0
fourteam_postfix,12092,battlezone98redux.exe!sub_44f020,battlezone98redux.exe,3,0.0219,13676,20.0
fourteam_postfix,12092,battlezone98redux.exe!sub_46b260,battlezone98redux.exe,3,0.0219,13676,20.0
fourteam_postfix,12092,RenderSystem_Direct3D11.dll!?_render@D3D11RenderSystem@Ogre@@UAEXABVRenderOperation@2@@Z+0x1961,RenderSystem_Direct3D11.dll,3,0.0219,13676,20.0
fourteam_postfix,12092,OgreMain.dll!?_detectImplementation@OptimisedUtil@Ogre@@KAPAV12@XZ+0x45e7,OgreMain.dll,3,0.0219,13676,20.0
fourteam_postfix,12092,OgreMain.dll!?setVisible@MovableObject@Ogre@@UAEX_N@Z+0x2c,OgreMain.dll,3,0.0219,13676,20.0
fourteam_postfix,12092,OgreMain.dll!?angleBetween@Vector3@Ogre@@QBE?AVRadian@2@ABV12@@Z+0x4d,OgreMain.dll,3,0.0219,13676,20.0
fourteam_postfix,12092,OgreMain.dll!?_updateAutoParams@GpuProgramParameters@Ogre@@QAEXPBVAutoParamDataSource@2@G@Z+0x1a7b,OgreMain.dll,3,0.0219,13676,20.0
fourteam_postfix,12092,RenderSystem_Direct3D11.dll!?_render@D3D11RenderSystem@Ogre@@UAEXABVRenderOperation@2@@Z+0x1295,RenderSystem_Direct3D11.dll,3,0.0219,13676,20.0
fourteam_postfix,12092,d3d11.dll+0x35ebb,d3d11.dll,3,0.0219,13676,20.0
fourteam_postfix,12092,battlezone98redux.exe!sub_4ea300,battlezone98redux.exe,3,0.0219,13676,20.0
fourteam_postfix,12092,RenderSystem_Direct3D11.dll!?lockImpl@D3D11HardwareBuffer@Ogre@@MAEPAXIIW4LockOptions@HardwareBuffer@2@@Z+0x48,RenderSystem_Direct3D11.dll,3,0.0219,13676,20.0
fourteam_postfix,12092,OgreMain.dll!?_notifyCurrentCamera@Entity@Ogre@@UAEXPAVCamera@2@@Z+0x45,OgreMain.dll,3,0.0219,13676,20.0
fourteam_postfix,12092,OgreMain.dll!?isViewOutOfDate@Camera@Ogre@@MBE_NXZ+0x1,OgreMain.dll,3,0.0219,13676,20.0
fourteam_postfix,12092,OgreMain.dll!?_updateAutoParams@GpuProgramParameters@Ogre@@QAEXPBVAutoParamDataSource@2@G@Z+0x1a7f,OgreMain.dll,3,0.0219,13676,20.0
fourteam_postfix,12092,OgreMain.dll!??4GpuSharedParametersUsage@Ogre@@QAEAAV01@ABV01@@Z+0x27bf,OgreMain.dll,3,0.0219,13676,20.0
fourteam_postfix,12092,OgreMain.dll!?addRenderable@RenderQueue@Ogre@@QAEXPAVRenderable@2@@Z+0x1,OgreMain.dll,3,0.0219,13676,20.0
fourteam_postfix,12092,OgreMain.dll+0x1372d,OgreMain.dll,3,0.0219,13676,20.0
fourteam_postfix,12092,OgreMain.dll!?clone@Animation@Ogre@@QBEPAV12@ABV?$basic_string@DU?$char_traits@D@std@@V?$allocator@D@2@@std@@@Z+0x2f4,OgreMain.dll,3,0.0219,13676,20.0
fourteam_postfix,12092,ntdll.dll!RtlDosApplyFileIsolationRedirection_Ustr+0x2af,ntdll.dll,3,0.0219,13676,20.0
fourteam_postfix,12092,nvwgf2um.dll!SetDependencyInfo+0x4c42d,nvwgf2um.dll,3,0.0219,13676,20.0
fourteam_postfix,12092,OgreMain.dll!?getSide@Plane@Ogre@@QBE?AW4Side@12@ABVVector3@2@0@Z+0x6f,OgreMain.dll,3,0.0219,13676,20.0
fourteam_postfix,12092,RenderSystem_Direct3D11.dll!?getConstantBuffer@D3D11HLSLProgram@Ogre@@QAEPAUID3D11Buffer@@V?$SharedPtr@VGpuProgramParameters@Ogre@@@2@G@Z+0x4d,RenderSystem_Direct3D11.dll,3,0.0219,13676,20.0
fourteam_postfix,12092,nvwgf2um.dll!OpenAdapter10+0x74f64,nvwgf2um.dll,3,0.0219,13676,20.0
fourteam_postfix,12092,battlezone98redux.exe!sub_438c10,battlezone98redux.exe,3,0.0219,13676,20.0
fourteam_postfix,12092,OgreMain.dll!?_updateAutoParams@GpuProgramParameters@Ogre@@QAEXPBVAutoParamDataSource@2@G@Z+0x1b46,OgreMain.dll,3,0.0219,13676,20.0
fourteam_postfix,12092,OgreMain.dll!?_writeRawConstants@GpuProgramParameters@Ogre@@QAEXIPBMI@Z,OgreMain.dll,3,0.0219,13676,20.0
fourteam_postfix,12092,OgreMain.dll!?_issueRenderOp@SceneManager@Ogre@@UAEXPAVRenderable@2@PBVPass@2@@Z+0x1a,OgreMain.dll,3,0.0219,13676,20.0
fourteam_postfix,12092,OgreMain.dll!?_getRenderOperation@SubMesh@Ogre@@QAEXAAVRenderOperation@2@G@Z+0x2c,OgreMain.dll,3,0.0219,13676,20.0
fourteam_postfix,12092,battlezone98redux.exe!sub_62c8f0,battlezone98redux.exe,3,0.0219,13676,20.0
fourteam_postfix,12092,RenderSystem_Direct3D11.dll!?_setTexture@D3D11RenderSystem@Ogre@@UAEXI_NABV?$SharedPtr@VTexture@Ogre@@@2@@Z+0x94,RenderSystem_Direct3D11.dll,3,0.0219,13676,20.0
fourteam_postfix,12092,MSVCR120.dll!floor+0x10,MSVCR120.dll,3,0.0219,13676,20.0
fourteam_postfix,12092,d3d11.dll!CreateDirect3D11DeviceFromDXGIDevice+0x9f8ca,d3d11.dll,3,0.0219,13676,20.0
fourteam_postfix,12092,RenderSystem_Direct3D11.dll!?getConstantBuffer@D3D11HLSLProgram@Ogre@@QAEPAUID3D11Buffer@@V?$SharedPtr@VGpuProgramParameters@Ogre@@@2@G@Z+0x48,RenderSystem_Direct3D11.dll,3,0.0219,13676,20.0
fourteam_postfix,12092,OgreMain.dll!?isVisible@Frustum@Ogre@@UBE_NABVAxisAlignedBox@2@PAW4FrustumPlane@2@@Z+0xa9,OgreMain.dll,3,0.0219,13676,20.0
fourteam_postfix,12092,OgreMain.dll!?_getCurrentSceneManager@Root@Ogre@@QBEPAVSceneManager@2@XZ+0x4d,OgreMain.dll,3,0.0219,13676,20.0
fourteam_postfix,12092,OgreMain.dll!?addRenderable@RenderPriorityGroup@Ogre@@QAEXPAVRenderable@2@PAVTechnique@2@@Z+0xb5,OgreMain.dll,3,0.0219,13676,20.0
fourteam_postfix,12092,battlezone98redux.exe!sub_679bc0,battlezone98redux.exe,3,0.0219,13676,20.0
fourteam_postfix,12092,OgreMain.dll!?isFloat@GpuConstantDefinition@Ogre@@SA_NW4GpuConstantType@2@@Z+0x7,OgreMain.dll,3,0.0219,13676,20.0
fourteam_postfix,12092,OgreMain.dll+0x2f8e2,OgreMain.dll,3,0.0219,13676,20.0
fourteam_postfix,12092,OgreMain.dll!?isHardwareAnimationEnabled@Entity@Ogre@@QAE_NXZ+0x1a,OgreMain.dll,3,0.0219,13676,20.0
fourteam_postfix,12092,OgreMain.dll!?_detectImplementation@OptimisedUtil@Ogre@@KAPAV12@XZ+0x45be,OgreMain.dll,3,0.0219,13676,20.0
fourteam_postfix,12092,OgreMain.dll!?addRenderable@RenderPriorityGroup@Ogre@@QAEXPAVRenderable@2@PAVTechnique@2@@Z+0x7,OgreMain.dll,3,0.0219,13676,20.0
fourteam_postfix,12092,OgreMain.dll!?hasScale@Matrix4@Ogre@@QBE_NXZ+0x38,OgreMain.dll,3,0.0219,13676,20.0
fourteam_postfix,12092,OgreMain.dll!?getWorldViewMatrix@AutoParamDataSource@Ogre@@UBEABVMatrix4@2@XZ+0x1e,OgreMain.dll,3,0.0219,13676,20.0
fourteam_postfix,12092,d3d11.dll+0x2b4d8,d3d11.dll,3,0.0219,13676,20.0
fourteam_postfix,12092,OgreMain.dll!?touch@Resource@Ogre@@UAEXXZ+0x1,OgreMain.dll,3,0.0219,13676,20.0
fourteam_postfix,12092,d3d11.dll!CreateDirect3D11DeviceFromDXGIDevice+0xa204b,d3d11.dll,3,0.0219,13676,20.0
fourteam_postfix,12092,OgreMain.dll!?getSpotlightParams@AutoParamDataSource@Ogre@@UBE?AVVector4@2@I@Z,OgreMain.dll,3,0.0219,13676,20.0
fourteam_postfix,12092,MSVCR120.dll!_memccpy+0xbc,MSVCR120.dll,3,0.0219,13676,20.0
fourteam_postfix,12092,OgreMain.dll!?_issueRenderOp@SceneManager@Ogre@@UAEXPAVRenderable@2@PBVPass@2@@Z+0x73,OgreMain.dll,3,0.0219,13676,20.0
fourteam_postfix,12092,battlezone98redux.exe!sub_4b9830,battlezone98redux.exe,3,0.0219,13676,20.0
fourteam_postfix,12092,OgreMain.dll!??RlightLess@SceneManager@Ogre@@QBE_NPBVLight@2@0@Z+0x11,OgreMain.dll,3,0.0219,13676,20.0
fourteam_postfix,12092,OgreMain.dll+0x1b79d,OgreMain.dll,3,0.0219,13676,20.0
fourteam_postfix,12092,OgreMain.dll+0x6be5,OgreMain.dll,3,0.0219,13676,20.0
fourteam_postfix,12092,battlezone98redux.exe!sub_4498d0,battlezone98redux.exe,3,0.0219,13676,20.0
fourteam_postfix,12092,nvwgf2um.dll!SetDependencyInfo+0x4b369,nvwgf2um.dll,3,0.0219,13676,20.0
fourteam_postfix,12092,OgreMain.dll!?getDistance@Plane@Ogre@@QBEMABVVector3@2@@Z+0x2a,OgreMain.dll,3,0.0219,13676,20.0
fourteam_postfix,12092,OgreMain.dll!?normalise@Vector3@Ogre@@QAEMXZ+0x1c,OgreMain.dll,3,0.0219,13676,20.0
fourteam_postfix,12092,OgreMain.dll!?_issueRenderOp@SceneManager@Ogre@@UAEXPAVRenderable@2@PBVPass@2@@Z+0x1,OgreMain.dll,3,0.0219,13676,20.0
fourteam_postfix,12092,KERNEL32.DLL!HeapFree+0x2,KERNEL32.DLL,3,0.0219,13676,20.0
fourteam_postfix,12092,OgreMain.dll!?clone@Animation@Ogre@@QBEPAV12@ABV?$basic_string@DU?$char_traits@D@std@@V?$allocator@D@2@@std@@@Z+0x299,OgreMain.dll,3,0.0219,13676,20.0
fourteam_postfix,12092,RenderSystem_Direct3D11.dll!?unlock@D3D11HardwareUniformBuffer@Ogre@@UAEXXZ,RenderSystem_Direct3D11.dll,3,0.0219,13676,20.0
fourteam_postfix,12092,RenderSystem_Direct3D11.dll!?bindGpuProgramParameters@D3D11RenderSystem@Ogre@@UAEXW4GpuProgramType@2@V?$SharedPtr@VGpuProgramParameters@Ogre@@@2@G@Z,RenderSystem_Direct3D11.dll,3,0.0219,13676,20.0
fourteam_postfix,12092,OgreMain.dll!?getVertexProgram@Pass@Ogre@@QBEABV?$SharedPtr@VGpuProgram@Ogre@@@2@XZ+0xc,OgreMain.dll,3,0.0219,13676,20.0
fourteam_postfix,12092,OgreMain.dll+0x1a744,OgreMain.dll,3,0.0219,13676,20.0
fourteam_postfix,12092,battlezone98redux.exe!sub_681a00,battlezone98redux.exe,3,0.0219,13676,20.0
fourteam_postfix,12092,d3d11.dll!CreateDirect3D11DeviceFromDXGIDevice+0x9aae0,d3d11.dll,3,0.0219,13676,20.0
fourteam_postfix,12092,OgreMain.dll!?setVisible@MovableObject@Ogre@@UAEX_N@Z+0x1e,OgreMain.dll,3,0.0219,13676,20.0
fourteam_postfix,12092,d3d11.dll!CreateDirect3D11DeviceFromDXGIDevice+0x9ab3f,d3d11.dll,3,0.0219,13676,20.0
fourteam_postfix,12092,d3d11.dll!CreateDirect3D11DeviceFromDXGIDevice+0x9f991,d3d11.dll,3,0.0219,13676,20.0
fourteam_postfix,12092,RenderSystem_Direct3D11.dll!?setVertexBufferBinding@D3D11RenderSystem@Ogre@@UAEXPAVVertexBufferBinding@2@@Z+0x8f,RenderSystem_Direct3D11.dll,3,0.0219,13676,20.0
fourteam_postfix,12092,nvwgf2um.dll!SetDependencyInfo+0x4b318,nvwgf2um.dll,3,0.0219,13676,20.0
fourteam_postfix,12092,OgreMain.dll!??RlightsForShadowTextureLess@SceneManager@Ogre@@QBE_NPBVLight@2@0@Z+0x7,OgreMain.dll,3,0.0219,13676,20.0
fourteam_postfix,12092,MSVCR120.dll!__libm_sse2_acosf+0x231,MSVCR120.dll,3,0.0219,13676,20.0
fourteam_postfix,12092,KERNEL32.DLL!GetLastError,KERNEL32.DLL,3,0.0219,13676,20.0
fourteam_postfix,12092,OgreMain.dll!?isVisible@Frustum@Ogre@@UBE_NABVAxisAlignedBox@2@PAW4FrustumPlane@2@@Z+0xb3,OgreMain.dll,3,0.0219,13676,20.0
fourteam_postfix,12092,ucrtbase.dll!_tolower+0x11,ucrtbase.dll,3,0.0219,13676,20.0
fourteam_postfix,12092,OgreMain.dll!?lock@HardwareBuffer@Ogre@@QAEPAXW4LockOptions@12@W4UploadOptions@12@@Z+0x8,OgreMain.dll,3,0.0219,13676,20.0
fourteam_postfix,12092,OgreMain.dll!?_findNamedConstantDefinition@GpuProgramParameters@Ogre@@QBEPBUGpuConstantDefinition@2@ABV?$basic_string@DU?$char_traits@D@std@@V?$allocator@D@2@@std@@_N@Z+0x1b4,OgreMain.dll,3,0.0219,13676,20.0
fourteam_postfix,12092,d3d11.dll!CreateDirect3D11DeviceFromDXGIDevice+0xa56d2,d3d11.dll,3,0.0219,13676,20.0
fourteam_postfix,12092,MSVCR120.dll!__libm_sse2_asinf+0x210,MSVCR120.dll,3,0.0219,13676,20.0
fourteam_postfix,12092,OgreMain.dll!?buffersCheckedOut@TempBlendedBufferInfo@Ogre@@QBE_N_N0@Z+0x32,OgreMain.dll,3,0.0219,13676,20.0
fourteam_postfix,12092,OgreMain.dll!?getLightDirection@AutoParamDataSource@Ogre@@UBEABVVector3@2@I@Z+0xd,OgreMain.dll,3,0.0219,13676,20.0
fourteam_postfix,12092,d3d11.dll!CreateDirect3D11DeviceFromDXGIDevice+0xa461e,d3d11.dll,3,0.0219,13676,20.0
fourteam_postfix,12092,OgreMain.dll!??4GpuSharedParametersUsage@Ogre@@QAEAAV01@ABV01@@Z+0x27a0,OgreMain.dll,3,0.0219,13676,20.0
fourteam_postfix,12092,d3d11.dll!CreateDirect3D11DeviceFromDXGIDevice+0x9f1f0,d3d11.dll,3,0.0219,13676,20.0
fourteam_postfix,12092,MSVCR120.dll!__libm_sse2_asinf+0xd8,MSVCR120.dll,3,0.0219,13676,20.0
fourteam_postfix,12092,OgreMain.dll!?updateFromParentImpl@SceneNode@Ogre@@MBEXXZ+0x11,OgreMain.dll,3,0.0219,13676,20.0
fourteam_postfix,12092,OgreMain.dll!?getLightDiffuseColourWithPower@AutoParamDataSource@Ogre@@UBE?BVColourValue@2@I@Z+0xd,OgreMain.dll,3,0.0219,13676,20.0
fourteam_postfix,12092,d3d11.dll+0x2b4d4,d3d11.dll,3,0.0219,13676,20.0
fourteam_postfix,12092,d3d11.dll!CreateDirect3D11DeviceFromDXGIDevice+0x9e040,d3d11.dll,3,0.0219,13676,20.0
fourteam_postfix,12092,OgreMain.dll!??4GpuSharedParametersUsage@Ogre@@QAEAAV01@ABV01@@Z+0x27a9,OgreMain.dll,3,0.0219,13676,20.0
fourteam_postfix,12092,battlezone98redux.exe!sub_48efc0,battlezone98redux.exe,3,0.0219,13676,20.0
fourteam_postfix,12092,OgreMain.dll!??4GpuSharedParametersUsage@Ogre@@QAEAAV01@ABV01@@Z+0x2714,OgreMain.dll,3,0.0219,13676,20.0
fourteam_postfix,12092,RenderSystem_Direct3D11.dll!?getConstantBuffer@D3D11HLSLProgram@Ogre@@QAEPAUID3D11Buffer@@V?$SharedPtr@VGpuProgramParameters@Ogre@@@2@G@Z+0x141,RenderSystem_Direct3D11.dll,3,0.0219,13676,20.0
fourteam_postfix,12092,OgreMain.dll!?FastHash@Ogre@@YAIPBDHI@Z+0xc9,OgreMain.dll,3,0.0219,13676,20.0
fourteam_postfix,12092,RenderSystem_Direct3D11.dll+0x6582,RenderSystem_Direct3D11.dll,3,0.0219,13676,20.0
fourteam_postfix,12092,d3d11.dll!CreateDirect3D11DeviceFromDXGIDevice+0x9aca3,d3d11.dll,3,0.0219,13676,20.0
fourteam_postfix,12092,OgreMain.dll!?touch@Resource@Ogre@@UAEXXZ+0x17,OgreMain.dll,3,0.0219,13676,20.0
fourteam_postfix,12092,OgreMain.dll!?_updateAutoParams@GpuProgramParameters@Ogre@@QAEXPBVAutoParamDataSource@2@G@Z+0x1af2,OgreMain.dll,3,0.0219,13676,20.0
fourteam_postfix,12092,nvwgf2um.dll!OpenAdapter10+0x7208e,nvwgf2um.dll,3,0.0219,13676,20.0
fourteam_postfix,12092,MSVCR120.dll!__libm_sse2_acosf+0x202,MSVCR120.dll,3,0.0219,13676,20.0
fourteam_postfix,12092,OgreMain.dll!?isVisible@Frustum@Ogre@@UBE_NABVAxisAlignedBox@2@PAW4FrustumPlane@2@@Z+0x44,OgreMain.dll,3,0.0219,13676,20.0
fourteam_postfix,12092,OgreMain.dll!??4GpuSharedParametersUsage@Ogre@@QAEAAV01@ABV01@@Z+0x2735,OgreMain.dll,3,0.0219,13676,20.0
fourteam_postfix,12092,ntdll.dll!_ZwOpenFile@24+0xc,ntdll.dll,3,0.0219,13676,20.0
fourteam_postfix,12092,OgreMain.dll!?ACos@Math@Ogre@@SA?AVRadian@2@M@Z,OgreMain.dll,3,0.0219,13676,20.0
fourteam_postfix,12092,OgreMain.dll!?getLightAttenuation@AutoParamDataSource@Ogre@@UBE?AVVector4@2@I@Z+0xf,OgreMain.dll,3,0.0219,13676,20.0
fourteam_postfix,12092,OgreMain.dll!?isInLightRange@Light@Ogre@@QBE_NABVSphere@2@@Z+0x176,OgreMain.dll,3,0.0219,13676,20.0
fourteam_postfix,12092,d3d11.dll+0x2b4f7,d3d11.dll,3,0.0219,13676,20.0
fourteam_postfix,12092,OgreMain.dll!?_detectImplementation@OptimisedUtil@Ogre@@KAPAV12@XZ+0x4630,OgreMain.dll,3,0.0219,13676,20.0
fourteam_postfix,12092,OgreMain.dll!?_updateBounds@SceneNode@Ogre@@UAEXXZ+0x29d,OgreMain.dll,3,0.0219,13676,20.0
fourteam_postfix,12092,d3d11.dll+0x30df6,d3d11.dll,3,0.0219,13676,20.0
fourteam_postfix,12092,d3d11.dll+0x35ec1,d3d11.dll,3,0.0219,13676,20.0
fourteam_postfix,12092,battlezone98redux.exe!sub_421ec0,battlezone98redux.exe,3,0.0219,13676,20.0
fourteam_postfix,12092,d3d11.dll!CreateDirect3D11DeviceFromDXGIDevice+0x9f8b6,d3d11.dll,3,0.0219,13676,20.0
fourteam_postfix,12092,OgreMain.dll!??4GpuSharedParametersUsage@Ogre@@QAEAAV01@ABV01@@Z+0x279e,OgreMain.dll,3,0.0219,13676,20.0
fourteam_postfix,12092,OgreMain.dll!?getRenderSystem@Root@Ogre@@QAEPAVRenderSystem@2@XZ,OgreMain.dll,3,0.0219,13676,20.0
fourteam_postfix,12092,OgreMain.dll!?getBestTechnique@Material@Ogre@@QAEPAVTechnique@2@GPBVRenderable@2@@Z+0xf,OgreMain.dll,3,0.0219,13676,20.0
fourteam_postfix,12092,OgreMain.dll!?clone@Animation@Ogre@@QBEPAV12@ABV?$basic_string@DU?$char_traits@D@std@@V?$allocator@D@2@@std@@@Z+0x2e4,OgreMain.dll,3,0.0219,13676,20.0
fourteam_postfix,12092,RenderSystem_Direct3D11.dll!?getMonitorSequentialNumberFromSwapChain@MonitorInfo@Ogre@@QAEGPAUIDXGISwapChain@@_N@Z+0xf44,RenderSystem_Direct3D11.dll,3,0.0219,13676,20.0
fourteam_postfix,12092,OgreMain.dll!?_issueRenderOp@SceneManager@Ogre@@UAEXPAVRenderable@2@PBVPass@2@@Z+0xb,OgreMain.dll,3,0.0219,13676,20.0
fourteam_postfix,12092,OgreMain.dll!?angleBetween@Vector3@Ogre@@QBE?AVRadian@2@ABV12@@Z+0x45,OgreMain.dll,3,0.0219,13676,20.0
fourteam_postfix,12092,OgreMain.dll!?normalise@Vector3@Ogre@@QAEMXZ+0x10,OgreMain.dll,3,0.0219,13676,20.0
fourteam_postfix,12092,OgreMain.dll!?getValue@LodStrategy@Ogre@@QBEMPBVMovableObject@2@PBVCamera@2@@Z+0x1a,OgreMain.dll,3,0.0219,13676,20.0
fourteam_postfix,12092,OgreMain.dll+0x4223,OgreMain.dll,3,0.0219,13676,20.0
fourteam_postfix,12092,OgreMain.dll!??DMatrix3@Ogre@@QBE?AVVector3@1@ABV21@@Z+0x68,OgreMain.dll,3,0.0219,13676,20.0
fourteam_postfix,12092,OgreMain.dll!?addRenderable@RenderQueue@Ogre@@QAEXPAVRenderable@2@EG@Z+0x40,OgreMain.dll,3,0.0219,13676,20.0
fourteam_postfix,12092,OgreMain.dll!?updateGpuProgramParameters@SceneManager@Ogre@@MAEXPBVPass@2@@Z+0x8b,OgreMain.dll,3,0.0219,13676,20.0
fourteam_postfix,12092,nvwgf2um.dll!OpenAdapter10+0x72c24,nvwgf2um.dll,3,0.0219,13676,20.0
fourteam_postfix,12092,d3d11.dll+0x2b4eb,d3d11.dll,3,0.0219,13676,20.0
fourteam_postfix,12092,ntdll.dll!_ZwQueryInformationProcess@20+0x26,ntdll.dll,3,0.0219,13676,20.0
fourteam_postfix,12092,OgreMain.dll!??4GpuSharedParametersUsage@Ogre@@QAEAAV01@ABV01@@Z+0x27a4,OgreMain.dll,3,0.0219,13676,20.0
fourteam_postfix,12092,OgreMain.dll!??1QueuedRenderableCollection@Ogre@@QAE@XZ+0xb2a,OgreMain.dll,3,0.0219,13676,20.0
fourteam_postfix,12092,OgreMain.dll+0x7e50,OgreMain.dll,3,0.0219,13676,20.0
fourteam_postfix,12092,RenderSystem_Direct3D11.dll!?getConstantBuffer@D3D11HLSLProgram@Ogre@@QAEPAUID3D11Buffer@@V?$SharedPtr@VGpuProgramParameters@Ogre@@@2@G@Z+0x4a,RenderSystem_Direct3D11.dll,3,0.0219,13676,20.0
fourteam_postfix,12092,OgreMain.dll!?isInLightRange@Light@Ogre@@QBE_NABVSphere@2@@Z+0x10f,OgreMain.dll,3,0.0219,13676,20.0
fourteam_postfix,12092,OgreMain.dll!?merge@VisibleObjectsBoundsInfo@Ogre@@QAEXABVAxisAlignedBox@2@ABVSphere@2@PBVCamera@2@_N@Z+0x13a,OgreMain.dll,3,0.0219,13676,20.0
fourteam_postfix,12092,OgreMain.dll!?getChildObjectsBoundingBox@Entity@Ogre@@QBE?AVAxisAlignedBox@2@XZ+0x1b,OgreMain.dll,3,0.0219,13676,20.0
fourteam_postfix,12092,OgreMain.dll!?getTransparentSortingForced@Pass@Ogre@@QBE_NXZ,OgreMain.dll,3,0.0219,13676,20.0
fourteam_postfix,12092,OgreMain.dll!?_updateAutoParams@GpuProgramParameters@Ogre@@QAEXPBVAutoParamDataSource@2@G@Z+0x1c2f,OgreMain.dll,3,0.0219,13676,20.0
fourteam_postfix,12092,ntdll.dll!__woutput_l+0x8a1,ntdll.dll,3,0.0219,13676,20.0
fourteam_postfix,12092,OgreMain.dll!?isInLightRange@Light@Ogre@@QBE_NABVSphere@2@@Z+0x14c,OgreMain.dll,3,0.0219,13676,20.0
fourteam_postfix,12092,OgreMain.dll!??1QueuedRenderableCollection@Ogre@@QAE@XZ+0xb16,OgreMain.dll,3,0.0219,13676,20.0
fourteam_postfix,12092,OgreMain.dll!?determinant@Matrix4@Ogre@@QBEMXZ+0xc3,OgreMain.dll,3,0.0219,13676,20.0
fourteam_postfix,12092,OgreMain.dll!?getFarClipDistance@Camera@Ogre@@UBEMXZ+0x2,OgreMain.dll,3,0.0219,13676,20.0
fourteam_postfix,12092,OgreMain.dll!?_writeRawConstant@GpuProgramParameters@Ogre@@QAEXIABVColourValue@2@I@Z+0x27,OgreMain.dll,3,0.0219,13676,20.0
fourteam_postfix,12092,OgreMain.dll!?getViewMatrix@Frustum@Ogre@@UBEABVMatrix4@2@XZ+0x1,OgreMain.dll,3,0.0219,13676,20.0
fourteam_postfix,12092,d3d11.dll!CreateDirect3D11DeviceFromDXGIDevice+0xbae4e,d3d11.dll,3,0.0219,13676,20.0
fourteam_postfix,12092,OgreMain.dll!?getSpotlightParams@AutoParamDataSource@Ogre@@UBE?AVVector4@2@I@Z+0x11,OgreMain.dll,3,0.0219,13676,20.0
fourteam_postfix,12092,OgreMain.dll!?fireRenderSingleObject@SceneManager@Ogre@@MAEXPAVRenderable@2@PBVPass@2@PBVAutoParamDataSource@2@PBV?$HashedVector@PAVLight@Ogre@@@2@_N@Z+0x25,OgreMain.dll,3,0.0219,13676,20.0
fourteam_postfix,12092,d3d11.dll!CreateDirect3D11DeviceFromDXGIDevice+0xa2020,d3d11.dll,3,0.0219,13676,20.0
fourteam_postfix,12092,RenderSystem_Direct3D11.dll!?getConstantBuffer@D3D11HLSLProgram@Ogre@@QAEPAUID3D11Buffer@@V?$SharedPtr@VGpuProgramParameters@Ogre@@@2@G@Z+0xf0,RenderSystem_Direct3D11.dll,3,0.0219,13676,20.0
fourteam_postfix,12092,OgreMain.dll+0x3365e,OgreMain.dll,3,0.0219,13676,20.0
fourteam_postfix,12092,OgreMain.dll!?clone@Animation@Ogre@@QBEPAV12@ABV?$basic_string@DU?$char_traits@D@std@@V?$allocator@D@2@@std@@@Z+0x243,OgreMain.dll,3,0.0219,13676,20.0
fourteam_postfix,12092,OgreMain.dll!?_writeRawConstants@GpuProgramParameters@Ogre@@QAEXIPBMI@Z+0x1f,OgreMain.dll,3,0.0219,13676,20.0
fourteam_postfix,12092,OgreMain.dll!?_findNamedConstantDefinition@GpuProgramParameters@Ogre@@QBEPBUGpuConstantDefinition@2@ABV?$basic_string@DU?$char_traits@D@std@@V?$allocator@D@2@@std@@_N@Z,OgreMain.dll,3,0.0219,13676,20.0
fourteam_postfix,12092,OgreMain.dll!?isViewOutOfDate@Camera@Ogre@@MBE_NXZ+0x18d,OgreMain.dll,3,0.0219,13676,20.0
fourteam_postfix,12092,OgreMain.dll!?_writeRawConstant@GpuProgramParameters@Ogre@@QAEXIABVVector4@2@I@Z+0x1a,OgreMain.dll,3,0.0219,13676,20.0
fourteam_postfix,12092,MSVCR120.dll!__libm_sse2_acosf+0x1da,MSVCR120.dll,3,0.0219,13676,20.0
