label,thread,symbol,inclusive_samples,inclusive_percent,total_samples,window_seconds
fourteam_prefix,36068,battlezone98redux.exe!sub_618270,12552,99.7695,12581,19.999
fourteam_prefix,36068,battlezone98redux.exe!sub_618a40,12551,99.7615,12581,19.999
fourteam_prefix,36068,battlezone98redux.exe!sub_618ff0,12549,99.7456,12581,19.999
fourteam_prefix,36068,battlezone98redux.exe!sub_619fc0,12549,99.7456,12581,19.999
fourteam_prefix,36068,battlezone98redux.exe!sub_618b10,12548,99.7377,12581,19.999
fourteam_prefix,36068,battlezone98redux.exe!entry,12536,99.6423,12581,19.999
fourteam_prefix,36068,battlezone98redux.exe!sub_618130,12532,99.6105,12581,19.999
fourteam_prefix,36068,KERNEL32.DLL!BaseThreadInitThunk+0x19,12530,99.5946,12581,19.999
fourteam_prefix,36068,ntdll.dll!___RtlUserThreadStart@8+0x2b,12527,99.5708,12581,19.999
fourteam_prefix,36068,ntdll.dll!__RtlUserThreadStart@8+0x1b,12495,99.3164,12581,19.999
fourteam_prefix,36068,OgreMain.dll!?renderOneFrame@Root@Ogre@@QAE_NXZ+0x17,8907,70.7972,12581,19.999
fourteam_prefix,36068,RenderSystem_Direct3D11.dll!?_updateAllRenderTargets@D3D11RenderSystem@Ogre@@UAEX_N@Z+0x3e,8538,67.8642,12581,19.999
fourteam_prefix,36068,OgreMain.dll!?_updateAllRenderTargets@Root@Ogre@@QAE_NXZ+0x17,8537,67.8563,12581,19.999
fourteam_prefix,36068,OgreMain.dll!?_updateAllRenderTargets@RenderSystem@Ogre@@UAEX_N@Z+0x3d,8536,67.8483,12581,19.999
fourteam_prefix,36068,OgreMain.dll!?updateImpl@RenderTarget@Ogre@@MAEXXZ+0x17,8492,67.4986,12581,19.999
fourteam_prefix,36068,OgreMain.dll!?_updateAutoUpdatedViewports@RenderTarget@Ogre@@UAEX_N@Z+0x30,8491,67.4907,12581,19.999
fourteam_prefix,36068,OgreMain.dll!?update@Viewport@Ogre@@QAEXXZ+0x23,8473,67.3476,12581,19.999
fourteam_prefix,36068,OgreMain.dll!?_renderScene@Camera@Ogre@@QAEXPAVViewport@2@_N@Z+0xf3,8453,67.1886,12581,19.999
fourteam_prefix,36068,OgreMain.dll!?updateImpl@RenderTarget@Ogre@@MAEXXZ+0xb,8126,64.5895,12581,19.999
fourteam_prefix,36068,OgreMain.dll!?_beginUpdate@RenderTarget@Ogre@@UAEXXZ+0xb,8124,64.5736,12581,19.999
fourteam_prefix,36068,OgreMain.dll!?preRenderTargetUpdate@CompositorChain@Ogre@@UAEXABURenderTargetEvent@2@@Z+0x6c,8117,64.5179,12581,19.999
fourteam_prefix,36068,OgreMain.dll!?_renderScene@SceneManager@Ogre@@UAEXPAVCamera@2@PAVViewport@2@_N@Z+0x5c0,5905,46.9359,12581,19.999
fourteam_prefix,36068,OgreMain.dll!?renderVisibleObjectsDefaultSequence@SceneManager@Ogre@@MAEXXZ+0xd0,5611,44.599,12581,19.999
fourteam_prefix,36068,OgreMain.dll!?renderObjects@SceneManager@Ogre@@MAEXABVQueuedRenderableCollection@2@W4OrganisationMode@32@_N2PBV?$HashedVector@PAVLight@Ogre@@@2@@Z+0x45,5593,44.4559,12581,19.999
fourteam_prefix,36068,OgreMain.dll!?acceptVisitor@QueuedRenderableCollection@Ogre@@QBEXPAVQueuedRenderableVisitor@2@W4OrganisationMode@12@@Z+0xf6,5311,42.2145,12581,19.999
fourteam_prefix,36068,OgreMain.dll!?acceptVisitorGrouped@QueuedRenderableCollection@Ogre@@IBEXPAVQueuedRenderableVisitor@2@@Z+0x6a,5185,41.2129,12581,19.999
fourteam_prefix,36068,OgreMain.dll!?visit@SceneMgrQueuedRenderableVisitor@SceneManager@Ogre@@UAEXPAVRenderable@3@@Z+0x35,5158,40.9983,12581,19.999
fourteam_prefix,36068,OgreMain.dll!?_renderQueueGroupObjects@SceneManager@Ogre@@UAEXPAVRenderQueueGroup@2@W4OrganisationMode@QueuedRenderableCollection@2@@Z+0x111,3900,30.9991,12581,19.999
fourteam_prefix,36068,OgreMain.dll!?renderBasicQueueGroupObjects@SceneManager@Ogre@@MAEXPAVRenderQueueGroup@2@W4OrganisationMode@QueuedRenderableCollection@2@@Z+0x8c,3612,28.71,12581,19.999
fourteam_prefix,36068,OgreMain.dll!?_renderScene@SceneManager@Ogre@@UAEXPAVCamera@2@PAVViewport@2@_N@Z+0x246,2652,21.0794,12581,19.999
fourteam_prefix,36068,OgreMain.dll!?renderSingleObject@SceneManager@Ogre@@MAEXPAVRenderable@2@PBVPass@2@_N2PBV?$HashedVector@PAVLight@Ogre@@@2@@Z+0x9a0,2557,20.3243,12581,19.999
fourteam_prefix,36068,OgreMain.dll!?prepareShadowTextures@SceneManager@Ogre@@UAEXPAVCamera@2@PAVViewport@2@PBV?$HashedVector@PAVLight@Ogre@@@2@@Z+0x39f,2543,20.213,12581,19.999
fourteam_prefix,36068,OgreMain.dll!?_issueRenderOp@SceneManager@Ogre@@UAEXPAVRenderable@2@PBVPass@2@@Z+0x30,2420,19.2354,12581,19.999
fourteam_prefix,36068,OgreMain.dll!?_renderScene@SceneManager@Ogre@@UAEXPAVCamera@2@PAVViewport@2@_N@Z+0x3cb,2071,16.4613,12581,19.999
fourteam_prefix,36068,OgreMain.dll!?_findVisibleObjects@SceneManager@Ogre@@UAEXPAVCamera@2@PAUVisibleObjectsBoundsInfo@2@_N@Z+0x3a,2070,16.4534,12581,19.999
fourteam_prefix,36068,OgreMain.dll!?_findVisibleObjects@SceneNode@Ogre@@UAEXPAVCamera@2@PAVRenderQueue@2@PAUVisibleObjectsBoundsInfo@2@_N33@Z+0x89,1995,15.8572,12581,19.999
fourteam_prefix,36068,battlezone98redux.exe!sub_6175c0,1809,14.3788,12581,19.999
fourteam_prefix,36068,battlezone98redux.exe!sub_6176a0,1808,14.3709,12581,19.999
fourteam_prefix,36068,OgreMain.dll!?_findVisibleObjects@SceneNode@Ogre@@UAEXPAVCamera@2@PAVRenderQueue@2@PAUVisibleObjectsBoundsInfo@2@_N33@Z+0x51,1796,14.2755,12581,19.999
fourteam_prefix,36068,OgreMain.dll!?_renderQueueGroupObjects@SceneManager@Ogre@@UAEXPAVRenderQueueGroup@2@W4OrganisationMode@QueuedRenderableCollection@2@@Z+0xb6,1710,13.5919,12581,19.999
fourteam_prefix,36068,WINMM.dll@6dfa0000!BZROpenShim::`anonymous namespace'::ProcessVisibleObjectHook+0x170,1702,13.5283,12581,19.999
fourteam_prefix,36068,OgreMain.dll!?renderTextureShadowCasterQueueGroupObjects@SceneManager@Ogre@@MAEXPAVRenderQueueGroup@2@W4OrganisationMode@QueuedRenderableCollection@2@@Z+0x124,1700,13.5124,12581,19.999
fourteam_prefix,36068,battlezone98redux.exe!sub_617600,1692,13.4489,12581,19.999
fourteam_prefix,36068,battlezone98redux.exe!sub_4b6f10,1676,13.3217,12581,19.999
fourteam_prefix,36068,battlezone98redux.exe!sub_4b6db0,1675,13.3137,12581,19.999
fourteam_prefix,36068,OgreMain.dll!?_issueRenderOp@SceneManager@Ogre@@UAEXPAVRenderable@2@PBVPass@2@@Z+0x73,1538,12.2248,12581,19.999
fourteam_prefix,36068,OgreMain.dll!?renderSingleObject@SceneManager@Ogre@@MAEXPAVRenderable@2@PBVPass@2@_N2PBV?$HashedVector@PAVLight@Ogre@@@2@@Z+0xaf4,1492,11.8592,12581,19.999
fourteam_prefix,36068,OgreMain.dll!?processVisibleObject@RenderQueue@Ogre@@QAEXPAVMovableObject@2@PAVCamera@2@_NPAUVisibleObjectsBoundsInfo@2@@Z+0xb0,1242,9.872,12581,19.999
fourteam_prefix,36068,battlezone98redux.exe!sub_493ec0,1064,8.4572,12581,19.999
fourteam_prefix,36068,OgreMain.dll!?updateGpuProgramParameters@SceneManager@Ogre@@MAEXPBVPass@2@@Z+0x62,937,7.4477,12581,19.999
fourteam_prefix,36068,OgreMain.dll!?renderSingleObject@SceneManager@Ogre@@MAEXPAVRenderable@2@PBVPass@2@_N2PBV?$HashedVector@PAVLight@Ogre@@@2@@Z+0x322,896,7.1219,12581,19.999
fourteam_prefix,36068,OgreMain.dll!?queryLights@MovableObject@Ogre@@UBEABV?$HashedVector@PAVLight@Ogre@@@2@XZ+0xc4,892,7.0901,12581,19.999
fourteam_prefix,36068,OgreMain.dll!?findLights@SceneNode@Ogre@@UBEXAAV?$HashedVector@PAVLight@Ogre@@@2@MI@Z+0x29,892,7.0901,12581,19.999
fourteam_prefix,36068,OgreMain.dll!?_populateLightList@SceneManager@Ogre@@UAEXPBVSceneNode@2@MAAV?$HashedVector@PAVLight@Ogre@@@2@I@Z+0x2e,888,7.0583,12581,19.999
fourteam_prefix,36068,battlezone98redux.exe!sub_618060,848,6.7403,12581,19.999
fourteam_prefix,36068,OgreMain.dll!?updateGpuProgramParameters@SceneManager@Ogre@@MAEXPBVPass@2@@Z+0x8b,707,5.6196,12581,19.999
fourteam_prefix,36068,battlezone98redux.exe!sub_62bc80,691,5.4924,12581,19.999
fourteam_prefix,36068,battlezone98redux.exe!sub_62bd40,688,5.4686,12581,19.999
fourteam_prefix,36068,battlezone98redux.exe!sub_4deec0,685,5.4447,12581,19.999
fourteam_prefix,36068,battlezone98redux.exe!sub_4ebfd0,680,5.405,12581,19.999
fourteam_prefix,36068,WINMM.dll@6dfa0000!BZROpenShim::`anonymous namespace'::AutoSaveWorldUpdateRenderQueueHook+0x16,670,5.3255,12581,19.999
fourteam_prefix,36068,OgreMain.dll!?_populateLightList@SceneManager@Ogre@@UAEXABVVector3@2@MAAV?$HashedVector@PAVLight@Ogre@@@2@I@Z+0x140,669,5.3175,12581,19.999
fourteam_prefix,36068,KERNELBASE.dll!GetFileAttributesExW+0x13,664,5.2778,12581,19.999
fourteam_prefix,36068,WINMM.dll@6dfa0000!__std_fs_get_stats+0x9e,664,5.2778,12581,19.999
fourteam_prefix,36068,ntdll.dll!_ZwQueryFullAttributesFile@8+0xc,644,5.1188,12581,19.999
fourteam_prefix,36068,battlezone98redux.exe!sub_4933e0,633,5.0314,12581,19.999
fourteam_prefix,36068,OgreMain.dll!?_updateAutoParams@Pass@Ogre@@QBEXPBVAutoParamDataSource@2@G@Z+0x103,601,4.777,12581,19.999
fourteam_prefix,36068,OgreMain.dll!?updateGpuProgramParameters@SceneManager@Ogre@@MAEXPBVPass@2@@Z+0xdd,568,4.5147,12581,19.999
fourteam_prefix,36068,RenderSystem_Direct3D11.dll!?bindGpuProgramParameters@D3D11RenderSystem@Ogre@@UAEXW4GpuProgramType@2@V?$SharedPtr@VGpuProgramParameters@Ogre@@@2@G@Z+0x16a,496,3.9425,12581,19.999
fourteam_prefix,36068,RenderSystem_Direct3D11.dll!?bindGpuProgramParameters@D3D11RenderSystem@Ogre@@UAEXW4GpuProgramType@2@V?$SharedPtr@VGpuProgramParameters@Ogre@@@2@G@Z+0x90,475,3.7755,12581,19.999
fourteam_prefix,36068,WINMM.dll@6dfa0000!std::filesystem::exists+0x3e,459,3.6484,12581,19.999
fourteam_prefix,36068,WINMM.dll@6dfa0000!BZROpenShim::AutoSaveTick+0x10b,459,3.6484,12581,19.999
fourteam_prefix,36068,battlezone98redux.exe!sub_497aa0,454,3.6086,12581,19.999
fourteam_prefix,36068,ntdll.dll!_ZwQueryVirtualMemory@24+0xc,444,3.5291,12581,19.999
fourteam_prefix,36068,WINMM.dll@6dfa0000!BZROpenShim::`anonymous namespace'::GetGameObjectActualTeam+0x42,444,3.5291,12581,19.999
fourteam_prefix,36068,WINMM.dll@6dfa0000!BZROpenShim::TargetReticlePopupRecentHitGetterHook+0x3c,440,3.4973,12581,19.999
fourteam_prefix,36068,battlezone98redux.exe!sub_442e70,429,3.4099,12581,19.999
fourteam_prefix,36068,OgreMain.dll!?_updateRenderQueue@Entity@Ogre@@UAEXPAVRenderQueue@2@@Z+0x1ed,424,3.3702,12581,19.999
fourteam_prefix,36068,RenderSystem_Direct3D11.dll!?getConstantBuffer@D3D11HLSLProgram@Ogre@@QAEPAUID3D11Buffer@@V?$SharedPtr@VGpuProgramParameters@Ogre@@@2@G@Z+0x9a,414,3.2907,12581,19.999
fourteam_prefix,36068,battlezone98redux.exe!sub_43fb30,394,3.1317,12581,19.999
fourteam_prefix,36068,battlezone98redux.exe!sub_493e60,394,3.1317,12581,19.999
fourteam_prefix,36068,battlezone98redux.exe!sub_443060,392,3.1158,12581,19.999
fourteam_prefix,36068,OgreMain.dll!?getConstantDefinition@GpuProgramParameters@Ogre@@QBEABUGpuConstantDefinition@2@ABV?$basic_string@DU?$char_traits@D@std@@V?$allocator@D@2@@std@@@Z+0xcf,379,3.0125,12581,19.999
fourteam_prefix,36068,battlezone98redux.exe!sub_4ab380,378,3.0045,12581,19.999
fourteam_prefix,36068,battlezone98redux.exe!sub_493330,372,2.9568,12581,19.999
fourteam_prefix,36068,OgreMain.dll!?_updateAllRenderTargets@Root@Ogre@@QAE_NXZ+0x2b,370,2.9409,12581,19.999
fourteam_prefix,36068,OgreMain.dll!?_swapAllRenderTargetBuffers@RenderSystem@Ogre@@UAEXXZ+0x3a,367,2.9171,12581,19.999
fourteam_prefix,36068,OgreMain.dll!?isInLightRange@Light@Ogre@@QBE_NABVSphere@2@@Z+0x159,360,2.8615,12581,19.999
fourteam_prefix,36068,RenderSystem_Direct3D11.dll!?swapBuffers@D3D11RenderWindowSwapChainBased@Ogre@@UAEXXZ+0x251,344,2.7343,12581,19.999
fourteam_prefix,36068,battlezone98redux.exe!sub_4405e0,340,2.7025,12581,19.999
fourteam_prefix,36068,battlezone98redux.exe!sub_440690,340,2.7025,12581,19.999
fourteam_prefix,36068,battlezone98redux.exe!sub_687340,336,2.6707,12581,19.999
fourteam_prefix,36068,dxgi.dll!DXGIGetDebugInterface1+0xa584,328,2.6071,12581,19.999
fourteam_prefix,36068,dxgi.dll!CompatString+0x20eb,321,2.5515,12581,19.999
fourteam_prefix,36068,battlezone98redux.exe!sub_440e60,316,2.5117,12581,19.999
fourteam_prefix,36068,OgreMain.dll!?renderVisibleObjectsDefaultSequence@SceneManager@Ogre@@MAEXXZ+0xbf,282,2.2415,12581,19.999
fourteam_prefix,36068,OgreMain.dll!?renderBasicQueueGroupObjects@SceneManager@Ogre@@MAEXPAVRenderQueueGroup@2@W4OrganisationMode@QueuedRenderableCollection@2@@Z+0xc1,281,2.2335,12581,19.999
fourteam_prefix,36068,OgreMain.dll!?fireRenderQueueStarted@SceneManager@Ogre@@MAE_NEABV?$basic_string@DU?$char_traits@D@std@@V?$allocator@D@2@@std@@@Z+0x41,281,2.2335,12581,19.999
fourteam_prefix,36068,OgreMain.dll!?acceptVisitor@QueuedRenderableCollection@Ogre@@QBEXPAVQueuedRenderableVisitor@2@W4OrganisationMode@12@@Z+0xec,280,2.2256,12581,19.999
fourteam_prefix,36068,OgreMain.dll!?acceptVisitorDescending@QueuedRenderableCollection@Ogre@@IBEXPAVQueuedRenderableVisitor@2@@Z+0x1b,278,2.2097,12581,19.999
fourteam_prefix,36068,OgreMain.dll!?angleBetween@Vector3@Ogre@@QBE?AVRadian@2@ABV12@@Z+0xdd,272,2.162,12581,19.999
fourteam_prefix,36068,RenderSystem_Direct3D11.dll!?_render@D3D11RenderSystem@Ogre@@UAEXABVRenderOperation@2@@Z+0x1622,266,2.1143,12581,19.999
fourteam_prefix,36068,OgreMain.dll!?_updateAutoParams@Pass@Ogre@@QBEXPBVAutoParamDataSource@2@G@Z+0x55,263,2.0905,12581,19.999
fourteam_prefix,36068,RenderSystem_Direct3D11.dll!?setVertexDeclaration@D3D11RenderSystem@Ogre@@QAEXPAVVertexDeclaration@2@PAVVertexBufferBinding@2@@Z+0x14,261,2.0746,12581,19.999
fourteam_prefix,36068,WINMM.dll@6dfa0000!BZROpenShim::`anonymous namespace'::TryGetGameObjectFieldBase+0xd4,247,1.9633,12581,19.999
fourteam_prefix,36068,dxgi.dll!CompatString+0x3176,233,1.852,12581,19.999
fourteam_prefix,36068,OgreMain.dll!?_findNamedConstantDefinition@GpuProgramParameters@Ogre@@QBEPBUGpuConstantDefinition@2@ABV?$basic_string@DU?$char_traits@D@std@@V?$allocator@D@2@@std@@_N@Z+0xb8,228,1.8123,12581,19.999
fourteam_prefix,36068,OgreMain.dll!?visit@SceneMgrQueuedRenderableVisitor@SceneManager@Ogre@@UAEXPAURenderablePass@3@@Z+0x63,225,1.7884,12581,19.999
fourteam_prefix,36068,battlezone98redux.exe!sub_444ba0,222,1.7646,12581,19.999
fourteam_prefix,36068,dxgi.dll!DXGID3D10CreateDevice+0x3c30,217,1.7248,12581,19.999
fourteam_prefix,36068,RenderSystem_Direct3D11.dll!?getConstantBuffer@D3D11HLSLProgram@Ogre@@QAEPAUID3D11Buffer@@V?$SharedPtr@VGpuProgramParameters@Ogre@@@2@G@Z+0x5f,216,1.7169,12581,19.999
fourteam_prefix,36068,battlezone98redux.exe!sub_4a8ab0,215,1.7089,12581,19.999
fourteam_prefix,36068,RenderSystem_Direct3D11.dll!?bindToShader@D3D11VertexDeclaration@Ogre@@QAEXPAVD3D11HLSLProgram@2@PAVVertexBufferBinding@2@@Z+0x1e,210,1.6692,12581,19.999
fourteam_prefix,36068,WINMM.dll@6dfa0000!std::filesystem::last_write_time+0x45,207,1.6453,12581,19.999
fourteam_prefix,36068,WINMM.dll@6dfa0000!BZROpenShim::AutoSaveTick+0x124,207,1.6453,12581,19.999
fourteam_prefix,36068,OgreMain.dll!?lock@HardwareBuffer@Ogre@@UAEPAXIIW4LockOptions@12@W4UploadOptions@12@@Z+0x103,206,1.6374,12581,19.999
fourteam_prefix,36068,OgreMain.dll!?lock@HardwareBuffer@Ogre@@QAEPAXW4LockOptions@12@W4UploadOptions@12@@Z+0x13,204,1.6215,12581,19.999
fourteam_prefix,36068,RenderSystem_Direct3D11.dll!?_render@D3D11RenderSystem@Ogre@@UAEXABVRenderOperation@2@@Z+0x16df,203,1.6135,12581,19.999
fourteam_prefix,36068,RenderSystem_Direct3D11.dll!?_render@D3D11RenderSystem@Ogre@@UAEXABVRenderOperation@2@@Z+0x1631,199,1.5818,12581,19.999
fourteam_prefix,36068,RenderSystem_Direct3D11.dll!?lockImpl@D3D11HardwareBuffer@Ogre@@MAEPAXIIW4LockOptions@HardwareBuffer@2@@Z+0x26c,195,1.55,12581,19.999
fourteam_prefix,36068,WINMM.dll@6dfa0000!BZROpenShim::`anonymous namespace'::TryGetGameObjectFieldBase+0x7c,195,1.55,12581,19.999
fourteam_prefix,36068,battlezone98redux.exe!sub_663800,195,1.55,12581,19.999
fourteam_prefix,36068,battlezone98redux.exe!sub_4aa1d0,182,1.4466,12581,19.999
fourteam_prefix,36068,OgreMain.dll!?_renderScene@SceneManager@Ogre@@UAEXPAVCamera@2@PAVViewport@2@_N@Z+0x187,176,1.3989,12581,19.999
fourteam_prefix,36068,battlezone98redux.exe!sub_617fa0,176,1.3989,12581,19.999
fourteam_prefix,36068,OgreMain.dll!?_updateRenderQueue@Entity@Ogre@@UAEXPAVRenderQueue@2@@Z+0x175,174,1.383,12581,19.999
fourteam_prefix,36068,OgreMain.dll!?_updateSceneGraph@SceneManager@Ogre@@UAEXPAVCamera@2@@Z+0x2b,173,1.3751,12581,19.999
fourteam_prefix,36068,MSVCR120.dll!memmove+0xc9,172,1.3671,12581,19.999
fourteam_prefix,36068,OgreMain.dll!?addRenderable@RenderQueue@Ogre@@QAEXPAVRenderable@2@@Z+0x15,172,1.3671,12581,19.999
fourteam_prefix,36068,OgreMain.dll!?updateAnimation@Entity@Ogre@@IAEXXZ+0x449,171,1.3592,12581,19.999
fourteam_prefix,36068,WINMM.dll@6dfa0000!BZROpenShim::`anonymous namespace'::HookSoftwareVertexBlend+0x78,167,1.3274,12581,19.999
fourteam_prefix,36068,OgreMain.dll!?_updateAutoParams@GpuProgramParameters@Ogre@@QAEXPBVAutoParamDataSource@2@G@Z+0x1250,165,1.3115,12581,19.999
fourteam_prefix,36068,d3d11.dll!CreateDirect3D11DeviceFromDXGIDevice+0xbae61,163,1.2956,12581,19.999
fourteam_prefix,36068,WINMM.dll@6dfa0000!BZROpenShim::`anonymous namespace'::WingmanUpdateWeaponAimWithConvergence+0x33,162,1.2877,12581,19.999
fourteam_prefix,36068,battlezone98redux.exe!sub_60f320,162,1.2877,12581,19.999
fourteam_prefix,36068,OgreMain.dll!?isInLightRange@Light@Ogre@@QBE_NABVSphere@2@@Z+0x143,157,1.2479,12581,19.999
fourteam_prefix,36068,OgreMain.dll!?processVisibleObject@RenderQueue@Ogre@@QAEXPAVMovableObject@2@PAVCamera@2@_NPAUVisibleObjectsBoundsInfo@2@@Z+0x14,157,1.2479,12581,19.999
fourteam_prefix,36068,battlezone98redux.exe!sub_6111e0,153,1.2161,12581,19.999
fourteam_prefix,36068,RenderSystem_Direct3D11.dll!?setVertexBufferBinding@D3D11RenderSystem@Ogre@@UAEXPAVVertexBufferBinding@2@@Z+0x9f,152,1.2082,12581,19.999
fourteam_prefix,36068,d3d11.dll!CreateDirect3D11DeviceFromDXGIDevice+0x9aae8,141,1.1207,12581,19.999
fourteam_prefix,36068,OgreMain.dll!?_findVisibleObjects@SceneNode@Ogre@@UAEXPAVCamera@2@PAVRenderQueue@2@PAUVisibleObjectsBoundsInfo@2@_N33@Z+0x20,137,1.0889,12581,19.999
fourteam_prefix,36068,OgreMain.dll!?updateAnimation@Entity@Ogre@@IAEXXZ+0x184,135,1.073,12581,19.999
fourteam_prefix,36068,battlezone98redux.exe!sub_461fd0,134,1.0651,12581,19.999
fourteam_prefix,36068,OgreMain.dll!?tempSkelAnimBuffersBound@Entity@Ogre@@IBE_N_N@Z+0x5a,128,1.0174,12581,19.999
fourteam_prefix,36068,OgreMain.dll!?_update@SceneNode@Ogre@@UAEX_N0@Z+0x1b,127,1.0095,12581,19.999
fourteam_prefix,36068,battlezone98redux.exe!sub_47b9b0,122,0.9697,12581,19.999
fourteam_prefix,36068,OgreMain.dll!?softwareVertexBlend@Mesh@Ogre@@SAXPBVVertexData@2@0PBQBVMatrix4@2@I_N@Z+0x35a,122,0.9697,12581,19.999
fourteam_prefix,36068,WINMM.dll@6dfa0000!BZROpenShim::`anonymous namespace'::AutoSaveWorldUpdateRenderQueueHook+0x11,122,0.9697,12581,19.999
fourteam_prefix,36068,OgreMain.dll!?_detectImplementation@OptimisedUtil@Ogre@@KAPAV12@XZ+0x7f48,121,0.9618,12581,19.999
fourteam_prefix,36068,battlezone98redux.exe!sub_611610,120,0.9538,12581,19.999
fourteam_prefix,36068,KERNELBASE.dll!GetModuleHandleA+0x23,120,0.9538,12581,19.999
fourteam_prefix,36068,dxgi.dll!DXGID3D10CreateDevice+0x4471,119,0.9459,12581,19.999
fourteam_prefix,36068,dxgi.dll!DXGIReportAdapterConfiguration+0xf99,118,0.9379,12581,19.999
fourteam_prefix,36068,d3d11.dll!D3D11CoreCreateLayeredDevice+0xc379,118,0.9379,12581,19.999
fourteam_prefix,36068,KERNELBASE.dll!GetModuleHandleW+0x2e,117,0.93,12581,19.999
fourteam_prefix,36068,ntdll.dll!_LdrGetDllHandle@16+0x18,116,0.922,12581,19.999
fourteam_prefix,36068,OgreMain.dll!?_writeRawConstant@GpuProgramParameters@Ogre@@QAEXIABVVector4@2@I@Z+0x25,112,0.8902,12581,19.999
fourteam_prefix,36068,OgreMain.dll!?acceptVisitorGrouped@QueuedRenderableCollection@Ogre@@IBEXPAVQueuedRenderableVisitor@2@@Z+0x37,111,0.8823,12581,19.999
fourteam_prefix,36068,OgreMain.dll!?processVisibleObject@RenderQueue@Ogre@@QAEXPAVMovableObject@2@PAVCamera@2@_NPAUVisibleObjectsBoundsInfo@2@@Z+0x4d,111,0.8823,12581,19.999
fourteam_prefix,36068,OgreMain.dll!?buffersCheckedOut@TempBlendedBufferInfo@Ogre@@QBE_N_N0@Z+0x35,109,0.8664,12581,19.999
fourteam_prefix,36068,OgreMain.dll!?visit@SceneMgrQueuedRenderableVisitor@SceneManager@Ogre@@UAE_NPBVPass@3@@Z+0x2e,109,0.8664,12581,19.999
fourteam_prefix,36068,OgreMain.dll!?getReceivesShadows@MovableObject@Ogre@@QAE_NXZ+0x45,109,0.8664,12581,19.999
fourteam_prefix,36068,RenderSystem_Direct3D11.dll!?bindGpuProgramParameters@D3D11RenderSystem@Ogre@@UAEXW4GpuProgramType@2@V?$SharedPtr@VGpuProgramParameters@Ogre@@@2@G@Z+0x54a,108,0.8584,12581,19.999
fourteam_prefix,36068,RenderSystem_Direct3D11.dll!?unlockImpl@D3D11HardwareBuffer@Ogre@@MAEXXZ+0x56,108,0.8584,12581,19.999
fourteam_prefix,36068,WINMM.dll@6dfa0000!BZROpenShim::LegacyWorldUpdateRenderQueueHook+0x21d,107,0.8505,12581,19.999
fourteam_prefix,36068,battlezone98redux.exe!sub_62e070,106,0.8425,12581,19.999
fourteam_prefix,36068,d3d11.dll!CreateDirect3D11DeviceFromDXGIDevice+0x9ac60,104,0.8266,12581,19.999
fourteam_prefix,36068,battlezone98redux.exe!sub_784620,102,0.8107,12581,19.999
fourteam_prefix,36068,OgreMain.dll!?getTechnique@SubEntity@Ogre@@UBEPAVTechnique@2@XZ+0xe,102,0.8107,12581,19.999
fourteam_prefix,36068,battlezone98redux.exe!sub_682540,102,0.8107,12581,19.999
fourteam_prefix,36068,OgreMain.dll!?isVisible@Frustum@Ogre@@UBE_NABVAxisAlignedBox@2@PAW4FrustumPlane@2@@Z+0xb0,100,0.7948,12581,19.999
fourteam_prefix,36068,OgreMain.dll!?updateGpuProgramParameters@SceneManager@Ogre@@MAEXPBVPass@2@@Z+0xd0,100,0.7948,12581,19.999
fourteam_prefix,36068,battlezone98redux.exe!sub_45bf90,99,0.7869,12581,19.999
fourteam_prefix,36068,RenderSystem_Direct3D11.dll!??0D3D11RenderWindowSwapChainBased@Ogre@@QAE@ABV01@@Z+0x9c2,98,0.779,12581,19.999
fourteam_prefix,36068,d3d11.dll+0x35ece,98,0.779,12581,19.999
fourteam_prefix,36068,RenderSystem_Direct3D11.dll!?bindGpuProgramParameters@D3D11RenderSystem@Ogre@@UAEXW4GpuProgramType@2@V?$SharedPtr@VGpuProgramParameters@Ogre@@@2@G@Z+0xad,97,0.771,12581,19.999
fourteam_prefix,36068,d3d11.dll!D3D11CoreCreateLayeredDevice+0x942,96,0.7631,12581,19.999
fourteam_prefix,36068,d3d11.dll+0x2b07d,96,0.7631,12581,19.999
fourteam_prefix,36068,battlezone98redux.exe!sub_6116a0,95,0.7551,12581,19.999
fourteam_prefix,36068,dxgi.dll!DXGIDisableVBlankVirtualization+0x7920,95,0.7551,12581,19.999
fourteam_prefix,36068,dxgi.dll!DXGIDisableVBlankVirtualization+0x8b36,95,0.7551,12581,19.999
fourteam_prefix,36068,battlezone98redux.exe!sub_446360,94,0.7472,12581,19.999
fourteam_prefix,36068,dxgi.dll!DXGIDisableVBlankVirtualization+0x138f9,94,0.7472,12581,19.999
fourteam_prefix,36068,dxgi.dll!DXGIDisableVBlankVirtualization+0x13893,94,0.7472,12581,19.999
fourteam_prefix,36068,dxgi.dll!DXGIDisableVBlankVirtualization+0x6f4e,94,0.7472,12581,19.999
fourteam_prefix,36068,battlezone98redux.exe!sub_4428b0,93,0.7392,12581,19.999
fourteam_prefix,36068,d3d11.dll!CreateDirect3D11DeviceFromDXGIDevice+0xa4628,93,0.7392,12581,19.999
fourteam_prefix,36068,WINMM.dll@6dfa0000!BZROpenShim::`anonymous namespace'::RefreshHeadlightState+0x38,93,0.7392,12581,19.999
fourteam_prefix,36068,OgreMain.dll!?prepareShadowTextures@SceneManager@Ogre@@UAEXPAVCamera@2@PAVViewport@2@PBV?$HashedVector@PAVLight@Ogre@@@2@@Z+0x377,92,0.7313,12581,19.999
fourteam_prefix,36068,OgreMain.dll!?updateGpuProgramParameters@SceneManager@Ogre@@MAEXPBVPass@2@@Z+0x7e,92,0.7313,12581,19.999
fourteam_prefix,36068,nvwgf2um.dll!OpenAdapter10+0x74e6d,92,0.7313,12581,19.999
fourteam_prefix,36068,ntdll.dll!_LdrpLogInternal+0x27,92,0.7313,12581,19.999
fourteam_prefix,36068,OgreMain.dll!?addRenderable@RenderQueue@Ogre@@QAEXPAVRenderable@2@EG@Z+0x1e1,91,0.7233,12581,19.999
fourteam_prefix,36068,OgreMain.dll!?getShadowCamera@PSSMShadowCameraSetup@Ogre@@UBEXPBVSceneManager@2@PBVCamera@2@PBVViewport@2@PBVLight@2@PAV42@I@Z+0xbc,90,0.7154,12581,19.999
fourteam_prefix,36068,battlezone98redux.exe!sub_7753c0,90,0.7154,12581,19.999
fourteam_prefix,36068,battlezone98redux.exe!sub_780c70,90,0.7154,12581,19.999
fourteam_prefix,36068,dxgi.dll!DXGIDisableVBlankVirtualization+0x14f03,90,0.7154,12581,19.999
fourteam_prefix,36068,OgreMain.dll!?_setPass@SceneManager@Ogre@@UAEPBVPass@2@PBV32@_N1@Z+0x9c0,89,0.7074,12581,19.999
fourteam_prefix,36068,nvwgf2um.dll!OpenAdapter10+0x72b2d,88,0.6995,12581,19.999
fourteam_prefix,36068,MSVCR120.dll!floor+0x15,87,0.6915,12581,19.999
fourteam_prefix,36068,battlezone98redux.exe!sub_774f80,87,0.6915,12581,19.999
fourteam_prefix,36068,battlezone98redux.exe!sub_81fe60,85,0.6756,12581,19.999
fourteam_prefix,36068,ntdll.dll!_LdrpWriteToSnapsBuffer@16+0xc7,85,0.6756,12581,19.999
fourteam_prefix,36068,d3d11.dll!D3D11CoreCreateLayeredDevice+0xd40a,84,0.6677,12581,19.999
fourteam_prefix,36068,battlezone98redux.exe!sub_50aa10,83,0.6597,12581,19.999
fourteam_prefix,36068,OgreMain.dll!?renderQueueStarted@RQListener@CompositorChain@Ogre@@UAEXEABV?$basic_string@DU?$char_traits@D@std@@V?$allocator@D@2@@std@@AA_N@Z+0x1c,83,0.6597,12581,19.999
fourteam_prefix,36068,OgreMain.dll!?getVertexProgram@Pass@Ogre@@QBEABV?$SharedPtr@VGpuProgram@Ogre@@@2@XZ+0xc,83,0.6597,12581,19.999
fourteam_prefix,36068,USER32.dll!PeekMessageA+0x1f1,82,0.6518,12581,19.999
fourteam_prefix,36068,battlezone98redux.exe!sub_6192b0,82,0.6518,12581,19.999
fourteam_prefix,36068,OgreMain.dll!?isVisible@ShadowRenderable@Ogre@@UBE_NXZ+0x236,82,0.6518,12581,19.999
fourteam_prefix,36068,OgreMain.dll!?flushUpTo@RQListener@CompositorChain@Ogre@@QAEXE@Z+0x27,82,0.6518,12581,19.999
fourteam_prefix,36068,OgreMain.dll!?visitRenderables@Entity@Ogre@@UAEXPAVVisitor@Renderable@2@_N@Z+0x2f,81,0.6438,12581,19.999
fourteam_prefix,36068,battlezone98redux.exe!sub_4a08e0,81,0.6438,12581,19.999
fourteam_prefix,36068,OgreMain.dll!?addRenderable@RenderQueueGroup@Ogre@@QAEXPAVRenderable@2@PAVTechnique@2@G@Z+0xfc,81,0.6438,12581,19.999
fourteam_prefix,36068,OgreMain.dll!?getWorldViewProjMatrix@AutoParamDataSource@Ogre@@UBEABVMatrix4@2@XZ+0x1c,78,0.62,12581,19.999
fourteam_prefix,36068,battlezone98redux.exe!sub_445d90,77,0.612,12581,19.999
fourteam_prefix,36068,OgreMain.dll!?_populateLightList@SceneManager@Ogre@@UAEXABVVector3@2@MAAV?$HashedVector@PAVLight@Ogre@@@2@I@Z+0xb2,77,0.612,12581,19.999
fourteam_prefix,36068,d3d11.dll!D3D11CoreCreateLayeredDevice+0x9df,77,0.612,12581,19.999
fourteam_prefix,36068,battlezone98redux.exe!sub_45d240,76,0.6041,12581,19.999
fourteam_prefix,36068,battlezone98redux.exe!sub_4d4580,73,0.5802,12581,19.999
fourteam_prefix,36068,OgreMain.dll!?_findNamedConstantDefinition@GpuProgramParameters@Ogre@@QBEPBUGpuConstantDefinition@2@ABV?$basic_string@DU?$char_traits@D@std@@V?$allocator@D@2@@std@@_N@Z+0xdb,70,0.5564,12581,19.999
fourteam_prefix,36068,battlezone98redux.exe!sub_4db100,70,0.5564,12581,19.999
fourteam_prefix,36068,battlezone98redux.exe!sub_6854f0,67,0.5325,12581,19.999
fourteam_prefix,36068,battlezone98redux.exe!sub_4aeb80,67,0.5325,12581,19.999
fourteam_prefix,36068,win32u.dll!_NtUserPeekMessage@24+0xc,66,0.5246,12581,19.999
fourteam_prefix,36068,nvwgf2um.dll!OpenAdapter10+0x23bb0,66,0.5246,12581,19.999
fourteam_prefix,36068,d3d11.dll+0x2704e,65,0.5167,12581,19.999
fourteam_prefix,36068,battlezone98redux.exe!sub_62e780,65,0.5167,12581,19.999
fourteam_prefix,36068,battlezone98redux.exe!sub_62e710,65,0.5167,12581,19.999
fourteam_prefix,36068,ntdll.dll!_LdrpGenerateSnapsUnicodeStrings@28+0x141,65,0.5167,12581,19.999
fourteam_prefix,36068,nvwgf2um.dll!OpenAdapter10+0x73f53,65,0.5167,12581,19.999
fourteam_prefix,36068,nvwgf2um.dll!NVENCODEAPI_Thunk+0x59ceb,65,0.5167,12581,19.999
fourteam_prefix,36068,OgreMain.dll!?_populateLightList@SceneManager@Ogre@@UAEXABVVector3@2@MAAV?$HashedVector@PAVLight@Ogre@@@2@I@Z+0x232,64,0.5087,12581,19.999
fourteam_prefix,36068,OgreMain.dll!?_update@SceneNode@Ogre@@UAEX_N0@Z+0x11,64,0.5087,12581,19.999
fourteam_prefix,36068,ntdll.dll!RtlStringCchPrintfExW+0x65,64,0.5087,12581,19.999
fourteam_prefix,36068,ntdll.dll!RtlStringVPrintfWorkerW+0x1c,64,0.5087,12581,19.999
fourteam_prefix,36068,ntdll.dll!__vsnwprintf+0x18,64,0.5087,12581,19.999
fourteam_prefix,36068,battlezone98redux.exe!sub_4f90a0,64,0.5087,12581,19.999
fourteam_prefix,36068,battlezone98redux.exe!sub_62bf70,63,0.5008,12581,19.999
fourteam_prefix,36068,ntdll.dll!__vsnwprintf_l+0x5b,63,0.5008,12581,19.999
fourteam_prefix,36068,OgreMain.dll!?deriveTextureRenderTargetOptions@CompositorInstance@Ogre@@AAEXABV?$basic_string@DU?$char_traits@D@std@@V?$allocator@D@2@@std@@PA_NPAIPAV34@@Z+0xcfc,62,0.4928,12581,19.999
fourteam_prefix,36068,OgreMain.dll!?processVisibleObject@RenderQueue@Ogre@@QAEXPAVMovableObject@2@PAVCamera@2@_NPAUVisibleObjectsBoundsInfo@2@@Z+0xd9,61,0.4849,12581,19.999
fourteam_prefix,36068,MSVCR120.dll!memmove+0xc7,61,0.4849,12581,19.999
fourteam_prefix,36068,battlezone98redux.exe!sub_680bd0,60,0.4769,12581,19.999
fourteam_prefix,36068,battlezone98redux.exe!sub_440130,60,0.4769,12581,19.999
fourteam_prefix,36068,d3d11.dll!CreateDirect3D11DeviceFromDXGIDevice+0x9f9c3,59,0.469,12581,19.999
fourteam_prefix,36068,battlezone98redux.exe!sub_784180,58,0.461,12581,19.999
fourteam_prefix,36068,battlezone98redux.exe!sub_68c560,57,0.4531,12581,19.999
fourteam_prefix,36068,battlezone98redux.exe!sub_4461b0,56,0.4451,12581,19.999
fourteam_prefix,36068,dxgi.dll!CompatString+0x2600,55,0.4372,12581,19.999
fourteam_prefix,36068,OgreMain.dll!?_issueRenderOp@SceneManager@Ogre@@UAEXPAVRenderable@2@PBVPass@2@@Z+0x64,54,0.4292,12581,19.999
fourteam_prefix,36068,WINMM.dll@6dfa0000!BZROpenShim::`anonymous namespace'::ProcessVisibleObjectHook+0xb4,54,0.4292,12581,19.999
fourteam_prefix,36068,MSVCR120.dll!floor+0x19,54,0.4292,12581,19.999
fourteam_prefix,36068,d3d11.dll+0x30af7,54,0.4292,12581,19.999
fourteam_prefix,36068,RenderSystem_Direct3D11.dll!?_render@D3D11RenderSystem@Ogre@@UAEXABVRenderOperation@2@@Z+0xe2,53,0.4213,12581,19.999
fourteam_prefix,36068,RenderSystem_Direct3D11.dll!?_render@D3D11RenderSystem@Ogre@@UAEXABVRenderOperation@2@@Z+0x177,53,0.4213,12581,19.999
fourteam_prefix,36068,RenderSystem_Direct3D11.dll!?getILayoutByShader@D3D11VertexDeclaration@Ogre@@IAEPAUID3D11InputLayout@@PAVD3D11HLSLProgram@2@PAVVertexBufferBinding@2@@Z+0x253,52,0.4133,12581,19.999
fourteam_prefix,36068,ntdll.dll!_ZwReleaseSemaphore@12+0xc,52,0.4133,12581,19.999
fourteam_prefix,36068,OgreMain.dll!?_renderScene@SceneManager@Ogre@@UAEXPAVCamera@2@PAVViewport@2@_N@Z+0x20a,52,0.4133,12581,19.999
fourteam_prefix,36068,d3d11.dll+0x31412,52,0.4133,12581,19.999
fourteam_prefix,36068,OgreMain.dll!?getShadowCamera@LiSPSMShadowCameraSetup@Ogre@@UBEXPBVSceneManager@2@PBVCamera@2@PBVViewport@2@PBVLight@2@PAV42@I@Z+0x277,51,0.4054,12581,19.999
fourteam_prefix,36068,d3d11.dll!D3D11CoreCreateDevice+0x1d1e8,51,0.4054,12581,19.999
fourteam_prefix,36068,RenderSystem_Direct3D11.dll!?_render@D3D11RenderSystem@Ogre@@UAEXABVRenderOperation@2@@Z+0x3b7,51,0.4054,12581,19.999
fourteam_prefix,36068,OgreMain.dll!?_renderScene@SceneManager@Ogre@@UAEXPAVCamera@2@PAVViewport@2@_N@Z+0x286,51,0.4054,12581,19.999
fourteam_prefix,36068,d3d11.dll+0x36548,51,0.4054,12581,19.999
fourteam_prefix,36068,OgreMain.dll!?visit@SceneMgrQueuedRenderableVisitor@SceneManager@Ogre@@UAEXPAURenderablePass@3@@Z+0x48,51,0.4054,12581,19.999
fourteam_prefix,36068,OgreMain.dll!?setViewport@SceneManager@Ogre@@MAEXPAVViewport@2@@Z+0x16,50,0.3974,12581,19.999
fourteam_prefix,36068,nvwgf2um.dll!SetDependencyInfo+0x5560f,50,0.3974,12581,19.999
fourteam_prefix,36068,RenderSystem_Direct3D11.dll!?_render@D3D11RenderSystem@Ogre@@UAEXABVRenderOperation@2@@Z+0x1a07,49,0.3895,12581,19.999
fourteam_prefix,36068,d3d11.dll!D3D11CoreCreateDevice+0xa057,49,0.3895,12581,19.999
fourteam_prefix,36068,RenderSystem_Direct3D11.dll!?_render@D3D11RenderSystem@Ogre@@UAEXABVRenderOperation@2@@Z+0x2ba,49,0.3895,12581,19.999
fourteam_prefix,36068,OgreMain.dll!?_updateBounds@SceneNode@Ogre@@UAEXXZ+0x19c,48,0.3815,12581,19.999
fourteam_prefix,36068,battlezone98redux.exe!sub_820180,48,0.3815,12581,19.999
fourteam_prefix,36068,battlezone98redux.exe!sub_4f90f0,48,0.3815,12581,19.999
fourteam_prefix,36068,OgreMain.dll!?_update@Node@Ogre@@UAEX_N0@Z+0x54,48,0.3815,12581,19.999
fourteam_prefix,36068,ntdll.dll!_RtlAllocateHeap@12+0xa9,47,0.3736,12581,19.999
fourteam_prefix,36068,OgreMain.dll!?getProgram@Pass@Ogre@@IBEABV?$SharedPtr@VGpuProgram@Ogre@@@2@PBQAVGpuProgramUsage@2@@Z+0x1c,47,0.3736,12581,19.999
fourteam_prefix,36068,RenderSystem_Direct3D11.dll!?uninstall@D3D11Plugin@Ogre@@UAEXXZ+0x625f,47,0.3736,12581,19.999
fourteam_prefix,36068,nvwgf2um.dll!OpenAdapter10+0x7459d,46,0.3656,12581,19.999
fourteam_prefix,36068,OgreMain.dll!?getNumWorldTransforms@SubEntity@Ogre@@UBEGXZ+0x15,46,0.3656,12581,19.999
fourteam_prefix,36068,battlezone98redux.exe!sub_679d70,46,0.3656,12581,19.999
fourteam_prefix,36068,OgreMain.dll!?getVertexProgramParameters@Pass@Ogre@@QBE?AV?$SharedPtr@VGpuProgramParameters@Ogre@@@2@XZ+0x60,46,0.3656,12581,19.999
fourteam_prefix,36068,battlezone98redux.exe!sub_439d00,46,0.3656,12581,19.999
fourteam_prefix,36068,OgreMain.dll!?getFragmentProgramParameters@Pass@Ogre@@QBE?AV?$SharedPtr@VGpuProgramParameters@Ogre@@@2@XZ+0x45,45,0.3577,12581,19.999
fourteam_prefix,36068,battlezone98redux.exe!sub_689d10,45,0.3577,12581,19.999
fourteam_prefix,36068,RenderSystem_Direct3D11.dll!?_setViewport@D3D11RenderSystem@Ogre@@UAEXPAVViewport@2@@Z+0xb8,45,0.3577,12581,19.999
fourteam_prefix,36068,d3d11.dll!D3D11CoreCreateDevice+0xa024,45,0.3577,12581,19.999
fourteam_prefix,36068,OgreMain.dll!?_writeRawConstant@GpuProgramParameters@Ogre@@QAEXIABVColourValue@2@I@Z+0x25,44,0.3497,12581,19.999
fourteam_prefix,36068,OgreMain.dll!?_renderScene@SceneManager@Ogre@@UAEXPAVCamera@2@PAVViewport@2@_N@Z+0x350,44,0.3497,12581,19.999
fourteam_prefix,36068,OgreMain.dll!?_updateAutoParams@GpuProgramParameters@Ogre@@QAEXPBVAutoParamDataSource@2@G@Z+0x125b,44,0.3497,12581,19.999
fourteam_prefix,36068,d3d11.dll+0x30d82,44,0.3497,12581,19.999
fourteam_prefix,36068,OgreMain.dll!?getParameters@GpuProgramUsage@Ogre@@QAE?AV?$SharedPtr@VGpuProgramParameters@Ogre@@@2@XZ+0xe7,44,0.3497,12581,19.999
fourteam_prefix,36068,OgreMain.dll!?_injectRenderWithPass@SceneManager@Ogre@@UAEXPAVPass@2@PAVRenderable@2@_N2PBV?$HashedVector@PAVLight@Ogre@@@2@@Z+0x29,44,0.3497,12581,19.999
fourteam_prefix,36068,OgreMain.dll!?getHasInstanceData@VertexBufferBinding@Ogre@@UBE_NXZ+0x5,44,0.3497,12581,19.999
fourteam_prefix,36068,OgreMain.dll!?_updateAutoParams@GpuProgramParameters@Ogre@@QAEXPBVAutoParamDataSource@2@G@Z+0x1a72,44,0.3497,12581,19.999
fourteam_prefix,36068,dxgi.dll!DXGIGetDebugInterface1+0x204dd,44,0.3497,12581,19.999
fourteam_prefix,36068,ntdll.dll!_RtlpAllocateNTHeapInternal@12+0xfc,43,0.3418,12581,19.999
fourteam_prefix,36068,battlezone98redux.exe!sub_5fa6e0,42,0.3338,12581,19.999
fourteam_prefix,36068,OgreMain.dll!?_findVisibleObjects@SceneNode@Ogre@@UAEXPAVCamera@2@PAVRenderQueue@2@PAUVisibleObjectsBoundsInfo@2@_N33@Z+0x7e,42,0.3338,12581,19.999
fourteam_prefix,36068,battlezone98redux.exe!sub_5dc300,42,0.3338,12581,19.999
fourteam_prefix,36068,ntdll.dll!__woutput_l+0x870,42,0.3338,12581,19.999
fourteam_prefix,36068,OgreMain.dll!?isVisible@ShadowRenderable@Ogre@@UBE_NXZ+0x231,42,0.3338,12581,19.999
fourteam_prefix,36068,battlezone98redux.exe!sub_681a00,42,0.3338,12581,19.999
fourteam_prefix,36068,OgreMain.dll!?getHasInstanceData@VertexBufferBinding@Ogre@@UBE_NXZ+0x17,42,0.3338,12581,19.999
fourteam_prefix,36068,OgreMain.dll!?getBestTechnique@Material@Ogre@@QAEPAVTechnique@2@GPBVRenderable@2@@Z+0x8b,41,0.3259,12581,19.999
fourteam_prefix,36068,OgreMain.dll!?addRenderable@RenderPriorityGroup@Ogre@@QAEXPAVRenderable@2@PAVTechnique@2@@Z+0xb5,41,0.3259,12581,19.999
fourteam_prefix,36068,battlezone98redux.exe!sub_81f1e0,41,0.3259,12581,19.999
fourteam_prefix,36068,nvwgf2um.dll!OpenAdapter10+0x726fd,41,0.3259,12581,19.999
fourteam_prefix,36068,nvwgf2um.dll!SetDependencyInfo+0x557ac,41,0.3259,12581,19.999
fourteam_prefix,36068,nvwgf2um.dll!SetDependencyInfo+0x55997,41,0.3259,12581,19.999
fourteam_prefix,36068,OgreMain.dll!?lock@HardwareBuffer@Ogre@@UAEPAXIIW4LockOptions@12@W4UploadOptions@12@@Z+0x19c,41,0.3259,12581,19.999
fourteam_prefix,36068,OgreMain.dll!?_calcTempSquareDist@Light@Ogre@@QAEXABVVector3@2@@Z+0x25,41,0.3259,12581,19.999
fourteam_prefix,36068,OgreMain.dll!?updateAnimation@Entity@Ogre@@IAEXXZ+0x38,40,0.3179,12581,19.999
fourteam_prefix,36068,battlezone98redux.exe!sub_4dfbf0,40,0.3179,12581,19.999
fourteam_prefix,36068,OgreMain.dll!?addRenderable@RenderQueue@Ogre@@QAEXPAVRenderable@2@E@Z+0x13,40,0.3179,12581,19.999
fourteam_prefix,36068,dxgi.dll!DXGIGetDebugInterface1+0x209d0,40,0.3179,12581,19.999
fourteam_prefix,36068,d3d11.dll!CreateDirect3D11DeviceFromDXGIDevice+0x8ee16,40,0.3179,12581,19.999
fourteam_prefix,36068,battlezone98redux.exe!sub_5faac0,39,0.31,12581,19.999
fourteam_prefix,36068,WINMM.dll@6dfa0000!BZROpenShim::ChunkEffectSimulateHook+0x5e,39,0.31,12581,19.999
fourteam_prefix,36068,d3d11.dll!CreateDirect3D11DeviceFromDXGIDevice+0x9f925,39,0.31,12581,19.999
fourteam_prefix,36068,RenderSystem_Direct3D11.dll!?_render@D3D11RenderSystem@Ogre@@UAEXABVRenderOperation@2@@Z+0x5b4,39,0.31,12581,19.999
fourteam_prefix,36068,d3d11.dll!D3D11CoreCreateDevice+0x9538,39,0.31,12581,19.999
fourteam_prefix,36068,OgreMain.dll!?getBestTechnique@Material@Ogre@@QAEPAVTechnique@2@GPBVRenderable@2@@Z+0x4c,38,0.302,12581,19.999
fourteam_prefix,36068,RenderSystem_Direct3D11.dll!?bindGpuProgramParameters@D3D11RenderSystem@Ogre@@UAEXW4GpuProgramType@2@V?$SharedPtr@VGpuProgramParameters@Ogre@@@2@G@Z+0x187,38,0.302,12581,19.999
fourteam_prefix,36068,ntdll.dll!@RtlpLowFragHeapAllocFromContext@16+0x67,38,0.302,12581,19.999
fourteam_prefix,36068,ntdll.dll!_LdrGetDllHandleEx@20+0x61,38,0.302,12581,19.999
fourteam_prefix,36068,OgreMain.dll!?_notifyCurrentCamera@Entity@Ogre@@UAEXPAVCamera@2@@Z+0x35,38,0.302,12581,19.999
fourteam_prefix,36068,OgreMain.dll!?_updateAutoParams@GpuProgramParameters@Ogre@@QAEXPBVAutoParamDataSource@2@G@Z+0x1d08,38,0.302,12581,19.999
fourteam_prefix,36068,WINMM.dll@6dfa0000!BZROpenShim::`anonymous namespace'::RefreshHeadlightState+0x43,38,0.302,12581,19.999
fourteam_prefix,36068,d3d11.dll!CreateDirect3D11DeviceFromDXGIDevice+0xbc60f,37,0.2941,12581,19.999
fourteam_prefix,36068,battlezone98redux.exe!sub_67a630,37,0.2941,12581,19.999
fourteam_prefix,36068,OgreMain.dll!?getValue@LodStrategy@Ogre@@QBEMPBVMovableObject@2@PBVCamera@2@@Z+0x1e,37,0.2941,12581,19.999
fourteam_prefix,36068,MSVCR120.dll!__libm_sse2_acosf+0xa6,37,0.2941,12581,19.999
fourteam_prefix,36068,battlezone98redux.exe!sub_440210,36,0.2861,12581,19.999
fourteam_prefix,36068,OgreMain.dll!?clone@Animation@Ogre@@QBEPAV12@ABV?$basic_string@DU?$char_traits@D@std@@V?$allocator@D@2@@std@@@Z+0x283,36,0.2861,12581,19.999
fourteam_prefix,36068,battlezone98redux.exe!sub_5fb450,36,0.2861,12581,19.999
fourteam_prefix,36068,ntdll.dll!_mbtowc+0x36,36,0.2861,12581,19.999
fourteam_prefix,36068,d3d11.dll!CreateDirect3D11DeviceFromDXGIDevice+0x9da47,36,0.2861,12581,19.999
fourteam_prefix,36068,OgreMain.dll!?_updateAutoParams@GpuProgramParameters@Ogre@@QAEXPBVAutoParamDataSource@2@G@Z+0x1be0,35,0.2782,12581,19.999
fourteam_prefix,36068,OgreMain.dll!?_updateAutoParams@GpuProgramParameters@Ogre@@QAEXPBVAutoParamDataSource@2@G@Z+0x1cf5,34,0.2702,12581,19.999
fourteam_prefix,36068,OgreMain.dll!?calculateB@FocusedShadowCameraSetup@Ogre@@IBEXABVSceneManager@2@ABVCamera@2@ABVLight@2@ABVAxisAlignedBox@2@3PAVPointListBody@12@@Z+0x154,34,0.2702,12581,19.999
fourteam_prefix,36068,battlezone98redux.exe!sub_4440d0,34,0.2702,12581,19.999
fourteam_prefix,36068,OgreMain.dll!?getHasInstanceData@VertexBufferBinding@Ogre@@UBE_NXZ+0x13,34,0.2702,12581,19.999
fourteam_prefix,36068,OgreMain.dll!?isHardwareAnimationEnabled@Entity@Ogre@@QAE_NXZ+0x28,34,0.2702,12581,19.999
fourteam_prefix,36068,OgreMain.dll!?getWorldBoundingBox@Entity@Ogre@@UBEABVAxisAlignedBox@2@_N@Z+0x7d,34,0.2702,12581,19.999
fourteam_prefix,36068,d3d11.dll+0x27010,34,0.2702,12581,19.999
fourteam_prefix,36068,battlezone98redux.exe!sub_68ca30,34,0.2702,12581,19.999
fourteam_prefix,36068,OgreMain.dll!?isInLightRange@Light@Ogre@@QBE_NABVSphere@2@@Z+0x172,34,0.2702,12581,19.999
fourteam_prefix,36068,OgreMain.dll!?prepareRenderQueue@SceneManager@Ogre@@MAEXXZ+0x2f,33,0.2623,12581,19.999
fourteam_prefix,36068,OgreMain.dll!?renderSingleObject@SceneManager@Ogre@@MAEXPAVRenderable@2@PBVPass@2@_N2PBV?$HashedVector@PAVLight@Ogre@@@2@@Z+0x7fb,33,0.2623,12581,19.999
fourteam_prefix,36068,OgreMain.dll!?touchVertexBufferCopy@HardwareBufferManagerBase@Ogre@@UAEXABVHardwareVertexBufferSharedPtr@2@@Z+0x1f,33,0.2623,12581,19.999
fourteam_prefix,36068,battlezone98redux.exe!sub_679ac0,33,0.2623,12581,19.999
fourteam_prefix,36068,RenderSystem_Direct3D11.dll!?_render@D3D11RenderSystem@Ogre@@UAEXABVRenderOperation@2@@Z+0x5b,33,0.2623,12581,19.999
fourteam_prefix,36068,RenderSystem_Direct3D11.dll!?_render@D3D11RenderSystem@Ogre@@UAEXABVRenderOperation@2@@Z+0x423,33,0.2623,12581,19.999
fourteam_prefix,36068,ntdll.dll!_LdrGetDllHandleEx@20+0x2f1,33,0.2623,12581,19.999
fourteam_prefix,36068,OgreMain.dll!?_updateAutoParams@GpuProgramParameters@Ogre@@QAEXPBVAutoParamDataSource@2@G@Z+0x1b5b,32,0.2544,12581,19.999
fourteam_prefix,36068,d3d11.dll!D3D11CoreCreateDevice+0x1d48d,32,0.2544,12581,19.999
fourteam_prefix,36068,battlezone98redux.exe!sub_6002a0,32,0.2544,12581,19.999
fourteam_prefix,36068,OgreMain.dll!?_updateAutoParams@GpuProgramParameters@Ogre@@QAEXPBVAutoParamDataSource@2@G@Z+0x1ca9,32,0.2544,12581,19.999
fourteam_prefix,36068,OgreMain.dll!?getSide@Plane@Ogre@@QBE?AW4Side@12@ABVVector3@2@0@Z+0xe,32,0.2544,12581,19.999
fourteam_prefix,36068,ntdll.dll!_ZwTraceEvent@16+0xc,32,0.2544,12581,19.999
fourteam_prefix,36068,dxgi.dll!DXGIDisableVBlankVirtualization+0x321ec,32,0.2544,12581,19.999
fourteam_prefix,36068,ntdll.dll!_EtwEventWriteTransfer@28+0x26,32,0.2544,12581,19.999
fourteam_prefix,36068,RenderSystem_Direct3D11.dll!?getILayoutByShader@D3D11VertexDeclaration@Ogre@@IAEPAUID3D11InputLayout@@PAVD3D11HLSLProgram@2@PAVVertexBufferBinding@2@@Z+0x6a,32,0.2544,12581,19.999
fourteam_prefix,36068,OgreMain.dll!?_updateAutoParams@GpuProgramParameters@Ogre@@QAEXPBVAutoParamDataSource@2@G@Z+0x1c2f,32,0.2544,12581,19.999
fourteam_prefix,36068,OgreMain.dll!?updatePoint@RotationalSpline@Ogre@@QAEXGABVQuaternion@2@@Z+0x1522,31,0.2464,12581,19.999
fourteam_prefix,36068,d3d11.dll!D3D11CoreCreateDevice+0x1d9a7,31,0.2464,12581,19.999
fourteam_prefix,36068,RenderSystem_Direct3D11.dll!?getILayoutByShader@D3D11VertexDeclaration@Ogre@@IAEPAUID3D11InputLayout@@PAVD3D11HLSLProgram@2@PAVVertexBufferBinding@2@@Z+0x24f,31,0.2464,12581,19.999
fourteam_prefix,36068,d3d11.dll!D3D11CoreCreateDevice+0x26530,31,0.2464,12581,19.999
fourteam_prefix,36068,MSVCR120.dll!__libm_sse2_acosf+0x4c,31,0.2464,12581,19.999
fourteam_prefix,36068,OgreMain.dll!?setOrientation@Node@Ogre@@UAEXABVQuaternion@2@@Z+0x35,31,0.2464,12581,19.999
fourteam_prefix,36068,OgreMain.dll!?_updateAutoParams@GpuProgramParameters@Ogre@@QAEXPBVAutoParamDataSource@2@G@Z+0x1cbc,30,0.2385,12581,19.999
fourteam_prefix,36068,battlezone98redux.exe!sub_4deaa0,30,0.2385,12581,19.999
fourteam_prefix,36068,OgreMain.dll!?_writeRawConstant@GpuProgramParameters@Ogre@@QAEXIABVMatrix4@2@I@Z+0x3a,30,0.2385,12581,19.999
fourteam_prefix,36068,OgreMain.dll!?_updateAutoParams@GpuProgramParameters@Ogre@@QAEXPBVAutoParamDataSource@2@G@Z+0x1e50,30,0.2385,12581,19.999
fourteam_prefix,36068,battlezone98redux.exe!sub_686590,30,0.2385,12581,19.999
fourteam_prefix,36068,RenderSystem_Direct3D11.dll!?getConstantBuffer@D3D11HLSLProgram@Ogre@@QAEPAUID3D11Buffer@@V?$SharedPtr@VGpuProgramParameters@Ogre@@@2@G@Z+0xa4,30,0.2385,12581,19.999
fourteam_prefix,36068,OgreMain.dll!?_updateRenderQueue@Entity@Ogre@@UAEXPAVRenderQueue@2@@Z+0x16c,30,0.2385,12581,19.999
fourteam_prefix,36068,RenderSystem_Direct3D11.dll!??0D3D11RenderWindowSwapChainBased@Ogre@@QAE@ABV01@@Z+0x9f2,30,0.2385,12581,19.999
fourteam_prefix,36068,battlezone98redux.exe!sub_4621a0,30,0.2385,12581,19.999
fourteam_prefix,36068,nvwgf2um.dll!OpenAdapter10+0x77bed,29,0.2305,12581,19.999
fourteam_prefix,36068,OgreMain.dll!?_updateAutoParams@Pass@Ogre@@QBEXPBVAutoParamDataSource@2@G@Z+0xf1,29,0.2305,12581,19.999
fourteam_prefix,36068,d3d11.dll+0x2b4fb,29,0.2305,12581,19.999
fourteam_prefix,36068,OgreMain.dll!?_updateAutoParams@GpuProgramParameters@Ogre@@QAEXPBVAutoParamDataSource@2@G@Z+0x1eb5,29,0.2305,12581,19.999
fourteam_prefix,36068,OgreMain.dll!?addSolidRenderable@RenderPriorityGroup@Ogre@@IAEXPAVTechnique@2@PAVRenderable@2@_N@Z+0x42,29,0.2305,12581,19.999
fourteam_prefix,36068,nvwgf2um.dll!SetDependencyInfo+0x5a32d,29,0.2305,12581,19.999
fourteam_prefix,36068,d3d11.dll+0x31542,29,0.2305,12581,19.999
fourteam_prefix,36068,OgreMain.dll!?updatePoint@RotationalSpline@Ogre@@QAEXGABVQuaternion@2@@Z+0xb042,28,0.2226,12581,19.999
fourteam_prefix,36068,RenderSystem_Direct3D11.dll!?bindToShader@D3D11VertexDeclaration@Ogre@@QAEXPAVD3D11HLSLProgram@2@PAVVertexBufferBinding@2@@Z+0xa,28,0.2226,12581,19.999
fourteam_prefix,36068,battlezone98redux.exe!sub_43a170,28,0.2226,12581,19.999
fourteam_prefix,36068,battlezone98redux.exe!sub_686520,28,0.2226,12581,19.999
fourteam_prefix,36068,battlezone98redux.exe!sub_81cb40,28,0.2226,12581,19.999
fourteam_prefix,36068,MSVCR120.dll!??2@YAPAXI@Z+0xe,28,0.2226,12581,19.999
fourteam_prefix,36068,battlezone98redux.exe!sub_67a4a0,28,0.2226,12581,19.999
fourteam_prefix,36068,battlezone98redux.exe!sub_679bc0,28,0.2226,12581,19.999
fourteam_prefix,36068,battlezone98redux.exe!_Vector_iterator<>,28,0.2226,12581,19.999
fourteam_prefix,36068,nvwgf2um.dll!OpenAdapter10+0x74f64,28,0.2226,12581,19.999
fourteam_prefix,36068,OgreMain.dll!?isVisible@MovableObject@Ogre@@UBE_NXZ+0x25,28,0.2226,12581,19.999
fourteam_prefix,36068,nvwgf2um.dll!SetDependencyInfo+0x55f6b,28,0.2226,12581,19.999
fourteam_prefix,36068,OgreMain.dll!?getLightAs4DVector@AutoParamDataSource@Ogre@@UBE?AVVector4@2@I@Z+0x17,28,0.2226,12581,19.999
fourteam_prefix,36068,d3d11.dll!CreateDirect3D11DeviceFromDXGIDevice+0xa5747,28,0.2226,12581,19.999
fourteam_prefix,36068,OgreMain.dll!?needUpdate@Node@Ogre@@UAEX_N@Z+0x31,28,0.2226,12581,19.999
fourteam_prefix,36068,OgreMain.dll!?clear@RenderQueue@Ogre@@QAEX_N@Z+0x99,27,0.2146,12581,19.999
fourteam_prefix,36068,RenderSystem_Direct3D11.dll!?getILayoutByShader@D3D11VertexDeclaration@Ogre@@IAEPAUID3D11InputLayout@@PAVD3D11HLSLProgram@2@PAVVertexBufferBinding@2@@Z+0x56,27,0.2146,12581,19.999
fourteam_prefix,36068,RenderSystem_Direct3D11.dll!?getILayoutByShader@D3D11VertexDeclaration@Ogre@@IAEPAUID3D11InputLayout@@PAVD3D11HLSLProgram@2@PAVVertexBufferBinding@2@@Z+0x52,27,0.2146,12581,19.999
fourteam_prefix,36068,MSVCR120.dll!malloc+0x33,27,0.2146,12581,19.999
fourteam_prefix,36068,RenderSystem_Direct3D11.dll!?_render@D3D11RenderSystem@Ogre@@UAEXABVRenderOperation@2@@Z+0x97,27,0.2146,12581,19.999
fourteam_prefix,36068,RenderSystem_Direct3D11.dll!?_render@D3D11RenderSystem@Ogre@@UAEXABVRenderOperation@2@@Z+0x132f,27,0.2146,12581,19.999
fourteam_prefix,36068,RenderSystem_Direct3D11.dll+0x3ee0,27,0.2146,12581,19.999
fourteam_prefix,36068,battlezone98redux.exe!sub_8203f0,27,0.2146,12581,19.999
fourteam_prefix,36068,RenderSystem_Direct3D11.dll!?_render@D3D11RenderSystem@Ogre@@UAEXABVRenderOperation@2@@Z+0x18cf,27,0.2146,12581,19.999
fourteam_prefix,36068,RenderSystem_Direct3D11.dll!?_render@D3D11RenderSystem@Ogre@@UAEXABVRenderOperation@2@@Z+0x326,27,0.2146,12581,19.999
fourteam_prefix,36068,battlezone98redux.exe!sub_444b00,26,0.2067,12581,19.999
fourteam_prefix,36068,OgreMain.dll!?_updateAutoParams@GpuProgramParameters@Ogre@@QAEXPBVAutoParamDataSource@2@G@Z+0x1b85,26,0.2067,12581,19.999
fourteam_prefix,36068,OgreMain.dll!?getWorldBoundingBox@MovableObject@Ogre@@UBEABVAxisAlignedBox@2@_N@Z+0x12,26,0.2067,12581,19.999
fourteam_prefix,36068,uxtheme.dll!GetImmersiveUserColorSetPreference+0x1113f,26,0.2067,12581,19.999
fourteam_prefix,36068,dxgi.dll!DXGIDisableVBlankVirtualization+0x20a1e,26,0.2067,12581,19.999
fourteam_prefix,36068,uxtheme.dll!EnableThemeDialogTexture+0x1143,26,0.2067,12581,19.999
fourteam_prefix,36068,uxtheme.dll!GetImmersiveUserColorSetPreference+0x1195f,26,0.2067,12581,19.999
fourteam_prefix,36068,USER32.dll!SystemParametersInfoA+0x66,26,0.2067,12581,19.999
fourteam_prefix,36068,battlezone98redux.exe!sub_44ecb0,26,0.2067,12581,19.999
fourteam_prefix,36068,dxgi.dll!DXGIGetDebugInterface1+0x20602,26,0.2067,12581,19.999
fourteam_prefix,36068,OgreMain.dll!?requestUpdate@Node@Ogre@@UAEXPAV12@_N@Z+0x29,26,0.2067,12581,19.999
fourteam_prefix,36068,RenderSystem_Direct3D11.dll!?getMonitorSequentialNumberFromSwapChain@MonitorInfo@Ogre@@QAEGPAUIDXGISwapChain@@_N@Z+0x27a7,25,0.1987,12581,19.999
fourteam_prefix,36068,OgreMain.dll!?isHardwareAnimationEnabled@Entity@Ogre@@QAE_NXZ+0x43,25,0.1987,12581,19.999
fourteam_prefix,36068,OgreMain.dll!?processVisibleObject@RenderQueue@Ogre@@QAEXPAVMovableObject@2@PAVCamera@2@_NPAUVisibleObjectsBoundsInfo@2@@Z+0xd1,25,0.1987,12581,19.999
fourteam_prefix,36068,win32u.dll!_NtUserSystemParametersInfo@16+0xc,25,0.1987,12581,19.999
fourteam_prefix,36068,battlezone98redux.exe!sub_44eb20,25,0.1987,12581,19.999
fourteam_prefix,36068,d3d11.dll+0x289ab,25,0.1987,12581,19.999
fourteam_prefix,36068,WINMM.dll@6dfa0000!BZROpenShim::`anonymous namespace'::HookCreateSRV+0x19,25,0.1987,12581,19.999
fourteam_prefix,36068,nvwgf2um.dll!NVENCODEAPI_Thunk+0x2175ea,25,0.1987,12581,19.999
fourteam_prefix,36068,d3d11.dll!D3D11CoreCreateDevice+0x8faa,25,0.1987,12581,19.999
fourteam_prefix,36068,d3d11.dll!D3D11CoreCreateDevice+0x8b17,25,0.1987,12581,19.999
fourteam_prefix,36068,nvwgf2um.dll!OpenAdapter10+0x7202d,24,0.1908,12581,19.999
fourteam_prefix,36068,OgreMain.dll!?clear@RenderQueueGroup@Ogre@@QAEX_N@Z+0xb7,24,0.1908,12581,19.999
fourteam_prefix,36068,RenderSystem_Direct3D11.dll!?_render@D3D11RenderSystem@Ogre@@UAEXABVRenderOperation@2@@Z+0x1295,24,0.1908,12581,19.999
fourteam_prefix,36068,OgreMain.dll!?_updateAutoParams@GpuProgramParameters@Ogre@@QAEXPBVAutoParamDataSource@2@G@Z+0x1f65,24,0.1908,12581,19.999
fourteam_prefix,36068,battlezone98redux.exe!sub_784100,24,0.1908,12581,19.999
fourteam_prefix,36068,WINMM.dll@6dfa0000!BZROpenShim::`anonymous namespace'::ProcessVisibleObjectHook+0x89,24,0.1908,12581,19.999
fourteam_prefix,36068,RenderSystem_Direct3D11.dll!?getD3DVertexBuffer@D3D11HardwareVertexBuffer@Ogre@@QBEPAUID3D11Buffer@@XZ+0x6,24,0.1908,12581,19.999
fourteam_prefix,36068,OgreMain.dll!?renderSingleObject@SceneManager@Ogre@@MAEXPAVRenderable@2@PBVPass@2@_N2PBV?$HashedVector@PAVLight@Ogre@@@2@@Z+0x87,24,0.1908,12581,19.999
fourteam_prefix,36068,d3d11.dll+0x367cd,24,0.1908,12581,19.999
fourteam_prefix,36068,d3d11.dll+0x375ed,24,0.1908,12581,19.999
fourteam_prefix,36068,d3d11.dll+0x28a00,24,0.1908,12581,19.999
fourteam_prefix,36068,RenderSystem_Direct3D11.dll!?_setRenderTarget@D3D11RenderSystem@Ogre@@UAEXPAVRenderTarget@2@@Z+0x4c,24,0.1908,12581,19.999
fourteam_prefix,36068,d3d11.dll!CreateDirect3D11DeviceFromDXGIDevice+0xa0679,24,0.1908,12581,19.999
fourteam_prefix,36068,OgreMain.dll!?renderSingleObject@SceneManager@Ogre@@MAEXPAVRenderable@2@PBVPass@2@_N2PBV?$HashedVector@PAVLight@Ogre@@@2@@Z+0x23d,24,0.1908,12581,19.999
fourteam_prefix,36068,OgreMain.dll!?_notifyCurrentCamera@Entity@Ogre@@UAEXPAVCamera@2@@Z+0x169,24,0.1908,12581,19.999
fourteam_prefix,36068,RenderSystem_Direct3D11.dll!?swapBuffers@D3D11RenderWindowSwapChainBased@Ogre@@UAEXXZ+0x80,23,0.1828,12581,19.999
fourteam_prefix,36068,battlezone98redux.exe!sub_679610,23,0.1828,12581,19.999
fourteam_prefix,36068,battlezone98redux.exe!sub_686600,23,0.1828,12581,19.999
fourteam_prefix,36068,d3d11.dll+0x29801,23,0.1828,12581,19.999
fourteam_prefix,36068,RenderSystem_Direct3D11.dll!??0D3D11RenderWindowSwapChainBased@Ogre@@QAE@ABV01@@Z+0xa0b,23,0.1828,12581,19.999
fourteam_prefix,36068,battlezone98redux.exe!sub_678cd0,23,0.1828,12581,19.999
fourteam_prefix,36068,d3d11.dll!D3D11CoreCreateLayeredDevice+0x17cd,23,0.1828,12581,19.999
fourteam_prefix,36068,OgreMain.dll!?_findVisibleObjects@SceneNode@Ogre@@UAEXPAVCamera@2@PAVRenderQueue@2@PAUVisibleObjectsBoundsInfo@2@_N33@Z+0x4c,22,0.1749,12581,19.999
fourteam_prefix,36068,ntdll.dll!_ZwReleaseMutant@8+0xc,22,0.1749,12581,19.999
fourteam_prefix,36068,d3d11.dll!CreateDirect3D11DeviceFromDXGIDevice+0xbdbd5,22,0.1749,12581,19.999
fourteam_prefix,36068,OgreMain.dll!?getVertexDataForBinding@SubEntity@Ogre@@QAEPAVVertexData@2@XZ+0x2a,22,0.1749,12581,19.999
fourteam_prefix,36068,OgreMain.dll!?_updateAutoParams@GpuProgramParameters@Ogre@@QAEXPBVAutoParamDataSource@2@G@Z+0x1f00,22,0.1749,12581,19.999
fourteam_prefix,36068,nvwgf2um.dll!OpenAdapter10+0x72c24,22,0.1749,12581,19.999
fourteam_prefix,36068,d3d11.dll!D3D11CreateDeviceAndSwapChain+0x1140,22,0.1749,12581,19.999
fourteam_prefix,36068,OgreMain.dll!?getInverseTransposeViewMatrix@AutoParamDataSource@Ogre@@UBE?AVMatrix4@2@XZ+0xb,21,0.1669,12581,19.999
fourteam_prefix,36068,RenderSystem_Direct3D11.dll!?getILayoutByShader@D3D11VertexDeclaration@Ogre@@IAEPAUID3D11InputLayout@@PAVD3D11HLSLProgram@2@PAVVertexBufferBinding@2@@Z+0x274,21,0.1669,12581,19.999
fourteam_prefix,36068,ntdll.dll!_LdrGetDllHandleEx@20+0x446,21,0.1669,12581,19.999
fourteam_prefix,36068,battlezone98redux.exe!sub_6799c0,21,0.1669,12581,19.999
fourteam_prefix,36068,RenderSystem_Direct3D11.dll!?getVBlankMissCount@D3D11RenderWindowSwapChainBased@Ogre@@IAEHXZ+0x62,21,0.1669,12581,19.999
fourteam_prefix,36068,dxgi.dll!DXGIGetDebugInterface1+0x8986,21,0.1669,12581,19.999
fourteam_prefix,36068,RenderSystem_Direct3D11.dll!?updateStats@D3D11RenderWindowSwapChainBased@Ogre@@UAEXXZ+0x10,21,0.1669,12581,19.999
fourteam_prefix,36068,RenderSystem_Direct3D11.dll!?_setRenderTarget@D3D11RenderSystem@Ogre@@UAEXPAVRenderTarget@2@@Z+0xdb,21,0.1669,12581,19.999
fourteam_prefix,36068,nvwgf2um.dll!SetDependencyInfo+0x5a146,21,0.1669,12581,19.999
fourteam_prefix,36068,d3d11.dll!D3D11CoreCreateDevice+0x964f,21,0.1669,12581,19.999
fourteam_prefix,36068,d3d11.dll!D3D11CoreCreateDevice+0x9c8f,21,0.1669,12581,19.999
fourteam_prefix,36068,battlezone98redux.exe!sub_67ae70,21,0.1669,12581,19.999
fourteam_prefix,36068,battlezone98redux.exe!sub_611270,21,0.1669,12581,19.999
fourteam_prefix,36068,battlezone98redux.exe!sub_81fd40,20,0.159,12581,19.999
fourteam_prefix,36068,WINMM.dll@6dfa0000!BZROpenShim::`anonymous namespace'::IsOgreEntityObject+0x44,20,0.159,12581,19.999
fourteam_prefix,36068,RenderSystem_Direct3D11.dll!?getConstantBuffer@D3D11HLSLProgram@Ogre@@QAEPAUID3D11Buffer@@V?$SharedPtr@VGpuProgramParameters@Ogre@@@2@G@Z+0xe7,20,0.159,12581,19.999
fourteam_prefix,36068,battlezone98redux.exe!sub_417910,20,0.159,12581,19.999
fourteam_prefix,36068,OgreMain.dll!?addRenderable@RenderQueue@Ogre@@QAEXPAVRenderable@2@EG@Z+0x39,20,0.159,12581,19.999
fourteam_prefix,36068,RenderSystem_Direct3D11.dll!?_render@D3D11RenderSystem@Ogre@@UAEXABVRenderOperation@2@@Z+0x195a,20,0.159,12581,19.999
fourteam_prefix,36068,battlezone98redux.exe!sub_5c6f70,20,0.159,12581,19.999
fourteam_prefix,36068,OgreMain.dll!?touchVertexBufferCopy@HardwareBufferManagerBase@Ogre@@UAEXABVHardwareVertexBufferSharedPtr@2@@Z+0x47,20,0.159,12581,19.999
fourteam_prefix,36068,battlezone98redux.exe!FID_conflict:begin,20,0.159,12581,19.999
fourteam_prefix,36068,OgreMain.dll!?getFragmentProgramParameters@Pass@Ogre@@QBE?AV?$SharedPtr@VGpuProgramParameters@Ogre@@@2@XZ+0x86,19,0.151,12581,19.999
fourteam_prefix,36068,RenderSystem_Direct3D11.dll!??0D3D11RenderWindowSwapChainBased@Ogre@@QAE@ABV01@@Z+0x9da,19,0.151,12581,19.999
fourteam_prefix,36068,OgreMain.dll!?_updateAutoParams@GpuProgramParameters@Ogre@@QAEXPBVAutoParamDataSource@2@G@Z+0x1bab,19,0.151,12581,19.999
fourteam_prefix,36068,RenderSystem_Direct3D11.dll!?bindGpuProgramParameters@D3D11RenderSystem@Ogre@@UAEXW4GpuProgramType@2@V?$SharedPtr@VGpuProgramParameters@Ogre@@@2@G@Z+0x15f,19,0.151,12581,19.999
fourteam_prefix,36068,battlezone98redux.exe!sub_6832c8,19,0.151,12581,19.999
fourteam_prefix,36068,OgreMain.dll!??4GpuSharedParametersUsage@Ogre@@QAEAAV01@ABV01@@Z+0x27b5,19,0.151,12581,19.999
fourteam_prefix,36068,d3d11.dll!D3D11CoreCreateDevice+0x3943,19,0.151,12581,19.999
fourteam_prefix,36068,d3d11.dll!D3D11CoreCreateDevice+0xa4c7,19,0.151,12581,19.999
fourteam_prefix,36068,OgreMain.dll!?getRenderOperation@SubEntity@Ogre@@UAEXAAVRenderOperation@2@@Z+0x1e,18,0.1431,12581,19.999
fourteam_prefix,36068,OgreMain.dll!?updatePoint@RotationalSpline@Ogre@@QAEXGABVQuaternion@2@@Z+0xb054,18,0.1431,12581,19.999
fourteam_prefix,36068,d3d11.dll+0x35e90,18,0.1431,12581,19.999
fourteam_prefix,36068,OgreMain.dll!?_injectRenderWithPass@SceneManager@Ogre@@UAEXPAVPass@2@PAVRenderable@2@_N2PBV?$HashedVector@PAVLight@Ogre@@@2@@Z+0x16,18,0.1431,12581,19.999
fourteam_prefix,36068,nvwgf2um.dll!OpenAdapter10+0x77c4d,18,0.1431,12581,19.999
fourteam_prefix,36068,RenderSystem_Direct3D11.dll+0x4b38,18,0.1431,12581,19.999
fourteam_prefix,36068,OgreMain.dll!?_findVisibleObjects@SceneNode@Ogre@@UAEXPAVCamera@2@PAVRenderQueue@2@PAUVisibleObjectsBoundsInfo@2@_N33@Z+0x76,18,0.1431,12581,19.999
fourteam_prefix,36068,win32u.dll!_NtGdiDdDDIGetDeviceState@4+0xc,18,0.1431,12581,19.999
fourteam_prefix,36068,OgreMain.dll!?updateAnimation@Entity@Ogre@@IAEXXZ+0x85,18,0.1431,12581,19.999
fourteam_prefix,36068,nvwgf2um.dll!OpenAdapter10+0x23b36,18,0.1431,12581,19.999
fourteam_prefix,36068,OgreMain.dll!?getViewMatrix@AutoParamDataSource@Ogre@@UBEABVMatrix4@2@XZ+0x7c,18,0.1431,12581,19.999
fourteam_prefix,36068,OgreMain.dll!?ACos@Math@Ogre@@SA?AVRadian@2@M@Z+0x8,18,0.1431,12581,19.999
fourteam_prefix,36068,battlezone98redux.exe!sub_440300,18,0.1431,12581,19.999
fourteam_prefix,36068,ntdll.dll!_RtlAnsiCharToUnicodeChar@4+0x8d,18,0.1431,12581,19.999
fourteam_prefix,36068,WINMM.dll@6dfa0000!BZROpenShim::`anonymous namespace'::DecideFrustumCull+0x119,18,0.1431,12581,19.999
fourteam_prefix,36068,OgreMain.dll!?getLodIndex@Material@Ogre@@QBEGM@Z+0x23,18,0.1431,12581,19.999
fourteam_prefix,36068,RenderSystem_Direct3D11.dll!?createImpl@D3D11GpuProgramManager@Ogre@@MAEPAVResource@2@ABV?$basic_string@DU?$char_traits@D@std@@V?$allocator@D@2@@std@@_K0_NPAVManualResourceLoader@2@W4GpuProgramType@2@0@Z+0x6144,18,0.1431,12581,19.999
fourteam_prefix,36068,d3d11.dll!D3D11CoreCreateLayeredDevice+0xf28,18,0.1431,12581,19.999
fourteam_prefix,36068,d3d11.dll!D3D11CoreCreateLayeredDevice+0x1202,18,0.1431,12581,19.999
fourteam_prefix,36068,d3d11.dll!D3D11CoreCreateLayeredDevice+0x1c11,18,0.1431,12581,19.999
fourteam_prefix,36068,d3d11.dll!D3D11CoreCreateLayeredDevice+0x13af,18,0.1431,12581,19.999
fourteam_prefix,36068,OgreMain.dll!?getProgram@Pass@Ogre@@IBEABV?$SharedPtr@VGpuProgram@Ogre@@@2@PBQAVGpuProgramUsage@2@@Z+0x44,18,0.1431,12581,19.999
fourteam_prefix,36068,OgreMain.dll!?getMovableType@MovablePlane@Ogre@@UBEABV?$basic_string@DU?$char_traits@D@std@@V?$allocator@D@2@@std@@XZ+0xb21,18,0.1431,12581,19.999
fourteam_prefix,36068,OgreMain.dll!?getDistance@Plane@Ogre@@QBEMABVVector3@2@@Z+0x37,18,0.1431,12581,19.999
fourteam_prefix,36068,OgreMain.dll!?getVertexProgramParameters@Pass@Ogre@@QBE?AV?$SharedPtr@VGpuProgramParameters@Ogre@@@2@XZ+0x127,17,0.1351,12581,19.999
fourteam_prefix,36068,d3d11.dll!D3D11CoreCreateLayeredDevice+0x17a6,17,0.1351,12581,19.999
fourteam_prefix,36068,OgreMain.dll!?getInverseViewMatrix@AutoParamDataSource@Ogre@@UBEABVMatrix4@2@XZ+0x22,17,0.1351,12581,19.999
fourteam_prefix,36068,OgreMain.dll!?chooseVertexDataForBinding@Entity@Ogre@@QAE?AW4VertexDataBindChoice@12@_N@Z+0x11,17,0.1351,12581,19.999
fourteam_prefix,36068,OgreMain.dll!?processVisibleObject@RenderQueue@Ogre@@QAEXPAVMovableObject@2@PAVCamera@2@_NPAUVisibleObjectsBoundsInfo@2@@Z+0xc7,17,0.1351,12581,19.999
fourteam_prefix,36068,battlezone98redux.exe!sub_764a10,17,0.1351,12581,19.999
fourteam_prefix,36068,dxgi.dll!DXGID3D10CreateDevice+0x848,17,0.1351,12581,19.999
fourteam_prefix,36068,nvspcap.dll!CreateShadowPlayProxyShimInterface+0xe53a,17,0.1351,12581,19.999
fourteam_prefix,36068,battlezone98redux.exe!sub_442f40,17,0.1351,12581,19.999
fourteam_prefix,36068,OgreMain.dll!?renderSingleObject@SceneManager@Ogre@@MAEXPAVRenderable@2@PBVPass@2@_N2PBV?$HashedVector@PAVLight@Ogre@@@2@@Z+0x1d5,17,0.1351,12581,19.999
fourteam_prefix,36068,OgreMain.dll!?getDerivedPosition@Light@Ogre@@QBEABVVector3@2@_N@Z+0xe,17,0.1351,12581,19.999
fourteam_prefix,36068,battlezone98redux.exe!sub_444f70,17,0.1351,12581,19.999
fourteam_prefix,36068,battlezone98redux.exe!sub_67bad0,17,0.1351,12581,19.999
fourteam_prefix,36068,OgreMain.dll!?_updateAutoParams@Pass@Ogre@@QBEXPBVAutoParamDataSource@2@G@Z+0x43,17,0.1351,12581,19.999
fourteam_prefix,36068,RenderSystem_Direct3D11.dll!?_render@D3D11RenderSystem@Ogre@@UAEXABVRenderOperation@2@@Z+0x229,17,0.1351,12581,19.999
fourteam_prefix,36068,battlezone98redux.exe!sub_444d50,17,0.1351,12581,19.999
fourteam_prefix,36068,battlezone98redux.exe!sub_6210a0,17,0.1351,12581,19.999
fourteam_prefix,36068,battlezone98redux.exe!sub_6854b0,17,0.1351,12581,19.999
fourteam_prefix,36068,OgreMain.dll!?getProgram@Pass@Ogre@@IBEABV?$SharedPtr@VGpuProgram@Ogre@@@2@PBQAVGpuProgramUsage@2@@Z+0x38,17,0.1351,12581,19.999
fourteam_prefix,36068,OgreMain.dll!?getValueImpl@DistanceLodStrategyBase@Ogre@@MBEMPBVMovableObject@2@PBVCamera@2@@Z+0x15,17,0.1351,12581,19.999
fourteam_prefix,36068,battlezone98redux.exe!sub_492d60,16,0.1272,12581,19.999
fourteam_prefix,36068,battlezone98redux.exe!sub_62c8f0,16,0.1272,12581,19.999
fourteam_prefix,36068,d3d11.dll!D3D11CoreCreateDevice+0x1d016,16,0.1272,12581,19.999
fourteam_prefix,36068,OgreMain.dll!?_fireFrameEnded@Root@Ogre@@QAE_NXZ+0x1f,16,0.1272,12581,19.999
fourteam_prefix,36068,dxgi.dll!DXGIDisableVBlankVirtualization+0x39029,16,0.1272,12581,19.999
fourteam_prefix,36068,d3d11.dll+0x2ba61,16,0.1272,12581,19.999
fourteam_prefix,36068,RenderSystem_Direct3D11.dll!??1D3D11RenderWindowSwapChainBased@Ogre@@UAE@XZ+0x36e,16,0.1272,12581,19.999
fourteam_prefix,36068,OgreMain.dll!?lock@HardwareBuffer@Ogre@@UAEPAXIIW4LockOptions@12@W4UploadOptions@12@@Z+0xfa,16,0.1272,12581,19.999
fourteam_prefix,36068,OgreMain.dll!?_updateBounds@SceneNode@Ogre@@UAEXXZ+0x2e,16,0.1272,12581,19.999
fourteam_prefix,36068,battlezone98redux.exe!sub_4aaea0,16,0.1272,12581,19.999
fourteam_prefix,36068,battlezone98redux.exe!sub_4af020,16,0.1272,12581,19.999
fourteam_prefix,36068,battlezone98redux.exe!sub_785730,16,0.1272,12581,19.999
fourteam_prefix,36068,d3d11.dll+0x31a6a,16,0.1272,12581,19.999
fourteam_prefix,36068,d3d11.dll!D3D11CoreCreateLayeredDevice+0x13921,16,0.1272,12581,19.999
fourteam_prefix,36068,d3d11.dll!D3D11CoreCreateLayeredDevice+0x13c43,16,0.1272,12581,19.999
fourteam_prefix,36068,ntdll.dll!_LdrpGenerateSnapsUnicodeStrings@28+0x183,16,0.1272,12581,19.999
fourteam_prefix,36068,battlezone98redux.exe!sub_49b1f0,16,0.1272,12581,19.999
fourteam_prefix,36068,WINMM.dll@6dfa0000!BZROpenShim::`anonymous namespace'::HookEntityGetCastShadows+0xcb,16,0.1272,12581,19.999
fourteam_prefix,36068,OgreMain.dll!?updateView@Frustum@Ogre@@MBEXXZ+0xd,16,0.1272,12581,19.999
fourteam_prefix,36068,RenderSystem_Direct3D11.dll!?fireDeviceEvent@D3D11RenderSystem@Ogre@@QAEXPAVD3D11Device@2@ABV?$basic_string@DU?$char_traits@D@std@@V?$allocator@D@2@@std@@PAVD3D11RenderWindowBase@2@@Z+0xaa,15,0.1192,12581,19.999
fourteam_prefix,36068,OgreMain.dll!?getFragmentProgramParameters@Pass@Ogre@@QBE?AV?$SharedPtr@VGpuProgramParameters@Ogre@@@2@XZ+0x7a,15,0.1192,12581,19.999
fourteam_prefix,36068,battlezone98redux.exe!sub_5fed30,15,0.1192,12581,19.999
fourteam_prefix,36068,battlezone98redux.exe!sub_5c19d0,15,0.1192,12581,19.999
fourteam_prefix,36068,KERNEL32.DLL!GetCurrentThreadId,15,0.1192,12581,19.999
fourteam_prefix,36068,battlezone98redux.exe!sub_67a5ed,15,0.1192,12581,19.999
fourteam_prefix,36068,RenderSystem_Direct3D11.dll!?getMonitorSequentialNumberFromSwapChain@MonitorInfo@Ogre@@QAEGPAUIDXGISwapChain@@_N@Z+0x2797,15,0.1192,12581,19.999
fourteam_prefix,36068,OgreMain.dll!?isHardwareAnimationEnabled@Entity@Ogre@@QAE_NXZ+0x2c,15,0.1192,12581,19.999
fourteam_prefix,36068,OgreMain.dll!?isInLightRange@Light@Ogre@@QBE_NABVSphere@2@@Z+0x175,15,0.1192,12581,19.999
fourteam_prefix,36068,OgreMain.dll!?getTechnique@Renderable@Ogre@@UBEPAVTechnique@2@XZ+0x12,15,0.1192,12581,19.999
fourteam_prefix,36068,ntdll.dll!_RtlStringCchVPrintfExA@28+0x19,15,0.1192,12581,19.999
fourteam_prefix,36068,ntdll.dll!__vsnprintf+0x18,15,0.1192,12581,19.999
fourteam_prefix,36068,ntdll.dll!__vsnprintf_l+0x4c,15,0.1192,12581,19.999
fourteam_prefix,36068,ntdll.dll!RtlStringVPrintfWorkerA+0x1e,15,0.1192,12581,19.999
fourteam_prefix,36068,battlezone98redux.exe!sub_5ba560,15,0.1192,12581,19.999
fourteam_prefix,36068,battlezone98redux.exe!sub_4d4610,15,0.1192,12581,19.999
fourteam_prefix,36068,RenderSystem_Direct3D11.dll!??1D3D11RenderWindowSwapChainBased@Ogre@@UAE@XZ+0x40e,15,0.1192,12581,19.999
fourteam_prefix,36068,d3d11.dll!CreateDirect3D11DeviceFromDXGIDevice+0x9da48,15,0.1192,12581,19.999
fourteam_prefix,36068,OgreMain.dll!?findLightsAffectingFrustum@SceneManager@Ogre@@MAEXPBVCamera@2@@Z+0x1d7,15,0.1192,12581,19.999
fourteam_prefix,36068,MSVCR120.dll!__libm_sse2_asinf+0x50,15,0.1192,12581,19.999
fourteam_prefix,36068,KERNELBASE.dll!WaitForSingleObject+0x12,14,0.1113,12581,19.999
fourteam_prefix,36068,ntdll.dll!_ZwWaitForSingleObject@12+0xc,14,0.1113,12581,19.999
fourteam_prefix,36068,OgreMain.dll!?touchVertexBufferCopy@HardwareBufferManagerBase@Ogre@@UAEXABVHardwareVertexBufferSharedPtr@2@@Z+0x7e,14,0.1113,12581,19.999
fourteam_prefix,36068,OgreMain.dll!?merge@VisibleObjectsBoundsInfo@Ogre@@QAEXABVAxisAlignedBox@2@ABVSphere@2@PBVCamera@2@_N@Z+0x2c,14,0.1113,12581,19.999
fourteam_prefix,36068,KERNELBASE.dll!WaitForMultipleObjects+0x18,14,0.1113,12581,19.999
fourteam_prefix,36068,ntdll.dll!_ZwWaitForMultipleObjects@20+0xc,14,0.1113,12581,19.999
fourteam_prefix,36068,ntdll.dll!_KiUserCallbackDispatcher@12+0x36,14,0.1113,12581,19.999
fourteam_prefix,36068,d3d11.dll!D3D11CoreCreateDevice+0x1d0da,14,0.1113,12581,19.999
fourteam_prefix,36068,ntdll.dll!_RtlDosPathNameToRelativeNtPathName_U_WithStatus@16+0x4c,14,0.1113,12581,19.999
fourteam_prefix,36068,KERNELBASE.dll!DeleteFile2W+0x346,14,0.1113,12581,19.999
fourteam_prefix,36068,OgreMain.dll!?clone@Animation@Ogre@@QBEPAV12@ABV?$basic_string@DU?$char_traits@D@std@@V?$allocator@D@2@@std@@@Z+0x249,14,0.1113,12581,19.999
fourteam_prefix,36068,OgreMain.dll!?createTechnique@Material@Ogre@@QAEPAVTechnique@2@XZ+0xb03,14,0.1113,12581,19.999
fourteam_prefix,36068,OgreMain.dll+0x3942d,14,0.1113,12581,19.999
fourteam_prefix,36068,battlezone98redux.exe!sub_446460,14,0.1113,12581,19.999
fourteam_prefix,36068,battlezone98redux.exe!sub_81c600,14,0.1113,12581,19.999
fourteam_prefix,36068,battlezone98redux.exe!sub_5c1b30,14,0.1113,12581,19.999
fourteam_prefix,36068,battlezone98redux.exe!FID_conflict:operator!=,14,0.1113,12581,19.999
fourteam_prefix,36068,battlezone98redux.exe!sub_6796d0,14,0.1113,12581,19.999
fourteam_prefix,36068,battlezone98redux.exe!sub_4415f0,14,0.1113,12581,19.999
fourteam_prefix,36068,battlezone98redux.exe!sub_44f020,14,0.1113,12581,19.999
fourteam_prefix,36068,d3d11.dll+0x2afa5,14,0.1113,12581,19.999
fourteam_prefix,36068,d3d11.dll!D3D11CoreCreateLayeredDevice+0x15270,14,0.1113,12581,19.999
fourteam_prefix,36068,d3d11.dll!D3D11CoreCreateLayeredDevice+0x151d9,14,0.1113,12581,19.999
fourteam_prefix,36068,WINMM.dll@6dfa0000!BZROpenShim::`anonymous namespace'::DecideFrustumCull+0x5d,14,0.1113,12581,19.999
fourteam_prefix,36068,nvwgf2um.dll!OpenAdapter10+0x7208d,14,0.1113,12581,19.999
fourteam_prefix,36068,d3d11.dll!CreateDirect3D11DeviceFromDXGIDevice+0x9ae79,14,0.1113,12581,19.999
fourteam_prefix,36068,d3d11.dll!D3D11CoreCreateLayeredDevice+0x1469,14,0.1113,12581,19.999
fourteam_prefix,36068,battlezone98redux.exe!sub_820570,14,0.1113,12581,19.999
fourteam_prefix,36068,OgreMain.dll!?findLightsAffectingFrustum@SceneManager@Ogre@@MAEXPBVCamera@2@@Z+0x398,14,0.1113,12581,19.999
fourteam_prefix,36068,OgreMain.dll!?getNumWorldTransforms@SubEntity@Ogre@@UBEGXZ+0xe,14,0.1113,12581,19.999
fourteam_prefix,36068,d3d11.dll+0x2703b,14,0.1113,12581,19.999
fourteam_prefix,36068,"battlezone98redux.exe!FID_conflict:_Vector_const_iterator<class_std::_Vector_val<struct_std::_Simple_types<class_std::shared_ptr<struct_Concurrency::details::_Task_impl<struct_std::pair<unsigned_char,class_Concurrency::details::_CancellationTokenState*>_>_>_>_>_>",14,0.1113,12581,19.999
fourteam_prefix,36068,ntdll.dll!_RtlMultiByteToUnicodeN@20+0x1b,14,0.1113,12581,19.999
fourteam_prefix,36068,d3d11.dll!D3D11CoreCreateLayeredDevice+0x13f6b,14,0.1113,12581,19.999
fourteam_prefix,36068,nvwgf2um.dll!SetDependencyInfo+0x4f687,14,0.1113,12581,19.999
fourteam_prefix,36068,nvwgf2um.dll!OpenAdapter10+0x72d57,14,0.1113,12581,19.999
fourteam_prefix,36068,nvwgf2um.dll!OpenAdapter10+0x77157,14,0.1113,12581,19.999
fourteam_prefix,36068,battlezone98redux.exe!sub_623b20,14,0.1113,12581,19.999
fourteam_prefix,36068,WINMM.dll@6dfa0000!BZROpenShim::LegacyWorldUpdateRenderQueueHook+0x218,14,0.1113,12581,19.999
fourteam_prefix,36068,OgreMain.dll!?_updateBounds@SceneNode@Ogre@@UAEXXZ+0x213,14,0.1113,12581,19.999
fourteam_prefix,36068,OgreMain.dll!?_findVisibleObjects@SceneNode@Ogre@@UAEXPAVCamera@2@PAVRenderQueue@2@PAUVisibleObjectsBoundsInfo@2@_N33@Z+0x35,14,0.1113,12581,19.999
fourteam_prefix,36068,ntdll.dll!_RtlpLocalInfoAllocFromCache@8+0x279,14,0.1113,12581,19.999
fourteam_prefix,36068,OgreMain.dll!??4GpuSharedParametersUsage@Ogre@@QAEAAV01@ABV01@@Z+0x2704,14,0.1113,12581,19.999
fourteam_prefix,36068,MSVCR120.dll!__crtFlsGetValue+0x19,14,0.1113,12581,19.999
fourteam_prefix,36068,MSVCR120.dll!wcsnlen+0x13c,14,0.1113,12581,19.999
fourteam_prefix,36068,nvwgf2um.dll!NVAPI_DirectMethods+0xb9201,14,0.1113,12581,19.999
fourteam_prefix,36068,OgreMain.dll!?isFloat@GpuConstantDefinition@Ogre@@SA_NW4GpuConstantType@2@@Z+0x1a,14,0.1113,12581,19.999
fourteam_prefix,36068,OgreMain.dll!?visit@SceneMgrQueuedRenderableVisitor@SceneManager@Ogre@@UAEXPAVRenderable@3@@Z+0x16,14,0.1113,12581,19.999
fourteam_prefix,36068,battlezone98redux.exe!sub_62bec0,14,0.1113,12581,19.999
fourteam_prefix,36068,dxgi.dll!DXGIDisableVBlankVirtualization+0x20b89,13,0.1033,12581,19.999
fourteam_prefix,36068,MSVCR120.dll!floor+0x30,13,0.1033,12581,19.999
fourteam_prefix,36068,OgreMain.dll+0x13f52,13,0.1033,12581,19.999
fourteam_prefix,36068,MSVCR120.dll!__libm_sse2_asinf+0x3a,13,0.1033,12581,19.999
fourteam_prefix,36068,battlezone98redux.exe!sub_83e885,13,0.1033,12581,19.999
fourteam_prefix,36068,d3d11.dll!CreateDirect3D11DeviceFromDXGIDevice+0xbc53d,13,0.1033,12581,19.999
fourteam_prefix,36068,OgreMain.dll!?angleBetween@Vector3@Ogre@@QBE?AVRadian@2@ABV12@@Z+0xc9,13,0.1033,12581,19.999
fourteam_prefix,36068,battlezone98redux.exe!FID_conflict:end,13,0.1033,12581,19.999
fourteam_prefix,36068,battlezone98redux.exe!sub_4401a0,13,0.1033,12581,19.999
fourteam_prefix,36068,OgreMain.dll!?addRenderable@QueuedRenderableCollection@Ogre@@QAEXPAVPass@2@PAVRenderable@2@@Z+0x3c,13,0.1033,12581,19.999
fourteam_prefix,36068,battlezone98redux.exe!sub_442a90,13,0.1033,12581,19.999
fourteam_prefix,36068,OgreMain.dll!?getVertexProgramParameters@Pass@Ogre@@QBE?AV?$SharedPtr@VGpuProgramParameters@Ogre@@@2@XZ+0x133,13,0.1033,12581,19.999
fourteam_prefix,36068,MSVCR120.dll!__libm_sse2_asinf+0xa0,13,0.1033,12581,19.999
fourteam_prefix,36068,d3d11.dll+0x3628f,13,0.1033,12581,19.999
fourteam_prefix,36068,OgreMain.dll!?getAs4DVector@Light@Ogre@@QBE?AVVector4@2@_N@Z+0x54,13,0.1033,12581,19.999
fourteam_prefix,36068,OgreMain.dll+0x21c01,13,0.1033,12581,19.999
fourteam_prefix,36068,MSVCR120.dll!ceil+0x1ce,13,0.1033,12581,19.999
fourteam_prefix,36068,OgreMain.dll!?ASin@Math@Ogre@@SA?AVRadian@2@M@Z+0x8,13,0.1033,12581,19.999
fourteam_prefix,36068,MSVCR120.dll!__libm_sse2_acosf+0xf3,13,0.1033,12581,19.999
fourteam_prefix,36068,nvwgf2um.dll!SetDependencyInfo+0x378d1,13,0.1033,12581,19.999
fourteam_prefix,36068,OgreMain.dll!??4GpuSharedParametersUsage@Ogre@@QAEAAV01@ABV01@@Z+0x2737,13,0.1033,12581,19.999
fourteam_prefix,36068,win32u.dll!_NtUserSetCursorPos@8+0xc,13,0.1033,12581,19.999
fourteam_prefix,36068,battlezone98redux.exe!sub_679570,13,0.1033,12581,19.999
fourteam_prefix,36068,dxgi.dll!DXGIGetDebugInterface1+0x2051a,13,0.1033,12581,19.999
fourteam_prefix,36068,WINMM.dll@6dfa0000!BZROpenShim::`anonymous namespace'::MultiplayerFlagSubmitHook+0x49,13,0.1033,12581,19.999
fourteam_prefix,36068,OgreMain.dll!?_findNamedConstantDefinition@GpuProgramParameters@Ogre@@QBEPBUGpuConstantDefinition@2@ABV?$basic_string@DU?$char_traits@D@std@@V?$allocator@D@2@@std@@_N@Z+0xfe,13,0.1033,12581,19.999
fourteam_prefix,36068,battlezone98redux.exe!sub_77bd40,13,0.1033,12581,19.999
fourteam_prefix,36068,OgreMain.dll!?isInLightRange@Light@Ogre@@QBE_NABVSphere@2@@Z+0x74,13,0.1033,12581,19.999
fourteam_prefix,36068,nvwgf2um.dll!OpenAdapter10+0x744c7,13,0.1033,12581,19.999
fourteam_prefix,36068,d3d11.dll+0x2703e,13,0.1033,12581,19.999
fourteam_prefix,36068,MSVCR120.dll!__libm_sse2_acosf+0x36,13,0.1033,12581,19.999
fourteam_prefix,36068,battlezone98redux.exe!sub_4dfad0,13,0.1033,12581,19.999
fourteam_prefix,36068,OgreMain.dll!?ACos@Math@Ogre@@SA?AVRadian@2@M@Z+0x11,12,0.0954,12581,19.999
fourteam_prefix,36068,win32u.dll!_NtUserGetLayeredWindowAttributes@16+0xc,12,0.0954,12581,19.999
fourteam_prefix,36068,OgreMain.dll!?clone@Animation@Ogre@@QBEPAV12@ABV?$basic_string@DU?$char_traits@D@std@@V?$allocator@D@2@@std@@@Z+0x2c6,12,0.0954,12581,19.999
fourteam_prefix,36068,ntdll.dll!_LdrGetDllHandleEx@20+0x150,12,0.0954,12581,19.999
fourteam_prefix,36068,MSVCR120.dll!__libm_sse2_acosf+0x1b6,12,0.0954,12581,19.999
fourteam_prefix,36068,OgreMain.dll+0x2a95,12,0.0954,12581,19.999
fourteam_prefix,36068,OgreMain.dll!?_getActiveSchemeIndex@MaterialManager@Ogre@@UBEGXZ,12,0.0954,12581,19.999
fourteam_prefix,36068,d3d11.dll+0x373f1,12,0.0954,12581,19.999
fourteam_prefix,36068,d3d11.dll+0x38e73,12,0.0954,12581,19.999
fourteam_prefix,36068,RenderSystem_Direct3D11.dll!?_setTexture@D3D11RenderSystem@Ogre@@UAEXI_NABV?$SharedPtr@VTexture@Ogre@@@2@@Z+0x68,12,0.0954,12581,19.999
fourteam_prefix,36068,ntdll.dll!_ZwOpenThread@16+0xc,12,0.0954,12581,19.999
fourteam_prefix,36068,nvwgf2um.dll!SetDependencyInfo+0x54234,12,0.0954,12581,19.999
fourteam_prefix,36068,battlezone98redux.exe!sub_8205a0,12,0.0954,12581,19.999
fourteam_prefix,36068,battlezone98redux.exe!sub_81ee70,12,0.0954,12581,19.999
fourteam_prefix,36068,battlezone98redux.exe!sub_77c5f0,12,0.0954,12581,19.999
fourteam_prefix,36068,OgreMain.dll!??4GpuSharedParametersUsage@Ogre@@QAEAAV01@ABV01@@Z+0x2742,12,0.0954,12581,19.999
fourteam_prefix,36068,OgreMain.dll!?getIndex@DistanceLodStrategyBase@Ogre@@UBEGMABV?$vector@MV?$STLAllocator@MV?$CategorisedAllocPolicy@$0A@@Ogre@@@Ogre@@@std@@@Z+0x16,12,0.0954,12581,19.999
fourteam_prefix,36068,OgreMain.dll!?getShadowCamera@LiSPSMShadowCameraSetup@Ogre@@UBEXPBVSceneManager@2@PBVCamera@2@PBVViewport@2@PBVLight@2@PAV42@I@Z+0x6c0,12,0.0954,12581,19.999
fourteam_prefix,36068,OgreMain.dll!?isInLightRange@Light@Ogre@@QBE_NABVSphere@2@@Z+0x138,12,0.0954,12581,19.999
fourteam_prefix,36068,battlezone98redux.exe!sub_678779,12,0.0954,12581,19.999
fourteam_prefix,36068,OgreMain.dll!?_renderScene@Camera@Ogre@@QAEXPAVViewport@2@_N@Z+0xd8,12,0.0954,12581,19.999
fourteam_prefix,36068,battlezone98redux.exe!sub_62bdb0,12,0.0954,12581,19.999
fourteam_prefix,36068,battlezone98redux.exe!sub_62bdf0,12,0.0954,12581,19.999
fourteam_prefix,36068,d3d11.dll!D3D11CoreCreateDevice+0xa28d,12,0.0954,12581,19.999
fourteam_prefix,36068,d3d11.dll!D3D11CoreCreateDevice+0xa1cf,12,0.0954,12581,19.999
fourteam_prefix,36068,d3d11.dll!D3D11CoreCreateLayeredDevice+0x1490,12,0.0954,12581,19.999
fourteam_prefix,36068,battlezone98redux.exe!sub_447f60,12,0.0954,12581,19.999
fourteam_prefix,36068,OgreMain.dll!?processVisibleObject@RenderQueue@Ogre@@QAEXPAVMovableObject@2@PAVCamera@2@_NPAUVisibleObjectsBoundsInfo@2@@Z+0x69,12,0.0954,12581,19.999
fourteam_prefix,36068,d3d11.dll!D3D11CoreCreateLayeredDevice+0x9aba,12,0.0954,12581,19.999
fourteam_prefix,36068,nvwgf2um.dll!OpenAdapter10+0x76ff7,12,0.0954,12581,19.999
fourteam_prefix,36068,nvwgf2um.dll!SetDependencyInfo+0x5027b,12,0.0954,12581,19.999
fourteam_prefix,36068,nvwgf2um.dll!OpenAdapter10+0x76f47,12,0.0954,12581,19.999
fourteam_prefix,36068,d3d11.dll!D3D11CoreCreateDevice+0x3ad9,12,0.0954,12581,19.999
fourteam_prefix,36068,OgreMain.dll!?RealEqual@Math@Ogre@@SA_NMMM@Z+0x3,12,0.0954,12581,19.999
fourteam_prefix,36068,OgreMain.dll!?update@Light@Ogre@@MBEXXZ,12,0.0954,12581,19.999
fourteam_prefix,36068,OgreMain.dll!?setVisible@MovableObject@Ogre@@UAEX_N@Z+0x25,12,0.0954,12581,19.999
fourteam_prefix,36068,OgreMain.dll!?useLightsGpuProgram@SceneManager@Ogre@@MAEXPBVPass@2@PBV?$HashedVector@PAVLight@Ogre@@@2@@Z+0x55,11,0.0874,12581,19.999
fourteam_prefix,36068,OgreMain.dll!?_detectImplementation@OptimisedUtil@Ogre@@KAPAV12@XZ+0x468a,11,0.0874,12581,19.999
fourteam_prefix,36068,MSVCR120.dll!__libm_sse2_acosf+0x17e,11,0.0874,12581,19.999
fourteam_prefix,36068,MSVCR120.dll!tolower+0x28,11,0.0874,12581,19.999
fourteam_prefix,36068,OgreMain.dll!?normalise@Vector3@Ogre@@QAEMXZ+0x42,11,0.0874,12581,19.999
fourteam_prefix,36068,OgreMain.dll!?getWorldBoundingSphere@Entity@Ogre@@UBEABVSphere@2@_N@Z+0x7d,11,0.0874,12581,19.999
fourteam_prefix,36068,dxgi.dll!CompatString+0x2524,11,0.0874,12581,19.999
fourteam_prefix,36068,dxgi.dll!DXGIDisableVBlankVirtualization+0x3b0ee,11,0.0874,12581,19.999
fourteam_prefix,36068,nvwgf2um.dll!SetDependencyInfo+0x59669,11,0.0874,12581,19.999
fourteam_prefix,36068,OgreMain.dll!?createTechnique@Material@Ogre@@QAEPAVTechnique@2@XZ+0xa2c,11,0.0874,12581,19.999
fourteam_prefix,36068,OgreMain.dll!?softwareVertexBlend@Mesh@Ogre@@SAXPBVVertexData@2@0PBQBVMatrix4@2@I_N@Z+0x2d9,11,0.0874,12581,19.999
fourteam_prefix,36068,MSVCR120.dll!__libm_sse2_acosf+0x13d,11,0.0874,12581,19.999
fourteam_prefix,36068,OgreMain.dll!?getLightDiffuseColourWithPower@AutoParamDataSource@Ogre@@UBE?BVColourValue@2@I@Z+0xd,11,0.0874,12581,19.999
fourteam_prefix,36068,battlezone98redux.exe!sub_4c0100,11,0.0874,12581,19.999
fourteam_prefix,36068,OgreMain.dll!?getFragmentProgramParameters@Pass@Ogre@@QBE?AV?$SharedPtr@VGpuProgramParameters@Ogre@@@2@XZ+0x5b,11,0.0874,12581,19.999
fourteam_prefix,36068,RenderSystem_Direct3D11.dll!?uninstall@D3D11Plugin@Ogre@@UAEXXZ+0x50e2,11,0.0874,12581,19.999
fourteam_prefix,36068,OgreMain.dll!?updateFromParentImpl@SceneNode@Ogre@@MBEXXZ+0x9,11,0.0874,12581,19.999
fourteam_prefix,36068,OgreMain.dll!?getWorldViewProjMatrix@AutoParamDataSource@Ogre@@UBEABVMatrix4@2@XZ+0x39c,11,0.0874,12581,19.999
fourteam_prefix,36068,d3d11.dll!CreateDirect3D11DeviceFromDXGIDevice+0x9f73d,11,0.0874,12581,19.999
fourteam_prefix,36068,OgreMain.dll!?_notifyCurrentCamera@Entity@Ogre@@UAEXPAVCamera@2@@Z+0x5b,11,0.0874,12581,19.999
fourteam_prefix,36068,OgreMain.dll!?hasScale@Matrix4@Ogre@@QBE_NXZ+0xd4,11,0.0874,12581,19.999
fourteam_prefix,36068,OgreMain.dll!?_updateBounds@SceneNode@Ogre@@UAEXXZ+0x193,11,0.0874,12581,19.999
fourteam_prefix,36068,OgreMain.dll!?isTransparentSortingForced@Technique@Ogre@@QBE_NXZ+0xc,11,0.0874,12581,19.999
fourteam_prefix,36068,RenderSystem_Direct3D11.dll!?_setTexture@D3D11RenderSystem@Ogre@@UAEXI_NABV?$SharedPtr@VTexture@Ogre@@@2@@Z+0xbb,11,0.0874,12581,19.999
fourteam_prefix,36068,OgreMain.dll!?renderSingleObject@SceneManager@Ogre@@MAEXPAVRenderable@2@PBVPass@2@_N2PBV?$HashedVector@PAVLight@Ogre@@@2@@Z+0x1b7,11,0.0874,12581,19.999
fourteam_prefix,36068,battlezone98redux.exe!sub_7783d0,11,0.0874,12581,19.999
fourteam_prefix,36068,nvwgf2um.dll!NVENCODEAPI_Thunk+0x21760e,11,0.0874,12581,19.999
fourteam_prefix,36068,OgreMain.dll!?getMovableType@MovablePlane@Ogre@@UBEABV?$basic_string@DU?$char_traits@D@std@@V?$allocator@D@2@@std@@XZ+0x820,11,0.0874,12581,19.999
fourteam_prefix,36068,battlezone98redux.exe!sub_4df370,11,0.0874,12581,19.999
fourteam_prefix,36068,RenderSystem_Direct3D11.dll!?bindGpuProgramParameters@D3D11RenderSystem@Ogre@@UAEXW4GpuProgramType@2@V?$SharedPtr@VGpuProgramParameters@Ogre@@@2@G@Z+0x85,11,0.0874,12581,19.999
fourteam_prefix,36068,OgreMain.dll!?_setTextureUnitSettings@RenderSystem@Ogre@@UAEXIAAVTextureUnitState@2@@Z+0xc6,11,0.0874,12581,19.999
fourteam_prefix,36068,OgreMain.dll!?_detectImplementation@OptimisedUtil@Ogre@@KAPAV12@XZ+0x4671,11,0.0874,12581,19.999
fourteam_prefix,36068,nvwgf2um.dll!SetDependencyInfo+0x4f20d,11,0.0874,12581,19.999
fourteam_prefix,36068,d3d11.dll!CreateDirect3D11DeviceFromDXGIDevice+0x9b092,11,0.0874,12581,19.999
fourteam_prefix,36068,nvwgf2um.dll!OpenAdapter10+0x72bbd,11,0.0874,12581,19.999
fourteam_prefix,36068,nvwgf2um.dll!OpenAdapter10+0x74efd,11,0.0874,12581,19.999
fourteam_prefix,36068,OgreMain.dll!?_updateViewport@RenderTarget@Ogre@@UAEXPAVViewport@2@_N@Z+0x13,11,0.0874,12581,19.999
fourteam_prefix,36068,RenderSystem_Direct3D11.dll!?_render@D3D11RenderSystem@Ogre@@UAEXABVRenderOperation@2@@Z+0x34d,11,0.0874,12581,19.999
fourteam_prefix,36068,OgreMain.dll!?getHasInstanceData@VertexBufferBinding@Ogre@@UBE_NXZ+0x45,10,0.0795,12581,19.999
fourteam_prefix,36068,OgreMain.dll+0x41fb,10,0.0795,12581,19.999
fourteam_prefix,36068,OgreMain.dll!??4GpuSharedParametersUsage@Ogre@@QAEAAV01@ABV01@@Z+0x2744,10,0.0795,12581,19.999
fourteam_prefix,36068,MSVCR120.dll!_tolower_l+0x13,10,0.0795,12581,19.999
fourteam_prefix,36068,OgreMain.dll!?isFloat@GpuConstantDefinition@Ogre@@SA_NW4GpuConstantType@2@@Z+0x13,10,0.0795,12581,19.999
fourteam_prefix,36068,OgreMain.dll!?createTechnique@Material@Ogre@@QAEPAVTechnique@2@XZ+0xb1b,10,0.0795,12581,19.999
fourteam_prefix,36068,OgreMain.dll!?normalise@Vector3@Ogre@@QAEMXZ+0x33,10,0.0795,12581,19.999
fourteam_prefix,36068,OgreMain.dll!?deriveTextureRenderTargetOptions@CompositorInstance@Ogre@@AAEXABV?$basic_string@DU?$char_traits@D@std@@V?$allocator@D@2@@std@@PA_NPAIPAV34@@Z+0x81c,10,0.0795,12581,19.999
fourteam_prefix,36068,d3d11.dll!D3D11CoreCreateDevice+0x2f01d,10,0.0795,12581,19.999
fourteam_prefix,36068,OgreMain.dll!?_setTextureUnitSettings@RenderSystem@Ogre@@UAEXIAAVTextureUnitState@2@@Z+0x73,10,0.0795,12581,19.999
fourteam_prefix,36068,RenderSystem_Direct3D11.dll!?getMonitorSequentialNumberFromSwapChain@MonitorInfo@Ogre@@QAEGPAUIDXGISwapChain@@_N@Z+0x2ab9,10,0.0795,12581,19.999
fourteam_prefix,36068,OgreMain.dll!?toString@StringConverter@Ogre@@SA?AV?$basic_string@DU?$char_traits@D@std@@V?$allocator@D@2@@std@@IGDH@Z+0x16e,10,0.0795,12581,19.999
fourteam_prefix,36068,d3d11.dll!CreateDirect3D11DeviceFromDXGIDevice+0xbae48,10,0.0795,12581,19.999
fourteam_prefix,36068,OgreMain.dll!?processVisibleObject@RenderQueue@Ogre@@QAEXPAVMovableObject@2@PAVCamera@2@_NPAUVisibleObjectsBoundsInfo@2@@Z+0x11,10,0.0795,12581,19.999
fourteam_prefix,36068,battlezone98redux.exe!sub_822e60,10,0.0795,12581,19.999
fourteam_prefix,36068,battlezone98redux.exe!sub_6c9bd0,10,0.0795,12581,19.999
fourteam_prefix,36068,battlezone98redux.exe!sub_6ce840,10,0.0795,12581,19.999
fourteam_prefix,36068,OgreMain.dll!?_updateAutoParams@GpuProgramParameters@Ogre@@QAEXPBVAutoParamDataSource@2@G@Z+0x84,10,0.0795,12581,19.999
fourteam_prefix,36068,battlezone98redux.exe!sub_417f60,10,0.0795,12581,19.999
fourteam_prefix,36068,OgreMain.dll!?updatePoint@RotationalSpline@Ogre@@QAEXGABVQuaternion@2@@Z+0x1585,10,0.0795,12581,19.999
fourteam_prefix,36068,OgreMain.dll!?updatePoint@RotationalSpline@Ogre@@QAEXGABVQuaternion@2@@Z+0x25bf,10,0.0795,12581,19.999
fourteam_prefix,36068,OgreMain.dll!?getLightMask@MovableObject@Ogre@@UBEIXZ,10,0.0795,12581,19.999
fourteam_prefix,36068,nvspcap.dll!QueryShadowPlayDdiShimStatus+0x23d8e,10,0.0795,12581,19.999
fourteam_prefix,36068,OgreMain.dll!?ASin@Math@Ogre@@SA?AVRadian@2@M@Z+0xf,10,0.0795,12581,19.999
fourteam_prefix,36068,OgreMain.dll!?_fireFrameEnded@Root@Ogre@@QAE_NAAUFrameEvent@2@@Z+0x9d,10,0.0795,12581,19.999
fourteam_prefix,36068,battlezone98redux.exe!sub_6c3ad0,10,0.0795,12581,19.999
fourteam_prefix,36068,battlezone98redux.exe!sub_6c69c0,10,0.0795,12581,19.999
fourteam_prefix,36068,OgreMain.dll!?update@Light@Ogre@@MBEXXZ+0xda,10,0.0795,12581,19.999
fourteam_prefix,36068,d3d11.dll+0x27041,10,0.0795,12581,19.999
fourteam_prefix,36068,MSVCR120.dll!wcschr+0xca,10,0.0795,12581,19.999
fourteam_prefix,36068,d3d11.dll+0x272eb,10,0.0795,12581,19.999
fourteam_prefix,36068,d3d11.dll+0x27562,10,0.0795,12581,19.999
fourteam_prefix,36068,d3d11.dll+0x27340,10,0.0795,12581,19.999
fourteam_prefix,36068,WINMM.dll@6dfa0000!BZROpenShim::`anonymous namespace'::HookCreateRTV+0x19,10,0.0795,12581,19.999
fourteam_prefix,36068,battlezone98redux.exe!sub_602420,10,0.0795,12581,19.999
fourteam_prefix,36068,battlezone98redux.exe!sub_608630,10,0.0795,12581,19.999
fourteam_prefix,36068,battlezone98redux.exe!sub_49bf10,10,0.0795,12581,19.999
fourteam_prefix,36068,OgreMain.dll!?getLight@AutoParamDataSource@Ogre@@IBEABVLight@2@I@Z+0x11,10,0.0795,12581,19.999
fourteam_prefix,36068,OgreMain.dll!??4GpuSharedParametersUsage@Ogre@@QAEAAV01@ABV01@@Z+0x275a,10,0.0795,12581,19.999
fourteam_prefix,36068,d3d11.dll!D3D11CoreCreateLayeredDevice+0xca91,10,0.0795,12581,19.999
fourteam_prefix,36068,OgreMain.dll!?addRenderable@QueuedRenderableCollection@Ogre@@QAEXPAVPass@2@PAVRenderable@2@@Z+0xcc,10,0.0795,12581,19.999
fourteam_prefix,36068,OgreMain.dll!??4GpuSharedParametersUsage@Ogre@@QAEAAV01@ABV01@@Z+0x2785,10,0.0795,12581,19.999
fourteam_prefix,36068,OgreMain.dll!?fireViewportPreUpdate@RenderTarget@Ogre@@MAEXPAVViewport@2@@Z+0x3b,10,0.0795,12581,19.999
fourteam_prefix,36068,OgreMain.dll!?merge@VisibleObjectsBoundsInfo@Ogre@@QAEXABVAxisAlignedBox@2@ABVSphere@2@PBVCamera@2@_N@Z+0x11d,10,0.0795,12581,19.999
fourteam_prefix,36068,battlezone98redux.exe!sub_4de9d0,10,0.0795,12581,19.999
fourteam_prefix,36068,OgreMain.dll!?_getRenderOperation@SubMesh@Ogre@@QAEXAAVRenderOperation@2@G@Z+0x37,9,0.0715,12581,19.999
fourteam_prefix,36068,OgreMain.dll!?_setPass@SceneManager@Ogre@@UAEPBVPass@2@PBV32@_N1@Z+0xc2,9,0.0715,12581,19.999
fourteam_prefix,36068,nvspcap.dll!QueryShadowPlayDdiShimStatus+0x23eb7,9,0.0715,12581,19.999
fourteam_prefix,36068,OgreMain.dll+0x2e866,9,0.0715,12581,19.999
fourteam_prefix,36068,battlezone98redux.exe!sub_43f8e0,9,0.0715,12581,19.999
fourteam_prefix,36068,battlezone98redux.exe!sub_43faa0,9,0.0715,12581,19.999
fourteam_prefix,36068,battlezone98redux.exe!sub_437b00,9,0.0715,12581,19.999
fourteam_prefix,36068,DSOUND.dll!GetDeviceID+0x48df,9,0.0715,12581,19.999
fourteam_prefix,36068,OgreMain.dll!?getContentType@TextureUnitState@Ogre@@QBE?AW4ContentType@12@XZ+0x6,9,0.0715,12581,19.999
fourteam_prefix,36068,RenderSystem_Direct3D11.dll!??0D3D11RenderWindowSwapChainBased@Ogre@@QAE@ABV01@@Z+0x322,9,0.0715,12581,19.999
fourteam_prefix,36068,OgreMain.dll!?getConstantDefinition@GpuProgramParameters@Ogre@@QBEABUGpuConstantDefinition@2@ABV?$basic_string@DU?$char_traits@D@std@@V?$allocator@D@2@@std@@@Z+0xe4,9,0.0715,12581,19.999
fourteam_prefix,36068,OgreMain.dll!?getBoundingBox@Entity@Ogre@@UBEABVAxisAlignedBox@2@XZ+0x8e2,9,0.0715,12581,19.999
fourteam_prefix,36068,OgreMain.dll!?_calcTempSquareDist@Light@Ogre@@QAEXABVVector3@2@@Z+0x28,9,0.0715,12581,19.999
fourteam_prefix,36068,battlezone98redux.exe+0x2da8f,9,0.0715,12581,19.999
fourteam_prefix,36068,battlezone98redux.exe!sub_42de70,9,0.0715,12581,19.999
fourteam_prefix,36068,MSVCR120.dll!floor+0x9c,9,0.0715,12581,19.999
fourteam_prefix,36068,MSVCR120.dll!__libm_sse2_asinf+0xd6,9,0.0715,12581,19.999
fourteam_prefix,36068,d3d11.dll+0x35ebe,9,0.0715,12581,19.999
fourteam_prefix,36068,OgreMain.dll!?getMaterial@SubEntity@Ogre@@UBEABV?$SharedPtr@VMaterial@Ogre@@@2@XZ,9,0.0715,12581,19.999
fourteam_prefix,36068,d3d11.dll!D3D11CoreCreateDevice+0x402d,9,0.0715,12581,19.999
fourteam_prefix,36068,nvwgf2um.dll!OpenAdapter10+0x76667,9,0.0715,12581,19.999
fourteam_prefix,36068,ntdll.dll!_ZwCallbackReturn@12+0xc,9,0.0715,12581,19.999
fourteam_prefix,36068,battlezone98redux.exe!sub_42de50,9,0.0715,12581,19.999
fourteam_prefix,36068,OgreMain.dll!?_getCurrentSceneManager@Root@Ogre@@QBEPAVSceneManager@2@XZ+0x2c,9,0.0715,12581,19.999
fourteam_prefix,36068,ntdll.dll!_LdrGetDllHandleEx@20+0x180,9,0.0715,12581,19.999
fourteam_prefix,36068,d3d11.dll!D3D11CoreCreateLayeredDevice+0xcf8c,9,0.0715,12581,19.999
fourteam_prefix,36068,WINMM.dll@6dfa0000!BZROpenShim::`anonymous namespace'::ProcessVisibleObjectHook+0x17b,9,0.0715,12581,19.999
fourteam_prefix,36068,OgreMain.dll!?useLightsGpuProgram@SceneManager@Ogre@@MAEXPBVPass@2@PBV?$HashedVector@PAVLight@Ogre@@@2@@Z+0x2b,9,0.0715,12581,19.999
fourteam_prefix,36068,OgreMain.dll!?getVertexProgramParameters@Pass@Ogre@@QBE?AV?$SharedPtr@VGpuProgramParameters@Ogre@@@2@XZ+0xff,9,0.0715,12581,19.999
fourteam_prefix,36068,OgreMain.dll!?renderSingleObject@SceneManager@Ogre@@MAEXPAVRenderable@2@PBVPass@2@_N2PBV?$HashedVector@PAVLight@Ogre@@@2@@Z+0x247,9,0.0715,12581,19.999
fourteam_prefix,36068,nvwgf2um.dll!OpenAdapter10+0x71b00,9,0.0715,12581,19.999
fourteam_prefix,36068,OgreMain.dll!?_updateAutoParams@GpuProgramParameters@Ogre@@QAEXPBVAutoParamDataSource@2@G@Z+0x1bee,9,0.0715,12581,19.999
fourteam_prefix,36068,OgreMain.dll!?getTransparentSortingForced@Pass@Ogre@@QBE_NXZ+0x6,9,0.0715,12581,19.999
fourteam_prefix,36068,RenderSystem_Direct3D11.dll+0x2554,9,0.0715,12581,19.999
fourteam_prefix,36068,OgreMain.dll!?Ogre_InterlockedIncrement64@InterlockedCompareExchange64Wrapper@Ogre@@SA_JPC_J@Z+0x72b,9,0.0715,12581,19.999
fourteam_prefix,36068,dxgi.dll!CompatString+0x2a87,9,0.0715,12581,19.999
fourteam_prefix,36068,win32u.dll!_NtGdiDdDDIQueryVidPnExclusiveOwnership@4+0xc,9,0.0715,12581,19.999
fourteam_prefix,36068,MSVCR120.dll!free+0x1a,9,0.0715,12581,19.999
fourteam_prefix,36068,battlezone98redux.exe!sub_606f70,9,0.0715,12581,19.999
fourteam_prefix,36068,ntdll.dll!_RtlFreeHeap@12+0xca,9,0.0715,12581,19.999
fourteam_prefix,36068,battlezone98redux.exe!sub_4ee780,9,0.0715,12581,19.999
fourteam_prefix,36068,nvwgf2um.dll!OpenAdapter10+0x71b17,9,0.0715,12581,19.999
fourteam_prefix,36068,OgreMain.dll!?deriveTextureRenderTargetOptions@CompositorInstance@Ogre@@AAEXABV?$basic_string@DU?$char_traits@D@std@@V?$allocator@D@2@@std@@PA_NPAIPAV34@@Z+0x876,9,0.0715,12581,19.999
fourteam_prefix,36068,nvwgf2um.dll!SetDependencyInfo+0x5a051,9,0.0715,12581,19.999
fourteam_prefix,36068,OgreMain.dll!?_updateAutoParams@Pass@Ogre@@QBEXPBVAutoParamDataSource@2@G@Z+0x11c,9,0.0715,12581,19.999
fourteam_prefix,36068,battlezone98redux.exe!sub_421ec0,9,0.0715,12581,19.999
fourteam_prefix,36068,OgreMain.dll!?buffersCheckedOut@TempBlendedBufferInfo@Ogre@@QBE_N_N0@Z+0x2f,9,0.0715,12581,19.999
fourteam_prefix,36068,d3d11.dll+0x31b92,9,0.0715,12581,19.999
fourteam_prefix,36068,nvwgf2um.dll!NVDEV_Thunk+0x4f7994,9,0.0715,12581,19.999
fourteam_prefix,36068,MSVCR120.dll!__libm_sse2_acosf+0xe8,9,0.0715,12581,19.999
fourteam_prefix,36068,OgreMain.dll!?_setPass@SceneManager@Ogre@@UAEPBVPass@2@PBV32@_N1@Z+0x330,9,0.0715,12581,19.999
fourteam_prefix,36068,d3d11.dll!CreateDirect3D11DeviceFromDXGIDevice+0xbc587,9,0.0715,12581,19.999
fourteam_prefix,36068,nvwgf2um.dll!SetDependencyInfo+0x35489,9,0.0715,12581,19.999
fourteam_prefix,36068,OgreMain.dll!?ACos@Math@Ogre@@SA?AVRadian@2@M@Z+0xf,9,0.0715,12581,19.999
fourteam_prefix,36068,KERNEL32.DLL!GetProcAddress+0x14,9,0.0715,12581,19.999
fourteam_prefix,36068,KERNELBASE.dll!GetProcAddressForCaller+0x4d,9,0.0715,12581,19.999
fourteam_prefix,36068,ntdll.dll!_RtlpDosPathNameToRelativeNtPathName@28+0xe0,9,0.0715,12581,19.999
fourteam_prefix,36068,nvspcap.dll+0x39835,8,0.0636,12581,19.999
fourteam_prefix,36068,OgreMain.dll!?angleBetween@Vector3@Ogre@@QBE?AVRadian@2@ABV12@@Z+0xc2,8,0.0636,12581,19.999
fourteam_prefix,36068,ntdll.dll!_RtlpLocalInfoAllocFromCache@8+0x242,8,0.0636,12581,19.999
fourteam_prefix,36068,OgreMain.dll!?calculateB@FocusedShadowCameraSetup@Ogre@@IBEXABVSceneManager@2@ABVCamera@2@ABVLight@2@ABVAxisAlignedBox@2@3PAVPointListBody@12@@Z+0x1c0,8,0.0636,12581,19.999
fourteam_prefix,36068,OgreMain.dll!?updateAnimation@Entity@Ogre@@IAEXXZ+0x10f,8,0.0636,12581,19.999
fourteam_prefix,36068,OgreMain.dll!?_populateLightList@SceneManager@Ogre@@UAEXABVVector3@2@MAAV?$HashedVector@PAVLight@Ogre@@@2@I@Z+0x164,8,0.0636,12581,19.999
fourteam_prefix,36068,OgreMain.dll!?_updateBounds@SceneNode@Ogre@@UAEXXZ+0x249,8,0.0636,12581,19.999
fourteam_prefix,36068,ntdll.dll!_RtlAnsiCharToUnicodeChar@4+0x36,8,0.0636,12581,19.999
fourteam_prefix,36068,RenderSystem_Direct3D11.dll!?_setTexture@D3D11RenderSystem@Ogre@@UAEXI_NABV?$SharedPtr@VTexture@Ogre@@@2@@Z+0x94,8,0.0636,12581,19.999
fourteam_prefix,36068,OgreMain.dll+0x17bb6,8,0.0636,12581,19.999
fourteam_prefix,36068,battlezone98redux.exe!sub_43c6c0,8,0.0636,12581,19.999
fourteam_prefix,36068,battlezone98redux.exe!sub_43a7e0,8,0.0636,12581,19.999
fourteam_prefix,36068,nvwgf2um.dll!OpenAdapter10+0x72e97,8,0.0636,12581,19.999
fourteam_prefix,36068,nvwgf2um.dll!SetDependencyInfo+0x5004f,8,0.0636,12581,19.999
fourteam_prefix,36068,RenderSystem_Direct3D11.dll!?updateImpl@D3D11RenderWindowBase@Ogre@@MAEXXZ+0x1a,8,0.0636,12581,19.999
fourteam_prefix,36068,d3d11.dll!D3D11CoreCreateDevice+0x8b52,8,0.0636,12581,19.999
fourteam_prefix,36068,d3d11.dll+0x2c155,8,0.0636,12581,19.999
fourteam_prefix,36068,WINMM.dll@6dfa0000!BZROpenShim::`anonymous namespace'::DecideFrustumCull+0x101,8,0.0636,12581,19.999
fourteam_prefix,36068,OgreMain.dll!?cacheBoneMatrices@Entity@Ogre@@IAE_NXZ+0x71,8,0.0636,12581,19.999
fourteam_prefix,36068,OgreMain.dll!?_detectImplementation@OptimisedUtil@Ogre@@KAPAV12@XZ+0x464e,8,0.0636,12581,19.999
fourteam_prefix,36068,d3d11.dll+0x35ec1,8,0.0636,12581,19.999
fourteam_prefix,36068,OgreMain.dll!?getShadowCamera@LiSPSMShadowCameraSetup@Ogre@@UBEXPBVSceneManager@2@PBVCamera@2@PBVViewport@2@PBVLight@2@PAV42@I@Z+0x147e,8,0.0636,12581,19.999
fourteam_prefix,36068,MSVCP120.dll!??6?$basic_ostream@DU?$char_traits@D@std@@@std@@QAEAAV01@K@Z+0x7b,8,0.0636,12581,19.999
fourteam_prefix,36068,MSVCR120.dll!floor+0x69,8,0.0636,12581,19.999
fourteam_prefix,36068,OgreMain.dll!?isInLightRange@Light@Ogre@@QBE_NABVSphere@2@@Z+0x161,8,0.0636,12581,19.999
fourteam_prefix,36068,OgreMain.dll!?createTechnique@Material@Ogre@@QAEPAVTechnique@2@XZ+0xa3b,8,0.0636,12581,19.999
fourteam_prefix,36068,battlezone98redux.exe!sub_443370,8,0.0636,12581,19.999
fourteam_prefix,36068,battlezone98redux.exe!sub_46b260,8,0.0636,12581,19.999
fourteam_prefix,36068,OgreMain.dll!?_getTexturePtr@TextureUnitState@Ogre@@QBEABV?$SharedPtr@VTexture@Ogre@@@2@XZ+0x7,8,0.0636,12581,19.999
fourteam_prefix,36068,RenderSystem_Direct3D11.dll!??0D3D11RenderWindowSwapChainBased@Ogre@@QAE@ABV01@@Z+0x310,8,0.0636,12581,19.999
fourteam_prefix,36068,OgreMain.dll!?getConstantDefinition@GpuProgramParameters@Ogre@@QBEABUGpuConstantDefinition@2@ABV?$basic_string@DU?$char_traits@D@std@@V?$allocator@D@2@@std@@@Z,8,0.0636,12581,19.999
fourteam_prefix,36068,nvwgf2um.dll!SetDependencyInfo+0x596d0,8,0.0636,12581,19.999
fourteam_prefix,36068,OgreMain.dll!?angleBetween@Vector3@Ogre@@QBE?AVRadian@2@ABV12@@Z+0xb3,8,0.0636,12581,19.999
fourteam_prefix,36068,OgreMain.dll+0x3db86,8,0.0636,12581,19.999
fourteam_prefix,36068,win32u.dll!_NtQueryCompositionSurfaceStatistics@8+0xc,8,0.0636,12581,19.999
fourteam_prefix,36068,OgreMain.dll!?getLightAs4DVector@AutoParamDataSource@Ogre@@UBE?AVVector4@2@I@Z+0x10,8,0.0636,12581,19.999
fourteam_prefix,36068,d3d11.dll+0x2b56b,8,0.0636,12581,19.999
fourteam_prefix,36068,d3d11.dll+0x2b518,8,0.0636,12581,19.999
fourteam_prefix,36068,OgreMain.dll!?isVisible@Frustum@Ogre@@UBE_NABVAxisAlignedBox@2@PAW4FrustumPlane@2@@Z+0xb3,8,0.0636,12581,19.999
fourteam_prefix,36068,dxgi.dll!DXGIReportAdapterConfiguration+0xaa96,8,0.0636,12581,19.999
fourteam_prefix,36068,dxgi.dll!DXGIGetDebugInterface1+0xa5e2,8,0.0636,12581,19.999
fourteam_prefix,36068,battlezone98redux.exe!sub_4bb060,8,0.0636,12581,19.999
fourteam_prefix,36068,OgreMain.dll!?updatePoint@RotationalSpline@Ogre@@QAEXGABVQuaternion@2@@Z+0xb212,8,0.0636,12581,19.999
fourteam_prefix,36068,RenderSystem_Direct3D11.dll!?_render@D3D11RenderSystem@Ogre@@UAEXABVRenderOperation@2@@Z+0xb7b,8,0.0636,12581,19.999
fourteam_prefix,36068,OgreMain.dll!?_getTexturedRectangle2D@CompositorManager@Ogre@@QAEPAVRenderable@2@XZ+0x13e,8,0.0636,12581,19.999
fourteam_prefix,36068,d3d11.dll!D3D11CoreCreateDevice+0x3dc4,8,0.0636,12581,19.999
fourteam_prefix,36068,nvwgf2um.dll!OpenAdapter10+0x76d27,8,0.0636,12581,19.999
fourteam_prefix,36068,battlezone98redux.exe!sub_5dde00,8,0.0636,12581,19.999
fourteam_prefix,36068,nvwgf2um.dll!NVENCODEAPI_Thunk+0x10512,8,0.0636,12581,19.999
fourteam_prefix,36068,d3d11.dll+0x3665c,8,0.0636,12581,19.999
fourteam_prefix,36068,OgreMain.dll!?determinant@Matrix4@Ogre@@QBEMXZ+0x159,8,0.0636,12581,19.999
fourteam_prefix,36068,ntdll.dll!_ZwDuplicateObject@28+0xc,8,0.0636,12581,19.999
fourteam_prefix,36068,battlezone98redux.exe!sub_5bc640,8,0.0636,12581,19.999
fourteam_prefix,36068,nvwgf2um.dll!OpenAdapter10+0x77cf7,8,0.0636,12581,19.999
fourteam_prefix,36068,nvwgf2um.dll!OpenAdapter10+0x721f7,8,0.0636,12581,19.999
fourteam_prefix,36068,d3d11.dll+0x39089,8,0.0636,12581,19.999
fourteam_prefix,36068,battlezone98redux.exe!sub_5b2bd0,8,0.0636,12581,19.999
fourteam_prefix,36068,d3d11.dll!CreateDirect3D11DeviceFromDXGIDevice+0xa2061,8,0.0636,12581,19.999
fourteam_prefix,36068,OgreMain.dll!?getProjectionMatrix@AutoParamDataSource@Ogre@@UBEABVMatrix4@2@XZ+0x9b,8,0.0636,12581,19.999
fourteam_prefix,36068,OgreMain.dll!?calculateLVS@FocusedShadowCameraSetup@Ogre@@IBEXABVSceneManager@2@ABVCamera@2@ABVLight@2@ABVAxisAlignedBox@2@PAVPointListBody@12@@Z+0x94,8,0.0636,12581,19.999
fourteam_prefix,36068,battlezone98redux.exe!get,8,0.0636,12581,19.999
fourteam_prefix,36068,OgreMain.dll!?cacheBoneMatrices@Entity@Ogre@@IAE_NXZ+0x5d,8,0.0636,12581,19.999
fourteam_prefix,36068,OgreMain.dll!??4GpuSharedParametersUsage@Ogre@@QAEAAV01@ABV01@@Z+0x27a2,8,0.0636,12581,19.999
fourteam_prefix,36068,OgreMain.dll!?updatePoint@RotationalSpline@Ogre@@QAEXGABVQuaternion@2@@Z+0x1612,8,0.0636,12581,19.999
fourteam_prefix,36068,KERNELBASE.dll!GetModuleHandleA+0x16,8,0.0636,12581,19.999
fourteam_prefix,36068,OgreMain.dll!?getWorldBoundingBox@MovableObject@Ogre@@UBEABVAxisAlignedBox@2@_N@Z+0x67,8,0.0636,12581,19.999
fourteam_prefix,36068,d3d11.dll!CreateDirect3D11DeviceFromDXGIDevice+0x9d997,8,0.0636,12581,19.999
fourteam_prefix,36068,OgreMain.dll+0x32515,8,0.0636,12581,19.999
fourteam_prefix,36068,OgreMain.dll!?_updateAutoParams@GpuProgramParameters@Ogre@@QAEXPBVAutoParamDataSource@2@G@Z+0x971,8,0.0636,12581,19.999
fourteam_prefix,36068,OgreMain.dll!?getSquaredDepth@DistanceLodSphereStrategy@Ogre@@UBEMPBVMovableObject@2@PBVCamera@2@@Z+0x2c,8,0.0636,12581,19.999
fourteam_prefix,36068,OgreMain.dll!?setOrientation@Node@Ogre@@UAEXABVQuaternion@2@@Z+0x27,8,0.0636,12581,19.999
fourteam_prefix,36068,OgreMain.dll!?softwareVertexBlend@Mesh@Ogre@@SAXPBVVertexData@2@0PBQBVMatrix4@2@I_N@Z+0x22d,8,0.0636,12581,19.999
fourteam_prefix,36068,WINMM.dll@6dfa0000!BZROpenShim::`anonymous namespace'::RenderMultiplayerFlags+0xa36,8,0.0636,12581,19.999
fourteam_prefix,36068,WINMM.dll@6dfa0000!BZROpenShim::`anonymous namespace'::HideUnusedMultiplayerFlagBillboards+0x63,8,0.0636,12581,19.999
fourteam_prefix,36068,OgreMain.dll!?getValueImpl@DistanceLodStrategyBase@Ogre@@MBEMPBVMovableObject@2@PBVCamera@2@@Z+0x9d,8,0.0636,12581,19.999
fourteam_prefix,36068,battlezone98redux.exe!sub_44b7d0,7,0.0556,12581,19.999
fourteam_prefix,36068,MSVCR120.dll!floor+0x2c,7,0.0556,12581,19.999
fourteam_prefix,36068,battlezone98redux.exe!sub_4db560,7,0.0556,12581,19.999
fourteam_prefix,36068,OgreMain.dll!?isVisible@ShadowRenderable@Ogre@@UBE_NXZ+0x21c,7,0.0556,12581,19.999
fourteam_prefix,36068,OgreMain.dll!?createTechnique@Material@Ogre@@QAEPAVTechnique@2@XZ+0xaf6,7,0.0556,12581,19.999
fourteam_prefix,36068,d3d11.dll+0x30e12,7,0.0556,12581,19.999
fourteam_prefix,36068,OgreMain.dll!?getSide@Plane@Ogre@@QBE?AW4Side@12@ABVVector3@2@0@Z+0x69,7,0.0556,12581,19.999
fourteam_prefix,36068,OgreMain.dll!?_issueRenderOp@SceneManager@Ogre@@UAEXPAVRenderable@2@PBVPass@2@@Z+0x76,7,0.0556,12581,19.999
fourteam_prefix,36068,OgreMain.dll!?_getParentNodeFullTransform@MovableObject@Ogre@@UBEABVMatrix4@2@XZ+0x9,7,0.0556,12581,19.999
fourteam_prefix,36068,dxgi.dll!DXGID3D10CreateDevice+0xd76,7,0.0556,12581,19.999
fourteam_prefix,36068,nvwgf2um.dll!NVENCODEAPI_Thunk+0x217c95,7,0.0556,12581,19.999
fourteam_prefix,36068,OgreMain.dll!?getConstantDefinition@GpuProgramParameters@Ogre@@QBEABUGpuConstantDefinition@2@ABV?$basic_string@DU?$char_traits@D@std@@V?$allocator@D@2@@std@@@Z+0x35,7,0.0556,12581,19.999
fourteam_prefix,36068,RenderSystem_Direct3D11.dll!?unlockImpl@D3D11HardwareBuffer@Ogre@@MAEXXZ+0x50,7,0.0556,12581,19.999
fourteam_prefix,36068,ntdll.dll!__woutput_l+0x8a1,7,0.0556,12581,19.999
fourteam_prefix,36068,MSVCR120.dll!__libm_sse2_acosf+0xec,7,0.0556,12581,19.999
fourteam_prefix,36068,ntdll.dll!_RtlAnsiCharToUnicodeChar@4+0x19,7,0.0556,12581,19.999
fourteam_prefix,36068,d3d11.dll!D3D11CoreCreateLayeredDevice+0x23481,7,0.0556,12581,19.999
fourteam_prefix,36068,RenderSystem_Direct3D11.dll!?IsDeviceLost@D3D11Device@Ogre@@QAE_NXZ+0xb,7,0.0556,12581,19.999
fourteam_prefix,36068,battlezone98redux.exe!sub_45c420,7,0.0556,12581,19.999
fourteam_prefix,36068,d3d11.dll!CreateDirect3D11DeviceFromDXGIDevice+0x9d960,7,0.0556,12581,19.999
fourteam_prefix,36068,OgreMain.dll!?touch@Resource@Ogre@@UAEXXZ+0xa,7,0.0556,12581,19.999
fourteam_prefix,36068,RenderSystem_Direct3D11.dll!?_render@D3D11RenderSystem@Ogre@@UAEXABVRenderOperation@2@@Z+0x112e,7,0.0556,12581,19.999
fourteam_prefix,36068,OgreMain.dll!?angleBetween@Vector3@Ogre@@QBE?AVRadian@2@ABV12@@Z+0xd0,7,0.0556,12581,19.999
fourteam_prefix,36068,battlezone98redux.exe!sub_420f10,7,0.0556,12581,19.999
fourteam_prefix,36068,OgreMain.dll!?isTransparentSortingForced@Technique@Ogre@@QBE_NXZ+0x2,7,0.0556,12581,19.999
fourteam_prefix,36068,RenderSystem_Direct3D11.dll!?addToSwitchingFullscreenCounter@D3D11RenderSystem@Ogre@@QAEXXZ+0x62b,7,0.0556,12581,19.999
fourteam_prefix,36068,battlezone98redux.exe!sub_679830,7,0.0556,12581,19.999
fourteam_prefix,36068,battlezone98redux.exe!back,7,0.0556,12581,19.999
fourteam_prefix,36068,ntdll.dll!_RtlpGetCodePageData@4+0x16,7,0.0556,12581,19.999
fourteam_prefix,36068,ntdll.dll!_RtlpIsUtf8Process@4+0xe,7,0.0556,12581,19.999
fourteam_prefix,36068,nvwgf2um.dll!NVENCODEAPI_Thunk+0x1fab64,7,0.0556,12581,19.999
fourteam_prefix,36068,OgreMain.dll+0x33460,7,0.0556,12581,19.999
fourteam_prefix,36068,win32u.dll!_NtGdiDdDDISetQueuedLimit@4+0xc,7,0.0556,12581,19.999
fourteam_prefix,36068,nvwgf2um.dll!NVDEV_Thunk+0x213191,7,0.0556,12581,19.999
fourteam_prefix,36068,RenderSystem_Direct3D11.dll!?_render@D3D11RenderSystem@Ogre@@UAEXABVRenderOperation@2@@Z+0xd7,7,0.0556,12581,19.999
fourteam_prefix,36068,OgreMain.dll!?_updateBounds@SceneNode@Ogre@@UAEXXZ+0x235,7,0.0556,12581,19.999
fourteam_prefix,36068,OgreMain.dll!??4GpuSharedParametersUsage@Ogre@@QAEAAV01@ABV01@@Z+0x2749,7,0.0556,12581,19.999
fourteam_prefix,36068,ntdll.dll!_RtlpGetCodePageData@4+0x29,7,0.0556,12581,19.999
fourteam_prefix,36068,OgreMain.dll!?_notifyCurrentCamera@Entity@Ogre@@UAEXPAVCamera@2@@Z+0x109,7,0.0556,12581,19.999
fourteam_prefix,36068,OgreMain.dll!?addRenderable@RenderQueue@Ogre@@QAEXPAVRenderable@2@EG@Z+0x3e,7,0.0556,12581,19.999
fourteam_prefix,36068,battlezone98redux.exe!sub_46eaf0,7,0.0556,12581,19.999
fourteam_prefix,36068,OgreMain.dll!?renderOneFrame@Root@Ogre@@QAE_NXZ+0x8,7,0.0556,12581,19.999
fourteam_prefix,36068,OgreMain.dll!?_writeRawConstant@GpuProgramParameters@Ogre@@QAEXIABVVector4@2@I@Z+0x27,7,0.0556,12581,19.999
fourteam_prefix,36068,battlezone98redux.exe!sub_462450,7,0.0556,12581,19.999
fourteam_prefix,36068,nvwgf2um.dll!OpenAdapter10+0x72ff7,7,0.0556,12581,19.999
fourteam_prefix,36068,battlezone98redux.exe!sub_68bed0,7,0.0556,12581,19.999
fourteam_prefix,36068,MSVCR120.dll!_strnicmp+0x21,7,0.0556,12581,19.999
fourteam_prefix,36068,OgreMain.dll!?getSide@Plane@Ogre@@QBE?AW4Side@12@ABVVector3@2@0@Z+0x63,7,0.0556,12581,19.999
fourteam_prefix,36068,OgreMain.dll!??4GpuSharedParametersUsage@Ogre@@QAEAAV01@ABV01@@Z+0x2723,7,0.0556,12581,19.999
fourteam_prefix,36068,KERNEL32.DLL!FlsGetValue+0x1b,7,0.0556,12581,19.999
fourteam_prefix,36068,nvwgf2um.dll!NVENCODEAPI_Thunk+0x217652,7,0.0556,12581,19.999
fourteam_prefix,36068,OgreMain.dll!?getWorldViewMatrix@AutoParamDataSource@Ogre@@UBEABVMatrix4@2@XZ+0x22f,7,0.0556,12581,19.999
fourteam_prefix,36068,OgreMain.dll!??4GpuSharedParametersUsage@Ogre@@QAEAAV01@ABV01@@Z+0x26f9,7,0.0556,12581,19.999
fourteam_prefix,36068,battlezone98redux.exe!FID_conflict:operator==,7,0.0556,12581,19.999
fourteam_prefix,36068,battlezone98redux.exe!sub_67bdc0,7,0.0556,12581,19.999
fourteam_prefix,36068,nvwgf2um.dll!SetDependencyInfo+0x4fe6e,7,0.0556,12581,19.999
fourteam_prefix,36068,OgreMain.dll!?getShadowCamera@LiSPSMShadowCameraSetup@Ogre@@UBEXPBVSceneManager@2@PBVCamera@2@PBVViewport@2@PBVLight@2@PAV42@I@Z+0x1d27,7,0.0556,12581,19.999
fourteam_prefix,36068,MSVCR120.dll!floor+0x10,7,0.0556,12581,19.999
fourteam_prefix,36068,OgreMain.dll!?clone@Animation@Ogre@@QBEPAV12@ABV?$basic_string@DU?$char_traits@D@std@@V?$allocator@D@2@@std@@@Z+0x2e2,7,0.0556,12581,19.999
fourteam_prefix,36068,nvwgf2um.dll!NVENCODEAPI_Thunk+0x44522,7,0.0556,12581,19.999
fourteam_prefix,36068,ntdll.dll!_LdrpPreprocessDllName@16+0x33a,7,0.0556,12581,19.999
fourteam_prefix,36068,OgreMain.dll!?renderSingleObject@SceneManager@Ogre@@MAEXPAVRenderable@2@PBVPass@2@_N2PBV?$HashedVector@PAVLight@Ogre@@@2@@Z+0x64,7,0.0556,12581,19.999
fourteam_prefix,36068,OgreMain.dll!?buildKeyFrameTimeList@Animation@Ogre@@IBEXXZ+0x6aa,7,0.0556,12581,19.999
fourteam_prefix,36068,d3d11.dll!D3D11CoreCreateLayeredDevice+0x128f,7,0.0556,12581,19.999
fourteam_prefix,36068,MSVCR120.dll!floor+0x1e,7,0.0556,12581,19.999
fourteam_prefix,36068,battlezone98redux.exe!sub_83f040,7,0.0556,12581,19.999
fourteam_prefix,36068,OgreMain.dll!?_populateLightList@SceneManager@Ogre@@UAEXABVVector3@2@MAAV?$HashedVector@PAVLight@Ogre@@@2@I@Z+0xbd,7,0.0556,12581,19.999
fourteam_prefix,36068,OgreMain.dll!?touchVertexBufferCopy@HardwareBufferManagerBase@Ogre@@UAEXABVHardwareVertexBufferSharedPtr@2@@Z+0x38,7,0.0556,12581,19.999
fourteam_prefix,36068,OgreMain.dll!?hasScale@Matrix4@Ogre@@QBE_NXZ+0x8d,7,0.0556,12581,19.999
fourteam_prefix,36068,OgreMain.dll!?calculateB@FocusedShadowCameraSetup@Ogre@@IBEXABVSceneManager@2@ABVCamera@2@ABVLight@2@ABVAxisAlignedBox@2@3PAVPointListBody@12@@Z+0x17,7,0.0556,12581,19.999
fourteam_prefix,36068,MSVCR120.dll!sprintf+0x51,7,0.0556,12581,19.999
fourteam_prefix,36068,battlezone98redux.exe!sub_4d46b0,7,0.0556,12581,19.999
fourteam_prefix,36068,battlezone98redux.exe!sub_678880,7,0.0556,12581,19.999
fourteam_prefix,36068,OgreMain.dll!?getLodIndex@Mesh@Ogre@@QBEGM@Z+0x23,7,0.0556,12581,19.999
fourteam_prefix,36068,OgreMain.dll!?getLightSpecularColourWithPower@AutoParamDataSource@Ogre@@UBE?BVColourValue@2@I@Z+0xd,7,0.0556,12581,19.999
fourteam_prefix,36068,d3d11.dll!CreateDirect3D11DeviceFromDXGIDevice+0xa21d1,7,0.0556,12581,19.999
fourteam_prefix,36068,dxgi.dll!DXGIGetDebugInterface1+0xed4c,7,0.0556,12581,19.999
fourteam_prefix,36068,dxgi.dll!DXGID3D10CreateDevice+0x3c27,7,0.0556,12581,19.999
fourteam_prefix,36068,nvwgf2um.dll!SetDependencyInfo+0x4b327,6,0.0477,12581,19.999
fourteam_prefix,36068,OgreMain.dll!?touchVertexBufferCopy@HardwareBufferManagerBase@Ogre@@UAEXABVHardwareVertexBufferSharedPtr@2@@Z+0x43,6,0.0477,12581,19.999
fourteam_prefix,36068,MSVCP120.dll!??0?$basic_istream@DU?$char_traits@D@std@@@std@@QAE@PAV?$basic_streambuf@DU?$char_traits@D@std@@@1@_N@Z+0x62,6,0.0477,12581,19.999
fourteam_prefix,36068,OgreMain.dll!?toString@StringConverter@Ogre@@SA?AV?$basic_string@DU?$char_traits@D@std@@V?$allocator@D@2@@std@@IGDH@Z+0x6f,6,0.0477,12581,19.999
fourteam_prefix,36068,MSVCP120.dll!??0?$basic_iostream@DU?$char_traits@D@std@@@std@@QAE@PAV?$basic_streambuf@DU?$char_traits@D@std@@@1@@Z+0x45,6,0.0477,12581,19.999
fourteam_prefix,36068,OgreMain.dll!?getConstantDefinition@GpuProgramParameters@Ogre@@QBEABUGpuConstantDefinition@2@ABV?$basic_string@DU?$char_traits@D@std@@V?$allocator@D@2@@std@@@Z+0x17,6,0.0477,12581,19.999
fourteam_prefix,36068,OgreMain.dll!?_calcTempSquareDist@Light@Ogre@@QAEXABVVector3@2@@Z+0x20,6,0.0477,12581,19.999
fourteam_prefix,36068,OgreMain.dll!?createTechnique@Material@Ogre@@QAEPAVTechnique@2@XZ+0xa23,6,0.0477,12581,19.999
fourteam_prefix,36068,OgreMain.dll!?_notifyCurrentCamera@Entity@Ogre@@UAEXPAVCamera@2@@Z+0x14,6,0.0477,12581,19.999
fourteam_prefix,36068,battlezone98redux.exe!sub_4b6ef0,6,0.0477,12581,19.999
fourteam_prefix,36068,OgreMain.dll!?isInLightRange@Light@Ogre@@QBE_NABVSphere@2@@Z+0xe4,6,0.0477,12581,19.999
fourteam_prefix,36068,ntdll.dll!_RtlpLfhFindClearBitAndSet@16+0x13,6,0.0477,12581,19.999
fourteam_prefix,36068,d3d11.dll+0x317ab,6,0.0477,12581,19.999
fourteam_prefix,36068,OgreMain.dll!?renderSingleObject@SceneManager@Ogre@@MAEXPAVRenderable@2@PBVPass@2@_N2PBV?$HashedVector@PAVLight@Ogre@@@2@@Z+0xa4d,6,0.0477,12581,19.999
fourteam_prefix,36068,d3d11.dll+0x2c101,6,0.0477,12581,19.999
fourteam_prefix,36068,d3d11.dll+0x2c3a6,6,0.0477,12581,19.999
fourteam_prefix,36068,OgreMain.dll!?_setTextureUnitSettings@RenderSystem@Ogre@@UAEXIAAVTextureUnitState@2@@Z+0x1c1,6,0.0477,12581,19.999
fourteam_prefix,36068,DSOUND.dll!GetDeviceID+0x719b,6,0.0477,12581,19.999
fourteam_prefix,36068,ntdll.dll!_LdrpFindLoadedDllByNameLockHeld@20+0x45,6,0.0477,12581,19.999
fourteam_prefix,36068,ntdll.dll!_LdrpFindLoadedDllByName@20+0x8c,6,0.0477,12581,19.999
fourteam_prefix,36068,MSVCR120.dll!floor+0x59,6,0.0477,12581,19.999
fourteam_prefix,36068,OgreMain.dll!?hasViewRelativeTextureCoordinateGeneration@TextureUnitState@Ogre@@QBE_NXZ+0x14,6,0.0477,12581,19.999
fourteam_prefix,36068,OgreMain.dll!?renderSingleObject@SceneManager@Ogre@@MAEXPAVRenderable@2@PBVPass@2@_N2PBV?$HashedVector@PAVLight@Ogre@@@2@@Z+0x180,6,0.0477,12581,19.999
fourteam_prefix,36068,nvwgf2um.dll!NVENCODEAPI_Thunk+0x217c8f,6,0.0477,12581,19.999
fourteam_prefix,36068,d3d11.dll+0x2afc1,6,0.0477,12581,19.999
fourteam_prefix,36068,dxgi.dll!DXGIDisableVBlankVirtualization+0x20ac8,6,0.0477,12581,19.999
fourteam_prefix,36068,WINMM.dll@6dfa0000!BZROpenShim::ChunkEffectSimulateHook+0x16e,6,0.0477,12581,19.999
fourteam_prefix,36068,MSVCR120.dll!__libm_sse2_asinf+0x9c,6,0.0477,12581,19.999
fourteam_prefix,36068,battlezone98redux.exe!sub_822ae0,6,0.0477,12581,19.999
fourteam_prefix,36068,OgreMain.dll!?queryLights@MovableObject@Ogre@@UBEABV?$HashedVector@PAVLight@Ogre@@@2@XZ+0x4f,6,0.0477,12581,19.999
fourteam_prefix,36068,OgreMain.dll!?getSide@Plane@Ogre@@QBE?AW4Side@12@ABVVector3@2@0@Z+0x38,6,0.0477,12581,19.999
fourteam_prefix,36068,OgreMain.dll!?_setTextureUnitSettings@RenderSystem@Ogre@@UAEXIAAVTextureUnitState@2@@Z+0x29a,6,0.0477,12581,19.999
fourteam_prefix,36068,OgreMain.dll!?_populateLightList@SceneManager@Ogre@@UAEXABVVector3@2@MAAV?$HashedVector@PAVLight@Ogre@@@2@I@Z+0x97,6,0.0477,12581,19.999
fourteam_prefix,36068,battlezone98redux.exe!sub_616500,6,0.0477,12581,19.999
fourteam_prefix,36068,RenderSystem_Direct3D11.dll!?isVisible@D3D11RenderWindowHwnd@Ogre@@UBE_NXZ+0x25,6,0.0477,12581,19.999
fourteam_prefix,36068,RenderSystem_Direct3D11.dll!?_render@D3D11RenderSystem@Ogre@@UAEXABVRenderOperation@2@@Z+0x114,6,0.0477,12581,19.999
fourteam_prefix,36068,OgreMain.dll!?renderSingleObject@SceneManager@Ogre@@MAEXPAVRenderable@2@PBVPass@2@_N2PBV?$HashedVector@PAVLight@Ogre@@@2@@Z+0x261,6,0.0477,12581,19.999
fourteam_prefix,36068,OgreMain.dll!?unlock@HardwareBuffer@Ogre@@UAEXXZ+0x1,6,0.0477,12581,19.999
fourteam_prefix,36068,battlezone98redux.exe!sub_82f1b5,6,0.0477,12581,19.999
fourteam_prefix,36068,battlezone98redux.exe!sub_82cb8c,6,0.0477,12581,19.999
fourteam_prefix,36068,d3d11.dll!CreateDirect3D11DeviceFromDXGIDevice+0x9f257,6,0.0477,12581,19.999
fourteam_prefix,36068,OgreMain.dll!?waitForNextRequest@DefaultWorkQueue@Ogre@@MAEXXZ+0x11ce5e,6,0.0477,12581,19.999
fourteam_prefix,36068,RenderSystem_Direct3D11.dll!?uninstall@D3D11Plugin@Ogre@@UAEXXZ+0x51a0,6,0.0477,12581,19.999
fourteam_prefix,36068,dxgi.dll!CompatString+0x2c08,6,0.0477,12581,19.999
fourteam_prefix,36068,win32u.dll!_NtGdiDdDDICheckMonitorPowerState@4+0xc,6,0.0477,12581,19.999
fourteam_prefix,36068,d3d11.dll!CreateDirect3D11DeviceFromDXGIDevice+0x9e040,6,0.0477,12581,19.999
fourteam_prefix,36068,OgreMain.dll!?getLightAttenuation@AutoParamDataSource@Ogre@@UBE?AVVector4@2@I@Z+0xf,6,0.0477,12581,19.999
fourteam_prefix,36068,battlezone98redux.exe!sub_4d9b40,6,0.0477,12581,19.999
fourteam_prefix,36068,battlezone98redux.exe!sub_44f090,6,0.0477,12581,19.999
fourteam_prefix,36068,OgreMain.dll!?_updateViewport@RenderTarget@Ogre@@UAEXPAVViewport@2@_N@Z+0x3f,6,0.0477,12581,19.999
fourteam_prefix,36068,OgreMain.dll!?fireViewportPostUpdate@RenderTarget@Ogre@@MAEXPAVViewport@2@@Z+0x3b,6,0.0477,12581,19.999
fourteam_prefix,36068,battlezone98redux.exe!sub_6637a0,6,0.0477,12581,19.999
fourteam_prefix,36068,d3d11.dll!CreateDirect3D11DeviceFromDXGIDevice+0xa2171,6,0.0477,12581,19.999
fourteam_prefix,36068,nvwgf2um.dll!SetDependencyInfo+0x5040f,6,0.0477,12581,19.999
fourteam_prefix,36068,nvwgf2um.dll!SetDependencyInfo+0x358fb,6,0.0477,12581,19.999
fourteam_prefix,36068,battlezone98redux.exe!sub_44ff76,6,0.0477,12581,19.999
fourteam_prefix,36068,OgreMain.dll!?_notifyCurrentCamera@Entity@Ogre@@UAEXPAVCamera@2@@Z+0x45,6,0.0477,12581,19.999
fourteam_prefix,36068,d3d11.dll!CreateDirect3D11DeviceFromDXGIDevice+0x9a798,6,0.0477,12581,19.999
fourteam_prefix,36068,OgreMain.dll!?_renderScene@SceneManager@Ogre@@UAEXPAVCamera@2@PAVViewport@2@_N@Z+0x4c4,6,0.0477,12581,19.999
fourteam_prefix,36068,d3d11.dll+0x2b4eb,6,0.0477,12581,19.999
fourteam_prefix,36068,battlezone98redux.exe!sub_67c0e0,6,0.0477,12581,19.999
fourteam_prefix,36068,OgreMain.dll!?getDerivedPosition@Light@Ogre@@QBEABVVector3@2@_N@Z+0x29,6,0.0477,12581,19.999
fourteam_prefix,36068,nvwgf2um.dll!NVENCODEAPI_Thunk+0x43039,6,0.0477,12581,19.999
fourteam_prefix,36068,nvwgf2um.dll!SetDependencyInfo+0x35072,6,0.0477,12581,19.999
fourteam_prefix,36068,nvwgf2um.dll!NVAPI_Thunk+0x77fe,6,0.0477,12581,19.999
fourteam_prefix,36068,battlezone98redux.exe!sub_68af70,6,0.0477,12581,19.999
fourteam_prefix,36068,battlezone98redux.exe!sub_6869c0,6,0.0477,12581,19.999
fourteam_prefix,36068,RenderSystem_Direct3D11.dll!?getMonitorSequentialNumberFromSwapChain@MonitorInfo@Ogre@@QAEGPAUIDXGISwapChain@@_N@Z+0x2ac4,6,0.0477,12581,19.999
fourteam_prefix,36068,OgreMain.dll!?_notifyCurrentCamera@Entity@Ogre@@UAEXPAVCamera@2@@Z+0x1fa,6,0.0477,12581,19.999
fourteam_prefix,36068,WINMM.dll@6dfa0000!BZROpenShim::`anonymous namespace'::DecideFrustumCull+0x8b,6,0.0477,12581,19.999
fourteam_prefix,36068,OgreMain.dll!?isFloat@GpuConstantDefinition@Ogre@@SA_NW4GpuConstantType@2@@Z,6,0.0477,12581,19.999
fourteam_prefix,36068,KERNEL32.DLL!GetPrivateProfileStringA+0x3c,6,0.0477,12581,19.999
fourteam_prefix,36068,WINMM.dll@6dfa0000!`anonymous namespace'::TryReadIniValue+0x8c,6,0.0477,12581,19.999
fourteam_prefix,36068,WINMM.dll@6dfa0000!OpenShimGetEnvironmentVariableA+0x26e,6,0.0477,12581,19.999
fourteam_prefix,36068,WINMM.dll@6dfa0000!BZROpenShim::`anonymous namespace'::RefreshHeadlightState+0x4c0,6,0.0477,12581,19.999
fourteam_prefix,36068,MSVCR120.dll!__libm_sse2_acosf+0x20b,6,0.0477,12581,19.999
fourteam_prefix,36068,OgreMain.dll!?updatePoint@RotationalSpline@Ogre@@QAEXGABVQuaternion@2@@Z+0x9e39,6,0.0477,12581,19.999
fourteam_prefix,36068,OgreMain.dll!?_updateAutoParams@GpuProgramParameters@Ogre@@QAEXPBVAutoParamDataSource@2@G@Z+0x813,6,0.0477,12581,19.999
fourteam_prefix,36068,OgreMain.dll!?getInverseTextureSize@AutoParamDataSource@Ogre@@UBE?AVVector4@2@I@Z+0x15,6,0.0477,12581,19.999
fourteam_prefix,36068,OgreMain.dll!?_updateAutoParams@GpuProgramParameters@Ogre@@QAEXPBVAutoParamDataSource@2@G@Z+0x1e5c,6,0.0477,12581,19.999
fourteam_prefix,36068,nvwgf2um.dll!NVENCODEAPI_Thunk+0x541d2,6,0.0477,12581,19.999
fourteam_prefix,36068,d3d11.dll!D3D11CoreCreateLayeredDevice+0x13126,6,0.0477,12581,19.999
fourteam_prefix,36068,d3d11.dll!D3D11CoreCreateLayeredDevice+0x13753,6,0.0477,12581,19.999
fourteam_prefix,36068,RenderSystem_Direct3D11.dll+0x5970,6,0.0477,12581,19.999
fourteam_prefix,36068,OgreMain.dll!?_updateAutoParams@GpuProgramParameters@Ogre@@QAEXPBVAutoParamDataSource@2@G@Z+0x1bbb,6,0.0477,12581,19.999
fourteam_prefix,36068,OgreMain.dll!?setCorners@Rectangle2D@Ogre@@QAEXMMMM_N@Z+0x6f,6,0.0477,12581,19.999
fourteam_prefix,36068,OgreMain.dll!?hasScale@Matrix4@Ogre@@QBE_NXZ+0x42,6,0.0477,12581,19.999
fourteam_prefix,36068,OgreMain.dll!?_updateAutoParams@GpuProgramParameters@Ogre@@QAEXPBVAutoParamDataSource@2@G@Z+0x1f0c,6,0.0477,12581,19.999
fourteam_prefix,36068,dxgi.dll!DXGIGetDebugInterface1+0xa559,6,0.0477,12581,19.999
fourteam_prefix,36068,dxgi.dll!DXGIReportAdapterConfiguration+0xbf36,6,0.0477,12581,19.999
fourteam_prefix,36068,OgreMain.dll!?isInLightRange@Light@Ogre@@QBE_NABVSphere@2@@Z+0x4e,6,0.0477,12581,19.999
fourteam_prefix,36068,OgreMain.dll!?setCurrentPassIterationCount@RenderSystem@Ogre@@UAEXI@Z+0xd,6,0.0477,12581,19.999
fourteam_prefix,36068,OgreMain.dll!?softwareVertexBlend@Mesh@Ogre@@SAXPBVVertexData@2@0PBQBVMatrix4@2@I_N@Z+0x392,6,0.0477,12581,19.999
fourteam_prefix,36068,RenderSystem_Direct3D11.dll!?_updateFromShadow@D3D11HardwareBuffer@Ogre@@UAEXXZ+0x42,6,0.0477,12581,19.999
fourteam_prefix,36068,RenderSystem_Direct3D11.dll!?copyDataImpl@D3D11HardwareBuffer@Ogre@@QAEXAAVHardwareBuffer@2@III_N@Z+0x73,6,0.0477,12581,19.999
fourteam_prefix,36068,OgreMain.dll!?angleBetween@Vector3@Ogre@@QBE?AVRadian@2@ABV12@@Z+0xcc,6,0.0477,12581,19.999
fourteam_prefix,36068,RenderSystem_Direct3D11.dll!?getConstantBuffer@D3D11HLSLProgram@Ogre@@QAEPAUID3D11Buffer@@V?$SharedPtr@VGpuProgramParameters@Ogre@@@2@G@Z+0x141,6,0.0477,12581,19.999
fourteam_prefix,36068,OgreMain.dll!?setAnimationState@Skeleton@Ogre@@UAEXABVAnimationStateSet@2@@Z+0x15,6,0.0477,12581,19.999
fourteam_prefix,36068,battlezone98redux.exe!sub_77c610,6,0.0477,12581,19.999
fourteam_prefix,36068,battlezone98redux.exe!sub_77bf30,6,0.0477,12581,19.999
fourteam_prefix,36068,battlezone98redux.exe!sub_62cc50,6,0.0477,12581,19.999
fourteam_prefix,36068,battlezone98redux.exe!sub_438c10,6,0.0477,12581,19.999
fourteam_prefix,36068,MSVCR120.dll!ceil+0x1b6,6,0.0477,12581,19.999
fourteam_prefix,36068,battlezone98redux.exe!sub_4624d0,6,0.0477,12581,19.999
fourteam_prefix,36068,d3d11.dll!D3D11CoreCreateDevice+0x95ad,6,0.0477,12581,19.999
fourteam_prefix,36068,OgreMain.dll!?getWorldTransforms@SubEntity@Ogre@@UBEXPAVMatrix4@2@@Z+0x1c,6,0.0477,12581,19.999
fourteam_prefix,36068,win32u.dll!_NtNotifyPresentToCompositionSurface@8+0xc,5,0.0397,12581,19.999
fourteam_prefix,36068,d3d11.dll!D3D11CoreCreateLayeredDevice+0xcef0,5,0.0397,12581,19.999
fourteam_prefix,36068,OgreMain.dll!?_findNamedConstantDefinition@GpuProgramParameters@Ogre@@QBEPBUGpuConstantDefinition@2@ABV?$basic_string@DU?$char_traits@D@std@@V?$allocator@D@2@@std@@_N@Z+0x3,5,0.0397,12581,19.999
fourteam_prefix,36068,MSVCR120.dll!wcschr+0xcd,5,0.0397,12581,19.999
fourteam_prefix,36068,OgreMain.dll!?updatePoint@RotationalSpline@Ogre@@QAEXGABVQuaternion@2@@Z+0xafcf,5,0.0397,12581,19.999
fourteam_prefix,36068,OgreMain.dll!?hasEdgeList@Entity@Ogre@@UAE_NXZ+0x13,5,0.0397,12581,19.999
fourteam_prefix,36068,USER32.dll!SystemParametersInfoW+0x2c9,5,0.0397,12581,19.999
fourteam_prefix,36068,battlezone98redux.exe!sub_479f30,5,0.0397,12581,19.999
fourteam_prefix,36068,OgreMain.dll!??4GpuSharedParametersUsage@Ogre@@QAEAAV01@ABV01@@Z+0x27ab,5,0.0397,12581,19.999
fourteam_prefix,36068,battlezone98redux.exe!sub_784000,5,0.0397,12581,19.999
fourteam_prefix,36068,RenderSystem_Direct3D11.dll!?getMonitorSequentialNumberFromSwapChain@MonitorInfo@Ogre@@QAEGPAUIDXGISwapChain@@_N@Z+0xf44,5,0.0397,12581,19.999
fourteam_prefix,36068,OgreMain.dll!?_setPass@SceneManager@Ogre@@UAEPBVPass@2@PBV32@_N1@Z+0x125,5,0.0397,12581,19.999
fourteam_prefix,36068,OgreMain.dll!?isVisible@ShadowRenderable@Ogre@@UBE_NXZ+0x141,5,0.0397,12581,19.999
fourteam_prefix,36068,d3d11.dll!D3D11CoreCreateDevice+0x11b02,5,0.0397,12581,19.999
fourteam_prefix,36068,OgreMain.dll!??4GpuSharedParametersUsage@Ogre@@QAEAAV01@ABV01@@Z+0x27ae,5,0.0397,12581,19.999
fourteam_prefix,36068,d3d11.dll!CreateDirect3D11DeviceFromDXGIDevice+0xbae56,5,0.0397,12581,19.999
fourteam_prefix,36068,RenderSystem_Direct3D11.dll!?_render@D3D11RenderSystem@Ogre@@UAEXABVRenderOperation@2@@Z+0x64b,5,0.0397,12581,19.999
fourteam_prefix,36068,OgreMain.dll!?clip@ConvexBody@Ogre@@QAEXABVPlane@2@_N@Z+0x562,5,0.0397,12581,19.999
fourteam_prefix,36068,d3d11.dll+0x2b4c8,5,0.0397,12581,19.999
fourteam_prefix,36068,OgreMain.dll!??4GpuSharedParametersUsage@Ogre@@QAEAAV01@ABV01@@Z+0x273c,5,0.0397,12581,19.999
fourteam_prefix,36068,d3d11.dll+0x2bc91,5,0.0397,12581,19.999
fourteam_prefix,36068,d3d11.dll+0x2bead,5,0.0397,12581,19.999
fourteam_prefix,36068,RenderSystem_Direct3D11.dll!?_render@D3D11RenderSystem@Ogre@@UAEXABVRenderOperation@2@@Z+0x9a,5,0.0397,12581,19.999
fourteam_prefix,36068,OgreMain.dll!?getSide@Plane@Ogre@@QBE?AW4Side@12@ABVVector3@2@0@Z+0x4f,5,0.0397,12581,19.999
fourteam_prefix,36068,OgreMain.dll!?angleBetween@Vector3@Ogre@@QBE?AVRadian@2@ABV12@@Z+0x3a,5,0.0397,12581,19.999
fourteam_prefix,36068,OgreMain.dll!?_updateAutoParams@GpuProgramParameters@Ogre@@QAEXPBVAutoParamDataSource@2@G@Z+0x1332,5,0.0397,12581,19.999
fourteam_prefix,36068,MSVCR120.dll!__libm_sse2_acosf+0xe4,5,0.0397,12581,19.999
fourteam_prefix,36068,OgreMain.dll!?updatePoint@RotationalSpline@Ogre@@QAEXGABVQuaternion@2@@Z+0xb008,5,0.0397,12581,19.999
fourteam_prefix,36068,OgreMain.dll!?getConstantDefinition@GpuProgramParameters@Ogre@@QBEABUGpuConstantDefinition@2@ABV?$basic_string@DU?$char_traits@D@std@@V?$allocator@D@2@@std@@@Z+0xd2,5,0.0397,12581,19.999
fourteam_prefix,36068,nvwgf2um.dll!NVENCODEAPI_Thunk+0x2176d1,5,0.0397,12581,19.999
fourteam_prefix,36068,nvwgf2um.dll!SetDependencyInfo+0x541f0,5,0.0397,12581,19.999
fourteam_prefix,36068,OgreMain.dll!?merge@VisibleObjectsBoundsInfo@Ogre@@QAEXABVAxisAlignedBox@2@ABVSphere@2@PBVCamera@2@_N@Z+0x10,5,0.0397,12581,19.999
fourteam_prefix,36068,OgreMain.dll!?findLightsAffectingFrustum@SceneManager@Ogre@@MAEXPBVCamera@2@@Z+0x194,5,0.0397,12581,19.999
fourteam_prefix,36068,OgreMain.dll!?_setTextureUnitSettings@RenderSystem@Ogre@@UAEXIAAVTextureUnitState@2@@Z+0x16c,5,0.0397,12581,19.999
fourteam_prefix,36068,MSVCP120.dll!?do_put@?$num_put@DV?$ostreambuf_iterator@DU?$char_traits@D@std@@@std@@@std@@MBE?AV?$ostreambuf_iterator@DU?$char_traits@D@std@@@2@V32@AAVios_base@2@DK@Z+0x40,5,0.0397,12581,19.999
fourteam_prefix,36068,MSVCR120.dll!sprintf_s+0x17,5,0.0397,12581,19.999
fourteam_prefix,36068,OgreMain.dll!?_getTexturePtr@TextureUnitState@Ogre@@QBEABV?$SharedPtr@VTexture@Ogre@@@2@XZ+0x2,5,0.0397,12581,19.999
fourteam_prefix,36068,OgreMain.dll!?getLightDirection@AutoParamDataSource@Ogre@@UBEABVVector3@2@I@Z+0xb,5,0.0397,12581,19.999
fourteam_prefix,36068,d3d11.dll!CreateDirect3D11DeviceFromDXGIDevice+0xa20c1,5,0.0397,12581,19.999
fourteam_prefix,36068,d3d11.dll!CreateDirect3D11DeviceFromDXGIDevice+0xa05ae,5,0.0397,12581,19.999
fourteam_prefix,36068,ntdll.dll!_ZwSetInformationThread@16+0xc,5,0.0397,12581,19.999
fourteam_prefix,36068,nvwgf2um.dll!SetDependencyInfo+0x5425a,5,0.0397,12581,19.999
fourteam_prefix,36068,OgreMain.dll!?isVisible@ShadowRenderable@Ogre@@UBE_NXZ+0x24d,5,0.0397,12581,19.999
fourteam_prefix,36068,battlezone98redux.exe!sub_4221b0,5,0.0397,12581,19.999
fourteam_prefix,36068,USER32.dll!GetWindow+0xa0,5,0.0397,12581,19.999
fourteam_prefix,36068,OgreMain.dll!?updateFromParentImpl@Node@Ogre@@MBEXXZ+0x118,5,0.0397,12581,19.999
fourteam_prefix,36068,OgreMain.dll!?getWorldViewMatrix@AutoParamDataSource@Ogre@@UBEABVMatrix4@2@XZ,5,0.0397,12581,19.999
fourteam_prefix,36068,ntdll.dll!_RtlAbPostRelease@8+0x28,5,0.0397,12581,19.999
fourteam_prefix,36068,MSVCR120.dll!floor+0x3e,5,0.0397,12581,19.999
fourteam_prefix,36068,OgreMain.dll!?getValueImpl@DistanceLodStrategyBase@Ogre@@MBEMPBVMovableObject@2@PBVCamera@2@@Z+0x90,5,0.0397,12581,19.999
fourteam_prefix,36068,RenderSystem_Direct3D11.dll!?_setRenderTargetViews@D3D11RenderSystem@Ogre@@IAEXXZ+0x68,5,0.0397,12581,19.999
fourteam_prefix,36068,OgreMain.dll!?_writeRawConstant@GpuProgramParameters@Ogre@@QAEXIABVMatrix4@2@I@Z+0x1e,5,0.0397,12581,19.999
fourteam_prefix,36068,OgreMain.dll!?updateFrustum@Frustum@Ogre@@MBEXXZ+0x1d,5,0.0397,12581,19.999
fourteam_prefix,36068,OgreMain.dll!?getSide@Plane@Ogre@@QBE?AW4Side@12@ABVVector3@2@0@Z+0x67,5,0.0397,12581,19.999
fourteam_prefix,36068,OgreMain.dll!?getBestTechnique@Material@Ogre@@QAEPAVTechnique@2@GPBVRenderable@2@@Z+0x69,5,0.0397,12581,19.999
fourteam_prefix,36068,OgreMain.dll!?_getTexturePtr@TextureUnitState@Ogre@@QBEABV?$SharedPtr@VTexture@Ogre@@@2@I@Z+0x47,5,0.0397,12581,19.999
fourteam_prefix,36068,RenderSystem_Direct3D11.dll!?fireDeviceEvent@D3D11RenderSystem@Ogre@@QAEXPAVD3D11Device@2@ABV?$basic_string@DU?$char_traits@D@std@@V?$allocator@D@2@@std@@PAVD3D11RenderWindowBase@2@@Z+0x164,5,0.0397,12581,19.999
fourteam_prefix,36068,MSVCR120.dll!__libm_sse2_acosf+0x93,5,0.0397,12581,19.999
fourteam_prefix,36068,battlezone98redux.exe!sub_6786f0,5,0.0397,12581,19.999
fourteam_prefix,36068,OgreMain.dll+0x6c12,5,0.0397,12581,19.999
fourteam_prefix,36068,OgreMain.dll!?touchVertexBufferCopy@HardwareBufferManagerBase@Ogre@@UAEXABVHardwareVertexBufferSharedPtr@2@@Z+0x8a,5,0.0397,12581,19.999
fourteam_prefix,36068,battlezone98redux.exe!sub_422e80,5,0.0397,12581,19.999
fourteam_prefix,36068,OgreMain.dll!?updatePoint@RotationalSpline@Ogre@@QAEXGABVQuaternion@2@@Z+0xa2b4,5,0.0397,12581,19.999
fourteam_prefix,36068,battlezone98redux.exe!sub_421f70,5,0.0397,12581,19.999
fourteam_prefix,36068,OgreMain.dll!??4GpuSharedParametersUsage@Ogre@@QAEAAV01@ABV01@@Z+0x2700,5,0.0397,12581,19.999
fourteam_prefix,36068,MSVCR120.dll!__libm_sse2_asinf+0xf,5,0.0397,12581,19.999
fourteam_prefix,36068,battlezone98redux.exe!sub_4588c0,5,0.0397,12581,19.999
fourteam_prefix,36068,OgreMain.dll!?ACos@Math@Ogre@@SA?AVRadian@2@M@Z+0x1e,5,0.0397,12581,19.999
fourteam_prefix,36068,battlezone98redux.exe!sub_6ae160,5,0.0397,12581,19.999
fourteam_prefix,36068,OgreMain.dll!?isInLightRange@Light@Ogre@@QBE_NABVSphere@2@@Z+0x6,5,0.0397,12581,19.999
fourteam_prefix,36068,d3d11.dll!CreateDirect3D11DeviceFromDXGIDevice+0xa461e,5,0.0397,12581,19.999
fourteam_prefix,36068,OgreMain.dll!?_setTextureUnitSettings@RenderSystem@Ogre@@UAEXIAAVTextureUnitState@2@@Z+0x15c,5,0.0397,12581,19.999
fourteam_prefix,36068,RenderSystem_Direct3D11.dll!?_setTesselationDomainTexture@D3D11RenderSystem@Ogre@@UAEXIABV?$SharedPtr@VTexture@Ogre@@@2@@Z+0x19,5,0.0397,12581,19.999
fourteam_prefix,36068,OgreMain.dll!?createTechnique@Material@Ogre@@QAEPAVTechnique@2@XZ+0xaff,5,0.0397,12581,19.999
fourteam_prefix,36068,MSVCR120.dll!__libm_sse2_asinf+0x23c,5,0.0397,12581,19.999
fourteam_prefix,36068,OgreMain.dll!??4GpuSharedParametersUsage@Ogre@@QAEAAV01@ABV01@@Z+0x2718,5,0.0397,12581,19.999
fourteam_prefix,36068,OgreMain.dll!?getDerivedDirection@Light@Ogre@@QBEABVVector3@2@XZ+0xb,5,0.0397,12581,19.999
fourteam_prefix,36068,OgreMain.dll!?updateAnimation@Entity@Ogre@@IAEXXZ+0x11d,5,0.0397,12581,19.999
fourteam_prefix,36068,OgreMain.dll!?getWorldViewMatrix@AutoParamDataSource@Ogre@@UBEABVMatrix4@2@XZ+0x241,5,0.0397,12581,19.999
fourteam_prefix,36068,battlezone98redux.exe!sub_44f200,5,0.0397,12581,19.999
fourteam_prefix,36068,battlezone98redux.exe!sub_4badc0,5,0.0397,12581,19.999
fourteam_prefix,36068,OgreMain.dll!?_getBoneMatrices@Skeleton@Ogre@@UAEXPAVMatrix4@2@@Z+0x10,5,0.0397,12581,19.999
fourteam_prefix,36068,OgreMain.dll!?_updateTransforms@Skeleton@Ogre@@UAEXXZ+0x3e,5,0.0397,12581,19.999
fourteam_prefix,36068,OgreMain.dll!?_update@Node@Ogre@@UAEX_N0@Z+0x7f,5,0.0397,12581,19.999
fourteam_prefix,36068,OgreMain.dll!?_update@Node@Ogre@@UAEX_N0@Z+0xaa,5,0.0397,12581,19.999
fourteam_prefix,36068,OgreMain.dll!?updatePoint@RotationalSpline@Ogre@@QAEXGABVQuaternion@2@@Z+0xb084,5,0.0397,12581,19.999
fourteam_prefix,36068,d3d11.dll!CreateDirect3D11DeviceFromDXGIDevice+0xbae5f,5,0.0397,12581,19.999
fourteam_prefix,36068,OgreMain.dll!?getSide@Plane@Ogre@@QBE?AW4Side@12@ABVVector3@2@0@Z+0x6c,5,0.0397,12581,19.999
fourteam_prefix,36068,OgreMain.dll!?preRenderTargetUpdate@CompositorChain@Ogre@@UAEXABURenderTargetEvent@2@@Z+0x63,5,0.0397,12581,19.999
fourteam_prefix,36068,d3d11.dll!CreateDirect3D11DeviceFromDXGIDevice+0x9a900,5,0.0397,12581,19.999
fourteam_prefix,36068,nvwgf2um.dll!OpenAdapter10+0x74e9d,5,0.0397,12581,19.999
fourteam_prefix,36068,MSVCR120.dll!__libm_sse2_acosf+0xe0,5,0.0397,12581,19.999
fourteam_prefix,36068,OgreMain.dll!?RealEqual@Math@Ogre@@SA_NMMM@Z+0xd,5,0.0397,12581,19.999
fourteam_prefix,36068,MSVCR120.dll!__libm_sse2_asinf+0xbc,5,0.0397,12581,19.999
fourteam_prefix,36068,nvwgf2um.dll!NVAPI_Thunk+0x7948,5,0.0397,12581,19.999
fourteam_prefix,36068,nvwgf2um.dll!SetDependencyInfo+0x350d2,5,0.0397,12581,19.999
fourteam_prefix,36068,OgreMain.dll!?clear@RenderPriorityGroup@Ogre@@QAEXXZ+0x205,5,0.0397,12581,19.999
fourteam_prefix,36068,OgreMain.dll!?_findNamedConstantDefinition@GpuProgramParameters@Ogre@@QBEPBUGpuConstantDefinition@2@ABV?$basic_string@DU?$char_traits@D@std@@V?$allocator@D@2@@std@@_N@Z+0x3f,5,0.0397,12581,19.999
fourteam_prefix,36068,d3d11.dll!CreateDirect3D11DeviceFromDXGIDevice+0xa515f,5,0.0397,12581,19.999
fourteam_prefix,36068,battlezone98redux.exe!sub_67c2a0,5,0.0397,12581,19.999
fourteam_prefix,36068,battlezone98redux.exe!sub_4a74e0,5,0.0397,12581,19.999
fourteam_prefix,36068,battlezone98redux.exe!sub_4ea300,5,0.0397,12581,19.999
fourteam_prefix,36068,d3d11.dll+0x2b095,5,0.0397,12581,19.999
fourteam_prefix,36068,OgreMain.dll!?processVisibleObject@RenderQueue@Ogre@@QAEXPAVMovableObject@2@PAVCamera@2@_NPAUVisibleObjectsBoundsInfo@2@@Z+0x40,5,0.0397,12581,19.999
fourteam_prefix,36068,OgreMain.dll!?ASin@Math@Ogre@@SA?AVRadian@2@M@Z+0x1c,5,0.0397,12581,19.999
fourteam_prefix,36068,OgreMain.dll!?_notifyCurrentCamera@Entity@Ogre@@UAEXPAVCamera@2@@Z+0x149,5,0.0397,12581,19.999
fourteam_prefix,36068,RenderSystem_Direct3D11.dll!?getD3DIndexBuffer@D3D11HardwareIndexBuffer@Ogre@@QBEPAUID3D11Buffer@@XZ+0x6,5,0.0397,12581,19.999
fourteam_prefix,36068,OgreMain.dll!?_populateLightList@SceneManager@Ogre@@UAEXABVVector3@2@MAAV?$HashedVector@PAVLight@Ogre@@@2@I@Z+0x142,5,0.0397,12581,19.999
fourteam_prefix,36068,OgreMain.dll+0x2f103,5,0.0397,12581,19.999
fourteam_prefix,36068,MSVCR120.dll!memcpy+0x14,5,0.0397,12581,19.999
fourteam_prefix,36068,d3d11.dll!CreateDirect3D11DeviceFromDXGIDevice+0x9f8a0,5,0.0397,12581,19.999
fourteam_prefix,36068,KERNEL32.DLL!BaseDllReadWriteIniFile+0xea,5,0.0397,12581,19.999
fourteam_prefix,36068,OgreMain.dll!?isInLightRange@Light@Ogre@@QBE_NABVSphere@2@@Z+0x14c,5,0.0397,12581,19.999
fourteam_prefix,36068,RenderSystem_Direct3D11.dll!?_render@D3D11RenderSystem@Ogre@@UAEXABVRenderOperation@2@@Z+0xcab,5,0.0397,12581,19.999
fourteam_prefix,36068,OgreMain.dll!?isVisible@Frustum@Ogre@@UBE_NABVSphere@2@PAW4FrustumPlane@2@@Z+0x4f,5,0.0397,12581,19.999
fourteam_prefix,36068,KERNEL32.DLL!SetLastError,5,0.0397,12581,19.999
fourteam_prefix,36068,OgreMain.dll!?renderSingleObject@SceneManager@Ogre@@MAEXPAVRenderable@2@PBVPass@2@_N2PBV?$HashedVector@PAVLight@Ogre@@@2@@Z+0x2b9,5,0.0397,12581,19.999
fourteam_prefix,36068,OgreMain.dll!?clone@Animation@Ogre@@QBEPAV12@ABV?$basic_string@DU?$char_traits@D@std@@V?$allocator@D@2@@std@@@Z+0x2e9,5,0.0397,12581,19.999
fourteam_prefix,36068,OgreMain.dll+0x1fc30,5,0.0397,12581,19.999
fourteam_prefix,36068,WINMM.dll@6dfa0000!BZROpenShim::Log+0x51,5,0.0397,12581,19.999
fourteam_prefix,36068,OgreMain.dll!?_setTextureUnitSettings@RenderSystem@Ogre@@UAEXIAAVTextureUnitState@2@@Z+0x22c,5,0.0397,12581,19.999
fourteam_prefix,36068,OgreMain.dll!?updateFromParentImpl@SceneNode@Ogre@@MBEXXZ+0x18,5,0.0397,12581,19.999
fourteam_prefix,36068,OgreMain.dll+0x2bbc0,5,0.0397,12581,19.999
fourteam_prefix,36068,OgreMain.dll!?_writeRawConstant@GpuProgramParameters@Ogre@@QAEXIABVVector4@2@I@Z,5,0.0397,12581,19.999
fourteam_prefix,36068,OgreMain.dll!?_findVisibleObjects@SceneNode@Ogre@@UAEXPAVCamera@2@PAVRenderQueue@2@PAUVisibleObjectsBoundsInfo@2@_N33@Z+0x68,5,0.0397,12581,19.999
fourteam_prefix,36068,MSVCR120.dll!__libm_sse2_acosf+0x3a,5,0.0397,12581,19.999
fourteam_prefix,36068,OgreMain.dll!?updateFrustumPlanes@Frustum@Ogre@@MBEXXZ+0x15,5,0.0397,12581,19.999
fourteam_prefix,36068,dxgi.dll!CompatString+0x2159,5,0.0397,12581,19.999
fourteam_prefix,36068,dxgi.dll!DXGIGetDebugInterface1+0xe68e,5,0.0397,12581,19.999
fourteam_prefix,36068,OgreMain.dll!?updateView@Frustum@Ogre@@MBEXXZ+0x1d,5,0.0397,12581,19.999
fourteam_prefix,36068,OgreMain.dll!?isInLightRange@Light@Ogre@@QBE_NABVSphere@2@@Z+0x134,5,0.0397,12581,19.999
fourteam_prefix,36068,RenderSystem_Direct3D11.dll!?clearFrameBuffer@D3D11RenderSystem@Ogre@@UAEXIABVColourValue@2@MG@Z+0x67,5,0.0397,12581,19.999
fourteam_prefix,36068,OgreMain.dll+0x2d2f9,5,0.0397,12581,19.999
fourteam_prefix,36068,OgreMain.dll!?_populateLightList@SceneManager@Ogre@@UAEXABVVector3@2@MAAV?$HashedVector@PAVLight@Ogre@@@2@I@Z+0x14f,5,0.0397,12581,19.999
fourteam_prefix,36068,OgreMain.dll!?getTextureWorldViewProjMatrix@AutoParamDataSource@Ogre@@UBEABVMatrix4@2@I@Z+0x3f,5,0.0397,12581,19.999
fourteam_prefix,36068,dxgi.dll!CompatString+0x4613,5,0.0397,12581,19.999
fourteam_prefix,36068,OgreMain.dll!?getSide@Plane@Ogre@@QBE?AW4Side@12@ABVVector3@2@0@Z+0x31,5,0.0397,12581,19.999
fourteam_prefix,36068,nvwgf2um.dll!OpenAdapter10+0x72010,5,0.0397,12581,19.999
fourteam_prefix,36068,ntdll.dll!_RtlpLocalInfoAllocFromCache@8+0x28,5,0.0397,12581,19.999
fourteam_prefix,36068,ntdll.dll!_LdrpResolveProcedureAddress@24+0x9f,5,0.0397,12581,19.999
fourteam_prefix,36068,ntdll.dll!_LdrGetProcedureAddressForCaller@24+0x37c,5,0.0397,12581,19.999
fourteam_prefix,36068,OgreMain.dll!?isFloat@GpuConstantDefinition@Ogre@@SA_NW4GpuConstantType@2@@Z+0x6,5,0.0397,12581,19.999
fourteam_prefix,36068,OgreMain.dll!?_findNamedConstantDefinition@GpuProgramParameters@Ogre@@QBEPBUGpuConstantDefinition@2@ABV?$basic_string@DU?$char_traits@D@std@@V?$allocator@D@2@@std@@_N@Z+0xdd,5,0.0397,12581,19.999
fourteam_prefix,36068,OgreMain.dll!?merge@VisibleObjectsBoundsInfo@Ogre@@QAEXABVAxisAlignedBox@2@ABVSphere@2@PBVCamera@2@_N@Z+0x13f,5,0.0397,12581,19.999
fourteam_prefix,36068,OgreMain.dll!?_detectImplementation@OptimisedUtil@Ogre@@KAPAV12@XZ+0x4599,5,0.0397,12581,19.999
fourteam_prefix,36068,RenderSystem_Direct3D11.dll!??1D3D11RenderWindowSwapChainBased@Ogre@@UAE@XZ+0x40a,5,0.0397,12581,19.999
fourteam_prefix,36068,OgreMain.dll!?renderSingleObject@SceneManager@Ogre@@MAEXPAVRenderable@2@PBVPass@2@_N2PBV?$HashedVector@PAVLight@Ogre@@@2@@Z+0x199,5,0.0397,12581,19.999
fourteam_prefix,36068,battlezone98redux.exe!sub_6a3490,5,0.0397,12581,19.999
fourteam_prefix,36068,d3d11.dll!D3D11CoreCreateLayeredDevice+0x956f,5,0.0397,12581,19.999
fourteam_prefix,36068,ntdll.dll!RtlDosApplyFileIsolationRedirection_Ustr+0x2e1,5,0.0397,12581,19.999
fourteam_prefix,36068,battlezone98redux.exe!sub_778450,5,0.0397,12581,19.999
fourteam_prefix,36068,RenderSystem_Direct3D11.dll!?_setRenderTargetViews@D3D11RenderSystem@Ogre@@IAEXXZ+0x7e,5,0.0397,12581,19.999
fourteam_prefix,36068,OgreMain.dll+0x3e42d,5,0.0397,12581,19.999
fourteam_prefix,36068,RenderSystem_Direct3D11.dll!?_render@D3D11RenderSystem@Ogre@@UAEXABVRenderOperation@2@@Z+0x225,5,0.0397,12581,19.999
fourteam_prefix,36068,OgreMain.dll!?getShadowsEnabled@Viewport@Ogre@@QBE_NXZ+0x3,5,0.0397,12581,19.999
fourteam_prefix,36068,OgreMain.dll!?_writeRawConstants@GpuProgramParameters@Ogre@@QAEXIPBMI@Z+0x1c,5,0.0397,12581,19.999
fourteam_prefix,36068,d3d11.dll!CreateDirect3D11DeviceFromDXGIDevice+0xa0986,5,0.0397,12581,19.999
fourteam_prefix,36068,battlezone98redux.exe!sub_44efb0,5,0.0397,12581,19.999
fourteam_prefix,36068,d3d11.dll!CreateDirect3D11DeviceFromDXGIDevice+0xbc59b,5,0.0397,12581,19.999
fourteam_prefix,36068,battlezone98redux.exe!sub_67a780,5,0.0397,12581,19.999
fourteam_prefix,36068,WINMM.dll@6dfa0000!BZROpenShim::DynamicGeometrySetSquaredViewDepthHook+0x4b,5,0.0397,12581,19.999
fourteam_prefix,36068,OgreMain.dll!?getType@GpuProgram@Ogre@@UBE?AW4GpuProgramType@2@XZ+0x6,5,0.0397,12581,19.999
fourteam_prefix,36068,battlezone98redux.exe!sub_613630,5,0.0397,12581,19.999
fourteam_prefix,36068,OgreMain.dll!?getIndex@DistanceLodStrategyBase@Ogre@@UBEGMABV?$vector@UMeshLodUsage@Ogre@@V?$STLAllocator@UMeshLodUsage@Ogre@@V?$CategorisedAllocPolicy@$0A@@2@@2@@std@@@Z+0x16,5,0.0397,12581,19.999
fourteam_prefix,36068,OgreMain.dll!?updateFrustum@Frustum@Ogre@@MBEXXZ,5,0.0397,12581,19.999
fourteam_prefix,36068,RenderSystem_Direct3D11.dll!?getConstantBuffer@D3D11HLSLProgram@Ogre@@QAEPAUID3D11Buffer@@V?$SharedPtr@VGpuProgramParameters@Ogre@@@2@G@Z+0x1d1,4,0.0318,12581,19.999
fourteam_prefix,36068,OgreMain.dll!?deriveShadowCasterPass@SceneManager@Ogre@@MAEPBVPass@2@PBV32@@Z+0x480,4,0.0318,12581,19.999
fourteam_prefix,36068,OgreMain.dll!??D?$SharedPtr@VHardwareUniformBuffer@Ogre@@@Ogre@@QBEAAVHardwareUniformBuffer@1@XZ+0x411,4,0.0318,12581,19.999
fourteam_prefix,36068,USER32.dll!MsgWaitForMultipleObjectsEx+0x270,4,0.0318,12581,19.999
fourteam_prefix,36068,OgreMain.dll!?_getRenderOperation@SubMesh@Ogre@@QAEXAAVRenderOperation@2@G@Z+0x2c,4,0.0318,12581,19.999
fourteam_prefix,36068,ntdll.dll!_RtlpDosPathNameToRelativeNtPathName@28+0x312,4,0.0318,12581,19.999
fourteam_prefix,36068,battlezone98redux.exe!sub_43c6e0,4,0.0318,12581,19.999
fourteam_prefix,36068,battlezone98redux.exe!sub_440000,4,0.0318,12581,19.999
fourteam_prefix,36068,OgreMain.dll!??4GpuSharedParametersUsage@Ogre@@QAEAAV01@ABV01@@Z+0x274c,4,0.0318,12581,19.999
fourteam_prefix,36068,d3d11.dll!D3D11CoreCreateDevice+0x11a2f,4,0.0318,12581,19.999
fourteam_prefix,36068,OgreMain.dll!?isInLightRange@Light@Ogre@@QBE_NABVSphere@2@@Z+0x7e,4,0.0318,12581,19.999
fourteam_prefix,36068,OgreMain.dll!?useLightsGpuProgram@SceneManager@Ogre@@MAEXPBVPass@2@PBV?$HashedVector@PAVLight@Ogre@@@2@@Z+0x8,4,0.0318,12581,19.999
fourteam_prefix,36068,battlezone98redux.exe!sub_73ada0,4,0.0318,12581,19.999
fourteam_prefix,36068,battlezone98redux.exe!sub_73b690,4,0.0318,12581,19.999
fourteam_prefix,36068,battlezone98redux.exe!sub_44ec90,4,0.0318,12581,19.999
fourteam_prefix,36068,battlezone98redux.exe!FID_conflict:_Make_iter,4,0.0318,12581,19.999
fourteam_prefix,36068,MSVCR120.dll!__libm_sse2_acosf+0x18e,4,0.0318,12581,19.999
fourteam_prefix,36068,OgreMain.dll!?isVisible@Frustum@Ogre@@UBE_NABVAxisAlignedBox@2@PAW4FrustumPlane@2@@Z+0x10,4,0.0318,12581,19.999
fourteam_prefix,36068,RenderSystem_Direct3D11.dll!?throwIfFailed@D3D11Device@Ogre@@QAEXPBD0@Z+0x2de,4,0.0318,12581,19.999
fourteam_prefix,36068,RenderSystem_Direct3D11.dll!?bindGpuProgramParameters@D3D11RenderSystem@Ogre@@UAEXW4GpuProgramType@2@V?$SharedPtr@VGpuProgramParameters@Ogre@@@2@G@Z+0x504,4,0.0318,12581,19.999
fourteam_prefix,36068,OgreMain.dll!?lock@HardwareBuffer@Ogre@@UAEPAXIIW4LockOptions@12@W4UploadOptions@12@@Z+0x190,4,0.0318,12581,19.999
fourteam_prefix,36068,OgreMain.dll!?getBestTechnique@Material@Ogre@@QAEPAVTechnique@2@GPBVRenderable@2@@Z+0x8d,4,0.0318,12581,19.999
fourteam_prefix,36068,KERNEL32.DLL!GetProcessAffinityMask+0x2a,4,0.0318,12581,19.999
fourteam_prefix,36068,d3d11.dll+0x39015,4,0.0318,12581,19.999
fourteam_prefix,36068,battlezone98redux.exe!sub_684ca0,4,0.0318,12581,19.999
fourteam_prefix,36068,MSVCR120.dll!_vsprintf_s_l+0x32,4,0.0318,12581,19.999
fourteam_prefix,36068,MSVCR120.dll!??0scoped_lock_read@reader_writer_lock@Concurrency@@QAE@AAV12@@Z+0xa0a,4,0.0318,12581,19.999
fourteam_prefix,36068,OgreMain.dll!?_updateAutoParams@GpuProgramParameters@Ogre@@QAEXPBVAutoParamDataSource@2@G@Z+0x1246,4,0.0318,12581,19.999
fourteam_prefix,36068,OgreMain.dll!?addSolidRenderable@RenderPriorityGroup@Ogre@@IAEXPAVTechnique@2@PAVRenderable@2@_N@Z+0x35,4,0.0318,12581,19.999
fourteam_prefix,36068,MSVCR120.dll!__libm_sse2_asinf+0xd0,4,0.0318,12581,19.999
fourteam_prefix,36068,OgreMain.dll!?clear@RenderPriorityGroup@Ogre@@QAEXXZ+0x3d,4,0.0318,12581,19.999
fourteam_prefix,36068,RenderSystem_Direct3D11.dll+0x3242,4,0.0318,12581,19.999
fourteam_prefix,36068,d3d11.dll+0x3164c,4,0.0318,12581,19.999
fourteam_prefix,36068,d3d11.dll+0x30f0b,4,0.0318,12581,19.999
fourteam_prefix,36068,OgreMain.dll+0xb1bd,4,0.0318,12581,19.999
fourteam_prefix,36068,OgreMain.dll!?getWorldViewMatrix@AutoParamDataSource@Ogre@@UBEABVMatrix4@2@XZ+0x45,4,0.0318,12581,19.999
fourteam_prefix,36068,d3d11.dll!CreateDirect3D11DeviceFromDXGIDevice+0xa5745,4,0.0318,12581,19.999
fourteam_prefix,36068,OgreMain.dll+0x10d11,4,0.0318,12581,19.999
fourteam_prefix,36068,RenderSystem_Direct3D11.dll!?getConstantBuffer@D3D11HLSLProgram@Ogre@@QAEPAUID3D11Buffer@@V?$SharedPtr@VGpuProgramParameters@Ogre@@@2@G@Z+0x100,4,0.0318,12581,19.999
fourteam_prefix,36068,battlezone98redux.exe!sub_67b9d0,4,0.0318,12581,19.999
fourteam_prefix,36068,battlezone98redux.exe!sub_593570,4,0.0318,12581,19.999
fourteam_prefix,36068,OgreMain.dll!?setPosition@Node@Ogre@@UAEXMMM@Z+0x2d,4,0.0318,12581,19.999
fourteam_prefix,36068,OgreMain.dll!??4GpuSharedParametersUsage@Ogre@@QAEAAV01@ABV01@@Z+0x2758,4,0.0318,12581,19.999
fourteam_prefix,36068,RenderSystem_Direct3D11.dll!?bindGpuProgram@D3D11RenderSystem@Ogre@@UAEXPAVGpuProgram@2@@Z+0xf5,4,0.0318,12581,19.999
fourteam_prefix,36068,OgreMain.dll!?lock@HardwareBuffer@Ogre@@UAEPAXIIW4LockOptions@12@W4UploadOptions@12@@Z+0x191,4,0.0318,12581,19.999
fourteam_prefix,36068,OgreMain.dll!?getBestTechnique@Material@Ogre@@QAEPAVTechnique@2@GPBVRenderable@2@@Z+0x7c,4,0.0318,12581,19.999
fourteam_prefix,36068,OgreMain.dll!?updateFrustum@Frustum@Ogre@@MBEXXZ+0xf,4,0.0318,12581,19.999
fourteam_prefix,36068,OgreMain.dll!?findLightsAffectingFrustum@SceneManager@Ogre@@MAEXPBVCamera@2@@Z+0xca,4,0.0318,12581,19.999
fourteam_prefix,36068,OgreMain.dll!?renderSingleObject@SceneManager@Ogre@@MAEXPAVRenderable@2@PBVPass@2@_N2PBV?$HashedVector@PAVLight@Ogre@@@2@@Z+0x8aa,4,0.0318,12581,19.999
fourteam_prefix,36068,OgreMain.dll!?getDerivedPosition@Light@Ogre@@QBEABVVector3@2@_N@Z+0x6,4,0.0318,12581,19.999
fourteam_prefix,36068,MSVCR120.dll!__libm_sse2_asinf+0x3e,4,0.0318,12581,19.999
fourteam_prefix,36068,battlezone98redux.exe!sub_82c471,4,0.0318,12581,19.999
fourteam_prefix,36068,d3d11.dll+0x30d77,4,0.0318,12581,19.999
fourteam_prefix,36068,OgreMain.dll!?updateRenderQueueSplitOptions@SceneManager@Ogre@@MAEXXZ+0x34,4,0.0318,12581,19.999
fourteam_prefix,36068,battlezone98redux.exe!sub_4a7370,4,0.0318,12581,19.999
fourteam_prefix,36068,WINMM.dll@6dfa0000!BZROpenShim::`anonymous namespace'::RenderMultiplayerFlags+0x4b1,4,0.0318,12581,19.999
fourteam_prefix,36068,OgreMain.dll!?getSide@Plane@Ogre@@QBE?AW4Side@12@ABVVector3@2@0@Z+0x7,4,0.0318,12581,19.999
fourteam_prefix,36068,OgreMain.dll!?getWorldBoundingSphere@MovableObject@Ogre@@UBEABVSphere@2@_N@Z+0x4a,4,0.0318,12581,19.999
fourteam_prefix,36068,OgreMain.dll!?updateFromParentImpl@SceneNode@Ogre@@MBEXXZ+0x11,4,0.0318,12581,19.999
fourteam_prefix,36068,OgreMain.dll!?hasViewRelativeTextureCoordinateGeneration@TextureUnitState@Ogre@@QBE_NXZ+0x18,4,0.0318,12581,19.999
fourteam_prefix,36068,d3d11.dll+0x27029,4,0.0318,12581,19.999
fourteam_prefix,36068,d3d11.dll!D3D11CoreCreateDevice+0x1d567,4,0.0318,12581,19.999
fourteam_prefix,36068,OgreMain.dll!?getIndexAscending@LodStrategy@Ogre@@KAGMABV?$vector@MV?$STLAllocator@MV?$CategorisedAllocPolicy@$0A@@Ogre@@@Ogre@@@std@@@Z+0x24,4,0.0318,12581,19.999
fourteam_prefix,36068,battlezone98redux.exe!sub_421ee0,4,0.0318,12581,19.999
fourteam_prefix,36068,ucrtbase.dll!_tolower,4,0.0318,12581,19.999
fourteam_prefix,36068,OgreMain.dll!?_detectImplementation@OptimisedUtil@Ogre@@KAPAV12@XZ+0x4687,4,0.0318,12581,19.999
fourteam_prefix,36068,d3d11.dll!D3DPerformance_BeginEvent+0xb6,4,0.0318,12581,19.999
fourteam_prefix,36068,RenderSystem_Direct3D11.dll!?_render@D3D11RenderSystem@Ogre@@UAEXABVRenderOperation@2@@Z+0x257,4,0.0318,12581,19.999
fourteam_prefix,36068,OgreMain.dll!?updateAnimation@Entity@Ogre@@IAEXXZ+0x4c3,4,0.0318,12581,19.999
fourteam_prefix,36068,OgreMain.dll!??4GpuSharedParametersUsage@Ogre@@QAEAAV01@ABV01@@Z+0x2711,4,0.0318,12581,19.999
fourteam_prefix,36068,OgreMain.dll!?_detectImplementation@OptimisedUtil@Ogre@@KAPAV12@XZ+0x459c,4,0.0318,12581,19.999
fourteam_prefix,36068,OgreMain.dll!?_fireFrameStarted@Root@Ogre@@QAE_NXZ+0x1f,4,0.0318,12581,19.999
fourteam_prefix,36068,OgreMain.dll!?angleBetween@Vector3@Ogre@@QBE?AVRadian@2@ABV12@@Z+0xd5,4,0.0318,12581,19.999
fourteam_prefix,36068,ntdll.dll!_RtlpFreeNTHeapInternal@12+0x206,4,0.0318,12581,19.999
fourteam_prefix,36068,MSVCR120.dll!_getptd+0x5a,4,0.0318,12581,19.999
fourteam_prefix,36068,battlezone98redux.exe!sub_4b6c80,4,0.0318,12581,19.999
fourteam_prefix,36068,RenderSystem_Direct3D11.dll!?HasAutoMipMapGenerationEnabled@D3D11Texture@Ogre@@QBE_NXZ+0x276,4,0.0318,12581,19.999
fourteam_prefix,36068,d3d11.dll!CreateDirect3D11DeviceFromDXGIDevice+0x9f9c1,4,0.0318,12581,19.999
fourteam_prefix,36068,OgreMain.dll!?lock@HardwareBuffer@Ogre@@QAEPAXW4LockOptions@12@W4UploadOptions@12@@Z+0x8,4,0.0318,12581,19.999
fourteam_prefix,36068,battlezone98redux.exe!sub_417780,4,0.0318,12581,19.999
fourteam_prefix,36068,d3d11.dll!CreateDirect3D11DeviceFromDXGIDevice+0xa204b,4,0.0318,12581,19.999
fourteam_prefix,36068,RenderSystem_Direct3D11.dll+0x6582,4,0.0318,12581,19.999
fourteam_prefix,36068,OgreMain.dll!??4GpuSharedParametersUsage@Ogre@@QAEAAV01@ABV01@@Z+0x278f,4,0.0318,12581,19.999
fourteam_prefix,36068,nvwgf2um.dll!OpenAdapter10+0x72b5d,4,0.0318,12581,19.999
fourteam_prefix,36068,nvwgf2um.dll!OpenAdapter10+0x3fa,4,0.0318,12581,19.999
fourteam_prefix,36068,RenderSystem_Direct3D11.dll!?getMonitorSequentialNumberFromSwapChain@MonitorInfo@Ogre@@QAEGPAUIDXGISwapChain@@_N@Z+0x1244,4,0.0318,12581,19.999
fourteam_prefix,36068,battlezone98redux.exe!sub_439ec0,4,0.0318,12581,19.999
fourteam_prefix,36068,OgreMain.dll!?_issueRenderOp@SceneManager@Ogre@@UAEXPAVRenderable@2@PBVPass@2@@Z+0x18,4,0.0318,12581,19.999
fourteam_prefix,36068,OgreMain.dll!?getSpotlightParams@AutoParamDataSource@Ogre@@UBE?AVVector4@2@I@Z+0xf,4,0.0318,12581,19.999
fourteam_prefix,36068,"battlezone98redux.exe!construct<class_std::_Ref_count_obj_alloc<class___ExceptionPtr,struct__StaticAllocator<int>_>,struct__StaticAllocator<int>_const&,struct_EHExceptionRecord*&,bool>",4,0.0318,12581,19.999
fourteam_prefix,36068,battlezone98redux.exe!sub_666b50,4,0.0318,12581,19.999
fourteam_prefix,36068,d3d11.dll!D3D11CoreCreateLayeredDevice+0xbc91,4,0.0318,12581,19.999
fourteam_prefix,36068,OgreMain.dll!?Ogre_InterlockedIncrement64@InterlockedCompareExchange64Wrapper@Ogre@@SA_JPC_J@Z+0x11ad,4,0.0318,12581,19.999
fourteam_prefix,36068,OgreMain.dll!?Ogre_InterlockedIncrement64@InterlockedCompareExchange64Wrapper@Ogre@@SA_JPC_J@Z+0x11b5,4,0.0318,12581,19.999
fourteam_prefix,36068,ntdll.dll!_RtlpLocalInfoAllocFromCache@8+0x36,4,0.0318,12581,19.999
fourteam_prefix,36068,battlezone98redux.exe!sub_5b2c30,4,0.0318,12581,19.999
fourteam_prefix,36068,d3d11.dll+0x30d63,4,0.0318,12581,19.999
fourteam_prefix,36068,MSVCR120.dll!__libm_sse2_asinf+0x238,4,0.0318,12581,19.999
fourteam_prefix,36068,OgreMain.dll!?_updateAutoParams@GpuProgramParameters@Ogre@@QAEXPBVAutoParamDataSource@2@G@Z+0x1f68,4,0.0318,12581,19.999
fourteam_prefix,36068,battlezone98redux.exe!sub_81ec40,4,0.0318,12581,19.999
fourteam_prefix,36068,OgreMain.dll!?_detectImplementation@OptimisedUtil@Ogre@@KAPAV12@XZ+0x4630,4,0.0318,12581,19.999
fourteam_prefix,36068,battlezone98redux.exe!sub_4178b0,4,0.0318,12581,19.999
fourteam_prefix,36068,OgreMain.dll!?_getCurrentSceneManager@Root@Ogre@@QBEPAVSceneManager@2@XZ+0x25,4,0.0318,12581,19.999
fourteam_prefix,36068,OgreMain.dll!?isViewOutOfDate@Camera@Ogre@@MBE_NXZ+0x18d,4,0.0318,12581,19.999
fourteam_prefix,36068,OgreMain.dll!?_getCurrentSceneManager@Root@Ogre@@QBEPAVSceneManager@2@XZ+0x50,4,0.0318,12581,19.999
fourteam_prefix,36068,OgreMain.dll!?_notifyCurrentCamera@Entity@Ogre@@UAEXPAVCamera@2@@Z+0x107,4,0.0318,12581,19.999
fourteam_prefix,36068,d3d11.dll+0x31b1f,4,0.0318,12581,19.999
fourteam_prefix,36068,OgreMain.dll!?_writeRawConstant@GpuProgramParameters@Ogre@@QAEXIABVVector4@2@I@Z+0x18,4,0.0318,12581,19.999
fourteam_prefix,36068,OgreMain.dll!?setCurrentLightList@AutoParamDataSource@Ogre@@UAEXPBV?$HashedVector@PAVLight@Ogre@@@2@@Z+0x3e,4,0.0318,12581,19.999
fourteam_prefix,36068,d3d11.dll+0x35ed1,4,0.0318,12581,19.999
fourteam_prefix,36068,OgreMain.dll!??4GpuSharedParametersUsage@Ogre@@QAEAAV01@ABV01@@Z+0x2721,4,0.0318,12581,19.999
fourteam_prefix,36068,MSVCR120.dll!__libm_sse2_asinf+0x1f0,4,0.0318,12581,19.999
fourteam_prefix,36068,d3d11.dll!CreateDirect3D11DeviceFromDXGIDevice+0xbd2e0,4,0.0318,12581,19.999
fourteam_prefix,36068,OgreMain.dll!?getWorldViewProjMatrix@AutoParamDataSource@Ogre@@UBEABVMatrix4@2@XZ+0x3a4,4,0.0318,12581,19.999
fourteam_prefix,36068,d3d11.dll+0x311e7,4,0.0318,12581,19.999
fourteam_prefix,36068,OgreMain.dll+0x29afa,4,0.0318,12581,19.999
fourteam_prefix,36068,RenderSystem_Direct3D11.dll!?getMonitorSequentialNumberFromSwapChain@MonitorInfo@Ogre@@QAEGPAUIDXGISwapChain@@_N@Z+0x27c0,4,0.0318,12581,19.999
fourteam_prefix,36068,OgreMain.dll!?merge@RenderPriorityGroup@Ogre@@QAEXPBV12@@Z+0xfb,4,0.0318,12581,19.999
fourteam_prefix,36068,OgreMain.dll!??RlightLess@SceneManager@Ogre@@QBE_NPBVLight@2@0@Z+0x6,4,0.0318,12581,19.999
fourteam_prefix,36068,d3d11.dll+0x36692,4,0.0318,12581,19.999
fourteam_prefix,36068,nvwgf2um.dll!NVENCODEAPI_Thunk+0x4b93d,4,0.0318,12581,19.999
fourteam_prefix,36068,OgreMain.dll!?updateFrustumImpl@Frustum@Ogre@@MBEXXZ+0x27,4,0.0318,12581,19.999
fourteam_prefix,36068,OgreMain.dll!?getLightAs4DVector@AutoParamDataSource@Ogre@@UBE?AVVector4@2@I@Z+0x1a,4,0.0318,12581,19.999
fourteam_prefix,36068,d3d11.dll!D3D11CoreCreateLayeredDevice+0xbc34,4,0.0318,12581,19.999
fourteam_prefix,36068,RenderSystem_Direct3D11.dll!?getConstantBuffer@D3D11HLSLProgram@Ogre@@QAEPAUID3D11Buffer@@V?$SharedPtr@VGpuProgramParameters@Ogre@@@2@G@Z+0xb4,4,0.0318,12581,19.999
fourteam_prefix,36068,OgreMain.dll!?clip@ConvexBody@Ogre@@QAEXABVPlane@2@_N@Z+0x45c,4,0.0318,12581,19.999
fourteam_prefix,36068,OgreMain.dll!?_updateAutoParams@Pass@Ogre@@QBEXPBVAutoParamDataSource@2@G@Z+0x6a,4,0.0318,12581,19.999
fourteam_prefix,36068,OgreMain.dll+0x1f96f,4,0.0318,12581,19.999
fourteam_prefix,36068,OgreMain.dll!?_updateAutoParams@GpuProgramParameters@Ogre@@QAEXPBVAutoParamDataSource@2@G@Z+0x2031,4,0.0318,12581,19.999
fourteam_prefix,36068,OgreMain.dll!?getLodStrategy@Material@Ogre@@QBEPBVLodStrategy@2@XZ+0x6,4,0.0318,12581,19.999
fourteam_prefix,36068,battlezone98redux.exe!sub_74d110,4,0.0318,12581,19.999
fourteam_prefix,36068,nvwgf2um.dll!SetDependencyInfo+0x5a326,4,0.0318,12581,19.999
fourteam_prefix,36068,RenderSystem_Direct3D11.dll!?createImpl@D3D11GpuProgramManager@Ogre@@MAEPAVResource@2@ABV?$basic_string@DU?$char_traits@D@std@@V?$allocator@D@2@@std@@_K0_NPAVManualResourceLoader@2@W4GpuProgramType@2@0@Z+0x6127,4,0.0318,12581,19.999
fourteam_prefix,36068,WINMM.dll@6dfa0000!BZROpenShim::`anonymous namespace'::WingmanUpdateWeaponAimWithConvergence+0x48,4,0.0318,12581,19.999
fourteam_prefix,36068,battlezone98redux.exe!destroy<>,4,0.0318,12581,19.999
fourteam_prefix,36068,dxgi.dll!DXGID3D10CreateDevice+0x260,4,0.0318,12581,19.999
fourteam_prefix,36068,nvwgf2um.dll!OpenAdapter10+0x72c10,4,0.0318,12581,19.999
fourteam_prefix,36068,OgreMain.dll!?lock@HardwareBuffer@Ogre@@UAEPAXIIW4LockOptions@12@W4UploadOptions@12@@Z+0xf7,4,0.0318,12581,19.999
fourteam_prefix,36068,OgreMain.dll!?_updateAutoParams@GpuProgramParameters@Ogre@@QAEXPBVAutoParamDataSource@2@G@Z+0x26,4,0.0318,12581,19.999
fourteam_prefix,36068,OgreMain.dll!?update@Light@Ogre@@MBEXXZ+0x32,4,0.0318,12581,19.999
fourteam_prefix,36068,OgreMain.dll!?getWorldMatrix@AutoParamDataSource@Ogre@@UBEABVMatrix4@2@XZ,4,0.0318,12581,19.999
fourteam_prefix,36068,OgreMain.dll!?touchVertexBufferCopy@HardwareBufferManagerBase@Ogre@@UAEXABVHardwareVertexBufferSharedPtr@2@@Z+0x41,4,0.0318,12581,19.999
fourteam_prefix,36068,KERNELBASE.dll!LoadLibraryExA+0x77,4,0.0318,12581,19.999
fourteam_prefix,36068,OgreMain.dll!?normalise@Quaternion@Ogre@@QAEMXZ+0xe,4,0.0318,12581,19.999
fourteam_prefix,36068,MSVCR120.dll!_strnicmp_l+0x64,4,0.0318,12581,19.999
fourteam_prefix,36068,KERNEL32.DLL!GetTickCount+0x7,4,0.0318,12581,19.999
fourteam_prefix,36068,OgreMain.dll+0x358be,4,0.0318,12581,19.999
fourteam_prefix,36068,ntdll.dll!_LdrpGetProcedureAddress@16+0x63,4,0.0318,12581,19.999
fourteam_prefix,36068,d3d11.dll!CreateDirect3D11DeviceFromDXGIDevice+0xc4913,4,0.0318,12581,19.999
fourteam_prefix,36068,d3d11.dll!D3D11CoreCreateDevice+0x1d43a,4,0.0318,12581,19.999
fourteam_prefix,36068,d3d11.dll!CreateDirect3D11DeviceFromDXGIDevice+0x9f9ea,4,0.0318,12581,19.999
fourteam_prefix,36068,OgreMain.dll!?angleBetween@Vector3@Ogre@@QBE?AVRadian@2@ABV12@@Z+0xab,4,0.0318,12581,19.999
fourteam_prefix,36068,OgreMain.dll!?getSide@Plane@Ogre@@QBE?AW4Side@12@ABVVector3@2@0@Z+0x4b,4,0.0318,12581,19.999
fourteam_prefix,36068,OgreMain.dll!?getLight@AutoParamDataSource@Ogre@@IBEABVLight@2@I@Z+0x19,4,0.0318,12581,19.999
fourteam_prefix,36068,d3d11.dll!D3D11CoreCreateLayeredDevice+0xce49,4,0.0318,12581,19.999
fourteam_prefix,36068,OgreMain.dll!?clone@Animation@Ogre@@QBEPAV12@ABV?$basic_string@DU?$char_traits@D@std@@V?$allocator@D@2@@std@@@Z+0x277,4,0.0318,12581,19.999
fourteam_prefix,36068,OgreMain.dll!?getSpotlightParams@AutoParamDataSource@Ogre@@UBE?AVVector4@2@I@Z+0x1b,4,0.0318,12581,19.999
fourteam_prefix,36068,MSVCR120.dll!__libm_sse2_asinf+0x78,4,0.0318,12581,19.999
fourteam_prefix,36068,OgreMain.dll!?_notifyMoved@MovableObject@Ogre@@UAEXXZ+0x6,4,0.0318,12581,19.999
fourteam_prefix,36068,battlezone98redux.exe!sub_681610,4,0.0318,12581,19.999
fourteam_prefix,36068,battlezone98redux.exe!sub_6ad440,4,0.0318,12581,19.999
fourteam_prefix,36068,d3d11.dll!D3D11CoreCreateDevice+0x3a84,4,0.0318,12581,19.999
fourteam_prefix,36068,ntdll.dll!sxsisol_SearchActCtxForDllName+0x98,4,0.0318,12581,19.999
fourteam_prefix,36068,OgreMain.dll!?getWorldViewMatrix@AutoParamDataSource@Ogre@@UBEABVMatrix4@2@XZ+0x12c,4,0.0318,12581,19.999
fourteam_prefix,36068,d3d11.dll!CreateDirect3D11DeviceFromDXGIDevice+0x9da5b,4,0.0318,12581,19.999
fourteam_prefix,36068,OgreMain.dll!?needUpdate@Bone@Ogre@@UAEX_N@Z+0xe,4,0.0318,12581,19.999
fourteam_prefix,36068,OgreMain.dll!?resetToInitialState@Node@Ogre@@UAEXXZ+0x64,4,0.0318,12581,19.999
fourteam_prefix,36068,OgreMain.dll!?_calcTempSquareDist@Light@Ogre@@QAEXABVVector3@2@@Z+0x4c,4,0.0318,12581,19.999
fourteam_prefix,36068,OgreMain.dll!?inverseAffine@Matrix4@Ogre@@QBE?AV12@XZ+0x85,4,0.0318,12581,19.999
fourteam_prefix,36068,battlezone98redux.exe!FID_conflict:operator-=,4,0.0318,12581,19.999
fourteam_prefix,36068,battlezone98redux.exe!operator-,4,0.0318,12581,19.999
fourteam_prefix,36068,OgreMain.dll!?_updateAutoParams@GpuProgramParameters@Ogre@@QAEXPBVAutoParamDataSource@2@G@Z+0x4a,4,0.0318,12581,19.999
fourteam_prefix,36068,nvwgf2um.dll!SetDependencyInfo+0x54242,4,0.0318,12581,19.999
fourteam_prefix,36068,ntdll.dll!_ZwQueryInformationThread@20+0xc,4,0.0318,12581,19.999
fourteam_prefix,36068,battlezone98redux.exe!allocate,4,0.0318,12581,19.999
fourteam_prefix,36068,battlezone98redux.exe!sub_45c490,4,0.0318,12581,19.999
fourteam_prefix,36068,battlezone98redux.exe!sub_493d40,4,0.0318,12581,19.999
fourteam_prefix,36068,battlezone98redux.exe!sub_663740,4,0.0318,12581,19.999
fourteam_prefix,36068,OgreMain.dll!?angleBetween@Vector3@Ogre@@QBE?AVRadian@2@ABV12@@Z+0x4d,4,0.0318,12581,19.999
fourteam_prefix,36068,OgreMain.dll!??4GpuSharedParametersUsage@Ogre@@QAEAAV01@ABV01@@Z+0x2740,4,0.0318,12581,19.999
fourteam_prefix,36068,dxgi.dll+0x28232,4,0.0318,12581,19.999
fourteam_prefix,36068,ntdll.dll!_RtlGetFullPathName_Ustr@24+0x105,4,0.0318,12581,19.999
fourteam_prefix,36068,MSVCR120.dll!memcpy+0x71,4,0.0318,12581,19.999
fourteam_prefix,36068,dxgi.dll!DXGID3D10CreateDevice+0x8df,4,0.0318,12581,19.999
fourteam_prefix,36068,nvwgf2um.dll!OpenAdapter10+0x72b10,4,0.0318,12581,19.999
fourteam_prefix,36068,OgreMain.dll!??RlightsForShadowTextureLess@SceneManager@Ogre@@QBE_NPBVLight@2@0@Z+0x7,4,0.0318,12581,19.999
fourteam_prefix,36068,ntdll.dll!__output_l+0x874,4,0.0318,12581,19.999
fourteam_prefix,36068,OgreMain.dll!?angleBetween@Vector3@Ogre@@QBE?AVRadian@2@ABV12@@Z+0x58,4,0.0318,12581,19.999
fourteam_prefix,36068,OgreMain.dll!?getLightSpecularColourWithPower@AutoParamDataSource@Ogre@@UBE?BVColourValue@2@I@Z+0x3a,4,0.0318,12581,19.999
fourteam_prefix,36068,OgreMain.dll!?RealEqual@Math@Ogre@@SA_NMMM@Z+0x19,4,0.0318,12581,19.999
fourteam_prefix,36068,nvwgf2um.dll!OpenAdapter10+0x726e0,4,0.0318,12581,19.999
fourteam_prefix,36068,battlezone98redux.exe!sub_67a4d0,4,0.0318,12581,19.999
fourteam_prefix,36068,nvwgf2um.dll!OpenAdapter10+0x74e67,4,0.0318,12581,19.999
fourteam_prefix,36068,OgreMain.dll!?getWorldViewMatrix@AutoParamDataSource@Ogre@@UBEABVMatrix4@2@XZ+0x206,4,0.0318,12581,19.999
fourteam_prefix,36068,OgreMain.dll!??4GpuSharedParametersUsage@Ogre@@QAEAAV01@ABV01@@Z+0x278c,4,0.0318,12581,19.999
fourteam_prefix,36068,d3d11.dll!CreateDirect3D11DeviceFromDXGIDevice+0x9ac58,3,0.0238,12581,19.999
fourteam_prefix,36068,KERNELBASE.dll!DeleteFile2W+0x3e4,3,0.0238,12581,19.999
fourteam_prefix,36068,OgreMain.dll!??4GpuSharedParametersUsage@Ogre@@QAEAAV01@ABV01@@Z+0x26fa,3,0.0238,12581,19.999
fourteam_prefix,36068,OgreMain.dll!?_updateAutoParams@GpuProgramParameters@Ogre@@QAEXPBVAutoParamDataSource@2@G@Z+0x1e58,3,0.0238,12581,19.999
fourteam_prefix,36068,OgreMain.dll!?_detectImplementation@OptimisedUtil@Ogre@@KAPAV12@XZ+0x44fc,3,0.0238,12581,19.999
fourteam_prefix,36068,OgreMain.dll!?_findNamedConstantDefinition@GpuProgramParameters@Ogre@@QBEPBUGpuConstantDefinition@2@ABV?$basic_string@DU?$char_traits@D@std@@V?$allocator@D@2@@std@@_N@Z+0x21,3,0.0238,12581,19.999
fourteam_prefix,36068,OgreMain.dll!?_notifyCurrentCamera@MovableObject@Ogre@@UAEXPAVCamera@2@@Z+0x1f3,3,0.0238,12581,19.999
fourteam_prefix,36068,OgreMain.dll!?buildAndIncludeDirection@PointListBody@FocusedShadowCameraSetup@Ogre@@QAEXABVConvexBody@3@MABVVector3@3@@Z+0x65,3,0.0238,12581,19.999
fourteam_prefix,36068,OgreMain.dll!?getLightAttenuation@AutoParamDataSource@Ogre@@UBE?AVVector4@2@I@Z+0x39,3,0.0238,12581,19.999
fourteam_prefix,36068,OgreMain.dll!?getLightDiffuseColourWithPower@AutoParamDataSource@Ogre@@UBE?BVColourValue@2@I@Z+0x51,3,0.0238,12581,19.999
fourteam_prefix,36068,OgreMain.dll!?renderSingleObject@SceneManager@Ogre@@MAEXPAVRenderable@2@PBVPass@2@_N2PBV?$HashedVector@PAVLight@Ogre@@@2@@Z+0xb4e,3,0.0238,12581,19.999
fourteam_prefix,36068,OgreMain.dll!?_getDelegate@UnifiedHighLevelGpuProgram@Ogre@@QBEABV?$SharedPtr@VHighLevelGpuProgram@Ogre@@@2@XZ+0x7,3,0.0238,12581,19.999
fourteam_prefix,36068,RenderSystem_Direct3D11.dll!?unlock@D3D11HardwareVertexBuffer@Ogre@@UAEXXZ,3,0.0238,12581,19.999
fourteam_prefix,36068,DSOUND.dll!GetDeviceID+0x4965,3,0.0238,12581,19.999
fourteam_prefix,36068,OgreMain.dll!?_getDerivedPosition@Node@Ogre@@UBEABVVector3@2@XZ,3,0.0238,12581,19.999
fourteam_prefix,36068,OgreMain.dll!?getLightAttenuation@AutoParamDataSource@Ogre@@UBE?AVVector4@2@I@Z+0x50,3,0.0238,12581,19.999
fourteam_prefix,36068,Galaxy.dll!??4IGalaxy@api@galaxy@@QAEAAV012@ABV012@@Z+0x22629,3,0.0238,12581,19.999
fourteam_prefix,36068,Galaxy.dll!?ResetInstance@GalaxyFactory@api@galaxy@@SAXXZ+0x1a0e5,3,0.0238,12581,19.999
fourteam_prefix,36068,nvwgf2um.dll!SetDependencyInfo+0x4b30d,3,0.0238,12581,19.999
fourteam_prefix,36068,MSVCP120.dll!?isfx@?$basic_istream@_WU?$char_traits@_W@std@@@std@@QAEXXZ,3,0.0238,12581,19.999
fourteam_prefix,36068,OgreMain.dll!?clear@RenderPriorityGroup@Ogre@@QAEXXZ+0x20d,3,0.0238,12581,19.999
fourteam_prefix,36068,RenderSystem_Direct3D11.dll!?_setRenderTargetViews@D3D11RenderSystem@Ogre@@IAEXXZ+0xd0,3,0.0238,12581,19.999
fourteam_prefix,36068,OgreMain.dll+0x13ba6,3,0.0238,12581,19.999
fourteam_prefix,36068,nvwgf2um.dll!SetDependencyInfo+0x4b1df,3,0.0238,12581,19.999
fourteam_prefix,36068,battlezone98redux.exe!sub_67a150,3,0.0238,12581,19.999
fourteam_prefix,36068,OgreMain.dll!?inverseAffine@Matrix4@Ogre@@QBE?AV12@XZ+0xc1,3,0.0238,12581,19.999
fourteam_prefix,36068,nvwgf2um.dll!SetDependencyInfo+0x350bb,3,0.0238,12581,19.999
fourteam_prefix,36068,dxgi.dll!DXGIReportAdapterConfiguration+0xe7d,3,0.0238,12581,19.999
fourteam_prefix,36068,dxgi.dll!DXGID3D10CreateDevice+0x39cc,3,0.0238,12581,19.999
fourteam_prefix,36068,OgreMain.dll!?populateFrameEvent@Root@Ogre@@IAEXW4FrameEventTimeType@12@AAUFrameEvent@2@@Z+0x1f,3,0.0238,12581,19.999
fourteam_prefix,36068,OgreMain.dll!?updateGpuProgramParameters@SceneManager@Ogre@@MAEXPBVPass@2@@Z+0x81,3,0.0238,12581,19.999
fourteam_prefix,36068,MSVCR120.dll!memcpy+0xa,3,0.0238,12581,19.999
fourteam_prefix,36068,d3d11.dll!CreateDirect3D11DeviceFromDXGIDevice+0xa4626,3,0.0238,12581,19.999
fourteam_prefix,36068,WINMM.dll@6dfa0000!BZROpenShim::`anonymous namespace'::HookEntityGetCastShadows+0x9d,3,0.0238,12581,19.999
fourteam_prefix,36068,OgreMain.dll+0x3a468,3,0.0238,12581,19.999
fourteam_prefix,36068,d3d11.dll!CreateDirect3D11DeviceFromDXGIDevice+0xbae64,3,0.0238,12581,19.999
fourteam_prefix,36068,MSVCR120.dll!_fdtest,3,0.0238,12581,19.999
fourteam_prefix,36068,d3d11.dll!CreateDirect3D11DeviceFromDXGIDevice+0xbbe96,3,0.0238,12581,19.999
fourteam_prefix,36068,d3d11.dll!CreateDirect3D11DeviceFromDXGIDevice+0x603ff,3,0.0238,12581,19.999
fourteam_prefix,36068,dxgi.dll!DXGIGetDebugInterface1+0x20776,3,0.0238,12581,19.999
fourteam_prefix,36068,OgreMain.dll!?isVisible@ShadowRenderable@Ogre@@UBE_NXZ+0x15f,3,0.0238,12581,19.999
fourteam_prefix,36068,OgreMain.dll!?clear@RenderPriorityGroup@Ogre@@QAEXXZ+0xb9,3,0.0238,12581,19.999
fourteam_prefix,36068,OgreMain.dll!?getParameters@GpuProgramUsage@Ogre@@QAE?AV?$SharedPtr@VGpuProgramParameters@Ogre@@@2@XZ+0xf5,3,0.0238,12581,19.999
fourteam_prefix,36068,ntdll.dll!_RtlpLocalInfoAllocFromCache@8+0x233,3,0.0238,12581,19.999
fourteam_prefix,36068,nvwgf2um.dll!NVENCODEAPI_Thunk+0x2178e3,3,0.0238,12581,19.999
fourteam_prefix,36068,battlezone98redux.exe!sub_4eb7e0,3,0.0238,12581,19.999
fourteam_prefix,36068,OgreMain.dll!?merge@VisibleObjectsBoundsInfo@Ogre@@QAEXABVAxisAlignedBox@2@ABVSphere@2@PBVCamera@2@_N@Z+0x107,3,0.0238,12581,19.999
fourteam_prefix,36068,OgreMain.dll!?getLight@AutoParamDataSource@Ogre@@IBEABVLight@2@I@Z+0x22,3,0.0238,12581,19.999
fourteam_prefix,36068,OgreMain.dll!?getProjectionMatrix@AutoParamDataSource@Ogre@@UBEABVMatrix4@2@XZ+0xc0,3,0.0238,12581,19.999
fourteam_prefix,36068,nvwgf2um.dll!OpenAdapter10+0x74597,3,0.0238,12581,19.999
fourteam_prefix,36068,WINMM.dll@6dfa0000!BZROpenShim::`anonymous namespace'::MaybeLogSatelliteVisibilitySample+0x32e,3,0.0238,12581,19.999
fourteam_prefix,36068,OgreMain.dll!?updatePassIterationRenderState@RenderSystem@Ogre@@IAE_NXZ+0x11,3,0.0238,12581,19.999
fourteam_prefix,36068,OgreMain.dll!?getEdgeList@Mesh@Ogre@@QAEPAVEdgeData@2@G@Z+0x1,3,0.0238,12581,19.999
fourteam_prefix,36068,RenderSystem_Direct3D11.dll!?getILayoutByShader@D3D11VertexDeclaration@Ogre@@IAEPAUID3D11InputLayout@@PAVD3D11HLSLProgram@2@PAVVertexBufferBinding@2@@Z+0x259,3,0.0238,12581,19.999
fourteam_prefix,36068,OgreMain.dll!?isFrustumOutOfDate@Frustum@Ogre@@MBE_NXZ+0x1,3,0.0238,12581,19.999
fourteam_prefix,36068,d3d11.dll!CreateDirect3D11DeviceFromDXGIDevice+0x9ab15,3,0.0238,12581,19.999
fourteam_prefix,36068,d3d11.dll!CreateDirect3D11DeviceFromDXGIDevice+0xbc57a,3,0.0238,12581,19.999
fourteam_prefix,36068,RenderSystem_Direct3D11.dll!?getILayoutByShader@D3D11VertexDeclaration@Ogre@@IAEPAUID3D11InputLayout@@PAVD3D11HLSLProgram@2@PAVVertexBufferBinding@2@@Z,3,0.0238,12581,19.999
fourteam_prefix,36068,RenderSystem_Direct3D11.dll!?getMonitorSequentialNumberFromSwapChain@MonitorInfo@Ogre@@QAEGPAUIDXGISwapChain@@_N@Z+0x2ecc,3,0.0238,12581,19.999
fourteam_prefix,36068,OgreMain.dll!?_getCurrentSceneManager@Root@Ogre@@QBEPAVSceneManager@2@XZ+0x42,3,0.0238,12581,19.999
fourteam_prefix,36068,d3d11.dll!CreateDirect3D11DeviceFromDXGIDevice+0xa2163,3,0.0238,12581,19.999
fourteam_prefix,36068,OgreMain.dll+0x6b22,3,0.0238,12581,19.999
fourteam_prefix,36068,MSVCR120.dll!__libm_sse2_acosf+0x10,3,0.0238,12581,19.999
fourteam_prefix,36068,d3d11.dll!CreateDirect3D11DeviceFromDXGIDevice+0xbda30,3,0.0238,12581,19.999
fourteam_prefix,36068,nvwgf2um.dll!NVAPI_Thunk+0x21dd7,3,0.0238,12581,19.999
fourteam_prefix,36068,RenderSystem_Direct3D11.dll!?_render@D3D11RenderSystem@Ogre@@UAEXABVRenderOperation@2@@Z+0x8f8,3,0.0238,12581,19.999
fourteam_prefix,36068,battlezone98redux.exe!sub_678950,3,0.0238,12581,19.999
fourteam_prefix,36068,battlezone98redux.exe!sub_592f00,3,0.0238,12581,19.999
fourteam_prefix,36068,OgreMain.dll!?getParameters@GpuProgramUsage@Ogre@@QAE?AV?$SharedPtr@VGpuProgramParameters@Ogre@@@2@XZ+0x30,3,0.0238,12581,19.999
fourteam_prefix,36068,MSVCP120.dll!?_Iput@?$num_put@DV?$ostreambuf_iterator@DU?$char_traits@D@std@@@std@@@std@@ABA?AV?$ostreambuf_iterator@DU?$char_traits@D@std@@@2@V32@AAVios_base@2@DPADI@Z+0x259,3,0.0238,12581,19.999
fourteam_prefix,36068,MSVCP120.dll!?do_put@?$num_put@DV?$ostreambuf_iterator@DU?$char_traits@D@std@@@std@@@std@@MBE?AV?$ostreambuf_iterator@DU?$char_traits@D@std@@@2@V32@AAVios_base@2@DK@Z+0x56,3,0.0238,12581,19.999
fourteam_prefix,36068,battlezone98redux.exe!sub_777600,3,0.0238,12581,19.999
fourteam_prefix,36068,OgreMain.dll!?getMovableType@MovablePlane@Ogre@@UBEABV?$basic_string@DU?$char_traits@D@std@@V?$allocator@D@2@@std@@XZ+0xafa,3,0.0238,12581,19.999
fourteam_prefix,36068,battlezone98redux.exe!sub_6863b0,3,0.0238,12581,19.999
fourteam_prefix,36068,battlezone98redux.exe!sub_686470,3,0.0238,12581,19.999
fourteam_prefix,36068,OgreMain.dll!?_render@RenderSystem@Ogre@@UAEXABVRenderOperation@2@@Z+0x13,3,0.0238,12581,19.999
fourteam_prefix,36068,battlezone98redux.exe!sub_42da60,3,0.0238,12581,19.999
fourteam_prefix,36068,MSVCR120.dll!__libm_sse2_asinf+0x1db,3,0.0238,12581,19.999
fourteam_prefix,36068,OgreMain.dll!?_updateAutoParams@GpuProgramParameters@Ogre@@QAEXPBVAutoParamDataSource@2@G@Z+0x1cbf,3,0.0238,12581,19.999
fourteam_prefix,36068,d3d11.dll!CreateDirect3D11DeviceFromDXGIDevice+0x9dfbd,3,0.0238,12581,19.999
fourteam_prefix,36068,ntdll.dll!_RtlMultiByteToUnicodeN@20+0x21,3,0.0238,12581,19.999
fourteam_prefix,36068,OgreMain.dll!?isInLightRange@Light@Ogre@@QBE_NABVSphere@2@@Z+0x9f,3,0.0238,12581,19.999
fourteam_prefix,36068,d3d11.dll!CreateDirect3D11DeviceFromDXGIDevice+0xbc657,3,0.0238,12581,19.999
fourteam_prefix,36068,battlezone98redux.exe!sub_679f10,3,0.0238,12581,19.999
fourteam_prefix,36068,OgreMain.dll!?ASin@Math@Ogre@@SA?AVRadian@2@M@Z+0x11,3,0.0238,12581,19.999
fourteam_prefix,36068,RenderSystem_Direct3D11.dll!?getConstantBuffer@D3D11HLSLProgram@Ogre@@QAEPAUID3D11Buffer@@V?$SharedPtr@VGpuProgramParameters@Ogre@@@2@G@Z+0x23,3,0.0238,12581,19.999
fourteam_prefix,36068,WINMM.dll@6dfa0000!BZROpenShim::`anonymous namespace'::HookCreateRTV+0x35,3,0.0238,12581,19.999
fourteam_prefix,36068,OgreMain.dll!?waitForNextRequest@DefaultWorkQueue@Ogre@@MAEXXZ+0x11d906,3,0.0238,12581,19.999
fourteam_prefix,36068,OgreMain.dll!?updatePoint@RotationalSpline@Ogre@@QAEXGABVQuaternion@2@@Z+0x10b72,3,0.0238,12581,19.999
fourteam_prefix,36068,OgreMain.dll!?_updateBounds@SceneNode@Ogre@@UAEXXZ+0x238,3,0.0238,12581,19.999
fourteam_prefix,36068,nvwgf2um.dll!NVAPI_Thunk+0x21b56,3,0.0238,12581,19.999
fourteam_prefix,36068,battlezone98redux.exe!sub_82f4cb,3,0.0238,12581,19.999
fourteam_prefix,36068,OgreMain.dll!?_setTextureUnitSettings@RenderSystem@Ogre@@UAEXIAAVTextureUnitState@2@@Z+0x109,3,0.0238,12581,19.999
fourteam_prefix,36068,RenderSystem_Direct3D11.dll!?_setComputeTexture@D3D11RenderSystem@Ogre@@UAEXIABV?$SharedPtr@VTexture@Ogre@@@2@@Z+0x19,3,0.0238,12581,19.999
fourteam_prefix,36068,OgreMain.dll!?_updateBounds@SceneNode@Ogre@@UAEXXZ+0x268,3,0.0238,12581,19.999
fourteam_prefix,36068,OgreMain.dll!??1QueuedRenderableCollection@Ogre@@QAE@XZ+0xb1f,3,0.0238,12581,19.999
fourteam_prefix,36068,OgreMain.dll!?getQueueGroup@RenderQueue@Ogre@@QAEPAVRenderQueueGroup@2@E@Z+0x52,3,0.0238,12581,19.999
fourteam_prefix,36068,OgreMain.dll!?queryLights@MovableObject@Ogre@@UBEABV?$HashedVector@PAVLight@Ogre@@@2@XZ+0xd,3,0.0238,12581,19.999
fourteam_prefix,36068,OgreMain.dll!?calculateLVS@FocusedShadowCameraSetup@Ogre@@IBEXABVSceneManager@2@ABVCamera@2@ABVLight@2@ABVAxisAlignedBox@2@PAVPointListBody@12@@Z+0xa3,3,0.0238,12581,19.999
fourteam_prefix,36068,OgreMain.dll!?reset@ConvexBody@Ogre@@QAEXXZ+0x17,3,0.0238,12581,19.999
fourteam_prefix,36068,OgreMain.dll!?freePolygon@ConvexBody@Ogre@@KAXPAVPolygon@2@@Z+0x39,3,0.0238,12581,19.999
fourteam_prefix,36068,OgreMain.dll!?clone@Animation@Ogre@@QBEPAV12@ABV?$basic_string@DU?$char_traits@D@std@@V?$allocator@D@2@@std@@@Z+0x32d,3,0.0238,12581,19.999
fourteam_prefix,36068,nvwgf2um.dll!NVENCODEAPI_Thunk+0x217644,3,0.0238,12581,19.999
fourteam_prefix,36068,OgreMain.dll!?angleBetween@Vector3@Ogre@@QBE?AVRadian@2@ABV12@@Z+0x79,3,0.0238,12581,19.999
fourteam_prefix,36068,battlezone98redux.exe!sub_48efe0,3,0.0238,12581,19.999
fourteam_prefix,36068,OgreMain.dll!?getBoundingBox@Entity@Ogre@@UBEABVAxisAlignedBox@2@XZ+0x3d,3,0.0238,12581,19.999
fourteam_prefix,36068,d3d11.dll+0x30eac,3,0.0238,12581,19.999
fourteam_prefix,36068,RenderSystem_Direct3D11.dll!?_setTexture@D3D11RenderSystem@Ogre@@UAEXI_NABV?$SharedPtr@VTexture@Ogre@@@2@@Z,3,0.0238,12581,19.999
fourteam_prefix,36068,OgreMain.dll+0x1e6a,3,0.0238,12581,19.999
fourteam_prefix,36068,OgreMain.dll!?_findNamedConstantDefinition@GpuProgramParameters@Ogre@@QBEPBUGpuConstantDefinition@2@ABV?$basic_string@DU?$char_traits@D@std@@V?$allocator@D@2@@std@@_N@Z+0xba,3,0.0238,12581,19.999
fourteam_prefix,36068,battlezone98redux.exe!COleDateTimeSpan,3,0.0238,12581,19.999
fourteam_prefix,36068,OgreMain.dll!?_writeRawConstant@GpuProgramParameters@Ogre@@QAEXIABVMatrix4@2@I@Z+0x6,3,0.0238,12581,19.999
fourteam_prefix,36068,OgreMain.dll!?isInLightRange@Light@Ogre@@QBE_NABVSphere@2@@Z+0x10f,3,0.0238,12581,19.999
fourteam_prefix,36068,ntdll.dll!@RtlpLowFragHeapAllocFromContext@16+0x55,3,0.0238,12581,19.999
fourteam_prefix,36068,OgreMain.dll!?isVisible@Frustum@Ogre@@UBE_NABVSphere@2@PAW4FrustumPlane@2@@Z+0x62,3,0.0238,12581,19.999
fourteam_prefix,36068,OgreMain.dll!?_writeRawConstants@GpuProgramParameters@Ogre@@QAEXIPBMI@Z+0x9,3,0.0238,12581,19.999
fourteam_prefix,36068,d3d11.dll!CreateDirect3D11DeviceFromDXGIDevice+0xa17a7,3,0.0238,12581,19.999
fourteam_prefix,36068,ntdll.dll!_RtlEnterCriticalSection@4+0xa,3,0.0238,12581,19.999
fourteam_prefix,36068,nvwgf2um.dll!NVAPI_Thunk+0x1a648,3,0.0238,12581,19.999
fourteam_prefix,36068,d3d11.dll+0x2b35b,3,0.0238,12581,19.999
fourteam_prefix,36068,OgreMain.dll!?getRenderOperation@SubEntity@Ogre@@UAEXAAVRenderOperation@2@@Z+0x17,3,0.0238,12581,19.999
fourteam_prefix,36068,OgreMain.dll!?_detectImplementation@OptimisedUtil@Ogre@@KAPAV12@XZ+0x4651,3,0.0238,12581,19.999
fourteam_prefix,36068,OgreMain.dll!?getWorldMatrix@AutoParamDataSource@Ogre@@UBEABVMatrix4@2@XZ+0x1,3,0.0238,12581,19.999
fourteam_prefix,36068,OgreMain.dll!?visit@SceneMgrQueuedRenderableVisitor@SceneManager@Ogre@@UAEXPAVRenderable@3@@Z+0x36,3,0.0238,12581,19.999
fourteam_prefix,36068,OgreMain.dll!??4GpuSharedParametersUsage@Ogre@@QAEAAV01@ABV01@@Z+0x272e,3,0.0238,12581,19.999
fourteam_prefix,36068,OgreMain.dll!?_updateAutoParams@GpuProgramParameters@Ogre@@QAEXPBVAutoParamDataSource@2@G@Z+0x1d0b,3,0.0238,12581,19.999
fourteam_prefix,36068,nvwgf2um.dll!NVENCODEAPI_Thunk+0x68f53,3,0.0238,12581,19.999
fourteam_prefix,36068,nvwgf2um.dll!SetDependencyInfo+0x58362,3,0.0238,12581,19.999
fourteam_prefix,36068,OgreMain.dll!?_updateAutoParams@GpuProgramParameters@Ogre@@QAEXPBVAutoParamDataSource@2@G@Z+0x11e9,3,0.0238,12581,19.999
fourteam_prefix,36068,battlezone98redux.exe!sub_687770,3,0.0238,12581,19.999
fourteam_prefix,36068,battlezone98redux.exe!sub_68af40,3,0.0238,12581,19.999
fourteam_prefix,36068,RenderSystem_Direct3D11.dll!?getMonitorSequentialNumberFromSwapChain@MonitorInfo@Ogre@@QAEGPAUIDXGISwapChain@@_N@Z+0x2aca,3,0.0238,12581,19.999
fourteam_prefix,36068,MSVCR120.dll!__libm_sse2_asinf+0x21c,3,0.0238,12581,19.999
fourteam_prefix,36068,nvwgf2um.dll!NVENCODEAPI_Thunk+0x3fb4a,3,0.0238,12581,19.999
fourteam_prefix,36068,battlezone98redux.exe!sub_689a20,3,0.0238,12581,19.999
fourteam_prefix,36068,d3d11.dll!CreateDirect3D11DeviceFromDXGIDevice+0xbae3e,3,0.0238,12581,19.999
fourteam_prefix,36068,d3d11.dll!D3D11CoreCreateDevice+0x2eabd,3,0.0238,12581,19.999
fourteam_prefix,36068,OgreMain.dll!?getProgram@Pass@Ogre@@IBEABV?$SharedPtr@VGpuProgram@Ogre@@@2@PBQAVGpuProgramUsage@2@@Z+0x1,3,0.0238,12581,19.999
fourteam_prefix,36068,OgreMain.dll!?getTextureUnitStateIterator@Pass@Ogre@@QBE?AV?$ConstVectorIterator@V?$vector@PAVTextureUnitState@Ogre@@V?$STLAllocator@PAVTextureUnitState@Ogre@@V?$CategorisedAllocPolicy@$0A@@2@@2@@std@@@2@XZ+0x1a,3,0.0238,12581,19.999
fourteam_prefix,36068,OgreMain.dll!?_updateAutoParams@GpuProgramParameters@Ogre@@QAEXPBVAutoParamDataSource@2@G@Z+0x17,3,0.0238,12581,19.999
fourteam_prefix,36068,OgreMain.dll!?getChildObjectsBoundingBox@Entity@Ogre@@QBE?AVAxisAlignedBox@2@XZ+0xfa,3,0.0238,12581,19.999
fourteam_prefix,36068,OgreMain.dll!?_populateLightList@SceneManager@Ogre@@UAEXPBVSceneNode@2@MAAV?$HashedVector@PAVLight@Ogre@@@2@I@Z+0x8,3,0.0238,12581,19.999
fourteam_prefix,36068,OgreMain.dll!?getDerivedPosition@Light@Ogre@@QBEABVVector3@2@_N@Z+0x8,3,0.0238,12581,19.999
fourteam_prefix,36068,OgreMain.dll!?getWorldViewProjMatrix@AutoParamDataSource@Ogre@@UBEABVMatrix4@2@XZ+0x2c6,3,0.0238,12581,19.999
fourteam_prefix,36068,OgreMain.dll!?isHardwareAnimationEnabled@Entity@Ogre@@QAE_NXZ+0x14,3,0.0238,12581,19.999
fourteam_prefix,36068,OgreMain.dll!?_getCombinedVisibilityMask@SceneManager@Ogre@@QBEIXZ+0x3,3,0.0238,12581,19.999
fourteam_prefix,36068,OgreMain.dll!?_findNamedConstantDefinition@GpuProgramParameters@Ogre@@QBEPBUGpuConstantDefinition@2@ABV?$basic_string@DU?$char_traits@D@std@@V?$allocator@D@2@@std@@_N@Z+0x1a9,3,0.0238,12581,19.999
fourteam_prefix,36068,OgreMain.dll!?determinant@Matrix4@Ogre@@QBEMXZ+0xe1,3,0.0238,12581,19.999
fourteam_prefix,36068,WINMM.dll@6dfa0000!BZROpenShim::OgreProfilerAlgorithms::IsNativeTransientChunkMeshName+0x3e,3,0.0238,12581,19.999
fourteam_prefix,36068,OgreMain.dll!?getBestTechnique@Material@Ogre@@QAEPAVTechnique@2@GPBVRenderable@2@@Z+0x4f,3,0.0238,12581,19.999
fourteam_prefix,36068,OgreMain.dll!?getDerivedPosition@Camera@Ogre@@QBEABVVector3@2@XZ+0xb,3,0.0238,12581,19.999
fourteam_prefix,36068,d3d11.dll!CreateDirect3D11DeviceFromDXGIDevice+0x9f8b6,3,0.0238,12581,19.999
fourteam_prefix,36068,OgreMain.dll!?build@PointListBody@FocusedShadowCameraSetup@Ogre@@QAEXABVConvexBody@3@_N@Z+0x194,3,0.0238,12581,19.999
fourteam_prefix,36068,d3d11.dll+0x2b4da,3,0.0238,12581,19.999
fourteam_prefix,36068,battlezone98redux.exe!sub_77d660,3,0.0238,12581,19.999
fourteam_prefix,36068,WINMM.dll@6dfa0000!BZROpenShim::`anonymous namespace'::IsOgreEntityObject+0x77,3,0.0238,12581,19.999
fourteam_prefix,36068,RenderSystem_Direct3D11.dll!?lock@D3D11HardwareUniformBuffer@Ogre@@UAEPAXIIW4LockOptions@HardwareBuffer@2@W4UploadOptions@42@@Z+0x8,3,0.0238,12581,19.999
fourteam_prefix,36068,RenderSystem_Direct3D11.dll!?createImpl@D3D11GpuProgramManager@Ogre@@MAEPAVResource@2@ABV?$basic_string@DU?$char_traits@D@std@@V?$allocator@D@2@@std@@_K0_NPAVManualResourceLoader@2@W4GpuProgramType@2@0@Z+0x613b,3,0.0238,12581,19.999
fourteam_prefix,36068,OgreMain.dll+0x2d312,3,0.0238,12581,19.999
fourteam_prefix,36068,battlezone98redux.exe!sub_687ac0,3,0.0238,12581,19.999
fourteam_prefix,36068,RenderSystem_Direct3D11.dll!?_render@D3D11RenderSystem@Ogre@@UAEXABVRenderOperation@2@@Z+0xaf3,3,0.0238,12581,19.999
fourteam_prefix,36068,MSVCR120.dll!__libm_sse2_acosf+0x231,3,0.0238,12581,19.999
fourteam_prefix,36068,MSVCR120.dll!memcpy+0x57,3,0.0238,12581,19.999
fourteam_prefix,36068,MSVCR120.dll!__libm_sse2_acosf+0x1f1,3,0.0238,12581,19.999
fourteam_prefix,36068,OgreMain.dll!?renderBasicQueueGroupObjects@SceneManager@Ogre@@MAEXPAVRenderQueueGroup@2@W4OrganisationMode@QueuedRenderableCollection@2@@Z+0x74,3,0.0238,12581,19.999
fourteam_prefix,36068,RenderSystem_Direct3D11.dll!?_setViewport@D3D11RenderSystem@Ogre@@UAEXPAVViewport@2@@Z+0x176,3,0.0238,12581,19.999
fourteam_prefix,36068,OgreMain.dll!?makeTransform@Matrix4@Ogre@@QAEXABVVector3@2@0ABVQuaternion@2@@Z+0x1f,3,0.0238,12581,19.999
fourteam_prefix,36068,OgreMain.dll!?softwareVertexBlend@Mesh@Ogre@@SAXPBVVertexData@2@0PBQBVMatrix4@2@I_N@Z+0x271,3,0.0238,12581,19.999
fourteam_prefix,36068,OgreMain.dll!?_writeRawConstants@GpuProgramParameters@Ogre@@QAEXIPBMI@Z+0x1f,3,0.0238,12581,19.999
fourteam_prefix,36068,OgreMain.dll!?_writeRawConstants@GpuProgramParameters@Ogre@@QAEXIPBMI@Z+0x6,3,0.0238,12581,19.999
fourteam_prefix,36068,OgreMain.dll!?touchVertexBufferCopy@HardwareBufferManagerBase@Ogre@@UAEXABVHardwareVertexBufferSharedPtr@2@@Z+0x4b,3,0.0238,12581,19.999
fourteam_prefix,36068,OgreMain.dll!?_issueRenderOp@SceneManager@Ogre@@UAEXPAVRenderable@2@PBVPass@2@@Z+0x1a,3,0.0238,12581,19.999
fourteam_prefix,36068,d3d11.dll!CreateDirect3D11DeviceFromDXGIDevice+0xa45f9,3,0.0238,12581,19.999
fourteam_prefix,36068,OgreMain.dll!?getFragmentProgram@Pass@Ogre@@QBEABV?$SharedPtr@VGpuProgram@Ogre@@@2@XZ+0xc,3,0.0238,12581,19.999
fourteam_prefix,36068,OgreMain.dll!?_findVisibleObjects@SceneNode@Ogre@@UAEXPAVCamera@2@PAVRenderQueue@2@PAUVisibleObjectsBoundsInfo@2@_N33@Z+0x53,3,0.0238,12581,19.999
fourteam_prefix,36068,ntdll.dll!_RtlAbPostRelease@8+0xe,3,0.0238,12581,19.999
fourteam_prefix,36068,battlezone98redux.exe!sub_44ef90,3,0.0238,12581,19.999
fourteam_prefix,36068,battlezone98redux.exe!sub_8245f0,3,0.0238,12581,19.999
fourteam_prefix,36068,battlezone98redux.exe!sub_4a88b0,3,0.0238,12581,19.999
fourteam_prefix,36068,WINMM.dll@6dfa0000!BZROpenShim::DamageRevealProbeHook+0x383,3,0.0238,12581,19.999
fourteam_prefix,36068,battlezone98redux.exe!sub_62c0b0,3,0.0238,12581,19.999
fourteam_prefix,36068,battlezone98redux.exe!sub_62c000,3,0.0238,12581,19.999
fourteam_prefix,36068,battlezone98redux.exe!sub_4df930,3,0.0238,12581,19.999
fourteam_prefix,36068,battlezone98redux.exe!sub_4aa630,3,0.0238,12581,19.999
fourteam_prefix,36068,battlezone98redux.exe!sub_4df970,3,0.0238,12581,19.999
fourteam_prefix,36068,OgreMain.dll!?isInLightRange@Light@Ogre@@QBE_NABVSphere@2@@Z+0x176,3,0.0238,12581,19.999
fourteam_prefix,36068,OgreMain.dll!?isViewOutOfDate@Camera@Ogre@@MBE_NXZ+0x51a,3,0.0238,12581,19.999
fourteam_prefix,36068,battlezone98redux.exe!sub_677b40,3,0.0238,12581,19.999
fourteam_prefix,36068,OgreMain.dll!?_issueRenderOp@SceneManager@Ogre@@UAEXPAVRenderable@2@PBVPass@2@@Z+0xb,3,0.0238,12581,19.999
fourteam_prefix,36068,ntdll.dll!_RtlpAbAllocateLockEntry@0+0x16,3,0.0238,12581,19.999
fourteam_prefix,36068,d3d11.dll!CreateDirect3D11DeviceFromDXGIDevice+0x9f97d,3,0.0238,12581,19.999
fourteam_prefix,36068,d3d11.dll!D3D11CoreCreateDevice+0xa0fd,3,0.0238,12581,19.999
fourteam_prefix,36068,KERNEL32.DLL!BaseDllReadWriteIniFile+0x1ac,3,0.0238,12581,19.999
fourteam_prefix,36068,OgreMain.dll!?addRenderable@QueuedRenderableCollection@Ogre@@QAEXPAVPass@2@PAVRenderable@2@@Z+0xd,3,0.0238,12581,19.999
fourteam_prefix,36068,OgreMain.dll!?normalise@Vector3@Ogre@@QAEMXZ+0x9,3,0.0238,12581,19.999
fourteam_prefix,36068,OgreMain.dll!?clip@ConvexBody@Ogre@@QAEXABVPlane@2@_N@Z+0x122,3,0.0238,12581,19.999
fourteam_prefix,36068,battlezone98redux.exe!sub_627b80,3,0.0238,12581,19.999
fourteam_prefix,36068,OgreMain.dll!?angleBetween@Vector3@Ogre@@QBE?AVRadian@2@ABV12@@Z+0x6a,3,0.0238,12581,19.999
fourteam_prefix,36068,ucrtbase.dll!__write_internal+0x9a,3,0.0238,12581,19.999
fourteam_prefix,36068,"ucrtbase.dll!__crt_seh_guarded_call<int>::operator()<<lambda_6d20deecaf4856105ebacbad442d1079>,<lambda_9a32fed5bf61b6b509b2d3f6003082a1> &,<lambda_63ea2239ed67c638ddbae41947fdf875> >+0x2f",3,0.0238,12581,19.999
fourteam_prefix,36068,WINMM.dll@6dfa0000!BZROpenShim::`anonymous namespace'::WriteFormattedMessage+0x117,3,0.0238,12581,19.999
fourteam_prefix,36068,ucrtbase.dll!___acrt_stdio_flush_nolock+0x49,3,0.0238,12581,19.999
fourteam_prefix,36068,ucrtbase.dll!_fflush_nolock_internal+0xe,3,0.0238,12581,19.999
fourteam_prefix,36068,ucrtbase.dll!write_text_ansi_nolock+0x98,3,0.0238,12581,19.999
fourteam_prefix,36068,WINMM.dll@6dfa0000!BZROpenShim::`anonymous namespace'::WriteLineUnlocked+0x134,3,0.0238,12581,19.999
fourteam_prefix,36068,ucrtbase.dll!_fflush+0x3f,3,0.0238,12581,19.999
fourteam_prefix,36068,ntdll.dll!_ZwWriteFile@36+0xc,3,0.0238,12581,19.999
fourteam_prefix,36068,ucrtbase.dll!__write_nolock+0xc4,3,0.0238,12581,19.999
fourteam_prefix,36068,OgreMain.dll!?clip@ConvexBody@Ogre@@QAEXABVPlane@2@_N@Z+0xf6,3,0.0238,12581,19.999
fourteam_prefix,36068,ntdll.dll!_RtlAnsiStringToUnicodeString@12,3,0.0238,12581,19.999
fourteam_prefix,36068,OgreMain.dll!?_updateAutoParams@GpuProgramParameters@Ogre@@QAEXPBVAutoParamDataSource@2@G@Z+0x14,3,0.0238,12581,19.999
fourteam_prefix,36068,OgreMain.dll!?getRenderOperation@SubEntity@Ogre@@UAEXAAVRenderOperation@2@@Z+0x10,3,0.0238,12581,19.999
fourteam_prefix,36068,d3d11.dll+0x30d49,3,0.0238,12581,19.999
fourteam_prefix,36068,OgreMain.dll!?clear@RenderQueue@Ogre@@QAEX_N@Z+0xf1,3,0.0238,12581,19.999
fourteam_prefix,36068,OgreMain.dll!?renderSingleObject@SceneManager@Ogre@@MAEXPAVRenderable@2@PBVPass@2@_N2PBV?$HashedVector@PAVLight@Ogre@@@2@@Z+0x1cb,3,0.0238,12581,19.999
fourteam_prefix,36068,OgreMain.dll+0x89b8,3,0.0238,12581,19.999
fourteam_prefix,36068,RenderSystem_Direct3D11.dll!?_setTextureAddressingMode@D3D11RenderSystem@Ogre@@UAEXIABUUVWAddressingMode@TextureUnitState@2@@Z+0x1e,3,0.0238,12581,19.999
fourteam_prefix,36068,d3d11.dll+0x35ea9,3,0.0238,12581,19.999
fourteam_prefix,36068,OgreMain.dll!?_renderScene@SceneManager@Ogre@@UAEXPAVCamera@2@PAVViewport@2@_N@Z+0x37,3,0.0238,12581,19.999
fourteam_prefix,36068,ntdll.dll!_memset+0x45,3,0.0238,12581,19.999
fourteam_prefix,36068,WINMM.dll@6dfa0000!BZROpenShim::`anonymous namespace'::ApplyLocalPlayerReticleConvergence+0x2b5,3,0.0238,12581,19.999
fourteam_prefix,36068,OgreMain.dll!?prepareShadowTextures@SceneManager@Ogre@@UAEXPAVCamera@2@PAVViewport@2@PBV?$HashedVector@PAVLight@Ogre@@@2@@Z+0x395,3,0.0238,12581,19.999
fourteam_prefix,36068,KERNEL32.DLL!GetCurrentThreadId+0x6,3,0.0238,12581,19.999
fourteam_prefix,36068,OgreMain.dll!?getQueueGroup@RenderQueue@Ogre@@QAEPAVRenderQueueGroup@2@E@Z+0x43,3,0.0238,12581,19.999
fourteam_prefix,36068,battlezone98redux.exe!sub_4cbb80,3,0.0238,12581,19.999
fourteam_prefix,36068,OgreMain.dll!?merge@RenderPriorityGroup@Ogre@@QAEXPBV12@@Z+0xad,3,0.0238,12581,19.999
fourteam_prefix,36068,d3d11.dll!CreateDirect3D11DeviceFromDXGIDevice+0x9e077,3,0.0238,12581,19.999
fourteam_prefix,36068,RenderSystem_Direct3D11.dll!?getILayoutByShader@D3D11VertexDeclaration@Ogre@@IAEPAUID3D11InputLayout@@PAVD3D11HLSLProgram@2@PAVVertexBufferBinding@2@@Z+0x276,3,0.0238,12581,19.999
fourteam_prefix,36068,OgreMain.dll!?merge@VisibleObjectsBoundsInfo@Ogre@@QAEXABVAxisAlignedBox@2@ABVSphere@2@PBVCamera@2@_N@Z+0x13a,3,0.0238,12581,19.999
fourteam_prefix,36068,OgreMain.dll+0x36269,3,0.0238,12581,19.999
fourteam_prefix,36068,RenderSystem_Direct3D11.dll!?lock@D3D11HardwareVertexBuffer@Ogre@@UAEPAXIIW4LockOptions@HardwareBuffer@2@W4UploadOptions@42@@Z+0x8,3,0.0238,12581,19.999
fourteam_prefix,36068,OgreMain.dll!?transformToUnitCube@FocusedShadowCameraSetup@Ogre@@IBE?AVMatrix4@2@ABV32@ABVPointListBody@12@@Z+0xff,3,0.0238,12581,19.999
fourteam_prefix,36068,OgreMain.dll!?renderSingleObject@SceneManager@Ogre@@MAEXPAVRenderable@2@PBVPass@2@_N2PBV?$HashedVector@PAVLight@Ogre@@@2@@Z+0x7eb,3,0.0238,12581,19.999
fourteam_prefix,36068,OgreMain.dll!?renderSingleObject@SceneManager@Ogre@@MAEXPAVRenderable@2@PBVPass@2@_N2PBV?$HashedVector@PAVLight@Ogre@@@2@@Z+0x7e4,3,0.0238,12581,19.999
fourteam_prefix,36068,OgreMain.dll!?angleBetween@Vector3@Ogre@@QBE?AVRadian@2@ABV12@@Z+0x1,3,0.0238,12581,19.999
fourteam_prefix,36068,RenderSystem_Direct3D11.dll!?getConstantBuffer@D3D11HLSLProgram@Ogre@@QAEPAUID3D11Buffer@@V?$SharedPtr@VGpuProgramParameters@Ogre@@@2@G@Z+0x4d,3,0.0238,12581,19.999
fourteam_prefix,36068,OgreMain.dll!?angleBetween@Vector3@Ogre@@QBE?AVRadian@2@ABV12@@Z+0x83,3,0.0238,12581,19.999
fourteam_prefix,36068,OgreMain.dll!?_setPass@SceneManager@Ogre@@UAEPBVPass@2@PBV32@_N1@Z+0x9f7,3,0.0238,12581,19.999
fourteam_prefix,36068,battlezone98redux.exe!sub_6b2960,3,0.0238,12581,19.999
fourteam_prefix,36068,battlezone98redux.exe!sub_6c9ab0,3,0.0238,12581,19.999
fourteam_prefix,36068,battlezone98redux.exe!sub_6d2040,3,0.0238,12581,19.999
fourteam_prefix,36068,battlezone98redux.exe!sub_6ce4a0,3,0.0238,12581,19.999
fourteam_prefix,36068,OgreMain.dll+0x35774,3,0.0238,12581,19.999
fourteam_prefix,36068,OgreMain.dll!?_detectImplementation@OptimisedUtil@Ogre@@KAPAV12@XZ+0x3c1e,3,0.0238,12581,19.999
fourteam_prefix,36068,OgreMain.dll+0x1f7f3,3,0.0238,12581,19.999
fourteam_prefix,36068,OgreMain.dll!?getFogStart@SceneManager@Ogre@@UBEMXZ+0x4a,3,0.0238,12581,19.999
fourteam_prefix,36068,OgreMain.dll!?getBestTechnique@Material@Ogre@@QAEPAVTechnique@2@GPBVRenderable@2@@Z+0xf6,3,0.0238,12581,19.999
fourteam_prefix,36068,dxgi.dll!DXGIDisableVBlankVirtualization+0x20b38,3,0.0238,12581,19.999
fourteam_prefix,36068,OgreMain.dll!?Norm@Quaternion@Ogre@@QBEMXZ+0x3b,3,0.0238,12581,19.999
fourteam_prefix,36068,nvwgf2um.dll!SetDependencyInfo+0x4c54a,3,0.0238,12581,19.999
fourteam_prefix,36068,OgreMain.dll!?convertLocalToWorldDirection@Node@Ogre@@UAE?AVVector3@2@ABV32@_N@Z+0xc3,3,0.0238,12581,19.999
fourteam_prefix,36068,nvwgf2um.dll!NVENCODEAPI_Thunk+0x217c9b,3,0.0238,12581,19.999
fourteam_prefix,36068,OgreMain.dll!?updatePoint@RotationalSpline@Ogre@@QAEXGABVQuaternion@2@@Z+0xb254,3,0.0238,12581,19.999
fourteam_prefix,36068,OgreMain.dll!?clear@RenderPriorityGroup@Ogre@@QAEXXZ+0x21d,3,0.0238,12581,19.999
fourteam_prefix,36068,d3d11.dll!CreateDirect3D11DeviceFromDXGIDevice+0x9ab2d,3,0.0238,12581,19.999
fourteam_prefix,36068,d3d11.dll!CreateDirect3D11DeviceFromDXGIDevice+0xa45e2,3,0.0238,12581,19.999
fourteam_prefix,36068,WINMM.dll@6dfa0000!BZROpenShim::`anonymous namespace'::HookSoftwareVertexBlend+0x62,3,0.0238,12581,19.999
fourteam_prefix,36068,battlezone98redux.exe!sub_462380,3,0.0238,12581,19.999
fourteam_prefix,36068,OgreMain.dll!?updatePoint@RotationalSpline@Ogre@@QAEXGABVQuaternion@2@@Z+0x9ce3,3,0.0238,12581,19.999
fourteam_prefix,36068,WINMM.dll@6dfa0000!BZROpenShim::`anonymous namespace'::WriteFormattedMessage+0x1b6,3,0.0238,12581,19.999
fourteam_prefix,36068,OgreMain.dll!?_findNamedConstantDefinition@GpuProgramParameters@Ogre@@QBEPBUGpuConstantDefinition@2@ABV?$basic_string@DU?$char_traits@D@std@@V?$allocator@D@2@@std@@_N@Z+0x1af,3,0.0238,12581,19.999
fourteam_prefix,36068,OgreMain.dll!?getQueueGroup@RenderQueue@Ogre@@QAEPAVRenderQueueGroup@2@E@Z+0x32,3,0.0238,12581,19.999
fourteam_prefix,36068,d3d11.dll!CreateDirect3D11DeviceFromDXGIDevice+0xa1d46,3,0.0238,12581,19.999
fourteam_prefix,36068,OgreMain.dll!?isViewOutOfDate@Camera@Ogre@@MBE_NXZ+0xa,3,0.0238,12581,19.999
fourteam_prefix,36068,OgreMain.dll!?getManualBonesDirty@Skeleton@Ogre@@UBE_NXZ+0x6,3,0.0238,12581,19.999
fourteam_prefix,36068,battlezone98redux.exe!sub_6ad980,3,0.0238,12581,19.999
fourteam_prefix,36068,ntdll.dll!_ZwRemoveIoCompletion@20+0xc,3,0.0238,12581,19.999
fourteam_prefix,36068,OgreMain.dll!?isVisible@ShadowRenderable@Ogre@@UBE_NXZ+0x150,3,0.0238,12581,19.999
fourteam_prefix,36068,OgreMain.dll+0x2c1a1,3,0.0238,12581,19.999
fourteam_prefix,36068,OgreMain.dll!?clone@Animation@Ogre@@QBEPAV12@ABV?$basic_string@DU?$char_traits@D@std@@V?$allocator@D@2@@std@@@Z+0x2f4,3,0.0238,12581,19.999
fourteam_prefix,36068,OgreMain.dll!?_populateLightList@SceneManager@Ogre@@UAEXABVVector3@2@MAAV?$HashedVector@PAVLight@Ogre@@@2@I@Z+0x136,3,0.0238,12581,19.999
fourteam_prefix,36068,d3d11.dll!D3D11CoreCreateDevice+0xa009,3,0.0238,12581,19.999
fourteam_prefix,36068,d3d11.dll!D3D11CoreCreateDevice+0xa12f,3,0.0238,12581,19.999
fourteam_prefix,36068,OgreMain.dll!?touchVertexBufferCopy@HardwareBufferManagerBase@Ogre@@UAEXABVHardwareVertexBufferSharedPtr@2@@Z+0x3d,3,0.0238,12581,19.999
fourteam_prefix,36068,OgreMain.dll!??4GpuSharedParametersUsage@Ogre@@QAEAAV01@ABV01@@Z+0x27a6,3,0.0238,12581,19.999
fourteam_prefix,36068,d3d11.dll!CreateDirect3D11DeviceFromDXGIDevice+0xbc60d,3,0.0238,12581,19.999
fourteam_prefix,36068,OgreMain.dll!?angleBetween@Vector3@Ogre@@QBE?AVRadian@2@ABV12@@Z+0xbf,3,0.0238,12581,19.999
fourteam_prefix,36068,RenderSystem_Direct3D11.dll!?_render@D3D11RenderSystem@Ogre@@UAEXABVRenderOperation@2@@Z+0x14d9,3,0.0238,12581,19.999
fourteam_prefix,36068,OgreMain.dll!?getBestTechnique@Material@Ogre@@QAEPAVTechnique@2@GPBVRenderable@2@@Z+0x1,3,0.0238,12581,19.999
fourteam_prefix,36068,OgreMain.dll!?_setTextureUnitSettings@RenderSystem@Ogre@@UAEXIAAVTextureUnitState@2@@Z+0x63,3,0.0238,12581,19.999
fourteam_prefix,36068,battlezone98redux.exe!sub_4d44f0,3,0.0238,12581,19.999
fourteam_prefix,36068,OgreMain.dll!?updateAnimation@Entity@Ogre@@IAEXXZ+0x123,3,0.0238,12581,19.999
fourteam_prefix,36068,MSVCR120.dll!__libm_sse2_asinf+0x30,3,0.0238,12581,19.999
fourteam_prefix,36068,OgreMain.dll!?getLightCount@AutoParamDataSource@Ogre@@UBEMXZ+0x32,3,0.0238,12581,19.999
fourteam_prefix,36068,d3d11.dll+0x30f29,3,0.0238,12581,19.999
fourteam_prefix,36068,d3d11.dll+0x31c42,3,0.0238,12581,19.999
fourteam_prefix,36068,d3d11.dll!CreateDirect3D11DeviceFromDXGIDevice+0x9f23b,3,0.0238,12581,19.999
fourteam_prefix,36068,OgreMain.dll!?merge@VisibleObjectsBoundsInfo@Ogre@@QAEXABVAxisAlignedBox@2@ABVSphere@2@PBVCamera@2@_N@Z+0x1f,3,0.0238,12581,19.999
fourteam_prefix,36068,RenderSystem_Direct3D11.dll!?getConstantBuffer@D3D11HLSLProgram@Ogre@@QAEPAUID3D11Buffer@@V?$SharedPtr@VGpuProgramParameters@Ogre@@@2@G@Z+0x9c,3,0.0238,12581,19.999
fourteam_prefix,36068,battlezone98redux.exe!sub_677be0,3,0.0238,12581,19.999
fourteam_prefix,36068,OgreMain.dll!?renderSingleObject@SceneManager@Ogre@@MAEXPAVRenderable@2@PBVPass@2@_N2PBV?$HashedVector@PAVLight@Ogre@@@2@@Z+0x8b9,3,0.0238,12581,19.999
fourteam_prefix,36068,WINMM.dll@6dfa0000!BZROpenShim::`anonymous namespace'::ReportFrustumCullIntervalIfDue+0x22d,3,0.0238,12581,19.999
fourteam_prefix,36068,WINMM.dll@6dfa0000!BZROpenShim::LogShimA+0x16,3,0.0238,12581,19.999
fourteam_prefix,36068,OgreMain.dll!?angleBetween@Vector3@Ogre@@QBE?AVRadian@2@ABV12@@Z+0xb,3,0.0238,12581,19.999
fourteam_prefix,36068,d3d11.dll+0x35e92,3,0.0238,12581,19.999
fourteam_prefix,36068,OgreMain.dll!??4GpuSharedParametersUsage@Ogre@@QAEAAV01@ABV01@@Z+0x2732,3,0.0238,12581,19.999
fourteam_prefix,36068,OgreMain.dll!?FastHash@Ogre@@YAIPBDHI@Z+0xd,3,0.0238,12581,19.999
fourteam_prefix,36068,OgreMain.dll!?getDistance@Plane@Ogre@@QBEMABVVector3@2@@Z+0x6,3,0.0238,12581,19.999
fourteam_prefix,36068,d3d11.dll+0x27012,3,0.0238,12581,19.999
fourteam_prefix,36068,ntdll.dll!_RtlLeaveCriticalSection@4+0x2e,3,0.0238,12581,19.999
fourteam_prefix,36068,d3d11.dll!CreateDirect3D11DeviceFromDXGIDevice+0x603c0,3,0.0238,12581,19.999
fourteam_prefix,36068,ntdll.dll!_KiUserCallbackDispatcher@12,3,0.0238,12581,19.999
fourteam_prefix,36068,OgreMain.dll!?RealEqual@Math@Ogre@@SA_NMMM@Z+0x1,3,0.0238,12581,19.999
fourteam_prefix,36068,RenderSystem_Direct3D11.dll!?_setTexture@D3D11RenderSystem@Ogre@@UAEXI_NABV?$SharedPtr@VTexture@Ogre@@@2@@Z+0xeb,3,0.0238,12581,19.999
fourteam_prefix,36068,nvwgf2um.dll!SetDependencyInfo+0x5634a,3,0.0238,12581,19.999
fourteam_prefix,36068,nvwgf2um.dll!OpenAdapter12+0x11e365,3,0.0238,12581,19.999
fourteam_prefix,36068,MSVCR120.dll!memcpy,3,0.0238,12581,19.999
fourteam_prefix,36068,nvwgf2um.dll!OpenAdapter10+0x77197,3,0.0238,12581,19.999
fourteam_prefix,36068,d3d11.dll!D3D11CoreCreateLayeredDevice+0x1495f,3,0.0238,12581,19.999
fourteam_prefix,36068,nvwgf2um.dll!OpenAdapter10+0x72db7,3,0.0238,12581,19.999
fourteam_prefix,36068,d3d11.dll+0x2b4ff,3,0.0238,12581,19.999
fourteam_prefix,36068,battlezone98redux.exe!sub_666700,3,0.0238,12581,19.999
fourteam_prefix,36068,battlezone98redux.exe!sub_666980,3,0.0238,12581,19.999
fourteam_prefix,36068,MSVCR120.dll!memcpy+0x6,3,0.0238,12581,19.999
fourteam_prefix,36068,nvwgf2um.dll!OpenAdapter10+0x71b18,3,0.0238,12581,19.999
fourteam_prefix,36068,battlezone98redux.exe!sub_5e1310,3,0.0238,12581,19.999
fourteam_prefix,36068,dxgi.dll!DXGIGetDebugInterface1+0x331a,3,0.0238,12581,19.999
fourteam_prefix,36068,dxgi.dll!DXGIDisableVBlankVirtualization+0x209d6,3,0.0238,12581,19.999
fourteam_prefix,36068,d3d11.dll!CreateDirect3D11DeviceFromDXGIDevice+0xb5cd0,3,0.0238,12581,19.999
fourteam_prefix,36068,OgreMain.dll!?updateStats@RenderTarget@Ogre@@MAEXXZ+0x13,3,0.0238,12581,19.999
fourteam_prefix,36068,OgreMain.dll!?update@RenderTarget@Ogre@@UAEX_N@Z+0xe,3,0.0238,12581,19.999
fourteam_prefix,36068,battlezone98redux.exe!sub_41fe40,3,0.0238,12581,19.999
fourteam_prefix,36068,OgreMain.dll!?buildAndIncludeDirection@PointListBody@FocusedShadowCameraSetup@Ogre@@QAEXABVConvexBody@3@MABVVector3@3@@Z+0xe0,3,0.0238,12581,19.999
fourteam_prefix,36068,OgreMain.dll!?getLightAttenuation@AutoParamDataSource@Ogre@@UBE?AVVector4@2@I@Z+0x2f,3,0.0238,12581,19.999
fourteam_prefix,36068,battlezone98redux.exe!sub_67b990,3,0.0238,12581,19.999
fourteam_prefix,36068,d3d11.dll+0x2bdd6,3,0.0238,12581,19.999
fourteam_prefix,36068,OgreMain.dll!?getLightDirection@AutoParamDataSource@Ogre@@UBEABVVector3@2@I@Z+0xd,3,0.0238,12581,19.999
fourteam_prefix,36068,OgreMain.dll!?_findNamedConstantDefinition@GpuProgramParameters@Ogre@@QBEPBUGpuConstantDefinition@2@ABV?$basic_string@DU?$char_traits@D@std@@V?$allocator@D@2@@std@@_N@Z+0x107,3,0.0238,12581,19.999
fourteam_prefix,36068,USER32.dll!GetCurrentMonitorTopologyId+0x3a77,3,0.0238,12581,19.999
fourteam_prefix,36068,OgreMain.dll!?merge@VisibleObjectsBoundsInfo@Ogre@@QAEXABVAxisAlignedBox@2@ABVSphere@2@PBVCamera@2@_N@Z+0xe5,3,0.0238,12581,19.999
fourteam_prefix,36068,OgreMain.dll!?lock@HardwareBuffer@Ogre@@UAEPAXIIW4LockOptions@12@W4UploadOptions@12@@Z+0x12e,3,0.0238,12581,19.999
fourteam_prefix,36068,battlezone98redux.exe!sub_67a110,3,0.0238,12581,19.999
fourteam_prefix,36068,OgreMain.dll!?getBoundingBox@Entity@Ogre@@UBEABVAxisAlignedBox@2@XZ+0x8d4,3,0.0238,12581,19.999
fourteam_prefix,36068,RenderSystem_Direct3D11.dll!?getDepthStencilView@D3D11DepthBuffer@Ogre@@QBEPAUID3D11DepthStencilView@@XZ+0x3,3,0.0238,12581,19.999
fourteam_prefix,36068,d3d11.dll!D3D11CoreCreateDevice+0x3ffa,3,0.0238,12581,19.999
fourteam_prefix,36068,OgreMain.dll!?isHardwareAnimationEnabled@Entity@Ogre@@QAE_NXZ+0x1a,3,0.0238,12581,19.999
fourteam_prefix,36068,OgreMain.dll!?setCurrentLightList@AutoParamDataSource@Ogre@@UAEXPBV?$HashedVector@PAVLight@Ogre@@@2@@Z+0x43,3,0.0238,12581,19.999
fourteam_prefix,36068,OgreMain.dll!?setCurrentRenderable@AutoParamDataSource@Ogre@@UAEXPBVRenderable@2@@Z+0x5b,3,0.0238,12581,19.999
fourteam_prefix,36068,OgreMain.dll!?_findVisibleObjects@SceneNode@Ogre@@UAEXPAVCamera@2@PAVRenderQueue@2@PAUVisibleObjectsBoundsInfo@2@_N33@Z+0x33,3,0.0238,12581,19.999
fourteam_prefix,36068,OgreMain.dll!?updatePoint@RotationalSpline@Ogre@@QAEXGABVQuaternion@2@@Z+0x1538,3,0.0238,12581,19.999
fourteam_prefix,36068,OgreMain.dll!?normalise@Vector3@Ogre@@QAEMXZ+0x2f,3,0.0238,12581,19.999
fourteam_prefix,36068,dxgi.dll!ApplyCompatResolutionQuirking+0x50f4,3,0.0238,12581,19.999
fourteam_prefix,36068,OgreMain.dll!?_populateLightList@SceneManager@Ogre@@UAEXABVVector3@2@MAAV?$HashedVector@PAVLight@Ogre@@@2@I@Z+0xb5,3,0.0238,12581,19.999
fourteam_prefix,36068,OgreMain.dll!?getIndexAscending@LodStrategy@Ogre@@KAGMABV?$vector@UMeshLodUsage@Ogre@@V?$STLAllocator@UMeshLodUsage@Ogre@@V?$CategorisedAllocPolicy@$0A@@2@@2@@std@@@Z+0x19,3,0.0238,12581,19.999
fourteam_prefix,36068,OgreMain.dll!?_detectImplementation@OptimisedUtil@Ogre@@KAPAV12@XZ+0x4505,3,0.0238,12581,19.999
fourteam_prefix,36068,battlezone98redux.exe!sub_43b720,3,0.0238,12581,19.999
fourteam_prefix,36068,OgreMain.dll!?_getBindingDelegate@HighLevelGpuProgram@Ogre@@UAEPAVGpuProgram@2@XZ+0x6,3,0.0238,12581,19.999
fourteam_prefix,36068,OgreMain.dll!?getTechnique@SubEntity@Ogre@@UBEPAVTechnique@2@XZ,3,0.0238,12581,19.999
fourteam_prefix,36068,OgreMain.dll!??4GpuSharedParametersUsage@Ogre@@QAEAAV01@ABV01@@Z+0x2735,3,0.0238,12581,19.999
fourteam_prefix,36068,OgreMain.dll+0x2f8e2,3,0.0238,12581,19.999
fourteam_prefix,36068,OgreMain.dll!?useLightsGpuProgram@SceneManager@Ogre@@MAEXPBVPass@2@PBV?$HashedVector@PAVLight@Ogre@@@2@@Z+0xe,3,0.0238,12581,19.999
fourteam_prefix,36068,OgreMain.dll!?processVisibleObject@RenderQueue@Ogre@@QAEXPAVMovableObject@2@PAVCamera@2@_NPAUVisibleObjectsBoundsInfo@2@@Z+0x95,3,0.0238,12581,19.999
fourteam_prefix,36068,OgreMain.dll!?updateFromParentImpl@SceneNode@Ogre@@MBEXXZ+0x1a,3,0.0238,12581,19.999
fourteam_prefix,36068,OgreMain.dll+0x1481c,3,0.0238,12581,19.999
fourteam_prefix,36068,OgreMain.dll!?findElementBySemantic@VertexDeclaration@Ogre@@UBEPBVVertexElement@2@W4VertexElementSemantic@2@G@Z+0x17,3,0.0238,12581,19.999
fourteam_prefix,36068,OgreMain.dll!?_notifyCurrentCamera@Entity@Ogre@@UAEXPAVCamera@2@@Z+0x111,3,0.0238,12581,19.999
fourteam_prefix,36068,OgreMain.dll!??4GpuSharedParametersUsage@Ogre@@QAEAAV01@ABV01@@Z+0x275f,3,0.0238,12581,19.999
fourteam_prefix,36068,OgreMain.dll!?getParameters@GpuProgramUsage@Ogre@@QAE?AV?$SharedPtr@VGpuProgramParameters@Ogre@@@2@XZ+0xf8,3,0.0238,12581,19.999
fourteam_prefix,36068,ucrtbase.dll!_memcmp+0x2e1,3,0.0238,12581,19.999
fourteam_prefix,36068,d3d11.dll+0x366db,3,0.0238,12581,19.999
fourteam_prefix,36068,OgreMain.dll!?getDistance@Plane@Ogre@@QBEMABVVector3@2@@Z+0x2a,3,0.0238,12581,19.999
fourteam_prefix,36068,RenderSystem_Direct3D11.dll!?setVertexDeclaration@D3D11RenderSystem@Ogre@@QAEXPAVVertexDeclaration@2@PAVVertexBufferBinding@2@@Z+0x6,3,0.0238,12581,19.999
fourteam_prefix,36068,OgreMain.dll!?_updateAutoParams@GpuProgramParameters@Ogre@@QAEXPBVAutoParamDataSource@2@G@Z+0x1,3,0.0238,12581,19.999
fourteam_prefix,36068,OgreMain.dll!?_fireFrameStarted@Root@Ogre@@QAE_NXZ+0x14,3,0.0238,12581,19.999
fourteam_prefix,36068,d3d11.dll+0x30dcc,3,0.0238,12581,19.999
fourteam_prefix,36068,d3d11.dll!CreateDirect3D11DeviceFromDXGIDevice+0xa0d71,3,0.0238,12581,19.999
fourteam_prefix,36068,OgreMain.dll!?isVisible@Frustum@Ogre@@UBE_NABVAxisAlignedBox@2@PAW4FrustumPlane@2@@Z+0xd,3,0.0238,12581,19.999
