"run_id","renderer","unit_odf","scenario","count","distance","orientation","type","owner_sample","mesh","material","technique","scheme","lod","pass","camera","samples","rank_mean","main_per_frame","shadow_per_frame","render_calls_per_frame","ogre_submissions_per_frame","operation_vertices_per_frame","operation_indices_per_frame","draw_per_frame","indexed_draw_per_frame","drawn_vertices_per_frame","drawn_indices_per_frame","no_draw_per_frame","empty_vertex_per_frame","zero_prim_per_frame","unobserved_per_frame","cpu_ms_per_frame"
"dx11_avtank_fourteam_080_400_facing","DX11","avtank","fourteam","80","400","facing",".?AVSubEntity@Ogre@@","Ogre/MO1","avtank.mesh","Ogre/DepthShadowmap/Caster/Float","<unnamed>","Default","0","0/0","Ogre/ShadowTexture0Cam","10","1.6","0","242.91","242.91","242.91","593592.6","2304007.6","0","242.81000000000003","0","2303164","0","0","0","0.06","0.2133"
"dx11_avtank_fourteam_080_400_facing","DX11","avtank","fourteam","80","400","facing",".?AVSubEntity@Ogre@@","Ogre/MO1","avtank.mesh","Ogre/DepthShadowmap/Caster/Float","<unnamed>","Default","0","0/0","Ogre/ShadowTexture1Cam","10","1.8","0","242.91","242.91","242.91","593590.4","2303998.8","0","242.81000000000003","0","2303165.7","0.030000000000000006","0","0","0.030000000000000006","0.19280000000000003"
"dx11_avtank_fourteam_080_400_facing","DX11","avtank","fourteam","80","400","facing",".?AVSubEntity@Ogre@@","Ogre/MO1","avtank.mesh","Ogre/DepthShadowmap/Caster/Float","<unnamed>","Default","0","0/0","Ogre/ShadowTexture2Cam","10","2.6","0","242.91","242.91","242.91","593593.7","2304011.7","0","242.81000000000003","0","2303168.8","0.01","0","0","0.05","0.1892"
"dx11_avtank_fourteam_080_400_facing","DX11","avtank","fourteam","80","400","facing",".?AVSubEntity@Ogre@@","Ogre/MO3","avtank.mesh","avtank01","<unnamed>","glow","0","0/0","PlayerCam","10","6.9","81","0","81","81","9396.1","16524.1","0","81","0","16517","0","0","0","0","0.07909999999999999"
"dx11_avtank_fourteam_080_400_facing","DX11","avtank","fourteam","80","400","facing",".?AVSubEntity@Ogre@@","Ogre/MO3","avtank.mesh","avtank00","<unnamed>","glow","0","0/0","PlayerCam","10","5.9","81","0","81","81","572026.9","2241694.4","0","81","0","2240770.7","0","0","0","0","0.0797"
"dx11_avtank_fourteam_080_400_facing","DX11","avtank","fourteam","80","400","facing",".?AVSubEntity@Ogre@@","Ogre/MO3","avtank.mesh","avtank01","<unnamed>","high-pssm","0","0/0","PlayerCam","10","4.3","81","0","81","81","9396.1","16524","0","81","0","16516.8","0","0","0","0","0.2444"
"dx11_avtank_fourteam_080_400_facing","DX11","avtank","fourteam","80","400","facing",".?AVSubEntity@Ogre@@","Ogre/MO3","avtank.mesh","avheadlight00","<unnamed>","glow","0","0/0","PlayerCam","10","4.9","81","0","81","81","12393","46656.4","0","81","0","46635.8","0","0","0","0","0.08449999999999999"
"dx11_avtank_fourteam_080_400_facing","DX11","avtank","fourteam","80","400","facing",".?AVSubEntity@Ogre@@","Ogre/MO82","avtank.mesh","avtank00","<unnamed>","high-pssm","2","0/0","PlayerCam","10","8.9","80","0","80","80","564964.5","2214018","0","79.99","0","2213104.5","0","0","0","0","0.1058"
"dx11_avtank_fourteam_080_400_facing","DX11","avtank","fourteam","80","400","facing",".?AVSubEntity@Ogre@@","Ogre/MO82","avtank.mesh","avheadlight00","<unnamed>","high-pssm","2","0/0","PlayerCam","10","8.1","80","0","80","80","12240.1","46080.3","0","80","0","46060.9","0","0","0","0","0.2944"
"dx11_avtank_fourteam_080_400_facing","DX11","avtank","fourteam","80","400","facing",".?AVDynamicGeometryBatch@@","<none>","<none>","HUDcomba","0","Default","0","0/0","PlayerCam","10","10","3","0","3","3","36","54","0","3","0","54","0","0","0","0","0.007000000000000001"
"dx11_avtank_fourteam_080_400_facing","DX11","avtank","fourteam","80","400","facing",".?AVDynamicGeometryBatch@@","<none>","<none>","Untextured","0","Default","0","0/0","PlayerCam","10","11","3","0","3","3","10000","19672.1","0","3","0","19664.8","0","0","0","0","0.005999999999999999"
"dx11_avtank_fourteam_080_400_facing","DX11","avtank","fourteam","80","400","facing",".?AVDynamicGeometryBatch@@","<none>","<none>","sprite_n","0","Default","0","0/0","PlayerCam","10","12","2","0","2","2","40","60","0","2","0","60","0","0","0","0","0.004999999999999999"
"dx11_avtank_fourteam_080_400_facing","DX11","avtank","fourteam","80","400","facing",".?AVSubEntity@Ogre@@","RenderableTileCluster_2x3_1x1","RenderableTileCluster_2x3_1x1","MN_DETAIL_ATLAS","<unnamed>","glow","0","0/0","PlayerCam","10","53.9","1","0","1","1","9409.1","38400.5","0","1","0","38386.2","0","0","0","0","0.0010000000000000002"
"dx11_avtank_fourteam_080_400_facing","DX11","avtank","fourteam","80","400","facing",".?AVSubEntity@Ogre@@","RenderableTileCluster_2x3_2x0","RenderableTileCluster_2x3_2x0","MN_DETAIL_ATLAS","<unnamed>","glow","0","0/0","PlayerCam","10","56","1","0","1","1","9409.1","38400.5","0","1","0","38357.1","0","0","0","0","0.0010000000000000002"
"dx11_avtank_fourteam_080_400_facing","DX11","avtank","fourteam","80","400","facing",".?AVSubEntity@Ogre@@","RenderableTileCluster_2x3_2x0","RenderableTileCluster_2x3_2x0","MN_DETAIL_ATLAS","<unnamed>","high-pssm","2","0/0","PlayerCam","10","22.7","1","0","1","1","9409.1","38400.4","0","1","0","38400.4","0","0","0","0","0.007000000000000001"
"dx11_avtank_fourteam_080_400_facing","DX11","avtank","fourteam","80","400","facing",".?AVSubEntity@Ogre@@","RenderableTileCluster_2x3_2x1","RenderableTileCluster_2x3_2x1","MN_DETAIL_ATLAS","<unnamed>","glow","0","0/0","PlayerCam","10","70.5","1","0","1","1","9409.1","38400.5","0","1","0","38357.3","0","0","0","0","0.0010000000000000002"
"dx11_avtank_fourteam_080_400_facing","DX11","avtank","fourteam","80","400","facing",".?AVSubEntity@Ogre@@","RenderableTileCluster_2x3_2x1","RenderableTileCluster_2x3_2x1","MN_DETAIL_ATLAS","<unnamed>","high-pssm","2","0/0","PlayerCam","10","25.5","1","0","1","1","9409.1","38400.4","0","1","0","38400.4","0","0","0","0","0.0068000000000000005"
"dx11_avtank_fourteam_080_400_facing","DX11","avtank","fourteam","80","400","facing",".?AVSubEntity@Ogre@@","RenderableTileCluster_2x3_1x1","RenderableTileCluster_2x3_1x1","MN_DETAIL_ATLAS","<unnamed>","high-pssm","2","0/0","PlayerCam","10","23.6","1","0","1","1","9409.1","38400.4","0","1","0","38400.4","0","0","0","0","0.007000000000000001"
"dx11_avtank_fourteam_080_400_facing","DX11","avtank","fourteam","80","400","facing",".?AVDynamicGeometryBatch@@","<none>","<none>","bzfont","0","Default","0","0/0","PlayerCam","10","50.3","1","0","1","1","496","744","0","1","0","743.7","0","0","0","0","0.0010000000000000002"
"dx11_avtank_fourteam_080_400_facing","DX11","avtank","fourteam","80","400","facing",".?AVSubEntity@Ogre@@","RenderableTileCluster_2x3_1x0","RenderableTileCluster_2x3_1x0","MN_DETAIL_ATLAS","<unnamed>","high-pssm","2","0/0","PlayerCam","10","24.5","1","0","1","1","9409.1","38400.4","0","1","0","38400.4","0","0","0","0","0.007000000000000001"
"dx11_avtank_fourteam_080_400_facing","DX11","avtank","fourteam","80","400","facing",".?AVSubEntity@Ogre@@","RenderableTileCluster_2x3_1x0","RenderableTileCluster_2x3_1x0","MN_DETAIL_ATLAS","<unnamed>","glow","0","0/0","PlayerCam","10","61","1","0","1","1","9409.1","38400.5","0","1","0","38386","0","0","0","0","0.0010000000000000002"
"dx11_avtank_fourteam_080_400_facing","DX11","avtank","fourteam","80","400","facing",".?AVSubEntity@Ogre@@","RenderableTileCluster_2x3_0x1","RenderableTileCluster_2x3_0x1","MN_DETAIL_ATLAS","<unnamed>","high-pssm","2","0/0","PlayerCam","10","27.1","1","0","1","1","9409.1","38400.4","0","1","0","38400.4","0","0","0","0","0.005999999999999999"
"dx11_avtank_fourteam_080_400_facing","DX11","avtank","fourteam","80","400","facing",".?AVSubEntity@Ogre@@","RenderableTileCluster_2x3_0x1","RenderableTileCluster_2x3_0x1","MN_DETAIL_ATLAS","<unnamed>","glow","0","0/0","PlayerCam","10","35","1","0","1","1","9409.1","38400.5","0","1","0","38342.5","0","0","0","0","0.0029999999999999996"
"dx11_avtank_fourteam_080_400_facing","DX11","avtank","fourteam","80","400","facing",".?AVSubEntity@Ogre@@","RenderableTileCluster_2x3_0x0","RenderableTileCluster_2x3_0x0","MN_DETAIL_ATLAS","<unnamed>","high-pssm","2","0/0","PlayerCam","10","40.6","1","0","1","1","9409.1","38400.4","0","1","0","38371.5","0","0","0","0","0.0029999999999999996"
"dx11_avtank_fourteam_080_400_facing","DX11","avtank","fourteam","80","400","facing",".?AVSubEntity@Ogre@@","RenderableTileCluster_2x3_0x0","RenderableTileCluster_2x3_0x0","MN_DETAIL_ATLAS","<unnamed>","glow","0","0/0","PlayerCam","10","73.2","1","0","1","1","9409.1","38400.5","0","1","0","38400.5","0","0","0","0","0.0010000000000000002"
"dx11_avtank_fourteam_080_400_facing","DX11","avtank","fourteam","80","400","facing",".?AVSubEntity@Ogre@@","RenderableTileCluster_2x2_3x3","RenderableTileCluster_2x2_3x3","MN_DETAIL_ATLAS","<unnamed>","high-pssm","1","0/0","PlayerCam","10","34.7","1","0","1","1","9409.1","38400.4","0","1","0","38400.4","0","0","0","0","0.004999999999999999"
"dx11_avtank_fourteam_080_400_facing","DX11","avtank","fourteam","80","400","facing",".?AVSubEntity@Ogre@@","RenderableTileCluster_2x2_3x3","RenderableTileCluster_2x2_3x3","MN_DETAIL_ATLAS","<unnamed>","glow","0","0/0","PlayerCam","10","74.1","1","0","1","1","9409.1","38400.5","0","1","0","38400.5","0","0","0","0","0.0010000000000000002"
"dx11_avtank_fourteam_080_400_facing","DX11","avtank","fourteam","80","400","facing",".?AVSubEntity@Ogre@@","RenderableTileCluster_2x3_3x0","RenderableTileCluster_2x3_3x0","MN_DETAIL_ATLAS","<unnamed>","glow","0","0/0","PlayerCam","10","55.4","1","0","1","1","9409.1","38400.5","0","1","0","38386.3","0","0","0","0","0.0010000000000000002"
"dx11_avtank_fourteam_080_400_facing","DX11","avtank","fourteam","80","400","facing",".?AVSubEntity@Ogre@@","RenderableTileCluster_2x3_3x0","RenderableTileCluster_2x3_3x0","MN_DETAIL_ATLAS","<unnamed>","high-pssm","2","0/0","PlayerCam","10","37.4","1","0","1","1","9409.1","38400.4","0","1","0","38400.4","0","0","0","0","0.004000000000000001"
"dx11_avtank_fourteam_080_400_facing","DX11","avtank","fourteam","80","400","facing",".?AVSubEntity@Ogre@@","RenderableTileCluster_3x3_0x0","RenderableTileCluster_3x3_0x0","MN_DETAIL_ATLAS","<unnamed>","high-pssm","2","0/0","PlayerCam","10","43.3","1","0","1","1","9409.1","38400.4","0","1","0","38385.7","0","0","0","0","0.0029999999999999996"
"dx11_avtank_fourteam_080_400_facing","DX11","avtank","fourteam","80","400","facing",".?AVSubEntity@Ogre@@","RenderableTileCluster_2x3_3x1","RenderableTileCluster_2x3_3x1","MN_DETAIL_ATLAS","<unnamed>","high-pssm","2","0/0","PlayerCam","10","36.3","1","0","1","1","9409.1","38400.4","0","1","0","38371.7","0","0","0","0","0.004000000000000001"
"dx11_avtank_fourteam_080_400_facing","DX11","avtank","fourteam","80","400","facing",".?AVSubEntity@Ogre@@","Ogre/MO4","Sky","STARS.MAP","<unnamed>","Default","0","0/0","PlayerCam","10","16.6","1","0","1","1","136","204","0","1","0","203.7","0","0","0","0","0.016500000000000004"
"dx11_avtank_fourteam_080_400_facing","DX11","avtank","fourteam","80","400","facing",".?AVSubEntity@Ogre@@","Ogre/MO4","Sky","MILKYWAY.MAP","<unnamed>","Default","0","0/0","PlayerCam","10","32.2","1","0","1","1","4","6","0","1","0","6","0","0","0","0","0.004999999999999999"
"dx11_avtank_fourteam_080_400_facing","DX11","avtank","fourteam","80","400","facing",".?AVSubEntity@Ogre@@","Ogre/MO4","Sky","EARTHGOOD.MAP","<unnamed>","Default","0","0/0","PlayerCam","10","29","1","0","1","1","4","6","0","1","0","6","0","0","0","0","0.0056999999999999985"
"dx11_avtank_fourteam_080_400_facing","DX11","avtank","fourteam","80","400","facing",".?AVSubEntity@Ogre@@","RenderableTileCluster_3x3_2x1","RenderableTileCluster_3x3_2x1","MN_DETAIL_ATLAS","<unnamed>","high-pssm","2","0/0","PlayerCam","10","47","1","0","1","1","9409.1","38400.4","0","1","0","38357","0","0","0","0","0.0029999999999999996"
"dx11_avtank_fourteam_080_400_facing","DX11","avtank","fourteam","80","400","facing",".?AVSubEntity@Ogre@@","RenderableTileCluster_3x3_2x1","RenderableTileCluster_3x3_2x1","MN_DETAIL_ATLAS","<unnamed>","glow","0","0/0","PlayerCam","10","59.9","1","0","1","1","9409.1","38400.5","0","1","0","38400.5","0","0","0","0","0.0010000000000000002"
"dx11_avtank_fourteam_080_400_facing","DX11","avtank","fourteam","80","400","facing",".?AVSubEntity@Ogre@@","RenderableTileCluster_3x3_1x1","RenderableTileCluster_3x3_1x1","MN_DETAIL_ATLAS","<unnamed>","high-pssm","2","0/0","PlayerCam","10","48.9","1","0","1","1","9409.1","38400.4","0","1","0","38386.2","0","0","0","0","0.0027"
"dx11_avtank_fourteam_080_400_facing","DX11","avtank","fourteam","80","400","facing",".?AVSubEntity@Ogre@@","RenderableTileCluster_2x3_3x1","RenderableTileCluster_2x3_3x1","MN_DETAIL_ATLAS","<unnamed>","glow","0","0/0","PlayerCam","10","68.2","1","0","1","1","9409.1","38400.5","0","1","0","38386","0","0","0","0","0.0010000000000000002"
"dx11_avtank_fourteam_080_400_facing","DX11","avtank","fourteam","80","400","facing",".?AVSubEntity@Ogre@@","RenderableTileCluster_3x3_1x1","RenderableTileCluster_3x3_1x1","MN_DETAIL_ATLAS","<unnamed>","glow","0","0/0","PlayerCam","10","69.6","1","0","1","1","9409.1","38400.5","0","1","0","38386.3","0","0","0","0","0.0010000000000000002"
"dx11_avtank_fourteam_080_400_facing","DX11","avtank","fourteam","80","400","facing",".?AVSubEntity@Ogre@@","RenderableTileCluster_3x3_0x1","RenderableTileCluster_3x3_0x1","MN_DETAIL_ATLAS","<unnamed>","high-pssm","2","0/0","PlayerCam","10","48.7","1","0","1","1","9409.1","38400.4","0","1","0","38357.5","0","0","0","0","0.0028999999999999994"
"dx11_avtank_fourteam_080_400_facing","DX11","avtank","fourteam","80","400","facing",".?AVSubEntity@Ogre@@","RenderableTileCluster_3x3_0x1","RenderableTileCluster_3x3_0x1","MN_DETAIL_ATLAS","<unnamed>","glow","0","0/0","PlayerCam","10","66.3","1","0","1","1","9409.1","38400.5","0","1","0","38385.9","0","0","0","0","0.0010000000000000002"
"dx11_avtank_fourteam_080_400_facing","DX11","avtank","fourteam","80","400","facing",".?AVSubEntity@Ogre@@","RenderableTileCluster_2x2_3x2","RenderableTileCluster_2x2_3x2","MN_DETAIL_ATLAS","<unnamed>","high-pssm","1","0/0","PlayerCam","10","21.2","1","0","1","1","9409.1","38400.4","0","1","0","38357.2","0","0","0","0","0.0071"
"dx11_avtank_fourteam_080_400_facing","DX11","avtank","fourteam","80","400","facing",".?AVSubEntity@Ogre@@","RenderableTileCluster_3x3_0x0","RenderableTileCluster_3x3_0x0","MN_DETAIL_ATLAS","<unnamed>","glow","0","0/0","PlayerCam","10","56.1","1","0","1","1","9409.1","38400.5","0","1","0","38357.4","0","0","0","0","0.0010000000000000002"
"dx11_avtank_fourteam_080_400_facing","DX11","avtank","fourteam","80","400","facing",".?AVSubEntity@Ogre@@","RenderableTileCluster_3x2_0x3","RenderableTileCluster_3x2_0x3","MN_DETAIL_ATLAS","<unnamed>","high-pssm","2","0/0","PlayerCam","10","40.1","1","0","1","1","9409.1","38400.4","0","1","0","38400.4","0","0","0","0","0.0029999999999999996"
"dx11_avtank_fourteam_080_400_facing","DX11","avtank","fourteam","80","400","facing",".?AVSubEntity@Ogre@@","RenderableTileCluster_3x2_0x3","RenderableTileCluster_3x2_0x3","MN_DETAIL_ATLAS","<unnamed>","glow","0","0/0","PlayerCam","10","64.9","1","0","1","1","9409.1","38400.5","0","1","0","38371.8","0","0","0","0","0.0010000000000000002"
"dx11_avtank_fourteam_080_400_facing","DX11","avtank","fourteam","80","400","facing",".?AVSubEntity@Ogre@@","RenderableTileCluster_3x3_1x0","RenderableTileCluster_3x3_1x0","MN_DETAIL_ATLAS","<unnamed>","glow","0","0/0","PlayerCam","10","63.3","1","0","1","1","9409.1","38400.5","0","1","0","38371.8","0","0","0","0","0.0010000000000000002"
"dx11_avtank_fourteam_080_400_facing","DX11","avtank","fourteam","80","400","facing",".?AVSubEntity@Ogre@@","RenderableTileCluster_2x2_3x2","RenderableTileCluster_2x2_3x2","MN_DETAIL_ATLAS","<unnamed>","glow","0","0/0","PlayerCam","10","51.5","1","0","1","1","9409.1","38400.5","0","1","0","38386.2","0","0","0","0","0.0010000000000000002"
"dx11_avtank_fourteam_080_400_facing","DX11","avtank","fourteam","80","400","facing",".?AVSubEntity@Ogre@@","RenderableTileCluster_3x3_1x0","RenderableTileCluster_3x3_1x0","MN_DETAIL_ATLAS","<unnamed>","high-pssm","2","0/0","PlayerCam","10","48.9","1","0","1","1","9409.1","38400.4","0","1","0","38371.3","0","0","0","0","0.0027999999999999995"
"dx11_avtank_fourteam_080_400_facing","DX11","avtank","fourteam","80","400","facing",".?AVSubEntity@Ogre@@","RenderableTileCluster_2x2_2x3","RenderableTileCluster_2x2_2x3","MN_DETAIL_ATLAS","<unnamed>","glow","0","0/0","PlayerCam","10","76.5","1","0","1","1","9409.1","38400.5","0","1","0","38400.5","0","0","0","0","0.0010000000000000002"
"dx11_avtank_fourteam_080_400_facing","DX11","avtank","fourteam","80","400","facing",".?AVSubEntity@Ogre@@","RenderableTileCluster_1x3_2x0","RenderableTileCluster_1x3_2x0","MN_DETAIL_ATLAS","<unnamed>","high-pssm","2","0/0","PlayerCam","10","45.4","1","0","1","1","9409.1","38400.4","0","1","0","38400.4","0","0","0","0","0.0029999999999999996"
"dx11_avtank_fourteam_080_400_facing","DX11","avtank","fourteam","80","400","facing",".?AVSubEntity@Ogre@@","RenderableTileCluster_1x3_2x0","RenderableTileCluster_1x3_2x0","MN_DETAIL_ATLAS","<unnamed>","glow","0","0/0","PlayerCam","10","53.9","1","0","1","1","9409.1","38400.5","0","1","0","38371.6","0","0","0","0","0.0010000000000000002"
"dx11_avtank_fourteam_080_400_facing","DX11","avtank","fourteam","80","400","facing",".?AVSubEntity@Ogre@@","RenderableTileCluster_1x3_1x1","RenderableTileCluster_1x3_1x1","MN_DETAIL_ATLAS","<unnamed>","high-pssm","2","0/0","PlayerCam","10","52","1","0","1","1","9409.1","38400.4","0","1","0","38371.7","0","0","0","0","0.0020000000000000005"
"dx11_avtank_fourteam_080_400_facing","DX11","avtank","fourteam","80","400","facing",".?AVSubEntity@Ogre@@","RenderableTileCluster_1x3_1x1","RenderableTileCluster_1x3_1x1","MN_DETAIL_ATLAS","<unnamed>","glow","0","0/0","PlayerCam","10","62.3","1","0","1","1","9409.1","38400.5","0","1","0","38400.5","0","0","0","0","0.0010000000000000002"
"dx11_avtank_fourteam_080_400_facing","DX11","avtank","fourteam","80","400","facing",".?AVSubEntity@Ogre@@","RenderableTileCluster_1x2_3x3","RenderableTileCluster_1x2_3x3","MN_DETAIL_ATLAS","<unnamed>","high-pssm","2","0/0","PlayerCam","10","39.1","1","0","1","1","9409.1","38400.4","0","1","0","38385.8","0","0","0","0","0.0029999999999999996"
"dx11_avtank_fourteam_080_400_facing","DX11","avtank","fourteam","80","400","facing",".?AVSubEntity@Ogre@@","RenderableTileCluster_1x2_3x3","RenderableTileCluster_1x2_3x3","MN_DETAIL_ATLAS","<unnamed>","glow","0","0/0","PlayerCam","10","58.3","1","0","1","1","9409.1","38400.5","0","1","0","38371.6","0","0","0","0","0.0010000000000000002"
"dx11_avtank_fourteam_080_400_facing","DX11","avtank","fourteam","80","400","facing",".?AVSubEntity@Ogre@@","RenderableTileCluster_1x3_2x1","RenderableTileCluster_1x3_2x1","MN_DETAIL_ATLAS","<unnamed>","glow","0","0/0","PlayerCam","10","64.8","1","0","1","1","9409.1","38400.5","0","1","0","38357.3","0","0","0","0","0.0010000000000000002"
"dx11_avtank_fourteam_080_400_facing","DX11","avtank","fourteam","80","400","facing",".?AVSubEntity@Ogre@@","Ogre/MO3","avtank.mesh","avtank00","<unnamed>","high-pssm","0","0/0","PlayerCam","10","30.3","1","0","1","1","7062","27675.3","0","1","0","27633.5","0","0","0","0","0.004999999999999999"
"dx11_avtank_fourteam_080_400_facing","DX11","avtank","fourteam","80","400","facing",".?AVRectangle2D@Ogre@@","<none>","<none>","c7/Glow/Combine","<unnamed>","Default","0","0/0","PlayerCam","10","46.7","1","0","1","1","4","0","1","0","4","0","0","0","0","0","0.0020000000000000005"
"dx11_avtank_fourteam_080_400_facing","DX11","avtank","fourteam","80","400","facing",".?AVRectangle2D@Ogre@@","<none>","<none>","c6/Glow/BlurH","<unnamed>","Default","0","0/0","PlayerCam","10","48.6","1","0","1","1","4","0","1","0","4","0","0","0","0","0","0.0020000000000000005"
"dx11_avtank_fourteam_080_400_facing","DX11","avtank","fourteam","80","400","facing",".?AVRectangle2D@Ogre@@","<none>","<none>","c4/Glow/Downsample","<unnamed>","Default","0","0/0","PlayerCam","10","29.8","1","0","1","1","4","0","1","0","4","0","0","0","0","0","0.004999999999999999"
"dx11_avtank_fourteam_080_400_facing","DX11","avtank","fourteam","80","400","facing",".?AVDynamicGeometryBatch@@","<none>","<none>","sprite_a","0","Default","0","0/0","PlayerCam","10","38.9","1","0","1","1","4","6","0","1","0","6","0","0","0","0","0.0029999999999999996"
"dx11_avtank_fourteam_080_400_facing","DX11","avtank","fourteam","80","400","facing",".?AVDynamicGeometryBatch@@","<none>","<none>","reticle1","0","Default","0","0/0","PlayerCam","10","50","1","0","1","1","4","6","0","1","0","6","0","0","0","0","0.0010000000000000002"
"dx11_avtank_fourteam_080_400_facing","DX11","avtank","fourteam","80","400","facing",".?AVSubEntity@Ogre@@","RenderableTileCluster_2x2_2x3","RenderableTileCluster_2x2_2x3","MN_DETAIL_ATLAS","<unnamed>","high-pssm","1","0/0","PlayerCam","10","21.1","1","0","1","1","9409.1","38400.4","0","1","0","38400.4","0","0","0","0","0.007000000000000001"
"dx11_avtank_fourteam_080_400_facing","DX11","avtank","fourteam","80","400","facing",".?AVSubEntity@Ogre@@","Ogre/MO3","avtank.mesh","avheadlight00","<unnamed>","high-pssm","0","0/0","PlayerCam","10","17.6","1","0","1","1","153","576","0","1","0","575.2","0","0","0","0","0.014500000000000002"
"dx11_avtank_fourteam_080_400_facing","DX11","avtank","fourteam","80","400","facing",".?AVSubEntity@Ogre@@","RenderableTileCluster_1x3_2x1","RenderableTileCluster_1x3_2x1","MN_DETAIL_ATLAS","<unnamed>","high-pssm","2","0/0","PlayerCam","10","46.1","1","0","1","1","9409.1","38400.4","0","1","0","38400.4","0","0","0","0","0.0029999999999999996"
"dx11_avtank_fourteam_080_400_facing","DX11","avtank","fourteam","80","400","facing",".?AVRectangle2D@Ogre@@","<none>","<none>","c5/Glow/BlurV","<unnamed>","Default","0","0/0","PlayerCam","10","45","1","0","1","1","4","0","1","0","4","0","0","0","0","0","0.0020000000000000005"
"dx11_avtank_fourteam_080_400_facing","DX11","avtank","fourteam","80","400","facing",".?AVSubEntity@Ogre@@","RenderableTileCluster_1x3_3x0","RenderableTileCluster_1x3_3x0","MN_DETAIL_ATLAS","<unnamed>","high-pssm","2","0/0","PlayerCam","10","42.4","1","0","1","1","9409.1","38400.4","0","1","0","38357.5","0","0","0","0","0.0029999999999999996"
"dx11_avtank_fourteam_080_400_facing","DX11","avtank","fourteam","80","400","facing",".?AVSubEntity@Ogre@@","RenderableTileCluster_1x3_3x0","RenderableTileCluster_1x3_3x0","MN_DETAIL_ATLAS","<unnamed>","glow","0","0/0","PlayerCam","10","66.7","1","0","1","1","9409.1","38400.5","0","1","0","38385.8","0","0","0","0","0.0010000000000000002"
"dx11_avtank_fourteam_080_400_facing","DX11","avtank","fourteam","80","400","facing",".?AVSubEntity@Ogre@@","RenderableTileCluster_2x2_2x2","RenderableTileCluster_2x2_2x2","MN_DETAIL_ATLAS","<unnamed>","high-pssm","0","0/0","PlayerCam","10","28.2","1","0","1","1","9409.1","38400.4","0","1","0","38386.1","0","0","0","0","0.005999999999999999"
"dx11_avtank_fourteam_080_400_facing","DX11","avtank","fourteam","80","400","facing",".?AVSubEntity@Ogre@@","RenderableTileCluster_2x2_2x2","RenderableTileCluster_2x2_2x2","MN_DETAIL_ATLAS","<unnamed>","glow","0","0/0","PlayerCam","10","74.8","1","0","1","1","9409.1","38400.5","0","1","0","38400.5","0","0","0","0","0.0010000000000000002"
"dx11_avtank_fourteam_080_400_facing","DX11","avtank","fourteam","80","400","facing",".?AVSubEntity@Ogre@@","RenderableTileCluster_2x2_1x3","RenderableTileCluster_2x2_1x3","MN_DETAIL_ATLAS","<unnamed>","high-pssm","1","0/0","PlayerCam","10","19.3","1","0","1","1","9409.1","38400.4","0","1","0","38357.1","0","0","0","0","0.008000000000000002"
"dx11_avtank_fourteam_080_400_facing","DX11","avtank","fourteam","80","400","facing",".?AVSubEntity@Ogre@@","RenderableTileCluster_2x2_1x3","RenderableTileCluster_2x2_1x3","MN_DETAIL_ATLAS","<unnamed>","glow","0","0/0","PlayerCam","10","70.2","1","0","1","1","9409.1","38400.5","0","1","0","38400.5","0","0","0","0","0.0010000000000000002"
"dx11_avtank_fourteam_080_400_facing","DX11","avtank","fourteam","80","400","facing",".?AVSubEntity@Ogre@@","RenderableTileCluster_2x2_1x2","RenderableTileCluster_2x2_1x2","MN_DETAIL_ATLAS","<unnamed>","glow","0","0/0","PlayerCam","10","73.1","1","0","1","1","9409.1","38400.5","0","1","0","38400.5","0","0","0","0","0.0010000000000000002"
"dx11_avtank_fourteam_080_400_facing","DX11","avtank","fourteam","80","400","facing",".?AVSubEntity@Ogre@@","RenderableTileCluster_2x2_1x1","RenderableTileCluster_2x2_1x1","MN_DETAIL_ATLAS","<unnamed>","high-pssm","0","0/0","PlayerCam","10","18.9","1","0","1","1","9409.1","38400.4","0","1","0","38328.2","0","0","0","0","0.008000000000000002"
"dx11_avtank_fourteam_080_400_facing","DX11","avtank","fourteam","80","400","facing",".?AVSubEntity@Ogre@@","RenderableTileCluster_2x2_1x2","RenderableTileCluster_2x2_1x2","MN_DETAIL_ATLAS","<unnamed>","high-pssm","0","0/0","PlayerCam","10","30.4","1","0","1","1","9409.1","38400.4","0","1","0","38386","0","0","0","0","0.005399999999999999"
"dx11_avtank_fourteam_080_400_facing","DX11","avtank","fourteam","80","400","facing",".?AVSubEntity@Ogre@@","RenderableTileCluster_2x2_1x1","RenderableTileCluster_2x2_1x1","MN_DETAIL_ATLAS","<unnamed>","glow","0","0/0","PlayerCam","10","71.7","1","0","1","1","9409.1","38400.5","0","1","0","38400.5","0","0","0","0","0.0010000000000000002"
"dx11_avtank_fourteam_080_400_facing","DX11","avtank","fourteam","80","400","facing",".?AVSubEntity@Ogre@@","RenderableTileCluster_2x2_0x3","RenderableTileCluster_2x2_0x3","MN_DETAIL_ATLAS","<unnamed>","high-pssm","1","0/0","PlayerCam","10","34.2","1","0","1","1","9409.1","38400.4","0","1","0","38400.4","0","0","0","0","0.004999999999999999"
"dx11_avtank_fourteam_080_400_facing","DX11","avtank","fourteam","80","400","facing",".?AVSubEntity@Ogre@@","RenderableTileCluster_2x2_0x3","RenderableTileCluster_2x2_0x3","MN_DETAIL_ATLAS","<unnamed>","glow","0","0/0","PlayerCam","10","77.8","1","0","1","1","9409.1","38400.5","0","1","0","38400.5","0","0","0","0","0.0010000000000000002"
"dx11_avtank_fourteam_080_400_facing","DX11","avtank","fourteam","80","400","facing",".?AVSubEntity@Ogre@@","RenderableTileCluster_2x2_0x2","RenderableTileCluster_2x2_0x2","MN_DETAIL_ATLAS","<unnamed>","high-pssm","1","0/0","PlayerCam","10","31.2","1","0","1","1","9409.1","38400.4","0","1","0","38357.3","0","0","0","0","0.004999999999999999"
"dx11_avtank_fourteam_080_400_facing","DX11","avtank","fourteam","80","400","facing",".?AVSubEntity@Ogre@@","RenderableTileCluster_2x2_0x2","RenderableTileCluster_2x2_0x2","MN_DETAIL_ATLAS","<unnamed>","glow","0","0/0","PlayerCam","10","62.3","1","0","1","1","9409.1","38400.5","0","1","0","38400.5","0","0","0","0","0.0010000000000000002"
"dx11_avtank_fourteam_080_400_facing","DX11","avtank","fourteam","80","400","facing",".?AVSubEntity@Ogre@@","RenderableTileCluster_1x3_3x1","RenderableTileCluster_1x3_3x1","MN_DETAIL_ATLAS","<unnamed>","high-pssm","2","0/0","PlayerCam","10","53.5","1","0","1","1","9409.1","38400.4","0","1","0","38371.5","0","0","0","0","0.0020000000000000005"
"dx11_avtank_fourteam_080_400_facing","DX11","avtank","fourteam","80","400","facing",".?AVSubEntity@Ogre@@","RenderableTileCluster_1x3_3x1","RenderableTileCluster_1x3_3x1","MN_DETAIL_ATLAS","<unnamed>","glow","0","0/0","PlayerCam","10","66.4","1","0","1","1","9409.1","38400.5","0","1","0","38400.5","0","0","0","0","0.0010000000000000002"
"dx11_avtank_fourteam_fire_080_100_facing","DX11","avtank","fourteam_fire","80","100","facing",".?AVSubEntity@Ogre@@","Ogre/MO1","avtank.mesh","Ogre/DepthShadowmap/Caster/Float","<unnamed>","Default","0","0/0","Ogre/ShadowTexture1Cam","10","2","0","243.39000000000001","243.39000000000001","243.39000000000001","594781.2","2308620.6","0","243.32000000000002","0","2307930.8","0.02","0","0","0.030000000000000006","0.2062"
"dx11_avtank_fourteam_fire_080_100_facing","DX11","avtank","fourteam_fire","80","100","facing",".?AVSubEntity@Ogre@@","Ogre/MO1","avtank.mesh","Ogre/DepthShadowmap/Caster/Float","<unnamed>","Default","0","0/0","Ogre/ShadowTexture0Cam","10","1","0","243.39000000000001","243.39000000000001","243.39000000000001","594781.2","2308620.6","0","243.30000000000004","0","2307695.1","0.030000000000000006","0","0","0.06","0.23510000000000003"
"dx11_avtank_fourteam_fire_080_100_facing","DX11","avtank","fourteam_fire","80","100","facing",".?AVSubEntity@Ogre@@","Ogre/MO1","avtank.mesh","Ogre/DepthShadowmap/Caster/Float","<unnamed>","Default","0","0/0","Ogre/ShadowTexture2Cam","10","3","0","243.39000000000001","243.39000000000001","243.39000000000001","594781.2","2308620.6","0","243.33","0","2307990","0.030000000000000006","0","0","0.04","0.19590000000000002"
"dx11_avtank_fourteam_fire_080_100_facing","DX11","avtank","fourteam_fire","80","100","facing",".?AVSubEntity@Ogre@@","Ogre/MO3","avtank.mesh","avheadlight00","<unnamed>","high-pssm","0","0/0","PlayerCam","10","4.5","71.12","0","71.12","71.12","10881.4","40965.2","0","71.08000000000001","0","40942.4","0.01","0","0","0","0.47040000000000004"
"dx11_avtank_fourteam_fire_080_100_facing","DX11","avtank","fourteam_fire","80","100","facing",".?AVSubEntity@Ogre@@","Ogre/MO3","avtank.mesh","avtank01","<unnamed>","high-pssm","0","0/0","PlayerCam","10","6.4","71.12","0","71.12","71.12","8250","14508.5","0","71.09","0","14500.1","0.01","0","0","0.02","0.2245"
"dx11_avtank_fourteam_fire_080_100_facing","DX11","avtank","fourteam_fire","80","100","facing",".?AVSubEntity@Ogre@@","Ogre/MO3","avtank.mesh","avtank00","<unnamed>","high-pssm","0","0/0","PlayerCam","10","5.6","71.06","0","71.06","71.06","501820.5","1966565.1","0","71.03999999999999","0","1965640.4","0","0","0","0","0.23679999999999995"
"dx11_avtank_fourteam_fire_080_100_facing","DX11","avtank","fourteam_fire","80","100","facing",".?AVSubEntity@Ogre@@","Ogre/MO3","avtank.mesh","avtank01","<unnamed>","glow","0","0/0","PlayerCam","10","8.1","71","0","71","71","8236","14484","0","71","0","14479.5","0","0","0","0","0.08429999999999999"
"dx11_avtank_fourteam_fire_080_100_facing","DX11","avtank","fourteam_fire","80","100","facing",".?AVSubEntity@Ogre@@","Ogre/MO3","avtank.mesh","avtank00","<unnamed>","glow","0","0/0","PlayerCam","10","8.7","71","0","71","71","501402","1964925","0","70.97999999999999","0","1964176.1","0","0","0","0","0.0831"
"dx11_avtank_fourteam_fire_080_100_facing","DX11","avtank","fourteam_fire","80","100","facing",".?AVSubEntity@Ogre@@","Ogre/MO3","avtank.mesh","avheadlight00","<unnamed>","glow","0","0/0","PlayerCam","10","6.9","71","0","71","71","10863","40896","0","70.99","0","40882.3","0","0","0","0.01","0.08679999999999997"
"dx11_avtank_fourteam_fire_080_100_facing","DX11","avtank","fourteam_fire","80","100","facing",".?AVSubEntity@Ogre@@","Ogre/MO271","gatst00.mesh","ordnanceRed","<unnamed>","glow","0","0/0","PlayerCam","10","8.8","63.14","0","63.14","63.14","315.7","1136.8","0","63.14","0","1136.7","0","0","0","0","0.06210000000000001"
"dx11_avtank_fourteam_fire_080_100_facing","DX11","avtank","fourteam_fire","80","100","facing",".?AVSubEntity@Ogre@@","Ogre/MO271","gatst00.mesh","ordnanceRed","<unnamed>","high-pssm","0","0/0","PlayerCam","10","11","46.730000000000004","0","46.730000000000004","46.730000000000004","233.6","841.2","0","46.71","0","840.9","0","0","0","0","0.2739"
"dx11_avtank_fourteam_fire_080_100_facing","DX11","avtank","fourteam_fire","80","100","facing",".?AVSubEntity@Ogre@@","Ogre/MO271","gatst00.mesh","Ogre/DepthShadowmap/Caster/Float","<unnamed>","Default","0","0/0","Ogre/ShadowTexture2Cam","10","12.2","0","12.7","12.7","12.7","63.6","228.8","0","12.7","0","228.8","0","0","0","0","0.0095"
"dx11_avtank_fourteam_fire_080_100_facing","DX11","avtank","fourteam_fire","80","100","facing",".?AVDynamicGeometryBatch@@","<none>","<none>","smokeflame2.tga","glow","glow","0","0/0","PlayerCam","10","14","10.959999999999999","0","10.959999999999999","10.959999999999999","6320.8","9481","0","10.959999999999999","0","9478.8","0","0","0","0","0.017599999999999998"
"dx11_avtank_fourteam_fire_080_100_facing","DX11","avtank","fourteam_fire","80","100","facing",".?AVDynamicGeometryBatch@@","<none>","<none>","smokeflame2.tga","0","Default","0","0/0","PlayerCam","10","15","10.959999999999999","0","10.959999999999999","10.959999999999999","6320.8","9481","0","10.959999999999999","0","9470","0","0","0","0","0.016900000000000005"
"dx11_avtank_fourteam_fire_080_100_facing","DX11","avtank","fourteam_fire","80","100","facing",".?AVSubEntity@Ogre@@","Ogre/MO314","gatst00.mesh","ordnanceRed","<unnamed>","high-pssm","1","0/0","PlayerCam","10","17.4","10.739999999999998","0","10.739999999999998","10.739999999999998","53.7","193.5","0","10.739999999999998","0","193.5","0","0","0","0","0.055600000000000004"
"dx11_avtank_fourteam_fire_080_100_facing","DX11","avtank","fourteam_fire","80","100","facing",".?AVDynamicGeometryBatch@@","<none>","<none>","grndchar.tga","0","Default","0","0/0","PlayerCam","10","17.2","9.86","0","9.86","9.86","599.6","1702","0","9.86","0","1700.8","0","0","0","0","0.014400000000000001"
"dx11_avtank_fourteam_fire_080_100_facing","DX11","avtank","fourteam_fire","80","100","facing",".?AVDynamicGeometryBatch@@","<none>","<none>","grndchar.tga","glow","glow","0","0/0","PlayerCam","10","16.2","9.86","0","9.86","9.86","599.6","1702","0","9.86","0","1700.7","0","0","0","0","0.015300000000000003"
"dx11_avtank_fourteam_fire_080_100_facing","DX11","avtank","fourteam_fire","80","100","facing",".?AVDynamicGeometryBatch@@","<none>","<none>","ground.tga","0","Default","0","0/0","PlayerCam","10","17.5","9.819999999999999","0","9.819999999999999","9.819999999999999","255.4","383","0","9.819999999999999","0","382.7","0","0","0","0","0.014500000000000002"
"dx11_avtank_fourteam_fire_080_100_facing","DX11","avtank","fourteam_fire","80","100","facing",".?AVDynamicGeometryBatch@@","<none>","<none>","ground.tga","glow","glow","0","0/0","PlayerCam","10","16.1","9.819999999999999","0","9.819999999999999","9.819999999999999","255.4","383","0","9.819999999999999","0","382.5","0","0","0","0","0.015300000000000003"
"dx11_avtank_fourteam_fire_080_100_facing","DX11","avtank","fourteam_fire","80","100","facing",".?AVDynamicGeometryBatch@@","<none>","<none>","vsmoke.tga","0","Default","0","0/0","PlayerCam","10","20.7","8.99","0","8.99","8.99","20069.5","119917","0","8.98","0","119839","0","0","0","0","0.013300000000000001"
"dx11_avtank_fourteam_fire_080_100_facing","DX11","avtank","fourteam_fire","80","100","facing",".?AVDynamicGeometryBatch@@","<none>","<none>","vsmoke.tga","glow","glow","0","0/0","PlayerCam","10","19.7","8.99","0","8.99","8.99","20069.5","119917","0","8.99","0","119823","0","0","0","0","0.013800000000000002"
"dx11_avtank_fourteam_fire_080_100_facing","DX11","avtank","fourteam_fire","80","100","facing",".?AVDynamicGeometryBatch@@","<none>","<none>","flame2.tga","glow","glow","0","0/0","PlayerCam","10","22.3","8.36","0","8.36","8.36","180.2","270.5","0","8.349999999999998","0","270.4","0","0","0","0","0.0132"
"dx11_avtank_fourteam_fire_080_100_facing","DX11","avtank","fourteam_fire","80","100","facing",".?AVDynamicGeometryBatch@@","<none>","<none>","flame2.tga","0","Default","0","0/0","PlayerCam","10","23.1","8.36","0","8.36","8.36","180.2","270.5","0","8.35","0","270.4","0","0","0","0","0.0126"
"dx11_avtank_fourteam_fire_080_100_facing","DX11","avtank","fourteam_fire","80","100","facing",".?AVDynamicGeometryBatch@@","<none>","<none>","plasma_bz2.tga","glow","glow","0","0/0","PlayerCam","10","24.3","7.43","0","7.43","7.43","267.7","401.2","0","7.409999999999999","0","400.6","0","0","0","0","0.014700000000000001"
"dx11_avtank_fourteam_fire_080_100_facing","DX11","avtank","fourteam_fire","80","100","facing",".?AVDynamicGeometryBatch@@","<none>","<none>","plasma_bz2.tga","0","Default","0","0/0","PlayerCam","10","24.7","7.43","0","7.43","7.43","267.7","401.2","0","7.42","0","401","0","0","0","0","0.014400000000000001"
"dx11_avtank_fourteam_fire_080_100_facing","DX11","avtank","fourteam_fire","80","100","facing",".?AVSubEntity@Ogre@@","Ogre/MO314","gatst00.mesh","ordnanceRed","<unnamed>","high-pssm","2","0/0","PlayerCam","10","26.6","5.67","0","5.67","5.67","28.2","102","0","5.67","0","101.9","0","0","0","0","0.027600000000000003"
"dx11_avtank_fourteam_fire_080_100_facing","DX11","avtank","fourteam_fire","80","100","facing",".?AVDynamicGeometryBatch@@","<none>","<none>","dirt.tga","glow","glow","0","0/0","PlayerCam","10","27.4","4.880000000000001","0","4.880000000000001","4.880000000000001","427.1","640.7","0","4.880000000000001","0","640.7","0","0","0","0","0.007600000000000001"
"dx11_avtank_fourteam_fire_080_100_facing","DX11","avtank","fourteam_fire","80","100","facing",".?AVDynamicGeometryBatch@@","<none>","<none>","dirt.tga","0","Default","0","0/0","PlayerCam","10","28.4","4.880000000000001","0","4.880000000000001","4.880000000000001","427.1","640.7","0","4.880000000000001","0","639.9","0","0","0","0","0.007200000000000001"
"dx11_avtank_fourteam_fire_080_100_facing","DX11","avtank","fourteam_fire","80","100","facing",".?AVDynamicGeometryBatch@@","<none>","<none>","smoke.tga","glow","glow","0","0/0","PlayerCam","10","27.5","4.8","0","4.8","4.8","256","384","0","4.79","0","383.7","0","0","0","0","0.0079"
"dx11_avtank_fourteam_fire_080_100_facing","DX11","avtank","fourteam_fire","80","100","facing",".?AVDynamicGeometryBatch@@","<none>","<none>","smoke.tga","0","Default","0","0/0","PlayerCam","10","28.7","4.8","0","4.8","4.8","256","384","0","4.8","0","383.6","0","0","0","0","0.007400000000000001"
"dx11_avtank_fourteam_fire_080_100_facing","DX11","avtank","fourteam_fire","80","100","facing",".?AVDynamicGeometryBatch@@","<none>","<none>","Untextured","0","Default","0","0/0","PlayerCam","10","31.1","3","0","3","3","10000","19672","0","3","0","19613.6","0","0","0","0","0.007400000000000001"
"dx11_avtank_fourteam_fire_080_100_facing","DX11","avtank","fourteam_fire","80","100","facing",".?AVDynamicGeometryBatch@@","<none>","<none>","HUDcomba","0","Default","0","0/0","PlayerCam","10","31.9","3","0","3","3","36","54","0","3","0","54","0","0","0","0","0.007000000000000001"
"dx11_avtank_fourteam_fire_080_100_facing","DX11","avtank","fourteam_fire","80","100","facing",".?AVManualObjectSection@ManualObject@Ogre@@","<none>","<none>","scarpmat2","<unnamed>","high-pssm","0","0/0","PlayerCam","10","33.6","2","0","2","2","882.3","882.3","0","2","0","882.3","0","0","0","0","0.012499999999999999"
"dx11_avtank_fourteam_fire_080_100_facing","DX11","avtank","fourteam_fire","80","100","facing",".?AVManualObjectSection@ManualObject@Ogre@@","<none>","<none>","scarpmat2","<unnamed>","glow","0","0/0","PlayerCam","10","35.9","2","0","2","2","880.1","880.1","0","2","0","880.1","0","0","0","0","0.0034000000000000002"
"dx11_avtank_fourteam_fire_080_100_facing","DX11","avtank","fourteam_fire","80","100","facing",".?AVDynamicGeometryBatch@@","<none>","<none>","sprite_n","0","Default","0","0/0","PlayerCam","10","34.8","2","0","2","2","40","60","0","2","0","60","0","0","0","0","0.0045"
"dx11_avtank_fourteam_fire_080_100_facing","DX11","avtank","fourteam_fire","80","100","facing",".?AVDynamicGeometryBatch@@","<none>","<none>","smoke2.tga","glow","glow","0","0/0","PlayerCam","10","35.4","1.8199999999999998","0","1.8199999999999998","1.8199999999999998","168.3","252.4","0","1.8199999999999998","0","252.4","0","0","0","0","0.0031"
"dx11_avtank_fourteam_fire_080_100_facing","DX11","avtank","fourteam_fire","80","100","facing",".?AVDynamicGeometryBatch@@","<none>","<none>","smoke2.tga","0","Default","0","0/0","PlayerCam","10","36.4","1.8199999999999998","0","1.8199999999999998","1.8199999999999998","168.3","252.4","0","1.8199999999999998","0","252","0","0","0","0","0.0027999999999999995"
"dx11_avtank_fourteam_fire_080_100_facing","DX11","avtank","fourteam_fire","80","100","facing",".?AVDynamicGeometryBatch@@","<none>","<none>","sprite_a","0","Default","0","0/0","PlayerCam","10","52.1","1.21","0","1.21","1.21","5.9","8.9","0","1.21","0","8.9","0","0","0","0","0.0033"
"dx11_avtank_fourteam_fire_080_100_facing","DX11","avtank","fourteam_fire","80","100","facing",".?AVDynamicGeometryBatch@@","<none>","<none>","bulhit.tga","glow","glow","0","0/0","PlayerCam","10","79.5","1.1800000000000002","0","1.1800000000000002","1.1800000000000002","5.5","8.4","0","1.1800000000000002","0","8.4","0","0","0","0","0.0018000000000000002"
"dx11_avtank_fourteam_fire_080_100_facing","DX11","avtank","fourteam_fire","80","100","facing",".?AVDynamicGeometryBatch@@","<none>","<none>","bulhit.tga","0","Default","0","0/0","PlayerCam","10","80.5","1.1800000000000002","0","1.1800000000000002","1.1800000000000002","5.5","8.4","0","1.1800000000000002","0","8.4","0","0","0","0","0.0016"
"dx11_avtank_fourteam_fire_080_100_facing","DX11","avtank","fourteam_fire","80","100","facing",".?AVSubEntity@Ogre@@","RenderableTileCluster_2x2_0x2","RenderableTileCluster_2x2_0x2","MN_DETAIL_ATLAS","<unnamed>","high-pssm","1","0/0","PlayerCam","10","53.9","1","0","1","1","9424.9","38465.1","0","1","0","38465.1","0","0","0","0","0.005999999999999999"
"dx11_avtank_fourteam_fire_080_100_facing","DX11","avtank","fourteam_fire","80","100","facing",".?AVRectangle2D@Ogre@@","<none>","<none>","c5/Glow/BlurV","<unnamed>","Default","0","0/0","PlayerCam","10","64.1","1","0","1","1","4","0","1","0","4","0","0","0","0","0","0.0036000000000000003"
"dx11_avtank_fourteam_fire_080_100_facing","DX11","avtank","fourteam_fire","80","100","facing",".?AVSubEntity@Ogre@@","RenderableTileCluster_1x3_3x1","RenderableTileCluster_1x3_3x1","MN_DETAIL_ATLAS","<unnamed>","high-pssm","2","0/0","PlayerCam","10","74.5","1","0","1","1","9424.9","38465.1","0","1","0","38465.1","0","0","0","0","0.0029999999999999996"
"dx11_avtank_fourteam_fire_080_100_facing","DX11","avtank","fourteam_fire","80","100","facing",".?AVSubEntity@Ogre@@","RenderableTileCluster_1x3_3x1","RenderableTileCluster_1x3_3x1","MN_DETAIL_ATLAS","<unnamed>","glow","0","0/0","PlayerCam","10","99.7","1","0","1","1","9409","38400","0","1","0","38400","0","0","0","0","0.0010000000000000002"
"dx11_avtank_fourteam_fire_080_100_facing","DX11","avtank","fourteam_fire","80","100","facing",".?AVSubEntity@Ogre@@","RenderableTileCluster_2x2_0x2","RenderableTileCluster_2x2_0x2","MN_DETAIL_ATLAS","<unnamed>","glow","0","0/0","PlayerCam","10","88.1","1","0","1","1","9409","38400","0","1","0","38358.7","0","0","0","0","0.0010000000000000002"
"dx11_avtank_fourteam_fire_080_100_facing","DX11","avtank","fourteam_fire","80","100","facing",".?AVSubEntity@Ogre@@","RenderableTileCluster_2x2_0x3","RenderableTileCluster_2x2_0x3","MN_DETAIL_ATLAS","<unnamed>","glow","0","0/0","PlayerCam","10","89","1","0","1","1","9409","38400","0","1","0","38340","0","0","0","0","0.0010000000000000002"
"dx11_avtank_fourteam_fire_080_100_facing","DX11","avtank","fourteam_fire","80","100","facing",".?AVSubEntity@Ogre@@","RenderableTileCluster_2x2_1x1","RenderableTileCluster_2x2_1x1","MN_DETAIL_ATLAS","<unnamed>","high-pssm","0","0/0","PlayerCam","10","48","1","0","1","1","9424.3","38462.8","0","1","0","38347.9","0","0","0","0","0.0134"
"dx11_avtank_fourteam_fire_080_100_facing","DX11","avtank","fourteam_fire","80","100","facing",".?AVSubEntity@Ogre@@","RenderableTileCluster_2x2_1x1","RenderableTileCluster_2x2_1x1","MN_DETAIL_ATLAS","<unnamed>","glow","0","0/0","PlayerCam","10","99.3","1","0","1","1","9409","38400","0","1","0","38400","0","0","0","0","0.0010000000000000002"
"dx11_avtank_fourteam_fire_080_100_facing","DX11","avtank","fourteam_fire","80","100","facing",".?AVSubEntity@Ogre@@","RenderableTileCluster_1x3_3x0","RenderableTileCluster_1x3_3x0","MN_DETAIL_ATLAS","<unnamed>","high-pssm","2","0/0","PlayerCam","10","75.4","1","0","1","1","9424.9","38465.1","0","1","0","38465.1","0","0","0","0","0.0029999999999999996"
"dx11_avtank_fourteam_fire_080_100_facing","DX11","avtank","fourteam_fire","80","100","facing",".?AVSubEntity@Ogre@@","RenderableTileCluster_2x2_1x2","RenderableTileCluster_2x2_1x2","MN_DETAIL_ATLAS","<unnamed>","glow","0","0/0","PlayerCam","10","98.4","1","0","1","1","9409","38400","0","1","0","38400","0","0","0","0","0.0010000000000000002"
"dx11_avtank_fourteam_fire_080_100_facing","DX11","avtank","fourteam_fire","80","100","facing",".?AVSubEntity@Ogre@@","RenderableTileCluster_2x2_1x2","RenderableTileCluster_2x2_1x2","MN_DETAIL_ATLAS","<unnamed>","high-pssm","0","0/0","PlayerCam","10","49","1","0","1","1","9424.3","38462.8","0","1","0","38462.8","0","0","0","0","0.0128"
"dx11_avtank_fourteam_fire_080_100_facing","DX11","avtank","fourteam_fire","80","100","facing",".?AVSubEntity@Ogre@@","RenderableTileCluster_2x2_0x3","RenderableTileCluster_2x2_0x3","MN_DETAIL_ATLAS","<unnamed>","high-pssm","1","0/0","PlayerCam","10","52.7","1","0","1","1","9424.9","38465.1","0","1","0","38465.1","0","0","0","0","0.005999999999999999"
"dx11_avtank_fourteam_fire_080_100_facing","DX11","avtank","fourteam_fire","80","100","facing",".?AVSubEntity@Ogre@@","RenderableTileCluster_1x3_3x0","RenderableTileCluster_1x3_3x0","MN_DETAIL_ATLAS","<unnamed>","glow","0","0/0","PlayerCam","10","95.7","1","0","1","1","9409","38400","0","1","0","38400","0","0","0","0","0.0010000000000000002"
"dx11_avtank_fourteam_fire_080_100_facing","DX11","avtank","fourteam_fire","80","100","facing",".?AVSubEntity@Ogre@@","RenderableTileCluster_1x3_1x1","RenderableTileCluster_1x3_1x1","MN_DETAIL_ATLAS","<unnamed>","glow","0","0/0","PlayerCam","10","86.1","1","0","1","1","9409","38400","0","1","0","38400","0","0","0","0","0.0010000000000000002"
"dx11_avtank_fourteam_fire_080_100_facing","DX11","avtank","fourteam_fire","80","100","facing",".?AVSubEntity@Ogre@@","RenderableTileCluster_1x3_2x1","RenderableTileCluster_1x3_2x1","MN_DETAIL_ATLAS","<unnamed>","glow","0","0/0","PlayerCam","10","95.6","1","0","1","1","9409","38400","0","1","0","38400","0","0","0","0","0.0010000000000000002"
"dx11_avtank_fourteam_fire_080_100_facing","DX11","avtank","fourteam_fire","80","100","facing",".?AVSubEntity@Ogre@@","RenderableTileCluster_1x3_2x0","RenderableTileCluster_1x3_2x0","MN_DETAIL_ATLAS","<unnamed>","high-pssm","2","0/0","PlayerCam","10","62.7","1","0","1","1","9424.9","38465.1","0","1","0","38465.1","0","0","0","0","0.0034000000000000002"
"dx11_avtank_fourteam_fire_080_100_facing","DX11","avtank","fourteam_fire","80","100","facing",".?AVSubEntity@Ogre@@","RenderableTileCluster_1x3_2x0","RenderableTileCluster_1x3_2x0","MN_DETAIL_ATLAS","<unnamed>","glow","0","0/0","PlayerCam","10","84.7","1","0","1","1","9409","38400","0","1","0","38400","0","0","0","0","0.0010000000000000002"
"dx11_avtank_fourteam_fire_080_100_facing","DX11","avtank","fourteam_fire","80","100","facing",".?AVSubEntity@Ogre@@","RenderableTileCluster_1x3_1x1","RenderableTileCluster_1x3_1x1","MN_DETAIL_ATLAS","<unnamed>","high-pssm","2","0/0","PlayerCam","10","72.8","1","0","1","1","9424.9","38465.1","0","1","0","38465.1","0","0","0","0","0.0029999999999999996"
"dx11_avtank_fourteam_fire_080_100_facing","DX11","avtank","fourteam_fire","80","100","facing",".?AVRectangle2D@Ogre@@","<none>","<none>","c4/Glow/Downsample","<unnamed>","Default","0","0/0","PlayerCam","10","54","1","0","1","1","4","0","1","0","4","0","0","0","0","0","0.006500000000000001"
"dx11_avtank_fourteam_fire_080_100_facing","DX11","avtank","fourteam_fire","80","100","facing",".?AVSubEntity@Ogre@@","RenderableTileCluster_1x2_3x3","RenderableTileCluster_1x2_3x3","MN_DETAIL_ATLAS","<unnamed>","high-pssm","2","0/0","PlayerCam","10","60.8","1","0","1","1","9424.9","38465.1","0","1","0","38465.1","0","0","0","0","0.0039000000000000007"
"dx11_avtank_fourteam_fire_080_100_facing","DX11","avtank","fourteam_fire","80","100","facing",".?AVSubEntity@Ogre@@","RenderableTileCluster_1x2_3x3","RenderableTileCluster_1x2_3x3","MN_DETAIL_ATLAS","<unnamed>","glow","0","0/0","PlayerCam","10","98.6","1","0","1","1","9409","38400","0","1","0","38400","0","0","0","0","0.0010000000000000002"
"dx11_avtank_fourteam_fire_080_100_facing","DX11","avtank","fourteam_fire","80","100","facing",".?AVSubEntity@Ogre@@","RenderableTileCluster_2x2_1x3","RenderableTileCluster_2x2_1x3","MN_DETAIL_ATLAS","<unnamed>","glow","0","0/0","PlayerCam","10","94.8","1","0","1","1","9409","38400","0","1","0","38334.9","0","0","0","0","0.0010000000000000002"
"dx11_avtank_fourteam_fire_080_100_facing","DX11","avtank","fourteam_fire","80","100","facing",".?AVDynamicGeometryBatch@@","<none>","<none>","bzfont","0","Default","0","0/0","PlayerCam","10","67.6","1","0","1","1","480","720","0","1","0","720","0","0","0","0","0.0019000000000000002"
"dx11_avtank_fourteam_fire_080_100_facing","DX11","avtank","fourteam_fire","80","100","facing",".?AVDynamicGeometryBatch@@","<none>","<none>","reticle1","0","Default","0","0/0","PlayerCam","10","78.2","1","0","1","1","4","6","0","1","0","6","0","0","0","0","0.0020000000000000005"
"dx11_avtank_fourteam_fire_080_100_facing","DX11","avtank","fourteam_fire","80","100","facing",".?AVRectangle2D@Ogre@@","<none>","<none>","c7/Glow/Combine","<unnamed>","Default","0","0/0","PlayerCam","10","73","1","0","1","1","4","0","1","0","4","0","0","0","0","0","0.0029999999999999996"
"dx11_avtank_fourteam_fire_080_100_facing","DX11","avtank","fourteam_fire","80","100","facing",".?AVRectangle2D@Ogre@@","<none>","<none>","c6/Glow/BlurH","<unnamed>","Default","0","0/0","PlayerCam","10","75","1","0","1","1","4","0","1","0","4","0","0","0","0","0","0.0027999999999999995"
"dx11_avtank_fourteam_fire_080_100_facing","DX11","avtank","fourteam_fire","80","100","facing",".?AVSubEntity@Ogre@@","RenderableTileCluster_1x3_2x1","RenderableTileCluster_1x3_2x1","MN_DETAIL_ATLAS","<unnamed>","high-pssm","2","0/0","PlayerCam","10","73.7","1","0","1","1","9424.9","38465.1","0","1","0","38465.1","0","0","0","0","0.0029999999999999996"
"dx11_avtank_fourteam_fire_080_100_facing","DX11","avtank","fourteam_fire","80","100","facing",".?AVSubEntity@Ogre@@","RenderableTileCluster_2x2_1x3","RenderableTileCluster_2x2_1x3","MN_DETAIL_ATLAS","<unnamed>","high-pssm","1","0/0","PlayerCam","10","45.3","1","0","1","1","9424.9","38465.1","0","1","0","38416.5","0","0","0","0","0.009699999999999999"
"dx11_avtank_fourteam_fire_080_100_facing","DX11","avtank","fourteam_fire","80","100","facing",".?AVSubEntity@Ogre@@","Ogre/MO4","Sky","MILKYWAY.MAP","<unnamed>","Default","0","0/0","PlayerCam","10","55.8","1","0","1","1","4","6","0","1","0","6","0","0","0","0","0.007000000000000001"
"dx11_avtank_fourteam_fire_080_100_facing","DX11","avtank","fourteam_fire","80","100","facing",".?AVSubEntity@Ogre@@","RenderableTileCluster_2x2_2x2","RenderableTileCluster_2x2_2x2","MN_DETAIL_ATLAS","<unnamed>","high-pssm","0","0/0","PlayerCam","10","50","1","0","1","1","9424.3","38462.8","0","1","0","38462.8","0","0","0","0","0.011599999999999997"
"dx11_avtank_fourteam_fire_080_100_facing","DX11","avtank","fourteam_fire","80","100","facing",".?AVSubEntity@Ogre@@","RenderableTileCluster_2x3_3x1","RenderableTileCluster_2x3_3x1","MN_DETAIL_ATLAS","<unnamed>","glow","0","0/0","PlayerCam","10","103.5","1","0","1","1","9409","38400","0","1","0","38400","0","0","0","0","0.0010000000000000002"
"dx11_avtank_fourteam_fire_080_100_facing","DX11","avtank","fourteam_fire","80","100","facing",".?AVSubEntity@Ogre@@","RenderableTileCluster_3x2_0x3","RenderableTileCluster_3x2_0x3","MN_DETAIL_ATLAS","<unnamed>","glow","0","0/0","PlayerCam","10","100.4","1","0","1","1","9409","38400","0","1","0","38400","0","0","0","0","0.0010000000000000002"
"dx11_avtank_fourteam_fire_080_100_facing","DX11","avtank","fourteam_fire","80","100","facing",".?AVSubEntity@Ogre@@","RenderableTileCluster_3x2_0x3","RenderableTileCluster_3x2_0x3","MN_DETAIL_ATLAS","<unnamed>","high-pssm","2","0/0","PlayerCam","10","59.6","1","0","1","1","9424.9","38465.1","0","1","0","38350.2","0","0","0","0","0.004000000000000001"
"dx11_avtank_fourteam_fire_080_100_facing","DX11","avtank","fourteam_fire","80","100","facing",".?AVSubEntity@Ogre@@","RenderableTileCluster_3x3_0x0","RenderableTileCluster_3x3_0x0","MN_DETAIL_ATLAS","<unnamed>","glow","0","0/0","PlayerCam","10","91.6","1","0","1","1","9409","38400","0","1","0","38291.4","0","0","0","0","0.0011000000000000003"
"dx11_avtank_fourteam_fire_080_100_facing","DX11","avtank","fourteam_fire","80","100","facing",".?AVSubEntity@Ogre@@","RenderableTileCluster_3x3_0x0","RenderableTileCluster_3x3_0x0","MN_DETAIL_ATLAS","<unnamed>","high-pssm","2","0/0","PlayerCam","10","71.4","1","0","1","1","9424.9","38465.1","0","1","0","38465.1","0","0","0","0","0.0029999999999999996"
"dx11_avtank_fourteam_fire_080_100_facing","DX11","avtank","fourteam_fire","80","100","facing",".?AVSubEntity@Ogre@@","RenderableTileCluster_3x3_0x1","RenderableTileCluster_3x3_0x1","MN_DETAIL_ATLAS","<unnamed>","glow","0","0/0","PlayerCam","10","105.8","1","0","1","1","9409","38400","0","1","0","38400","0","0","0","0","0.0010000000000000002"
"dx11_avtank_fourteam_fire_080_100_facing","DX11","avtank","fourteam_fire","80","100","facing",".?AVSubEntity@Ogre@@","RenderableTileCluster_3x3_0x1","RenderableTileCluster_3x3_0x1","MN_DETAIL_ATLAS","<unnamed>","high-pssm","2","0/0","PlayerCam","10","66.3","1","0","1","1","9424.9","38465.1","0","1","0","38465.1","0","0","0","0","0.0030999999999999995"
"dx11_avtank_fourteam_fire_080_100_facing","DX11","avtank","fourteam_fire","80","100","facing",".?AVSubEntity@Ogre@@","RenderableTileCluster_2x3_3x0","RenderableTileCluster_2x3_3x0","MN_DETAIL_ATLAS","<unnamed>","high-pssm","2","0/0","PlayerCam","10","55.6","1","0","1","1","9424.9","38465.1","0","1","0","38423.8","0","0","0","0","0.005599999999999999"
"dx11_avtank_fourteam_fire_080_100_facing","DX11","avtank","fourteam_fire","80","100","facing",".?AVSubEntity@Ogre@@","RenderableTileCluster_3x3_1x0","RenderableTileCluster_3x3_1x0","MN_DETAIL_ATLAS","<unnamed>","glow","0","0/0","PlayerCam","10","103.2","1","0","1","1","9409","38400","0","1","0","38400","0","0","0","0","0.0010000000000000002"
"dx11_avtank_fourteam_fire_080_100_facing","DX11","avtank","fourteam_fire","80","100","facing",".?AVSubEntity@Ogre@@","RenderableTileCluster_3x3_1x1","RenderableTileCluster_3x3_1x1","MN_DETAIL_ATLAS","<unnamed>","glow","0","0/0","PlayerCam","10","97.6","1","0","1","1","9409","38400","0","1","0","38310.7","0","0","0","0","0.0010000000000000002"
"dx11_avtank_fourteam_fire_080_100_facing","DX11","avtank","fourteam_fire","80","100","facing",".?AVSubEntity@Ogre@@","RenderableTileCluster_3x3_1x1","RenderableTileCluster_3x3_1x1","MN_DETAIL_ATLAS","<unnamed>","high-pssm","2","0/0","PlayerCam","10","69.2","1","0","1","1","9424.9","38465.1","0","1","0","38423.8","0","0","0","0","0.0029999999999999996"
"dx11_avtank_fourteam_fire_080_100_facing","DX11","avtank","fourteam_fire","80","100","facing",".?AVSubEntity@Ogre@@","RenderableTileCluster_3x3_2x1","RenderableTileCluster_3x3_2x1","MN_DETAIL_ATLAS","<unnamed>","glow","0","0/0","PlayerCam","10","88","1","0","1","1","9409","38400","0","1","0","38400","0","0","0","0","0.0010000000000000002"
"dx11_avtank_fourteam_fire_080_100_facing","DX11","avtank","fourteam_fire","80","100","facing",".?AVSubEntity@Ogre@@","RenderableTileCluster_3x3_2x1","RenderableTileCluster_3x3_2x1","MN_DETAIL_ATLAS","<unnamed>","high-pssm","2","0/0","PlayerCam","10","65.2","1","0","1","1","9424.9","38465.1","0","1","0","38465.1","0","0","0","0","0.0032"
"dx11_avtank_fourteam_fire_080_100_facing","DX11","avtank","fourteam_fire","80","100","facing",".?AVSubEntity@Ogre@@","Ogre/MO4","Sky","EARTHGOOD.MAP","<unnamed>","Default","0","0/0","PlayerCam","10","61.1","1","0","1","1","4","6","0","1","0","6","0","0","0","0","0.0050999999999999995"
"dx11_avtank_fourteam_fire_080_100_facing","DX11","avtank","fourteam_fire","80","100","facing",".?AVSubEntity@Ogre@@","Ogre/MO4","Sky","STARS.MAP","<unnamed>","Default","0","0/0","PlayerCam","10","47","1","0","1","1","136.1","204.3","0","1","0","204.3","0","0","0","0","0.024099999999999996"
"dx11_avtank_fourteam_fire_080_100_facing","DX11","avtank","fourteam_fire","80","100","facing",".?AVSubEntity@Ogre@@","RenderableTileCluster_2x2_2x2","RenderableTileCluster_2x2_2x2","MN_DETAIL_ATLAS","<unnamed>","glow","0","0/0","PlayerCam","10","90.4","1","0","1","1","9409","38400","0","1","0","38400","0","0","0","0","0.0010000000000000002"
"dx11_avtank_fourteam_fire_080_100_facing","DX11","avtank","fourteam_fire","80","100","facing",".?AVSubEntity@Ogre@@","RenderableTileCluster_3x3_1x0","RenderableTileCluster_3x3_1x0","MN_DETAIL_ATLAS","<unnamed>","high-pssm","2","0/0","PlayerCam","10","66.7","1","0","1","1","9424.9","38465.1","0","1","0","38465.1","0","0","0","0","0.0029999999999999996"
"dx11_avtank_fourteam_fire_080_100_facing","DX11","avtank","fourteam_fire","80","100","facing",".?AVSubEntity@Ogre@@","RenderableTileCluster_2x3_3x0","RenderableTileCluster_2x3_3x0","MN_DETAIL_ATLAS","<unnamed>","glow","0","0/0","PlayerCam","10","91.6","1","0","1","1","9409","38400","0","1","0","38400","0","0","0","0","0.0010000000000000002"
"dx11_avtank_fourteam_fire_080_100_facing","DX11","avtank","fourteam_fire","80","100","facing",".?AVSubEntity@Ogre@@","RenderableTileCluster_2x3_3x1","RenderableTileCluster_2x3_3x1","MN_DETAIL_ATLAS","<unnamed>","high-pssm","2","0/0","PlayerCam","10","63","1","0","1","1","9424.9","38465.1","0","1","0","38465.1","0","0","0","0","0.0035000000000000005"
"dx11_avtank_fourteam_fire_080_100_facing","DX11","avtank","fourteam_fire","80","100","facing",".?AVSubEntity@Ogre@@","RenderableTileCluster_2x3_2x1","RenderableTileCluster_2x3_2x1","MN_DETAIL_ATLAS","<unnamed>","glow","0","0/0","PlayerCam","10","89.2","1","0","1","1","9409","38400","0","1","0","38400","0","0","0","0","0.0010000000000000002"
"dx11_avtank_fourteam_fire_080_100_facing","DX11","avtank","fourteam_fire","80","100","facing",".?AVSubEntity@Ogre@@","RenderableTileCluster_2x2_2x3","RenderableTileCluster_2x2_2x3","MN_DETAIL_ATLAS","<unnamed>","glow","0","0/0","PlayerCam","10","100.2","1","0","1","1","9409","38400","0","1","0","38400","0","0","0","0","0.0010000000000000002"
"dx11_avtank_fourteam_fire_080_100_facing","DX11","avtank","fourteam_fire","80","100","facing",".?AVSubEntity@Ogre@@","RenderableTileCluster_2x2_2x3","RenderableTileCluster_2x2_2x3","MN_DETAIL_ATLAS","<unnamed>","high-pssm","1","0/0","PlayerCam","10","45.8","1","0","1","1","9424.9","38465.1","0","1","0","38465.1","0","0","0","0","0.009199999999999998"
"dx11_avtank_fourteam_fire_080_100_facing","DX11","avtank","fourteam_fire","80","100","facing",".?AVSubEntity@Ogre@@","RenderableTileCluster_2x2_3x2","RenderableTileCluster_2x2_3x2","MN_DETAIL_ATLAS","<unnamed>","glow","0","0/0","PlayerCam","10","80.9","1","0","1","1","9409","38400","0","1","0","38400","0","0","0","0","0.0015"
"dx11_avtank_fourteam_fire_080_100_facing","DX11","avtank","fourteam_fire","80","100","facing",".?AVSubEntity@Ogre@@","RenderableTileCluster_2x2_3x2","RenderableTileCluster_2x2_3x2","MN_DETAIL_ATLAS","<unnamed>","high-pssm","1","0/0","PlayerCam","10","46.9","1","0","1","1","9424.9","38465.1","0","1","0","38423.8","0","0","0","0","0.008999999999999998"
"dx11_avtank_fourteam_fire_080_100_facing","DX11","avtank","fourteam_fire","80","100","facing",".?AVSubEntity@Ogre@@","RenderableTileCluster_2x2_3x3","RenderableTileCluster_2x2_3x3","MN_DETAIL_ATLAS","<unnamed>","glow","0","0/0","PlayerCam","10","102.7","1","0","1","1","9409","38400","0","1","0","38400","0","0","0","0","0.0010000000000000002"
"dx11_avtank_fourteam_fire_080_100_facing","DX11","avtank","fourteam_fire","80","100","facing",".?AVSubEntity@Ogre@@","RenderableTileCluster_2x3_2x1","RenderableTileCluster_2x3_2x1","MN_DETAIL_ATLAS","<unnamed>","high-pssm","2","0/0","PlayerCam","10","65.3","1","0","1","1","9424.9","38465.1","0","1","0","38419.4","0","0","0","0","0.0032"
"dx11_avtank_fourteam_fire_080_100_facing","DX11","avtank","fourteam_fire","80","100","facing",".?AVSubEntity@Ogre@@","RenderableTileCluster_2x3_0x0","RenderableTileCluster_2x3_0x0","MN_DETAIL_ATLAS","<unnamed>","glow","0","0/0","PlayerCam","10","81.9","1","0","1","1","9409","38400","0","1","0","38343.5","0","0","0","0","0.0014000000000000002"
"dx11_avtank_fourteam_fire_080_100_facing","DX11","avtank","fourteam_fire","80","100","facing",".?AVSubEntity@Ogre@@","RenderableTileCluster_2x3_0x0","RenderableTileCluster_2x3_0x0","MN_DETAIL_ATLAS","<unnamed>","high-pssm","2","0/0","PlayerCam","10","56.5","1","0","1","1","9424.9","38465.1","0","1","0","38465.1","0","0","0","0","0.005299999999999999"
"dx11_avtank_fourteam_fire_080_100_facing","DX11","avtank","fourteam_fire","80","100","facing",".?AVSubEntity@Ogre@@","RenderableTileCluster_2x2_3x3","RenderableTileCluster_2x2_3x3","MN_DETAIL_ATLAS","<unnamed>","high-pssm","1","0/0","PlayerCam","10","55.1","1","0","1","1","9424.9","38465.1","0","1","0","38465.1","0","0","0","0","0.005599999999999999"
"dx11_avtank_fourteam_fire_080_100_facing","DX11","avtank","fourteam_fire","80","100","facing",".?AVSubEntity@Ogre@@","RenderableTileCluster_2x3_0x1","RenderableTileCluster_2x3_0x1","MN_DETAIL_ATLAS","<unnamed>","high-pssm","2","0/0","PlayerCam","10","49.7","1","0","1","1","9424.9","38465.1","0","1","0","38350.9","0","0","0","0","0.007700000000000001"
"dx11_avtank_fourteam_fire_080_100_facing","DX11","avtank","fourteam_fire","80","100","facing",".?AVSubEntity@Ogre@@","RenderableTileCluster_2x3_1x0","RenderableTileCluster_2x3_1x0","MN_DETAIL_ATLAS","<unnamed>","glow","0","0/0","PlayerCam","10","91.3","1","0","1","1","9409","38400","0","1","0","38343.5","0","0","0","0","0.0011000000000000003"
"dx11_avtank_fourteam_fire_080_100_facing","DX11","avtank","fourteam_fire","80","100","facing",".?AVSubEntity@Ogre@@","RenderableTileCluster_2x3_1x0","RenderableTileCluster_2x3_1x0","MN_DETAIL_ATLAS","<unnamed>","high-pssm","2","0/0","PlayerCam","10","49.3","1","0","1","1","9424.9","38465.1","0","1","0","38421.5","0","0","0","0","0.008000000000000002"
"dx11_avtank_fourteam_fire_080_100_facing","DX11","avtank","fourteam_fire","80","100","facing",".?AVSubEntity@Ogre@@","RenderableTileCluster_2x3_1x1","RenderableTileCluster_2x3_1x1","MN_DETAIL_ATLAS","<unnamed>","glow","0","0/0","PlayerCam","10","92.6","1","0","1","1","9409","38400","0","1","0","38400","0","0","0","0","0.0010000000000000002"
"dx11_avtank_fourteam_fire_080_100_facing","DX11","avtank","fourteam_fire","80","100","facing",".?AVSubEntity@Ogre@@","RenderableTileCluster_2x3_1x1","RenderableTileCluster_2x3_1x1","MN_DETAIL_ATLAS","<unnamed>","high-pssm","2","0/0","PlayerCam","10","67.8","1","0","1","1","9424.3","38462.8","0","1","0","38462.8","0","0","0","0","0.0030999999999999995"
"dx11_avtank_fourteam_fire_080_100_facing","DX11","avtank","fourteam_fire","80","100","facing",".?AVSubEntity@Ogre@@","RenderableTileCluster_2x3_2x0","RenderableTileCluster_2x3_2x0","MN_DETAIL_ATLAS","<unnamed>","glow","0","0/0","PlayerCam","10","87.4","1","0","1","1","9409","38400","0","1","0","38400","0","0","0","0","0.0012000000000000003"
"dx11_avtank_fourteam_fire_080_100_facing","DX11","avtank","fourteam_fire","80","100","facing",".?AVSubEntity@Ogre@@","RenderableTileCluster_2x3_2x0","RenderableTileCluster_2x3_2x0","MN_DETAIL_ATLAS","<unnamed>","high-pssm","2","0/0","PlayerCam","10","48","1","0","1","1","9424.9","38465.1","0","1","0","38465.1","0","0","0","0","0.008000000000000002"
"dx11_avtank_fourteam_fire_080_100_facing","DX11","avtank","fourteam_fire","80","100","facing",".?AVSubEntity@Ogre@@","RenderableTileCluster_2x3_0x1","RenderableTileCluster_2x3_0x1","MN_DETAIL_ATLAS","<unnamed>","glow","0","0/0","PlayerCam","10","61.3","1","0","1","1","9409","38400","0","1","0","38400","0","0","0","0","0.0039000000000000007"
"dx11_avtank_fourteam_fire_080_100_facing","DX11","avtank","fourteam_fire","80","100","facing",".?AVDynamicGeometryBatch@@","<none>","<none>","spark.tga","glow","glow","0","0/0","PlayerCam","5","85.4","0.9199999999999999","0","0.9199999999999999","0.9199999999999999","69.4","104.2","0","0.9199999999999999","0","104.2","0","0","0","0","0.0018000000000000002"
"dx11_avtank_fourteam_fire_080_100_facing","DX11","avtank","fourteam_fire","80","100","facing",".?AVDynamicGeometryBatch@@","<none>","<none>","spark.tga","0","Default","0","0/0","PlayerCam","5","86.4","0.9199999999999999","0","0.9199999999999999","0.9199999999999999","69.4","104.2","0","0.9199999999999999","0","104.2","0","0","0","0","0.0018000000000000002"
"dx11_avtank_fourteam_fire_080_100_facing","DX11","avtank","fourteam_fire","80","100","facing",".?AVDynamicGeometryBatch@@","<none>","<none>","dust","0","Default","0","0/0","PlayerCam","8","72.25","0.875","0","0.875","0.875","8.875","13.625","0","0.875","0","13.625","0","0","0","0","0.0016250000000000001"
"dx11_avtank_fourteam_fire_080_100_facing","DX11","avtank","fourteam_fire","80","100","facing",".?AVDynamicGeometryBatch@@","<none>","<none>","dust","glow","glow","0","0/0","PlayerCam","8","71","0.875","0","0.875","0.875","8.875","13.625","0","0.875","0","13.625","0","0","0","0","0.0016250000000000001"
"dx11_avtank_fourteam_fire_080_100_facing","DX11","avtank","fourteam_fire","80","100","facing",".?AVDynamicGeometryBatch@@","<none>","<none>","fire.tga","0","Default","0","0/0","PlayerCam","10","97.1","0.77","0","0.77","0.77","3.6","5.5","0","0.77","0","5.5","0","0","0","0","0.0013000000000000002"
"dx11_avtank_fourteam_fire_080_100_facing","DX11","avtank","fourteam_fire","80","100","facing",".?AVDynamicGeometryBatch@@","<none>","<none>","fire.tga","glow","glow","0","0/0","PlayerCam","10","96.5","0.77","0","0.77","0.77","3.6","5.5","0","0.77","0","5.5","0","0","0","0","0.0014"
"dx11_avtank_fourteam_fire_080_100_facing","DX11","avtank","fourteam_fire","80","100","facing",".?AVDynamicGeometryBatch@@","<none>","<none>","sprite_a","glow","glow","0","0/0","PlayerCam","6","109.5","0.35000000000000003","0","0.35000000000000003","0.35000000000000003","3.1666666666666665","4.833333333333333","0","0.35000000000000003","0","4.833333333333333","0","0","0","0","0.0005"
"dx11_avtank_fourteam_fire_080_100_facing","DX11","avtank","fourteam_fire","80","100","facing",".?AVDynamicGeometryBatch@@","<none>","<none>","bflame","0","Default","0","0/0","PlayerCam","6","104.33333333333333","0.35000000000000003","0","0.35000000000000003","0.35000000000000003","6.5","9.333333333333334","0","0.35000000000000003","0","9.333333333333334","0","0","0","0","0.0013333333333333333"
"dx11_avtank_fourteam_fire_080_100_facing","DX11","avtank","fourteam_fire","80","100","facing",".?AVDynamicGeometryBatch@@","<none>","<none>","bflame","glow","glow","0","0/0","PlayerCam","6","108.16666666666667","0.35000000000000003","0","0.35000000000000003","0.35000000000000003","6.5","9.333333333333334","0","0.35000000000000003","0","9.333333333333334","0","0","0","0","0.0005"
"dx11_avtank_fourteam_fire_080_200_facing","DX11","avtank","fourteam_fire","80","200","facing",".?AVSubEntity@Ogre@@","Ogre/MO1","avtank.mesh","Ogre/DepthShadowmap/Caster/Float","<unnamed>","Default","0","0/0","Ogre/ShadowTexture1Cam","10","2","0","242.75","242.75","242.75","593193.4","2302458.1","0","242.61999999999998","0","2301429.2","0.05","0","0","0.05","0.19540000000000002"
"dx11_avtank_fourteam_fire_080_200_facing","DX11","avtank","fourteam_fire","80","200","facing",".?AVSubEntity@Ogre@@","Ogre/MO1","avtank.mesh","Ogre/DepthShadowmap/Caster/Float","<unnamed>","Default","0","0/0","Ogre/ShadowTexture0Cam","10","1","0","242.75","242.75","242.75","593193.4","2302458.1","0","242.69","0","2301804.5","0.01","0","0","0.01","0.22359999999999997"
"dx11_avtank_fourteam_fire_080_200_facing","DX11","avtank","fourteam_fire","80","200","facing",".?AVSubEntity@Ogre@@","Ogre/MO1","avtank.mesh","Ogre/DepthShadowmap/Caster/Float","<unnamed>","Default","0","0/0","Ogre/ShadowTexture2Cam","10","3","0","242.75","242.75","242.75","593193.4","2302458.1","0","242.65000000000003","0","2301553.2","0.06999999999999999","0","0","0.05","0.1918"
"dx11_avtank_fourteam_fire_080_200_facing","DX11","avtank","fourteam_fire","80","200","facing",".?AVSubEntity@Ogre@@","Ogre/MO271","gatst00.mesh","ordnanceRed","<unnamed>","glow","0","0/0","PlayerCam","10","4","100.97","0","100.97","100.97","504.8","1817.6","0","100.93","0","1816.7","0","0","0","0.030000000000000006","0.09669999999999998"
"dx11_avtank_fourteam_fire_080_200_facing","DX11","avtank","fourteam_fire","80","200","facing",".?AVSubEntity@Ogre@@","Ogre/MO3","avtank.mesh","avtank01","<unnamed>","glow","0","0/0","PlayerCam","10","7.8","81","0","81","81","9396","16524","0","80.99","0","16518.2","0","0","0","0","0.08629999999999997"
"dx11_avtank_fourteam_fire_080_200_facing","DX11","avtank","fourteam_fire","80","200","facing",".?AVSubEntity@Ogre@@","Ogre/MO3","avtank.mesh","avheadlight00","<unnamed>","glow","0","0/0","PlayerCam","10","5.8","81","0","81","81","12393","46656","0","80.97","0","46632.9","0","0","0","0.01","0.09419999999999998"
"dx11_avtank_fourteam_fire_080_200_facing","DX11","avtank","fourteam_fire","80","200","facing",".?AVSubEntity@Ogre@@","Ogre/MO3","avtank.mesh","avtank00","<unnamed>","glow","0","0/0","PlayerCam","10","6.8","81","0","81","81","572022","2241675","0","81","0","2240663","0","0","0","0","0.08779999999999998"
"dx11_avtank_fourteam_fire_080_200_facing","DX11","avtank","fourteam_fire","80","200","facing",".?AVSubEntity@Ogre@@","Ogre/MO3","avtank.mesh","avtank01","<unnamed>","high-pssm","0","0/0","PlayerCam","10","5.6","80.92","0","80.92","80.92","9386.8","16507.7","0","80.91","0","16503.1","0","0","0","0","0.2487"
"dx11_avtank_fourteam_fire_080_200_facing","DX11","avtank","fourteam_fire","80","200","facing",".?AVSubEntity@Ogre@@","Ogre/MO322","gatst00.mesh","ordnanceRed","<unnamed>","high-pssm","2","0/0","PlayerCam","10","9","49.07000000000001","0","49.07000000000001","49.07000000000001","245.3","883.2","0","49.05","0","883","0","0","0","0","0.1944"
"dx11_avtank_fourteam_fire_080_200_facing","DX11","avtank","fourteam_fire","80","200","facing",".?AVSubEntity@Ogre@@","Ogre/MO64","avtank.mesh","avtank00","<unnamed>","high-pssm","1","0/0","PlayerCam","10","12","39.35","0","39.35","39.35","277915.5","1089112","0","39.35","0","1088953.6","0","0","0","0","0.0817"
"dx11_avtank_fourteam_fire_080_200_facing","DX11","avtank","fourteam_fire","80","200","facing",".?AVSubEntity@Ogre@@","Ogre/MO64","avtank.mesh","avheadlight00","<unnamed>","high-pssm","1","0/0","PlayerCam","10","10.5","39.35","0","39.35","39.35","6021.1","22667.7","0","39.35","0","22661.2","0","0","0","0","0.19890000000000002"
"dx11_avtank_fourteam_fire_080_200_facing","DX11","avtank","fourteam_fire","80","200","facing",".?AVSubEntity@Ogre@@","Ogre/MO3","avtank.mesh","avtank00","<unnamed>","high-pssm","0","0/0","PlayerCam","10","12.5","38.96","0","38.96","38.96","275147.6","1078265.1","0","38.95","0","1077865.9","0","0","0","0","0.12969999999999998"
"dx11_avtank_fourteam_fire_080_200_facing","DX11","avtank","fourteam_fire","80","200","facing",".?AVSubEntity@Ogre@@","Ogre/MO3","avtank.mesh","avheadlight00","<unnamed>","high-pssm","0","0/0","PlayerCam","10","11","38.96","0","38.96","38.96","5961.1","22442","0","38.95","0","22431","0","0","0","0","0.2531"
"dx11_avtank_fourteam_fire_080_200_facing","DX11","avtank","fourteam_fire","80","200","facing",".?AVSubEntity@Ogre@@","Ogre/MO321","gatst00.mesh","ordnanceRed","<unnamed>","high-pssm","1","0/0","PlayerCam","10","14","36.82000000000001","0","36.82000000000001","36.82000000000001","184","662.6","0","36.8","0","662.3","0","0","0","0","0.1645"
"dx11_avtank_fourteam_fire_080_200_facing","DX11","avtank","fourteam_fire","80","200","facing",".?AVSubEntity@Ogre@@","Ogre/MO271","gatst00.mesh","ordnanceRed","<unnamed>","high-pssm","0","0/0","PlayerCam","10","15","15.010000000000002","0","15.010000000000002","15.010000000000002","75.1","270.3","0","15.010000000000002","0","270.2","0","0","0","0","0.08289999999999999"
"dx11_avtank_fourteam_fire_080_200_facing","DX11","avtank","fourteam_fire","80","200","facing",".?AVDynamicGeometryBatch@@","<none>","<none>","grndchar.tga","glow","glow","0","0/0","PlayerCam","10","17","9.11","0","9.11","9.11","653.5","1850.5","0","9.1","0","1849.3","0","0","0","0","0.013000000000000001"
"dx11_avtank_fourteam_fire_080_200_facing","DX11","avtank","fourteam_fire","80","200","facing",".?AVDynamicGeometryBatch@@","<none>","<none>","grndchar.tga","0","Default","0","0/0","PlayerCam","10","16.4","9.1","0","9.1","9.1","652.8","1848.6","0","9.09","0","1846.3","0","0","0","0","0.0137"
"dx11_avtank_fourteam_fire_080_200_facing","DX11","avtank","fourteam_fire","80","200","facing",".?AVDynamicGeometryBatch@@","<none>","<none>","ground.tga","0","Default","0","0/0","PlayerCam","10","18.5","9.030000000000001","0","9.030000000000001","9.030000000000001","255.1","382.7","0","9.020000000000001","0","382.3","0","0","0","0","0.014700000000000001"
"dx11_avtank_fourteam_fire_080_200_facing","DX11","avtank","fourteam_fire","80","200","facing",".?AVDynamicGeometryBatch@@","<none>","<none>","ground.tga","glow","glow","0","0/0","PlayerCam","10","18.3","9.030000000000001","0","9.030000000000001","9.030000000000001","255.3","383","0","9.030000000000001","0","382.9","0","0","0","0","0.014800000000000002"
"dx11_avtank_fourteam_fire_080_200_facing","DX11","avtank","fourteam_fire","80","200","facing",".?AVDynamicGeometryBatch@@","<none>","<none>","vsmoke.tga","glow","glow","0","0/0","PlayerCam","10","20.6","8.6","0","8.6","8.6","21858.3","130605.1","0","8.6","0","130592.5","0","0","0","0","0.012099999999999998"
"dx11_avtank_fourteam_fire_080_200_facing","DX11","avtank","fourteam_fire","80","200","facing",".?AVDynamicGeometryBatch@@","<none>","<none>","vsmoke.tga","0","Default","0","0/0","PlayerCam","10","20.2","8.6","0","8.6","8.6","21833.2","130455.5","0","8.6","0","130422.1","0","0","0","0","0.0126"
"dx11_avtank_fourteam_fire_080_200_facing","DX11","avtank","fourteam_fire","80","200","facing",".?AVDynamicGeometryBatch@@","<none>","<none>","flame2.tga","glow","glow","0","0/0","PlayerCam","10","22.5","7.95","0","7.95","7.95","175.3","263.1","0","7.95","0","262.8","0","0","0","0","0.011699999999999999"
"dx11_avtank_fourteam_fire_080_200_facing","DX11","avtank","fourteam_fire","80","200","facing",".?AVDynamicGeometryBatch@@","<none>","<none>","flame2.tga","0","Default","0","0/0","PlayerCam","10","22.5","7.9399999999999995","0","7.9399999999999995","7.9399999999999995","175.1","262.8","0","7.9399999999999995","0","262.3","0","0","0","0","0.011799999999999998"
"dx11_avtank_fourteam_fire_080_200_facing","DX11","avtank","fourteam_fire","80","200","facing",".?AVDynamicGeometryBatch@@","<none>","<none>","smokeflame2.tga","glow","glow","0","0/0","PlayerCam","10","24.7","5.719999999999999","0","5.719999999999999","5.719999999999999","3893.9","5840.9","0","5.709999999999999","0","5840.6","0","0","0","0","0.0081"
"dx11_avtank_fourteam_fire_080_200_facing","DX11","avtank","fourteam_fire","80","200","facing",".?AVDynamicGeometryBatch@@","<none>","<none>","smokeflame2.tga","0","Default","0","0/0","PlayerCam","10","24.3","5.709999999999999","0","5.709999999999999","5.709999999999999","3890.4","5835.6","0","5.699999999999999","0","5831.4","0","0","0","0","0.008200000000000002"
"dx11_avtank_fourteam_fire_080_200_facing","DX11","avtank","fourteam_fire","80","200","facing",".?AVDynamicGeometryBatch@@","<none>","<none>","smoke.tga","glow","glow","0","0/0","PlayerCam","10","27.1","4.890000000000001","0","4.890000000000001","4.890000000000001","256","384","0","4.890000000000001","0","383.7","0","0","0","0","0.007700000000000001"
"dx11_avtank_fourteam_fire_080_200_facing","DX11","avtank","fourteam_fire","80","200","facing",".?AVDynamicGeometryBatch@@","<none>","<none>","smoke.tga","0","Default","0","0/0","PlayerCam","10","27.5","4.890000000000001","0","4.890000000000001","4.890000000000001","255.7","383.6","0","4.890000000000001","0","383.6","0","0","0","0","0.007600000000000001"
"dx11_avtank_fourteam_fire_080_200_facing","DX11","avtank","fourteam_fire","80","200","facing",".?AVDynamicGeometryBatch@@","<none>","<none>","plasma_bz2.tga","glow","glow","0","0/0","PlayerCam","10","28","4.8599999999999985","0","4.8599999999999985","4.8599999999999985","340.9","511.3","0","4.84","0","511","0","0","0","0","0.006900000000000001"
"dx11_avtank_fourteam_fire_080_200_facing","DX11","avtank","fourteam_fire","80","200","facing",".?AVDynamicGeometryBatch@@","<none>","<none>","plasma_bz2.tga","0","Default","0","0/0","PlayerCam","10","27.4","4.8599999999999985","0","4.8599999999999985","4.8599999999999985","340.6","510.9","0","4.849999999999999","0","510.7","0","0","0","0","0.007200000000000001"
"dx11_avtank_fourteam_fire_080_200_facing","DX11","avtank","fourteam_fire","80","200","facing",".?AVDynamicGeometryBatch@@","<none>","<none>","Untextured","0","Default","0","0/0","PlayerCam","10","30.9","3","0","3","3","10000","19672","0","3","0","19652.7","0","0","0","0","0.0060999999999999995"
"dx11_avtank_fourteam_fire_080_200_facing","DX11","avtank","fourteam_fire","80","200","facing",".?AVDynamicGeometryBatch@@","<none>","<none>","HUDcomba","0","Default","0","0/0","PlayerCam","10","31.5","3","0","3","3","36","54","0","3","0","54","0","0","0","0","0.005999999999999999"
"dx11_avtank_fourteam_fire_080_200_facing","DX11","avtank","fourteam_fire","80","200","facing",".?AVSubEntity@Ogre@@","Ogre/MO244","avtank.mesh","avheadlight00","<unnamed>","high-pssm","2","0/0","PlayerCam","10","31.7","2.6100000000000003","0","2.6100000000000003","2.6100000000000003","398.6","1500.6","0","2.6100000000000003","0","1499.7","0","0","0","0","0.0128"
"dx11_avtank_fourteam_fire_080_200_facing","DX11","avtank","fourteam_fire","80","200","facing",".?AVSubEntity@Ogre@@","Ogre/MO244","avtank.mesh","avtank00","<unnamed>","high-pssm","2","0/0","PlayerCam","10","33.9","2.6100000000000003","0","2.6100000000000003","2.6100000000000003","18397.8","72098.4","0","2.6100000000000003","0","72054.5","0","0","0","0","0.005199999999999999"
"dx11_avtank_fourteam_fire_080_200_facing","DX11","avtank","fourteam_fire","80","200","facing",".?AVDynamicGeometryBatch@@","<none>","<none>","smoke2.tga","glow","glow","0","0/0","PlayerCam","10","36","2.1","0","2.1","2.1","231.9","347.7","0","2.1","0","347.7","0","0","0","0","0.0032"
"dx11_avtank_fourteam_fire_080_200_facing","DX11","avtank","fourteam_fire","80","200","facing",".?AVDynamicGeometryBatch@@","<none>","<none>","smoke2.tga","0","Default","0","0/0","PlayerCam","10","35.4","2.1","0","2.1","2.1","231.6","347.3","0","2.1","0","346.8","0","0","0","0","0.0033"
"dx11_avtank_fourteam_fire_080_200_facing","DX11","avtank","fourteam_fire","80","200","facing",".?AVManualObjectSection@ManualObject@Ogre@@","<none>","<none>","scarpmat2","<unnamed>","high-pssm","0","0/0","PlayerCam","10","34.6","2","0","2","2","1224.9","1224.9","0","2","0","1224.4","0","0","0","0","0.011699999999999999"
"dx11_avtank_fourteam_fire_080_200_facing","DX11","avtank","fourteam_fire","80","200","facing",".?AVDynamicGeometryBatch@@","<none>","<none>","sprite_n","0","Default","0","0/0","PlayerCam","10","35.4","2","0","2","2","40","60","0","2","0","60","0","0","0","0","0.005999999999999999"
"dx11_avtank_fourteam_fire_080_200_facing","DX11","avtank","fourteam_fire","80","200","facing",".?AVManualObjectSection@ManualObject@Ogre@@","<none>","<none>","scarpmat2","<unnamed>","glow","0","0/0","PlayerCam","10","36.6","2","0","2","2","1225.9","1225.9","0","2","0","1225.2","0","0","0","0","0.0032"
"dx11_avtank_fourteam_fire_080_200_facing","DX11","avtank","fourteam_fire","80","200","facing",".?AVDynamicGeometryBatch@@","<none>","<none>","bulhit.tga","0","Default","0","0/0","PlayerCam","10","53.8","1.1400000000000001","0","1.1400000000000001","1.1400000000000001","9.2","13.8","0","1.1400000000000001","0","13.7","0","0","0","0","0.0020000000000000005"
"dx11_avtank_fourteam_fire_080_200_facing","DX11","avtank","fourteam_fire","80","200","facing",".?AVDynamicGeometryBatch@@","<none>","<none>","bulhit.tga","glow","glow","0","0/0","PlayerCam","10","54.6","1.1400000000000001","0","1.1400000000000001","1.1400000000000001","9.2","13.8","0","1.1400000000000001","0","13.8","0","0","0","0","0.0015"
"dx11_avtank_fourteam_fire_080_200_facing","DX11","avtank","fourteam_fire","80","200","facing",".?AVSubEntity@Ogre@@","RenderableTileCluster_2x3_0x1","RenderableTileCluster_2x3_0x1","MN_DETAIL_ATLAS","<unnamed>","high-pssm","2","0/0","PlayerCam","10","57.3","1","0","1","1","9399.2","38360.1","0","1","0","38360.1","0","0","0","0","0.006900000000000001"
"dx11_avtank_fourteam_fire_080_200_facing","DX11","avtank","fourteam_fire","80","200","facing",".?AVSubEntity@Ogre@@","RenderableTileCluster_2x3_1x0","RenderableTileCluster_2x3_1x0","MN_DETAIL_ATLAS","<unnamed>","high-pssm","2","0/0","PlayerCam","10","56.1","1","0","1","1","9399.2","38360.1","0","1","0","38360.1","0","0","0","0","0.0079"
"dx11_avtank_fourteam_fire_080_200_facing","DX11","avtank","fourteam_fire","80","200","facing",".?AVSubEntity@Ogre@@","RenderableTileCluster_2x3_1x1","RenderableTileCluster_2x3_1x1","MN_DETAIL_ATLAS","<unnamed>","glow","0","0/0","PlayerCam","10","84.1","1","0","1","1","9409","38400","0","1","0","38356.9","0","0","0","0","0.0010000000000000002"
"dx11_avtank_fourteam_fire_080_200_facing","DX11","avtank","fourteam_fire","80","200","facing",".?AVSubEntity@Ogre@@","RenderableTileCluster_2x3_1x1","RenderableTileCluster_2x3_1x1","MN_DETAIL_ATLAS","<unnamed>","high-pssm","2","0/0","PlayerCam","10","68.9","1","0","1","1","9399.2","38360.1","0","1","0","38314.4","0","0","0","0","0.0032"
"dx11_avtank_fourteam_fire_080_200_facing","DX11","avtank","fourteam_fire","80","200","facing",".?AVSubEntity@Ogre@@","RenderableTileCluster_2x3_2x0","RenderableTileCluster_2x3_2x0","MN_DETAIL_ATLAS","<unnamed>","glow","0","0/0","PlayerCam","10","85.1","1","0","1","1","9409","38400","0","1","0","38348.8","0","0","0","0","0.0010000000000000002"
"dx11_avtank_fourteam_fire_080_200_facing","DX11","avtank","fourteam_fire","80","200","facing",".?AVSubEntity@Ogre@@","RenderableTileCluster_2x3_2x0","RenderableTileCluster_2x3_2x0","MN_DETAIL_ATLAS","<unnamed>","high-pssm","2","0/0","PlayerCam","10","54.7","1","0","1","1","9399.2","38360.1","0","1","0","38360.1","0","0","0","0","0.008499999999999999"
"dx11_avtank_fourteam_fire_080_200_facing","DX11","avtank","fourteam_fire","80","200","facing",".?AVSubEntity@Ogre@@","RenderableTileCluster_2x3_1x0","RenderableTileCluster_2x3_1x0","MN_DETAIL_ATLAS","<unnamed>","glow","0","0/0","PlayerCam","10","82.8","1","0","1","1","9409","38400","0","1","0","38400","0","0","0","0","0.0010000000000000002"
"dx11_avtank_fourteam_fire_080_200_facing","DX11","avtank","fourteam_fire","80","200","facing",".?AVSubEntity@Ogre@@","RenderableTileCluster_2x3_0x0","RenderableTileCluster_2x3_0x0","MN_DETAIL_ATLAS","<unnamed>","high-pssm","2","0/0","PlayerCam","10","64.9","1","0","1","1","9399.2","38360.1","0","1","0","38360.1","0","0","0","0","0.004999999999999999"
"dx11_avtank_fourteam_fire_080_200_facing","DX11","avtank","fourteam_fire","80","200","facing",".?AVSubEntity@Ogre@@","RenderableTileCluster_2x3_0x1","RenderableTileCluster_2x3_0x1","MN_DETAIL_ATLAS","<unnamed>","glow","0","0/0","PlayerCam","10","61.8","1","0","1","1","9409","38400","0","1","0","38306.7","0","0","0","0","0.0032"
"dx11_avtank_fourteam_fire_080_200_facing","DX11","avtank","fourteam_fire","80","200","facing",".?AVSubEntity@Ogre@@","RenderableTileCluster_2x2_3x3","RenderableTileCluster_2x2_3x3","MN_DETAIL_ATLAS","<unnamed>","high-pssm","1","0/0","PlayerCam","10","63.5","1","0","1","1","9399.2","38360.1","0","1","0","38360.1","0","0","0","0","0.0050999999999999995"
"dx11_avtank_fourteam_fire_080_200_facing","DX11","avtank","fourteam_fire","80","200","facing",".?AVSubEntity@Ogre@@","RenderableTileCluster_2x2_3x3","RenderableTileCluster_2x2_3x3","MN_DETAIL_ATLAS","<unnamed>","glow","0","0/0","PlayerCam","10","96.6","1","0","1","1","9409","38400","0","1","0","38348.8","0","0","0","0","0.0010000000000000002"
"dx11_avtank_fourteam_fire_080_200_facing","DX11","avtank","fourteam_fire","80","200","facing",".?AVSubEntity@Ogre@@","RenderableTileCluster_2x2_3x2","RenderableTileCluster_2x2_3x2","MN_DETAIL_ATLAS","<unnamed>","high-pssm","1","0/0","PlayerCam","10","55.1","1","0","1","1","9399.2","38360.1","0","1","0","38360.1","0","0","0","0","0.008199999999999999"
"dx11_avtank_fourteam_fire_080_200_facing","DX11","avtank","fourteam_fire","80","200","facing",".?AVSubEntity@Ogre@@","RenderableTileCluster_2x2_3x2","RenderableTileCluster_2x2_3x2","MN_DETAIL_ATLAS","<unnamed>","glow","0","0/0","PlayerCam","10","74","1","0","1","1","9409","38400","0","1","0","38400","0","0","0","0","0.0012000000000000001"
"dx11_avtank_fourteam_fire_080_200_facing","DX11","avtank","fourteam_fire","80","200","facing",".?AVSubEntity@Ogre@@","RenderableTileCluster_2x2_2x3","RenderableTileCluster_2x2_2x3","MN_DETAIL_ATLAS","<unnamed>","high-pssm","1","0/0","PlayerCam","10","53.5","1","0","1","1","9399.8","38362.4","0","1","0","38301.4","0","0","0","0","0.011099999999999997"
"dx11_avtank_fourteam_fire_080_200_facing","DX11","avtank","fourteam_fire","80","200","facing",".?AVSubEntity@Ogre@@","RenderableTileCluster_2x2_2x3","RenderableTileCluster_2x2_2x3","MN_DETAIL_ATLAS","<unnamed>","glow","0","0/0","PlayerCam","10","95","1","0","1","1","9409","38400","0","1","0","38400","0","0","0","0","0.0010000000000000002"
"dx11_avtank_fourteam_fire_080_200_facing","DX11","avtank","fourteam_fire","80","200","facing",".?AVSubEntity@Ogre@@","RenderableTileCluster_2x2_2x2","RenderableTileCluster_2x2_2x2","MN_DETAIL_ATLAS","<unnamed>","high-pssm","0","0/0","PlayerCam","10","52.1","1","0","1","1","9399.2","38360.1","0","1","0","38360.1","0","0","0","0","0.010499999999999999"
"dx11_avtank_fourteam_fire_080_200_facing","DX11","avtank","fourteam_fire","80","200","facing",".?AVSubEntity@Ogre@@","RenderableTileCluster_2x3_0x0","RenderableTileCluster_2x3_0x0","MN_DETAIL_ATLAS","<unnamed>","glow","0","0/0","PlayerCam","10","97","1","0","1","1","9409","38400","0","1","0","38400","0","0","0","0","0.0010000000000000002"
"dx11_avtank_fourteam_fire_080_200_facing","DX11","avtank","fourteam_fire","80","200","facing",".?AVSubEntity@Ogre@@","RenderableTileCluster_2x3_2x1","RenderableTileCluster_2x3_2x1","MN_DETAIL_ATLAS","<unnamed>","glow","0","0/0","PlayerCam","10","93.9","1","0","1","1","9409","38400","0","1","0","38400","0","0","0","0","0.0010000000000000002"
"dx11_avtank_fourteam_fire_080_200_facing","DX11","avtank","fourteam_fire","80","200","facing",".?AVSubEntity@Ogre@@","RenderableTileCluster_2x3_3x0","RenderableTileCluster_2x3_3x0","MN_DETAIL_ATLAS","<unnamed>","high-pssm","2","0/0","PlayerCam","10","61","1","0","1","1","9399.2","38360.1","0","1","0","38360.1","0","0","0","0","0.005899999999999999"
"dx11_avtank_fourteam_fire_080_200_facing","DX11","avtank","fourteam_fire","80","200","facing",".?AVSubEntity@Ogre@@","RenderableTileCluster_2x3_3x0","RenderableTileCluster_2x3_3x0","MN_DETAIL_ATLAS","<unnamed>","glow","0","0/0","PlayerCam","10","76.5","1","0","1","1","9409","38400","0","1","0","38400","0","0","0","0","0.0010000000000000002"
"dx11_avtank_fourteam_fire_080_200_facing","DX11","avtank","fourteam_fire","80","200","facing",".?AVSubEntity@Ogre@@","RenderableTileCluster_3x3_0x1","RenderableTileCluster_3x3_0x1","MN_DETAIL_ATLAS","<unnamed>","glow","0","0/0","PlayerCam","10","92.3","1","0","1","1","9409","38400","0","1","0","38400","0","0","0","0","0.0010000000000000002"
"dx11_avtank_fourteam_fire_080_200_facing","DX11","avtank","fourteam_fire","80","200","facing",".?AVSubEntity@Ogre@@","RenderableTileCluster_3x3_1x0","RenderableTileCluster_3x3_1x0","MN_DETAIL_ATLAS","<unnamed>","high-pssm","2","0/0","PlayerCam","10","72.5","1","0","1","1","9399.2","38360.1","0","1","0","38312.1","0","0","0","0","0.0030999999999999995"
"dx11_avtank_fourteam_fire_080_200_facing","DX11","avtank","fourteam_fire","80","200","facing",".?AVSubEntity@Ogre@@","RenderableTileCluster_3x3_1x1","RenderableTileCluster_3x3_1x1","MN_DETAIL_ATLAS","<unnamed>","glow","0","0/0","PlayerCam","10","98.9","1","0","1","1","9409","38400","0","1","0","38400","0","0","0","0","0.0010000000000000002"
"dx11_avtank_fourteam_fire_080_200_facing","DX11","avtank","fourteam_fire","80","200","facing",".?AVSubEntity@Ogre@@","RenderableTileCluster_3x3_0x0","RenderableTileCluster_3x3_0x0","MN_DETAIL_ATLAS","<unnamed>","high-pssm","2","0/0","PlayerCam","10","77.2","1","0","1","1","9399.2","38360.1","0","1","0","38360.1","0","0","0","0","0.0029999999999999996"
"dx11_avtank_fourteam_fire_080_200_facing","DX11","avtank","fourteam_fire","80","200","facing",".?AVSubEntity@Ogre@@","RenderableTileCluster_3x3_0x0","RenderableTileCluster_3x3_0x0","MN_DETAIL_ATLAS","<unnamed>","glow","0","0/0","PlayerCam","10","82.6","1","0","1","1","9409","38400","0","1","0","38354.3","0","0","0","0","0.0010000000000000002"
"dx11_avtank_fourteam_fire_080_200_facing","DX11","avtank","fourteam_fire","80","200","facing",".?AVSubEntity@Ogre@@","RenderableTileCluster_3x2_0x3","RenderableTileCluster_3x2_0x3","MN_DETAIL_ATLAS","<unnamed>","high-pssm","2","0/0","PlayerCam","10","66.9","1","0","1","1","9399.2","38360.1","0","1","0","38360.1","0","0","0","0","0.0037000000000000006"
"dx11_avtank_fourteam_fire_080_200_facing","DX11","avtank","fourteam_fire","80","200","facing",".?AVSubEntity@Ogre@@","RenderableTileCluster_3x3_1x1","RenderableTileCluster_3x3_1x1","MN_DETAIL_ATLAS","<unnamed>","high-pssm","2","0/0","PlayerCam","10","74.8","1","0","1","1","9399.2","38360.1","0","1","0","38240","0","0","0","0","0.0029999999999999996"
"dx11_avtank_fourteam_fire_080_200_facing","DX11","avtank","fourteam_fire","80","200","facing",".?AVSubEntity@Ogre@@","RenderableTileCluster_2x3_2x1","RenderableTileCluster_2x3_2x1","MN_DETAIL_ATLAS","<unnamed>","high-pssm","2","0/0","PlayerCam","10","73.4","1","0","1","1","9399.2","38360.1","0","1","0","38360.1","0","0","0","0","0.0029999999999999996"
"dx11_avtank_fourteam_fire_080_200_facing","DX11","avtank","fourteam_fire","80","200","facing",".?AVSubEntity@Ogre@@","RenderableTileCluster_3x3_2x1","RenderableTileCluster_3x3_2x1","MN_DETAIL_ATLAS","<unnamed>","glow","0","0/0","PlayerCam","10","88.6","1","0","1","1","9409","38400","0","1","0","38354.3","0","0","0","0","0.0010000000000000002"
"dx11_avtank_fourteam_fire_080_200_facing","DX11","avtank","fourteam_fire","80","200","facing",".?AVSubEntity@Ogre@@","Ogre/MO4","Sky","EARTHGOOD.MAP","<unnamed>","Default","0","0/0","PlayerCam","10","58.4","1","0","1","1","4","6","0","1","0","6","0","0","0","0","0.0060999999999999995"
"dx11_avtank_fourteam_fire_080_200_facing","DX11","avtank","fourteam_fire","80","200","facing",".?AVSubEntity@Ogre@@","Ogre/MO4","Sky","MILKYWAY.MAP","<unnamed>","Default","0","0/0","PlayerCam","10","59.3","1","0","1","1","4","6","0","1","0","6","0","0","0","0","0.0060999999999999995"
"dx11_avtank_fourteam_fire_080_200_facing","DX11","avtank","fourteam_fire","80","200","facing",".?AVSubEntity@Ogre@@","Ogre/MO4","Sky","STARS.MAP","<unnamed>","Default","0","0/0","PlayerCam","10","48.5","1","0","1","1","135.9","203.7","0","1","0","203.4","0","0","0","0","0.021099999999999997"
"dx11_avtank_fourteam_fire_080_200_facing","DX11","avtank","fourteam_fire","80","200","facing",".?AVSubEntity@Ogre@@","RenderableTileCluster_3x2_0x3","RenderableTileCluster_3x2_0x3","MN_DETAIL_ATLAS","<unnamed>","glow","0","0/0","PlayerCam","10","87.4","1","0","1","1","9409","38400","0","1","0","38289.7","0","0","0","0","0.0010000000000000002"
"dx11_avtank_fourteam_fire_080_200_facing","DX11","avtank","fourteam_fire","80","200","facing",".?AVSubEntity@Ogre@@","RenderableTileCluster_2x3_3x1","RenderableTileCluster_2x3_3x1","MN_DETAIL_ATLAS","<unnamed>","high-pssm","2","0/0","PlayerCam","10","70","1","0","1","1","9399.2","38360.1","0","1","0","38360.1","0","0","0","0","0.0030999999999999995"
"dx11_avtank_fourteam_fire_080_200_facing","DX11","avtank","fourteam_fire","80","200","facing",".?AVSubEntity@Ogre@@","RenderableTileCluster_2x3_3x1","RenderableTileCluster_2x3_3x1","MN_DETAIL_ATLAS","<unnamed>","glow","0","0/0","PlayerCam","10","89.4","1","0","1","1","9409","38400","0","1","0","38400","0","0","0","0","0.0010000000000000002"
"dx11_avtank_fourteam_fire_080_200_facing","DX11","avtank","fourteam_fire","80","200","facing",".?AVSubEntity@Ogre@@","RenderableTileCluster_2x2_2x2","RenderableTileCluster_2x2_2x2","MN_DETAIL_ATLAS","<unnamed>","glow","0","0/0","PlayerCam","10","95.2","1","0","1","1","9409","38400","0","1","0","38346.7","0","0","0","0","0.0010000000000000002"
"dx11_avtank_fourteam_fire_080_200_facing","DX11","avtank","fourteam_fire","80","200","facing",".?AVSubEntity@Ogre@@","RenderableTileCluster_3x3_2x1","RenderableTileCluster_3x3_2x1","MN_DETAIL_ATLAS","<unnamed>","high-pssm","2","0/0","PlayerCam","10","70.1","1","0","1","1","9399.2","38360.1","0","1","0","38360.1","0","0","0","0","0.0031999999999999993"
"dx11_avtank_fourteam_fire_080_200_facing","DX11","avtank","fourteam_fire","80","200","facing",".?AVSubEntity@Ogre@@","RenderableTileCluster_2x2_1x3","RenderableTileCluster_2x2_1x3","MN_DETAIL_ATLAS","<unnamed>","high-pssm","1","0/0","PlayerCam","10","49.6","1","0","1","1","9399.2","38360.1","0","1","0","38360.1","0","0","0","0","0.011199999999999998"
"dx11_avtank_fourteam_fire_080_200_facing","DX11","avtank","fourteam_fire","80","200","facing",".?AVSubEntity@Ogre@@","RenderableTileCluster_2x2_1x1","RenderableTileCluster_2x2_1x1","MN_DETAIL_ATLAS","<unnamed>","glow","0","0/0","PlayerCam","10","83.9","1","0","1","1","9409","38400","0","1","0","38250.2","0","0","0","0","0.0010000000000000002"
"dx11_avtank_fourteam_fire_080_200_facing","DX11","avtank","fourteam_fire","80","200","facing",".?AVSubEntity@Ogre@@","RenderableTileCluster_2x2_1x2","RenderableTileCluster_2x2_1x2","MN_DETAIL_ATLAS","<unnamed>","high-pssm","0","0/0","PlayerCam","10","51.5","1","0","1","1","9399.2","38360.1","0","1","0","38301","0","0","0","0","0.010799999999999997"
"dx11_avtank_fourteam_fire_080_200_facing","DX11","avtank","fourteam_fire","80","200","facing",".?AVDynamicGeometryBatch@@","<none>","<none>","bzfont","0","Default","0","0/0","PlayerCam","10","58","1","0","1","1","480","720","0","1","0","719.2","0","0","0","0","0.0010000000000000002"
"dx11_avtank_fourteam_fire_080_200_facing","DX11","avtank","fourteam_fire","80","200","facing",".?AVDynamicGeometryBatch@@","<none>","<none>","reticle1","0","Default","0","0/0","PlayerCam","10","73.6","1","0","1","1","4","6","0","1","0","6","0","0","0","0","0.0016"
"dx11_avtank_fourteam_fire_080_200_facing","DX11","avtank","fourteam_fire","80","200","facing",".?AVDynamicGeometryBatch@@","<none>","<none>","sprite_a","0","Default","0","0/0","PlayerCam","10","66.9","1","0","1","1","4","6","0","1","0","6","0","0","0","0","0.0029999999999999996"
"dx11_avtank_fourteam_fire_080_200_facing","DX11","avtank","fourteam_fire","80","200","facing",".?AVRectangle2D@Ogre@@","<none>","<none>","c4/Glow/Downsample","<unnamed>","Default","0","0/0","PlayerCam","10","55.3","1","0","1","1","4","0","1","0","4","0","0","0","0","0","0.0050999999999999995"
"dx11_avtank_fourteam_fire_080_200_facing","DX11","avtank","fourteam_fire","80","200","facing",".?AVRectangle2D@Ogre@@","<none>","<none>","c5/Glow/BlurV","<unnamed>","Default","0","0/0","PlayerCam","10","69.9","1","0","1","1","4","0","1","0","4","0","0","0","0","0","0.0021000000000000003"
"dx11_avtank_fourteam_fire_080_200_facing","DX11","avtank","fourteam_fire","80","200","facing",".?AVRectangle2D@Ogre@@","<none>","<none>","c6/Glow/BlurH","<unnamed>","Default","0","0/0","PlayerCam","10","71.7","1","0","1","1","4","0","1","0","4","0","0","0","0","0","0.0020000000000000005"
"dx11_avtank_fourteam_fire_080_200_facing","DX11","avtank","fourteam_fire","80","200","facing",".?AVRectangle2D@Ogre@@","<none>","<none>","c7/Glow/Combine","<unnamed>","Default","0","0/0","PlayerCam","10","71.1","1","0","1","1","4","0","1","0","4","0","0","0","0","0","0.0020000000000000005"
"dx11_avtank_fourteam_fire_080_200_facing","DX11","avtank","fourteam_fire","80","200","facing",".?AVSubEntity@Ogre@@","RenderableTileCluster_1x2_3x3","RenderableTileCluster_1x2_3x3","MN_DETAIL_ATLAS","<unnamed>","glow","0","0/0","PlayerCam","10","89.4","1","0","1","1","9409","38400","0","1","0","38400","0","0","0","0","0.0010000000000000002"
"dx11_avtank_fourteam_fire_080_200_facing","DX11","avtank","fourteam_fire","80","200","facing",".?AVSubEntity@Ogre@@","RenderableTileCluster_2x2_1x3","RenderableTileCluster_2x2_1x3","MN_DETAIL_ATLAS","<unnamed>","glow","0","0/0","PlayerCam","10","94","1","0","1","1","9409","38400","0","1","0","38400","0","0","0","0","0.0010000000000000002"
"dx11_avtank_fourteam_fire_080_200_facing","DX11","avtank","fourteam_fire","80","200","facing",".?AVSubEntity@Ogre@@","RenderableTileCluster_1x3_1x1","RenderableTileCluster_1x3_1x1","MN_DETAIL_ATLAS","<unnamed>","glow","0","0/0","PlayerCam","10","81.3","1","0","1","1","9409","38400","0","1","0","38400","0","0","0","0","0.0010000000000000002"
"dx11_avtank_fourteam_fire_080_200_facing","DX11","avtank","fourteam_fire","80","200","facing",".?AVSubEntity@Ogre@@","RenderableTileCluster_1x3_1x1","RenderableTileCluster_1x3_1x1","MN_DETAIL_ATLAS","<unnamed>","high-pssm","2","0/0","PlayerCam","10","78.3","1","0","1","1","9399.2","38360.1","0","1","0","38360.1","0","0","0","0","0.0029999999999999996"
"dx11_avtank_fourteam_fire_080_200_facing","DX11","avtank","fourteam_fire","80","200","facing",".?AVSubEntity@Ogre@@","RenderableTileCluster_1x3_2x0","RenderableTileCluster_1x3_2x0","MN_DETAIL_ATLAS","<unnamed>","glow","0","0/0","PlayerCam","10","77.6","1","0","1","1","9409","38400","0","1","0","38305.7","0","0","0","0","0.0011000000000000003"
"dx11_avtank_fourteam_fire_080_200_facing","DX11","avtank","fourteam_fire","80","200","facing",".?AVSubEntity@Ogre@@","RenderableTileCluster_1x3_2x0","RenderableTileCluster_1x3_2x0","MN_DETAIL_ATLAS","<unnamed>","high-pssm","2","0/0","PlayerCam","10","70.6","1","0","1","1","9399.2","38360.1","0","1","0","38360.1","0","0","0","0","0.0029999999999999996"
"dx11_avtank_fourteam_fire_080_200_facing","DX11","avtank","fourteam_fire","80","200","facing",".?AVSubEntity@Ogre@@","RenderableTileCluster_1x2_3x3","RenderableTileCluster_1x2_3x3","MN_DETAIL_ATLAS","<unnamed>","high-pssm","2","0/0","PlayerCam","10","67","1","0","1","1","9399.2","38360.1","0","1","0","38360.1","0","0","0","0","0.0039000000000000007"
"dx11_avtank_fourteam_fire_080_200_facing","DX11","avtank","fourteam_fire","80","200","facing",".?AVSubEntity@Ogre@@","RenderableTileCluster_1x3_2x1","RenderableTileCluster_1x3_2x1","MN_DETAIL_ATLAS","<unnamed>","high-pssm","2","0/0","PlayerCam","10","78.9","1","0","1","1","9399.2","38360.1","0","1","0","38360.1","0","0","0","0","0.0029999999999999996"
"dx11_avtank_fourteam_fire_080_200_facing","DX11","avtank","fourteam_fire","80","200","facing",".?AVSubEntity@Ogre@@","RenderableTileCluster_2x2_1x2","RenderableTileCluster_2x2_1x2","MN_DETAIL_ATLAS","<unnamed>","glow","0","0/0","PlayerCam","10","89.7","1","0","1","1","9409","38400","0","1","0","38400","0","0","0","0","0.0010000000000000002"
"dx11_avtank_fourteam_fire_080_200_facing","DX11","avtank","fourteam_fire","80","200","facing",".?AVSubEntity@Ogre@@","RenderableTileCluster_2x2_1x1","RenderableTileCluster_2x2_1x1","MN_DETAIL_ATLAS","<unnamed>","high-pssm","0","0/0","PlayerCam","10","52.9","1","0","1","1","9399.2","38360.1","0","1","0","38312.1","0","0","0","0","0.0103"
"dx11_avtank_fourteam_fire_080_200_facing","DX11","avtank","fourteam_fire","80","200","facing",".?AVSubEntity@Ogre@@","RenderableTileCluster_3x3_1x0","RenderableTileCluster_3x3_1x0","MN_DETAIL_ATLAS","<unnamed>","glow","0","0/0","PlayerCam","10","96.5","1","0","1","1","9409","38400","0","1","0","38359.6","0","0","0","0","0.0010000000000000002"
"dx11_avtank_fourteam_fire_080_200_facing","DX11","avtank","fourteam_fire","80","200","facing",".?AVSubEntity@Ogre@@","RenderableTileCluster_1x3_2x1","RenderableTileCluster_1x3_2x1","MN_DETAIL_ATLAS","<unnamed>","glow","0","0/0","PlayerCam","10","89.6","1","0","1","1","9409","38400","0","1","0","38400","0","0","0","0","0.0010000000000000002"
"dx11_avtank_fourteam_fire_080_200_facing","DX11","avtank","fourteam_fire","80","200","facing",".?AVSubEntity@Ogre@@","RenderableTileCluster_2x2_0x3","RenderableTileCluster_2x2_0x3","MN_DETAIL_ATLAS","<unnamed>","glow","0","0/0","PlayerCam","10","80.6","1","0","1","1","9409","38400","0","1","0","38400","0","0","0","0","0.0010000000000000002"
"dx11_avtank_fourteam_fire_080_200_facing","DX11","avtank","fourteam_fire","80","200","facing",".?AVSubEntity@Ogre@@","RenderableTileCluster_2x2_0x2","RenderableTileCluster_2x2_0x2","MN_DETAIL_ATLAS","<unnamed>","high-pssm","1","0/0","PlayerCam","10","60.8","1","0","1","1","9399.2","38360.1","0","1","0","38360.1","0","0","0","0","0.005999999999999999"
"dx11_avtank_fourteam_fire_080_200_facing","DX11","avtank","fourteam_fire","80","200","facing",".?AVSubEntity@Ogre@@","RenderableTileCluster_2x2_0x3","RenderableTileCluster_2x2_0x3","MN_DETAIL_ATLAS","<unnamed>","high-pssm","1","0/0","PlayerCam","10","62.3","1","0","1","1","9399.2","38360.1","0","1","0","38360.1","0","0","0","0","0.005399999999999999"
"dx11_avtank_fourteam_fire_080_200_facing","DX11","avtank","fourteam_fire","80","200","facing",".?AVSubEntity@Ogre@@","RenderableTileCluster_2x2_0x2","RenderableTileCluster_2x2_0x2","MN_DETAIL_ATLAS","<unnamed>","glow","0","0/0","PlayerCam","10","80.8","1","0","1","1","9409","38400","0","1","0","38344.3","0","0","0","0","0.0010000000000000002"
"dx11_avtank_fourteam_fire_080_200_facing","DX11","avtank","fourteam_fire","80","200","facing",".?AVSubEntity@Ogre@@","RenderableTileCluster_1x3_3x1","RenderableTileCluster_1x3_3x1","MN_DETAIL_ATLAS","<unnamed>","high-pssm","2","0/0","PlayerCam","10","81.2","1","0","1","1","9399.2","38360.1","0","1","0","38360.1","0","0","0","0","0.0027"
"dx11_avtank_fourteam_fire_080_200_facing","DX11","avtank","fourteam_fire","80","200","facing",".?AVSubEntity@Ogre@@","RenderableTileCluster_1x3_3x1","RenderableTileCluster_1x3_3x1","MN_DETAIL_ATLAS","<unnamed>","glow","0","0/0","PlayerCam","10","92.8","1","0","1","1","9409","38400","0","1","0","38400","0","0","0","0","0.0010000000000000002"
"dx11_avtank_fourteam_fire_080_200_facing","DX11","avtank","fourteam_fire","80","200","facing",".?AVSubEntity@Ogre@@","RenderableTileCluster_1x3_3x0","RenderableTileCluster_1x3_3x0","MN_DETAIL_ATLAS","<unnamed>","high-pssm","2","0/0","PlayerCam","10","79.6","1","0","1","1","9399.2","38360.1","0","1","0","38360.1","0","0","0","0","0.0029999999999999996"
"dx11_avtank_fourteam_fire_080_200_facing","DX11","avtank","fourteam_fire","80","200","facing",".?AVSubEntity@Ogre@@","RenderableTileCluster_1x3_3x0","RenderableTileCluster_1x3_3x0","MN_DETAIL_ATLAS","<unnamed>","glow","0","0/0","PlayerCam","10","95.3","1","0","1","1","9409","38400","0","1","0","38400","0","0","0","0","0.0010000000000000002"
"dx11_avtank_fourteam_fire_080_200_facing","DX11","avtank","fourteam_fire","80","200","facing",".?AVSubEntity@Ogre@@","RenderableTileCluster_3x3_0x1","RenderableTileCluster_3x3_0x1","MN_DETAIL_ATLAS","<unnamed>","high-pssm","2","0/0","PlayerCam","10","73.7","1","0","1","1","9399.2","38360.1","0","1","0","38271.2","0","0","0","0","0.0030999999999999995"
"dx11_avtank_fourteam_fire_080_200_facing","DX11","avtank","fourteam_fire","80","200","facing",".?AVDynamicGeometryBatch@@","<none>","<none>","fire.tga","glow","glow","0","0/0","PlayerCam","10","96.1","0.8699999999999999","0","0.8699999999999999","0.8699999999999999","6.2","8.9","0","0.8699999999999999","0","8.9","0","0","0","0","0.0012000000000000001"
"dx11_avtank_fourteam_fire_080_200_facing","DX11","avtank","fourteam_fire","80","200","facing",".?AVDynamicGeometryBatch@@","<none>","<none>","fire.tga","0","Default","0","0/0","PlayerCam","10","95.7","0.8699999999999999","0","0.8699999999999999","0.8699999999999999","6.2","8.9","0","0.8699999999999999","0","8.9","0","0","0","0","0.0013000000000000002"
"dx11_avtank_fourteam_fire_080_400_facing_iso-glow","DX11","avtank","fourteam_fire","80","400","facing",".?AVSubEntity@Ogre@@","Ogre/MO1","avtank.mesh","Ogre/DepthShadowmap/Caster/Float","<unnamed>","Default","0","0/0","Ogre/ShadowTexture2Cam","10","2.8","0","243.20999999999998","243.20999999999998","243.22000000000003","594340.7","2306911","0","243.12000000000003","0","2306018.4","0.030000000000000006","0","0","0.030000000000000006","0.1884"
"dx11_avtank_fourteam_fire_080_400_facing_iso-glow","DX11","avtank","fourteam_fire","80","400","facing",".?AVSubEntity@Ogre@@","Ogre/MO1","avtank.mesh","Ogre/DepthShadowmap/Caster/Float","<unnamed>","Default","0","0/0","Ogre/ShadowTexture0Cam","10","1.1","0","243.20999999999998","243.20999999999998","243.20999999999998","594315.5","2306813.2","0","243.13000000000002","0","2305749.3","0.04","0","0","0.04","0.21589999999999998"
"dx11_avtank_fourteam_fire_080_400_facing_iso-glow","DX11","avtank","fourteam_fire","80","400","facing",".?AVSubEntity@Ogre@@","Ogre/MO1","avtank.mesh","Ogre/DepthShadowmap/Caster/Float","<unnamed>","Default","0","0/0","Ogre/ShadowTexture1Cam","10","2.1","0","243.20999999999998","243.20999999999998","243.20999999999998","594315.5","2306813.2","0","243.11000000000004","0","2305752.8","0.02","0","0","0.030000000000000006","0.1915"
"dx11_avtank_fourteam_fire_080_400_facing","DX11","avtank","fourteam_fire","80","400","facing",".?AVSubEntity@Ogre@@","Ogre/MO1","avtank.mesh","Ogre/DepthShadowmap/Caster/Float","<unnamed>","Default","0","0/0","Ogre/ShadowTexture1Cam","10","2.1","0","243.06000000000003","243.06000000000003","243.06000000000003","593956.6","2305420.2","0","242.98000000000002","0","2304672.8","0.030000000000000006","0","0","0.04","0.1958"
"dx11_avtank_fourteam_fire_080_400_facing","DX11","avtank","fourteam_fire","80","400","facing",".?AVSubEntity@Ogre@@","Ogre/MO1","avtank.mesh","Ogre/DepthShadowmap/Caster/Float","<unnamed>","Default","0","0/0","Ogre/ShadowTexture0Cam","10","1.3","0","243.04000000000002","243.04000000000002","243.04000000000002","593931.2","2305321.5","0","242.96000000000004","0","2304410","0.030000000000000006","0","0","0.06","0.2197"
"dx11_avtank_fourteam_fire_080_400_facing","DX11","avtank","fourteam_fire","80","400","facing",".?AVSubEntity@Ogre@@","Ogre/MO1","avtank.mesh","Ogre/DepthShadowmap/Caster/Float","<unnamed>","Default","0","0/0","Ogre/ShadowTexture2Cam","10","2.6","0","243.05","243.05","243.04000000000002","593977","2305500.1","0","242.98000000000002","0","2304678.7","0.030000000000000006","0","0","0.04","0.19129999999999997"
"dx11_avtank_fourteam_fire_080_400_facing","DX11","avtank","fourteam_fire","80","400","facing",".?AVSubEntity@Ogre@@","Ogre/MO271","gatst00.mesh","ordnanceRed","<unnamed>","high-pssm","2","0/0","PlayerCam","10","4.1","178.91000000000003","0","178.91000000000003","178.91000000000003","894.6","3220.6","0","178.87","0","3219.4","0","0","0","0.04","0.6937000000000001"
"dx11_avtank_fourteam_fire_080_400_facing","DX11","avtank","fourteam_fire","80","400","facing",".?AVSubEntity@Ogre@@","Ogre/MO271","gatst00.mesh","ordnanceRed","<unnamed>","glow","0","0/0","PlayerCam","10","4.9","178.91000000000003","0","178.91000000000003","178.91000000000003","894.6","3220.7","0","178.89000000000001","0","3219.9","0","0","0","0.030000000000000006","0.1668"
"dx11_avtank_fourteam_fire_080_400_facing_iso-glow-shadow","DX11","avtank","fourteam_fire","80","400","facing",".?AVSubEntity@Ogre@@","Ogre/MO271","gatst00.mesh","ordnanceRed","<unnamed>","high-pssm","2","0/0","PlayerCam","10","1","178.64999999999998","0","178.64999999999998","178.64999999999998","893.3","3215.7","0","178.61999999999998","0","3214.8","0","0","0","0.01","0.6889999999999998"
"dx11_avtank_fourteam_fire_080_400_facing_iso-shadow","DX11","avtank","fourteam_fire","80","400","facing",".?AVSubEntity@Ogre@@","Ogre/MO271","gatst00.mesh","ordnanceRed","<unnamed>","glow","0","0/0","PlayerCam","10","1.6","178.57","0","178.57","178.57","892.9","3214.2","0","178.51999999999998","0","3213.2","0","0","0","0.04","0.15999999999999998"
"dx11_avtank_fourteam_fire_080_400_facing_iso-shadow","DX11","avtank","fourteam_fire","80","400","facing",".?AVSubEntity@Ogre@@","Ogre/MO271","gatst00.mesh","ordnanceRed","<unnamed>","high-pssm","2","0/0","PlayerCam","10","1.4","178.57000000000002","0","178.57000000000002","178.56000000000003","893","3214.4","0","178.52","0","3213.4","0","0","0","0.030000000000000006","0.6935999999999998"
"dx11_avtank_fourteam_fire_080_400_facing_iso-glow","DX11","avtank","fourteam_fire","80","400","facing",".?AVSubEntity@Ogre@@","Ogre/MO271","gatst00.mesh","ordnanceRed","<unnamed>","high-pssm","2","0/0","PlayerCam","10","4","178.51000000000002","0","178.51000000000002","178.51000000000002","892.6","3213.3","0","178.47000000000003","0","3212.2","0","0","0","0.01","0.6849"
"dx11_avtank_fourteam_fire_080_400_facing_iso-glow-shadow","DX11","avtank","fourteam_fire","80","400","facing",".?AVSubEntity@Ogre@@","Ogre/MO3","avtank.mesh","avtank01","<unnamed>","high-pssm","0","0/0","PlayerCam","10","2","81.08000000000001","0","81.08000000000001","81.08000000000001","9405.3","16540.3","0","81.07000000000001","0","16534.5","0","0","0","0","0.25200000000000006"
"dx11_avtank_fourteam_fire_080_400_facing_iso-shadow","DX11","avtank","fourteam_fire","80","400","facing",".?AVSubEntity@Ogre@@","Ogre/MO3","avtank.mesh","avtank01","<unnamed>","high-pssm","0","0/0","PlayerCam","10","4.5","81.00999999999999","0","81.00999999999999","81.00999999999999","9398.6","16528.6","0","81.00999999999999","0","16523","0","0","0","0","0.2517999999999999"
"dx11_avtank_fourteam_fire_080_400_facing_iso-shadow","DX11","avtank","fourteam_fire","80","400","facing",".?AVSubEntity@Ogre@@","Ogre/MO3","avtank.mesh","avheadlight00","<unnamed>","glow","0","0/0","PlayerCam","10","3.7","81","0","81","81","12392.5","46654.1","0","80.99","0","46639.1","0","0","0","0","0.08939999999999998"
"dx11_avtank_fourteam_fire_080_400_facing_iso-shadow","DX11","avtank","fourteam_fire","80","400","facing",".?AVSubEntity@Ogre@@","Ogre/MO3","avtank.mesh","avtank00","<unnamed>","glow","0","0/0","PlayerCam","10","4.6","81","0","81","81","572021.4","2241672.8","0","80.97","0","2240604.4","0","0","0","0","0.0834"
"dx11_avtank_fourteam_fire_080_400_facing_iso-shadow","DX11","avtank","fourteam_fire","80","400","facing",".?AVSubEntity@Ogre@@","Ogre/MO3","avtank.mesh","avtank01","<unnamed>","glow","0","0/0","PlayerCam","10","5.2","81","0","81","81","9396","16524","0","80.96","0","16515.7","0","0","0","0","0.08249999999999999"
"dx11_avtank_fourteam_fire_080_400_facing_iso-glow","DX11","avtank","fourteam_fire","80","400","facing",".?AVSubEntity@Ogre@@","Ogre/MO3","avtank.mesh","avtank01","<unnamed>","high-pssm","0","0/0","PlayerCam","10","5","80.99","0","80.99","80.99","9394.4","16521.2","0","80.96000000000001","0","16514.5","0","0","0","0.01","0.24669999999999997"
"dx11_avtank_fourteam_fire_080_400_facing","DX11","avtank","fourteam_fire","80","400","facing",".?AVSubEntity@Ogre@@","Ogre/MO3","avtank.mesh","avtank01","<unnamed>","glow","0","0/0","PlayerCam","10","8.7","80.94","0","80.94","80.94","9388.4","16510.8","0","80.89","0","16501.8","0.01","0","0","0","0.08689999999999998"
"dx11_avtank_fourteam_fire_080_400_facing","DX11","avtank","fourteam_fire","80","400","facing",".?AVSubEntity@Ogre@@","Ogre/MO3","avtank.mesh","avtank00","<unnamed>","glow","0","0/0","PlayerCam","10","7.9","80.94","0","80.94","80.94","571563.4","2239877.9","0","80.92999999999999","0","2239053.5","0","0","0","0","0.08759999999999998"
"dx11_avtank_fourteam_fire_080_400_facing","DX11","avtank","fourteam_fire","80","400","facing",".?AVSubEntity@Ogre@@","Ogre/MO3","avtank.mesh","avheadlight00","<unnamed>","glow","0","0/0","PlayerCam","10","6.8","80.94","0","80.94","80.94","12383.1","46618.6","0","80.9","0","46595.7","0.01","0","0","0.01","0.09279999999999998"
"dx11_avtank_fourteam_fire_080_400_facing","DX11","avtank","fourteam_fire","80","400","facing",".?AVSubEntity@Ogre@@","Ogre/MO3","avtank.mesh","avtank01","<unnamed>","high-pssm","0","0/0","PlayerCam","10","6.6","80.92999999999999","0","80.92999999999999","80.92999999999999","9388.1","16510.3","0","80.91","0","16503","0.01","0","0","0.01","0.2536"
"dx11_avtank_fourteam_fire_080_400_facing_iso-glow-shadow","DX11","avtank","fourteam_fire","80","400","facing",".?AVSubEntity@Ogre@@","Ogre/MO82","avtank.mesh","avtank00","<unnamed>","high-pssm","2","0/0","PlayerCam","10","3.9","80.08000000000001","0","80.08000000000001","80.08000000000001","565543.5","2216286.7","0","80.07000000000001","0","2215282.8","0","0","0","0","0.1103"
"dx11_avtank_fourteam_fire_080_400_facing_iso-glow-shadow","DX11","avtank","fourteam_fire","80","400","facing",".?AVSubEntity@Ogre@@","Ogre/MO82","avtank.mesh","avheadlight00","<unnamed>","high-pssm","2","0/0","PlayerCam","10","3.1","80.08","0","80.08","80.08","12251.9","46124.7","0","80.04","0","46100.1","0","0","0","0","0.34219999999999995"
"dx11_avtank_fourteam_fire_080_400_facing_iso-shadow","DX11","avtank","fourteam_fire","80","400","facing",".?AVSubEntity@Ogre@@","Ogre/MO82","avtank.mesh","avtank00","<unnamed>","high-pssm","2","0/0","PlayerCam","10","7.9","80.02","0","80.02","80.02","565117","2214614.9","0","79.99","0","2213495.2","0","0","0","0.01","0.10980000000000001"
"dx11_avtank_fourteam_fire_080_400_facing_iso-shadow","DX11","avtank","fourteam_fire","80","400","facing",".?AVSubEntity@Ogre@@","Ogre/MO82","avtank.mesh","avheadlight00","<unnamed>","high-pssm","2","0/0","PlayerCam","10","7.1","80.02","0","80.02","80.02","12243.1","46091.2","0","80","0","46071.5","0","0","0","0","0.3416"
"dx11_avtank_fourteam_fire_080_400_facing_iso-glow","DX11","avtank","fourteam_fire","80","400","facing",".?AVSubEntity@Ogre@@","Ogre/MO82","avtank.mesh","avheadlight00","<unnamed>","high-pssm","2","0/0","PlayerCam","10","6.1","80.01000000000002","0","80.01000000000002","80.01000000000002","12240.9","46083.4","0","79.99000000000001","0","46065.7","0.01","0","0","0","0.3377"
"dx11_avtank_fourteam_fire_080_400_facing_iso-glow","DX11","avtank","fourteam_fire","80","400","facing",".?AVSubEntity@Ogre@@","Ogre/MO82","avtank.mesh","avtank00","<unnamed>","high-pssm","2","0/0","PlayerCam","10","6.9","79.99000000000001","0","79.99000000000001","79.99000000000001","564869.4","2213645","0","79.97","0","2212738.6","0","0","0","0","0.1055"
"dx11_avtank_fourteam_fire_080_400_facing","DX11","avtank","fourteam_fire","80","400","facing",".?AVSubEntity@Ogre@@","Ogre/MO82","avtank.mesh","avheadlight00","<unnamed>","high-pssm","2","0/0","PlayerCam","10","10","79.94000000000001","0","79.94000000000001","79.94000000000001","12229.8","46041.4","0","79.9","0","46024.2","0","0","0","0.01","0.34110000000000007"
"dx11_avtank_fourteam_fire_080_400_facing","DX11","avtank","fourteam_fire","80","400","facing",".?AVSubEntity@Ogre@@","Ogre/MO82","avtank.mesh","avtank00","<unnamed>","high-pssm","2","0/0","PlayerCam","10","11","79.94000000000001","0","79.94000000000001","79.94000000000001","564488","2212150.5","0","79.9","0","2210912.5","0","0","0","0.02","0.1105"
"dx11_avtank_fourteam_fire_080_400_facing","DX11","avtank","fourteam_fire","80","400","facing",".?AVDynamicGeometryBatch@@","<none>","<none>","grndchar.tga","glow","glow","0","0/0","PlayerCam","10","13.5","4.540000000000001","0","4.540000000000001","4.540000000000001","643.5","1809.6","0","4.540000000000001","0","1809.2","0","0","0","0","0.007400000000000001"
"dx11_avtank_fourteam_fire_080_400_facing","DX11","avtank","fourteam_fire","80","400","facing",".?AVDynamicGeometryBatch@@","<none>","<none>","grndchar.tga","0","Default","0","0/0","PlayerCam","10","12.9","4.540000000000001","0","4.540000000000001","4.540000000000001","643.5","1809.6","0","4.540000000000001","0","1809","0","0","0","0","0.0075000000000000015"
"dx11_avtank_fourteam_fire_080_400_facing_iso-shadow","DX11","avtank","fourteam_fire","80","400","facing",".?AVDynamicGeometryBatch@@","<none>","<none>","grndchar.tga","glow","glow","0","0/0","PlayerCam","10","10.4","4.49","0","4.49","4.49","649.3","1833.4","0","4.49","0","1832.5","0","0","0","0","0.007000000000000001"
"dx11_avtank_fourteam_fire_080_400_facing_iso-shadow","DX11","avtank","fourteam_fire","80","400","facing",".?AVDynamicGeometryBatch@@","<none>","<none>","grndchar.tga","0","Default","0","0/0","PlayerCam","10","10.1","4.48","0","4.48","4.48","648.9","1832.1","0","4.48","0","1831.8","0","0","0","0","0.007300000000000001"
"dx11_avtank_fourteam_fire_080_400_facing_iso-glow-shadow","DX11","avtank","fourteam_fire","80","400","facing",".?AVDynamicGeometryBatch@@","<none>","<none>","grndchar.tga","0","Default","0","0/0","PlayerCam","10","5.4","4.4799999999999995","0","4.4799999999999995","4.4799999999999995","645","1814.8","0","4.4799999999999995","0","1813.4","0","0","0","0","0.007400000000000001"
"dx11_avtank_fourteam_fire_080_400_facing_iso-glow","DX11","avtank","fourteam_fire","80","400","facing",".?AVDynamicGeometryBatch@@","<none>","<none>","grndchar.tga","0","Default","0","0/0","PlayerCam","10","8.4","4.459999999999999","0","4.459999999999999","4.459999999999999","643.4","1807.8","0","4.449999999999999","0","1804.5","0","0","0","0","0.007300000000000001"
"dx11_avtank_fourteam_fire_080_400_facing","DX11","avtank","fourteam_fire","80","400","facing",".?AVDynamicGeometryBatch@@","<none>","<none>","ground.tga","glow","glow","0","0/0","PlayerCam","10","16.5","4.33","0","4.33","4.33","168","251.8","0","4.32","0","251.6","0","0","0","0","0.0077"
"dx11_avtank_fourteam_fire_080_400_facing","DX11","avtank","fourteam_fire","80","400","facing",".?AVDynamicGeometryBatch@@","<none>","<none>","ground.tga","0","Default","0","0/0","PlayerCam","10","15.9","4.33","0","4.33","4.33","168","251.8","0","4.33","0","251.8","0","0","0","0","0.007999999999999998"
"dx11_avtank_fourteam_fire_080_400_facing","DX11","avtank","fourteam_fire","80","400","facing",".?AVDynamicGeometryBatch@@","<none>","<none>","vsmoke.tga","0","Default","0","0/0","PlayerCam","10","15.1","4.28","0","4.28","4.28","13390","80008.3","0","4.28","0","79919.8","0","0","0","0","0.0064"
"dx11_avtank_fourteam_fire_080_400_facing","DX11","avtank","fourteam_fire","80","400","facing",".?AVDynamicGeometryBatch@@","<none>","<none>","vsmoke.tga","glow","glow","0","0/0","PlayerCam","10","16.1","4.28","0","4.28","4.28","13390","80008.3","0","4.28","0","80008.3","0","0","0","0","0.006199999999999999"
"dx11_avtank_fourteam_fire_080_400_facing_iso-shadow","DX11","avtank","fourteam_fire","80","400","facing",".?AVDynamicGeometryBatch@@","<none>","<none>","ground.tga","glow","glow","0","0/0","PlayerCam","10","12.5","4.279999999999999","0","4.279999999999999","4.279999999999999","168","251.9","0","4.279999999999999","0","251.7","0","0","0","0","0.007400000000000001"
"dx11_avtank_fourteam_fire_080_400_facing_iso-shadow","DX11","avtank","fourteam_fire","80","400","facing",".?AVDynamicGeometryBatch@@","<none>","<none>","ground.tga","0","Default","0","0/0","PlayerCam","10","12.4","4.2700000000000005","0","4.2700000000000005","4.2700000000000005","167.8","251.8","0","4.2700000000000005","0","251.8","0","0","0","0","0.007700000000000001"
"dx11_avtank_fourteam_fire_080_400_facing_iso-glow-shadow","DX11","avtank","fourteam_fire","80","400","facing",".?AVDynamicGeometryBatch@@","<none>","<none>","ground.tga","0","Default","0","0/0","PlayerCam","10","6.3","4.27","0","4.27","4.27","168.2","251.9","0","4.27","0","251.8","0","0","0","0","0.0075000000000000015"
"dx11_avtank_fourteam_fire_080_400_facing_iso-glow","DX11","avtank","fourteam_fire","80","400","facing",".?AVDynamicGeometryBatch@@","<none>","<none>","ground.tga","0","Default","0","0/0","PlayerCam","10","9.3","4.25","0","4.25","4.25","167.7","251.4","0","4.25","0","251.4","0","0","0","0","0.007400000000000001"
"dx11_avtank_fourteam_fire_080_400_facing","DX11","avtank","fourteam_fire","80","400","facing",".?AVDynamicGeometryBatch@@","<none>","<none>","flame2.tga","glow","glow","0","0/0","PlayerCam","10","17.3","4.24","0","4.24","4.24","111.1","166.7","0","4.24","0","166.6","0","0","0","0","0.0064"
"dx11_avtank_fourteam_fire_080_400_facing","DX11","avtank","fourteam_fire","80","400","facing",".?AVDynamicGeometryBatch@@","<none>","<none>","flame2.tga","0","Default","0","0/0","PlayerCam","10","16.7","4.24","0","4.24","4.24","111.1","166.7","0","4.23","0","166.6","0","0","0","0","0.0067"
"dx11_avtank_fourteam_fire_080_400_facing_iso-shadow","DX11","avtank","fourteam_fire","80","400","facing",".?AVDynamicGeometryBatch@@","<none>","<none>","vsmoke.tga","0","Default","0","0/0","PlayerCam","10","13.6","4.24","0","4.24","4.24","13333.3","79666.8","0","4.2299999999999995","0","79636.5","0","0","0","0","0.005999999999999999"
"dx11_avtank_fourteam_fire_080_400_facing_iso-shadow","DX11","avtank","fourteam_fire","80","400","facing",".?AVDynamicGeometryBatch@@","<none>","<none>","vsmoke.tga","glow","glow","0","0/0","PlayerCam","10","13.3","4.24","0","4.24","4.24","13343.2","79726.1","0","4.24","0","79712.7","0","0","0","0","0.005999999999999999"
"dx11_avtank_fourteam_fire_080_400_facing_iso-glow","DX11","avtank","fourteam_fire","80","400","facing",".?AVDynamicGeometryBatch@@","<none>","<none>","vsmoke.tga","0","Default","0","0/0","PlayerCam","10","10","4.23","0","4.23","4.23","13368.3","79877.8","0","4.23","0","79853.6","0","0","0","0","0.005999999999999999"
"dx11_avtank_fourteam_fire_080_400_facing_iso-glow-shadow","DX11","avtank","fourteam_fire","80","400","facing",".?AVDynamicGeometryBatch@@","<none>","<none>","vsmoke.tga","0","Default","0","0/0","PlayerCam","10","6.9","4.21","0","4.21","4.21","13385.1","79976.9","0","4.21","0","79829.1","0","0","0","0","0.005999999999999999"
"dx11_avtank_fourteam_fire_080_400_facing_iso-shadow","DX11","avtank","fourteam_fire","80","400","facing",".?AVDynamicGeometryBatch@@","<none>","<none>","flame2.tga","glow","glow","0","0/0","PlayerCam","10","13.9","4.2","0","4.2","4.2","110.8","166","0","4.1899999999999995","0","165.9","0","0","0","0","0.0060999999999999995"
"dx11_avtank_fourteam_fire_080_400_facing_iso-shadow","DX11","avtank","fourteam_fire","80","400","facing",".?AVDynamicGeometryBatch@@","<none>","<none>","flame2.tga","0","Default","0","0/0","PlayerCam","10","13.8","4.199999999999999","0","4.199999999999999","4.199999999999999","110.6","166","0","4.199999999999999","0","165.9","0","0","0","0","0.0060999999999999995"
"dx11_avtank_fourteam_fire_080_400_facing_iso-glow-shadow","DX11","avtank","fourteam_fire","80","400","facing",".?AVDynamicGeometryBatch@@","<none>","<none>","flame2.tga","0","Default","0","0/0","PlayerCam","10","7.4","4.17","0","4.17","4.17","111.1","166.7","0","4.17","0","166.3","0","0","0","0","0.0063"
"dx11_avtank_fourteam_fire_080_400_facing_iso-glow","DX11","avtank","fourteam_fire","80","400","facing",".?AVDynamicGeometryBatch@@","<none>","<none>","flame2.tga","0","Default","0","0/0","PlayerCam","10","10.3","4.14","0","4.14","4.14","111","166.4","0","4.14","0","166.2","0","0","0","0","0.0063"
"dx11_avtank_fourteam_fire_080_400_facing","DX11","avtank","fourteam_fire","80","400","facing",".?AVDynamicGeometryBatch@@","<none>","<none>","smoke.tga","glow","glow","0","0/0","PlayerCam","10","20.6","3.63","0","3.63","3.63","255.8","383.7","0","3.63","0","383.6","0","0","0","0","0.006199999999999999"
"dx11_avtank_fourteam_fire_080_400_facing","DX11","avtank","fourteam_fire","80","400","facing",".?AVDynamicGeometryBatch@@","<none>","<none>","smoke.tga","0","Default","0","0/0","PlayerCam","10","20.4","3.63","0","3.63","3.63","255.8","383.7","0","3.6199999999999997","0","383.6","0","0","0","0","0.0064"
"dx11_avtank_fourteam_fire_080_400_facing_iso-glow","DX11","avtank","fourteam_fire","80","400","facing",".?AVDynamicGeometryBatch@@","<none>","<none>","smoke.tga","0","Default","0","0/0","PlayerCam","10","12","3.6","0","3.6","3.6","256","383.9","0","3.6","0","383.9","0","0","0","0","0.0060999999999999995"
"dx11_avtank_fourteam_fire_080_400_facing_iso-shadow","DX11","avtank","fourteam_fire","80","400","facing",".?AVDynamicGeometryBatch@@","<none>","<none>","smoke.tga","glow","glow","0","0/0","PlayerCam","10","17.7","3.6","0","3.6","3.6","256","384","0","3.6","0","383.6","0","0","0","0","0.0060999999999999995"
"dx11_avtank_fourteam_fire_080_400_facing_iso-glow-shadow","DX11","avtank","fourteam_fire","80","400","facing",".?AVDynamicGeometryBatch@@","<none>","<none>","smoke.tga","0","Default","0","0/0","PlayerCam","10","9","3.6","0","3.6","3.6","256.1","384.2","0","3.59","0","383.8","0","0","0","0","0.0062"
"dx11_avtank_fourteam_fire_080_400_facing_iso-shadow","DX11","avtank","fourteam_fire","80","400","facing",".?AVDynamicGeometryBatch@@","<none>","<none>","smoke.tga","0","Default","0","0/0","PlayerCam","10","17.3","3.589999999999999","0","3.589999999999999","3.589999999999999","255.7","383.6","0","3.589999999999999","0","382.8","0","0","0","0","0.006500000000000001"
"dx11_avtank_fourteam_fire_080_400_facing_iso-glow-shadow","DX11","avtank","fourteam_fire","80","400","facing",".?AVDynamicGeometryBatch@@","<none>","<none>","HUDcomba","0","Default","0","0/0","PlayerCam","10","10","3","0","3","3","36","54","0","3","0","54","0","0","0","0","0.0068000000000000005"
"dx11_avtank_fourteam_fire_080_400_facing_iso-glow-shadow","DX11","avtank","fourteam_fire","80","400","facing",".?AVDynamicGeometryBatch@@","<none>","<none>","Untextured","0","Default","0","0/0","PlayerCam","10","11","3","0","3","3","10000","19672","0","3","0","19672","0","0","0","0","0.005999999999999999"
"dx11_avtank_fourteam_fire_080_400_facing_iso-glow","DX11","avtank","fourteam_fire","80","400","facing",".?AVDynamicGeometryBatch@@","<none>","<none>","Untextured","0","Default","0","0/0","PlayerCam","10","14","3","0","3","3","9998.5","19669.1","0","3","0","19669.1","0","0","0","0","0.005899999999999999"
"dx11_avtank_fourteam_fire_080_400_facing_iso-shadow","DX11","avtank","fourteam_fire","80","400","facing",".?AVDynamicGeometryBatch@@","<none>","<none>","Untextured","0","Default","0","0/0","PlayerCam","10","19.9","3","0","3","3","10000","19672","0","3","0","19672","0","0","0","0","0.005299999999999999"
"dx11_avtank_fourteam_fire_080_400_facing_iso-glow","DX11","avtank","fourteam_fire","80","400","facing",".?AVDynamicGeometryBatch@@","<none>","<none>","HUDcomba","0","Default","0","0/0","PlayerCam","10","13","3","0","3","3","36","54","0","3","0","54","0","0","0","0","0.0068000000000000005"
"dx11_avtank_fourteam_fire_080_400_facing_iso-shadow","DX11","avtank","fourteam_fire","80","400","facing",".?AVDynamicGeometryBatch@@","<none>","<none>","HUDcomba","0","Default","0","0/0","PlayerCam","10","19.1","3","0","3","3","36","54","0","3","0","54","0","0","0","0","0.005999999999999999"
"dx11_avtank_fourteam_fire_080_400_facing","DX11","avtank","fourteam_fire","80","400","facing",".?AVDynamicGeometryBatch@@","<none>","<none>","Untextured","0","Default","0","0/0","PlayerCam","10","22.1","3","0","3","3","9992","19656.3","0","3","0","19656.3","0","0","0","0","0.005999999999999999"
"dx11_avtank_fourteam_fire_080_400_facing","DX11","avtank","fourteam_fire","80","400","facing",".?AVDynamicGeometryBatch@@","<none>","<none>","HUDcomba","0","Default","0","0/0","PlayerCam","10","22.9","3","0","3","3","36","54","0","3","0","54","0","0","0","0","0.005999999999999999"
"dx11_avtank_fourteam_fire_080_400_facing_iso-glow-shadow","DX11","avtank","fourteam_fire","80","400","facing",".?AVDynamicGeometryBatch@@","<none>","<none>","sprite_n","0","Default","0","0/0","PlayerCam","10","12","2","0","2","2","40","60","0","2","0","60","0","0","0","0","0.005999999999999999"
"dx11_avtank_fourteam_fire_080_400_facing_iso-shadow","DX11","avtank","fourteam_fire","80","400","facing",".?AVDynamicGeometryBatch@@","<none>","<none>","sprite_n","0","Default","0","0/0","PlayerCam","10","21","2","0","2","2","40","60","0","2","0","60","0","0","0","0","0.0060999999999999995"
"dx11_avtank_fourteam_fire_080_400_facing","DX11","avtank","fourteam_fire","80","400","facing",".?AVDynamicGeometryBatch@@","<none>","<none>","sprite_n","0","Default","0","0/0","PlayerCam","10","24","2","0","2","2","40","60","0","2","0","60","0","0","0","0","0.0053999999999999986"
"dx11_avtank_fourteam_fire_080_400_facing_iso-glow","DX11","avtank","fourteam_fire","80","400","facing",".?AVDynamicGeometryBatch@@","<none>","<none>","sprite_n","0","Default","0","0/0","PlayerCam","10","15","2","0","2","2","40","59.9","0","2","0","59.9","0","0","0","0","0.0056999999999999985"
"dx11_avtank_fourteam_fire_080_400_facing","DX11","avtank","fourteam_fire","80","400","facing",".?AVSubEntity@Ogre@@","RenderableTileCluster_2x2_0x2","RenderableTileCluster_2x2_0x2","MN_DETAIL_ATLAS","<unnamed>","glow","0","0/0","PlayerCam","10","72","1","0","1","1","9401.5","38369.3","0","1","0","38369.3","0","0","0","0","0.0010000000000000002"
"dx11_avtank_fourteam_fire_080_400_facing","DX11","avtank","fourteam_fire","80","400","facing",".?AVSubEntity@Ogre@@","RenderableTileCluster_1x3_3x1","RenderableTileCluster_1x3_3x1","MN_DETAIL_ATLAS","<unnamed>","high-pssm","2","0/0","PlayerCam","10","64.5","1","0","1","1","9401.2","38368","0","1","0","38325.3","0","0","0","0","0.0023"
"dx11_avtank_fourteam_fire_080_400_facing_iso-glow","DX11","avtank","fourteam_fire","80","400","facing",".?AVDynamicGeometryBatch@@","<none>","<none>","reticle1","0","Default","0","0/0","PlayerCam","10","51.6","1","0","1","1","4","6","0","1","0","6","0","0","0","0","0.0010000000000000002"
"dx11_avtank_fourteam_fire_080_400_facing","DX11","avtank","fourteam_fire","80","400","facing",".?AVSubEntity@Ogre@@","RenderableTileCluster_1x2_3x3","RenderableTileCluster_1x2_3x3","MN_DETAIL_ATLAS","<unnamed>","glow","0","0/0","PlayerCam","10","77.5","1","0","1","1","9401.5","38369.3","0","1","0","38369.3","0","0","0","0","0.0010000000000000002"
"dx11_avtank_fourteam_fire_080_400_facing","DX11","avtank","fourteam_fire","80","400","facing",".?AVRectangle2D@Ogre@@","<none>","<none>","c7/Glow/Combine","<unnamed>","Default","0","0/0","PlayerCam","10","59.5","1","0","1","1","4","0","1","0","4","0","0","0","0","0","0.0020000000000000005"
"dx11_avtank_fourteam_fire_080_400_facing_iso-glow","DX11","avtank","fourteam_fire","80","400","facing",".?AVSubEntity@Ogre@@","Ogre/MO3","avtank.mesh","avtank00","<unnamed>","high-pssm","0","0/0","PlayerCam","10","31","1","0","1","1","7068.4","27699.7","0","1","0","27674","0","0","0","0","0.005999999999999999"
"dx11_avtank_fourteam_fire_080_400_facing_iso-glow","DX11","avtank","fourteam_fire","80","400","facing",".?AVSubEntity@Ogre@@","Ogre/MO3","avtank.mesh","avheadlight00","<unnamed>","high-pssm","0","0/0","PlayerCam","10","17.7","1","0","1","1","153.1","576.6","0","1","0","575.6","0","0","0","0","0.015700000000000002"
"dx11_avtank_fourteam_fire_080_400_facing_iso-glow","DX11","avtank","fourteam_fire","80","400","facing",".?AVRectangle2D@Ogre@@","<none>","<none>","c7/Glow/Combine","<unnamed>","Default","0","0/0","PlayerCam","10","49.8","1","0","1","1","4","0","1","0","4","0","0","0","0","0","0.0020000000000000005"
"dx11_avtank_fourteam_fire_080_400_facing_iso-glow","DX11","avtank","fourteam_fire","80","400","facing",".?AVRectangle2D@Ogre@@","<none>","<none>","c6/Glow/BlurH","<unnamed>","Default","0","0/0","PlayerCam","10","49.9","1","0","1","1","4","0","1","0","4","0","0","0","0","0","0.0020000000000000005"
"dx11_avtank_fourteam_fire_080_400_facing_iso-glow","DX11","avtank","fourteam_fire","80","400","facing",".?AVRectangle2D@Ogre@@","<none>","<none>","c5/Glow/BlurV","<unnamed>","Default","0","0/0","PlayerCam","10","47.4","1","0","1","1","4","0","1","0","4","0","0","0","0","0","0.0021000000000000003"
"dx11_avtank_fourteam_fire_080_400_facing_iso-glow","DX11","avtank","fourteam_fire","80","400","facing",".?AVRectangle2D@Ogre@@","<none>","<none>","c4/Glow/Downsample","<unnamed>","Default","0","0/0","PlayerCam","10","31.6","1","0","1","1","4","0","1","0","4","0","0","0","0","0","0.0068000000000000005"
"dx11_avtank_fourteam_fire_080_400_facing","DX11","avtank","fourteam_fire","80","400","facing",".?AVSubEntity@Ogre@@","RenderableTileCluster_1x2_3x3","RenderableTileCluster_1x2_3x3","MN_DETAIL_ATLAS","<unnamed>","high-pssm","2","0/0","PlayerCam","10","50.8","1","0","1","1","9401.2","38368","0","1","0","38335.2","0","0","0","0","0.004000000000000001"
"dx11_avtank_fourteam_fire_080_400_facing","DX11","avtank","fourteam_fire","80","400","facing",".?AVSubEntity@Ogre@@","RenderableTileCluster_1x3_1x1","RenderableTileCluster_1x3_1x1","MN_DETAIL_ATLAS","<unnamed>","glow","0","0/0","PlayerCam","10","70.4","1","0","1","1","9401.5","38369.3","0","1","0","38369.3","0","0","0","0","0.0010000000000000002"
"dx11_avtank_fourteam_fire_080_400_facing","DX11","avtank","fourteam_fire","80","400","facing",".?AVSubEntity@Ogre@@","RenderableTileCluster_1x3_1x1","RenderableTileCluster_1x3_1x1","MN_DETAIL_ATLAS","<unnamed>","high-pssm","2","0/0","PlayerCam","10","62.7","1","0","1","1","9401.2","38368","0","1","0","38368","0","0","0","0","0.0028999999999999994"
"dx11_avtank_fourteam_fire_080_400_facing","DX11","avtank","fourteam_fire","80","400","facing",".?AVSubEntity@Ogre@@","Ogre/MO3","avtank.mesh","avtank00","<unnamed>","high-pssm","0","0/0","PlayerCam","10","41.7","1","0","1","1","7056.1","27651.8","0","1","0","27629.5","0","0","0","0","0.006199999999999999"
"dx11_avtank_fourteam_fire_080_400_facing_iso-glow-shadow","DX11","avtank","fourteam_fire","80","400","facing",".?AVSubEntity@Ogre@@","Ogre/MO4","Sky","MILKYWAY.MAP","<unnamed>","Default","0","0/0","PlayerCam","10","26.3","1","0","1","1","4","6","0","1","0","6","0","0","0","0","0.006900000000000001"
"dx11_avtank_fourteam_fire_080_400_facing","DX11","avtank","fourteam_fire","80","400","facing",".?AVSubEntity@Ogre@@","RenderableTileCluster_1x3_2x0","RenderableTileCluster_1x3_2x0","MN_DETAIL_ATLAS","<unnamed>","glow","0","0/0","PlayerCam","10","66.1","1","0","1","1","9401.5","38369.3","0","1","0","38328.9","0","0","0","0","0.0010000000000000002"
"dx11_avtank_fourteam_fire_080_400_facing","DX11","avtank","fourteam_fire","80","400","facing",".?AVSubEntity@Ogre@@","RenderableTileCluster_1x3_2x0","RenderableTileCluster_1x3_2x0","MN_DETAIL_ATLAS","<unnamed>","high-pssm","2","0/0","PlayerCam","10","56.5","1","0","1","1","9401.2","38368","0","1","0","38337","0","0","0","0","0.0030999999999999995"
"dx11_avtank_fourteam_fire_080_400_facing","DX11","avtank","fourteam_fire","80","400","facing",".?AVSubEntity@Ogre@@","Ogre/MO3","avtank.mesh","avheadlight00","<unnamed>","high-pssm","0","0/0","PlayerCam","10","29.8","1","0","1","1","152.9","575.5","0","1","0","575.5","0","0","0","0","0.017099999999999997"
"dx11_avtank_fourteam_fire_080_400_facing","DX11","avtank","fourteam_fire","80","400","facing",".?AVSubEntity@Ogre@@","RenderableTileCluster_1x3_2x1","RenderableTileCluster_1x3_2x1","MN_DETAIL_ATLAS","<unnamed>","glow","0","0/0","PlayerCam","10","69.3","1","0","1","1","9401.5","38369.3","0","1","0","38330.9","0","0","0","0","0.0010000000000000002"
"dx11_avtank_fourteam_fire_080_400_facing_iso-glow","DX11","avtank","fourteam_fire","80","400","facing",".?AVDynamicGeometryBatch@@","<none>","<none>","sprite_a","0","Default","0","0/0","PlayerCam","10","49.1","1","0","1","1","4","6","0","1","0","6","0","0","0","0","0.0020000000000000005"
"dx11_avtank_fourteam_fire_080_400_facing","DX11","avtank","fourteam_fire","80","400","facing",".?AVSubEntity@Ogre@@","RenderableTileCluster_1x3_2x1","RenderableTileCluster_1x3_2x1","MN_DETAIL_ATLAS","<unnamed>","high-pssm","2","0/0","PlayerCam","10","57.2","1","0","1","1","9401.2","38368","0","1","0","38338.7","0","0","0","0","0.0030999999999999995"
"dx11_avtank_fourteam_fire_080_400_facing","DX11","avtank","fourteam_fire","80","400","facing",".?AVSubEntity@Ogre@@","RenderableTileCluster_1x3_3x0","RenderableTileCluster_1x3_3x0","MN_DETAIL_ATLAS","<unnamed>","glow","0","0/0","PlayerCam","10","71.9","1","0","1","1","9401.5","38369.3","0","1","0","38330.5","0","0","0","0","0.0010000000000000002"
"dx11_avtank_fourteam_fire_080_400_facing","DX11","avtank","fourteam_fire","80","400","facing",".?AVSubEntity@Ogre@@","RenderableTileCluster_1x3_3x0","RenderableTileCluster_1x3_3x0","MN_DETAIL_ATLAS","<unnamed>","high-pssm","2","0/0","PlayerCam","10","54.5","1","0","1","1","9401.2","38368","0","1","0","38291","0","0","0","0","0.0030999999999999995"
"dx11_avtank_fourteam_fire_080_400_facing","DX11","avtank","fourteam_fire","80","400","facing",".?AVSubEntity@Ogre@@","RenderableTileCluster_1x3_3x1","RenderableTileCluster_1x3_3x1","MN_DETAIL_ATLAS","<unnamed>","glow","0","0/0","PlayerCam","10","78.6","1","0","1","1","9401.5","38369.3","0","1","0","38325.1","0","0","0","0","0.0010000000000000002"
"dx11_avtank_fourteam_fire_080_400_facing","DX11","avtank","fourteam_fire","80","400","facing",".?AVRectangle2D@Ogre@@","<none>","<none>","c6/Glow/BlurH","<unnamed>","Default","0","0/0","PlayerCam","10","60.4","1","0","1","1","4","0","1","0","4","0","0","0","0","0","0.0021000000000000003"
"dx11_avtank_fourteam_fire_080_400_facing","DX11","avtank","fourteam_fire","80","400","facing",".?AVRectangle2D@Ogre@@","<none>","<none>","c5/Glow/BlurV","<unnamed>","Default","0","0/0","PlayerCam","10","58.2","1","0","1","1","4","0","1","0","4","0","0","0","0","0","0.0024000000000000002"
"dx11_avtank_fourteam_fire_080_400_facing","DX11","avtank","fourteam_fire","80","400","facing",".?AVDynamicGeometryBatch@@","<none>","<none>","sprite_a","0","Default","0","0/0","PlayerCam","10","53.5","1","0","1","1","4","6","0","1","0","6","0","0","0","0","0.0026"
"dx11_avtank_fourteam_fire_080_400_facing_iso-glow","DX11","avtank","fourteam_fire","80","400","facing",".?AVDynamicGeometryBatch@@","<none>","<none>","bzfont","0","Default","0","0/0","PlayerCam","10","52.6","1","0","1","1","495.9","743.8","0","1","0","743.8","0","0","0","0","0.0010000000000000002"
"dx11_avtank_fourteam_fire_080_400_facing_iso-glow","DX11","avtank","fourteam_fire","80","400","facing",".?AVSubEntity@Ogre@@","RenderableTileCluster_2x3_2x0","RenderableTileCluster_2x3_2x0","MN_DETAIL_ATLAS","<unnamed>","high-pssm","2","0/0","PlayerCam","10","22.3","1","0","1","1","9417.4","38434.2","0","1","0","38404.9","0","0","0","0","0.008000000000000002"
"dx11_avtank_fourteam_fire_080_400_facing_iso-glow","DX11","avtank","fourteam_fire","80","400","facing",".?AVSubEntity@Ogre@@","RenderableTileCluster_2x3_2x1","RenderableTileCluster_2x3_2x1","MN_DETAIL_ATLAS","<unnamed>","high-pssm","2","0/0","PlayerCam","10","25.9","1","0","1","1","9417.4","38434.2","0","1","0","38434.2","0","0","0","0","0.007700000000000001"
"dx11_avtank_fourteam_fire_080_400_facing_iso-glow","DX11","avtank","fourteam_fire","80","400","facing",".?AVSubEntity@Ogre@@","RenderableTileCluster_2x3_3x0","RenderableTileCluster_2x3_3x0","MN_DETAIL_ATLAS","<unnamed>","high-pssm","2","0/0","PlayerCam","10","37.4","1","0","1","1","9417.4","38434.2","0","1","0","38434.2","0","0","0","0","0.004100000000000001"
"dx11_avtank_fourteam_fire_080_400_facing_iso-glow","DX11","avtank","fourteam_fire","80","400","facing",".?AVSubEntity@Ogre@@","RenderableTileCluster_2x3_3x1","RenderableTileCluster_2x3_3x1","MN_DETAIL_ATLAS","<unnamed>","high-pssm","2","0/0","PlayerCam","10","36.2","1","0","1","1","9417.4","38434.2","0","1","0","38434.2","0","0","0","0","0.004999999999999999"
"dx11_avtank_fourteam_fire_080_400_facing_iso-glow","DX11","avtank","fourteam_fire","80","400","facing",".?AVSubEntity@Ogre@@","RenderableTileCluster_3x2_0x3","RenderableTileCluster_3x2_0x3","MN_DETAIL_ATLAS","<unnamed>","high-pssm","2","0/0","PlayerCam","10","39","1","0","1","1","9417.4","38434.2","0","1","0","38434.2","0","0","0","0","0.0039000000000000007"
"dx11_avtank_fourteam_fire_080_400_facing_iso-glow","DX11","avtank","fourteam_fire","80","400","facing",".?AVSubEntity@Ogre@@","RenderableTileCluster_3x3_0x0","RenderableTileCluster_3x3_0x0","MN_DETAIL_ATLAS","<unnamed>","high-pssm","2","0/0","PlayerCam","10","41","1","0","1","1","9417.4","38434.2","0","1","0","38434.2","0","0","0","0","0.0033"
"dx11_avtank_fourteam_fire_080_400_facing_iso-glow","DX11","avtank","fourteam_fire","80","400","facing",".?AVSubEntity@Ogre@@","RenderableTileCluster_3x3_0x1","RenderableTileCluster_3x3_0x1","MN_DETAIL_ATLAS","<unnamed>","high-pssm","2","0/0","PlayerCam","10","46.1","1","0","1","1","9417.4","38434.2","0","1","0","38404.9","0","0","0","0","0.0029999999999999996"
"dx11_avtank_fourteam_fire_080_400_facing_iso-glow","DX11","avtank","fourteam_fire","80","400","facing",".?AVSubEntity@Ogre@@","RenderableTileCluster_3x3_1x0","RenderableTileCluster_3x3_1x0","MN_DETAIL_ATLAS","<unnamed>","high-pssm","2","0/0","PlayerCam","10","47.6","1","0","1","1","9417.4","38434.2","0","1","0","38406.2","0","0","0","0","0.0029999999999999996"
"dx11_avtank_fourteam_fire_080_400_facing_iso-glow","DX11","avtank","fourteam_fire","80","400","facing",".?AVSubEntity@Ogre@@","RenderableTileCluster_3x3_1x1","RenderableTileCluster_3x3_1x1","MN_DETAIL_ATLAS","<unnamed>","high-pssm","2","0/0","PlayerCam","10","46.9","1","0","1","1","9417.4","38434.2","0","1","0","38373.9","0","0","0","0","0.0029999999999999996"
"dx11_avtank_fourteam_fire_080_400_facing_iso-glow","DX11","avtank","fourteam_fire","80","400","facing",".?AVSubEntity@Ogre@@","RenderableTileCluster_3x3_2x1","RenderableTileCluster_3x3_2x1","MN_DETAIL_ATLAS","<unnamed>","high-pssm","2","0/0","PlayerCam","10","45.1","1","0","1","1","9417.4","38434.2","0","1","0","38359.9","0","0","0","0","0.0029999999999999996"
"dx11_avtank_fourteam_fire_080_400_facing_iso-glow","DX11","avtank","fourteam_fire","80","400","facing",".?AVSubEntity@Ogre@@","Ogre/MO4","Sky","EARTHGOOD.MAP","<unnamed>","Default","0","0/0","PlayerCam","10","34.9","1","0","1","1","4","6","0","1","0","6","0","0","0","0","0.005099999999999999"
"dx11_avtank_fourteam_fire_080_400_facing_iso-glow","DX11","avtank","fourteam_fire","80","400","facing",".?AVSubEntity@Ogre@@","Ogre/MO4","Sky","MILKYWAY.MAP","<unnamed>","Default","0","0/0","PlayerCam","10","33.5","1","0","1","1","4","6","0","1","0","6","0","0","0","0","0.005399999999999999"
"dx11_avtank_fourteam_fire_080_400_facing_iso-glow","DX11","avtank","fourteam_fire","80","400","facing",".?AVSubEntity@Ogre@@","Ogre/MO4","Sky","STARS.MAP","<unnamed>","Default","0","0/0","PlayerCam","10","16.7","1","0","1","1","136.1","204.1","0","1","0","203.9","0","0","0","0","0.019399999999999997"
"dx11_avtank_fourteam_fire_080_400_facing_iso-shadow","DX11","avtank","fourteam_fire","80","400","facing",".?AVDynamicGeometryBatch@@","<none>","<none>","bzfont","0","Default","0","0/0","PlayerCam","10","58.4","1","0","1","1","496","744","0","1","0","744","0","0","0","0","0.0011000000000000003"
"dx11_avtank_fourteam_fire_080_400_facing","DX11","avtank","fourteam_fire","80","400","facing",".?AVSubEntity@Ogre@@","RenderableTileCluster_2x2_0x2","RenderableTileCluster_2x2_0x2","MN_DETAIL_ATLAS","<unnamed>","high-pssm","1","0/0","PlayerCam","10","45.4","1","0","1","1","9401.2","38368","0","1","0","38368","0","0","0","0","0.005599999999999999"
"dx11_avtank_fourteam_fire_080_400_facing_iso-shadow","DX11","avtank","fourteam_fire","80","400","facing",".?AVDynamicGeometryBatch@@","<none>","<none>","reticle1","0","Default","0","0/0","PlayerCam","10","57.8","1","0","1","1","4","6","0","1","0","6","0","0","0","0","0.0010000000000000002"
"dx11_avtank_fourteam_fire_080_400_facing_iso-shadow","DX11","avtank","fourteam_fire","80","400","facing",".?AVDynamicGeometryBatch@@","<none>","<none>","sprite_a","0","Default","0","0/0","PlayerCam","10","53.3","1","0","1","1","4","6","0","1","0","6","0","0","0","0","0.0024000000000000002"
"dx11_avtank_fourteam_fire_080_400_facing_iso-glow","DX11","avtank","fourteam_fire","80","400","facing",".?AVSubEntity@Ogre@@","RenderableTileCluster_2x3_1x1","RenderableTileCluster_2x3_1x1","MN_DETAIL_ATLAS","<unnamed>","high-pssm","2","0/0","PlayerCam","10","24.7","1","0","1","1","9417.4","38434.2","0","1","0","38396.6","0","0","0","0","0.0079"
"dx11_avtank_fourteam_fire_080_400_facing","DX11","avtank","fourteam_fire","80","400","facing",".?AVRectangle2D@Ogre@@","<none>","<none>","c4/Glow/Downsample","<unnamed>","Default","0","0/0","PlayerCam","10","43.1","1","0","1","1","4","0","1","0","4","0","0","0","0","0","0.005499999999999999"
"dx11_avtank_fourteam_fire_080_400_facing_iso-glow","DX11","avtank","fourteam_fire","80","400","facing",".?AVSubEntity@Ogre@@","RenderableTileCluster_2x3_1x0","RenderableTileCluster_2x3_1x0","MN_DETAIL_ATLAS","<unnamed>","high-pssm","2","0/0","PlayerCam","10","22.9","1","0","1","1","9417.4","38434.2","0","1","0","38406.2","0","0","0","0","0.008000000000000002"
"dx11_avtank_fourteam_fire_080_400_facing_iso-glow","DX11","avtank","fourteam_fire","80","400","facing",".?AVSubEntity@Ogre@@","RenderableTileCluster_2x3_0x0","RenderableTileCluster_2x3_0x0","MN_DETAIL_ATLAS","<unnamed>","high-pssm","2","0/0","PlayerCam","10","40.2","1","0","1","1","9417.4","38434.2","0","1","0","38404.9","0","0","0","0","0.0035000000000000005"
"dx11_avtank_fourteam_fire_080_400_facing_iso-glow","DX11","avtank","fourteam_fire","80","400","facing",".?AVSubEntity@Ogre@@","RenderableTileCluster_1x2_3x3","RenderableTileCluster_1x2_3x3","MN_DETAIL_ATLAS","<unnamed>","high-pssm","2","0/0","PlayerCam","10","39.8","1","0","1","1","9417.4","38434.2","0","1","0","38434.2","0","0","0","0","0.0038000000000000004"
"dx11_avtank_fourteam_fire_080_400_facing_iso-glow","DX11","avtank","fourteam_fire","80","400","facing",".?AVSubEntity@Ogre@@","RenderableTileCluster_1x3_1x1","RenderableTileCluster_1x3_1x1","MN_DETAIL_ATLAS","<unnamed>","high-pssm","2","0/0","PlayerCam","10","49.4","1","0","1","1","9417.4","38434.2","0","1","0","38404.9","0","0","0","0","0.0027999999999999995"
"dx11_avtank_fourteam_fire_080_400_facing","DX11","avtank","fourteam_fire","80","400","facing",".?AVDynamicGeometryBatch@@","<none>","<none>","reticle1","0","Default","0","0/0","PlayerCam","10","59.1","1","0","1","1","4","6","0","1","0","6","0","0","0","0","0.0010000000000000002"
"dx11_avtank_fourteam_fire_080_400_facing","DX11","avtank","fourteam_fire","80","400","facing",".?AVDynamicGeometryBatch@@","<none>","<none>","bzfont","0","Default","0","0/0","PlayerCam","10","60.3","1","0","1","1","496","743.9","0","1","0","743.3","0","0","0","0","0.0010000000000000002"
"dx11_avtank_fourteam_fire_080_400_facing_iso-glow","DX11","avtank","fourteam_fire","80","400","facing",".?AVSubEntity@Ogre@@","RenderableTileCluster_1x3_2x0","RenderableTileCluster_1x3_2x0","MN_DETAIL_ATLAS","<unnamed>","high-pssm","2","0/0","PlayerCam","10","43.3","1","0","1","1","9417.4","38434.2","0","1","0","38434.2","0","0","0","0","0.0029999999999999996"
"dx11_avtank_fourteam_fire_080_400_facing_iso-glow","DX11","avtank","fourteam_fire","80","400","facing",".?AVSubEntity@Ogre@@","RenderableTileCluster_1x3_2x1","RenderableTileCluster_1x3_2x1","MN_DETAIL_ATLAS","<unnamed>","high-pssm","2","0/0","PlayerCam","10","46","1","0","1","1","9417.4","38434.2","0","1","0","38276.4","0","0","0","0","0.0029999999999999996"
"dx11_avtank_fourteam_fire_080_400_facing_iso-glow","DX11","avtank","fourteam_fire","80","400","facing",".?AVSubEntity@Ogre@@","RenderableTileCluster_1x3_3x0","RenderableTileCluster_1x3_3x0","MN_DETAIL_ATLAS","<unnamed>","high-pssm","2","0/0","PlayerCam","10","42.4","1","0","1","1","9417.4","38434.2","0","1","0","38406.2","0","0","0","0","0.0030999999999999995"
"dx11_avtank_fourteam_fire_080_400_facing_iso-glow","DX11","avtank","fourteam_fire","80","400","facing",".?AVSubEntity@Ogre@@","RenderableTileCluster_1x3_3x1","RenderableTileCluster_1x3_3x1","MN_DETAIL_ATLAS","<unnamed>","high-pssm","2","0/0","PlayerCam","10","50.6","1","0","1","1","9417.4","38434.2","0","1","0","38404.9","0","0","0","0","0.0020000000000000005"
"dx11_avtank_fourteam_fire_080_400_facing_iso-glow","DX11","avtank","fourteam_fire","80","400","facing",".?AVSubEntity@Ogre@@","RenderableTileCluster_2x2_0x2","RenderableTileCluster_2x2_0x2","MN_DETAIL_ATLAS","<unnamed>","high-pssm","1","0/0","PlayerCam","10","30.4","1","0","1","1","9417.4","38434.2","0","1","0","38373.1","0","0","0","0","0.005999999999999999"
"dx11_avtank_fourteam_fire_080_400_facing_iso-glow","DX11","avtank","fourteam_fire","80","400","facing",".?AVSubEntity@Ogre@@","RenderableTileCluster_2x2_0x3","RenderableTileCluster_2x2_0x3","MN_DETAIL_ATLAS","<unnamed>","high-pssm","1","0/0","PlayerCam","10","32.8","1","0","1","1","9417.4","38434.2","0","1","0","38434.2","0","0","0","0","0.005599999999999999"
"dx11_avtank_fourteam_fire_080_400_facing_iso-glow","DX11","avtank","fourteam_fire","80","400","facing",".?AVSubEntity@Ogre@@","RenderableTileCluster_2x2_1x1","RenderableTileCluster_2x2_1x1","MN_DETAIL_ATLAS","<unnamed>","high-pssm","0","0/0","PlayerCam","10","20.7","1","0","1","1","9417.4","38434.2","0","1","0","38339.8","0","0","0","0","0.0087"
"dx11_avtank_fourteam_fire_080_400_facing_iso-glow","DX11","avtank","fourteam_fire","80","400","facing",".?AVSubEntity@Ogre@@","RenderableTileCluster_2x2_1x2","RenderableTileCluster_2x2_1x2","MN_DETAIL_ATLAS","<unnamed>","high-pssm","0","0/0","PlayerCam","10","31","1","0","1","1","9417.4","38434.2","0","1","0","38404.9","0","0","0","0","0.0060999999999999995"
"dx11_avtank_fourteam_fire_080_400_facing_iso-glow","DX11","avtank","fourteam_fire","80","400","facing",".?AVSubEntity@Ogre@@","RenderableTileCluster_2x2_1x3","RenderableTileCluster_2x2_1x3","MN_DETAIL_ATLAS","<unnamed>","high-pssm","1","0/0","PlayerCam","10","19.5","1","0","1","1","9417.4","38434.2","0","1","0","38369.4","0","0","0","0","0.010899999999999996"
"dx11_avtank_fourteam_fire_080_400_facing_iso-glow","DX11","avtank","fourteam_fire","80","400","facing",".?AVSubEntity@Ogre@@","RenderableTileCluster_2x2_2x2","RenderableTileCluster_2x2_2x2","MN_DETAIL_ATLAS","<unnamed>","high-pssm","0","0/0","PlayerCam","10","26.4","1","0","1","1","9417.4","38434.2","0","1","0","38434.2","0","0","0","0","0.007400000000000001"
"dx11_avtank_fourteam_fire_080_400_facing_iso-glow","DX11","avtank","fourteam_fire","80","400","facing",".?AVSubEntity@Ogre@@","RenderableTileCluster_2x2_2x3","RenderableTileCluster_2x2_2x3","MN_DETAIL_ATLAS","<unnamed>","high-pssm","1","0/0","PlayerCam","10","18.9","1","0","1","1","9417.4","38434.2","0","1","0","38359.9","0","0","0","0","0.010999999999999998"
"dx11_avtank_fourteam_fire_080_400_facing_iso-glow","DX11","avtank","fourteam_fire","80","400","facing",".?AVSubEntity@Ogre@@","RenderableTileCluster_2x2_3x2","RenderableTileCluster_2x2_3x2","MN_DETAIL_ATLAS","<unnamed>","high-pssm","1","0/0","PlayerCam","10","23","1","0","1","1","9417.4","38434.2","0","1","0","38396.6","0","0","0","0","0.008000000000000002"
"dx11_avtank_fourteam_fire_080_400_facing_iso-glow","DX11","avtank","fourteam_fire","80","400","facing",".?AVSubEntity@Ogre@@","RenderableTileCluster_2x2_3x3","RenderableTileCluster_2x2_3x3","MN_DETAIL_ATLAS","<unnamed>","high-pssm","1","0/0","PlayerCam","10","32.6","1","0","1","1","9417.4","38434.2","0","1","0","38375.6","0","0","0","0","0.005799999999999999"
"dx11_avtank_fourteam_fire_080_400_facing_iso-glow","DX11","avtank","fourteam_fire","80","400","facing",".?AVSubEntity@Ogre@@","RenderableTileCluster_2x3_0x1","RenderableTileCluster_2x3_0x1","MN_DETAIL_ATLAS","<unnamed>","high-pssm","2","0/0","PlayerCam","10","28.1","1","0","1","1","9417.4","38434.2","0","1","0","38346.2","0","0","0","0","0.007000000000000001"
"dx11_avtank_fourteam_fire_080_400_facing","DX11","avtank","fourteam_fire","80","400","facing",".?AVSubEntity@Ogre@@","RenderableTileCluster_2x2_0x3","RenderableTileCluster_2x2_0x3","MN_DETAIL_ATLAS","<unnamed>","glow","0","0/0","PlayerCam","10","83","1","0","1","1","9401.5","38369.3","0","1","0","38340","0","0","0","0","0.0010000000000000002"
"dx11_avtank_fourteam_fire_080_400_facing_iso-glow-shadow","DX11","avtank","fourteam_fire","80","400","facing",".?AVSubEntity@Ogre@@","Ogre/MO4","Sky","STARS.MAP","<unnamed>","Default","0","0/0","PlayerCam","10","13","1","0","1","1","136.1","204.2","0","1","0","204","0","0","0","0","0.028300000000000002"
"dx11_avtank_fourteam_fire_080_400_facing","DX11","avtank","fourteam_fire","80","400","facing",".?AVSubEntity@Ogre@@","RenderableTileCluster_2x2_1x1","RenderableTileCluster_2x2_1x1","MN_DETAIL_ATLAS","<unnamed>","glow","0","0/0","PlayerCam","10","84","1","0","1","1","9401.5","38369.3","0","1","0","38369.3","0","0","0","0","0.0010000000000000002"
"dx11_avtank_fourteam_fire_080_400_facing_iso-shadow","DX11","avtank","fourteam_fire","80","400","facing",".?AVSubEntity@Ogre@@","RenderableTileCluster_2x3_3x1","RenderableTileCluster_2x3_3x1","MN_DETAIL_ATLAS","<unnamed>","glow","0","0/0","PlayerCam","10","70.2","1","0","1","1","9408.2","38397","0","1","0","38397","0","0","0","0","0.0010000000000000002"
"dx11_avtank_fourteam_fire_080_400_facing_iso-shadow","DX11","avtank","fourteam_fire","80","400","facing",".?AVSubEntity@Ogre@@","RenderableTileCluster_2x3_3x1","RenderableTileCluster_2x3_3x1","MN_DETAIL_ATLAS","<unnamed>","high-pssm","2","0/0","PlayerCam","10","47.8","1","0","1","1","9411.2","38409","0","1","0","38409","0","0","0","0","0.0050999999999999995"
"dx11_avtank_fourteam_fire_080_400_facing_iso-shadow","DX11","avtank","fourteam_fire","80","400","facing",".?AVSubEntity@Ogre@@","RenderableTileCluster_3x2_0x3","RenderableTileCluster_3x2_0x3","MN_DETAIL_ATLAS","<unnamed>","glow","0","0/0","PlayerCam","10","63.4","1","0","1","1","9408.2","38397","0","1","0","38329","0","0","0","0","0.0010000000000000002"
"dx11_avtank_fourteam_fire_080_400_facing_iso-shadow","DX11","avtank","fourteam_fire","80","400","facing",".?AVSubEntity@Ogre@@","RenderableTileCluster_3x2_0x3","RenderableTileCluster_3x2_0x3","MN_DETAIL_ATLAS","<unnamed>","high-pssm","2","0/0","PlayerCam","10","51.8","1","0","1","1","9411.2","38409","0","1","0","38409","0","0","0","0","0.0039000000000000007"
"dx11_avtank_fourteam_fire_080_400_facing_iso-shadow","DX11","avtank","fourteam_fire","80","400","facing",".?AVSubEntity@Ogre@@","RenderableTileCluster_3x3_0x0","RenderableTileCluster_3x3_0x0","MN_DETAIL_ATLAS","<unnamed>","glow","0","0/0","PlayerCam","10","62.3","1","0","1","1","9408.2","38397","0","1","0","38361.1","0","0","0","0","0.0010000000000000002"
"dx11_avtank_fourteam_fire_080_400_facing_iso-shadow","DX11","avtank","fourteam_fire","80","400","facing",".?AVSubEntity@Ogre@@","RenderableTileCluster_3x3_0x0","RenderableTileCluster_3x3_0x0","MN_DETAIL_ATLAS","<unnamed>","high-pssm","2","0/0","PlayerCam","10","53.2","1","0","1","1","9411.2","38409","0","1","0","38329.3","0","0","0","0","0.0035000000000000005"
"dx11_avtank_fourteam_fire_080_400_facing_iso-shadow","DX11","avtank","fourteam_fire","80","400","facing",".?AVSubEntity@Ogre@@","RenderableTileCluster_3x3_0x1","RenderableTileCluster_3x3_0x1","MN_DETAIL_ATLAS","<unnamed>","glow","0","0/0","PlayerCam","10","72","1","0","1","1","9408.2","38397","0","1","0","38358.2","0","0","0","0","0.0010000000000000002"
"dx11_avtank_fourteam_fire_080_400_facing_iso-shadow","DX11","avtank","fourteam_fire","80","400","facing",".?AVSubEntity@Ogre@@","RenderableTileCluster_3x3_0x1","RenderableTileCluster_3x3_0x1","MN_DETAIL_ATLAS","<unnamed>","high-pssm","2","0/0","PlayerCam","10","59.2","1","0","1","1","9411.2","38409","0","1","0","38409","0","0","0","0","0.0029999999999999996"
"dx11_avtank_fourteam_fire_080_400_facing_iso-shadow","DX11","avtank","fourteam_fire","80","400","facing",".?AVSubEntity@Ogre@@","RenderableTileCluster_3x3_1x0","RenderableTileCluster_3x3_1x0","MN_DETAIL_ATLAS","<unnamed>","glow","0","0/0","PlayerCam","10","71.8","1","0","1","1","9408.2","38397","0","1","0","38397","0","0","0","0","0.0010000000000000002"
"dx11_avtank_fourteam_fire_080_400_facing_iso-shadow","DX11","avtank","fourteam_fire","80","400","facing",".?AVSubEntity@Ogre@@","RenderableTileCluster_3x3_1x0","RenderableTileCluster_3x3_1x0","MN_DETAIL_ATLAS","<unnamed>","high-pssm","2","0/0","PlayerCam","10","58.8","1","0","1","1","9411.2","38409","0","1","0","38409","0","0","0","0","0.0029999999999999996"
"dx11_avtank_fourteam_fire_080_400_facing_iso-shadow","DX11","avtank","fourteam_fire","80","400","facing",".?AVSubEntity@Ogre@@","RenderableTileCluster_3x3_1x1","RenderableTileCluster_3x3_1x1","MN_DETAIL_ATLAS","<unnamed>","glow","0","0/0","PlayerCam","10","70","1","0","1","1","9408.2","38397","0","1","0","38343.2","0","0","0","0","0.0010000000000000002"
"dx11_avtank_fourteam_fire_080_400_facing_iso-shadow","DX11","avtank","fourteam_fire","80","400","facing",".?AVSubEntity@Ogre@@","RenderableTileCluster_3x3_1x1","RenderableTileCluster_3x3_1x1","MN_DETAIL_ATLAS","<unnamed>","high-pssm","2","0/0","PlayerCam","10","59.6","1","0","1","1","9411.2","38409","0","1","0","38409","0","0","0","0","0.0029999999999999996"
"dx11_avtank_fourteam_fire_080_400_facing_iso-shadow","DX11","avtank","fourteam_fire","80","400","facing",".?AVSubEntity@Ogre@@","RenderableTileCluster_3x3_2x1","RenderableTileCluster_3x3_2x1","MN_DETAIL_ATLAS","<unnamed>","glow","0","0/0","PlayerCam","10","75.7","1","0","1","1","9408.2","38397","0","1","0","38397","0","0","0","0","0.0010000000000000002"
"dx11_avtank_fourteam_fire_080_400_facing_iso-shadow","DX11","avtank","fourteam_fire","80","400","facing",".?AVSubEntity@Ogre@@","RenderableTileCluster_3x3_2x1","RenderableTileCluster_3x3_2x1","MN_DETAIL_ATLAS","<unnamed>","high-pssm","2","0/0","PlayerCam","10","58.9","1","0","1","1","9411.2","38409","0","1","0","38381.5","0","0","0","0","0.0029999999999999996"
"dx11_avtank_fourteam_fire_080_400_facing_iso-shadow","DX11","avtank","fourteam_fire","80","400","facing",".?AVSubEntity@Ogre@@","Ogre/MO4","Sky","EARTHGOOD.MAP","<unnamed>","Default","0","0/0","PlayerCam","10","42.3","1","0","1","1","4","6","0","1","0","6","0","0","0","0","0.0071"
"dx11_avtank_fourteam_fire_080_400_facing_iso-shadow","DX11","avtank","fourteam_fire","80","400","facing",".?AVSubEntity@Ogre@@","RenderableTileCluster_2x3_3x0","RenderableTileCluster_2x3_3x0","MN_DETAIL_ATLAS","<unnamed>","high-pssm","2","0/0","PlayerCam","10","49.6","1","0","1","1","9410.8","38407.4","0","1","0","38407.4","0","0","0","0","0.004999999999999999"
"dx11_avtank_fourteam_fire_080_400_facing_iso-shadow","DX11","avtank","fourteam_fire","80","400","facing",".?AVSubEntity@Ogre@@","Ogre/MO4","Sky","MILKYWAY.MAP","<unnamed>","Default","0","0/0","PlayerCam","10","43.8","1","0","1","1","4","6","0","1","0","6","0","0","0","0","0.0071"
"dx11_avtank_fourteam_fire_080_400_facing_iso-shadow","DX11","avtank","fourteam_fire","80","400","facing",".?AVSubEntity@Ogre@@","RenderableTileCluster_2x3_2x1","RenderableTileCluster_2x3_2x1","MN_DETAIL_ATLAS","<unnamed>","high-pssm","2","0/0","PlayerCam","10","39.1","1","0","1","1","9411.2","38409","0","1","0","38409","0","0","0","0","0.007700000000000001"
"dx11_avtank_fourteam_fire_080_400_facing_iso-shadow","DX11","avtank","fourteam_fire","80","400","facing",".?AVSubEntity@Ogre@@","RenderableTileCluster_2x3_2x0","RenderableTileCluster_2x3_2x0","MN_DETAIL_ATLAS","<unnamed>","high-pssm","2","0/0","PlayerCam","10","35.9","1","0","1","1","9411.2","38409","0","1","0","38382.7","0","0","0","0","0.008200000000000002"
"dx11_avtank_fourteam_fire_080_400_facing_iso-shadow","DX11","avtank","fourteam_fire","80","400","facing",".?AVSubEntity@Ogre@@","RenderableTileCluster_2x2_2x3","RenderableTileCluster_2x2_2x3","MN_DETAIL_ATLAS","<unnamed>","glow","0","0/0","PlayerCam","10","74.4","1","0","1","1","9408.2","38397","0","1","0","38361.1","0","0","0","0","0.0010000000000000002"
"dx11_avtank_fourteam_fire_080_400_facing_iso-shadow","DX11","avtank","fourteam_fire","80","400","facing",".?AVSubEntity@Ogre@@","RenderableTileCluster_2x2_2x3","RenderableTileCluster_2x2_2x3","MN_DETAIL_ATLAS","<unnamed>","high-pssm","1","0/0","PlayerCam","10","32.4","1","0","1","1","9411.2","38409","0","1","0","38350.3","0","0","0","0","0.010599999999999998"
"dx11_avtank_fourteam_fire_080_400_facing_iso-shadow","DX11","avtank","fourteam_fire","80","400","facing",".?AVSubEntity@Ogre@@","RenderableTileCluster_2x2_3x2","RenderableTileCluster_2x2_3x2","MN_DETAIL_ATLAS","<unnamed>","glow","0","0/0","PlayerCam","10","54.8","1","0","1","1","9408.2","38397","0","1","0","38397","0","0","0","0","0.0011000000000000003"
"dx11_avtank_fourteam_fire_080_400_facing_iso-shadow","DX11","avtank","fourteam_fire","80","400","facing",".?AVSubEntity@Ogre@@","RenderableTileCluster_2x2_3x2","RenderableTileCluster_2x2_3x2","MN_DETAIL_ATLAS","<unnamed>","high-pssm","1","0/0","PlayerCam","10","40.8","1","0","1","1","9411.2","38409","0","1","0","38409","0","0","0","0","0.007300000000000001"
"dx11_avtank_fourteam_fire_080_400_facing_iso-shadow","DX11","avtank","fourteam_fire","80","400","facing",".?AVSubEntity@Ogre@@","RenderableTileCluster_2x2_3x3","RenderableTileCluster_2x2_3x3","MN_DETAIL_ATLAS","<unnamed>","glow","0","0/0","PlayerCam","10","77.8","1","0","1","1","9408.2","38397","0","1","0","38397","0","0","0","0","0.0010000000000000002"
"dx11_avtank_fourteam_fire_080_400_facing_iso-shadow","DX11","avtank","fourteam_fire","80","400","facing",".?AVSubEntity@Ogre@@","RenderableTileCluster_2x2_3x3","RenderableTileCluster_2x2_3x3","MN_DETAIL_ATLAS","<unnamed>","high-pssm","1","0/0","PlayerCam","10","46.3","1","0","1","1","9411.2","38409","0","1","0","38409","0","0","0","0","0.0052"
"dx11_avtank_fourteam_fire_080_400_facing_iso-shadow","DX11","avtank","fourteam_fire","80","400","facing",".?AVSubEntity@Ogre@@","RenderableTileCluster_2x3_0x0","RenderableTileCluster_2x3_0x0","MN_DETAIL_ATLAS","<unnamed>","glow","0","0/0","PlayerCam","10","74","1","0","1","1","9408.2","38397","0","1","0","38397","0","0","0","0","0.0010000000000000002"
"dx11_avtank_fourteam_fire_080_400_facing_iso-shadow","DX11","avtank","fourteam_fire","80","400","facing",".?AVSubEntity@Ogre@@","RenderableTileCluster_2x3_0x0","RenderableTileCluster_2x3_0x0","MN_DETAIL_ATLAS","<unnamed>","high-pssm","2","0/0","PlayerCam","10","52.6","1","0","1","1","9411.2","38409","0","1","0","38379.5","0","0","0","0","0.0039000000000000007"
"dx11_avtank_fourteam_fire_080_400_facing_iso-shadow","DX11","avtank","fourteam_fire","80","400","facing",".?AVSubEntity@Ogre@@","RenderableTileCluster_2x3_0x1","RenderableTileCluster_2x3_0x1","MN_DETAIL_ATLAS","<unnamed>","glow","0","0/0","PlayerCam","10","50","1","0","1","1","9408.2","38397","0","1","0","38358.2","0","0","0","0","0.0029999999999999996"
"dx11_avtank_fourteam_fire_080_400_facing_iso-shadow","DX11","avtank","fourteam_fire","80","400","facing",".?AVSubEntity@Ogre@@","RenderableTileCluster_2x3_0x1","RenderableTileCluster_2x3_0x1","MN_DETAIL_ATLAS","<unnamed>","high-pssm","2","0/0","PlayerCam","10","41.6","1","0","1","1","9411.2","38409","0","1","0","38409","0","0","0","0","0.008300000000000002"
"dx11_avtank_fourteam_fire_080_400_facing_iso-shadow","DX11","avtank","fourteam_fire","80","400","facing",".?AVSubEntity@Ogre@@","RenderableTileCluster_2x3_1x0","RenderableTileCluster_2x3_1x0","MN_DETAIL_ATLAS","<unnamed>","glow","0","0/0","PlayerCam","10","73.5","1","0","1","1","9408.2","38397","0","1","0","38397","0","0","0","0","0.0010000000000000002"
"dx11_avtank_fourteam_fire_080_400_facing_iso-shadow","DX11","avtank","fourteam_fire","80","400","facing",".?AVSubEntity@Ogre@@","RenderableTileCluster_2x3_1x0","RenderableTileCluster_2x3_1x0","MN_DETAIL_ATLAS","<unnamed>","high-pssm","2","0/0","PlayerCam","10","36.5","1","0","1","1","9411.2","38409","0","1","0","38379.5","0","0","0","0","0.008300000000000002"
"dx11_avtank_fourteam_fire_080_400_facing_iso-shadow","DX11","avtank","fourteam_fire","80","400","facing",".?AVSubEntity@Ogre@@","RenderableTileCluster_2x3_1x1","RenderableTileCluster_2x3_1x1","MN_DETAIL_ATLAS","<unnamed>","glow","0","0/0","PlayerCam","10","63.8","1","0","1","1","9408.2","38397","0","1","0","38367.5","0","0","0","0","0.0010000000000000002"
"dx11_avtank_fourteam_fire_080_400_facing_iso-shadow","DX11","avtank","fourteam_fire","80","400","facing",".?AVSubEntity@Ogre@@","RenderableTileCluster_2x3_1x1","RenderableTileCluster_2x3_1x1","MN_DETAIL_ATLAS","<unnamed>","high-pssm","2","0/0","PlayerCam","10","37.6","1","0","1","1","9411.2","38409","0","1","0","38409","0","0","0","0","0.008100000000000001"
"dx11_avtank_fourteam_fire_080_400_facing_iso-shadow","DX11","avtank","fourteam_fire","80","400","facing",".?AVSubEntity@Ogre@@","RenderableTileCluster_2x3_2x0","RenderableTileCluster_2x3_2x0","MN_DETAIL_ATLAS","<unnamed>","glow","0","0/0","PlayerCam","10","70.1","1","0","1","1","9408.2","38397","0","1","0","38397","0","0","0","0","0.0010000000000000002"
"dx11_avtank_fourteam_fire_080_400_facing_iso-shadow","DX11","avtank","fourteam_fire","80","400","facing",".?AVSubEntity@Ogre@@","RenderableTileCluster_2x3_2x1","RenderableTileCluster_2x3_2x1","MN_DETAIL_ATLAS","<unnamed>","glow","0","0/0","PlayerCam","10","77.5","1","0","1","1","9408.2","38397","0","1","0","38364.2","0","0","0","0","0.0010000000000000002"
"dx11_avtank_fourteam_fire_080_400_facing_iso-shadow","DX11","avtank","fourteam_fire","80","400","facing",".?AVSubEntity@Ogre@@","Ogre/MO4","Sky","STARS.MAP","<unnamed>","Default","0","0/0","PlayerCam","10","32.8","1","0","1","1","136","204.1","0","1","0","203.8","0","0","0","0","0.028300000000000002"
"dx11_avtank_fourteam_fire_080_400_facing_iso-glow-shadow","DX11","avtank","fourteam_fire","80","400","facing",".?AVDynamicGeometryBatch@@","<none>","<none>","bzfont","0","Default","0","0/0","PlayerCam","10","52.9","1","0","1","1","496","744","0","1","0","744","0","0","0","0","0.0010000000000000002"
"dx11_avtank_fourteam_fire_080_400_facing_iso-glow-shadow","DX11","avtank","fourteam_fire","80","400","facing",".?AVSubEntity@Ogre@@","RenderableTileCluster_3x3_1x1","RenderableTileCluster_3x3_1x1","MN_DETAIL_ATLAS","<unnamed>","high-pssm","2","0/0","PlayerCam","10","42.3","1","0","1","1","9418.1","38437.3","0","1","0","38437.3","0","0","0","0","0.0029999999999999996"
"dx11_avtank_fourteam_fire_080_400_facing_iso-glow-shadow","DX11","avtank","fourteam_fire","80","400","facing",".?AVSubEntity@Ogre@@","RenderableTileCluster_1x3_2x1","RenderableTileCluster_1x3_2x1","MN_DETAIL_ATLAS","<unnamed>","high-pssm","2","0/0","PlayerCam","10","42.5","1","0","1","1","9418.1","38437.3","0","1","0","38437.3","0","0","0","0","0.0029999999999999996"
"dx11_avtank_fourteam_fire_080_400_facing_iso-glow-shadow","DX11","avtank","fourteam_fire","80","400","facing",".?AVSubEntity@Ogre@@","RenderableTileCluster_2x3_1x1","RenderableTileCluster_2x3_1x1","MN_DETAIL_ATLAS","<unnamed>","high-pssm","2","0/0","PlayerCam","10","20.4","1","0","1","1","9418.1","38437.3","0","1","0","38437.3","0","0","0","0","0.0081"
"dx11_avtank_fourteam_fire_080_400_facing_iso-glow-shadow","DX11","avtank","fourteam_fire","80","400","facing",".?AVSubEntity@Ogre@@","RenderableTileCluster_2x3_1x0","RenderableTileCluster_2x3_1x0","MN_DETAIL_ATLAS","<unnamed>","high-pssm","2","0/0","PlayerCam","10","19.4","1","0","1","1","9418.1","38437.3","0","1","0","38437.3","0","0","0","0","0.008000000000000002"
"dx11_avtank_fourteam_fire_080_400_facing_iso-glow-shadow","DX11","avtank","fourteam_fire","80","400","facing",".?AVSubEntity@Ogre@@","RenderableTileCluster_2x3_0x1","RenderableTileCluster_2x3_0x1","MN_DETAIL_ATLAS","<unnamed>","high-pssm","2","0/0","PlayerCam","10","23.4","1","0","1","1","9418.1","38437.3","0","1","0","38365","0","0","0","0","0.0075000000000000015"
"dx11_avtank_fourteam_fire_080_400_facing_iso-glow-shadow","DX11","avtank","fourteam_fire","80","400","facing",".?AVSubEntity@Ogre@@","RenderableTileCluster_2x3_0x0","RenderableTileCluster_2x3_0x0","MN_DETAIL_ATLAS","<unnamed>","high-pssm","2","0/0","PlayerCam","10","36.5","1","0","1","1","9418.1","38437.3","0","1","0","38402.1","0","0","0","0","0.0037000000000000006"
"dx11_avtank_fourteam_fire_080_400_facing_iso-glow-shadow","DX11","avtank","fourteam_fire","80","400","facing",".?AVSubEntity@Ogre@@","RenderableTileCluster_1x3_3x0","RenderableTileCluster_1x3_3x0","MN_DETAIL_ATLAS","<unnamed>","high-pssm","2","0/0","PlayerCam","10","38.3","1","0","1","1","9418.1","38437.3","0","1","0","38408.2","0","0","0","0","0.0032"
"dx11_avtank_fourteam_fire_080_400_facing_iso-glow-shadow","DX11","avtank","fourteam_fire","80","400","facing",".?AVSubEntity@Ogre@@","RenderableTileCluster_2x2_3x3","RenderableTileCluster_2x2_3x3","MN_DETAIL_ATLAS","<unnamed>","high-pssm","1","0/0","PlayerCam","10","30.4","1","0","1","1","9418.1","38437.3","0","1","0","38437.3","0","0","0","0","0.0050999999999999995"
"dx11_avtank_fourteam_fire_080_400_facing_iso-glow-shadow","DX11","avtank","fourteam_fire","80","400","facing",".?AVSubEntity@Ogre@@","RenderableTileCluster_1x3_3x1","RenderableTileCluster_1x3_3x1","MN_DETAIL_ATLAS","<unnamed>","high-pssm","2","0/0","PlayerCam","10","46.5","1","0","1","1","9418.1","38437.3","0","1","0","38437.3","0","0","0","0","0.0029999999999999996"
"dx11_avtank_fourteam_fire_080_400_facing_iso-glow-shadow","DX11","avtank","fourteam_fire","80","400","facing",".?AVSubEntity@Ogre@@","RenderableTileCluster_2x2_0x2","RenderableTileCluster_2x2_0x2","MN_DETAIL_ATLAS","<unnamed>","high-pssm","1","0/0","PlayerCam","10","30.2","1","0","1","1","9418.1","38437.3","0","1","0","38437.3","0","0","0","0","0.0053"
"dx11_avtank_fourteam_fire_080_400_facing_iso-glow-shadow","DX11","avtank","fourteam_fire","80","400","facing",".?AVSubEntity@Ogre@@","RenderableTileCluster_2x2_3x2","RenderableTileCluster_2x2_3x2","MN_DETAIL_ATLAS","<unnamed>","high-pssm","1","0/0","PlayerCam","10","24.5","1","0","1","1","9418.1","38437.3","0","1","0","38339","0","0","0","0","0.007000000000000001"
"dx11_avtank_fourteam_fire_080_400_facing_iso-glow-shadow","DX11","avtank","fourteam_fire","80","400","facing",".?AVSubEntity@Ogre@@","RenderableTileCluster_2x2_0x3","RenderableTileCluster_2x2_0x3","MN_DETAIL_ATLAS","<unnamed>","high-pssm","1","0/0","PlayerCam","10","31.9","1","0","1","1","9418.1","38437.3","0","1","0","38437.3","0","0","0","0","0.004999999999999999"
"dx11_avtank_fourteam_fire_080_400_facing_iso-glow-shadow","DX11","avtank","fourteam_fire","80","400","facing",".?AVSubEntity@Ogre@@","RenderableTileCluster_2x2_2x3","RenderableTileCluster_2x2_2x3","MN_DETAIL_ATLAS","<unnamed>","high-pssm","1","0/0","PlayerCam","10","15.2","1","0","1","1","9418.1","38437.3","0","1","0","38437.3","0","0","0","0","0.010499999999999997"
"dx11_avtank_fourteam_fire_080_400_facing_iso-glow-shadow","DX11","avtank","fourteam_fire","80","400","facing",".?AVSubEntity@Ogre@@","RenderableTileCluster_2x2_1x1","RenderableTileCluster_2x2_1x1","MN_DETAIL_ATLAS","<unnamed>","high-pssm","0","0/0","PlayerCam","10","17","1","0","1","1","9418.1","38437.3","0","1","0","38411.5","0","0","0","0","0.0096"
"dx11_avtank_fourteam_fire_080_400_facing_iso-glow-shadow","DX11","avtank","fourteam_fire","80","400","facing",".?AVSubEntity@Ogre@@","RenderableTileCluster_2x2_2x2","RenderableTileCluster_2x2_2x2","MN_DETAIL_ATLAS","<unnamed>","high-pssm","0","0/0","PlayerCam","10","20","1","0","1","1","9418.1","38437.3","0","1","0","38413","0","0","0","0","0.0081"
"dx11_avtank_fourteam_fire_080_400_facing_iso-glow-shadow","DX11","avtank","fourteam_fire","80","400","facing",".?AVSubEntity@Ogre@@","RenderableTileCluster_2x2_1x2","RenderableTileCluster_2x2_1x2","MN_DETAIL_ATLAS","<unnamed>","high-pssm","0","0/0","PlayerCam","10","25.9","1","0","1","1","9418.1","38437.3","0","1","0","38437.3","0","0","0","0","0.0064"
"dx11_avtank_fourteam_fire_080_400_facing_iso-glow-shadow","DX11","avtank","fourteam_fire","80","400","facing",".?AVSubEntity@Ogre@@","RenderableTileCluster_1x3_2x0","RenderableTileCluster_1x3_2x0","MN_DETAIL_ATLAS","<unnamed>","high-pssm","2","0/0","PlayerCam","10","40.2","1","0","1","1","9418.1","38437.3","0","1","0","38406.6","0","0","0","0","0.0030999999999999995"
"dx11_avtank_fourteam_fire_080_400_facing_iso-glow-shadow","DX11","avtank","fourteam_fire","80","400","facing",".?AVSubEntity@Ogre@@","RenderableTileCluster_2x3_2x0","RenderableTileCluster_2x3_2x0","MN_DETAIL_ATLAS","<unnamed>","high-pssm","2","0/0","PlayerCam","10","18.6","1","0","1","1","9418.1","38437.3","0","1","0","38437.3","0","0","0","0","0.0081"
"dx11_avtank_fourteam_fire_080_400_facing_iso-glow-shadow","DX11","avtank","fourteam_fire","80","400","facing",".?AVSubEntity@Ogre@@","RenderableTileCluster_1x3_1x1","RenderableTileCluster_1x3_1x1","MN_DETAIL_ATLAS","<unnamed>","high-pssm","2","0/0","PlayerCam","10","46.6","1","0","1","1","9418.1","38437.3","0","1","0","38437.3","0","0","0","0","0.0028999999999999994"
"dx11_avtank_fourteam_fire_080_400_facing_iso-glow-shadow","DX11","avtank","fourteam_fire","80","400","facing",".?AVSubEntity@Ogre@@","RenderableTileCluster_2x3_2x1","RenderableTileCluster_2x3_2x1","MN_DETAIL_ATLAS","<unnamed>","high-pssm","2","0/0","PlayerCam","10","21.9","1","0","1","1","9418.1","38437.3","0","1","0","38437.3","0","0","0","0","0.0079"
"dx11_avtank_fourteam_fire_080_400_facing_iso-glow-shadow","DX11","avtank","fourteam_fire","80","400","facing",".?AVDynamicGeometryBatch@@","<none>","<none>","reticle1","0","Default","0","0/0","PlayerCam","10","52.1","1","0","1","1","4","6","0","1","0","6","0","0","0","0","0.0010000000000000002"
"dx11_avtank_fourteam_fire_080_400_facing_iso-glow-shadow","DX11","avtank","fourteam_fire","80","400","facing",".?AVDynamicGeometryBatch@@","<none>","<none>","sprite_a","0","Default","0","0/0","PlayerCam","10","49.8","1","0","1","1","4","6","0","1","0","6","0","0","0","0","0.0020000000000000005"
"dx11_avtank_fourteam_fire_080_400_facing_iso-glow-shadow","DX11","avtank","fourteam_fire","80","400","facing",".?AVSubEntity@Ogre@@","RenderableTileCluster_3x3_1x0","RenderableTileCluster_3x3_1x0","MN_DETAIL_ATLAS","<unnamed>","high-pssm","2","0/0","PlayerCam","10","44.8","1","0","1","1","9418.1","38437.3","0","1","0","38410.1","0","0","0","0","0.0029999999999999996"
"dx11_avtank_fourteam_fire_080_400_facing_iso-glow-shadow","DX11","avtank","fourteam_fire","80","400","facing",".?AVRectangle2D@Ogre@@","<none>","<none>","c4/Glow/Downsample","<unnamed>","Default","0","0/0","PlayerCam","10","29.5","1","0","1","1","4","0","1","0","4","0","0","0","0","0","0.0060999999999999995"
"dx11_avtank_fourteam_fire_080_400_facing_iso-glow-shadow","DX11","avtank","fourteam_fire","80","400","facing",".?AVRectangle2D@Ogre@@","<none>","<none>","c5/Glow/BlurV","<unnamed>","Default","0","0/0","PlayerCam","10","47.7","1","0","1","1","4","0","1","0","4","0","0","0","0","0","0.0022"
"dx11_avtank_fourteam_fire_080_400_facing_iso-glow-shadow","DX11","avtank","fourteam_fire","80","400","facing",".?AVRectangle2D@Ogre@@","<none>","<none>","c6/Glow/BlurH","<unnamed>","Default","0","0/0","PlayerCam","10","50.8","1","0","1","1","4","0","1","0","4","0","0","0","0","0","0.0020000000000000005"
"dx11_avtank_fourteam_fire_080_400_facing_iso-glow-shadow","DX11","avtank","fourteam_fire","80","400","facing",".?AVRectangle2D@Ogre@@","<none>","<none>","c7/Glow/Combine","<unnamed>","Default","0","0/0","PlayerCam","10","49.4","1","0","1","1","4","0","1","0","4","0","0","0","0","0","0.0020000000000000005"
"dx11_avtank_fourteam_fire_080_400_facing_iso-shadow","DX11","avtank","fourteam_fire","80","400","facing",".?AVSubEntity@Ogre@@","RenderableTileCluster_2x2_2x2","RenderableTileCluster_2x2_2x2","MN_DETAIL_ATLAS","<unnamed>","high-pssm","0","0/0","PlayerCam","10","40","1","0","1","1","9411.2","38409","0","1","0","38409","0","0","0","0","0.007300000000000001"
"dx11_avtank_fourteam_fire_080_400_facing","DX11","avtank","fourteam_fire","80","400","facing",".?AVSubEntity@Ogre@@","RenderableTileCluster_2x2_0x3","RenderableTileCluster_2x2_0x3","MN_DETAIL_ATLAS","<unnamed>","high-pssm","1","0/0","PlayerCam","10","46.7","1","0","1","1","9401.2","38368","0","1","0","38337","0","0","0","0","0.0050999999999999995"
"dx11_avtank_fourteam_fire_080_400_facing_iso-glow-shadow","DX11","avtank","fourteam_fire","80","400","facing",".?AVSubEntity@Ogre@@","Ogre/MO3","avtank.mesh","avtank00","<unnamed>","high-pssm","0","0/0","PlayerCam","10","28.5","1","0","1","1","7068.9","27701.9","0","1","0","27701.9","0","0","0","0","0.005999999999999999"
"dx11_avtank_fourteam_fire_080_400_facing_iso-glow-shadow","DX11","avtank","fourteam_fire","80","400","facing",".?AVSubEntity@Ogre@@","RenderableTileCluster_3x3_0x1","RenderableTileCluster_3x3_0x1","MN_DETAIL_ATLAS","<unnamed>","high-pssm","2","0/0","PlayerCam","10","42.2","1","0","1","1","9418.1","38437.3","0","1","0","38374.2","0","0","0","0","0.0029999999999999996"
"dx11_avtank_fourteam_fire_080_400_facing_iso-glow-shadow","DX11","avtank","fourteam_fire","80","400","facing",".?AVSubEntity@Ogre@@","RenderableTileCluster_3x3_0x0","RenderableTileCluster_3x3_0x0","MN_DETAIL_ATLAS","<unnamed>","high-pssm","2","0/0","PlayerCam","10","36.8","1","0","1","1","9418.1","38437.3","0","1","0","38411.5","0","0","0","0","0.0038000000000000004"
"dx11_avtank_fourteam_fire_080_400_facing_iso-glow-shadow","DX11","avtank","fourteam_fire","80","400","facing",".?AVSubEntity@Ogre@@","RenderableTileCluster_3x2_0x3","RenderableTileCluster_3x2_0x3","MN_DETAIL_ATLAS","<unnamed>","high-pssm","2","0/0","PlayerCam","10","36.8","1","0","1","1","9418.1","38437.3","0","1","0","38406.6","0","0","0","0","0.0038000000000000004"
"dx11_avtank_fourteam_fire_080_400_facing_iso-glow-shadow","DX11","avtank","fourteam_fire","80","400","facing",".?AVSubEntity@Ogre@@","RenderableTileCluster_2x3_3x1","RenderableTileCluster_2x3_3x1","MN_DETAIL_ATLAS","<unnamed>","high-pssm","2","0/0","PlayerCam","10","32.9","1","0","1","1","9418.1","38437.3","0","1","0","38437.3","0","0","0","0","0.004999999999999999"
"dx11_avtank_fourteam_fire_080_400_facing_iso-glow-shadow","DX11","avtank","fourteam_fire","80","400","facing",".?AVSubEntity@Ogre@@","RenderableTileCluster_2x3_3x0","RenderableTileCluster_2x3_3x0","MN_DETAIL_ATLAS","<unnamed>","high-pssm","2","0/0","PlayerCam","10","33.9","1","0","1","1","9418.1","38437.3","0","1","0","38437.3","0","0","0","0","0.004999999999999999"
"dx11_avtank_fourteam_fire_080_400_facing_iso-glow-shadow","DX11","avtank","fourteam_fire","80","400","facing",".?AVSubEntity@Ogre@@","RenderableTileCluster_1x2_3x3","RenderableTileCluster_1x2_3x3","MN_DETAIL_ATLAS","<unnamed>","high-pssm","2","0/0","PlayerCam","10","36.2","1","0","1","1","9418.1","38437.3","0","1","0","38437.3","0","0","0","0","0.0038000000000000004"
"dx11_avtank_fourteam_fire_080_400_facing_iso-glow-shadow","DX11","avtank","fourteam_fire","80","400","facing",".?AVSubEntity@Ogre@@","Ogre/MO3","avtank.mesh","avheadlight00","<unnamed>","high-pssm","0","0/0","PlayerCam","10","14","1","0","1","1","153.1","576.6","0","1","0","576.6","0","0","0","0","0.016300000000000002"
"dx11_avtank_fourteam_fire_080_400_facing_iso-shadow","DX11","avtank","fourteam_fire","80","400","facing",".?AVSubEntity@Ogre@@","RenderableTileCluster_2x2_2x2","RenderableTileCluster_2x2_2x2","MN_DETAIL_ATLAS","<unnamed>","glow","0","0/0","PlayerCam","10","78.7","1","0","1","1","9408.2","38397","0","1","0","38397","0","0","0","0","0.0010000000000000002"
"dx11_avtank_fourteam_fire_080_400_facing_iso-shadow","DX11","avtank","fourteam_fire","80","400","facing",".?AVSubEntity@Ogre@@","RenderableTileCluster_2x3_3x0","RenderableTileCluster_2x3_3x0","MN_DETAIL_ATLAS","<unnamed>","glow","0","0/0","PlayerCam","10","58.1","1","0","1","1","9408.2","38397","0","1","0","38397","0","0","0","0","0.0010000000000000002"
"dx11_avtank_fourteam_fire_080_400_facing_iso-shadow","DX11","avtank","fourteam_fire","80","400","facing",".?AVSubEntity@Ogre@@","RenderableTileCluster_2x2_1x3","RenderableTileCluster_2x2_1x3","MN_DETAIL_ATLAS","<unnamed>","glow","0","0/0","PlayerCam","10","68.8","1","0","1","1","9408.2","38397","0","1","0","38370.7","0","0","0","0","0.0010000000000000002"
"dx11_avtank_fourteam_fire_080_400_facing","DX11","avtank","fourteam_fire","80","400","facing",".?AVSubEntity@Ogre@@","RenderableTileCluster_2x3_1x1","RenderableTileCluster_2x3_1x1","MN_DETAIL_ATLAS","<unnamed>","high-pssm","2","0/0","PlayerCam","10","38.2","1","0","1","1","9401.2","38368","0","1","0","38368","0","0","0","0","0.008000000000000002"
"dx11_avtank_fourteam_fire_080_400_facing","DX11","avtank","fourteam_fire","80","400","facing",".?AVSubEntity@Ogre@@","RenderableTileCluster_2x3_2x0","RenderableTileCluster_2x3_2x0","MN_DETAIL_ATLAS","<unnamed>","glow","0","0/0","PlayerCam","10","71.9","1","0","1","1","9401.5","38369.3","0","1","0","38369.3","0","0","0","0","0.0010000000000000002"
"dx11_avtank_fourteam_fire_080_400_facing","DX11","avtank","fourteam_fire","80","400","facing",".?AVSubEntity@Ogre@@","RenderableTileCluster_2x3_2x0","RenderableTileCluster_2x3_2x0","MN_DETAIL_ATLAS","<unnamed>","high-pssm","2","0/0","PlayerCam","10","34.9","1","0","1","1","9401.2","38368","0","1","0","38338.7","0","0","0","0","0.008000000000000002"
"dx11_avtank_fourteam_fire_080_400_facing_iso-shadow","DX11","avtank","fourteam_fire","80","400","facing",".?AVSubEntity@Ogre@@","RenderableTileCluster_2x2_1x3","RenderableTileCluster_2x2_1x3","MN_DETAIL_ATLAS","<unnamed>","high-pssm","1","0/0","PlayerCam","10","32.9","1","0","1","1","9411.2","38409","0","1","0","38369","0","0","0","0","0.010199999999999999"
"dx11_avtank_fourteam_fire_080_400_facing","DX11","avtank","fourteam_fire","80","400","facing",".?AVSubEntity@Ogre@@","RenderableTileCluster_2x3_2x1","RenderableTileCluster_2x3_2x1","MN_DETAIL_ATLAS","<unnamed>","high-pssm","2","0/0","PlayerCam","10","39","1","0","1","1","9401.2","38368","0","1","0","38337","0","0","0","0","0.007700000000000001"
"dx11_avtank_fourteam_fire_080_400_facing","DX11","avtank","fourteam_fire","80","400","facing",".?AVSubEntity@Ogre@@","RenderableTileCluster_2x3_3x0","RenderableTileCluster_2x3_3x0","MN_DETAIL_ATLAS","<unnamed>","glow","0","0/0","PlayerCam","10","67","1","0","1","1","9401.5","38369.3","0","1","0","38328.9","0","0","0","0","0.0011000000000000003"
"dx11_avtank_fourteam_fire_080_400_facing","DX11","avtank","fourteam_fire","80","400","facing",".?AVSubEntity@Ogre@@","RenderableTileCluster_2x3_3x0","RenderableTileCluster_2x3_3x0","MN_DETAIL_ATLAS","<unnamed>","high-pssm","2","0/0","PlayerCam","10","49.6","1","0","1","1","9401.2","38368","0","1","0","38368","0","0","0","0","0.0042"
"dx11_avtank_fourteam_fire_080_400_facing","DX11","avtank","fourteam_fire","80","400","facing",".?AVSubEntity@Ogre@@","RenderableTileCluster_2x3_3x1","RenderableTileCluster_2x3_3x1","MN_DETAIL_ATLAS","<unnamed>","glow","0","0/0","PlayerCam","10","81.1","1","0","1","1","9401.5","38369.3","0","1","0","38369.3","0","0","0","0","0.0010000000000000002"
"dx11_avtank_fourteam_fire_080_400_facing","DX11","avtank","fourteam_fire","80","400","facing",".?AVSubEntity@Ogre@@","RenderableTileCluster_2x3_3x1","RenderableTileCluster_2x3_3x1","MN_DETAIL_ATLAS","<unnamed>","high-pssm","2","0/0","PlayerCam","10","48.5","1","0","1","1","9401.2","38368","0","1","0","38368","0","0","0","0","0.004999999999999999"
"dx11_avtank_fourteam_fire_080_400_facing","DX11","avtank","fourteam_fire","80","400","facing",".?AVSubEntity@Ogre@@","RenderableTileCluster_3x2_0x3","RenderableTileCluster_3x2_0x3","MN_DETAIL_ATLAS","<unnamed>","glow","0","0/0","PlayerCam","10","78.5","1","0","1","1","9401.5","38369.3","0","1","0","38330.9","0","0","0","0","0.0010000000000000002"
"dx11_avtank_fourteam_fire_080_400_facing","DX11","avtank","fourteam_fire","80","400","facing",".?AVSubEntity@Ogre@@","RenderableTileCluster_3x2_0x3","RenderableTileCluster_3x2_0x3","MN_DETAIL_ATLAS","<unnamed>","high-pssm","2","0/0","PlayerCam","10","52.6","1","0","1","1","9401.2","38368","0","1","0","38337","0","0","0","0","0.0039000000000000007"
"dx11_avtank_fourteam_fire_080_400_facing","DX11","avtank","fourteam_fire","80","400","facing",".?AVSubEntity@Ogre@@","RenderableTileCluster_3x3_0x0","RenderableTileCluster_3x3_0x0","MN_DETAIL_ATLAS","<unnamed>","glow","0","0/0","PlayerCam","10","75.3","1","0","1","1","9401.5","38369.3","0","1","0","38330.9","0","0","0","0","0.0010000000000000002"
"dx11_avtank_fourteam_fire_080_400_facing","DX11","avtank","fourteam_fire","80","400","facing",".?AVSubEntity@Ogre@@","RenderableTileCluster_3x3_0x0","RenderableTileCluster_3x3_0x0","MN_DETAIL_ATLAS","<unnamed>","high-pssm","2","0/0","PlayerCam","10","54","1","0","1","1","9401.2","38368","0","1","0","38368","0","0","0","0","0.0033"
"dx11_avtank_fourteam_fire_080_400_facing","DX11","avtank","fourteam_fire","80","400","facing",".?AVSubEntity@Ogre@@","RenderableTileCluster_3x3_0x1","RenderableTileCluster_3x3_0x1","MN_DETAIL_ATLAS","<unnamed>","glow","0","0/0","PlayerCam","10","80.6","1","0","1","1","9401.5","38369.3","0","1","0","38369.3","0","0","0","0","0.0010000000000000002"
"dx11_avtank_fourteam_fire_080_400_facing","DX11","avtank","fourteam_fire","80","400","facing",".?AVSubEntity@Ogre@@","RenderableTileCluster_3x3_0x1","RenderableTileCluster_3x3_0x1","MN_DETAIL_ATLAS","<unnamed>","high-pssm","2","0/0","PlayerCam","10","58.4","1","0","1","1","9401.2","38368","0","1","0","38368","0","0","0","0","0.0029999999999999996"
"dx11_avtank_fourteam_fire_080_400_facing","DX11","avtank","fourteam_fire","80","400","facing",".?AVSubEntity@Ogre@@","RenderableTileCluster_2x3_1x1","RenderableTileCluster_2x3_1x1","MN_DETAIL_ATLAS","<unnamed>","glow","0","0/0","PlayerCam","10","69.7","1","0","1","1","9401.5","38369.3","0","1","0","38338.3","0","0","0","0","0.0010000000000000002"
"dx11_avtank_fourteam_fire_080_400_facing","DX11","avtank","fourteam_fire","80","400","facing",".?AVSubEntity@Ogre@@","RenderableTileCluster_2x3_1x0","RenderableTileCluster_2x3_1x0","MN_DETAIL_ATLAS","<unnamed>","high-pssm","2","0/0","PlayerCam","10","35.6","1","0","1","1","9401.2","38368","0","1","0","38368","0","0","0","0","0.008000000000000002"
"dx11_avtank_fourteam_fire_080_400_facing","DX11","avtank","fourteam_fire","80","400","facing",".?AVSubEntity@Ogre@@","RenderableTileCluster_2x3_1x0","RenderableTileCluster_2x3_1x0","MN_DETAIL_ATLAS","<unnamed>","glow","0","0/0","PlayerCam","10","71.6","1","0","1","1","9401.5","38369.3","0","1","0","38369.3","0","0","0","0","0.0010000000000000002"
"dx11_avtank_fourteam_fire_080_400_facing","DX11","avtank","fourteam_fire","80","400","facing",".?AVSubEntity@Ogre@@","RenderableTileCluster_2x3_0x1","RenderableTileCluster_2x3_0x1","MN_DETAIL_ATLAS","<unnamed>","high-pssm","2","0/0","PlayerCam","10","39.2","1","0","1","1","9401.2","38368","0","1","0","38368","0","0","0","0","0.007600000000000001"
"dx11_avtank_fourteam_fire_080_400_facing","DX11","avtank","fourteam_fire","80","400","facing",".?AVSubEntity@Ogre@@","RenderableTileCluster_2x2_1x1","RenderableTileCluster_2x2_1x1","MN_DETAIL_ATLAS","<unnamed>","high-pssm","0","0/0","PlayerCam","10","32.8","1","0","1","1","9401.2","38368","0","1","0","38332.1","0","0","0","0","0.010099999999999998"
"dx11_avtank_fourteam_fire_080_400_facing","DX11","avtank","fourteam_fire","80","400","facing",".?AVSubEntity@Ogre@@","RenderableTileCluster_2x2_1x2","RenderableTileCluster_2x2_1x2","MN_DETAIL_ATLAS","<unnamed>","glow","0","0/0","PlayerCam","10","80.2","1","0","1","1","9401.5","38369.3","0","1","0","38369.3","0","0","0","0","0.0010000000000000002"
"dx11_avtank_fourteam_fire_080_400_facing","DX11","avtank","fourteam_fire","80","400","facing",".?AVSubEntity@Ogre@@","RenderableTileCluster_2x2_1x2","RenderableTileCluster_2x2_1x2","MN_DETAIL_ATLAS","<unnamed>","high-pssm","0","0/0","PlayerCam","10","42.6","1","0","1","1","9401.2","38368","0","1","0","38368","0","0","0","0","0.006499999999999999"
"dx11_avtank_fourteam_fire_080_400_facing","DX11","avtank","fourteam_fire","80","400","facing",".?AVSubEntity@Ogre@@","RenderableTileCluster_2x2_1x3","RenderableTileCluster_2x2_1x3","MN_DETAIL_ATLAS","<unnamed>","glow","0","0/0","PlayerCam","10","87","1","0","1","1","9401.5","38369.3","0","1","0","38369.3","0","0","0","0","0.0010000000000000002"
"dx11_avtank_fourteam_fire_080_400_facing","DX11","avtank","fourteam_fire","80","400","facing",".?AVSubEntity@Ogre@@","RenderableTileCluster_2x2_1x3","RenderableTileCluster_2x2_1x3","MN_DETAIL_ATLAS","<unnamed>","high-pssm","1","0/0","PlayerCam","10","31.2","1","0","1","1","9401.2","38368","0","1","0","38368","0","0","0","0","0.010899999999999996"
"dx11_avtank_fourteam_fire_080_400_facing","DX11","avtank","fourteam_fire","80","400","facing",".?AVSubEntity@Ogre@@","RenderableTileCluster_2x2_2x2","RenderableTileCluster_2x2_2x2","MN_DETAIL_ATLAS","<unnamed>","glow","0","0/0","PlayerCam","10","87.5","1","0","1","1","9401.5","38369.3","0","1","0","38369.3","0","0","0","0","0.0010000000000000002"
"dx11_avtank_fourteam_fire_080_400_facing","DX11","avtank","fourteam_fire","80","400","facing",".?AVSubEntity@Ogre@@","RenderableTileCluster_2x2_2x2","RenderableTileCluster_2x2_2x2","MN_DETAIL_ATLAS","<unnamed>","high-pssm","0","0/0","PlayerCam","10","35.5","1","0","1","1","9401.2","38368","0","1","0","38368","0","0","0","0","0.008200000000000002"
"dx11_avtank_fourteam_fire_080_400_facing","DX11","avtank","fourteam_fire","80","400","facing",".?AVSubEntity@Ogre@@","RenderableTileCluster_3x3_1x0","RenderableTileCluster_3x3_1x0","MN_DETAIL_ATLAS","<unnamed>","glow","0","0/0","PlayerCam","10","74.8","1","0","1","1","9401.5","38369.3","0","1","0","38369.3","0","0","0","0","0.0011000000000000003"
"dx11_avtank_fourteam_fire_080_400_facing","DX11","avtank","fourteam_fire","80","400","facing",".?AVSubEntity@Ogre@@","RenderableTileCluster_2x2_2x3","RenderableTileCluster_2x2_2x3","MN_DETAIL_ATLAS","<unnamed>","glow","0","0/0","PlayerCam","10","79.8","1","0","1","1","9401.5","38369.3","0","1","0","38369.3","0","0","0","0","0.0010000000000000002"
"dx11_avtank_fourteam_fire_080_400_facing","DX11","avtank","fourteam_fire","80","400","facing",".?AVSubEntity@Ogre@@","RenderableTileCluster_2x2_3x2","RenderableTileCluster_2x2_3x2","MN_DETAIL_ATLAS","<unnamed>","glow","0","0/0","PlayerCam","10","62","1","0","1","1","9401.5","38369.3","0","1","0","38369.3","0","0","0","0","0.0013000000000000002"
"dx11_avtank_fourteam_fire_080_400_facing","DX11","avtank","fourteam_fire","80","400","facing",".?AVSubEntity@Ogre@@","RenderableTileCluster_2x2_3x2","RenderableTileCluster_2x2_3x2","MN_DETAIL_ATLAS","<unnamed>","high-pssm","1","0/0","PlayerCam","10","36","1","0","1","1","9401.2","38368","0","1","0","38252.4","0","0","0","0","0.008100000000000001"
"dx11_avtank_fourteam_fire_080_400_facing","DX11","avtank","fourteam_fire","80","400","facing",".?AVSubEntity@Ogre@@","RenderableTileCluster_2x2_3x3","RenderableTileCluster_2x2_3x3","MN_DETAIL_ATLAS","<unnamed>","glow","0","0/0","PlayerCam","10","86.4","1","0","1","1","9401.5","38369.3","0","1","0","38369.3","0","0","0","0","0.0010000000000000002"
"dx11_avtank_fourteam_fire_080_400_facing","DX11","avtank","fourteam_fire","80","400","facing",".?AVSubEntity@Ogre@@","RenderableTileCluster_2x2_3x3","RenderableTileCluster_2x2_3x3","MN_DETAIL_ATLAS","<unnamed>","high-pssm","1","0/0","PlayerCam","10","44.6","1","0","1","1","9401.2","38368","0","1","0","38337","0","0","0","0","0.0056999999999999985"
"dx11_avtank_fourteam_fire_080_400_facing","DX11","avtank","fourteam_fire","80","400","facing",".?AVSubEntity@Ogre@@","RenderableTileCluster_2x3_0x0","RenderableTileCluster_2x3_0x0","MN_DETAIL_ATLAS","<unnamed>","glow","0","0/0","PlayerCam","10","74.7","1","0","1","1","9401.5","38369.3","0","1","0","38369.3","0","0","0","0","0.0010000000000000002"
"dx11_avtank_fourteam_fire_080_400_facing","DX11","avtank","fourteam_fire","80","400","facing",".?AVSubEntity@Ogre@@","RenderableTileCluster_2x3_0x0","RenderableTileCluster_2x3_0x0","MN_DETAIL_ATLAS","<unnamed>","high-pssm","2","0/0","PlayerCam","10","52.7","1","0","1","1","9401.2","38368","0","1","0","38307.7","0","0","0","0","0.0038000000000000004"
"dx11_avtank_fourteam_fire_080_400_facing","DX11","avtank","fourteam_fire","80","400","facing",".?AVSubEntity@Ogre@@","RenderableTileCluster_2x3_0x1","RenderableTileCluster_2x3_0x1","MN_DETAIL_ATLAS","<unnamed>","glow","0","0/0","PlayerCam","10","53.4","1","0","1","1","9401.5","38369.3","0","1","0","38369.3","0","0","0","0","0.0030999999999999995"
"dx11_avtank_fourteam_fire_080_400_facing","DX11","avtank","fourteam_fire","80","400","facing",".?AVSubEntity@Ogre@@","RenderableTileCluster_2x2_2x3","RenderableTileCluster_2x2_2x3","MN_DETAIL_ATLAS","<unnamed>","high-pssm","1","0/0","PlayerCam","10","31.4","1","0","1","1","9401.2","38368","0","1","0","38302.4","0","0","0","0","0.010899999999999996"
"dx11_avtank_fourteam_fire_080_400_facing","DX11","avtank","fourteam_fire","80","400","facing",".?AVSubEntity@Ogre@@","RenderableTileCluster_3x3_1x0","RenderableTileCluster_3x3_1x0","MN_DETAIL_ATLAS","<unnamed>","high-pssm","2","0/0","PlayerCam","10","60.1","1","0","1","1","9401.2","38368","0","1","0","38368","0","0","0","0","0.0029999999999999996"
"dx11_avtank_fourteam_fire_080_400_facing","DX11","avtank","fourteam_fire","80","400","facing",".?AVSubEntity@Ogre@@","RenderableTileCluster_2x3_2x1","RenderableTileCluster_2x3_2x1","MN_DETAIL_ATLAS","<unnamed>","glow","0","0/0","PlayerCam","10","88.3","1","0","1","1","9401.5","38369.3","0","1","0","38330.9","0","0","0","0","0.0010000000000000002"
"dx11_avtank_fourteam_fire_080_400_facing_iso-shadow","DX11","avtank","fourteam_fire","80","400","facing",".?AVSubEntity@Ogre@@","RenderableTileCluster_1x3_2x1","RenderableTileCluster_1x3_2x1","MN_DETAIL_ATLAS","<unnamed>","glow","0","0/0","PlayerCam","10","62.6","1","0","1","1","9408.2","38397","0","1","0","38397","0","0","0","0","0.0010000000000000002"
"dx11_avtank_fourteam_fire_080_400_facing_iso-shadow","DX11","avtank","fourteam_fire","80","400","facing",".?AVSubEntity@Ogre@@","RenderableTileCluster_1x2_3x3","RenderableTileCluster_1x2_3x3","MN_DETAIL_ATLAS","<unnamed>","high-pssm","2","0/0","PlayerCam","10","51.5","1","0","1","1","9411.2","38409","0","1","0","38368.1","0","0","0","0","0.004000000000000001"
"dx11_avtank_fourteam_fire_080_400_facing_iso-shadow","DX11","avtank","fourteam_fire","80","400","facing",".?AVSubEntity@Ogre@@","RenderableTileCluster_1x3_1x1","RenderableTileCluster_1x3_1x1","MN_DETAIL_ATLAS","<unnamed>","glow","0","0/0","PlayerCam","10","60.7","1","0","1","1","9408.2","38397","0","1","0","38356.1","0","0","0","0","0.0010000000000000002"
"dx11_avtank_fourteam_fire_080_400_facing_iso-shadow","DX11","avtank","fourteam_fire","80","400","facing",".?AVSubEntity@Ogre@@","RenderableTileCluster_1x3_1x1","RenderableTileCluster_1x3_1x1","MN_DETAIL_ATLAS","<unnamed>","high-pssm","2","0/0","PlayerCam","10","62.2","1","0","1","1","9411.2","38409","0","1","0","38409","0","0","0","0","0.0029999999999999996"
"dx11_avtank_fourteam_fire_080_400_facing_iso-shadow","DX11","avtank","fourteam_fire","80","400","facing",".?AVSubEntity@Ogre@@","RenderableTileCluster_1x3_2x0","RenderableTileCluster_1x3_2x0","MN_DETAIL_ATLAS","<unnamed>","glow","0","0/0","PlayerCam","10","61.3","1","0","1","1","9408.2","38397","0","1","0","38370.7","0","0","0","0","0.0010000000000000002"
"dx11_avtank_fourteam_fire_080_400_facing_iso-shadow","DX11","avtank","fourteam_fire","80","400","facing",".?AVSubEntity@Ogre@@","RenderableTileCluster_1x3_2x0","RenderableTileCluster_1x3_2x0","MN_DETAIL_ATLAS","<unnamed>","high-pssm","2","0/0","PlayerCam","10","56.1","1","0","1","1","9411.2","38409","0","1","0","38368.1","0","0","0","0","0.0029999999999999996"
"dx11_avtank_fourteam_fire_080_400_facing","DX11","avtank","fourteam_fire","80","400","facing",".?AVSubEntity@Ogre@@","RenderableTileCluster_3x3_1x1","RenderableTileCluster_3x3_1x1","MN_DETAIL_ATLAS","<unnamed>","glow","0","0/0","PlayerCam","10","85.1","1","0","1","1","9401.5","38369.3","0","1","0","38336.5","0","0","0","0","0.0010000000000000002"
"dx11_avtank_fourteam_fire_080_400_facing_iso-shadow","DX11","avtank","fourteam_fire","80","400","facing",".?AVSubEntity@Ogre@@","RenderableTileCluster_1x3_2x1","RenderableTileCluster_1x3_2x1","MN_DETAIL_ATLAS","<unnamed>","high-pssm","2","0/0","PlayerCam","10","56.5","1","0","1","1","9411.2","38409","0","1","0","38409","0","0","0","0","0.0030999999999999995"
"dx11_avtank_fourteam_fire_080_400_facing_iso-shadow","DX11","avtank","fourteam_fire","80","400","facing",".?AVSubEntity@Ogre@@","RenderableTileCluster_1x3_3x0","RenderableTileCluster_1x3_3x0","MN_DETAIL_ATLAS","<unnamed>","glow","0","0/0","PlayerCam","10","70.7","1","0","1","1","9408.2","38397","0","1","0","38397","0","0","0","0","0.0010000000000000002"
"dx11_avtank_fourteam_fire_080_400_facing_iso-shadow","DX11","avtank","fourteam_fire","80","400","facing",".?AVSubEntity@Ogre@@","RenderableTileCluster_1x3_3x0","RenderableTileCluster_1x3_3x0","MN_DETAIL_ATLAS","<unnamed>","high-pssm","2","0/0","PlayerCam","10","54.5","1","0","1","1","9411.2","38409","0","1","0","38370.2","0","0","0","0","0.0030999999999999995"
"dx11_avtank_fourteam_fire_080_400_facing_iso-shadow","DX11","avtank","fourteam_fire","80","400","facing",".?AVSubEntity@Ogre@@","RenderableTileCluster_1x3_3x1","RenderableTileCluster_1x3_3x1","MN_DETAIL_ATLAS","<unnamed>","glow","0","0/0","PlayerCam","10","80.7","1","0","1","1","9408.2","38397","0","1","0","38397","0","0","0","0","0.0010000000000000002"
"dx11_avtank_fourteam_fire_080_400_facing_iso-shadow","DX11","avtank","fourteam_fire","80","400","facing",".?AVSubEntity@Ogre@@","RenderableTileCluster_1x3_3x1","RenderableTileCluster_1x3_3x1","MN_DETAIL_ATLAS","<unnamed>","high-pssm","2","0/0","PlayerCam","10","63.5","1","0","1","1","9411.2","38409","0","1","0","38409","0","0","0","0","0.0024000000000000002"
"dx11_avtank_fourteam_fire_080_400_facing_iso-shadow","DX11","avtank","fourteam_fire","80","400","facing",".?AVSubEntity@Ogre@@","RenderableTileCluster_2x2_0x2","RenderableTileCluster_2x2_0x2","MN_DETAIL_ATLAS","<unnamed>","glow","0","0/0","PlayerCam","10","65.7","1","0","1","1","9408.2","38397","0","1","0","38397","0","0","0","0","0.0010000000000000002"
"dx11_avtank_fourteam_fire_080_400_facing_iso-shadow","DX11","avtank","fourteam_fire","80","400","facing",".?AVSubEntity@Ogre@@","RenderableTileCluster_2x2_0x2","RenderableTileCluster_2x2_0x2","MN_DETAIL_ATLAS","<unnamed>","high-pssm","1","0/0","PlayerCam","10","45.9","1","0","1","1","9411.2","38409","0","1","0","38409","0","0","0","0","0.0052"
"dx11_avtank_fourteam_fire_080_400_facing_iso-shadow","DX11","avtank","fourteam_fire","80","400","facing",".?AVSubEntity@Ogre@@","RenderableTileCluster_2x2_0x3","RenderableTileCluster_2x2_0x3","MN_DETAIL_ATLAS","<unnamed>","glow","0","0/0","PlayerCam","10","68.7","1","0","1","1","9408.2","38397","0","1","0","38369.5","0","0","0","0","0.0010000000000000002"
"dx11_avtank_fourteam_fire_080_400_facing_iso-shadow","DX11","avtank","fourteam_fire","80","400","facing",".?AVSubEntity@Ogre@@","RenderableTileCluster_2x2_0x3","RenderableTileCluster_2x2_0x3","MN_DETAIL_ATLAS","<unnamed>","high-pssm","1","0/0","PlayerCam","10","47.2","1","0","1","1","9411.2","38409","0","1","0","38409","0","0","0","0","0.0052"
"dx11_avtank_fourteam_fire_080_400_facing_iso-shadow","DX11","avtank","fourteam_fire","80","400","facing",".?AVSubEntity@Ogre@@","RenderableTileCluster_2x2_1x1","RenderableTileCluster_2x2_1x1","MN_DETAIL_ATLAS","<unnamed>","glow","0","0/0","PlayerCam","10","72","1","0","1","1","9408.2","38397","0","1","0","38397","0","0","0","0","0.0010000000000000002"
"dx11_avtank_fourteam_fire_080_400_facing_iso-shadow","DX11","avtank","fourteam_fire","80","400","facing",".?AVSubEntity@Ogre@@","RenderableTileCluster_2x2_1x1","RenderableTileCluster_2x2_1x1","MN_DETAIL_ATLAS","<unnamed>","high-pssm","0","0/0","PlayerCam","10","34","1","0","1","1","9411.2","38409","0","1","0","38350.3","0","0","0","0","0.009199999999999998"
"dx11_avtank_fourteam_fire_080_400_facing_iso-shadow","DX11","avtank","fourteam_fire","80","400","facing",".?AVSubEntity@Ogre@@","RenderableTileCluster_2x2_1x2","RenderableTileCluster_2x2_1x2","MN_DETAIL_ATLAS","<unnamed>","glow","0","0/0","PlayerCam","10","73.7","1","0","1","1","9408.2","38397","0","1","0","38397","0","0","0","0","0.0010000000000000002"
"dx11_avtank_fourteam_fire_080_400_facing_iso-shadow","DX11","avtank","fourteam_fire","80","400","facing",".?AVSubEntity@Ogre@@","RenderableTileCluster_2x2_1x2","RenderableTileCluster_2x2_1x2","MN_DETAIL_ATLAS","<unnamed>","high-pssm","0","0/0","PlayerCam","10","44","1","0","1","1","9411.2","38409","0","1","0","38335","0","0","0","0","0.006199999999999999"
"dx11_avtank_fourteam_fire_080_400_facing_iso-shadow","DX11","avtank","fourteam_fire","80","400","facing",".?AVSubEntity@Ogre@@","RenderableTileCluster_1x2_3x3","RenderableTileCluster_1x2_3x3","MN_DETAIL_ATLAS","<unnamed>","glow","0","0/0","PlayerCam","10","63.6","1","0","1","1","9408.2","38397","0","1","0","38397","0","0","0","0","0.0010000000000000002"
"dx11_avtank_fourteam_fire_080_400_facing_iso-glow-shadow","DX11","avtank","fourteam_fire","80","400","facing",".?AVSubEntity@Ogre@@","RenderableTileCluster_3x3_2x1","RenderableTileCluster_3x3_2x1","MN_DETAIL_ATLAS","<unnamed>","high-pssm","2","0/0","PlayerCam","10","42.3","1","0","1","1","9418.1","38437.3","0","1","0","38437.3","0","0","0","0","0.0029999999999999996"
"dx11_avtank_fourteam_fire_080_400_facing_iso-glow-shadow","DX11","avtank","fourteam_fire","80","400","facing",".?AVSubEntity@Ogre@@","RenderableTileCluster_2x2_1x3","RenderableTileCluster_2x2_1x3","MN_DETAIL_ATLAS","<unnamed>","high-pssm","1","0/0","PlayerCam","10","15.8","1","0","1","1","9418.1","38437.3","0","1","0","38413","0","0","0","0","0.010199999999999999"
"dx11_avtank_fourteam_fire_080_400_facing_iso-shadow","DX11","avtank","fourteam_fire","80","400","facing",".?AVRectangle2D@Ogre@@","<none>","<none>","c5/Glow/BlurV","<unnamed>","Default","0","0/0","PlayerCam","10","53.7","1","0","1","1","4","0","1","0","4","0","0","0","0","0","0.0023"
"dx11_avtank_fourteam_fire_080_400_facing_iso-shadow","DX11","avtank","fourteam_fire","80","400","facing",".?AVSubEntity@Ogre@@","Ogre/MO3","avtank.mesh","avheadlight00","<unnamed>","high-pssm","0","0/0","PlayerCam","10","33.8","1","0","1","1","153.1","576.1","0","1","0","576.1","0","0","0","0","0.017000000000000005"
"dx11_avtank_fourteam_fire_080_400_facing_iso-shadow","DX11","avtank","fourteam_fire","80","400","facing",".?AVRectangle2D@Ogre@@","<none>","<none>","c6/Glow/BlurH","<unnamed>","Default","0","0/0","PlayerCam","10","55.9","1","0","1","1","4","0","1","0","4","0","0","0","0","0","0.0020000000000000005"
"dx11_avtank_fourteam_fire_080_400_facing","DX11","avtank","fourteam_fire","80","400","facing",".?AVSubEntity@Ogre@@","RenderableTileCluster_3x3_2x1","RenderableTileCluster_3x3_2x1","MN_DETAIL_ATLAS","<unnamed>","high-pssm","2","0/0","PlayerCam","10","57.8","1","0","1","1","9401.2","38368","0","1","0","38368","0","0","0","0","0.0029999999999999996"
"dx11_avtank_fourteam_fire_080_400_facing_iso-shadow","DX11","avtank","fourteam_fire","80","400","facing",".?AVSubEntity@Ogre@@","Ogre/MO3","avtank.mesh","avtank00","<unnamed>","high-pssm","0","0/0","PlayerCam","10","45","1","0","1","1","7063.4","27680.2","0","1","0","27680.2","0","0","0","0","0.005899999999999999"
"dx11_avtank_fourteam_fire_080_400_facing_iso-glow-shadow","DX11","avtank","fourteam_fire","80","400","facing",".?AVSubEntity@Ogre@@","Ogre/MO4","Sky","EARTHGOOD.MAP","<unnamed>","Default","0","0/0","PlayerCam","10","25.6","1","0","1","1","4","6","0","1","0","6","0","0","0","0","0.007000000000000001"
"dx11_avtank_fourteam_fire_080_400_facing","DX11","avtank","fourteam_fire","80","400","facing",".?AVSubEntity@Ogre@@","Ogre/MO4","Sky","MILKYWAY.MAP","<unnamed>","Default","0","0/0","PlayerCam","10","42.1","1","0","1","1","4","6","0","1","0","6","0","0","0","0","0.005999999999999999"
"dx11_avtank_fourteam_fire_080_400_facing","DX11","avtank","fourteam_fire","80","400","facing",".?AVSubEntity@Ogre@@","Ogre/MO4","Sky","EARTHGOOD.MAP","<unnamed>","Default","0","0/0","PlayerCam","10","43.5","1","0","1","1","4","6","0","1","0","6","0","0","0","0","0.005899999999999999"
"dx11_avtank_fourteam_fire_080_400_facing","DX11","avtank","fourteam_fire","80","400","facing",".?AVSubEntity@Ogre@@","Ogre/MO4","Sky","STARS.MAP","<unnamed>","Default","0","0/0","PlayerCam","10","35.8","1","0","1","1","135.9","203.8","0","1","0","203.7","0","0","0","0","0.020399999999999995"
"dx11_avtank_fourteam_fire_080_400_facing_iso-shadow","DX11","avtank","fourteam_fire","80","400","facing",".?AVRectangle2D@Ogre@@","<none>","<none>","c7/Glow/Combine","<unnamed>","Default","0","0/0","PlayerCam","10","55.3","1","0","1","1","4","0","1","0","4","0","0","0","0","0","0.0020000000000000005"
"dx11_avtank_fourteam_fire_080_400_facing","DX11","avtank","fourteam_fire","80","400","facing",".?AVSubEntity@Ogre@@","RenderableTileCluster_3x3_1x1","RenderableTileCluster_3x3_1x1","MN_DETAIL_ATLAS","<unnamed>","high-pssm","2","0/0","PlayerCam","10","58.8","1","0","1","1","9401.2","38368","0","1","0","38273.3","0","0","0","0","0.0030999999999999995"
"dx11_avtank_fourteam_fire_080_400_facing_iso-shadow","DX11","avtank","fourteam_fire","80","400","facing",".?AVRectangle2D@Ogre@@","<none>","<none>","c4/Glow/Downsample","<unnamed>","Default","0","0/0","PlayerCam","10","46.3","1","0","1","1","4","0","1","0","4","0","0","0","0","0","0.004100000000000001"
"dx11_avtank_fourteam_fire_080_400_facing","DX11","avtank","fourteam_fire","80","400","facing",".?AVSubEntity@Ogre@@","RenderableTileCluster_3x3_2x1","RenderableTileCluster_3x3_2x1","MN_DETAIL_ATLAS","<unnamed>","glow","0","0/0","PlayerCam","10","78.5","1","0","1","1","9401.5","38369.3","0","1","0","38369.3","0","0","0","0","0.0010000000000000002"
"dx11_avtank_fourteam_fire_080_400_facing_iso-glow-shadow","DX11","avtank","fourteam_fire","80","400","facing",".?AVSubEntity@Ogre@@","RenderableTileCluster_2x2_3x3","RenderableTileCluster_2x2_3x3","MN_DETAIL_ATLAS","<unnamed>","glow","0","0/0","PlayerCam","10","90.2","1","0","1","0","0","0","0","0","0","0","0","0","0","0","0"
"dx11_avtank_fourteam_fire_080_400_facing_iso-glow","DX11","avtank","fourteam_fire","80","400","facing",".?AVSubEntity@Ogre@@","RenderableTileCluster_2x2_1x1","RenderableTileCluster_2x2_1x1","MN_DETAIL_ATLAS","<unnamed>","glow","0","0/0","PlayerCam","10","77.7","1","0","1","0","0","0","0","0","0","0","0","0","0","0","0"
"dx11_avtank_fourteam_fire_080_400_facing_iso-glow","DX11","avtank","fourteam_fire","80","400","facing",".?AVSubEntity@Ogre@@","RenderableTileCluster_2x2_0x2","RenderableTileCluster_2x2_0x2","MN_DETAIL_ATLAS","<unnamed>","glow","0","0/0","PlayerCam","10","67","1","0","1","0","0","0","0","0","0","0","0","0","0","0","0"
"dx11_avtank_fourteam_fire_080_400_facing_iso-glow-shadow","DX11","avtank","fourteam_fire","80","400","facing",".?AVSubEntity@Ogre@@","RenderableTileCluster_2x3_0x0","RenderableTileCluster_2x3_0x0","MN_DETAIL_ATLAS","<unnamed>","glow","0","0/0","PlayerCam","10","76","1","0","1","0","0","0","0","0","0","0","0","0","0","0","0"
"dx11_avtank_fourteam_fire_080_400_facing_iso-glow","DX11","avtank","fourteam_fire","80","400","facing",".?AVSubEntity@Ogre@@","RenderableTileCluster_2x2_0x3","RenderableTileCluster_2x2_0x3","MN_DETAIL_ATLAS","<unnamed>","glow","0","0/0","PlayerCam","10","78","1","0","1","0","0","0","0","0","0","0","0","0","0","0","0"
"dx11_avtank_fourteam_fire_080_400_facing_iso-glow-shadow","DX11","avtank","fourteam_fire","80","400","facing",".?AVSubEntity@Ogre@@","RenderableTileCluster_2x2_3x2","RenderableTileCluster_2x2_3x2","MN_DETAIL_ATLAS","<unnamed>","glow","0","0/0","PlayerCam","10","81.6","1","0","1","0","0","0","0","0","0","0","0","0","0","0","0"
"dx11_avtank_fourteam_fire_080_400_facing_iso-glow","DX11","avtank","fourteam_fire","80","400","facing",".?AVSubEntity@Ogre@@","RenderableTileCluster_2x2_1x3","RenderableTileCluster_2x2_1x3","MN_DETAIL_ATLAS","<unnamed>","glow","0","0/0","PlayerCam","10","70.1","1","0","1","0","0","0","0","0","0","0","0","0","0","0","0"
"dx11_avtank_fourteam_fire_080_400_facing_iso-glow-shadow","DX11","avtank","fourteam_fire","80","400","facing",".?AVSubEntity@Ogre@@","RenderableTileCluster_3x3_1x1","RenderableTileCluster_3x3_1x1","MN_DETAIL_ATLAS","<unnamed>","glow","0","0/0","PlayerCam","10","84.2","1","0","1","0","0","0","0","0","0","0","0","0","0","0","0"
"dx11_avtank_fourteam_fire_080_400_facing_iso-glow","DX11","avtank","fourteam_fire","80","400","facing",".?AVSubEntity@Ogre@@","RenderableTileCluster_2x2_2x2","RenderableTileCluster_2x2_2x2","MN_DETAIL_ATLAS","<unnamed>","glow","0","0/0","PlayerCam","10","83.2","1","0","1","0","0","0","0","0","0","0","0","0","0","0","0"
"dx11_avtank_fourteam_fire_080_400_facing_iso-glow-shadow","DX11","avtank","fourteam_fire","80","400","facing",".?AVSubEntity@Ogre@@","RenderableTileCluster_2x2_2x3","RenderableTileCluster_2x2_2x3","MN_DETAIL_ATLAS","<unnamed>","glow","0","0/0","PlayerCam","10","77","1","0","1","0","0","0","0","0","0","0","0","0","0","0","0"
"dx11_avtank_fourteam_fire_080_400_facing_iso-glow","DX11","avtank","fourteam_fire","80","400","facing",".?AVSubEntity@Ogre@@","RenderableTileCluster_2x2_2x3","RenderableTileCluster_2x2_2x3","MN_DETAIL_ATLAS","<unnamed>","glow","0","0/0","PlayerCam","10","80","1","0","1","0","0","0","0","0","0","0","0","0","0","0","0"
"dx11_avtank_fourteam_fire_080_400_facing_iso-glow","DX11","avtank","fourteam_fire","80","400","facing",".?AVSubEntity@Ogre@@","Ogre/MO3","avtank.mesh","avheadlight00","<unnamed>","glow","0","0/0","PlayerCam","10","58.1","80.99","0","80.99","0","0","0","0","0","0","0","0","0","0","0","0"
"dx11_avtank_fourteam_fire_080_400_facing_iso-glow","DX11","avtank","fourteam_fire","80","400","facing",".?AVSubEntity@Ogre@@","RenderableTileCluster_2x2_3x2","RenderableTileCluster_2x2_3x2","MN_DETAIL_ATLAS","<unnamed>","glow","0","0/0","PlayerCam","10","94","1","0","1","0","0","0","0","0","0","0","0","0","0","0","0"
"dx11_avtank_fourteam_fire_080_400_facing_iso-glow-shadow","DX11","avtank","fourteam_fire","80","400","facing",".?AVSubEntity@Ogre@@","RenderableTileCluster_2x2_2x2","RenderableTileCluster_2x2_2x2","MN_DETAIL_ATLAS","<unnamed>","glow","0","0/0","PlayerCam","10","67.2","1","0","1","0","0","0","0","0","0","0","0","0","0","0","0"
"dx11_avtank_fourteam_fire_080_400_facing_iso-glow","DX11","avtank","fourteam_fire","80","400","facing",".?AVSubEntity@Ogre@@","RenderableTileCluster_2x2_1x2","RenderableTileCluster_2x2_1x2","MN_DETAIL_ATLAS","<unnamed>","glow","0","0/0","PlayerCam","10","71.1","1","0","1","0","0","0","0","0","0","0","0","0","0","0","0"
"dx11_avtank_fourteam_fire_080_400_facing_iso-glow","DX11","avtank","fourteam_fire","80","400","facing",".?AVSubEntity@Ogre@@","Ogre/MO3","avtank.mesh","avtank00","<unnamed>","glow","0","0/0","PlayerCam","10","58.9","80.99","0","80.99","0","0","0","0","0","0","0","0","0","0","0","0"
"dx11_avtank_fourteam_fire_080_400_facing_iso-glow","DX11","avtank","fourteam_fire","80","400","facing",".?AVSubEntity@Ogre@@","RenderableTileCluster_1x3_3x0","RenderableTileCluster_1x3_3x0","MN_DETAIL_ATLAS","<unnamed>","glow","0","0/0","PlayerCam","10","75.6","1","0","1","0","0","0","0","0","0","0","0","0","0","0","0"
"dx11_avtank_fourteam_fire_080_400_facing_iso-glow-shadow","DX11","avtank","fourteam_fire","80","400","facing",".?AVSubEntity@Ogre@@","RenderableTileCluster_3x2_0x3","RenderableTileCluster_3x2_0x3","MN_DETAIL_ATLAS","<unnamed>","glow","0","0/0","PlayerCam","10","72","1","0","1","0","0","0","0","0","0","0","0","0","0","0","0"
"dx11_avtank_fourteam_fire_080_400_facing_iso-glow","DX11","avtank","fourteam_fire","80","400","facing",".?AVDynamicGeometryBatch@@","<none>","<none>","ground.tga","glow","glow","0","0/0","PlayerCam","10","62.3","4.25","0","4.25","0","0","0","0","0","0","0","0","0","0","0","0"
"dx11_avtank_fourteam_fire_080_400_facing_iso-glow-shadow","DX11","avtank","fourteam_fire","80","400","facing",".?AVSubEntity@Ogre@@","RenderableTileCluster_2x3_3x1","RenderableTileCluster_2x3_3x1","MN_DETAIL_ATLAS","<unnamed>","glow","0","0/0","PlayerCam","10","90.4","1","0","1","0","0","0","0","0","0","0","0","0","0","0","0"
"dx11_avtank_fourteam_fire_080_400_facing_iso-glow","DX11","avtank","fourteam_fire","80","400","facing",".?AVDynamicGeometryBatch@@","<none>","<none>","grndchar.tga","glow","glow","0","0/0","PlayerCam","10","61.4","4.459999999999999","0","4.459999999999999","0","0","0","0","0","0","0","0","0","0","0","0"
"dx11_avtank_fourteam_fire_080_400_facing_iso-glow","DX11","avtank","fourteam_fire","80","400","facing",".?AVDynamicGeometryBatch@@","<none>","<none>","smoke.tga","glow","glow","0","0/0","PlayerCam","10","65","3.6","0","3.6","0","0","0","0","0","0","0","0","0","0","0","0"
"dx11_avtank_fourteam_fire_080_400_facing_iso-glow-shadow","DX11","avtank","fourteam_fire","80","400","facing",".?AVSubEntity@Ogre@@","RenderableTileCluster_3x3_0x0","RenderableTileCluster_3x3_0x0","MN_DETAIL_ATLAS","<unnamed>","glow","0","0/0","PlayerCam","10","94","1","0","1","0","0","0","0","0","0","0","0","0","0","0","0"
"dx11_avtank_fourteam_fire_080_400_facing_iso-glow","DX11","avtank","fourteam_fire","80","400","facing",".?AVDynamicGeometryBatch@@","<none>","<none>","flame2.tga","glow","glow","0","0/0","PlayerCam","10","63.3","4.14","0","4.14","0","0","0","0","0","0","0","0","0","0","0","0"
"dx11_avtank_fourteam_fire_080_400_facing_iso-glow-shadow","DX11","avtank","fourteam_fire","80","400","facing",".?AVSubEntity@Ogre@@","RenderableTileCluster_2x3_3x0","RenderableTileCluster_2x3_3x0","MN_DETAIL_ATLAS","<unnamed>","glow","0","0/0","PlayerCam","10","69.2","1","0","1","0","0","0","0","0","0","0","0","0","0","0","0"
"dx11_avtank_fourteam_fire_080_400_facing_iso-glow","DX11","avtank","fourteam_fire","80","400","facing",".?AVSubEntity@Ogre@@","RenderableTileCluster_2x2_3x3","RenderableTileCluster_2x2_3x3","MN_DETAIL_ATLAS","<unnamed>","glow","0","0/0","PlayerCam","10","79","1","0","1","0","0","0","0","0","0","0","0","0","0","0","0"
"dx11_avtank_fourteam_fire_080_400_facing_iso-glow-shadow","DX11","avtank","fourteam_fire","80","400","facing",".?AVSubEntity@Ogre@@","RenderableTileCluster_2x3_2x1","RenderableTileCluster_2x3_2x1","MN_DETAIL_ATLAS","<unnamed>","glow","0","0/0","PlayerCam","10","68.2","1","0","1","0","0","0","0","0","0","0","0","0","0","0","0"
"dx11_avtank_fourteam_fire_080_400_facing_iso-glow-shadow","DX11","avtank","fourteam_fire","80","400","facing",".?AVSubEntity@Ogre@@","RenderableTileCluster_3x3_0x1","RenderableTileCluster_3x3_0x1","MN_DETAIL_ATLAS","<unnamed>","glow","0","0/0","PlayerCam","10","73","1","0","1","0","0","0","0","0","0","0","0","0","0","0","0"
"dx11_avtank_fourteam_fire_080_400_facing_iso-glow-shadow","DX11","avtank","fourteam_fire","80","400","facing",".?AVSubEntity@Ogre@@","RenderableTileCluster_2x3_2x0","RenderableTileCluster_2x3_2x0","MN_DETAIL_ATLAS","<unnamed>","glow","0","0/0","PlayerCam","10","83.6","1","0","1","0","0","0","0","0","0","0","0","0","0","0","0"
"dx11_avtank_fourteam_fire_080_400_facing_iso-glow","DX11","avtank","fourteam_fire","80","400","facing",".?AVDynamicGeometryBatch@@","<none>","<none>","vsmoke.tga","glow","glow","0","0/0","PlayerCam","10","63","4.23","0","4.23","0","0","0","0","0","0","0","0","0","0","0","0"
"dx11_avtank_fourteam_fire_080_400_facing_iso-glow","DX11","avtank","fourteam_fire","80","400","facing",".?AVSubEntity@Ogre@@","Ogre/MO271","gatst00.mesh","ordnanceRed","<unnamed>","glow","0","0/0","PlayerCam","10","57","178.51000000000002","0","178.51000000000002","0","0","0","0","0","0","0","0","0","0","0","0"
"dx11_avtank_fourteam_fire_080_400_facing_iso-glow-shadow","DX11","avtank","fourteam_fire","80","400","facing",".?AVSubEntity@Ogre@@","RenderableTileCluster_2x3_1x1","RenderableTileCluster_2x3_1x1","MN_DETAIL_ATLAS","<unnamed>","glow","0","0/0","PlayerCam","10","88.8","1","0","1","0","0","0","0","0","0","0","0","0","0","0","0"
"dx11_avtank_fourteam_fire_080_400_facing_iso-glow","DX11","avtank","fourteam_fire","80","400","facing",".?AVSubEntity@Ogre@@","RenderableTileCluster_1x2_3x3","RenderableTileCluster_1x2_3x3","MN_DETAIL_ATLAS","<unnamed>","glow","0","0/0","PlayerCam","10","68.4","1","0","1","0","0","0","0","0","0","0","0","0","0","0","0"
"dx11_avtank_fourteam_fire_080_400_facing_iso-glow-shadow","DX11","avtank","fourteam_fire","80","400","facing",".?AVSubEntity@Ogre@@","RenderableTileCluster_3x3_1x0","RenderableTileCluster_3x3_1x0","MN_DETAIL_ATLAS","<unnamed>","glow","0","0/0","PlayerCam","10","75.4","1","0","1","0","0","0","0","0","0","0","0","0","0","0","0"
"dx11_avtank_fourteam_fire_080_400_facing_iso-glow","DX11","avtank","fourteam_fire","80","400","facing",".?AVSubEntity@Ogre@@","RenderableTileCluster_1x3_1x1","RenderableTileCluster_1x3_1x1","MN_DETAIL_ATLAS","<unnamed>","glow","0","0/0","PlayerCam","10","71.3","1","0","1","0","0","0","0","0","0","0","0","0","0","0","0"
"dx11_avtank_fourteam_fire_080_400_facing_iso-glow-shadow","DX11","avtank","fourteam_fire","80","400","facing",".?AVSubEntity@Ogre@@","RenderableTileCluster_2x3_1x0","RenderableTileCluster_2x3_1x0","MN_DETAIL_ATLAS","<unnamed>","glow","0","0/0","PlayerCam","10","79","1","0","1","0","0","0","0","0","0","0","0","0","0","0","0"
"dx11_avtank_fourteam_fire_080_400_facing_iso-glow","DX11","avtank","fourteam_fire","80","400","facing",".?AVSubEntity@Ogre@@","RenderableTileCluster_1x3_2x0","RenderableTileCluster_1x3_2x0","MN_DETAIL_ATLAS","<unnamed>","glow","0","0/0","PlayerCam","10","86.6","1","0","1","0","0","0","0","0","0","0","0","0","0","0","0"
"dx11_avtank_fourteam_fire_080_400_facing_iso-glow","DX11","avtank","fourteam_fire","80","400","facing",".?AVSubEntity@Ogre@@","RenderableTileCluster_1x3_2x1","RenderableTileCluster_1x3_2x1","MN_DETAIL_ATLAS","<unnamed>","glow","0","0/0","PlayerCam","10","81.3","1","0","1","0","0","0","0","0","0","0","0","0","0","0","0"
"dx11_avtank_fourteam_fire_080_400_facing_iso-glow-shadow","DX11","avtank","fourteam_fire","80","400","facing",".?AVSubEntity@Ogre@@","RenderableTileCluster_2x3_0x1","RenderableTileCluster_2x3_0x1","MN_DETAIL_ATLAS","<unnamed>","glow","0","0/0","PlayerCam","10","80.1","1","0","1","0","0","0","0","0","0","0","0","0","0","0","0"
"dx11_avtank_fourteam_fire_080_400_facing_iso-glow","DX11","avtank","fourteam_fire","80","400","facing",".?AVSubEntity@Ogre@@","RenderableTileCluster_1x3_3x1","RenderableTileCluster_1x3_3x1","MN_DETAIL_ATLAS","<unnamed>","glow","0","0/0","PlayerCam","10","87","1","0","1","0","0","0","0","0","0","0","0","0","0","0","0"
"dx11_avtank_fourteam_fire_080_400_facing_iso-glow-shadow","DX11","avtank","fourteam_fire","80","400","facing",".?AVSubEntity@Ogre@@","RenderableTileCluster_3x3_2x1","RenderableTileCluster_3x3_2x1","MN_DETAIL_ATLAS","<unnamed>","glow","0","0/0","PlayerCam","10","85.4","1","0","1","0","0","0","0","0","0","0","0","0","0","0","0"
"dx11_avtank_fourteam_fire_080_400_facing_iso-glow-shadow","DX11","avtank","fourteam_fire","80","400","facing",".?AVSubEntity@Ogre@@","Ogre/MO3","avtank.mesh","avheadlight00","<unnamed>","glow","0","0/0","PlayerCam","10","59","81","0","81","0","0","0","0","0","0","0","0","0","0","0","0"
"dx11_avtank_fourteam_fire_080_400_facing_iso-glow-shadow","DX11","avtank","fourteam_fire","80","400","facing",".?AVSubEntity@Ogre@@","RenderableTileCluster_2x2_1x3","RenderableTileCluster_2x2_1x3","MN_DETAIL_ATLAS","<unnamed>","glow","0","0/0","PlayerCam","10","78","1","0","1","0","0","0","0","0","0","0","0","0","0","0","0"
"dx11_avtank_fourteam_fire_080_400_facing_iso-glow","DX11","avtank","fourteam_fire","80","400","facing",".?AVSubEntity@Ogre@@","RenderableTileCluster_2x3_0x0","RenderableTileCluster_2x3_0x0","MN_DETAIL_ATLAS","<unnamed>","glow","0","0/0","PlayerCam","10","91.6","1","0","1","0","0","0","0","0","0","0","0","0","0","0","0"
"dx11_avtank_fourteam_fire_080_400_facing_iso-glow-shadow","DX11","avtank","fourteam_fire","80","400","facing",".?AVSubEntity@Ogre@@","RenderableTileCluster_1x3_2x1","RenderableTileCluster_1x3_2x1","MN_DETAIL_ATLAS","<unnamed>","glow","0","0/0","PlayerCam","10","89","1","0","1","0","0","0","0","0","0","0","0","0","0","0","0"
"dx11_avtank_fourteam_fire_080_400_facing_iso-glow-shadow","DX11","avtank","fourteam_fire","80","400","facing",".?AVSubEntity@Ogre@@","RenderableTileCluster_1x3_2x0","RenderableTileCluster_1x3_2x0","MN_DETAIL_ATLAS","<unnamed>","glow","0","0/0","PlayerCam","10","81.7","1","0","1","0","0","0","0","0","0","0","0","0","0","0","0"
"dx11_avtank_fourteam_fire_080_400_facing_iso-glow-shadow","DX11","avtank","fourteam_fire","80","400","facing",".?AVSubEntity@Ogre@@","RenderableTileCluster_1x3_1x1","RenderableTileCluster_1x3_1x1","MN_DETAIL_ATLAS","<unnamed>","glow","0","0/0","PlayerCam","10","66.2","1","0","1","0","0","0","0","0","0","0","0","0","0","0","0"
"dx11_avtank_fourteam_fire_080_400_facing_iso-glow-shadow","DX11","avtank","fourteam_fire","80","400","facing",".?AVSubEntity@Ogre@@","RenderableTileCluster_1x2_3x3","RenderableTileCluster_1x2_3x3","MN_DETAIL_ATLAS","<unnamed>","glow","0","0/0","PlayerCam","10","85.2","1","0","1","0","0","0","0","0","0","0","0","0","0","0","0"
"dx11_avtank_fourteam_fire_080_400_facing_iso-glow-shadow","DX11","avtank","fourteam_fire","80","400","facing",".?AVSubEntity@Ogre@@","Ogre/MO271","gatst00.mesh","ordnanceRed","<unnamed>","glow","0","0/0","PlayerCam","10","57","178.49999999999997","0","178.49999999999997","0","0","0","0","0","0","0","0","0","0","0","0"
"dx11_avtank_fourteam_fire_080_400_facing_iso-glow-shadow","DX11","avtank","fourteam_fire","80","400","facing",".?AVSubEntity@Ogre@@","Ogre/MO1","avtank.mesh","Ogre/DepthShadowmap/Caster/Float","<unnamed>","Default","0","0/0","Ogre/ShadowTexture2Cam","10","54.2","0","243.23000000000002","243.23000000000002","0","0","0","0","0","0","0","0","0","0","0","0"
"dx11_avtank_fourteam_fire_080_400_facing_iso-glow-shadow","DX11","avtank","fourteam_fire","80","400","facing",".?AVSubEntity@Ogre@@","Ogre/MO1","avtank.mesh","Ogre/DepthShadowmap/Caster/Float","<unnamed>","Default","0","0/0","Ogre/ShadowTexture1Cam","10","54.8","0","243.23000000000002","243.23000000000002","0","0","0","0","0","0","0","0","0","0","0","0"
"dx11_avtank_fourteam_fire_080_400_facing_iso-glow-shadow","DX11","avtank","fourteam_fire","80","400","facing",".?AVSubEntity@Ogre@@","Ogre/MO1","avtank.mesh","Ogre/DepthShadowmap/Caster/Float","<unnamed>","Default","0","0/0","Ogre/ShadowTexture0Cam","10","56","0","243.23000000000002","243.23000000000002","0","0","0","0","0","0","0","0","0","0","0","0"
"dx11_avtank_fourteam_fire_080_400_facing_iso-glow-shadow","DX11","avtank","fourteam_fire","80","400","facing",".?AVSubEntity@Ogre@@","Ogre/MO3","avtank.mesh","avtank01","<unnamed>","glow","0","0/0","PlayerCam","10","60","81","0","81","0","0","0","0","0","0","0","0","0","0","0","0"
"dx11_avtank_fourteam_fire_080_400_facing_iso-glow-shadow","DX11","avtank","fourteam_fire","80","400","facing",".?AVSubEntity@Ogre@@","Ogre/MO3","avtank.mesh","avtank00","<unnamed>","glow","0","0/0","PlayerCam","10","58","81","0","81","0","0","0","0","0","0","0","0","0","0","0","0"
"dx11_avtank_fourteam_fire_080_400_facing_iso-glow-shadow","DX11","avtank","fourteam_fire","80","400","facing",".?AVDynamicGeometryBatch@@","<none>","<none>","vsmoke.tga","glow","glow","0","0/0","PlayerCam","10","62.8","4.21","0","4.21","0","0","0","0","0","0","0","0","0","0","0","0"
"dx11_avtank_fourteam_fire_080_400_facing_iso-glow-shadow","DX11","avtank","fourteam_fire","80","400","facing",".?AVDynamicGeometryBatch@@","<none>","<none>","smoke.tga","glow","glow","0","0/0","PlayerCam","10","65","3.6","0","3.6","0","0","0","0","0","0","0","0","0","0","0","0"
"dx11_avtank_fourteam_fire_080_400_facing_iso-glow-shadow","DX11","avtank","fourteam_fire","80","400","facing",".?AVDynamicGeometryBatch@@","<none>","<none>","ground.tga","glow","glow","0","0/0","PlayerCam","10","62.4","4.26","0","4.26","0","0","0","0","0","0","0","0","0","0","0","0"
"dx11_avtank_fourteam_fire_080_400_facing_iso-glow-shadow","DX11","avtank","fourteam_fire","80","400","facing",".?AVDynamicGeometryBatch@@","<none>","<none>","grndchar.tga","glow","glow","0","0/0","PlayerCam","10","61.4","4.47","0","4.47","0","0","0","0","0","0","0","0","0","0","0","0"
"dx11_avtank_fourteam_fire_080_400_facing_iso-glow-shadow","DX11","avtank","fourteam_fire","80","400","facing",".?AVDynamicGeometryBatch@@","<none>","<none>","flame2.tga","glow","glow","0","0/0","PlayerCam","10","63.4","4.17","0","4.17","0","0","0","0","0","0","0","0","0","0","0","0"
"dx11_avtank_fourteam_fire_080_400_facing_iso-shadow","DX11","avtank","fourteam_fire","80","400","facing",".?AVSubEntity@Ogre@@","Ogre/MO1","avtank.mesh","Ogre/DepthShadowmap/Caster/Float","<unnamed>","Default","0","0/0","Ogre/ShadowTexture2Cam","10","92.3","0","243.05","243.05","0","0","0","0","0","0","0","0","0","0","0","0"
"dx11_avtank_fourteam_fire_080_400_facing_iso-shadow","DX11","avtank","fourteam_fire","80","400","facing",".?AVSubEntity@Ogre@@","Ogre/MO1","avtank.mesh","Ogre/DepthShadowmap/Caster/Float","<unnamed>","Default","0","0/0","Ogre/ShadowTexture1Cam","10","93.3","0","243.05","243.05","0","0","0","0","0","0","0","0","0","0","0","0"
"dx11_avtank_fourteam_fire_080_400_facing_iso-shadow","DX11","avtank","fourteam_fire","80","400","facing",".?AVSubEntity@Ogre@@","Ogre/MO1","avtank.mesh","Ogre/DepthShadowmap/Caster/Float","<unnamed>","Default","0","0/0","Ogre/ShadowTexture0Cam","10","93.4","0","243.05","243.05","0","0","0","0","0","0","0","0","0","0","0","0"
"dx11_avtank_fourteam_fire_080_400_facing_iso-glow","DX11","avtank","fourteam_fire","80","400","facing",".?AVSubEntity@Ogre@@","RenderableTileCluster_3x3_2x1","RenderableTileCluster_3x3_2x1","MN_DETAIL_ATLAS","<unnamed>","glow","0","0/0","PlayerCam","10","71.6","1","0","1","0","0","0","0","0","0","0","0","0","0","0","0"
"dx11_avtank_fourteam_fire_080_400_facing_iso-glow-shadow","DX11","avtank","fourteam_fire","80","400","facing",".?AVSubEntity@Ogre@@","RenderableTileCluster_1x3_3x0","RenderableTileCluster_1x3_3x0","MN_DETAIL_ATLAS","<unnamed>","glow","0","0/0","PlayerCam","10","87.8","1","0","1","0","0","0","0","0","0","0","0","0","0","0","0"
"dx11_avtank_fourteam_fire_080_400_facing_iso-glow","DX11","avtank","fourteam_fire","80","400","facing",".?AVSubEntity@Ogre@@","Ogre/MO3","avtank.mesh","avtank01","<unnamed>","glow","0","0/0","PlayerCam","10","60","80.99","0","80.99","0","0","0","0","0","0","0","0","0","0","0","0"
"dx11_avtank_fourteam_fire_080_400_facing_iso-glow","DX11","avtank","fourteam_fire","80","400","facing",".?AVSubEntity@Ogre@@","RenderableTileCluster_2x3_2x0","RenderableTileCluster_2x3_2x0","MN_DETAIL_ATLAS","<unnamed>","glow","0","0/0","PlayerCam","10","81.2","1","0","1","0","0","0","0","0","0","0","0","0","0","0","0"
"dx11_avtank_fourteam_fire_080_400_facing_iso-glow-shadow","DX11","avtank","fourteam_fire","80","400","facing",".?AVSubEntity@Ogre@@","RenderableTileCluster_2x2_0x3","RenderableTileCluster_2x2_0x3","MN_DETAIL_ATLAS","<unnamed>","glow","0","0/0","PlayerCam","10","74","1","0","1","0","0","0","0","0","0","0","0","0","0","0","0"
"dx11_avtank_fourteam_fire_080_400_facing_iso-glow","DX11","avtank","fourteam_fire","80","400","facing",".?AVSubEntity@Ogre@@","RenderableTileCluster_2x3_3x0","RenderableTileCluster_2x3_3x0","MN_DETAIL_ATLAS","<unnamed>","glow","0","0/0","PlayerCam","10","75.1","1","0","1","0","0","0","0","0","0","0","0","0","0","0","0"
"dx11_avtank_fourteam_fire_080_400_facing_iso-glow-shadow","DX11","avtank","fourteam_fire","80","400","facing",".?AVSubEntity@Ogre@@","RenderableTileCluster_2x2_0x2","RenderableTileCluster_2x2_0x2","MN_DETAIL_ATLAS","<unnamed>","glow","0","0/0","PlayerCam","10","86.8","1","0","1","0","0","0","0","0","0","0","0","0","0","0","0"
"dx11_avtank_fourteam_fire_080_400_facing_iso-glow","DX11","avtank","fourteam_fire","80","400","facing",".?AVSubEntity@Ogre@@","RenderableTileCluster_3x3_0x0","RenderableTileCluster_3x3_0x0","MN_DETAIL_ATLAS","<unnamed>","glow","0","0/0","PlayerCam","10","77.8","1","0","1","0","0","0","0","0","0","0","0","0","0","0","0"
"dx11_avtank_fourteam_fire_080_400_facing_iso-glow","DX11","avtank","fourteam_fire","80","400","facing",".?AVSubEntity@Ogre@@","RenderableTileCluster_3x3_0x1","RenderableTileCluster_3x3_0x1","MN_DETAIL_ATLAS","<unnamed>","glow","0","0/0","PlayerCam","10","88.8","1","0","1","0","0","0","0","0","0","0","0","0","0","0","0"
"dx11_avtank_fourteam_fire_080_400_facing_iso-glow-shadow","DX11","avtank","fourteam_fire","80","400","facing",".?AVSubEntity@Ogre@@","RenderableTileCluster_1x3_3x1","RenderableTileCluster_1x3_3x1","MN_DETAIL_ATLAS","<unnamed>","glow","0","0/0","PlayerCam","10","70.2","1","0","1","0","0","0","0","0","0","0","0","0","0","0","0"
"dx11_avtank_fourteam_fire_080_400_facing_iso-glow","DX11","avtank","fourteam_fire","80","400","facing",".?AVSubEntity@Ogre@@","RenderableTileCluster_2x3_2x1","RenderableTileCluster_2x3_2x1","MN_DETAIL_ATLAS","<unnamed>","glow","0","0/0","PlayerCam","10","84","1","0","1","0","0","0","0","0","0","0","0","0","0","0","0"
"dx11_avtank_fourteam_fire_080_400_facing_iso-glow-shadow","DX11","avtank","fourteam_fire","80","400","facing",".?AVSubEntity@Ogre@@","RenderableTileCluster_2x2_1x1","RenderableTileCluster_2x2_1x1","MN_DETAIL_ATLAS","<unnamed>","glow","0","0/0","PlayerCam","10","75","1","0","1","0","0","0","0","0","0","0","0","0","0","0","0"
"dx11_avtank_fourteam_fire_080_400_facing_iso-glow","DX11","avtank","fourteam_fire","80","400","facing",".?AVSubEntity@Ogre@@","RenderableTileCluster_2x3_3x1","RenderableTileCluster_2x3_3x1","MN_DETAIL_ATLAS","<unnamed>","glow","0","0/0","PlayerCam","10","68","1","0","1","0","0","0","0","0","0","0","0","0","0","0","0"
"dx11_avtank_fourteam_fire_080_400_facing_iso-glow","DX11","avtank","fourteam_fire","80","400","facing",".?AVSubEntity@Ogre@@","RenderableTileCluster_3x2_0x3","RenderableTileCluster_3x2_0x3","MN_DETAIL_ATLAS","<unnamed>","glow","0","0/0","PlayerCam","10","88.2","1","0","1","0","0","0","0","0","0","0","0","0","0","0","0"
"dx11_avtank_fourteam_fire_080_400_facing_iso-glow","DX11","avtank","fourteam_fire","80","400","facing",".?AVSubEntity@Ogre@@","RenderableTileCluster_3x3_1x1","RenderableTileCluster_3x3_1x1","MN_DETAIL_ATLAS","<unnamed>","glow","0","0/0","PlayerCam","10","85.8","1","0","1","0","0","0","0","0","0","0","0","0","0","0","0"
"dx11_avtank_fourteam_fire_080_400_facing_iso-glow","DX11","avtank","fourteam_fire","80","400","facing",".?AVSubEntity@Ogre@@","RenderableTileCluster_2x3_1x1","RenderableTileCluster_2x3_1x1","MN_DETAIL_ATLAS","<unnamed>","glow","0","0/0","PlayerCam","10","73.9","1","0","1","0","0","0","0","0","0","0","0","0","0","0","0"
"dx11_avtank_fourteam_fire_080_400_facing_iso-glow-shadow","DX11","avtank","fourteam_fire","80","400","facing",".?AVSubEntity@Ogre@@","RenderableTileCluster_2x2_1x2","RenderableTileCluster_2x2_1x2","MN_DETAIL_ATLAS","<unnamed>","glow","0","0/0","PlayerCam","10","90.8","1","0","1","0","0","0","0","0","0","0","0","0","0","0","0"
"dx11_avtank_fourteam_fire_080_400_facing_iso-glow","DX11","avtank","fourteam_fire","80","400","facing",".?AVSubEntity@Ogre@@","RenderableTileCluster_2x3_1x0","RenderableTileCluster_2x3_1x0","MN_DETAIL_ATLAS","<unnamed>","glow","0","0/0","PlayerCam","10","92","1","0","1","0","0","0","0","0","0","0","0","0","0","0","0"
"dx11_avtank_fourteam_fire_080_400_facing_iso-glow","DX11","avtank","fourteam_fire","80","400","facing",".?AVSubEntity@Ogre@@","RenderableTileCluster_2x3_0x1","RenderableTileCluster_2x3_0x1","MN_DETAIL_ATLAS","<unnamed>","glow","0","0/0","PlayerCam","10","88.4","1","0","1","0","0","0","0","0","0","0","0","0","0","0","0"
"dx11_avtank_fourteam_fire_080_400_facing_iso-glow","DX11","avtank","fourteam_fire","80","400","facing",".?AVSubEntity@Ogre@@","RenderableTileCluster_3x3_1x0","RenderableTileCluster_3x3_1x0","MN_DETAIL_ATLAS","<unnamed>","glow","0","0/0","PlayerCam","10","83.3","1","0","1","0","0","0","0","0","0","0","0","0","0","0","0"
"dx11_avtank_fourteam_fire_080_800_facing","DX11","avtank","fourteam_fire","80","800","facing",".?AVSubEntity@Ogre@@","Ogre/MO1","avtank.mesh","Ogre/DepthShadowmap/Caster/Float","<unnamed>","Default","0","0/0","Ogre/ShadowTexture2Cam","10","2.8","0","242.72999999999996","242.72999999999996","242.72999999999996","593211.1","2302529.1","0","242.64000000000001","0","2301724.1","0.030000000000000006","0","0","0.02","0.18919999999999998"
"dx11_avtank_fourteam_fire_080_800_facing","DX11","avtank","fourteam_fire","80","800","facing",".?AVSubEntity@Ogre@@","Ogre/MO1","avtank.mesh","Ogre/DepthShadowmap/Caster/Float","<unnamed>","Default","0","0/0","Ogre/ShadowTexture1Cam","10","2.1","0","242.70999999999998","242.70999999999998","242.70999999999998","593110.5","2302136.2","0","242.62000000000003","0","2301254.4","0.02","0","0","0.04","0.1942"
"dx11_avtank_fourteam_fire_080_800_facing","DX11","avtank","fourteam_fire","80","800","facing",".?AVSubEntity@Ogre@@","Ogre/MO1","avtank.mesh","Ogre/DepthShadowmap/Caster/Float","<unnamed>","Default","0","0/0","Ogre/ShadowTexture0Cam","10","1.1","0","242.70999999999998","242.70999999999998","242.70999999999998","593110.5","2302136.2","0","242.62000000000003","0","2301490.6","0.030000000000000006","0","0","0.030000000000000006","0.2245"
"dx11_avtank_fourteam_fire_080_800_facing","DX11","avtank","fourteam_fire","80","800","facing",".?AVSubEntity@Ogre@@","Ogre/MO271","gatst00.mesh","ordnanceRed","<unnamed>","high-pssm","2","0/0","PlayerCam","10","4.1","98.26000000000002","0","98.26000000000002","98.26000000000002","491.3","1768.5","0","98.2","0","1768","0","0","0","0.01","0.40069999999999995"
"dx11_avtank_fourteam_fire_080_800_facing","DX11","avtank","fourteam_fire","80","800","facing",".?AVSubEntity@Ogre@@","Ogre/MO271","gatst00.mesh","ordnanceRed","<unnamed>","glow","0","0/0","PlayerCam","10","4.9","98.25000000000001","0","98.25000000000001","98.25000000000001","491.3","1768.6","0","98.22","0","1767.9","0","0","0","0.01","0.09209999999999999"
"dx11_avtank_fourteam_fire_080_800_facing","DX11","avtank","fourteam_fire","80","800","facing",".?AVSubEntity@Ogre@@","Ogre/MO3","avtank.mesh","avtank01","<unnamed>","high-pssm","0","0/0","PlayerCam","10","6.3","81","0","81","81","9395","16522.3","0","80.98","0","16515.1","0","0","0","0","0.24669999999999997"
"dx11_avtank_fourteam_fire_080_800_facing","DX11","avtank","fourteam_fire","80","800","facing",".?AVSubEntity@Ogre@@","Ogre/MO3","avtank.mesh","avheadlight00","<unnamed>","glow","0","0/0","PlayerCam","10","7.1","81","0","81","81","12392.7","46654.8","0","80.96000000000001","0","46633.6","0","0","0","0","0.09189999999999998"
"dx11_avtank_fourteam_fire_080_800_facing","DX11","avtank","fourteam_fire","80","800","facing",".?AVSubEntity@Ogre@@","Ogre/MO3","avtank.mesh","avtank00","<unnamed>","glow","0","0/0","PlayerCam","10","8.4","81","0","81","81","572007.2","2241617.2","0","80.97","0","2240607.4","0","0","0","0.01","0.08609999999999998"
"dx11_avtank_fourteam_fire_080_800_facing","DX11","avtank","fourteam_fire","80","800","facing",".?AVSubEntity@Ogre@@","Ogre/MO3","avtank.mesh","avtank01","<unnamed>","glow","0","0/0","PlayerCam","10","8.8","81","0","81","81","9395.8","16523.6","0","80.96000000000001","0","16515.7","0.01","0","0","0","0.08559999999999998"
"dx11_avtank_fourteam_fire_080_800_facing","DX11","avtank","fourteam_fire","80","800","facing",".?AVSubEntity@Ogre@@","Ogre/MO82","avtank.mesh","avheadlight00","<unnamed>","high-pssm","2","0/0","PlayerCam","10","9.7","79.99000000000001","0","79.99000000000001","79.99000000000001","12238.7","46075.2","0","79.97","0","46052.6","0.01","0","0","0","0.3574"
"dx11_avtank_fourteam_fire_080_800_facing","DX11","avtank","fourteam_fire","80","800","facing",".?AVSubEntity@Ogre@@","Ogre/MO82","avtank.mesh","avtank00","<unnamed>","high-pssm","2","0/0","PlayerCam","10","10.7","79.99000000000001","0","79.99000000000001","79.99000000000001","564901.2","2213769.4","0","79.95000000000002","0","2212750.9","0","0","0","0","0.1082"
"dx11_avtank_fourteam_fire_080_800_facing","DX11","avtank","fourteam_fire","80","800","facing",".?AVDynamicGeometryBatch@@","<none>","<none>","vsmoke.tga","0","Default","0","0/0","PlayerCam","10","12.6","3.8200000000000003","0","3.8200000000000003","3.8200000000000003","22012.7","131527.9","0","3.8200000000000003","0","131437.9","0","0","0","0","0.005999999999999999"
"dx11_avtank_fourteam_fire_080_800_facing","DX11","avtank","fourteam_fire","80","800","facing",".?AVDynamicGeometryBatch@@","<none>","<none>","vsmoke.tga","glow","glow","0","0/0","PlayerCam","10","12.4","3.8200000000000003","0","3.8200000000000003","3.8200000000000003","22014.9","131540.9","0","3.8200000000000003","0","131509.7","0","0","0","0","0.005999999999999999"
"dx11_avtank_fourteam_fire_080_800_facing","DX11","avtank","fourteam_fire","80","800","facing",".?AVDynamicGeometryBatch@@","<none>","<none>","grndchar.tga","glow","glow","0","0/0","PlayerCam","10","20.3","3.04","0","3.04","3.04","663.3","1891.5","0","3.04","0","1889.2","0","0","0","0","0.0045000000000000005"
"dx11_avtank_fourteam_fire_080_800_facing","DX11","avtank","fourteam_fire","80","800","facing",".?AVDynamicGeometryBatch@@","<none>","<none>","grndchar.tga","0","Default","0","0/0","PlayerCam","10","19.2","3.0300000000000002","0","3.0300000000000002","3.0300000000000002","663.2","1891.4","0","3.0300000000000002","0","1891.4","0","0","0","0","0.0050999999999999995"
"dx11_avtank_fourteam_fire_080_800_facing","DX11","avtank","fourteam_fire","80","800","facing",".?AVDynamicGeometryBatch@@","<none>","<none>","flame2.tga","0","Default","0","0/0","PlayerCam","10","15.2","3.02","0","3.02","3.02","145.4","218.2","0","3.02","0","218.2","0","0","0","0","0.006500000000000001"
"dx11_avtank_fourteam_fire_080_800_facing","DX11","avtank","fourteam_fire","80","800","facing",".?AVDynamicGeometryBatch@@","<none>","<none>","flame2.tga","glow","glow","0","0/0","PlayerCam","10","14.9","3.02","0","3.02","3.02","145.4","218.1","0","3.02","0","218","0","0","0","0","0.0063"
"dx11_avtank_fourteam_fire_080_800_facing","DX11","avtank","fourteam_fire","80","800","facing",".?AVDynamicGeometryBatch@@","<none>","<none>","ground.tga","0","Default","0","0/0","PlayerCam","10","18.5","3","0","3","3","208.5","312.8","0","2.9899999999999998","0","312.8","0","0","0","0","0.0056999999999999985"
"dx11_avtank_fourteam_fire_080_800_facing","DX11","avtank","fourteam_fire","80","800","facing",".?AVDynamicGeometryBatch@@","<none>","<none>","ground.tga","glow","glow","0","0/0","PlayerCam","10","18.6","3","0","3","3","208.5","312.8","0","3","0","312.6","0","0","0","0","0.0056999999999999985"
"dx11_avtank_fourteam_fire_080_800_facing","DX11","avtank","fourteam_fire","80","800","facing",".?AVDynamicGeometryBatch@@","<none>","<none>","Untextured","0","Default","0","0/0","PlayerCam","10","17.6","3","0","3","3","9999.7","19671.5","0","3","0","19638.7","0","0","0","0","0.0060999999999999995"
"dx11_avtank_fourteam_fire_080_800_facing","DX11","avtank","fourteam_fire","80","800","facing",".?AVDynamicGeometryBatch@@","<none>","<none>","HUDcomba","0","Default","0","0/0","PlayerCam","10","15.7","3","0","3","3","36","54","0","3","0","54","0","0","0","0","0.006199999999999999"
"dx11_avtank_fourteam_fire_080_800_facing","DX11","avtank","fourteam_fire","80","800","facing",".?AVDynamicGeometryBatch@@","<none>","<none>","sprite_n","0","Default","0","0/0","PlayerCam","10","22.7","2","0","2","2","40","60","0","2","0","60","0","0","0","0","0.004000000000000001"
"dx11_avtank_fourteam_fire_080_800_facing","DX11","avtank","fourteam_fire","80","800","facing",".?AVManualObjectSection@ManualObject@Ogre@@","<none>","<none>","scarpmat2","<unnamed>","glow","0","0/0","PlayerCam","10","23.9","2","0","2","2","5802.8","5802.8","0","2","0","5795.4","0","0","0","0","0.0030999999999999995"
"dx11_avtank_fourteam_fire_080_800_facing","DX11","avtank","fourteam_fire","80","800","facing",".?AVManualObjectSection@ManualObject@Ogre@@","<none>","<none>","scarpmat2","<unnamed>","high-pssm","0","0/0","PlayerCam","10","22.4","2","0","2","2","5802.8","5802.8","0","2","0","5793.2","0","0","0","0","0.013799999999999998"
"dx11_avtank_fourteam_fire_080_800_facing","DX11","avtank","fourteam_fire","80","800","facing",".?AVSubEntity@Ogre@@","Ogre/MO4","Sky","MILKYWAY.MAP","<unnamed>","Default","0","0/0","PlayerCam","10","35.7","1","0","1","1","4","6","0","1","0","6","0","0","0","0","0.0060999999999999995"
"dx11_avtank_fourteam_fire_080_800_facing","DX11","avtank","fourteam_fire","80","800","facing",".?AVSubEntity@Ogre@@","RenderableTileCluster_1x3_3x0","RenderableTileCluster_1x3_3x0","MN_DETAIL_ATLAS","<unnamed>","high-pssm","2","0/0","PlayerCam","10","49.1","1","0","1","1","9408","38396","0","1","0","38349.7","0","0","0","0","0.004000000000000001"
"dx11_avtank_fourteam_fire_080_800_facing","DX11","avtank","fourteam_fire","80","800","facing",".?AVSubEntity@Ogre@@","RenderableTileCluster_1x3_3x1","RenderableTileCluster_1x3_3x1","MN_DETAIL_ATLAS","<unnamed>","glow","0","0/0","PlayerCam","10","82.9","1","0","1","1","9408","38396","0","1","0","38352.9","0","0","0","0","0.0010000000000000002"
"dx11_avtank_fourteam_fire_080_800_facing","DX11","avtank","fourteam_fire","80","800","facing",".?AVSubEntity@Ogre@@","RenderableTileCluster_1x3_3x1","RenderableTileCluster_1x3_3x1","MN_DETAIL_ATLAS","<unnamed>","high-pssm","2","0/0","PlayerCam","10","53.7","1","0","1","1","9408","38396","0","1","0","38396","0","0","0","0","0.0038000000000000004"
"dx11_avtank_fourteam_fire_080_800_facing","DX11","avtank","fourteam_fire","80","800","facing",".?AVSubEntity@Ogre@@","RenderableTileCluster_2x2_0x2","RenderableTileCluster_2x2_0x2","MN_DETAIL_ATLAS","<unnamed>","glow","0","0/0","PlayerCam","10","80.8","1","0","1","1","9408","38396","0","1","0","38396","0","0","0","0","0.0010000000000000002"
"dx11_avtank_fourteam_fire_080_800_facing","DX11","avtank","fourteam_fire","80","800","facing",".?AVSubEntity@Ogre@@","RenderableTileCluster_2x2_0x2","RenderableTileCluster_2x2_0x2","MN_DETAIL_ATLAS","<unnamed>","high-pssm","1","0/0","PlayerCam","10","37.5","1","0","1","1","9408","38396","0","1","0","38396","0","0","0","0","0.005599999999999999"
"dx11_avtank_fourteam_fire_080_800_facing","DX11","avtank","fourteam_fire","80","800","facing",".?AVSubEntity@Ogre@@","RenderableTileCluster_2x2_0x3","RenderableTileCluster_2x2_0x3","MN_DETAIL_ATLAS","<unnamed>","glow","0","0/0","PlayerCam","10","84.1","1","0","1","1","9408","38396","0","1","0","38396","0","0","0","0","0.0010000000000000002"
"dx11_avtank_fourteam_fire_080_800_facing","DX11","avtank","fourteam_fire","80","800","facing",".?AVSubEntity@Ogre@@","RenderableTileCluster_2x2_1x1","RenderableTileCluster_2x2_1x1","MN_DETAIL_ATLAS","<unnamed>","glow","0","0/0","PlayerCam","10","80.4","1","0","1","1","9408","38396","0","1","0","38352.9","0","0","0","0","0.0010000000000000002"
"dx11_avtank_fourteam_fire_080_800_facing","DX11","avtank","fourteam_fire","80","800","facing",".?AVSubEntity@Ogre@@","RenderableTileCluster_1x3_3x0","RenderableTileCluster_1x3_3x0","MN_DETAIL_ATLAS","<unnamed>","glow","0","0/0","PlayerCam","10","89.2","1","0","1","1","9408","38396","0","1","0","38396","0","0","0","0","0.0010000000000000002"
"dx11_avtank_fourteam_fire_080_800_facing","DX11","avtank","fourteam_fire","80","800","facing",".?AVSubEntity@Ogre@@","RenderableTileCluster_2x2_1x1","RenderableTileCluster_2x2_1x1","MN_DETAIL_ATLAS","<unnamed>","high-pssm","0","0/0","PlayerCam","10","33","1","0","1","1","9408","38396","0","1","0","38336","0","0","0","0","0.0086"
"dx11_avtank_fourteam_fire_080_800_facing","DX11","avtank","fourteam_fire","80","800","facing",".?AVSubEntity@Ogre@@","RenderableTileCluster_2x2_1x2","RenderableTileCluster_2x2_1x2","MN_DETAIL_ATLAS","<unnamed>","glow","0","0/0","PlayerCam","10","86.4","1","0","1","1","9408","38396","0","1","0","38396","0","0","0","0","0.0010000000000000002"
"dx11_avtank_fourteam_fire_080_800_facing","DX11","avtank","fourteam_fire","80","800","facing",".?AVSubEntity@Ogre@@","RenderableTileCluster_2x2_1x2","RenderableTileCluster_2x2_1x2","MN_DETAIL_ATLAS","<unnamed>","high-pssm","0","0/0","PlayerCam","10","40","1","0","1","1","9408","38396","0","1","0","38358","0","0","0","0","0.004999999999999999"
"dx11_avtank_fourteam_fire_080_800_facing","DX11","avtank","fourteam_fire","80","800","facing",".?AVSubEntity@Ogre@@","RenderableTileCluster_2x2_1x3","RenderableTileCluster_2x2_1x3","MN_DETAIL_ATLAS","<unnamed>","glow","0","0/0","PlayerCam","10","90.8","1","0","1","1","9408","38396","0","1","0","38396","0","0","0","0","0.0010000000000000002"
"dx11_avtank_fourteam_fire_080_800_facing","DX11","avtank","fourteam_fire","80","800","facing",".?AVSubEntity@Ogre@@","RenderableTileCluster_2x2_1x3","RenderableTileCluster_2x2_1x3","MN_DETAIL_ATLAS","<unnamed>","high-pssm","1","0/0","PlayerCam","10","45","1","0","1","1","9408","38396","0","1","0","38396","0","0","0","0","0.004400000000000001"
"dx11_avtank_fourteam_fire_080_800_facing","DX11","avtank","fourteam_fire","80","800","facing",".?AVSubEntity@Ogre@@","RenderableTileCluster_2x2_0x3","RenderableTileCluster_2x2_0x3","MN_DETAIL_ATLAS","<unnamed>","high-pssm","1","0/0","PlayerCam","10","37.3","1","0","1","1","9408","38396","0","1","0","38396","0","0","0","0","0.005699999999999999"
"dx11_avtank_fourteam_fire_080_800_facing","DX11","avtank","fourteam_fire","80","800","facing",".?AVSubEntity@Ogre@@","RenderableTileCluster_1x3_2x1","RenderableTileCluster_1x3_2x1","MN_DETAIL_ATLAS","<unnamed>","high-pssm","2","0/0","PlayerCam","10","60.6","1","0","1","1","9408","38396","0","1","0","38396","0","0","0","0","0.0029999999999999996"
"dx11_avtank_fourteam_fire_080_800_facing","DX11","avtank","fourteam_fire","80","800","facing",".?AVSubEntity@Ogre@@","RenderableTileCluster_1x3_2x0","RenderableTileCluster_1x3_2x0","MN_DETAIL_ATLAS","<unnamed>","high-pssm","2","0/0","PlayerCam","10","54.8","1","0","1","1","9408","38396","0","1","0","38396","0","0","0","0","0.0033"
"dx11_avtank_fourteam_fire_080_800_facing","DX11","avtank","fourteam_fire","80","800","facing",".?AVSubEntity@Ogre@@","RenderableTileCluster_2x2_2x2","RenderableTileCluster_2x2_2x2","MN_DETAIL_ATLAS","<unnamed>","glow","0","0/0","PlayerCam","10","77.7","1","0","1","1","9408","38396","0","1","0","38396","0","0","0","0","0.0010000000000000002"
"dx11_avtank_fourteam_fire_080_800_facing","DX11","avtank","fourteam_fire","80","800","facing",".?AVSubEntity@Ogre@@","Ogre/MO4","Sky","STARS.MAP","<unnamed>","Default","0","0/0","PlayerCam","10","26","1","0","1","1","136","204","0","1","0","203.6","0","0","0","0","0.024399999999999998"
"dx11_avtank_fourteam_fire_080_800_facing","DX11","avtank","fourteam_fire","80","800","facing",".?AVDynamicGeometryBatch@@","<none>","<none>","bzfont","0","Default","0","0/0","PlayerCam","10","52.9","1","0","1","1","480","720","0","1","0","718.9","0","0","0","0","0.0013000000000000002"
"dx11_avtank_fourteam_fire_080_800_facing","DX11","avtank","fourteam_fire","80","800","facing",".?AVDynamicGeometryBatch@@","<none>","<none>","reticle1","0","Default","0","0/0","PlayerCam","10","65.9","1","0","1","1","4","6","0","1","0","6","0","0","0","0","0.0011000000000000003"
"dx11_avtank_fourteam_fire_080_800_facing","DX11","avtank","fourteam_fire","80","800","facing",".?AVDynamicGeometryBatch@@","<none>","<none>","sprite_a","0","Default","0","0/0","PlayerCam","10","61","1","0","1","1","4","6","0","1","0","6","0","0","0","0","0.0024999999999999996"
"dx11_avtank_fourteam_fire_080_800_facing","DX11","avtank","fourteam_fire","80","800","facing",".?AVRectangle2D@Ogre@@","<none>","<none>","c4/Glow/Downsample","<unnamed>","Default","0","0/0","PlayerCam","10","42.3","1","0","1","1","4","0","1","0","4","0","0","0","0","0","0.0050999999999999995"
"dx11_avtank_fourteam_fire_080_800_facing","DX11","avtank","fourteam_fire","80","800","facing",".?AVRectangle2D@Ogre@@","<none>","<none>","c5/Glow/BlurV","<unnamed>","Default","0","0/0","PlayerCam","10","61.3","1","0","1","1","4","0","1","0","4","0","0","0","0","0","0.0022999999999999995"
"dx11_avtank_fourteam_fire_080_800_facing","DX11","avtank","fourteam_fire","80","800","facing",".?AVSubEntity@Ogre@@","RenderableTileCluster_1x3_2x1","RenderableTileCluster_1x3_2x1","MN_DETAIL_ATLAS","<unnamed>","glow","0","0/0","PlayerCam","10","79.3","1","0","1","1","9408","38396","0","1","0","38396","0","0","0","0","0.0010000000000000002"
"dx11_avtank_fourteam_fire_080_800_facing","DX11","avtank","fourteam_fire","80","800","facing",".?AVRectangle2D@Ogre@@","<none>","<none>","c6/Glow/BlurH","<unnamed>","Default","0","0/0","PlayerCam","10","63.2","1","0","1","1","4","0","1","0","4","0","0","0","0","0","0.0022"
"dx11_avtank_fourteam_fire_080_800_facing","DX11","avtank","fourteam_fire","80","800","facing",".?AVSubEntity@Ogre@@","Ogre/MO3","avtank.mesh","avtank00","<unnamed>","high-pssm","0","0/0","PlayerCam","10","35.5","1","0","1","1","7061.2","27672.1","0","1","0","27644.7","0","0","0","0","0.005999999999999999"
"dx11_avtank_fourteam_fire_080_800_facing","DX11","avtank","fourteam_fire","80","800","facing",".?AVSubEntity@Ogre@@","RenderableTileCluster_1x2_3x3","RenderableTileCluster_1x2_3x3","MN_DETAIL_ATLAS","<unnamed>","glow","0","0/0","PlayerCam","10","78","1","0","1","1","9408","38396","0","1","0","38396","0","0","0","0","0.0010000000000000002"
"dx11_avtank_fourteam_fire_080_800_facing","DX11","avtank","fourteam_fire","80","800","facing",".?AVSubEntity@Ogre@@","RenderableTileCluster_1x2_3x3","RenderableTileCluster_1x2_3x3","MN_DETAIL_ATLAS","<unnamed>","high-pssm","2","0/0","PlayerCam","10","52.5","1","0","1","1","9408","38396","0","1","0","38335","0","0","0","0","0.004000000000000001"
"dx11_avtank_fourteam_fire_080_800_facing","DX11","avtank","fourteam_fire","80","800","facing",".?AVSubEntity@Ogre@@","RenderableTileCluster_1x3_1x1","RenderableTileCluster_1x3_1x1","MN_DETAIL_ATLAS","<unnamed>","glow","0","0/0","PlayerCam","10","77.6","1","0","1","1","9408","38396","0","1","0","38396","0","0","0","0","0.0010000000000000002"
"dx11_avtank_fourteam_fire_080_800_facing","DX11","avtank","fourteam_fire","80","800","facing",".?AVSubEntity@Ogre@@","RenderableTileCluster_1x3_1x1","RenderableTileCluster_1x3_1x1","MN_DETAIL_ATLAS","<unnamed>","high-pssm","2","0/0","PlayerCam","10","60","1","0","1","1","9408","38396","0","1","0","38396","0","0","0","0","0.0029999999999999996"
"dx11_avtank_fourteam_fire_080_800_facing","DX11","avtank","fourteam_fire","80","800","facing",".?AVSubEntity@Ogre@@","RenderableTileCluster_1x3_2x0","RenderableTileCluster_1x3_2x0","MN_DETAIL_ATLAS","<unnamed>","glow","0","0/0","PlayerCam","10","70.1","1","0","1","1","9408","38396","0","1","0","38396","0","0","0","0","0.0010000000000000002"
"dx11_avtank_fourteam_fire_080_800_facing","DX11","avtank","fourteam_fire","80","800","facing",".?AVRectangle2D@Ogre@@","<none>","<none>","c7/Glow/Combine","<unnamed>","Default","0","0/0","PlayerCam","10","62.8","1","0","1","1","4","0","1","0","4","0","0","0","0","0","0.0021000000000000003"
"dx11_avtank_fourteam_fire_080_800_facing","DX11","avtank","fourteam_fire","80","800","facing",".?AVSubEntity@Ogre@@","RenderableTileCluster_2x2_2x2","RenderableTileCluster_2x2_2x2","MN_DETAIL_ATLAS","<unnamed>","high-pssm","0","0/0","PlayerCam","10","43.1","1","0","1","1","9408","38396","0","1","0","38396","0","0","0","0","0.0048"
"dx11_avtank_fourteam_fire_080_800_facing","DX11","avtank","fourteam_fire","80","800","facing",".?AVSubEntity@Ogre@@","Ogre/MO3","avtank.mesh","avheadlight00","<unnamed>","high-pssm","0","0/0","PlayerCam","10","27","1","0","1","1","152.9","575.9","0","1","0","575.9","0","0","0","0","0.015400000000000002"
"dx11_avtank_fourteam_fire_080_800_facing","DX11","avtank","fourteam_fire","80","800","facing",".?AVSubEntity@Ogre@@","RenderableTileCluster_2x2_2x3","RenderableTileCluster_2x2_2x3","MN_DETAIL_ATLAS","<unnamed>","high-pssm","1","0/0","PlayerCam","10","43.8","1","0","1","1","9408","38396","0","1","0","38396","0","0","0","0","0.0047"
"dx11_avtank_fourteam_fire_080_800_facing","DX11","avtank","fourteam_fire","80","800","facing",".?AVSubEntity@Ogre@@","RenderableTileCluster_2x3_3x1","RenderableTileCluster_2x3_3x1","MN_DETAIL_ATLAS","<unnamed>","high-pssm","2","0/0","PlayerCam","10","43.5","1","0","1","1","9408","38396","0","1","0","38356","0","0","0","0","0.0047"
"dx11_avtank_fourteam_fire_080_800_facing","DX11","avtank","fourteam_fire","80","800","facing",".?AVSubEntity@Ogre@@","RenderableTileCluster_3x2_0x3","RenderableTileCluster_3x2_0x3","MN_DETAIL_ATLAS","<unnamed>","glow","0","0/0","PlayerCam","10","80.3","1","0","1","1","9408","38396","0","1","0","38396","0","0","0","0","0.0011000000000000003"
"dx11_avtank_fourteam_fire_080_800_facing","DX11","avtank","fourteam_fire","80","800","facing",".?AVSubEntity@Ogre@@","RenderableTileCluster_3x2_0x3","RenderableTileCluster_3x2_0x3","MN_DETAIL_ATLAS","<unnamed>","high-pssm","2","0/0","PlayerCam","10","52.1","1","0","1","1","9408","38396","0","1","0","38396","0","0","0","0","0.004000000000000001"
"dx11_avtank_fourteam_fire_080_800_facing","DX11","avtank","fourteam_fire","80","800","facing",".?AVSubEntity@Ogre@@","RenderableTileCluster_3x3_0x0","RenderableTileCluster_3x3_0x0","MN_DETAIL_ATLAS","<unnamed>","glow","0","0/0","PlayerCam","10","75.5","1","0","1","1","9408","38396","0","1","0","38396","0","0","0","0","0.0010000000000000002"
"dx11_avtank_fourteam_fire_080_800_facing","DX11","avtank","fourteam_fire","80","800","facing",".?AVSubEntity@Ogre@@","RenderableTileCluster_3x3_0x0","RenderableTileCluster_3x3_0x0","MN_DETAIL_ATLAS","<unnamed>","high-pssm","2","0/0","PlayerCam","10","48.9","1","0","1","1","9408","38396","0","1","0","38349.7","0","0","0","0","0.004000000000000001"
"dx11_avtank_fourteam_fire_080_800_facing","DX11","avtank","fourteam_fire","80","800","facing",".?AVSubEntity@Ogre@@","RenderableTileCluster_3x3_0x1","RenderableTileCluster_3x3_0x1","MN_DETAIL_ATLAS","<unnamed>","glow","0","0/0","PlayerCam","10","87.8","1","0","1","1","9408","38396","0","1","0","38396","0","0","0","0","0.0010000000000000002"
"dx11_avtank_fourteam_fire_080_800_facing","DX11","avtank","fourteam_fire","80","800","facing",".?AVSubEntity@Ogre@@","RenderableTileCluster_2x3_3x1","RenderableTileCluster_2x3_3x1","MN_DETAIL_ATLAS","<unnamed>","glow","0","0/0","PlayerCam","10","76.1","1","0","1","1","9408","38396","0","1","0","38396","0","0","0","0","0.0011000000000000003"
"dx11_avtank_fourteam_fire_080_800_facing","DX11","avtank","fourteam_fire","80","800","facing",".?AVSubEntity@Ogre@@","RenderableTileCluster_3x3_0x1","RenderableTileCluster_3x3_0x1","MN_DETAIL_ATLAS","<unnamed>","high-pssm","2","0/0","PlayerCam","10","47.4","1","0","1","1","9408","38396","0","1","0","38396","0","0","0","0","0.004000000000000001"
"dx11_avtank_fourteam_fire_080_800_facing","DX11","avtank","fourteam_fire","80","800","facing",".?AVSubEntity@Ogre@@","RenderableTileCluster_3x3_1x0","RenderableTileCluster_3x3_1x0","MN_DETAIL_ATLAS","<unnamed>","high-pssm","2","0/0","PlayerCam","10","57.9","1","0","1","1","9408","38396","0","1","0","38352.9","0","0","0","0","0.0029999999999999996"
"dx11_avtank_fourteam_fire_080_800_facing","DX11","avtank","fourteam_fire","80","800","facing",".?AVSubEntity@Ogre@@","RenderableTileCluster_3x3_1x1","RenderableTileCluster_3x3_1x1","MN_DETAIL_ATLAS","<unnamed>","glow","0","0/0","PlayerCam","10","86.3","1","0","1","1","9408","38396","0","1","0","38356","0","0","0","0","0.0010000000000000002"
"dx11_avtank_fourteam_fire_080_800_facing","DX11","avtank","fourteam_fire","80","800","facing",".?AVSubEntity@Ogre@@","RenderableTileCluster_3x3_1x1","RenderableTileCluster_3x3_1x1","MN_DETAIL_ATLAS","<unnamed>","high-pssm","2","0/0","PlayerCam","10","56.8","1","0","1","1","9408","38396","0","1","0","38396","0","0","0","0","0.0029999999999999996"
"dx11_avtank_fourteam_fire_080_800_facing","DX11","avtank","fourteam_fire","80","800","facing",".?AVSubEntity@Ogre@@","RenderableTileCluster_3x3_2x1","RenderableTileCluster_3x3_2x1","MN_DETAIL_ATLAS","<unnamed>","glow","0","0/0","PlayerCam","10","79","1","0","1","1","9408","38396","0","1","0","38336","0","0","0","0","0.0011000000000000003"
"dx11_avtank_fourteam_fire_080_800_facing","DX11","avtank","fourteam_fire","80","800","facing",".?AVSubEntity@Ogre@@","RenderableTileCluster_3x3_2x1","RenderableTileCluster_3x3_2x1","MN_DETAIL_ATLAS","<unnamed>","high-pssm","2","0/0","PlayerCam","10","57.6","1","0","1","1","9408","38396","0","1","0","38332","0","0","0","0","0.0029999999999999996"
"dx11_avtank_fourteam_fire_080_800_facing","DX11","avtank","fourteam_fire","80","800","facing",".?AVSubEntity@Ogre@@","RenderableTileCluster_2x2_2x3","RenderableTileCluster_2x2_2x3","MN_DETAIL_ATLAS","<unnamed>","glow","0","0/0","PlayerCam","10","74","1","0","1","1","9408","38396","0","1","0","38396","0","0","0","0","0.0010000000000000002"
"dx11_avtank_fourteam_fire_080_800_facing","DX11","avtank","fourteam_fire","80","800","facing",".?AVSubEntity@Ogre@@","RenderableTileCluster_3x3_1x0","RenderableTileCluster_3x3_1x0","MN_DETAIL_ATLAS","<unnamed>","glow","0","0/0","PlayerCam","10","83.9","1","0","1","1","9408","38396","0","1","0","38396","0","0","0","0","0.0010000000000000002"
"dx11_avtank_fourteam_fire_080_800_facing","DX11","avtank","fourteam_fire","80","800","facing",".?AVSubEntity@Ogre@@","RenderableTileCluster_2x3_3x0","RenderableTileCluster_2x3_3x0","MN_DETAIL_ATLAS","<unnamed>","high-pssm","2","0/0","PlayerCam","10","42.6","1","0","1","1","9408","38396","0","1","0","38336","0","0","0","0","0.0046"
"dx11_avtank_fourteam_fire_080_800_facing","DX11","avtank","fourteam_fire","80","800","facing",".?AVSubEntity@Ogre@@","Ogre/MO4","Sky","EARTHGOOD.MAP","<unnamed>","Default","0","0/0","PlayerCam","10","41.3","1","0","1","1","4","6","0","1","0","6","0","0","0","0","0.004999999999999999"
"dx11_avtank_fourteam_fire_080_800_facing","DX11","avtank","fourteam_fire","80","800","facing",".?AVSubEntity@Ogre@@","RenderableTileCluster_2x3_2x1","RenderableTileCluster_2x3_2x1","MN_DETAIL_ATLAS","<unnamed>","high-pssm","2","0/0","PlayerCam","10","31.4","1","0","1","1","9408","38396","0","1","0","38345.5","0","0","0","0","0.0093"
"dx11_avtank_fourteam_fire_080_800_facing","DX11","avtank","fourteam_fire","80","800","facing",".?AVSubEntity@Ogre@@","RenderableTileCluster_2x3_3x0","RenderableTileCluster_2x3_3x0","MN_DETAIL_ATLAS","<unnamed>","glow","0","0/0","PlayerCam","10","70.4","1","0","1","1","9408","38396","0","1","0","38396","0","0","0","0","0.0010000000000000002"
"dx11_avtank_fourteam_fire_080_800_facing","DX11","avtank","fourteam_fire","80","800","facing",".?AVSubEntity@Ogre@@","RenderableTileCluster_2x2_3x3","RenderableTileCluster_2x2_3x3","MN_DETAIL_ATLAS","<unnamed>","high-pssm","1","0/0","PlayerCam","10","51.7","1","0","1","1","9408","38396","0","1","0","38396","0","0","0","0","0.004000000000000001"
"dx11_avtank_fourteam_fire_080_800_facing","DX11","avtank","fourteam_fire","80","800","facing",".?AVSubEntity@Ogre@@","RenderableTileCluster_2x3_0x0","RenderableTileCluster_2x3_0x0","MN_DETAIL_ATLAS","<unnamed>","glow","0","0/0","PlayerCam","10","74","1","0","1","1","9408","38396","0","1","0","38396","0","0","0","0","0.0010000000000000002"
"dx11_avtank_fourteam_fire_080_800_facing","DX11","avtank","fourteam_fire","80","800","facing",".?AVSubEntity@Ogre@@","RenderableTileCluster_2x3_0x0","RenderableTileCluster_2x3_0x0","MN_DETAIL_ATLAS","<unnamed>","high-pssm","2","0/0","PlayerCam","10","48.5","1","0","1","1","9408","38396","0","1","0","38294","0","0","0","0","0.004000000000000001"
"dx11_avtank_fourteam_fire_080_800_facing","DX11","avtank","fourteam_fire","80","800","facing",".?AVSubEntity@Ogre@@","RenderableTileCluster_2x3_0x1","RenderableTileCluster_2x3_0x1","MN_DETAIL_ATLAS","<unnamed>","glow","0","0/0","PlayerCam","10","55.5","1","0","1","1","9408","38396","0","1","0","38396","0","0","0","0","0.0034000000000000002"
"dx11_avtank_fourteam_fire_080_800_facing","DX11","avtank","fourteam_fire","80","800","facing",".?AVSubEntity@Ogre@@","RenderableTileCluster_2x2_3x3","RenderableTileCluster_2x2_3x3","MN_DETAIL_ATLAS","<unnamed>","glow","0","0/0","PlayerCam","10","90","1","0","1","1","9408","38396","0","1","0","38396","0","0","0","0","0.0010000000000000002"
"dx11_avtank_fourteam_fire_080_800_facing","DX11","avtank","fourteam_fire","80","800","facing",".?AVSubEntity@Ogre@@","RenderableTileCluster_2x3_1x0","RenderableTileCluster_2x3_1x0","MN_DETAIL_ATLAS","<unnamed>","glow","0","0/0","PlayerCam","10","80.4","1","0","1","1","9408","38396","0","1","0","38335","0","0","0","0","0.0010000000000000002"
"dx11_avtank_fourteam_fire_080_800_facing","DX11","avtank","fourteam_fire","80","800","facing",".?AVSubEntity@Ogre@@","RenderableTileCluster_2x3_0x1","RenderableTileCluster_2x3_0x1","MN_DETAIL_ATLAS","<unnamed>","high-pssm","2","0/0","PlayerCam","10","31.1","1","0","1","1","9408","38396","0","1","0","38396","0","0","0","0","0.0092"
"dx11_avtank_fourteam_fire_080_800_facing","DX11","avtank","fourteam_fire","80","800","facing",".?AVSubEntity@Ogre@@","RenderableTileCluster_2x2_3x2","RenderableTileCluster_2x2_3x2","MN_DETAIL_ATLAS","<unnamed>","glow","0","0/0","PlayerCam","10","65.3","1","0","1","1","9408","38396","0","1","0","38396","0","0","0","0","0.0016"
"dx11_avtank_fourteam_fire_080_800_facing","DX11","avtank","fourteam_fire","80","800","facing",".?AVSubEntity@Ogre@@","RenderableTileCluster_2x3_1x1","RenderableTileCluster_2x3_1x1","MN_DETAIL_ATLAS","<unnamed>","glow","0","0/0","PlayerCam","10","78","1","0","1","1","9408","38396","0","1","0","38396","0","0","0","0","0.0010000000000000002"
"dx11_avtank_fourteam_fire_080_800_facing","DX11","avtank","fourteam_fire","80","800","facing",".?AVSubEntity@Ogre@@","RenderableTileCluster_2x3_1x1","RenderableTileCluster_2x3_1x1","MN_DETAIL_ATLAS","<unnamed>","high-pssm","2","0/0","PlayerCam","10","28","1","0","1","1","9408","38396","0","1","0","38336","0","0","0","0","0.012099999999999998"
"dx11_avtank_fourteam_fire_080_800_facing","DX11","avtank","fourteam_fire","80","800","facing",".?AVSubEntity@Ogre@@","RenderableTileCluster_2x3_2x0","RenderableTileCluster_2x3_2x0","MN_DETAIL_ATLAS","<unnamed>","glow","0","0/0","PlayerCam","10","71.1","1","0","1","1","9408","38396","0","1","0","38332","0","0","0","0","0.0011"
"dx11_avtank_fourteam_fire_080_800_facing","DX11","avtank","fourteam_fire","80","800","facing",".?AVSubEntity@Ogre@@","RenderableTileCluster_2x3_2x0","RenderableTileCluster_2x3_2x0","MN_DETAIL_ATLAS","<unnamed>","high-pssm","2","0/0","PlayerCam","10","30.7","1","0","1","1","9408","38396","0","1","0","38396","0","0","0","0","0.009199999999999998"
"dx11_avtank_fourteam_fire_080_800_facing","DX11","avtank","fourteam_fire","80","800","facing",".?AVSubEntity@Ogre@@","RenderableTileCluster_2x3_2x1","RenderableTileCluster_2x3_2x1","MN_DETAIL_ATLAS","<unnamed>","glow","0","0/0","PlayerCam","10","83.8","1","0","1","1","9408","38396","0","1","0","38396","0","0","0","0","0.0010000000000000002"
"dx11_avtank_fourteam_fire_080_800_facing","DX11","avtank","fourteam_fire","80","800","facing",".?AVSubEntity@Ogre@@","RenderableTileCluster_2x3_1x0","RenderableTileCluster_2x3_1x0","MN_DETAIL_ATLAS","<unnamed>","high-pssm","2","0/0","PlayerCam","10","29","1","0","1","1","9408","38396","0","1","0","38352.9","0","0","0","0","0.010399999999999998"
"dx11_avtank_fourteam_fire_080_800_facing","DX11","avtank","fourteam_fire","80","800","facing",".?AVSubEntity@Ogre@@","RenderableTileCluster_2x2_3x2","RenderableTileCluster_2x2_3x2","MN_DETAIL_ATLAS","<unnamed>","high-pssm","1","0/0","PlayerCam","10","33.8","1","0","1","1","9408","38396","0","1","0","38356","0","0","0","0","0.008200000000000002"
"dx11_avtank_fourteam_fire_080_800_facing","DX11","avtank","fourteam_fire","80","800","facing",".?AVDynamicGeometryBatch@@","<none>","<none>","bulhit.tga","0","Default","0","0/0","PlayerCam","10","95.7","0.93","0","0.93","0.93","39.4","58.8","0","0.93","0","58.8","0","0","0","0","0.0013000000000000002"
"dx11_avtank_fourteam_fire_080_800_facing","DX11","avtank","fourteam_fire","80","800","facing",".?AVDynamicGeometryBatch@@","<none>","<none>","bulhit.tga","glow","glow","0","0/0","PlayerCam","10","95.3","0.93","0","0.93","0.93","39.3","58.8","0","0.93","0","58.8","0","0","0","0","0.0014"
"dx11_avtank_fourteam_fire_080_800_facing","DX11","avtank","fourteam_fire","80","800","facing",".?AVDynamicGeometryBatch@@","<none>","<none>","smoke2.tga","glow","glow","0","0/0","PlayerCam","10","97.2","0.82","0","0.82","0.82","27.3","41","0","0.82","0","41","0","0","0","0","0.0012000000000000001"
"dx11_avtank_fourteam_fire_080_800_facing","DX11","avtank","fourteam_fire","80","800","facing",".?AVDynamicGeometryBatch@@","<none>","<none>","smoke2.tga","0","Default","0","0/0","PlayerCam","10","97.8","0.82","0","0.82","0.82","27.3","41","0","0.82","0","41","0","0","0","0","0.0011000000000000003"
"dx11_avtank_fourteam_fire_080_800_facing","DX11","avtank","fourteam_fire","80","800","facing",".?AVDynamicGeometryBatch@@","<none>","<none>","fire.tga","glow","glow","0","0/0","PlayerCam","10","99.3","0.6","0","0.6","0.6","24.4","36.6","0","0.6","0","36.5","0","0","0","0","0.0010000000000000002"
"dx11_avtank_fourteam_fire_080_800_facing","DX11","avtank","fourteam_fire","80","800","facing",".?AVDynamicGeometryBatch@@","<none>","<none>","fire.tga","0","Default","0","0/0","PlayerCam","10","99.7","0.59","0","0.59","0.59","24.4","36.6","0","0.59","0","36.6","0","0","0","0","0.0010000000000000002"
"dx9_avtank_fourteam_080_400_facing","DX9","avtank","fourteam","80","400","facing",".?AVSubEntity@Ogre@@","Ogre/MO1","avtank.mesh","Ogre/DepthShadowmap/Caster/Float","<unnamed>","Default","0","0/0","Ogre/ShadowTexture0Cam","10","1","0","243.1","243.1","243.1","594081.4","2305904.3","0","243.1","0","2305904.3","0","0","0","0","0.21020000000000003"
"dx9_avtank_fourteam_080_400_facing","DX9","avtank","fourteam","80","400","facing",".?AVSubEntity@Ogre@@","Ogre/MO1","avtank.mesh","Ogre/DepthShadowmap/Caster/Float","<unnamed>","Default","0","0/0","Ogre/ShadowTexture2Cam","10","3","0","243.01","243.01","243.01","593851.2","2305010.9","0","243.01","0","2305010.9","0","0","0","0","0.20020000000000002"
"dx9_avtank_fourteam_080_400_facing","DX9","avtank","fourteam","80","400","facing",".?AVSubEntity@Ogre@@","Ogre/MO1","avtank.mesh","Ogre/DepthShadowmap/Caster/Float","<unnamed>","Default","0","0/0","Ogre/ShadowTexture1Cam","10","2","0","243.01","243.01","243.01","593851.2","2305010.9","0","243.01","0","2305010.9","0","0","0","0","0.2031"
"dx9_avtank_fourteam_080_400_facing","DX9","avtank","fourteam","80","400","facing",".?AVSubEntity@Ogre@@","Ogre/MO3","avtank.mesh","avtank01","<unnamed>","high-pssm","0","0/0","PlayerCam","10","5.2","81","0","81","81","9396.4","16524.5","0","81","0","16524.5","0","0","0","0","0.2535"
"dx9_avtank_fourteam_080_400_facing","DX9","avtank","fourteam","80","400","facing",".?AVSubEntity@Ogre@@","Ogre/MO3","avtank.mesh","avtank01","<unnamed>","glow","0","0/0","PlayerCam","10","6.2","81","0","81","81","9396.1","16524.1","0","81","0","16524.1","0","0","0","0","0.0699"
"dx9_avtank_fourteam_080_400_facing","DX9","avtank","fourteam","80","400","facing",".?AVSubEntity@Ogre@@","Ogre/MO3","avtank.mesh","avtank00","<unnamed>","glow","0","0/0","PlayerCam","10","6","81","0","81","81","572027.1","2241694.9","0","81","0","2241694.9","0","0","0","0","0.0699"
"dx9_avtank_fourteam_080_400_facing","DX9","avtank","fourteam","80","400","facing",".?AVSubEntity@Ogre@@","Ogre/MO3","avtank.mesh","avheadlight00","<unnamed>","glow","0","0/0","PlayerCam","10","4.6","81","0","81","81","12393.1","46656.4","0","81","0","46656.4","0","0","0","0","0.07429999999999999"
"dx9_avtank_fourteam_080_400_facing","DX9","avtank","fourteam","80","400","facing",".?AVSubEntity@Ogre@@","Ogre/MO82","avtank.mesh","avheadlight00","<unnamed>","high-pssm","2","0/0","PlayerCam","10","8.3","80.01","0","80.01","80.01","12240.8","46083.3","0","80.01","0","46083.3","0","0","0","0","0.28669999999999995"
"dx9_avtank_fourteam_080_400_facing","DX9","avtank","fourteam","80","400","facing",".?AVSubEntity@Ogre@@","Ogre/MO82","avtank.mesh","avtank00","<unnamed>","high-pssm","2","0/0","PlayerCam","10","8.7","80","0","80","80","564968.4","2214032.4","0","80","0","2214033.2","0","0","0","0","0.09009999999999999"
"dx9_avtank_fourteam_080_400_facing","DX9","avtank","fourteam","80","400","facing",".?AVDynamicGeometryBatch@@","<none>","<none>","HUDcomba","0","Default","0","0/0","PlayerCam","10","10","3","0","3","3","36","54","0","3","0","54","0","0","0","0","0.0049"
"dx9_avtank_fourteam_080_400_facing","DX9","avtank","fourteam","80","400","facing",".?AVDynamicGeometryBatch@@","<none>","<none>","Untextured","0","Default","0","0/0","PlayerCam","10","11","3","0","3","3","10000.1","19672.1","0","3","0","19672.1","0","0","0","0","0.0033"
"dx9_avtank_fourteam_080_400_facing","DX9","avtank","fourteam","80","400","facing",".?AVDynamicGeometryBatch@@","<none>","<none>","sprite_n","0","Default","0","0/0","PlayerCam","10","12","2","0","2","2","40","60","0","2","0","60","0","0","0","0","0.0020000000000000005"
"dx9_avtank_fourteam_080_400_facing","DX9","avtank","fourteam","80","400","facing",".?AVSubEntity@Ogre@@","RenderableTileCluster_2x3_2x0","RenderableTileCluster_2x3_2x0","MN_DETAIL_ATLAS","<unnamed>","high-pssm","2","0/0","PlayerCam","10","35.5","1","0","1","1","9409.8","38403","0","1","0","38403","0","0","0","0","0.007300000000000001"
"dx9_avtank_fourteam_080_400_facing","DX9","avtank","fourteam","80","400","facing",".?AVSubEntity@Ogre@@","RenderableTileCluster_3x3_1x0","RenderableTileCluster_3x3_1x0","MN_DETAIL_ATLAS","<unnamed>","glow","0","0/0","PlayerCam","10","61.7","1","0","1","1","9409.1","38400.4","0","1","0","38400.4","0","0","0","0","0.0010000000000000002"
"dx9_avtank_fourteam_080_400_facing","DX9","avtank","fourteam","80","400","facing",".?AVSubEntity@Ogre@@","RenderableTileCluster_3x3_1x0","RenderableTileCluster_3x3_1x0","MN_DETAIL_ATLAS","<unnamed>","high-pssm","2","0/0","PlayerCam","10","46.6","1","0","1","1","9410.1","38404.4","0","1","0","38404.4","0","0","0","0","0.0028999999999999994"
"dx9_avtank_fourteam_080_400_facing","DX9","avtank","fourteam","80","400","facing",".?AVSubEntity@Ogre@@","RenderableTileCluster_3x3_1x1","RenderableTileCluster_3x3_1x1","MN_DETAIL_ATLAS","<unnamed>","glow","0","0/0","PlayerCam","10","66.5","1","0","1","1","9409.1","38400.4","0","1","0","38400.4","0","0","0","0","0.0010000000000000002"
"dx9_avtank_fourteam_080_400_facing","DX9","avtank","fourteam","80","400","facing",".?AVSubEntity@Ogre@@","RenderableTileCluster_3x3_1x1","RenderableTileCluster_3x3_1x1","MN_DETAIL_ATLAS","<unnamed>","high-pssm","2","0/0","PlayerCam","10","47.3","1","0","1","1","9410.1","38404.4","0","1","0","38404.4","0","0","0","0","0.0029"
"dx9_avtank_fourteam_080_400_facing","DX9","avtank","fourteam","80","400","facing",".?AVSubEntity@Ogre@@","RenderableTileCluster_3x3_2x1","RenderableTileCluster_3x3_2x1","MN_DETAIL_ATLAS","<unnamed>","glow","0","0/0","PlayerCam","10","50.3","1","0","1","1","9409.1","38400.4","0","1","0","38400.4","0","0","0","0","0.0010000000000000002"
"dx9_avtank_fourteam_080_400_facing","DX9","avtank","fourteam","80","400","facing",".?AVSubEntity@Ogre@@","RenderableTileCluster_3x3_2x1","RenderableTileCluster_3x3_2x1","MN_DETAIL_ATLAS","<unnamed>","high-pssm","2","0/0","PlayerCam","10","45.4","1","0","1","1","9410.1","38404.4","0","1","0","38404.4","0","0","0","0","0.0029999999999999996"
"dx9_avtank_fourteam_080_400_facing","DX9","avtank","fourteam","80","400","facing",".?AVSubEntity@Ogre@@","Ogre/MO4","Sky","MILKYWAY.MAP","<unnamed>","Default","0","0/0","PlayerCam","10","52.6","1","0","1","1","4","6","0","1","0","6","0","0","0","0","0.0017000000000000001"
"dx9_avtank_fourteam_080_400_facing","DX9","avtank","fourteam","80","400","facing",".?AVSubEntity@Ogre@@","RenderableTileCluster_3x3_0x1","RenderableTileCluster_3x3_0x1","MN_DETAIL_ATLAS","<unnamed>","high-pssm","2","0/0","PlayerCam","10","44.3","1","0","1","1","9410.1","38404.4","0","1","0","38404.4","0","0","0","0","0.0029999999999999996"
"dx9_avtank_fourteam_080_400_facing","DX9","avtank","fourteam","80","400","facing",".?AVSubEntity@Ogre@@","Ogre/MO4","Sky","STARS.MAP","<unnamed>","Default","0","0/0","PlayerCam","10","32.2","1","0","1","1","136","204","0","1","0","204","0","0","0","0","0.009599999999999997"
"dx9_avtank_fourteam_080_400_facing","DX9","avtank","fourteam","80","400","facing",".?AVSubEntity@Ogre@@","RenderableTileCluster_2x3_0x0","RenderableTileCluster_2x3_0x0","MN_DETAIL_ATLAS","<unnamed>","glow","0","0/0","PlayerCam","10","64","1","0","1","1","9409.1","38400.4","0","1","0","38400.4","0","0","0","0","0.0010000000000000002"
"dx9_avtank_fourteam_080_400_facing","DX9","avtank","fourteam","80","400","facing",".?AVSubEntity@Ogre@@","RenderableTileCluster_2x2_3x3","RenderableTileCluster_2x2_3x3","MN_DETAIL_ATLAS","<unnamed>","high-pssm","1","0/0","PlayerCam","10","32","1","0","1","1","9410.1","38404.4","0","1","0","38404.4","0","0","0","0","0.005199999999999999"
"dx9_avtank_fourteam_080_400_facing","DX9","avtank","fourteam","80","400","facing",".?AVSubEntity@Ogre@@","RenderableTileCluster_2x2_3x3","RenderableTileCluster_2x2_3x3","MN_DETAIL_ATLAS","<unnamed>","glow","0","0/0","PlayerCam","10","54.2","1","0","1","1","9409.1","38400.4","0","1","0","38400.4","0","0","0","0","0.0010000000000000002"
"dx9_avtank_fourteam_080_400_facing","DX9","avtank","fourteam","80","400","facing",".?AVSubEntity@Ogre@@","RenderableTileCluster_2x2_3x2","RenderableTileCluster_2x2_3x2","MN_DETAIL_ATLAS","<unnamed>","glow","0","0/0","PlayerCam","10","42.3","1","0","1","1","9409.1","38400.4","0","1","0","38400.4","0","0","0","0","0.0012000000000000003"
"dx9_avtank_fourteam_080_400_facing","DX9","avtank","fourteam","80","400","facing",".?AVSubEntity@Ogre@@","Ogre/MO4","Sky","EARTHGOOD.MAP","<unnamed>","Default","0","0/0","PlayerCam","10","50.4","1","0","1","1","4","6","0","1","0","6","0","0","0","0","0.0020000000000000005"
"dx9_avtank_fourteam_080_400_facing","DX9","avtank","fourteam","80","400","facing",".?AVSubEntity@Ogre@@","RenderableTileCluster_3x3_0x1","RenderableTileCluster_3x3_0x1","MN_DETAIL_ATLAS","<unnamed>","glow","0","0/0","PlayerCam","10","64.1","1","0","1","1","9409.1","38400.4","0","1","0","38400.4","0","0","0","0","0.0010000000000000002"
"dx9_avtank_fourteam_080_400_facing","DX9","avtank","fourteam","80","400","facing",".?AVSubEntity@Ogre@@","RenderableTileCluster_3x3_0x0","RenderableTileCluster_3x3_0x0","MN_DETAIL_ATLAS","<unnamed>","high-pssm","2","0/0","PlayerCam","10","43.1","1","0","1","1","9410.1","38404.4","0","1","0","38404.4","0","0","0","0","0.0029999999999999996"
"dx9_avtank_fourteam_080_400_facing","DX9","avtank","fourteam","80","400","facing",".?AVSubEntity@Ogre@@","RenderableTileCluster_3x3_0x0","RenderableTileCluster_3x3_0x0","MN_DETAIL_ATLAS","<unnamed>","glow","0","0/0","PlayerCam","10","50.1","1","0","1","1","9409.1","38400.4","0","1","0","38400.4","0","0","0","0","0.0010000000000000002"
"dx9_avtank_fourteam_080_400_facing","DX9","avtank","fourteam","80","400","facing",".?AVSubEntity@Ogre@@","RenderableTileCluster_3x2_0x3","RenderableTileCluster_3x2_0x3","MN_DETAIL_ATLAS","<unnamed>","high-pssm","2","0/0","PlayerCam","10","41","1","0","1","1","9410.1","38404.4","0","1","0","38404.4","0","0","0","0","0.0029999999999999996"
"dx9_avtank_fourteam_080_400_facing","DX9","avtank","fourteam","80","400","facing",".?AVSubEntity@Ogre@@","RenderableTileCluster_3x2_0x3","RenderableTileCluster_3x2_0x3","MN_DETAIL_ATLAS","<unnamed>","glow","0","0/0","PlayerCam","10","57.6","1","0","1","1","9409.1","38400.4","0","1","0","38400.4","0","0","0","0","0.0010000000000000002"
"dx9_avtank_fourteam_080_400_facing","DX9","avtank","fourteam","80","400","facing",".?AVSubEntity@Ogre@@","RenderableTileCluster_2x3_3x1","RenderableTileCluster_2x3_3x1","MN_DETAIL_ATLAS","<unnamed>","high-pssm","2","0/0","PlayerCam","10","35.6","1","0","1","1","9410.1","38404.4","0","1","0","38404.4","0","0","0","0","0.004999999999999999"
"dx9_avtank_fourteam_080_400_facing","DX9","avtank","fourteam","80","400","facing",".?AVSubEntity@Ogre@@","RenderableTileCluster_2x3_3x1","RenderableTileCluster_2x3_3x1","MN_DETAIL_ATLAS","<unnamed>","glow","0","0/0","PlayerCam","10","52.6","1","0","1","1","9409.1","38400.4","0","1","0","38400.4","0","0","0","0","0.0010000000000000002"
"dx9_avtank_fourteam_080_400_facing","DX9","avtank","fourteam","80","400","facing",".?AVSubEntity@Ogre@@","RenderableTileCluster_2x3_3x0","RenderableTileCluster_2x3_3x0","MN_DETAIL_ATLAS","<unnamed>","high-pssm","2","0/0","PlayerCam","10","46.1","1","0","1","1","9409.8","38403","0","1","0","38403","0","0","0","0","0.004100000000000001"
"dx9_avtank_fourteam_080_400_facing","DX9","avtank","fourteam","80","400","facing",".?AVSubEntity@Ogre@@","RenderableTileCluster_2x3_0x1","RenderableTileCluster_2x3_0x1","MN_DETAIL_ATLAS","<unnamed>","high-pssm","2","0/0","PlayerCam","10","41.7","1","0","1","1","9409.8","38403","0","1","0","38403","0","0","0","0","0.005099999999999999"
"dx9_avtank_fourteam_080_400_facing","DX9","avtank","fourteam","80","400","facing",".?AVSubEntity@Ogre@@","RenderableTileCluster_2x3_1x0","RenderableTileCluster_2x3_1x0","MN_DETAIL_ATLAS","<unnamed>","glow","0","0/0","PlayerCam","10","52.1","1","0","1","1","9409.1","38400.4","0","1","0","38400.4","0","0","0","0","0.0010000000000000002"
"dx9_avtank_fourteam_080_400_facing","DX9","avtank","fourteam","80","400","facing",".?AVSubEntity@Ogre@@","RenderableTileCluster_2x3_1x0","RenderableTileCluster_2x3_1x0","MN_DETAIL_ATLAS","<unnamed>","high-pssm","2","0/0","PlayerCam","10","37.6","1","0","1","1","9409.8","38403","0","1","0","38403","0","0","0","0","0.0071"
"dx9_avtank_fourteam_080_400_facing","DX9","avtank","fourteam","80","400","facing",".?AVSubEntity@Ogre@@","RenderableTileCluster_2x3_1x1","RenderableTileCluster_2x3_1x1","MN_DETAIL_ATLAS","<unnamed>","glow","0","0/0","PlayerCam","10","47.9","1","0","1","1","9409.1","38400.4","0","1","0","38400.4","0","0","0","0","0.0010000000000000002"
"dx9_avtank_fourteam_080_400_facing","DX9","avtank","fourteam","80","400","facing",".?AVSubEntity@Ogre@@","RenderableTileCluster_2x3_3x0","RenderableTileCluster_2x3_3x0","MN_DETAIL_ATLAS","<unnamed>","glow","0","0/0","PlayerCam","10","39.5","1","0","1","1","9409.1","38400.4","0","1","0","38400.4","0","0","0","0","0.0020000000000000005"
"dx9_avtank_fourteam_080_400_facing","DX9","avtank","fourteam","80","400","facing",".?AVSubEntity@Ogre@@","RenderableTileCluster_2x3_1x1","RenderableTileCluster_2x3_1x1","MN_DETAIL_ATLAS","<unnamed>","high-pssm","2","0/0","PlayerCam","10","36.1","1","0","1","1","9410.1","38404.2","0","1","0","38404.2","0","0","0","0","0.0071"
"dx9_avtank_fourteam_080_400_facing","DX9","avtank","fourteam","80","400","facing",".?AVSubEntity@Ogre@@","RenderableTileCluster_2x3_2x0","RenderableTileCluster_2x3_2x0","MN_DETAIL_ATLAS","<unnamed>","glow","0","0/0","PlayerCam","10","43.7","1","0","1","1","9409.1","38400.4","0","1","0","38400.4","0","0","0","0","0.0010000000000000002"
"dx9_avtank_fourteam_080_400_facing","DX9","avtank","fourteam","80","400","facing",".?AVSubEntity@Ogre@@","RenderableTileCluster_2x3_2x1","RenderableTileCluster_2x3_2x1","MN_DETAIL_ATLAS","<unnamed>","high-pssm","2","0/0","PlayerCam","10","38.3","1","0","1","1","9410.1","38404.2","0","1","0","38404.2","0","0","0","0","0.007000000000000001"
"dx9_avtank_fourteam_080_400_facing","DX9","avtank","fourteam","80","400","facing",".?AVSubEntity@Ogre@@","RenderableTileCluster_2x3_2x1","RenderableTileCluster_2x3_2x1","MN_DETAIL_ATLAS","<unnamed>","glow","0","0/0","PlayerCam","10","58.2","1","0","1","1","9409.1","38400.4","0","1","0","38400.4","0","0","0","0","0.0010000000000000002"
"dx9_avtank_fourteam_080_400_facing","DX9","avtank","fourteam","80","400","facing",".?AVSubEntity@Ogre@@","RenderableTileCluster_2x2_2x3","RenderableTileCluster_2x2_2x3","MN_DETAIL_ATLAS","<unnamed>","high-pssm","1","0/0","PlayerCam","10","26.3","1","0","1","1","9410.1","38404.4","0","1","0","38404.4","0","0","0","0","0.007400000000000001"
"dx9_avtank_fourteam_080_400_facing","DX9","avtank","fourteam","80","400","facing",".?AVSubEntity@Ogre@@","RenderableTileCluster_2x2_3x2","RenderableTileCluster_2x2_3x2","MN_DETAIL_ATLAS","<unnamed>","high-pssm","1","0/0","PlayerCam","10","30.8","1","0","1","1","9410.1","38404.4","0","1","0","38404.4","0","0","0","0","0.005899999999999999"
"dx9_avtank_fourteam_080_400_facing","DX9","avtank","fourteam","80","400","facing",".?AVSubEntity@Ogre@@","RenderableTileCluster_2x2_2x2","RenderableTileCluster_2x2_2x2","MN_DETAIL_ATLAS","<unnamed>","high-pssm","0","0/0","PlayerCam","10","39.5","1","0","1","1","9409.8","38403","0","1","0","38403","0","0","0","0","0.006199999999999999"
"dx9_avtank_fourteam_080_400_facing","DX9","avtank","fourteam","80","400","facing",".?AVSubEntity@Ogre@@","RenderableTileCluster_2x2_1x1","RenderableTileCluster_2x2_1x1","MN_DETAIL_ATLAS","<unnamed>","glow","0","0/0","PlayerCam","10","67.1","1","0","1","1","9409.1","38400.4","0","1","0","38400.4","0","0","0","0","0.0010000000000000002"
"dx9_avtank_fourteam_080_400_facing","DX9","avtank","fourteam","80","400","facing",".?AVSubEntity@Ogre@@","RenderableTileCluster_2x2_0x3","RenderableTileCluster_2x2_0x3","MN_DETAIL_ATLAS","<unnamed>","high-pssm","1","0/0","PlayerCam","10","34.8","1","0","1","1","9410.1","38404.4","0","1","0","38404.4","0","0","0","0","0.004999999999999999"
"dx9_avtank_fourteam_080_400_facing","DX9","avtank","fourteam","80","400","facing",".?AVSubEntity@Ogre@@","RenderableTileCluster_2x2_0x3","RenderableTileCluster_2x2_0x3","MN_DETAIL_ATLAS","<unnamed>","glow","0","0/0","PlayerCam","10","59.1","1","0","1","1","9409.1","38400.4","0","1","0","38400.4","0","0","0","0","0.0010000000000000002"
"dx9_avtank_fourteam_080_400_facing","DX9","avtank","fourteam","80","400","facing",".?AVSubEntity@Ogre@@","RenderableTileCluster_2x2_0x2","RenderableTileCluster_2x2_0x2","MN_DETAIL_ATLAS","<unnamed>","high-pssm","1","0/0","PlayerCam","10","33.4","1","0","1","1","9410.1","38404.4","0","1","0","38404.4","0","0","0","0","0.004999999999999999"
"dx9_avtank_fourteam_080_400_facing","DX9","avtank","fourteam","80","400","facing",".?AVSubEntity@Ogre@@","RenderableTileCluster_2x2_0x2","RenderableTileCluster_2x2_0x2","MN_DETAIL_ATLAS","<unnamed>","glow","0","0/0","PlayerCam","10","56","1","0","1","1","9409.1","38400.4","0","1","0","38400.4","0","0","0","0","0.0010000000000000002"
"dx9_avtank_fourteam_080_400_facing","DX9","avtank","fourteam","80","400","facing",".?AVSubEntity@Ogre@@","RenderableTileCluster_1x3_3x1","RenderableTileCluster_1x3_3x1","MN_DETAIL_ATLAS","<unnamed>","high-pssm","2","0/0","PlayerCam","10","56.7","1","0","1","1","9409.8","38403","0","1","0","38403","0","0","0","0","0.0020000000000000005"
"dx9_avtank_fourteam_080_400_facing","DX9","avtank","fourteam","80","400","facing",".?AVSubEntity@Ogre@@","RenderableTileCluster_1x3_3x1","RenderableTileCluster_1x3_3x1","MN_DETAIL_ATLAS","<unnamed>","glow","0","0/0","PlayerCam","10","69.6","1","0","1","1","9409.1","38400.4","0","1","0","38400.4","0","0","0","0","0.0010000000000000002"
"dx9_avtank_fourteam_080_400_facing","DX9","avtank","fourteam","80","400","facing",".?AVSubEntity@Ogre@@","RenderableTileCluster_1x3_3x0","RenderableTileCluster_1x3_3x0","MN_DETAIL_ATLAS","<unnamed>","high-pssm","2","0/0","PlayerCam","10","41.5","1","0","1","1","9410.1","38404.4","0","1","0","38404.4","0","0","0","0","0.0029999999999999996"
"dx9_avtank_fourteam_080_400_facing","DX9","avtank","fourteam","80","400","facing",".?AVSubEntity@Ogre@@","RenderableTileCluster_1x3_3x0","RenderableTileCluster_1x3_3x0","MN_DETAIL_ATLAS","<unnamed>","glow","0","0/0","PlayerCam","10","61.4","1","0","1","1","9409.1","38400.4","0","1","0","38400.4","0","0","0","0","0.0010000000000000002"
"dx9_avtank_fourteam_080_400_facing","DX9","avtank","fourteam","80","400","facing",".?AVSubEntity@Ogre@@","RenderableTileCluster_1x3_2x1","RenderableTileCluster_1x3_2x1","MN_DETAIL_ATLAS","<unnamed>","high-pssm","2","0/0","PlayerCam","10","44.2","1","0","1","1","9410.1","38404.4","0","1","0","38404.4","0","0","0","0","0.0029999999999999996"
"dx9_avtank_fourteam_080_400_facing","DX9","avtank","fourteam","80","400","facing",".?AVSubEntity@Ogre@@","RenderableTileCluster_1x3_2x1","RenderableTileCluster_1x3_2x1","MN_DETAIL_ATLAS","<unnamed>","glow","0","0/0","PlayerCam","10","54.4","1","0","1","1","9409.1","38400.4","0","1","0","38400.4","0","0","0","0","0.0010000000000000002"
"dx9_avtank_fourteam_080_400_facing","DX9","avtank","fourteam","80","400","facing",".?AVSubEntity@Ogre@@","RenderableTileCluster_1x3_2x0","RenderableTileCluster_1x3_2x0","MN_DETAIL_ATLAS","<unnamed>","high-pssm","2","0/0","PlayerCam","10","38.7","1","0","1","1","9410.1","38404.4","0","1","0","38404.4","0","0","0","0","0.0030999999999999995"
"dx9_avtank_fourteam_080_400_facing","DX9","avtank","fourteam","80","400","facing",".?AVSubEntity@Ogre@@","RenderableTileCluster_1x3_2x0","RenderableTileCluster_1x3_2x0","MN_DETAIL_ATLAS","<unnamed>","glow","0","0/0","PlayerCam","10","46.9","1","0","1","1","9409.1","38400.4","0","1","0","38400.4","0","0","0","0","0.0010000000000000002"
"dx9_avtank_fourteam_080_400_facing","DX9","avtank","fourteam","80","400","facing",".?AVSubEntity@Ogre@@","RenderableTileCluster_1x3_1x1","RenderableTileCluster_1x3_1x1","MN_DETAIL_ATLAS","<unnamed>","high-pssm","2","0/0","PlayerCam","10","52.3","1","0","1","1","9410.1","38404.4","0","1","0","38404.4","0","0","0","0","0.0020000000000000005"
"dx9_avtank_fourteam_080_400_facing","DX9","avtank","fourteam","80","400","facing",".?AVSubEntity@Ogre@@","RenderableTileCluster_1x3_1x1","RenderableTileCluster_1x3_1x1","MN_DETAIL_ATLAS","<unnamed>","glow","0","0/0","PlayerCam","10","61.9","1","0","1","1","9409.1","38400.4","0","1","0","38400.4","0","0","0","0","0.0010000000000000002"
"dx9_avtank_fourteam_080_400_facing","DX9","avtank","fourteam","80","400","facing",".?AVSubEntity@Ogre@@","RenderableTileCluster_1x2_3x3","RenderableTileCluster_1x2_3x3","MN_DETAIL_ATLAS","<unnamed>","high-pssm","2","0/0","PlayerCam","10","47.2","1","0","1","1","9410.1","38404.2","0","1","0","38403","0","0","0","0","0.0029999999999999996"
"dx9_avtank_fourteam_080_400_facing","DX9","avtank","fourteam","80","400","facing",".?AVSubEntity@Ogre@@","RenderableTileCluster_1x2_3x3","RenderableTileCluster_1x2_3x3","MN_DETAIL_ATLAS","<unnamed>","glow","0","0/0","PlayerCam","10","45.9","1","0","1","1","9409.1","38400.4","0","1","0","38400.4","0","0","0","0","0.0010000000000000002"
"dx9_avtank_fourteam_080_400_facing","DX9","avtank","fourteam","80","400","facing",".?AVSubEntity@Ogre@@","Ogre/MO3","avtank.mesh","avtank00","<unnamed>","high-pssm","0","0/0","PlayerCam","10","44.1","1","0","1","1","7062.6","27677.1","0","1","0","27677.1","0","0","0","0","0.0047"
"dx9_avtank_fourteam_080_400_facing","DX9","avtank","fourteam","80","400","facing",".?AVSubEntity@Ogre@@","Ogre/MO3","avtank.mesh","avheadlight00","<unnamed>","high-pssm","0","0/0","PlayerCam","10","28.6","1","0","1","1","153","576.1","0","1","0","576.1","0","0","0","0","0.010999999999999998"
"dx9_avtank_fourteam_080_400_facing","DX9","avtank","fourteam","80","400","facing",".?AVRectangle2D@Ogre@@","<none>","<none>","c7/Glow/Combine","<unnamed>","Default","0","0/0","PlayerCam","10","43","1","0","1","1","4","0","1","0","4","0","0","0","0","0","0.0011000000000000003"
"dx9_avtank_fourteam_080_400_facing","DX9","avtank","fourteam","80","400","facing",".?AVRectangle2D@Ogre@@","<none>","<none>","c6/Glow/BlurH","<unnamed>","Default","0","0/0","PlayerCam","10","40.8","1","0","1","1","4","0","1","0","4","0","0","0","0","0","0.0019000000000000002"
"dx9_avtank_fourteam_080_400_facing","DX9","avtank","fourteam","80","400","facing",".?AVRectangle2D@Ogre@@","<none>","<none>","c5/Glow/BlurV","<unnamed>","Default","0","0/0","PlayerCam","10","37.2","1","0","1","1","4","0","1","0","4","0","0","0","0","0","0.002300000000000001"
"dx9_avtank_fourteam_080_400_facing","DX9","avtank","fourteam","80","400","facing",".?AVRectangle2D@Ogre@@","<none>","<none>","c4/Glow/Downsample","<unnamed>","Default","0","0/0","PlayerCam","10","29.7","1","0","1","1","4","0","1","0","4","0","0","0","0","0","0.0037000000000000006"
"dx9_avtank_fourteam_080_400_facing","DX9","avtank","fourteam","80","400","facing",".?AVDynamicGeometryBatch@@","<none>","<none>","sprite_a","0","Default","0","0/0","PlayerCam","10","51.5","1","0","1","1","4","6","0","1","0","6","0","0","0","0","0.0010000000000000002"
"dx9_avtank_fourteam_080_400_facing","DX9","avtank","fourteam","80","400","facing",".?AVDynamicGeometryBatch@@","<none>","<none>","reticle1","0","Default","0","0/0","PlayerCam","10","69.5","1","0","1","1","4","6","0","1","0","6","0","0","0","0","0.0010000000000000002"
"dx9_avtank_fourteam_080_400_facing","DX9","avtank","fourteam","80","400","facing",".?AVDynamicGeometryBatch@@","<none>","<none>","bzfont","0","Default","0","0/0","PlayerCam","10","71.7","1","0","1","1","496","744","0","1","0","744","0","0","0","0","0.0010000000000000002"
"dx9_avtank_fourteam_080_400_facing","DX9","avtank","fourteam","80","400","facing",".?AVSubEntity@Ogre@@","RenderableTileCluster_2x3_0x0","RenderableTileCluster_2x3_0x0","MN_DETAIL_ATLAS","<unnamed>","high-pssm","2","0/0","PlayerCam","10","48.8","1","0","1","1","9409.8","38403","0","1","0","38403","0","0","0","0","0.0029999999999999996"
"dx9_avtank_fourteam_080_400_facing","DX9","avtank","fourteam","80","400","facing",".?AVSubEntity@Ogre@@","RenderableTileCluster_2x2_1x1","RenderableTileCluster_2x2_1x1","MN_DETAIL_ATLAS","<unnamed>","high-pssm","0","0/0","PlayerCam","10","33.8","1","0","1","1","9409.8","38403","0","1","0","38403","0","0","0","0","0.0075000000000000015"
"dx9_avtank_fourteam_080_400_facing","DX9","avtank","fourteam","80","400","facing",".?AVSubEntity@Ogre@@","RenderableTileCluster_2x2_2x3","RenderableTileCluster_2x2_2x3","MN_DETAIL_ATLAS","<unnamed>","glow","0","0/0","PlayerCam","10","55.1","1","0","1","1","9409.1","38400.4","0","1","0","38400.4","0","0","0","0","0.0010000000000000002"
"dx9_avtank_fourteam_080_400_facing","DX9","avtank","fourteam","80","400","facing",".?AVSubEntity@Ogre@@","RenderableTileCluster_2x3_0x1","RenderableTileCluster_2x3_0x1","MN_DETAIL_ATLAS","<unnamed>","glow","0","0/0","PlayerCam","10","37.1","1","0","1","1","9409.1","38400.4","0","1","0","38400.4","0","0","0","0","0.0021000000000000003"
"dx9_avtank_fourteam_080_400_facing","DX9","avtank","fourteam","80","400","facing",".?AVSubEntity@Ogre@@","RenderableTileCluster_2x2_2x2","RenderableTileCluster_2x2_2x2","MN_DETAIL_ATLAS","<unnamed>","glow","0","0/0","PlayerCam","10","59.1","1","0","1","1","9409.1","38400.4","0","1","0","38400.4","0","0","0","0","0.0010000000000000002"
"dx9_avtank_fourteam_080_400_facing","DX9","avtank","fourteam","80","400","facing",".?AVSubEntity@Ogre@@","RenderableTileCluster_2x2_1x3","RenderableTileCluster_2x2_1x3","MN_DETAIL_ATLAS","<unnamed>","high-pssm","1","0/0","PlayerCam","10","26","1","0","1","1","9410.1","38404.4","0","1","0","38404.4","0","0","0","0","0.007300000000000001"
"dx9_avtank_fourteam_080_400_facing","DX9","avtank","fourteam","80","400","facing",".?AVSubEntity@Ogre@@","RenderableTileCluster_2x2_1x3","RenderableTileCluster_2x2_1x3","MN_DETAIL_ATLAS","<unnamed>","glow","0","0/0","PlayerCam","10","62.1","1","0","1","1","9409.1","38400.4","0","1","0","38400.4","0","0","0","0","0.0010000000000000002"
"dx9_avtank_fourteam_080_400_facing","DX9","avtank","fourteam","80","400","facing",".?AVSubEntity@Ogre@@","RenderableTileCluster_2x2_1x2","RenderableTileCluster_2x2_1x2","MN_DETAIL_ATLAS","<unnamed>","high-pssm","0","0/0","PlayerCam","10","41.2","1","0","1","1","9409.8","38403","0","1","0","38403","0","0","0","0","0.005700000000000001"
"dx9_avtank_fourteam_080_400_facing","DX9","avtank","fourteam","80","400","facing",".?AVSubEntity@Ogre@@","RenderableTileCluster_2x2_1x2","RenderableTileCluster_2x2_1x2","MN_DETAIL_ATLAS","<unnamed>","glow","0","0/0","PlayerCam","10","67.4","1","0","1","1","9409.1","38400.4","0","1","0","38400.4","0","0","0","0","0.0010000000000000002"
"dx9_avtank_fourteam_fire_080_400_facing","DX9","avtank","fourteam_fire","80","400","facing",".?AVSubEntity@Ogre@@","Ogre/MO1","avtank.mesh","Ogre/DepthShadowmap/Caster/Float","<unnamed>","Default","0","0/0","Ogre/ShadowTexture0Cam","10","1","0","242.78000000000003","242.78000000000003","242.78000000000003","593260.2","2302716.8","0","242.78000000000003","0","2302716.8","0","0","0","0","0.22540000000000004"
"dx9_avtank_fourteam_fire_080_400_facing","DX9","avtank","fourteam_fire","80","400","facing",".?AVSubEntity@Ogre@@","Ogre/MO1","avtank.mesh","Ogre/DepthShadowmap/Caster/Float","<unnamed>","Default","0","0/0","Ogre/ShadowTexture2Cam","10","2.9","0","242.78000000000003","242.78000000000003","242.78000000000003","593260.2","2302716.8","0","242.78000000000003","0","2302716.8","0","0","0","0","0.20469999999999997"
"dx9_avtank_fourteam_fire_080_400_facing","DX9","avtank","fourteam_fire","80","400","facing",".?AVSubEntity@Ogre@@","Ogre/MO1","avtank.mesh","Ogre/DepthShadowmap/Caster/Float","<unnamed>","Default","0","0/0","Ogre/ShadowTexture1Cam","10","2.1","0","242.78000000000003","242.78000000000003","242.78000000000003","593260.2","2302716.8","0","242.78000000000003","0","2302716.8","0","0","0","0","0.21000000000000002"
"dx9_avtank_fourteam_fire_080_400_facing","DX9","avtank","fourteam_fire","80","400","facing",".?AVSubEntity@Ogre@@","Ogre/MO271","gatst00.mesh","ordnanceRed","<unnamed>","glow","0","0/0","PlayerCam","10","4.8","179.5","0","179.5","179.5","897.6","3231","0","179.5","0","3231","0","0","0","0","0.1065"
"dx9_avtank_fourteam_fire_080_400_facing","DX9","avtank","fourteam_fire","80","400","facing",".?AVSubEntity@Ogre@@","Ogre/MO271","gatst00.mesh","ordnanceRed","<unnamed>","high-pssm","2","0/0","PlayerCam","10","4.2","179.32","0","179.32","179.32","896.6","3227.7","0","179.32","0","3227.7","0","0","0","0","0.6557"
"dx9_avtank_fourteam_fire_080_400_facing","DX9","avtank","fourteam_fire","80","400","facing",".?AVSubEntity@Ogre@@","Ogre/MO3","avtank.mesh","avtank00","<unnamed>","glow","0","0/0","PlayerCam","10","7.6","81","0","81","81","572000.6","2241591.5","0","81","0","2241591.5","0","0","0","0","0.07249999999999998"
"dx9_avtank_fourteam_fire_080_400_facing","DX9","avtank","fourteam_fire","80","400","facing",".?AVSubEntity@Ogre@@","Ogre/MO3","avtank.mesh","avtank01","<unnamed>","glow","0","0/0","PlayerCam","10","8.4","81","0","81","81","9395.6","16523.2","0","81","0","16523.2","0","0","0","0","0.071"
"dx9_avtank_fourteam_fire_080_400_facing","DX9","avtank","fourteam_fire","80","400","facing",".?AVSubEntity@Ogre@@","Ogre/MO3","avtank.mesh","avheadlight00","<unnamed>","glow","0","0/0","PlayerCam","10","6.8","81","0","81","81","12392.5","46653.9","0","81","0","46653.9","0","0","0","0","0.07669999999999999"
"dx9_avtank_fourteam_fire_080_400_facing","DX9","avtank","fourteam_fire","80","400","facing",".?AVSubEntity@Ogre@@","Ogre/MO3","avtank.mesh","avtank01","<unnamed>","high-pssm","0","0/0","PlayerCam","10","7.2","80.94","0","80.94","80.94","9387.9","16509.8","0","80.94","0","16509.8","0","0","0","0","0.2545"
"dx9_avtank_fourteam_fire_080_400_facing","DX9","avtank","fourteam_fire","80","400","facing",".?AVSubEntity@Ogre@@","Ogre/MO82","avtank.mesh","avtank00","<unnamed>","high-pssm","2","0/0","PlayerCam","10","10.9","79.92999999999999","0","79.92999999999999","79.92999999999999","564473.3","2212092.8","0","79.92999999999999","0","2212092.8","0","0","0","0","0.09059999999999999"
"dx9_avtank_fourteam_fire_080_400_facing","DX9","avtank","fourteam_fire","80","400","facing",".?AVSubEntity@Ogre@@","Ogre/MO82","avtank.mesh","avheadlight00","<unnamed>","high-pssm","2","0/0","PlayerCam","10","10.1","79.92","0","79.92","79.92","12228.8","46037.7","0","79.92","0","46037.7","0","0","0","0","0.33080000000000004"
"dx9_avtank_fourteam_fire_080_400_facing","DX9","avtank","fourteam_fire","80","400","facing",".?AVDynamicGeometryBatch@@","<none>","<none>","grndchar.tga","glow","glow","0","0/0","PlayerCam","10","13.7","4.720000000000001","0","4.720000000000001","4.720000000000001","639.1","1790.3","0","4.720000000000001","0","1790.3","0","0","0","0","0.004"
"dx9_avtank_fourteam_fire_080_400_facing","DX9","avtank","fourteam_fire","80","400","facing",".?AVDynamicGeometryBatch@@","<none>","<none>","grndchar.tga","0","Default","0","0/0","PlayerCam","10","12.9","4.71","0","4.71","4.71","638.6","1788.7","0","4.71","0","1788.7","0","0","0","0","0.0049"
"dx9_avtank_fourteam_fire_080_400_facing","DX9","avtank","fourteam_fire","80","400","facing",".?AVDynamicGeometryBatch@@","<none>","<none>","ground.tga","0","Default","0","0/0","PlayerCam","10","15.2","4.290000000000001","0","4.290000000000001","4.290000000000001","167.2","250.7","0","4.290000000000001","0","250.7","0","0","0","0","0.0045"
"dx9_avtank_fourteam_fire_080_400_facing","DX9","avtank","fourteam_fire","80","400","facing",".?AVDynamicGeometryBatch@@","<none>","<none>","ground.tga","glow","glow","0","0/0","PlayerCam","10","15.8","4.28","0","4.28","4.28","167.2","250.9","0","4.28","0","250.9","0","0","0","0","0.003999999999999999"
"dx9_avtank_fourteam_fire_080_400_facing","DX9","avtank","fourteam_fire","80","400","facing",".?AVDynamicGeometryBatch@@","<none>","<none>","vsmoke.tga","glow","glow","0","0/0","PlayerCam","10","16.3","4.26","0","4.26","4.26","13339.1","79702.3","0","4.26","0","79702.3","0","0","0","0","0.0035000000000000005"
"dx9_avtank_fourteam_fire_080_400_facing","DX9","avtank","fourteam_fire","80","400","facing",".?AVDynamicGeometryBatch@@","<none>","<none>","vsmoke.tga","0","Default","0","0/0","PlayerCam","10","15.8","4.239999999999999","0","4.239999999999999","4.239999999999999","13331.9","79659.6","0","4.239999999999999","0","79659.6","0","0","0","0","0.0042"
"dx9_avtank_fourteam_fire_080_400_facing","DX9","avtank","fourteam_fire","80","400","facing",".?AVDynamicGeometryBatch@@","<none>","<none>","flame2.tga","0","Default","0","0/0","PlayerCam","10","17","4.180000000000001","0","4.180000000000001","4.180000000000001","110.7","166","0","4.180000000000001","0","166","0","0","0","0","0.0038000000000000004"
"dx9_avtank_fourteam_fire_080_400_facing","DX9","avtank","fourteam_fire","80","400","facing",".?AVDynamicGeometryBatch@@","<none>","<none>","flame2.tga","glow","glow","0","0/0","PlayerCam","10","17.3","4.17","0","4.17","4.17","110.7","166.1","0","4.17","0","166.1","0","0","0","0","0.0035000000000000005"
"dx9_avtank_fourteam_fire_080_400_facing","DX9","avtank","fourteam_fire","80","400","facing",".?AVDynamicGeometryBatch@@","<none>","<none>","smoke.tga","0","Default","0","0/0","PlayerCam","10","20.2","3.6199999999999997","0","3.6199999999999997","3.6199999999999997","255.7","383.7","0","3.6199999999999997","0","383.7","0","0","0","0","0.0039000000000000007"
"dx9_avtank_fourteam_fire_080_400_facing","DX9","avtank","fourteam_fire","80","400","facing",".?AVDynamicGeometryBatch@@","<none>","<none>","smoke.tga","glow","glow","0","0/0","PlayerCam","10","20.8","3.6199999999999997","0","3.6199999999999997","3.6199999999999997","255.9","384","0","3.6199999999999997","0","384","0","0","0","0","0.0033"
"dx9_avtank_fourteam_fire_080_400_facing","DX9","avtank","fourteam_fire","80","400","facing",".?AVDynamicGeometryBatch@@","<none>","<none>","HUDcomba","0","Default","0","0/0","PlayerCam","10","22","3","0","3","3","36","54","0","3","0","54","0","0","0","0","0.004999999999999999"
"dx9_avtank_fourteam_fire_080_400_facing","DX9","avtank","fourteam_fire","80","400","facing",".?AVDynamicGeometryBatch@@","<none>","<none>","Untextured","0","Default","0","0/0","PlayerCam","10","23","3","0","3","3","9999.6","19671.3","0","3","0","19671.3","0","0","0","0","0.0038000000000000004"
"dx9_avtank_fourteam_fire_080_400_facing","DX9","avtank","fourteam_fire","80","400","facing",".?AVDynamicGeometryBatch@@","<none>","<none>","sprite_n","0","Default","0","0/0","PlayerCam","10","24","2","0","2","2","40","60","0","2","0","60","0","0","0","0","0.0020000000000000005"
"dx9_avtank_fourteam_fire_080_400_facing","DX9","avtank","fourteam_fire","80","400","facing",".?AVDynamicGeometryBatch@@","<none>","<none>","sprite_a","0","Default","0","0/0","PlayerCam","10","65.7","1","0","1","1","4","6","0","1","0","6","0","0","0","0","0.0010000000000000002"
"dx9_avtank_fourteam_fire_080_400_facing","DX9","avtank","fourteam_fire","80","400","facing",".?AVDynamicGeometryBatch@@","<none>","<none>","reticle1","0","Default","0","0/0","PlayerCam","10","75.2","1","0","1","1","4","6","0","1","0","6","0","0","0","0","0.0010000000000000002"
"dx9_avtank_fourteam_fire_080_400_facing","DX9","avtank","fourteam_fire","80","400","facing",".?AVSubEntity@Ogre@@","RenderableTileCluster_2x3_2x0","RenderableTileCluster_2x3_2x0","MN_DETAIL_ATLAS","<unnamed>","high-pssm","2","0/0","PlayerCam","10","42.1","1","0","1","1","9400.3","38364.3","0","1","0","38364.3","0","0","0","0","0.008299999999999998"
"dx9_avtank_fourteam_fire_080_400_facing","DX9","avtank","fourteam_fire","80","400","facing",".?AVSubEntity@Ogre@@","RenderableTileCluster_2x3_2x0","RenderableTileCluster_2x3_2x0","MN_DETAIL_ATLAS","<unnamed>","glow","0","0/0","PlayerCam","10","76.1","1","0","1","1","9401","38367.3","0","1","0","38367.3","0","0","0","0","0.0010000000000000002"
"dx9_avtank_fourteam_fire_080_400_facing","DX9","avtank","fourteam_fire","80","400","facing",".?AVSubEntity@Ogre@@","Ogre/MO4","Sky","STARS.MAP","<unnamed>","Default","0","0/0","PlayerCam","10","36.4","1","0","1","1","135.9","203.8","0","1","0","203.8","0","0","0","0","0.013500000000000002"
"dx9_avtank_fourteam_fire_080_400_facing","DX9","avtank","fourteam_fire","80","400","facing",".?AVSubEntity@Ogre@@","Ogre/MO4","Sky","MILKYWAY.MAP","<unnamed>","Default","0","0/0","PlayerCam","10","68.5","1","0","1","1","4","6","0","1","0","6","0","0","0","0","0.0021"
"dx9_avtank_fourteam_fire_080_400_facing","DX9","avtank","fourteam_fire","80","400","facing",".?AVSubEntity@Ogre@@","Ogre/MO4","Sky","EARTHGOOD.MAP","<unnamed>","Default","0","0/0","PlayerCam","10","69.7","1","0","1","1","4","6","0","1","0","6","0","0","0","0","0.0021"
"dx9_avtank_fourteam_fire_080_400_facing","DX9","avtank","fourteam_fire","80","400","facing",".?AVSubEntity@Ogre@@","RenderableTileCluster_3x3_2x1","RenderableTileCluster_3x3_2x1","MN_DETAIL_ATLAS","<unnamed>","high-pssm","2","0/0","PlayerCam","10","61.8","1","0","1","1","9400.3","38364.3","0","1","0","38364.3","0","0","0","0","0.0032"
"dx9_avtank_fourteam_fire_080_400_facing","DX9","avtank","fourteam_fire","80","400","facing",".?AVSubEntity@Ogre@@","RenderableTileCluster_3x3_2x1","RenderableTileCluster_3x3_2x1","MN_DETAIL_ATLAS","<unnamed>","glow","0","0/0","PlayerCam","10","67.2","1","0","1","1","9408.5","38397.8","0","1","0","38397.8","0","0","0","0","0.0010000000000000002"
"dx9_avtank_fourteam_fire_080_400_facing","DX9","avtank","fourteam_fire","80","400","facing",".?AVSubEntity@Ogre@@","RenderableTileCluster_3x3_1x1","RenderableTileCluster_3x3_1x1","MN_DETAIL_ATLAS","<unnamed>","high-pssm","2","0/0","PlayerCam","10","59.7","1","0","1","1","9400.3","38364.3","0","1","0","38364.3","0","0","0","0","0.0035000000000000005"
"dx9_avtank_fourteam_fire_080_400_facing","DX9","avtank","fourteam_fire","80","400","facing",".?AVSubEntity@Ogre@@","RenderableTileCluster_3x3_1x1","RenderableTileCluster_3x3_1x1","MN_DETAIL_ATLAS","<unnamed>","glow","0","0/0","PlayerCam","10","64.1","1","0","1","1","9408.5","38397.8","0","1","0","38397.8","0","0","0","0","0.0010000000000000002"
"dx9_avtank_fourteam_fire_080_400_facing","DX9","avtank","fourteam_fire","80","400","facing",".?AVSubEntity@Ogre@@","RenderableTileCluster_3x3_1x0","RenderableTileCluster_3x3_1x0","MN_DETAIL_ATLAS","<unnamed>","high-pssm","2","0/0","PlayerCam","10","58.6","1","0","1","1","9400.3","38364.3","0","1","0","38364.3","0","0","0","0","0.0038000000000000004"
"dx9_avtank_fourteam_fire_080_400_facing","DX9","avtank","fourteam_fire","80","400","facing",".?AVSubEntity@Ogre@@","RenderableTileCluster_3x3_1x0","RenderableTileCluster_3x3_1x0","MN_DETAIL_ATLAS","<unnamed>","glow","0","0/0","PlayerCam","10","59.2","1","0","1","1","9408.5","38397.8","0","1","0","38397.8","0","0","0","0","0.0010000000000000002"
"dx9_avtank_fourteam_fire_080_400_facing","DX9","avtank","fourteam_fire","80","400","facing",".?AVSubEntity@Ogre@@","RenderableTileCluster_3x3_0x1","RenderableTileCluster_3x3_0x1","MN_DETAIL_ATLAS","<unnamed>","high-pssm","2","0/0","PlayerCam","10","59.7","1","0","1","1","9400.3","38364.3","0","1","0","38364.3","0","0","0","0","0.0037000000000000006"
"dx9_avtank_fourteam_fire_080_400_facing","DX9","avtank","fourteam_fire","80","400","facing",".?AVSubEntity@Ogre@@","RenderableTileCluster_3x3_0x1","RenderableTileCluster_3x3_0x1","MN_DETAIL_ATLAS","<unnamed>","glow","0","0/0","PlayerCam","10","71.1","1","0","1","1","9408.5","38397.8","0","1","0","38397.8","0","0","0","0","0.0010000000000000002"
"dx9_avtank_fourteam_fire_080_400_facing","DX9","avtank","fourteam_fire","80","400","facing",".?AVSubEntity@Ogre@@","RenderableTileCluster_3x3_0x0","RenderableTileCluster_3x3_0x0","MN_DETAIL_ATLAS","<unnamed>","high-pssm","2","0/0","PlayerCam","10","62.5","1","0","1","1","9400.3","38364.3","0","1","0","38364.3","0","0","0","0","0.0033"
"dx9_avtank_fourteam_fire_080_400_facing","DX9","avtank","fourteam_fire","80","400","facing",".?AVSubEntity@Ogre@@","RenderableTileCluster_3x3_0x0","RenderableTileCluster_3x3_0x0","MN_DETAIL_ATLAS","<unnamed>","glow","0","0/0","PlayerCam","10","63.6","1","0","1","1","9408.5","38397.8","0","1","0","38397.8","0","0","0","0","0.0010000000000000002"
"dx9_avtank_fourteam_fire_080_400_facing","DX9","avtank","fourteam_fire","80","400","facing",".?AVSubEntity@Ogre@@","RenderableTileCluster_3x2_0x3","RenderableTileCluster_3x2_0x3","MN_DETAIL_ATLAS","<unnamed>","high-pssm","2","0/0","PlayerCam","10","56.5","1","0","1","1","9400.3","38364.3","0","1","0","38364.3","0","0","0","0","0.0039000000000000007"
"dx9_avtank_fourteam_fire_080_400_facing","DX9","avtank","fourteam_fire","80","400","facing",".?AVSubEntity@Ogre@@","RenderableTileCluster_3x2_0x3","RenderableTileCluster_3x2_0x3","MN_DETAIL_ATLAS","<unnamed>","glow","0","0/0","PlayerCam","10","57.9","1","0","1","1","9408.5","38397.8","0","1","0","38397.8","0","0","0","0","0.0010999999999999998"
"dx9_avtank_fourteam_fire_080_400_facing","DX9","avtank","fourteam_fire","80","400","facing",".?AVSubEntity@Ogre@@","RenderableTileCluster_2x3_3x1","RenderableTileCluster_2x3_3x1","MN_DETAIL_ATLAS","<unnamed>","high-pssm","2","0/0","PlayerCam","10","52.6","1","0","1","1","9400.3","38364.3","0","1","0","38364.3","0","0","0","0","0.0050999999999999995"
"dx9_avtank_fourteam_fire_080_400_facing","DX9","avtank","fourteam_fire","80","400","facing",".?AVSubEntity@Ogre@@","RenderableTileCluster_2x3_3x1","RenderableTileCluster_2x3_3x1","MN_DETAIL_ATLAS","<unnamed>","glow","0","0/0","PlayerCam","10","70.9","1","0","1","1","9408.5","38397.8","0","1","0","38397.8","0","0","0","0","0.0010000000000000002"
"dx9_avtank_fourteam_fire_080_400_facing","DX9","avtank","fourteam_fire","80","400","facing",".?AVSubEntity@Ogre@@","RenderableTileCluster_2x3_3x0","RenderableTileCluster_2x3_3x0","MN_DETAIL_ATLAS","<unnamed>","high-pssm","2","0/0","PlayerCam","10","53.8","1","0","1","1","9400.3","38364.3","0","1","0","38364.3","0","0","0","0","0.0046"
"dx9_avtank_fourteam_fire_080_400_facing","DX9","avtank","fourteam_fire","80","400","facing",".?AVSubEntity@Ogre@@","RenderableTileCluster_2x3_3x0","RenderableTileCluster_2x3_3x0","MN_DETAIL_ATLAS","<unnamed>","glow","0","0/0","PlayerCam","10","60.2","1","0","1","1","9401","38367.3","0","1","0","38367.3","0","0","0","0","0.0013999999999999998"
"dx9_avtank_fourteam_fire_080_400_facing","DX9","avtank","fourteam_fire","80","400","facing",".?AVSubEntity@Ogre@@","RenderableTileCluster_2x3_2x1","RenderableTileCluster_2x3_2x1","MN_DETAIL_ATLAS","<unnamed>","high-pssm","2","0/0","PlayerCam","10","45.4","1","0","1","1","9400.3","38364.3","0","1","0","38364.3","0","0","0","0","0.007800000000000001"
"dx9_avtank_fourteam_fire_080_400_facing","DX9","avtank","fourteam_fire","80","400","facing",".?AVSubEntity@Ogre@@","RenderableTileCluster_2x3_2x1","RenderableTileCluster_2x3_2x1","MN_DETAIL_ATLAS","<unnamed>","glow","0","0/0","PlayerCam","10","79.2","1","0","1","1","9408.5","38397.8","0","1","0","38397.8","0","0","0","0","0.0010000000000000002"
"dx9_avtank_fourteam_fire_080_400_facing","DX9","avtank","fourteam_fire","80","400","facing",".?AVDynamicGeometryBatch@@","<none>","<none>","bzfont","0","Default","0","0/0","PlayerCam","10","76.5","1","0","1","1","496","744","0","1","0","744","0","0","0","0","0.0010000000000000002"
"dx9_avtank_fourteam_fire_080_400_facing","DX9","avtank","fourteam_fire","80","400","facing",".?AVSubEntity@Ogre@@","RenderableTileCluster_2x3_1x0","RenderableTileCluster_2x3_1x0","MN_DETAIL_ATLAS","<unnamed>","high-pssm","2","0/0","PlayerCam","10","42.3","1","0","1","1","9400.3","38364.3","0","1","0","38364.3","0","0","0","0","0.008199999999999999"
"dx9_avtank_fourteam_fire_080_400_facing","DX9","avtank","fourteam_fire","80","400","facing",".?AVRectangle2D@Ogre@@","<none>","<none>","c7/Glow/Combine","<unnamed>","Default","0","0/0","PlayerCam","10","52.9","1","0","1","1","4","0","1","0","4","0","0","0","0","0","0.0012000000000000001"
"dx9_avtank_fourteam_fire_080_400_facing","DX9","avtank","fourteam_fire","80","400","facing",".?AVRectangle2D@Ogre@@","<none>","<none>","c5/Glow/BlurV","<unnamed>","Default","0","0/0","PlayerCam","10","49.7","1","0","1","1","4","0","1","0","4","0","0","0","0","0","0.0025"
"dx9_avtank_fourteam_fire_080_400_facing","DX9","avtank","fourteam_fire","80","400","facing",".?AVSubEntity@Ogre@@","RenderableTileCluster_2x2_1x2","RenderableTileCluster_2x2_1x2","MN_DETAIL_ATLAS","<unnamed>","glow","0","0/0","PlayerCam","10","65.1","1","0","1","1","9408.5","38397.8","0","1","0","38397.8","0","0","0","0","0.0010000000000000002"
"dx9_avtank_fourteam_fire_080_400_facing","DX9","avtank","fourteam_fire","80","400","facing",".?AVSubEntity@Ogre@@","RenderableTileCluster_2x2_1x2","RenderableTileCluster_2x2_1x2","MN_DETAIL_ATLAS","<unnamed>","high-pssm","0","0/0","PlayerCam","10","48.6","1","0","1","1","9400.3","38364.3","0","1","0","38364.3","0","0","0","0","0.006599999999999999"
"dx9_avtank_fourteam_fire_080_400_facing","DX9","avtank","fourteam_fire","80","400","facing",".?AVSubEntity@Ogre@@","RenderableTileCluster_2x2_1x3","RenderableTileCluster_2x2_1x3","MN_DETAIL_ATLAS","<unnamed>","glow","0","0/0","PlayerCam","10","72.5","1","0","1","1","9401","38367.3","0","1","0","38367.3","0","0","0","0","0.0010000000000000002"
"dx9_avtank_fourteam_fire_080_400_facing","DX9","avtank","fourteam_fire","80","400","facing",".?AVSubEntity@Ogre@@","RenderableTileCluster_2x2_1x3","RenderableTileCluster_2x2_1x3","MN_DETAIL_ATLAS","<unnamed>","high-pssm","1","0/0","PlayerCam","10","38.4","1","0","1","1","9400.3","38364.3","0","1","0","38364.3","0","0","0","0","0.011199999999999998"
"dx9_avtank_fourteam_fire_080_400_facing","DX9","avtank","fourteam_fire","80","400","facing",".?AVSubEntity@Ogre@@","RenderableTileCluster_2x2_2x2","RenderableTileCluster_2x2_2x2","MN_DETAIL_ATLAS","<unnamed>","glow","0","0/0","PlayerCam","10","71.1","1","0","1","1","9401","38367.3","0","1","0","38367.3","0","0","0","0","0.0010000000000000002"
"dx9_avtank_fourteam_fire_080_400_facing","DX9","avtank","fourteam_fire","80","400","facing",".?AVSubEntity@Ogre@@","RenderableTileCluster_2x2_2x2","RenderableTileCluster_2x2_2x2","MN_DETAIL_ATLAS","<unnamed>","high-pssm","0","0/0","PlayerCam","10","41.2","1","0","1","1","9400.3","38364.3","0","1","0","38364.3","0","0","0","0","0.008499999999999999"
"dx9_avtank_fourteam_fire_080_400_facing","DX9","avtank","fourteam_fire","80","400","facing",".?AVSubEntity@Ogre@@","RenderableTileCluster_2x2_2x3","RenderableTileCluster_2x2_2x3","MN_DETAIL_ATLAS","<unnamed>","glow","0","0/0","PlayerCam","10","77","1","0","1","1","9408.5","38397.8","0","1","0","38397.8","0","0","0","0","0.0010000000000000002"
"dx9_avtank_fourteam_fire_080_400_facing","DX9","avtank","fourteam_fire","80","400","facing",".?AVSubEntity@Ogre@@","RenderableTileCluster_2x2_2x3","RenderableTileCluster_2x2_2x3","MN_DETAIL_ATLAS","<unnamed>","high-pssm","1","0/0","PlayerCam","10","38.4","1","0","1","1","9400.3","38364.3","0","1","0","38364.3","0","0","0","0","0.011199999999999998"
"dx9_avtank_fourteam_fire_080_400_facing","DX9","avtank","fourteam_fire","80","400","facing",".?AVSubEntity@Ogre@@","RenderableTileCluster_2x2_3x2","RenderableTileCluster_2x2_3x2","MN_DETAIL_ATLAS","<unnamed>","glow","0","0/0","PlayerCam","10","53.7","1","0","1","1","9408.5","38397.8","0","1","0","38397.8","0","0","0","0","0.0013999999999999998"
"dx9_avtank_fourteam_fire_080_400_facing","DX9","avtank","fourteam_fire","80","400","facing",".?AVSubEntity@Ogre@@","RenderableTileCluster_2x2_3x2","RenderableTileCluster_2x2_3x2","MN_DETAIL_ATLAS","<unnamed>","high-pssm","1","0/0","PlayerCam","10","45.4","1","0","1","1","9400.3","38364.3","0","1","0","38364.3","0","0","0","0","0.007800000000000001"
"dx9_avtank_fourteam_fire_080_400_facing","DX9","avtank","fourteam_fire","80","400","facing",".?AVSubEntity@Ogre@@","RenderableTileCluster_2x2_3x3","RenderableTileCluster_2x2_3x3","MN_DETAIL_ATLAS","<unnamed>","glow","0","0/0","PlayerCam","10","79.1","1","0","1","1","9408.5","38397.8","0","1","0","38397.8","0","0","0","0","0.0010000000000000002"
"dx9_avtank_fourteam_fire_080_400_facing","DX9","avtank","fourteam_fire","80","400","facing",".?AVSubEntity@Ogre@@","RenderableTileCluster_2x2_3x3","RenderableTileCluster_2x2_3x3","MN_DETAIL_ATLAS","<unnamed>","high-pssm","1","0/0","PlayerCam","10","50.1","1","0","1","1","9400.3","38364.3","0","1","0","38364.3","0","0","0","0","0.005999999999999999"
"dx9_avtank_fourteam_fire_080_400_facing","DX9","avtank","fourteam_fire","80","400","facing",".?AVSubEntity@Ogre@@","RenderableTileCluster_2x3_0x0","RenderableTileCluster_2x3_0x0","MN_DETAIL_ATLAS","<unnamed>","glow","0","0/0","PlayerCam","10","77.2","1","0","1","1","9408.5","38397.8","0","1","0","38397.8","0","0","0","0","0.0010000000000000002"
"dx9_avtank_fourteam_fire_080_400_facing","DX9","avtank","fourteam_fire","80","400","facing",".?AVSubEntity@Ogre@@","RenderableTileCluster_2x3_0x0","RenderableTileCluster_2x3_0x0","MN_DETAIL_ATLAS","<unnamed>","high-pssm","2","0/0","PlayerCam","10","58.4","1","0","1","1","9400.3","38364.3","0","1","0","38364.3","0","0","0","0","0.0035000000000000005"
"dx9_avtank_fourteam_fire_080_400_facing","DX9","avtank","fourteam_fire","80","400","facing",".?AVSubEntity@Ogre@@","RenderableTileCluster_2x3_0x1","RenderableTileCluster_2x3_0x1","MN_DETAIL_ATLAS","<unnamed>","glow","0","0/0","PlayerCam","10","48.5","1","0","1","1","9408.5","38397.8","0","1","0","38397.8","0","0","0","0","0.0029999999999999996"
"dx9_avtank_fourteam_fire_080_400_facing","DX9","avtank","fourteam_fire","80","400","facing",".?AVSubEntity@Ogre@@","RenderableTileCluster_2x3_0x1","RenderableTileCluster_2x3_0x1","MN_DETAIL_ATLAS","<unnamed>","high-pssm","2","0/0","PlayerCam","10","48","1","0","1","1","9400.3","38364.3","0","1","0","38364.3","0","0","0","0","0.006199999999999999"
"dx9_avtank_fourteam_fire_080_400_facing","DX9","avtank","fourteam_fire","80","400","facing",".?AVSubEntity@Ogre@@","RenderableTileCluster_2x3_1x0","RenderableTileCluster_2x3_1x0","MN_DETAIL_ATLAS","<unnamed>","glow","0","0/0","PlayerCam","10","79.3","1","0","1","1","9401","38367.3","0","1","0","38367.3","0","0","0","0","0.0010000000000000002"
"dx9_avtank_fourteam_fire_080_400_facing","DX9","avtank","fourteam_fire","80","400","facing",".?AVSubEntity@Ogre@@","RenderableTileCluster_2x2_1x1","RenderableTileCluster_2x2_1x1","MN_DETAIL_ATLAS","<unnamed>","high-pssm","0","0/0","PlayerCam","10","39.7","1","0","1","1","9400.3","38364.3","0","1","0","38364.3","0","0","0","0","0.010199999999999999"
"dx9_avtank_fourteam_fire_080_400_facing","DX9","avtank","fourteam_fire","80","400","facing",".?AVSubEntity@Ogre@@","RenderableTileCluster_2x2_1x1","RenderableTileCluster_2x2_1x1","MN_DETAIL_ATLAS","<unnamed>","glow","0","0/0","PlayerCam","10","70.9","1","0","1","1","9408.5","38397.8","0","1","0","38397.8","0","0","0","0","0.0010000000000000002"
"dx9_avtank_fourteam_fire_080_400_facing","DX9","avtank","fourteam_fire","80","400","facing",".?AVSubEntity@Ogre@@","RenderableTileCluster_2x2_0x3","RenderableTileCluster_2x2_0x3","MN_DETAIL_ATLAS","<unnamed>","high-pssm","1","0/0","PlayerCam","10","48.8","1","0","1","1","9400.3","38364.3","0","1","0","38364.3","0","0","0","0","0.006199999999999999"
"dx9_avtank_fourteam_fire_080_400_facing","DX9","avtank","fourteam_fire","80","400","facing",".?AVSubEntity@Ogre@@","RenderableTileCluster_2x2_0x3","RenderableTileCluster_2x2_0x3","MN_DETAIL_ATLAS","<unnamed>","glow","0","0/0","PlayerCam","10","65.9","1","0","1","1","9408.5","38397.8","0","1","0","38397.8","0","0","0","0","0.0010000000000000002"
"dx9_avtank_fourteam_fire_080_400_facing","DX9","avtank","fourteam_fire","80","400","facing",".?AVRectangle2D@Ogre@@","<none>","<none>","c6/Glow/BlurH","<unnamed>","Default","0","0/0","PlayerCam","10","51.4","1","0","1","1","4","0","1","0","4","0","0","0","0","0","0.0019000000000000002"
"dx9_avtank_fourteam_fire_080_400_facing","DX9","avtank","fourteam_fire","80","400","facing",".?AVSubEntity@Ogre@@","RenderableTileCluster_2x3_1x1","RenderableTileCluster_2x3_1x1","MN_DETAIL_ATLAS","<unnamed>","glow","0","0/0","PlayerCam","10","62.2","1","0","1","1","9401","38367.3","0","1","0","38367.3","0","0","0","0","0.0010000000000000002"
"dx9_avtank_fourteam_fire_080_400_facing","DX9","avtank","fourteam_fire","80","400","facing",".?AVSubEntity@Ogre@@","Ogre/MO3","avtank.mesh","avheadlight00","<unnamed>","high-pssm","0","0/0","PlayerCam","10","36.2","1","0","1","1","152.8","575.4","0","1","0","575.4","0","0","0","0","0.013300000000000001"
"dx9_avtank_fourteam_fire_080_400_facing","DX9","avtank","fourteam_fire","80","400","facing",".?AVSubEntity@Ogre@@","Ogre/MO3","avtank.mesh","avtank00","<unnamed>","high-pssm","0","0/0","PlayerCam","10","50.6","1","0","1","1","7055.4","27649.3","0","1","0","27649.3","0","0","0","0","0.005899999999999999"
"dx9_avtank_fourteam_fire_080_400_facing","DX9","avtank","fourteam_fire","80","400","facing",".?AVSubEntity@Ogre@@","RenderableTileCluster_1x2_3x3","RenderableTileCluster_1x2_3x3","MN_DETAIL_ATLAS","<unnamed>","glow","0","0/0","PlayerCam","10","65.4","1","0","1","1","9408.5","38397.8","0","1","0","38397.8","0","0","0","0","0.0010000000000000002"
"dx9_avtank_fourteam_fire_080_400_facing","DX9","avtank","fourteam_fire","80","400","facing",".?AVSubEntity@Ogre@@","RenderableTileCluster_1x2_3x3","RenderableTileCluster_1x2_3x3","MN_DETAIL_ATLAS","<unnamed>","high-pssm","2","0/0","PlayerCam","10","58","1","0","1","1","9400.3","38364.3","0","1","0","38364.3","0","0","0","0","0.0038000000000000004"
"dx9_avtank_fourteam_fire_080_400_facing","DX9","avtank","fourteam_fire","80","400","facing",".?AVSubEntity@Ogre@@","RenderableTileCluster_2x3_1x1","RenderableTileCluster_2x3_1x1","MN_DETAIL_ATLAS","<unnamed>","high-pssm","2","0/0","PlayerCam","10","43.8","1","0","1","1","9400.3","38364.3","0","1","0","38364.3","0","0","0","0","0.008000000000000002"
"dx9_avtank_fourteam_fire_080_400_facing","DX9","avtank","fourteam_fire","80","400","facing",".?AVSubEntity@Ogre@@","RenderableTileCluster_1x3_1x1","RenderableTileCluster_1x3_1x1","MN_DETAIL_ATLAS","<unnamed>","high-pssm","2","0/0","PlayerCam","10","66.4","1","0","1","1","9400.3","38364.3","0","1","0","38364.3","0","0","0","0","0.0029999999999999996"
"dx9_avtank_fourteam_fire_080_400_facing","DX9","avtank","fourteam_fire","80","400","facing",".?AVRectangle2D@Ogre@@","<none>","<none>","c4/Glow/Downsample","<unnamed>","Default","0","0/0","PlayerCam","10","43.9","1","0","1","1","4","0","1","0","4","0","0","0","0","0","0.004000000000000001"
"dx9_avtank_fourteam_fire_080_400_facing","DX9","avtank","fourteam_fire","80","400","facing",".?AVSubEntity@Ogre@@","RenderableTileCluster_1x3_2x0","RenderableTileCluster_1x3_2x0","MN_DETAIL_ATLAS","<unnamed>","glow","0","0/0","PlayerCam","10","60.2","1","0","1","1","9408.5","38397.8","0","1","0","38397.8","0","0","0","0","0.0010000000000000002"
"dx9_avtank_fourteam_fire_080_400_facing","DX9","avtank","fourteam_fire","80","400","facing",".?AVSubEntity@Ogre@@","RenderableTileCluster_1x3_2x1","RenderableTileCluster_1x3_2x1","MN_DETAIL_ATLAS","<unnamed>","glow","0","0/0","PlayerCam","10","70.3","1","0","1","1","9408.5","38397.8","0","1","0","38397.8","0","0","0","0","0.0010000000000000002"
"dx9_avtank_fourteam_fire_080_400_facing","DX9","avtank","fourteam_fire","80","400","facing",".?AVSubEntity@Ogre@@","RenderableTileCluster_1x3_2x1","RenderableTileCluster_1x3_2x1","MN_DETAIL_ATLAS","<unnamed>","high-pssm","2","0/0","PlayerCam","10","64.9","1","0","1","1","9400.3","38364.3","0","1","0","38364.3","0","0","0","0","0.0030999999999999995"
"dx9_avtank_fourteam_fire_080_400_facing","DX9","avtank","fourteam_fire","80","400","facing",".?AVSubEntity@Ogre@@","RenderableTileCluster_1x3_3x0","RenderableTileCluster_1x3_3x0","MN_DETAIL_ATLAS","<unnamed>","glow","0","0/0","PlayerCam","10","74.4","1","0","1","1","9408.5","38397.8","0","1","0","38397.8","0","0","0","0","0.0010000000000000002"
"dx9_avtank_fourteam_fire_080_400_facing","DX9","avtank","fourteam_fire","80","400","facing",".?AVSubEntity@Ogre@@","RenderableTileCluster_1x3_3x0","RenderableTileCluster_1x3_3x0","MN_DETAIL_ATLAS","<unnamed>","high-pssm","2","0/0","PlayerCam","10","61.4","1","0","1","1","9400.3","38364.3","0","1","0","38364.3","0","0","0","0","0.0033"
"dx9_avtank_fourteam_fire_080_400_facing","DX9","avtank","fourteam_fire","80","400","facing",".?AVSubEntity@Ogre@@","RenderableTileCluster_1x3_3x1","RenderableTileCluster_1x3_3x1","MN_DETAIL_ATLAS","<unnamed>","glow","0","0/0","PlayerCam","10","83.2","1","0","1","1","9401","38367.3","0","1","0","38367.3","0","0","0","0","0.0010000000000000002"
"dx9_avtank_fourteam_fire_080_400_facing","DX9","avtank","fourteam_fire","80","400","facing",".?AVSubEntity@Ogre@@","RenderableTileCluster_1x3_3x1","RenderableTileCluster_1x3_3x1","MN_DETAIL_ATLAS","<unnamed>","high-pssm","2","0/0","PlayerCam","10","68","1","0","1","1","9400.3","38364.3","0","1","0","38364.3","0","0","0","0","0.0021999999999999997"
"dx9_avtank_fourteam_fire_080_400_facing","DX9","avtank","fourteam_fire","80","400","facing",".?AVSubEntity@Ogre@@","RenderableTileCluster_2x2_0x2","RenderableTileCluster_2x2_0x2","MN_DETAIL_ATLAS","<unnamed>","glow","0","0/0","PlayerCam","10","57.4","1","0","1","1","9408.5","38397.8","0","1","0","38397.8","0","0","0","0","0.0010999999999999998"
"dx9_avtank_fourteam_fire_080_400_facing","DX9","avtank","fourteam_fire","80","400","facing",".?AVSubEntity@Ogre@@","RenderableTileCluster_2x2_0x2","RenderableTileCluster_2x2_0x2","MN_DETAIL_ATLAS","<unnamed>","high-pssm","1","0/0","PlayerCam","10","49.4","1","0","1","1","9400.3","38364.3","0","1","0","38364.3","0","0","0","0","0.0060999999999999995"
"dx9_avtank_fourteam_fire_080_400_facing","DX9","avtank","fourteam_fire","80","400","facing",".?AVSubEntity@Ogre@@","RenderableTileCluster_1x3_2x0","RenderableTileCluster_1x3_2x0","MN_DETAIL_ATLAS","<unnamed>","high-pssm","2","0/0","PlayerCam","10","59.5","1","0","1","1","9400.3","38364.3","0","1","0","38364.3","0","0","0","0","0.0036000000000000003"
"dx9_avtank_fourteam_fire_080_400_facing","DX9","avtank","fourteam_fire","80","400","facing",".?AVSubEntity@Ogre@@","RenderableTileCluster_1x3_1x1","RenderableTileCluster_1x3_1x1","MN_DETAIL_ATLAS","<unnamed>","glow","0","0/0","PlayerCam","10","62","1","0","1","1","9408.5","38397.8","0","1","0","38397.8","0","0","0","0","0.0010000000000000002"
