label,relpath,format,header,width,height,mips
BZCC,bz2r_res\baked\Common\FlagsStandards\Textures\foflag01.dds,BC1_UNORM_SRGB,DX10,512,512,10
BZCC,bz2r_res\baked\Common\FlagsStandards\Textures\foflag01_e.dds,BC1_UNORM_SRGB,DX10,512,512,10
BZCC,bz2r_res\baked\Common\FlagsStandards\Textures\foflag01_s.dds,BC1_UNORM_SRGB,DX10,512,512,10
BZCC,bz2r_res\baked\Common\Misc\bovoya00.dds,BC1_UNORM_SRGB,DX10,256,256,9
BZCC,bz2r_res\baked\Common\Misc\bovoyac0.dds,BC1_UNORM_SRGB,DX10,256,256,9
BZCC,bz2r_res\baked\Common\Misc\road.dds,BC1_UNORM_SRGB,DX10,256,256,9
BZCC,bz2r_res\baked\Common\Textures\apcamr01.dds,BC1_UNORM_SRGB,DX10,1024,1024,11
BZCC,bz2r_res\baked\Common\Textures\apcamr01_e.dds,BC1_UNORM_SRGB,DX10,1024,1024,11
BZCC,bz2r_res\baked\Common\Textures\apcamr01_s.dds,BC1_UNORM_SRGB,DX10,1024,1024,11
BZCC,bz2r_res\baked\Common\Textures\black.dds,BC1_UNORM_SRGB,DX10,4,4,3
BZCC,bz2r_res\baked\Common\Textures\bzone.dds,BC1_UNORM_SRGB,DX10,128,128,8
BZCC,bz2r_res\baked\Common\Textures\cbdata01_s.dds,BC1_UNORM_SRGB,DX10,1024,1024,11
BZCC,bz2r_res\baked\Common\Textures\glare.dds,BC1_UNORM_SRGB,DX10,64,64,7
BZCC,bz2r_res\baked\Common\Textures\trans.dds,BC1_UNORM_SRGB,DX10,4,4,3
BZCC,bz2r_res\baked\Common\Textures\white.dds,BC1_UNORM_SRGB,DX10,4,4,3
BZCC,bz2r_res\baked\Effects\Textures\absorb.dds,BC1_UNORM_SRGB,DX10,512,512,10
BZCC,bz2r_res\baked\Effects\Textures\arctrail.dds,BC1_UNORM_SRGB,DX10,1024,1024,11
BZCC,bz2r_res\baked\Effects\Textures\blast.dds,BC1_UNORM_SRGB,DX10,128,128,8
BZCC,bz2r_res\baked\Effects\Textures\blastenergy.dds,BC1_UNORM_SRGB,DX10,512,512,10
BZCC,bz2r_res\baked\Effects\Textures\bolt.dds,BC1_UNORM_SRGB,DX10,256,256,9
BZCC,bz2r_res\baked\Effects\Textures\bulhit.dds,BC1_UNORM_SRGB,DX10,256,256,9
BZCC,bz2r_res\baked\Effects\Textures\crackle.dds,BC1_UNORM_SRGB,DX10,256,256,9
BZCC,bz2r_res\baked\Effects\Textures\deflect.dds,BC1_UNORM_SRGB,DX10,512,512,10
BZCC,bz2r_res\baked\Effects\Textures\dirt.dds,BC1_UNORM_SRGB,DX10,256,256,9
BZCC,bz2r_res\baked\Effects\Textures\elec.dds,BC1_UNORM_SRGB,DX10,512,512,10
BZCC,bz2r_res\baked\Effects\Textures\elecsphere.dds,BC1_UNORM_SRGB,DX10,512,512,10
BZCC,bz2r_res\baked\Effects\Textures\fire.dds,BC1_UNORM_SRGB,DX10,256,256,9
BZCC,bz2r_res\baked\Effects\Textures\firetrail1.dds,BC1_UNORM_SRGB,DX10,256,256,9
BZCC,bz2r_res\baked\Effects\Textures\firetrail2.dds,BC1_UNORM_SRGB,DX10,256,256,9
BZCC,bz2r_res\baked\Effects\Textures\flame.dds,BC1_UNORM_SRGB,DX10,256,256,9
BZCC,bz2r_res\baked\Effects\Textures\flame2.dds,BC1_UNORM_SRGB,DX10,256,256,9
BZCC,bz2r_res\baked\Effects\Textures\flare.dds,BC1_UNORM_SRGB,DX10,1024,1024,11
BZCC,bz2r_res\baked\Effects\Textures\godlight1.dds,BC1_UNORM_SRGB,DX10,256,256,9
BZCC,bz2r_res\baked\Effects\Textures\godlight2.dds,BC1_UNORM_SRGB,DX10,256,256,9
BZCC,bz2r_res\baked\Effects\Textures\ion.dds,BC1_UNORM_SRGB,DX10,256,256,9
BZCC,bz2r_res\baked\Effects\Textures\ionflash.dds,BC1_UNORM_SRGB,DX10,256,256,9
BZCC,bz2r_res\baked\Effects\Textures\lightflare.dds,BC1_UNORM_SRGB,DX10,512,512,10
BZCC,bz2r_res\baked\Effects\Textures\lighthalo.dds,BC1_UNORM_SRGB,DX10,512,512,10
BZCC,bz2r_res\baked\Effects\Textures\particle.dds,BC1_UNORM_SRGB,DX10,512,512,10
BZCC,bz2r_res\baked\Effects\Textures\plascore.dds,BC1_UNORM_SRGB,DX10,256,256,9
BZCC,bz2r_res\baked\Effects\Textures\plasma.dds,BC1_UNORM_SRGB,DX10,512,512,10
BZCC,bz2r_res\baked\Effects\Textures\plasmahitcore.dds,BC1_UNORM_SRGB,DX10,256,256,9
BZCC,bz2r_res\baked\Effects\Textures\plasmahitcore2.dds,BC1_UNORM_SRGB,DX10,256,256,9
BZCC,bz2r_res\baked\Effects\Textures\ring.dds,BC1_UNORM_SRGB,DX10,1024,1024,11
BZCC,bz2r_res\baked\Effects\Textures\sflash.dds,BC1_UNORM_SRGB,DX10,256,256,9
BZCC,bz2r_res\baked\Effects\Textures\sonicboom.dds,BC1_UNORM_SRGB,DX10,512,512,10
BZCC,bz2r_res\baked\Effects\Textures\sonictrail.dds,BC1_UNORM_SRGB,DX10,512,512,10
BZCC,bz2r_res\baked\Effects\Textures\spark.dds,BC1_UNORM_SRGB,DX10,256,256,9
BZCC,bz2r_res\baked\Effects\Textures\spark2.dds,BC1_UNORM_SRGB,DX10,256,256,9
BZCC,bz2r_res\baked\Effects\Textures\static.dds,BC1_UNORM_SRGB,DX10,1024,1024,11
BZCC,bz2r_res\baked\Effects\Textures\trail.dds,BC1_UNORM_SRGB,DX10,1024,1024,11
BZCC,bz2r_res\baked\Effects\Textures\trail2.dds,BC1_UNORM_SRGB,DX10,1024,1024,11
BZCC,bz2r_res\baked\Effects\Textures\twin.dds,BC1_UNORM_SRGB,DX10,128,128,8
BZCC,bz2r_res\baked\Effects\Textures\vsmoke.dds,BC1_UNORM_SRGB,DX10,1024,1024,11
BZCC,bz2r_res\baked\Effects\Textures\vsmoke2.dds,BC1_UNORM_SRGB,DX10,1024,1024,11
BZCC,bz2r_res\baked\Effects\Textures\vsmoke_conetex.dds,BC1_UNORM_SRGB,DX10,1024,1024,11
BZCC,bz2r_res\baked\Effects\Textures\vsmoke_interface.dds,BC1_UNORM_SRGB,DX10,1024,1024,11
BZCC,bz2r_res\baked\Effects\Textures\vsmoke_selectiondisplay.dds,BC1_UNORM_SRGB,DX10,1024,1024,11
BZCC,bz2r_res\baked\Effects\Textures\wasplat.dds,BC1_UNORM_SRGB,DX10,256,256,9
BZCC,bz2r_res\baked\Effects\Textures\wave.dds,BC1_UNORM_SRGB,DX10,512,512,10
BZCC,bz2r_res\baked\Effects\Textures\wsplat.dds,BC1_UNORM_SRGB,DX10,512,512,10
BZCC,bz2r_res\baked\Effects\Textures\xplcore.dds,BC1_UNORM_SRGB,DX10,1024,1024,11
BZCC,bz2r_res\baked\Effects\flash.dds,BC1_UNORM_SRGB,DX10,256,256,9
BZCC,bz2r_res\baked\HUD\ihrad00.dds,BC1_UNORM_SRGB,DX10,512,512,10
BZCC,bz2r_res\baked\ISDF\Pilot\Textures\ispilo00.dds,BC1_UNORM_SRGB,DX10,256,256,9
BZCC,bz2r_res\baked\ISDF\Pilot\Textures\ispilo00_d.dds,BC1_UNORM_SRGB,DX10,2048,2048,12
BZCC,bz2r_res\baked\ISDF\Pilot\Textures\ispilo00_e.dds,BC1_UNORM_SRGB,DX10,2048,2048,12
BZCC,bz2r_res\baked\ISDF\Pilot\Textures\ispiloc0.dds,BC1_UNORM_SRGB,DX10,256,256,9
BZCC,bz2r_res\baked\ISDF\Weapons\Textures\appod00.dds,BC1_UNORM_SRGB,DX10,1024,1024,11
BZCC,bz2r_res\baked\ISDF\Weapons\Textures\appod00_s.dds,BC1_UNORM_SRGB,DX10,1024,1024,11
BZCC,bz2r_res\baked\ISDF\Weapons\Textures\appowr00.dds,BC1_UNORM_SRGB,DX10,128,128,8
BZCC,bz2r_res\baked\ISDF\Weapons\Textures\iordnance00.dds,BC1_UNORM_SRGB,DX10,256,256,9
BZCC,bz2r_res\baked\ISDF\Weapons\Textures\iordnance00_e.dds,BC1_UNORM_SRGB,DX10,256,256,9
BZCC,bz2r_res\baked\ISDF\Weapons\Textures\iwbazo00.dds,BC1_UNORM_SRGB,DX10,2048,2048,12
BZCC,bz2r_res\baked\ISDF\Weapons\Textures\iwbazo00_e.dds,BC1_UNORM_SRGB,DX10,2048,2048,12
BZCC,bz2r_res\baked\ISDF\Weapons\Textures\iwbazo00_s.dds,BC1_UNORM_SRGB,DX10,2048,2048,12
BZCC,bz2r_res\baked\ISDF\Weapons\Textures\iwrifl00.dds,BC1_UNORM_SRGB,DX10,2048,2048,12
BZCC,bz2r_res\baked\ISDF\Weapons\Textures\iwrifl00_e.dds,BC1_UNORM_SRGB,DX10,2048,2048,12
BZCC,bz2r_res\baked\ISDF\Weapons\Textures\iwrifl00_s.dds,BC1_UNORM_SRGB,DX10,2048,2048,12
BZCC,bz2r_res\baked\ISDF\Weapons\Textures\iwrifl01.dds,BC1_UNORM_SRGB,DX10,256,256,9
BZCC,bz2r_res\baked\ISDF\Weapons\Textures\iwsatc00.dds,BC1_UNORM_SRGB,DX10,1024,1024,11
BZCC,bz2r_res\baked\ISDF\buildings\textures\ibbomb00.dds,BC1_UNORM_SRGB,DX10,2048,2048,12
BZCC,bz2r_res\baked\ISDF\buildings\textures\ibbomb00_e.dds,BC1_UNORM_SRGB,DX10,2048,2048,12
BZCC,bz2r_res\baked\ISDF\buildings\textures\ibbrdg00.dds,BC1_UNORM_SRGB,DX10,1024,1024,11
BZCC,bz2r_res\baked\ISDF\buildings\textures\ibbrdg01.dds,BC1_UNORM_SRGB,DX10,1024,1024,11
BZCC,bz2r_res\baked\ISDF\buildings\textures\ibextf00.dds,BC1_UNORM_SRGB,DX10,2048,2048,12
BZCC,bz2r_res\baked\ISDF\buildings\textures\ibextf01.dds,BC1_UNORM_SRGB,DX10,2048,2048,12
BZCC,bz2r_res\baked\ISDF\buildings\textures\ibextf03.dds,BC1_UNORM_SRGB,DX10,2048,2048,12
BZCC,bz2r_res\baked\ISDF\buildings\textures\ibextf03_e.dds,BC1_UNORM_SRGB,DX10,2048,2048,12
BZCC,bz2r_res\baked\ISDF\buildings\textures\ibexts00.dds,BC1_UNORM_SRGB,DX10,2048,2048,12
BZCC,bz2r_res\baked\ISDF\buildings\textures\ibexts00_e.dds,BC1_UNORM_SRGB,DX10,2048,2048,12
BZCC,bz2r_res\baked\ISDF\buildings\textures\ibextw01.dds,BC1_UNORM_SRGB,DX10,2048,2048,12
BZCC,bz2r_res\baked\ISDF\buildings\textures\ibextw02.dds,BC1_UNORM_SRGB,DX10,1024,1024,11
BZCC,bz2r_res\baked\ISDF\buildings\textures\ibextw02_c.dds,BC1_UNORM_SRGB,DX10,1024,1024,11
BZCC,bz2r_res\baked\ISDF\buildings\textures\ibextw02_e.dds,BC1_UNORM_SRGB,DX10,1024,1024,11
BZCC,bz2r_res\baked\ISDF\buildings\textures\ibfact00.dds,BC1_UNORM_SRGB,DX10,2048,2048,12
BZCC,bz2r_res\baked\ISDF\buildings\textures\ibfact00_e.dds,BC1_UNORM_SRGB,DX10,2048,2048,12
BZCC,bz2r_res\baked\ISDF\buildings\textures\ibgtow00.dds,BC1_UNORM_SRGB,DX10,2048,2048,12
BZCC,bz2r_res\baked\ISDF\buildings\textures\ibgtow00_e.dds,BC1_UNORM_SRGB,DX10,2048,2048,12
BZCC,bz2r_res\baked\ISDF\buildings\textures\ibgtow01.dds,BC1_UNORM_SRGB,DX10,2048,2048,12
BZCC,bz2r_res\baked\ISDF\buildings\textures\ibgtow01_e.dds,BC1_UNORM_SRGB,DX10,2048,2048,12
BZCC,bz2r_res\baked\ISDF\buildings\textures\ibintc00.dds,BC1_UNORM_SRGB,DX10,1024,1024,11
BZCC,bz2r_res\baked\ISDF\buildings\textures\ibintf00.dds,BC1_UNORM_SRGB,DX10,1024,1024,11
BZCC,bz2r_res\baked\ISDF\buildings\textures\ibintw00.dds,BC1_UNORM_SRGB,DX10,1024,1024,11
BZCC,bz2r_res\baked\ISDF\buildings\textures\ibintw00_e.dds,BC1_UNORM_SRGB,DX10,1024,1024,11
BZCC,bz2r_res\baked\ISDF\buildings\textures\ibintw01.dds,BC1_UNORM_SRGB,DX10,1024,1024,11
BZCC,bz2r_res\baked\ISDF\buildings\textures\ibintw01_e.dds,BC1_UNORM_SRGB,DX10,1024,1024,11
BZCC,bz2r_res\baked\ISDF\buildings\textures\ibisdf00.dds,BC1_UNORM_SRGB,DX10,1024,1024,11
BZCC,bz2r_res\baked\ISDF\buildings\textures\ibisdf00_e.dds,BC1_UNORM_SRGB,DX10,1024,1024,11
BZCC,bz2r_res\baked\ISDF\buildings\textures\ibisdf01.dds,BC1_UNORM_SRGB,DX10,1024,1024,11
BZCC,bz2r_res\baked\ISDF\buildings\textures\ibisdf01_c.dds,BC1_UNORM_SRGB,DX10,1024,1024,11
BZCC,bz2r_res\baked\ISDF\buildings\textures\ibisdf01_e.dds,BC1_UNORM_SRGB,DX10,1024,1024,11
BZCC,bz2r_res\baked\ISDF\buildings\textures\ibsbay00.dds,BC1_UNORM_SRGB,DX10,2048,2048,12
BZCC,bz2r_res\baked\ISDF\buildings\textures\ibsbay00_e.dds,BC1_UNORM_SRGB,DX10,2048,2048,12
BZCC,bz2r_res\baked\ISDF\buildings\textures\ibstair00.dds,BC1_UNORM_SRGB,DX10,512,512,10
BZCC,bz2r_res\baked\ISDF\buildings\textures\ibtech00.dds,BC1_UNORM_SRGB,DX10,2048,2048,12
BZCC,bz2r_res\baked\ISDF\buildings\textures\ibtech00_e.dds,BC1_UNORM_SRGB,DX10,2048,2048,12
BZCC,bz2r_res\baked\ISDF\buildings\textures\ibtrain00.dds,BC1_UNORM_SRGB,DX10,2048,2048,12
BZCC,bz2r_res\baked\ISDF\buildings\textures\ibtrain00_e.dds,BC1_UNORM_SRGB,DX10,2048,2048,12
BZCC,bz2r_res\baked\ISDF\buildings\textures\ioface00.dds,BC1_UNORM_SRGB,DX10,1024,1024,11
BZCC,bz2r_res\baked\ISDF\buildings\textures\ioface00_e.dds,BC1_UNORM_SRGB,DX10,1024,1024,11
BZCC,bz2r_res\baked\ISDF\buildings\textures\ioface01.dds,BC1_UNORM_SRGB,DX10,1024,1024,11
BZCC,bz2r_res\baked\ISDF\buildings\textures\ioface01_e.dds,BC1_UNORM_SRGB,DX10,1024,1024,11
BZCC,bz2r_res\baked\ISDF\buildings\textures\ioface02.dds,BC1_UNORM_SRGB,DX10,1024,1024,11
BZCC,bz2r_res\baked\ISDF\buildings\textures\ioface02_e.dds,BC1_UNORM_SRGB,DX10,1024,1024,11
BZCC,bz2r_res\baked\ISDF\buildings\textures\ioface03.dds,BC1_UNORM_SRGB,DX10,1024,1024,11
BZCC,bz2r_res\baked\ISDF\buildings\textures\ioface03_e.dds,BC1_UNORM_SRGB,DX10,1024,1024,11
BZCC,bz2r_res\baked\ISDF\buildings\textures\ioflag00.dds,BC1_UNORM_SRGB,DX10,1024,1024,11
BZCC,bz2r_res\baked\ISDF\buildings\textures\ioflag00_c.dds,BC1_UNORM_SRGB,DX10,1024,1024,11
BZCC,bz2r_res\baked\ISDF\vehicles\textures\iechunks.dds,BC1_UNORM_SRGB,DX10,512,512,10
BZCC,bz2r_res\baked\ISDF\vehicles\textures\iechunks_e.dds,BC1_UNORM_SRGB,DX10,512,512,10
BZCC,bz2r_res\baked\ISDF\vehicles\textures\ivapc00.dds,BC1_UNORM_SRGB,DX10,2048,2048,12
BZCC,bz2r_res\baked\ISDF\vehicles\textures\ivapc00_e.dds,BC1_UNORM_SRGB,DX10,2048,2048,12
BZCC,bz2r_res\baked\ISDF\vehicles\textures\ivatank00.dds,BC1_UNORM_SRGB,DX10,2048,2048,12
BZCC,bz2r_res\baked\ISDF\vehicles\textures\ivatank00_e.dds,BC1_UNORM_SRGB,DX10,2048,2048,12
BZCC,bz2r_res\baked\ISDF\vehicles\textures\ivatank01.dds,BC1_UNORM_SRGB,DX10,1024,1024,11
BZCC,bz2r_res\baked\ISDF\vehicles\textures\ivatank01_e.dds,BC1_UNORM_SRGB,DX10,1024,1024,11
BZCC,bz2r_res\baked\ISDF\vehicles\textures\ivbomb00.dds,BC1_UNORM_SRGB,DX10,2048,2048,12
BZCC,bz2r_res\baked\ISDF\vehicles\textures\ivbomb00_e.dds,BC1_UNORM_SRGB,DX10,2048,2048,12
BZCC,bz2r_res\baked\ISDF\vehicles\textures\ivbsub00.dds,BC1_UNORM_SRGB,DX10,256,256,9
BZCC,bz2r_res\baked\ISDF\vehicles\textures\ivbsub01.dds,BC1_UNORM_SRGB,DX10,256,256,9
BZCC,bz2r_res\baked\ISDF\vehicles\textures\ivcarr00.dds,BC1_UNORM_SRGB,DX10,2048,2048,12
BZCC,bz2r_res\baked\ISDF\vehicles\textures\ivcarr00_c.dds,BC1_UNORM_SRGB,DX10,2048,2048,12
BZCC,bz2r_res\baked\ISDF\vehicles\textures\ivcarr00_e.dds,BC1_UNORM_SRGB,DX10,2048,2048,12
BZCC,bz2r_res\baked\ISDF\vehicles\textures\ivcarr01.dds,BC1_UNORM_SRGB,DX10,2048,2048,12
BZCC,bz2r_res\baked\ISDF\vehicles\textures\ivcarr01_c.dds,BC1_UNORM_SRGB,DX10,2048,2048,12
BZCC,bz2r_res\baked\ISDF\vehicles\textures\ivcarr01_e.dds,BC1_UNORM_SRGB,DX10,2048,2048,12
BZCC,bz2r_res\baked\ISDF\vehicles\textures\ivcarr02.dds,BC1_UNORM_SRGB,DX10,2048,2048,12
BZCC,bz2r_res\baked\ISDF\vehicles\textures\ivcarr02_c.dds,BC1_UNORM_SRGB,DX10,2048,2048,12
BZCC,bz2r_res\baked\ISDF\vehicles\textures\ivcarr02_e.dds,BC1_UNORM_SRGB,DX10,2048,2048,12
BZCC,bz2r_res\baked\ISDF\vehicles\textures\ivcarrx0.dds,BC1_UNORM_SRGB,DX10,2048,2048,12
BZCC,bz2r_res\baked\ISDF\vehicles\textures\ivcarrx0_c.dds,BC1_UNORM_SRGB,DX10,2048,2048,12
BZCC,bz2r_res\baked\ISDF\vehicles\textures\ivcarrx1.dds,BC1_UNORM_SRGB,DX10,2048,2048,12
BZCC,bz2r_res\baked\ISDF\vehicles\textures\ivcarrx1_c.dds,BC1_UNORM_SRGB,DX10,2048,2048,12
BZCC,bz2r_res\baked\ISDF\vehicles\textures\ivcarrx2.dds,BC1_UNORM_SRGB,DX10,2048,2048,12
BZCC,bz2r_res\baked\ISDF\vehicles\textures\ivcarrx2_c.dds,BC1_UNORM_SRGB,DX10,2048,2048,12
BZCC,bz2r_res\baked\ISDF\vehicles\textures\ivcock00.dds,BC1_UNORM_SRGB,DX10,2048,2048,12
BZCC,bz2r_res\baked\ISDF\vehicles\textures\ivcock00_c.dds,BC1_UNORM_SRGB,DX10,2048,2048,12
BZCC,bz2r_res\baked\ISDF\vehicles\textures\ivcock00_e.dds,BC1_UNORM_SRGB,DX10,2048,2048,12
BZCC,bz2r_res\baked\ISDF\vehicles\textures\ivcons00.dds,BC1_UNORM_SRGB,DX10,2048,2048,12
BZCC,bz2r_res\baked\ISDF\vehicles\textures\ivcons00_e.dds,BC1_UNORM_SRGB,DX10,2048,2048,12
BZCC,bz2r_res\baked\ISDF\vehicles\textures\ivdrop00.dds,BC1_UNORM_SRGB,DX10,2048,2048,12
BZCC,bz2r_res\baked\ISDF\vehicles\textures\ivdrop00_e.dds,BC1_UNORM_SRGB,DX10,2048,2048,12
BZCC,bz2r_res\baked\ISDF\vehicles\textures\ivdrop01.dds,BC1_UNORM_SRGB,DX10,2048,2048,12
BZCC,bz2r_res\baked\ISDF\vehicles\textures\ivdrop01_e.dds,BC1_UNORM_SRGB,DX10,2048,2048,12
BZCC,bz2r_res\baked\ISDF\vehicles\textures\ivdrop02.dds,BC1_UNORM_SRGB,DX10,2048,2048,12
BZCC,bz2r_res\baked\ISDF\vehicles\textures\ivdrop02_e.dds,BC1_UNORM_SRGB,DX10,2048,2048,12
BZCC,bz2r_res\baked\ISDF\vehicles\textures\ivdrop03.dds,BC1_UNORM_SRGB,DX10,2048,2048,12
BZCC,bz2r_res\baked\ISDF\vehicles\textures\ivdrop03_e.dds,BC1_UNORM_SRGB,DX10,2048,2048,12
BZCC,bz2r_res\baked\ISDF\vehicles\textures\ivdrop04.dds,BC1_UNORM_SRGB,DX10,2048,2048,12
BZCC,bz2r_res\baked\ISDF\vehicles\textures\ivdrop04_e.dds,BC1_UNORM_SRGB,DX10,2048,2048,12
BZCC,bz2r_res\baked\ISDF\vehicles\textures\ivdrop05.dds,BC1_UNORM_SRGB,DX10,2048,2048,12
BZCC,bz2r_res\baked\ISDF\vehicles\textures\ivdrop05_e.dds,BC1_UNORM_SRGB,DX10,2048,2048,12
BZCC,bz2r_res\baked\ISDF\vehicles\textures\ivdrop06.dds,BC1_UNORM_SRGB,DX10,2048,2048,12
BZCC,bz2r_res\baked\ISDF\vehicles\textures\ivdrop06_e.dds,BC1_UNORM_SRGB,DX10,2048,2048,12
BZCC,bz2r_res\baked\ISDF\vehicles\textures\ivdrop07.dds,BC1_UNORM_SRGB,DX10,2048,2048,12
BZCC,bz2r_res\baked\ISDF\vehicles\textures\ivdrop07_e.dds,BC1_UNORM_SRGB,DX10,2048,2048,12
BZCC,bz2r_res\baked\ISDF\vehicles\textures\ivdrop08.dds,BC1_UNORM_SRGB,DX10,2048,2048,12
BZCC,bz2r_res\baked\ISDF\vehicles\textures\ivdrop08_e.dds,BC1_UNORM_SRGB,DX10,2048,2048,12
BZCC,bz2r_res\baked\ISDF\vehicles\textures\ivmbik00.dds,BC1_UNORM_SRGB,DX10,2048,2048,12
BZCC,bz2r_res\baked\ISDF\vehicles\textures\ivmbik00_e.dds,BC1_UNORM_SRGB,DX10,2048,2048,12
BZCC,bz2r_res\baked\ISDF\vehicles\textures\ivmisl00.dds,BC1_UNORM_SRGB,DX10,2048,2048,12
BZCC,bz2r_res\baked\ISDF\vehicles\textures\ivmisl00_e.dds,BC1_UNORM_SRGB,DX10,2048,2048,12
BZCC,bz2r_res\baked\ISDF\vehicles\textures\ivrckt00.dds,BC1_UNORM_SRGB,DX10,2048,2048,12
BZCC,bz2r_res\baked\ISDF\vehicles\textures\ivrckt00_e.dds,BC1_UNORM_SRGB,DX10,2048,2048,12
BZCC,bz2r_res\baked\ISDF\vehicles\textures\ivrecy00.dds,BC1_UNORM_SRGB,DX10,2048,2048,12
BZCC,bz2r_res\baked\ISDF\vehicles\textures\ivrecy00_e.dds,BC1_UNORM_SRGB,DX10,2048,2048,12
BZCC,bz2r_res\baked\ISDF\vehicles\textures\ivrecy01.dds,BC1_UNORM_SRGB,DX10,2048,2048,12
BZCC,bz2r_res\baked\ISDF\vehicles\textures\ivrecy01_e.dds,BC1_UNORM_SRGB,DX10,2048,2048,12
BZCC,bz2r_res\baked\ISDF\vehicles\textures\ivrecy02.dds,BC1_UNORM_SRGB,DX10,2048,2048,12
BZCC,bz2r_res\baked\ISDF\vehicles\textures\ivrecy02_e.dds,BC1_UNORM_SRGB,DX10,2048,2048,12
BZCC,bz2r_res\baked\ISDF\vehicles\textures\ivrecy03.dds,BC1_UNORM_SRGB,DX10,2048,2048,12
BZCC,bz2r_res\baked\ISDF\vehicles\textures\ivrecy03_e.dds,BC1_UNORM_SRGB,DX10,2048,2048,12
BZCC,bz2r_res\baked\ISDF\vehicles\textures\ivscav00.dds,BC1_UNORM_SRGB,DX10,2048,2048,12
BZCC,bz2r_res\baked\ISDF\vehicles\textures\ivscav00_e.dds,BC1_UNORM_SRGB,DX10,2048,2048,12
BZCC,bz2r_res\baked\ISDF\vehicles\textures\ivscav01.dds,BC1_UNORM_SRGB,DX10,2048,2048,12
BZCC,bz2r_res\baked\ISDF\vehicles\textures\ivscav01_e.dds,BC1_UNORM_SRGB,DX10,2048,2048,12
BZCC,bz2r_res\baked\ISDF\vehicles\textures\ivscav02.dds,BC1_UNORM_SRGB,DX10,2048,2048,12
BZCC,bz2r_res\baked\ISDF\vehicles\textures\ivscav02_e.dds,BC1_UNORM_SRGB,DX10,2048,2048,12
BZCC,bz2r_res\baked\ISDF\vehicles\textures\ivscav02_s.dds,BC1_UNORM_SRGB,DX10,2048,2048,12
BZCC,bz2r_res\baked\ISDF\vehicles\textures\ivscav03.dds,BC1_UNORM_SRGB,DX10,2048,2048,12
BZCC,bz2r_res\baked\ISDF\vehicles\textures\ivscav03_e.dds,BC1_UNORM_SRGB,DX10,2048,2048,12
BZCC,bz2r_res\baked\ISDF\vehicles\textures\ivscav04.dds,BC1_UNORM_SRGB,DX10,2048,2048,12
BZCC,bz2r_res\baked\ISDF\vehicles\textures\ivscav04_e.dds,BC1_UNORM_SRGB,DX10,2048,2048,12
BZCC,bz2r_res\baked\ISDF\vehicles\textures\ivscou00.dds,BC1_UNORM_SRGB,DX10,2048,2048,12
BZCC,bz2r_res\baked\ISDF\vehicles\textures\ivscou00_e.dds,BC1_UNORM_SRGB,DX10,2048,2048,12
BZCC,bz2r_res\baked\ISDF\vehicles\textures\ivserv00.dds,BC1_UNORM_SRGB,DX10,2048,2048,12
BZCC,bz2r_res\baked\ISDF\vehicles\textures\ivserv00_e.dds,BC1_UNORM_SRGB,DX10,2048,2048,12
BZCC,bz2r_res\baked\ISDF\vehicles\textures\ivssub00.dds,BC1_UNORM_SRGB,DX10,256,256,9
BZCC,bz2r_res\baked\ISDF\vehicles\textures\ivstas00.dds,BC1_UNORM_SRGB,DX10,2048,2048,12
BZCC,bz2r_res\baked\ISDF\vehicles\textures\ivstas00_e.dds,BC1_UNORM_SRGB,DX10,2048,2048,12
BZCC,bz2r_res\baked\ISDF\vehicles\textures\ivtank00.dds,BC1_UNORM_SRGB,DX10,2048,2048,12
BZCC,bz2r_res\baked\ISDF\vehicles\textures\ivtank00_e.dds,BC1_UNORM_SRGB,DX10,2048,2048,12
BZCC,bz2r_res\baked\ISDF\vehicles\textures\ivtug00.dds,BC1_UNORM_SRGB,DX10,2048,2048,12
BZCC,bz2r_res\baked\ISDF\vehicles\textures\ivtug00_e.dds,BC1_UNORM_SRGB,DX10,2048,2048,12
BZCC,bz2r_res\baked\ISDF\vehicles\textures\ivturr00.dds,BC1_UNORM_SRGB,DX10,2048,2048,12
BZCC,bz2r_res\baked\ISDF\vehicles\textures\ivturr00_e.dds,BC1_UNORM_SRGB,DX10,2048,2048,12
BZCC,bz2r_res\baked\ISDF\vehicles\textures\ivwalk00.dds,BC1_UNORM_SRGB,DX10,2048,2048,12
BZCC,bz2r_res\baked\ISDF\vehicles\textures\ivwalk00_e.dds,BC1_UNORM_SRGB,DX10,2048,2048,12
BZCC,bz2r_res\baked\ISDF\vehicles\textures\tread.dds,BC1_UNORM_SRGB,DX10,1024,1024,11
BZCC,bz2r_res\baked\Scion\Buildings\Textures\ScionLung_e.dds,BC1_UNORM_SRGB,DX10,512,512,10
BZCC,bz2r_res\baked\Scion\Buildings\Textures\fbantenna01_s.dds,BC1_UNORM_SRGB,DX10,1024,1024,11
BZCC,bz2r_res\baked\Scion\Buildings\Textures\fbextf01_c.dds,BC1_UNORM_SRGB,DX10,2048,2048,12
BZCC,bz2r_res\baked\Scion\Buildings\Textures\fbextf01_d.dds,BC1_UNORM_SRGB,DX10,2048,2048,12
BZCC,bz2r_res\baked\Scion\Buildings\Textures\fbextf01_e.dds,BC1_UNORM_SRGB,DX10,2048,2048,12
BZCC,bz2r_res\baked\Scion\Buildings\Textures\fbextf01_s.dds,BC1_UNORM_SRGB,DX10,2048,2048,12
BZCC,bz2r_res\baked\Scion\Buildings\Textures\fbextf02_d.dds,BC1_UNORM_SRGB,DX10,2048,2048,12
BZCC,bz2r_res\baked\Scion\Buildings\Textures\fbextf02_e.dds,BC1_UNORM_SRGB,DX10,2048,2048,12
BZCC,bz2r_res\baked\Scion\Buildings\Textures\fbextf02_s.dds,BC1_UNORM_SRGB,DX10,2048,2048,12
BZCC,bz2r_res\baked\Scion\Buildings\Textures\fbextw01_d.dds,BC1_UNORM_SRGB,DX10,2048,2048,12
BZCC,bz2r_res\baked\Scion\Buildings\Textures\fbextw01_s.dds,BC1_UNORM_SRGB,DX10,2048,2048,12
BZCC,bz2r_res\baked\Scion\Buildings\Textures\fbextw02_d.dds,BC1_UNORM_SRGB,DX10,2048,2048,12
BZCC,bz2r_res\baked\Scion\Buildings\Textures\fbextw02_e.dds,BC1_UNORM_SRGB,DX10,2048,2048,12
BZCC,bz2r_res\baked\Scion\Buildings\Textures\fbextw02_s.dds,BC1_UNORM_SRGB,DX10,2048,2048,12
BZCC,bz2r_res\baked\Scion\Buildings\Textures\fbextw03_d.dds,BC1_UNORM_SRGB,DX10,2048,2048,12
BZCC,bz2r_res\baked\Scion\Buildings\Textures\fbextw03_s.dds,BC1_UNORM_SRGB,DX10,2048,2048,12
BZCC,bz2r_res\baked\Scion\Buildings\Textures\fbextw04_d.dds,BC1_UNORM_SRGB,DX10,2048,2048,12
BZCC,bz2r_res\baked\Scion\Buildings\Textures\fbextw04_e.dds,BC1_UNORM_SRGB,DX10,2048,2048,12
BZCC,bz2r_res\baked\Scion\Buildings\Textures\fbextw04_s.dds,BC1_UNORM_SRGB,DX10,2048,2048,12
BZCC,bz2r_res\baked\Scion\Buildings\Textures\fbextw05_d.dds,BC1_UNORM_SRGB,DX10,4096,4096,13
BZCC,bz2r_res\baked\Scion\Buildings\Textures\fbextw05_s.dds,BC1_UNORM_SRGB,DX10,4096,4096,13
BZCC,bz2r_res\baked\Scion\Buildings\Textures\fbintf01_c.dds,BC1_UNORM_SRGB,DX10,1024,1024,11
BZCC,bz2r_res\baked\Scion\Buildings\Textures\fbintf01_d.dds,BC1_UNORM_SRGB,DX10,1024,1024,11
BZCC,bz2r_res\baked\Scion\Buildings\Textures\fbintf01_s.dds,BC1_UNORM_SRGB,DX10,1024,1024,11
BZCC,bz2r_res\baked\Scion\Buildings\Textures\fbtech01_c.dds,BC1_UNORM_SRGB,DX10,2048,2048,12
BZCC,bz2r_res\baked\Scion\Buildings\Textures\fbtech01_d.dds,BC1_UNORM_SRGB,DX10,2048,2048,12
BZCC,bz2r_res\baked\Scion\Buildings\Textures\fbtech01_s.dds,BC1_UNORM_SRGB,DX10,2048,2048,12
BZCC,bz2r_res\baked\Scion\Pilot\Textures\fspilo00.dds,BC1_UNORM_SRGB,DX10,2048,2048,12
BZCC,bz2r_res\baked\Scion\Pilot\Textures\fspilo00_e.dds,BC1_UNORM_SRGB,DX10,2048,2048,12
BZCC,bz2r_res\baked\Scion\Pilot\Textures\fspilo00_s.dds,BC1_UNORM_SRGB,DX10,2048,2048,12
BZCC,bz2r_res\baked\Scion\Pilot\Textures\fwbazo01.dds,BC1_UNORM_SRGB,DX10,2048,2048,12
BZCC,bz2r_res\baked\Scion\Pilot\Textures\fwbazo01_e.dds,BC1_UNORM_SRGB,DX10,2048,2048,12
BZCC,bz2r_res\baked\Scion\Pilot\Textures\fwbazo01_s.dds,BC1_UNORM_SRGB,DX10,2048,2048,12
BZCC,bz2r_res\baked\Scion\Pilot\Textures\fwrifl00.dds,BC1_UNORM_SRGB,DX10,2048,2048,12
BZCC,bz2r_res\baked\Scion\Pilot\Textures\fwrifl00_e.dds,BC1_UNORM_SRGB,DX10,2048,2048,12
BZCC,bz2r_res\baked\Scion\Pilot\Textures\fwrifl00_s.dds,BC1_UNORM_SRGB,DX10,2048,2048,12
BZCC,bz2r_res\baked\Scion\Pilot\Textures\fwrifl01.dds,BC1_UNORM_SRGB,DX10,2048,2048,12
BZCC,bz2r_res\baked\Scion\Pilot\Textures\fwrifl01_e.dds,BC1_UNORM_SRGB,DX10,2048,2048,12
BZCC,bz2r_res\baked\Scion\Pilot\Textures\fwrifl01_s.dds,BC1_UNORM_SRGB,DX10,2048,2048,12
BZCC,bz2r_res\baked\Scion\Pilot\Textures\fwsatc00.dds,BC1_UNORM_SRGB,DX10,2048,2048,12
BZCC,bz2r_res\baked\Scion\Pilot\Textures\fwsatc00_e.dds,BC1_UNORM_SRGB,DX10,2048,2048,12
BZCC,bz2r_res\baked\Scion\Pilot\Textures\fwsatc00_s.dds,BC1_UNORM_SRGB,DX10,2048,2048,12
BZCC,bz2r_res\baked\Scion\Shared\reflection3.dds,BC1_UNORM_SRGB,DX10,256,256,9
BZCC,bz2r_res\baked\Scion\Vehicles\Textures\fvarch00_d.dds,BC1_UNORM_SRGB,DX10,2048,2048,12
BZCC,bz2r_res\baked\Scion\Vehicles\Textures\fvarch00_e.dds,BC1_UNORM_SRGB,DX10,2048,2048,12
BZCC,bz2r_res\baked\Scion\Vehicles\Textures\fvarch00_s.dds,BC1_UNORM_SRGB,DX10,2048,2048,12
BZCC,bz2r_res\baked\Scion\Vehicles\Textures\fvatank00_d.dds,BC1_UNORM_SRGB,DX10,2048,2048,12
BZCC,bz2r_res\baked\Scion\Vehicles\Textures\fvatank00_e.dds,BC1_UNORM_SRGB,DX10,2048,2048,12
BZCC,bz2r_res\baked\Scion\Vehicles\Textures\fvburn00.dds,BC1_UNORM_SRGB,DX10,2048,2048,12
BZCC,bz2r_res\baked\Scion\Vehicles\Textures\fvburn00_e.dds,BC1_UNORM_SRGB,DX10,2048,2048,12
BZCC,bz2r_res\baked\Scion\Vehicles\Textures\fvburn00_s.dds,BC1_UNORM_SRGB,DX10,2048,2048,12
BZCC,bz2r_res\baked\Scion\Vehicles\Textures\fvburn01.dds,BC1_UNORM_SRGB,DX10,1024,1024,11
BZCC,bz2r_res\baked\Scion\Vehicles\Textures\fvcock00.dds,BC1_UNORM_SRGB,DX10,2048,2048,12
BZCC,bz2r_res\baked\Scion\Vehicles\Textures\fvcock00_c.dds,BC1_UNORM_SRGB,DX10,2048,2048,12
BZCC,bz2r_res\baked\Scion\Vehicles\Textures\fvcock00_e.dds,BC1_UNORM_SRGB,DX10,2048,2048,12
BZCC,bz2r_res\baked\Scion\Vehicles\Textures\fvcock00_s.dds,BC1_UNORM_SRGB,DX10,2048,2048,12
BZCC,bz2r_res\baked\Scion\Vehicles\Textures\fvconst00_c.dds,BC1_UNORM_SRGB,DX10,2048,2048,12
BZCC,bz2r_res\baked\Scion\Vehicles\Textures\fvconst00_d.dds,BC1_UNORM_SRGB,DX10,2048,2048,12
BZCC,bz2r_res\baked\Scion\Vehicles\Textures\fvconst00_e.dds,BC1_UNORM_SRGB,DX10,2048,2048,12
BZCC,bz2r_res\baked\Scion\Vehicles\Textures\fvconst00_s.dds,BC1_UNORM_SRGB,DX10,2048,2048,12
BZCC,bz2r_res\baked\Scion\Vehicles\Textures\fvdrop00.dds,BC1_UNORM_SRGB,DX10,4096,4096,13
BZCC,bz2r_res\baked\Scion\Vehicles\Textures\fvdrop00_e.dds,BC1_UNORM_SRGB,DX10,4096,4096,13
BZCC,bz2r_res\baked\Scion\Vehicles\Textures\fvdrop00_s.dds,BC1_UNORM_SRGB,DX10,4096,4096,13
BZCC,bz2r_res\baked\Scion\Vehicles\Textures\fvrecy00_d.dds,BC1_UNORM_SRGB,DX10,2048,2048,12
BZCC,bz2r_res\baked\Scion\Vehicles\Textures\fvrecy00_e.dds,BC1_UNORM_SRGB,DX10,2048,2048,12
BZCC,bz2r_res\baked\Scion\Vehicles\Textures\fvrecy00_s.dds,BC1_UNORM_SRGB,DX10,2048,2048,12
BZCC,bz2r_res\baked\Scion\Vehicles\Textures\fvsav00.dds,BC1_UNORM_SRGB,DX10,256,256,9
BZCC,bz2r_res\baked\Scion\Vehicles\Textures\fvsavc0.dds,BC1_UNORM_SRGB,DX10,256,256,9
BZCC,bz2r_res\baked\Scion\Vehicles\Textures\fvscav00_c.dds,BC1_UNORM_SRGB,DX10,2048,2048,12
BZCC,bz2r_res\baked\Scion\Vehicles\Textures\fvscav00_d.dds,BC1_UNORM_SRGB,DX10,2048,2048,12
BZCC,bz2r_res\baked\Scion\Vehicles\Textures\fvscav00_e.dds,BC1_UNORM_SRGB,DX10,2048,2048,12
BZCC,bz2r_res\baked\Scion\Vehicles\Textures\fvscav00_s.dds,BC1_UNORM_SRGB,DX10,2048,2048,12
BZCC,bz2r_res\baked\Scion\Vehicles\Textures\fvscout00_d.dds,BC1_UNORM_SRGB,DX10,2048,2048,12
BZCC,bz2r_res\baked\Scion\Vehicles\Textures\fvscout00_e.dds,BC1_UNORM_SRGB,DX10,2048,2048,12
BZCC,bz2r_res\baked\Scion\Vehicles\Textures\fvscout00_s.dds,BC1_UNORM_SRGB,DX10,2048,2048,12
BZCC,bz2r_res\baked\Scion\Vehicles\Textures\fvsent00.dds,BC1_UNORM_SRGB,DX10,2048,2048,12
BZCC,bz2r_res\baked\Scion\Vehicles\Textures\fvsent00_e.dds,BC1_UNORM_SRGB,DX10,2048,2048,12
BZCC,bz2r_res\baked\Scion\Vehicles\Textures\fvsent00_s.dds,BC1_UNORM_SRGB,DX10,2048,2048,12
BZCC,bz2r_res\baked\Scion\Vehicles\Textures\fvserv00_d.dds,BC1_UNORM_SRGB,DX10,2048,2048,12
BZCC,bz2r_res\baked\Scion\Vehicles\Textures\fvserv00_e.dds,BC1_UNORM_SRGB,DX10,2048,2048,12
BZCC,bz2r_res\baked\Scion\Vehicles\Textures\fvserv00_s.dds,BC1_UNORM_SRGB,DX10,2048,2048,12
BZCC,bz2r_res\baked\Scion\Vehicles\Textures\fvtank00.dds,BC1_UNORM_SRGB,DX10,256,256,9
BZCC,bz2r_res\baked\Scion\Vehicles\Textures\fvtank00_d.dds,BC1_UNORM_SRGB,DX10,2048,2048,12
BZCC,bz2r_res\baked\Scion\Vehicles\Textures\fvtank00_e.dds,BC1_UNORM_SRGB,DX10,2048,2048,12
BZCC,bz2r_res\baked\Scion\Vehicles\Textures\fvtank00_s.dds,BC1_UNORM_SRGB,DX10,2048,2048,12
BZCC,bz2r_res\baked\Scion\Vehicles\Textures\fvtankc0.dds,BC1_UNORM_SRGB,DX10,256,256,9
BZCC,bz2r_res\baked\Scion\Vehicles\Textures\fvtread.dds,BC1_UNORM_SRGB,DX10,512,512,10
BZCC,bz2r_res\baked\Scion\Vehicles\Textures\fvtug00.dds,BC1_UNORM_SRGB,DX10,256,256,9
BZCC,bz2r_res\baked\Scion\Vehicles\Textures\fvtug00_d.dds,BC1_UNORM_SRGB,DX10,2048,2048,12
BZCC,bz2r_res\baked\Scion\Vehicles\Textures\fvtug00_e.dds,BC1_UNORM_SRGB,DX10,2048,2048,12
BZCC,bz2r_res\baked\Scion\Vehicles\Textures\fvtug00_s.dds,BC1_UNORM_SRGB,DX10,2048,2048,12
BZCC,bz2r_res\baked\Scion\Vehicles\Textures\fvtugc0.dds,BC1_UNORM_SRGB,DX10,256,256,9
BZCC,bz2r_res\baked\Scion\Vehicles\Textures\fvturr00_c.dds,BC1_UNORM_SRGB,DX10,2048,2048,12
BZCC,bz2r_res\baked\Scion\Vehicles\Textures\fvturr00_d.dds,BC1_UNORM_SRGB,DX10,2048,2048,12
BZCC,bz2r_res\baked\Scion\Vehicles\Textures\fvturr00_e.dds,BC1_UNORM_SRGB,DX10,2048,2048,12
BZCC,bz2r_res\baked\Scion\Vehicles\Textures\fvturr00_s.dds,BC1_UNORM_SRGB,DX10,2048,2048,12
BZCC,bz2r_res\baked\Scion\Vehicles\Textures\fvwalk00_d.dds,BC1_UNORM_SRGB,DX10,2048,2048,12
BZCC,bz2r_res\baked\Scion\Vehicles\Textures\fvwalk00_e.dds,BC1_UNORM_SRGB,DX10,2048,2048,12
BZCC,bz2r_res\baked\Scion\Vehicles\Textures\fvwalk00_s.dds,BC1_UNORM_SRGB,DX10,2048,2048,12
BZCC,bz2r_res\baked\Temp\Textures\tospir01.dds,BC1_UNORM_SRGB,DX10,256,256,9
BZCC,bz2r_res\baked\Temp\ibrail00.dds,BC1_UNORM_SRGB,DX10,256,256,9
BZCC,bz2r_res\baked\UI\0.dds,BC1_UNORM_SRGB,DX10,512,512,10
BZCC,bz2r_res\baked\UI\Backgrounds\BackStarField.dds,BC1_UNORM_SRGB,DX10,1920,1080,11
BZCC,bz2r_res\baked\UI\Backgrounds\Bane_Load.dds,BC1_UNORM_SRGB,DX10,1920,1080,11
BZCC,bz2r_res\baked\UI\Backgrounds\Core_Load.dds,BC1_UNORM_SRGB,DX10,1920,1080,11
BZCC,bz2r_res\baked\UI\Backgrounds\Dark_Load.dds,BC1_UNORM_SRGB,DX10,1920,1080,11
BZCC,bz2r_res\baked\UI\Backgrounds\Main_end.dds,BC1_UNORM_SRGB,DX10,1920,1080,11
BZCC,bz2r_res\baked\UI\Backgrounds\Mire_Load.dds,BC1_UNORM_SRGB,DX10,1920,1080,11
BZCC,bz2r_res\baked\UI\Backgrounds\Pluto_Load.dds,BC1_UNORM_SRGB,DX10,1920,1080,11
BZCC,bz2r_res\baked\UI\Backgrounds\Rend_Load.dds,BC1_UNORM_SRGB,DX10,1920,1080,11
BZCC,bz2r_res\baked\UI\Backgrounds\Shell_Mods.dds,BC1_UNORM_SRGB,DX10,1920,1080,11
BZCC,bz2r_res\baked\UI\Backgrounds\Shell_PreMods.dds,BC1_UNORM_SRGB,DX10,1920,1080,11
BZCC,bz2r_res\baked\UI\Backgrounds\file_load.dds,BC1_UNORM_SRGB,DX10,1920,1080,11
BZCC,bz2r_res\baked\UI\Backgrounds\instant.dds,BC1_UNORM_SRGB,DX10,1920,1080,11
BZCC,bz2r_res\baked\UI\Backgrounds\intro.dds,BC1_UNORM_SRGB,DX10,1920,1080,11
BZCC,bz2r_res\baked\UI\Backgrounds\isdf_death.dds,BC1_UNORM_SRGB,DX10,640,480,10
BZCC,bz2r_res\baked\UI\Backgrounds\login.dds,BC1_UNORM_SRGB,DX10,1920,1080,11
BZCC,bz2r_res\baked\UI\Backgrounds\main.dds,BC1_UNORM_SRGB,DX10,1920,1080,11
BZCC,bz2r_res\baked\UI\Backgrounds\multip_1a.dds,BC1_UNORM_SRGB,DX10,1920,1080,11
BZCC,bz2r_res\baked\UI\Backgrounds\multip_client.dds,BC1_UNORM_SRGB,DX10,1920,1080,11
BZCC,bz2r_res\baked\UI\Backgrounds\multip_create.dds,BC1_UNORM_SRGB,DX10,1920,1080,11
BZCC,bz2r_res\baked\UI\Backgrounds\multip_end.dds,BC1_UNORM_SRGB,DX10,1920,1080,11
BZCC,bz2r_res\baked\UI\Backgrounds\multip_extra.dds,BC1_UNORM_SRGB,DX10,1920,1080,11
BZCC,bz2r_res\baked\UI\Backgrounds\multip_team.dds,BC1_UNORM_SRGB,DX10,1920,1080,11
BZCC,bz2r_res\baked\UI\Backgrounds\option_graphic.dds,BC1_UNORM_SRGB,DX10,1920,1080,11
BZCC,bz2r_res\baked\UI\Backgrounds\option_input.dds,BC1_UNORM_SRGB,DX10,1920,1080,11
BZCC,bz2r_res\baked\UI\Backgrounds\option_input2.dds,BC1_UNORM_SRGB,DX10,1920,1080,11
BZCC,bz2r_res\baked\UI\Backgrounds\option_sound.dds,BC1_UNORM_SRGB,DX10,1920,1080,11
BZCC,bz2r_res\baked\UI\Backgrounds\options_stats.dds,BC1_UNORM_SRGB,DX10,1920,1080,11
BZCC,bz2r_res\baked\UI\Backgrounds\scion_death.dds,BC1_UNORM_SRGB,DX10,640,480,10
BZCC,bz2r_res\baked\UI\Backgrounds\shell_addons.dds,BC1_UNORM_SRGB,DX10,1920,1080,11
BZCC,bz2r_res\baked\UI\Backgrounds\singlep_Archive.dds,BC1_UNORM_SRGB,DX10,1920,1080,11
BZCC,bz2r_res\baked\UI\Backgrounds\singlep_Briefing.dds,BC1_UNORM_SRGB,DX10,1920,1080,11
BZCC,bz2r_res\baked\UI\Backgrounds\singlep_main.dds,BC1_UNORM_SRGB,DX10,1920,1080,11
BZCC,bz2r_res\baked\UI\LoadScreens\splash1.dds,BC1_UNORM_SRGB,DX10,1920,1080,11
BZCC,bz2r_res\baked\UI\LoadScreens\splash2.dds,BC1_UNORM_SRGB,DX10,1920,1080,11
BZCC,bz2r_res\baked\UI\MapPreviews\KOTH-4p.dds,BC1_UNORM_SRGB,DX10,256,256,9
BZCC,bz2r_res\baked\UI\MapPreviews\MPIisland.dds,BC1_UNORM_SRGB,DX10,256,256,9
BZCC,bz2r_res\baked\UI\MapPreviews\bridges.dds,BC1_UNORM_SRGB,DX10,256,256,9
BZCC,bz2r_res\baked\UI\MapPreviews\chill.dds,BC1_UNORM_SRGB,DX10,256,256,9
BZCC,bz2r_res\baked\UI\MapPreviews\ctfpluto.dds,BC1_UNORM_SRGB,DX10,256,256,9
BZCC,bz2r_res\baked\UI\MapPreviews\ctfvalley.dds,BC1_UNORM_SRGB,DX10,256,256,9
BZCC,bz2r_res\baked\UI\MapPreviews\dmbane.dds,BC1_UNORM_SRGB,DX10,256,256,9
BZCC,bz2r_res\baked\UI\MapPreviews\dmcubes.dds,BC1_UNORM_SRGB,DX10,256,256,9
BZCC,bz2r_res\baked\UI\MapPreviews\dmfig8.dds,BC1_UNORM_SRGB,DX10,256,256,9
BZCC,bz2r_res\baked\UI\MapPreviews\dmgoliath.dds,BC1_UNORM_SRGB,DX10,256,256,9
BZCC,bz2r_res\baked\UI\MapPreviews\dmpluto01.dds,BC1_UNORM_SRGB,DX10,256,256,9
BZCC,bz2r_res\baked\UI\MapPreviews\dmrift.dds,BC1_UNORM_SRGB,DX10,256,256,9
BZCC,bz2r_res\baked\UI\MapPreviews\dmring.dds,BC1_UNORM_SRGB,DX10,256,256,9
BZCC,bz2r_res\baked\UI\MapPreviews\dmtitan01.dds,BC1_UNORM_SRGB,DX10,256,256,9
BZCC,bz2r_res\baked\UI\MapPreviews\flagfort.dds,BC1_UNORM_SRGB,DX10,256,256,9
BZCC,bz2r_res\baked\UI\MapPreviews\ground0.dds,BC1_UNORM_SRGB,DX10,256,256,9
BZCC,bz2r_res\baked\UI\MapPreviews\ground4.dds,BC1_UNORM_SRGB,DX10,256,256,9
BZCC,bz2r_res\baked\UI\MapPreviews\hilo.dds,BC1_UNORM_SRGB,DX10,256,256,9
BZCC,bz2r_res\baked\UI\MapPreviews\kothrend.dds,BC1_UNORM_SRGB,DX10,256,256,9
BZCC,bz2r_res\baked\UI\MapPreviews\loot.dds,BC1_UNORM_SRGB,DX10,256,256,9
BZCC,bz2r_res\baked\UI\MapPreviews\mpicanyons.dds,BC1_UNORM_SRGB,DX10,256,256,9
BZCC,bz2r_res\baked\UI\MapPreviews\pyramid.dds,BC1_UNORM_SRGB,DX10,256,256,9
BZCC,bz2r_res\baked\UI\MapPreviews\quarry.dds,BC1_UNORM_SRGB,DX10,256,256,9
BZCC,bz2r_res\baked\UI\MapPreviews\rendstrat.dds,BC1_UNORM_SRGB,DX10,256,256,9
BZCC,bz2r_res\baked\UI\MapPreviews\river.dds,BC1_UNORM_SRGB,DX10,256,256,9
BZCC,bz2r_res\baked\UI\MapPreviews\river4.dds,BC1_UNORM_SRGB,DX10,256,256,9
BZCC,bz2r_res\baked\UI\MapPreviews\rjx-mars.dds,BC1_UNORM_SRGB,DX10,256,256,9
BZCC,bz2r_res\baked\UI\MapPreviews\sea_battle.dds,BC1_UNORM_SRGB,DX10,256,256,9
BZCC,bz2r_res\baked\UI\MapPreviews\shangrila.dds,BC1_UNORM_SRGB,DX10,256,256,9
BZCC,bz2r_res\baked\UI\MapPreviews\st_dunes.dds,BC1_UNORM_SRGB,DX10,256,256,9
BZCC,bz2r_res\baked\UI\MapPreviews\stiswar.dds,BC1_UNORM_SRGB,DX10,256,256,9
BZCC,bz2r_res\baked\UI\MapPreviews\strock.dds,BC1_UNORM_SRGB,DX10,256,256,9
BZCC,bz2r_res\baked\UI\MapPreviews\tunnels.dds,BC1_UNORM_SRGB,DX10,256,256,9
BZCC,bz2r_res\baked\UI\MapPreviews\volcano.dds,BC1_UNORM_SRGB,DX10,256,256,9
BZCC,bz2r_res\baked\Worlds\Bane\Creatures\Textures\Rhino.dds,BC1_UNORM_SRGB,DX10,2048,2048,12
BZCC,bz2r_res\baked\Worlds\Bane\Creatures\Textures\Rhino_S.dds,BC1_UNORM_SRGB,DX10,2048,2048,12
BZCC,bz2r_res\baked\Worlds\Bane\Props\Textures\bbextf01.dds,BC1_UNORM_SRGB,DX10,1024,1024,11
BZCC,bz2r_res\baked\Worlds\Bane\Props\Textures\bbextf02.dds,BC1_UNORM_SRGB,DX10,1024,1024,11
BZCC,bz2r_res\baked\Worlds\Bane\Props\Textures\bbextw00.dds,BC1_UNORM_SRGB,DX10,1024,1024,11
BZCC,bz2r_res\baked\Worlds\Bane\Props\Textures\bbextw01.dds,BC1_UNORM_SRGB,DX10,1024,1024,11
BZCC,bz2r_res\baked\Worlds\Bane\Props\Textures\bbextw01_s.dds,BC1_UNORM_SRGB,DX10,1024,1024,11
BZCC,bz2r_res\baked\Worlds\Bane\Props\Textures\bbintc00.dds,BC1_UNORM_SRGB,DX10,1024,1024,11
BZCC,bz2r_res\baked\Worlds\Bane\Props\Textures\bbintc00_s.dds,BC1_UNORM_SRGB,DX10,1024,1024,11
BZCC,bz2r_res\baked\Worlds\Bane\Props\Textures\bbintc01.dds,BC1_UNORM_SRGB,DX10,1024,1024,11
BZCC,bz2r_res\baked\Worlds\Bane\Props\Textures\bbintc01_s.dds,BC1_UNORM_SRGB,DX10,1024,1024,11
BZCC,bz2r_res\baked\Worlds\Bane\Props\Textures\bbintf00.dds,BC1_UNORM_SRGB,DX10,1024,1024,11
BZCC,bz2r_res\baked\Worlds\Bane\Props\Textures\bbintf00_s.dds,BC1_UNORM_SRGB,DX10,1024,1024,11
BZCC,bz2r_res\baked\Worlds\Bane\Props\Textures\bbintf01.dds,BC1_UNORM_SRGB,DX10,1024,1024,11
BZCC,bz2r_res\baked\Worlds\Bane\Props\Textures\bbintf01_s.dds,BC1_UNORM_SRGB,DX10,1024,1024,11
BZCC,bz2r_res\baked\Worlds\Bane\Props\Textures\bbintf02.dds,BC1_UNORM_SRGB,DX10,1024,1024,11
BZCC,bz2r_res\baked\Worlds\Bane\Props\Textures\bbintf02_s.dds,BC1_UNORM_SRGB,DX10,1024,1024,11
BZCC,bz2r_res\baked\Worlds\Bane\Props\Textures\bbintw00.dds,BC1_UNORM_SRGB,DX10,1024,1024,11
BZCC,bz2r_res\baked\Worlds\Bane\Props\Textures\bbintw00_s.dds,BC1_UNORM_SRGB,DX10,1024,1024,11
BZCC,bz2r_res\baked\Worlds\Bane\Props\Textures\bbintw01.dds,BC1_UNORM_SRGB,DX10,512,512,10
BZCC,bz2r_res\baked\Worlds\Bane\Props\Textures\bbintw01_s.dds,BC1_UNORM_SRGB,DX10,512,512,10
BZCC,bz2r_res\baked\Worlds\Bane\Props\Textures\bbintw02.dds,BC1_UNORM_SRGB,DX10,1024,1024,11
BZCC,bz2r_res\baked\Worlds\Bane\Props\Textures\bbintw03.dds,BC1_UNORM_SRGB,DX10,256,256,9
BZCC,bz2r_res\baked\Worlds\Bane\Props\Textures\bbintw03_s.dds,BC1_UNORM_SRGB,DX10,256,256,9
BZCC,bz2r_res\baked\Worlds\Bane\Props\Textures\bbintw04.dds,BC1_UNORM_SRGB,DX10,512,512,10
BZCC,bz2r_res\baked\Worlds\Bane\Props\Textures\bbintw04_s.dds,BC1_UNORM_SRGB,DX10,512,512,10
BZCC,bz2r_res\baked\Worlds\Bane\Props\Textures\bbintw05.dds,BC1_UNORM_SRGB,DX10,256,256,9
BZCC,bz2r_res\baked\Worlds\Bane\Props\Textures\bbintw05_s.dds,BC1_UNORM_SRGB,DX10,256,256,9
BZCC,bz2r_res\baked\Worlds\Bane\Props\Textures\bbintw06.dds,BC1_UNORM_SRGB,DX10,256,256,9
BZCC,bz2r_res\baked\Worlds\Bane\Props\Textures\bbintw06_s.dds,BC1_UNORM_SRGB,DX10,256,256,9
BZCC,bz2r_res\baked\Worlds\Bane\Props\Textures\bbintw07.dds,BC1_UNORM_SRGB,DX10,1024,1024,11
BZCC,bz2r_res\baked\Worlds\Bane\Props\Textures\bbintw07_s.dds,BC1_UNORM_SRGB,DX10,1024,1024,11
BZCC,bz2r_res\baked\Worlds\Bane\Props\Textures\bbintw08.dds,BC1_UNORM_SRGB,DX10,1024,1024,11
BZCC,bz2r_res\baked\Worlds\Bane\Props\Textures\bbintw08_s.dds,BC1_UNORM_SRGB,DX10,1024,1024,11
BZCC,bz2r_res\baked\Worlds\Bane\Props\Textures\bbintw09.dds,BC1_UNORM_SRGB,DX10,1024,1024,11
BZCC,bz2r_res\baked\Worlds\Bane\Props\Textures\bbintw09_s.dds,BC1_UNORM_SRGB,DX10,1024,1024,11
BZCC,bz2r_res\baked\Worlds\Bane\Props\Textures\bcurch01.dds,BC1_UNORM_SRGB,DX10,512,512,10
BZCC,bz2r_res\baked\Worlds\Bane\Props\Textures\bcurch01_s.dds,BC1_UNORM_SRGB,DX10,512,512,10
BZCC,bz2r_res\baked\Worlds\Bane\Props\Textures\beruin01.dds,BC1_UNORM_SRGB,DX10,1024,1024,11
BZCC,bz2r_res\baked\Worlds\Bane\Props\Textures\beruin02.dds,BC1_UNORM_SRGB,DX10,512,512,10
BZCC,bz2r_res\baked\Worlds\Bane\Props\Textures\beruin02_s.dds,BC1_UNORM_SRGB,DX10,512,512,10
BZCC,bz2r_res\baked\Worlds\Bane\Props\Textures\beruin03.dds,BC1_UNORM_SRGB,DX10,512,512,10
BZCC,bz2r_res\baked\Worlds\Bane\Props\Textures\beruin04_e.dds,BC1_UNORM_SRGB,DX10,2048,2048,12
BZCC,bz2r_res\baked\Worlds\Bane\Props\Textures\beruin04_s.dds,BC1_UNORM_SRGB,DX10,2048,2048,12
BZCC,bz2r_res\baked\Worlds\Bane\Props\Textures\iceberg.dds,BC1_UNORM_SRGB,DX10,2048,2048,12
BZCC,bz2r_res\baked\Worlds\Bane\Sky\BaneSun.dds,BC1_UNORM_SRGB,DX10,1024,1024,11
BZCC,bz2r_res\baked\Worlds\Bane\Sky\bane_bright_environ.dds,BC1_UNORM_SRGB,DX10,1024,1024,11
BZCC,bz2r_res\baked\Worlds\Bane\Sky\bane_dawn_environ.dds,BC1_UNORM_SRGB,DX10,1024,1024,11
BZCC,bz2r_res\baked\Worlds\Bane\Sky\bane_environ.dds,BC1_UNORM_SRGB,DX10,1024,1024,11
BZCC,bz2r_res\baked\Worlds\Bane\Sky\bane_tan_environ.dds,BC1_UNORM_SRGB,DX10,1024,1024,11
BZCC,bz2r_res\baked\Worlds\Bane\bane.dds,BC1_UNORM_SRGB,DX10,2048,2048,12
BZCC,bz2r_res\baked\Worlds\Bane\bane2.dds,BC1_UNORM_SRGB,DX10,2048,2048,12
BZCC,bz2r_res\baked\Worlds\Bane\bane3.dds,BC1_UNORM_SRGB,DX10,2048,2048,12
BZCC,bz2r_res\baked\Worlds\Bane\bane4.dds,BC1_UNORM_SRGB,DX10,1024,1024,11
BZCC,bz2r_res\baked\Worlds\Bane\bane5.dds,BC1_UNORM_SRGB,DX10,2048,2048,12
BZCC,bz2r_res\baked\Worlds\Core\Core_1.dds,BC1_UNORM_SRGB,DX10,2048,2048,12
BZCC,bz2r_res\baked\Worlds\Core\Core_1_e.dds,BC1_UNORM_SRGB,DX10,2048,2048,12
BZCC,bz2r_res\baked\Worlds\Core\Core_2.dds,BC1_UNORM_SRGB,DX10,2048,2048,12
BZCC,bz2r_res\baked\Worlds\Core\Core_2_e.dds,BC1_UNORM_SRGB,DX10,2048,2048,12
BZCC,bz2r_res\baked\Worlds\Core\Core_3.dds,BC1_UNORM_SRGB,DX10,2048,2048,12
BZCC,bz2r_res\baked\Worlds\Core\Core_4.dds,BC1_UNORM_SRGB,DX10,2048,2048,12
BZCC,bz2r_res\baked\Worlds\Core\Core_4_e.dds,BC1_UNORM_SRGB,DX10,2048,2048,12
BZCC,bz2r_res\baked\Worlds\Core\Core_5.dds,BC1_UNORM_SRGB,DX10,2048,2048,12
BZCC,bz2r_res\baked\Worlds\Core\Core_5_e.dds,BC1_UNORM_SRGB,DX10,2048,2048,12
BZCC,bz2r_res\baked\Worlds\Core\Core_6.dds,BC1_UNORM_SRGB,DX10,2048,2048,12
BZCC,bz2r_res\baked\Worlds\Core\Core_6_e.dds,BC1_UNORM_SRGB,DX10,2048,2048,12
BZCC,bz2r_res\baked\Worlds\Core\Props\Textures\cbextf00_s.dds,BC1_UNORM_SRGB,DX10,1024,1024,11
BZCC,bz2r_res\baked\Worlds\Core\Props\Textures\cbextf01_s.dds,BC1_UNORM_SRGB,DX10,1024,1024,11
BZCC,bz2r_res\baked\Worlds\Core\Props\Textures\cbextf02.dds,BC1_UNORM_SRGB,DX10,2048,2048,12
BZCC,bz2r_res\baked\Worlds\Core\Props\Textures\cbextf02_e.dds,BC1_UNORM_SRGB,DX10,2048,2048,12
BZCC,bz2r_res\baked\Worlds\Core\Props\Textures\cbextf03.dds,BC1_UNORM_SRGB,DX10,2048,2048,12
BZCC,bz2r_res\baked\Worlds\Core\Props\Textures\cbextf03_e.dds,BC1_UNORM_SRGB,DX10,2048,2048,12
BZCC,bz2r_res\baked\Worlds\Core\Props\Textures\cbextf05.dds,BC1_UNORM_SRGB,DX10,2048,2048,12
BZCC,bz2r_res\baked\Worlds\Core\Props\Textures\cbextf05_e.dds,BC1_UNORM_SRGB,DX10,2048,2048,12
BZCC,bz2r_res\baked\Worlds\Core\Props\Textures\cbextf06.dds,BC1_UNORM_SRGB,DX10,1024,1024,11
BZCC,bz2r_res\baked\Worlds\Core\Props\Textures\cbextf06_e.dds,BC1_UNORM_SRGB,DX10,1024,1024,11
BZCC,bz2r_res\baked\Worlds\Core\Props\Textures\cbextf06_s.dds,BC1_UNORM_SRGB,DX10,1024,1024,11
BZCC,bz2r_res\baked\Worlds\Core\Props\Textures\cbextw01.dds,BC1_UNORM_SRGB,DX10,2048,2048,12
BZCC,bz2r_res\baked\Worlds\Core\Props\Textures\cbextw01_e.dds,BC1_UNORM_SRGB,DX10,2048,2048,12
BZCC,bz2r_res\baked\Worlds\Core\Props\Textures\cbextw02.dds,BC1_UNORM_SRGB,DX10,2048,2048,12
BZCC,bz2r_res\baked\Worlds\Core\Props\Textures\cbextw02_e.dds,BC1_UNORM_SRGB,DX10,2048,2048,12
BZCC,bz2r_res\baked\Worlds\Core\Props\Textures\cbextw03.dds,BC1_UNORM_SRGB,DX10,1024,1024,11
BZCC,bz2r_res\baked\Worlds\Core\Props\Textures\cbextw03_e.dds,BC1_UNORM_SRGB,DX10,1024,1024,11
BZCC,bz2r_res\baked\Worlds\Core\Props\Textures\cbextw04.dds,BC1_UNORM_SRGB,DX10,2048,2048,12
BZCC,bz2r_res\baked\Worlds\Core\Props\Textures\cbextw04_e.dds,BC1_UNORM_SRGB,DX10,2048,2048,12
BZCC,bz2r_res\baked\Worlds\Core\Props\Textures\cbextw05.dds,BC1_UNORM_SRGB,DX10,2048,2048,12
BZCC,bz2r_res\baked\Worlds\Core\Props\Textures\cbextw05_e.dds,BC1_UNORM_SRGB,DX10,2048,2048,12
BZCC,bz2r_res\baked\Worlds\Core\Props\Textures\cbextw06.dds,BC1_UNORM_SRGB,DX10,1024,1024,11
BZCC,bz2r_res\baked\Worlds\Core\Props\Textures\cbextw07.dds,BC1_UNORM_SRGB,DX10,2048,2048,12
BZCC,bz2r_res\baked\Worlds\Core\Props\Textures\cbextw07_e.dds,BC1_UNORM_SRGB,DX10,2048,2048,12
BZCC,bz2r_res\baked\Worlds\Core\Props\Textures\cbextw10.dds,BC1_UNORM_SRGB,DX10,2048,2048,12
BZCC,bz2r_res\baked\Worlds\Core\Props\Textures\cbextw10_e.dds,BC1_UNORM_SRGB,DX10,2048,2048,12
BZCC,bz2r_res\baked\Worlds\Core\Props\Textures\cbextw11.dds,BC1_UNORM_SRGB,DX10,1024,1024,11
BZCC,bz2r_res\baked\Worlds\Core\Props\Textures\cbextw11_e.dds,BC1_UNORM_SRGB,DX10,1024,1024,11
BZCC,bz2r_res\baked\Worlds\Core\Props\Textures\cbextw11_s.dds,BC1_UNORM_SRGB,DX10,1024,1024,11
BZCC,bz2r_res\baked\Worlds\Core\Props\Textures\cbextw12.dds,BC1_UNORM_SRGB,DX10,2048,2048,12
BZCC,bz2r_res\baked\Worlds\Core\Props\Textures\cbextw12_e.dds,BC1_UNORM_SRGB,DX10,2048,2048,12
BZCC,bz2r_res\baked\Worlds\Core\Props\Textures\cbextw13.dds,BC1_UNORM_SRGB,DX10,2048,2048,12
BZCC,bz2r_res\baked\Worlds\Core\Props\Textures\cbextw13_e.dds,BC1_UNORM_SRGB,DX10,2048,2048,12
BZCC,bz2r_res\baked\Worlds\Core\Props\Textures\cc111101.dds,BC1_UNORM_SRGB,DX10,1024,1024,11
BZCC,bz2r_res\baked\Worlds\Core\Props\Textures\cc111101_e.dds,BC1_UNORM_SRGB,DX10,1024,1024,11
BZCC,bz2r_res\baked\Worlds\Core\Props\Textures\cvseek00.dds,BC1_UNORM_SRGB,DX10,1024,1024,11
BZCC,bz2r_res\baked\Worlds\Core\Props\Textures\cvseek00_s.dds,BC1_UNORM_SRGB,DX10,1024,1024,11
BZCC,bz2r_res\baked\Worlds\Core\Props\Textures\cvseek01.dds,BC1_UNORM_SRGB,DX10,1024,1024,11
BZCC,bz2r_res\baked\Worlds\Core\Props\Textures\cvseek01_s.dds,BC1_UNORM_SRGB,DX10,1024,1024,11
BZCC,bz2r_res\baked\Worlds\Core\Sky\CoreSun.dds,BC1_UNORM_SRGB,DX10,1024,1024,11
BZCC,bz2r_res\baked\Worlds\Core\Sky\core_environ.dds,BC1_UNORM_SRGB,DX10,1024,1024,11
BZCC,bz2r_res\baked\Worlds\Core\Sky\coreint_environ.dds,BC1_UNORM_SRGB,DX10,1024,1024,11
BZCC,bz2r_res\baked\Worlds\Dark\Props\Textures\dbcyan00_e.dds,BC1_UNORM_SRGB,DX10,512,512,10
BZCC,bz2r_res\baked\Worlds\Dark\Props\Textures\dbworm00.dds,BC1_UNORM_SRGB,DX10,1024,1024,11
BZCC,bz2r_res\baked\Worlds\Dark\Props\Textures\dbworm00_s.dds,BC1_UNORM_SRGB,DX10,1024,1024,11
BZCC,bz2r_res\baked\Worlds\Dark\Props\Textures\dbworm01.dds,BC1_UNORM_SRGB,DX10,1024,1024,11
BZCC,bz2r_res\baked\Worlds\Dark\Props\Textures\dbworm01_s.dds,BC1_UNORM_SRGB,DX10,1024,1024,11
BZCC,bz2r_res\baked\Worlds\Dark\Sky\DarkSkyS.dds,BC1_UNORM_SRGB,DX10,4096,1024,13
BZCC,bz2r_res\baked\Worlds\Dark\Sky\dark_environ.dds,BC1_UNORM_SRGB,DX10,1024,1024,11
BZCC,bz2r_res\baked\Worlds\Dark\dark.dds,BC1_UNORM_SRGB,DX10,2048,2048,12
BZCC,bz2r_res\baked\Worlds\Dark\dark10.dds,BC1_UNORM_SRGB,DX10,2048,2048,12
BZCC,bz2r_res\baked\Worlds\Dark\dark2.dds,BC1_UNORM_SRGB,DX10,2048,2048,12
BZCC,bz2r_res\baked\Worlds\Dark\dark3.dds,BC1_UNORM_SRGB,DX10,2048,2048,12
BZCC,bz2r_res\baked\Worlds\Dark\dark4.dds,BC1_UNORM_SRGB,DX10,2048,2048,12
BZCC,bz2r_res\baked\Worlds\Dark\dark5.dds,BC1_UNORM_SRGB,DX10,2048,2048,12
BZCC,bz2r_res\baked\Worlds\Dark\dark6.dds,BC1_UNORM_SRGB,DX10,256,256,9
BZCC,bz2r_res\baked\Worlds\Dark\dark7.dds,BC1_UNORM_SRGB,DX10,2048,2048,12
BZCC,bz2r_res\baked\Worlds\Dark\dark8.dds,BC1_UNORM_SRGB,DX10,2048,2048,12
BZCC,bz2r_res\baked\Worlds\Dark\dark9.dds,BC1_UNORM_SRGB,DX10,2048,2048,12
BZCC,bz2r_res\baked\Worlds\Dark\dark_e.dds,BC1_UNORM_SRGB,DX10,2048,2048,12
BZCC,bz2r_res\baked\Worlds\Dune\Dune1.dds,BC1_UNORM_SRGB,DX10,2048,2048,12
BZCC,bz2r_res\baked\Worlds\Dune\Dune2.dds,BC1_UNORM_SRGB,DX10,2048,2048,12
BZCC,bz2r_res\baked\Worlds\Dune\Dune3.dds,BC1_UNORM_SRGB,DX10,2048,2048,12
BZCC,bz2r_res\baked\Worlds\Dune\Dune5.dds,BC1_UNORM_SRGB,DX10,2048,2048,12
BZCC,bz2r_res\baked\Worlds\Dune\Dune6.dds,BC1_UNORM_SRGB,DX10,2048,2048,12
BZCC,bz2r_res\baked\Worlds\Dune\Dune7.dds,BC1_UNORM_SRGB,DX10,1024,1024,11
BZCC,bz2r_res\baked\Worlds\Dune\Dune7_s.dds,BC1_UNORM_SRGB,DX10,1024,1024,11
BZCC,bz2r_res\baked\Worlds\Dune\Dune8.dds,BC1_UNORM_SRGB,DX10,2048,2048,12
BZCC,bz2r_res\baked\Worlds\Dune\Dune9.dds,BC1_UNORM_SRGB,DX10,2048,2048,12
BZCC,bz2r_res\baked\Worlds\Dune\Sky\DuneSun.dds,BC1_UNORM_SRGB,DX10,1024,1024,11
BZCC,bz2r_res\baked\Worlds\Dune\Sky\Dunedome.dds,BC1_UNORM_SRGB,DX10,4096,1024,13
BZCC,bz2r_res\baked\Worlds\Dune\Sky\dunes_day_environ.dds,BC1_UNORM_SRGB,DX10,1024,1024,11
BZCC,bz2r_res\baked\Worlds\Dune\Sky\dunes_night_environ.dds,BC1_UNORM_SRGB,DX10,1024,1024,11
BZCC,bz2r_res\baked\Worlds\Dune\dune4.dds,BC1_UNORM_SRGB,DX10,2048,2048,12
BZCC,bz2r_res\baked\Worlds\EarthCity\Props\Textures\bank01.dds,BC1_UNORM_SRGB,DX10,1024,1024,11
BZCC,bz2r_res\baked\Worlds\EarthCity\Props\Textures\bank01_s.dds,BC1_UNORM_SRGB,DX10,1024,1024,11
BZCC,bz2r_res\baked\Worlds\EarthCity\Props\Textures\bank02.dds,BC1_UNORM_SRGB,DX10,1024,1024,11
BZCC,bz2r_res\baked\Worlds\EarthCity\Props\Textures\bank02_s.dds,BC1_UNORM_SRGB,DX10,1024,1024,11
BZCC,bz2r_res\baked\Worlds\EarthCity\Props\Textures\bankcolumn01.dds,BC1_UNORM_SRGB,DX10,1024,1024,11
BZCC,bz2r_res\baked\Worlds\EarthCity\Props\Textures\bankcolumn01_s.dds,BC1_UNORM_SRGB,DX10,1024,1024,11
BZCC,bz2r_res\baked\Worlds\EarthCity\Props\Textures\bankfloor01.dds,BC1_UNORM_SRGB,DX10,1024,1024,11
BZCC,bz2r_res\baked\Worlds\EarthCity\Props\Textures\bankfloor01_s.dds,BC1_UNORM_SRGB,DX10,1024,1024,11
BZCC,bz2r_res\baked\Worlds\EarthCity\Props\Textures\bankwall01.dds,BC1_UNORM_SRGB,DX10,1024,1024,11
BZCC,bz2r_res\baked\Worlds\EarthCity\Props\Textures\bankwall01_s.dds,BC1_UNORM_SRGB,DX10,1024,1024,11
BZCC,bz2r_res\baked\Worlds\EarthCity\Props\Textures\gbag01.dds,BC1_UNORM_SRGB,DX10,512,512,10
BZCC,bz2r_res\baked\Worlds\EarthCity\Props\Textures\gbag01_s.dds,BC1_UNORM_SRGB,DX10,512,512,10
BZCC,bz2r_res\baked\Worlds\EarthCity\Props\Textures\gold01.dds,BC1_UNORM_SRGB,DX10,1024,1024,11
BZCC,bz2r_res\baked\Worlds\EarthCity\Props\Textures\gold01_s.dds,BC1_UNORM_SRGB,DX10,1024,1024,11
BZCC,bz2r_res\baked\Worlds\EarthCity\Props\Textures\side02.dds,BC1_UNORM_SRGB,DX10,1024,1024,11
BZCC,bz2r_res\baked\Worlds\EarthCity\Props\Textures\side02_s.dds,BC1_UNORM_SRGB,DX10,1024,1024,11
BZCC,bz2r_res\baked\Worlds\EarthCity\Props\Textures\side04.dds,BC1_UNORM_SRGB,DX10,1024,1024,11
BZCC,bz2r_res\baked\Worlds\EarthCity\Props\Textures\side04_s.dds,BC1_UNORM_SRGB,DX10,1024,1024,11
BZCC,bz2r_res\baked\Worlds\EarthCity\Props\Textures\side07.dds,BC1_UNORM_SRGB,DX10,1024,1024,11
BZCC,bz2r_res\baked\Worlds\EarthCity\Props\Textures\side08.dds,BC1_UNORM_SRGB,DX10,1024,1024,11
BZCC,bz2r_res\baked\Worlds\EarthCity\Props\Textures\side08_s.dds,BC1_UNORM_SRGB,DX10,1024,1024,11
BZCC,bz2r_res\baked\Worlds\EarthCity\Props\Textures\side09.dds,BC1_UNORM_SRGB,DX10,1024,1024,11
BZCC,bz2r_res\baked\Worlds\EarthCity\Props\Textures\side10.dds,BC1_UNORM_SRGB,DX10,1024,1024,11
BZCC,bz2r_res\baked\Worlds\EarthCity\Props\Textures\side12.dds,BC1_UNORM_SRGB,DX10,1024,1024,11
BZCC,bz2r_res\baked\Worlds\EarthCity\Props\Textures\side13.dds,BC1_UNORM_SRGB,DX10,1024,1024,11
BZCC,bz2r_res\baked\Worlds\EarthCity\Props\Textures\signs01.dds,BC1_UNORM_SRGB,DX10,512,512,10
BZCC,bz2r_res\baked\Worlds\EarthCity\Props\Textures\signs01_s.dds,BC1_UNORM_SRGB,DX10,512,512,10
BZCC,bz2r_res\baked\Worlds\EarthCity\Props\Textures\signs02.dds,BC1_UNORM_SRGB,DX10,512,512,10
BZCC,bz2r_res\baked\Worlds\EarthCity\Props\Textures\signs02_s.dds,BC1_UNORM_SRGB,DX10,512,512,10
BZCC,bz2r_res\baked\Worlds\EarthCity\Props\Textures\silver01.dds,BC1_UNORM_SRGB,DX10,1024,1024,11
BZCC,bz2r_res\baked\Worlds\EarthCity\Props\Textures\silver01_s.dds,BC1_UNORM_SRGB,DX10,1024,1024,11
BZCC,bz2r_res\baked\Worlds\EarthCity\Props\Textures\slight.dds,BC1_UNORM_SRGB,DX10,512,512,10
BZCC,bz2r_res\baked\Worlds\EarthCity\Props\Textures\slight_s.dds,BC1_UNORM_SRGB,DX10,512,512,10
BZCC,bz2r_res\baked\Worlds\EarthCity\Sidewalks\swcor01.dds,BC1_UNORM_SRGB,DX10,2048,2048,12
BZCC,bz2r_res\baked\Worlds\EarthCity\Sidewalks\swseg01.dds,BC1_UNORM_SRGB,DX10,2048,2048,12
BZCC,bz2r_res\baked\Worlds\EarthCity\Sidewalks\swsid01.dds,BC1_UNORM_SRGB,DX10,2048,2048,12
BZCC,bz2r_res\baked\Worlds\EarthCity\Sky\earth_day_environ.dds,BC1_UNORM_SRGB,DX10,1024,1024,11
BZCC,bz2r_res\baked\Worlds\EarthCity\Street_4.dds,BC1_UNORM_SRGB,DX10,2048,2048,12
BZCC,bz2r_res\baked\Worlds\EarthCity\grass.dds,BC1_UNORM_SRGB,DX10,2048,2048,12
BZCC,bz2r_res\baked\Worlds\EarthCity\street_1.dds,BC1_UNORM_SRGB,DX10,2048,2048,12
BZCC,bz2r_res\baked\Worlds\EarthCity\street_2.dds,BC1_UNORM_SRGB,DX10,2048,2048,12
BZCC,bz2r_res\baked\Worlds\EarthCity\street_3.dds,BC1_UNORM_SRGB,DX10,2048,2048,12
BZCC,bz2r_res\baked\Worlds\EarthCity\street_5.dds,BC1_UNORM_SRGB,DX10,2048,2048,12
BZCC,bz2r_res\baked\Worlds\EarthCity\street_6.dds,BC1_UNORM_SRGB,DX10,2048,2048,12
BZCC,bz2r_res\baked\Worlds\Mars\Sky\Marsdome.dds,BC1_UNORM_SRGB,DX10,8192,2048,14
BZCC,bz2r_res\baked\Worlds\Mars\Sky\mars_environ.dds,BC1_UNORM_SRGB,DX10,1024,1024,11
BZCC,bz2r_res\baked\Worlds\Mars\mars1.dds,BC1_UNORM_SRGB,DX10,2048,2048,12
BZCC,bz2r_res\baked\Worlds\Mars\mars2.dds,BC1_UNORM_SRGB,DX10,2048,2048,12
BZCC,bz2r_res\baked\Worlds\Mars\mars5.dds,BC1_UNORM_SRGB,DX10,2048,2048,12
BZCC,bz2r_res\baked\Worlds\Mars\mars6.dds,BC1_UNORM_SRGB,DX10,2048,2048,12
BZCC,bz2r_res\baked\Worlds\Mars\mars7.dds,BC1_UNORM_SRGB,DX10,2048,2048,12
BZCC,bz2r_res\baked\Worlds\Metal\Metal13.dds,BC1_UNORM_SRGB,DX10,2048,2048,12
BZCC,bz2r_res\baked\Worlds\Metal\Metal2.dds,BC1_UNORM_SRGB,DX10,2048,2048,12
BZCC,bz2r_res\baked\Worlds\Metal\Metal3.dds,BC1_UNORM_SRGB,DX10,2048,2048,12
BZCC,bz2r_res\baked\Worlds\Metal\Metal4.dds,BC1_UNORM_SRGB,DX10,2048,2048,12
BZCC,bz2r_res\baked\Worlds\Metal\Sky\metal_environ.dds,BC1_UNORM_SRGB,DX10,1024,1024,11
BZCC,bz2r_res\baked\Worlds\Metal\metal.dds,BC1_UNORM_SRGB,DX10,2048,2048,12
BZCC,bz2r_res\baked\Worlds\Metal\metal10.dds,BC1_UNORM_SRGB,DX10,2048,2048,12
BZCC,bz2r_res\baked\Worlds\Metal\metal10_e.dds,BC1_UNORM_SRGB,DX10,2048,2048,12
BZCC,bz2r_res\baked\Worlds\Metal\metal11.dds,BC1_UNORM_SRGB,DX10,2048,2048,12
BZCC,bz2r_res\baked\Worlds\Metal\metal11_e.dds,BC1_UNORM_SRGB,DX10,2048,2048,12
BZCC,bz2r_res\baked\Worlds\Metal\metal12.dds,BC1_UNORM_SRGB,DX10,2048,2048,12
BZCC,bz2r_res\baked\Worlds\Metal\metal12_e.dds,BC1_UNORM_SRGB,DX10,2048,2048,12
BZCC,bz2r_res\baked\Worlds\Metal\metal5.dds,BC1_UNORM_SRGB,DX10,2048,2048,12
BZCC,bz2r_res\baked\Worlds\Metal\metal6.dds,BC1_UNORM_SRGB,DX10,2048,2048,12
BZCC,bz2r_res\baked\Worlds\Metal\metal6_e.dds,BC1_UNORM_SRGB,DX10,2048,2048,12
BZCC,bz2r_res\baked\Worlds\Metal\metal7.dds,BC1_UNORM_SRGB,DX10,2048,2048,12
BZCC,bz2r_res\baked\Worlds\Metal\metal7_e.dds,BC1_UNORM_SRGB,DX10,2048,2048,12
BZCC,bz2r_res\baked\Worlds\Metal\metal8.dds,BC1_UNORM_SRGB,DX10,2048,2048,12
BZCC,bz2r_res\baked\Worlds\Metal\metal8_e.dds,BC1_UNORM_SRGB,DX10,2048,2048,12
BZCC,bz2r_res\baked\Worlds\Metal\metal9.dds,BC1_UNORM_SRGB,DX10,2048,2048,12
BZCC,bz2r_res\baked\Worlds\Metal\metal9_e.dds,BC1_UNORM_SRGB,DX10,2048,2048,12
BZCC,bz2r_res\baked\Worlds\Metal\metal_e.dds,BC1_UNORM_SRGB,DX10,2048,2048,12
BZCC,bz2r_res\baked\Worlds\Mire\Creatures\Textures\jak.dds,BC1_UNORM_SRGB,DX10,2048,2048,12
BZCC,bz2r_res\baked\Worlds\Mire\Creatures\Textures\wing.dds,BC1_UNORM_SRGB,DX10,512,512,10
BZCC,bz2r_res\baked\Worlds\Mire\Creatures\Textures\wing_s.dds,BC1_UNORM_SRGB,DX10,512,512,10
BZCC,bz2r_res\baked\Worlds\Mire\Props\Textures\FoliageAtlas_Mire.dds,BC1_UNORM_SRGB,DX10,4096,4096,13
BZCC,bz2r_res\baked\Worlds\Mire\Props\Textures\crown.dds,BC1_UNORM_SRGB,DX10,512,512,10
BZCC,bz2r_res\baked\Worlds\Mire\Props\Textures\crown_e.dds,BC1_UNORM_SRGB,DX10,512,512,10
BZCC,bz2r_res\baked\Worlds\Mire\Props\Textures\crown_s.dds,BC1_UNORM_SRGB,DX10,512,512,10
BZCC,bz2r_res\baked\Worlds\Mire\Props\Textures\gook2_e.dds,BC1_UNORM_SRGB,DX10,256,256,9
BZCC,bz2r_res\baked\Worlds\Mire\Props\Textures\gook_e.dds,BC1_UNORM_SRGB,DX10,256,256,9
BZCC,bz2r_res\baked\Worlds\Mire\Props\Textures\mbextc00.dds,BC1_UNORM_SRGB,DX10,512,512,10
BZCC,bz2r_res\baked\Worlds\Mire\Props\Textures\mbextw00.dds,BC1_UNORM_SRGB,DX10,1024,1024,11
BZCC,bz2r_res\baked\Worlds\Mire\Props\Textures\mbextw01.dds,BC1_UNORM_SRGB,DX10,1024,1024,11
BZCC,bz2r_res\baked\Worlds\Mire\Props\Textures\mbextw02.dds,BC1_UNORM_SRGB,DX10,1024,1024,11
BZCC,bz2r_res\baked\Worlds\Mire\Props\Textures\mbextw03.dds,BC1_UNORM_SRGB,DX10,1024,1024,11
BZCC,bz2r_res\baked\Worlds\Mire\Props\Textures\mbextw03_s.dds,BC1_UNORM_SRGB,DX10,1024,1024,11
BZCC,bz2r_res\baked\Worlds\Mire\Props\Textures\mbextw04.dds,BC1_UNORM_SRGB,DX10,1024,1024,11
BZCC,bz2r_res\baked\Worlds\Mire\Props\Textures\mbextw05.dds,BC1_UNORM_SRGB,DX10,512,512,10
BZCC,bz2r_res\baked\Worlds\Mire\Props\Textures\mbextw06.dds,BC1_UNORM_SRGB,DX10,512,512,10
BZCC,bz2r_res\baked\Worlds\Mire\Props\Textures\mbextw07.dds,BC1_UNORM_SRGB,DX10,512,512,10
BZCC,bz2r_res\baked\Worlds\Mire\Props\Textures\mbextw08.dds,BC1_UNORM_SRGB,DX10,512,512,10
BZCC,bz2r_res\baked\Worlds\Mire\Props\Textures\mbintc00.dds,BC1_UNORM_SRGB,DX10,512,512,10
BZCC,bz2r_res\baked\Worlds\Mire\Props\Textures\mbintf00.dds,BC1_UNORM_SRGB,DX10,1024,1024,11
BZCC,bz2r_res\baked\Worlds\Mire\Props\Textures\mbintw00.dds,BC1_UNORM_SRGB,DX10,1024,1024,11
BZCC,bz2r_res\baked\Worlds\Mire\Props\Textures\mbintw01.dds,BC1_UNORM_SRGB,DX10,512,512,10
BZCC,bz2r_res\baked\Worlds\Mire\Props\Textures\mbintw01_s.dds,BC1_UNORM_SRGB,DX10,512,512,10
BZCC,bz2r_res\baked\Worlds\Mire\Props\Textures\mbstair00.dds,BC1_UNORM_SRGB,DX10,512,512,10
BZCC,bz2r_res\baked\Worlds\Mire\Props\Textures\mopuff01.dds,BC1_UNORM_SRGB,DX10,512,512,10
BZCC,bz2r_res\baked\Worlds\Mire\Props\Textures\moshrm01.dds,BC1_UNORM_SRGB,DX10,1024,1024,11
BZCC,bz2r_res\baked\Worlds\Mire\Props\Textures\motrnk01.dds,BC1_UNORM_SRGB,DX10,1024,1024,11
BZCC,bz2r_res\baked\Worlds\Mire\Props\Textures\palmbrk.dds,BC1_UNORM_SRGB,DX10,1024,1024,11
BZCC,bz2r_res\baked\Worlds\Mire\Props\Textures\rock7.dds,BC1_UNORM_SRGB,DX10,2048,2048,12
BZCC,bz2r_res\baked\Worlds\Mire\Props\Textures\rock7_s.dds,BC1_UNORM_SRGB,DX10,2048,2048,12
BZCC,bz2r_res\baked\Worlds\Mire\Sky\MireDome1.dds,BC1_UNORM_SRGB,DX10,4096,1024,13
BZCC,bz2r_res\baked\Worlds\Mire\Sky\MireDome2.dds,BC1_UNORM_SRGB,DX10,4096,1024,13
BZCC,bz2r_res\baked\Worlds\Mire\Sky\MireSun.dds,BC1_UNORM_SRGB,DX10,1024,1024,11
BZCC,bz2r_res\baked\Worlds\Mire\Sky\MireSun2.dds,BC1_UNORM_SRGB,DX10,1024,1024,11
BZCC,bz2r_res\baked\Worlds\Mire\Sky\Miremoon.dds,BC1_UNORM_SRGB,DX10,1024,1024,11
BZCC,bz2r_res\baked\Worlds\Mire\Sky\mire_blue_environ.dds,BC1_UNORM_SRGB,DX10,1024,1024,11
BZCC,bz2r_res\baked\Worlds\Mire\Sky\mire_environ.dds,BC1_UNORM_SRGB,DX10,1024,1024,11
BZCC,bz2r_res\baked\Worlds\Mire\Sky\mire_morning_environ.dds,BC1_UNORM_SRGB,DX10,1024,1024,11
BZCC,bz2r_res\baked\Worlds\Mire\Sky\mire_night_environ.dds,BC1_UNORM_SRGB,DX10,1024,1024,11
BZCC,bz2r_res\baked\Worlds\Mire\Sky\mire_swamp_environ.dds,BC1_UNORM_SRGB,DX10,1024,1024,11
BZCC,bz2r_res\baked\Worlds\Mire\mbextf02.dds,BC1_UNORM_SRGB,DX10,2048,2048,12
BZCC,bz2r_res\baked\Worlds\Mire\mire.dds,BC1_UNORM_SRGB,DX10,2048,2048,12
BZCC,bz2r_res\baked\Worlds\Mire\mire2.dds,BC1_UNORM_SRGB,DX10,2048,2048,12
BZCC,bz2r_res\baked\Worlds\Mire\mire3.dds,BC1_UNORM_SRGB,DX10,2048,2048,12
BZCC,bz2r_res\baked\Worlds\Mire\mire4.dds,BC1_UNORM_SRGB,DX10,2048,2048,12
BZCC,bz2r_res\baked\Worlds\Mire\mire5.dds,BC1_UNORM_SRGB,DX10,2048,2048,12
BZCC,bz2r_res\baked\Worlds\Mire\mire6.dds,BC1_UNORM_SRGB,DX10,2048,2048,12
BZCC,bz2r_res\baked\Worlds\Mire\mire7.dds,BC1_UNORM_SRGB,DX10,2048,2048,12
BZCC,bz2r_res\baked\Worlds\Pluto\Props\Textures\fence.dds,BC1_UNORM_SRGB,DX10,1024,1024,11
BZCC,bz2r_res\baked\Worlds\Pluto\Props\Textures\fence_s.dds,BC1_UNORM_SRGB,DX10,1024,1024,11
BZCC,bz2r_res\baked\Worlds\Pluto\Props\Textures\pbbunk00.dds,BC1_UNORM_SRGB,DX10,1024,1024,11
BZCC,bz2r_res\baked\Worlds\Pluto\Props\Textures\pbbunk00_s.dds,BC1_UNORM_SRGB,DX10,1024,1024,11
BZCC,bz2r_res\baked\Worlds\Pluto\Props\Textures\pbdebr00.dds,BC1_UNORM_SRGB,DX10,512,512,10
BZCC,bz2r_res\baked\Worlds\Pluto\Props\Textures\pbdebr01_s.dds,BC1_UNORM_SRGB,DX10,1024,1024,11
BZCC,bz2r_res\baked\Worlds\Pluto\Props\Textures\pbext03.dds,BC1_UNORM_SRGB,DX10,1024,1024,11
BZCC,bz2r_res\baked\Worlds\Pluto\Props\Textures\pbext05.dds,BC1_UNORM_SRGB,DX10,1024,1024,11
BZCC,bz2r_res\baked\Worlds\Pluto\Props\Textures\pbextc00.dds,BC1_UNORM_SRGB,DX10,1024,1024,11
BZCC,bz2r_res\baked\Worlds\Pluto\Props\Textures\pbextf00.dds,BC1_UNORM_SRGB,DX10,512,512,10
BZCC,bz2r_res\baked\Worlds\Pluto\Props\Textures\pbexto01.dds,BC1_UNORM_SRGB,DX10,1024,1024,11
BZCC,bz2r_res\baked\Worlds\Pluto\Props\Textures\pbexto03.dds,BC1_UNORM_SRGB,DX10,1024,1024,11
BZCC,bz2r_res\baked\Worlds\Pluto\Props\Textures\pbextw00.dds,BC1_UNORM_SRGB,DX10,1024,1024,11
BZCC,bz2r_res\baked\Worlds\Pluto\Props\Textures\pbextw01.dds,BC1_UNORM_SRGB,DX10,1024,1024,11
BZCC,bz2r_res\baked\Worlds\Pluto\Props\Textures\pbextw03.dds,BC1_UNORM_SRGB,DX10,1024,1024,11
BZCC,bz2r_res\baked\Worlds\Pluto\Props\Textures\pbextw04.dds,BC1_UNORM_SRGB,DX10,1024,1024,11
BZCC,bz2r_res\baked\Worlds\Pluto\Props\Textures\pbintc00.dds,BC1_UNORM_SRGB,DX10,1024,1024,11
BZCC,bz2r_res\baked\Worlds\Pluto\Props\Textures\pbintc01.dds,BC1_UNORM_SRGB,DX10,1024,1024,11
BZCC,bz2r_res\baked\Worlds\Pluto\Props\Textures\pbintc02.dds,BC1_UNORM_SRGB,DX10,1024,1024,11
BZCC,bz2r_res\baked\Worlds\Pluto\Props\Textures\pbintc03.dds,BC1_UNORM_SRGB,DX10,1024,1024,11
BZCC,bz2r_res\baked\Worlds\Pluto\Props\Textures\pbintf00.dds,BC1_UNORM_SRGB,DX10,1024,1024,11
BZCC,bz2r_res\baked\Worlds\Pluto\Props\Textures\pbintf01.dds,BC1_UNORM_SRGB,DX10,1024,1024,11
BZCC,bz2r_res\baked\Worlds\Pluto\Props\Textures\pbintf02.dds,BC1_UNORM_SRGB,DX10,1024,1024,11
BZCC,bz2r_res\baked\Worlds\Pluto\Props\Textures\pbintf03.dds,BC1_UNORM_SRGB,DX10,1024,1024,11
BZCC,bz2r_res\baked\Worlds\Pluto\Props\Textures\pbintw00.dds,BC1_UNORM_SRGB,DX10,1024,1024,11
BZCC,bz2r_res\baked\Worlds\Pluto\Props\Textures\pbintw01.dds,BC1_UNORM_SRGB,DX10,1024,1024,11
BZCC,bz2r_res\baked\Worlds\Pluto\Props\Textures\pbintw02.dds,BC1_UNORM_SRGB,DX10,1024,1024,11
BZCC,bz2r_res\baked\Worlds\Pluto\Props\Textures\pbintw03.dds,BC1_UNORM_SRGB,DX10,512,512,10
BZCC,bz2r_res\baked\Worlds\Pluto\Props\Textures\pbintw04.dds,BC1_UNORM_SRGB,DX10,1024,1024,11
BZCC,bz2r_res\baked\Worlds\Pluto\Props\Textures\pbintw05.dds,BC1_UNORM_SRGB,DX10,1024,1024,11
BZCC,bz2r_res\baked\Worlds\Pluto\Props\Textures\pboutf00.dds,BC1_UNORM_SRGB,DX10,512,512,10
BZCC,bz2r_res\baked\Worlds\Pluto\Props\Textures\pbwtow00.dds,BC1_UNORM_SRGB,DX10,1024,1024,11
BZCC,bz2r_res\baked\Worlds\Pluto\Props\Textures\tread0x.dds,BC1_UNORM_SRGB,DX10,1024,1024,11
BZCC,bz2r_res\baked\Worlds\Pluto\Props\Textures\wires.dds,BC1_UNORM_SRGB,DX10,512,512,10
BZCC,bz2r_res\baked\Worlds\Pluto\Props\Textures\wires_s.dds,BC1_UNORM_SRGB,DX10,512,512,10
BZCC,bz2r_res\baked\Worlds\Pluto\Sky\pluto_environ.dds,BC1_UNORM_SRGB,DX10,1024,1024,11
BZCC,bz2r_res\baked\Worlds\Pluto\Sky\pscomet1.dds,BC1_UNORM_SRGB,DX10,2048,2048,12
BZCC,bz2r_res\baked\Worlds\Pluto\Sky\psgalax1.dds,BC1_UNORM_SRGB,DX10,1024,1024,11
BZCC,bz2r_res\baked\Worlds\Pluto\Sky\psnebu01.dds,BC1_UNORM_SRGB,DX10,2048,2048,12
BZCC,bz2r_res\baked\Worlds\Pluto\Sky\psnebu02.dds,BC1_UNORM_SRGB,DX10,2048,2048,12
BZCC,bz2r_res\baked\Worlds\Pluto\Sky\psnebu03.dds,BC1_UNORM_SRGB,DX10,2048,2048,12
BZCC,bz2r_res\baked\Worlds\Pluto\Sky\psnebu04.dds,BC1_UNORM_SRGB,DX10,2048,2048,12
BZCC,bz2r_res\baked\Worlds\Pluto\ibfoun00.dds,BC1_UNORM_SRGB,DX10,2048,2048,12
BZCC,bz2r_res\baked\Worlds\Pluto\ibfoun00_e.dds,BC1_UNORM_SRGB,DX10,2048,2048,12
BZCC,bz2r_res\baked\Worlds\Pluto\ibfoun01.dds,BC1_UNORM_SRGB,DX10,2048,2048,12
BZCC,bz2r_res\baked\Worlds\Pluto\ibfoun01_e.dds,BC1_UNORM_SRGB,DX10,2048,2048,12
BZCC,bz2r_res\baked\Worlds\Pluto\pluto.dds,BC1_UNORM_SRGB,DX10,2048,2048,12
BZCC,bz2r_res\baked\Worlds\Pluto\pluto2.dds,BC1_UNORM_SRGB,DX10,2048,2048,12
BZCC,bz2r_res\baked\Worlds\Pluto\pluto3.dds,BC1_UNORM_SRGB,DX10,2048,2048,12
BZCC,bz2r_res\baked\Worlds\Pluto\pluto3_e.dds,BC1_UNORM_SRGB,DX10,2048,2048,12
BZCC,bz2r_res\baked\Worlds\Pluto\pluto4.dds,BC1_UNORM_SRGB,DX10,2048,2048,12
BZCC,bz2r_res\baked\Worlds\Pluto\pluto4_e.dds,BC1_UNORM_SRGB,DX10,2048,2048,12
BZCC,bz2r_res\baked\Worlds\Pluto\pluto5.dds,BC1_UNORM_SRGB,DX10,2048,2048,12
BZCC,bz2r_res\baked\Worlds\Pluto\pluto5_e.dds,BC1_UNORM_SRGB,DX10,2048,2048,12
BZCC,bz2r_res\baked\Worlds\Pluto\pluto6.dds,BC1_UNORM_SRGB,DX10,2048,2048,12
BZCC,bz2r_res\baked\Worlds\Pluto\pluto7.dds,BC1_UNORM_SRGB,DX10,2048,2048,12
BZCC,bz2r_res\baked\Worlds\Pluto\pluto8.dds,BC1_UNORM_SRGB,DX10,2048,2048,12
BZCC,bz2r_res\baked\Worlds\Pluto\pluto8_e.dds,BC1_UNORM_SRGB,DX10,2048,2048,12
BZCC,bz2r_res\baked\Worlds\Pluto\pluto9.dds,BC1_UNORM_SRGB,DX10,2048,2048,12
BZCC,bz2r_res\baked\Worlds\Pluto\pluto9_e.dds,BC1_UNORM_SRGB,DX10,2048,2048,12
BZCC,bz2r_res\baked\Worlds\Pluto\plutoice.dds,BC1_UNORM_SRGB,DX10,256,256,9
BZCC,bz2r_res\baked\Worlds\Rend\Creatures\rcworm01.dds,BC1_UNORM_SRGB,DX10,2048,2048,12
BZCC,bz2r_res\baked\Worlds\Rend\Props\Textures\rbextf00.dds,BC1_UNORM_SRGB,DX10,2048,2048,12
BZCC,bz2r_res\baked\Worlds\Rend\Props\Textures\rbextf01.dds,BC1_UNORM_SRGB,DX10,2048,2048,12
BZCC,bz2r_res\baked\Worlds\Rend\Props\Textures\rbextw00.dds,BC1_UNORM_SRGB,DX10,2048,2048,12
BZCC,bz2r_res\baked\Worlds\Rend\Props\Textures\rbextw01.dds,BC1_UNORM_SRGB,DX10,2048,2048,12
BZCC,bz2r_res\baked\Worlds\Rend\Props\Textures\rbextw02.dds,BC1_UNORM_SRGB,DX10,2048,2048,12
BZCC,bz2r_res\baked\Worlds\Rend\Props\Textures\rbextw03.dds,BC1_UNORM_SRGB,DX10,2048,2048,12
BZCC,bz2r_res\baked\Worlds\Rend\Props\Textures\rbextw04.dds,BC1_UNORM_SRGB,DX10,2048,2048,12
BZCC,bz2r_res\baked\Worlds\Rend\Props\Textures\rbextw05.dds,BC1_UNORM_SRGB,DX10,2048,2048,12
BZCC,bz2r_res\baked\Worlds\Rend\Props\Textures\rbextw06.dds,BC1_UNORM_SRGB,DX10,2048,2048,12
BZCC,bz2r_res\baked\Worlds\Rend\Props\Textures\rclpod01.dds,BC1_UNORM_SRGB,DX10,1024,1024,11
BZCC,bz2r_res\baked\Worlds\Rend\Props\Textures\rclpod01_s.dds,BC1_UNORM_SRGB,DX10,1024,1024,11
BZCC,bz2r_res\baked\Worlds\Rend\Props\Textures\ropilr01.dds,BC1_UNORM_SRGB,DX10,2048,2048,12
BZCC,bz2r_res\baked\Worlds\Rend\Props\Textures\rorock00.dds,BC1_UNORM_SRGB,DX10,2048,2048,12
BZCC,bz2r_res\baked\Worlds\Rend\Props\Textures\rorock00_s.dds,BC1_UNORM_SRGB,DX10,2048,2048,12
BZCC,bz2r_res\baked\Worlds\Rend\Sky\RendSun.dds,BC1_UNORM_SRGB,DX10,1024,1024,11
BZCC,bz2r_res\baked\Worlds\Rend\Sky\rend_environ.dds,BC1_UNORM_SRGB,DX10,1024,1024,11
BZCC,bz2r_res\baked\Worlds\Rend\Sky\rend_night_environ.dds,BC1_UNORM_SRGB,DX10,1024,1024,11
BZCC,bz2r_res\baked\Worlds\Rend\Sky\rendsky.dds,BC1_UNORM_SRGB,DX10,2048,1024,12
BZCC,bz2r_res\baked\Worlds\Rend\rend.dds,BC1_UNORM_SRGB,DX10,2048,2048,12
BZCC,bz2r_res\baked\Worlds\Rend\rend10.dds,BC1_UNORM_SRGB,DX10,2048,2048,12
BZCC,bz2r_res\baked\Worlds\Rend\rend2.dds,BC1_UNORM_SRGB,DX10,2048,2048,12
BZCC,bz2r_res\baked\Worlds\Rend\rend3.dds,BC1_UNORM_SRGB,DX10,2048,2048,12
BZCC,bz2r_res\baked\Worlds\Rend\rend4.dds,BC1_UNORM_SRGB,DX10,2048,2048,12
BZCC,bz2r_res\baked\Worlds\Rend\rend5.dds,BC1_UNORM_SRGB,DX10,2048,2048,12
BZCC,bz2r_res\baked\Worlds\Rend\rend5_e.dds,BC1_UNORM_SRGB,DX10,2048,2048,12
BZCC,bz2r_res\baked\Worlds\Rend\rend6.dds,BC1_UNORM_SRGB,DX10,2048,2048,12
BZCC,bz2r_res\baked\Worlds\Rend\rend7.dds,BC1_UNORM_SRGB,DX10,2048,2048,12
BZCC,bz2r_res\baked\Worlds\Rend\rend8.dds,BC1_UNORM_SRGB,DX10,2048,2048,12
BZCC,bz2r_res\baked\Worlds\Rend\rend9.dds,BC1_UNORM_SRGB,DX10,2048,2048,12
BZCC,bz2r_res\baked\Worlds\Rend\rendlava.dds,BC1_UNORM_SRGB,DX10,2048,2048,12
BZCC,bz2r_res\baked\Worlds\Textures\Dome_Preview_txtr\DarkDomePrev.dds,BC1_UNORM_SRGB,DX10,1024,1024,11
BZCC,bz2r_res\baked\Worlds\Textures\Dome_Preview_txtr\DuneDomePrev.dds,BC1_UNORM_SRGB,DX10,1024,1024,11
BZCC,bz2r_res\baked\Worlds\Textures\Dome_Preview_txtr\MarsDomePrev.dds,BC1_UNORM_SRGB,DX10,1024,1024,11
BZCC,bz2r_res\baked\Worlds\Textures\Dome_Preview_txtr\MireDome2Prev.dds,BC1_UNORM_SRGB,DX10,1024,1024,11
BZCC,bz2r_res\baked\Worlds\Textures\Dome_Preview_txtr\MireDomePrev.dds,BC1_UNORM_SRGB,DX10,1024,1024,11
BZCC,bz2r_res\baked\Worlds\Textures\Dome_Preview_txtr\TitanDomePrev.dds,BC1_UNORM_SRGB,DX10,1024,1024,11
BZCC,bz2r_res\baked\Worlds\Textures\Planet_Preview_txtr\Pluto_Terrain.dds,BC1_UNORM_SRGB,DX10,2048,1024,12
BZCC,bz2r_res\baked\Worlds\Textures\Planet_Preview_txtr\Pluto_Terrain_s.dds,BC1_UNORM_SRGB,DX10,2048,1024,12
BZCC,bz2r_res\baked\Worlds\Textures\Planet_Preview_txtr\bane_terrain.dds,BC1_UNORM_SRGB,DX10,4096,2048,13
BZCC,bz2r_res\baked\Worlds\Textures\Planet_Preview_txtr\bane_terrain_s.dds,BC1_UNORM_SRGB,DX10,4096,2048,13
BZCC,bz2r_res\baked\Worlds\Textures\Planet_Preview_txtr\bane_water_3_s.dds,BC1_UNORM_SRGB,DX10,512,512,10
BZCC,bz2r_res\baked\Worlds\Textures\Planet_Preview_txtr\banemoon_terrain.dds,BC1_UNORM_SRGB,DX10,1024,512,11
BZCC,bz2r_res\baked\Worlds\Textures\Planet_Preview_txtr\banemoon_terrain_s.dds,BC1_UNORM_SRGB,DX10,1024,512,11
BZCC,bz2r_res\baked\Worlds\Textures\Planet_Preview_txtr\charon_terrain.dds,BC1_UNORM_SRGB,DX10,2048,1024,12
BZCC,bz2r_res\baked\Worlds\Textures\Planet_Preview_txtr\charon_terrain_s.dds,BC1_UNORM_SRGB,DX10,2048,1024,12
BZCC,bz2r_res\baked\Worlds\Textures\Planet_Preview_txtr\core_terrain.dds,BC1_UNORM_SRGB,DX10,4096,2048,13
BZCC,bz2r_res\baked\Worlds\Textures\Planet_Preview_txtr\core_terrain_e.dds,BC1_UNORM_SRGB,DX10,4096,2048,13
BZCC,bz2r_res\baked\Worlds\Textures\Planet_Preview_txtr\core_terrain_s.dds,BC1_UNORM_SRGB,DX10,4096,2048,13
BZCC,bz2r_res\baked\Worlds\Textures\Planet_Preview_txtr\dark_terrain.dds,BC1_UNORM_SRGB,DX10,2048,2048,12
BZCC,bz2r_res\baked\Worlds\Textures\Planet_Preview_txtr\dark_terrain_e.dds,BC1_UNORM_SRGB,DX10,2048,2048,12
BZCC,bz2r_res\baked\Worlds\Textures\Planet_Preview_txtr\dark_terrain_s.dds,BC1_UNORM_SRGB,DX10,2048,2048,12
BZCC,bz2r_res\baked\Worlds\Textures\Planet_Preview_txtr\mire_terrain.dds,BC1_UNORM_SRGB,DX10,4096,2048,13
BZCC,bz2r_res\baked\Worlds\Textures\Planet_Preview_txtr\mire_terrain_s.dds,BC1_UNORM_SRGB,DX10,4096,2048,13
BZCC,bz2r_res\baked\Worlds\Textures\Planet_Preview_txtr\rend_terrain.dds,BC1_UNORM_SRGB,DX10,4096,2048,13
BZCC,bz2r_res\baked\Worlds\Textures\Planet_Preview_txtr\rend_terrain_e.dds,BC1_UNORM_SRGB,DX10,4096,2048,13
BZCC,bz2r_res\baked\Worlds\Textures\Planet_Preview_txtr\rend_terrain_s.dds,BC1_UNORM_SRGB,DX10,4096,2048,13
BZCC,bz2r_res\baked\Worlds\Textures\PowerUp_Crate_txtr\p_cannon00.dds,BC1_UNORM_SRGB,DX10,512,512,10
BZCC,bz2r_res\baked\Worlds\Textures\PowerUp_Crate_txtr\p_cannona0.dds,BC1_UNORM_SRGB,DX10,512,512,10
BZCC,bz2r_res\baked\Worlds\Textures\PowerUp_Crate_txtr\p_gun00.dds,BC1_UNORM_SRGB,DX10,512,512,10
BZCC,bz2r_res\baked\Worlds\Textures\PowerUp_Crate_txtr\p_guna0.dds,BC1_UNORM_SRGB,DX10,512,512,10
BZCC,bz2r_res\baked\Worlds\Textures\PowerUp_Crate_txtr\p_hand00.dds,BC1_UNORM_SRGB,DX10,512,512,10
BZCC,bz2r_res\baked\Worlds\Textures\PowerUp_Crate_txtr\p_handa0.dds,BC1_UNORM_SRGB,DX10,512,512,10
BZCC,bz2r_res\baked\Worlds\Textures\PowerUp_Crate_txtr\p_missile00.dds,BC1_UNORM_SRGB,DX10,512,512,10
BZCC,bz2r_res\baked\Worlds\Textures\PowerUp_Crate_txtr\p_missilea0.dds,BC1_UNORM_SRGB,DX10,512,512,10
BZCC,bz2r_res\baked\Worlds\Textures\PowerUp_Crate_txtr\p_mortar00.dds,BC1_UNORM_SRGB,DX10,512,512,10
BZCC,bz2r_res\baked\Worlds\Textures\PowerUp_Crate_txtr\p_mortara0.dds,BC1_UNORM_SRGB,DX10,512,512,10
BZCC,bz2r_res\baked\Worlds\Textures\PowerUp_Crate_txtr\p_pack00.dds,BC1_UNORM_SRGB,DX10,512,512,10
BZCC,bz2r_res\baked\Worlds\Textures\PowerUp_Crate_txtr\p_packa0.dds,BC1_UNORM_SRGB,DX10,512,512,10
BZCC,bz2r_res\baked\Worlds\Textures\PowerUp_Crate_txtr\p_shield00.dds,BC1_UNORM_SRGB,DX10,512,512,10
BZCC,bz2r_res\baked\Worlds\Textures\PowerUp_Crate_txtr\p_shielda0.dds,BC1_UNORM_SRGB,DX10,512,512,10
BZCC,bz2r_res\baked\Worlds\Textures\PowerUp_Crate_txtr\p_special00.dds,BC1_UNORM_SRGB,DX10,512,512,10
BZCC,bz2r_res\baked\Worlds\Textures\PowerUp_Crate_txtr\p_speciala0.dds,BC1_UNORM_SRGB,DX10,512,512,10
BZCC,bz2r_res\baked\Worlds\Textures\Water\darkflat3.dds,BC1_UNORM_SRGB,DX10,1024,1024,11
BZCC,bz2r_res\baked\Worlds\Textures\Water\darkflat3_e.dds,BC1_UNORM_SRGB,DX10,1024,1024,11
BZCC,bz2r_res\baked\Worlds\Textures\Water\toxic_water.dds,BC1_UNORM_SRGB,DX10,512,512,10
BZCC,bz2r_res\baked\Worlds\Textures\Water\toxic_water_e.dds,BC1_UNORM_SRGB,DX10,512,512,10
BZCC,bz2r_res\baked\Worlds\Textures\Water\water256.dds,BC1_UNORM_SRGB,DX10,512,512,10
BZCC,bz2r_res\baked\Worlds\Textures\aurora1.dds,BC1_UNORM_SRGB,DX10,256,256,9
BZCC,bz2r_res\baked\Worlds\Textures\aurora2.dds,BC1_UNORM_SRGB,DX10,256,256,9
BZCC,bz2r_res\baked\Worlds\Textures\aurora3.dds,BC1_UNORM_SRGB,DX10,256,256,9
BZCC,bz2r_res\baked\Worlds\Textures\aurora4.dds,BC1_UNORM_SRGB,DX10,256,256,9
BZCC,bz2r_res\baked\Worlds\Textures\aurora5.dds,BC1_UNORM_SRGB,DX10,256,256,9
BZCC,bz2r_res\baked\Worlds\Textures\banesky.dds,BC1_UNORM_SRGB,DX10,256,256,9
BZCC,bz2r_res\baked\Worlds\Textures\desert_environ.dds,BC1_UNORM_SRGB,DX10,256,256,9
BZCC,bz2r_res\baked\Worlds\Textures\mars3.dds,BC1_UNORM_SRGB,DX10,256,256,9
BZCC,bz2r_res\baked\Worlds\Textures\mars4.dds,BC1_UNORM_SRGB,DX10,256,256,9
BZCC,bz2r_res\baked\Worlds\Textures\moon1.dds,BC1_UNORM_SRGB,DX10,256,256,9
BZCC,bz2r_res\baked\Worlds\Textures\moon2.dds,BC1_UNORM_SRGB,DX10,256,256,9
BZCC,bz2r_res\baked\Worlds\Textures\moon3.dds,BC1_UNORM_SRGB,DX10,256,256,9
BZCC,bz2r_res\baked\Worlds\Textures\moon4.dds,BC1_UNORM_SRGB,DX10,256,256,9
BZCC,bz2r_res\baked\Worlds\Textures\moon5.dds,BC1_UNORM_SRGB,DX10,256,256,9
BZCC,bz2r_res\baked\Worlds\Textures\moon6.dds,BC1_UNORM_SRGB,DX10,256,256,9
BZCC,bz2r_res\baked\Worlds\Textures\moon7.dds,BC1_UNORM_SRGB,DX10,256,256,9
BZCC,bz2r_res\baked\Worlds\Textures\moon8.dds,BC1_UNORM_SRGB,DX10,256,256,9
BZCC,bz2r_res\baked\Worlds\Textures\moon9.dds,BC1_UNORM_SRGB,DX10,256,256,9
BZCC,bz2r_res\baked\Worlds\Textures\sky.dds,BC1_UNORM_SRGB,DX10,256,256,9
BZCC,bz2r_res\baked\Worlds\Textures\stars.dds,BC1_UNORM_SRGB,DX10,2048,2048,12
BZCC,bz2r_res\baked\Worlds\Textures\titanmap.dds,BC1_UNORM_SRGB,DX10,256,256,9
BZCC,bz2r_res\baked\Worlds\Textures\toxic_1.dds,BC1_UNORM_SRGB,DX10,256,256,9
BZCC,bz2r_res\baked\Worlds\Textures\toxic_6.dds,BC1_UNORM_SRGB,DX10,256,256,9
BZCC,bz2r_res\baked\Worlds\Textures\wasteland7.dds,BC1_UNORM_SRGB,DX10,256,256,9
BZCC,bz2r_res\baked\Worlds\Textures\wasteland8.dds,BC1_UNORM_SRGB,DX10,256,256,9
BZCC,bz2r_res\baked\Worlds\Titan\Sky\TitanSun.dds,BC1_UNORM_SRGB,DX10,1024,1024,11
BZCC,bz2r_res\baked\Worlds\Titan\Sky\Titandome.dds,BC1_UNORM_SRGB,DX10,8192,2048,14
BZCC,bz2r_res\baked\Worlds\Titan\Sky\saturn2.dds,BC1_UNORM_SRGB,DX10,1024,1024,11
BZCC,bz2r_res\baked\Worlds\Titan\Sky\titan_environ.dds,BC1_UNORM_SRGB,DX10,1024,1024,11
BZCC,bz2r_res\baked\Worlds\Titan\Titan.dds,BC1_UNORM_SRGB,DX10,2048,2048,12
BZCC,bz2r_res\baked\Worlds\Titan\Titan2.dds,BC1_UNORM_SRGB,DX10,2048,2048,12
BZCC,bz2r_res\baked\Worlds\Titan\Titan3.dds,BC1_UNORM_SRGB,DX10,2048,2048,12
BZCC,bz2r_res\baked\Worlds\Titan\Titan4.dds,BC1_UNORM_SRGB,DX10,2048,2048,12
BZCC,bz2r_res\baked\Worlds\Toxic\Sky\toxic_environ.dds,BC1_UNORM_SRGB,DX10,1024,1024,11
BZCC,bz2r_res\baked\Worlds\Toxic\toxic_2.dds,BC1_UNORM_SRGB,DX10,2048,2048,12
BZCC,bz2r_res\baked\Worlds\Toxic\toxic_3.dds,BC1_UNORM_SRGB,DX10,2048,2048,12
BZCC,bz2r_res\baked\Worlds\Toxic\toxic_4.dds,BC1_UNORM_SRGB,DX10,2048,2048,12
BZCC,bz2r_res\baked\Worlds\Toxic\toxic_5.dds,BC1_UNORM_SRGB,DX10,2048,2048,12
BZCC,bz2r_res\baked\Worlds\Toxic\toxic_7.dds,BC1_UNORM_SRGB,DX10,2048,2048,12
BZCC,bz2r_res\baked\Worlds\Toxic\toxic_8.dds,BC1_UNORM_SRGB,DX10,2048,2048,12
BZCC,bz2r_res\baked\Worlds\Toxic\toxic_8_e.dds,BC1_UNORM_SRGB,DX10,2048,2048,12
BZCC,bz2r_res\baked\Worlds\Toxic\toxic_9.dds,BC1_UNORM_SRGB,DX10,2048,2048,12
BZCC,bz2r_res\baked\Worlds\Toxic\toxic_9_e.dds,BC1_UNORM_SRGB,DX10,2048,2048,12
BZCC,bz2r_res\baked\Worlds\Tunnels\Tunnel_0.dds,BC1_UNORM_SRGB,DX10,2048,2048,12
BZCC,bz2r_res\baked\Worlds\Tunnels\Tunnel_1.dds,BC1_UNORM_SRGB,DX10,2048,2048,12
BZCC,bz2r_res\baked\Worlds\Tunnels\Tunnel_1_e.dds,BC1_UNORM_SRGB,DX10,2048,2048,12
BZCC,bz2r_res\baked\Worlds\Tunnels\Tunnel_2.dds,BC1_UNORM_SRGB,DX10,2048,2048,12
BZCC,bz2r_res\baked\Worlds\Tunnels\Tunnel_2_e.dds,BC1_UNORM_SRGB,DX10,2048,2048,12
BZCC,bz2r_res\baked\Worlds\Tunnels\Tunnel_3.dds,BC1_UNORM_SRGB,DX10,2048,2048,12
BZCC,bz2r_res\baked\Worlds\Tunnels\Tunnel_3_e.dds,BC1_UNORM_SRGB,DX10,2048,2048,12
BZCC,bz2r_res\baked\Worlds\Tunnels\Tunnel_4.dds,BC1_UNORM_SRGB,DX10,2048,2048,12
BZCC,bz2r_res\baked\Worlds\Tunnels\Tunnel_4_e.dds,BC1_UNORM_SRGB,DX10,2048,2048,12
BZCC,bz2r_res\baked\Worlds\Tunnels\Tunnel_5.dds,BC1_UNORM_SRGB,DX10,2048,2048,12
BZCC,bz2r_res\baked\Worlds\Tunnels\Tunnel_5_e.dds,BC1_UNORM_SRGB,DX10,2048,2048,12
BZCC,bz2r_res\baked\Worlds\Tunnels\Tunnel_6.dds,BC1_UNORM_SRGB,DX10,2048,2048,12
BZCC,bz2r_res\baked\Worlds\Tunnels\Tunnel_6_e.dds,BC1_UNORM_SRGB,DX10,2048,2048,12
BZCC,bz2r_res\baked\Worlds\Tunnels\Tunnel_7.dds,BC1_UNORM_SRGB,DX10,2048,2048,12
BZCC,bz2r_res\baked\Worlds\Tunnels\Tunnel_7_e.dds,BC1_UNORM_SRGB,DX10,2048,2048,12
BZCC,bz2r_res\baked\Worlds\Tunnels\Tunnel_8.dds,BC1_UNORM_SRGB,DX10,2048,2048,12
BZCC,bz2r_res\baked\Worlds\Tunnels\Tunnel_8_e.dds,BC1_UNORM_SRGB,DX10,2048,2048,12
BZCC,bz2r_res\baked\Worlds\Wasteland\Sky\wasteland_environ.dds,BC1_UNORM_SRGB,DX10,1024,1024,11
BZCC,bz2r_res\baked\Worlds\Wasteland\wasteland1.dds,BC1_UNORM_SRGB,DX10,2048,2048,12
BZCC,bz2r_res\baked\Worlds\Wasteland\wasteland2.dds,BC1_UNORM_SRGB,DX10,2048,2048,12
BZCC,bz2r_res\baked\Worlds\Wasteland\wasteland3.dds,BC1_UNORM_SRGB,DX10,2048,2048,12
BZCC,bz2r_res\baked\Worlds\Wasteland\wasteland4.dds,BC1_UNORM_SRGB,DX10,2048,2048,12
BZCC,bz2r_res\baked\Worlds\Wasteland\wasteland5.dds,BC1_UNORM_SRGB,DX10,2048,2048,12
BZCC,bz2r_res\baked\Worlds\Wasteland\wasteland6.dds,BC1_UNORM_SRGB,DX10,2048,2048,12
BZCC,bz2r_res\baked\Common\Textures\base_icon_bg.dds,BC3_UNORM_SRGB,DX10,64,64,7
BZCC,bz2r_res\baked\Common\Textures\cbdata01.dds,BC3_UNORM_SRGB,DX10,1024,1024,11
BZCC,bz2r_res\baked\Common\Textures\glwblu00.dds,BC3_UNORM_SRGB,DX10,256,256,9
BZCC,bz2r_res\baked\Common\Textures\glwblua0.dds,BC3_UNORM_SRGB,DX10,256,256,9
BZCC,bz2r_res\baked\Effects\Textures\acidcloud.dds,BC3_UNORM_SRGB,DX10,512,512,10
BZCC,bz2r_res\baked\Effects\Textures\blnkspot.dds,BC3_UNORM_SRGB,DX10,128,128,8
BZCC,bz2r_res\baked\Effects\Textures\dirtcloud.dds,BC3_UNORM_SRGB,DX10,512,512,10
BZCC,bz2r_res\baked\Effects\Textures\grndchar.dds,BC3_UNORM_SRGB,DX10,2048,2048,12
BZCC,bz2r_res\baked\Effects\Textures\ground.dds,BC3_UNORM_SRGB,DX10,512,512,10
BZCC,bz2r_res\baked\Effects\Textures\gsplat.dds,BC3_UNORM_SRGB,DX10,256,256,9
BZCC,bz2r_res\baked\Effects\Textures\gunk.dds,BC3_UNORM_SRGB,DX10,256,256,9
BZCC,bz2r_res\baked\Effects\Textures\gunkring.dds,BC3_UNORM_SRGB,DX10,256,256,9
BZCC,bz2r_res\baked\Effects\Textures\gunks.dds,BC3_UNORM_SRGB,DX10,256,256,9
BZCC,bz2r_res\baked\Effects\Textures\raindrop.dds,BC3_UNORM_SRGB,DX10,256,256,9
BZCC,bz2r_res\baked\Effects\Textures\shadow.dds,BC3_UNORM_SRGB,DX10,128,128,8
BZCC,bz2r_res\baked\Effects\Textures\smoke.dds,BC3_UNORM_SRGB,DX10,512,512,10
BZCC,bz2r_res\baked\Effects\Textures\smoke2.dds,BC3_UNORM_SRGB,DX10,256,256,9
BZCC,bz2r_res\baked\Effects\Textures\splash.dds,BC3_UNORM_SRGB,DX10,1024,1024,11
BZCC,bz2r_res\baked\Effects\Textures\square.dds,BC3_UNORM_SRGB,DX10,64,64,7
BZCC,bz2r_res\baked\Effects\Textures\strail.dds,BC3_UNORM_SRGB,DX10,256,256,9
BZCC,bz2r_res\baked\Effects\Textures\trail3.dds,BC3_UNORM_SRGB,DX10,1024,1024,11
BZCC,bz2r_res\baked\Effects\Textures\wispytrail.dds,BC3_UNORM_SRGB,DX10,512,512,10
BZCC,bz2r_res\baked\HUD\colorize.dds,BC3_UNORM_SRGB,DX10,128,128,8
BZCC,bz2r_res\baked\HUD\colorize_x1_5.dds,BC3_UNORM_SRGB,DX10,192,192,8
BZCC,bz2r_res\baked\HUD\colorize_x2_0.dds,BC3_UNORM_SRGB,DX10,256,256,9
BZCC,bz2r_res\baked\HUD\colorize_x2_5.dds,BC3_UNORM_SRGB,DX10,320,320,9
BZCC,bz2r_res\baked\HUD\colorize_x3_0.dds,BC3_UNORM_SRGB,DX10,384,384,9
BZCC,bz2r_res\baked\HUD\colorize_x3_5.dds,BC3_UNORM_SRGB,DX10,448,448,9
BZCC,bz2r_res\baked\HUD\colorize_x4_0.dds,BC3_UNORM_SRGB,DX10,512,512,10
BZCC,bz2r_res\baked\HUD\colorize_x4_5.dds,BC3_UNORM_SRGB,DX10,576,576,10
BZCC,bz2r_res\baked\HUD\colorize_x5_0.dds,BC3_UNORM_SRGB,DX10,640,640,10
BZCC,bz2r_res\baked\HUD\gauge.dds,BC3_UNORM_SRGB,DX10,64,64,7
BZCC,bz2r_res\baked\HUD\hp\hp_cannon.dds,BC3_UNORM_SRGB,DX10,32,32,6
BZCC,bz2r_res\baked\HUD\hp\hp_gun.dds,BC3_UNORM_SRGB,DX10,32,32,6
BZCC,bz2r_res\baked\HUD\hp\hp_mortar.dds,BC3_UNORM_SRGB,DX10,32,32,6
BZCC,bz2r_res\baked\HUD\hp\hp_rocket.dds,BC3_UNORM_SRGB,DX10,32,32,6
BZCC,bz2r_res\baked\HUD\hp\hp_shield.dds,BC3_UNORM_SRGB,DX10,32,32,6
BZCC,bz2r_res\baked\HUD\hp\hp_special.dds,BC3_UNORM_SRGB,DX10,32,32,6
BZCC,bz2r_res\baked\HUD\icons\icon_base.dds,BC3_UNORM_SRGB,DX10,64,64,7
BZCC,bz2r_res\baked\HUD\icons\icon_base_armo.dds,BC3_UNORM_SRGB,DX10,64,64,7
BZCC,bz2r_res\baked\HUD\icons\icon_base_fact.dds,BC3_UNORM_SRGB,DX10,64,64,7
BZCC,bz2r_res\baked\HUD\icons\icon_base_nav.dds,BC3_UNORM_SRGB,DX10,64,64,7
BZCC,bz2r_res\baked\HUD\icons\icon_base_recy.dds,BC3_UNORM_SRGB,DX10,64,64,7
BZCC,bz2r_res\baked\HUD\icons\icon_fbspir.dds,BC3_UNORM_SRGB,DX10,64,64,7
BZCC,bz2r_res\baked\HUD\icons\icon_fc111100.dds,BC3_UNORM_SRGB,DX10,64,64,7
BZCC,bz2r_res\baked\HUD\icons\icon_fspilo.dds,BC3_UNORM_SRGB,DX10,64,64,7
BZCC,bz2r_res\baked\HUD\icons\icon_fssold.dds,BC3_UNORM_SRGB,DX10,64,64,7
BZCC,bz2r_res\baked\HUD\icons\icon_fvarch.dds,BC3_UNORM_SRGB,DX10,64,64,7
BZCC,bz2r_res\baked\HUD\icons\icon_fvartl.dds,BC3_UNORM_SRGB,DX10,64,64,7
BZCC,bz2r_res\baked\HUD\icons\icon_fvatank.dds,BC3_UNORM_SRGB,DX10,64,64,7
BZCC,bz2r_res\baked\HUD\icons\icon_fvcons.dds,BC3_UNORM_SRGB,DX10,64,64,7
BZCC,bz2r_res\baked\HUD\icons\icon_fvrecy.dds,BC3_UNORM_SRGB,DX10,64,64,7
BZCC,bz2r_res\baked\HUD\icons\icon_fvsav.dds,BC3_UNORM_SRGB,DX10,64,64,7
BZCC,bz2r_res\baked\HUD\icons\icon_fvscav.dds,BC3_UNORM_SRGB,DX10,64,64,7
BZCC,bz2r_res\baked\HUD\icons\icon_fvscout.dds,BC3_UNORM_SRGB,DX10,64,64,7
BZCC,bz2r_res\baked\HUD\icons\icon_fvsent.dds,BC3_UNORM_SRGB,DX10,64,64,7
BZCC,bz2r_res\baked\HUD\icons\icon_fvserv.dds,BC3_UNORM_SRGB,DX10,64,64,7
BZCC,bz2r_res\baked\HUD\icons\icon_fvtank.dds,BC3_UNORM_SRGB,DX10,64,64,7
BZCC,bz2r_res\baked\HUD\icons\icon_fvtug.dds,BC3_UNORM_SRGB,DX10,64,64,7
BZCC,bz2r_res\baked\HUD\icons\icon_fvturr.dds,BC3_UNORM_SRGB,DX10,64,64,7
BZCC,bz2r_res\baked\HUD\icons\icon_fvwalk.dds,BC3_UNORM_SRGB,DX10,64,64,7
BZCC,bz2r_res\baked\HUD\icons\icon_ibgtow.dds,BC3_UNORM_SRGB,DX10,64,64,7
BZCC,bz2r_res\baked\HUD\icons\icon_ispilo.dds,BC3_UNORM_SRGB,DX10,64,64,7
BZCC,bz2r_res\baked\HUD\icons\icon_issold.dds,BC3_UNORM_SRGB,DX10,64,64,7
BZCC,bz2r_res\baked\HUD\icons\icon_ivapc.dds,BC3_UNORM_SRGB,DX10,64,64,7
BZCC,bz2r_res\baked\HUD\icons\icon_ivatank.dds,BC3_UNORM_SRGB,DX10,64,64,7
BZCC,bz2r_res\baked\HUD\icons\icon_ivbomb.dds,BC3_UNORM_SRGB,DX10,64,64,7
BZCC,bz2r_res\baked\HUD\icons\icon_ivcons.dds,BC3_UNORM_SRGB,DX10,64,64,7
BZCC,bz2r_res\baked\HUD\icons\icon_ivintc.dds,BC3_UNORM_SRGB,DX10,64,64,7
BZCC,bz2r_res\baked\HUD\icons\icon_ivmbike.dds,BC3_UNORM_SRGB,DX10,64,64,7
BZCC,bz2r_res\baked\HUD\icons\icon_ivmisl.dds,BC3_UNORM_SRGB,DX10,64,64,7
BZCC,bz2r_res\baked\HUD\icons\icon_ivrckt.dds,BC3_UNORM_SRGB,DX10,64,64,7
BZCC,bz2r_res\baked\HUD\icons\icon_ivrecy.dds,BC3_UNORM_SRGB,DX10,64,64,7
BZCC,bz2r_res\baked\HUD\icons\icon_ivscav.dds,BC3_UNORM_SRGB,DX10,64,64,7
BZCC,bz2r_res\baked\HUD\icons\icon_ivscout.dds,BC3_UNORM_SRGB,DX10,64,64,7
BZCC,bz2r_res\baked\HUD\icons\icon_ivserv.dds,BC3_UNORM_SRGB,DX10,64,64,7
BZCC,bz2r_res\baked\HUD\icons\icon_ivstas.dds,BC3_UNORM_SRGB,DX10,64,64,7
BZCC,bz2r_res\baked\HUD\icons\icon_ivtank.dds,BC3_UNORM_SRGB,DX10,64,64,7
BZCC,bz2r_res\baked\HUD\icons\icon_ivtug.dds,BC3_UNORM_SRGB,DX10,64,64,7
BZCC,bz2r_res\baked\HUD\icons\icon_ivturr.dds,BC3_UNORM_SRGB,DX10,64,64,7
BZCC,bz2r_res\baked\HUD\icons\icon_ivwalk.dds,BC3_UNORM_SRGB,DX10,64,64,7
BZCC,bz2r_res\baked\HUD\reticles\ir_cann.dds,BC3_UNORM_SRGB,DX10,512,512,10
BZCC,bz2r_res\baked\HUD\reticles\ir_com.dds,BC3_UNORM_SRGB,DX10,512,512,10
BZCC,bz2r_res\baked\HUD\reticles\ir_horn.dds,BC3_UNORM_SRGB,DX10,512,512,10
BZCC,bz2r_res\baked\HUD\reticles\ir_mag.dds,BC3_UNORM_SRGB,DX10,512,512,10
BZCC,bz2r_res\baked\HUD\reticles\ir_mort.dds,BC3_UNORM_SRGB,DX10,512,512,10
BZCC,bz2r_res\baked\HUD\reticles\ir_rckt.dds,BC3_UNORM_SRGB,DX10,512,512,10
BZCC,bz2r_res\baked\HUD\reticles\ir_shad.dds,BC3_UNORM_SRGB,DX10,512,512,10
BZCC,bz2r_res\baked\HUD\reticles\sr_cann.dds,BC3_UNORM_SRGB,DX10,512,512,10
BZCC,bz2r_res\baked\HUD\reticles\sr_mort.dds,BC3_UNORM_SRGB,DX10,512,512,10
BZCC,bz2r_res\baked\HUD\reticles\sr_rcksp.dds,BC3_UNORM_SRGB,DX10,512,512,10
BZCC,bz2r_res\baked\HUD\wire\wire_blank.dds,BC3_UNORM_SRGB,DX10,256,256,9
BZCC,bz2r_res\baked\HUD\wire\wire_fbspir.dds,BC3_UNORM_SRGB,DX10,256,256,9
BZCC,bz2r_res\baked\HUD\wire\wire_fc111100.dds,BC3_UNORM_SRGB,DX10,256,256,9
BZCC,bz2r_res\baked\HUD\wire\wire_fspilo.dds,BC3_UNORM_SRGB,DX10,256,256,9
BZCC,bz2r_res\baked\HUD\wire\wire_fssold.dds,BC3_UNORM_SRGB,DX10,256,256,9
BZCC,bz2r_res\baked\HUD\wire\wire_fvarch.dds,BC3_UNORM_SRGB,DX10,256,256,9
BZCC,bz2r_res\baked\HUD\wire\wire_fvarch2.dds,BC3_UNORM_SRGB,DX10,256,256,9
BZCC,bz2r_res\baked\HUD\wire\wire_fvartl.dds,BC3_UNORM_SRGB,DX10,256,256,9
BZCC,bz2r_res\baked\HUD\wire\wire_fvatank.dds,BC3_UNORM_SRGB,DX10,256,256,9
BZCC,bz2r_res\baked\HUD\wire\wire_fvcons.dds,BC3_UNORM_SRGB,DX10,256,256,9
BZCC,bz2r_res\baked\HUD\wire\wire_fvrecy.dds,BC3_UNORM_SRGB,DX10,256,256,9
BZCC,bz2r_res\baked\HUD\wire\wire_fvsav.dds,BC3_UNORM_SRGB,DX10,256,256,9
BZCC,bz2r_res\baked\HUD\wire\wire_fvscav.dds,BC3_UNORM_SRGB,DX10,256,256,9
BZCC,bz2r_res\baked\HUD\wire\wire_fvscou.dds,BC3_UNORM_SRGB,DX10,256,256,9
BZCC,bz2r_res\baked\HUD\wire\wire_fvscout.dds,BC3_UNORM_SRGB,DX10,256,256,9
BZCC,bz2r_res\baked\HUD\wire\wire_fvscout2.dds,BC3_UNORM_SRGB,DX10,256,256,9
BZCC,bz2r_res\baked\HUD\wire\wire_fvsent.dds,BC3_UNORM_SRGB,DX10,256,256,9
BZCC,bz2r_res\baked\HUD\wire\wire_fvsent2.dds,BC3_UNORM_SRGB,DX10,256,256,9
BZCC,bz2r_res\baked\HUD\wire\wire_fvserv.dds,BC3_UNORM_SRGB,DX10,256,256,9
BZCC,bz2r_res\baked\HUD\wire\wire_fvtank.dds,BC3_UNORM_SRGB,DX10,256,256,9
BZCC,bz2r_res\baked\HUD\wire\wire_fvtank2.dds,BC3_UNORM_SRGB,DX10,256,256,9
BZCC,bz2r_res\baked\HUD\wire\wire_fvtug.dds,BC3_UNORM_SRGB,DX10,256,256,9
BZCC,bz2r_res\baked\HUD\wire\wire_fvturr.dds,BC3_UNORM_SRGB,DX10,256,256,9
BZCC,bz2r_res\baked\HUD\wire\wire_fvwalk.dds,BC3_UNORM_SRGB,DX10,256,256,9
BZCC,bz2r_res\baked\HUD\wire\wire_ibgtow.dds,BC3_UNORM_SRGB,DX10,256,256,9
BZCC,bz2r_res\baked\HUD\wire\wire_iggren0.dds,BC3_UNORM_SRGB,DX10,256,256,9
BZCC,bz2r_res\baked\HUD\wire\wire_iggren1.dds,BC3_UNORM_SRGB,DX10,256,256,9
BZCC,bz2r_res\baked\HUD\wire\wire_iggren2.dds,BC3_UNORM_SRGB,DX10,256,256,9
BZCC,bz2r_res\baked\HUD\wire\wire_iggren3.dds,BC3_UNORM_SRGB,DX10,256,256,9
BZCC,bz2r_res\baked\HUD\wire\wire_igjetp0.dds,BC3_UNORM_SRGB,DX10,256,256,9
BZCC,bz2r_res\baked\HUD\wire\wire_igjetp1.dds,BC3_UNORM_SRGB,DX10,256,256,9
BZCC,bz2r_res\baked\HUD\wire\wire_igsatc0.dds,BC3_UNORM_SRGB,DX10,256,256,9
BZCC,bz2r_res\baked\HUD\wire\wire_igsatc1.dds,BC3_UNORM_SRGB,DX10,256,256,9
BZCC,bz2r_res\baked\HUD\wire\wire_issold.dds,BC3_UNORM_SRGB,DX10,256,256,9
BZCC,bz2r_res\baked\HUD\wire\wire_isspilo.dds,BC3_UNORM_SRGB,DX10,256,256,9
BZCC,bz2r_res\baked\HUD\wire\wire_ivapc.dds,BC3_UNORM_SRGB,DX10,256,256,9
BZCC,bz2r_res\baked\HUD\wire\wire_ivatank.dds,BC3_UNORM_SRGB,DX10,256,256,9
BZCC,bz2r_res\baked\HUD\wire\wire_ivbomb.dds,BC3_UNORM_SRGB,DX10,256,256,9
BZCC,bz2r_res\baked\HUD\wire\wire_ivcons.dds,BC3_UNORM_SRGB,DX10,256,256,9
BZCC,bz2r_res\baked\HUD\wire\wire_ivintc.dds,BC3_UNORM_SRGB,DX10,256,256,9
BZCC,bz2r_res\baked\HUD\wire\wire_ivmbike.dds,BC3_UNORM_SRGB,DX10,256,256,9
BZCC,bz2r_res\baked\HUD\wire\wire_ivmisl.dds,BC3_UNORM_SRGB,DX10,256,256,9
BZCC,bz2r_res\baked\HUD\wire\wire_ivrckt.dds,BC3_UNORM_SRGB,DX10,256,256,9
BZCC,bz2r_res\baked\HUD\wire\wire_ivrecy.dds,BC3_UNORM_SRGB,DX10,256,256,9
BZCC,bz2r_res\baked\HUD\wire\wire_ivscav.dds,BC3_UNORM_SRGB,DX10,256,256,9
BZCC,bz2r_res\baked\HUD\wire\wire_ivscout.dds,BC3_UNORM_SRGB,DX10,256,256,9
BZCC,bz2r_res\baked\HUD\wire\wire_ivserv.dds,BC3_UNORM_SRGB,DX10,256,256,9
BZCC,bz2r_res\baked\HUD\wire\wire_ivstas.dds,BC3_UNORM_SRGB,DX10,256,256,9
BZCC,bz2r_res\baked\HUD\wire\wire_ivtank.dds,BC3_UNORM_SRGB,DX10,256,256,9
BZCC,bz2r_res\baked\HUD\wire\wire_ivtug.dds,BC3_UNORM_SRGB,DX10,256,256,9
BZCC,bz2r_res\baked\HUD\wire\wire_ivturr.dds,BC3_UNORM_SRGB,DX10,256,256,9
BZCC,bz2r_res\baked\HUD\wire\wire_ivwalk.dds,BC3_UNORM_SRGB,DX10,256,256,9
BZCC,bz2r_res\baked\HUD\wire\wire_sggren0.dds,BC3_UNORM_SRGB,DX10,256,256,9
BZCC,bz2r_res\baked\HUD\wire\wire_sggren1.dds,BC3_UNORM_SRGB,DX10,256,256,9
BZCC,bz2r_res\baked\HUD\wire\wire_sggren2.dds,BC3_UNORM_SRGB,DX10,256,256,9
BZCC,bz2r_res\baked\HUD\wire\wire_sggren3.dds,BC3_UNORM_SRGB,DX10,256,256,9
BZCC,bz2r_res\baked\HUD\wire\wire_sgjetp0.dds,BC3_UNORM_SRGB,DX10,256,256,9
BZCC,bz2r_res\baked\HUD\wire\wire_sgjetp1.dds,BC3_UNORM_SRGB,DX10,256,256,9
BZCC,bz2r_res\baked\HUD\wire\wire_sgsatc0.dds,BC3_UNORM_SRGB,DX10,256,256,9
BZCC,bz2r_res\baked\HUD\wire\wire_sgsatc1.dds,BC3_UNORM_SRGB,DX10,256,256,9
BZCC,bz2r_res\baked\ISDF\Pilot\Textures\ispilo00_c.dds,BC3_UNORM_SRGB,DX10,2048,2048,12
BZCC,bz2r_res\baked\ISDF\Pilot\Textures\ispilo00_s.dds,BC3_UNORM_SRGB,DX10,2048,2048,12
BZCC,bz2r_res\baked\ISDF\Weapons\Textures\appod00_e.dds,BC3_UNORM_SRGB,DX10,1024,1024,11
BZCC,bz2r_res\baked\ISDF\Weapons\Textures\iordnance00_s.dds,BC3_UNORM_SRGB,DX10,256,256,9
BZCC,bz2r_res\baked\ISDF\Weapons\Textures\iwsatc00_c.dds,BC3_UNORM_SRGB,DX10,1024,1024,11
BZCC,bz2r_res\baked\ISDF\Weapons\Textures\iwsatc00_e.dds,BC3_UNORM_SRGB,DX10,1024,1024,11
BZCC,bz2r_res\baked\ISDF\Weapons\Textures\iwsatc00_s.dds,BC3_UNORM_SRGB,DX10,1024,1024,11
BZCC,bz2r_res\baked\ISDF\buildings\textures\ibbomb00_c.dds,BC3_UNORM_SRGB,DX10,2048,2048,12
BZCC,bz2r_res\baked\ISDF\buildings\textures\ibbomb00_s.dds,BC3_UNORM_SRGB,DX10,2048,2048,12
BZCC,bz2r_res\baked\ISDF\buildings\textures\ibbrdg00_s.dds,BC3_UNORM_SRGB,DX10,1024,1024,11
BZCC,bz2r_res\baked\ISDF\buildings\textures\ibbrdg01_s.dds,BC3_UNORM_SRGB,DX10,1024,1024,11
BZCC,bz2r_res\baked\ISDF\buildings\textures\ibextf00_c.dds,BC3_UNORM_SRGB,DX10,2048,2048,12
BZCC,bz2r_res\baked\ISDF\buildings\textures\ibextf00_s.dds,BC3_UNORM_SRGB,DX10,2048,2048,12
BZCC,bz2r_res\baked\ISDF\buildings\textures\ibextf01_c.dds,BC3_UNORM_SRGB,DX10,2048,2048,12
BZCC,bz2r_res\baked\ISDF\buildings\textures\ibextf01_s.dds,BC3_UNORM_SRGB,DX10,2048,2048,12
BZCC,bz2r_res\baked\ISDF\buildings\textures\ibextf03_c.dds,BC3_UNORM_SRGB,DX10,2048,2048,12
BZCC,bz2r_res\baked\ISDF\buildings\textures\ibextf03_s.dds,BC3_UNORM_SRGB,DX10,2048,2048,12
BZCC,bz2r_res\baked\ISDF\buildings\textures\ibexts00_c.dds,BC3_UNORM_SRGB,DX10,2048,2048,12
BZCC,bz2r_res\baked\ISDF\buildings\textures\ibexts00_s.dds,BC3_UNORM_SRGB,DX10,2048,2048,12
BZCC,bz2r_res\baked\ISDF\buildings\textures\ibextw01_s.dds,BC3_UNORM_SRGB,DX10,2048,2048,12
BZCC,bz2r_res\baked\ISDF\buildings\textures\ibextw02_s.dds,BC3_UNORM_SRGB,DX10,1024,1024,11
BZCC,bz2r_res\baked\ISDF\buildings\textures\ibfact00_c.dds,BC3_UNORM_SRGB,DX10,2048,2048,12
BZCC,bz2r_res\baked\ISDF\buildings\textures\ibfact00_s.dds,BC3_UNORM_SRGB,DX10,2048,2048,12
BZCC,bz2r_res\baked\ISDF\buildings\textures\ibgtow00_c.dds,BC3_UNORM_SRGB,DX10,2048,2048,12
BZCC,bz2r_res\baked\ISDF\buildings\textures\ibgtow00_s.dds,BC3_UNORM_SRGB,DX10,2048,2048,12
BZCC,bz2r_res\baked\ISDF\buildings\textures\ibgtow01_c.dds,BC3_UNORM_SRGB,DX10,2048,2048,12
BZCC,bz2r_res\baked\ISDF\buildings\textures\ibgtow01_s.dds,BC3_UNORM_SRGB,DX10,2048,2048,12
BZCC,bz2r_res\baked\ISDF\buildings\textures\ibhex00.dds,BC3_UNORM_SRGB,DX10,1024,1024,11
BZCC,bz2r_res\baked\ISDF\buildings\textures\ibhex00_s.dds,BC3_UNORM_SRGB,DX10,1024,1024,11
BZCC,bz2r_res\baked\ISDF\buildings\textures\ibintc00_s.dds,BC3_UNORM_SRGB,DX10,1024,1024,11
BZCC,bz2r_res\baked\ISDF\buildings\textures\ibintf00_s.dds,BC3_UNORM_SRGB,DX10,1024,1024,11
BZCC,bz2r_res\baked\ISDF\buildings\textures\ibintw00_c.dds,BC3_UNORM_SRGB,DX10,1024,1024,11
BZCC,bz2r_res\baked\ISDF\buildings\textures\ibintw00_s.dds,BC3_UNORM_SRGB,DX10,1024,1024,11
BZCC,bz2r_res\baked\ISDF\buildings\textures\ibintw01_c.dds,BC3_UNORM_SRGB,DX10,1024,1024,11
BZCC,bz2r_res\baked\ISDF\buildings\textures\ibintw01_s.dds,BC3_UNORM_SRGB,DX10,1024,1024,11
BZCC,bz2r_res\baked\ISDF\buildings\textures\ibisdf00_c.dds,BC3_UNORM_SRGB,DX10,1024,1024,11
BZCC,bz2r_res\baked\ISDF\buildings\textures\ibisdf00_s.dds,BC3_UNORM_SRGB,DX10,1024,1024,11
BZCC,bz2r_res\baked\ISDF\buildings\textures\ibisdf01_s.dds,BC3_UNORM_SRGB,DX10,1024,1024,11
BZCC,bz2r_res\baked\ISDF\buildings\textures\ibsbay00_c.dds,BC3_UNORM_SRGB,DX10,2048,2048,12
BZCC,bz2r_res\baked\ISDF\buildings\textures\ibsbay00_s.dds,BC3_UNORM_SRGB,DX10,2048,2048,12
BZCC,bz2r_res\baked\ISDF\buildings\textures\ibstair00_s.dds,BC3_UNORM_SRGB,DX10,512,512,10
BZCC,bz2r_res\baked\ISDF\buildings\textures\ibtech00_c.dds,BC3_UNORM_SRGB,DX10,2048,2048,12
BZCC,bz2r_res\baked\ISDF\buildings\textures\ibtech00_s.dds,BC3_UNORM_SRGB,DX10,2048,2048,12
BZCC,bz2r_res\baked\ISDF\buildings\textures\ibtrain00_c.dds,BC3_UNORM_SRGB,DX10,2048,2048,12
BZCC,bz2r_res\baked\ISDF\buildings\textures\ibtrain00_s.dds,BC3_UNORM_SRGB,DX10,2048,2048,12
BZCC,bz2r_res\baked\ISDF\buildings\textures\ioface00_s.dds,BC3_UNORM_SRGB,DX10,1024,1024,11
BZCC,bz2r_res\baked\ISDF\buildings\textures\ioface01_s.dds,BC3_UNORM_SRGB,DX10,1024,1024,11
BZCC,bz2r_res\baked\ISDF\buildings\textures\ioface02_s.dds,BC3_UNORM_SRGB,DX10,1024,1024,11
BZCC,bz2r_res\baked\ISDF\buildings\textures\ioface03_s.dds,BC3_UNORM_SRGB,DX10,1024,1024,11
BZCC,bz2r_res\baked\ISDF\buildings\textures\ioflag00_s.dds,BC3_UNORM_SRGB,DX10,1024,1024,11
BZCC,bz2r_res\baked\ISDF\vehicles\textures\iechunks_s.dds,BC3_UNORM_SRGB,DX10,512,512,10
BZCC,bz2r_res\baked\ISDF\vehicles\textures\isvisor00.dds,BC3_UNORM_SRGB,DX10,512,512,10
BZCC,bz2r_res\baked\ISDF\vehicles\textures\ivapc00_c.dds,BC3_UNORM_SRGB,DX10,2048,2048,12
BZCC,bz2r_res\baked\ISDF\vehicles\textures\ivapc00_s.dds,BC3_UNORM_SRGB,DX10,2048,2048,12
BZCC,bz2r_res\baked\ISDF\vehicles\textures\ivatank00_c.dds,BC3_UNORM_SRGB,DX10,2048,2048,12
BZCC,bz2r_res\baked\ISDF\vehicles\textures\ivatank00_s.dds,BC3_UNORM_SRGB,DX10,2048,2048,12
BZCC,bz2r_res\baked\ISDF\vehicles\textures\ivatank01_c.dds,BC3_UNORM_SRGB,DX10,1024,1024,11
BZCC,bz2r_res\baked\ISDF\vehicles\textures\ivatank01_s.dds,BC3_UNORM_SRGB,DX10,1024,1024,11
BZCC,bz2r_res\baked\ISDF\vehicles\textures\ivbomb00_c.dds,BC3_UNORM_SRGB,DX10,2048,2048,12
BZCC,bz2r_res\baked\ISDF\vehicles\textures\ivbomb00_s.dds,BC3_UNORM_SRGB,DX10,2048,2048,12
BZCC,bz2r_res\baked\ISDF\vehicles\textures\ivcarr00_s.dds,BC3_UNORM_SRGB,DX10,2048,2048,12
BZCC,bz2r_res\baked\ISDF\vehicles\textures\ivcarr01_s.dds,BC3_UNORM_SRGB,DX10,2048,2048,12
BZCC,bz2r_res\baked\ISDF\vehicles\textures\ivcarr02_s.dds,BC3_UNORM_SRGB,DX10,2048,2048,12
BZCC,bz2r_res\baked\ISDF\vehicles\textures\ivcarrx0_s.dds,BC3_UNORM_SRGB,DX10,2048,2048,12
BZCC,bz2r_res\baked\ISDF\vehicles\textures\ivcarrx1_s.dds,BC3_UNORM_SRGB,DX10,2048,2048,12
BZCC,bz2r_res\baked\ISDF\vehicles\textures\ivcarrx2_s.dds,BC3_UNORM_SRGB,DX10,2048,2048,12
BZCC,bz2r_res\baked\ISDF\vehicles\textures\ivcock00_s.dds,BC3_UNORM_SRGB,DX10,2048,2048,12
BZCC,bz2r_res\baked\ISDF\vehicles\textures\ivcons00_c.dds,BC3_UNORM_SRGB,DX10,2048,2048,12
BZCC,bz2r_res\baked\ISDF\vehicles\textures\ivcons00_s.dds,BC3_UNORM_SRGB,DX10,2048,2048,12
BZCC,bz2r_res\baked\ISDF\vehicles\textures\ivdrop00_c.dds,BC3_UNORM_SRGB,DX10,2048,2048,12
BZCC,bz2r_res\baked\ISDF\vehicles\textures\ivdrop00_s.dds,BC3_UNORM_SRGB,DX10,2048,2048,12
BZCC,bz2r_res\baked\ISDF\vehicles\textures\ivdrop01_c.dds,BC3_UNORM_SRGB,DX10,2048,2048,12
BZCC,bz2r_res\baked\ISDF\vehicles\textures\ivdrop01_s.dds,BC3_UNORM_SRGB,DX10,2048,2048,12
BZCC,bz2r_res\baked\ISDF\vehicles\textures\ivdrop02_c.dds,BC3_UNORM_SRGB,DX10,2048,2048,12
BZCC,bz2r_res\baked\ISDF\vehicles\textures\ivdrop02_s.dds,BC3_UNORM_SRGB,DX10,2048,2048,12
BZCC,bz2r_res\baked\ISDF\vehicles\textures\ivdrop03_s.dds,BC3_UNORM_SRGB,DX10,2048,2048,12
BZCC,bz2r_res\baked\ISDF\vehicles\textures\ivdrop04_s.dds,BC3_UNORM_SRGB,DX10,2048,2048,12
BZCC,bz2r_res\baked\ISDF\vehicles\textures\ivdrop05_c.dds,BC3_UNORM_SRGB,DX10,2048,2048,12
BZCC,bz2r_res\baked\ISDF\vehicles\textures\ivdrop05_s.dds,BC3_UNORM_SRGB,DX10,2048,2048,12
BZCC,bz2r_res\baked\ISDF\vehicles\textures\ivdrop06_c.dds,BC3_UNORM_SRGB,DX10,2048,2048,12
BZCC,bz2r_res\baked\ISDF\vehicles\textures\ivdrop06_s.dds,BC3_UNORM_SRGB,DX10,2048,2048,12
BZCC,bz2r_res\baked\ISDF\vehicles\textures\ivdrop07_c.dds,BC3_UNORM_SRGB,DX10,2048,2048,12
BZCC,bz2r_res\baked\ISDF\vehicles\textures\ivdrop07_s.dds,BC3_UNORM_SRGB,DX10,2048,2048,12
BZCC,bz2r_res\baked\ISDF\vehicles\textures\ivdrop08_c.dds,BC3_UNORM_SRGB,DX10,2048,2048,12
BZCC,bz2r_res\baked\ISDF\vehicles\textures\ivdrop08_s.dds,BC3_UNORM_SRGB,DX10,2048,2048,12
BZCC,bz2r_res\baked\ISDF\vehicles\textures\ivmbik00_c.dds,BC3_UNORM_SRGB,DX10,2048,2048,12
BZCC,bz2r_res\baked\ISDF\vehicles\textures\ivmbik00_s.dds,BC3_UNORM_SRGB,DX10,2048,2048,12
BZCC,bz2r_res\baked\ISDF\vehicles\textures\ivmisl00_c.dds,BC3_UNORM_SRGB,DX10,2048,2048,12
BZCC,bz2r_res\baked\ISDF\vehicles\textures\ivmisl00_s.dds,BC3_UNORM_SRGB,DX10,2048,2048,12
BZCC,bz2r_res\baked\ISDF\vehicles\textures\ivrckt00_c.dds,BC3_UNORM_SRGB,DX10,2048,2048,12
BZCC,bz2r_res\baked\ISDF\vehicles\textures\ivrckt00_s.dds,BC3_UNORM_SRGB,DX10,2048,2048,12
BZCC,bz2r_res\baked\ISDF\vehicles\textures\ivrecy00_c.dds,BC3_UNORM_SRGB,DX10,2048,2048,12
BZCC,bz2r_res\baked\ISDF\vehicles\textures\ivrecy00_s.dds,BC3_UNORM_SRGB,DX10,2048,2048,12
BZCC,bz2r_res\baked\ISDF\vehicles\textures\ivrecy01_c.dds,BC3_UNORM_SRGB,DX10,2048,2048,12
BZCC,bz2r_res\baked\ISDF\vehicles\textures\ivrecy01_s.dds,BC3_UNORM_SRGB,DX10,2048,2048,12
BZCC,bz2r_res\baked\ISDF\vehicles\textures\ivrecy02_c.dds,BC3_UNORM_SRGB,DX10,2048,2048,12
BZCC,bz2r_res\baked\ISDF\vehicles\textures\ivrecy02_s.dds,BC3_UNORM_SRGB,DX10,2048,2048,12
BZCC,bz2r_res\baked\ISDF\vehicles\textures\ivrecy03_c.dds,BC3_UNORM_SRGB,DX10,2048,2048,12
BZCC,bz2r_res\baked\ISDF\vehicles\textures\ivrecy03_s.dds,BC3_UNORM_SRGB,DX10,2048,2048,12
BZCC,bz2r_res\baked\ISDF\vehicles\textures\ivscav00_c.dds,BC3_UNORM_SRGB,DX10,2048,2048,12
BZCC,bz2r_res\baked\ISDF\vehicles\textures\ivscav00_s.dds,BC3_UNORM_SRGB,DX10,2048,2048,12
BZCC,bz2r_res\baked\ISDF\vehicles\textures\ivscav01_c.dds,BC3_UNORM_SRGB,DX10,2048,2048,12
BZCC,bz2r_res\baked\ISDF\vehicles\textures\ivscav01_s.dds,BC3_UNORM_SRGB,DX10,2048,2048,12
BZCC,bz2r_res\baked\ISDF\vehicles\textures\ivscav02_c.dds,BC3_UNORM_SRGB,DX10,2048,2048,12
BZCC,bz2r_res\baked\ISDF\vehicles\textures\ivscav03_c.dds,BC3_UNORM_SRGB,DX10,2048,2048,12
BZCC,bz2r_res\baked\ISDF\vehicles\textures\ivscav03_s.dds,BC3_UNORM_SRGB,DX10,2048,2048,12
BZCC,bz2r_res\baked\ISDF\vehicles\textures\ivscav04_c.dds,BC3_UNORM_SRGB,DX10,2048,2048,12
BZCC,bz2r_res\baked\ISDF\vehicles\textures\ivscav04_s.dds,BC3_UNORM_SRGB,DX10,2048,2048,12
BZCC,bz2r_res\baked\ISDF\vehicles\textures\ivscou00_c.dds,BC3_UNORM_SRGB,DX10,2048,2048,12
BZCC,bz2r_res\baked\ISDF\vehicles\textures\ivscou00_s.dds,BC3_UNORM_SRGB,DX10,2048,2048,12
BZCC,bz2r_res\baked\ISDF\vehicles\textures\ivserv00_c.dds,BC3_UNORM_SRGB,DX10,2048,2048,12
BZCC,bz2r_res\baked\ISDF\vehicles\textures\ivserv00_s.dds,BC3_UNORM_SRGB,DX10,2048,2048,12
BZCC,bz2r_res\baked\ISDF\vehicles\textures\ivstas00_c.dds,BC3_UNORM_SRGB,DX10,2048,2048,12
BZCC,bz2r_res\baked\ISDF\vehicles\textures\ivstas00_s.dds,BC3_UNORM_SRGB,DX10,2048,2048,12
BZCC,bz2r_res\baked\ISDF\vehicles\textures\ivtank00_c.dds,BC3_UNORM_SRGB,DX10,2048,2048,12
BZCC,bz2r_res\baked\ISDF\vehicles\textures\ivtank00_s.dds,BC3_UNORM_SRGB,DX10,2048,2048,12
BZCC,bz2r_res\baked\ISDF\vehicles\textures\ivtug00_c.dds,BC3_UNORM_SRGB,DX10,2048,2048,12
BZCC,bz2r_res\baked\ISDF\vehicles\textures\ivtug00_s.dds,BC3_UNORM_SRGB,DX10,2048,2048,12
BZCC,bz2r_res\baked\ISDF\vehicles\textures\ivturr00_c.dds,BC3_UNORM_SRGB,DX10,2048,2048,12
BZCC,bz2r_res\baked\ISDF\vehicles\textures\ivturr00_s.dds,BC3_UNORM_SRGB,DX10,2048,2048,12
BZCC,bz2r_res\baked\ISDF\vehicles\textures\ivwalk00_c.dds,BC3_UNORM_SRGB,DX10,2048,2048,12
BZCC,bz2r_res\baked\ISDF\vehicles\textures\ivwalk00_s.dds,BC3_UNORM_SRGB,DX10,2048,2048,12
BZCC,bz2r_res\baked\ISDF\vehicles\textures\sprtjetblu.dds,BC3_UNORM_SRGB,DX10,16,16,5
BZCC,bz2r_res\baked\ISDF\vehicles\textures\tread_s.dds,BC3_UNORM_SRGB,DX10,1024,1024,11
BZCC,bz2r_res\baked\Scion\Buildings\Textures\ScionLung_d.dds,BC3_UNORM_SRGB,DX10,512,512,10
BZCC,bz2r_res\baked\Scion\Buildings\Textures\fbantenna01_d.dds,BC3_UNORM_SRGB,DX10,1024,1024,11
BZCC,bz2r_res\baked\Scion\Buildings\Textures\fbextf02_c.dds,BC3_UNORM_SRGB,DX10,2048,2048,12
BZCC,bz2r_res\baked\Scion\Buildings\Textures\fbextw01_c.dds,BC3_UNORM_SRGB,DX10,2048,2048,12
BZCC,bz2r_res\baked\Scion\Buildings\Textures\fbextw02_c.dds,BC3_UNORM_SRGB,DX10,2048,2048,12
BZCC,bz2r_res\baked\Scion\Buildings\Textures\fbextw04_c.dds,BC3_UNORM_SRGB,DX10,2048,2048,12
BZCC,bz2r_res\baked\Scion\Buildings\Textures\fbextw05_c.dds,BC3_UNORM_SRGB,DX10,4096,4096,13
BZCC,bz2r_res\baked\Scion\Buildings\Textures\fbholo.dds,BC3_UNORM_SRGB,DX10,1024,1024,11
BZCC,bz2r_res\baked\Scion\Buildings\Textures\fbholo_e.dds,BC3_UNORM_SRGB,DX10,1024,1024,11
BZCC,bz2r_res\baked\Scion\Pilot\Textures\fspilo00_c.dds,BC3_UNORM_SRGB,DX10,2048,2048,12
BZCC,bz2r_res\baked\Scion\Shared\glareNEW.dds,BC3_UNORM_SRGB,DX10,256,256,9
BZCC,bz2r_res\baked\Scion\Vehicles\Textures\fvarch00_c.dds,BC3_UNORM_SRGB,DX10,2048,2048,12
BZCC,bz2r_res\baked\Scion\Vehicles\Textures\fvatank00_c.dds,BC3_UNORM_SRGB,DX10,2048,2048,12
BZCC,bz2r_res\baked\Scion\Vehicles\Textures\fvatank00_s.dds,BC3_UNORM_SRGB,DX10,2048,2048,12
BZCC,bz2r_res\baked\Scion\Vehicles\Textures\fvdrop00_c.dds,BC3_UNORM_SRGB,DX10,4096,4096,13
BZCC,bz2r_res\baked\Scion\Vehicles\Textures\fvrecy00_c.dds,BC3_UNORM_SRGB,DX10,2048,2048,12
BZCC,bz2r_res\baked\Scion\Vehicles\Textures\fvscout00_c.dds,BC3_UNORM_SRGB,DX10,2048,2048,12
BZCC,bz2r_res\baked\Scion\Vehicles\Textures\fvsent00_c.dds,BC3_UNORM_SRGB,DX10,2048,2048,12
BZCC,bz2r_res\baked\Scion\Vehicles\Textures\fvserv00_c.dds,BC3_UNORM_SRGB,DX10,2048,2048,12
BZCC,bz2r_res\baked\Scion\Vehicles\Textures\fvtank00_c.dds,BC3_UNORM_SRGB,DX10,2048,2048,12
BZCC,bz2r_res\baked\Scion\Vehicles\Textures\fvtanka0.dds,BC3_UNORM_SRGB,DX10,256,256,9
BZCC,bz2r_res\baked\Scion\Vehicles\Textures\fvtread_s.dds,BC3_UNORM_SRGB,DX10,512,512,10
BZCC,bz2r_res\baked\Scion\Vehicles\Textures\fvtug00_c.dds,BC3_UNORM_SRGB,DX10,2048,2048,12
BZCC,bz2r_res\baked\Scion\Vehicles\Textures\fvtugFin00_d.dds,BC3_UNORM_SRGB,DX10,2048,2048,12
BZCC,bz2r_res\baked\Scion\Vehicles\Textures\fvtuga0.dds,BC3_UNORM_SRGB,DX10,256,256,9
BZCC,bz2r_res\baked\Scion\Vehicles\Textures\fvwalk00_c.dds,BC3_UNORM_SRGB,DX10,2048,2048,12
BZCC,bz2r_res\baked\UI\cursor.dds,BC3_UNORM_SRGB,DX10,128,128,8
BZCC,bz2r_res\baked\Worlds\Bane\Props\Textures\bbextf01_s.dds,BC3_UNORM_SRGB,DX10,1024,1024,11
BZCC,bz2r_res\baked\Worlds\Bane\Props\Textures\bbextf02_s.dds,BC3_UNORM_SRGB,DX10,1024,1024,11
BZCC,bz2r_res\baked\Worlds\Bane\Props\Textures\bbextw00_s.dds,BC3_UNORM_SRGB,DX10,2048,2048,12
BZCC,bz2r_res\baked\Worlds\Bane\Props\Textures\bbextw01_e.dds,BC3_UNORM_SRGB,DX10,1024,1024,11
BZCC,bz2r_res\baked\Worlds\Bane\Props\Textures\bbintc00_e.dds,BC3_UNORM_SRGB,DX10,1024,1024,11
BZCC,bz2r_res\baked\Worlds\Bane\Props\Textures\bbintc01_e.dds,BC3_UNORM_SRGB,DX10,1024,1024,11
BZCC,bz2r_res\baked\Worlds\Bane\Props\Textures\bbintf01_e.dds,BC3_UNORM_SRGB,DX10,1024,1024,11
BZCC,bz2r_res\baked\Worlds\Bane\Props\Textures\bbintf02_e.dds,BC3_UNORM_SRGB,DX10,1024,1024,11
BZCC,bz2r_res\baked\Worlds\Bane\Props\Textures\bbintw02_s.dds,BC3_UNORM_SRGB,DX10,1024,1024,11
BZCC,bz2r_res\baked\Worlds\Bane\Props\Textures\bbintw08_e.dds,BC3_UNORM_SRGB,DX10,1024,1024,11
BZCC,bz2r_res\baked\Worlds\Bane\Props\Textures\bbintw09_e.dds,BC3_UNORM_SRGB,DX10,1024,1024,11
BZCC,bz2r_res\baked\Worlds\Bane\Props\Textures\beruin01_s.dds,BC3_UNORM_SRGB,DX10,1024,1024,11
BZCC,bz2r_res\baked\Worlds\Bane\Props\Textures\beruin03_s.dds,BC3_UNORM_SRGB,DX10,512,512,10
BZCC,bz2r_res\baked\Worlds\Bane\Props\Textures\beruin04.dds,BC3_UNORM_SRGB,DX10,2048,2048,12
BZCC,bz2r_res\baked\Worlds\Bane\Props\Textures\iceberg_s.dds,BC3_UNORM_SRGB,DX10,2048,2048,12
BZCC,bz2r_res\baked\Worlds\Bane\Sky\Banemoon.dds,BC3_UNORM_SRGB,DX10,1024,1024,11
BZCC,bz2r_res\baked\Worlds\Bane\bane2_s.dds,BC3_UNORM_SRGB,DX10,2048,2048,12
BZCC,bz2r_res\baked\Worlds\Bane\bane3_s.dds,BC3_UNORM_SRGB,DX10,2048,2048,12
BZCC,bz2r_res\baked\Worlds\Bane\bane4_s.dds,BC3_UNORM_SRGB,DX10,1024,1024,11
BZCC,bz2r_res\baked\Worlds\Bane\bane5_s.dds,BC3_UNORM_SRGB,DX10,2048,2048,12
BZCC,bz2r_res\baked\Worlds\Bane\bane_s.dds,BC3_UNORM_SRGB,DX10,2048,2048,12
BZCC,bz2r_res\baked\Worlds\Core\Core_1_s.dds,BC3_UNORM_SRGB,DX10,2048,2048,12
BZCC,bz2r_res\baked\Worlds\Core\Core_2_s.dds,BC3_UNORM_SRGB,DX10,2048,2048,12
BZCC,bz2r_res\baked\Worlds\Core\Core_3_s.dds,BC3_UNORM_SRGB,DX10,2048,2048,12
BZCC,bz2r_res\baked\Worlds\Core\Core_4_s.dds,BC3_UNORM_SRGB,DX10,2048,2048,12
BZCC,bz2r_res\baked\Worlds\Core\Core_5_s.dds,BC3_UNORM_SRGB,DX10,2048,2048,12
BZCC,bz2r_res\baked\Worlds\Core\Core_6_s.dds,BC3_UNORM_SRGB,DX10,2048,2048,12
BZCC,bz2r_res\baked\Worlds\Core\Props\Textures\cbdata00.dds,BC3_UNORM_SRGB,DX10,1024,1024,11
BZCC,bz2r_res\baked\Worlds\Core\Props\Textures\cbextf00.dds,BC3_UNORM_SRGB,DX10,1024,1024,11
BZCC,bz2r_res\baked\Worlds\Core\Props\Textures\cbextf00_e.dds,BC3_UNORM_SRGB,DX10,1024,1024,11
BZCC,bz2r_res\baked\Worlds\Core\Props\Textures\cbextf01.dds,BC3_UNORM_SRGB,DX10,1024,1024,11
BZCC,bz2r_res\baked\Worlds\Core\Props\Textures\cbextf01_e.dds,BC3_UNORM_SRGB,DX10,1024,1024,11
BZCC,bz2r_res\baked\Worlds\Core\Props\Textures\cbextf02_s.dds,BC3_UNORM_SRGB,DX10,2048,2048,12
BZCC,bz2r_res\baked\Worlds\Core\Props\Textures\cbextf03_s.dds,BC3_UNORM_SRGB,DX10,2048,2048,12
BZCC,bz2r_res\baked\Worlds\Core\Props\Textures\cbextf05_s.dds,BC3_UNORM_SRGB,DX10,2048,2048,12
BZCC,bz2r_res\baked\Worlds\Core\Props\Textures\cbextf10_s.dds,BC3_UNORM_SRGB,DX10,2048,2048,12
BZCC,bz2r_res\baked\Worlds\Core\Props\Textures\cbextw01_s.dds,BC3_UNORM_SRGB,DX10,2048,2048,12
BZCC,bz2r_res\baked\Worlds\Core\Props\Textures\cbextw02_s.dds,BC3_UNORM_SRGB,DX10,2048,2048,12
BZCC,bz2r_res\baked\Worlds\Core\Props\Textures\cbextw03_s.dds,BC3_UNORM_SRGB,DX10,1024,1024,11
BZCC,bz2r_res\baked\Worlds\Core\Props\Textures\cbextw04_s.dds,BC3_UNORM_SRGB,DX10,2048,2048,12
BZCC,bz2r_res\baked\Worlds\Core\Props\Textures\cbextw05_s.dds,BC3_UNORM_SRGB,DX10,2048,2048,12
BZCC,bz2r_res\baked\Worlds\Core\Props\Textures\cbextw06_s.dds,BC3_UNORM_SRGB,DX10,1024,1024,11
BZCC,bz2r_res\baked\Worlds\Core\Props\Textures\cbextw07_s.dds,BC3_UNORM_SRGB,DX10,2048,2048,12
BZCC,bz2r_res\baked\Worlds\Core\Props\Textures\cbextw10_s.dds,BC3_UNORM_SRGB,DX10,2048,2048,12
BZCC,bz2r_res\baked\Worlds\Core\Props\Textures\cbextw12_s.dds,BC3_UNORM_SRGB,DX10,2048,2048,12
BZCC,bz2r_res\baked\Worlds\Core\Props\Textures\cbextw13_s.dds,BC3_UNORM_SRGB,DX10,2048,2048,12
BZCC,bz2r_res\baked\Worlds\Core\Props\Textures\cc111100.dds,BC3_UNORM_SRGB,DX10,1024,1024,11
BZCC,bz2r_res\baked\Worlds\Core\Props\Textures\cc111100_c.dds,BC3_UNORM_SRGB,DX10,1024,1024,11
BZCC,bz2r_res\baked\Worlds\Core\Props\Textures\cc111100_e.dds,BC3_UNORM_SRGB,DX10,1024,1024,11
BZCC,bz2r_res\baked\Worlds\Core\Props\Textures\cc111100_s.dds,BC3_UNORM_SRGB,DX10,1024,1024,11
BZCC,bz2r_res\baked\Worlds\Core\Props\Textures\cc111101_s.dds,BC3_UNORM_SRGB,DX10,1024,1024,11
BZCC,bz2r_res\baked\Worlds\Core\Props\Textures\cvseek00_e.dds,BC3_UNORM_SRGB,DX10,1024,1024,11
BZCC,bz2r_res\baked\Worlds\Core\Props\Textures\cvseek01_e.dds,BC3_UNORM_SRGB,DX10,1024,1024,11
BZCC,bz2r_res\baked\Worlds\Dark\Props\Textures\dbcyan00.dds,BC3_UNORM_SRGB,DX10,512,512,10
BZCC,bz2r_res\baked\Worlds\Dark\Props\Textures\dbworm00_e.dds,BC3_UNORM_SRGB,DX10,1024,1024,11
BZCC,bz2r_res\baked\Worlds\Dark\Props\Textures\dbworm01_e.dds,BC3_UNORM_SRGB,DX10,1024,1024,11
BZCC,bz2r_res\baked\Worlds\Dark\dark10_s.dds,BC3_UNORM_SRGB,DX10,2048,2048,12
BZCC,bz2r_res\baked\Worlds\Dark\dark2_s.dds,BC3_UNORM_SRGB,DX10,2048,2048,12
BZCC,bz2r_res\baked\Worlds\Dark\dark3_s.dds,BC3_UNORM_SRGB,DX10,2048,2048,12
BZCC,bz2r_res\baked\Worlds\Dark\dark4_s.dds,BC3_UNORM_SRGB,DX10,2048,2048,12
BZCC,bz2r_res\baked\Worlds\Dark\dark5_s.dds,BC3_UNORM_SRGB,DX10,2048,2048,12
BZCC,bz2r_res\baked\Worlds\Dark\dark6_s.dds,BC3_UNORM_SRGB,DX10,2048,2048,12
BZCC,bz2r_res\baked\Worlds\Dark\dark7_s.dds,BC3_UNORM_SRGB,DX10,2048,2048,12
BZCC,bz2r_res\baked\Worlds\Dark\dark8_s.dds,BC3_UNORM_SRGB,DX10,2048,2048,12
BZCC,bz2r_res\baked\Worlds\Dark\dark9_s.dds,BC3_UNORM_SRGB,DX10,2048,2048,12
BZCC,bz2r_res\baked\Worlds\Dark\dark_s.dds,BC3_UNORM_SRGB,DX10,2048,2048,12
BZCC,bz2r_res\baked\Worlds\Dune\Dune1_s.dds,BC3_UNORM_SRGB,DX10,2048,2048,12
BZCC,bz2r_res\baked\Worlds\Dune\Dune2_s.dds,BC3_UNORM_SRGB,DX10,2048,2048,12
BZCC,bz2r_res\baked\Worlds\Dune\Dune3_s.dds,BC3_UNORM_SRGB,DX10,2048,2048,12
BZCC,bz2r_res\baked\Worlds\Dune\Dune5_s.dds,BC3_UNORM_SRGB,DX10,2048,2048,12
BZCC,bz2r_res\baked\Worlds\Dune\Dune6_s.dds,BC3_UNORM_SRGB,DX10,2048,2048,12
BZCC,bz2r_res\baked\Worlds\Dune\Dune8_s.dds,BC3_UNORM_SRGB,DX10,2048,2048,12
BZCC,bz2r_res\baked\Worlds\Dune\Dune9_s.dds,BC3_UNORM_SRGB,DX10,2048,2048,12
BZCC,bz2r_res\baked\Worlds\Dune\Sky\Dunemoon.dds,BC3_UNORM_SRGB,DX10,1024,1024,11
BZCC,bz2r_res\baked\Worlds\Dune\Sky\Dunemoonfull.dds,BC3_UNORM_SRGB,DX10,1024,1024,11
BZCC,bz2r_res\baked\Worlds\Dune\Sky\White_Clouds.dds,BC3_UNORM_SRGB,DX10,2048,2048,12
BZCC,bz2r_res\baked\Worlds\Dune\dune4_s.dds,BC3_UNORM_SRGB,DX10,2048,2048,12
BZCC,bz2r_res\baked\Worlds\EarthCity\Props\Textures\side07_s.dds,BC3_UNORM_SRGB,DX10,1024,1024,11
BZCC,bz2r_res\baked\Worlds\EarthCity\Props\Textures\side09_s.dds,BC3_UNORM_SRGB,DX10,1024,1024,11
BZCC,bz2r_res\baked\Worlds\EarthCity\Props\Textures\side10_s.dds,BC3_UNORM_SRGB,DX10,1024,1024,11
BZCC,bz2r_res\baked\Worlds\EarthCity\Props\Textures\side12_s.dds,BC3_UNORM_SRGB,DX10,1024,1024,11
BZCC,bz2r_res\baked\Worlds\EarthCity\Props\Textures\side13_s.dds,BC3_UNORM_SRGB,DX10,1024,1024,11
BZCC,bz2r_res\baked\Worlds\EarthCity\Props\Textures\slight_e.dds,BC3_UNORM_SRGB,DX10,512,512,10
BZCC,bz2r_res\baked\Worlds\EarthCity\Sidewalks\swcor01_s.dds,BC3_UNORM_SRGB,DX10,2048,2048,12
BZCC,bz2r_res\baked\Worlds\EarthCity\Sidewalks\swseg01_s.dds,BC3_UNORM_SRGB,DX10,2048,2048,12
BZCC,bz2r_res\baked\Worlds\EarthCity\Sidewalks\swsid01_s.dds,BC3_UNORM_SRGB,DX10,2048,2048,12
BZCC,bz2r_res\baked\Worlds\EarthCity\Street_4_s.dds,BC3_UNORM_SRGB,DX10,2048,2048,12
BZCC,bz2r_res\baked\Worlds\EarthCity\grass_s.dds,BC3_UNORM_SRGB,DX10,2048,2048,12
BZCC,bz2r_res\baked\Worlds\EarthCity\street_1_s.dds,BC3_UNORM_SRGB,DX10,2048,2048,12
BZCC,bz2r_res\baked\Worlds\EarthCity\street_2_s.dds,BC3_UNORM_SRGB,DX10,2048,2048,12
BZCC,bz2r_res\baked\Worlds\EarthCity\street_3_s.dds,BC3_UNORM_SRGB,DX10,2048,2048,12
BZCC,bz2r_res\baked\Worlds\EarthCity\street_5_s.dds,BC3_UNORM_SRGB,DX10,2048,2048,12
BZCC,bz2r_res\baked\Worlds\EarthCity\street_6_s.dds,BC3_UNORM_SRGB,DX10,2048,2048,12
BZCC,bz2r_res\baked\Worlds\Mars\Sky\Phobos.dds,BC3_UNORM_SRGB,DX10,512,512,10
BZCC,bz2r_res\baked\Worlds\Mars\Sky\deimos.dds,BC3_UNORM_SRGB,DX10,256,256,9
BZCC,bz2r_res\baked\Worlds\Mars\mars1_s.dds,BC3_UNORM_SRGB,DX10,2048,2048,12
BZCC,bz2r_res\baked\Worlds\Mars\mars2_s.dds,BC3_UNORM_SRGB,DX10,2048,2048,12
BZCC,bz2r_res\baked\Worlds\Mars\mars5_s.dds,BC3_UNORM_SRGB,DX10,2048,2048,12
BZCC,bz2r_res\baked\Worlds\Mars\mars6_s.dds,BC3_UNORM_SRGB,DX10,2048,2048,12
BZCC,bz2r_res\baked\Worlds\Mars\mars7_s.dds,BC3_UNORM_SRGB,DX10,2048,2048,12
BZCC,bz2r_res\baked\Worlds\Metal\Metal13_s.dds,BC3_UNORM_SRGB,DX10,2048,2048,12
BZCC,bz2r_res\baked\Worlds\Metal\Metal2_s.dds,BC3_UNORM_SRGB,DX10,2048,2048,12
BZCC,bz2r_res\baked\Worlds\Metal\Metal3_s.dds,BC3_UNORM_SRGB,DX10,2048,2048,12
BZCC,bz2r_res\baked\Worlds\Metal\Metal4_s.dds,BC3_UNORM_SRGB,DX10,2048,2048,12
BZCC,bz2r_res\baked\Worlds\Metal\metal10_s.dds,BC3_UNORM_SRGB,DX10,2048,2048,12
BZCC,bz2r_res\baked\Worlds\Metal\metal11_s.dds,BC3_UNORM_SRGB,DX10,2048,2048,12
BZCC,bz2r_res\baked\Worlds\Metal\metal12_s.dds,BC3_UNORM_SRGB,DX10,2048,2048,12
BZCC,bz2r_res\baked\Worlds\Metal\metal5_s.dds,BC3_UNORM_SRGB,DX10,2048,2048,12
BZCC,bz2r_res\baked\Worlds\Metal\metal6_s.dds,BC3_UNORM_SRGB,DX10,2048,2048,12
BZCC,bz2r_res\baked\Worlds\Metal\metal7_s.dds,BC3_UNORM_SRGB,DX10,2048,2048,12
BZCC,bz2r_res\baked\Worlds\Metal\metal8_s.dds,BC3_UNORM_SRGB,DX10,2048,2048,12
BZCC,bz2r_res\baked\Worlds\Metal\metal9_s.dds,BC3_UNORM_SRGB,DX10,2048,2048,12
BZCC,bz2r_res\baked\Worlds\Metal\metal_s.dds,BC3_UNORM_SRGB,DX10,2048,2048,12
BZCC,bz2r_res\baked\Worlds\Mire\Creatures\Textures\jak_S.dds,BC3_UNORM_SRGB,DX10,2048,2048,12
BZCC,bz2r_res\baked\Worlds\Mire\Props\Textures\FoliageAtlas_Mire_s.dds,BC3_UNORM_SRGB,DX10,4096,4096,13
BZCC,bz2r_res\baked\Worlds\Mire\Props\Textures\gook.dds,BC3_UNORM_SRGB,DX10,256,256,9
BZCC,bz2r_res\baked\Worlds\Mire\Props\Textures\gook2.dds,BC3_UNORM_SRGB,DX10,256,256,9
BZCC,bz2r_res\baked\Worlds\Mire\Props\Textures\mbextc00_s.dds,BC3_UNORM_SRGB,DX10,512,512,10
BZCC,bz2r_res\baked\Worlds\Mire\Props\Textures\mbextw00_s.dds,BC3_UNORM_SRGB,DX10,1024,1024,11
BZCC,bz2r_res\baked\Worlds\Mire\Props\Textures\mbextw01_s.dds,BC3_UNORM_SRGB,DX10,1024,1024,11
BZCC,bz2r_res\baked\Worlds\Mire\Props\Textures\mbextw02_s.dds,BC3_UNORM_SRGB,DX10,1024,1024,11
BZCC,bz2r_res\baked\Worlds\Mire\Props\Textures\mbextw04_s.dds,BC3_UNORM_SRGB,DX10,1024,1024,11
BZCC,bz2r_res\baked\Worlds\Mire\Props\Textures\mbextw05_s.dds,BC3_UNORM_SRGB,DX10,512,512,10
BZCC,bz2r_res\baked\Worlds\Mire\Props\Textures\mbextw06_s.dds,BC3_UNORM_SRGB,DX10,512,512,10
BZCC,bz2r_res\baked\Worlds\Mire\Props\Textures\mbextw07_s.dds,BC3_UNORM_SRGB,DX10,512,512,10
BZCC,bz2r_res\baked\Worlds\Mire\Props\Textures\mbextw08_s.dds,BC3_UNORM_SRGB,DX10,512,512,10
BZCC,bz2r_res\baked\Worlds\Mire\Props\Textures\mbintc00_s.dds,BC3_UNORM_SRGB,DX10,512,512,10
BZCC,bz2r_res\baked\Worlds\Mire\Props\Textures\mbintf00_s.dds,BC3_UNORM_SRGB,DX10,1024,1024,11
BZCC,bz2r_res\baked\Worlds\Mire\Props\Textures\mbintw00_s.dds,BC3_UNORM_SRGB,DX10,1024,1024,11
BZCC,bz2r_res\baked\Worlds\Mire\Props\Textures\mbstair00_s.dds,BC3_UNORM_SRGB,DX10,512,512,10
BZCC,bz2r_res\baked\Worlds\Mire\Props\Textures\mopuff01_s.dds,BC3_UNORM_SRGB,DX10,512,512,10
BZCC,bz2r_res\baked\Worlds\Mire\Props\Textures\moshrm01_s.dds,BC3_UNORM_SRGB,DX10,1024,1024,11
BZCC,bz2r_res\baked\Worlds\Mire\Props\Textures\motrnk01_s.dds,BC3_UNORM_SRGB,DX10,1024,1024,11
BZCC,bz2r_res\baked\Worlds\Mire\Props\Textures\palmbrk_s.dds,BC3_UNORM_SRGB,DX10,1024,1024,11
BZCC,bz2r_res\baked\Worlds\Mire\Sky\MireSClouds.dds,BC3_UNORM_SRGB,DX10,1024,1024,11
BZCC,bz2r_res\baked\Worlds\Mire\Sky\Miremoon2.dds,BC3_UNORM_SRGB,DX10,1024,1024,11
BZCC,bz2r_res\baked\Worlds\Mire\mbextf02_s.dds,BC3_UNORM_SRGB,DX10,2048,2048,12
BZCC,bz2r_res\baked\Worlds\Mire\mire2_s.dds,BC3_UNORM_SRGB,DX10,2048,2048,12
BZCC,bz2r_res\baked\Worlds\Mire\mire3_s.dds,BC3_UNORM_SRGB,DX10,2048,2048,12
BZCC,bz2r_res\baked\Worlds\Mire\mire4_s.dds,BC3_UNORM_SRGB,DX10,2048,2048,12
BZCC,bz2r_res\baked\Worlds\Mire\mire5_s.dds,BC3_UNORM_SRGB,DX10,2048,2048,12
BZCC,bz2r_res\baked\Worlds\Mire\mire6_s.dds,BC3_UNORM_SRGB,DX10,2048,2048,12
BZCC,bz2r_res\baked\Worlds\Mire\mire7_s.dds,BC3_UNORM_SRGB,DX10,2048,2048,12
BZCC,bz2r_res\baked\Worlds\Mire\mire_s.dds,BC3_UNORM_SRGB,DX10,2048,2048,12
BZCC,bz2r_res\baked\Worlds\Pluto\Props\Textures\pbdebr00_s.dds,BC3_UNORM_SRGB,DX10,512,512,10
BZCC,bz2r_res\baked\Worlds\Pluto\Props\Textures\pbdebr01.dds,BC3_UNORM_SRGB,DX10,1024,1024,11
BZCC,bz2r_res\baked\Worlds\Pluto\Props\Textures\pbext03_s.dds,BC3_UNORM_SRGB,DX10,1024,1024,11
BZCC,bz2r_res\baked\Worlds\Pluto\Props\Textures\pbext05_s.dds,BC3_UNORM_SRGB,DX10,1024,1024,11
BZCC,bz2r_res\baked\Worlds\Pluto\Props\Textures\pbextc00_s.dds,BC3_UNORM_SRGB,DX10,1024,1024,11
BZCC,bz2r_res\baked\Worlds\Pluto\Props\Textures\pbextf00_s.dds,BC3_UNORM_SRGB,DX10,512,512,10
BZCC,bz2r_res\baked\Worlds\Pluto\Props\Textures\pbexto01_s.dds,BC3_UNORM_SRGB,DX10,1024,1024,11
BZCC,bz2r_res\baked\Worlds\Pluto\Props\Textures\pbexto03_e.dds,BC3_UNORM_SRGB,DX10,1024,1024,11
BZCC,bz2r_res\baked\Worlds\Pluto\Props\Textures\pbexto03_s.dds,BC3_UNORM_SRGB,DX10,1024,1024,11
BZCC,bz2r_res\baked\Worlds\Pluto\Props\Textures\pbextw00_s.dds,BC3_UNORM_SRGB,DX10,1024,1024,11
BZCC,bz2r_res\baked\Worlds\Pluto\Props\Textures\pbextw01_s.dds,BC3_UNORM_SRGB,DX10,1024,1024,11
BZCC,bz2r_res\baked\Worlds\Pluto\Props\Textures\pbextw03_s.dds,BC3_UNORM_SRGB,DX10,1024,1024,11
BZCC,bz2r_res\baked\Worlds\Pluto\Props\Textures\pbextw04_s.dds,BC3_UNORM_SRGB,DX10,1024,1024,11
BZCC,bz2r_res\baked\Worlds\Pluto\Props\Textures\pbintc00_e.dds,BC3_UNORM_SRGB,DX10,1024,1024,11
BZCC,bz2r_res\baked\Worlds\Pluto\Props\Textures\pbintc00_s.dds,BC3_UNORM_SRGB,DX10,1024,1024,11
BZCC,bz2r_res\baked\Worlds\Pluto\Props\Textures\pbintc01_s.dds,BC3_UNORM_SRGB,DX10,1024,1024,11
BZCC,bz2r_res\baked\Worlds\Pluto\Props\Textures\pbintc02_s.dds,BC3_UNORM_SRGB,DX10,1024,1024,11
BZCC,bz2r_res\baked\Worlds\Pluto\Props\Textures\pbintc03_e.dds,BC3_UNORM_SRGB,DX10,1024,1024,11
BZCC,bz2r_res\baked\Worlds\Pluto\Props\Textures\pbintc03_s.dds,BC3_UNORM_SRGB,DX10,1024,1024,11
BZCC,bz2r_res\baked\Worlds\Pluto\Props\Textures\pbintf00_e.dds,BC3_UNORM_SRGB,DX10,1024,1024,11
BZCC,bz2r_res\baked\Worlds\Pluto\Props\Textures\pbintf00_s.dds,BC3_UNORM_SRGB,DX10,1024,1024,11
BZCC,bz2r_res\baked\Worlds\Pluto\Props\Textures\pbintf01_s.dds,BC3_UNORM_SRGB,DX10,1024,1024,11
BZCC,bz2r_res\baked\Worlds\Pluto\Props\Textures\pbintf02_s.dds,BC3_UNORM_SRGB,DX10,1024,1024,11
BZCC,bz2r_res\baked\Worlds\Pluto\Props\Textures\pbintf03_e.dds,BC3_UNORM_SRGB,DX10,1024,1024,11
BZCC,bz2r_res\baked\Worlds\Pluto\Props\Textures\pbintf03_s.dds,BC3_UNORM_SRGB,DX10,1024,1024,11
BZCC,bz2r_res\baked\Worlds\Pluto\Props\Textures\pbintw00_e.dds,BC3_UNORM_SRGB,DX10,1024,1024,11
BZCC,bz2r_res\baked\Worlds\Pluto\Props\Textures\pbintw00_s.dds,BC3_UNORM_SRGB,DX10,1024,1024,11
BZCC,bz2r_res\baked\Worlds\Pluto\Props\Textures\pbintw01_e.dds,BC3_UNORM_SRGB,DX10,1024,1024,11
BZCC,bz2r_res\baked\Worlds\Pluto\Props\Textures\pbintw01_s.dds,BC3_UNORM_SRGB,DX10,1024,1024,11
BZCC,bz2r_res\baked\Worlds\Pluto\Props\Textures\pbintw02_S.dds,BC3_UNORM_SRGB,DX10,1024,1024,11
BZCC,bz2r_res\baked\Worlds\Pluto\Props\Textures\pbintw03_s.dds,BC3_UNORM_SRGB,DX10,512,512,10
BZCC,bz2r_res\baked\Worlds\Pluto\Props\Textures\pbintw04_s.dds,BC3_UNORM_SRGB,DX10,1024,1024,11
BZCC,bz2r_res\baked\Worlds\Pluto\Props\Textures\pbintw05_s.dds,BC3_UNORM_SRGB,DX10,1024,1024,11
BZCC,bz2r_res\baked\Worlds\Pluto\Props\Textures\pboutf00_s.dds,BC3_UNORM_SRGB,DX10,512,512,10
BZCC,bz2r_res\baked\Worlds\Pluto\Props\Textures\pbwtow00_e.dds,BC3_UNORM_SRGB,DX10,1024,1024,11
BZCC,bz2r_res\baked\Worlds\Pluto\Props\Textures\pbwtow00_s.dds,BC3_UNORM_SRGB,DX10,1024,1024,11
BZCC,bz2r_res\baked\Worlds\Pluto\Props\Textures\tread0x_s.dds,BC3_UNORM_SRGB,DX10,1024,1024,11
BZCC,bz2r_res\baked\Worlds\Pluto\Sky\pscharon.dds,BC3_UNORM_SRGB,DX10,2048,2048,12
BZCC,bz2r_res\baked\Worlds\Pluto\ibfoun00_s.dds,BC3_UNORM_SRGB,DX10,2048,2048,12
BZCC,bz2r_res\baked\Worlds\Pluto\ibfoun01_s.dds,BC3_UNORM_SRGB,DX10,2048,2048,12
BZCC,bz2r_res\baked\Worlds\Pluto\pluto2_s.dds,BC3_UNORM_SRGB,DX10,2048,2048,12
BZCC,bz2r_res\baked\Worlds\Pluto\pluto3_s.dds,BC3_UNORM_SRGB,DX10,2048,2048,12
BZCC,bz2r_res\baked\Worlds\Pluto\pluto4_s.dds,BC3_UNORM_SRGB,DX10,2048,2048,12
BZCC,bz2r_res\baked\Worlds\Pluto\pluto5_s.dds,BC3_UNORM_SRGB,DX10,2048,2048,12
BZCC,bz2r_res\baked\Worlds\Pluto\pluto6_s.dds,BC3_UNORM_SRGB,DX10,2048,2048,12
BZCC,bz2r_res\baked\Worlds\Pluto\pluto7_s.dds,BC3_UNORM_SRGB,DX10,2048,2048,12
BZCC,bz2r_res\baked\Worlds\Pluto\pluto8_s.dds,BC3_UNORM_SRGB,DX10,2048,2048,12
BZCC,bz2r_res\baked\Worlds\Pluto\pluto9_s.dds,BC3_UNORM_SRGB,DX10,2048,2048,12
BZCC,bz2r_res\baked\Worlds\Pluto\pluto_s.dds,BC3_UNORM_SRGB,DX10,2048,2048,12
BZCC,bz2r_res\baked\Worlds\Rend\Props\Textures\rbextf00_s.dds,BC3_UNORM_SRGB,DX10,2048,2048,12
BZCC,bz2r_res\baked\Worlds\Rend\Props\Textures\rbextf01_s.dds,BC3_UNORM_SRGB,DX10,2048,2048,12
BZCC,bz2r_res\baked\Worlds\Rend\Props\Textures\rbextw00_s.dds,BC3_UNORM_SRGB,DX10,2048,2048,12
BZCC,bz2r_res\baked\Worlds\Rend\Props\Textures\rbextw01_s.dds,BC3_UNORM_SRGB,DX10,2048,2048,12
BZCC,bz2r_res\baked\Worlds\Rend\Props\Textures\rbextw02_s.dds,BC3_UNORM_SRGB,DX10,2048,2048,12
BZCC,bz2r_res\baked\Worlds\Rend\Props\Textures\rbextw03_s.dds,BC3_UNORM_SRGB,DX10,2048,2048,12
BZCC,bz2r_res\baked\Worlds\Rend\Props\Textures\rbextw04_s.dds,BC3_UNORM_SRGB,DX10,2048,2048,12
BZCC,bz2r_res\baked\Worlds\Rend\Props\Textures\rbextw05_s.dds,BC3_UNORM_SRGB,DX10,2048,2048,12
BZCC,bz2r_res\baked\Worlds\Rend\Props\Textures\rbextw06_s.dds,BC3_UNORM_SRGB,DX10,2048,2048,12
BZCC,bz2r_res\baked\Worlds\Rend\Props\Textures\ropilr01_s.dds,BC3_UNORM_SRGB,DX10,2048,2048,12
BZCC,bz2r_res\baked\Worlds\Rend\Sky\RendClouds.dds,BC3_UNORM_SRGB,DX10,1024,1024,11
BZCC,bz2r_res\baked\Worlds\Rend\Sky\Rendmoon.dds,BC3_UNORM_SRGB,DX10,1024,1024,11
BZCC,bz2r_res\baked\Worlds\Rend\rend10_s.dds,BC3_UNORM_SRGB,DX10,2048,2048,12
BZCC,bz2r_res\baked\Worlds\Rend\rend2_s.dds,BC3_UNORM_SRGB,DX10,2048,2048,12
BZCC,bz2r_res\baked\Worlds\Rend\rend3_s.dds,BC3_UNORM_SRGB,DX10,2048,2048,12
BZCC,bz2r_res\baked\Worlds\Rend\rend4_s.dds,BC3_UNORM_SRGB,DX10,2048,2048,12
BZCC,bz2r_res\baked\Worlds\Rend\rend5_s.dds,BC3_UNORM_SRGB,DX10,2048,2048,12
BZCC,bz2r_res\baked\Worlds\Rend\rend6_s.dds,BC3_UNORM_SRGB,DX10,2048,2048,12
BZCC,bz2r_res\baked\Worlds\Rend\rend7_s.dds,BC3_UNORM_SRGB,DX10,2048,2048,12
BZCC,bz2r_res\baked\Worlds\Rend\rend8_s.dds,BC3_UNORM_SRGB,DX10,2048,2048,12
BZCC,bz2r_res\baked\Worlds\Rend\rend9_s.dds,BC3_UNORM_SRGB,DX10,2048,2048,12
BZCC,bz2r_res\baked\Worlds\Rend\rend_s.dds,BC3_UNORM_SRGB,DX10,2048,2048,12
BZCC,bz2r_res\baked\Worlds\Textures\Planet_Preview_txtr\bane_cloud.dds,BC3_UNORM_SRGB,DX10,4096,2048,13
BZCC,bz2r_res\baked\Worlds\Textures\Planet_Preview_txtr\core_cloud.dds,BC3_UNORM_SRGB,DX10,4096,2048,13
BZCC,bz2r_res\baked\Worlds\Textures\Planet_Preview_txtr\core_lighshaft.dds,BC3_UNORM_SRGB,DX10,512,64,10
BZCC,bz2r_res\baked\Worlds\Textures\Planet_Preview_txtr\dark_cloud.dds,BC3_UNORM_SRGB,DX10,4096,2048,13
BZCC,bz2r_res\baked\Worlds\Textures\Planet_Preview_txtr\dark_ring1.dds,BC3_UNORM_SRGB,DX10,1024,1024,11
BZCC,bz2r_res\baked\Worlds\Textures\Planet_Preview_txtr\mire_cloud.dds,BC3_UNORM_SRGB,DX10,4096,2048,13
BZCC,bz2r_res\baked\Worlds\Textures\Planet_Preview_txtr\rend_cloud.dds,BC3_UNORM_SRGB,DX10,4096,2048,13
BZCC,bz2r_res\baked\Worlds\Textures\Water\water256_s.dds,BC3_UNORM_SRGB,DX10,512,512,10
BZCC,bz2r_res\baked\Worlds\Textures\earth.dds,BC3_UNORM_SRGB,DX10,256,256,9
BZCC,bz2r_res\baked\Worlds\Textures\snowflake.dds,BC3_UNORM_SRGB,DX10,128,128,8
BZCC,bz2r_res\baked\Worlds\Titan\Sky\Saturn.dds,BC3_UNORM_SRGB,DX10,1024,1024,11
BZCC,bz2r_res\baked\Worlds\Titan\Titan2_s.dds,BC3_UNORM_SRGB,DX10,2048,2048,12
BZCC,bz2r_res\baked\Worlds\Titan\Titan3_s.dds,BC3_UNORM_SRGB,DX10,2048,2048,12
BZCC,bz2r_res\baked\Worlds\Titan\Titan4_s.dds,BC3_UNORM_SRGB,DX10,2048,2048,12
BZCC,bz2r_res\baked\Worlds\Titan\Titan_s.dds,BC3_UNORM_SRGB,DX10,2048,2048,12
BZCC,bz2r_res\baked\Worlds\Toxic\Sky\toxic_clouds.dds,BC3_UNORM_SRGB,DX10,2048,2048,12
BZCC,bz2r_res\baked\Worlds\Toxic\toxic_2_s.dds,BC3_UNORM_SRGB,DX10,2048,2048,12
BZCC,bz2r_res\baked\Worlds\Toxic\toxic_3_s.dds,BC3_UNORM_SRGB,DX10,2048,2048,12
BZCC,bz2r_res\baked\Worlds\Toxic\toxic_4_s.dds,BC3_UNORM_SRGB,DX10,2048,2048,12
BZCC,bz2r_res\baked\Worlds\Toxic\toxic_5_s.dds,BC3_UNORM_SRGB,DX10,2048,2048,12
BZCC,bz2r_res\baked\Worlds\Toxic\toxic_7_s.dds,BC3_UNORM_SRGB,DX10,2048,2048,12
BZCC,bz2r_res\baked\Worlds\Toxic\toxic_8_s.dds,BC3_UNORM_SRGB,DX10,2048,2048,12
BZCC,bz2r_res\baked\Worlds\Toxic\toxic_9_s.dds,BC3_UNORM_SRGB,DX10,2048,2048,12
BZCC,bz2r_res\baked\Worlds\Tunnels\Tunnel_0_s.dds,BC3_UNORM_SRGB,DX10,2048,2048,12
BZCC,bz2r_res\baked\Worlds\Tunnels\Tunnel_1_s.dds,BC3_UNORM_SRGB,DX10,2048,2048,12
BZCC,bz2r_res\baked\Worlds\Tunnels\Tunnel_2_s.dds,BC3_UNORM_SRGB,DX10,2048,2048,12
BZCC,bz2r_res\baked\Worlds\Tunnels\Tunnel_3_s.dds,BC3_UNORM_SRGB,DX10,2048,2048,12
BZCC,bz2r_res\baked\Worlds\Tunnels\Tunnel_4_s.dds,BC3_UNORM_SRGB,DX10,2048,2048,12
BZCC,bz2r_res\baked\Worlds\Tunnels\Tunnel_5_s.dds,BC3_UNORM_SRGB,DX10,2048,2048,12
BZCC,bz2r_res\baked\Worlds\Tunnels\Tunnel_6_s.dds,BC3_UNORM_SRGB,DX10,2048,2048,12
BZCC,bz2r_res\baked\Worlds\Tunnels\Tunnel_7_s.dds,BC3_UNORM_SRGB,DX10,2048,2048,12
BZCC,bz2r_res\baked\Worlds\Tunnels\Tunnel_8_s.dds,BC3_UNORM_SRGB,DX10,2048,2048,12
BZCC,bz2r_res\baked\Worlds\Wasteland\wasteland1_s.dds,BC3_UNORM_SRGB,DX10,2048,2048,12
BZCC,bz2r_res\baked\Worlds\Wasteland\wasteland2_s.dds,BC3_UNORM_SRGB,DX10,2048,2048,12
BZCC,bz2r_res\baked\Worlds\Wasteland\wasteland3_s.dds,BC3_UNORM_SRGB,DX10,2048,2048,12
BZCC,bz2r_res\baked\Worlds\Wasteland\wasteland4_s.dds,BC3_UNORM_SRGB,DX10,2048,2048,12
BZCC,bz2r_res\baked\Worlds\Wasteland\wasteland5_s.dds,BC3_UNORM_SRGB,DX10,2048,2048,12
BZCC,bz2r_res\baked\Worlds\Wasteland\wasteland6_s.dds,BC3_UNORM_SRGB,DX10,2048,2048,12
BZCC,bz2r_res\baked\Common\FlagsStandards\Textures\foflag01_n.dds,FOURCC_BC5S,FourCC,512,512,10
BZCC,bz2r_res\baked\Common\Textures\apcamr01_n.dds,FOURCC_BC5S,FourCC,1024,1024,11
BZCC,bz2r_res\baked\Common\Textures\cbdata01_n.dds,FOURCC_BC5S,FourCC,1024,1024,11
BZCC,bz2r_res\baked\Common\Textures\default_f.dds,FOURCC_BC5S,FourCC,4,4,3
BZCC,bz2r_res\baked\Common\Textures\default_n.dds,FOURCC_BC5S,FourCC,4,4,3
BZCC,bz2r_res\baked\ISDF\Pilot\Textures\ispilo00_n.dds,FOURCC_BC5S,FourCC,2048,2048,12
BZCC,bz2r_res\baked\ISDF\Weapons\Textures\appod00_n.dds,FOURCC_BC5S,FourCC,1024,1024,11
BZCC,bz2r_res\baked\ISDF\Weapons\Textures\iordnance00_n.dds,FOURCC_BC5S,FourCC,256,256,9
BZCC,bz2r_res\baked\ISDF\Weapons\Textures\iwbazo00_n.dds,FOURCC_BC5S,FourCC,2048,2048,12
BZCC,bz2r_res\baked\ISDF\Weapons\Textures\iwrifl00_n.dds,FOURCC_BC5S,FourCC,2048,2048,12
BZCC,bz2r_res\baked\ISDF\Weapons\Textures\iwsatc00_n.dds,FOURCC_BC5S,FourCC,1024,1024,11
BZCC,bz2r_res\baked\ISDF\buildings\textures\ibbomb00_n.dds,FOURCC_BC5S,FourCC,2048,2048,12
BZCC,bz2r_res\baked\ISDF\buildings\textures\ibbrdg00_n.dds,FOURCC_BC5S,FourCC,1024,1024,11
BZCC,bz2r_res\baked\ISDF\buildings\textures\ibbrdg01_n.dds,FOURCC_BC5S,FourCC,1024,1024,11
BZCC,bz2r_res\baked\ISDF\buildings\textures\ibextf00_n.dds,FOURCC_BC5S,FourCC,2048,2048,12
BZCC,bz2r_res\baked\ISDF\buildings\textures\ibextf01_n.dds,FOURCC_BC5S,FourCC,2048,2048,12
BZCC,bz2r_res\baked\ISDF\buildings\textures\ibextf03_n.dds,FOURCC_BC5S,FourCC,2048,2048,12
BZCC,bz2r_res\baked\ISDF\buildings\textures\ibexts00_n.dds,FOURCC_BC5S,FourCC,2048,2048,12
BZCC,bz2r_res\baked\ISDF\buildings\textures\ibextw01_n.dds,FOURCC_BC5S,FourCC,2048,2048,12
BZCC,bz2r_res\baked\ISDF\buildings\textures\ibextw02_n.dds,FOURCC_BC5S,FourCC,1024,1024,11
BZCC,bz2r_res\baked\ISDF\buildings\textures\ibfact00_n.dds,FOURCC_BC5S,FourCC,2048,2048,12
BZCC,bz2r_res\baked\ISDF\buildings\textures\ibgtow00_n.dds,FOURCC_BC5S,FourCC,2048,2048,12
BZCC,bz2r_res\baked\ISDF\buildings\textures\ibgtow01_n.dds,FOURCC_BC5S,FourCC,2048,2048,12
BZCC,bz2r_res\baked\ISDF\buildings\textures\ibhex00_n.dds,FOURCC_BC5S,FourCC,1024,1024,11
BZCC,bz2r_res\baked\ISDF\buildings\textures\ibintc00_n.dds,FOURCC_BC5S,FourCC,1024,1024,11
BZCC,bz2r_res\baked\ISDF\buildings\textures\ibintf00_n.dds,FOURCC_BC5S,FourCC,1024,1024,11
BZCC,bz2r_res\baked\ISDF\buildings\textures\ibintw00_n.dds,FOURCC_BC5S,FourCC,1024,1024,11
BZCC,bz2r_res\baked\ISDF\buildings\textures\ibintw01_n.dds,FOURCC_BC5S,FourCC,1024,1024,11
BZCC,bz2r_res\baked\ISDF\buildings\textures\ibisdf00_n.dds,FOURCC_BC5S,FourCC,1024,1024,11
BZCC,bz2r_res\baked\ISDF\buildings\textures\ibisdf01_n.dds,FOURCC_BC5S,FourCC,1024,1024,11
BZCC,bz2r_res\baked\ISDF\buildings\textures\ibsbay00_n.dds,FOURCC_BC5S,FourCC,2048,2048,12
BZCC,bz2r_res\baked\ISDF\buildings\textures\ibstair00_n.dds,FOURCC_BC5S,FourCC,512,512,10
BZCC,bz2r_res\baked\ISDF\buildings\textures\ibtech00_n.dds,FOURCC_BC5S,FourCC,2048,2048,12
BZCC,bz2r_res\baked\ISDF\buildings\textures\ibtrain00_n.dds,FOURCC_BC5S,FourCC,2048,2048,12
BZCC,bz2r_res\baked\ISDF\buildings\textures\ioface00_n.dds,FOURCC_BC5S,FourCC,1024,1024,11
BZCC,bz2r_res\baked\ISDF\buildings\textures\ioface01_n.dds,FOURCC_BC5S,FourCC,1024,1024,11
BZCC,bz2r_res\baked\ISDF\buildings\textures\ioface02_n.dds,FOURCC_BC5S,FourCC,1024,1024,11
BZCC,bz2r_res\baked\ISDF\buildings\textures\ioface03_n.dds,FOURCC_BC5S,FourCC,1024,1024,11
BZCC,bz2r_res\baked\ISDF\buildings\textures\ioflag00_n.dds,FOURCC_BC5S,FourCC,1024,1024,11
BZCC,bz2r_res\baked\ISDF\vehicles\textures\iechunks_n.dds,FOURCC_BC5S,FourCC,512,512,10
BZCC,bz2r_res\baked\ISDF\vehicles\textures\ivapc00_n.dds,FOURCC_BC5S,FourCC,2048,2048,12
BZCC,bz2r_res\baked\ISDF\vehicles\textures\ivatank00_n.dds,FOURCC_BC5S,FourCC,2048,2048,12
BZCC,bz2r_res\baked\ISDF\vehicles\textures\ivatank01_n.dds,FOURCC_BC5S,FourCC,1024,1024,11
BZCC,bz2r_res\baked\ISDF\vehicles\textures\ivbomb00_n.dds,FOURCC_BC5S,FourCC,2048,2048,12
BZCC,bz2r_res\baked\ISDF\vehicles\textures\ivcarr00_n.dds,FOURCC_BC5S,FourCC,2048,2048,12
BZCC,bz2r_res\baked\ISDF\vehicles\textures\ivcarr01_n.dds,FOURCC_BC5S,FourCC,2048,2048,12
BZCC,bz2r_res\baked\ISDF\vehicles\textures\ivcarr02_n.dds,FOURCC_BC5S,FourCC,2048,2048,12
BZCC,bz2r_res\baked\ISDF\vehicles\textures\ivcarrx0_n.dds,FOURCC_BC5S,FourCC,2048,2048,12
BZCC,bz2r_res\baked\ISDF\vehicles\textures\ivcarrx1_n.dds,FOURCC_BC5S,FourCC,2048,2048,12
BZCC,bz2r_res\baked\ISDF\vehicles\textures\ivcarrx2_n.dds,FOURCC_BC5S,FourCC,2048,2048,12
BZCC,bz2r_res\baked\ISDF\vehicles\textures\ivcock00_n.dds,FOURCC_BC5S,FourCC,2048,2048,12
BZCC,bz2r_res\baked\ISDF\vehicles\textures\ivcons00_n.dds,FOURCC_BC5S,FourCC,2048,2048,12
BZCC,bz2r_res\baked\ISDF\vehicles\textures\ivdrop00_n.dds,FOURCC_BC5S,FourCC,2048,2048,12
BZCC,bz2r_res\baked\ISDF\vehicles\textures\ivdrop01_n.dds,FOURCC_BC5S,FourCC,2048,2048,12
BZCC,bz2r_res\baked\ISDF\vehicles\textures\ivdrop02_n.dds,FOURCC_BC5S,FourCC,2048,2048,12
BZCC,bz2r_res\baked\ISDF\vehicles\textures\ivdrop03_n.dds,FOURCC_BC5S,FourCC,2048,2048,12
BZCC,bz2r_res\baked\ISDF\vehicles\textures\ivdrop04_n.dds,FOURCC_BC5S,FourCC,2048,2048,12
BZCC,bz2r_res\baked\ISDF\vehicles\textures\ivdrop05_n.dds,FOURCC_BC5S,FourCC,2048,2048,12
BZCC,bz2r_res\baked\ISDF\vehicles\textures\ivdrop06_n.dds,FOURCC_BC5S,FourCC,2048,2048,12
BZCC,bz2r_res\baked\ISDF\vehicles\textures\ivdrop07_n.dds,FOURCC_BC5S,FourCC,2048,2048,12
BZCC,bz2r_res\baked\ISDF\vehicles\textures\ivdrop08_n.dds,FOURCC_BC5S,FourCC,2048,2048,12
BZCC,bz2r_res\baked\ISDF\vehicles\textures\ivmbik00_n.dds,FOURCC_BC5S,FourCC,2048,2048,12
BZCC,bz2r_res\baked\ISDF\vehicles\textures\ivmisl00_n.dds,FOURCC_BC5S,FourCC,2048,2048,12
BZCC,bz2r_res\baked\ISDF\vehicles\textures\ivrckt00_n.dds,FOURCC_BC5S,FourCC,2048,2048,12
BZCC,bz2r_res\baked\ISDF\vehicles\textures\ivrecy00_n.dds,FOURCC_BC5S,FourCC,2048,2048,12
BZCC,bz2r_res\baked\ISDF\vehicles\textures\ivrecy01_n.dds,FOURCC_BC5S,FourCC,2048,2048,12
BZCC,bz2r_res\baked\ISDF\vehicles\textures\ivrecy02_n.dds,FOURCC_BC5S,FourCC,2048,2048,12
BZCC,bz2r_res\baked\ISDF\vehicles\textures\ivrecy03_n.dds,FOURCC_BC5S,FourCC,2048,2048,12
BZCC,bz2r_res\baked\ISDF\vehicles\textures\ivscav00_n.dds,FOURCC_BC5S,FourCC,2048,2048,12
BZCC,bz2r_res\baked\ISDF\vehicles\textures\ivscav01_n.dds,FOURCC_BC5S,FourCC,2048,2048,12
BZCC,bz2r_res\baked\ISDF\vehicles\textures\ivscav02_n.dds,FOURCC_BC5S,FourCC,2048,2048,12
BZCC,bz2r_res\baked\ISDF\vehicles\textures\ivscav03_n.dds,FOURCC_BC5S,FourCC,2048,2048,12
BZCC,bz2r_res\baked\ISDF\vehicles\textures\ivscav04_n.dds,FOURCC_BC5S,FourCC,2048,2048,12
BZCC,bz2r_res\baked\ISDF\vehicles\textures\ivscou00_n.dds,FOURCC_BC5S,FourCC,2048,2048,12
BZCC,bz2r_res\baked\ISDF\vehicles\textures\ivserv00_n.dds,FOURCC_BC5S,FourCC,2048,2048,12
BZCC,bz2r_res\baked\ISDF\vehicles\textures\ivstas00_n.dds,FOURCC_BC5S,FourCC,2048,2048,12
BZCC,bz2r_res\baked\ISDF\vehicles\textures\ivtank00_n.dds,FOURCC_BC5S,FourCC,2048,2048,12
BZCC,bz2r_res\baked\ISDF\vehicles\textures\ivtug00_n.dds,FOURCC_BC5S,FourCC,2048,2048,12
BZCC,bz2r_res\baked\ISDF\vehicles\textures\ivturr00_n.dds,FOURCC_BC5S,FourCC,2048,2048,12
BZCC,bz2r_res\baked\ISDF\vehicles\textures\ivwalk00_n.dds,FOURCC_BC5S,FourCC,2048,2048,12
BZCC,bz2r_res\baked\ISDF\vehicles\textures\tread_n.dds,FOURCC_BC5S,FourCC,1024,1024,11
BZCC,bz2r_res\baked\Scion\Buildings\Textures\fbantenna01_n.dds,FOURCC_BC5S,FourCC,1024,1024,11
BZCC,bz2r_res\baked\Scion\Buildings\Textures\fbextf01_n.dds,FOURCC_BC5S,FourCC,2048,2048,12
BZCC,bz2r_res\baked\Scion\Buildings\Textures\fbextf02_n.dds,FOURCC_BC5S,FourCC,2048,2048,12
BZCC,bz2r_res\baked\Scion\Buildings\Textures\fbextw01_n.dds,FOURCC_BC5S,FourCC,2048,2048,12
BZCC,bz2r_res\baked\Scion\Buildings\Textures\fbextw02_n.dds,FOURCC_BC5S,FourCC,2048,2048,12
BZCC,bz2r_res\baked\Scion\Buildings\Textures\fbextw03_n.dds,FOURCC_BC5S,FourCC,2048,2048,12
BZCC,bz2r_res\baked\Scion\Buildings\Textures\fbextw04_n.dds,FOURCC_BC5S,FourCC,2048,2048,12
BZCC,bz2r_res\baked\Scion\Buildings\Textures\fbextw05_n.dds,FOURCC_BC5S,FourCC,4096,4096,13
BZCC,bz2r_res\baked\Scion\Buildings\Textures\fbintf01_n.dds,FOURCC_BC5S,FourCC,1024,1024,11
BZCC,bz2r_res\baked\Scion\Buildings\Textures\fbtech01_n.dds,FOURCC_BC5S,FourCC,2048,2048,12
BZCC,bz2r_res\baked\Scion\Pilot\Textures\fspilo00_n.dds,FOURCC_BC5S,FourCC,2048,2048,12
BZCC,bz2r_res\baked\Scion\Pilot\Textures\fwbazo01_n.dds,FOURCC_BC5S,FourCC,2048,2048,12
BZCC,bz2r_res\baked\Scion\Pilot\Textures\fwrifl00_n.dds,FOURCC_BC5S,FourCC,2048,2048,12
BZCC,bz2r_res\baked\Scion\Pilot\Textures\fwrifl01_n.dds,FOURCC_BC5S,FourCC,2048,2048,12
BZCC,bz2r_res\baked\Scion\Pilot\Textures\fwsatc00_n.dds,FOURCC_BC5S,FourCC,2048,2048,12
BZCC,bz2r_res\baked\Scion\Vehicles\Textures\fvarch00_n.dds,FOURCC_BC5S,FourCC,2048,2048,12
BZCC,bz2r_res\baked\Scion\Vehicles\Textures\fvatank00_n.dds,FOURCC_BC5S,FourCC,2048,2048,12
BZCC,bz2r_res\baked\Scion\Vehicles\Textures\fvburn00_n.dds,FOURCC_BC5S,FourCC,2048,2048,12
BZCC,bz2r_res\baked\Scion\Vehicles\Textures\fvcock00_n.dds,FOURCC_BC5S,FourCC,2048,2048,12
BZCC,bz2r_res\baked\Scion\Vehicles\Textures\fvconst00_n.dds,FOURCC_BC5S,FourCC,2048,2048,12
BZCC,bz2r_res\baked\Scion\Vehicles\Textures\fvdrop00_n.dds,FOURCC_BC5S,FourCC,4096,4096,13
BZCC,bz2r_res\baked\Scion\Vehicles\Textures\fvrecy00_n.dds,FOURCC_BC5S,FourCC,2048,2048,12
BZCC,bz2r_res\baked\Scion\Vehicles\Textures\fvscav00_n.dds,FOURCC_BC5S,FourCC,2048,2048,12
BZCC,bz2r_res\baked\Scion\Vehicles\Textures\fvscout00_n.dds,FOURCC_BC5S,FourCC,2048,2048,12
BZCC,bz2r_res\baked\Scion\Vehicles\Textures\fvsent00_n.dds,FOURCC_BC5S,FourCC,2048,2048,12
BZCC,bz2r_res\baked\Scion\Vehicles\Textures\fvserv00_n.dds,FOURCC_BC5S,FourCC,2048,2048,12
BZCC,bz2r_res\baked\Scion\Vehicles\Textures\fvtank00_n.dds,FOURCC_BC5S,FourCC,2048,2048,12
BZCC,bz2r_res\baked\Scion\Vehicles\Textures\fvtread_n.dds,FOURCC_BC5S,FourCC,512,512,10
BZCC,bz2r_res\baked\Scion\Vehicles\Textures\fvtug00_n.dds,FOURCC_BC5S,FourCC,2048,2048,12
BZCC,bz2r_res\baked\Scion\Vehicles\Textures\fvturr00_n.dds,FOURCC_BC5S,FourCC,2048,2048,12
BZCC,bz2r_res\baked\Scion\Vehicles\Textures\fvwalk00_n.dds,FOURCC_BC5S,FourCC,2048,2048,12
BZCC,bz2r_res\baked\Worlds\Bane\Creatures\Textures\Rhino_N.dds,FOURCC_BC5S,FourCC,2048,2048,12
BZCC,bz2r_res\baked\Worlds\Bane\Props\Textures\bbextf01_n.dds,FOURCC_BC5S,FourCC,1024,1024,11
BZCC,bz2r_res\baked\Worlds\Bane\Props\Textures\bbextf02_n.dds,FOURCC_BC5S,FourCC,1024,1024,11
BZCC,bz2r_res\baked\Worlds\Bane\Props\Textures\bbextw00_n.dds,FOURCC_BC5S,FourCC,1024,1024,11
BZCC,bz2r_res\baked\Worlds\Bane\Props\Textures\bbextw01_n.dds,FOURCC_BC5S,FourCC,1024,1024,11
BZCC,bz2r_res\baked\Worlds\Bane\Props\Textures\bbintc00_n.dds,FOURCC_BC5S,FourCC,1024,1024,11
BZCC,bz2r_res\baked\Worlds\Bane\Props\Textures\bbintc01_n.dds,FOURCC_BC5S,FourCC,1024,1024,11
BZCC,bz2r_res\baked\Worlds\Bane\Props\Textures\bbintf00_n.dds,FOURCC_BC5S,FourCC,1024,1024,11
BZCC,bz2r_res\baked\Worlds\Bane\Props\Textures\bbintf01_n.dds,FOURCC_BC5S,FourCC,1024,1024,11
BZCC,bz2r_res\baked\Worlds\Bane\Props\Textures\bbintf02_n.dds,FOURCC_BC5S,FourCC,1024,1024,11
BZCC,bz2r_res\baked\Worlds\Bane\Props\Textures\bbintw00_n.dds,FOURCC_BC5S,FourCC,1024,1024,11
BZCC,bz2r_res\baked\Worlds\Bane\Props\Textures\bbintw01_n.dds,FOURCC_BC5S,FourCC,512,512,10
BZCC,bz2r_res\baked\Worlds\Bane\Props\Textures\bbintw02_n.dds,FOURCC_BC5S,FourCC,1024,1024,11
BZCC,bz2r_res\baked\Worlds\Bane\Props\Textures\bbintw03_n.dds,FOURCC_BC5S,FourCC,256,256,9
BZCC,bz2r_res\baked\Worlds\Bane\Props\Textures\bbintw04_n.dds,FOURCC_BC5S,FourCC,512,512,10
BZCC,bz2r_res\baked\Worlds\Bane\Props\Textures\bbintw05_n.dds,FOURCC_BC5S,FourCC,256,256,9
BZCC,bz2r_res\baked\Worlds\Bane\Props\Textures\bbintw06_n.dds,FOURCC_BC5S,FourCC,256,256,9
BZCC,bz2r_res\baked\Worlds\Bane\Props\Textures\bbintw07_n.dds,FOURCC_BC5S,FourCC,1024,1024,11
BZCC,bz2r_res\baked\Worlds\Bane\Props\Textures\bbintw08_n.dds,FOURCC_BC5S,FourCC,1024,1024,11
BZCC,bz2r_res\baked\Worlds\Bane\Props\Textures\bbintw09_n.dds,FOURCC_BC5S,FourCC,1024,1024,11
BZCC,bz2r_res\baked\Worlds\Bane\Props\Textures\bcurch01_n.dds,FOURCC_BC5S,FourCC,512,512,10
BZCC,bz2r_res\baked\Worlds\Bane\Props\Textures\beruin01_n.dds,FOURCC_BC5S,FourCC,1024,1024,11
BZCC,bz2r_res\baked\Worlds\Bane\Props\Textures\beruin02_n.dds,FOURCC_BC5S,FourCC,512,512,10
BZCC,bz2r_res\baked\Worlds\Bane\Props\Textures\beruin03_n.dds,FOURCC_BC5S,FourCC,512,512,10
BZCC,bz2r_res\baked\Worlds\Bane\Props\Textures\beruin04_n.dds,FOURCC_BC5S,FourCC,2048,2048,12
BZCC,bz2r_res\baked\Worlds\Bane\Props\Textures\iceberg_n.dds,FOURCC_BC5S,FourCC,2048,2048,12
BZCC,bz2r_res\baked\Worlds\Bane\bane2_n.dds,FOURCC_BC5S,FourCC,2048,2048,12
BZCC,bz2r_res\baked\Worlds\Bane\bane3_n.dds,FOURCC_BC5S,FourCC,2048,2048,12
BZCC,bz2r_res\baked\Worlds\Bane\bane4_n.dds,FOURCC_BC5S,FourCC,1024,1024,11
BZCC,bz2r_res\baked\Worlds\Bane\bane5_n.dds,FOURCC_BC5S,FourCC,2048,2048,12
BZCC,bz2r_res\baked\Worlds\Bane\bane_n.dds,FOURCC_BC5S,FourCC,2048,2048,12
BZCC,bz2r_res\baked\Worlds\Core\Core_1_n.dds,FOURCC_BC5S,FourCC,2048,2048,12
BZCC,bz2r_res\baked\Worlds\Core\Core_2_n.dds,FOURCC_BC5S,FourCC,2048,2048,12
BZCC,bz2r_res\baked\Worlds\Core\Core_3_n.dds,FOURCC_BC5S,FourCC,2048,2048,12
BZCC,bz2r_res\baked\Worlds\Core\Core_4_n.dds,FOURCC_BC5S,FourCC,2048,2048,12
BZCC,bz2r_res\baked\Worlds\Core\Core_5_n.dds,FOURCC_BC5S,FourCC,2048,2048,12
BZCC,bz2r_res\baked\Worlds\Core\Core_6_n.dds,FOURCC_BC5S,FourCC,2048,2048,12
BZCC,bz2r_res\baked\Worlds\Core\Props\Textures\cbextf00_n.dds,FOURCC_BC5S,FourCC,1024,1024,11
BZCC,bz2r_res\baked\Worlds\Core\Props\Textures\cbextf01_n.dds,FOURCC_BC5S,FourCC,1024,1024,11
BZCC,bz2r_res\baked\Worlds\Core\Props\Textures\cbextf02_n.dds,FOURCC_BC5S,FourCC,2048,2048,12
BZCC,bz2r_res\baked\Worlds\Core\Props\Textures\cbextf03_n.dds,FOURCC_BC5S,FourCC,2048,2048,12
BZCC,bz2r_res\baked\Worlds\Core\Props\Textures\cbextf05_n.dds,FOURCC_BC5S,FourCC,2048,2048,12
BZCC,bz2r_res\baked\Worlds\Core\Props\Textures\cbextf06_n.dds,FOURCC_BC5S,FourCC,1024,1024,11
BZCC,bz2r_res\baked\Worlds\Core\Props\Textures\cbextf10_n.dds,FOURCC_BC5S,FourCC,2048,2048,12
BZCC,bz2r_res\baked\Worlds\Core\Props\Textures\cbextw01_n.dds,FOURCC_BC5S,FourCC,2048,2048,12
BZCC,bz2r_res\baked\Worlds\Core\Props\Textures\cbextw02_n.dds,FOURCC_BC5S,FourCC,2048,2048,12
BZCC,bz2r_res\baked\Worlds\Core\Props\Textures\cbextw03_n.dds,FOURCC_BC5S,FourCC,1024,1024,11
BZCC,bz2r_res\baked\Worlds\Core\Props\Textures\cbextw04_n.dds,FOURCC_BC5S,FourCC,2048,2048,12
BZCC,bz2r_res\baked\Worlds\Core\Props\Textures\cbextw05_n.dds,FOURCC_BC5S,FourCC,2048,2048,12
BZCC,bz2r_res\baked\Worlds\Core\Props\Textures\cbextw06_n.dds,FOURCC_BC5S,FourCC,1024,1024,11
BZCC,bz2r_res\baked\Worlds\Core\Props\Textures\cbextw07_n.dds,FOURCC_BC5S,FourCC,2048,2048,12
BZCC,bz2r_res\baked\Worlds\Core\Props\Textures\cbextw10_n.dds,FOURCC_BC5S,FourCC,2048,2048,12
BZCC,bz2r_res\baked\Worlds\Core\Props\Textures\cbextw11_n.dds,FOURCC_BC5S,FourCC,1024,1024,11
BZCC,bz2r_res\baked\Worlds\Core\Props\Textures\cbextw12_n.dds,FOURCC_BC5S,FourCC,2048,2048,12
BZCC,bz2r_res\baked\Worlds\Core\Props\Textures\cbextw13_n.dds,FOURCC_BC5S,FourCC,2048,2048,12
BZCC,bz2r_res\baked\Worlds\Core\Props\Textures\cc111100_n.dds,FOURCC_BC5S,FourCC,1024,1024,11
BZCC,bz2r_res\baked\Worlds\Core\Props\Textures\cc111101_n.dds,FOURCC_BC5S,FourCC,1024,1024,11
BZCC,bz2r_res\baked\Worlds\Core\Props\Textures\cvseek00_n.dds,FOURCC_BC5S,FourCC,1024,1024,11
BZCC,bz2r_res\baked\Worlds\Core\Props\Textures\cvseek01_n.dds,FOURCC_BC5S,FourCC,1024,1024,11
BZCC,bz2r_res\baked\Worlds\Dark\Props\Textures\dbworm00_n.dds,FOURCC_BC5S,FourCC,1024,1024,11
BZCC,bz2r_res\baked\Worlds\Dark\Props\Textures\dbworm01_n.dds,FOURCC_BC5S,FourCC,1024,1024,11
BZCC,bz2r_res\baked\Worlds\Dark\dark10_n.dds,FOURCC_BC5S,FourCC,2048,2048,12
BZCC,bz2r_res\baked\Worlds\Dark\dark2_n.dds,FOURCC_BC5S,FourCC,2048,2048,12
BZCC,bz2r_res\baked\Worlds\Dark\dark3_n.dds,FOURCC_BC5S,FourCC,2048,2048,12
BZCC,bz2r_res\baked\Worlds\Dark\dark4_n.dds,FOURCC_BC5S,FourCC,2048,2048,12
BZCC,bz2r_res\baked\Worlds\Dark\dark5_n.dds,FOURCC_BC5S,FourCC,2048,2048,12
BZCC,bz2r_res\baked\Worlds\Dark\dark6_n.dds,FOURCC_BC5S,FourCC,2048,2048,12
BZCC,bz2r_res\baked\Worlds\Dark\dark7_n.dds,FOURCC_BC5S,FourCC,2048,2048,12
BZCC,bz2r_res\baked\Worlds\Dark\dark8_n.dds,FOURCC_BC5S,FourCC,2048,2048,12
BZCC,bz2r_res\baked\Worlds\Dark\dark9_n.dds,FOURCC_BC5S,FourCC,2048,2048,12
BZCC,bz2r_res\baked\Worlds\Dark\dark_n.dds,FOURCC_BC5S,FourCC,2048,2048,12
BZCC,bz2r_res\baked\Worlds\Dune\Dune1_n.dds,FOURCC_BC5S,FourCC,2048,2048,12
BZCC,bz2r_res\baked\Worlds\Dune\Dune2_n.dds,FOURCC_BC5S,FourCC,2048,2048,12
BZCC,bz2r_res\baked\Worlds\Dune\Dune3_n.dds,FOURCC_BC5S,FourCC,2048,2048,12
BZCC,bz2r_res\baked\Worlds\Dune\Dune5_n.dds,FOURCC_BC5S,FourCC,2048,2048,12
BZCC,bz2r_res\baked\Worlds\Dune\Dune6_n.dds,FOURCC_BC5S,FourCC,2048,2048,12
BZCC,bz2r_res\baked\Worlds\Dune\Dune7_n.dds,FOURCC_BC5S,FourCC,1024,1024,11
BZCC,bz2r_res\baked\Worlds\Dune\Dune8_n.dds,FOURCC_BC5S,FourCC,2048,2048,12
BZCC,bz2r_res\baked\Worlds\Dune\Dune9_n.dds,FOURCC_BC5S,FourCC,2048,2048,12
BZCC,bz2r_res\baked\Worlds\Dune\dune4_n.dds,FOURCC_BC5S,FourCC,2048,2048,12
BZCC,bz2r_res\baked\Worlds\EarthCity\Props\Textures\bank01_n.dds,FOURCC_BC5S,FourCC,1024,1024,11
BZCC,bz2r_res\baked\Worlds\EarthCity\Props\Textures\bank02_n.dds,FOURCC_BC5S,FourCC,1024,1024,11
BZCC,bz2r_res\baked\Worlds\EarthCity\Props\Textures\bankcolumn01_n.dds,FOURCC_BC5S,FourCC,1024,1024,11
BZCC,bz2r_res\baked\Worlds\EarthCity\Props\Textures\bankfloor01_n.dds,FOURCC_BC5S,FourCC,1024,1024,11
BZCC,bz2r_res\baked\Worlds\EarthCity\Props\Textures\bankwall01_n.dds,FOURCC_BC5S,FourCC,1024,1024,11
BZCC,bz2r_res\baked\Worlds\EarthCity\Props\Textures\gbag01_n.dds,FOURCC_BC5S,FourCC,512,512,10
BZCC,bz2r_res\baked\Worlds\EarthCity\Props\Textures\gold01_n.dds,FOURCC_BC5S,FourCC,1024,1024,11
BZCC,bz2r_res\baked\Worlds\EarthCity\Props\Textures\side02_n.dds,FOURCC_BC5S,FourCC,1024,1024,11
BZCC,bz2r_res\baked\Worlds\EarthCity\Props\Textures\side04_n.dds,FOURCC_BC5S,FourCC,1024,1024,11
BZCC,bz2r_res\baked\Worlds\EarthCity\Props\Textures\side07_n.dds,FOURCC_BC5S,FourCC,1024,1024,11
BZCC,bz2r_res\baked\Worlds\EarthCity\Props\Textures\side08_n.dds,FOURCC_BC5S,FourCC,1024,1024,11
BZCC,bz2r_res\baked\Worlds\EarthCity\Props\Textures\side09_n.dds,FOURCC_BC5S,FourCC,1024,1024,11
BZCC,bz2r_res\baked\Worlds\EarthCity\Props\Textures\side10_n.dds,FOURCC_BC5S,FourCC,1024,1024,11
BZCC,bz2r_res\baked\Worlds\EarthCity\Props\Textures\side12_n.dds,FOURCC_BC5S,FourCC,1024,1024,11
BZCC,bz2r_res\baked\Worlds\EarthCity\Props\Textures\side13_n.dds,FOURCC_BC5S,FourCC,1024,1024,11
BZCC,bz2r_res\baked\Worlds\EarthCity\Props\Textures\signs01_n.dds,FOURCC_BC5S,FourCC,512,512,10
BZCC,bz2r_res\baked\Worlds\EarthCity\Props\Textures\signs02_n.dds,FOURCC_BC5S,FourCC,512,512,10
BZCC,bz2r_res\baked\Worlds\EarthCity\Props\Textures\silver01_n.dds,FOURCC_BC5S,FourCC,1024,1024,11
BZCC,bz2r_res\baked\Worlds\EarthCity\Props\Textures\slight_n.dds,FOURCC_BC5S,FourCC,512,512,10
BZCC,bz2r_res\baked\Worlds\EarthCity\Sidewalks\swcor01_n.dds,FOURCC_BC5S,FourCC,2048,2048,12
BZCC,bz2r_res\baked\Worlds\EarthCity\Sidewalks\swseg01_n.dds,FOURCC_BC5S,FourCC,2048,2048,12
BZCC,bz2r_res\baked\Worlds\EarthCity\Sidewalks\swsid01_n.dds,FOURCC_BC5S,FourCC,2048,2048,12
BZCC,bz2r_res\baked\Worlds\EarthCity\Street_4_n.dds,FOURCC_BC5S,FourCC,2048,2048,12
BZCC,bz2r_res\baked\Worlds\EarthCity\grass_n.dds,FOURCC_BC5S,FourCC,2048,2048,12
BZCC,bz2r_res\baked\Worlds\EarthCity\street_1_n.dds,FOURCC_BC5S,FourCC,2048,2048,12
BZCC,bz2r_res\baked\Worlds\EarthCity\street_2_n.dds,FOURCC_BC5S,FourCC,2048,2048,12
BZCC,bz2r_res\baked\Worlds\EarthCity\street_3_n.dds,FOURCC_BC5S,FourCC,2048,2048,12
BZCC,bz2r_res\baked\Worlds\EarthCity\street_5_n.dds,FOURCC_BC5S,FourCC,2048,2048,12
BZCC,bz2r_res\baked\Worlds\EarthCity\street_6_n.dds,FOURCC_BC5S,FourCC,2048,2048,12
BZCC,bz2r_res\baked\Worlds\Mars\mars1_n.dds,FOURCC_BC5S,FourCC,2048,2048,12
BZCC,bz2r_res\baked\Worlds\Mars\mars2_n.dds,FOURCC_BC5S,FourCC,2048,2048,12
BZCC,bz2r_res\baked\Worlds\Mars\mars5_n.dds,FOURCC_BC5S,FourCC,2048,2048,12
BZCC,bz2r_res\baked\Worlds\Mars\mars6_n.dds,FOURCC_BC5S,FourCC,2048,2048,12
BZCC,bz2r_res\baked\Worlds\Mars\mars7_n.dds,FOURCC_BC5S,FourCC,2048,2048,12
BZCC,bz2r_res\baked\Worlds\Metal\Metal13_n.dds,FOURCC_BC5S,FourCC,2048,2048,12
BZCC,bz2r_res\baked\Worlds\Metal\Metal2_n.dds,FOURCC_BC5S,FourCC,2048,2048,12
BZCC,bz2r_res\baked\Worlds\Metal\Metal3_n.dds,FOURCC_BC5S,FourCC,2048,2048,12
BZCC,bz2r_res\baked\Worlds\Metal\Metal4_n.dds,FOURCC_BC5S,FourCC,2048,2048,12
BZCC,bz2r_res\baked\Worlds\Metal\metal10_n.dds,FOURCC_BC5S,FourCC,2048,2048,12
BZCC,bz2r_res\baked\Worlds\Metal\metal11_n.dds,FOURCC_BC5S,FourCC,2048,2048,12
BZCC,bz2r_res\baked\Worlds\Metal\metal12_n.dds,FOURCC_BC5S,FourCC,2048,2048,12
BZCC,bz2r_res\baked\Worlds\Metal\metal5_n.dds,FOURCC_BC5S,FourCC,2048,2048,12
BZCC,bz2r_res\baked\Worlds\Metal\metal6_n.dds,FOURCC_BC5S,FourCC,2048,2048,12
BZCC,bz2r_res\baked\Worlds\Metal\metal7_n.dds,FOURCC_BC5S,FourCC,2048,2048,12
BZCC,bz2r_res\baked\Worlds\Metal\metal8_n.dds,FOURCC_BC5S,FourCC,2048,2048,12
BZCC,bz2r_res\baked\Worlds\Metal\metal9_n.dds,FOURCC_BC5S,FourCC,2048,2048,12
BZCC,bz2r_res\baked\Worlds\Metal\metal_n.dds,FOURCC_BC5S,FourCC,2048,2048,12
BZCC,bz2r_res\baked\Worlds\Mire\Creatures\Textures\jak_N.dds,FOURCC_BC5S,FourCC,2048,2048,12
BZCC,bz2r_res\baked\Worlds\Mire\Creatures\Textures\wing_n.dds,FOURCC_BC5S,FourCC,512,512,10
BZCC,bz2r_res\baked\Worlds\Mire\Props\Textures\FoliageAtlas_Mire_n.dds,FOURCC_BC5S,FourCC,4096,4096,13
BZCC,bz2r_res\baked\Worlds\Mire\Props\Textures\crown_n.dds,FOURCC_BC5S,FourCC,512,512,10
BZCC,bz2r_res\baked\Worlds\Mire\Props\Textures\mbextc00_n.dds,FOURCC_BC5S,FourCC,512,512,10
BZCC,bz2r_res\baked\Worlds\Mire\Props\Textures\mbextw00_n.dds,FOURCC_BC5S,FourCC,1024,1024,11
BZCC,bz2r_res\baked\Worlds\Mire\Props\Textures\mbextw01_n.dds,FOURCC_BC5S,FourCC,1024,1024,11
BZCC,bz2r_res\baked\Worlds\Mire\Props\Textures\mbextw02_n.dds,FOURCC_BC5S,FourCC,1024,1024,11
BZCC,bz2r_res\baked\Worlds\Mire\Props\Textures\mbextw03_n.dds,FOURCC_BC5S,FourCC,1024,1024,11
BZCC,bz2r_res\baked\Worlds\Mire\Props\Textures\mbextw04_n.dds,FOURCC_BC5S,FourCC,1024,1024,11
BZCC,bz2r_res\baked\Worlds\Mire\Props\Textures\mbextw05_n.dds,FOURCC_BC5S,FourCC,512,512,10
BZCC,bz2r_res\baked\Worlds\Mire\Props\Textures\mbextw06_n.dds,FOURCC_BC5S,FourCC,512,512,10
BZCC,bz2r_res\baked\Worlds\Mire\Props\Textures\mbextw07_n.dds,FOURCC_BC5S,FourCC,512,512,10
BZCC,bz2r_res\baked\Worlds\Mire\Props\Textures\mbextw08_n.dds,FOURCC_BC5S,FourCC,512,512,10
BZCC,bz2r_res\baked\Worlds\Mire\Props\Textures\mbintc00_n.dds,FOURCC_BC5S,FourCC,512,512,10
BZCC,bz2r_res\baked\Worlds\Mire\Props\Textures\mbintf00_n.dds,FOURCC_BC5S,FourCC,1024,1024,11
BZCC,bz2r_res\baked\Worlds\Mire\Props\Textures\mbintw00_n.dds,FOURCC_BC5S,FourCC,1024,1024,11
BZCC,bz2r_res\baked\Worlds\Mire\Props\Textures\mbintw01_n.dds,FOURCC_BC5S,FourCC,512,512,10
BZCC,bz2r_res\baked\Worlds\Mire\Props\Textures\mbstair00_n.dds,FOURCC_BC5S,FourCC,512,512,10
BZCC,bz2r_res\baked\Worlds\Mire\Props\Textures\mopuff01_n.dds,FOURCC_BC5S,FourCC,512,512,10
BZCC,bz2r_res\baked\Worlds\Mire\Props\Textures\moshrm01_n.dds,FOURCC_BC5S,FourCC,1024,1024,11
BZCC,bz2r_res\baked\Worlds\Mire\Props\Textures\motrnk01_n.dds,FOURCC_BC5S,FourCC,1024,1024,11
BZCC,bz2r_res\baked\Worlds\Mire\Props\Textures\palmbrk_n.dds,FOURCC_BC5S,FourCC,1024,1024,11
BZCC,bz2r_res\baked\Worlds\Mire\Props\Textures\rock7_n.dds,FOURCC_BC5S,FourCC,2048,2048,12
BZCC,bz2r_res\baked\Worlds\Mire\mbextf02_n.dds,FOURCC_BC5S,FourCC,2048,2048,12
BZCC,bz2r_res\baked\Worlds\Mire\mire2_n.dds,FOURCC_BC5S,FourCC,2048,2048,12
BZCC,bz2r_res\baked\Worlds\Mire\mire3_n.dds,FOURCC_BC5S,FourCC,2048,2048,12
BZCC,bz2r_res\baked\Worlds\Mire\mire4_n.dds,FOURCC_BC5S,FourCC,2048,2048,12
BZCC,bz2r_res\baked\Worlds\Mire\mire5_n.dds,FOURCC_BC5S,FourCC,2048,2048,12
BZCC,bz2r_res\baked\Worlds\Mire\mire6_n.dds,FOURCC_BC5S,FourCC,2048,2048,12
BZCC,bz2r_res\baked\Worlds\Mire\mire7_n.dds,FOURCC_BC5S,FourCC,2048,2048,12
BZCC,bz2r_res\baked\Worlds\Mire\mire_n.dds,FOURCC_BC5S,FourCC,2048,2048,12
BZCC,bz2r_res\baked\Worlds\Pluto\Props\Textures\fence_n.dds,FOURCC_BC5S,FourCC,1024,1024,11
BZCC,bz2r_res\baked\Worlds\Pluto\Props\Textures\pbbunk00_n.dds,FOURCC_BC5S,FourCC,1024,1024,11
BZCC,bz2r_res\baked\Worlds\Pluto\Props\Textures\pbdebr00_n.dds,FOURCC_BC5S,FourCC,512,512,10
BZCC,bz2r_res\baked\Worlds\Pluto\Props\Textures\pbdebr01_n.dds,FOURCC_BC5S,FourCC,1024,1024,11
BZCC,bz2r_res\baked\Worlds\Pluto\Props\Textures\pbext03_n.dds,FOURCC_BC5S,FourCC,1024,1024,11
BZCC,bz2r_res\baked\Worlds\Pluto\Props\Textures\pbext05_n.dds,FOURCC_BC5S,FourCC,1024,1024,11
BZCC,bz2r_res\baked\Worlds\Pluto\Props\Textures\pbextc00_n.dds,FOURCC_BC5S,FourCC,1024,1024,11
BZCC,bz2r_res\baked\Worlds\Pluto\Props\Textures\pbextf00_n.dds,FOURCC_BC5S,FourCC,512,512,10
BZCC,bz2r_res\baked\Worlds\Pluto\Props\Textures\pbexto01_n.dds,FOURCC_BC5S,FourCC,1024,1024,11
BZCC,bz2r_res\baked\Worlds\Pluto\Props\Textures\pbexto03_n.dds,FOURCC_BC5S,FourCC,1024,1024,11
BZCC,bz2r_res\baked\Worlds\Pluto\Props\Textures\pbextw00_n.dds,FOURCC_BC5S,FourCC,1024,1024,11
BZCC,bz2r_res\baked\Worlds\Pluto\Props\Textures\pbextw01_n.dds,FOURCC_BC5S,FourCC,1024,1024,11
BZCC,bz2r_res\baked\Worlds\Pluto\Props\Textures\pbextw03_n.dds,FOURCC_BC5S,FourCC,1024,1024,11
BZCC,bz2r_res\baked\Worlds\Pluto\Props\Textures\pbextw04_n.dds,FOURCC_BC5S,FourCC,1024,1024,11
BZCC,bz2r_res\baked\Worlds\Pluto\Props\Textures\pbintc00_n.dds,FOURCC_BC5S,FourCC,1024,1024,11
BZCC,bz2r_res\baked\Worlds\Pluto\Props\Textures\pbintc01_n.dds,FOURCC_BC5S,FourCC,1024,1024,11
BZCC,bz2r_res\baked\Worlds\Pluto\Props\Textures\pbintc02_n.dds,FOURCC_BC5S,FourCC,1024,1024,11
BZCC,bz2r_res\baked\Worlds\Pluto\Props\Textures\pbintc03_n.dds,FOURCC_BC5S,FourCC,1024,1024,11
BZCC,bz2r_res\baked\Worlds\Pluto\Props\Textures\pbintf00_n.dds,FOURCC_BC5S,FourCC,1024,1024,11
BZCC,bz2r_res\baked\Worlds\Pluto\Props\Textures\pbintf01_n.dds,FOURCC_BC5S,FourCC,1024,1024,11
BZCC,bz2r_res\baked\Worlds\Pluto\Props\Textures\pbintf02_n.dds,FOURCC_BC5S,FourCC,1024,1024,11
BZCC,bz2r_res\baked\Worlds\Pluto\Props\Textures\pbintf03_n.dds,FOURCC_BC5S,FourCC,1024,1024,11
BZCC,bz2r_res\baked\Worlds\Pluto\Props\Textures\pbintw00_n.dds,FOURCC_BC5S,FourCC,1024,1024,11
BZCC,bz2r_res\baked\Worlds\Pluto\Props\Textures\pbintw01_n.dds,FOURCC_BC5S,FourCC,1024,1024,11
BZCC,bz2r_res\baked\Worlds\Pluto\Props\Textures\pbintw02_n.dds,FOURCC_BC5S,FourCC,1024,1024,11
BZCC,bz2r_res\baked\Worlds\Pluto\Props\Textures\pbintw03_n.dds,FOURCC_BC5S,FourCC,512,512,10
BZCC,bz2r_res\baked\Worlds\Pluto\Props\Textures\pbintw04_n.dds,FOURCC_BC5S,FourCC,1024,1024,11
BZCC,bz2r_res\baked\Worlds\Pluto\Props\Textures\pbintw05_n.dds,FOURCC_BC5S,FourCC,1024,1024,11
BZCC,bz2r_res\baked\Worlds\Pluto\Props\Textures\pboutf00_n.dds,FOURCC_BC5S,FourCC,512,512,10
BZCC,bz2r_res\baked\Worlds\Pluto\Props\Textures\pbwtow00_n.dds,FOURCC_BC5S,FourCC,1024,1024,11
BZCC,bz2r_res\baked\Worlds\Pluto\Props\Textures\tread0x_n.dds,FOURCC_BC5S,FourCC,1024,1024,11
BZCC,bz2r_res\baked\Worlds\Pluto\Props\Textures\wires_n.dds,FOURCC_BC5S,FourCC,512,512,10
BZCC,bz2r_res\baked\Worlds\Pluto\ibfoun00_n.dds,FOURCC_BC5S,FourCC,2048,2048,12
BZCC,bz2r_res\baked\Worlds\Pluto\ibfoun01_n.dds,FOURCC_BC5S,FourCC,2048,2048,12
BZCC,bz2r_res\baked\Worlds\Pluto\pluto2_n.dds,FOURCC_BC5S,FourCC,2048,2048,12
BZCC,bz2r_res\baked\Worlds\Pluto\pluto3_n.dds,FOURCC_BC5S,FourCC,2048,2048,12
BZCC,bz2r_res\baked\Worlds\Pluto\pluto4_n.dds,FOURCC_BC5S,FourCC,2048,2048,12
BZCC,bz2r_res\baked\Worlds\Pluto\pluto5_n.dds,FOURCC_BC5S,FourCC,2048,2048,12
BZCC,bz2r_res\baked\Worlds\Pluto\pluto6_n.dds,FOURCC_BC5S,FourCC,2048,2048,12
BZCC,bz2r_res\baked\Worlds\Pluto\pluto7_n.dds,FOURCC_BC5S,FourCC,2048,2048,12
BZCC,bz2r_res\baked\Worlds\Pluto\pluto8_n.dds,FOURCC_BC5S,FourCC,2048,2048,12
BZCC,bz2r_res\baked\Worlds\Pluto\pluto9_n.dds,FOURCC_BC5S,FourCC,2048,2048,12
BZCC,bz2r_res\baked\Worlds\Pluto\pluto_n.dds,FOURCC_BC5S,FourCC,2048,2048,12
BZCC,bz2r_res\baked\Worlds\Rend\Props\Textures\rbextf00_n.dds,FOURCC_BC5S,FourCC,2048,2048,12
BZCC,bz2r_res\baked\Worlds\Rend\Props\Textures\rbextf01_n.dds,FOURCC_BC5S,FourCC,2048,2048,12
BZCC,bz2r_res\baked\Worlds\Rend\Props\Textures\rbextw00_n.dds,FOURCC_BC5S,FourCC,2048,2048,12
BZCC,bz2r_res\baked\Worlds\Rend\Props\Textures\rbextw01_n.dds,FOURCC_BC5S,FourCC,2048,2048,12
BZCC,bz2r_res\baked\Worlds\Rend\Props\Textures\rbextw02_n.dds,FOURCC_BC5S,FourCC,2048,2048,12
BZCC,bz2r_res\baked\Worlds\Rend\Props\Textures\rbextw03_n.dds,FOURCC_BC5S,FourCC,2048,2048,12
BZCC,bz2r_res\baked\Worlds\Rend\Props\Textures\rbextw04_n.dds,FOURCC_BC5S,FourCC,2048,2048,12
BZCC,bz2r_res\baked\Worlds\Rend\Props\Textures\rbextw05_n.dds,FOURCC_BC5S,FourCC,2048,2048,12
BZCC,bz2r_res\baked\Worlds\Rend\Props\Textures\rbextw06_n.dds,FOURCC_BC5S,FourCC,2048,2048,12
BZCC,bz2r_res\baked\Worlds\Rend\Props\Textures\rclpod01_n.dds,FOURCC_BC5S,FourCC,1024,1024,11
BZCC,bz2r_res\baked\Worlds\Rend\Props\Textures\ropilr01_n.dds,FOURCC_BC5S,FourCC,2048,2048,12
BZCC,bz2r_res\baked\Worlds\Rend\Props\Textures\rorock00_n.dds,FOURCC_BC5S,FourCC,2048,2048,12
BZCC,bz2r_res\baked\Worlds\Rend\rend10_n.dds,FOURCC_BC5S,FourCC,2048,2048,12
BZCC,bz2r_res\baked\Worlds\Rend\rend2_n.dds,FOURCC_BC5S,FourCC,2048,2048,12
BZCC,bz2r_res\baked\Worlds\Rend\rend3_n.dds,FOURCC_BC5S,FourCC,2048,2048,12
BZCC,bz2r_res\baked\Worlds\Rend\rend4_n.dds,FOURCC_BC5S,FourCC,2048,2048,12
BZCC,bz2r_res\baked\Worlds\Rend\rend5_n.dds,FOURCC_BC5S,FourCC,2048,2048,12
BZCC,bz2r_res\baked\Worlds\Rend\rend6_n.dds,FOURCC_BC5S,FourCC,2048,2048,12
BZCC,bz2r_res\baked\Worlds\Rend\rend7_n.dds,FOURCC_BC5S,FourCC,2048,2048,12
BZCC,bz2r_res\baked\Worlds\Rend\rend8_n.dds,FOURCC_BC5S,FourCC,2048,2048,12
BZCC,bz2r_res\baked\Worlds\Rend\rend9_n.dds,FOURCC_BC5S,FourCC,2048,2048,12
BZCC,bz2r_res\baked\Worlds\Rend\rend_n.dds,FOURCC_BC5S,FourCC,2048,2048,12
BZCC,bz2r_res\baked\Worlds\Textures\Planet_Preview_txtr\Pluto_Terrain_n.dds,FOURCC_BC5S,FourCC,2048,1024,12
BZCC,bz2r_res\baked\Worlds\Textures\Planet_Preview_txtr\bane_terrain_n.dds,FOURCC_BC5S,FourCC,4096,2048,13
BZCC,bz2r_res\baked\Worlds\Textures\Planet_Preview_txtr\bane_water_3_n.dds,FOURCC_BC5S,FourCC,512,512,10
BZCC,bz2r_res\baked\Worlds\Textures\Planet_Preview_txtr\banemoon_terrain_n.dds,FOURCC_BC5S,FourCC,1024,512,11
BZCC,bz2r_res\baked\Worlds\Textures\Planet_Preview_txtr\charon_terrain_n.dds,FOURCC_BC5S,FourCC,2048,1024,12
BZCC,bz2r_res\baked\Worlds\Textures\Planet_Preview_txtr\core_terrain_n.dds,FOURCC_BC5S,FourCC,4096,2048,13
BZCC,bz2r_res\baked\Worlds\Textures\Planet_Preview_txtr\dark_terrain_n.dds,FOURCC_BC5S,FourCC,2048,2048,12
BZCC,bz2r_res\baked\Worlds\Textures\Planet_Preview_txtr\mire_terrain_n.dds,FOURCC_BC5S,FourCC,4096,2048,13
BZCC,bz2r_res\baked\Worlds\Textures\Planet_Preview_txtr\rend_terrain_n.dds,FOURCC_BC5S,FourCC,4096,2048,13
BZCC,bz2r_res\baked\Worlds\Textures\Water\water256_n.dds,FOURCC_BC5S,FourCC,512,512,10
BZCC,bz2r_res\baked\Worlds\Textures\dunetest_f.dds,FOURCC_BC5S,FourCC,1024,1024,11
BZCC,bz2r_res\baked\Worlds\Titan\Titan2_n.dds,FOURCC_BC5S,FourCC,2048,2048,12
BZCC,bz2r_res\baked\Worlds\Titan\Titan3_n.dds,FOURCC_BC5S,FourCC,2048,2048,12
BZCC,bz2r_res\baked\Worlds\Titan\Titan4_n.dds,FOURCC_BC5S,FourCC,2048,2048,12
BZCC,bz2r_res\baked\Worlds\Titan\Titan_n.dds,FOURCC_BC5S,FourCC,2048,2048,12
BZCC,bz2r_res\baked\Worlds\Toxic\toxic_2_n.dds,FOURCC_BC5S,FourCC,2048,2048,12
BZCC,bz2r_res\baked\Worlds\Toxic\toxic_3_n.dds,FOURCC_BC5S,FourCC,2048,2048,12
BZCC,bz2r_res\baked\Worlds\Toxic\toxic_4_n.dds,FOURCC_BC5S,FourCC,2048,2048,12
BZCC,bz2r_res\baked\Worlds\Toxic\toxic_5_n.dds,FOURCC_BC5S,FourCC,2048,2048,12
BZCC,bz2r_res\baked\Worlds\Toxic\toxic_7_n.dds,FOURCC_BC5S,FourCC,2048,2048,12
BZCC,bz2r_res\baked\Worlds\Toxic\toxic_8_n.dds,FOURCC_BC5S,FourCC,2048,2048,12
BZCC,bz2r_res\baked\Worlds\Toxic\toxic_9_n.dds,FOURCC_BC5S,FourCC,2048,2048,12
BZCC,bz2r_res\baked\Worlds\Tunnels\Tunnel_0_n.dds,FOURCC_BC5S,FourCC,2048,2048,12
BZCC,bz2r_res\baked\Worlds\Tunnels\Tunnel_1_n.dds,FOURCC_BC5S,FourCC,2048,2048,12
BZCC,bz2r_res\baked\Worlds\Tunnels\Tunnel_4_n.dds,FOURCC_BC5S,FourCC,2048,2048,12
BZCC,bz2r_res\baked\Worlds\Tunnels\Tunnel_7_n.dds,FOURCC_BC5S,FourCC,2048,2048,12
BZCC,bz2r_res\baked\Worlds\Tunnels\Tunnel_8_n.dds,FOURCC_BC5S,FourCC,2048,2048,12
BZCC,bz2r_res\baked\Worlds\Tunnels\tunnel_2_n.dds,FOURCC_BC5S,FourCC,2048,2048,12
BZCC,bz2r_res\baked\Worlds\Tunnels\tunnel_3_n.dds,FOURCC_BC5S,FourCC,2048,2048,12
BZCC,bz2r_res\baked\Worlds\Tunnels\tunnel_5_n.dds,FOURCC_BC5S,FourCC,2048,2048,12
BZCC,bz2r_res\baked\Worlds\Tunnels\tunnel_6_n.dds,FOURCC_BC5S,FourCC,2048,2048,12
BZCC,bz2r_res\baked\Worlds\Wasteland\wasteland1_n.dds,FOURCC_BC5S,FourCC,2048,2048,12
BZCC,bz2r_res\baked\Worlds\Wasteland\wasteland2_n.dds,FOURCC_BC5S,FourCC,2048,2048,12
BZCC,bz2r_res\baked\Worlds\Wasteland\wasteland3_n.dds,FOURCC_BC5S,FourCC,2048,2048,12
BZCC,bz2r_res\baked\Worlds\Wasteland\wasteland4_n.dds,FOURCC_BC5S,FourCC,2048,2048,12
BZCC,bz2r_res\baked\Worlds\Wasteland\wasteland5_n.dds,FOURCC_BC5S,FourCC,2048,2048,12
BZCC,bz2r_res\baked\Worlds\Wasteland\wasteland6_n.dds,FOURCC_BC5S,FourCC,2048,2048,12
BZCC,bz2r_res\bakedm\localfog_volumetexture.dds,UNCOMPRESSED_32BPP_A,RGB,128,64,0
