filename,sha256,bytes,family,layout,stage,features,gamma_constants
dx11_default_psh_0p.fxc,2fb5b7ce6b187d7a4171955ddc4be60c7f0f35bdbde66c77e982132c89482447,1756,default,0,p,,
dx11_default_psh_0pc.fxc,6bfa4773df9c1c92df11c2d0d3475ee7e77ed1e3ad24f31c10511a6bcb899633,3732,default,0,p,c,
dx11_default_psh_0pd.fxc,9d69a3717d1a10dfe87d696b6304ad89064e3dff650a839efc4b7c095e930f5c,1956,default,0,p,d,
dx11_default_psh_0pdc.fxc,b501a3ab2a419f343888b328539a418a2d0e09dda93b257f61680d666df9758e,3872,default,0,p,dc,
dx11_default_psh_0pdcx.fxc,39e31a3bc31315551a37893890fb86ea32634da93352e45325eb38590e714dc1,4480,default,0,p,dcx,
dx11_default_psh_0pde.fxc,941191c61634cb6a696cb7fcdfec8c5e2900c0c71c1eb17b995b9d5507cf79e7,2084,default,0,p,de,
dx11_default_psh_0pdec.fxc,e54faa4369f4e197250df5b1767797d611d1ddaa6d35c0560f6c3b3d990b5b9b,4096,default,0,p,dec,
dx11_default_psh_0pdecx.fxc,3f39bed6bb4bd19558a9a8716eda4df7b860a1120f1cd007b13e18343df8238f,4704,default,0,p,decx,
dx11_default_psh_0pdel.fxc,22b3075ec9f70d4dc2d2730310333bc40291caf3659440dcebf4435986ecdbf3,4756,default,0,p,del,
dx11_default_psh_0pdelc.fxc,cfd27c0defb38191e5ed23059888dcaca93c0e85576f1ec3ee6ebf920a755c0f,6564,default,0,p,delc,
dx11_default_psh_0pdelcx.fxc,3d1fa0a387184d11a9ee9c0eddfc8eaf4b2040d30ccc9a8eaf36d6e19673b7b0,7164,default,0,p,delcx,
dx11_default_psh_0pdelo.fxc,a9cc234d40e9b697d85bd8dc871f95c3fc92ac7c165d8eff8cc1dcef07e36ffd,6312,default,0,p,delo,
dx11_default_psh_0pdeloc.fxc,cfd27c0defb38191e5ed23059888dcaca93c0e85576f1ec3ee6ebf920a755c0f,6564,default,0,p,deloc,
dx11_default_psh_0pdelocx.fxc,3d1fa0a387184d11a9ee9c0eddfc8eaf4b2040d30ccc9a8eaf36d6e19673b7b0,7164,default,0,p,delocx,
dx11_default_psh_0pdelox.fxc,9ddc6344f922ccede0eff6b38aa761199fd7ca93299e01b0f32440e1a123a82d,6920,default,0,p,delox,
dx11_default_psh_0pdelx.fxc,7aa488546ab84d5a37f7372c47fe2f51ffc09baa19c127c37d89563c418e9795,5364,default,0,p,delx,
dx11_default_psh_0pdelz.fxc,2e4dc1647b29dff16f815c92d38413102a927bd76b0a5a04cc2204b1f8b80c51,8108,default,0,p,delz,
dx11_default_psh_0pdelzc.fxc,c45c2b061264bbd7807aa871228c70531a907d7cdff4e7f7469053255de61529,9932,default,0,p,delzc,
dx11_default_psh_0pdelzcx.fxc,fcf7258ab3dfa092433c1d6f8afe2115795ebd478f9fa5751c617f9c0011d5cb,10532,default,0,p,delzcx,
dx11_default_psh_0pdelzo.fxc,f9219d6c5e81d8cc78544a5d5659c23c9959c65f56570dbc9b6bbdfc0aa3f49c,9680,default,0,p,delzo,
dx11_default_psh_0pdelzoc.fxc,c45c2b061264bbd7807aa871228c70531a907d7cdff4e7f7469053255de61529,9932,default,0,p,delzoc,
dx11_default_psh_0pdelzocx.fxc,fcf7258ab3dfa092433c1d6f8afe2115795ebd478f9fa5751c617f9c0011d5cb,10532,default,0,p,delzocx,
dx11_default_psh_0pdelzox.fxc,91506dd5753cfe151a2dbf0197e119c5b9b62249e3eb8539690b06eb9a6d56e3,10288,default,0,p,delzox,
dx11_default_psh_0pdelzx.fxc,bc22777382a264ac830f53262f680a72eddf5bc906f1f7a38d7bb0c3d9165385,8736,default,0,p,delzx,
dx11_default_psh_0pdes.fxc,941191c61634cb6a696cb7fcdfec8c5e2900c0c71c1eb17b995b9d5507cf79e7,2084,default,0,p,des,
dx11_default_psh_0pdesc.fxc,71d2db302cc559759477573396317fcd0adbc3a7aeb32b3198ecc30f92335bc9,4232,default,0,p,desc,
dx11_default_psh_0pdescx.fxc,e8590e23dcfa16828b8717a2f6852fabb09d9550e866fcc46154be810d8c8603,4840,default,0,p,descx,
dx11_default_psh_0pdesl.fxc,1eddec34b0c92ced44defd6469e0ae5788f0b7fde38a8e3df145c16fdeb4fbbe,4892,default,0,p,desl,
dx11_default_psh_0pdeslc.fxc,7b6c16c377bec80d7bdb9efe7356425787d8d5aa2648c05d4be952a1d482e2a2,6704,default,0,p,deslc,
dx11_default_psh_0pdeslcx.fxc,231cdb41551814d8e3da75c1d373b4e560524a5cda2d3b28cf1789c5edbdee0a,7304,default,0,p,deslcx,
dx11_default_psh_0pdeslo.fxc,0a1e95752a1920d2de3ef54a5cd240f8ea96b85f4df57b3b75bd13b4fb0b98cf,6440,default,0,p,deslo,
dx11_default_psh_0pdesloc.fxc,7b6c16c377bec80d7bdb9efe7356425787d8d5aa2648c05d4be952a1d482e2a2,6704,default,0,p,desloc,
dx11_default_psh_0pdeslocx.fxc,231cdb41551814d8e3da75c1d373b4e560524a5cda2d3b28cf1789c5edbdee0a,7304,default,0,p,deslocx,
dx11_default_psh_0pdeslox.fxc,c7c910f31c1ed1baa5568fa40af8b217e76762a8257b0a7e49feffaf1ba1855f,7048,default,0,p,deslox,
dx11_default_psh_0pdeslx.fxc,d0cbce8db43384168eb85db5cce41c5a3f83e760674769728483a0606e2a3dc7,5500,default,0,p,deslx,
dx11_default_psh_0pdeslz.fxc,16a04b0adc01c1d88abb572e6ed7c66fba8f5ab7e4f253e7af9f5a0dca12cc67,8260,default,0,p,deslz,
dx11_default_psh_0pdeslzc.fxc,415c410fd690f080f4bf76471d1848a57f6f8cb158f203163c6227b963345317,10072,default,0,p,deslzc,
dx11_default_psh_0pdeslzcx.fxc,353fbf246bb216f0fd41fb01640973b173e77140930f4b8cdbab4569ada5454c,10672,default,0,p,deslzcx,
dx11_default_psh_0pdeslzo.fxc,99903a48f7b447f4fd8292ed828a6a841f31f6081ba7ae8ce572b944e414df2a,9808,default,0,p,deslzo,
dx11_default_psh_0pdeslzoc.fxc,415c410fd690f080f4bf76471d1848a57f6f8cb158f203163c6227b963345317,10072,default,0,p,deslzoc,
dx11_default_psh_0pdeslzocx.fxc,353fbf246bb216f0fd41fb01640973b173e77140930f4b8cdbab4569ada5454c,10672,default,0,p,deslzocx,
dx11_default_psh_0pdeslzox.fxc,62f81519ff382a1ab0f492c3306c6290abda1aeaf33776a29f6b88d32f48601d,10416,default,0,p,deslzox,
dx11_default_psh_0pdeslzx.fxc,0325c75ae1d3607f84f0389d1e71b551bd250daa7ad1623a4102346cd1a2f595,8848,default,0,p,deslzx,
dx11_default_psh_0pdesx.fxc,484cba8f9e307316be60284e22e232fd58707b4ba3a7d69b03e645e44022ff71,2712,default,0,p,desx,
dx11_default_psh_0pdex.fxc,484cba8f9e307316be60284e22e232fd58707b4ba3a7d69b03e645e44022ff71,2712,default,0,p,dex,
dx11_default_psh_0pdl.fxc,76f9206b26ddac6aea45c137fe3ba66070a4f644471b68bf642d1eae11a50274,4616,default,0,p,dl,
dx11_default_psh_0pdlc.fxc,b52d00f08d4af35b808a141c408178305f3481cd60939cb33402deda43543c21,6340,default,0,p,dlc,
dx11_default_psh_0pdlcx.fxc,e06286d22e94704800a04a6416f397a9d3da68c57fd571b5567bea7042989dd1,6948,default,0,p,dlcx,
dx11_default_psh_0pdlo.fxc,029d91c8b8c449587d917c86e82b3dc78f5fb8e63b8cf29b0fe4804110fb62f8,6172,default,0,p,dlo,
dx11_default_psh_0pdloc.fxc,b52d00f08d4af35b808a141c408178305f3481cd60939cb33402deda43543c21,6340,default,0,p,dloc,
dx11_default_psh_0pdlocx.fxc,e06286d22e94704800a04a6416f397a9d3da68c57fd571b5567bea7042989dd1,6948,default,0,p,dlocx,
dx11_default_psh_0pdlox.fxc,070cd2bf9ba2f5ebd2a75e41a2d7e75305448e3360c4455e1a03b3b55597c3fc,6780,default,0,p,dlox,
dx11_default_psh_0pdlx.fxc,49dbfbc1790890ad383c68392c608d3753eff15a9cb8b6a19da76b82d311bbc7,5224,default,0,p,dlx,
dx11_default_psh_0pdlz.fxc,fd70379cfef5b08ec7f6c609dc201fd3f4bc752eef0d4f703757676781111c20,7968,default,0,p,dlz,
dx11_default_psh_0pdlzc.fxc,1f9a4fee6ad8a39f5831120c6b00fc58a8dd9c75bf6021dd5c2ee17c77f48fb8,9712,default,0,p,dlzc,
dx11_default_psh_0pdlzcx.fxc,16b00f9533b5f295397e2e402d8c86c9c9471a372010dc376b085b4f1ba4990e,10320,default,0,p,dlzcx,
dx11_default_psh_0pdlzo.fxc,437db8a357f12ceefaebb41ff00b6dd8df50d438569d4c4774fe826a1ca5759a,9544,default,0,p,dlzo,
dx11_default_psh_0pdlzoc.fxc,1f9a4fee6ad8a39f5831120c6b00fc58a8dd9c75bf6021dd5c2ee17c77f48fb8,9712,default,0,p,dlzoc,
dx11_default_psh_0pdlzocx.fxc,16b00f9533b5f295397e2e402d8c86c9c9471a372010dc376b085b4f1ba4990e,10320,default,0,p,dlzocx,
dx11_default_psh_0pdlzox.fxc,0cc11eb5abd1bc986aefc7a9cab184b4e85874ff8cbb9f2f56b4321ad91236f4,10152,default,0,p,dlzox,
dx11_default_psh_0pdlzx.fxc,923aa9f20aab4206d9904b1363a510ba029ccaff31954338183ec19306a6f837,8596,default,0,p,dlzx,
dx11_default_psh_0pdn.fxc,9d69a3717d1a10dfe87d696b6304ad89064e3dff650a839efc4b7c095e930f5c,1956,default,0,p,dn,
dx11_default_psh_0pdnc.fxc,766870bef56f50077781bd1a3acc832317f53b8ffcc32ff49e0244d25439ea46,4860,default,0,p,dnc,
dx11_default_psh_0pdncx.fxc,fa0dbda29248a3cf974cc66578128875192b4131c9097c5c0e2c6f09d1128f53,5468,default,0,p,dncx,
dx11_default_psh_0pdne.fxc,941191c61634cb6a696cb7fcdfec8c5e2900c0c71c1eb17b995b9d5507cf79e7,2084,default,0,p,dne,
dx11_default_psh_0pdnec.fxc,07daff201806dd1f3224bb87e78366f9050cbe535d5dc97346ddf91a089c1ce9,5080,default,0,p,dnec,
dx11_default_psh_0pdnecx.fxc,e6a4dc1387642be5d69a31fc25407f01d063399773c759a14f76d6758d9c1534,5688,default,0,p,dnecx,
dx11_default_psh_0pdnel.fxc,0b4ac1e2a6642209707f7d321739fe03dc1c864c6f8852a375d2539320d36db3,5924,default,0,p,dnel,
dx11_default_psh_0pdnelc.fxc,088c129b84b90259c6c6942d327b0ac99a239363f604b3c927817f690fee4da5,7748,default,0,p,dnelc,
dx11_default_psh_0pdnelcx.fxc,2f3e924238f94066079a57bd09f7f4bd531163fb7ad820503f0bf5bfb3fa0322,8364,default,0,p,dnelcx,
dx11_default_psh_0pdnelo.fxc,16373cc18d9f6f1df7b18e82f5db99906dc6dd0eb88848da57f3e887811d5b8b,7480,default,0,p,dnelo,
dx11_default_psh_0pdneloc.fxc,088c129b84b90259c6c6942d327b0ac99a239363f604b3c927817f690fee4da5,7748,default,0,p,dneloc,
dx11_default_psh_0pdnelocx.fxc,2f3e924238f94066079a57bd09f7f4bd531163fb7ad820503f0bf5bfb3fa0322,8364,default,0,p,dnelocx,
dx11_default_psh_0pdnelox.fxc,82cc151320ff5e48c43baf8266c800f62355814fafa7802fa154d1486782270b,8080,default,0,p,dnelox,
dx11_default_psh_0pdnelx.fxc,6ca5dc7b2c6ae912a5e4776b535190e0c8e48df92ad8227310e292efef5adf0d,6532,default,0,p,dnelx,
dx11_default_psh_0pdnelz.fxc,625913608a35318f69144125174316d27dbf9b79c19238b8b2b1af7bd327fb97,9292,default,0,p,dnelz,
dx11_default_psh_0pdnelzc.fxc,eec10087cf20a546682ba4ba977b584d491481db77bbe21fce37e933e997021e,11124,default,0,p,dnelzc,
dx11_default_psh_0pdnelzcx.fxc,087d6023954df305730de48845e1d61b7cf100d7f5473f1876598e5151812d81,11732,default,0,p,dnelzcx,
dx11_default_psh_0pdnelzo.fxc,cfd01dfcf6ba42ecac57e9ceb91de9035ad4e9f3ec7732628abdd359e90f74c7,10848,default,0,p,dnelzo,
dx11_default_psh_0pdnelzoc.fxc,eec10087cf20a546682ba4ba977b584d491481db77bbe21fce37e933e997021e,11124,default,0,p,dnelzoc,
dx11_default_psh_0pdnelzocx.fxc,087d6023954df305730de48845e1d61b7cf100d7f5473f1876598e5151812d81,11732,default,0,p,dnelzocx,
dx11_default_psh_0pdnelzox.fxc,4d44417092703c2103031ee6ef1c81ad35b85572bcd60385ea030a1d0e5f9140,11456,default,0,p,dnelzox,
dx11_default_psh_0pdnelzx.fxc,a90749430a272341b2153c5a74554200d835ff5488d09ade13a69ce09155aa1b,9880,default,0,p,dnelzx,
dx11_default_psh_0pdnes.fxc,941191c61634cb6a696cb7fcdfec8c5e2900c0c71c1eb17b995b9d5507cf79e7,2084,default,0,p,dnes,
dx11_default_psh_0pdnesc.fxc,f94fb7f0b95b5565b4ee49e706d4eae913ec8e17fdde8e3d990cf72b4a01834d,5220,default,0,p,dnesc,
dx11_default_psh_0pdnescx.fxc,753d99e952d8e407f9106adbacfc576602dae13d6c69481e3f1adf208610577b,5828,default,0,p,dnescx,
dx11_default_psh_0pdnesl.fxc,6445caa8254a69fedb4882b27391009db533df7f3d24f8b24323d8181d3212d3,6060,default,0,p,dnesl,
dx11_default_psh_0pdneslc.fxc,71986f254dfc9534faf727a260d128343150e338886e05b64ace6477d2ffcf0c,7884,default,0,p,dneslc,
dx11_default_psh_0pdneslcx.fxc,ae665f3b70833aa5d475b02f4ee86e48b86cbd8a96694309e8140ac2bb2712de,8500,default,0,p,dneslcx,
dx11_default_psh_0pdneslo.fxc,082e0b1893d3adbd6eb3aba9f19efb556ff49735b0de924a6876bcb4a1f3e5cb,7604,default,0,p,dneslo,
dx11_default_psh_0pdnesloc.fxc,71986f254dfc9534faf727a260d128343150e338886e05b64ace6477d2ffcf0c,7884,default,0,p,dnesloc,
dx11_default_psh_0pdneslocx.fxc,ae665f3b70833aa5d475b02f4ee86e48b86cbd8a96694309e8140ac2bb2712de,8500,default,0,p,dneslocx,
dx11_default_psh_0pdneslox.fxc,b47f6257be6528d320f8665a0a3dad027766a3d71abbc03993d94c62fe393e9c,8204,default,0,p,dneslox,
dx11_default_psh_0pdneslx.fxc,72a3686572dab99426de7076f3604b3bb9e3918df6e0d3f78c128bdc2a40f8ff,6668,default,0,p,dneslx,
dx11_default_psh_0pdneslz.fxc,269790be7df7bc7d925add9b92ec92591232874a2e397ee33f4a14d72e79c727,9428,default,0,p,dneslz,
dx11_default_psh_0pdneslzc.fxc,1cb0adb01ec17dffc3ce272a3f8151cb0825154bf7a3ea305c443c2cc0d51c16,11264,default,0,p,dneslzc,
dx11_default_psh_0pdneslzcx.fxc,b0010573f123614868942533376e6f29e4db27b66a7d30a36c16d2cc2995a721,11872,default,0,p,dneslzcx,
dx11_default_psh_0pdneslzo.fxc,42be0e99da40c3729b4fd0f8e59e3bfb57bab5bcc2e42f7ecaa1e2a790544f7a,10976,default,0,p,dneslzo,
dx11_default_psh_0pdneslzoc.fxc,1cb0adb01ec17dffc3ce272a3f8151cb0825154bf7a3ea305c443c2cc0d51c16,11264,default,0,p,dneslzoc,
dx11_default_psh_0pdneslzocx.fxc,b0010573f123614868942533376e6f29e4db27b66a7d30a36c16d2cc2995a721,11872,default,0,p,dneslzocx,
dx11_default_psh_0pdneslzox.fxc,883335a6d499240f6893923920a632f1b4b041a0fc6523a9f945659051ccbf0f,11584,default,0,p,dneslzox,
dx11_default_psh_0pdneslzx.fxc,d6b357ae427c9907c9bea06cd920fd245f7f5e26a89a2484cc5daf88d708d05d,10036,default,0,p,dneslzx,
dx11_default_psh_0pdnesx.fxc,484cba8f9e307316be60284e22e232fd58707b4ba3a7d69b03e645e44022ff71,2712,default,0,p,dnesx,
dx11_default_psh_0pdnex.fxc,484cba8f9e307316be60284e22e232fd58707b4ba3a7d69b03e645e44022ff71,2712,default,0,p,dnex,
dx11_default_psh_0pdnl.fxc,5db6e7e7750bb9e20a2171a9ce550d2b7629f17a4bf059bbbac892a1406a849f,5784,default,0,p,dnl,
dx11_default_psh_0pdnlc.fxc,0b8ead997a69a8c78b77008ab48a3b50a7cf9ce033cfaa28a5878951abd5d234,7532,default,0,p,dnlc,
dx11_default_psh_0pdnlcx.fxc,46c180a969c58c2ef84d90873f11459c93d5e9bc4e588d71fbb74717d5cbea6e,8140,default,0,p,dnlcx,
dx11_default_psh_0pdnlo.fxc,4239bb6a8b046994143c5e30bb4341c702a65d4ce427b22952b22d7c1934b17a,7340,default,0,p,dnlo,
dx11_default_psh_0pdnloc.fxc,0b8ead997a69a8c78b77008ab48a3b50a7cf9ce033cfaa28a5878951abd5d234,7532,default,0,p,dnloc,
dx11_default_psh_0pdnlocx.fxc,46c180a969c58c2ef84d90873f11459c93d5e9bc4e588d71fbb74717d5cbea6e,8140,default,0,p,dnlocx,
dx11_default_psh_0pdnlox.fxc,e1bb9d5ea3a50529b7d78c3cf377c776b6dcf11f3a336a499d362ae47c87735c,7948,default,0,p,dnlox,
dx11_default_psh_0pdnlx.fxc,ad89be538d9cd5a386efee13989beda625f65d3a0bf1969216c0cfdefe441c40,6392,default,0,p,dnlx,
dx11_default_psh_0pdnlz.fxc,b021e5a06313161a3d9f0cf2a67f8ec16990d742ea1f555e71cdd1b3800964d7,9156,default,0,p,dnlz,
dx11_default_psh_0pdnlzc.fxc,c9e2d38e9b236132982f7a75cbff582bd0c4937bc838087e8a3b4057edc3e2f1,10900,default,0,p,dnlzc,
dx11_default_psh_0pdnlzcx.fxc,613ba9a68b4f28f4a0de1a33695a4d7d225a387980233b015da736c3cd479019,11508,default,0,p,dnlzcx,
dx11_default_psh_0pdnlzo.fxc,68d248cc0f2973f05b86667cc563536a308df56f11b5a2535912602f6b73aa52,10708,default,0,p,dnlzo,
dx11_default_psh_0pdnlzoc.fxc,c9e2d38e9b236132982f7a75cbff582bd0c4937bc838087e8a3b4057edc3e2f1,10900,default,0,p,dnlzoc,
dx11_default_psh_0pdnlzocx.fxc,613ba9a68b4f28f4a0de1a33695a4d7d225a387980233b015da736c3cd479019,11508,default,0,p,dnlzocx,
dx11_default_psh_0pdnlzox.fxc,79c9bd99b600281f5dc7fbad4bf3d969c6e5e2aedd8d3ce33aa5abec85f0de37,11316,default,0,p,dnlzox,
dx11_default_psh_0pdnlzx.fxc,4d07f38bbfe1f5c827115e52c30d41f861a188ade50532c491a2176552f2cb14,9744,default,0,p,dnlzx,
dx11_default_psh_0pdns.fxc,9d69a3717d1a10dfe87d696b6304ad89064e3dff650a839efc4b7c095e930f5c,1956,default,0,p,dns,
dx11_default_psh_0pdnsc.fxc,3c76782fef77ab37b335a09644e7b8267f2bbe343c5de25895916992c204b700,4996,default,0,p,dnsc,
dx11_default_psh_0pdnscx.fxc,0b4aaea0f7519ae32fc243c3e74f26bb744f861f27522fe78386564e8a131645,5604,default,0,p,dnscx,
dx11_default_psh_0pdnsl.fxc,046d2e2685e6b11f6d5496596481cd12a6b40d04b90b5acb33f46b3d611892da,5920,default,0,p,dnsl,
dx11_default_psh_0pdnslc.fxc,d42d7d62239178e51b4fbd86d22e1cfa03e99a72b6bc91c33f37caf967232132,7672,default,0,p,dnslc,
dx11_default_psh_0pdnslcx.fxc,9b2f73595293365cc9915219d8f862f5804af3a7e086cfe9eec77917b6a0b4fd,8280,default,0,p,dnslcx,
dx11_default_psh_0pdnslo.fxc,202cd504f5d6e86cbf0d026b5414c6925a0cf4cca423ff0b7412de3f0a1f0fe9,7468,default,0,p,dnslo,
dx11_default_psh_0pdnsloc.fxc,d42d7d62239178e51b4fbd86d22e1cfa03e99a72b6bc91c33f37caf967232132,7672,default,0,p,dnsloc,
dx11_default_psh_0pdnslocx.fxc,9b2f73595293365cc9915219d8f862f5804af3a7e086cfe9eec77917b6a0b4fd,8280,default,0,p,dnslocx,
dx11_default_psh_0pdnslox.fxc,43a80c6fb5fe6f7151641d7373b2dc8735b27b924e07d938897abf5f7ac029d3,8076,default,0,p,dnslox,
dx11_default_psh_0pdnslx.fxc,363a4df885ea2dfe9584329bd959e85195c5b9a39811306862fcbae2c9755af0,6528,default,0,p,dnslx,
dx11_default_psh_0pdnslz.fxc,c778493168a9b38ffcbb3236636c5650fe31a486ab30cbd3086b7e1d964a78c7,9288,default,0,p,dnslz,
dx11_default_psh_0pdnslzc.fxc,11be47c16313d59f8da84806cffa0279b6746f9667e415ec3d1fd7bb50272ad4,11040,default,0,p,dnslzc,
dx11_default_psh_0pdnslzcx.fxc,41aff2f30915ef4ef183b0cde04e6f9f6191bbd6ff9b0c4c8c8e446c8b072ce7,11648,default,0,p,dnslzcx,
dx11_default_psh_0pdnslzo.fxc,d962ebf5e0e57ee73267e081e77c851a8cf67d7bc7004545bebbede98b2c3bf8,10836,default,0,p,dnslzo,
dx11_default_psh_0pdnslzoc.fxc,11be47c16313d59f8da84806cffa0279b6746f9667e415ec3d1fd7bb50272ad4,11040,default,0,p,dnslzoc,
dx11_default_psh_0pdnslzocx.fxc,41aff2f30915ef4ef183b0cde04e6f9f6191bbd6ff9b0c4c8c8e446c8b072ce7,11648,default,0,p,dnslzocx,
dx11_default_psh_0pdnslzox.fxc,7e798175b0159ea92ac587d0ea4fee0e74b2e33303bd166b0a57a28b3a5c3b43,11444,default,0,p,dnslzox,
dx11_default_psh_0pdnslzx.fxc,886ead329ab4af50fca2e70df6be0bb91cf0834b5606a2a52f51fe588e444434,9896,default,0,p,dnslzx,
dx11_default_psh_0pdnsx.fxc,4a057501b3761df747eb23bee0acdea29ab24d257ce281c66676511a1addc1b5,2584,default,0,p,dnsx,
dx11_default_psh_0pdnx.fxc,4a057501b3761df747eb23bee0acdea29ab24d257ce281c66676511a1addc1b5,2584,default,0,p,dnx,
dx11_default_psh_0pds.fxc,9d69a3717d1a10dfe87d696b6304ad89064e3dff650a839efc4b7c095e930f5c,1956,default,0,p,ds,
dx11_default_psh_0pdsc.fxc,77db97d5196b83732215942f00b5b46e9f4a4a448f89e9ea17b423e1289a4435,4012,default,0,p,dsc,
dx11_default_psh_0pdscx.fxc,8b16d1fd797c295c62ea60e58bb603451f5583e8ed943f39a32d09ca2c33b39d,4620,default,0,p,dscx,
dx11_default_psh_0pdsl.fxc,d06662efbb21335edbbe446ce10945bc0320acfa79f1cf6cc73b186cdc94674c,4752,default,0,p,dsl,
dx11_default_psh_0pdslc.fxc,1a8fb539ca9ef511870a8eeef37ed2153e788c98866373fc17f47747e0edccc2,6480,default,0,p,dslc,
dx11_default_psh_0pdslcx.fxc,06f1f176c4d4648a93ea244b4f1f743f7257397423f4ed01d6e2ad8ed038975e,7088,default,0,p,dslcx,
dx11_default_psh_0pdslo.fxc,0c3ed2dfbe34dca6471a63ad7a9131f562bed3068a47a534144f210172b5bfe3,6300,default,0,p,dslo,
dx11_default_psh_0pdsloc.fxc,1a8fb539ca9ef511870a8eeef37ed2153e788c98866373fc17f47747e0edccc2,6480,default,0,p,dsloc,
dx11_default_psh_0pdslocx.fxc,06f1f176c4d4648a93ea244b4f1f743f7257397423f4ed01d6e2ad8ed038975e,7088,default,0,p,dslocx,
dx11_default_psh_0pdslox.fxc,bb14b94220bbf60b039cfedab58000c0d7ed37d37a7e8c2827b06b86df955abe,6908,default,0,p,dslox,
dx11_default_psh_0pdslx.fxc,51f510aa034bfa7009e1d3c099ca0d0049418b134423cc246a21b03fe3418563,5360,default,0,p,dslx,
dx11_default_psh_0pdslz.fxc,b53588402c0850a7b052cb51c6f18c1051f1c31272dbf35a095609e0337f5fb5,8124,default,0,p,dslz,
dx11_default_psh_0pdslzc.fxc,76fd0a4c86b2b5b00074ec0876db74424812f170822e2be64d1f691f605db85d,9848,default,0,p,dslzc,
dx11_default_psh_0pdslzcx.fxc,c84a97a0d2889796b43bd11229f35d4000870551311629132cfa30cf2cca8b14,10456,default,0,p,dslzcx,
dx11_default_psh_0pdslzo.fxc,9de2c6e0f59e2be9ba3add5355dfa3f71ccf391a12f6dba71cd0a3da27bacb66,9668,default,0,p,dslzo,
dx11_default_psh_0pdslzoc.fxc,76fd0a4c86b2b5b00074ec0876db74424812f170822e2be64d1f691f605db85d,9848,default,0,p,dslzoc,
dx11_default_psh_0pdslzocx.fxc,c84a97a0d2889796b43bd11229f35d4000870551311629132cfa30cf2cca8b14,10456,default,0,p,dslzocx,
dx11_default_psh_0pdslzox.fxc,e42e2b2d5ee09378511a661ff18ef5d8f6a027f1d0959badbaa80b70204d0f9c,10276,default,0,p,dslzox,
dx11_default_psh_0pdslzx.fxc,a96377b7aac421b4fdbeb79f9980b519e9bb02ac0374c8ead31755f5083f15d7,8712,default,0,p,dslzx,
dx11_default_psh_0pdsx.fxc,4a057501b3761df747eb23bee0acdea29ab24d257ce281c66676511a1addc1b5,2584,default,0,p,dsx,
dx11_default_psh_0pdt.fxc,33ab4dae4baa4bfe24d0d68fb2290c884d50b5cf5af7f914aa9705c925fb2625,2160,default,0,p,dt,
dx11_default_psh_0pdtc.fxc,b14995e74522a9681b89c01bd5ef98a771b4ae5578b687788ecd919be7527907,4088,default,0,p,dtc,
dx11_default_psh_0pdtcx.fxc,a57e7ba6828943440b01e4b152f479d57900d0628e466a6af7a7bc450ad3b429,4696,default,0,p,dtcx,
dx11_default_psh_0pdte.fxc,a82fa3bcb43f3c69394baf9392c8b0f05030af4e01e47601a992115389802f7a,2300,default,0,p,dte,
dx11_default_psh_0pdtec.fxc,a869e3834beeac357ecc7b99cd3a53d3428fbe009bb4f3a97477f2c1ba2d5dc4,4308,default,0,p,dtec,
dx11_default_psh_0pdtecx.fxc,02c2a67bfaa29cfbcf8d6c04bb28bde261f27397ab6fdbd05289bc37cc60acc9,4916,default,0,p,dtecx,
dx11_default_psh_0pdtel.fxc,9630058d0b8f73258636ac4b9e6d2af11c151c4f9cf92540d0161ae424dd0e1b,4972,default,0,p,dtel,
dx11_default_psh_0pdtelc.fxc,3bf2b90429dc666b16b4fe2aad44676547460146f03258df3484ea6c7c0128b1,6780,default,0,p,dtelc,
dx11_default_psh_0pdtelcx.fxc,65909d5ef1e6866a24c23616debca208d29f45da6b2fcb498f6924f0a7b4c1b1,7380,default,0,p,dtelcx,
dx11_default_psh_0pdtelo.fxc,fb162086c6359dba36d512a27b0934060ce0e33719815a530d1a09ed6ad6c029,6528,default,0,p,dtelo,
dx11_default_psh_0pdteloc.fxc,3bf2b90429dc666b16b4fe2aad44676547460146f03258df3484ea6c7c0128b1,6780,default,0,p,dteloc,
dx11_default_psh_0pdtelocx.fxc,65909d5ef1e6866a24c23616debca208d29f45da6b2fcb498f6924f0a7b4c1b1,7380,default,0,p,dtelocx,
dx11_default_psh_0pdtelox.fxc,af3acf30a52b278a1315bc5e2ef19083fcb4db7caccb5324f98505c93a4cff25,7136,default,0,p,dtelox,
dx11_default_psh_0pdtelx.fxc,41712221532702b438e5c79e35b442e736951718f546c4d9d2ba1946afa7f527,5580,default,0,p,dtelx,
dx11_default_psh_0pdtelz.fxc,0b1ff679bb8af5b64c6db5576e8e120bf0a15ce9fa7c6a5ca7c8cd0f0891e93c,8320,default,0,p,dtelz,
dx11_default_psh_0pdtelzc.fxc,b9f066eab4f706b0cf887e1e517d2b5b4804bb2bf7b4d98444f241bbe22892d8,10148,default,0,p,dtelzc,
dx11_default_psh_0pdtelzcx.fxc,96d9c1655effc81728837d6a83a5ca526a23dbfa3a94d05d98051e6dd6007b61,10748,default,0,p,dtelzcx,
dx11_default_psh_0pdtelzo.fxc,031cf06fbbdc7134c9ef603bc2e874836cebe6348da5c9d2f55aad716655513b,9896,default,0,p,dtelzo,
dx11_default_psh_0pdtelzoc.fxc,b9f066eab4f706b0cf887e1e517d2b5b4804bb2bf7b4d98444f241bbe22892d8,10148,default,0,p,dtelzoc,
dx11_default_psh_0pdtelzocx.fxc,96d9c1655effc81728837d6a83a5ca526a23dbfa3a94d05d98051e6dd6007b61,10748,default,0,p,dtelzocx,
dx11_default_psh_0pdtelzox.fxc,94e0ca383bc938b55039997804ea98b300760a41ae069f3fef9a11a7c90b538f,10504,default,0,p,dtelzox,
dx11_default_psh_0pdtelzx.fxc,328c7bcb0dad355b52b9df067f7af240c8bc2e9dfa7b9b01f52917559a9d6c5d,8948,default,0,p,dtelzx,
dx11_default_psh_0pdtes.fxc,a82fa3bcb43f3c69394baf9392c8b0f05030af4e01e47601a992115389802f7a,2300,default,0,p,dtes,
dx11_default_psh_0pdtesc.fxc,d265ed1426a98745f3e3bb044b26dd9b96d55547ee59f53d58b78fbc5d681b14,4448,default,0,p,dtesc,
dx11_default_psh_0pdtescx.fxc,0c59227166e8498ffab471858864eec43c0d4c3e989168ef608ba94aaec6ce82,5056,default,0,p,dtescx,
dx11_default_psh_0pdtesl.fxc,81642448e9c9527569f59e52b6081cd05474a44c2410e75bb2675c00d3118a84,5108,default,0,p,dtesl,
dx11_default_psh_0pdteslc.fxc,df3dccbaa99bcba3e2740c323e7c22f43216eaac62198267f415df659b632b8e,6916,default,0,p,dteslc,
dx11_default_psh_0pdteslcx.fxc,ad2f92a520dd816d0abe2d3ee90d5edc52812088c110f933cffb2df458ceaf48,7516,default,0,p,dteslcx,
dx11_default_psh_0pdteslo.fxc,f5e8ce9ef6f5d46deb25b61d6670b9eab69192e8316b2790a986331525cdfb09,6652,default,0,p,dteslo,
dx11_default_psh_0pdtesloc.fxc,df3dccbaa99bcba3e2740c323e7c22f43216eaac62198267f415df659b632b8e,6916,default,0,p,dtesloc,
dx11_default_psh_0pdteslocx.fxc,ad2f92a520dd816d0abe2d3ee90d5edc52812088c110f933cffb2df458ceaf48,7516,default,0,p,dteslocx,
dx11_default_psh_0pdteslox.fxc,ceebd799de10cdfe577eb9fabc1545f28313acc8e66a188bdeb460fb7b0cca67,7260,default,0,p,dteslox,
dx11_default_psh_0pdteslx.fxc,5634f94fb264133fd5f722ed2cbd41c40e3a3417fe472c6600f58b06fe40860a,5716,default,0,p,dteslx,
dx11_default_psh_0pdteslz.fxc,69324c40d5e0055919ae7b6e355d804f93c405bc3796befda6d752a3cac2c99e,8476,default,0,p,dteslz,
dx11_default_psh_0pdteslzc.fxc,a4241a65eee8ef25c2a694f684f8f19288d8197ee994989a2e2fc43345acfa7a,10288,default,0,p,dteslzc,
dx11_default_psh_0pdteslzcx.fxc,dfcb49eddfff0589677938cb6b8f9cc54e9e7da29926297c99896e31243b4141,10888,default,0,p,dteslzcx,
dx11_default_psh_0pdteslzo.fxc,0965486ac18952594d877ddd4b10f0a5a85fda59c6a1ab46ee03816712c3b98c,10024,default,0,p,dteslzo,
dx11_default_psh_0pdteslzoc.fxc,a4241a65eee8ef25c2a694f684f8f19288d8197ee994989a2e2fc43345acfa7a,10288,default,0,p,dteslzoc,
dx11_default_psh_0pdteslzocx.fxc,dfcb49eddfff0589677938cb6b8f9cc54e9e7da29926297c99896e31243b4141,10888,default,0,p,dteslzocx,
dx11_default_psh_0pdteslzox.fxc,cb3e1c0aa4c69d6f4e83067877f473a73e305ea358a6b29500dd046447ca8fae,10632,default,0,p,dteslzox,
dx11_default_psh_0pdteslzx.fxc,c7b0137e00b1dee15e14a83a3cb50d432188acffa233bb0924860fd8df8a3694,9064,default,0,p,dteslzx,
dx11_default_psh_0pdtesx.fxc,e8dd43ecc324aedac79560a989bb79bfb41f59c3ae4a79adc85df0a95a3095d6,2908,default,0,p,dtesx,
dx11_default_psh_0pdtex.fxc,e8dd43ecc324aedac79560a989bb79bfb41f59c3ae4a79adc85df0a95a3095d6,2908,default,0,p,dtex,
dx11_default_psh_0pdtl.fxc,99a209ff9081cef6d18986d4f0917b3c339b81f588dd7bcabf711fea6dd9cdc1,4832,default,0,p,dtl,
dx11_default_psh_0pdtlc.fxc,6c19a6d69adc0fe20ceaeeda627bd39e4960e7645b1017b87678ffd261727f75,6556,default,0,p,dtlc,
dx11_default_psh_0pdtlcx.fxc,f065acdd924ff6460864c0a6feaa6370193ca2b3c59ba3644cf5f53c79876ce9,7164,default,0,p,dtlcx,
dx11_default_psh_0pdtlo.fxc,02de8850c692d545ba19c95107c0bc54596951be00dced685a74dc86337da4a0,6388,default,0,p,dtlo,
dx11_default_psh_0pdtloc.fxc,6c19a6d69adc0fe20ceaeeda627bd39e4960e7645b1017b87678ffd261727f75,6556,default,0,p,dtloc,
dx11_default_psh_0pdtlocx.fxc,f065acdd924ff6460864c0a6feaa6370193ca2b3c59ba3644cf5f53c79876ce9,7164,default,0,p,dtlocx,
dx11_default_psh_0pdtlox.fxc,2807139b75b02c61617e089b3d59c5298bb6a47cadef3faf2b5e4159f84c050f,6996,default,0,p,dtlox,
dx11_default_psh_0pdtlx.fxc,0e0a771a12d0f7f1589a03e6174e6369c545d93908720b2b99e7cc6e346de863,5440,default,0,p,dtlx,
dx11_default_psh_0pdtlz.fxc,b9c365df60344a0974042d9cdcff55b22fe34183b9ccd273f5517ac34e4c572e,8184,default,0,p,dtlz,
dx11_default_psh_0pdtlzc.fxc,922a04880fac42be1f2656f4e558bed71f4119a4f72d292461a45847092070e9,9924,default,0,p,dtlzc,
dx11_default_psh_0pdtlzcx.fxc,ae1538d0a45abec0d8897dfc91296f6fbff18ee3ce9ef0f7f9c6e9a67b1f1f27,10532,default,0,p,dtlzcx,
dx11_default_psh_0pdtlzo.fxc,edf6cfa90d637fada2053f1b67df6e4025326ece3e30c8eca65a15283d9f21c0,9756,default,0,p,dtlzo,
dx11_default_psh_0pdtlzoc.fxc,922a04880fac42be1f2656f4e558bed71f4119a4f72d292461a45847092070e9,9924,default,0,p,dtlzoc,
dx11_default_psh_0pdtlzocx.fxc,ae1538d0a45abec0d8897dfc91296f6fbff18ee3ce9ef0f7f9c6e9a67b1f1f27,10532,default,0,p,dtlzocx,
dx11_default_psh_0pdtlzox.fxc,612be946e85951d08b9b1957ae7a15ec01aaf862d942cc8e4afe841b2ceac845,10364,default,0,p,dtlzox,
dx11_default_psh_0pdtlzx.fxc,2e0e11a8159b2dd6929192b08ed4baf38b256fbf066024e96b3cd3a7ad3fc557,8812,default,0,p,dtlzx,
dx11_default_psh_0pdtn.fxc,33ab4dae4baa4bfe24d0d68fb2290c884d50b5cf5af7f914aa9705c925fb2625,2160,default,0,p,dtn,
dx11_default_psh_0pdtnc.fxc,7a03d85006ed2534c3eaaf8eed092925243ebe5b3cfb974755558f764ad50186,5072,default,0,p,dtnc,
dx11_default_psh_0pdtncx.fxc,32a45bebf2902f1b0eb305c696cac653aa35ec280f9406475319fcc85bbcb96c,5680,default,0,p,dtncx,
dx11_default_psh_0pdtne.fxc,a82fa3bcb43f3c69394baf9392c8b0f05030af4e01e47601a992115389802f7a,2300,default,0,p,dtne,
dx11_default_psh_0pdtnec.fxc,d5e6ea66b121a722c5f9d2cadc910c46f290adf278e6338b8630f07d8dc23a51,5296,default,0,p,dtnec,
dx11_default_psh_0pdtnecx.fxc,228499abf1d3a6c8079853e43b6c3fa88bd8599f88ad0260762d12385755f61a,5904,default,0,p,dtnecx,
dx11_default_psh_0pdtnel.fxc,dd8a305f82ebc34723096bf30b69d4f9df78d760d9668549ad00be9d45e307a0,6140,default,0,p,dtnel,
dx11_default_psh_0pdtnelc.fxc,a804d516a4e1ed47578b9f6e88cb817400a6ccb22c0888a5ab60d15851b4d3dc,7960,default,0,p,dtnelc,
dx11_default_psh_0pdtnelcx.fxc,f37859fb9025317e52d0ea01be7b1043c6254aec9c46a730878d70d97efb8ccb,8576,default,0,p,dtnelcx,
dx11_default_psh_0pdtnelo.fxc,562f515776993ecd50efe48e0aee3e29690a5150d4e0875cc9a3e13aad2065f2,7692,default,0,p,dtnelo,
dx11_default_psh_0pdtneloc.fxc,a804d516a4e1ed47578b9f6e88cb817400a6ccb22c0888a5ab60d15851b4d3dc,7960,default,0,p,dtneloc,
dx11_default_psh_0pdtnelocx.fxc,f37859fb9025317e52d0ea01be7b1043c6254aec9c46a730878d70d97efb8ccb,8576,default,0,p,dtnelocx,
dx11_default_psh_0pdtnelox.fxc,1581426f6076f1e2a27e86223831fdb59d6b0846e69b1fe82596a088aec163f0,8292,default,0,p,dtnelox,
dx11_default_psh_0pdtnelx.fxc,1a7a21f7e493a55023b85d9fde7d7124ccfc54c9d188b81f9a8319c29481ce76,6748,default,0,p,dtnelx,
dx11_default_psh_0pdtnelz.fxc,c1c9381cf4e0069b42a759c9e88c1cee827683df4ea0634485dd20e5533eb247,9508,default,0,p,dtnelz,
dx11_default_psh_0pdtnelzc.fxc,80508e68027f411946045d0b58908cdfff3ca56f330a35c87fed6bea56c383b4,11340,default,0,p,dtnelzc,
dx11_default_psh_0pdtnelzcx.fxc,5835733577b8b377fe9de0545493d020e5525d463627f86aadaf1a3ab831c03d,11948,default,0,p,dtnelzcx,
dx11_default_psh_0pdtnelzo.fxc,640ca15f813aab513323db9eef650c8147e0f539fb049509dff38c30f6054844,11064,default,0,p,dtnelzo,
dx11_default_psh_0pdtnelzoc.fxc,80508e68027f411946045d0b58908cdfff3ca56f330a35c87fed6bea56c383b4,11340,default,0,p,dtnelzoc,
dx11_default_psh_0pdtnelzocx.fxc,5835733577b8b377fe9de0545493d020e5525d463627f86aadaf1a3ab831c03d,11948,default,0,p,dtnelzocx,
dx11_default_psh_0pdtnelzox.fxc,9dd0602f65968d02f20b76a8e421f27cec26dcd136a251d906bc422c04959974,11672,default,0,p,dtnelzox,
dx11_default_psh_0pdtnelzx.fxc,1107ff0049206020b472a2fc24603a2e6955d3f65fe07d9b2613dba0f6b8d686,10096,default,0,p,dtnelzx,
dx11_default_psh_0pdtnes.fxc,a82fa3bcb43f3c69394baf9392c8b0f05030af4e01e47601a992115389802f7a,2300,default,0,p,dtnes,
dx11_default_psh_0pdtnesc.fxc,670fadfc0b74dea7068520ec5d1966a4e26a68a8bfb94746537bcebbb79e96bb,5436,default,0,p,dtnesc,
dx11_default_psh_0pdtnescx.fxc,75e0ba58fb9b4c3b34de02fac8effce70fd0ca89e8d8e8ac40e102b2d3f3a1a9,6044,default,0,p,dtnescx,
dx11_default_psh_0pdtnesl.fxc,df48ccc21465d10d1eb88b4ed5b9a6cd21444c63dcafb016681e36bf4405b27b,6272,default,0,p,dtnesl,
dx11_default_psh_0pdtneslc.fxc,141750f34f1c2a84333ad884469f23b1c45a849d5c57ecdf00cf72da7f71d171,8100,default,0,p,dtneslc,
dx11_default_psh_0pdtneslcx.fxc,0542c98562ef9c7b813b27528ff344abb98e03246efc7c22274f9f4085cafa5a,8716,default,0,p,dtneslcx,
dx11_default_psh_0pdtneslo.fxc,9291154adc7ba7867f44125483c5239795832d8fb097096c792441e35f7dd6eb,7820,default,0,p,dtneslo,
dx11_default_psh_0pdtnesloc.fxc,141750f34f1c2a84333ad884469f23b1c45a849d5c57ecdf00cf72da7f71d171,8100,default,0,p,dtnesloc,
dx11_default_psh_0pdtneslocx.fxc,0542c98562ef9c7b813b27528ff344abb98e03246efc7c22274f9f4085cafa5a,8716,default,0,p,dtneslocx,
dx11_default_psh_0pdtneslox.fxc,64fddf7b8ec99ee7cc0f77e935d4bd292de73b807271e4c4b7f1ade2beae16ee,8420,default,0,p,dtneslox,
dx11_default_psh_0pdtneslx.fxc,d6c587dadd794fce0ee1db623c7d64bb319ebf6e6123c1c2f5fdd7e0a15d8f76,6880,default,0,p,dtneslx,
dx11_default_psh_0pdtneslz.fxc,324dd45e2d5f0bc0c651566afe2eee6ab662a58e3196c88de4ee0d4a26954a67,9644,default,0,p,dtneslz,
dx11_default_psh_0pdtneslzc.fxc,a80e34f1a2d11ee092ecd80b58836201787c1e3b148a0adb7d141e60e7b66d93,11480,default,0,p,dtneslzc,
dx11_default_psh_0pdtneslzcx.fxc,ad02230ea490a7467a3df161e9ebb6bffa6c7b8d8e074ed46596df5a39087161,12088,default,0,p,dtneslzcx,
dx11_default_psh_0pdtneslzo.fxc,c8477c0106639f81d13a6c5b522ce5a8ee27f2aad7b0164e4933811ca847bd30,11192,default,0,p,dtneslzo,
dx11_default_psh_0pdtneslzoc.fxc,a80e34f1a2d11ee092ecd80b58836201787c1e3b148a0adb7d141e60e7b66d93,11480,default,0,p,dtneslzoc,
dx11_default_psh_0pdtneslzocx.fxc,ad02230ea490a7467a3df161e9ebb6bffa6c7b8d8e074ed46596df5a39087161,12088,default,0,p,dtneslzocx,
dx11_default_psh_0pdtneslzox.fxc,a7287f77b2908276e20df65edb2a706cdd0dfb2c3498977437daf26856a91119,11800,default,0,p,dtneslzox,
dx11_default_psh_0pdtneslzx.fxc,1b95ba2cc896db2e529d7a593fd5d054c019fafb752c4bf78b7204557ec5d5ed,10252,default,0,p,dtneslzx,
dx11_default_psh_0pdtnesx.fxc,e8dd43ecc324aedac79560a989bb79bfb41f59c3ae4a79adc85df0a95a3095d6,2908,default,0,p,dtnesx,
dx11_default_psh_0pdtnex.fxc,e8dd43ecc324aedac79560a989bb79bfb41f59c3ae4a79adc85df0a95a3095d6,2908,default,0,p,dtnex,
dx11_default_psh_0pdtnl.fxc,db22667602334cefc534037cc34130ae9d1a080ebc65da183198cb9175eb0344,6000,default,0,p,dtnl,
dx11_default_psh_0pdtnlc.fxc,08920a6442a7b64610160e49abc6c4a9180c5f093b5b5dba69099b2f8e6eb1f8,7748,default,0,p,dtnlc,
dx11_default_psh_0pdtnlcx.fxc,4b8aa647f1fe09b6bdbc73b58ce0a0bff7cfc40b548f6de39683070a41c90a78,8356,default,0,p,dtnlcx,
dx11_default_psh_0pdtnlo.fxc,99e721dfee2cdc670995980c0dfbfca53e7c6d3a55e74c66b0ae5ab49d4a72b2,7556,default,0,p,dtnlo,
dx11_default_psh_0pdtnloc.fxc,08920a6442a7b64610160e49abc6c4a9180c5f093b5b5dba69099b2f8e6eb1f8,7748,default,0,p,dtnloc,
dx11_default_psh_0pdtnlocx.fxc,4b8aa647f1fe09b6bdbc73b58ce0a0bff7cfc40b548f6de39683070a41c90a78,8356,default,0,p,dtnlocx,
dx11_default_psh_0pdtnlox.fxc,09ea600822026e56c7e74a1f3d33e3f751c17a95ab6c68af18fcf26df53e4dba,8164,default,0,p,dtnlox,
dx11_default_psh_0pdtnlx.fxc,41e99e7a8a7b98de766fad99169ceeae539178537b56be86093fdea77041203e,6608,default,0,p,dtnlx,
dx11_default_psh_0pdtnlz.fxc,7061ac53b08bd387a117b5d010de074882fad3f60f7bf33b6a3df0d5fdccd9c1,9368,default,0,p,dtnlz,
dx11_default_psh_0pdtnlzc.fxc,f1174d02bd2a33a400f38bdfe9eaf6d1abc5b53d7b9cc0ba612f0c3c23565898,11116,default,0,p,dtnlzc,
dx11_default_psh_0pdtnlzcx.fxc,92bf49fa51a35093e5e09d3ad592738e4d91df56315336eb57f6103cbea54d09,11724,default,0,p,dtnlzcx,
dx11_default_psh_0pdtnlzo.fxc,d3adbbdb8cc5b57443862d9b14f19356b8232360a4f4d96efdf19922f4cecf84,10924,default,0,p,dtnlzo,
dx11_default_psh_0pdtnlzoc.fxc,f1174d02bd2a33a400f38bdfe9eaf6d1abc5b53d7b9cc0ba612f0c3c23565898,11116,default,0,p,dtnlzoc,
dx11_default_psh_0pdtnlzocx.fxc,92bf49fa51a35093e5e09d3ad592738e4d91df56315336eb57f6103cbea54d09,11724,default,0,p,dtnlzocx,
dx11_default_psh_0pdtnlzox.fxc,10b577d8c513dd97aceb3deabab11686f34e17668323885f136c34cf14cc0587,11532,default,0,p,dtnlzox,
dx11_default_psh_0pdtnlzx.fxc,0825efd4f670ddc3de82b64de8860745ae83543c4c0ab046c451599136c1b519,9956,default,0,p,dtnlzx,
dx11_default_psh_0pdtns.fxc,33ab4dae4baa4bfe24d0d68fb2290c884d50b5cf5af7f914aa9705c925fb2625,2160,default,0,p,dtns,
dx11_default_psh_0pdtnsc.fxc,e357ec2a43ac0248645b4e02a814797b73c383262dfae417046de4086991ce8a,5212,default,0,p,dtnsc,
dx11_default_psh_0pdtnscx.fxc,1f2d1d62942908655009d1e714b8cc65a37ce7f78bcad912d1351c95e533e8a2,5820,default,0,p,dtnscx,
dx11_default_psh_0pdtnsl.fxc,a0386c47d052ab64a1ec424cfd6dd600e9151a8b95009e4ddfd32b79dbdba0d5,6136,default,0,p,dtnsl,
dx11_default_psh_0pdtnslc.fxc,188d12a3fb2fa0ba59a32566a759f3138cc72329d2ccfa964d55af2a115dcfbf,7884,default,0,p,dtnslc,
dx11_default_psh_0pdtnslcx.fxc,d97339a66e8c9945561025b1728a85a26e820e106e2ceae2c44870ab6286e17d,8492,default,0,p,dtnslcx,
dx11_default_psh_0pdtnslo.fxc,08aade68c6554570f9707bfa82e9c57b47406715c3b35aba8368a524240cd7b7,7680,default,0,p,dtnslo,
dx11_default_psh_0pdtnsloc.fxc,188d12a3fb2fa0ba59a32566a759f3138cc72329d2ccfa964d55af2a115dcfbf,7884,default,0,p,dtnsloc,
dx11_default_psh_0pdtnslocx.fxc,d97339a66e8c9945561025b1728a85a26e820e106e2ceae2c44870ab6286e17d,8492,default,0,p,dtnslocx,
dx11_default_psh_0pdtnslox.fxc,6a6c1d49e8a71e1c08e8bb84829de433f346cb883e1bf7045683024742b2dc11,8288,default,0,p,dtnslox,
dx11_default_psh_0pdtnslx.fxc,a2e1eeafe48242ef1fd8fb29f862f52885fad72c8d2d47c45b2bb8667c5dd440,6744,default,0,p,dtnslx,
dx11_default_psh_0pdtnslz.fxc,fdecbfee85c54a7dd50513f4c7303cd0bdcf001e09d0a1278a122d3d84b2a1ed,9504,default,0,p,dtnslz,
dx11_default_psh_0pdtnslzc.fxc,e88d96531b40920a2c480eefa399cf205dd9d507c57d99e018b1924d8300c417,11256,default,0,p,dtnslzc,
dx11_default_psh_0pdtnslzcx.fxc,df1645c652e4cd5a307b54fe6263274ce80f52027ecb488e1006caa37369878b,11864,default,0,p,dtnslzcx,
dx11_default_psh_0pdtnslzo.fxc,86adcb1153203ad185dbdff4ed85cb493f212738678b81133539ec32eb575fa0,11052,default,0,p,dtnslzo,
dx11_default_psh_0pdtnslzoc.fxc,e88d96531b40920a2c480eefa399cf205dd9d507c57d99e018b1924d8300c417,11256,default,0,p,dtnslzoc,
dx11_default_psh_0pdtnslzocx.fxc,df1645c652e4cd5a307b54fe6263274ce80f52027ecb488e1006caa37369878b,11864,default,0,p,dtnslzocx,
dx11_default_psh_0pdtnslzox.fxc,4d69f8b4e86fcdc17014613d65698fd8402f2c2e5b3fe15d79fdf558fae1ea23,11660,default,0,p,dtnslzox,
dx11_default_psh_0pdtnslzx.fxc,b86884c6ce48225cbc07f60ee944824ea59dbbb036ddc4bbaab69c06454e47f6,10112,default,0,p,dtnslzx,
dx11_default_psh_0pdtnsx.fxc,2e0864997d5f093d80b7d7a147912fb5d94746637ffc6ef057cbc0fa0a6427ab,2768,default,0,p,dtnsx,
dx11_default_psh_0pdtnx.fxc,2e0864997d5f093d80b7d7a147912fb5d94746637ffc6ef057cbc0fa0a6427ab,2768,default,0,p,dtnx,
dx11_default_psh_0pdts.fxc,33ab4dae4baa4bfe24d0d68fb2290c884d50b5cf5af7f914aa9705c925fb2625,2160,default,0,p,dts,
dx11_default_psh_0pdtsc.fxc,a70cbde7626aa81f7dc60b75cc773ec244108d795d63b68a19f9bf6a398c0155,4224,default,0,p,dtsc,
dx11_default_psh_0pdtscx.fxc,940dbfcc457c6d5729425b727d32bf643aed89a2cc77b348b575262e62d9dd42,4832,default,0,p,dtscx,
dx11_default_psh_0pdtsl.fxc,0d2c5414e4ab790b2a8b5ec2c5e8da2eb39eff88033009a23e7446ecf45d2f59,4968,default,0,p,dtsl,
dx11_default_psh_0pdtslc.fxc,fab1edc1e8d1664e6667236cc562509f16555081144ea1bdad68c99a567dfba1,6696,default,0,p,dtslc,
dx11_default_psh_0pdtslcx.fxc,407ee5acf481e92a9d645d9a756effff5d9ac4351ef7d7a861edaef725132df0,7304,default,0,p,dtslcx,
dx11_default_psh_0pdtslo.fxc,1d255f836bf42b486eb47adfb40b9e36e651b31f883726077d674039a895b6ae,6516,default,0,p,dtslo,
dx11_default_psh_0pdtsloc.fxc,fab1edc1e8d1664e6667236cc562509f16555081144ea1bdad68c99a567dfba1,6696,default,0,p,dtsloc,
dx11_default_psh_0pdtslocx.fxc,407ee5acf481e92a9d645d9a756effff5d9ac4351ef7d7a861edaef725132df0,7304,default,0,p,dtslocx,
dx11_default_psh_0pdtslox.fxc,a6ccc297d7f063b34468d64df6fb47e413bf2ad46c7c194bdccf27358e2b196f,7124,default,0,p,dtslox,
dx11_default_psh_0pdtslx.fxc,db4a3223fdd5cc8068ce2d00b3ed3c8d066ea07b76dd1abe42bf1f8d22bfa020,5576,default,0,p,dtslx,
dx11_default_psh_0pdtslz.fxc,efe0a2df2a981c7f096806af95a4983c189b95d1ca5bd857da48c6c961ebe7dc,8336,default,0,p,dtslz,
dx11_default_psh_0pdtslzc.fxc,86267e28a88eafa70afa2617f381c74bb390e830ba9624c8c1712e9efb83e6ff,10064,default,0,p,dtslzc,
dx11_default_psh_0pdtslzcx.fxc,26619965289fe71ddc2456746769ec7c905af762b1e7c7e3952f1669e2371b17,10672,default,0,p,dtslzcx,
dx11_default_psh_0pdtslzo.fxc,8c25ef255baef10115a29a6f31f26df452c28ae63bab4da0710a398c61222dfa,9884,default,0,p,dtslzo,
dx11_default_psh_0pdtslzoc.fxc,86267e28a88eafa70afa2617f381c74bb390e830ba9624c8c1712e9efb83e6ff,10064,default,0,p,dtslzoc,
dx11_default_psh_0pdtslzocx.fxc,26619965289fe71ddc2456746769ec7c905af762b1e7c7e3952f1669e2371b17,10672,default,0,p,dtslzocx,
dx11_default_psh_0pdtslzox.fxc,878e6ddb7b7349f3e62f15ba32bd69842d02ac07ba1d3d7a273a60e5209a8c06,10492,default,0,p,dtslzox,
dx11_default_psh_0pdtslzx.fxc,c5743fc164c78e2f491c43cdd8eef3acc5222e9e0fdb6befacf53b01f5fef9ea,8924,default,0,p,dtslzx,
dx11_default_psh_0pdtsx.fxc,2e0864997d5f093d80b7d7a147912fb5d94746637ffc6ef057cbc0fa0a6427ab,2768,default,0,p,dtsx,
dx11_default_psh_0pdtx.fxc,2e0864997d5f093d80b7d7a147912fb5d94746637ffc6ef057cbc0fa0a6427ab,2768,default,0,p,dtx,
dx11_default_psh_0pdx.fxc,4a057501b3761df747eb23bee0acdea29ab24d257ce281c66676511a1addc1b5,2584,default,0,p,dx,
dx11_default_psh_0pl.fxc,f4b09a916d45c50d062eeec876c9dd0f444ad3d8b4e7534d220c553972ce4ee8,4424,default,0,p,l,
dx11_default_psh_0plc.fxc,d4c5d925cbc7f97d2e1ac6f61f3bd59af8feb30687e8ef0bda8d334155025dec,6200,default,0,p,lc,
dx11_default_psh_0plo.fxc,3c5cf8a5d798a05bf1a728b96b42ddab81318bb1870dfa34b9254e412015c1c4,6032,default,0,p,lo,
dx11_default_psh_0ploc.fxc,d4c5d925cbc7f97d2e1ac6f61f3bd59af8feb30687e8ef0bda8d334155025dec,6200,default,0,p,loc,
dx11_default_psh_0plz.fxc,c3c4af3647b352a3fb01e4de70f3d8595f83efb4f62a194b0034175d3add1125,7772,default,0,p,lz,
dx11_default_psh_0plzc.fxc,ad4e76d7cda61db5558bf869ff2b64f7ad8e583fde3f1bfddb6458b7c540ea6f,9572,default,0,p,lzc,
dx11_default_psh_0plzo.fxc,43d9db1d210de1dc7bc92d32bba27ed0ec54d9165a1d34d91b064efa732c7f77,9404,default,0,p,lzo,
dx11_default_psh_0plzoc.fxc,ad4e76d7cda61db5558bf869ff2b64f7ad8e583fde3f1bfddb6458b7c540ea6f,9572,default,0,p,lzoc,
dx11_default_psh_1p.fxc,7f1f27b92a007b16aec533df11fcec01896ef1b76d48b97d53537f4fe6a12f11,1852,default,1,p,,
dx11_default_psh_1pd.fxc,e77e121252bbfaec85b1c21c5e84e766e4139f84cec7f079da70e969057e17ad,2044,default,1,p,d,
dx11_default_psh_1pde.fxc,b4f3b2530603a2e0791191cd9773be7c25d5c9be204c8748979954facc539cda,2176,default,1,p,de,
dx11_default_psh_1pdes.fxc,b4f3b2530603a2e0791191cd9773be7c25d5c9be204c8748979954facc539cda,2176,default,1,p,des,
dx11_default_psh_1pdesx.fxc,394d0badd994100c8f78de828a7c0f0123ccf6d5134697aace8584c933ae4251,2800,default,1,p,desx,
dx11_default_psh_1pdex.fxc,394d0badd994100c8f78de828a7c0f0123ccf6d5134697aace8584c933ae4251,2800,default,1,p,dex,
dx11_default_psh_1pdn.fxc,e77e121252bbfaec85b1c21c5e84e766e4139f84cec7f079da70e969057e17ad,2044,default,1,p,dn,
dx11_default_psh_1pdne.fxc,b4f3b2530603a2e0791191cd9773be7c25d5c9be204c8748979954facc539cda,2176,default,1,p,dne,
dx11_default_psh_1pdnes.fxc,b4f3b2530603a2e0791191cd9773be7c25d5c9be204c8748979954facc539cda,2176,default,1,p,dnes,
dx11_default_psh_1pdnesx.fxc,394d0badd994100c8f78de828a7c0f0123ccf6d5134697aace8584c933ae4251,2800,default,1,p,dnesx,
dx11_default_psh_1pdnex.fxc,394d0badd994100c8f78de828a7c0f0123ccf6d5134697aace8584c933ae4251,2800,default,1,p,dnex,
dx11_default_psh_1pdns.fxc,e77e121252bbfaec85b1c21c5e84e766e4139f84cec7f079da70e969057e17ad,2044,default,1,p,dns,
dx11_default_psh_1pdnsx.fxc,da2cb8ed5ddd3bca76f6f6cb493ac952fdfdc463a7eefe1ebf5cc553dae838d9,2668,default,1,p,dnsx,
dx11_default_psh_1pdnx.fxc,da2cb8ed5ddd3bca76f6f6cb493ac952fdfdc463a7eefe1ebf5cc553dae838d9,2668,default,1,p,dnx,
dx11_default_psh_1pds.fxc,e77e121252bbfaec85b1c21c5e84e766e4139f84cec7f079da70e969057e17ad,2044,default,1,p,ds,
dx11_default_psh_1pdsx.fxc,da2cb8ed5ddd3bca76f6f6cb493ac952fdfdc463a7eefe1ebf5cc553dae838d9,2668,default,1,p,dsx,
dx11_default_psh_1pdt.fxc,813e8a5499b6fdd33a31a4a6495399791af430fa4c3587980897d7b06818e743,2252,default,1,p,dt,
dx11_default_psh_1pdte.fxc,00e31ae97c91e9ef307e94755c1a853b94a882264d47f3e8d88dd657ecdfe6ae,2392,default,1,p,dte,
dx11_default_psh_1pdtes.fxc,00e31ae97c91e9ef307e94755c1a853b94a882264d47f3e8d88dd657ecdfe6ae,2392,default,1,p,dtes,
dx11_default_psh_1pdtesx.fxc,763ccd7784efae498b34cbd2934955e6b566e209fe9246a730db96cd4125a33c,2996,default,1,p,dtesx,
dx11_default_psh_1pdtex.fxc,763ccd7784efae498b34cbd2934955e6b566e209fe9246a730db96cd4125a33c,2996,default,1,p,dtex,
dx11_default_psh_1pdtn.fxc,813e8a5499b6fdd33a31a4a6495399791af430fa4c3587980897d7b06818e743,2252,default,1,p,dtn,
dx11_default_psh_1pdtne.fxc,00e31ae97c91e9ef307e94755c1a853b94a882264d47f3e8d88dd657ecdfe6ae,2392,default,1,p,dtne,
dx11_default_psh_1pdtnes.fxc,00e31ae97c91e9ef307e94755c1a853b94a882264d47f3e8d88dd657ecdfe6ae,2392,default,1,p,dtnes,
dx11_default_psh_1pdtnesx.fxc,763ccd7784efae498b34cbd2934955e6b566e209fe9246a730db96cd4125a33c,2996,default,1,p,dtnesx,
dx11_default_psh_1pdtnex.fxc,763ccd7784efae498b34cbd2934955e6b566e209fe9246a730db96cd4125a33c,2996,default,1,p,dtnex,
dx11_default_psh_1pdtns.fxc,813e8a5499b6fdd33a31a4a6495399791af430fa4c3587980897d7b06818e743,2252,default,1,p,dtns,
dx11_default_psh_1pdtnsx.fxc,20d17741ae399883b44d68e0c0a5b808c56941c88df4d5928745ebda0b51445b,2856,default,1,p,dtnsx,
dx11_default_psh_1pdtnx.fxc,20d17741ae399883b44d68e0c0a5b808c56941c88df4d5928745ebda0b51445b,2856,default,1,p,dtnx,
dx11_default_psh_1pdts.fxc,813e8a5499b6fdd33a31a4a6495399791af430fa4c3587980897d7b06818e743,2252,default,1,p,dts,
dx11_default_psh_1pdtsx.fxc,20d17741ae399883b44d68e0c0a5b808c56941c88df4d5928745ebda0b51445b,2856,default,1,p,dtsx,
dx11_default_psh_1pdtx.fxc,20d17741ae399883b44d68e0c0a5b808c56941c88df4d5928745ebda0b51445b,2856,default,1,p,dtx,
dx11_default_psh_1pdx.fxc,da2cb8ed5ddd3bca76f6f6cb493ac952fdfdc463a7eefe1ebf5cc553dae838d9,2668,default,1,p,dx,
dx11_default_psh_2p.fxc,7f1f27b92a007b16aec533df11fcec01896ef1b76d48b97d53537f4fe6a12f11,1852,default,2,p,,
dx11_default_psh_2pc.fxc,3cfbc728ed8e18e1111f8890f847b7e5bb6fb45a4091f3a938892764a0243338,3820,default,2,p,c,
dx11_default_psh_2pd.fxc,e77e121252bbfaec85b1c21c5e84e766e4139f84cec7f079da70e969057e17ad,2044,default,2,p,d,
dx11_default_psh_2pdc.fxc,40d09e3caf651c32fc030c38c1d380b474b9da3edfae73e7f65dbbf7d9c7deb7,3964,default,2,p,dc,
dx11_default_psh_2pdcx.fxc,45005c794ae4cb6efa3d79b2b54db287183265e383bbe5eccc1760aabbf62800,4568,default,2,p,dcx,
dx11_default_psh_2pde.fxc,b4f3b2530603a2e0791191cd9773be7c25d5c9be204c8748979954facc539cda,2176,default,2,p,de,
dx11_default_psh_2pdec.fxc,8fb00cf8a07de69c940462699aeae8e17d44e12748ac119ab8f82e6ebd874355,4188,default,2,p,dec,
dx11_default_psh_2pdecx.fxc,65c25b6f79975c829905f2e44249dbed072782044f79a7f398da173276963e4e,4792,default,2,p,decx,
dx11_default_psh_2pdel.fxc,ab2101b69155e9947fdd361c18cdf6afa8587e64ec2b372b0d0726870ef070bd,4848,default,2,p,del,
dx11_default_psh_2pdelc.fxc,03cfd7df4b3f694eeaed9fd24d0f627649d7a9effab2bfa856ee0dd98a5d01e5,6656,default,2,p,delc,
dx11_default_psh_2pdelcx.fxc,044907a88ed12e1b121d2149cf9afe312cb6174f08af76227534c68d4176b595,7252,default,2,p,delcx,
dx11_default_psh_2pdelo.fxc,c61d26ed9da7fe34de899ba7d4fa347bed67e96fb8a0282756403c8a1b89ebea,6404,default,2,p,delo,
dx11_default_psh_2pdeloc.fxc,03cfd7df4b3f694eeaed9fd24d0f627649d7a9effab2bfa856ee0dd98a5d01e5,6656,default,2,p,deloc,
dx11_default_psh_2pdelocx.fxc,044907a88ed12e1b121d2149cf9afe312cb6174f08af76227534c68d4176b595,7252,default,2,p,delocx,
dx11_default_psh_2pdelox.fxc,0b7de6f7d0c06579f8ce5025dd44c1e873c78f9c75f1055c7700a2d92090dea0,7008,default,2,p,delox,
dx11_default_psh_2pdelx.fxc,95ec7ca448b50252f2d69c8dded5d18c99a6f5ad70f9b788b2116d94d12977c8,5452,default,2,p,delx,
dx11_default_psh_2pdelz.fxc,b8a2e9080a2bcc70b693c9db705dd9cfee34fc1174174f2195b584dc33435051,8200,default,2,p,delz,
dx11_default_psh_2pdelzc.fxc,e86ce91a1cfaa51fb47f88ddf68f32de0590f0c3e84d4ba05c72f7cac3155c22,10024,default,2,p,delzc,
dx11_default_psh_2pdelzcx.fxc,5bc56b9cbc1d25a3fd030127e97421fbed8395eba9fb39aeb360f0defb29cd38,10620,default,2,p,delzcx,
dx11_default_psh_2pdelzo.fxc,14eef858f629295baeb15d113c241cfda886dcf37db694c96c09803b4c8ae546,9772,default,2,p,delzo,
dx11_default_psh_2pdelzoc.fxc,e86ce91a1cfaa51fb47f88ddf68f32de0590f0c3e84d4ba05c72f7cac3155c22,10024,default,2,p,delzoc,
dx11_default_psh_2pdelzocx.fxc,5bc56b9cbc1d25a3fd030127e97421fbed8395eba9fb39aeb360f0defb29cd38,10620,default,2,p,delzocx,
dx11_default_psh_2pdelzox.fxc,47fa6cdc78794adbb9e495b3fcec6cbc82c7d3cbbd8de434070e22a53527ca59,10376,default,2,p,delzox,
dx11_default_psh_2pdelzx.fxc,ca66cdb78f1480a5964e91e3211ec7aa25703b2c0f59295276fb4ee0a9c40be8,8824,default,2,p,delzx,
dx11_default_psh_2pdes.fxc,b4f3b2530603a2e0791191cd9773be7c25d5c9be204c8748979954facc539cda,2176,default,2,p,des,
dx11_default_psh_2pdesc.fxc,fafc7cae5e8c5a7087cec6fa11aac679525d229a6fb98dd81b1b8d5e5190c9fd,4324,default,2,p,desc,
dx11_default_psh_2pdescx.fxc,5c3c1d1e36a83716910c07ed7c1252d75e5926c9d82df5f58053ea0ce3852656,4928,default,2,p,descx,
dx11_default_psh_2pdesl.fxc,7b35b04bd481381d177e367a0205ded718d6366c699bf19b788a3a86bb986ad1,4984,default,2,p,desl,
dx11_default_psh_2pdeslc.fxc,7701d95b99e5f17480cbbe3a3c05d2854818083936fc744e846936290726dc39,6796,default,2,p,deslc,
dx11_default_psh_2pdeslcx.fxc,ecbfc1fee63cb10474b239f0e3c2ae03b740a1efbe346457eb73f3623c681267,7392,default,2,p,deslcx,
dx11_default_psh_2pdeslo.fxc,39c6e329704fd96bddc67b13b25ec55f1f35ca80fc17022b5602972f1fffea91,6532,default,2,p,deslo,
dx11_default_psh_2pdesloc.fxc,7701d95b99e5f17480cbbe3a3c05d2854818083936fc744e846936290726dc39,6796,default,2,p,desloc,
dx11_default_psh_2pdeslocx.fxc,ecbfc1fee63cb10474b239f0e3c2ae03b740a1efbe346457eb73f3623c681267,7392,default,2,p,deslocx,
dx11_default_psh_2pdeslox.fxc,d80be4a5dd14f2d6e4ad1cde4f75435560932aafc85efa7492ffd4a0b930c22b,7136,default,2,p,deslox,
dx11_default_psh_2pdeslx.fxc,2d37a61e3e5c03f82a1f1c64c0c6d56012f04c8d30f3e3827102223086988e23,5588,default,2,p,deslx,
dx11_default_psh_2pdeslz.fxc,d909d388ce59a613763ab5bb181e131b0c95c12975abb19c8493366e1d1625c1,8352,default,2,p,deslz,
dx11_default_psh_2pdeslzc.fxc,edafb2b93b596161bb91572a790fb6643627ba29f8cf685ec9837326c67d1973,10164,default,2,p,deslzc,
dx11_default_psh_2pdeslzcx.fxc,1c663da160a9c05da8ee069d3ad50fac7ac1d4ea36bbe747b7358c551abbaf4e,10760,default,2,p,deslzcx,
dx11_default_psh_2pdeslzo.fxc,d970ec9897f1dd7f50558aade7b6f27fca7fdc3ad0740014419f7eee24706857,9900,default,2,p,deslzo,
dx11_default_psh_2pdeslzoc.fxc,edafb2b93b596161bb91572a790fb6643627ba29f8cf685ec9837326c67d1973,10164,default,2,p,deslzoc,
dx11_default_psh_2pdeslzocx.fxc,1c663da160a9c05da8ee069d3ad50fac7ac1d4ea36bbe747b7358c551abbaf4e,10760,default,2,p,deslzocx,
dx11_default_psh_2pdeslzox.fxc,3c1b4c29b82a98fae4908d464e40c15f13a3c27a200648bd8eb4591cc4093057,10504,default,2,p,deslzox,
dx11_default_psh_2pdeslzx.fxc,53fee0656a190d48ead3933359f2a493205fcb2ef79151f01217a746debd3916,8956,default,2,p,deslzx,
dx11_default_psh_2pdesx.fxc,394d0badd994100c8f78de828a7c0f0123ccf6d5134697aace8584c933ae4251,2800,default,2,p,desx,
dx11_default_psh_2pdex.fxc,394d0badd994100c8f78de828a7c0f0123ccf6d5134697aace8584c933ae4251,2800,default,2,p,dex,
dx11_default_psh_2pdl.fxc,1d463320a6468b9d66923f30adafbc99d4ae6bb3289a4712cca8f0e4571d24f0,4708,default,2,p,dl,
dx11_default_psh_2pdlc.fxc,5abce5877fa716ea9d3e9da318ac2f6e12f2e8c1bc0d0af9f1fbdab18d684745,6432,default,2,p,dlc,
dx11_default_psh_2pdlcx.fxc,b4b025d24bb17dcf04e970a075235fe1641146e4332891d0af6ab07f2b5ae4a6,7036,default,2,p,dlcx,
dx11_default_psh_2pdlo.fxc,e904740425790a20c8377dcc2cbac9f2040d10cdf1ecbb571b4aae60b168d172,6264,default,2,p,dlo,
dx11_default_psh_2pdloc.fxc,5abce5877fa716ea9d3e9da318ac2f6e12f2e8c1bc0d0af9f1fbdab18d684745,6432,default,2,p,dloc,
dx11_default_psh_2pdlocx.fxc,b4b025d24bb17dcf04e970a075235fe1641146e4332891d0af6ab07f2b5ae4a6,7036,default,2,p,dlocx,
dx11_default_psh_2pdlox.fxc,4fbd0437877ffb69e7097b96399becbf74b9d74e26fbd1d9e011282d7400064f,6868,default,2,p,dlox,
dx11_default_psh_2pdlx.fxc,08e992e234bd27148ffebe6efda8b3b10cfad2ee9d3dea7266d2a4d7da34a6ef,5312,default,2,p,dlx,
dx11_default_psh_2pdlz.fxc,74cb5ca378d4930fa7dbeff2f254b0e67bb63a175350bac576303b213b05a24a,8060,default,2,p,dlz,
dx11_default_psh_2pdlzc.fxc,5d8a57207ed874bc27dce5d795956c802fdf7de8e60625f7f53ee0292cd7771a,9804,default,2,p,dlzc,
dx11_default_psh_2pdlzcx.fxc,9fb3f387610e03f28f1e066a2290412419d201a3cdeba38db49e1a8c07b58afb,10408,default,2,p,dlzcx,
dx11_default_psh_2pdlzo.fxc,207bafab98ebacf8e24ad9890abf3f5797aca39e2146d1d61f014af7ab649671,9636,default,2,p,dlzo,
dx11_default_psh_2pdlzoc.fxc,5d8a57207ed874bc27dce5d795956c802fdf7de8e60625f7f53ee0292cd7771a,9804,default,2,p,dlzoc,
dx11_default_psh_2pdlzocx.fxc,9fb3f387610e03f28f1e066a2290412419d201a3cdeba38db49e1a8c07b58afb,10408,default,2,p,dlzocx,
dx11_default_psh_2pdlzox.fxc,961a86379405da46a81c9192e4bdde9a6dbe91e32f72d9937620c1c58551b03d,10240,default,2,p,dlzox,
dx11_default_psh_2pdlzx.fxc,b8fea1e90079ccadafc6691eee32b9610cf457f39fd51473eabe18e35530b220,8684,default,2,p,dlzx,
dx11_default_psh_2pdn.fxc,e77e121252bbfaec85b1c21c5e84e766e4139f84cec7f079da70e969057e17ad,2044,default,2,p,dn,
dx11_default_psh_2pdnc.fxc,5092a3b394b7f35d3414299e68dd520ad95b88ecb215290eb17881c1a727b481,4952,default,2,p,dnc,
dx11_default_psh_2pdncx.fxc,7b2bc38e5ba385c678d26114a720293d1be32fe661d15a628a1dcb6ed0b9135e,5556,default,2,p,dncx,
dx11_default_psh_2pdne.fxc,b4f3b2530603a2e0791191cd9773be7c25d5c9be204c8748979954facc539cda,2176,default,2,p,dne,
dx11_default_psh_2pdnec.fxc,b6af2c4a2374a8e1534fac59a676ef0cc354c0c899e2e141f9d405cbd88a9c46,5172,default,2,p,dnec,
dx11_default_psh_2pdnecx.fxc,4aa4d711ed2deb5b1cf3a1e55661a3553e08218ade5c6bda71b3be3e5e604010,5776,default,2,p,dnecx,
dx11_default_psh_2pdnel.fxc,d7c996b763226f5ad5df34ca6891c6e38c8761bc09d0b9823df5cc91ce7db509,6016,default,2,p,dnel,
dx11_default_psh_2pdnelc.fxc,6732f3d036cf087121cf5f03ccc12cc20d9433b3455270649c59799b9edc47f1,7840,default,2,p,dnelc,
dx11_default_psh_2pdnelcx.fxc,24e06d148cbeaab005f4b73b568a99bbb69caa24c02d7fc6528764d25e99d288,8452,default,2,p,dnelcx,
dx11_default_psh_2pdnelo.fxc,c3322d49addc028c12257fae4af5ca9a91d7e67dcc25b91e87daba057019c594,7572,default,2,p,dnelo,
dx11_default_psh_2pdneloc.fxc,6732f3d036cf087121cf5f03ccc12cc20d9433b3455270649c59799b9edc47f1,7840,default,2,p,dneloc,
dx11_default_psh_2pdnelocx.fxc,24e06d148cbeaab005f4b73b568a99bbb69caa24c02d7fc6528764d25e99d288,8452,default,2,p,dnelocx,
dx11_default_psh_2pdnelox.fxc,9bde9f8b39790d2219ca356ecbbb019868b7709e044f9152cccba1288d3b0fba,8168,default,2,p,dnelox,
dx11_default_psh_2pdnelx.fxc,e85c87b095f55e8aedeed535fce1488c7df1a08b1ae460f518200e094b10f023,6620,default,2,p,dnelx,
dx11_default_psh_2pdnelz.fxc,7d62861bbe2e14bc95722e76fc2aea93a0f64465ea3c6a047b1c57fbb1e5b11b,9384,default,2,p,dnelz,
dx11_default_psh_2pdnelzc.fxc,6f001e7ab0d67381b9bf6be1317ab34156845723746afeff522e35c19ccfe492,11216,default,2,p,dnelzc,
dx11_default_psh_2pdnelzcx.fxc,ac535269f828aa3ba85bf9767db711758a25f164d61e21c6c4e662d5c352b1a2,11820,default,2,p,dnelzcx,
dx11_default_psh_2pdnelzo.fxc,e06ff888fd2047d7bc72c31f51e6f5898323b1f04a2e98ddc745170f28941df7,10940,default,2,p,dnelzo,
dx11_default_psh_2pdnelzoc.fxc,6f001e7ab0d67381b9bf6be1317ab34156845723746afeff522e35c19ccfe492,11216,default,2,p,dnelzoc,
dx11_default_psh_2pdnelzocx.fxc,ac535269f828aa3ba85bf9767db711758a25f164d61e21c6c4e662d5c352b1a2,11820,default,2,p,dnelzocx,
dx11_default_psh_2pdnelzox.fxc,f5f2436785cb527123206d67b870dc9dfebc5d25f76707e44a856fa217d36525,11544,default,2,p,dnelzox,
dx11_default_psh_2pdnelzx.fxc,59b3ee18f606fa675173f34e6b65db8ed305417c578e5ae46f9daea1f3597eef,9988,default,2,p,dnelzx,
dx11_default_psh_2pdnes.fxc,b4f3b2530603a2e0791191cd9773be7c25d5c9be204c8748979954facc539cda,2176,default,2,p,dnes,
dx11_default_psh_2pdnesc.fxc,800aa75864a8ba19d6d3f05e44253b9ec24aa58a3fb2a6302106fbd0fa95a8a1,5312,default,2,p,dnesc,
dx11_default_psh_2pdnescx.fxc,1d8e38d1fcb60908b1d60a6d8cb5015f2ccad4b849a2155a2f5e8e126e540638,5916,default,2,p,dnescx,
dx11_default_psh_2pdnesl.fxc,8f85529474ed8da7b13b63e6cf6792c03b98234e41a33acc1e64949f7065df0c,6152,default,2,p,dnesl,
dx11_default_psh_2pdneslc.fxc,257d8bae6c8fac387b967d99e19b20b599b92c1c2bc0a13c6dc68d2035868576,7976,default,2,p,dneslc,
dx11_default_psh_2pdneslcx.fxc,4a52f8394395524a2c4683f22e6d6f8673e4f6165a29d19e1f6901ee74274419,8588,default,2,p,dneslcx,
dx11_default_psh_2pdneslo.fxc,21f8caeba958e666db22b52a89c70158677cb3eae81e1c4fe5736c68255291ab,7696,default,2,p,dneslo,
dx11_default_psh_2pdnesloc.fxc,257d8bae6c8fac387b967d99e19b20b599b92c1c2bc0a13c6dc68d2035868576,7976,default,2,p,dnesloc,
dx11_default_psh_2pdneslocx.fxc,4a52f8394395524a2c4683f22e6d6f8673e4f6165a29d19e1f6901ee74274419,8588,default,2,p,dneslocx,
dx11_default_psh_2pdneslox.fxc,b83ed53bdac2d3f20f001b12f0c2e7d829612b2059c6cb2682fbadc6f5356ee2,8292,default,2,p,dneslox,
dx11_default_psh_2pdneslx.fxc,566c2f6fff75e7392c44aaa55b712b093d8e53769c8cc1c147be0c5041bf9585,6756,default,2,p,dneslx,
dx11_default_psh_2pdneslz.fxc,68378ea051dc3ccfc7c43fbc5583e26e9558fd0850e74863406a4ee0818704bc,9520,default,2,p,dneslz,
dx11_default_psh_2pdneslzc.fxc,b92c77e7ff1c6c3c601bf81800bb45b8ae720da8a62e3d088a82113d0ea69d0c,11356,default,2,p,dneslzc,
dx11_default_psh_2pdneslzcx.fxc,32868ec9c83033c260452b1c5829926485238d0c9dae3fe0106c18beb2b603bb,11960,default,2,p,dneslzcx,
dx11_default_psh_2pdneslzo.fxc,55b25a7a1175a634171afc621778fefd8ff7c5fcf661cebd543e711cae993548,11068,default,2,p,dneslzo,
dx11_default_psh_2pdneslzoc.fxc,b92c77e7ff1c6c3c601bf81800bb45b8ae720da8a62e3d088a82113d0ea69d0c,11356,default,2,p,dneslzoc,
dx11_default_psh_2pdneslzocx.fxc,32868ec9c83033c260452b1c5829926485238d0c9dae3fe0106c18beb2b603bb,11960,default,2,p,dneslzocx,
dx11_default_psh_2pdneslzox.fxc,2bab4449e9c8333be84687102c90680be2f3d8ab98c0c80bf2fffcbf232cfeba,11672,default,2,p,dneslzox,
dx11_default_psh_2pdneslzx.fxc,d6ac6510d24fdc0290ee9eac427359823edec3950cb924be14a6723c93c8cc67,10104,default,2,p,dneslzx,
dx11_default_psh_2pdnesx.fxc,394d0badd994100c8f78de828a7c0f0123ccf6d5134697aace8584c933ae4251,2800,default,2,p,dnesx,
dx11_default_psh_2pdnex.fxc,394d0badd994100c8f78de828a7c0f0123ccf6d5134697aace8584c933ae4251,2800,default,2,p,dnex,
dx11_default_psh_2pdnl.fxc,962eeb80120a032fcff878b77f9a9743e2fbc48e9dc2977ae75a2f963987a3a1,5876,default,2,p,dnl,
dx11_default_psh_2pdnlc.fxc,f768ee13e6a009c99ef5be7cf2104b24be9b2b2c9d2d68dfedce7462acdd6d9a,7624,default,2,p,dnlc,
dx11_default_psh_2pdnlcx.fxc,36b90fd4c57c8103c88a903aace34d2b26cfbcef32c6d1932edda948d0a3ea78,8228,default,2,p,dnlcx,
dx11_default_psh_2pdnlo.fxc,c67aebe85d3e8df17dd6f99efef49e85a56037ff26fd2731576136d5592faa35,7432,default,2,p,dnlo,
dx11_default_psh_2pdnloc.fxc,f768ee13e6a009c99ef5be7cf2104b24be9b2b2c9d2d68dfedce7462acdd6d9a,7624,default,2,p,dnloc,
dx11_default_psh_2pdnlocx.fxc,36b90fd4c57c8103c88a903aace34d2b26cfbcef32c6d1932edda948d0a3ea78,8228,default,2,p,dnlocx,
dx11_default_psh_2pdnlox.fxc,c648c74940ec09bb73aa8dfa2599680614582ec4f97dd01503defd2427e53920,8036,default,2,p,dnlox,
dx11_default_psh_2pdnlx.fxc,74cda3c6faf1d79fce6b59635eb403c15c57217c6f16b9ebd0ea7ba6dc09a7ea,6480,default,2,p,dnlx,
dx11_default_psh_2pdnlz.fxc,70f16a4ab977f237865b2707a3c225b90ef0bfdadf022bc57f6e88e68d8ae37c,9248,default,2,p,dnlz,
dx11_default_psh_2pdnlzc.fxc,2e8081c1e5cb28b40912103306450c426997c6c7e8b00d8dee5ee6e27cbcdfab,10992,default,2,p,dnlzc,
dx11_default_psh_2pdnlzcx.fxc,9d918c41750d8537bf60c03a07f9f017e7294aef1026b4e569031baf52be16fa,11596,default,2,p,dnlzcx,
dx11_default_psh_2pdnlzo.fxc,e50981e80c704b41ec49cbddbcb1212ab3e37055a5b538256eb0253e17638e1f,10800,default,2,p,dnlzo,
dx11_default_psh_2pdnlzoc.fxc,2e8081c1e5cb28b40912103306450c426997c6c7e8b00d8dee5ee6e27cbcdfab,10992,default,2,p,dnlzoc,
dx11_default_psh_2pdnlzocx.fxc,9d918c41750d8537bf60c03a07f9f017e7294aef1026b4e569031baf52be16fa,11596,default,2,p,dnlzocx,
dx11_default_psh_2pdnlzox.fxc,f0f1b53416b034b645f719830db3da39c09571c39f54fe3a18197d24236738b6,11404,default,2,p,dnlzox,
dx11_default_psh_2pdnlzx.fxc,38a79e5faec82bc0bb423623a3cc6d011d0bf18ebe26325686fed5e7ee27c53b,9852,default,2,p,dnlzx,
dx11_default_psh_2pdns.fxc,e77e121252bbfaec85b1c21c5e84e766e4139f84cec7f079da70e969057e17ad,2044,default,2,p,dns,
dx11_default_psh_2pdnsc.fxc,456badcd28eb5d447ce374a1eb7125596752eaf3432dbcabf064911ad56402ad,5088,default,2,p,dnsc,
dx11_default_psh_2pdnscx.fxc,2a1ece8d3172bcc8a2602b6192cb84dbb420bfa9154923ad7564441fc898d8e0,5692,default,2,p,dnscx,
dx11_default_psh_2pdnsl.fxc,4ee1c49933d8f9be99daa2d8497b9a4c847d03f4276127acc39747d0c3890c81,6012,default,2,p,dnsl,
dx11_default_psh_2pdnslc.fxc,aff28890a15bbbe088ac68c693d7e5221c90446bf71b4b038d360c29478990c3,7764,default,2,p,dnslc,
dx11_default_psh_2pdnslcx.fxc,f4cb8f8e2b8723e27c5d61dfce8be70b6d68a106a7c162e5c2d192f1dab2e513,8368,default,2,p,dnslcx,
dx11_default_psh_2pdnslo.fxc,763126f3cd7d37ef9d4f5d523ae6883bedd73ed10bf4137cb78ba730dadd3db9,7560,default,2,p,dnslo,
dx11_default_psh_2pdnsloc.fxc,aff28890a15bbbe088ac68c693d7e5221c90446bf71b4b038d360c29478990c3,7764,default,2,p,dnsloc,
dx11_default_psh_2pdnslocx.fxc,f4cb8f8e2b8723e27c5d61dfce8be70b6d68a106a7c162e5c2d192f1dab2e513,8368,default,2,p,dnslocx,
dx11_default_psh_2pdnslox.fxc,e885512023a8e05c2868affb7194e21d951d682cfbd49b2eed17190944bad08b,8164,default,2,p,dnslox,
dx11_default_psh_2pdnslx.fxc,08d1950f4e3412ddc599ff662df245cc6de33cf8bd26a8096e9db6ae2504140c,6616,default,2,p,dnslx,
dx11_default_psh_2pdnslz.fxc,e59f46691db78f2293be5680af2055e8b2708dc1e7c19ba0c9f53d8d1b93a176,9380,default,2,p,dnslz,
dx11_default_psh_2pdnslzc.fxc,ce4d9bb4ede301fe9e1bcb68c5dc59fabbc100fa4fcbb6e3bad87bb4135d3841,11132,default,2,p,dnslzc,
dx11_default_psh_2pdnslzcx.fxc,7a8f809cd2d7c05af0cf22833327d2cdd7ae2a2f42e4cc1c73eed7d501d815b3,11736,default,2,p,dnslzcx,
dx11_default_psh_2pdnslzo.fxc,36c781f5923e79077e8480176dc589eb5916ad6feefc4c7f9972b70821269b52,10928,default,2,p,dnslzo,
dx11_default_psh_2pdnslzoc.fxc,ce4d9bb4ede301fe9e1bcb68c5dc59fabbc100fa4fcbb6e3bad87bb4135d3841,11132,default,2,p,dnslzoc,
dx11_default_psh_2pdnslzocx.fxc,7a8f809cd2d7c05af0cf22833327d2cdd7ae2a2f42e4cc1c73eed7d501d815b3,11736,default,2,p,dnslzocx,
dx11_default_psh_2pdnslzox.fxc,d54f11107f3b9a3e474ab8051feae88451e1b1da7fb9b53cd238bbc524cf2338,11532,default,2,p,dnslzox,
dx11_default_psh_2pdnslzx.fxc,874f34ba8a7c1e2f46ff7e591dc062044790d67c52b7cb8f52aa44dff520173f,9964,default,2,p,dnslzx,
dx11_default_psh_2pdnsx.fxc,da2cb8ed5ddd3bca76f6f6cb493ac952fdfdc463a7eefe1ebf5cc553dae838d9,2668,default,2,p,dnsx,
dx11_default_psh_2pdnx.fxc,da2cb8ed5ddd3bca76f6f6cb493ac952fdfdc463a7eefe1ebf5cc553dae838d9,2668,default,2,p,dnx,
dx11_default_psh_2pds.fxc,e77e121252bbfaec85b1c21c5e84e766e4139f84cec7f079da70e969057e17ad,2044,default,2,p,ds,
dx11_default_psh_2pdsc.fxc,b7e8769483c1d5e37c7582abefcd2604e6e4358c8bd0860e8026b1895a951117,4104,default,2,p,dsc,
dx11_default_psh_2pdscx.fxc,b952daf526eae7123f482fc99f6f4061460d78ca0da7e16d9a518a404492b2f8,4708,default,2,p,dscx,
dx11_default_psh_2pdsl.fxc,b1f5d9b693cfdb23d86f8e0d9e8df88a21e8e3533ae156a84a8a6647c74c083e,4844,default,2,p,dsl,
dx11_default_psh_2pdslc.fxc,c5d3c80892f99be81f66c36187da936899463893c7d65da561cabb0b1c03a964,6572,default,2,p,dslc,
dx11_default_psh_2pdslcx.fxc,9d929ccfa22f83a2b17b1e63f43e2345826dc39c0c0c1904ba9a76f6367d615f,7176,default,2,p,dslcx,
dx11_default_psh_2pdslo.fxc,2f37e8a7571887f14d3c9fc4e11290acbfafa3cd2d4035cc41b88d7122fbba23,6392,default,2,p,dslo,
dx11_default_psh_2pdsloc.fxc,c5d3c80892f99be81f66c36187da936899463893c7d65da561cabb0b1c03a964,6572,default,2,p,dsloc,
dx11_default_psh_2pdslocx.fxc,9d929ccfa22f83a2b17b1e63f43e2345826dc39c0c0c1904ba9a76f6367d615f,7176,default,2,p,dslocx,
dx11_default_psh_2pdslox.fxc,56bc80159be4eabcfcce7c7d1d4e9c0d4fa6cacd9c9354a8915c77fb940ce340,6996,default,2,p,dslox,
dx11_default_psh_2pdslx.fxc,0c3f8356b9bec977f06cd3f930b35c7bd6147f8b7f5c3d1d55734da22f7e35d1,5448,default,2,p,dslx,
dx11_default_psh_2pdslz.fxc,3d3a279922332f4d30dab095d0a652d4a64818aed60a36841d5f2d553ad4748e,8216,default,2,p,dslz,
dx11_default_psh_2pdslzc.fxc,0372d760adecba8922e02dead927c53b948f9ed055149999dd6f13607f667b9f,9940,default,2,p,dslzc,
dx11_default_psh_2pdslzcx.fxc,2635dd4112008481c6515f2008c711185f4b9636782941b11d48614a8f606488,10544,default,2,p,dslzcx,
dx11_default_psh_2pdslzo.fxc,607f1c123802800803bb72c0019a54ddccca9c04f899b417f44aefb0d83f5702,9760,default,2,p,dslzo,
dx11_default_psh_2pdslzoc.fxc,0372d760adecba8922e02dead927c53b948f9ed055149999dd6f13607f667b9f,9940,default,2,p,dslzoc,
dx11_default_psh_2pdslzocx.fxc,2635dd4112008481c6515f2008c711185f4b9636782941b11d48614a8f606488,10544,default,2,p,dslzocx,
dx11_default_psh_2pdslzox.fxc,b7b94bfdbb3e6d3ecd1e758d73f013c76a8f4401465ec7116d62d941cbd5e359,10364,default,2,p,dslzox,
dx11_default_psh_2pdslzx.fxc,ce58c55a530a06ea83fa70904182f08e07d53511fbe6b458ace171f83f71ae56,8820,default,2,p,dslzx,
dx11_default_psh_2pdsx.fxc,da2cb8ed5ddd3bca76f6f6cb493ac952fdfdc463a7eefe1ebf5cc553dae838d9,2668,default,2,p,dsx,
dx11_default_psh_2pdt.fxc,813e8a5499b6fdd33a31a4a6495399791af430fa4c3587980897d7b06818e743,2252,default,2,p,dt,
dx11_default_psh_2pdtc.fxc,cb68066f57060d54c528866b3dedd79bc09037067d7e9a8bedf44d8bcbb2883c,4180,default,2,p,dtc,
dx11_default_psh_2pdtcx.fxc,0b6c7cbab878dd1ef444340b4a71af1cd85dfbdffe5a2abc96cf31d26b12a838,4784,default,2,p,dtcx,
dx11_default_psh_2pdte.fxc,00e31ae97c91e9ef307e94755c1a853b94a882264d47f3e8d88dd657ecdfe6ae,2392,default,2,p,dte,
dx11_default_psh_2pdtec.fxc,c165e8a278f6c20d31026841e9a05e699ae2e62eaf024b548086b70c4552fb53,4400,default,2,p,dtec,
dx11_default_psh_2pdtecx.fxc,9db22dd1e4efd14c86197a3d04e671e10194510839e0c5af703f22e0d4bf72d8,5004,default,2,p,dtecx,
dx11_default_psh_2pdtel.fxc,0e102b2356e2c665f9755cd325a6c5bc1910886f4f9a2147778a2913ef46e11b,5064,default,2,p,dtel,
dx11_default_psh_2pdtelc.fxc,cf6dba9cb6910831f4b535ab73d7beb8e07fcc406bc7979133b851483dbef950,6872,default,2,p,dtelc,
dx11_default_psh_2pdtelcx.fxc,ff50d664b867b68f86c4d2a444a21a18a82f4a4ccf07e7ce6beba5f48613257d,7468,default,2,p,dtelcx,
dx11_default_psh_2pdtelo.fxc,3b2604a5e57f14aa166565ac170f634a151587856576f38007bb8ac4c3861f39,6620,default,2,p,dtelo,
dx11_default_psh_2pdteloc.fxc,cf6dba9cb6910831f4b535ab73d7beb8e07fcc406bc7979133b851483dbef950,6872,default,2,p,dteloc,
dx11_default_psh_2pdtelocx.fxc,ff50d664b867b68f86c4d2a444a21a18a82f4a4ccf07e7ce6beba5f48613257d,7468,default,2,p,dtelocx,
dx11_default_psh_2pdtelox.fxc,fc4bbad99c75e088a2ecc26926215c2c39b38ae4bdf70a8bc59f0fd7fd5f63fc,7224,default,2,p,dtelox,
dx11_default_psh_2pdtelx.fxc,43d63ea487883b0fe21fc31687273f78ffb16c205fbd196a4601ac65b9d267e9,5668,default,2,p,dtelx,
dx11_default_psh_2pdtelz.fxc,ea69b3477ee8e64cb3cae4517112b7fec74d88d02c8269a2146333ebf1bc9bcd,8412,default,2,p,dtelz,
dx11_default_psh_2pdtelzc.fxc,a9a7260839c5fb984258eb841852f74f14bc3a34451f84f8711d70b2d1cf9a52,10240,default,2,p,dtelzc,
dx11_default_psh_2pdtelzcx.fxc,a2dde0dc9063a6c49228fca66c08830782818ece066d1c39004e7cf05728be92,10836,default,2,p,dtelzcx,
dx11_default_psh_2pdtelzo.fxc,3246a4ffac6e293ab6dc78c159c9945a1c963c5cdd0e8b61c407efb5ffd643ad,9988,default,2,p,dtelzo,
dx11_default_psh_2pdtelzoc.fxc,a9a7260839c5fb984258eb841852f74f14bc3a34451f84f8711d70b2d1cf9a52,10240,default,2,p,dtelzoc,
dx11_default_psh_2pdtelzocx.fxc,a2dde0dc9063a6c49228fca66c08830782818ece066d1c39004e7cf05728be92,10836,default,2,p,dtelzocx,
dx11_default_psh_2pdtelzox.fxc,8b5f7e5866f95d33cf1226783fad02d9ca0b357c9246c04012c105c65f4f093b,10592,default,2,p,dtelzox,
dx11_default_psh_2pdtelzx.fxc,3d1eac446818074e4f40ca0f70e8f50a44de7b560e70538284593e00a54ac855,9036,default,2,p,dtelzx,
dx11_default_psh_2pdtes.fxc,00e31ae97c91e9ef307e94755c1a853b94a882264d47f3e8d88dd657ecdfe6ae,2392,default,2,p,dtes,
dx11_default_psh_2pdtesc.fxc,8c2773db3d3b977ee5278bd665002fa2e48844e6a3b1ed9484fa19dfb66344c0,4540,default,2,p,dtesc,
dx11_default_psh_2pdtescx.fxc,1a9416ec4a33f3d629d1d32d5b1184d25f73e5d9596d6d6f11f460df2a25f5ae,5144,default,2,p,dtescx,
dx11_default_psh_2pdtesl.fxc,fe769f603fbb592b2138a2d4c11c9d6e1da2955e93999eaeb2a1cffbaccf8725,5200,default,2,p,dtesl,
dx11_default_psh_2pdteslc.fxc,766ed0dffe430dcfc6efdac728e245c730f8c73d0c1511fa2aa24c04132ac383,7008,default,2,p,dteslc,
dx11_default_psh_2pdteslcx.fxc,da050b7331217ca1ba41ae075ae6c8659462467d96e551634a74ef9ffd2bc592,7604,default,2,p,dteslcx,
dx11_default_psh_2pdteslo.fxc,0902dfb214eb9c2a94275e1c862079b7af01416cd4bc509c52ad12b4ff3600d1,6744,default,2,p,dteslo,
dx11_default_psh_2pdtesloc.fxc,766ed0dffe430dcfc6efdac728e245c730f8c73d0c1511fa2aa24c04132ac383,7008,default,2,p,dtesloc,
dx11_default_psh_2pdteslocx.fxc,da050b7331217ca1ba41ae075ae6c8659462467d96e551634a74ef9ffd2bc592,7604,default,2,p,dteslocx,
dx11_default_psh_2pdteslox.fxc,02dc703e8ce874b1c48eea10af429367aff6f2f1e407560758b024f8a032ee31,7348,default,2,p,dteslox,
dx11_default_psh_2pdteslx.fxc,fa724322ee006c687c38f108913ddab647bd0774dbbd192baa1280fb2ae70eb2,5804,default,2,p,dteslx,
dx11_default_psh_2pdteslz.fxc,9af2f2e21e244aeb8b85590840296d75e33b6a0449ad2a928a49938234fb6099,8568,default,2,p,dteslz,
dx11_default_psh_2pdteslzc.fxc,38d2bf7323324bec1b568d0a5e510a53b85d2c06059582f2541bac9213523847,10380,default,2,p,dteslzc,
dx11_default_psh_2pdteslzcx.fxc,3a5e5ec136288a12735a8261ed872513a1b45134acb1f12558c1ea37b13ffa16,10976,default,2,p,dteslzcx,
dx11_default_psh_2pdteslzo.fxc,c70160cf6a16298380d249f8d36c9d0e92cd0cd455c0b7c3bc1cbe98d7a531f4,10116,default,2,p,dteslzo,
dx11_default_psh_2pdteslzoc.fxc,38d2bf7323324bec1b568d0a5e510a53b85d2c06059582f2541bac9213523847,10380,default,2,p,dteslzoc,
dx11_default_psh_2pdteslzocx.fxc,3a5e5ec136288a12735a8261ed872513a1b45134acb1f12558c1ea37b13ffa16,10976,default,2,p,dteslzocx,
dx11_default_psh_2pdteslzox.fxc,593dc58fffa1a7c6e1d3453eb43b1e94137e6675fe6a99082513368e3b6e1f48,10720,default,2,p,dteslzox,
dx11_default_psh_2pdteslzx.fxc,783de3e481eb0f2d565833bd9257e02b4b84c11c1f06dfad123eac2551c1aa28,9172,default,2,p,dteslzx,
dx11_default_psh_2pdtesx.fxc,763ccd7784efae498b34cbd2934955e6b566e209fe9246a730db96cd4125a33c,2996,default,2,p,dtesx,
dx11_default_psh_2pdtex.fxc,763ccd7784efae498b34cbd2934955e6b566e209fe9246a730db96cd4125a33c,2996,default,2,p,dtex,
dx11_default_psh_2pdtl.fxc,e82a8f5c4c447f9ece08c6fe09a2fc1b78dd8a2c2f7507153e1988ec896f5105,4924,default,2,p,dtl,
dx11_default_psh_2pdtlc.fxc,f3209ce3867ba00284b502b7141b1122b0eb843dc0d296d2beab166ad1dfcb83,6648,default,2,p,dtlc,
dx11_default_psh_2pdtlcx.fxc,71b64ceedecba2e16a5bd926aca5386a06f9dcdf397fb77518a77c859fddf314,7252,default,2,p,dtlcx,
dx11_default_psh_2pdtlo.fxc,286ee91edac6c519dca4a81c1e93aa0e48a72f1b881b8dd08c0fab2798ceb793,6480,default,2,p,dtlo,
dx11_default_psh_2pdtloc.fxc,f3209ce3867ba00284b502b7141b1122b0eb843dc0d296d2beab166ad1dfcb83,6648,default,2,p,dtloc,
dx11_default_psh_2pdtlocx.fxc,71b64ceedecba2e16a5bd926aca5386a06f9dcdf397fb77518a77c859fddf314,7252,default,2,p,dtlocx,
dx11_default_psh_2pdtlox.fxc,0ee9510bbd475c6c91c201d9ee8f6c17d1c510925c7cf0d58ebc32503bd09290,7084,default,2,p,dtlox,
dx11_default_psh_2pdtlx.fxc,139ef700c7ac085b522964c83ca99bd6c20f4cf80aff56d38517a4d609629dd4,5528,default,2,p,dtlx,
dx11_default_psh_2pdtlz.fxc,13002327cd13f9c130deec2b00dc20a8fb2b03e5170b4dd0899770c958cffb67,8276,default,2,p,dtlz,
dx11_default_psh_2pdtlzc.fxc,15c67e518ea14b03a03e701e108b2a6d7ea6b62b5035cddeacad135458f83dd1,10016,default,2,p,dtlzc,
dx11_default_psh_2pdtlzcx.fxc,23056c91a6eaddd9778d922eeafd4ce412dc427f5f80022de901ff00ab1e6481,10620,default,2,p,dtlzcx,
dx11_default_psh_2pdtlzo.fxc,12cf9d43c5d25b8007c1d0fa90bdbb2b4d04158159f0b2ff8d1592e1d9431c7f,9848,default,2,p,dtlzo,
dx11_default_psh_2pdtlzoc.fxc,15c67e518ea14b03a03e701e108b2a6d7ea6b62b5035cddeacad135458f83dd1,10016,default,2,p,dtlzoc,
dx11_default_psh_2pdtlzocx.fxc,23056c91a6eaddd9778d922eeafd4ce412dc427f5f80022de901ff00ab1e6481,10620,default,2,p,dtlzocx,
dx11_default_psh_2pdtlzox.fxc,ed2bf22bcffa6d0eb5784b0ea1c48d079733d1412326ebd2f11576db4d35e1a0,10452,default,2,p,dtlzox,
dx11_default_psh_2pdtlzx.fxc,d3ef1ce0f83d642f53cd2f5547fe8824cb113bbc1213274c269003370267a2b9,8900,default,2,p,dtlzx,
dx11_default_psh_2pdtn.fxc,813e8a5499b6fdd33a31a4a6495399791af430fa4c3587980897d7b06818e743,2252,default,2,p,dtn,
dx11_default_psh_2pdtnc.fxc,76be71f6af4b221c4219e6b1ab8fa3f9cc45dc150f8fc76e012a45a82372a5f5,5164,default,2,p,dtnc,
dx11_default_psh_2pdtncx.fxc,d329703ee7b741ee6cce7aa0d0d0f46d3f9f563c28d02621d1b68b5489d2884a,5768,default,2,p,dtncx,
dx11_default_psh_2pdtne.fxc,00e31ae97c91e9ef307e94755c1a853b94a882264d47f3e8d88dd657ecdfe6ae,2392,default,2,p,dtne,
dx11_default_psh_2pdtnec.fxc,1f4fa10463623e52e7cf2eae6b44cad4fd0f7223de13e66539aa87ce3ce4be68,5388,default,2,p,dtnec,
dx11_default_psh_2pdtnecx.fxc,7d2b829f9201a499bec880da8ffa65051b769279d188f4360fb2feedc5670490,5992,default,2,p,dtnecx,
dx11_default_psh_2pdtnel.fxc,053e4e710e21aecbb60e06dce34a21e77ea6aed141ba79697118da4a6a773961,6232,default,2,p,dtnel,
dx11_default_psh_2pdtnelc.fxc,d5d6ea17a71251031cdae98b983fdb9d602b92e14637523da2eb28a0ddf6fde9,8052,default,2,p,dtnelc,
dx11_default_psh_2pdtnelcx.fxc,f7cac69e34de58b6203b571442128e60172826c3645aa108586d8e8cdaefef65,8664,default,2,p,dtnelcx,
dx11_default_psh_2pdtnelo.fxc,09562ddb404c1ae4528d98e5fe6358f68c2de5644dd7b70c5a35ab4d4ab5a5bd,7784,default,2,p,dtnelo,
dx11_default_psh_2pdtneloc.fxc,d5d6ea17a71251031cdae98b983fdb9d602b92e14637523da2eb28a0ddf6fde9,8052,default,2,p,dtneloc,
dx11_default_psh_2pdtnelocx.fxc,f7cac69e34de58b6203b571442128e60172826c3645aa108586d8e8cdaefef65,8664,default,2,p,dtnelocx,
dx11_default_psh_2pdtnelox.fxc,53db1691b448de8401f5c8ac9228e400054b9db539fee52619467447236f8d68,8380,default,2,p,dtnelox,
dx11_default_psh_2pdtnelx.fxc,f3000c3f62c2566addbd449e3a188920a3fa5f99de1ef13e2c4d124b7d7292ab,6836,default,2,p,dtnelx,
dx11_default_psh_2pdtnelz.fxc,1e08fb6d95860a7367048e24e31616dbb75d76f576313d752f9b40e5d6a77d15,9600,default,2,p,dtnelz,
dx11_default_psh_2pdtnelzc.fxc,fa0be415ed18021f25edb6870f77e387233dcea1d3e55ebc549ca936749271ed,11432,default,2,p,dtnelzc,
dx11_default_psh_2pdtnelzcx.fxc,14592aed37afb0935a60131381458a1c0ca75b85d864b1a1f91953b64731ad85,12036,default,2,p,dtnelzcx,
dx11_default_psh_2pdtnelzo.fxc,9111b49645bb87b47e59d684cf1283244c0570e603bfec764f4e8cf73737b1c2,11156,default,2,p,dtnelzo,
dx11_default_psh_2pdtnelzoc.fxc,fa0be415ed18021f25edb6870f77e387233dcea1d3e55ebc549ca936749271ed,11432,default,2,p,dtnelzoc,
dx11_default_psh_2pdtnelzocx.fxc,14592aed37afb0935a60131381458a1c0ca75b85d864b1a1f91953b64731ad85,12036,default,2,p,dtnelzocx,
dx11_default_psh_2pdtnelzox.fxc,123cc837f611f0244aeb9eff689845b6ee0cacf7a9bac305d3d73ab0b11c4c7a,11760,default,2,p,dtnelzox,
dx11_default_psh_2pdtnelzx.fxc,4a745c6e1f20d06dfd7b47119ff8136bdd734b6da5ac5e63cca8dd5099dc02b0,10204,default,2,p,dtnelzx,
dx11_default_psh_2pdtnes.fxc,00e31ae97c91e9ef307e94755c1a853b94a882264d47f3e8d88dd657ecdfe6ae,2392,default,2,p,dtnes,
dx11_default_psh_2pdtnesc.fxc,bc4554937a732d93b3b689661b358fffd2abd031fe49d86699d64cf91291ac2e,5528,default,2,p,dtnesc,
dx11_default_psh_2pdtnescx.fxc,c0b5c4a1e084dc0b4e001b631aa92fe646e8b9e1b9268f7c0bec545a8a1af103,6132,default,2,p,dtnescx,
dx11_default_psh_2pdtnesl.fxc,f9d759c8692cf0199bc6b68e4c4c32bfb3461b4c1b2c14f9fd8cf3916ff304c7,6364,default,2,p,dtnesl,
dx11_default_psh_2pdtneslc.fxc,e6ab3435e86a833490dae1aa46f12c9ad6372326621eadf5cffcddb42e901a68,8192,default,2,p,dtneslc,
dx11_default_psh_2pdtneslcx.fxc,42a5f9fc31f70ea4b6261277372813db667689b72ac737625570e4465dad4284,8804,default,2,p,dtneslcx,
dx11_default_psh_2pdtneslo.fxc,b4e53170d5de7c70bf81057a74f4fde462d5c716ada34c328de8f594766686b2,7912,default,2,p,dtneslo,
dx11_default_psh_2pdtnesloc.fxc,e6ab3435e86a833490dae1aa46f12c9ad6372326621eadf5cffcddb42e901a68,8192,default,2,p,dtnesloc,
dx11_default_psh_2pdtneslocx.fxc,42a5f9fc31f70ea4b6261277372813db667689b72ac737625570e4465dad4284,8804,default,2,p,dtneslocx,
dx11_default_psh_2pdtneslox.fxc,f60bb9f09194cfd47e6f1d907af65e7c0e0bf87a576c7a2df413f05d84b66319,8508,default,2,p,dtneslox,
dx11_default_psh_2pdtneslx.fxc,8dd65a46f61b43e7a9b0256ce76e7503cefa7c518d5616ec48ada05b2b466be0,6968,default,2,p,dtneslx,
dx11_default_psh_2pdtneslz.fxc,8c7299d2e74ec2688033f8be59320d412a3bbd5f7ef3b70ef91fdedd79dbf01f,9736,default,2,p,dtneslz,
dx11_default_psh_2pdtneslzc.fxc,f3a60f3da6912fc42d0c5275f84ce2587c693e397f5775076d640a136462a4b1,11572,default,2,p,dtneslzc,
dx11_default_psh_2pdtneslzcx.fxc,d87092e8772892b3582670519b78387f59c8fafac5d66d6f7c6763cf1b4ad97f,12176,default,2,p,dtneslzcx,
dx11_default_psh_2pdtneslzo.fxc,88e720867b7eb2f8463ebeb9eaa16531b57568c2eacdd96cb20c1b2c3a92095a,11284,default,2,p,dtneslzo,
dx11_default_psh_2pdtneslzoc.fxc,f3a60f3da6912fc42d0c5275f84ce2587c693e397f5775076d640a136462a4b1,11572,default,2,p,dtneslzoc,
dx11_default_psh_2pdtneslzocx.fxc,d87092e8772892b3582670519b78387f59c8fafac5d66d6f7c6763cf1b4ad97f,12176,default,2,p,dtneslzocx,
dx11_default_psh_2pdtneslzox.fxc,f4257f1324126681a0bd96596ec12efc2fcb50641b8590f1bed31115c3d635b9,11888,default,2,p,dtneslzox,
dx11_default_psh_2pdtneslzx.fxc,347701efaa0f56eea8f75d3b31022dd2ef9bc84f920c13e828676477823f6cd6,10320,default,2,p,dtneslzx,
dx11_default_psh_2pdtnesx.fxc,763ccd7784efae498b34cbd2934955e6b566e209fe9246a730db96cd4125a33c,2996,default,2,p,dtnesx,
dx11_default_psh_2pdtnex.fxc,763ccd7784efae498b34cbd2934955e6b566e209fe9246a730db96cd4125a33c,2996,default,2,p,dtnex,
dx11_default_psh_2pdtnl.fxc,176eefcbdab2eb5091d3f2b4be4c05fc06e63a46eacc6df8af7a3762d8f71219,6092,default,2,p,dtnl,
dx11_default_psh_2pdtnlc.fxc,e0561ea5bb340fc70eda2d3e3100e0f07fd20b3dd88481a8d10880db037cfe16,7840,default,2,p,dtnlc,
dx11_default_psh_2pdtnlcx.fxc,0870f8eacee93c71d3373af55cb31dcc8ac2c63a61a94f2bdf17caccfd12b7f9,8444,default,2,p,dtnlcx,
dx11_default_psh_2pdtnlo.fxc,34c3cf2628009ac40a3434e42ca0b5d2affa1bf0db7eaa9e71883cd5fd246329,7648,default,2,p,dtnlo,
dx11_default_psh_2pdtnloc.fxc,e0561ea5bb340fc70eda2d3e3100e0f07fd20b3dd88481a8d10880db037cfe16,7840,default,2,p,dtnloc,
dx11_default_psh_2pdtnlocx.fxc,0870f8eacee93c71d3373af55cb31dcc8ac2c63a61a94f2bdf17caccfd12b7f9,8444,default,2,p,dtnlocx,
dx11_default_psh_2pdtnlox.fxc,589093e985a765ac897c7cb9b0a899fbf16b39f99a535b521200d838bdd4007e,8252,default,2,p,dtnlox,
dx11_default_psh_2pdtnlx.fxc,ed4518436e6e035539ff46929c990abaacade02d2f69dc624dadd28154038086,6696,default,2,p,dtnlx,
dx11_default_psh_2pdtnlz.fxc,69e6b53dfb1fe4a24c4b60cffab85dffb10b701a0e36da117fefb2c0eda124fc,9460,default,2,p,dtnlz,
dx11_default_psh_2pdtnlzc.fxc,ece8fded04cf22a8884131a7035d07b9fcce7f658cec4ece5d1c07c9ae65a90d,11208,default,2,p,dtnlzc,
dx11_default_psh_2pdtnlzcx.fxc,8cbb941370e138d490b300881434ab29c0e6561192b4b2ee53e602c971361e65,11812,default,2,p,dtnlzcx,
dx11_default_psh_2pdtnlzo.fxc,0bf53b53e55a7195b8102f55bfca6fd1924ec40e79f3530f4fbd6545caf0a094,11016,default,2,p,dtnlzo,
dx11_default_psh_2pdtnlzoc.fxc,ece8fded04cf22a8884131a7035d07b9fcce7f658cec4ece5d1c07c9ae65a90d,11208,default,2,p,dtnlzoc,
dx11_default_psh_2pdtnlzocx.fxc,8cbb941370e138d490b300881434ab29c0e6561192b4b2ee53e602c971361e65,11812,default,2,p,dtnlzocx,
dx11_default_psh_2pdtnlzox.fxc,726f6e065dfcd7c36cbfd498fd84df4fcfa230f1e5126db964652bd28b10cab4,11620,default,2,p,dtnlzox,
dx11_default_psh_2pdtnlzx.fxc,8fb8119b20eb6ccf260c2e30999effc9c403de90400eab3f4c6b03914c729319,10064,default,2,p,dtnlzx,
dx11_default_psh_2pdtns.fxc,813e8a5499b6fdd33a31a4a6495399791af430fa4c3587980897d7b06818e743,2252,default,2,p,dtns,
dx11_default_psh_2pdtnsc.fxc,67cb1d292b0066fbcd602f6f64c5af9c74fc5f9ba43251c89014d48249c4259a,5304,default,2,p,dtnsc,
dx11_default_psh_2pdtnscx.fxc,4bc3b4297addff84ec8645ec63ce2638928394b3233ecac08cae9ffda8a5e21f,5908,default,2,p,dtnscx,
dx11_default_psh_2pdtnsl.fxc,6251e29915046e7ee6a6f796055244c8872d376d52b048bd3ba331900bd38601,6228,default,2,p,dtnsl,
dx11_default_psh_2pdtnslc.fxc,25eda46ec236a30b64232991e9c316283c374e305517715c95b95936ce0b82db,7976,default,2,p,dtnslc,
dx11_default_psh_2pdtnslcx.fxc,77aaf58274c2258373eddcb92dde536198c94070162a761c20f840c7b5233d98,8580,default,2,p,dtnslcx,
dx11_default_psh_2pdtnslo.fxc,1486ef75683e0ce4acb77e3922ab53fe1b1aea389b94dacda5360585b39f478c,7772,default,2,p,dtnslo,
dx11_default_psh_2pdtnsloc.fxc,25eda46ec236a30b64232991e9c316283c374e305517715c95b95936ce0b82db,7976,default,2,p,dtnsloc,
dx11_default_psh_2pdtnslocx.fxc,77aaf58274c2258373eddcb92dde536198c94070162a761c20f840c7b5233d98,8580,default,2,p,dtnslocx,
dx11_default_psh_2pdtnslox.fxc,8be4c9fad8d1f89d565458e49cace8b7596dd7a02e996b831aa1c7e27c7db695,8376,default,2,p,dtnslox,
dx11_default_psh_2pdtnslx.fxc,1d0fd74905587f000021faa034f1aa3c8307220dd8f726178339ecb8abac4565,6832,default,2,p,dtnslx,
dx11_default_psh_2pdtnslz.fxc,cbb725924264581e629f62a972432c33a9c23f216e88b78c8a039229818b10e6,9596,default,2,p,dtnslz,
dx11_default_psh_2pdtnslzc.fxc,92290b205364ba80615095db8f451466b4dfecd8dc9576172f32d5d8e0ed8c09,11348,default,2,p,dtnslzc,
dx11_default_psh_2pdtnslzcx.fxc,ede5a966fc94a070428f96f979561902f42fe3c3076a1606f77dfd3dc27ecc11,11952,default,2,p,dtnslzcx,
dx11_default_psh_2pdtnslzo.fxc,e110db1145108c49a247a7ee2ab233e51237de0b200c3dfb872808cc113a6033,11144,default,2,p,dtnslzo,
dx11_default_psh_2pdtnslzoc.fxc,92290b205364ba80615095db8f451466b4dfecd8dc9576172f32d5d8e0ed8c09,11348,default,2,p,dtnslzoc,
dx11_default_psh_2pdtnslzocx.fxc,ede5a966fc94a070428f96f979561902f42fe3c3076a1606f77dfd3dc27ecc11,11952,default,2,p,dtnslzocx,
dx11_default_psh_2pdtnslzox.fxc,cd18b7434d4d13a14164c63e539a2305c5e7cf75eecdb960c6da561f706878d9,11748,default,2,p,dtnslzox,
dx11_default_psh_2pdtnslzx.fxc,149ba4544913ce84bcc0ab5feec81c53262126a1bdd0ca50d0bbac3e47d16572,10180,default,2,p,dtnslzx,
dx11_default_psh_2pdtnsx.fxc,20d17741ae399883b44d68e0c0a5b808c56941c88df4d5928745ebda0b51445b,2856,default,2,p,dtnsx,
dx11_default_psh_2pdtnx.fxc,20d17741ae399883b44d68e0c0a5b808c56941c88df4d5928745ebda0b51445b,2856,default,2,p,dtnx,
dx11_default_psh_2pdts.fxc,813e8a5499b6fdd33a31a4a6495399791af430fa4c3587980897d7b06818e743,2252,default,2,p,dts,
dx11_default_psh_2pdtsc.fxc,2b1e41ca325655afae712e19ca5d1adc731da48504d75c7925fba5364ed0b22f,4316,default,2,p,dtsc,
dx11_default_psh_2pdtscx.fxc,4399798031685ac954f14d861f20d24fd5ffd3bafe343d91bfa57020befb3940,4920,default,2,p,dtscx,
dx11_default_psh_2pdtsl.fxc,c458fc49eacef5cf73f22e9bb036b1cbaf3dd76130fcb2cdda3e992ca85037fb,5060,default,2,p,dtsl,
dx11_default_psh_2pdtslc.fxc,4f4e20ac984c11061d6a0f522bb1a4628f5f27160217e989fef4af22efa576c0,6788,default,2,p,dtslc,
dx11_default_psh_2pdtslcx.fxc,f0cd7a74fcb69a45f1d9d07fc7bc72ca9754875e439e6d52df5ebe8f7bd5ac1b,7392,default,2,p,dtslcx,
dx11_default_psh_2pdtslo.fxc,323c31284e7d28dd55c39762d14ad9f980270845d559f3c24e83ab3b45e47b04,6608,default,2,p,dtslo,
dx11_default_psh_2pdtsloc.fxc,4f4e20ac984c11061d6a0f522bb1a4628f5f27160217e989fef4af22efa576c0,6788,default,2,p,dtsloc,
dx11_default_psh_2pdtslocx.fxc,f0cd7a74fcb69a45f1d9d07fc7bc72ca9754875e439e6d52df5ebe8f7bd5ac1b,7392,default,2,p,dtslocx,
dx11_default_psh_2pdtslox.fxc,aef2be861cf15f8eb6c613d2366ff3cb03970ed43cb64f7a8c69b42e20ad8902,7212,default,2,p,dtslox,
dx11_default_psh_2pdtslx.fxc,19e0fba1bfbc0eda01d6b4bae15f39cafa92d748a909fd69b023b352fdab31d6,5664,default,2,p,dtslx,
dx11_default_psh_2pdtslz.fxc,b29a26caeae3a72790780c95c9db53cce99a2a0eb2231a38c1b59e054f10a5bf,8428,default,2,p,dtslz,
dx11_default_psh_2pdtslzc.fxc,294dfa9eaf1d8c1ae280e6e50dc7cfe24e3b6b74bad5d79dbe9928f399576312,10156,default,2,p,dtslzc,
dx11_default_psh_2pdtslzcx.fxc,661aa1ff445e53817ed31a7bf7394fded5c03f5e476becf31d42108820052050,10760,default,2,p,dtslzcx,
dx11_default_psh_2pdtslzo.fxc,450133ef751ed0c8387d4274d40864d3a9857455f2c429f0640828568b4670f8,9976,default,2,p,dtslzo,
dx11_default_psh_2pdtslzoc.fxc,294dfa9eaf1d8c1ae280e6e50dc7cfe24e3b6b74bad5d79dbe9928f399576312,10156,default,2,p,dtslzoc,
dx11_default_psh_2pdtslzocx.fxc,661aa1ff445e53817ed31a7bf7394fded5c03f5e476becf31d42108820052050,10760,default,2,p,dtslzocx,
dx11_default_psh_2pdtslzox.fxc,ec705a6475c72fc9c9c05f79a9362fb2fa550ee788dba7cfe25dcff8fa7dbefd,10580,default,2,p,dtslzox,
dx11_default_psh_2pdtslzx.fxc,a5b9382a940ed9850844e3a2004f90edef2e6a23faf65290b1f830f042dca3c2,9032,default,2,p,dtslzx,
dx11_default_psh_2pdtsx.fxc,20d17741ae399883b44d68e0c0a5b808c56941c88df4d5928745ebda0b51445b,2856,default,2,p,dtsx,
dx11_default_psh_2pdtx.fxc,20d17741ae399883b44d68e0c0a5b808c56941c88df4d5928745ebda0b51445b,2856,default,2,p,dtx,
dx11_default_psh_2pdx.fxc,da2cb8ed5ddd3bca76f6f6cb493ac952fdfdc463a7eefe1ebf5cc553dae838d9,2668,default,2,p,dx,
dx11_default_psh_2pl.fxc,173daf303a0f79ca1b681b9c3c1fa6d6741b53563a072a03539bbbe369196c0e,4512,default,2,p,l,
dx11_default_psh_2plc.fxc,7a792d7fe5de7cdebd392a68948a6da34cf67fb4e56524e1154fd91ffea8e718,6288,default,2,p,lc,
dx11_default_psh_2plo.fxc,5e7d3dfbd0071eada3aec7182fbe392f8a8a214dd82e0900a4558c3276ab771b,6120,default,2,p,lo,
dx11_default_psh_2ploc.fxc,7a792d7fe5de7cdebd392a68948a6da34cf67fb4e56524e1154fd91ffea8e718,6288,default,2,p,loc,
dx11_default_psh_2plz.fxc,7b6a043846e25ed81f0e90f1945ff75d847d709cf6b0ea91ef2da27ec5f64c57,7860,default,2,p,lz,
dx11_default_psh_2plzc.fxc,aed7333251d54b9bc76b6e06045e204ffde68d187464e7e19466d83fb4c83d1e,9660,default,2,p,lzc,
dx11_default_psh_2plzo.fxc,e8306bd8edd7df892ca319116bd0072317174653c53380f5423fccbd721cbb6a,9492,default,2,p,lzo,
dx11_default_psh_2plzoc.fxc,aed7333251d54b9bc76b6e06045e204ffde68d187464e7e19466d83fb4c83d1e,9660,default,2,p,lzoc,
dx11_default_psh_3p.fxc,45c874d8a4178efaa9967c8ad9ae9f4c88c4d26f68dbcc6c818bbff6a21f89a9,1396,default,3,p,,
dx11_default_psh_3pc.fxc,45c874d8a4178efaa9967c8ad9ae9f4c88c4d26f68dbcc6c818bbff6a21f89a9,1396,default,3,p,c,
dx11_default_psh_3pd.fxc,e9f07303fde631d3840a4806395c043aff3b6217a9704f9381f4b3138ecd209b,1592,default,3,p,d,
dx11_default_psh_3pdc.fxc,e9f07303fde631d3840a4806395c043aff3b6217a9704f9381f4b3138ecd209b,1592,default,3,p,dc,
dx11_default_psh_3pdcx.fxc,73ef81591be86adca9f221eaa42a0269b1b9c2008a6486e114af9465573268f0,2256,default,3,p,dcx,
dx11_default_psh_3pde.fxc,8f26c8db94bc5edd5aa2a02f2291278c07d57ddb2a0c1fb4e716c30e3f778135,1752,default,3,p,de,
dx11_default_psh_3pdec.fxc,8f26c8db94bc5edd5aa2a02f2291278c07d57ddb2a0c1fb4e716c30e3f778135,1752,default,3,p,dec,
dx11_default_psh_3pdecx.fxc,a9aa68883de3951b9d6f528c6f2f05cd84c19d65502452beffa0faebd6c3fea9,2376,default,3,p,decx,
dx11_default_psh_3pdel.fxc,8f26c8db94bc5edd5aa2a02f2291278c07d57ddb2a0c1fb4e716c30e3f778135,1752,default,3,p,del,
dx11_default_psh_3pdelc.fxc,8f26c8db94bc5edd5aa2a02f2291278c07d57ddb2a0c1fb4e716c30e3f778135,1752,default,3,p,delc,
dx11_default_psh_3pdelcx.fxc,a9aa68883de3951b9d6f528c6f2f05cd84c19d65502452beffa0faebd6c3fea9,2376,default,3,p,delcx,
dx11_default_psh_3pdelo.fxc,8f26c8db94bc5edd5aa2a02f2291278c07d57ddb2a0c1fb4e716c30e3f778135,1752,default,3,p,delo,
dx11_default_psh_3pdeloc.fxc,8f26c8db94bc5edd5aa2a02f2291278c07d57ddb2a0c1fb4e716c30e3f778135,1752,default,3,p,deloc,
dx11_default_psh_3pdelocx.fxc,a9aa68883de3951b9d6f528c6f2f05cd84c19d65502452beffa0faebd6c3fea9,2376,default,3,p,delocx,
dx11_default_psh_3pdelox.fxc,a9aa68883de3951b9d6f528c6f2f05cd84c19d65502452beffa0faebd6c3fea9,2376,default,3,p,delox,
dx11_default_psh_3pdelx.fxc,a9aa68883de3951b9d6f528c6f2f05cd84c19d65502452beffa0faebd6c3fea9,2376,default,3,p,delx,
dx11_default_psh_3pdes.fxc,8f26c8db94bc5edd5aa2a02f2291278c07d57ddb2a0c1fb4e716c30e3f778135,1752,default,3,p,des,
dx11_default_psh_3pdesc.fxc,8f26c8db94bc5edd5aa2a02f2291278c07d57ddb2a0c1fb4e716c30e3f778135,1752,default,3,p,desc,
dx11_default_psh_3pdescx.fxc,a9aa68883de3951b9d6f528c6f2f05cd84c19d65502452beffa0faebd6c3fea9,2376,default,3,p,descx,
dx11_default_psh_3pdesl.fxc,8f26c8db94bc5edd5aa2a02f2291278c07d57ddb2a0c1fb4e716c30e3f778135,1752,default,3,p,desl,
dx11_default_psh_3pdeslc.fxc,8f26c8db94bc5edd5aa2a02f2291278c07d57ddb2a0c1fb4e716c30e3f778135,1752,default,3,p,deslc,
dx11_default_psh_3pdeslcx.fxc,a9aa68883de3951b9d6f528c6f2f05cd84c19d65502452beffa0faebd6c3fea9,2376,default,3,p,deslcx,
dx11_default_psh_3pdeslo.fxc,8f26c8db94bc5edd5aa2a02f2291278c07d57ddb2a0c1fb4e716c30e3f778135,1752,default,3,p,deslo,
dx11_default_psh_3pdesloc.fxc,8f26c8db94bc5edd5aa2a02f2291278c07d57ddb2a0c1fb4e716c30e3f778135,1752,default,3,p,desloc,
dx11_default_psh_3pdeslocx.fxc,a9aa68883de3951b9d6f528c6f2f05cd84c19d65502452beffa0faebd6c3fea9,2376,default,3,p,deslocx,
dx11_default_psh_3pdeslox.fxc,a9aa68883de3951b9d6f528c6f2f05cd84c19d65502452beffa0faebd6c3fea9,2376,default,3,p,deslox,
dx11_default_psh_3pdeslx.fxc,a9aa68883de3951b9d6f528c6f2f05cd84c19d65502452beffa0faebd6c3fea9,2376,default,3,p,deslx,
dx11_default_psh_3pdesx.fxc,a9aa68883de3951b9d6f528c6f2f05cd84c19d65502452beffa0faebd6c3fea9,2376,default,3,p,desx,
dx11_default_psh_3pdex.fxc,a9aa68883de3951b9d6f528c6f2f05cd84c19d65502452beffa0faebd6c3fea9,2376,default,3,p,dex,
dx11_default_psh_3pdl.fxc,e9f07303fde631d3840a4806395c043aff3b6217a9704f9381f4b3138ecd209b,1592,default,3,p,dl,
dx11_default_psh_3pdlc.fxc,e9f07303fde631d3840a4806395c043aff3b6217a9704f9381f4b3138ecd209b,1592,default,3,p,dlc,
dx11_default_psh_3pdlcx.fxc,73ef81591be86adca9f221eaa42a0269b1b9c2008a6486e114af9465573268f0,2256,default,3,p,dlcx,
dx11_default_psh_3pdlo.fxc,e9f07303fde631d3840a4806395c043aff3b6217a9704f9381f4b3138ecd209b,1592,default,3,p,dlo,
dx11_default_psh_3pdloc.fxc,e9f07303fde631d3840a4806395c043aff3b6217a9704f9381f4b3138ecd209b,1592,default,3,p,dloc,
dx11_default_psh_3pdlocx.fxc,73ef81591be86adca9f221eaa42a0269b1b9c2008a6486e114af9465573268f0,2256,default,3,p,dlocx,
dx11_default_psh_3pdlox.fxc,73ef81591be86adca9f221eaa42a0269b1b9c2008a6486e114af9465573268f0,2256,default,3,p,dlox,
dx11_default_psh_3pdlx.fxc,73ef81591be86adca9f221eaa42a0269b1b9c2008a6486e114af9465573268f0,2256,default,3,p,dlx,
dx11_default_psh_3pdn.fxc,e9f07303fde631d3840a4806395c043aff3b6217a9704f9381f4b3138ecd209b,1592,default,3,p,dn,
dx11_default_psh_3pdnc.fxc,e9f07303fde631d3840a4806395c043aff3b6217a9704f9381f4b3138ecd209b,1592,default,3,p,dnc,
dx11_default_psh_3pdncx.fxc,73ef81591be86adca9f221eaa42a0269b1b9c2008a6486e114af9465573268f0,2256,default,3,p,dncx,
dx11_default_psh_3pdne.fxc,8f26c8db94bc5edd5aa2a02f2291278c07d57ddb2a0c1fb4e716c30e3f778135,1752,default,3,p,dne,
dx11_default_psh_3pdnec.fxc,8f26c8db94bc5edd5aa2a02f2291278c07d57ddb2a0c1fb4e716c30e3f778135,1752,default,3,p,dnec,
dx11_default_psh_3pdnecx.fxc,a9aa68883de3951b9d6f528c6f2f05cd84c19d65502452beffa0faebd6c3fea9,2376,default,3,p,dnecx,
dx11_default_psh_3pdnel.fxc,8f26c8db94bc5edd5aa2a02f2291278c07d57ddb2a0c1fb4e716c30e3f778135,1752,default,3,p,dnel,
dx11_default_psh_3pdnelc.fxc,8f26c8db94bc5edd5aa2a02f2291278c07d57ddb2a0c1fb4e716c30e3f778135,1752,default,3,p,dnelc,
dx11_default_psh_3pdnelcx.fxc,a9aa68883de3951b9d6f528c6f2f05cd84c19d65502452beffa0faebd6c3fea9,2376,default,3,p,dnelcx,
dx11_default_psh_3pdnelo.fxc,8f26c8db94bc5edd5aa2a02f2291278c07d57ddb2a0c1fb4e716c30e3f778135,1752,default,3,p,dnelo,
dx11_default_psh_3pdneloc.fxc,8f26c8db94bc5edd5aa2a02f2291278c07d57ddb2a0c1fb4e716c30e3f778135,1752,default,3,p,dneloc,
dx11_default_psh_3pdnelocx.fxc,a9aa68883de3951b9d6f528c6f2f05cd84c19d65502452beffa0faebd6c3fea9,2376,default,3,p,dnelocx,
dx11_default_psh_3pdnelox.fxc,a9aa68883de3951b9d6f528c6f2f05cd84c19d65502452beffa0faebd6c3fea9,2376,default,3,p,dnelox,
dx11_default_psh_3pdnelx.fxc,a9aa68883de3951b9d6f528c6f2f05cd84c19d65502452beffa0faebd6c3fea9,2376,default,3,p,dnelx,
dx11_default_psh_3pdnes.fxc,8f26c8db94bc5edd5aa2a02f2291278c07d57ddb2a0c1fb4e716c30e3f778135,1752,default,3,p,dnes,
dx11_default_psh_3pdnesc.fxc,8f26c8db94bc5edd5aa2a02f2291278c07d57ddb2a0c1fb4e716c30e3f778135,1752,default,3,p,dnesc,
dx11_default_psh_3pdnescx.fxc,a9aa68883de3951b9d6f528c6f2f05cd84c19d65502452beffa0faebd6c3fea9,2376,default,3,p,dnescx,
dx11_default_psh_3pdnesl.fxc,8f26c8db94bc5edd5aa2a02f2291278c07d57ddb2a0c1fb4e716c30e3f778135,1752,default,3,p,dnesl,
dx11_default_psh_3pdneslc.fxc,8f26c8db94bc5edd5aa2a02f2291278c07d57ddb2a0c1fb4e716c30e3f778135,1752,default,3,p,dneslc,
dx11_default_psh_3pdneslcx.fxc,a9aa68883de3951b9d6f528c6f2f05cd84c19d65502452beffa0faebd6c3fea9,2376,default,3,p,dneslcx,
dx11_default_psh_3pdneslo.fxc,8f26c8db94bc5edd5aa2a02f2291278c07d57ddb2a0c1fb4e716c30e3f778135,1752,default,3,p,dneslo,
dx11_default_psh_3pdnesloc.fxc,8f26c8db94bc5edd5aa2a02f2291278c07d57ddb2a0c1fb4e716c30e3f778135,1752,default,3,p,dnesloc,
dx11_default_psh_3pdneslocx.fxc,a9aa68883de3951b9d6f528c6f2f05cd84c19d65502452beffa0faebd6c3fea9,2376,default,3,p,dneslocx,
dx11_default_psh_3pdneslox.fxc,a9aa68883de3951b9d6f528c6f2f05cd84c19d65502452beffa0faebd6c3fea9,2376,default,3,p,dneslox,
dx11_default_psh_3pdneslx.fxc,a9aa68883de3951b9d6f528c6f2f05cd84c19d65502452beffa0faebd6c3fea9,2376,default,3,p,dneslx,
dx11_default_psh_3pdnesx.fxc,a9aa68883de3951b9d6f528c6f2f05cd84c19d65502452beffa0faebd6c3fea9,2376,default,3,p,dnesx,
dx11_default_psh_3pdnex.fxc,a9aa68883de3951b9d6f528c6f2f05cd84c19d65502452beffa0faebd6c3fea9,2376,default,3,p,dnex,
dx11_default_psh_3pdnl.fxc,e9f07303fde631d3840a4806395c043aff3b6217a9704f9381f4b3138ecd209b,1592,default,3,p,dnl,
dx11_default_psh_3pdnlc.fxc,e9f07303fde631d3840a4806395c043aff3b6217a9704f9381f4b3138ecd209b,1592,default,3,p,dnlc,
dx11_default_psh_3pdnlcx.fxc,73ef81591be86adca9f221eaa42a0269b1b9c2008a6486e114af9465573268f0,2256,default,3,p,dnlcx,
dx11_default_psh_3pdnlo.fxc,e9f07303fde631d3840a4806395c043aff3b6217a9704f9381f4b3138ecd209b,1592,default,3,p,dnlo,
dx11_default_psh_3pdnloc.fxc,e9f07303fde631d3840a4806395c043aff3b6217a9704f9381f4b3138ecd209b,1592,default,3,p,dnloc,
dx11_default_psh_3pdnlocx.fxc,73ef81591be86adca9f221eaa42a0269b1b9c2008a6486e114af9465573268f0,2256,default,3,p,dnlocx,
dx11_default_psh_3pdnlox.fxc,73ef81591be86adca9f221eaa42a0269b1b9c2008a6486e114af9465573268f0,2256,default,3,p,dnlox,
dx11_default_psh_3pdnlx.fxc,73ef81591be86adca9f221eaa42a0269b1b9c2008a6486e114af9465573268f0,2256,default,3,p,dnlx,
dx11_default_psh_3pdns.fxc,e9f07303fde631d3840a4806395c043aff3b6217a9704f9381f4b3138ecd209b,1592,default,3,p,dns,
dx11_default_psh_3pdnsc.fxc,e9f07303fde631d3840a4806395c043aff3b6217a9704f9381f4b3138ecd209b,1592,default,3,p,dnsc,
dx11_default_psh_3pdnscx.fxc,73ef81591be86adca9f221eaa42a0269b1b9c2008a6486e114af9465573268f0,2256,default,3,p,dnscx,
dx11_default_psh_3pdnsl.fxc,e9f07303fde631d3840a4806395c043aff3b6217a9704f9381f4b3138ecd209b,1592,default,3,p,dnsl,
dx11_default_psh_3pdnslc.fxc,e9f07303fde631d3840a4806395c043aff3b6217a9704f9381f4b3138ecd209b,1592,default,3,p,dnslc,
dx11_default_psh_3pdnslcx.fxc,73ef81591be86adca9f221eaa42a0269b1b9c2008a6486e114af9465573268f0,2256,default,3,p,dnslcx,
dx11_default_psh_3pdnslo.fxc,e9f07303fde631d3840a4806395c043aff3b6217a9704f9381f4b3138ecd209b,1592,default,3,p,dnslo,
dx11_default_psh_3pdnsloc.fxc,e9f07303fde631d3840a4806395c043aff3b6217a9704f9381f4b3138ecd209b,1592,default,3,p,dnsloc,
dx11_default_psh_3pdnslocx.fxc,73ef81591be86adca9f221eaa42a0269b1b9c2008a6486e114af9465573268f0,2256,default,3,p,dnslocx,
dx11_default_psh_3pdnslox.fxc,73ef81591be86adca9f221eaa42a0269b1b9c2008a6486e114af9465573268f0,2256,default,3,p,dnslox,
dx11_default_psh_3pdnslx.fxc,73ef81591be86adca9f221eaa42a0269b1b9c2008a6486e114af9465573268f0,2256,default,3,p,dnslx,
dx11_default_psh_3pdnsx.fxc,73ef81591be86adca9f221eaa42a0269b1b9c2008a6486e114af9465573268f0,2256,default,3,p,dnsx,
dx11_default_psh_3pdnx.fxc,73ef81591be86adca9f221eaa42a0269b1b9c2008a6486e114af9465573268f0,2256,default,3,p,dnx,
dx11_default_psh_3pds.fxc,e9f07303fde631d3840a4806395c043aff3b6217a9704f9381f4b3138ecd209b,1592,default,3,p,ds,
dx11_default_psh_3pdsc.fxc,e9f07303fde631d3840a4806395c043aff3b6217a9704f9381f4b3138ecd209b,1592,default,3,p,dsc,
dx11_default_psh_3pdscx.fxc,73ef81591be86adca9f221eaa42a0269b1b9c2008a6486e114af9465573268f0,2256,default,3,p,dscx,
dx11_default_psh_3pdsl.fxc,e9f07303fde631d3840a4806395c043aff3b6217a9704f9381f4b3138ecd209b,1592,default,3,p,dsl,
dx11_default_psh_3pdslc.fxc,e9f07303fde631d3840a4806395c043aff3b6217a9704f9381f4b3138ecd209b,1592,default,3,p,dslc,
dx11_default_psh_3pdslcx.fxc,73ef81591be86adca9f221eaa42a0269b1b9c2008a6486e114af9465573268f0,2256,default,3,p,dslcx,
dx11_default_psh_3pdslo.fxc,e9f07303fde631d3840a4806395c043aff3b6217a9704f9381f4b3138ecd209b,1592,default,3,p,dslo,
dx11_default_psh_3pdsloc.fxc,e9f07303fde631d3840a4806395c043aff3b6217a9704f9381f4b3138ecd209b,1592,default,3,p,dsloc,
dx11_default_psh_3pdslocx.fxc,73ef81591be86adca9f221eaa42a0269b1b9c2008a6486e114af9465573268f0,2256,default,3,p,dslocx,
dx11_default_psh_3pdslox.fxc,73ef81591be86adca9f221eaa42a0269b1b9c2008a6486e114af9465573268f0,2256,default,3,p,dslox,
dx11_default_psh_3pdslx.fxc,73ef81591be86adca9f221eaa42a0269b1b9c2008a6486e114af9465573268f0,2256,default,3,p,dslx,
dx11_default_psh_3pdsx.fxc,73ef81591be86adca9f221eaa42a0269b1b9c2008a6486e114af9465573268f0,2256,default,3,p,dsx,
dx11_default_psh_3pdt.fxc,f01712dd48238ce5fb7d73b94652d579875fd50ae2823ad1926d6c5aab25bc95,1828,default,3,p,dt,
dx11_default_psh_3pdtc.fxc,f01712dd48238ce5fb7d73b94652d579875fd50ae2823ad1926d6c5aab25bc95,1828,default,3,p,dtc,
dx11_default_psh_3pdtcx.fxc,1844fa4e2a110274cf31256976eafd22c8bc36fae82b09a2cff54b34805c4b11,2432,default,3,p,dtcx,
dx11_default_psh_3pdte.fxc,8eb1a1dcc92550b2daf1717ea89247fa0e31aec813e1bd572787c2d0776a170f,1968,default,3,p,dte,
dx11_default_psh_3pdtec.fxc,8eb1a1dcc92550b2daf1717ea89247fa0e31aec813e1bd572787c2d0776a170f,1968,default,3,p,dtec,
dx11_default_psh_3pdtecx.fxc,317f0ee56747ee8020c5d60d6712c60154e58bb89e3101644b185a2acbc9949e,2572,default,3,p,dtecx,
dx11_default_psh_3pdtel.fxc,8eb1a1dcc92550b2daf1717ea89247fa0e31aec813e1bd572787c2d0776a170f,1968,default,3,p,dtel,
dx11_default_psh_3pdtelc.fxc,8eb1a1dcc92550b2daf1717ea89247fa0e31aec813e1bd572787c2d0776a170f,1968,default,3,p,dtelc,
dx11_default_psh_3pdtelcx.fxc,317f0ee56747ee8020c5d60d6712c60154e58bb89e3101644b185a2acbc9949e,2572,default,3,p,dtelcx,
dx11_default_psh_3pdtelo.fxc,8eb1a1dcc92550b2daf1717ea89247fa0e31aec813e1bd572787c2d0776a170f,1968,default,3,p,dtelo,
dx11_default_psh_3pdteloc.fxc,8eb1a1dcc92550b2daf1717ea89247fa0e31aec813e1bd572787c2d0776a170f,1968,default,3,p,dteloc,
dx11_default_psh_3pdtelocx.fxc,317f0ee56747ee8020c5d60d6712c60154e58bb89e3101644b185a2acbc9949e,2572,default,3,p,dtelocx,
dx11_default_psh_3pdtelox.fxc,317f0ee56747ee8020c5d60d6712c60154e58bb89e3101644b185a2acbc9949e,2572,default,3,p,dtelox,
dx11_default_psh_3pdtelx.fxc,317f0ee56747ee8020c5d60d6712c60154e58bb89e3101644b185a2acbc9949e,2572,default,3,p,dtelx,
dx11_default_psh_3pdtes.fxc,8eb1a1dcc92550b2daf1717ea89247fa0e31aec813e1bd572787c2d0776a170f,1968,default,3,p,dtes,
dx11_default_psh_3pdtesc.fxc,8eb1a1dcc92550b2daf1717ea89247fa0e31aec813e1bd572787c2d0776a170f,1968,default,3,p,dtesc,
dx11_default_psh_3pdtescx.fxc,317f0ee56747ee8020c5d60d6712c60154e58bb89e3101644b185a2acbc9949e,2572,default,3,p,dtescx,
dx11_default_psh_3pdtesl.fxc,8eb1a1dcc92550b2daf1717ea89247fa0e31aec813e1bd572787c2d0776a170f,1968,default,3,p,dtesl,
dx11_default_psh_3pdteslc.fxc,8eb1a1dcc92550b2daf1717ea89247fa0e31aec813e1bd572787c2d0776a170f,1968,default,3,p,dteslc,
dx11_default_psh_3pdteslcx.fxc,317f0ee56747ee8020c5d60d6712c60154e58bb89e3101644b185a2acbc9949e,2572,default,3,p,dteslcx,
dx11_default_psh_3pdteslo.fxc,8eb1a1dcc92550b2daf1717ea89247fa0e31aec813e1bd572787c2d0776a170f,1968,default,3,p,dteslo,
dx11_default_psh_3pdtesloc.fxc,8eb1a1dcc92550b2daf1717ea89247fa0e31aec813e1bd572787c2d0776a170f,1968,default,3,p,dtesloc,
dx11_default_psh_3pdteslocx.fxc,317f0ee56747ee8020c5d60d6712c60154e58bb89e3101644b185a2acbc9949e,2572,default,3,p,dteslocx,
dx11_default_psh_3pdteslox.fxc,317f0ee56747ee8020c5d60d6712c60154e58bb89e3101644b185a2acbc9949e,2572,default,3,p,dteslox,
dx11_default_psh_3pdteslx.fxc,317f0ee56747ee8020c5d60d6712c60154e58bb89e3101644b185a2acbc9949e,2572,default,3,p,dteslx,
dx11_default_psh_3pdtesx.fxc,317f0ee56747ee8020c5d60d6712c60154e58bb89e3101644b185a2acbc9949e,2572,default,3,p,dtesx,
dx11_default_psh_3pdtex.fxc,317f0ee56747ee8020c5d60d6712c60154e58bb89e3101644b185a2acbc9949e,2572,default,3,p,dtex,
dx11_default_psh_3pdtl.fxc,f01712dd48238ce5fb7d73b94652d579875fd50ae2823ad1926d6c5aab25bc95,1828,default,3,p,dtl,
dx11_default_psh_3pdtlc.fxc,f01712dd48238ce5fb7d73b94652d579875fd50ae2823ad1926d6c5aab25bc95,1828,default,3,p,dtlc,
dx11_default_psh_3pdtlcx.fxc,1844fa4e2a110274cf31256976eafd22c8bc36fae82b09a2cff54b34805c4b11,2432,default,3,p,dtlcx,
dx11_default_psh_3pdtlo.fxc,f01712dd48238ce5fb7d73b94652d579875fd50ae2823ad1926d6c5aab25bc95,1828,default,3,p,dtlo,
dx11_default_psh_3pdtloc.fxc,f01712dd48238ce5fb7d73b94652d579875fd50ae2823ad1926d6c5aab25bc95,1828,default,3,p,dtloc,
dx11_default_psh_3pdtlocx.fxc,1844fa4e2a110274cf31256976eafd22c8bc36fae82b09a2cff54b34805c4b11,2432,default,3,p,dtlocx,
dx11_default_psh_3pdtlox.fxc,1844fa4e2a110274cf31256976eafd22c8bc36fae82b09a2cff54b34805c4b11,2432,default,3,p,dtlox,
dx11_default_psh_3pdtlx.fxc,1844fa4e2a110274cf31256976eafd22c8bc36fae82b09a2cff54b34805c4b11,2432,default,3,p,dtlx,
dx11_default_psh_3pdtn.fxc,f01712dd48238ce5fb7d73b94652d579875fd50ae2823ad1926d6c5aab25bc95,1828,default,3,p,dtn,
dx11_default_psh_3pdtnc.fxc,f01712dd48238ce5fb7d73b94652d579875fd50ae2823ad1926d6c5aab25bc95,1828,default,3,p,dtnc,
dx11_default_psh_3pdtncx.fxc,1844fa4e2a110274cf31256976eafd22c8bc36fae82b09a2cff54b34805c4b11,2432,default,3,p,dtncx,
dx11_default_psh_3pdtne.fxc,8eb1a1dcc92550b2daf1717ea89247fa0e31aec813e1bd572787c2d0776a170f,1968,default,3,p,dtne,
dx11_default_psh_3pdtnec.fxc,8eb1a1dcc92550b2daf1717ea89247fa0e31aec813e1bd572787c2d0776a170f,1968,default,3,p,dtnec,
dx11_default_psh_3pdtnecx.fxc,317f0ee56747ee8020c5d60d6712c60154e58bb89e3101644b185a2acbc9949e,2572,default,3,p,dtnecx,
dx11_default_psh_3pdtnel.fxc,8eb1a1dcc92550b2daf1717ea89247fa0e31aec813e1bd572787c2d0776a170f,1968,default,3,p,dtnel,
dx11_default_psh_3pdtnelc.fxc,8eb1a1dcc92550b2daf1717ea89247fa0e31aec813e1bd572787c2d0776a170f,1968,default,3,p,dtnelc,
dx11_default_psh_3pdtnelcx.fxc,317f0ee56747ee8020c5d60d6712c60154e58bb89e3101644b185a2acbc9949e,2572,default,3,p,dtnelcx,
dx11_default_psh_3pdtnelo.fxc,8eb1a1dcc92550b2daf1717ea89247fa0e31aec813e1bd572787c2d0776a170f,1968,default,3,p,dtnelo,
dx11_default_psh_3pdtneloc.fxc,8eb1a1dcc92550b2daf1717ea89247fa0e31aec813e1bd572787c2d0776a170f,1968,default,3,p,dtneloc,
dx11_default_psh_3pdtnelocx.fxc,317f0ee56747ee8020c5d60d6712c60154e58bb89e3101644b185a2acbc9949e,2572,default,3,p,dtnelocx,
dx11_default_psh_3pdtnelox.fxc,317f0ee56747ee8020c5d60d6712c60154e58bb89e3101644b185a2acbc9949e,2572,default,3,p,dtnelox,
dx11_default_psh_3pdtnelx.fxc,317f0ee56747ee8020c5d60d6712c60154e58bb89e3101644b185a2acbc9949e,2572,default,3,p,dtnelx,
dx11_default_psh_3pdtnes.fxc,8eb1a1dcc92550b2daf1717ea89247fa0e31aec813e1bd572787c2d0776a170f,1968,default,3,p,dtnes,
dx11_default_psh_3pdtnesc.fxc,8eb1a1dcc92550b2daf1717ea89247fa0e31aec813e1bd572787c2d0776a170f,1968,default,3,p,dtnesc,
dx11_default_psh_3pdtnescx.fxc,317f0ee56747ee8020c5d60d6712c60154e58bb89e3101644b185a2acbc9949e,2572,default,3,p,dtnescx,
dx11_default_psh_3pdtnesl.fxc,8eb1a1dcc92550b2daf1717ea89247fa0e31aec813e1bd572787c2d0776a170f,1968,default,3,p,dtnesl,
dx11_default_psh_3pdtneslc.fxc,8eb1a1dcc92550b2daf1717ea89247fa0e31aec813e1bd572787c2d0776a170f,1968,default,3,p,dtneslc,
dx11_default_psh_3pdtneslcx.fxc,317f0ee56747ee8020c5d60d6712c60154e58bb89e3101644b185a2acbc9949e,2572,default,3,p,dtneslcx,
dx11_default_psh_3pdtneslo.fxc,8eb1a1dcc92550b2daf1717ea89247fa0e31aec813e1bd572787c2d0776a170f,1968,default,3,p,dtneslo,
dx11_default_psh_3pdtnesloc.fxc,8eb1a1dcc92550b2daf1717ea89247fa0e31aec813e1bd572787c2d0776a170f,1968,default,3,p,dtnesloc,
dx11_default_psh_3pdtneslocx.fxc,317f0ee56747ee8020c5d60d6712c60154e58bb89e3101644b185a2acbc9949e,2572,default,3,p,dtneslocx,
dx11_default_psh_3pdtneslox.fxc,317f0ee56747ee8020c5d60d6712c60154e58bb89e3101644b185a2acbc9949e,2572,default,3,p,dtneslox,
dx11_default_psh_3pdtneslx.fxc,317f0ee56747ee8020c5d60d6712c60154e58bb89e3101644b185a2acbc9949e,2572,default,3,p,dtneslx,
dx11_default_psh_3pdtnesx.fxc,317f0ee56747ee8020c5d60d6712c60154e58bb89e3101644b185a2acbc9949e,2572,default,3,p,dtnesx,
dx11_default_psh_3pdtnex.fxc,317f0ee56747ee8020c5d60d6712c60154e58bb89e3101644b185a2acbc9949e,2572,default,3,p,dtnex,
dx11_default_psh_3pdtnl.fxc,f01712dd48238ce5fb7d73b94652d579875fd50ae2823ad1926d6c5aab25bc95,1828,default,3,p,dtnl,
dx11_default_psh_3pdtnlc.fxc,f01712dd48238ce5fb7d73b94652d579875fd50ae2823ad1926d6c5aab25bc95,1828,default,3,p,dtnlc,
dx11_default_psh_3pdtnlcx.fxc,1844fa4e2a110274cf31256976eafd22c8bc36fae82b09a2cff54b34805c4b11,2432,default,3,p,dtnlcx,
dx11_default_psh_3pdtnlo.fxc,f01712dd48238ce5fb7d73b94652d579875fd50ae2823ad1926d6c5aab25bc95,1828,default,3,p,dtnlo,
dx11_default_psh_3pdtnloc.fxc,f01712dd48238ce5fb7d73b94652d579875fd50ae2823ad1926d6c5aab25bc95,1828,default,3,p,dtnloc,
dx11_default_psh_3pdtnlocx.fxc,1844fa4e2a110274cf31256976eafd22c8bc36fae82b09a2cff54b34805c4b11,2432,default,3,p,dtnlocx,
dx11_default_psh_3pdtnlox.fxc,1844fa4e2a110274cf31256976eafd22c8bc36fae82b09a2cff54b34805c4b11,2432,default,3,p,dtnlox,
dx11_default_psh_3pdtnlx.fxc,1844fa4e2a110274cf31256976eafd22c8bc36fae82b09a2cff54b34805c4b11,2432,default,3,p,dtnlx,
dx11_default_psh_3pdtns.fxc,f01712dd48238ce5fb7d73b94652d579875fd50ae2823ad1926d6c5aab25bc95,1828,default,3,p,dtns,
dx11_default_psh_3pdtnsc.fxc,f01712dd48238ce5fb7d73b94652d579875fd50ae2823ad1926d6c5aab25bc95,1828,default,3,p,dtnsc,
dx11_default_psh_3pdtnscx.fxc,1844fa4e2a110274cf31256976eafd22c8bc36fae82b09a2cff54b34805c4b11,2432,default,3,p,dtnscx,
dx11_default_psh_3pdtnsl.fxc,f01712dd48238ce5fb7d73b94652d579875fd50ae2823ad1926d6c5aab25bc95,1828,default,3,p,dtnsl,
dx11_default_psh_3pdtnslc.fxc,f01712dd48238ce5fb7d73b94652d579875fd50ae2823ad1926d6c5aab25bc95,1828,default,3,p,dtnslc,
dx11_default_psh_3pdtnslcx.fxc,1844fa4e2a110274cf31256976eafd22c8bc36fae82b09a2cff54b34805c4b11,2432,default,3,p,dtnslcx,
dx11_default_psh_3pdtnslo.fxc,f01712dd48238ce5fb7d73b94652d579875fd50ae2823ad1926d6c5aab25bc95,1828,default,3,p,dtnslo,
dx11_default_psh_3pdtnsloc.fxc,f01712dd48238ce5fb7d73b94652d579875fd50ae2823ad1926d6c5aab25bc95,1828,default,3,p,dtnsloc,
dx11_default_psh_3pdtnslocx.fxc,1844fa4e2a110274cf31256976eafd22c8bc36fae82b09a2cff54b34805c4b11,2432,default,3,p,dtnslocx,
dx11_default_psh_3pdtnslox.fxc,1844fa4e2a110274cf31256976eafd22c8bc36fae82b09a2cff54b34805c4b11,2432,default,3,p,dtnslox,
dx11_default_psh_3pdtnslx.fxc,1844fa4e2a110274cf31256976eafd22c8bc36fae82b09a2cff54b34805c4b11,2432,default,3,p,dtnslx,
dx11_default_psh_3pdtnsx.fxc,1844fa4e2a110274cf31256976eafd22c8bc36fae82b09a2cff54b34805c4b11,2432,default,3,p,dtnsx,
dx11_default_psh_3pdtnx.fxc,1844fa4e2a110274cf31256976eafd22c8bc36fae82b09a2cff54b34805c4b11,2432,default,3,p,dtnx,
dx11_default_psh_3pdts.fxc,f01712dd48238ce5fb7d73b94652d579875fd50ae2823ad1926d6c5aab25bc95,1828,default,3,p,dts,
dx11_default_psh_3pdtsc.fxc,f01712dd48238ce5fb7d73b94652d579875fd50ae2823ad1926d6c5aab25bc95,1828,default,3,p,dtsc,
dx11_default_psh_3pdtscx.fxc,1844fa4e2a110274cf31256976eafd22c8bc36fae82b09a2cff54b34805c4b11,2432,default,3,p,dtscx,
dx11_default_psh_3pdtsl.fxc,f01712dd48238ce5fb7d73b94652d579875fd50ae2823ad1926d6c5aab25bc95,1828,default,3,p,dtsl,
dx11_default_psh_3pdtslc.fxc,f01712dd48238ce5fb7d73b94652d579875fd50ae2823ad1926d6c5aab25bc95,1828,default,3,p,dtslc,
dx11_default_psh_3pdtslcx.fxc,1844fa4e2a110274cf31256976eafd22c8bc36fae82b09a2cff54b34805c4b11,2432,default,3,p,dtslcx,
dx11_default_psh_3pdtslo.fxc,f01712dd48238ce5fb7d73b94652d579875fd50ae2823ad1926d6c5aab25bc95,1828,default,3,p,dtslo,
dx11_default_psh_3pdtsloc.fxc,f01712dd48238ce5fb7d73b94652d579875fd50ae2823ad1926d6c5aab25bc95,1828,default,3,p,dtsloc,
dx11_default_psh_3pdtslocx.fxc,1844fa4e2a110274cf31256976eafd22c8bc36fae82b09a2cff54b34805c4b11,2432,default,3,p,dtslocx,
dx11_default_psh_3pdtslox.fxc,1844fa4e2a110274cf31256976eafd22c8bc36fae82b09a2cff54b34805c4b11,2432,default,3,p,dtslox,
dx11_default_psh_3pdtslx.fxc,1844fa4e2a110274cf31256976eafd22c8bc36fae82b09a2cff54b34805c4b11,2432,default,3,p,dtslx,
dx11_default_psh_3pdtsx.fxc,1844fa4e2a110274cf31256976eafd22c8bc36fae82b09a2cff54b34805c4b11,2432,default,3,p,dtsx,
dx11_default_psh_3pdtx.fxc,1844fa4e2a110274cf31256976eafd22c8bc36fae82b09a2cff54b34805c4b11,2432,default,3,p,dtx,
dx11_default_psh_3pdx.fxc,73ef81591be86adca9f221eaa42a0269b1b9c2008a6486e114af9465573268f0,2256,default,3,p,dx,
dx11_default_psh_3pl.fxc,45c874d8a4178efaa9967c8ad9ae9f4c88c4d26f68dbcc6c818bbff6a21f89a9,1396,default,3,p,l,
dx11_default_psh_3plc.fxc,45c874d8a4178efaa9967c8ad9ae9f4c88c4d26f68dbcc6c818bbff6a21f89a9,1396,default,3,p,lc,
dx11_default_psh_3plo.fxc,45c874d8a4178efaa9967c8ad9ae9f4c88c4d26f68dbcc6c818bbff6a21f89a9,1396,default,3,p,lo,
dx11_default_psh_3ploc.fxc,45c874d8a4178efaa9967c8ad9ae9f4c88c4d26f68dbcc6c818bbff6a21f89a9,1396,default,3,p,loc,
dx11_default_psh_4p.fxc,45c874d8a4178efaa9967c8ad9ae9f4c88c4d26f68dbcc6c818bbff6a21f89a9,1396,default,4,p,,
dx11_default_psh_4pd.fxc,e9f07303fde631d3840a4806395c043aff3b6217a9704f9381f4b3138ecd209b,1592,default,4,p,d,
dx11_default_psh_4pde.fxc,8f26c8db94bc5edd5aa2a02f2291278c07d57ddb2a0c1fb4e716c30e3f778135,1752,default,4,p,de,
dx11_default_psh_4pdes.fxc,8f26c8db94bc5edd5aa2a02f2291278c07d57ddb2a0c1fb4e716c30e3f778135,1752,default,4,p,des,
dx11_default_psh_4pdesx.fxc,a9aa68883de3951b9d6f528c6f2f05cd84c19d65502452beffa0faebd6c3fea9,2376,default,4,p,desx,
dx11_default_psh_4pdex.fxc,a9aa68883de3951b9d6f528c6f2f05cd84c19d65502452beffa0faebd6c3fea9,2376,default,4,p,dex,
dx11_default_psh_4pdn.fxc,e9f07303fde631d3840a4806395c043aff3b6217a9704f9381f4b3138ecd209b,1592,default,4,p,dn,
dx11_default_psh_4pdne.fxc,8f26c8db94bc5edd5aa2a02f2291278c07d57ddb2a0c1fb4e716c30e3f778135,1752,default,4,p,dne,
dx11_default_psh_4pdnes.fxc,8f26c8db94bc5edd5aa2a02f2291278c07d57ddb2a0c1fb4e716c30e3f778135,1752,default,4,p,dnes,
dx11_default_psh_4pdnesx.fxc,a9aa68883de3951b9d6f528c6f2f05cd84c19d65502452beffa0faebd6c3fea9,2376,default,4,p,dnesx,
dx11_default_psh_4pdnex.fxc,a9aa68883de3951b9d6f528c6f2f05cd84c19d65502452beffa0faebd6c3fea9,2376,default,4,p,dnex,
dx11_default_psh_4pdns.fxc,e9f07303fde631d3840a4806395c043aff3b6217a9704f9381f4b3138ecd209b,1592,default,4,p,dns,
dx11_default_psh_4pdnsx.fxc,73ef81591be86adca9f221eaa42a0269b1b9c2008a6486e114af9465573268f0,2256,default,4,p,dnsx,
dx11_default_psh_4pdnx.fxc,73ef81591be86adca9f221eaa42a0269b1b9c2008a6486e114af9465573268f0,2256,default,4,p,dnx,
dx11_default_psh_4pds.fxc,e9f07303fde631d3840a4806395c043aff3b6217a9704f9381f4b3138ecd209b,1592,default,4,p,ds,
dx11_default_psh_4pdsx.fxc,73ef81591be86adca9f221eaa42a0269b1b9c2008a6486e114af9465573268f0,2256,default,4,p,dsx,
dx11_default_psh_4pdt.fxc,f01712dd48238ce5fb7d73b94652d579875fd50ae2823ad1926d6c5aab25bc95,1828,default,4,p,dt,
dx11_default_psh_4pdte.fxc,8eb1a1dcc92550b2daf1717ea89247fa0e31aec813e1bd572787c2d0776a170f,1968,default,4,p,dte,
dx11_default_psh_4pdtes.fxc,8eb1a1dcc92550b2daf1717ea89247fa0e31aec813e1bd572787c2d0776a170f,1968,default,4,p,dtes,
dx11_default_psh_4pdtesx.fxc,317f0ee56747ee8020c5d60d6712c60154e58bb89e3101644b185a2acbc9949e,2572,default,4,p,dtesx,
dx11_default_psh_4pdtex.fxc,317f0ee56747ee8020c5d60d6712c60154e58bb89e3101644b185a2acbc9949e,2572,default,4,p,dtex,
dx11_default_psh_4pdtn.fxc,f01712dd48238ce5fb7d73b94652d579875fd50ae2823ad1926d6c5aab25bc95,1828,default,4,p,dtn,
dx11_default_psh_4pdtne.fxc,8eb1a1dcc92550b2daf1717ea89247fa0e31aec813e1bd572787c2d0776a170f,1968,default,4,p,dtne,
dx11_default_psh_4pdtnes.fxc,8eb1a1dcc92550b2daf1717ea89247fa0e31aec813e1bd572787c2d0776a170f,1968,default,4,p,dtnes,
dx11_default_psh_4pdtnesx.fxc,317f0ee56747ee8020c5d60d6712c60154e58bb89e3101644b185a2acbc9949e,2572,default,4,p,dtnesx,
dx11_default_psh_4pdtnex.fxc,317f0ee56747ee8020c5d60d6712c60154e58bb89e3101644b185a2acbc9949e,2572,default,4,p,dtnex,
dx11_default_psh_4pdtns.fxc,f01712dd48238ce5fb7d73b94652d579875fd50ae2823ad1926d6c5aab25bc95,1828,default,4,p,dtns,
dx11_default_psh_4pdtnsx.fxc,1844fa4e2a110274cf31256976eafd22c8bc36fae82b09a2cff54b34805c4b11,2432,default,4,p,dtnsx,
dx11_default_psh_4pdtnx.fxc,1844fa4e2a110274cf31256976eafd22c8bc36fae82b09a2cff54b34805c4b11,2432,default,4,p,dtnx,
dx11_default_psh_4pdts.fxc,f01712dd48238ce5fb7d73b94652d579875fd50ae2823ad1926d6c5aab25bc95,1828,default,4,p,dts,
dx11_default_psh_4pdtsx.fxc,1844fa4e2a110274cf31256976eafd22c8bc36fae82b09a2cff54b34805c4b11,2432,default,4,p,dtsx,
dx11_default_psh_4pdtx.fxc,1844fa4e2a110274cf31256976eafd22c8bc36fae82b09a2cff54b34805c4b11,2432,default,4,p,dtx,
dx11_default_psh_4pdx.fxc,73ef81591be86adca9f221eaa42a0269b1b9c2008a6486e114af9465573268f0,2256,default,4,p,dx,
dx11_default_psh_5p.fxc,b587071bef131c53e1c2b6ca3a50d0f2de4a0f78b6912758f7c1afb04e5bfc56,1364,default,5,p,,
dx11_default_psh_5pd.fxc,b587071bef131c53e1c2b6ca3a50d0f2de4a0f78b6912758f7c1afb04e5bfc56,1364,default,5,p,d,
dx11_default_psh_5pde.fxc,b587071bef131c53e1c2b6ca3a50d0f2de4a0f78b6912758f7c1afb04e5bfc56,1364,default,5,p,de,
dx11_default_psh_5pdes.fxc,b587071bef131c53e1c2b6ca3a50d0f2de4a0f78b6912758f7c1afb04e5bfc56,1364,default,5,p,des,
dx11_default_psh_5pdesx.fxc,b587071bef131c53e1c2b6ca3a50d0f2de4a0f78b6912758f7c1afb04e5bfc56,1364,default,5,p,desx,
dx11_default_psh_5pdex.fxc,b587071bef131c53e1c2b6ca3a50d0f2de4a0f78b6912758f7c1afb04e5bfc56,1364,default,5,p,dex,
dx11_default_psh_5pdn.fxc,b587071bef131c53e1c2b6ca3a50d0f2de4a0f78b6912758f7c1afb04e5bfc56,1364,default,5,p,dn,
dx11_default_psh_5pdne.fxc,b587071bef131c53e1c2b6ca3a50d0f2de4a0f78b6912758f7c1afb04e5bfc56,1364,default,5,p,dne,
dx11_default_psh_5pdnes.fxc,b587071bef131c53e1c2b6ca3a50d0f2de4a0f78b6912758f7c1afb04e5bfc56,1364,default,5,p,dnes,
dx11_default_psh_5pdnesx.fxc,b587071bef131c53e1c2b6ca3a50d0f2de4a0f78b6912758f7c1afb04e5bfc56,1364,default,5,p,dnesx,
dx11_default_psh_5pdnex.fxc,b587071bef131c53e1c2b6ca3a50d0f2de4a0f78b6912758f7c1afb04e5bfc56,1364,default,5,p,dnex,
dx11_default_psh_5pdns.fxc,b587071bef131c53e1c2b6ca3a50d0f2de4a0f78b6912758f7c1afb04e5bfc56,1364,default,5,p,dns,
dx11_default_psh_5pdnsx.fxc,b587071bef131c53e1c2b6ca3a50d0f2de4a0f78b6912758f7c1afb04e5bfc56,1364,default,5,p,dnsx,
dx11_default_psh_5pdnx.fxc,b587071bef131c53e1c2b6ca3a50d0f2de4a0f78b6912758f7c1afb04e5bfc56,1364,default,5,p,dnx,
dx11_default_psh_5pds.fxc,b587071bef131c53e1c2b6ca3a50d0f2de4a0f78b6912758f7c1afb04e5bfc56,1364,default,5,p,ds,
dx11_default_psh_5pdsx.fxc,b587071bef131c53e1c2b6ca3a50d0f2de4a0f78b6912758f7c1afb04e5bfc56,1364,default,5,p,dsx,
dx11_default_psh_5pdt.fxc,b587071bef131c53e1c2b6ca3a50d0f2de4a0f78b6912758f7c1afb04e5bfc56,1364,default,5,p,dt,
dx11_default_psh_5pdte.fxc,b587071bef131c53e1c2b6ca3a50d0f2de4a0f78b6912758f7c1afb04e5bfc56,1364,default,5,p,dte,
dx11_default_psh_5pdtes.fxc,b587071bef131c53e1c2b6ca3a50d0f2de4a0f78b6912758f7c1afb04e5bfc56,1364,default,5,p,dtes,
dx11_default_psh_5pdtesx.fxc,b587071bef131c53e1c2b6ca3a50d0f2de4a0f78b6912758f7c1afb04e5bfc56,1364,default,5,p,dtesx,
dx11_default_psh_5pdtex.fxc,b587071bef131c53e1c2b6ca3a50d0f2de4a0f78b6912758f7c1afb04e5bfc56,1364,default,5,p,dtex,
dx11_default_psh_5pdtn.fxc,b587071bef131c53e1c2b6ca3a50d0f2de4a0f78b6912758f7c1afb04e5bfc56,1364,default,5,p,dtn,
dx11_default_psh_5pdtne.fxc,b587071bef131c53e1c2b6ca3a50d0f2de4a0f78b6912758f7c1afb04e5bfc56,1364,default,5,p,dtne,
dx11_default_psh_5pdtnes.fxc,b587071bef131c53e1c2b6ca3a50d0f2de4a0f78b6912758f7c1afb04e5bfc56,1364,default,5,p,dtnes,
dx11_default_psh_5pdtnesx.fxc,b587071bef131c53e1c2b6ca3a50d0f2de4a0f78b6912758f7c1afb04e5bfc56,1364,default,5,p,dtnesx,
dx11_default_psh_5pdtnex.fxc,b587071bef131c53e1c2b6ca3a50d0f2de4a0f78b6912758f7c1afb04e5bfc56,1364,default,5,p,dtnex,
dx11_default_psh_5pdtns.fxc,b587071bef131c53e1c2b6ca3a50d0f2de4a0f78b6912758f7c1afb04e5bfc56,1364,default,5,p,dtns,
dx11_default_psh_5pdtnsx.fxc,b587071bef131c53e1c2b6ca3a50d0f2de4a0f78b6912758f7c1afb04e5bfc56,1364,default,5,p,dtnsx,
dx11_default_psh_5pdtnx.fxc,b587071bef131c53e1c2b6ca3a50d0f2de4a0f78b6912758f7c1afb04e5bfc56,1364,default,5,p,dtnx,
dx11_default_psh_5pdts.fxc,b587071bef131c53e1c2b6ca3a50d0f2de4a0f78b6912758f7c1afb04e5bfc56,1364,default,5,p,dts,
dx11_default_psh_5pdtsx.fxc,b587071bef131c53e1c2b6ca3a50d0f2de4a0f78b6912758f7c1afb04e5bfc56,1364,default,5,p,dtsx,
dx11_default_psh_5pdtx.fxc,b587071bef131c53e1c2b6ca3a50d0f2de4a0f78b6912758f7c1afb04e5bfc56,1364,default,5,p,dtx,
dx11_default_psh_5pdx.fxc,b587071bef131c53e1c2b6ca3a50d0f2de4a0f78b6912758f7c1afb04e5bfc56,1364,default,5,p,dx,
dx11_default_psh_6p.fxc,bbf8f5d8f26aac4fa2acc1999563a797c77efe702fb2859c881b9a2d466cae09,1396,default,6,p,,
dx11_default_psh_6pd.fxc,9d73ffdefd91ae8af16241e00bd04768b0f50778fc2c88887268d8506a34c347,1592,default,6,p,d,
dx11_default_psh_6pde.fxc,9d73ffdefd91ae8af16241e00bd04768b0f50778fc2c88887268d8506a34c347,1592,default,6,p,de,
dx11_default_psh_6pdes.fxc,9d73ffdefd91ae8af16241e00bd04768b0f50778fc2c88887268d8506a34c347,1592,default,6,p,des,
dx11_default_psh_6pdn.fxc,9d73ffdefd91ae8af16241e00bd04768b0f50778fc2c88887268d8506a34c347,1592,default,6,p,dn,
dx11_default_psh_6pdne.fxc,9d73ffdefd91ae8af16241e00bd04768b0f50778fc2c88887268d8506a34c347,1592,default,6,p,dne,
dx11_default_psh_6pdnes.fxc,9d73ffdefd91ae8af16241e00bd04768b0f50778fc2c88887268d8506a34c347,1592,default,6,p,dnes,
dx11_default_psh_6pdns.fxc,9d73ffdefd91ae8af16241e00bd04768b0f50778fc2c88887268d8506a34c347,1592,default,6,p,dns,
dx11_default_psh_6pds.fxc,9d73ffdefd91ae8af16241e00bd04768b0f50778fc2c88887268d8506a34c347,1592,default,6,p,ds,
dx11_default_psh_6pdt.fxc,9d73ffdefd91ae8af16241e00bd04768b0f50778fc2c88887268d8506a34c347,1592,default,6,p,dt,
dx11_default_psh_6pdte.fxc,9d73ffdefd91ae8af16241e00bd04768b0f50778fc2c88887268d8506a34c347,1592,default,6,p,dte,
dx11_default_psh_6pdtes.fxc,9d73ffdefd91ae8af16241e00bd04768b0f50778fc2c88887268d8506a34c347,1592,default,6,p,dtes,
dx11_default_psh_6pdtn.fxc,9d73ffdefd91ae8af16241e00bd04768b0f50778fc2c88887268d8506a34c347,1592,default,6,p,dtn,
dx11_default_psh_6pdtne.fxc,9d73ffdefd91ae8af16241e00bd04768b0f50778fc2c88887268d8506a34c347,1592,default,6,p,dtne,
dx11_default_psh_6pdtnes.fxc,9d73ffdefd91ae8af16241e00bd04768b0f50778fc2c88887268d8506a34c347,1592,default,6,p,dtnes,
dx11_default_psh_6pdtns.fxc,9d73ffdefd91ae8af16241e00bd04768b0f50778fc2c88887268d8506a34c347,1592,default,6,p,dtns,
dx11_default_psh_6pdts.fxc,9d73ffdefd91ae8af16241e00bd04768b0f50778fc2c88887268d8506a34c347,1592,default,6,p,dts,
dx11_default_psh_7p.fxc,5928c31890775e21e9eed1e0e7827e31307394180c33e1ca6e9f08e0322d1d95,1828,default,7,p,,
dx11_default_psh_7pd.fxc,5928c31890775e21e9eed1e0e7827e31307394180c33e1ca6e9f08e0322d1d95,1828,default,7,p,d,
dx11_default_psh_7pde.fxc,5928c31890775e21e9eed1e0e7827e31307394180c33e1ca6e9f08e0322d1d95,1828,default,7,p,de,
dx11_default_psh_7pdes.fxc,5928c31890775e21e9eed1e0e7827e31307394180c33e1ca6e9f08e0322d1d95,1828,default,7,p,des,
dx11_default_psh_7pdesx.fxc,5928c31890775e21e9eed1e0e7827e31307394180c33e1ca6e9f08e0322d1d95,1828,default,7,p,desx,
dx11_default_psh_7pdex.fxc,5928c31890775e21e9eed1e0e7827e31307394180c33e1ca6e9f08e0322d1d95,1828,default,7,p,dex,
dx11_default_psh_7pdn.fxc,5928c31890775e21e9eed1e0e7827e31307394180c33e1ca6e9f08e0322d1d95,1828,default,7,p,dn,
dx11_default_psh_7pdne.fxc,5928c31890775e21e9eed1e0e7827e31307394180c33e1ca6e9f08e0322d1d95,1828,default,7,p,dne,
dx11_default_psh_7pdnes.fxc,5928c31890775e21e9eed1e0e7827e31307394180c33e1ca6e9f08e0322d1d95,1828,default,7,p,dnes,
dx11_default_psh_7pdnesx.fxc,5928c31890775e21e9eed1e0e7827e31307394180c33e1ca6e9f08e0322d1d95,1828,default,7,p,dnesx,
dx11_default_psh_7pdnex.fxc,5928c31890775e21e9eed1e0e7827e31307394180c33e1ca6e9f08e0322d1d95,1828,default,7,p,dnex,
dx11_default_psh_7pdns.fxc,5928c31890775e21e9eed1e0e7827e31307394180c33e1ca6e9f08e0322d1d95,1828,default,7,p,dns,
dx11_default_psh_7pdnsx.fxc,5928c31890775e21e9eed1e0e7827e31307394180c33e1ca6e9f08e0322d1d95,1828,default,7,p,dnsx,
dx11_default_psh_7pdnx.fxc,5928c31890775e21e9eed1e0e7827e31307394180c33e1ca6e9f08e0322d1d95,1828,default,7,p,dnx,
dx11_default_psh_7pds.fxc,5928c31890775e21e9eed1e0e7827e31307394180c33e1ca6e9f08e0322d1d95,1828,default,7,p,ds,
dx11_default_psh_7pdsx.fxc,5928c31890775e21e9eed1e0e7827e31307394180c33e1ca6e9f08e0322d1d95,1828,default,7,p,dsx,
dx11_default_psh_7pdt.fxc,5928c31890775e21e9eed1e0e7827e31307394180c33e1ca6e9f08e0322d1d95,1828,default,7,p,dt,
dx11_default_psh_7pdte.fxc,5928c31890775e21e9eed1e0e7827e31307394180c33e1ca6e9f08e0322d1d95,1828,default,7,p,dte,
dx11_default_psh_7pdtes.fxc,5928c31890775e21e9eed1e0e7827e31307394180c33e1ca6e9f08e0322d1d95,1828,default,7,p,dtes,
dx11_default_psh_7pdtesx.fxc,5928c31890775e21e9eed1e0e7827e31307394180c33e1ca6e9f08e0322d1d95,1828,default,7,p,dtesx,
dx11_default_psh_7pdtex.fxc,5928c31890775e21e9eed1e0e7827e31307394180c33e1ca6e9f08e0322d1d95,1828,default,7,p,dtex,
dx11_default_psh_7pdtn.fxc,5928c31890775e21e9eed1e0e7827e31307394180c33e1ca6e9f08e0322d1d95,1828,default,7,p,dtn,
dx11_default_psh_7pdtne.fxc,5928c31890775e21e9eed1e0e7827e31307394180c33e1ca6e9f08e0322d1d95,1828,default,7,p,dtne,
dx11_default_psh_7pdtnes.fxc,5928c31890775e21e9eed1e0e7827e31307394180c33e1ca6e9f08e0322d1d95,1828,default,7,p,dtnes,
dx11_default_psh_7pdtnesx.fxc,5928c31890775e21e9eed1e0e7827e31307394180c33e1ca6e9f08e0322d1d95,1828,default,7,p,dtnesx,
dx11_default_psh_7pdtnex.fxc,5928c31890775e21e9eed1e0e7827e31307394180c33e1ca6e9f08e0322d1d95,1828,default,7,p,dtnex,
dx11_default_psh_7pdtns.fxc,5928c31890775e21e9eed1e0e7827e31307394180c33e1ca6e9f08e0322d1d95,1828,default,7,p,dtns,
dx11_default_psh_7pdtnsx.fxc,5928c31890775e21e9eed1e0e7827e31307394180c33e1ca6e9f08e0322d1d95,1828,default,7,p,dtnsx,
dx11_default_psh_7pdtnx.fxc,5928c31890775e21e9eed1e0e7827e31307394180c33e1ca6e9f08e0322d1d95,1828,default,7,p,dtnx,
dx11_default_psh_7pdts.fxc,5928c31890775e21e9eed1e0e7827e31307394180c33e1ca6e9f08e0322d1d95,1828,default,7,p,dts,
dx11_default_psh_7pdtsx.fxc,5928c31890775e21e9eed1e0e7827e31307394180c33e1ca6e9f08e0322d1d95,1828,default,7,p,dtsx,
dx11_default_psh_7pdtx.fxc,5928c31890775e21e9eed1e0e7827e31307394180c33e1ca6e9f08e0322d1d95,1828,default,7,p,dtx,
dx11_default_psh_7pdx.fxc,5928c31890775e21e9eed1e0e7827e31307394180c33e1ca6e9f08e0322d1d95,1828,default,7,p,dx,
dx11_default_vsh_0v.fxc,b6d6b9f94b51002b3a83dd73e1b3eaecbc2291a83bbf231c6ffbfae56466f502,1628,default,0,v,,
dx11_default_vsh_0vc.fxc,e8b20f3abcfd198a22eb12539dffd1582dfeebdce36053b1dd4870cb95e4f6f9,1788,default,0,v,c,
dx11_default_vsh_0vl.fxc,e8b20f3abcfd198a22eb12539dffd1582dfeebdce36053b1dd4870cb95e4f6f9,1788,default,0,v,l,
dx11_default_vsh_0vlc.fxc,e8b20f3abcfd198a22eb12539dffd1582dfeebdce36053b1dd4870cb95e4f6f9,1788,default,0,v,lc,
dx11_default_vsh_0vlo.fxc,e8b20f3abcfd198a22eb12539dffd1582dfeebdce36053b1dd4870cb95e4f6f9,1788,default,0,v,lo,
dx11_default_vsh_0vloc.fxc,e8b20f3abcfd198a22eb12539dffd1582dfeebdce36053b1dd4870cb95e4f6f9,1788,default,0,v,loc,
dx11_default_vsh_0vlz.fxc,96ce46981eb4a7be9beba2afcfb2c64e207bf1a88682a3b3e60b3f2489c3d3a9,2960,default,0,v,lz,
dx11_default_vsh_0vlzc.fxc,96ce46981eb4a7be9beba2afcfb2c64e207bf1a88682a3b3e60b3f2489c3d3a9,2960,default,0,v,lzc,
dx11_default_vsh_0vlzo.fxc,96ce46981eb4a7be9beba2afcfb2c64e207bf1a88682a3b3e60b3f2489c3d3a9,2960,default,0,v,lzo,
dx11_default_vsh_0vlzoc.fxc,96ce46981eb4a7be9beba2afcfb2c64e207bf1a88682a3b3e60b3f2489c3d3a9,2960,default,0,v,lzoc,
dx11_default_vsh_1v.fxc,4f29a0c65327cc0a88c45a9af2900298b4d89377618735760d287c6e462067ad,1696,default,1,v,,
dx11_default_vsh_2v.fxc,b49b2b49d7808693bb5e7658f94e9c419dc0d55c9e1fa291b07aba651ef1b110,1848,default,2,v,,2.2
dx11_default_vsh_2vc.fxc,b1321291689e8c34d63aa9280ad7c11731634bb6d5fccd9a40d8a4f6df6b3f0e,2008,default,2,v,c,2.2
dx11_default_vsh_2vl.fxc,b1321291689e8c34d63aa9280ad7c11731634bb6d5fccd9a40d8a4f6df6b3f0e,2008,default,2,v,l,2.2
dx11_default_vsh_2vlc.fxc,b1321291689e8c34d63aa9280ad7c11731634bb6d5fccd9a40d8a4f6df6b3f0e,2008,default,2,v,lc,2.2
dx11_default_vsh_2vlo.fxc,b1321291689e8c34d63aa9280ad7c11731634bb6d5fccd9a40d8a4f6df6b3f0e,2008,default,2,v,lo,2.2
dx11_default_vsh_2vloc.fxc,b1321291689e8c34d63aa9280ad7c11731634bb6d5fccd9a40d8a4f6df6b3f0e,2008,default,2,v,loc,2.2
dx11_default_vsh_2vlz.fxc,04d8bc92c0cd5c744dbf3d3448e048cce211825f656b634585a1741bcd0a9c0e,3180,default,2,v,lz,2.2
dx11_default_vsh_2vlzc.fxc,04d8bc92c0cd5c744dbf3d3448e048cce211825f656b634585a1741bcd0a9c0e,3180,default,2,v,lzc,2.2
dx11_default_vsh_2vlzo.fxc,04d8bc92c0cd5c744dbf3d3448e048cce211825f656b634585a1741bcd0a9c0e,3180,default,2,v,lzo,2.2
dx11_default_vsh_2vlzoc.fxc,04d8bc92c0cd5c744dbf3d3448e048cce211825f656b634585a1741bcd0a9c0e,3180,default,2,v,lzoc,2.2
dx11_default_vsh_3v.fxc,2b5b2b7417628855f723ffe20df014d5a922d94203b4d85ca81835db313ef33c,1560,default,3,v,,2.2
dx11_default_vsh_3vc.fxc,2b5b2b7417628855f723ffe20df014d5a922d94203b4d85ca81835db313ef33c,1560,default,3,v,c,2.2
dx11_default_vsh_3vl.fxc,2b5b2b7417628855f723ffe20df014d5a922d94203b4d85ca81835db313ef33c,1560,default,3,v,l,2.2
dx11_default_vsh_3vlc.fxc,2b5b2b7417628855f723ffe20df014d5a922d94203b4d85ca81835db313ef33c,1560,default,3,v,lc,2.2
dx11_default_vsh_3vlo.fxc,2b5b2b7417628855f723ffe20df014d5a922d94203b4d85ca81835db313ef33c,1560,default,3,v,lo,2.2
dx11_default_vsh_3vloc.fxc,2b5b2b7417628855f723ffe20df014d5a922d94203b4d85ca81835db313ef33c,1560,default,3,v,loc,2.2
dx11_default_vsh_4v.fxc,7386848ec8983a2a07f3289743f76684deb51cd57653a9348fa5fc969d713115,1536,default,4,v,,2.2
dx11_default_vsh_5v.fxc,bf65cbf28b5a459e83112ee363ed85428c5c86318e52926d10bf46aa4cdcef84,1428,default,5,v,,2.2
dx11_default_vsh_6v.fxc,05896aaf887bc2766aa95ec4334d20a83283f8b3ae3bdbf9a1c8f236970c4939,1636,default,6,v,,2.2
dx11_default_vsh_7v.fxc,5445c10aacecba8c0c7de425b7bfe00aa4f512bac1c65d9112a934fd0e7723d3,1596,default,7,v,,
dx11_terrain_psh_8p.fxc,db29315772b7d0534accb2246a528d9c40234a0a528bcd38914f0a37fd51e4d3,1812,terrain,8,p,,
dx11_terrain_psh_8pde.fxc,2ddd4606b1c10c77ca3919586751cb8f2e346fd35e02baf5314774569f18f991,2168,terrain,8,p,de,
dx11_terrain_psh_8pdea.fxc,197530ae672e65dec382b4448aa91e3e7d2e5614ba09458f857593d16b811a92,3252,terrain,8,p,dea,
dx11_terrain_psh_8pdel.fxc,37184d04cfb2c8f846ddd2c8c6c4b377e8ff5883e4cbdadbc5254c30bcc8e767,4784,terrain,8,p,del,
dx11_terrain_psh_8pdela.fxc,edb08fe03b8a89ec99a46caadd9423ea9ea9c23e4b5d1c43cbb72efa59a74d0b,5872,terrain,8,p,dela,
dx11_terrain_psh_8pdelo.fxc,08a9bd89b2fa3dc996df30fdbcb207cd66de98f2c96704173524aec76eeeeae0,6340,terrain,8,p,delo,
dx11_terrain_psh_8pdeloa.fxc,9c89801747f3aa7f2e4b4235582ae9e4bb73f195c0101acdf7ec03401e28b0d0,7424,terrain,8,p,deloa,
dx11_terrain_psh_8pdelz.fxc,c693252c32948cc195c7c99014f75f15bd0fa38d9211102e384c29d68a517a6e,8136,terrain,8,p,delz,
dx11_terrain_psh_8pdelza.fxc,34825d4817721bd8f5578b8415079a741cb6d80ee147f7a4ccc27e6a9b271b3a,9240,terrain,8,p,delza,
dx11_terrain_psh_8pdelzo.fxc,b80f32607abddde80528eca5e8461784414dffe29dddd34c93cbf65716eab247,9708,terrain,8,p,delzo,
dx11_terrain_psh_8pdelzoa.fxc,42edf1a0cdaed7a4c0869167e8709be4a17983829d37371589a43e2a0c4becc9,10796,terrain,8,p,delzoa,
dx11_terrain_psh_8pdes.fxc,2ddd4606b1c10c77ca3919586751cb8f2e346fd35e02baf5314774569f18f991,2168,terrain,8,p,des,
dx11_terrain_psh_8pdesa.fxc,197530ae672e65dec382b4448aa91e3e7d2e5614ba09458f857593d16b811a92,3252,terrain,8,p,desa,
dx11_terrain_psh_8pdesl.fxc,6582eb63d1cdcdd646deac23c87857941e1d74a972c29ca55e34dd7219169462,4920,terrain,8,p,desl,
dx11_terrain_psh_8pdesla.fxc,f77900baf3496080f079050624735d40c5cdad74b27d94a3013111ac9d094711,6520,terrain,8,p,desla,
dx11_terrain_psh_8pdeslo.fxc,f1e4b9b2cdd6bf3224a95c98ea3a74a4d8af394e77227a43528a2d465148a6bf,6468,terrain,8,p,deslo,
dx11_terrain_psh_8pdesloa.fxc,c6cec53f2e5844cbaa5d130cf1faf2b43405e53517e438f6cfdd75ce43e1f5f6,8068,terrain,8,p,desloa,
dx11_terrain_psh_8pdeslz.fxc,aaae18904b72aa8e88ab8ca444080fea93b5c6bf40374e5bd8693deeb804e70e,8288,terrain,8,p,deslz,
dx11_terrain_psh_8pdeslza.fxc,76583c39ddf0ab4fb279b861b4ddf8ef52af29185f66d6c4a5bac9fd04add474,9892,terrain,8,p,deslza,
dx11_terrain_psh_8pdeslzo.fxc,0f72b8d79d339a9e09054f9c9a3fd9a5d7c8d5e237782898f040823d93ba1d54,9836,terrain,8,p,deslzo,
dx11_terrain_psh_8pdeslzoa.fxc,7cc948ee20b2b7e0611706c1c7cd8a47c00c1042f1fcdc6a54fc81a00c553576,11436,terrain,8,p,deslzoa,
dx11_terrain_psh_8pdne.fxc,2ddd4606b1c10c77ca3919586751cb8f2e346fd35e02baf5314774569f18f991,2168,terrain,8,p,dne,
dx11_terrain_psh_8pdnea.fxc,197530ae672e65dec382b4448aa91e3e7d2e5614ba09458f857593d16b811a92,3252,terrain,8,p,dnea,
dx11_terrain_psh_8pdnel.fxc,10908daf799b0b9e4de0ab487f6379dc1b484a69225d18a0fa9c8c0f24f6c65d,6124,terrain,8,p,dnel,
dx11_terrain_psh_8pdnela.fxc,c01da602237283650cd629c3d78b512d58500a6c9960eefbba0c215dd74783c0,8240,terrain,8,p,dnela,
dx11_terrain_psh_8pdnelo.fxc,9af7a1b7dc8dbf968bd3760493fff504e2c596e6c77c5ab2a76f3310cca5ff52,7668,terrain,8,p,dnelo,
dx11_terrain_psh_8pdneloa.fxc,076bb01cfc65e64497cc09c757ed7f83bdc45ae0834598f5cf264ba579880022,9784,terrain,8,p,dneloa,
dx11_terrain_psh_8pdnelz.fxc,08aa8856e434d6d2974dbd4011ea43ccda566814255da04f09e8d63bb9643555,9492,terrain,8,p,dnelz,
dx11_terrain_psh_8pdnelza.fxc,9a9adaf894fff2298c7cfc1a8f24b310d64f574a0373fe749213664973d1b4f6,11608,terrain,8,p,dnelza,
dx11_terrain_psh_8pdnelzo.fxc,6348fd16202767b8a9e746ebada29d90bbee218393884e4bda46af5c4baa5458,11048,terrain,8,p,dnelzo,
dx11_terrain_psh_8pdnelzoa.fxc,9f963930cf9f3d30dcb9fe4800d06b44d9721acb25a6bf6ee2dc0ac1f429e344,13164,terrain,8,p,dnelzoa,
dx11_terrain_psh_8pdnes.fxc,2ddd4606b1c10c77ca3919586751cb8f2e346fd35e02baf5314774569f18f991,2168,terrain,8,p,dnes,
dx11_terrain_psh_8pdnesa.fxc,197530ae672e65dec382b4448aa91e3e7d2e5614ba09458f857593d16b811a92,3252,terrain,8,p,dnesa,
dx11_terrain_psh_8pdnesl.fxc,ebbab69e50ed628b766151f28cfae5f4abb0722c165c1cac69208941d7554eed,6256,terrain,8,p,dnesl,
dx11_terrain_psh_8pdnesla.fxc,c98f4c6cb3894fc3f7bbae8fa37d318f740cb3342ff5e8a2e54bdb12f7968fac,8888,terrain,8,p,dnesla,
dx11_terrain_psh_8pdneslo.fxc,e5aa15624ac2e77ee9b8516331c18a59b93f9eae142c1ffbbbe6154abf421133,7796,terrain,8,p,dneslo,
dx11_terrain_psh_8pdnesloa.fxc,6f7772049d5b0070a8d9a7c07213c4f6d2ec26a8dcc24438a3963a1745e2f14a,10428,terrain,8,p,dnesloa,
dx11_terrain_psh_8pdneslz.fxc,cfd796f8c9f542fc48d1cbb931ae54d629b36b9583f2a8e32caaf4a6c0c43c70,9628,terrain,8,p,dneslz,
dx11_terrain_psh_8pdneslza.fxc,839230e789637f2215e31ccad04cd7356a6c245f5764ec560d3aebaa4a50aac2,12260,terrain,8,p,dneslza,
dx11_terrain_psh_8pdneslzo.fxc,df36f4de9c3b89ca0b152d47c7d3f3ed431aa690b83a034a58091a147273b0d9,11176,terrain,8,p,dneslzo,
dx11_terrain_psh_8pdneslzoa.fxc,749cea5238e7fb15a23fbbc88c7affd326f305b543c9ee0381de0c22fc546a85,13804,terrain,8,p,dneslzoa,
dx11_terrain_psh_8pdte.fxc,8d5ea0f6142328db3fa2946eb7b44dd6ffc66c410b10b025776c125b240141d8,2108,terrain,8,p,dte,
dx11_terrain_psh_8pdtea.fxc,3a3605fe325f487d70441eb3a457892ab4438d6871ac3042ffc5cbc707d382a7,3192,terrain,8,p,dtea,
dx11_terrain_psh_8pdtel.fxc,b6f41baca30656760d4fbce89040f87ddd84c0872d7a25b936935123c568b4f2,4724,terrain,8,p,dtel,
dx11_terrain_psh_8pdtela.fxc,9f9aefa0185e3c9989a9fa75daf837cc0b5ab62b1a5df8eead16697940b1cb61,5812,terrain,8,p,dtela,
dx11_terrain_psh_8pdtelo.fxc,784c15945e06e6f794313f35666cf43a07a18f4ef7dd1edd30ec9babd798a8c3,6280,terrain,8,p,dtelo,
dx11_terrain_psh_8pdteloa.fxc,ad2c65b9bc648a62c70f1afcc47559f94009c29aa19dabf73dde34a3d0302409,7364,terrain,8,p,dteloa,
dx11_terrain_psh_8pdtelz.fxc,4e7c5b5f458745a7f0b04f29ec89836227b604f3aa24930c613e84b83e6ec469,8076,terrain,8,p,dtelz,
dx11_terrain_psh_8pdtelza.fxc,700409554b5f7b0bfa7d7082403e067f758051ed4600da8a49d67596bfe59b68,9180,terrain,8,p,dtelza,
dx11_terrain_psh_8pdtelzo.fxc,0355fa51bc5ca8b0acd122616777446d4802d0ac3eb002165967c70058065023,9648,terrain,8,p,dtelzo,
dx11_terrain_psh_8pdtelzoa.fxc,cc667d54ec6848c1bbc44561834df00129a5169e1d2c200d15a4862454c54129,10736,terrain,8,p,dtelzoa,
dx11_terrain_psh_8pdtes.fxc,8d5ea0f6142328db3fa2946eb7b44dd6ffc66c410b10b025776c125b240141d8,2108,terrain,8,p,dtes,
dx11_terrain_psh_8pdtesa.fxc,3a3605fe325f487d70441eb3a457892ab4438d6871ac3042ffc5cbc707d382a7,3192,terrain,8,p,dtesa,
dx11_terrain_psh_8pdtesl.fxc,5569524ba90659151aa9be58d0c18e06536872ae951507a80f2e16e350db68db,4860,terrain,8,p,dtesl,
dx11_terrain_psh_8pdtesla.fxc,812931f9bfdc97323a1373c6c50ad81856b5552c14816565902f3bb7eede6f47,6460,terrain,8,p,dtesla,
dx11_terrain_psh_8pdteslo.fxc,dab91d548bfcf650b6bb3c07d15917dab24c74916cab2a8012a360a8b79c7413,6408,terrain,8,p,dteslo,
dx11_terrain_psh_8pdtesloa.fxc,9beaa51801fb1e9c3378ff74221e99e3f51ac0acd3a036d70e7e28a4cbde033f,8008,terrain,8,p,dtesloa,
dx11_terrain_psh_8pdteslz.fxc,7fb1b33364c85db2c2f2962d2c7c91b331434fc8381387de2ae15acea60dfd2d,8228,terrain,8,p,dteslz,
dx11_terrain_psh_8pdteslza.fxc,54c7e69f622223ebce57f624b2726f8c25530a4bb49fc9ebfb82c1411e0fc355,9832,terrain,8,p,dteslza,
dx11_terrain_psh_8pdteslzo.fxc,136ee4505a2cc8306607af35e70d3e6d0f1502b6a923df2754fd8faefb7a3e23,9776,terrain,8,p,dteslzo,
dx11_terrain_psh_8pdteslzoa.fxc,20db2658ccf15cea054df19093e23c6c8df8cc880c1ae06eeb096b916d0f6c0c,11376,terrain,8,p,dteslzoa,
dx11_terrain_psh_8pdtne.fxc,8d5ea0f6142328db3fa2946eb7b44dd6ffc66c410b10b025776c125b240141d8,2108,terrain,8,p,dtne,
dx11_terrain_psh_8pdtnea.fxc,3a3605fe325f487d70441eb3a457892ab4438d6871ac3042ffc5cbc707d382a7,3192,terrain,8,p,dtnea,
dx11_terrain_psh_8pdtnel.fxc,8025193d681293f54e0bbf43692db5f0f7c6f443302173fc4ccca306fecd47ad,6064,terrain,8,p,dtnel,
dx11_terrain_psh_8pdtnela.fxc,4e7884ba222047043e8102c19a0aaafaad479e05c7149357408f7f0c1777b7c7,8180,terrain,8,p,dtnela,
dx11_terrain_psh_8pdtnelo.fxc,3193ba0b617a035a5549d71befb07f898a0bba21f00269ddfc31b98426bb7f55,7608,terrain,8,p,dtnelo,
dx11_terrain_psh_8pdtneloa.fxc,d3b75637b56b6d2bcdab4c42dfdc2fb490f027a034ebb697779f04eb248a0c77,9724,terrain,8,p,dtneloa,
dx11_terrain_psh_8pdtnelz.fxc,9a8fd7e0f7fb31bf51a7168186c8a1c407a256f8a97af4a509ff148950ee2f12,9432,terrain,8,p,dtnelz,
dx11_terrain_psh_8pdtnelza.fxc,90670ecc5b81304a36dca2db5304861deea15b25090d42db543652ada2f47ad0,11548,terrain,8,p,dtnelza,
dx11_terrain_psh_8pdtnelzo.fxc,6919621f1e7e357b009918046201506cf6e5ce19e8721cb6f89b061ddf4d45c9,10988,terrain,8,p,dtnelzo,
dx11_terrain_psh_8pdtnelzoa.fxc,3856f219a1b8a2da1236c6d0be43c63d20e5524b48c652af8dfb52bab9ab47a4,13104,terrain,8,p,dtnelzoa,
dx11_terrain_psh_8pdtnes.fxc,8d5ea0f6142328db3fa2946eb7b44dd6ffc66c410b10b025776c125b240141d8,2108,terrain,8,p,dtnes,
dx11_terrain_psh_8pdtnesa.fxc,3a3605fe325f487d70441eb3a457892ab4438d6871ac3042ffc5cbc707d382a7,3192,terrain,8,p,dtnesa,
dx11_terrain_psh_8pdtnesl.fxc,b0e186e0ecf1f3c46d8551344b5e69123f197d6e3049e1cd4158e05a53aebe6c,6196,terrain,8,p,dtnesl,
dx11_terrain_psh_8pdtnesla.fxc,fb169bb35dc0955da98faad665abfec5b9865ba2b681cf128ec3027b64956892,8828,terrain,8,p,dtnesla,
dx11_terrain_psh_8pdtneslo.fxc,30dfaaae8467ffef2e74e07cfbcd33c4865f10bbae61a58aa9b7b6fb8946fb9b,7736,terrain,8,p,dtneslo,
dx11_terrain_psh_8pdtnesloa.fxc,1bc2f58cf6119fbe2a6a3af9a31479bd86620097c6c01fbf12e48ac927761c03,10368,terrain,8,p,dtnesloa,
dx11_terrain_psh_8pdtneslz.fxc,a2d37c39e7a72e172166dad357b096f952e7ae64be88725e48e7003bfdb69451,9568,terrain,8,p,dtneslz,
dx11_terrain_psh_8pdtneslza.fxc,1a13b2045f61b11e198cd0b4be02bb1188d886d8879db8dbc6550f66f1a8e773,12200,terrain,8,p,dtneslza,
dx11_terrain_psh_8pdtneslzo.fxc,262c405a157569d7ef890a6d7a3dd10cf77a72decba855b22c04ce555988c4e6,11116,terrain,8,p,dtneslzo,
dx11_terrain_psh_8pdtneslzoa.fxc,ffa98650595d45afd4b35325bda2e60470592998f563725360d1a5394f8e7aa2,13744,terrain,8,p,dtneslzoa,
dx11_terrain_vsh_8v.fxc,a37ff003d4292f8daafc2d527ab00eb7e1ad6e63883f32055880d85681a2476a,1872,terrain,8,v,,2.2
dx11_terrain_vsh_8va.fxc,052481d790037eedf895322cac1f5da6565b483643b95a99ebd130309915a001,2084,terrain,8,v,a,2.2
dx11_terrain_vsh_8vl.fxc,5ec28987500a3fd6be0b5bf5be31e8107946c2766ef8ca6bdf9fa90a3a368d30,2032,terrain,8,v,l,2.2
dx11_terrain_vsh_8vla.fxc,ee6401d26adf0bcfc5b4f207bd1b0047490da6ce8e8e8fb29a2f6b963835c400,2244,terrain,8,v,la,2.2
dx11_terrain_vsh_8vlo.fxc,5ec28987500a3fd6be0b5bf5be31e8107946c2766ef8ca6bdf9fa90a3a368d30,2032,terrain,8,v,lo,2.2
dx11_terrain_vsh_8vloa.fxc,ee6401d26adf0bcfc5b4f207bd1b0047490da6ce8e8e8fb29a2f6b963835c400,2244,terrain,8,v,loa,2.2
dx11_terrain_vsh_8vlz.fxc,3bd2684122efbd29a09970afa21e9918e90d506eb3566d6cdbd748f62de550f8,3204,terrain,8,v,lz,2.2
dx11_terrain_vsh_8vlza.fxc,1b35f67e470979a91bfd65498eeed273f90f16a9c821506651424c30817201d1,3420,terrain,8,v,lza,2.2
dx11_terrain_vsh_8vlzo.fxc,3bd2684122efbd29a09970afa21e9918e90d506eb3566d6cdbd748f62de550f8,3204,terrain,8,v,lzo,2.2
dx11_terrain_vsh_8vlzoa.fxc,1b35f67e470979a91bfd65498eeed273f90f16a9c821506651424c30817201d1,3420,terrain,8,v,lzoa,2.2
dx11_water_psh_0pde.fxc,ee9f1bf8bac4b8890893dd832a7b0bd3b6b7d5f2eedb7098c239ac9536630f99,3728,water,0,p,de,
dx11_water_psh_0pdea.fxc,0db8fb341192a63c6165836eb299e91a97b9de0b63cdf2efba1facbecaf5ca5f,4224,water,0,p,dea,
dx11_water_psh_0pdel.fxc,e72d3474e51641b4a8f10f2d65fd59bd8c40fee95fcdaf3f215897d9c1be076d,6208,water,0,p,del,
dx11_water_psh_0pdela.fxc,135a547f3ea24903a510570ce82521336b3c2356b03672c7d9ac2debfce32bbb,6708,water,0,p,dela,
dx11_water_psh_0pdelo.fxc,7d822116915fac80359c6e56a2a48e4db3106caa308579a2fec77e257e8db64c,7176,water,0,p,delo,
dx11_water_psh_0pdeloa.fxc,9d89bd41dd195e39ab2087b2cdab5cc641ad90ebd7f0312f213bd6c93f905918,7684,water,0,p,deloa,
dx11_water_psh_0pdelz.fxc,a519b3072362aa479473baa2a625cddb65200c5b3fd63655e2ac64dc8085fa39,9576,water,0,p,delz,
dx11_water_psh_0pdelza.fxc,4b573f01fae3de632cf6662c1937b31093830503541a3485e7251fd0a15036d7,10076,water,0,p,delza,
dx11_water_psh_0pdelzo.fxc,bfeab7c0ec608d7bcb70f6dd162da277e5ef7e2fc557ea0811fdfe5460ee2412,10552,water,0,p,delzo,
dx11_water_psh_0pdelzoa.fxc,f800e9b7dfc1f111d3599f4b3c5db20eb189043973b2e2819d898e17eef1173d,11052,water,0,p,delzoa,
dx11_water_psh_0pdes.fxc,f60be00318e8c27dcd194a066d33cc6896fc9817dafd4c1f6e5293f788322287,3852,water,0,p,des,
dx11_water_psh_0pdesa.fxc,a8ad71367104f34e627a50338c3e404c6412d8d4e1b5a3017a5a6477d456fb2c,4524,water,0,p,desa,
dx11_water_psh_0pdesl.fxc,4f593d46575689a77dcf24a46f1f832097bb89d49bf12ab6dfe45f2b9e3d40fd,6336,water,0,p,desl,
dx11_water_psh_0pdesla.fxc,5ef20838315d624f7ebf70cda49c77dbafb02d8d043e406613996ce6b69c4b5b,7036,water,0,p,desla,
dx11_water_psh_0pdeslo.fxc,3d131de151b9e5a45bd4e8a2a0e6e00fc2b9eacea9dd049a173662f3d32e472b,7304,water,0,p,deslo,
dx11_water_psh_0pdesloa.fxc,018811f7a4361ec91c04e0f47611dd57c4ee3079ee58dc43435ff69c82fd1ba1,8012,water,0,p,desloa,
dx11_water_psh_0pdeslz.fxc,4ec550dd7d713e76d560c69a31799815cdbb1c37966592c5feea2b9c2a0b816b,9704,water,0,p,deslz,
dx11_water_psh_0pdeslza.fxc,1d36bb2f05895abdf375ddcc19d6c36a750370ccb224e8eee0ca2d29e21723ce,10408,water,0,p,deslza,
dx11_water_psh_0pdeslzo.fxc,6813e25476348359e633591584b864195f59522e29436e4ca38171884ff6d34a,10680,water,0,p,deslzo,
dx11_water_psh_0pdeslzoa.fxc,2016b2f4ba52124718788bae94e5ac204f0fcc034fefd8ed2e356303db9f0aca,11384,water,0,p,deslzoa,
dx11_water_psh_0pdne.fxc,a4fde7b0b74c72f3fa32e33696db8d7224c3c8a99e150dc8d3c185d3bff73dc3,5080,water,0,p,dne,
dx11_water_psh_0pdnea.fxc,fde6c2e0049adba5c4fb832f073c2f146a5a637ac9e777190bce12fc92cfe21f,5952,water,0,p,dnea,
dx11_water_psh_0pdnel.fxc,775e857674d54b806f7836615e901f6697fa140cca90b79d2b700e5e6c5c95ed,7764,water,0,p,dnel,
dx11_water_psh_0pdnela.fxc,53b759a1c9cc9d9d036f50bb1ffea02c0a05f98523ef8fc16c4599e56789efae,8640,water,0,p,dnela,
dx11_water_psh_0pdnelo.fxc,cca8eeb95b4e6ea3192bfbd8dd15325756958585cdf9b1dfa8feb07c18507818,8740,water,0,p,dnelo,
dx11_water_psh_0pdneloa.fxc,3adcc4766cc91028136c3b14329ef4442bd2c25cf4cfd25cc625b27b9c3b5b76,9616,water,0,p,dneloa,
dx11_water_psh_0pdnelz.fxc,6d84e479df435561f7edf84e1376de9697949b4d03f899a1e4795f919fb3f61d,11136,water,0,p,dnelz,
dx11_water_psh_0pdnelza.fxc,79abe02410db7839da5b933bbdb422c47572b51eaa07c3abfd4f58c72c809949,12008,water,0,p,dnelza,
dx11_water_psh_0pdnelzo.fxc,bf8ee45c9091827042bbc9000856a187bd1d77eae1cba80db92a08c661797aba,12112,water,0,p,dnelzo,
dx11_water_psh_0pdnelzoa.fxc,009590fe3964d032101ecdb92154916c6e0b7d9fc3d1b59ce5b8fc2c184708fa,12984,water,0,p,dnelzoa,
dx11_water_psh_0pdnes.fxc,88d6f351dbe33321ee121e6ea58fd44ee032182827ad808d240217a12a4b6a3d,5208,water,0,p,dnes,
dx11_water_psh_0pdnesa.fxc,aa95d840eb7e3c26da09cf24ad43adc995e44e6e273af302f99fdb402ea2b490,6252,water,0,p,dnesa,
dx11_water_psh_0pdnesl.fxc,5649edee47237be96047a1a0bd781530388e571aa451206580de68e4ea3038c0,7892,water,0,p,dnesl,
dx11_water_psh_0pdnesla.fxc,158b73b6ae21d9b67f432b0b024ef489698f7e58a04c3ea90d0917571501b782,8936,water,0,p,dnesla,
dx11_water_psh_0pdneslo.fxc,2792bb6a58950e1db54bf595bb70c21d382216b0053591aa7f3271004a2fb075,8868,water,0,p,dneslo,
dx11_water_psh_0pdnesloa.fxc,7f9cd331fe3efb9ca4dcae6c776f0b252b04e0d8b2a608fa1ab099de262a0191,9912,water,0,p,dnesloa,
dx11_water_psh_0pdneslz.fxc,0e8aaefbb4dd0eab706b2e7d8c6de60f472ed68ce9193c0a06fbc49dd3b7dea4,11264,water,0,p,dneslz,
dx11_water_psh_0pdneslza.fxc,36b55249b5ac18ed3208f2fc28bf19bb952623683e555909936030d2efe6b3ff,12308,water,0,p,dneslza,
dx11_water_psh_0pdneslzo.fxc,4c01d12912bff4ad63e84bda1d8f97d29642619156bea0d27a1cb49fc0e8ba83,12240,water,0,p,dneslzo,
dx11_water_psh_0pdneslzoa.fxc,127018e1b3dd2f541c12386be5701c7fd34a3146c31f47f0220cffa8ba01e1f5,13284,water,0,p,dneslzoa,
dx11_water_vsh_0v.fxc,e8b20f3abcfd198a22eb12539dffd1582dfeebdce36053b1dd4870cb95e4f6f9,1788,water,0,v,,
dx11_water_vsh_0va.fxc,e8b20f3abcfd198a22eb12539dffd1582dfeebdce36053b1dd4870cb95e4f6f9,1788,water,0,v,a,
dx11_water_vsh_0vl.fxc,e8b20f3abcfd198a22eb12539dffd1582dfeebdce36053b1dd4870cb95e4f6f9,1788,water,0,v,l,
dx11_water_vsh_0vla.fxc,e8b20f3abcfd198a22eb12539dffd1582dfeebdce36053b1dd4870cb95e4f6f9,1788,water,0,v,la,
dx11_water_vsh_0vlo.fxc,e8b20f3abcfd198a22eb12539dffd1582dfeebdce36053b1dd4870cb95e4f6f9,1788,water,0,v,lo,
dx11_water_vsh_0vloa.fxc,e8b20f3abcfd198a22eb12539dffd1582dfeebdce36053b1dd4870cb95e4f6f9,1788,water,0,v,loa,
dx11_water_vsh_0vlz.fxc,96ce46981eb4a7be9beba2afcfb2c64e207bf1a88682a3b3e60b3f2489c3d3a9,2960,water,0,v,lz,
dx11_water_vsh_0vlza.fxc,96ce46981eb4a7be9beba2afcfb2c64e207bf1a88682a3b3e60b3f2489c3d3a9,2960,water,0,v,lza,
dx11_water_vsh_0vlzo.fxc,96ce46981eb4a7be9beba2afcfb2c64e207bf1a88682a3b3e60b3f2489c3d3a9,2960,water,0,v,lzo,
dx11_water_vsh_0vlzoa.fxc,96ce46981eb4a7be9beba2afcfb2c64e207bf1a88682a3b3e60b3f2489c3d3a9,2960,water,0,v,lzoa,
